Date	Close	High	Low	Open	Volume
	AFL	AFL	AFL	AFL	AFL
1980-03-17	0.06	0.06	0.06	0.06	1243440
1980-03-18	0.06	0.06	0.06	0.06	1021680
1980-03-19	0.06	0.06	0.06	0.06	546480
1980-03-20	0.05	0.06	0.05	0.06	1671120
1980-03-21	0.05	0.05	0.05	0.05	2890800
1980-03-24	0.05	0.05	0.05	0.05	3453120
1980-03-25	0.05	0.05	0.05	0.05	4577760
1980-03-26	0.05	0.05	0.05	0.05	1940400
1980-03-27	0.05	0.05	0.05	0.05	966240
1980-03-28	0.05	0.05	0.05	0.05	609840
1980-03-31	0.05	0.05	0.05	0.05	657360
1980-04-01	0.05	0.05	0.05	0.05	1441440
1980-04-02	0.05	0.05	0.05	0.05	403920
1980-04-03	0.05	0.05	0.05	0.05	142560
1980-04-07	0.05	0.05	0.05	0.05	657360
1980-04-08	0.05	0.05	0.05	0.05	934560
1980-04-09	0.05	0.05	0.05	0.05	1172160
1980-04-10	0.05	0.05	0.05	0.05	443520
1980-04-11	0.05	0.05	0.05	0.05	2312640
1980-04-14	0.05	0.05	0.05	0.05	863280
1980-04-15	0.05	0.05	0.05	0.05	475200
1980-04-16	0.05	0.05	0.05	0.05	657360
1980-04-17	0.05	0.05	0.05	0.05	245520
1980-04-18	0.05	0.05	0.05	0.05	300960
1980-04-21	0.05	0.05	0.05	0.05	720720
1980-04-22	0.05	0.05	0.05	0.05	752400
1980-04-23	0.05	0.06	0.05	0.05	1219680
1980-04-24	0.05	0.05	0.05	0.05	332640
1980-04-25	0.05	0.05	0.05	0.05	720720
1980-04-28	0.05	0.05	0.05	0.05	3049200
1980-04-29	0.05	0.05	0.05	0.05	879120
1980-04-30	0.05	0.05	0.05	0.05	1251360
1980-05-01	0.05	0.05	0.05	0.05	831600
1980-05-02	0.05	0.05	0.05	0.05	1053360
1980-05-05	0.05	0.05	0.05	0.05	871200
1980-05-06	0.05	0.05	0.05	0.05	736560
1980-05-07	0.05	0.05	0.05	0.05	1211760
1980-05-08	0.05	0.05	0.05	0.05	1734480
1980-05-09	0.05	0.05	0.05	0.05	396000
1980-05-12	0.05	0.05	0.05	0.05	419760
1980-05-13	0.05	0.05	0.04	0.05	1362240
1980-05-14	0.05	0.05	0.05	0.05	1188000
1980-05-15	0.05	0.05	0.05	0.05	990000
1980-05-16	0.05	0.05	0.05	0.05	1306800
1980-05-19	0.04	0.05	0.04	0.05	4158000
1980-05-20	0.05	0.05	0.04	0.04	3286800
1980-05-21	0.04	0.05	0.04	0.05	974160
1980-05-22	0.04	0.05	0.04	0.04	1314720
1980-05-23	0.05	0.05	0.05	0.05	3183840
1980-05-27	0.05	0.05	0.05	0.05	1584000
1980-05-28	0.05	0.05	0.05	0.05	997920
1980-05-29	0.05	0.05	0.05	0.05	2463120
1980-05-30	0.05	0.05	0.05	0.05	538560
1980-06-02	0.05	0.05	0.05	0.05	990000
1980-06-03	0.05	0.05	0.05	0.05	863280
1980-06-04	0.05	0.05	0.05	0.05	1013760
1980-06-05	0.05	0.05	0.05	0.05	1108800
1980-06-06	0.05	0.05	0.05	0.05	784080
1980-06-09	0.05	0.05	0.05	0.05	1338480
1980-06-10	0.05	0.05	0.05	0.05	1362240
1980-06-11	0.05	0.05	0.05	0.05	1108800
1980-06-12	0.05	0.05	0.05	0.05	1877040
1980-06-13	0.05	0.05	0.05	0.05	1005840
1980-06-16	0.05	0.05	0.05	0.05	1132560
1980-06-17	0.05	0.05	0.05	0.05	570240
1980-06-18	0.05	0.05	0.05	0.05	831600
1980-06-19	0.05	0.05	0.05	0.05	530640
1980-06-20	0.05	0.05	0.05	0.05	831600
1980-06-23	0.05	0.05	0.05	0.05	2114640
1980-06-24	0.05	0.05	0.05	0.05	578160
1980-06-25	0.05	0.05	0.05	0.05	1560240
1980-06-26	0.05	0.05	0.05	0.05	799920
1980-06-27	0.05	0.05	0.05	0.05	966240
1980-06-30	0.05	0.05	0.05	0.05	633600
1980-07-01	0.05	0.05	0.05	0.05	918720
1980-07-02	0.05	0.05	0.05	0.05	744480
1980-07-03	0.05	0.05	0.05	0.05	894960
1980-07-07	0.05	0.05	0.05	0.05	934560
1980-07-08	0.05	0.05	0.05	0.05	498960
1980-07-09	0.05	0.05	0.05	0.05	649440
1980-07-10	0.05	0.05	0.05	0.05	1512720
1980-07-11	0.05	0.05	0.05	0.05	1100880
1980-07-14	0.05	0.05	0.05	0.05	1188000
1980-07-15	0.05	0.05	0.05	0.05	1116720
1980-07-16	0.05	0.05	0.05	0.05	982080
1980-07-17	0.05	0.05	0.05	0.05	498960
1980-07-18	0.05	0.05	0.05	0.05	1663200
1980-07-21	0.05	0.05	0.05	0.05	1203840
1980-07-22	0.05	0.05	0.05	0.05	894960
1980-07-23	0.05	0.05	0.05	0.05	1734480
1980-07-24	0.05	0.05	0.05	0.05	942480
1980-07-25	0.05	0.05	0.05	0.05	894960
1980-07-28	0.05	0.05	0.05	0.05	2106720
1980-07-29	0.05	0.05	0.05	0.05	887040
1980-07-30	0.05	0.05	0.05	0.05	728640
1980-07-31	0.05	0.05	0.05	0.05	942480
1980-08-01	0.05	0.05	0.05	0.05	728640
1980-08-04	0.05	0.05	0.05	0.05	4007520
1980-08-05	0.05	0.05	0.05	0.05	1441440
1980-08-06	0.05	0.05	0.05	0.05	586080
1980-08-07	0.05	0.05	0.05	0.05	894960
1980-08-08	0.05	0.05	0.05	0.05	1702800
1980-08-11	0.05	0.05	0.05	0.05	1116720
1980-08-12	0.05	0.05	0.05	0.05	696960
1980-08-13	0.05	0.05	0.05	0.05	744480
1980-08-14	0.05	0.05	0.05	0.05	974160
1980-08-15	0.05	0.05	0.05	0.05	815760
1980-08-18	0.05	0.05	0.05	0.05	1742400
1980-08-19	0.05	0.05	0.05	0.05	570240
1980-08-20	0.05	0.05	0.05	0.05	554400
1980-08-21	0.05	0.05	0.05	0.05	491040
1980-08-22	0.05	0.05	0.05	0.05	2257200
1980-08-25	0.05	0.05	0.05	0.05	1156320
1980-08-26	0.05	0.05	0.05	0.05	784080
1980-08-27	0.05	0.05	0.05	0.05	538560
1980-08-28	0.05	0.05	0.05	0.05	1259280
1980-08-29	0.05	0.05	0.05	0.05	633600
1980-09-02	0.05	0.05	0.05	0.05	601920
1980-09-03	0.05	0.05	0.05	0.05	760320
1980-09-04	0.05	0.05	0.05	0.05	990000
1980-09-05	0.05	0.05	0.05	0.05	506880
1980-09-08	0.05	0.05	0.05	0.05	657360
1980-09-09	0.05	0.05	0.05	0.05	863280
1980-09-10	0.05	0.05	0.05	0.05	601920
1980-09-11	0.05	0.05	0.05	0.05	245520
1980-09-12	0.05	0.05	0.05	0.05	483120
1980-09-15	0.05	0.05	0.05	0.05	514800
1980-09-16	0.05	0.05	0.05	0.05	649440
1980-09-17	0.05	0.05	0.05	0.05	784080
1980-09-18	0.05	0.05	0.05	0.05	681120
1980-09-19	0.05	0.05	0.05	0.05	1148400
1980-09-22	0.05	0.05	0.05	0.05	475200
1980-09-23	0.05	0.05	0.05	0.05	1108800
1980-09-24	0.05	0.05	0.05	0.05	863280
1980-09-25	0.05	0.05	0.05	0.05	855360
1980-09-26	0.05	0.05	0.05	0.05	514800
1980-09-29	0.05	0.05	0.05	0.05	823680
1980-09-30	0.05	0.05	0.05	0.05	459360
1980-10-01	0.05	0.05	0.05	0.05	609840
1980-10-02	0.05	0.05	0.05	0.05	277200
1980-10-03	0.05	0.05	0.05	0.05	498960
1980-10-06	0.05	0.05	0.05	0.05	1053360
1980-10-07	0.05	0.05	0.05	0.05	926640
1980-10-08	0.05	0.05	0.05	0.05	760320
1980-10-09	0.05	0.05	0.05	0.05	1211760
1980-10-10	0.05	0.05	0.05	0.05	720720
1980-10-13	0.05	0.05	0.05	0.05	1132560
1980-10-14	0.05	0.05	0.05	0.05	578160
1980-10-15	0.05	0.05	0.05	0.05	594000
1980-10-16	0.05	0.05	0.05	0.05	879120
1980-10-17	0.05	0.05	0.05	0.05	2859120
1980-10-20	0.05	0.05	0.05	0.05	1346400
1980-10-21	0.05	0.05	0.05	0.05	1180080
1980-10-22	0.05	0.05	0.05	0.05	3532320
1980-10-23	0.05	0.05	0.05	0.05	1021680
1980-10-24	0.05	0.05	0.05	0.05	1108800
1980-10-27	0.05	0.05	0.05	0.05	324720
1980-10-28	0.05	0.05	0.05	0.05	649440
1980-10-29	0.05	0.05	0.05	0.05	372240
1980-10-30	0.05	0.05	0.05	0.05	942480
1980-10-31	0.04	0.05	0.04	0.05	1077120
1980-11-03	0.05	0.05	0.04	0.04	411840
1980-11-05	0.05	0.05	0.04	0.05	942480
1980-11-06	0.05	0.05	0.05	0.05	807840
1980-11-07	0.04	0.05	0.04	0.05	1362240
1980-11-10	0.04	0.04	0.04	0.04	1623600
1980-11-11	0.05	0.05	0.04	0.04	744480
1980-11-12	0.05	0.05	0.05	0.05	641520
1980-11-13	0.05	0.05	0.05	0.05	752400
1980-11-14	0.05	0.05	0.05	0.05	1869120
1980-11-17	0.05	0.05	0.05	0.05	1378080
1980-11-18	0.05	0.05	0.05	0.05	1671120
1980-11-19	0.05	0.05	0.05	0.05	1473120
1980-11-20	0.05	0.05	0.05	0.05	1702800
1980-11-21	0.05	0.05	0.05	0.05	894960
1980-11-24	0.05	0.05	0.04	0.05	1306800
1980-11-25	0.05	0.05	0.04	0.05	894960
1980-11-26	0.04	0.05	0.04	0.05	1473120
1980-11-28	0.04	0.05	0.04	0.04	514800
1980-12-01	0.04	0.05	0.04	0.04	1568160
1980-12-02	0.04	0.04	0.04	0.04	1069200
1980-12-03	0.04	0.04	0.04	0.04	855360
1980-12-04	0.05	0.05	0.04	0.04	1108800
1980-12-05	0.05	0.05	0.05	0.05	990000
1980-12-08	0.04	0.05	0.04	0.05	1338480
1980-12-09	0.04	0.05	0.04	0.04	894960
1980-12-10	0.04	0.05	0.04	0.04	776160
1980-12-11	0.05	0.05	0.04	0.04	1734480
1980-12-12	0.04	0.05	0.04	0.05	1188000
1980-12-15	0.05	0.05	0.05	0.05	2843280
1980-12-16	0.05	0.05	0.04	0.05	1116720
1980-12-17	0.04	0.05	0.04	0.05	2249280
1980-12-18	0.04	0.05	0.04	0.04	2035440
1980-12-19	0.04	0.05	0.04	0.04	1972080
1980-12-22	0.04	0.05	0.04	0.04	1544400
1980-12-23	0.04	0.05	0.04	0.04	1100880
1980-12-24	0.04	0.05	0.04	0.04	823680
1980-12-26	0.05	0.05	0.04	0.04	443520
1980-12-29	0.05	0.05	0.04	0.05	2185920
1980-12-30	0.04	0.05	0.04	0.05	1457280
1980-12-31	0.05	0.05	0.04	0.04	1789920
1981-01-02	0.05	0.05	0.05	0.05	1655280
1981-01-05	0.05	0.05	0.05	0.05	1251360
1981-01-06	0.05	0.05	0.05	0.05	1710720
1981-01-07	0.05	0.05	0.05	0.05	2756160
1981-01-08	0.05	0.05	0.05	0.05	1314720
1981-01-09	0.05	0.05	0.05	0.05	926640
1981-01-12	0.05	0.05	0.05	0.05	1417680
1981-01-13	0.05	0.05	0.05	0.05	601920
1981-01-14	0.05	0.05	0.05	0.05	498960
1981-01-15	0.05	0.05	0.05	0.05	316800
1981-01-16	0.05	0.05	0.05	0.05	823680
1981-01-19	0.05	0.05	0.05	0.05	871200
1981-01-20	0.05	0.05	0.05	0.05	894960
1981-01-21	0.05	0.05	0.05	0.05	538560
1981-01-22	0.05	0.05	0.05	0.05	443520
1981-01-23	0.05	0.05	0.05	0.05	396000
1981-01-26	0.05	0.05	0.05	0.05	332640
1981-01-27	0.05	0.05	0.05	0.05	728640
1981-01-28	0.05	0.05	0.05	0.05	380160
1981-01-29	0.05	0.05	0.05	0.05	277200
1981-01-30	0.05	0.05	0.05	0.05	308880
1981-02-02	0.05	0.05	0.05	0.05	435600
1981-02-03	0.05	0.05	0.05	0.05	63360
1981-02-04	0.05	0.05	0.05	0.05	190080
1981-02-05	0.05	0.05	0.05	0.05	538560
1981-02-06	0.05	0.05	0.05	0.05	403920
1981-02-09	0.05	0.05	0.05	0.05	498960
1981-02-10	0.05	0.05	0.05	0.05	1877040
1981-02-11	0.05	0.05	0.05	0.05	649440
1981-02-12	0.05	0.05	0.05	0.05	435600
1981-02-13	0.05	0.05	0.05	0.05	823680
1981-02-17	0.05	0.05	0.05	0.05	792000
1981-02-18	0.05	0.05	0.05	0.05	380160
1981-02-19	0.05	0.05	0.05	0.05	1401840
1981-02-20	0.05	0.05	0.05	0.05	1061280
1981-02-23	0.05	0.05	0.05	0.05	396000
1981-02-24	0.05	0.05	0.05	0.05	142560
1981-02-25	0.05	0.05	0.05	0.05	498960
1981-02-26	0.05	0.05	0.05	0.05	1108800
1981-02-27	0.05	0.05	0.05	0.05	562320
1981-03-02	0.05	0.05	0.05	0.05	419760
1981-03-03	0.05	0.05	0.05	0.05	522720
1981-03-04	0.05	0.05	0.05	0.05	538560
1981-03-05	0.05	0.05	0.05	0.05	467280
1981-03-06	0.05	0.05	0.05	0.05	443520
1981-03-09	0.05	0.05	0.05	0.05	435600
1981-03-10	0.05	0.05	0.05	0.05	237600
1981-03-11	0.05	0.05	0.05	0.05	3001680
1981-03-12	0.05	0.05	0.05	0.05	3952080
1981-03-13	0.05	0.05	0.05	0.05	1393920
1981-03-16	0.05	0.05	0.05	0.05	1924560
1981-03-17	0.05	0.05	0.05	0.05	792000
1981-03-18	0.05	0.05	0.05	0.05	673200
1981-03-19	0.05	0.05	0.05	0.05	1932480
1981-03-20	0.05	0.05	0.05	0.05	1742400
1981-03-23	0.05	0.05	0.05	0.05	1061280
1981-03-24	0.05	0.05	0.05	0.05	1045440
1981-03-25	0.05	0.05	0.05	0.05	506880
1981-03-26	0.05	0.05	0.05	0.05	293040
1981-03-27	0.05	0.05	0.05	0.05	372240
1981-03-30	0.05	0.05	0.05	0.05	158400
1981-03-31	0.05	0.05	0.05	0.05	696960
1981-04-01	0.05	0.05	0.05	0.05	443520
1981-04-02	0.05	0.05	0.05	0.05	1069200
1981-04-03	0.05	0.05	0.05	0.05	831600
1981-04-06	0.05	0.05	0.05	0.05	617760
1981-04-07	0.05	0.05	0.05	0.05	491040
1981-04-08	0.05	0.05	0.05	0.05	601920
1981-04-09	0.05	0.05	0.05	0.05	364320
1981-04-10	0.05	0.05	0.05	0.05	855360
1981-04-13	0.05	0.05	0.05	0.05	1053360
1981-04-14	0.05	0.05	0.05	0.05	1100880
1981-04-15	0.05	0.05	0.05	0.05	324720
1981-04-16	0.05	0.05	0.05	0.05	760320
1981-04-20	0.05	0.05	0.05	0.05	594000
1981-04-21	0.06	0.06	0.05	0.05	3556080
1981-04-22	0.06	0.06	0.06	0.06	831600
1981-04-23	0.06	0.06	0.06	0.06	2787840
1981-04-24	0.06	0.06	0.06	0.06	1077120
1981-04-27	0.06	0.06	0.06	0.06	1100880
1981-04-28	0.06	0.06	0.06	0.06	1298880
1981-04-29	0.06	0.06	0.06	0.06	594000
1981-04-30	0.06	0.06	0.06	0.06	942480
1981-05-01	0.06	0.06	0.06	0.06	926640
1981-05-04	0.06	0.06	0.06	0.06	562320
1981-05-05	0.06	0.06	0.05	0.06	1029600
1981-05-06	0.06	0.06	0.06	0.06	459360
1981-05-07	0.05	0.06	0.05	0.06	443520
1981-05-08	0.05	0.06	0.05	0.05	2154240
1981-05-11	0.05	0.05	0.05	0.05	736560
1981-05-12	0.05	0.05	0.05	0.05	459360
1981-05-13	0.05	0.05	0.05	0.05	625680
1981-05-14	0.05	0.05	0.05	0.05	491040
1981-05-15	0.05	0.05	0.05	0.05	942480
1981-05-18	0.05	0.05	0.05	0.05	190080
1981-05-19	0.05	0.05	0.05	0.05	665280
1981-05-20	0.05	0.05	0.05	0.05	324720
1981-05-21	0.05	0.05	0.05	0.05	1314720
1981-05-22	0.05	0.05	0.05	0.05	910800
1981-05-26	0.05	0.05	0.05	0.05	641520
1981-05-27	0.05	0.05	0.05	0.05	380160
1981-05-28	0.05	0.05	0.05	0.05	506880
1981-05-29	0.05	0.05	0.05	0.05	427680
1981-06-01	0.06	0.06	0.05	0.05	696960
1981-06-02	0.06	0.06	0.06	0.06	1092960
1981-06-03	0.05	0.06	0.05	0.06	1029600
1981-06-04	0.06	0.06	0.05	0.05	1132560
1981-06-05	0.05	0.06	0.05	0.06	388080
1981-06-08	0.05	0.06	0.05	0.05	300960
1981-06-09	0.05	0.05	0.05	0.05	475200
1981-06-10	0.05	0.05	0.05	0.05	1386000
1981-06-11	0.05	0.05	0.05	0.05	364320
1981-06-12	0.05	0.05	0.05	0.05	174240
1981-06-15	0.05	0.05	0.05	0.05	792000
1981-06-16	0.05	0.05	0.05	0.05	704880
1981-06-17	0.05	0.05	0.05	0.05	586080
1981-06-18	0.06	0.06	0.05	0.05	1940400
1981-06-19	0.06	0.06	0.05	0.06	1148400
1981-06-22	0.06	0.06	0.05	0.06	1148400
1981-06-23	0.06	0.06	0.05	0.06	1092960
1981-06-24	0.06	0.06	0.06	0.06	475200
1981-06-25	0.06	0.06	0.06	0.06	467280
1981-06-26	0.06	0.06	0.05	0.06	752400
1981-06-29	0.05	0.06	0.05	0.06	546480
1981-06-30	0.05	0.05	0.05	0.05	990000
1981-07-01	0.05	0.05	0.05	0.05	269280
1981-07-02	0.05	0.05	0.05	0.05	467280
1981-07-06	0.05	0.05	0.05	0.05	1259280
1981-07-07	0.05	0.05	0.05	0.05	1227600
1981-07-08	0.05	0.05	0.05	0.05	689040
1981-07-09	0.06	0.06	0.05	0.05	459360
1981-07-10	0.05	0.05	0.05	0.05	863280
1981-07-13	0.05	0.05	0.05	0.05	2003760
1981-07-14	0.05	0.06	0.05	0.05	807840
1981-07-15	0.06	0.06	0.05	0.05	491040
1981-07-16	0.06	0.06	0.06	0.06	728640
1981-07-17	0.06	0.06	0.06	0.06	1884960
1981-07-20	0.06	0.06	0.06	0.06	356400
1981-07-21	0.06	0.06	0.06	0.06	728640
1981-07-22	0.06	0.06	0.06	0.06	601920
1981-07-23	0.06	0.06	0.05	0.06	2051280
1981-07-24	0.06	0.06	0.06	0.06	546480
1981-07-27	0.06	0.06	0.06	0.06	538560
1981-07-28	0.06	0.06	0.06	0.06	285120
1981-07-29	0.06	0.06	0.06	0.06	1496880
1981-07-30	0.06	0.06	0.06	0.06	1940400
1981-07-31	0.06	0.06	0.06	0.06	443520
1981-08-03	0.05	0.06	0.05	0.06	1591920
1981-08-04	0.05	0.05	0.05	0.05	665280
1981-08-05	0.05	0.05	0.05	0.05	1892880
1981-08-06	0.05	0.05	0.05	0.05	910800
1981-08-07	0.05	0.05	0.05	0.05	887040
1981-08-10	0.05	0.05	0.05	0.05	641520
1981-08-11	0.05	0.05	0.05	0.05	942480
1981-08-12	0.05	0.05	0.05	0.05	982080
1981-08-13	0.05	0.05	0.05	0.05	483120
1981-08-14	0.05	0.05	0.05	0.05	696960
1981-08-17	0.05	0.05	0.05	0.05	665280
1981-08-18	0.05	0.05	0.05	0.05	435600
1981-08-19	0.05	0.05	0.05	0.05	388080
1981-08-20	0.05	0.05	0.05	0.05	696960
1981-08-21	0.05	0.05	0.05	0.05	990000
1981-08-24	0.04	0.05	0.04	0.05	1694880
1981-08-25	0.04	0.04	0.04	0.04	1393920
1981-08-26	0.04	0.04	0.04	0.04	1774080
1981-08-27	0.04	0.04	0.04	0.04	807840
1981-08-28	0.04	0.04	0.04	0.04	348480
1981-08-31	0.04	0.04	0.04	0.04	768240
1981-09-01	0.05	0.05	0.04	0.04	720720
1981-09-02	0.05	0.05	0.05	0.05	403920
1981-09-03	0.05	0.05	0.05	0.05	601920
1981-09-04	0.05	0.05	0.05	0.05	269280
1981-09-08	0.04	0.05	0.04	0.05	578160
1981-09-09	0.04	0.04	0.04	0.04	443520
1981-09-10	0.04	0.04	0.04	0.04	427680
1981-09-11	0.04	0.04	0.04	0.04	316800
1981-09-14	0.05	0.05	0.04	0.04	483120
1981-09-15	0.05	0.05	0.05	0.05	475200
1981-09-16	0.04	0.05	0.04	0.05	396000
1981-09-17	0.04	0.05	0.04	0.04	792000
1981-09-18	0.04	0.04	0.04	0.04	617760
1981-09-21	0.04	0.04	0.04	0.04	285120
1981-09-22	0.04	0.04	0.04	0.04	158400
1981-09-23	0.04	0.04	0.04	0.04	174240
1981-09-24	0.05	0.05	0.04	0.04	483120
1981-09-25	0.04	0.04	0.04	0.04	982080
1981-09-28	0.04	0.04	0.04	0.04	1512720
1981-09-29	0.05	0.05	0.04	0.04	1623600
1981-09-30	0.05	0.05	0.05	0.05	158400
1981-10-01	0.05	0.05	0.05	0.05	324720
1981-10-02	0.05	0.05	0.05	0.05	316800
1981-10-05	0.05	0.05	0.05	0.05	514800
1981-10-06	0.05	0.05	0.05	0.05	95040
1981-10-07	0.05	0.05	0.04	0.05	205920
1981-10-08	0.05	0.05	0.04	0.05	609840
1981-10-09	0.05	0.05	0.04	0.05	514800
1981-10-12	0.05	0.05	0.04	0.05	506880
1981-10-13	0.04	0.05	0.04	0.05	71280
1981-10-14	0.04	0.05	0.04	0.04	277200
1981-10-15	0.04	0.05	0.04	0.04	847440
1981-10-16	0.04	0.04	0.04	0.04	443520
1981-10-19	0.04	0.04	0.04	0.04	586080
1981-10-20	0.05	0.05	0.04	0.04	625680
1981-10-21	0.05	0.05	0.05	0.05	245520
1981-10-22	0.05	0.05	0.05	0.05	134640
1981-10-23	0.05	0.05	0.05	0.05	388080
1981-10-26	0.05	0.05	0.05	0.05	396000
1981-10-27	0.05	0.05	0.04	0.05	681120
1981-10-28	0.04	0.05	0.04	0.05	324720
1981-10-29	0.05	0.05	0.04	0.04	403920
1981-10-30	0.05	0.05	0.05	0.05	332640
1981-11-02	0.04	0.05	0.04	0.05	665280
1981-11-03	0.05	0.05	0.04	0.04	673200
1981-11-04	0.04	0.04	0.04	0.04	213840
1981-11-05	0.04	0.05	0.04	0.04	522720
1981-11-06	0.04	0.04	0.04	0.04	942480
1981-11-09	0.04	0.04	0.04	0.04	396000
1981-11-10	0.04	0.04	0.04	0.04	641520
1981-11-11	0.04	0.04	0.04	0.04	514800
1981-11-12	0.04	0.04	0.04	0.04	2478960
1981-11-13	0.04	0.04	0.04	0.04	1140480
1981-11-16	0.04	0.04	0.04	0.04	847440
1981-11-17	0.04	0.04	0.04	0.04	1148400
1981-11-18	0.04	0.04	0.04	0.04	641520
1981-11-19	0.05	0.05	0.04	0.04	673200
1981-11-20	0.05	0.05	0.04	0.05	1861200
1981-11-23	0.05	0.05	0.05	0.05	570240
1981-11-24	0.05	0.05	0.05	0.05	902880
1981-11-25	0.05	0.05	0.05	0.05	522720
1981-11-27	0.05	0.05	0.05	0.05	348480
1981-11-30	0.05	0.05	0.05	0.05	586080
1981-12-01	0.05	0.05	0.05	0.05	1560240
1981-12-02	0.05	0.05	0.05	0.05	641520
1981-12-03	0.05	0.05	0.05	0.05	657360
1981-12-04	0.05	0.05	0.05	0.05	475200
1981-12-07	0.05	0.05	0.05	0.05	1473120
1981-12-08	0.05	0.05	0.04	0.05	776160
1981-12-09	0.05	0.05	0.05	0.05	689040
1981-12-10	0.05	0.05	0.05	0.05	562320
1981-12-11	0.05	0.05	0.05	0.05	372240
1981-12-14	0.05	0.05	0.05	0.05	1908720
1981-12-15	0.05	0.05	0.05	0.05	451440
1981-12-16	0.05	0.05	0.05	0.05	316800
1981-12-17	0.05	0.05	0.05	0.05	514800
1981-12-18	0.05	0.05	0.05	0.05	530640
1981-12-21	0.05	0.05	0.05	0.05	506880
1981-12-22	0.05	0.05	0.05	0.05	475200
1981-12-23	0.05	0.05	0.05	0.05	403920
1981-12-24	0.05	0.05	0.05	0.05	356400
1981-12-28	0.05	0.05	0.05	0.05	847440
1981-12-29	0.05	0.05	0.05	0.05	1013760
1981-12-30	0.05	0.05	0.05	0.05	1259280
1981-12-31	0.05	0.05	0.05	0.05	1552320
1982-01-04	0.05	0.05	0.05	0.05	799920
1982-01-05	0.05	0.05	0.05	0.05	665280
1982-01-06	0.05	0.05	0.05	0.05	269280
1982-01-07	0.05	0.05	0.05	0.05	459360
1982-01-08	0.05	0.05	0.05	0.05	316800
1982-01-11	0.05	0.05	0.05	0.05	506880
1982-01-12	0.05	0.05	0.05	0.05	332640
1982-01-13	0.05	0.05	0.05	0.05	364320
1982-01-14	0.05	0.05	0.05	0.05	411840
1982-01-15	0.05	0.05	0.05	0.05	522720
1982-01-18	0.05	0.05	0.05	0.05	348480
1982-01-19	0.05	0.05	0.05	0.05	419760
1982-01-20	0.04	0.05	0.04	0.05	586080
1982-01-21	0.05	0.05	0.05	0.05	277200
1982-01-22	0.05	0.05	0.05	0.05	245520
1982-01-25	0.05	0.05	0.05	0.05	435600
1982-01-26	0.05	0.05	0.05	0.05	443520
1982-01-27	0.05	0.05	0.05	0.05	514800
1982-01-28	0.05	0.05	0.05	0.05	435600
1982-01-29	0.05	0.05	0.05	0.05	300960
1982-02-01	0.05	0.05	0.05	0.05	2550240
1982-02-02	0.05	0.05	0.05	0.05	934560
1982-02-03	0.05	0.05	0.05	0.05	617760
1982-02-04	0.05	0.05	0.05	0.05	1607760
1982-02-05	0.05	0.05	0.05	0.05	894960
1982-02-08	0.05	0.05	0.05	0.05	665280
1982-02-09	0.04	0.05	0.04	0.05	1077120
1982-02-10	0.04	0.05	0.04	0.04	1774080
1982-02-11	0.05	0.05	0.04	0.04	2597760
1982-02-12	0.05	0.05	0.05	0.05	213840
1982-02-16	0.05	0.05	0.05	0.05	388080
1982-02-17	0.05	0.05	0.05	0.05	871200
1982-02-18	0.05	0.05	0.05	0.05	744480
1982-02-19	0.05	0.05	0.05	0.05	1584000
1982-02-22	0.05	0.05	0.05	0.05	831600
1982-02-23	0.05	0.05	0.05	0.05	823680
1982-02-24	0.05	0.05	0.05	0.05	704880
1982-02-25	0.05	0.05	0.05	0.05	1211760
1982-02-26	0.05	0.05	0.05	0.05	277200
1982-03-01	0.05	0.05	0.05	0.05	1663200
1982-03-02	0.05	0.05	0.05	0.05	934560
1982-03-03	0.05	0.05	0.05	0.05	887040
1982-03-04	0.05	0.05	0.05	0.05	1283040
1982-03-05	0.05	0.05	0.05	0.05	1069200
1982-03-08	0.05	0.05	0.05	0.05	768240
1982-03-09	0.05	0.05	0.05	0.05	1188000
1982-03-10	0.05	0.05	0.05	0.05	982080
1982-03-11	0.05	0.05	0.05	0.05	554400
1982-03-12	0.05	0.05	0.05	0.05	483120
1982-03-15	0.05	0.05	0.05	0.05	910800
1982-03-16	0.05	0.05	0.05	0.05	285120
1982-03-17	0.05	0.05	0.05	0.05	958320
1982-03-18	0.05	0.05	0.05	0.05	847440
1982-03-19	0.05	0.05	0.05	0.05	372240
1982-03-22	0.05	0.05	0.05	0.05	689040
1982-03-23	0.05	0.05	0.05	0.05	467280
1982-03-24	0.05	0.05	0.05	0.05	839520
1982-03-25	0.05	0.05	0.05	0.05	538560
1982-03-26	0.05	0.05	0.05	0.05	1037520
1982-03-29	0.05	0.05	0.05	0.05	459360
1982-03-30	0.05	0.05	0.05	0.05	1132560
1982-03-31	0.05	0.05	0.05	0.05	158400
1982-04-01	0.05	0.05	0.05	0.05	198000
1982-04-02	0.05	0.05	0.05	0.05	340560
1982-04-05	0.05	0.05	0.05	0.05	578160
1982-04-06	0.05	0.05	0.05	0.05	1203840
1982-04-07	0.05	0.05	0.05	0.05	3215520
1982-04-08	0.05	0.05	0.05	0.05	2019600
1982-04-12	0.05	0.05	0.05	0.05	776160
1982-04-13	0.05	0.05	0.05	0.05	1924560
1982-04-14	0.05	0.05	0.05	0.05	1219680
1982-04-15	0.06	0.06	0.05	0.05	4530240
1982-04-16	0.05	0.06	0.05	0.06	1829520
1982-04-19	0.05	0.06	0.05	0.05	934560
1982-04-20	0.05	0.05	0.05	0.05	554400
1982-04-21	0.05	0.05	0.05	0.05	918720
1982-04-22	0.06	0.06	0.05	0.05	1053360
1982-04-23	0.06	0.06	0.06	0.06	1782000
1982-04-26	0.06	0.06	0.06	0.06	5298480
1982-04-27	0.06	0.06	0.06	0.06	2130480
1982-04-28	0.06	0.06	0.06	0.06	2574000
1982-04-29	0.06	0.06	0.06	0.06	720720
1982-04-30	0.06	0.06	0.06	0.06	3144240
1982-05-03	0.06	0.06	0.06	0.06	1639440
1982-05-04	0.06	0.06	0.06	0.06	1108800
1982-05-05	0.06	0.06	0.06	0.06	1718640
1982-05-06	0.06	0.06	0.06	0.06	2423520
1982-05-07	0.06	0.06	0.06	0.06	4348080
1982-05-10	0.06	0.06	0.06	0.06	2835360
1982-05-11	0.06	0.06	0.06	0.06	807840
1982-05-12	0.06	0.06	0.06	0.06	2296800
1982-05-13	0.06	0.06	0.06	0.06	1504800
1982-05-14	0.06	0.06	0.06	0.06	364320
1982-05-17	0.06	0.06	0.06	0.06	1219680
1982-05-18	0.06	0.06	0.06	0.06	871200
1982-05-19	0.06	0.06	0.06	0.06	372240
1982-05-20	0.05	0.06	0.05	0.06	4324320
1982-05-21	0.05	0.05	0.05	0.05	356400
1982-05-24	0.05	0.05	0.05	0.05	617760
1982-05-25	0.05	0.05	0.05	0.05	475200
1982-05-26	0.05	0.05	0.05	0.05	958320
1982-05-27	0.05	0.05	0.05	0.05	649440
1982-05-28	0.05	0.05	0.05	0.05	562320
1982-06-01	0.05	0.05	0.05	0.05	1188000
1982-06-02	0.05	0.05	0.05	0.05	522720
1982-06-03	0.06	0.06	0.05	0.05	768240
1982-06-04	0.05	0.05	0.05	0.05	87120
1982-06-07	0.05	0.05	0.05	0.05	451440
1982-06-08	0.05	0.05	0.05	0.05	1172160
1982-06-09	0.05	0.05	0.05	0.05	269280
1982-06-10	0.05	0.05	0.05	0.05	704880
1982-06-11	0.06	0.06	0.05	0.05	1306800
1982-06-14	0.06	0.06	0.06	0.06	2217600
1982-06-15	0.06	0.06	0.06	0.06	1829520
1982-06-16	0.06	0.06	0.06	0.06	1069200
1982-06-17	0.06	0.06	0.06	0.06	1005840
1982-06-18	0.06	0.06	0.06	0.06	1964160
1982-06-21	0.06	0.06	0.06	0.06	538560
1982-06-22	0.06	0.06	0.06	0.06	894960
1982-06-23	0.06	0.06	0.06	0.06	1853280
1982-06-24	0.06	0.06	0.06	0.06	649440
1982-06-25	0.06	0.06	0.06	0.06	641520
1982-06-28	0.06	0.06	0.06	0.06	633600
1982-06-29	0.06	0.06	0.06	0.06	3183840
1982-06-30	0.06	0.06	0.06	0.06	483120
1982-07-01	0.06	0.06	0.06	0.06	372240
1982-07-02	0.06	0.06	0.06	0.06	300960
1982-07-06	0.06	0.06	0.06	0.06	182160
1982-07-07	0.06	0.06	0.06	0.06	340560
1982-07-08	0.06	0.06	0.06	0.06	316800
1982-07-09	0.06	0.06	0.06	0.06	578160
1982-07-12	0.06	0.06	0.06	0.06	530640
1982-07-13	0.06	0.06	0.06	0.06	2977920
1982-07-14	0.06	0.06	0.06	0.06	3548160
1982-07-15	0.06	0.06	0.06	0.06	1188000
1982-07-16	0.06	0.06	0.06	0.06	1980000
1982-07-19	0.06	0.06	0.06	0.06	1853280
1982-07-20	0.06	0.06	0.06	0.06	879120
1982-07-21	0.06	0.06	0.06	0.06	728640
1982-07-22	0.06	0.06	0.06	0.06	665280
1982-07-23	0.06	0.06	0.06	0.06	673200
1982-07-26	0.06	0.06	0.06	0.06	1235520
1982-07-27	0.06	0.06	0.06	0.06	2225520
1982-07-28	0.06	0.06	0.06	0.06	894960
1982-07-29	0.06	0.06	0.06	0.06	926640
1982-07-30	0.06	0.06	0.06	0.06	689040
1982-08-02	0.06	0.06	0.06	0.06	2376000
1982-08-03	0.06	0.06	0.06	0.06	2067120
1982-08-04	0.06	0.06	0.06	0.06	799920
1982-08-05	0.06	0.06	0.06	0.06	506880
1982-08-06	0.06	0.06	0.06	0.06	1219680
1982-08-09	0.06	0.06	0.06	0.06	1409760
1982-08-10	0.06	0.06	0.06	0.06	253440
1982-08-11	0.06	0.06	0.06	0.06	388080
1982-08-12	0.06	0.06	0.06	0.06	1671120
1982-08-13	0.06	0.06	0.06	0.06	594000
1982-08-16	0.06	0.06	0.06	0.06	712800
1982-08-17	0.06	0.06	0.06	0.06	1219680
1982-08-18	0.06	0.07	0.06	0.06	1243440
1982-08-19	0.06	0.06	0.06	0.06	784080
1982-08-20	0.06	0.07	0.06	0.06	990000
1982-08-23	0.06	0.06	0.06	0.06	1797840
1982-08-24	0.06	0.06	0.06	0.06	1188000
1982-08-25	0.07	0.07	0.06	0.06	2471040
1982-08-26	0.07	0.07	0.07	0.07	2146320
1982-08-27	0.06	0.07	0.06	0.07	1425600
1982-08-30	0.07	0.07	0.06	0.06	562320
1982-08-31	0.07	0.07	0.07	0.07	3777840
1982-09-01	0.07	0.07	0.07	0.07	1370160
1982-09-02	0.07	0.07	0.07	0.07	3437280
1982-09-03	0.07	0.07	0.07	0.07	2463120
1982-09-07	0.07	0.07	0.07	0.07	871200
1982-09-08	0.07	0.07	0.07	0.07	1536480
1982-09-09	0.07	0.07	0.07	0.07	1069200
1982-09-10	0.07	0.07	0.07	0.07	1433520
1982-09-13	0.07	0.07	0.07	0.07	3215520
1982-09-14	0.07	0.07	0.07	0.07	8474400
1982-09-15	0.07	0.07	0.07	0.07	633600
1982-09-16	0.07	0.07	0.07	0.07	3944160
1982-09-17	0.07	0.07	0.07	0.07	1869120
1982-09-20	0.07	0.07	0.07	0.07	617760
1982-09-21	0.07	0.07	0.07	0.07	0
1982-09-22	0.08	0.08	0.08	0.08	4767840
1982-09-23	0.08	0.08	0.08	0.08	1037520
1982-09-24	0.08	0.08	0.08	0.08	586080
1982-09-27	0.08	0.08	0.07	0.08	522720
1982-09-28	0.08	0.08	0.08	0.08	1219680
1982-09-29	0.08	0.08	0.08	0.08	1338480
1982-09-30	0.08	0.08	0.08	0.08	2851200
1982-10-01	0.08	0.08	0.08	0.08	396000
1982-10-04	0.08	0.08	0.08	0.08	990000
1982-10-05	0.08	0.08	0.08	0.08	562320
1982-10-06	0.08	0.08	0.08	0.08	1219680
1982-10-07	0.08	0.08	0.08	0.08	2740320
1982-10-08	0.08	0.08	0.08	0.08	1132560
1982-10-11	0.08	0.08	0.08	0.08	2178000
1982-10-12	0.08	0.08	0.08	0.08	4490640
1982-10-13	0.09	0.09	0.08	0.08	3809520
1982-10-14	0.08	0.09	0.08	0.09	2391840
1982-10-15	0.08	0.08	0.08	0.08	1940400
1982-10-18	0.08	0.09	0.08	0.08	554400
1982-10-19	0.08	0.08	0.08	0.08	586080
1982-10-20	0.08	0.08	0.08	0.08	1029600
1982-10-21	0.09	0.09	0.09	0.09	3088800
1982-10-22	0.09	0.09	0.09	0.09	1354320
1982-10-25	0.08	0.08	0.08	0.08	1132560
1982-10-26	0.08	0.08	0.08	0.08	2130480
1982-10-27	0.08	0.08	0.08	0.08	1219680
1982-10-28	0.08	0.08	0.08	0.08	1227600
1982-10-29	0.08	0.08	0.08	0.08	1069200
1982-11-01	0.08	0.09	0.08	0.08	958320
1982-11-02	0.09	0.09	0.09	0.09	2391840
1982-11-03	0.09	0.09	0.09	0.09	1694880
1982-11-04	0.09	0.09	0.09	0.09	2621520
1982-11-05	0.09	0.09	0.09	0.09	3088800
1982-11-08	0.09	0.09	0.09	0.09	5021280
1982-11-09	0.09	0.09	0.09	0.09	2684880
1982-11-10	0.09	0.09	0.09	0.09	2764080
1982-11-11	0.09	0.09	0.09	0.09	1932480
1982-11-12	0.09	0.09	0.09	0.09	2779920
1982-11-15	0.09	0.09	0.09	0.09	1639440
1982-11-16	0.09	0.09	0.09	0.09	1259280
1982-11-17	0.09	0.09	0.09	0.09	1409760
1982-11-18	0.09	0.09	0.09	0.09	2138400
1982-11-19	0.09	0.09	0.09	0.09	871200
1982-11-22	0.09	0.09	0.09	0.09	1861200
1982-11-23	0.09	0.09	0.09	0.09	752400
1982-11-24	0.09	0.09	0.09	0.09	530640
1982-11-26	0.09	0.09	0.09	0.09	696960
1982-11-29	0.09	0.09	0.09	0.09	1433520
1982-11-30	0.09	0.09	0.09	0.09	1465200
1982-12-01	0.09	0.09	0.09	0.09	1884960
1982-12-02	0.09	0.09	0.09	0.09	1457280
1982-12-03	0.09	0.09	0.09	0.09	831600
1982-12-06	0.09	0.09	0.09	0.09	720720
1982-12-07	0.09	0.09	0.09	0.09	2067120
1982-12-08	0.09	0.10	0.09	0.09	1156320
1982-12-09	0.09	0.10	0.09	0.09	1219680
1982-12-10	0.10	0.10	0.09	0.09	2431440
1982-12-13	0.10	0.10	0.09	0.10	792000
1982-12-14	0.10	0.10	0.10	0.10	4324320
1982-12-15	0.10	0.10	0.09	0.10	1441440
1982-12-16	0.10	0.10	0.09	0.10	1821600
1982-12-17	0.10	0.10	0.09	0.10	506880
1982-12-20	0.10	0.10	0.10	0.10	245520
1982-12-21	0.10	0.10	0.09	0.10	562320
1982-12-22	0.10	0.10	0.10	0.10	950400
1982-12-23	0.09	0.10	0.09	0.10	1560240
1982-12-27	0.09	0.09	0.09	0.09	1005840
1982-12-28	0.09	0.09	0.09	0.09	1663200
1982-12-29	0.09	0.09	0.09	0.09	831600
1982-12-30	0.09	0.09	0.09	0.09	934560
1982-12-31	0.09	0.09	0.09	0.09	522720
1983-01-03	0.09	0.09	0.09	0.09	1029600
1983-01-04	0.09	0.09	0.09	0.09	609840
1983-01-05	0.09	0.09	0.09	0.09	578160
1983-01-06	0.09	0.09	0.09	0.09	1077120
1983-01-07	0.09	0.09	0.09	0.09	10256400
1983-01-10	0.09	0.09	0.09	0.09	1623600
1983-01-11	0.09	0.09	0.09	0.09	1544400
1983-01-12	0.09	0.09	0.09	0.09	1417680
1983-01-13	0.09	0.10	0.09	0.09	2098800
1983-01-14	0.09	0.10	0.09	0.09	1013760
1983-01-17	0.10	0.10	0.09	0.09	2597760
1983-01-18	0.10	0.10	0.10	0.10	696960
1983-01-19	0.10	0.10	0.10	0.10	1085040
1983-01-20	0.10	0.10	0.09	0.10	2859120
1983-01-21	0.10	0.10	0.09	0.10	2019600
1983-01-24	0.09	0.09	0.09	0.09	696960
1983-01-25	0.09	0.09	0.09	0.09	459360
1983-01-26	0.09	0.09	0.09	0.09	799920
1983-01-27	0.09	0.10	0.09	0.09	1227600
1983-01-28	0.10	0.10	0.09	0.09	1251360
1983-01-31	0.10	0.10	0.10	0.10	1298880
1983-02-01	0.10	0.10	0.10	0.10	2669040
1983-02-02	0.10	0.10	0.10	0.10	1330560
1983-02-03	0.10	0.10	0.10	0.10	1267200
1983-02-04	0.11	0.11	0.10	0.10	3571920
1983-02-07	0.11	0.11	0.11	0.11	5979600
1983-02-08	0.10	0.11	0.10	0.11	2954160
1983-02-09	0.10	0.10	0.10	0.10	1172160
1983-02-10	0.11	0.11	0.10	0.10	2851200
1983-02-11	0.11	0.11	0.11	0.11	2098800
1983-02-14	0.11	0.11	0.11	0.11	1393920
1983-02-15	0.11	0.11	0.11	0.11	1338480
1983-02-16	0.11	0.11	0.11	0.11	2494800
1983-02-17	0.10	0.11	0.10	0.11	1037520
1983-02-18	0.11	0.11	0.10	0.10	300960
1983-02-22	0.10	0.11	0.10	0.11	712800
1983-02-23	0.10	0.10	0.10	0.10	2185920
1983-02-24	0.11	0.11	0.10	0.10	1679040
1983-02-25	0.11	0.11	0.11	0.11	4229280
1983-02-28	0.10	0.11	0.10	0.11	2621520
1983-03-01	0.11	0.11	0.10	0.10	2518560
1983-03-02	0.11	0.11	0.11	0.11	1401840
1983-03-03	0.10	0.11	0.10	0.11	1457280
1983-03-04	0.11	0.11	0.10	0.10	1298880
1983-03-07	0.10	0.11	0.10	0.11	451440
1983-03-08	0.10	0.10	0.10	0.10	871200
1983-03-09	0.10	0.10	0.10	0.10	562320
1983-03-10	0.10	0.10	0.10	0.10	3183840
1983-03-11	0.10	0.10	0.10	0.10	1005840
1983-03-14	0.10	0.10	0.10	0.10	491040
1983-03-15	0.10	0.10	0.10	0.10	665280
1983-03-16	0.10	0.10	0.10	0.10	712800
1983-03-17	0.10	0.10	0.10	0.10	1433520
1983-03-18	0.10	0.10	0.10	0.10	2051280
1983-03-21	0.10	0.10	0.10	0.10	792000
1983-03-22	0.11	0.11	0.10	0.10	4142160
1983-03-23	0.10	0.11	0.10	0.11	1378080
1983-03-24	0.11	0.11	0.10	0.10	1631520
1983-03-25	0.11	0.11	0.11	0.11	3579840
1983-03-28	0.11	0.11	0.11	0.11	966240
1983-03-29	0.11	0.11	0.11	0.11	3183840
1983-03-30	0.11	0.11	0.11	0.11	1528560
1983-03-31	0.11	0.11	0.11	0.11	1267200
1983-04-04	0.11	0.11	0.11	0.11	1172160
1983-04-05	0.11	0.11	0.11	0.11	1219680
1983-04-06	0.11	0.11	0.10	0.11	1560240
1983-04-07	0.10	0.11	0.10	0.11	1758240
1983-04-08	0.10	0.10	0.10	0.10	198000
1983-04-11	0.11	0.11	0.10	0.10	3207600
1983-04-12	0.11	0.11	0.11	0.11	958320
1983-04-13	0.11	0.11	0.11	0.11	997920
1983-04-14	0.11	0.11	0.11	0.11	2257200
1983-04-15	0.11	0.11	0.11	0.11	728640
1983-04-18	0.11	0.11	0.11	0.11	673200
1983-04-19	0.11	0.11	0.11	0.11	10699920
1983-04-20	0.11	0.11	0.11	0.11	863280
1983-04-21	0.11	0.11	0.11	0.11	372240
1983-04-22	0.11	0.11	0.11	0.11	942480
1983-04-25	0.11	0.11	0.11	0.11	2027520
1983-04-26	0.11	0.11	0.11	0.11	3096720
1983-04-27	0.11	0.12	0.11	0.11	2772000
1983-04-28	0.11	0.11	0.11	0.11	958320
1983-04-29	0.11	0.12	0.11	0.11	1441440
1983-05-02	0.11	0.12	0.11	0.11	894960
1983-05-03	0.11	0.11	0.11	0.11	1243440
1983-05-04	0.12	0.12	0.11	0.11	2146320
1983-05-05	0.12	0.12	0.12	0.12	926640
1983-05-06	0.12	0.12	0.12	0.12	6383520
1983-05-09	0.12	0.12	0.12	0.12	6478560
1983-05-10	0.12	0.12	0.12	0.12	2217600
1983-05-11	0.12	0.12	0.12	0.12	3952080
1983-05-12	0.12	0.12	0.12	0.12	4150080
1983-05-13	0.12	0.12	0.12	0.12	934560
1983-05-16	0.12	0.12	0.12	0.12	5868720
1983-05-17	0.12	0.12	0.12	0.12	293040
1983-05-18	0.12	0.12	0.12	0.12	2843280
1983-05-19	0.12	0.12	0.12	0.12	443520
1983-05-20	0.12	0.12	0.12	0.12	253440
1983-05-23	0.12	0.12	0.12	0.12	665280
1983-05-24	0.12	0.12	0.12	0.12	720720
1983-05-25	0.12	0.12	0.12	0.12	380160
1983-05-26	0.12	0.12	0.12	0.12	7896240
1983-05-27	0.12	0.12	0.12	0.12	3223440
1983-05-31	0.12	0.12	0.12	0.12	1710720
1983-06-01	0.13	0.13	0.12	0.12	4886640
1983-06-02	0.13	0.13	0.13	0.13	3603600
1983-06-03	0.13	0.13	0.13	0.13	2383920
1983-06-06	0.13	0.13	0.13	0.13	2225520
1983-06-07	0.13	0.13	0.13	0.13	2193840
1983-06-08	0.13	0.13	0.13	0.13	1409760
1983-06-09	0.14	0.14	0.13	0.13	1251360
1983-06-10	0.14	0.14	0.14	0.14	3350160
1983-06-13	0.14	0.15	0.14	0.14	1734480
1983-06-14	0.14	0.14	0.14	0.14	1972080
1983-06-15	0.14	0.14	0.14	0.14	823680
1983-06-16	0.14	0.15	0.14	0.14	2106720
1983-06-17	0.14	0.14	0.14	0.14	799920
1983-06-20	0.14	0.14	0.14	0.14	506880
1983-06-21	0.13	0.14	0.13	0.14	2574000
1983-06-22	0.13	0.14	0.13	0.13	807840
1983-06-23	0.13	0.13	0.13	0.13	285120
1983-06-24	0.13	0.13	0.13	0.13	1552320
1983-06-27	0.12	0.13	0.12	0.13	2225520
1983-06-28	0.13	0.13	0.12	0.12	2653200
1983-06-29	0.13	0.14	0.12	0.13	2019600
1983-06-30	0.13	0.13	0.13	0.13	2439360
1983-07-01	0.13	0.13	0.13	0.13	633600
1983-07-05	0.13	0.13	0.13	0.13	2019600
1983-07-06	0.13	0.13	0.13	0.13	966240
1983-07-07	0.13	0.13	0.13	0.13	1251360
1983-07-08	0.13	0.13	0.13	0.13	1655280
1983-07-11	0.14	0.14	0.13	0.13	2154240
1983-07-12	0.13	0.14	0.13	0.14	1995840
1983-07-13	0.13	0.13	0.13	0.13	451440
1983-07-14	0.13	0.13	0.13	0.13	673200
1983-07-15	0.13	0.13	0.13	0.13	435600
1983-07-18	0.13	0.13	0.13	0.13	380160
1983-07-19	0.13	0.13	0.13	0.13	990000
1983-07-20	0.14	0.14	0.13	0.13	3049200
1983-07-21	0.13	0.14	0.13	0.14	894960
1983-07-22	0.13	0.13	0.13	0.13	419760
1983-07-25	0.13	0.13	0.13	0.13	1195920
1983-07-26	0.13	0.13	0.13	0.13	380160
1983-07-27	0.13	0.14	0.13	0.13	253440
1983-07-28	0.13	0.13	0.13	0.13	332640
1983-07-29	0.13	0.13	0.13	0.13	934560
1983-08-01	0.13	0.13	0.12	0.13	768240
1983-08-02	0.13	0.13	0.13	0.13	316800
1983-08-03	0.13	0.13	0.13	0.13	372240
1983-08-04	0.13	0.13	0.13	0.13	459360
1983-08-05	0.13	0.13	0.13	0.13	498960
1983-08-08	0.13	0.13	0.13	0.13	657360
1983-08-09	0.13	0.13	0.13	0.13	744480
1983-08-10	0.13	0.13	0.13	0.13	372240
1983-08-11	0.13	0.13	0.13	0.13	166320
1983-08-12	0.13	0.13	0.13	0.13	372240
1983-08-15	0.13	0.13	0.13	0.13	388080
1983-08-16	0.13	0.13	0.13	0.13	245520
1983-08-17	0.13	0.13	0.13	0.13	1473120
1983-08-18	0.13	0.13	0.13	0.13	364320
1983-08-19	0.13	0.13	0.13	0.13	182160
1983-08-22	0.13	0.13	0.13	0.13	1679040
1983-08-23	0.13	0.13	0.13	0.13	594000
1983-08-24	0.13	0.13	0.13	0.13	554400
1983-08-25	0.13	0.13	0.13	0.13	609840
1983-08-26	0.13	0.13	0.13	0.13	388080
1983-08-29	0.13	0.13	0.13	0.13	293040
1983-08-30	0.13	0.14	0.13	0.13	269280
1983-08-31	0.13	0.13	0.13	0.13	198000
1983-09-01	0.13	0.14	0.13	0.13	427680
1983-09-02	0.14	0.14	0.13	0.13	1235520
1983-09-06	0.14	0.14	0.14	0.14	728640
1983-09-07	0.14	0.14	0.14	0.14	760320
1983-09-08	0.14	0.14	0.14	0.14	364320
1983-09-09	0.14	0.14	0.14	0.14	1734480
1983-09-12	0.14	0.14	0.13	0.14	396000
1983-09-13	0.13	0.13	0.13	0.13	277200
1983-09-14	0.13	0.13	0.13	0.13	198000
1983-09-15	0.13	0.13	0.13	0.13	641520
1983-09-16	0.13	0.13	0.13	0.13	467280
1983-09-19	0.13	0.13	0.13	0.13	578160
1983-09-20	0.13	0.13	0.13	0.13	269280
1983-09-21	0.13	0.14	0.13	0.13	910800
1983-09-22	0.14	0.14	0.13	0.13	657360
1983-09-23	0.14	0.14	0.14	0.14	2241360
1983-09-26	0.14	0.14	0.14	0.14	522720
1983-09-27	0.14	0.14	0.14	0.14	1354320
1983-09-28	0.14	0.14	0.14	0.14	966240
1983-09-29	0.14	0.14	0.14	0.14	285120
1983-09-30	0.15	0.15	0.14	0.14	2455200
1983-10-03	0.14	0.14	0.14	0.14	1180080
1983-10-04	0.14	0.14	0.14	0.14	467280
1983-10-05	0.14	0.14	0.14	0.14	435600
1983-10-06	0.14	0.14	0.14	0.14	221760
1983-10-07	0.14	0.14	0.14	0.14	609840
1983-10-10	0.14	0.14	0.14	0.14	380160
1983-10-11	0.14	0.14	0.14	0.14	594000
1983-10-12	0.14	0.14	0.14	0.14	609840
1983-10-13	0.14	0.14	0.14	0.14	332640
1983-10-14	0.14	0.14	0.14	0.14	110880
1983-10-17	0.14	0.14	0.14	0.14	198000
1983-10-18	0.14	0.14	0.14	0.14	229680
1983-10-19	0.14	0.14	0.14	0.14	1188000
1983-10-20	0.14	0.14	0.14	0.14	174240
1983-10-21	0.15	0.15	0.14	0.14	1156320
1983-10-24	0.14	0.15	0.14	0.15	689040
1983-10-25	0.14	0.14	0.14	0.14	166320
1983-10-26	0.14	0.14	0.14	0.14	514800
1983-10-27	0.13	0.14	0.13	0.14	578160
1983-10-28	0.14	0.14	0.14	0.14	1085040
1983-10-31	0.14	0.14	0.14	0.14	498960
1983-11-01	0.14	0.14	0.14	0.14	1702800
1983-11-02	0.14	0.14	0.14	0.14	1314720
1983-11-03	0.14	0.14	0.14	0.14	1948320
1983-11-04	0.13	0.14	0.13	0.14	166320
1983-11-07	0.14	0.14	0.13	0.13	562320
1983-11-08	0.13	0.14	0.13	0.14	506880
1983-11-09	0.13	0.14	0.13	0.13	3136320
1983-11-10	0.13	0.14	0.13	0.13	554400
1983-11-11	0.14	0.14	0.13	0.13	689040
1983-11-14	0.14	0.14	0.14	0.14	1980000
1983-11-15	0.14	0.14	0.14	0.14	396000
1983-11-16	0.14	0.14	0.14	0.14	673200
1983-11-17	0.14	0.14	0.14	0.14	934560
1983-11-18	0.14	0.14	0.14	0.14	237600
1983-11-21	0.13	0.14	0.13	0.14	1797840
1983-11-22	0.14	0.14	0.13	0.13	1908720
1983-11-23	0.14	0.14	0.14	0.14	863280
1983-11-25	0.14	0.14	0.14	0.14	475200
1983-11-28	0.14	0.14	0.13	0.14	522720
1983-11-29	0.13	0.14	0.13	0.14	847440
1983-11-30	0.14	0.14	0.13	0.13	3152160
1983-12-01	0.14	0.14	0.14	0.14	261360
1983-12-02	0.14	0.14	0.14	0.14	570240
1983-12-05	0.14	0.14	0.13	0.14	126720
1983-12-06	0.13	0.14	0.13	0.14	1409760
1983-12-07	0.14	0.14	0.13	0.13	1298880
1983-12-08	0.14	0.14	0.14	0.14	4055040
1983-12-09	0.14	0.14	0.14	0.14	340560
1983-12-12	0.14	0.14	0.14	0.14	3880800
1983-12-13	0.14	0.14	0.14	0.14	1005840
1983-12-14	0.14	0.14	0.14	0.14	607200
1983-12-15	0.14	0.14	0.14	0.14	4078800
1983-12-16	0.15	0.15	0.14	0.14	910800
1983-12-19	0.14	0.15	0.14	0.15	1115400
1983-12-20	0.14	0.14	0.14	0.14	1458600
1983-12-21	0.13	0.14	0.13	0.14	858000
1983-12-22	0.13	0.13	0.13	0.13	1009800
1983-12-23	0.13	0.13	0.13	0.13	825000
1983-12-27	0.13	0.13	0.13	0.13	1254000
1983-12-28	0.13	0.13	0.13	0.13	785400
1983-12-29	0.14	0.14	0.13	0.13	1128600
1983-12-30	0.15	0.15	0.14	0.14	2046000
1984-01-03	0.14	0.15	0.14	0.15	587400
1984-01-04	0.14	0.14	0.14	0.14	904200
1984-01-05	0.14	0.14	0.14	0.14	1155000
1984-01-06	0.14	0.14	0.14	0.14	468600
1984-01-09	0.14	0.14	0.14	0.14	1247400
1984-01-10	0.14	0.14	0.14	0.14	475200
1984-01-11	0.14	0.14	0.14	0.14	191400
1984-01-12	0.14	0.14	0.14	0.14	666600
1984-01-13	0.14	0.14	0.14	0.14	528000
1984-01-16	0.14	0.14	0.14	0.14	1075800
1984-01-17	0.14	0.14	0.13	0.14	1293600
1984-01-18	0.14	0.14	0.14	0.14	1003200
1984-01-19	0.14	0.14	0.14	0.14	514800
1984-01-20	0.14	0.14	0.13	0.14	1247400
1984-01-23	0.14	0.14	0.13	0.14	983400
1984-01-24	0.14	0.14	0.13	0.14	640200
1984-01-25	0.14	0.14	0.14	0.14	574200
1984-01-26	0.14	0.14	0.14	0.14	1907400
1984-01-27	0.14	0.14	0.14	0.14	303600
1984-01-30	0.13	0.14	0.13	0.14	904200
1984-01-31	0.13	0.13	0.13	0.13	1135200
1984-02-01	0.13	0.13	0.13	0.13	2316600
1984-02-02	0.13	0.13	0.13	0.13	541200
1984-02-03	0.13	0.13	0.13	0.13	666600
1984-02-06	0.12	0.13	0.12	0.13	2475000
1984-02-07	0.12	0.12	0.12	0.12	1122000
1984-02-08	0.11	0.12	0.11	0.12	8428200
1984-02-09	0.11	0.12	0.11	0.11	3102000
1984-02-10	0.12	0.12	0.12	0.12	1854600
1984-02-13	0.12	0.12	0.12	0.12	330000
1984-02-14	0.12	0.12	0.12	0.12	389400
1984-02-15	0.12	0.12	0.12	0.12	759000
1984-02-16	0.12	0.12	0.12	0.12	237600
1984-02-17	0.12	0.12	0.12	0.12	363000
1984-02-21	0.11	0.12	0.11	0.12	719400
1984-02-22	0.11	0.11	0.11	0.11	323400
1984-02-23	0.12	0.12	0.11	0.11	970200
1984-02-24	0.12	0.12	0.12	0.12	2910600
1984-02-27	0.12	0.12	0.12	0.12	3867600
1984-02-28	0.13	0.13	0.12	0.12	1650000
1984-02-29	0.13	0.13	0.13	0.13	2752200
1984-03-01	0.12	0.13	0.12	0.13	1980000
1984-03-02	0.12	0.12	0.12	0.12	1267200
1984-03-05	0.12	0.12	0.12	0.12	382800
1984-03-06	0.12	0.12	0.12	0.12	204600
1984-03-07	0.12	0.12	0.12	0.12	1108800
1984-03-08	0.12	0.12	0.12	0.12	2554200
1984-03-09	0.12	0.12	0.12	0.12	244200
1984-03-12	0.12	0.12	0.12	0.12	1498200
1984-03-13	0.12	0.12	0.12	0.12	349800
1984-03-14	0.12	0.12	0.12	0.12	382800
1984-03-15	0.12	0.12	0.12	0.12	250800
1984-03-16	0.12	0.12	0.12	0.12	792000
1984-03-19	0.12	0.12	0.12	0.12	1333200
1984-03-20	0.12	0.12	0.12	0.12	224400
1984-03-21	0.12	0.12	0.12	0.12	1650000
1984-03-22	0.12	0.12	0.12	0.12	33000
1984-03-23	0.12	0.12	0.12	0.12	336600
1984-03-26	0.12	0.12	0.12	0.12	798600
1984-03-27	0.12	0.12	0.12	0.12	389400
1984-03-28	0.12	0.12	0.12	0.12	277200
1984-03-29	0.12	0.12	0.12	0.12	785400
1984-03-30	0.12	0.12	0.12	0.12	151800
1984-04-02	0.12	0.12	0.12	0.12	468600
1984-04-03	0.12	0.12	0.12	0.12	1174800
1984-04-04	0.12	0.12	0.12	0.12	204600
1984-04-05	0.12	0.12	0.12	0.12	1966800
1984-04-06	0.12	0.12	0.12	0.12	673200
1984-04-09	0.12	0.12	0.12	0.12	349800
1984-04-10	0.12	0.12	0.12	0.12	693000
1984-04-11	0.11	0.12	0.11	0.12	877800
1984-04-12	0.12	0.12	0.11	0.11	422400
1984-04-13	0.12	0.12	0.11	0.12	508200
1984-04-16	0.11	0.12	0.11	0.12	600600
1984-04-17	0.12	0.12	0.11	0.11	1716000
1984-04-18	0.12	0.12	0.12	0.12	1742400
1984-04-19	0.12	0.12	0.12	0.12	1188000
1984-04-23	0.12	0.12	0.12	0.12	442200
1984-04-24	0.12	0.12	0.12	0.12	198000
1984-04-25	0.12	0.12	0.12	0.12	561000
1984-04-26	0.12	0.12	0.12	0.12	1049400
1984-04-27	0.13	0.13	0.12	0.12	3181200
1984-04-30	0.13	0.13	0.13	0.13	567600
1984-05-01	0.13	0.13	0.13	0.13	1504800
1984-05-02	0.13	0.13	0.13	0.13	237600
1984-05-03	0.13	0.13	0.13	0.13	877800
1984-05-04	0.13	0.13	0.13	0.13	1795200
1984-05-07	0.13	0.13	0.13	0.13	699600
1984-05-08	0.13	0.13	0.13	0.13	1062600
1984-05-09	0.13	0.13	0.13	0.13	1432200
1984-05-10	0.14	0.14	0.13	0.13	1828200
1984-05-11	0.14	0.14	0.14	0.14	481800
1984-05-14	0.13	0.14	0.13	0.14	1128600
1984-05-15	0.13	0.14	0.13	0.13	1379400
1984-05-16	0.13	0.13	0.13	0.13	1372800
1984-05-17	0.13	0.13	0.13	0.13	1947000
1984-05-18	0.13	0.13	0.12	0.13	1234200
1984-05-21	0.13	0.13	0.13	0.13	475200
1984-05-22	0.12	0.13	0.12	0.13	2138400
1984-05-23	0.12	0.13	0.12	0.12	1227600
1984-05-24	0.13	0.13	0.12	0.12	1716000
1984-05-25	0.12	0.12	0.12	0.12	2171400
1984-05-29	0.12	0.12	0.12	0.12	759000
1984-05-30	0.12	0.12	0.12	0.12	1511400
1984-05-31	0.12	0.12	0.12	0.12	1531200
1984-06-01	0.12	0.12	0.12	0.12	1102200
1984-06-04	0.12	0.12	0.12	0.12	1491600
1984-06-05	0.12	0.12	0.12	0.12	1597200
1984-06-06	0.12	0.12	0.12	0.12	528000
1984-06-07	0.12	0.12	0.12	0.12	732600
1984-06-08	0.13	0.13	0.12	0.12	521400
1984-06-11	0.12	0.13	0.12	0.13	871200
1984-06-12	0.13	0.13	0.12	0.12	957000
1984-06-13	0.13	0.13	0.13	0.13	356400
1984-06-14	0.13	0.13	0.12	0.13	693000
1984-06-15	0.13	0.13	0.12	0.13	369600
1984-06-18	0.13	0.13	0.13	0.13	574200
1984-06-19	0.13	0.13	0.13	0.13	1214400
1984-06-20	0.13	0.13	0.13	0.13	561000
1984-06-21	0.13	0.13	0.13	0.13	1201200
1984-06-22	0.13	0.13	0.13	0.13	1095600
1984-06-25	0.13	0.13	0.13	0.13	3755400
1984-06-26	0.13	0.13	0.12	0.13	693000
1984-06-27	0.13	0.13	0.13	0.13	1161600
1984-06-28	0.13	0.13	0.13	0.13	158400
1984-06-29	0.13	0.13	0.13	0.13	376200
1984-07-02	0.13	0.13	0.13	0.13	244200
1984-07-03	0.13	0.13	0.13	0.13	1900800
1984-07-05	0.13	0.13	0.13	0.13	495000
1984-07-06	0.13	0.13	0.13	0.13	118800
1984-07-09	0.13	0.13	0.12	0.13	1115400
1984-07-10	0.13	0.13	0.13	0.13	488400
1984-07-11	0.13	0.13	0.13	0.13	587400
1984-07-12	0.12	0.13	0.12	0.13	1181400
1984-07-13	0.13	0.13	0.12	0.12	297000
1984-07-16	0.13	0.13	0.12	0.13	976800
1984-07-17	0.13	0.13	0.13	0.13	660000
1984-07-18	0.13	0.13	0.13	0.13	1029600
1984-07-19	0.13	0.13	0.12	0.12	871200
1984-07-20	0.13	0.13	0.13	0.13	1953600
1984-07-23	0.12	0.13	0.12	0.13	1333200
1984-07-24	0.12	0.13	0.12	0.12	633600
1984-07-25	0.12	0.12	0.12	0.12	858000
1984-07-26	0.12	0.12	0.12	0.12	646800
1984-07-27	0.12	0.12	0.12	0.12	112200
1984-07-30	0.12	0.12	0.12	0.12	679800
1984-07-31	0.12	0.12	0.12	0.12	752400
1984-08-01	0.13	0.13	0.12	0.12	1392600
1984-08-02	0.13	0.13	0.13	0.13	3141600
1984-08-03	0.14	0.14	0.13	0.13	3240600
1984-08-06	0.15	0.15	0.14	0.14	10982400
1984-08-07	0.15	0.15	0.14	0.14	3029400
1984-08-08	0.15	0.15	0.15	0.15	9279600
1984-08-09	0.15	0.15	0.14	0.14	5035800
1984-08-10	0.16	0.16	0.15	0.15	5299800
1984-08-13	0.15	0.16	0.15	0.16	2659800
1984-08-14	0.16	0.16	0.15	0.15	2197800
1984-08-15	0.16	0.16	0.15	0.16	1986600
1984-08-16	0.16	0.16	0.16	0.16	3372600
1984-08-17	0.16	0.16	0.16	0.16	1095600
1984-08-20	0.16	0.16	0.16	0.16	805200
1984-08-21	0.16	0.17	0.16	0.16	2428800
1984-08-22	0.16	0.16	0.16	0.16	2732400
1984-08-23	0.16	0.16	0.16	0.16	1333200
1984-08-24	0.16	0.16	0.16	0.16	475200
1984-08-27	0.16	0.16	0.16	0.16	633600
1984-08-28	0.16	0.16	0.16	0.16	633600
1984-08-29	0.16	0.16	0.16	0.16	528000
1984-08-30	0.16	0.17	0.16	0.16	1749000
1984-08-31	0.16	0.17	0.16	0.17	4653000
1984-09-04	0.16	0.16	0.16	0.16	2270400
1984-09-05	0.17	0.17	0.16	0.16	2653200
1984-09-06	0.17	0.17	0.17	0.17	2263800
1984-09-07	0.16	0.17	0.16	0.17	1036200
1984-09-10	0.16	0.17	0.16	0.16	1531200
1984-09-11	0.17	0.17	0.16	0.16	435600
1984-09-12	0.17	0.17	0.16	0.17	2118600
1984-09-13	0.17	0.17	0.17	0.17	891000
1984-09-14	0.17	0.17	0.17	0.17	1392600
1984-09-17	0.16	0.17	0.16	0.17	1465200
1984-09-18	0.16	0.16	0.16	0.16	1234200
1984-09-19	0.16	0.16	0.16	0.16	976800
1984-09-20	0.15	0.16	0.15	0.16	706200
1984-09-21	0.16	0.16	0.15	0.15	1188000
1984-09-24	0.16	0.16	0.16	0.16	2178000
1984-09-25	0.16	0.16	0.16	0.16	613800
1984-09-26	0.16	0.16	0.16	0.16	1471800
1984-09-27	0.16	0.16	0.16	0.16	514800
1984-09-28	0.16	0.16	0.16	0.16	613800
1984-10-01	0.16	0.16	0.16	0.16	943800
1984-10-02	0.16	0.16	0.16	0.16	369600
1984-10-03	0.16	0.16	0.16	0.16	495000
1984-10-04	0.16	0.16	0.16	0.16	171600
1984-10-05	0.16	0.16	0.16	0.16	976800
1984-10-08	0.16	0.16	0.16	0.16	897600
1984-10-09	0.16	0.16	0.16	0.16	528000
1984-10-10	0.16	0.16	0.16	0.16	508200
1984-10-11	0.16	0.16	0.16	0.16	1148400
1984-10-12	0.16	0.16	0.16	0.16	1768800
1984-10-15	0.17	0.17	0.16	0.16	858000
1984-10-16	0.17	0.17	0.17	0.17	283800
1984-10-17	0.16	0.17	0.16	0.17	620400
1984-10-18	0.17	0.17	0.16	0.16	699600
1984-10-19	0.17	0.17	0.17	0.17	2633400
1984-10-22	0.17	0.17	0.17	0.17	270000
1984-10-23	0.18	0.18	0.18	0.18	1020000
1984-10-24	0.18	0.18	0.18	0.18	396000
1984-10-25	0.18	0.18	0.18	0.18	1464000
1984-10-26	0.18	0.18	0.18	0.18	216000
1984-10-29	0.17	0.18	0.17	0.18	1752000
1984-10-30	0.18	0.18	0.17	0.18	1914000
1984-10-31	0.18	0.18	0.18	0.18	324000
1984-11-01	0.18	0.18	0.18	0.18	4692000
1984-11-02	0.18	0.18	0.18	0.18	2916000
1984-11-05	0.19	0.19	0.18	0.18	1602000
1984-11-06	0.19	0.19	0.19	0.19	2322000
1984-11-07	0.19	0.19	0.19	0.19	3420000
1984-11-08	0.19	0.20	0.19	0.19	540000
1984-11-09	0.20	0.20	0.19	0.20	2928000
1984-11-12	0.20	0.20	0.19	0.20	1182000
1984-11-13	0.20	0.20	0.19	0.19	282000
1984-11-14	0.20	0.20	0.19	0.19	420000
1984-11-15	0.20	0.20	0.20	0.20	1614000
1984-11-16	0.20	0.20	0.20	0.20	3450000
1984-11-19	0.19	0.19	0.19	0.19	2022000
1984-11-20	0.19	0.19	0.19	0.19	2154000
1984-11-21	0.19	0.19	0.19	0.19	582000
1984-11-23	0.20	0.20	0.19	0.19	918000
1984-11-26	0.20	0.20	0.20	0.20	1668000
1984-11-27	0.20	0.20	0.19	0.19	780000
1984-11-28	0.20	0.20	0.20	0.20	1080000
1984-11-29	0.20	0.20	0.19	0.20	2460000
1984-11-30	0.19	0.20	0.19	0.19	1896000
1984-12-03	0.19	0.19	0.18	0.19	1512000
1984-12-04	0.19	0.19	0.18	0.19	1164000
1984-12-05	0.18	0.19	0.18	0.19	1062000
1984-12-06	0.18	0.18	0.18	0.18	1074000
1984-12-07	0.18	0.18	0.18	0.18	2262000
1984-12-10	0.18	0.18	0.17	0.18	1434000
1984-12-11	0.18	0.18	0.18	0.18	648000
1984-12-12	0.18	0.18	0.18	0.18	534000
1984-12-13	0.19	0.19	0.18	0.18	756000
1984-12-14	0.19	0.20	0.19	0.19	1794000
1984-12-17	0.19	0.19	0.19	0.19	1638000
1984-12-18	0.19	0.19	0.19	0.19	2436000
1984-12-19	0.19	0.19	0.19	0.19	4554000
1984-12-20	0.19	0.19	0.19	0.19	1368000
1984-12-21	0.19	0.19	0.19	0.19	1122000
1984-12-24	0.19	0.19	0.19	0.19	1434000
1984-12-26	0.19	0.19	0.19	0.19	2166000
1984-12-27	0.19	0.19	0.19	0.19	324000
1984-12-28	0.19	0.19	0.19	0.19	960000
1984-12-31	0.19	0.19	0.19	0.19	2088000
1985-01-02	0.19	0.19	0.19	0.19	1410000
1985-01-03	0.19	0.19	0.19	0.19	552000
1985-01-04	0.19	0.19	0.19	0.19	1200000
1985-01-07	0.19	0.19	0.19	0.19	840000
1985-01-08	0.19	0.19	0.19	0.19	3150000
1985-01-09	0.19	0.19	0.19	0.19	930000
1985-01-10	0.20	0.20	0.19	0.19	2058000
1985-01-11	0.21	0.21	0.20	0.20	3156000
1985-01-14	0.20	0.21	0.20	0.21	2184000
1985-01-15	0.20	0.21	0.20	0.21	2814000
1985-01-16	0.21	0.21	0.20	0.20	2226000
1985-01-17	0.21	0.21	0.21	0.21	570000
1985-01-18	0.21	0.21	0.21	0.21	1734000
1985-01-21	0.22	0.22	0.21	0.21	1776000
1985-01-22	0.22	0.22	0.22	0.22	3000000
1985-01-23	0.23	0.23	0.22	0.22	2760000
1985-01-24	0.32	0.33	0.32	0.32	69666000
1985-01-25	0.22	0.22	0.22	0.22	756000
1985-01-28	0.21	0.22	0.21	0.22	3486000
1985-01-29	0.21	0.21	0.20	0.21	2946000
1985-01-30	0.21	0.21	0.21	0.21	50910000
1985-01-31	0.22	0.22	0.21	0.21	3534000
1985-02-01	0.21	0.21	0.21	0.21	2124000
1985-02-04	0.21	0.21	0.20	0.21	8124000
1985-02-05	0.21	0.21	0.21	0.21	3366000
1985-02-06	0.21	0.21	0.21	0.21	2946000
1985-02-07	0.22	0.22	0.21	0.21	2406000
1985-02-08	0.21	0.22	0.21	0.22	1590000
1985-02-11	0.22	0.22	0.21	0.22	6654000
1985-02-12	0.22	0.22	0.22	0.22	1578000
1985-02-13	0.22	0.22	0.22	0.22	1620000
1985-02-14	0.23	0.23	0.22	0.22	4638000
1985-02-15	0.23	0.23	0.23	0.23	2880000
1985-02-19	0.24	0.24	0.23	0.23	8418000
1985-02-20	0.23	0.24	0.23	0.24	1542000
1985-02-21	0.23	0.23	0.23	0.23	504000
1985-02-22	0.23	0.24	0.23	0.24	744000
1985-02-25	0.23	0.24	0.23	0.24	1764000
1985-02-26	0.24	0.24	0.23	0.23	2616000
1985-02-27	0.24	0.24	0.24	0.24	9720000
1985-02-28	0.23	0.24	0.23	0.24	576000
1985-03-01	0.24	0.24	0.23	0.23	1104000
1985-03-04	0.23	0.24	0.23	0.24	816000
1985-03-05	0.23	0.23	0.23	0.23	852000
1985-03-06	0.23	0.23	0.22	0.23	1494000
1985-03-07	0.23	0.23	0.22	0.23	8556000
1985-03-08	0.22	0.23	0.22	0.23	546000
1985-03-11	0.22	0.22	0.22	0.22	264000
1985-03-12	0.22	0.22	0.22	0.22	3132000
1985-03-13	0.21	0.22	0.21	0.22	1530000
1985-03-14	0.21	0.21	0.21	0.21	3162000
1985-03-15	0.22	0.22	0.21	0.21	2700000
1985-03-18	0.21	0.22	0.21	0.22	2052000
1985-03-19	0.21	0.21	0.21	0.21	3576000
1985-03-20	0.21	0.21	0.21	0.21	2712000
1985-03-21	0.21	0.21	0.21	0.21	1656000
1985-03-22	0.21	0.21	0.20	0.21	9324000
1985-03-25	0.21	0.21	0.20	0.21	366000
1985-03-26	0.21	0.21	0.21	0.21	1386000
1985-03-27	0.22	0.22	0.21	0.21	2484000
1985-03-28	0.22	0.22	0.22	0.22	2676000
1985-03-29	0.22	0.22	0.22	0.22	1356000
1985-04-01	0.23	0.23	0.22	0.22	2700000
1985-04-02	0.22	0.23	0.22	0.23	1098000
1985-04-03	0.22	0.22	0.22	0.22	1428000
1985-04-04	0.22	0.22	0.22	0.22	1560000
1985-04-08	0.21	0.22	0.21	0.22	1080000
1985-04-09	0.21	0.22	0.21	0.22	534000
1985-04-10	0.21	0.21	0.21	0.21	1356000
1985-04-11	0.22	0.22	0.21	0.21	1626000
1985-04-12	0.22	0.22	0.22	0.22	1626000
1985-04-15	0.22	0.22	0.22	0.22	492000
1985-04-16	0.22	0.22	0.22	0.22	492000
1985-04-17	0.22	0.22	0.22	0.22	1380000
1985-04-18	0.22	0.22	0.22	0.22	2808000
1985-04-19	0.22	0.22	0.22	0.22	870000
1985-04-22	0.23	0.23	0.22	0.22	1098000
1985-04-23	0.23	0.23	0.23	0.23	1686000
1985-04-24	0.23	0.23	0.23	0.23	2094000
1985-04-25	0.24	0.24	0.23	0.23	702000
1985-04-26	0.24	0.24	0.23	0.24	666000
1985-04-29	0.22	0.23	0.22	0.23	1812000
1985-04-30	0.23	0.23	0.23	0.23	474000
1985-05-01	0.23	0.23	0.23	0.23	1164000
1985-05-02	0.23	0.23	0.22	0.22	1212000
1985-05-03	0.23	0.23	0.22	0.23	702000
1985-05-06	0.23	0.23	0.23	0.23	1902000
1985-05-07	0.23	0.23	0.23	0.23	2802000
1985-05-08	0.23	0.23	0.23	0.23	1626000
1985-05-09	0.24	0.24	0.23	0.23	3048000
1985-05-10	0.25	0.25	0.23	0.23	7896000
1985-05-13	0.25	0.25	0.25	0.25	4428000
1985-05-14	0.25	0.25	0.24	0.25	2190000
1985-05-15	0.25	0.25	0.25	0.25	1602000
1985-05-16	0.25	0.25	0.25	0.25	1614000
1985-05-17	0.26	0.26	0.25	0.25	3546000
1985-05-20	0.26	0.26	0.26	0.26	4908000
1985-05-21	0.26	0.26	0.26	0.26	1752000
1985-05-22	0.25	0.26	0.25	0.26	3498000
1985-05-23	0.26	0.26	0.26	0.26	846000
1985-05-24	0.26	0.26	0.26	0.26	966000
1985-05-28	0.26	0.26	0.26	0.26	2208000
1985-05-29	0.26	0.26	0.26	0.26	1092000
1985-05-30	0.26	0.26	0.26	0.26	540000
1985-05-31	0.26	0.26	0.26	0.26	1038000
1985-06-03	0.26	0.27	0.26	0.26	1164000
1985-06-04	0.27	0.27	0.26	0.26	2796000
1985-06-05	0.27	0.27	0.27	0.27	1832000
1985-06-06	0.27	0.27	0.27	0.27	1832000
1985-06-07	0.27	0.27	0.26	0.26	1048000
1985-06-10	0.27	0.27	0.27	0.27	1144000
1985-06-11	0.27	0.27	0.27	0.27	1504000
1985-06-12	0.26	0.27	0.26	0.27	768000
1985-06-13	0.26	0.26	0.26	0.26	1096000
1985-06-14	0.26	0.26	0.26	0.26	1852000
1985-06-17	0.25	0.26	0.25	0.26	2720000
1985-06-18	0.26	0.26	0.25	0.25	900000
1985-06-19	0.26	0.26	0.25	0.26	1968000
1985-06-20	0.25	0.25	0.25	0.25	2508000
1985-06-21	0.25	0.25	0.25	0.25	2348000
1985-06-24	0.26	0.26	0.25	0.25	2016000
1985-06-25	0.27	0.27	0.26	0.27	4288000
1985-06-26	0.27	0.27	0.27	0.27	1268000
1985-06-27	0.28	0.28	0.27	0.27	1388000
1985-06-28	0.30	0.31	0.29	0.29	4396000
1985-07-01	0.29	0.30	0.29	0.30	1448000
1985-07-02	0.29	0.29	0.29	0.29	2288000
1985-07-03	0.29	0.30	0.29	0.29	2320000
1985-07-05	0.30	0.30	0.29	0.29	1252000
1985-07-08	0.30	0.30	0.30	0.30	1712000
1985-07-09	0.29	0.30	0.29	0.30	1216000
1985-07-10	0.29	0.30	0.29	0.29	4612000
1985-07-11	0.29	0.29	0.29	0.29	4912000
1985-07-12	0.29	0.30	0.29	0.29	756000
1985-07-15	0.29	0.29	0.29	0.29	404000
1985-07-16	0.29	0.29	0.29	0.29	2280000
1985-07-17	0.29	0.29	0.29	0.29	2824000
1985-07-18	0.30	0.30	0.29	0.29	1956000
1985-07-19	0.31	0.31	0.30	0.30	3636000
1985-07-22	0.30	0.31	0.30	0.31	5584000
1985-07-23	0.30	0.31	0.30	0.31	3140000
1985-07-24	0.29	0.30	0.29	0.30	960000
1985-07-25	0.30	0.30	0.29	0.29	1100000
1985-07-26	0.29	0.30	0.29	0.30	512000
1985-07-29	0.28	0.30	0.28	0.30	2384000
1985-07-30	0.27	0.28	0.27	0.28	1160000
1985-07-31	0.27	0.27	0.27	0.27	5784000
1985-08-01	0.27	0.27	0.27	0.27	5084000
1985-08-02	0.28	0.28	0.28	0.28	2340000
1985-08-05	0.28	0.29	0.28	0.29	2348000
1985-08-06	0.27	0.28	0.27	0.28	1112000
1985-08-07	0.27	0.27	0.27	0.27	1524000
1985-08-08	0.28	0.28	0.27	0.27	1668000
1985-08-09	0.28	0.28	0.28	0.28	780000
1985-08-12	0.28	0.29	0.28	0.29	6020000
1985-08-13	0.28	0.28	0.28	0.28	3788000
1985-08-14	0.28	0.28	0.28	0.28	292000
1985-08-15	0.28	0.28	0.28	0.28	756000
1985-08-16	0.28	0.28	0.28	0.28	2968000
1985-08-19	0.28	0.28	0.27	0.28	2624000
1985-08-20	0.28	0.28	0.28	0.28	3292000
1985-08-21	0.28	0.29	0.28	0.28	2560000
1985-08-22	0.28	0.29	0.28	0.28	1240000
1985-08-23	0.29	0.29	0.28	0.28	740000
1985-08-26	0.29	0.29	0.29	0.29	696000
1985-08-27	0.29	0.29	0.29	0.29	544000
1985-08-28	0.30	0.30	0.29	0.29	1568000
1985-08-29	0.30	0.30	0.30	0.30	3876000
1985-08-30	0.30	0.30	0.30	0.30	1076000
1985-09-03	0.29	0.30	0.29	0.30	2224000
1985-09-04	0.29	0.30	0.29	0.29	1952000
1985-09-05	0.29	0.29	0.29	0.29	356000
1985-09-06	0.29	0.29	0.29	0.29	284000
1985-09-09	0.30	0.30	0.29	0.29	1312000
1985-09-10	0.29	0.30	0.29	0.30	880000
1985-09-11	0.29	0.29	0.29	0.29	1120000
1985-09-12	0.28	0.29	0.28	0.29	3756000
1985-09-13	0.28	0.28	0.28	0.28	492000
1985-09-16	0.27	0.28	0.27	0.28	2456000
1985-09-17	0.27	0.28	0.27	0.28	3248000
1985-09-18	0.28	0.29	0.27	0.27	1764000
1985-09-19	0.29	0.29	0.29	0.29	944000
1985-09-20	0.29	0.29	0.29	0.29	1272000
1985-09-23	0.29	0.30	0.29	0.29	488000
1985-09-24	0.29	0.29	0.29	0.29	380000
1985-09-25	0.29	0.29	0.29	0.29	392000
1985-09-26	0.29	0.29	0.28	0.28	1828000
1985-09-30	0.29	0.29	0.29	0.29	1052000
1985-10-01	0.29	0.29	0.29	0.29	564000
1985-10-02	0.29	0.29	0.29	0.29	540000
1985-10-03	0.29	0.29	0.29	0.29	2416000
1985-10-04	0.29	0.29	0.28	0.28	1644000
1985-10-07	0.29	0.29	0.29	0.29	436000
1985-10-08	0.28	0.29	0.28	0.29	1416000
1985-10-09	0.29	0.29	0.28	0.29	632000
1985-10-10	0.29	0.29	0.29	0.29	1556000
1985-10-11	0.29	0.29	0.29	0.29	592000
1985-10-14	0.29	0.29	0.29	0.29	1176000
1985-10-15	0.29	0.30	0.29	0.30	5760000
1985-10-16	0.30	0.30	0.30	0.30	1456000
1985-10-17	0.31	0.32	0.30	0.31	5152000
1985-10-18	0.31	0.31	0.31	0.31	2204000
1985-10-21	0.31	0.31	0.31	0.31	1548000
1985-10-22	0.32	0.32	0.31	0.31	1244000
1985-10-23	0.32	0.32	0.32	0.32	1060000
1985-10-24	0.31	0.32	0.31	0.32	620000
1985-10-25	0.30	0.31	0.30	0.31	1496000
1985-10-28	0.31	0.31	0.30	0.30	960000
1985-10-29	0.32	0.32	0.31	0.31	900000
1985-10-30	0.31	0.32	0.31	0.32	2708000
1985-10-31	0.31	0.31	0.31	0.31	6088000
1985-11-01	0.32	0.32	0.31	0.31	1120000
1985-11-04	0.32	0.32	0.32	0.32	3820000
1985-11-05	0.34	0.34	0.33	0.33	3120000
1985-11-06	0.34	0.35	0.33	0.34	15292000
1985-11-07	0.33	0.34	0.33	0.34	8108000
1985-11-08	0.35	0.35	0.33	0.35	1324000
1985-11-11	0.35	0.36	0.35	0.35	5248000
1985-11-12	0.36	0.37	0.35	0.36	7092000
1985-11-13	0.35	0.36	0.35	0.36	6752000
1985-11-14	0.35	0.36	0.35	0.35	4060000
1985-11-15	0.35	0.35	0.34	0.35	2040000
1985-11-18	0.34	0.35	0.33	0.35	2068000
1985-11-19	0.34	0.34	0.34	0.34	824000
1985-11-20	0.35	0.35	0.34	0.34	5948000
1985-11-21	0.36	0.36	0.35	0.35	4888000
1985-11-22	0.36	0.37	0.36	0.36	4900000
1985-11-25	0.37	0.37	0.36	0.36	1352000
1985-11-26	0.37	0.37	0.37	0.37	1224000
1985-11-27	0.37	0.37	0.37	0.37	1840000
1985-11-29	0.37	0.37	0.36	0.37	988000
1985-12-02	0.36	0.37	0.36	0.36	1076000
1985-12-03	0.36	0.36	0.36	0.36	984000
1985-12-04	0.37	0.37	0.36	0.37	3248000
1985-12-05	0.37	0.38	0.37	0.37	4996000
1985-12-06	0.36	0.36	0.35	0.36	1508000
1985-12-09	0.37	0.37	0.36	0.36	2092000
1985-12-10	0.37	0.37	0.36	0.37	4852000
1985-12-11	0.38	0.38	0.37	0.37	3412000
1985-12-12	0.38	0.39	0.38	0.38	7400000
1985-12-13	0.37	0.38	0.37	0.38	6120000
1985-12-16	0.37	0.37	0.37	0.37	2856000
1985-12-17	0.36	0.37	0.36	0.37	3284000
1985-12-18	0.36	0.36	0.35	0.36	1912000
1985-12-19	0.35	0.36	0.35	0.36	3176000
1985-12-20	0.36	0.36	0.35	0.35	1796000
1985-12-23	0.35	0.36	0.35	0.36	1620000
1985-12-24	0.35	0.35	0.34	0.35	800000
1985-12-26	0.35	0.35	0.34	0.34	684000
1985-12-27	0.35	0.35	0.35	0.35	932000
1985-12-30	0.35	0.36	0.35	0.36	768000
1985-12-31	0.34	0.35	0.34	0.35	3640000
1986-01-02	0.35	0.35	0.34	0.34	5536000
1986-01-03	0.36	0.36	0.35	0.35	7588000
1986-01-06	0.36	0.36	0.36	0.36	1176000
1986-01-07	0.37	0.37	0.37	0.37	2116000
1986-01-08	0.37	0.38	0.37	0.37	2764000
1986-01-09	0.37	0.37	0.37	0.37	5100000
1986-01-10	0.37	0.38	0.37	0.37	5788000
1986-01-13	0.39	0.39	0.37	0.37	1848000
1986-01-14	0.39	0.39	0.39	0.39	4488000
1986-01-15	0.39	0.40	0.39	0.39	2372000
1986-01-16	0.40	0.40	0.39	0.39	1576000
1986-01-17	0.41	0.42	0.40	0.40	3884000
1986-01-20	0.41	0.42	0.41	0.41	1884000
1986-01-21	0.42	0.42	0.41	0.42	2356000
1986-01-22	0.41	0.42	0.41	0.42	3364000
1986-01-23	0.41	0.41	0.40	0.41	3536000
1986-01-24	0.42	0.42	0.41	0.41	2236000
1986-01-27	0.43	0.44	0.42	0.42	2372000
1986-01-28	0.44	0.45	0.43	0.44	6020000
1986-01-29	0.44	0.44	0.44	0.44	2032000
1986-01-30	0.45	0.45	0.44	0.44	1280000
1986-01-31	0.45	0.45	0.44	0.45	936000
1986-02-03	0.46	0.46	0.44	0.46	2976000
1986-02-04	0.47	0.47	0.46	0.46	1976000
1986-02-05	0.46	0.46	0.45	0.46	1160000
1986-02-06	0.46	0.47	0.46	0.46	1800000
1986-02-07	0.45	0.46	0.44	0.46	3216000
1986-02-10	0.44	0.45	0.44	0.45	748000
1986-02-11	0.45	0.45	0.44	0.44	752000
1986-02-12	0.45	0.45	0.45	0.45	2360000
1986-02-13	0.44	0.45	0.44	0.45	2908000
1986-02-14	0.45	0.45	0.45	0.45	6672000
1986-02-18	0.46	0.46	0.45	0.45	3680000
1986-02-19	0.46	0.47	0.46	0.46	3952000
1986-02-20	0.47	0.47	0.46	0.46	2460000
1986-02-21	0.49	0.49	0.47	0.47	3108000
1986-02-24	0.48	0.49	0.48	0.49	3036000
1986-02-25	0.48	0.48	0.47	0.48	1296000
1986-02-26	0.48	0.49	0.48	0.48	1224000
1986-02-27	0.49	0.49	0.48	0.48	1232000
1986-02-28	0.48	0.49	0.48	0.49	1980000
1986-03-03	0.51	0.52	0.50	0.51	3351000
1986-03-04	0.51	0.52	0.51	0.51	1782000
1986-03-05	0.50	0.51	0.49	0.51	2103000
1986-03-06	0.48	0.50	0.48	0.50	2280000
1986-03-07	0.49	0.50	0.48	0.48	2400000
1986-03-10	0.48	0.49	0.48	0.49	2190000
1986-03-11	0.49	0.49	0.48	0.48	4308000
1986-03-12	0.48	0.49	0.48	0.49	2982000
1986-03-13	0.49	0.49	0.48	0.48	2064000
1986-03-14	0.50	0.50	0.49	0.49	3768000
1986-03-17	0.49	0.50	0.48	0.50	2319000
1986-03-18	0.49	0.49	0.49	0.49	3162000
1986-03-19	0.49	0.49	0.49	0.49	2067000
1986-03-20	0.48	0.50	0.48	0.50	5745000
1986-03-21	0.48	0.49	0.48	0.48	1095000
1986-03-24	0.45	0.48	0.45	0.48	3006000
1986-03-25	0.46	0.46	0.45	0.46	3072000
1986-03-26	0.49	0.49	0.46	0.46	3342000
1986-03-27	0.48	0.49	0.48	0.49	1707000
1986-03-31	0.47	0.48	0.47	0.48	1746000
1986-04-01	0.47	0.48	0.47	0.48	3255000
1986-04-02	0.47	0.48	0.47	0.48	2601000
1986-04-03	0.47	0.48	0.47	0.48	1644000
1986-04-04	0.45	0.47	0.45	0.47	1566000
1986-04-07	0.46	0.46	0.44	0.45	2568000
1986-04-08	0.46	0.47	0.45	0.46	1872000
1986-04-09	0.47	0.48	0.47	0.47	2667000
1986-04-10	0.47	0.48	0.47	0.48	759000
1986-04-11	0.48	0.49	0.48	0.48	1572000
1986-04-14	0.48	0.48	0.47	0.48	1671000
1986-04-15	0.48	0.48	0.48	0.48	2493000
1986-04-16	0.48	0.49	0.48	0.48	2736000
1986-04-17	0.49	0.49	0.48	0.48	1788000
1986-04-18	0.51	0.51	0.48	0.49	3624000
1986-04-21	0.52	0.53	0.52	0.52	1707000
1986-04-22	0.52	0.54	0.52	0.53	1689000
1986-04-23	0.52	0.52	0.50	0.52	1680000
1986-04-24	0.52	0.52	0.51	0.52	960000
1986-04-25	0.52	0.52	0.51	0.51	858000
1986-04-28	0.52	0.52	0.51	0.52	735000
1986-04-29	0.50	0.52	0.49	0.51	2193000
1986-04-30	0.50	0.51	0.49	0.50	2919000
1986-05-01	0.48	0.50	0.48	0.50	777000
1986-05-02	0.51	0.51	0.48	0.48	2214000
1986-05-05	0.51	0.52	0.51	0.51	1896000
1986-05-06	0.52	0.52	0.51	0.51	930000
1986-05-07	0.51	0.52	0.51	0.52	792000
1986-05-08	0.51	0.52	0.51	0.52	1425000
1986-05-09	0.51	0.52	0.51	0.51	696000
1986-05-12	0.52	0.52	0.51	0.51	1218000
1986-05-13	0.52	0.52	0.52	0.52	2568000
1986-05-14	0.52	0.52	0.51	0.52	1644000
1986-05-15	0.51	0.52	0.51	0.51	330000
1986-05-16	0.52	0.52	0.51	0.51	957000
1986-05-19	0.52	0.52	0.52	0.52	3093000
1986-05-20	0.51	0.52	0.51	0.52	846000
1986-05-21	0.51	0.51	0.51	0.51	711000
1986-05-22	0.53	0.53	0.51	0.51	2037000
1986-05-23	0.54	0.55	0.53	0.53	3450000
1986-05-27	0.57	0.57	0.54	0.54	2562000
1986-05-28	0.57	0.58	0.56	0.57	2736000
1986-05-29	0.56	0.57	0.56	0.57	1119000
1986-05-30	0.55	0.56	0.55	0.56	2670000
1986-06-02	0.54	0.55	0.54	0.55	1062000
1986-06-03	0.54	0.54	0.53	0.54	936000
1986-06-04	0.53	0.54	0.53	0.54	1344000
1986-06-05	0.53	0.53	0.52	0.52	735000
1986-06-06	0.54	0.54	0.53	0.54	840000
1986-06-09	0.52	0.54	0.52	0.54	2580000
1986-06-10	0.52	0.53	0.52	0.52	1194000
1986-06-11	0.52	0.52	0.52	0.52	663000
1986-06-12	0.51	0.51	0.50	0.51	1806000
1986-06-13	0.53	0.53	0.51	0.51	1707000
1986-06-16	0.53	0.53	0.52	0.53	1725000
1986-06-17	0.52	0.53	0.52	0.53	684000
1986-06-18	0.52	0.52	0.52	0.52	1041000
1986-06-19	0.52	0.53	0.51	0.52	975000
1986-06-20	0.52	0.53	0.52	0.53	942000
1986-06-23	0.51	0.52	0.51	0.52	960000
1986-06-24	0.52	0.52	0.51	0.51	1509000
1986-06-25	0.54	0.54	0.52	0.52	5604000
1986-06-26	0.55	0.55	0.54	0.54	1362000
1986-06-27	0.55	0.55	0.54	0.55	987000
1986-06-30	0.55	0.55	0.54	0.55	813000
1986-07-01	0.56	0.57	0.55	0.55	2556000
1986-07-02	0.58	0.58	0.57	0.57	3528000
1986-07-03	0.58	0.58	0.57	0.57	1188000
1986-07-07	0.53	0.57	0.53	0.57	6549000
1986-07-08	0.53	0.54	0.53	0.53	1188000
1986-07-09	0.57	0.57	0.54	0.54	3711000
1986-07-10	0.57	0.58	0.57	0.57	2514000
1986-07-11	0.58	0.58	0.57	0.57	1107000
1986-07-14	0.57	0.57	0.56	0.57	1692000
1986-07-15	0.56	0.57	0.55	0.57	2616000
1986-07-16	0.57	0.58	0.56	0.56	2082000
1986-07-17	0.59	0.59	0.57	0.58	1272000
1986-07-18	0.58	0.59	0.58	0.59	1143000
1986-07-21	0.58	0.58	0.58	0.58	927000
1986-07-22	0.59	0.60	0.58	0.58	1848000
1986-07-23	0.59	0.59	0.59	0.59	873000
1986-07-24	0.59	0.59	0.58	0.59	1461000
1986-07-25	0.58	0.59	0.58	0.58	1614000
1986-07-28	0.58	0.59	0.58	0.58	1836000
1986-07-29	0.59	0.60	0.59	0.59	2085000
1986-07-30	0.59	0.59	0.59	0.59	1068000
1986-07-31	0.58	0.59	0.58	0.59	1299000
1986-08-01	0.57	0.58	0.56	0.57	1827000
1986-08-04	0.56	0.56	0.55	0.56	903000
1986-08-05	0.53	0.55	0.53	0.55	2916000
1986-08-06	0.52	0.53	0.52	0.52	3300000
1986-08-07	0.52	0.52	0.52	0.52	3714000
1986-08-08	0.54	0.54	0.53	0.53	1236000
1986-08-11	0.55	0.55	0.54	0.55	1686000
1986-08-12	0.57	0.57	0.56	0.56	2049000
1986-08-13	0.57	0.58	0.57	0.57	1365000
1986-08-14	0.58	0.58	0.57	0.57	1572000
1986-08-15	0.59	0.60	0.58	0.58	2316000
1986-08-18	0.60	0.61	0.59	0.59	1566000
1986-08-19	0.62	0.62	0.60	0.61	3561000
1986-08-20	0.62	0.62	0.61	0.62	2388000
1986-08-21	0.60	0.62	0.59	0.62	3588000
1986-08-22	0.60	0.61	0.60	0.60	2340000
1986-08-25	0.58	0.60	0.58	0.60	1800000
1986-08-26	0.60	0.60	0.58	0.58	2052000
1986-08-27	0.60	0.61	0.60	0.60	1050000
1986-08-28	0.60	0.60	0.59	0.60	2235000
1986-08-29	0.61	0.61	0.60	0.60	1506000
1986-09-02	0.61	0.62	0.61	0.61	2175000
1986-09-03	0.60	0.61	0.60	0.61	1320000
1986-09-04	0.61	0.61	0.60	0.61	1248000
1986-09-05	0.60	0.61	0.60	0.61	3237000
1986-09-08	0.59	0.60	0.59	0.60	1137000
1986-09-09	0.59	0.59	0.58	0.59	1632000
1986-09-10	0.56	0.59	0.56	0.59	2841000
1986-09-11	0.52	0.56	0.52	0.56	4857000
1986-09-12	0.49	0.52	0.48	0.52	6756000
1986-09-15	0.50	0.51	0.49	0.50	3222000
1986-09-16	0.47	0.50	0.47	0.50	5463000
1986-09-17	0.47	0.48	0.47	0.47	3279000
1986-09-18	0.48	0.48	0.47	0.47	2307000
1986-09-19	0.49	0.49	0.47	0.48	1479000
1986-09-22	0.48	0.50	0.48	0.49	2376000
1986-09-23	0.46	0.48	0.45	0.48	2457000
1986-09-24	0.46	0.47	0.45	0.47	5892000
1986-09-25	0.44	0.47	0.43	0.46	2076000
1986-09-26	0.44	0.45	0.44	0.44	1614000
1986-09-29	0.43	0.44	0.42	0.44	5358000
1986-09-30	0.43	0.44	0.43	0.43	1815000
1986-10-01	0.45	0.46	0.44	0.44	2595000
1986-10-02	0.47	0.48	0.46	0.46	2124000
1986-10-03	0.47	0.49	0.47	0.48	3714000
1986-10-06	0.46	0.47	0.45	0.47	3156000
1986-10-07	0.47	0.47	0.46	0.46	6948000
1986-10-08	0.47	0.48	0.46	0.46	1311000
1986-10-09	0.48	0.48	0.47	0.47	1032000
1986-10-10	0.48	0.49	0.48	0.48	2391000
1986-10-13	0.48	0.48	0.47	0.48	1269000
1986-10-14	0.47	0.48	0.47	0.48	3474000
1986-10-15	0.48	0.48	0.47	0.48	2316000
1986-10-16	0.47	0.48	0.46	0.48	1296000
1986-10-17	0.46	0.47	0.46	0.47	648000
1986-10-20	0.46	0.46	0.45	0.46	5022000
1986-10-21	0.47	0.48	0.45	0.45	1590000
1986-10-22	0.47	0.48	0.47	0.48	1359000
1986-10-23	0.47	0.47	0.46	0.46	1044000
1986-10-24	0.46	0.47	0.46	0.47	2037000
1986-10-27	0.46	0.46	0.46	0.46	648000
1986-10-28	0.46	0.46	0.46	0.46	756000
1986-10-29	0.45	0.46	0.45	0.46	2592000
1986-10-30	0.43	0.45	0.43	0.44	2139000
1986-10-31	0.44	0.44	0.43	0.43	2784000
1986-11-03	0.43	0.45	0.43	0.43	3429000
1986-11-04	0.42	0.43	0.42	0.43	3576000
1986-11-05	0.39	0.42	0.38	0.42	10437000
1986-11-06	0.42	0.42	0.40	0.40	9762000
1986-11-07	0.43	0.44	0.42	0.42	5679000
1986-11-10	0.44	0.44	0.43	0.44	4134000
1986-11-11	0.43	0.44	0.43	0.44	3600000
1986-11-12	0.44	0.44	0.43	0.44	4662000
1986-11-13	0.46	0.46	0.44	0.44	3480000
1986-11-14	0.45	0.46	0.45	0.45	2169000
1986-11-17	0.45	0.45	0.44	0.45	2136000
1986-11-18	0.45	0.47	0.44	0.45	5130000
1986-11-19	0.43	0.44	0.43	0.44	2628000
1986-11-20	0.44	0.44	0.43	0.44	1749000
1986-11-21	0.44	0.44	0.44	0.44	1776000
1986-11-24	0.44	0.45	0.44	0.44	957000
1986-11-25	0.45	0.45	0.44	0.44	1020000
1986-11-26	0.45	0.45	0.44	0.45	930000
1986-11-28	0.45	0.45	0.45	0.45	1479000
1986-12-01	0.45	0.45	0.45	0.45	1158000
1986-12-02	0.45	0.46	0.45	0.45	2547000
1986-12-03	0.45	0.46	0.45	0.45	2553000
1986-12-04	0.45	0.46	0.45	0.45	1443000
1986-12-05	0.46	0.46	0.45	0.45	1281000
1986-12-08	0.44	0.45	0.44	0.45	2829000
1986-12-09	0.43	0.44	0.42	0.44	2313000
1986-12-10	0.45	0.45	0.43	0.43	2670000
1986-12-11	0.45	0.45	0.44	0.45	3432000
1986-12-12	0.44	0.45	0.44	0.45	1590000
1986-12-15	0.44	0.44	0.43	0.44	2202000
1986-12-16	0.44	0.44	0.44	0.44	2172000
1986-12-17	0.42	0.44	0.42	0.44	2790000
1986-12-18	0.41	0.43	0.41	0.42	2874000
1986-12-19	0.42	0.42	0.41	0.41	8385000
1986-12-22	0.40	0.42	0.40	0.42	3051000
1986-12-23	0.40	0.40	0.40	0.40	5868000
1986-12-24	0.42	0.42	0.40	0.41	1095000
1986-12-26	0.44	0.44	0.41	0.42	1920000
1986-12-29	0.45	0.45	0.43	0.43	2961000
1986-12-30	0.44	0.45	0.44	0.45	1413000
1986-12-31	0.44	0.44	0.43	0.44	1785000
1987-01-02	0.45	0.45	0.43	0.44	1479000
1987-01-05	0.46	0.46	0.45	0.46	2457000
1987-01-06	0.47	0.48	0.46	0.46	3072000
1987-01-07	0.47	0.48	0.47	0.47	2637000
1987-01-08	0.47	0.48	0.47	0.47	4020000
1987-01-09	0.47	0.47	0.46	0.47	909000
1987-01-12	0.46	0.47	0.46	0.47	3291000
1987-01-13	0.45	0.46	0.45	0.46	2688000
1987-01-14	0.45	0.45	0.44	0.45	3861000
1987-01-15	0.48	0.48	0.46	0.46	4464000
1987-01-16	0.48	0.48	0.47	0.47	3390000
1987-01-19	0.48	0.48	0.47	0.48	1644000
1987-01-20	0.49	0.49	0.48	0.48	4548000
1987-01-21	0.48	0.49	0.48	0.48	2421000
1987-01-22	0.48	0.49	0.48	0.48	1563000
1987-01-23	0.48	0.49	0.47	0.48	6681000
1987-01-26	0.49	0.49	0.48	0.48	1851000
1987-01-27	0.52	0.52	0.49	0.49	4704000
1987-01-28	0.52	0.52	0.52	0.52	2574000
1987-01-29	0.54	0.55	0.52	0.52	3813000
1987-01-30	0.53	0.54	0.52	0.54	2778000
1987-02-02	0.54	0.55	0.52	0.53	3267000
1987-02-03	0.55	0.55	0.54	0.55	1789500
1987-02-04	0.54	0.55	0.54	0.54	2217000
1987-02-05	0.53	0.54	0.52	0.54	2460000
1987-02-06	0.52	0.53	0.51	0.53	2278500
1987-02-09	0.53	0.54	0.53	0.53	1546500
1987-02-10	0.53	0.53	0.52	0.53	1713000
1987-02-11	0.55	0.55	0.53	0.53	2457000
1987-02-12	0.55	0.55	0.54	0.55	1509000
1987-02-13	0.54	0.55	0.53	0.55	1542000
1987-02-17	0.53	0.54	0.52	0.53	2737500
1987-02-18	0.54	0.54	0.53	0.53	2143500
1987-02-19	0.53	0.54	0.53	0.54	4665000
1987-02-20	0.53	0.54	0.53	0.53	2265000
1987-02-23	0.53	0.54	0.53	0.53	1117500
1987-02-24	0.52	0.53	0.52	0.53	1299000
1987-02-25	0.51	0.52	0.51	0.51	1443000
1987-02-26	0.51	0.52	0.50	0.52	3343500
1987-02-27	0.47	0.50	0.47	0.50	3871500
1987-03-02	0.49	0.49	0.47	0.47	3982500
1987-03-03	0.49	0.49	0.48	0.49	1435500
1987-03-04	0.45	0.50	0.44	0.49	6790500
1987-03-05	0.47	0.49	0.42	0.44	10342500
1987-03-06	0.47	0.48	0.47	0.47	2062500
1987-03-09	0.46	0.47	0.46	0.47	1032000
1987-03-10	0.47	0.47	0.45	0.45	2410500
1987-03-11	0.47	0.47	0.45	0.47	2512500
1987-03-12	0.50	0.50	0.47	0.47	2320500
1987-03-13	0.50	0.50	0.49	0.50	2085000
1987-03-16	0.48	0.50	0.47	0.49	2077500
1987-03-17	0.49	0.49	0.47	0.47	1305000
1987-03-18	0.48	0.49	0.47	0.49	1554000
1987-03-19	0.45	0.48	0.45	0.48	2940000
1987-03-20	0.47	0.47	0.45	0.45	3036000
1987-03-23	0.45	0.46	0.43	0.46	4237500
1987-03-24	0.44	0.45	0.42	0.44	5865000
1987-03-25	0.44	0.45	0.43	0.44	3489000
1987-03-26	0.44	0.45	0.43	0.45	2361000
1987-03-27	0.44	0.44	0.43	0.44	3049500
1987-03-30	0.42	0.43	0.42	0.43	3019500
1987-03-31	0.43	0.45	0.42	0.42	1315500
1987-04-01	0.44	0.45	0.42	0.43	1113000
1987-04-02	0.44	0.45	0.44	0.44	4761000
1987-04-03	0.44	0.45	0.44	0.44	1191000
1987-04-06	0.45	0.46	0.44	0.45	1740000
1987-04-07	0.45	0.45	0.44	0.45	2335500
1987-04-08	0.45	0.45	0.44	0.45	1669500
1987-04-09	0.44	0.45	0.43	0.45	3094500
1987-04-10	0.45	0.46	0.44	0.45	1191000
1987-04-13	0.44	0.45	0.43	0.45	1539000
1987-04-14	0.41	0.44	0.40	0.43	3873000
1987-04-15	0.43	0.43	0.42	0.42	1513500
1987-04-16	0.43	0.45	0.42	0.42	1284000
1987-04-20	0.43	0.44	0.43	0.44	1402500
1987-04-21	0.44	0.44	0.43	0.44	972000
1987-04-22	0.43	0.45	0.43	0.44	1822500
1987-04-23	0.41	0.43	0.40	0.42	2413500
1987-04-24	0.40	0.42	0.40	0.41	1612500
1987-04-27	0.41	0.43	0.40	0.40	1701000
1987-04-28	0.42	0.42	0.41	0.41	840000
1987-04-29	0.42	0.43	0.42	0.42	577500
1987-04-30	0.41	0.42	0.41	0.42	3124500
1987-05-01	0.40	0.41	0.40	0.40	1206000
1987-05-04	0.41	0.41	0.40	0.41	1846500
1987-05-05	0.41	0.42	0.39	0.41	2899500
1987-05-06	0.38	0.40	0.37	0.40	4623000
1987-05-07	0.38	0.39	0.38	0.39	3832500
1987-05-08	0.38	0.39	0.37	0.38	1518000
1987-05-11	0.38	0.39	0.37	0.38	7465500
1987-05-12	0.37	0.38	0.37	0.38	2443500
1987-05-13	0.37	0.37	0.36	0.37	2140500
1987-05-14	0.37	0.38	0.36	0.37	1462500
1987-05-15	0.35	0.37	0.34	0.37	5755500
1987-05-18	0.35	0.35	0.34	0.34	4318500
1987-05-19	0.35	0.36	0.34	0.36	4651500
1987-05-20	0.35	0.35	0.34	0.35	3355500
1987-05-21	0.35	0.37	0.35	0.35	3210000
1987-05-22	0.36	0.37	0.35	0.36	2011500
1987-05-26	0.39	0.39	0.35	0.37	3849000
1987-05-27	0.40	0.43	0.40	0.40	6661500
1987-05-28	0.40	0.41	0.39	0.40	1671000
1987-05-29	0.41	0.41	0.40	0.41	2241000
1987-06-01	0.42	0.42	0.41	0.41	4608000
1987-06-02	0.41	0.43	0.40	0.42	3612000
1987-06-03	0.41	0.42	0.40	0.42	2095500
1987-06-04	0.40	0.40	0.39	0.40	1195500
1987-06-05	0.40	0.40	0.39	0.40	1563000
1987-06-08	0.40	0.41	0.40	0.40	1138500
1987-06-09	0.41	0.41	0.40	0.41	1722000
1987-06-10	0.40	0.41	0.39	0.41	4344000
1987-06-11	0.43	0.43	0.40	0.41	6502500
1987-06-12	0.46	0.47	0.43	0.44	10231500
1987-06-15	0.46	0.48	0.46	0.48	5209500
1987-06-16	0.45	0.46	0.44	0.46	3202500
1987-06-17	0.47	0.47	0.45	0.45	2911500
1987-06-18	0.48	0.48	0.46	0.47	4453500
1987-06-19	0.47	0.48	0.47	0.48	2980500
1987-06-22	0.47	0.48	0.47	0.48	2865000
1987-06-23	0.46	0.47	0.44	0.47	6196500
1987-06-24	0.46	0.46	0.44	0.45	2541000
1987-06-25	0.45	0.46	0.44	0.46	4270500
1987-06-26	0.45	0.46	0.44	0.45	1186500
1987-06-29	0.45	0.45	0.43	0.45	5535000
1987-06-30	0.44	0.45	0.43	0.44	1599000
1987-07-01	0.43	0.44	0.42	0.44	2286000
1987-07-02	0.44	0.45	0.44	0.44	2025000
1987-07-06	0.43	0.45	0.43	0.45	1276500
1987-07-07	0.43	0.43	0.42	0.43	1354500
1987-07-08	0.44	0.44	0.41	0.43	2782500
1987-07-09	0.43	0.44	0.41	0.43	1632000
1987-07-10	0.43	0.43	0.41	0.43	2583000
1987-07-13	0.43	0.44	0.43	0.43	2190000
1987-07-14	0.43	0.44	0.42	0.44	5797500
1987-07-15	0.42	0.43	0.42	0.43	1287000
1987-07-16	0.43	0.43	0.41	0.42	8091000
1987-07-17	0.42	0.43	0.42	0.43	2163000
1987-07-20	0.42	0.43	0.42	0.42	1443000
1987-07-21	0.42	0.43	0.42	0.43	1426500
1987-07-22	0.42	0.43	0.42	0.43	1582500
1987-07-23	0.42	0.43	0.41	0.43	5182500
1987-07-24	0.41	0.41	0.40	0.41	4116000
1987-07-27	0.41	0.41	0.41	0.41	1825500
1987-07-28	0.41	0.41	0.41	0.41	5116500
1987-07-29	0.45	0.45	0.42	0.42	5601000
1987-07-30	0.48	0.48	0.46	0.46	9823500
1987-07-31	0.47	0.48	0.46	0.48	5163000
1987-08-03	0.46	0.47	0.46	0.47	4687500
1987-08-04	0.47	0.47	0.46	0.47	4792500
1987-08-05	0.48	0.48	0.47	0.47	4854000
1987-08-06	0.51	0.51	0.48	0.48	10722000
1987-08-07	0.51	0.51	0.50	0.50	6036000
1987-08-10	0.51	0.51	0.50	0.51	2941500
1987-08-11	0.51	0.52	0.50	0.51	3703500
1987-08-12	0.51	0.53	0.50	0.51	6483000
1987-08-13	0.55	0.56	0.51	0.51	12213000
1987-08-14	0.55	0.56	0.55	0.55	3816000
1987-08-17	0.54	0.55	0.53	0.54	3162000
1987-08-18	0.52	0.54	0.50	0.53	3840000
1987-08-19	0.53	0.54	0.53	0.53	3835500
1987-08-20	0.54	0.55	0.48	0.55	3847500
1987-08-21	0.54	0.55	0.54	0.55	2428500
1987-08-24	0.58	0.59	0.54	0.55	9567000
1987-08-25	0.61	0.61	0.58	0.58	7473000
1987-08-26	0.61	0.63	0.61	0.61	8946000
1987-08-27	0.60	0.61	0.59	0.61	5851500
1987-08-28	0.58	0.59	0.57	0.59	3588000
1987-08-31	0.59	0.59	0.58	0.59	2370000
1987-09-01	0.58	0.59	0.57	0.59	1959000
1987-09-02	0.56	0.58	0.55	0.58	3909000
1987-09-03	0.57	0.58	0.56	0.57	2308500
1987-09-04	0.57	0.57	0.57	0.57	1267500
1987-09-08	0.53	0.55	0.53	0.54	3934500
1987-09-09	0.55	0.55	0.54	0.54	1633500
1987-09-10	0.56	0.56	0.55	0.55	8805000
1987-09-11	0.59	0.59	0.56	0.56	2850000
1987-09-14	0.58	0.60	0.57	0.59	2554500
1987-09-15	0.58	0.59	0.57	0.58	1266000
1987-09-16	0.58	0.58	0.56	0.58	1485000
1987-09-17	0.57	0.58	0.57	0.57	1321500
1987-09-18	0.56	0.58	0.56	0.58	1440000
1987-09-21	0.56	0.57	0.54	0.56	2002500
1987-09-22	0.58	0.58	0.55	0.56	2022000
1987-09-23	0.57	0.59	0.56	0.58	2179500
1987-09-24	0.57	0.58	0.56	0.57	984000
1987-09-25	0.57	0.58	0.57	0.57	1147500
1987-09-28	0.55	0.58	0.55	0.58	1597500
1987-09-29	0.56	0.57	0.55	0.56	2112000
1987-09-30	0.57	0.57	0.56	0.56	975000
1987-10-01	0.57	0.57	0.56	0.57	783000
1987-10-02	0.58	0.58	0.56	0.57	1828500
1987-10-05	0.56	0.58	0.56	0.58	2169000
1987-10-06	0.56	0.57	0.56	0.57	2349000
1987-10-07	0.56	0.56	0.55	0.56	1495500
1987-10-08	0.56	0.56	0.56	0.56	970500
1987-10-09	0.58	0.59	0.56	0.57	1879500
1987-10-12	0.56	0.58	0.56	0.58	2226000
1987-10-13	0.56	0.57	0.56	0.57	3483000
1987-10-14	0.56	0.56	0.55	0.56	1936500
1987-10-15	0.55	0.56	0.54	0.55	1932000
1987-10-16	0.52	0.55	0.51	0.55	6042000
1987-10-19	0.44	0.49	0.42	0.49	14647500
1987-10-20	0.38	0.44	0.33	0.41	10362000
1987-10-21	0.44	0.47	0.42	0.45	8965500
1987-10-22	0.42	0.44	0.41	0.44	6397500
1987-10-23	0.42	0.43	0.40	0.41	2584500
1987-10-26	0.36	0.37	0.36	0.36	4998000
1987-10-27	0.38	0.39	0.36	0.38	2739000
1987-10-28	0.41	0.41	0.36	0.37	2838000
1987-10-29	0.44	0.44	0.39	0.40	2440500
1987-10-30	0.44	0.46	0.41	0.44	3646500
1987-11-02	0.44	0.44	0.43	0.44	1951500
1987-11-03	0.43	0.44	0.42	0.44	2499000
1987-11-04	0.44	0.45	0.42	0.42	1689000
1987-11-05	0.44	0.44	0.43	0.44	1869000
1987-11-06	0.43	0.44	0.43	0.44	1516500
1987-11-09	0.41	0.42	0.40	0.42	1776000
1987-11-10	0.38	0.40	0.38	0.40	2164500
1987-11-11	0.41	0.42	0.39	0.40	1447500
1987-11-12	0.43	0.43	0.42	0.42	1408500
1987-11-13	0.43	0.44	0.42	0.43	1776000
1987-11-16	0.42	0.44	0.41	0.44	1188000
1987-11-17	0.42	0.42	0.41	0.42	2334000
1987-11-18	0.44	0.45	0.43	0.44	3060000
1987-11-19	0.44	0.45	0.44	0.45	1978500
1987-11-20	0.45	0.45	0.44	0.44	1504500
1987-11-23	0.46	0.46	0.44	0.44	2413500
1987-11-24	0.48	0.49	0.47	0.48	3670500
1987-11-25	0.48	0.49	0.48	0.48	2088000
1987-11-27	0.48	0.49	0.48	0.49	1047000
1987-11-30	0.46	0.48	0.43	0.48	3481500
1987-12-01	0.50	0.50	0.47	0.49	3823500
1987-12-02	0.54	0.54	0.50	0.51	6351000
1987-12-03	0.53	0.54	0.50	0.54	6471000
1987-12-04	0.50	0.52	0.48	0.51	7195500
1987-12-07	0.52	0.52	0.49	0.51	5694000
1987-12-08	0.51	0.52	0.51	0.52	2656500
1987-12-09	0.50	0.51	0.50	0.51	1228500
1987-12-10	0.49	0.50	0.48	0.49	1450500
1987-12-11	0.49	0.49	0.48	0.49	1536000
1987-12-14	0.49	0.49	0.49	0.49	795000
1987-12-15	0.49	0.50	0.49	0.49	4327500
1987-12-16	0.51	0.51	0.49	0.49	1432500
1987-12-17	0.51	0.52	0.50	0.51	2560500
1987-12-18	0.51	0.51	0.50	0.50	805500
1987-12-21	0.51	0.51	0.49	0.50	1722000
1987-12-22	0.50	0.51	0.49	0.51	2437500
1987-12-23	0.49	0.51	0.48	0.50	2017500
1987-12-24	0.48	0.49	0.48	0.49	1819500
1987-12-28	0.49	0.49	0.45	0.47	3015000
1987-12-29	0.48	0.48	0.46	0.48	697500
1987-12-30	0.47	0.48	0.47	0.47	1297500
1987-12-31	0.48	0.49	0.47	0.48	1398000
1988-01-04	0.49	0.50	0.48	0.48	864000
1988-01-05	0.49	0.50	0.49	0.49	1777500
1988-01-06	0.49	0.49	0.47	0.49	1393500
1988-01-07	0.48	0.49	0.47	0.48	925500
1988-01-08	0.47	0.49	0.45	0.48	1279500
1988-01-11	0.47	0.47	0.45	0.46	1269000
1988-01-12	0.46	0.47	0.46	0.46	748500
1988-01-13	0.47	0.47	0.46	0.46	532500
1988-01-14	0.46	0.48	0.45	0.46	1413000
1988-01-15	0.47	0.48	0.47	0.47	1105500
1988-01-18	0.46	0.47	0.46	0.46	633000
1988-01-19	0.46	0.47	0.46	0.46	561000
1988-01-20	0.45	0.46	0.45	0.46	667500
1988-01-21	0.46	0.46	0.45	0.45	480000
1988-01-22	0.46	0.46	0.45	0.45	798000
1988-01-25	0.46	0.47	0.46	0.46	796500
1988-01-26	0.46	0.47	0.46	0.46	715500
1988-01-27	0.47	0.48	0.46	0.46	1176000
1988-01-28	0.48	0.48	0.46	0.46	607500
1988-01-29	0.49	0.49	0.47	0.47	1249500
1988-02-01	0.48	0.49	0.48	0.48	1231500
1988-02-02	0.47	0.47	0.46	0.47	582000
1988-02-03	0.45	0.47	0.45	0.46	1032000
1988-02-04	0.46	0.46	0.45	0.45	1029000
1988-02-05	0.47	0.47	0.46	0.46	738000
1988-02-08	0.46	0.47	0.46	0.47	442500
1988-02-09	0.45	0.46	0.45	0.46	1186500
1988-02-10	0.45	0.46	0.45	0.45	943500
1988-02-11	0.47	0.47	0.45	0.45	1047000
1988-02-12	0.47	0.48	0.47	0.47	798000
1988-02-16	0.47	0.47	0.47	0.47	808500
1988-02-17	0.45	0.47	0.45	0.47	1372500
1988-02-18	0.46	0.46	0.46	0.46	1161000
1988-02-19	0.47	0.47	0.46	0.46	1093500
1988-02-22	0.48	0.49	0.47	0.48	2979000
1988-02-23	0.47	0.49	0.47	0.48	1668000
1988-02-24	0.46	0.48	0.46	0.48	2304000
1988-02-25	0.47	0.48	0.46	0.47	4752000
1988-02-26	0.47	0.48	0.46	0.48	1525500
1988-02-29	0.47	0.48	0.47	0.48	1531500
1988-03-01	0.48	0.49	0.48	0.49	4654500
1988-03-02	0.48	0.49	0.48	0.48	1234500
1988-03-03	0.49	0.49	0.48	0.48	1474500
1988-03-04	0.50	0.50	0.48	0.48	1939500
1988-03-07	0.50	0.50	0.49	0.49	1060500
1988-03-08	0.50	0.51	0.49	0.49	2017500
1988-03-09	0.52	0.53	0.48	0.51	4254000
1988-03-10	0.50	0.53	0.50	0.52	2745000
1988-03-11	0.51	0.51	0.50	0.50	988500
1988-03-14	0.52	0.53	0.51	0.51	1663500
1988-03-15	0.51	0.53	0.51	0.53	2785500
1988-03-16	0.52	0.52	0.50	0.51	985500
1988-03-17	0.52	0.53	0.51	0.52	3814500
1988-03-18	0.54	0.54	0.53	0.53	3640500
1988-03-21	0.55	0.56	0.53	0.54	6312000
1988-03-22	0.55	0.56	0.54	0.55	2254500
1988-03-23	0.55	0.56	0.55	0.55	2616000
1988-03-24	0.53	0.55	0.52	0.55	2161500
1988-03-25	0.51	0.54	0.51	0.54	1336500
1988-03-28	0.54	0.55	0.49	0.51	2311500
1988-03-29	0.56	0.56	0.54	0.55	4671000
1988-03-30	0.56	0.58	0.56	0.57	5475000
1988-03-31	0.56	0.56	0.54	0.55	1629000
1988-04-04	0.55	0.56	0.54	0.55	1393500
1988-04-05	0.56	0.56	0.54	0.55	1027500
1988-04-06	0.55	0.56	0.55	0.56	1401000
1988-04-07	0.55	0.57	0.55	0.55	2460000
1988-04-08	0.56	0.56	0.55	0.55	1216500
1988-04-11	0.55	0.56	0.55	0.56	690000
1988-04-12	0.54	0.55	0.54	0.55	709500
1988-04-13	0.55	0.56	0.54	0.55	2133000
1988-04-14	0.53	0.54	0.52	0.53	1864500
1988-04-15	0.54	0.54	0.51	0.51	2922000
1988-04-18	0.53	0.53	0.52	0.53	1447500
1988-04-19	0.51	0.53	0.51	0.53	1392000
1988-04-20	0.53	0.53	0.51	0.51	2394000
1988-04-21	0.53	0.53	0.51	0.53	1258500
1988-04-22	0.53	0.53	0.52	0.53	1443000
1988-04-25	0.53	0.53	0.52	0.52	823500
1988-04-26	0.53	0.54	0.53	0.53	1051500
1988-04-27	0.52	0.53	0.52	0.52	423000
1988-04-28	0.51	0.52	0.51	0.51	691500
1988-04-29	0.52	0.52	0.51	0.52	939000
1988-05-02	0.51	0.52	0.50	0.52	903000
1988-05-03	0.51	0.51	0.50	0.50	1206000
1988-05-04	0.50	0.51	0.50	0.51	1899000
1988-05-05	0.50	0.51	0.50	0.50	1690500
1988-05-06	0.50	0.50	0.50	0.50	552000
1988-05-09	0.48	0.50	0.47	0.49	1936500
1988-05-10	0.49	0.49	0.48	0.48	966000
1988-05-11	0.46	0.48	0.46	0.48	3487500
1988-05-12	0.48	0.48	0.46	0.46	1287000
1988-05-13	0.49	0.49	0.48	0.48	499500
1988-05-16	0.49	0.49	0.48	0.49	394500
1988-05-17	0.47	0.49	0.47	0.49	838500
1988-05-18	0.48	0.48	0.47	0.47	844500
1988-05-19	0.48	0.49	0.47	0.48	705000
1988-05-20	0.50	0.50	0.47	0.47	738000
1988-05-23	0.48	0.49	0.47	0.49	546000
1988-05-24	0.48	0.48	0.47	0.47	493500
1988-05-25	0.49	0.49	0.48	0.48	928500
1988-05-26	0.48	0.49	0.47	0.48	1002000
1988-05-27	0.47	0.49	0.47	0.48	553500
1988-05-31	0.48	0.48	0.47	0.47	1113000
1988-06-01	0.51	0.51	0.49	0.49	1236000
1988-06-02	0.49	0.51	0.48	0.51	1164000
1988-06-03	0.49	0.49	0.49	0.49	613500
1988-06-06	0.49	0.49	0.48	0.48	753000
1988-06-07	0.48	0.49	0.48	0.49	1795500
1988-06-08	0.48	0.48	0.47	0.48	2020500
1988-06-09	0.48	0.48	0.47	0.47	1680000
1988-06-10	0.48	0.49	0.48	0.48	877500
1988-06-13	0.48	0.48	0.45	0.48	786000
1988-06-14	0.49	0.49	0.48	0.48	1726500
1988-06-15	0.49	0.49	0.48	0.49	3666000
1988-06-16	0.48	0.48	0.47	0.48	1495500
1988-06-17	0.47	0.48	0.47	0.48	937500
1988-06-20	0.47	0.48	0.47	0.47	853500
1988-06-21	0.48	0.48	0.47	0.48	3316500
1988-06-22	0.48	0.49	0.48	0.48	3088500
1988-06-23	0.49	0.49	0.48	0.49	826500
1988-06-24	0.47	0.48	0.47	0.48	759000
1988-06-27	0.46	0.47	0.46	0.47	2938500
1988-06-28	0.45	0.46	0.45	0.46	3372000
1988-06-29	0.46	0.46	0.45	0.45	2556000
1988-06-30	0.46	0.46	0.45	0.46	2554500
1988-07-01	0.46	0.46	0.46	0.46	708000
1988-07-05	0.45	0.46	0.45	0.46	3112500
1988-07-06	0.44	0.45	0.44	0.45	2944500
1988-07-07	0.44	0.45	0.43	0.44	3240000
1988-07-08	0.43	0.44	0.43	0.44	1180500
1988-07-11	0.45	0.46	0.43	0.44	1213500
1988-07-12	0.45	0.45	0.44	0.45	1087500
1988-07-13	0.46	0.46	0.45	0.45	775500
1988-07-14	0.46	0.46	0.45	0.45	570000
1988-07-15	0.44	0.46	0.44	0.46	526500
1988-07-18	0.44	0.45	0.44	0.44	802500
1988-07-19	0.43	0.45	0.42	0.44	3877500
1988-07-20	0.44	0.44	0.43	0.43	2133000
1988-07-21	0.44	0.44	0.43	0.43	1746000
1988-07-22	0.44	0.44	0.44	0.44	585000
1988-07-25	0.44	0.44	0.43	0.44	1063500
1988-07-26	0.45	0.45	0.44	0.44	1534500
1988-07-27	0.45	0.45	0.44	0.45	1318500
1988-07-28	0.44	0.46	0.44	0.45	6999000
1988-07-29	0.45	0.45	0.45	0.45	1360500
1988-08-01	0.46	0.47	0.45	0.45	3259500
1988-08-02	0.46	0.47	0.46	0.46	2475000
1988-08-03	0.46	0.46	0.45	0.46	1069500
1988-08-04	0.46	0.46	0.46	0.46	1495500
1988-08-05	0.45	0.46	0.45	0.46	778500
1988-08-08	0.44	0.45	0.44	0.45	1186500
1988-08-09	0.44	0.45	0.44	0.45	2569500
1988-08-10	0.43	0.44	0.43	0.44	2593500
1988-08-11	0.43	0.44	0.43	0.43	2880000
1988-08-12	0.42	0.43	0.42	0.43	742500
1988-08-15	0.42	0.43	0.41	0.43	2860500
1988-08-16	0.43	0.43	0.41	0.41	1582500
1988-08-17	0.43	0.44	0.43	0.43	16045500
1988-08-18	0.44	0.44	0.43	0.44	751500
1988-08-19	0.44	0.45	0.44	0.44	1945500
1988-08-22	0.43	0.44	0.43	0.44	1299000
1988-08-23	0.41	0.43	0.41	0.43	1057500
1988-08-24	0.42	0.42	0.41	0.41	1216500
1988-08-25	0.41	0.42	0.41	0.42	1191000
1988-08-26	0.41	0.41	0.41	0.41	1071000
1988-08-29	0.41	0.42	0.41	0.42	730500
1988-08-30	0.41	0.42	0.41	0.42	757500
1988-08-31	0.41	0.42	0.41	0.42	1335000
1988-09-01	0.40	0.41	0.40	0.41	2251500
1988-09-02	0.41	0.41	0.40	0.40	1194000
1988-09-06	0.42	0.42	0.41	0.41	1044000
1988-09-07	0.43	0.44	0.42	0.42	2695500
1988-09-08	0.43	0.44	0.42	0.43	1671000
1988-09-09	0.44	0.44	0.42	0.42	874500
1988-09-12	0.44	0.44	0.42	0.43	1392000
1988-09-13	0.43	0.44	0.43	0.43	543000
1988-09-14	0.44	0.44	0.43	0.43	1743000
1988-09-15	0.44	0.45	0.44	0.44	1164000
1988-09-16	0.45	0.45	0.44	0.44	1555500
1988-09-19	0.44	0.45	0.44	0.45	525000
1988-09-20	0.45	0.46	0.44	0.44	826500
1988-09-21	0.46	0.46	0.44	0.44	904500
1988-09-22	0.46	0.47	0.45	0.45	1414500
1988-09-23	0.45	0.46	0.45	0.46	777000
1988-09-26	0.46	0.46	0.45	0.46	429000
1988-09-27	0.45	0.46	0.45	0.45	289500
1988-09-28	0.45	0.46	0.45	0.45	295500
1988-09-29	0.46	0.46	0.44	0.45	1492500
1988-09-30	0.46	0.47	0.46	0.46	846000
1988-10-03	0.47	0.47	0.46	0.46	1209000
1988-10-04	0.47	0.47	0.46	0.46	2625000
1988-10-05	0.47	0.47	0.46	0.47	1414500
1988-10-06	0.46	0.47	0.46	0.47	705000
1988-10-07	0.45	0.47	0.45	0.47	1428000
1988-10-10	0.45	0.45	0.45	0.45	1048500
1988-10-11	0.45	0.45	0.44	0.45	1330500
1988-10-12	0.44	0.45	0.43	0.44	1338000
1988-10-13	0.43	0.44	0.42	0.44	2536500
1988-10-14	0.44	0.44	0.43	0.43	1267500
1988-10-17	0.44	0.45	0.43	0.44	1209000
1988-10-18	0.47	0.47	0.45	0.45	4086000
1988-10-19	0.47	0.47	0.47	0.47	3214500
1988-10-20	0.48	0.48	0.47	0.47	3345000
1988-10-21	0.49	0.49	0.47	0.47	2238000
1988-10-24	0.48	0.49	0.48	0.48	1938000
1988-10-25	0.49	0.49	0.48	0.48	1194000
1988-10-26	0.48	0.49	0.48	0.48	1210500
1988-10-27	0.47	0.48	0.47	0.48	994500
1988-10-28	0.47	0.48	0.47	0.47	1855500
1988-10-31	0.47	0.47	0.46	0.47	2119500
1988-11-01	0.47	0.48	0.47	0.47	2260500
1988-11-02	0.47	0.48	0.47	0.48	2685000
1988-11-03	0.47	0.47	0.47	0.47	2191500
1988-11-04	0.46	0.47	0.46	0.47	2959500
1988-11-07	0.45	0.46	0.45	0.46	2097000
1988-11-08	0.47	0.47	0.45	0.45	705000
1988-11-09	0.45	0.46	0.44	0.46	1665000
1988-11-10	0.47	0.47	0.46	0.46	940500
1988-11-11	0.47	0.47	0.46	0.47	402000
1988-11-14	0.46	0.47	0.46	0.46	753000
1988-11-15	0.46	0.47	0.46	0.46	1116000
1988-11-16	0.45	0.46	0.45	0.46	1236000
1988-11-17	0.46	0.46	0.46	0.46	703500
1988-11-18	0.46	0.46	0.45	0.46	330000
1988-11-21	0.46	0.46	0.45	0.46	1242000
1988-11-22	0.46	0.46	0.45	0.46	621000
1988-11-23	0.45	0.46	0.45	0.45	528000
1988-11-25	0.46	0.46	0.45	0.45	879000
1988-11-28	0.45	0.46	0.45	0.45	1272000
1988-11-29	0.46	0.46	0.45	0.45	1023000
1988-11-30	0.46	0.46	0.45	0.46	1321500
1988-12-01	0.47	0.47	0.46	0.46	1138500
1988-12-02	0.47	0.47	0.47	0.47	1057500
1988-12-05	0.46	0.47	0.46	0.47	1228500
1988-12-06	0.47	0.47	0.46	0.46	1176000
1988-12-07	0.47	0.47	0.46	0.47	717000
1988-12-08	0.46	0.47	0.46	0.47	658500
1988-12-09	0.45	0.46	0.45	0.46	507000
1988-12-12	0.46	0.46	0.45	0.46	676500
1988-12-13	0.46	0.46	0.45	0.46	604500
1988-12-14	0.45	0.46	0.44	0.46	1318500
1988-12-15	0.45	0.46	0.45	0.45	834000
1988-12-16	0.46	0.46	0.45	0.45	1402500
1988-12-19	0.46	0.46	0.45	0.46	798000
1988-12-20	0.46	0.46	0.45	0.45	1305000
1988-12-21	0.46	0.46	0.46	0.46	901500
1988-12-22	0.46	0.47	0.46	0.46	1018500
1988-12-23	0.47	0.47	0.46	0.46	1122000
1988-12-27	0.48	0.48	0.46	0.47	1263000
1988-12-28	0.46	0.48	0.46	0.48	784500
1988-12-29	0.46	0.47	0.46	0.46	730500
1988-12-30	0.48	0.48	0.46	0.46	2010000
1989-01-03	0.47	0.48	0.46	0.48	619500
1989-01-04	0.48	0.48	0.46	0.47	1251000
1989-01-05	0.48	0.49	0.48	0.48	450000
1989-01-06	0.47	0.48	0.47	0.48	1459500
1989-01-09	0.48	0.49	0.47	0.47	1161000
1989-01-10	0.49	0.49	0.48	0.48	2736000
1989-01-11	0.48	0.49	0.48	0.49	1795500
1989-01-12	0.49	0.49	0.48	0.48	3495000
1989-01-13	0.48	0.49	0.48	0.49	1182000
1989-01-16	0.49	0.50	0.49	0.49	1392000
1989-01-17	0.49	0.50	0.49	0.50	1047000
1989-01-18	0.49	0.49	0.49	0.49	1014000
1989-01-19	0.49	0.49	0.49	0.49	1527000
1989-01-20	0.49	0.49	0.49	0.49	966000
1989-01-23	0.49	0.49	0.49	0.49	769500
1989-01-24	0.49	0.49	0.49	0.49	1722000
1989-01-25	0.49	0.49	0.49	0.49	2050500
1989-01-26	0.49	0.49	0.48	0.49	1048500
1989-01-27	0.50	0.50	0.49	0.49	3093000
1989-01-30	0.50	0.50	0.49	0.50	1977000
1989-01-31	0.52	0.52	0.50	0.50	2587500
1989-02-01	0.52	0.52	0.51	0.52	3289500
1989-02-02	0.51	0.52	0.51	0.52	4093500
1989-02-03	0.51	0.52	0.50	0.51	2242500
1989-02-06	0.52	0.52	0.51	0.52	2686500
1989-02-07	0.54	0.55	0.52	0.52	5658000
1989-02-08	0.55	0.55	0.54	0.54	4167000
1989-02-09	0.56	0.57	0.55	0.55	9192000
1989-02-10	0.55	0.56	0.54	0.55	3820500
1989-02-13	0.54	0.54	0.53	0.53	2578500
1989-02-14	0.54	0.55	0.54	0.54	2097000
1989-02-15	0.55	0.55	0.54	0.54	1207500
1989-02-16	0.55	0.56	0.55	0.55	1063500
1989-02-17	0.55	0.55	0.54	0.55	1312500
1989-02-21	0.54	0.55	0.54	0.55	2805000
1989-02-22	0.53	0.54	0.53	0.54	1378500
1989-02-23	0.53	0.53	0.52	0.53	1903500
1989-02-24	0.52	0.53	0.52	0.53	1365000
1989-02-27	0.53	0.53	0.52	0.52	1207500
1989-02-28	0.54	0.54	0.53	0.53	910500
1989-03-01	0.54	0.55	0.54	0.54	1645500
1989-03-02	0.54	0.55	0.54	0.54	1000500
1989-03-03	0.55	0.56	0.54	0.54	1033500
1989-03-06	0.55	0.55	0.55	0.55	670500
1989-03-07	0.55	0.56	0.55	0.55	1822500
1989-03-08	0.55	0.56	0.55	0.55	796500
1989-03-09	0.55	0.55	0.55	0.55	1254000
1989-03-10	0.55	0.55	0.55	0.55	1422000
1989-03-13	0.55	0.56	0.55	0.55	1054500
1989-03-14	0.56	0.56	0.54	0.54	4080000
1989-03-15	0.56	0.56	0.55	0.55	1972500
1989-03-16	0.56	0.56	0.55	0.55	2080500
1989-03-17	0.55	0.56	0.55	0.56	1681500
1989-03-20	0.55	0.56	0.54	0.55	2464500
1989-03-21	0.56	0.56	0.55	0.56	1887000
1989-03-22	0.55	0.56	0.55	0.55	916500
1989-03-23	0.56	0.56	0.55	0.55	988500
1989-03-27	0.56	0.57	0.55	0.55	2224500
1989-03-28	0.56	0.57	0.56	0.56	3286500
1989-03-29	0.57	0.58	0.57	0.57	3105000
1989-03-30	0.58	0.58	0.57	0.58	3193500
1989-03-31	0.59	0.59	0.58	0.58	3306000
1989-04-03	0.57	0.60	0.57	0.59	4092000
1989-04-04	0.57	0.57	0.57	0.57	1911000
1989-04-05	0.59	0.59	0.57	0.57	3012000
1989-04-06	0.59	0.59	0.59	0.59	1921500
1989-04-07	0.61	0.61	0.59	0.59	4321500
1989-04-10	0.62	0.63	0.60	0.60	4692000
1989-04-11	0.62	0.63	0.62	0.62	4507500
1989-04-12	0.62	0.63	0.62	0.63	2196000
1989-04-13	0.61	0.63	0.60	0.62	1891500
1989-04-14	0.62	0.62	0.61	0.61	7008000
1989-04-17	0.64	0.64	0.62	0.63	4252500
1989-04-18	0.66	0.67	0.64	0.64	11659500
1989-04-19	0.67	0.67	0.66	0.66	5761500
1989-04-20	0.66	0.67	0.65	0.66	3501000
1989-04-21	0.66	0.66	0.65	0.65	3307500
1989-04-24	0.66	0.66	0.65	0.65	2436000
1989-04-25	0.66	0.66	0.66	0.66	1596000
1989-04-26	0.66	0.66	0.66	0.66	1698000
1989-04-27	0.66	0.66	0.65	0.66	2191500
1989-04-28	0.66	0.66	0.65	0.65	1165500
1989-05-01	0.64	0.65	0.63	0.65	6276000
1989-05-02	0.61	0.64	0.61	0.63	3112500
1989-05-03	0.59	0.61	0.57	0.61	4717500
1989-05-04	0.61	0.62	0.59	0.60	13858500
1989-05-05	0.64	0.65	0.62	0.62	6912000
1989-05-08	0.62	0.64	0.61	0.64	2103000
1989-05-09	0.60	0.62	0.60	0.62	831000
1989-05-10	0.59	0.61	0.59	0.60	2203500
1989-05-11	0.61	0.61	0.59	0.59	1215000
1989-05-12	0.62	0.62	0.60	0.61	2872500
1989-05-15	0.61	0.62	0.61	0.62	1054500
1989-05-16	0.63	0.63	0.60	0.60	1737000
1989-05-17	0.63	0.65	0.63	0.63	2013000
1989-05-18	0.63	0.63	0.62	0.62	1006500
1989-05-19	0.59	0.63	0.59	0.63	4930500
1989-05-22	0.56	0.57	0.51	0.57	14923500
1989-05-23	0.55	0.56	0.54	0.56	11208000
1989-05-24	0.53	0.56	0.52	0.55	7581000
1989-05-25	0.53	0.54	0.52	0.54	11737500
1989-05-26	0.55	0.55	0.54	0.54	1726500
1989-05-30	0.54	0.56	0.54	0.55	3037500
1989-05-31	0.56	0.56	0.54	0.54	5004000
1989-06-01	0.57	0.57	0.55	0.56	4465500
1989-06-02	0.59	0.61	0.59	0.59	5761500
1989-06-05	0.58	0.59	0.57	0.59	1711500
1989-06-06	0.56	0.58	0.56	0.58	4185000
1989-06-07	0.57	0.57	0.56	0.57	2575500
1989-06-08	0.57	0.58	0.56	0.57	1942500
1989-06-09	0.57	0.58	0.57	0.57	1623000
1989-06-12	0.56	0.57	0.56	0.57	3751500
1989-06-13	0.54	0.56	0.54	0.56	5380500
1989-06-14	0.56	0.56	0.54	0.55	1909500
1989-06-15	0.56	0.57	0.55	0.56	1390500
1989-06-16	0.56	0.58	0.55	0.56	2767500
1989-06-19	0.56	0.58	0.56	0.57	1986000
1989-06-20	0.56	0.56	0.55	0.56	985500
1989-06-21	0.55	0.56	0.55	0.56	2364000
1989-06-22	0.56	0.56	0.55	0.55	1773000
1989-06-23	0.56	0.58	0.56	0.56	2041500
1989-06-26	0.56	0.57	0.56	0.56	843000
1989-06-27	0.57	0.57	0.56	0.57	2409000
1989-06-28	0.57	0.57	0.57	0.57	906000
1989-06-29	0.57	0.57	0.56	0.57	1309500
1989-06-30	0.56	0.57	0.52	0.57	2631000
1989-07-03	0.56	0.56	0.53	0.56	510000
1989-07-05	0.56	0.56	0.56	0.56	1489500
1989-07-06	0.56	0.57	0.56	0.57	1117500
1989-07-07	0.56	0.56	0.56	0.56	1458000
1989-07-10	0.56	0.56	0.55	0.56	2589000
1989-07-11	0.53	0.54	0.52	0.52	7837500
1989-07-12	0.55	0.55	0.53	0.54	2211000
1989-07-13	0.55	0.55	0.54	0.55	2337000
1989-07-14	0.54	0.55	0.54	0.55	2532000
1989-07-17	0.55	0.56	0.55	0.55	3226500
1989-07-18	0.55	0.55	0.54	0.55	741000
1989-07-19	0.54	0.55	0.54	0.55	1296000
1989-07-20	0.55	0.55	0.54	0.55	1980000
1989-07-21	0.54	0.55	0.54	0.55	1471500
1989-07-24	0.54	0.54	0.53	0.54	2304000
1989-07-25	0.55	0.55	0.54	0.54	1419000
1989-07-26	0.55	0.56	0.55	0.55	2346000
1989-07-27	0.55	0.56	0.55	0.55	2875500
1989-07-28	0.55	0.56	0.55	0.55	1656000
1989-07-31	0.55	0.55	0.55	0.55	5866500
1989-08-01	0.56	0.56	0.55	0.55	2892000
1989-08-02	0.56	0.56	0.55	0.56	1174500
1989-08-03	0.52	0.55	0.52	0.55	3294000
1989-08-04	0.54	0.54	0.52	0.52	2017500
1989-08-07	0.55	0.56	0.54	0.54	2206500
1989-08-08	0.54	0.56	0.54	0.55	2536500
1989-08-09	0.55	0.56	0.55	0.55	2019000
1989-08-10	0.58	0.58	0.55	0.55	8131500
1989-08-11	0.56	0.59	0.55	0.58	3316500
1989-08-14	0.56	0.57	0.55	0.56	1291500
1989-08-15	0.56	0.57	0.55	0.56	948000
1989-08-16	0.56	0.57	0.55	0.56	4503000
1989-08-17	0.60	0.60	0.56	0.56	7912500
1989-08-18	0.59	0.60	0.57	0.59	10359000
1989-08-21	0.61	0.61	0.59	0.60	12279000
1989-08-22	0.65	0.66	0.60	0.60	18376500
1989-08-23	0.62	0.67	0.61	0.65	22105500
1989-08-24	0.63	0.64	0.62	0.64	8038500
1989-08-25	0.63	0.65	0.62	0.63	7317000
1989-08-28	0.65	0.65	0.62	0.63	3723000
1989-08-29	0.64	0.66	0.64	0.65	8875500
1989-08-30	0.63	0.64	0.62	0.64	4081500
1989-08-31	0.62	0.63	0.62	0.63	3472500
1989-09-01	0.64	0.66	0.62	0.62	14167500
1989-09-05	0.67	0.67	0.65	0.65	7791000
1989-09-06	0.65	0.66	0.64	0.66	6036000
1989-09-07	0.67	0.68	0.65	0.65	15156000
1989-09-08	0.68	0.68	0.66	0.68	9093000
1989-09-11	0.67	0.68	0.65	0.68	4405500
1989-09-12	0.66	0.68	0.65	0.67	4944000
1989-09-13	0.64	0.65	0.63	0.65	4698000
1989-09-14	0.61	0.64	0.61	0.63	6657000
1989-09-15	0.61	0.63	0.60	0.62	4795500
1989-09-18	0.62	0.62	0.61	0.61	4602000
1989-09-19	0.62	0.64	0.61	0.62	4476000
1989-09-20	0.63	0.64	0.62	0.62	3088500
1989-09-21	0.63	0.64	0.63	0.64	2770500
1989-09-22	0.64	0.64	0.62	0.63	2650500
1989-09-25	0.62	0.64	0.62	0.63	3025500
1989-09-26	0.61	0.62	0.61	0.62	3432000
1989-09-27	0.61	0.62	0.60	0.61	2235000
1989-09-28	0.64	0.64	0.61	0.62	4279500
1989-09-29	0.63	0.64	0.62	0.64	2067000
1989-10-02	0.63	0.63	0.62	0.63	1651500
1989-10-03	0.65	0.65	0.63	0.63	5983500
1989-10-04	0.65	0.66	0.65	0.66	4053000
1989-10-05	0.72	0.72	0.64	0.65	17314500
1989-10-06	0.77	0.79	0.69	0.73	24709500
1989-10-09	0.75	0.79	0.73	0.77	10929000
1989-10-10	0.72	0.75	0.69	0.74	11944500
1989-10-11	0.70	0.74	0.69	0.72	10642500
1989-10-12	0.70	0.70	0.68	0.69	8223000
1989-10-13	0.59	0.73	0.58	0.69	17404500
1989-10-16	0.64	0.66	0.58	0.58	13512000
1989-10-17	0.63	0.65	0.61	0.63	6946500
1989-10-18	0.70	0.70	0.61	0.61	8517000
1989-10-19	0.69	0.72	0.69	0.70	12646500
1989-10-20	0.69	0.70	0.65	0.69	13842000
1989-10-23	0.67	0.69	0.66	0.68	6078000
1989-10-24	0.64	0.67	0.60	0.67	8841000
1989-10-25	0.63	0.66	0.62	0.65	6709500
1989-10-26	0.63	0.64	0.61	0.63	6268500
1989-10-27	0.62	0.65	0.62	0.63	6895500
1989-10-30	0.63	0.64	0.62	0.63	3453000
1989-10-31	0.66	0.68	0.64	0.65	11320500
1989-11-01	0.75	0.76	0.66	0.67	27894000
1989-11-02	0.72	0.75	0.70	0.74	14815500
1989-11-03	0.70	0.73	0.70	0.71	6540000
1989-11-06	0.68	0.70	0.67	0.69	5763000
1989-11-07	0.67	0.69	0.66	0.68	4023000
1989-11-08	0.69	0.70	0.68	0.69	5520000
1989-11-09	0.68	0.69	0.67	0.69	4141500
1989-11-10	0.69	0.69	0.67	0.67	3594000
1989-11-13	0.68	0.70	0.67	0.69	2931000
1989-11-14	0.67	0.69	0.67	0.68	2980500
1989-11-15	0.67	0.68	0.67	0.67	2575500
1989-11-16	0.66	0.67	0.65	0.67	3691500
1989-11-17	0.64	0.67	0.64	0.67	3469500
1989-11-20	0.63	0.64	0.63	0.64	3858000
1989-11-21	0.64	0.64	0.62	0.64	3586500
1989-11-22	0.65	0.66	0.64	0.64	2763000
1989-11-24	0.64	0.66	0.64	0.66	846000
1989-11-27	0.63	0.66	0.63	0.65	2760000
1989-11-28	0.65	0.66	0.63	0.63	2647500
1989-11-29	0.64	0.64	0.63	0.64	984000
1989-11-30	0.64	0.65	0.64	0.64	1498500
1989-12-01	0.64	0.66	0.64	0.64	2062500
1989-12-04	0.64	0.64	0.64	0.64	1090500
1989-12-05	0.63	0.66	0.63	0.64	3138000
1989-12-06	0.63	0.64	0.62	0.63	2650500
1989-12-07	0.62	0.64	0.62	0.62	994500
1989-12-08	0.63	0.63	0.62	0.62	1506000
1989-12-11	0.61	0.62	0.60	0.62	2983500
1989-12-12	0.60	0.61	0.58	0.61	3981000
1989-12-13	0.60	0.61	0.60	0.60	1960500
1989-12-14	0.61	0.61	0.60	0.60	3823500
1989-12-15	0.60	0.61	0.60	0.61	2617500
1989-12-18	0.59	0.60	0.58	0.60	3597000
1989-12-19	0.60	0.62	0.58	0.58	3802500
1989-12-20	0.60	0.62	0.60	0.60	1884000
1989-12-21	0.60	0.61	0.58	0.60	2983500
1989-12-22	0.61	0.62	0.61	0.61	1845000
1989-12-26	0.62	0.62	0.61	0.62	1998000
1989-12-27	0.61	0.63	0.61	0.63	3727500
1989-12-28	0.61	0.62	0.61	0.61	2421000
1989-12-29	0.64	0.64	0.61	0.61	2713500
1990-01-02	0.62	0.63	0.62	0.63	966000
1990-01-03	0.61	0.63	0.60	0.63	3040500
1990-01-04	0.60	0.61	0.59	0.61	2995500
1990-01-05	0.60	0.60	0.60	0.60	859500
1990-01-08	0.60	0.61	0.60	0.61	1906500
1990-01-09	0.60	0.61	0.60	0.60	1195500
1990-01-10	0.58	0.60	0.56	0.60	3511500
1990-01-11	0.60	0.60	0.57	0.57	3060000
1990-01-12	0.58	0.60	0.58	0.60	2931000
1990-01-15	0.58	0.59	0.58	0.58	2424000
1990-01-16	0.56	0.57	0.56	0.57	3744000
1990-01-17	0.56	0.57	0.56	0.56	3205500
1990-01-18	0.56	0.56	0.55	0.55	2209500
1990-01-19	0.59	0.60	0.56	0.56	4237500
1990-01-22	0.59	0.61	0.59	0.60	3603000
1990-01-23	0.58	0.61	0.58	0.60	2962500
1990-01-24	0.57	0.58	0.55	0.58	4327500
1990-01-25	0.56	0.59	0.56	0.58	1779000
1990-01-26	0.56	0.57	0.56	0.56	2265000
1990-01-29	0.56	0.56	0.56	0.56	927000
1990-01-30	0.54	0.56	0.54	0.56	1908000
1990-01-31	0.56	0.57	0.54	0.54	2910000
1990-02-01	0.56	0.56	0.56	0.56	1650000
1990-02-02	0.56	0.57	0.56	0.56	2257500
1990-02-05	0.55	0.56	0.55	0.56	2419500
1990-02-06	0.54	0.56	0.54	0.56	3085500
1990-02-07	0.55	0.56	0.54	0.55	2586000
1990-02-08	0.56	0.57	0.55	0.55	2839500
1990-02-09	0.56	0.57	0.56	0.56	1026000
1990-02-12	0.57	0.57	0.55	0.55	1591500
1990-02-13	0.56	0.57	0.56	0.57	448500
1990-02-14	0.56	0.56	0.56	0.56	1707000
1990-02-15	0.55	0.56	0.55	0.56	1080000
1990-02-16	0.55	0.56	0.55	0.56	1233000
1990-02-20	0.55	0.55	0.53	0.55	3099000
1990-02-21	0.56	0.56	0.54	0.54	3411000
1990-02-22	0.55	0.56	0.55	0.55	1689000
1990-02-23	0.54	0.55	0.54	0.55	1846500
1990-02-26	0.53	0.54	0.53	0.54	2593500
1990-02-27	0.51	0.53	0.51	0.53	1984500
1990-02-28	0.53	0.54	0.52	0.52	4641000
1990-03-01	0.54	0.55	0.54	0.55	1819500
1990-03-02	0.53	0.55	0.53	0.55	856500
1990-03-05	0.53	0.54	0.53	0.54	1288500
1990-03-06	0.53	0.54	0.53	0.54	939000
1990-03-07	0.53	0.53	0.52	0.53	8217000
1990-03-08	0.52	0.53	0.51	0.53	1966500
1990-03-09	0.53	0.53	0.52	0.52	1372500
1990-03-12	0.53	0.53	0.52	0.52	925500
1990-03-13	0.53	0.54	0.52	0.52	4318500
1990-03-14	0.53	0.54	0.52	0.53	4452000
1990-03-15	0.54	0.55	0.53	0.53	1287000
1990-03-16	0.53	0.55	0.53	0.54	2323500
1990-03-19	0.54	0.54	0.53	0.54	1605000
1990-03-20	0.52	0.54	0.52	0.54	1213500
1990-03-21	0.53	0.53	0.52	0.52	3393000
1990-03-22	0.52	0.53	0.52	0.53	2899500
1990-03-23	0.52	0.53	0.52	0.53	1554000
1990-03-26	0.52	0.53	0.52	0.53	2518500
1990-03-27	0.54	0.55	0.53	0.53	2239500
1990-03-28	0.54	0.55	0.53	0.55	919500
1990-03-29	0.53	0.53	0.52	0.53	1836000
1990-03-30	0.52	0.53	0.52	0.52	1515000
1990-04-02	0.51	0.51	0.51	0.51	2997000
1990-04-03	0.53	0.53	0.51	0.51	4237500
1990-04-04	0.51	0.52	0.50	0.52	3816000
1990-04-05	0.50	0.51	0.49	0.51	2254500
1990-04-06	0.50	0.50	0.49	0.50	2161500
1990-04-09	0.50	0.50	0.50	0.50	2010000
1990-04-10	0.50	0.50	0.49	0.50	3001500
1990-04-11	0.50	0.50	0.49	0.49	4527000
1990-04-12	0.50	0.50	0.49	0.49	2320500
1990-04-16	0.50	0.50	0.49	0.50	1404000
1990-04-17	0.50	0.50	0.49	0.49	2742000
1990-04-18	0.49	0.50	0.49	0.50	1624500
1990-04-19	0.49	0.49	0.48	0.49	1398000
1990-04-20	0.49	0.49	0.47	0.48	1968000
1990-04-23	0.48	0.49	0.48	0.49	1053000
1990-04-24	0.48	0.49	0.48	0.48	942000
1990-04-25	0.49	0.49	0.48	0.48	1026000
1990-04-26	0.49	0.50	0.49	0.49	3258000
1990-04-27	0.48	0.50	0.48	0.50	931500
1990-04-30	0.49	0.49	0.48	0.48	1447500
1990-05-01	0.50	0.50	0.49	0.49	1552500
1990-05-02	0.50	0.50	0.49	0.50	1078500
1990-05-03	0.50	0.51	0.49	0.50	2061000
1990-05-04	0.50	0.50	0.49	0.50	2595000
1990-05-07	0.49	0.50	0.49	0.50	2236500
1990-05-08	0.50	0.50	0.49	0.49	3571500
1990-05-09	0.50	0.50	0.49	0.50	5632500
1990-05-10	0.52	0.52	0.50	0.50	4257000
1990-05-11	0.54	0.55	0.53	0.53	4354500
1990-05-14	0.53	0.55	0.53	0.54	2337000
1990-05-15	0.55	0.55	0.53	0.53	4642500
1990-05-16	0.54	0.55	0.54	0.54	1417500
1990-05-17	0.54	0.55	0.54	0.54	1245000
1990-05-18	0.53	0.54	0.53	0.54	1111500
1990-05-21	0.54	0.54	0.53	0.53	2824500
1990-05-22	0.54	0.55	0.54	0.54	1806000
1990-05-23	0.53	0.54	0.53	0.54	1335000
1990-05-24	0.53	0.54	0.53	0.54	3649500
1990-05-25	0.53	0.54	0.53	0.54	1116000
1990-05-29	0.55	0.56	0.53	0.53	1806000
1990-05-30	0.54	0.56	0.53	0.55	2830500
1990-05-31	0.54	0.55	0.54	0.54	3015000
1990-06-01	0.54	0.55	0.53	0.54	2661000
1990-06-04	0.53	0.54	0.53	0.54	2692500
1990-06-05	0.55	0.55	0.54	0.55	3232500
1990-06-06	0.55	0.57	0.54	0.54	5787000
1990-06-07	0.55	0.56	0.55	0.56	3129000
1990-06-08	0.54	0.56	0.54	0.56	3927000
1990-06-11	0.55	0.55	0.54	0.54	541500
1990-06-12	0.55	0.56	0.54	0.56	2401500
1990-06-13	0.55	0.56	0.55	0.56	1447500
1990-06-14	0.56	0.56	0.55	0.56	2014500
1990-06-15	0.56	0.56	0.55	0.56	1536000
1990-06-18	0.57	0.58	0.57	0.57	2575500
1990-06-19	0.57	0.57	0.57	0.57	1669500
1990-06-20	0.57	0.57	0.56	0.57	1698000
1990-06-21	0.57	0.57	0.56	0.57	2181000
1990-06-22	0.56	0.57	0.56	0.57	963000
1990-06-25	0.57	0.57	0.57	0.57	3318000
1990-06-26	0.55	0.57	0.55	0.57	711000
1990-06-27	0.56	0.56	0.55	0.56	864000
1990-06-28	0.58	0.59	0.54	0.55	2809500
1990-06-29	0.57	0.57	0.57	0.57	1698000
1990-07-02	0.57	0.58	0.57	0.57	970500
1990-07-03	0.58	0.58	0.57	0.58	2122500
1990-07-05	0.58	0.58	0.58	0.58	1588500
1990-07-06	0.57	0.58	0.57	0.58	1441500
1990-07-09	0.59	0.59	0.57	0.57	1350000
1990-07-10	0.59	0.61	0.58	0.59	3294000
1990-07-11	0.60	0.60	0.59	0.59	2341500
1990-07-12	0.59	0.60	0.59	0.59	1302000
1990-07-13	0.60	0.61	0.59	0.59	3208500
1990-07-16	0.61	0.61	0.60	0.60	3208500
1990-07-17	0.61	0.62	0.61	0.61	1767000
1990-07-18	0.60	0.61	0.59	0.61	1039500
1990-07-19	0.60	0.60	0.59	0.59	1920000
1990-07-20	0.62	0.62	0.60	0.60	3156000
1990-07-23	0.61	0.61	0.58	0.61	5026500
1990-07-24	0.59	0.61	0.59	0.60	3636000
1990-07-25	0.60	0.60	0.59	0.60	2305500
1990-07-26	0.60	0.60	0.59	0.60	4237500
1990-07-27	0.60	0.60	0.59	0.59	1653000
1990-07-30	0.59	0.59	0.58	0.59	2368500
1990-07-31	0.59	0.60	0.58	0.59	1842000
1990-08-01	0.59	0.60	0.58	0.59	1732500
1990-08-02	0.59	0.59	0.57	0.59	1924500
1990-08-03	0.56	0.58	0.54	0.58	3603000
1990-08-06	0.54	0.56	0.52	0.53	3673500
1990-08-07	0.53	0.54	0.53	0.54	2140500
1990-08-08	0.58	0.58	0.53	0.53	1953000
1990-08-09	0.56	0.57	0.56	0.57	1599000
1990-08-10	0.56	0.58	0.56	0.57	1765500
1990-08-13	0.57	0.57	0.54	0.56	889500
1990-08-14	0.56	0.58	0.55	0.57	2364000
1990-08-15	0.56	0.56	0.55	0.56	3313500
1990-08-16	0.55	0.56	0.55	0.55	1708500
1990-08-17	0.54	0.55	0.53	0.54	2215500
1990-08-20	0.53	0.54	0.53	0.54	1278000
1990-08-21	0.53	0.53	0.51	0.52	4081500
1990-08-22	0.52	0.53	0.52	0.53	1200000
1990-08-23	0.48	0.51	0.48	0.51	3597000
1990-08-24	0.50	0.51	0.49	0.49	2185500
1990-08-27	0.53	0.53	0.52	0.52	1273500
1990-08-28	0.52	0.53	0.52	0.53	577500
1990-08-29	0.53	0.53	0.52	0.52	601500
1990-08-30	0.52	0.53	0.52	0.53	624000
1990-08-31	0.51	0.52	0.51	0.52	649500
1990-09-04	0.53	0.53	0.50	0.50	834000
1990-09-05	0.54	0.54	0.52	0.52	1534500
1990-09-06	0.55	0.55	0.54	0.54	1884000
1990-09-07	0.55	0.55	0.55	0.55	675000
1990-09-10	0.55	0.56	0.55	0.56	1257000
1990-09-11	0.56	0.56	0.55	0.55	1372500
1990-09-12	0.56	0.56	0.54	0.55	1182000
1990-09-13	0.55	0.56	0.54	0.56	1152000
1990-09-14	0.55	0.55	0.54	0.55	1117500
1990-09-17	0.55	0.55	0.53	0.54	535500
1990-09-18	0.54	0.54	0.53	0.54	2367000
1990-09-19	0.52	0.54	0.52	0.54	963000
1990-09-20	0.52	0.53	0.51	0.52	2860500
1990-09-21	0.51	0.53	0.51	0.53	1656000
1990-09-24	0.49	0.52	0.49	0.52	1725000
1990-09-25	0.50	0.51	0.50	0.50	700500
1990-09-26	0.50	0.50	0.49	0.50	1576500
1990-09-27	0.47	0.51	0.47	0.51	1140000
1990-09-28	0.48	0.48	0.43	0.46	2736000
1990-10-01	0.50	0.50	0.47	0.48	2442000
1990-10-02	0.52	0.52	0.50	0.51	3940500
1990-10-03	0.50	0.52	0.50	0.51	1578000
1990-10-04	0.50	0.50	0.48	0.50	750000
1990-10-05	0.47	0.49	0.47	0.49	2127000
1990-10-08	0.48	0.48	0.47	0.48	2049000
1990-10-09	0.46	0.47	0.46	0.47	2584500
1990-10-10	0.45	0.47	0.45	0.46	2088000
1990-10-11	0.45	0.47	0.45	0.46	1143000
1990-10-12	0.46	0.46	0.45	0.45	1566000
1990-10-15	0.47	0.47	0.46	0.47	1588500
1990-10-16	0.47	0.49	0.47	0.47	2515500
1990-10-17	0.47	0.48	0.47	0.47	1219500
1990-10-18	0.47	0.48	0.47	0.47	711000
1990-10-19	0.51	0.51	0.48	0.48	1920000
1990-10-22	0.50	0.51	0.50	0.50	756000
1990-10-23	0.50	0.50	0.49	0.50	1045500
1990-10-24	0.51	0.51	0.49	0.50	697500
1990-10-25	0.51	0.51	0.51	0.51	532500
1990-10-26	0.51	0.51	0.50	0.50	613500
1990-10-29	0.54	0.54	0.51	0.51	2691000
1990-10-30	0.53	0.54	0.53	0.54	982500
1990-10-31	0.53	0.54	0.53	0.54	1303500
1990-11-01	0.54	0.54	0.53	0.53	1413000
1990-11-02	0.55	0.55	0.53	0.54	2605500
1990-11-05	0.54	0.55	0.53	0.55	1417500
1990-11-06	0.54	0.54	0.53	0.54	495000
1990-11-07	0.53	0.54	0.53	0.54	442500
1990-11-08	0.52	0.53	0.52	0.53	897000
1990-11-09	0.53	0.53	0.52	0.53	1174500
1990-11-12	0.54	0.54	0.53	0.53	816000
1990-11-13	0.55	0.55	0.54	0.54	1000500
1990-11-14	0.54	0.55	0.54	0.54	1375500
1990-11-15	0.56	0.56	0.54	0.54	1780500
1990-11-16	0.55	0.56	0.55	0.55	1681500
1990-11-19	0.58	0.58	0.56	0.57	2371500
1990-11-20	0.59	0.59	0.57	0.58	2157000
1990-11-21	0.59	0.59	0.58	0.58	1377000
1990-11-23	0.59	0.60	0.59	0.59	1867500
1990-11-26	0.59	0.59	0.58	0.59	1009500
1990-11-27	0.59	0.59	0.58	0.59	1018500
1990-11-28	0.60	0.62	0.59	0.59	2019000
1990-11-29	0.61	0.62	0.60	0.60	2209500
1990-11-30	0.61	0.61	0.60	0.61	2080500
1990-12-03	0.63	0.63	0.61	0.61	2154000
1990-12-04	0.61	0.63	0.61	0.63	1623000
1990-12-05	0.61	0.61	0.60	0.60	810000
1990-12-06	0.61	0.62	0.61	0.61	2064000
1990-12-07	0.64	0.64	0.61	0.62	2956500
1990-12-10	0.64	0.64	0.62	0.64	1857000
1990-12-11	0.64	0.64	0.62	0.63	2596500
1990-12-12	0.66	0.68	0.64	0.64	4990500
1990-12-13	0.66	0.67	0.65	0.66	2358000
1990-12-14	0.67	0.67	0.65	0.65	3532500
1990-12-17	0.65	0.66	0.64	0.66	1779000
1990-12-18	0.68	0.68	0.65	0.65	3189000
1990-12-19	0.68	0.68	0.68	0.68	4777500
1990-12-20	0.69	0.69	0.67	0.68	2478000
1990-12-21	0.69	0.69	0.68	0.69	2427000
1990-12-24	0.68	0.69	0.68	0.69	726000
1990-12-26	0.69	0.69	0.68	0.68	1542000
1990-12-27	0.69	0.69	0.68	0.68	3265500
1990-12-28	0.69	0.69	0.68	0.68	1155000
1990-12-31	0.69	0.69	0.68	0.69	1479000
1991-01-02	0.68	0.69	0.67	0.68	3477000
1991-01-03	0.65	0.68	0.65	0.68	2038500
1991-01-04	0.66	0.68	0.64	0.65	3234000
1991-01-07	0.66	0.67	0.66	0.66	2041500
1991-01-08	0.66	0.67	0.65	0.67	2886000
1991-01-09	0.67	0.68	0.65	0.65	2995500
1991-01-10	0.68	0.68	0.67	0.67	3558000
1991-01-11	0.71	0.71	0.68	0.68	4840500
1991-01-14	0.67	0.69	0.67	0.69	3427500
1991-01-15	0.68	0.68	0.67	0.68	3082500
1991-01-16	0.67	0.68	0.67	0.68	3715500
1991-01-17	0.70	0.72	0.69	0.70	7759500
1991-01-18	0.69	0.70	0.69	0.69	2917500
1991-01-21	0.71	0.72	0.69	0.69	2464500
1991-01-22	0.69	0.71	0.69	0.71	5022000
1991-01-23	0.71	0.71	0.69	0.70	1326000
1991-01-24	0.72	0.73	0.71	0.71	3693000
1991-01-25	0.74	0.75	0.72	0.72	4291500
1991-01-28	0.76	0.76	0.74	0.74	4306500
1991-01-29	0.75	0.76	0.74	0.75	3778500
1991-01-30	0.77	0.78	0.75	0.75	5001000
1991-01-31	0.74	0.77	0.74	0.77	3721500
1991-02-01	0.76	0.77	0.75	0.75	4617000
1991-02-04	0.78	0.79	0.77	0.78	4870500
1991-02-05	0.83	0.84	0.79	0.79	10416000
1991-02-06	0.88	0.88	0.82	0.83	9804000
1991-02-07	0.83	0.88	0.83	0.87	10143000
1991-02-08	0.85	0.85	0.83	0.83	7275000
1991-02-11	0.89	0.90	0.86	0.86	5145000
1991-02-12	0.85	0.89	0.83	0.86	5253000
1991-02-13	0.88	0.89	0.84	0.85	6534000
1991-02-14	0.89	0.90	0.88	0.89	3507000
1991-02-15	0.90	0.90	0.85	0.88	3223500
1991-02-19	0.91	0.91	0.90	0.90	4968000
1991-02-20	0.89	0.90	0.88	0.90	3088500
1991-02-21	0.85	0.88	0.84	0.88	1776000
1991-02-22	0.85	0.86	0.84	0.84	2556000
1991-02-25	0.83	0.86	0.81	0.86	2482500
1991-02-26	0.83	0.83	0.81	0.82	1069500
1991-02-27	0.85	0.86	0.83	0.83	2077500
1991-02-28	0.85	0.86	0.84	0.85	3159000
1991-03-01	0.84	0.85	0.84	0.85	1770000
1991-03-04	0.83	0.85	0.83	0.85	1323000
1991-03-05	0.83	0.84	0.81	0.82	1272000
1991-03-06	0.83	0.85	0.83	0.84	1842000
1991-03-07	0.81	0.83	0.81	0.83	2184000
1991-03-08	0.81	0.82	0.81	0.82	4671000
1991-03-11	0.81	0.81	0.80	0.80	1732500
1991-03-12	0.80	0.80	0.79	0.80	2262000
1991-03-13	0.80	0.81	0.79	0.79	1188000
1991-03-14	0.80	0.81	0.80	0.80	1476000
1991-03-15	0.82	0.82	0.80	0.80	2947500
1991-03-18	0.81	0.82	0.81	0.82	1651500
1991-03-19	0.81	0.81	0.79	0.81	3259500
1991-03-20	0.76	0.78	0.76	0.78	2149500
1991-03-21	0.81	0.81	0.77	0.77	3069000
1991-03-22	0.80	0.81	0.79	0.81	3022500
1991-03-25	0.81	0.82	0.80	0.80	1909500
1991-03-26	0.81	0.82	0.81	0.81	1381500
1991-03-27	0.85	0.86	0.82	0.82	5050500
1991-03-28	0.84	0.86	0.83	0.85	1651500
1991-04-01	0.83	0.84	0.82	0.83	2148000
1991-04-02	0.84	0.85	0.83	0.83	1527000
1991-04-03	0.84	0.85	0.84	0.85	1767000
1991-04-04	0.85	0.85	0.83	0.84	1197000
1991-04-05	0.85	0.86	0.85	0.85	2386500
1991-04-08	0.89	0.89	0.85	0.85	3729000
1991-04-09	0.88	0.90	0.88	0.89	2550000
1991-04-10	0.85	0.87	0.84	0.87	1701000
1991-04-11	0.87	0.87	0.84	0.84	1174500
1991-04-12	0.87	0.88	0.86	0.86	1647000
1991-04-15	0.90	0.90	0.87	0.87	3711000
1991-04-16	0.95	0.95	0.92	0.92	5149500
1991-04-17	0.97	0.98	0.94	0.95	4444500
1991-04-18	0.95	0.97	0.95	0.96	2179500
1991-04-19	0.92	0.94	0.89	0.94	2436000
1991-04-22	0.90	0.92	0.90	0.91	1386000
1991-04-23	0.90	0.93	0.89	0.92	1558500
1991-04-24	0.92	0.92	0.90	0.90	1189500
1991-04-25	0.90	0.93	0.90	0.92	1468500
1991-04-26	0.92	0.93	0.90	0.91	1021500
1991-04-29	0.92	0.93	0.91	0.92	2148000
1991-04-30	0.91	0.93	0.89	0.92	1201500
1991-05-01	0.89	0.91	0.88	0.91	4197000
1991-05-02	0.86	0.89	0.86	0.89	1146000
1991-05-03	0.85	0.86	0.85	0.86	2050500
1991-05-06	0.86	0.86	0.82	0.83	6244500
1991-05-07	0.85	0.86	0.85	0.86	372000
1991-05-08	0.84	0.85	0.84	0.85	1536000
1991-05-09	0.84	0.85	0.83	0.84	1474500
1991-05-10	0.82	0.84	0.82	0.84	1603500
1991-05-13	0.84	0.84	0.83	0.83	1656000
1991-05-14	0.83	0.84	0.83	0.84	1360500
1991-05-15	0.79	0.82	0.78	0.82	1306500
1991-05-16	0.84	0.84	0.80	0.80	1686000
1991-05-17	0.82	0.83	0.82	0.83	460500
1991-05-20	0.83	0.84	0.82	0.83	726000
1991-05-21	0.84	0.84	0.83	0.83	1338000
1991-05-22	0.84	0.85	0.84	0.84	1935000
1991-05-23	0.84	0.85	0.84	0.84	1134000
1991-05-24	0.84	0.85	0.84	0.84	1720500
1991-05-28	0.83	0.85	0.83	0.85	1905000
1991-05-29	0.83	0.84	0.83	0.84	1480500
1991-05-30	0.85	0.85	0.82	0.83	4669500
1991-05-31	0.84	0.84	0.82	0.84	2779500
1991-06-03	0.81	0.84	0.80	0.83	1641000
1991-06-04	0.85	0.85	0.81	0.81	2313000
1991-06-05	0.84	0.86	0.84	0.85	1647000
1991-06-06	0.84	0.85	0.84	0.84	859500
1991-06-07	0.84	0.86	0.83	0.84	1572000
1991-06-10	0.81	0.84	0.81	0.84	630000
1991-06-11	0.81	0.84	0.81	0.81	1446000
1991-06-12	0.79	0.81	0.79	0.81	993000
1991-06-13	0.79	0.81	0.79	0.79	2154000
1991-06-14	0.78	0.80	0.78	0.79	1231500
1991-06-17	0.78	0.79	0.78	0.79	1249500
1991-06-18	0.79	0.79	0.79	0.79	1375500
1991-06-19	0.75	0.79	0.74	0.79	1801500
1991-06-20	0.78	0.78	0.75	0.75	3354000
1991-06-21	0.78	0.79	0.78	0.78	1690500
1991-06-24	0.77	0.78	0.77	0.78	1192500
1991-06-25	0.74	0.77	0.74	0.77	744000
1991-06-26	0.75	0.75	0.74	0.75	1629000
1991-06-27	0.79	0.80	0.75	0.75	1935000
1991-06-28	0.79	0.79	0.77	0.79	2224500
1991-07-01	0.79	0.81	0.79	0.80	841500
1991-07-02	0.79	0.79	0.79	0.79	2740500
1991-07-03	0.79	0.79	0.77	0.79	1576500
1991-07-05	0.79	0.80	0.78	0.79	1045500
1991-07-08	0.79	0.79	0.78	0.78	880500
1991-07-09	0.78	0.79	0.78	0.79	1537500
1991-07-10	0.77	0.78	0.77	0.77	988500
1991-07-11	0.77	0.78	0.77	0.78	894000
1991-07-12	0.77	0.78	0.76	0.77	558000
1991-07-15	0.77	0.78	0.77	0.78	1137000
1991-07-16	0.76	0.77	0.75	0.76	726000
1991-07-17	0.77	0.77	0.75	0.76	1095000
1991-07-18	0.76	0.77	0.76	0.77	1755000
1991-07-19	0.76	0.77	0.76	0.77	3153000
1991-07-22	0.76	0.76	0.75	0.76	3145500
1991-07-23	0.76	0.77	0.76	0.77	2238000
1991-07-24	0.77	0.77	0.76	0.77	2013000
1991-07-25	0.78	0.78	0.77	0.77	807000
1991-07-26	0.81	0.81	0.78	0.78	2317500
1991-07-29	0.86	0.86	0.82	0.82	5883000
1991-07-30	0.87	0.88	0.85	0.85	3237000
1991-07-31	0.89	0.89	0.86	0.87	2901000
1991-08-01	0.88	0.90	0.87	0.89	6436500
1991-08-02	0.88	0.89	0.88	0.88	2734500
1991-08-05	0.88	0.89	0.88	0.89	1303500
1991-08-06	0.88	0.88	0.87	0.87	3748500
1991-08-07	0.88	0.90	0.88	0.88	1663500
1991-08-08	0.87	0.89	0.87	0.89	1990500
1991-08-09	0.87	0.88	0.87	0.88	1593000
1991-08-12	0.87	0.87	0.85	0.86	1069500
1991-08-13	0.87	0.88	0.87	0.87	2140500
1991-08-14	0.88	0.88	0.87	0.88	1384500
1991-08-15	0.88	0.88	0.87	0.88	1500000
1991-08-16	0.86	0.88	0.86	0.88	2488500
1991-08-19	0.85	0.85	0.81	0.83	2362500
1991-08-20	0.83	0.86	0.83	0.85	1596000
1991-08-21	0.85	0.86	0.83	0.84	2331000
1991-08-22	0.87	0.87	0.85	0.86	2791500
1991-08-23	0.87	0.88	0.86	0.87	3828000
1991-08-26	0.87	0.88	0.86	0.87	876000
1991-08-27	0.88	0.88	0.86	0.87	2110500
1991-08-28	0.88	0.89	0.88	0.88	1042500
1991-08-29	0.88	0.88	0.87	0.88	1440000
1991-08-30	0.88	0.88	0.88	0.88	519000
1991-09-03	0.88	0.89	0.87	0.87	1923000
1991-09-04	0.88	0.88	0.87	0.88	1455000
1991-09-05	0.88	0.89	0.88	0.88	1342500
1991-09-06	0.88	0.88	0.87	0.87	829500
1991-09-09	0.87	0.88	0.87	0.87	807000
1991-09-10	0.83	0.87	0.82	0.87	1518000
1991-09-11	0.87	0.87	0.83	0.83	3523500
1991-09-12	0.87	0.87	0.86	0.87	1141500
1991-09-13	0.88	0.88	0.86	0.87	1774500
1991-09-16	0.86	0.87	0.86	0.87	991500
1991-09-17	0.87	0.88	0.86	0.86	1986000
1991-09-18	0.86	0.87	0.86	0.87	1108500
1991-09-19	0.89	0.90	0.87	0.87	3226500
1991-09-20	0.89	0.90	0.88	0.89	1873500
1991-09-23	0.89	0.90	0.88	0.89	3649500
1991-09-24	0.88	0.89	0.88	0.88	4284000
1991-09-25	0.86	0.88	0.86	0.88	1489500
1991-09-26	0.88	0.88	0.85	0.85	1150500
1991-09-27	0.90	0.90	0.88	0.88	2115000
1991-09-30	0.90	0.90	0.88	0.90	2439000
1991-10-01	0.89	0.91	0.89	0.90	2812500
1991-10-02	0.86	0.90	0.85	0.89	1002000
1991-10-03	0.87	0.88	0.86	0.86	1542000
1991-10-04	0.89	0.89	0.88	0.88	1663500
1991-10-07	0.88	0.89	0.88	0.88	514500
1991-10-08	0.88	0.88	0.87	0.87	1182000
1991-10-09	0.88	0.89	0.88	0.88	1539000
1991-10-10	0.88	0.88	0.87	0.88	1021500
1991-10-11	0.87	0.88	0.87	0.88	847500
1991-10-14	0.88	0.89	0.87	0.87	742500
1991-10-15	0.91	0.91	0.88	0.88	3609000
1991-10-16	0.95	0.95	0.91	0.91	3372000
1991-10-17	0.92	0.94	0.91	0.94	2214000
1991-10-18	0.93	0.94	0.91	0.91	1170000
1991-10-21	0.93	0.93	0.92	0.92	1087500
1991-10-22	0.91	0.93	0.91	0.93	1683000
1991-10-23	0.92	0.92	0.91	0.91	462000
1991-10-24	0.89	0.92	0.89	0.92	1183500
1991-10-25	0.92	0.93	0.89	0.89	2187000
1991-10-28	0.92	0.94	0.91	0.93	1860000
1991-10-29	0.98	0.98	0.93	0.93	4390500
1991-10-30	0.99	0.99	0.97	0.98	1882500
1991-10-31	1.01	1.02	0.99	0.99	3795000
1991-11-01	1.03	1.03	1.01	1.01	3244500
1991-11-04	1.03	1.03	1.02	1.03	4489500
1991-11-05	1.02	1.03	1.01	1.02	2137500
1991-11-06	1.03	1.04	1.02	1.02	1212000
1991-11-07	1.06	1.07	1.03	1.03	2296500
1991-11-08	1.06	1.08	1.06	1.06	5532000
1991-11-11	1.06	1.07	1.06	1.06	1954500
1991-11-12	1.09	1.09	1.07	1.07	1918500
1991-11-13	1.07	1.08	1.07	1.08	1230000
1991-11-14	1.06	1.08	1.06	1.07	2095500
1991-11-15	1.03	1.06	1.03	1.06	1947000
1991-11-18	1.02	1.02	0.99	1.01	1914000
1991-11-19	0.97	1.01	0.97	1.01	3816000
1991-11-20	0.96	0.98	0.95	0.97	1801500
1991-11-21	1.00	1.00	0.96	0.96	1684500
1991-11-22	0.97	1.00	0.97	0.99	610500
1991-11-25	0.96	0.97	0.95	0.97	2971500
1991-11-26	0.95	0.96	0.94	0.95	3445500
1991-11-27	0.97	0.98	0.95	0.95	688500
1991-11-29	0.98	0.99	0.97	0.97	141000
1991-12-02	1.02	1.02	0.97	0.98	2352000
1991-12-03	1.00	1.02	1.00	1.02	1471500
1991-12-04	1.01	1.02	0.99	1.00	1585500
1991-12-05	1.01	1.01	1.00	1.00	301500
1991-12-06	1.02	1.02	1.00	1.00	2080500
1991-12-09	1.02	1.02	1.01	1.02	916500
1991-12-10	0.99	1.01	0.99	1.01	883500
1991-12-11	0.99	1.00	0.99	0.99	487500
1991-12-12	1.01	1.01	0.99	1.00	3244500
1991-12-13	1.02	1.02	1.01	1.01	2655000
1991-12-16	1.05	1.05	1.02	1.02	2395500
1991-12-17	1.04	1.06	1.04	1.05	1546500
1991-12-18	1.02	1.04	1.02	1.04	2140500
1991-12-19	1.01	1.02	1.00	1.02	1222500
1991-12-20	1.03	1.04	1.01	1.02	1950000
1991-12-23	1.05	1.06	1.04	1.04	2712000
1991-12-24	1.08	1.08	1.05	1.05	1273500
1991-12-26	1.10	1.10	1.08	1.08	883500
1991-12-27	1.11	1.11	1.09	1.09	1504500
1991-12-30	1.13	1.14	1.11	1.12	2878500
1991-12-31	1.09	1.14	1.09	1.13	1507500
1992-01-02	1.09	1.10	1.07	1.10	3571500
1992-01-03	1.10	1.12	1.09	1.09	1533000
1992-01-06	1.13	1.13	1.11	1.11	1437000
1992-01-07	1.15	1.16	1.13	1.13	1585500
1992-01-08	1.18	1.20	1.15	1.15	4324500
1992-01-09	1.18	1.20	1.18	1.18	8830500
1992-01-10	1.16	1.17	1.14	1.17	1371000
1992-01-13	1.13	1.16	1.13	1.16	1534500
1992-01-14	1.15	1.16	1.13	1.13	2193000
1992-01-15	1.14	1.15	1.13	1.14	1393500
1992-01-16	1.08	1.14	1.08	1.14	3312000
1992-01-17	1.09	1.10	1.08	1.09	2269500
1992-01-20	1.10	1.10	1.09	1.09	1011000
1992-01-21	1.09	1.10	1.08	1.09	1197000
1992-01-22	1.08	1.09	1.08	1.09	934500
1992-01-23	1.09	1.09	1.08	1.08	1084500
1992-01-24	1.12	1.12	1.09	1.10	1795500
1992-01-27	1.10	1.12	1.09	1.12	561000
1992-01-28	1.09	1.09	1.08	1.09	652500
1992-01-29	1.10	1.10	1.08	1.10	1587000
1992-01-30	1.08	1.10	1.08	1.10	1486500
1992-01-31	1.08	1.09	1.08	1.09	1260000
1992-02-03	1.10	1.11	1.08	1.08	4507500
1992-02-04	1.11	1.11	1.09	1.10	2515500
1992-02-05	1.14	1.15	1.12	1.13	4015500
1992-02-06	1.12	1.17	1.12	1.16	2679000
1992-02-07	1.10	1.12	1.10	1.11	2323500
1992-02-10	1.10	1.10	1.09	1.09	1477500
1992-02-11	1.10	1.11	1.10	1.10	2124000
1992-02-12	1.14	1.14	1.10	1.10	1383000
1992-02-13	1.12	1.14	1.10	1.13	2569500
1992-02-14	1.10	1.12	1.10	1.12	286500
1992-02-18	1.09	1.11	1.09	1.11	753000
1992-02-19	1.07	1.09	1.07	1.08	1063500
1992-02-20	1.10	1.10	1.08	1.08	1762500
1992-02-21	1.11	1.13	1.11	1.11	3231000
1992-02-24	1.11	1.12	1.11	1.12	582000
1992-02-25	1.11	1.12	1.09	1.12	1261500
1992-02-26	1.09	1.10	1.09	1.10	1258500
1992-02-27	1.10	1.10	1.10	1.10	2197500
1992-02-28	1.10	1.10	1.10	1.10	609000
1992-03-02	1.09	1.10	1.08	1.10	2862000
1992-03-03	1.09	1.10	1.08	1.09	1954500
1992-03-04	1.08	1.09	1.08	1.09	2427000
1992-03-05	1.06	1.08	1.06	1.07	883500
1992-03-06	1.06	1.07	1.06	1.06	1626000
1992-03-09	1.05	1.06	1.03	1.06	2686500
1992-03-10	1.07	1.08	1.05	1.05	2941500
1992-03-11	1.08	1.08	1.06	1.06	1563000
1992-03-12	1.07	1.07	1.06	1.06	1512000
1992-03-13	1.06	1.06	1.06	1.06	2161500
1992-03-16	1.05	1.06	1.05	1.06	862500
1992-03-17	1.03	1.05	1.03	1.05	951000
1992-03-18	1.01	1.03	1.01	1.03	1695000
1992-03-19	1.01	1.03	1.01	1.01	1882500
1992-03-20	1.02	1.02	1.01	1.01	1504500
1992-03-23	1.01	1.02	1.01	1.01	1038000
1992-03-24	1.01	1.02	1.01	1.01	2961000
1992-03-25	0.99	1.01	0.99	1.01	775500
1992-03-26	1.02	1.02	0.99	0.99	3550500
1992-03-27	1.01	1.03	1.01	1.03	2800500
1992-03-30	1.01	1.02	1.01	1.01	1815000
1992-03-31	1.01	1.01	1.00	1.01	2263500
1992-04-01	1.01	1.01	0.99	1.00	1171500
1992-04-02	0.98	1.01	0.97	1.00	3244500
1992-04-03	0.95	0.98	0.95	0.98	2398500
1992-04-06	0.98	0.99	0.94	0.95	2707500
1992-04-07	0.96	0.99	0.96	0.98	1419000
1992-04-08	0.92	0.95	0.89	0.94	5653500
1992-04-09	0.96	0.96	0.92	0.93	6180000
1992-04-10	0.96	0.99	0.96	0.98	3856500
1992-04-13	1.01	1.01	0.95	0.96	2877000
1992-04-14	1.03	1.05	1.01	1.01	3306000
1992-04-15	1.01	1.02	1.00	1.02	1720500
1992-04-16	0.99	0.99	0.98	0.99	1836000
1992-04-20	0.94	0.99	0.94	0.99	4518000
1992-04-21	0.97	0.97	0.88	0.94	9237000
1992-04-22	0.94	0.96	0.94	0.96	1291500
1992-04-23	0.96	0.97	0.95	0.95	2169000
1992-04-24	0.95	0.96	0.95	0.95	1293000
1992-04-27	0.96	0.98	0.96	0.97	1398000
1992-04-28	0.95	0.95	0.94	0.95	1920000
1992-04-29	1.02	1.02	0.95	0.95	2125500
1992-04-30	1.05	1.06	1.03	1.03	3165000
1992-05-01	1.01	1.04	1.01	1.04	1926000
1992-05-04	1.03	1.04	1.01	1.01	1620000
1992-05-05	1.04	1.05	1.04	1.04	675000
1992-05-06	1.04	1.04	1.03	1.04	2188500
1992-05-07	1.03	1.03	1.02	1.03	1072500
1992-05-08	1.03	1.05	1.03	1.03	898500
1992-05-11	1.03	1.04	1.03	1.04	634500
1992-05-12	1.02	1.03	1.02	1.02	529500
1992-05-13	1.04	1.04	1.03	1.03	993000
1992-05-14	1.04	1.04	1.02	1.03	1059000
1992-05-15	1.03	1.03	1.02	1.03	972000
1992-05-18	1.05	1.07	1.03	1.03	3679500
1992-05-19	1.04	1.06	1.04	1.05	822000
1992-05-20	1.06	1.06	1.04	1.06	1485000
1992-05-21	1.07	1.07	1.05	1.06	1783500
1992-05-22	1.06	1.06	1.05	1.06	631500
1992-05-26	1.04	1.06	1.03	1.06	496500
1992-05-27	1.05	1.05	1.04	1.04	267000
1992-05-28	1.07	1.07	1.05	1.05	861000
1992-05-29	1.06	1.07	1.06	1.06	570000
1992-06-01	1.10	1.11	1.06	1.06	3708000
1992-06-02	1.10	1.11	1.09	1.11	1291500
1992-06-03	1.11	1.12	1.10	1.10	1119000
1992-06-04	1.08	1.12	1.08	1.11	1716000
1992-06-05	1.09	1.09	1.08	1.08	996000
1992-06-08	1.08	1.09	1.06	1.08	2248500
1992-06-09	1.05	1.07	1.05	1.07	943500
1992-06-10	1.06	1.07	1.06	1.06	1029000
1992-06-11	1.07	1.07	1.04	1.06	1578000
1992-06-12	1.07	1.09	1.07	1.07	651000
1992-06-15	1.07	1.08	1.06	1.06	1591500
1992-06-16	1.05	1.06	1.05	1.06	655500
1992-06-17	1.02	1.05	1.00	1.05	3159000
1992-06-18	1.06	1.06	1.02	1.03	2985000
1992-06-19	1.07	1.07	1.05	1.06	1603500
1992-06-22	1.07	1.07	1.06	1.06	1929000
1992-06-23	1.07	1.09	1.06	1.06	3127500
1992-06-24	1.07	1.07	1.06	1.07	1227000
1992-06-25	1.07	1.08	1.06	1.08	2040000
1992-06-26	1.07	1.08	1.07	1.08	1338000
1992-06-29	1.10	1.10	1.08	1.08	753000
1992-06-30	1.12	1.12	1.09	1.09	1171500
1992-07-01	1.17	1.17	1.11	1.11	4603500
1992-07-02	1.15	1.18	1.13	1.17	1902000
1992-07-06	1.13	1.14	1.12	1.14	874500
1992-07-07	1.14	1.15	1.12	1.13	1144500
1992-07-08	1.15	1.16	1.13	1.14	1297500
1992-07-09	1.18	1.18	1.15	1.15	1323000
1992-07-10	1.19	1.19	1.18	1.18	1299000
1992-07-13	1.18	1.20	1.18	1.18	1894500
1992-07-14	1.19	1.20	1.18	1.19	1591500
1992-07-15	1.20	1.20	1.19	1.19	1924500
1992-07-16	1.20	1.20	1.19	1.19	1507500
1992-07-17	1.23	1.24	1.20	1.20	2352000
1992-07-20	1.22	1.23	1.21	1.22	3135000
1992-07-21	1.20	1.23	1.19	1.21	1654500
1992-07-22	1.21	1.21	1.18	1.20	1095000
1992-07-23	1.19	1.21	1.19	1.20	1006500
1992-07-24	1.19	1.20	1.17	1.18	1657500
1992-07-27	1.22	1.23	1.19	1.19	1789500
1992-07-28	1.20	1.22	1.20	1.22	847500
1992-07-29	1.24	1.25	1.21	1.21	1945500
1992-07-30	1.23	1.24	1.22	1.24	2233500
1992-07-31	1.23	1.23	1.20	1.23	1288500
1992-08-03	1.22	1.23	1.21	1.23	1284000
1992-08-04	1.20	1.22	1.19	1.22	1630500
1992-08-05	1.19	1.21	1.19	1.21	2457000
1992-08-06	1.21	1.21	1.19	1.19	1924500
1992-08-07	1.23	1.23	1.19	1.20	2260500
1992-08-10	1.21	1.22	1.21	1.22	940500
1992-08-11	1.22	1.22	1.21	1.21	1344000
1992-08-12	1.19	1.22	1.18	1.21	1702500
1992-08-13	1.19	1.21	1.18	1.19	2329500
1992-08-14	1.19	1.19	1.18	1.19	898500
1992-08-17	1.23	1.23	1.19	1.19	2521500
1992-08-18	1.22	1.22	1.21	1.22	2007000
1992-08-19	1.20	1.22	1.20	1.22	1323000
1992-08-20	1.20	1.20	1.20	1.20	829500
1992-08-21	1.19	1.22	1.19	1.21	304500
1992-08-24	1.17	1.18	1.17	1.18	1398000
1992-08-25	1.15	1.17	1.14	1.17	1614000
1992-08-26	1.17	1.17	1.15	1.15	630000
1992-08-27	1.18	1.20	1.18	1.18	1168500
1992-08-28	1.17	1.19	1.17	1.19	691500
1992-08-31	1.21	1.23	1.17	1.18	1980000
1992-09-01	1.19	1.21	1.19	1.21	1287000
1992-09-02	1.19	1.20	1.19	1.20	1069500
1992-09-03	1.20	1.21	1.19	1.19	945000
1992-09-04	1.21	1.22	1.20	1.20	418500
1992-09-08	1.22	1.23	1.20	1.20	1249500
1992-09-09	1.22	1.23	1.21	1.22	495000
1992-09-10	1.23	1.24	1.20	1.21	862500
1992-09-11	1.22	1.23	1.22	1.22	526500
1992-09-14	1.22	1.23	1.22	1.23	1221000
1992-09-15	1.10	1.22	1.10	1.22	15864000
1992-09-16	1.11	1.12	1.06	1.10	8823000
1992-09-17	1.11	1.12	1.10	1.11	4440000
1992-09-18	1.11	1.11	1.10	1.11	3300000
1992-09-21	1.11	1.11	1.10	1.11	2910000
1992-09-22	1.11	1.11	1.10	1.11	2490000
1992-09-23	1.11	1.11	1.10	1.11	1170000
1992-09-24	1.13	1.14	1.11	1.11	6481500
1992-09-25	1.15	1.15	1.13	1.13	4846500
1992-09-28	1.13	1.15	1.13	1.15	2548500
1992-09-29	1.17	1.17	1.13	1.14	2446500
1992-09-30	1.17	1.17	1.15	1.15	1363500
1992-10-01	1.17	1.17	1.16	1.16	1411500
1992-10-02	1.13	1.17	1.13	1.17	1821000
1992-10-05	1.10	1.12	1.10	1.12	3568500
1992-10-06	1.13	1.14	1.10	1.11	1429500
1992-10-07	1.12	1.13	1.11	1.12	1161000
1992-10-08	1.12	1.12	1.11	1.12	2106000
1992-10-09	1.11	1.11	1.10	1.11	1075500
1992-10-12	1.12	1.12	1.10	1.11	382500
1992-10-13	1.11	1.12	1.11	1.12	591000
1992-10-14	1.11	1.11	1.10	1.11	1582500
1992-10-15	1.10	1.11	1.10	1.10	1402500
1992-10-16	1.11	1.11	1.10	1.10	1888500
1992-10-19	1.10	1.11	1.09	1.10	3652500
1992-10-20	1.10	1.10	1.10	1.10	2712000
1992-10-21	1.10	1.11	1.09	1.10	2638500
1992-10-22	1.08	1.10	1.08	1.10	2046000
1992-10-23	1.09	1.10	1.08	1.08	2170500
1992-10-26	1.10	1.10	1.09	1.09	2241000
1992-10-27	1.12	1.12	1.11	1.11	6186000
1992-10-28	1.10	1.12	1.10	1.12	2089500
1992-10-29	1.10	1.10	1.10	1.10	900000
1992-10-30	1.10	1.10	1.09	1.10	1495500
1992-11-02	1.17	1.17	1.10	1.11	3253500
1992-11-03	1.15	1.17	1.14	1.16	3301500
1992-11-04	1.14	1.14	1.14	1.14	951000
1992-11-05	1.11	1.14	1.10	1.14	3234000
1992-11-06	1.11	1.12	1.10	1.12	1767000
1992-11-09	1.09	1.11	1.08	1.11	4296000
1992-11-10	1.10	1.10	1.08	1.09	3000000
1992-11-11	1.10	1.11	1.09	1.09	2970000
1992-11-12	1.09	1.10	1.09	1.10	2520000
1992-11-13	1.10	1.10	1.09	1.10	1185000
1992-11-16	1.09	1.10	1.09	1.09	2016000
1992-11-17	1.09	1.10	1.08	1.09	2407500
1992-11-18	1.10	1.10	1.09	1.09	3813000
1992-11-19	1.11	1.12	1.10	1.10	3159000
1992-11-20	1.12	1.13	1.10	1.10	5208000
1992-11-23	1.12	1.14	1.12	1.13	3097500
1992-11-24	1.12	1.13	1.11	1.13	1680000
1992-11-25	1.13	1.13	1.11	1.12	5197500
1992-11-27	1.17	1.17	1.13	1.13	2185500
1992-11-30	1.17	1.18	1.16	1.16	3210000
1992-12-01	1.21	1.22	1.17	1.17	3480000
1992-12-02	1.19	1.20	1.17	1.20	1500000
1992-12-03	1.18	1.19	1.17	1.19	1173000
1992-12-04	1.19	1.19	1.16	1.18	1621500
1992-12-07	1.20	1.20	1.17	1.18	1681500
1992-12-08	1.20	1.20	1.18	1.20	2196000
1992-12-09	1.21	1.21	1.19	1.20	2160000
1992-12-10	1.21	1.22	1.20	1.20	2232000
1992-12-11	1.21	1.22	1.21	1.22	754500
1992-12-14	1.22	1.23	1.21	1.21	2652000
1992-12-15	1.25	1.25	1.22	1.22	2706000
1992-12-16	1.23	1.25	1.23	1.24	1441500
1992-12-17	1.26	1.27	1.22	1.22	2053500
1992-12-18	1.26	1.27	1.25	1.26	1680000
1992-12-21	1.28	1.29	1.24	1.25	2337000
1992-12-22	1.27	1.29	1.27	1.28	1705500
1992-12-23	1.26	1.28	1.24	1.26	1419000
1992-12-24	1.25	1.27	1.25	1.26	510000
1992-12-28	1.24	1.24	1.23	1.24	2355000
1992-12-29	1.27	1.28	1.25	1.25	1855500
1992-12-30	1.28	1.29	1.26	1.28	5278500
1992-12-31	1.28	1.29	1.28	1.28	1005000
1993-01-04	1.31	1.33	1.29	1.29	3010500
1993-01-05	1.28	1.30	1.27	1.29	1426500
1993-01-06	1.29	1.29	1.27	1.28	1173000
1993-01-07	1.27	1.28	1.26	1.28	1143000
1993-01-08	1.29	1.29	1.27	1.27	1582500
1993-01-11	1.27	1.29	1.26	1.29	1722000
1993-01-12	1.27	1.28	1.26	1.27	1092000
1993-01-13	1.26	1.27	1.25	1.26	1141500
1993-01-14	1.28	1.28	1.26	1.26	1063500
1993-01-15	1.29	1.31	1.27	1.28	1260000
1993-01-18	1.29	1.30	1.29	1.29	1563000
1993-01-19	1.27	1.29	1.26	1.29	1702500
1993-01-20	1.24	1.28	1.23	1.28	3036000
1993-01-21	1.24	1.25	1.22	1.25	1989000
1993-01-22	1.26	1.26	1.23	1.24	4014000
1993-01-25	1.26	1.26	1.24	1.26	5599500
1993-01-26	1.25	1.28	1.25	1.26	2881500
1993-01-27	1.24	1.25	1.24	1.25	1294500
1993-01-28	1.24	1.26	1.24	1.25	1231500
1993-01-29	1.25	1.25	1.23	1.24	591000
1993-02-01	1.26	1.26	1.24	1.26	1515000
1993-02-02	1.27	1.28	1.25	1.26	1429500
1993-02-03	1.29	1.32	1.29	1.30	3999000
1993-02-04	1.35	1.35	1.30	1.32	5865000
1993-02-05	1.34	1.34	1.32	1.34	2298000
1993-02-08	1.35	1.35	1.34	1.34	2070000
1993-02-09	1.34	1.35	1.33	1.35	1539000
1993-02-10	1.34	1.35	1.33	1.34	1603500
1993-02-11	1.34	1.35	1.33	1.34	1278000
1993-02-12	1.34	1.35	1.34	1.35	1173000
1993-02-16	1.31	1.34	1.31	1.33	1960500
1993-02-17	1.30	1.31	1.28	1.31	1768500
1993-02-18	1.31	1.32	1.30	1.30	1872000
1993-02-19	1.29	1.29	1.26	1.29	4302000
1993-02-22	1.29	1.30	1.29	1.30	574500
1993-02-23	1.26	1.29	1.26	1.29	1210500
1993-02-24	1.29	1.30	1.27	1.27	2160000
1993-02-25	1.34	1.36	1.32	1.32	3522000
1993-02-26	1.30	1.33	1.30	1.33	1209000
1993-03-01	1.33	1.33	1.30	1.31	1426500
1993-03-02	1.35	1.35	1.32	1.33	2137500
1993-03-03	1.37	1.37	1.35	1.35	2022000
1993-03-04	1.36	1.37	1.35	1.37	981000
1993-03-05	1.35	1.37	1.35	1.36	1381500
1993-03-08	1.36	1.36	1.35	1.35	2403000
1993-03-09	1.32	1.37	1.31	1.36	27603000
1993-03-10	1.30	1.32	1.29	1.32	2032500
1993-03-11	1.32	1.32	1.29	1.31	1036500
1993-03-12	1.29	1.31	1.29	1.30	1557000
1993-03-15	1.30	1.31	1.29	1.29	1018500
1993-03-16	1.30	1.31	1.29	1.30	582000
1993-03-17	1.28	1.30	1.28	1.30	2452500
1993-03-18	1.30	1.30	1.28	1.28	2536500
1993-03-19	1.29	1.30	1.28	1.30	1675500
1993-03-22	1.28	1.29	1.27	1.29	1032000
1993-03-23	1.27	1.29	1.27	1.28	1366500
1993-03-24	1.29	1.29	1.26	1.28	2257500
1993-03-25	1.32	1.32	1.30	1.30	3070500
1993-03-26	1.33	1.34	1.32	1.32	4191000
1993-03-29	1.33	1.34	1.33	1.33	3283500
1993-03-30	1.33	1.34	1.32	1.33	2016000
1993-03-31	1.34	1.34	1.33	1.33	2079000
1993-04-01	1.34	1.35	1.34	1.34	1933500
1993-04-02	1.30	1.34	1.30	1.34	1861500
1993-04-05	1.29	1.30	1.28	1.29	1632000
1993-04-06	1.30	1.32	1.29	1.30	796500
1993-04-07	1.32	1.33	1.31	1.32	1843500
1993-04-08	1.29	1.32	1.29	1.32	1746000
1993-04-12	1.33	1.33	1.29	1.29	2677500
1993-04-13	1.35	1.38	1.32	1.33	3225000
1993-04-14	1.41	1.41	1.36	1.36	6307500
1993-04-15	1.43	1.44	1.41	1.41	2604000
1993-04-16	1.41	1.43	1.40	1.43	1764000
1993-04-19	1.41	1.42	1.40	1.41	1804500
1993-04-20	1.43	1.45	1.41	1.41	2140500
1993-04-21	1.47	1.48	1.44	1.44	2989500
1993-04-22	1.44	1.46	1.43	1.45	6180000
1993-04-23	1.42	1.44	1.41	1.43	1312500
1993-04-26	1.38	1.42	1.38	1.42	1234500
1993-04-27	1.41	1.41	1.38	1.38	1317000
1993-04-28	1.42	1.43	1.41	1.41	1213500
1993-04-29	1.41	1.43	1.41	1.42	741000
1993-04-30	1.40	1.42	1.40	1.40	882000
1993-05-03	1.42	1.43	1.39	1.40	1069500
1993-05-04	1.43	1.45	1.42	1.42	1747500
1993-05-05	1.47	1.48	1.44	1.44	2199000
1993-05-06	1.47	1.50	1.47	1.48	2913000
1993-05-07	1.46	1.48	1.45	1.46	2034000
1993-05-10	1.44	1.47	1.44	1.46	2247000
1993-05-11	1.44	1.46	1.43	1.43	1920000
1993-05-12	1.41	1.44	1.41	1.43	1987500
1993-05-13	1.42	1.42	1.40	1.41	1437000
1993-05-14	1.42	1.43	1.41	1.42	1845000
1993-05-17	1.41	1.42	1.40	1.42	1396500
1993-05-18	1.39	1.41	1.39	1.41	1851000
1993-05-19	1.41	1.41	1.39	1.40	520500
1993-05-20	1.42	1.42	1.40	1.41	1329000
1993-05-21	1.41	1.42	1.41	1.42	901500
1993-05-24	1.38	1.41	1.36	1.41	1078500
1993-05-25	1.41	1.41	1.36	1.38	2232000
1993-05-26	1.43	1.43	1.39	1.40	1831500
1993-05-27	1.45	1.45	1.42	1.43	3955500
1993-05-28	1.48	1.48	1.44	1.45	1602000
1993-06-01	1.48	1.49	1.47	1.48	3094500
1993-06-02	1.47	1.50	1.45	1.48	6268500
1993-06-03	1.45	1.45	1.44	1.45	2406000
1993-06-04	1.44	1.45	1.44	1.45	1440000
1993-06-07	1.46	1.46	1.44	1.44	1318500
1993-06-08	1.45	1.45	1.43	1.44	4945500
1993-06-09	1.46	1.47	1.45	1.46	2853000
1993-06-10	1.45	1.45	1.44	1.45	1380000
1993-06-11	1.46	1.47	1.44	1.47	804000
1993-06-14	1.47	1.47	1.46	1.47	967500
1993-06-15	1.48	1.50	1.48	1.48	1255200
1993-06-16	1.49	1.49	1.48	1.48	1525200
1993-06-17	1.35	1.48	1.34	1.48	5470800
1993-06-18	1.39	1.42	1.35	1.35	3909600
1993-06-21	1.37	1.38	1.33	1.36	6181200
1993-06-22	1.36	1.38	1.36	1.38	1940400
1993-06-23	1.36	1.37	1.34	1.35	3062400
1993-06-24	1.35	1.36	1.34	1.36	1311600
1993-06-25	1.34	1.35	1.32	1.35	708000
1993-06-28	1.31	1.33	1.31	1.33	3080400
1993-06-29	1.33	1.34	1.30	1.31	2664000
1993-06-30	1.32	1.35	1.32	1.33	880800
1993-07-01	1.35	1.36	1.32	1.32	1429200
1993-07-02	1.35	1.35	1.35	1.35	1088400
1993-07-06	1.32	1.35	1.30	1.35	1106400
1993-07-07	1.34	1.36	1.32	1.32	1238400
1993-07-08	1.37	1.37	1.32	1.35	1492800
1993-07-09	1.35	1.37	1.34	1.37	1222800
1993-07-12	1.34	1.35	1.34	1.35	824400
1993-07-13	1.37	1.38	1.35	1.36	1780800
1993-07-14	1.38	1.39	1.37	1.38	806400
1993-07-15	1.38	1.38	1.38	1.38	692400
1993-07-16	1.39	1.39	1.38	1.38	522000
1993-07-19	1.39	1.40	1.38	1.39	1194000
1993-07-20	1.37	1.38	1.36	1.38	780000
1993-07-21	1.42	1.42	1.35	1.36	1106400
1993-07-22	1.40	1.42	1.39	1.41	2394000
1993-07-23	1.38	1.39	1.38	1.39	860400
1993-07-26	1.39	1.40	1.34	1.39	760800
1993-07-27	1.38	1.39	1.37	1.39	774000
1993-07-28	1.38	1.42	1.37	1.42	2376000
1993-07-29	1.38	1.40	1.38	1.39	1284000
1993-07-30	1.38	1.39	1.37	1.39	702000
1993-08-02	1.39	1.39	1.38	1.38	754800
1993-08-03	1.39	1.40	1.38	1.39	2223600
1993-08-04	1.41	1.42	1.39	1.40	3032400
1993-08-05	1.44	1.44	1.42	1.42	1300800
1993-08-06	1.42	1.45	1.42	1.43	1396800
1993-08-09	1.45	1.46	1.41	1.42	2860800
1993-08-10	1.46	1.46	1.43	1.45	1740000
1993-08-11	1.46	1.47	1.45	1.46	1266000
1993-08-12	1.49	1.49	1.46	1.48	2005200
1993-08-13	1.46	1.48	1.45	1.48	978000
1993-08-16	1.49	1.50	1.46	1.47	1185600
1993-08-17	1.52	1.52	1.49	1.49	1515600
1993-08-18	1.55	1.57	1.55	1.55	3112800
1993-08-19	1.55	1.56	1.52	1.55	2316000
1993-08-20	1.56	1.56	1.52	1.53	1449600
1993-08-23	1.58	1.59	1.55	1.56	2262000
1993-08-24	1.57	1.58	1.56	1.57	1681200
1993-08-25	1.56	1.58	1.55	1.56	1726800
1993-08-26	1.56	1.56	1.52	1.56	2079600
1993-08-27	1.53	1.53	1.52	1.53	758400
1993-08-30	1.55	1.55	1.52	1.52	463200
1993-08-31	1.55	1.59	1.53	1.53	1527600
1993-09-01	1.55	1.56	1.53	1.56	3568800
1993-09-02	1.54	1.56	1.53	1.55	1992000
1993-09-03	1.55	1.55	1.54	1.55	1354800
1993-09-07	1.53	1.54	1.52	1.53	694800
1993-09-08	1.50	1.53	1.50	1.53	1459200
1993-09-09	1.49	1.50	1.49	1.49	1564800
1993-09-10	1.53	1.53	1.50	1.50	3132000
1993-09-13	1.52	1.54	1.51	1.53	595200
1993-09-14	1.50	1.50	1.48	1.50	685200
1993-09-15	1.42	1.50	1.41	1.50	1929600
1993-09-16	1.45	1.46	1.43	1.43	2276400
1993-09-17	1.50	1.50	1.45	1.45	2346000
1993-09-20	1.48	1.51	1.48	1.50	1334400
1993-09-21	1.49	1.49	1.45	1.49	2323200
1993-09-22	1.50	1.50	1.49	1.50	1434000
1993-09-23	1.49	1.49	1.48	1.49	1102800
1993-09-24	1.48	1.49	1.48	1.48	1376400
1993-09-27	1.48	1.49	1.48	1.49	986400
1993-09-28	1.49	1.49	1.46	1.46	1669200
1993-09-29	1.53	1.57	1.50	1.51	1497600
1993-09-30	1.51	1.53	1.50	1.53	708000
1993-10-01	1.49	1.51	1.48	1.51	938400
1993-10-04	1.47	1.49	1.46	1.49	616800
1993-10-05	1.49	1.53	1.48	1.48	1651200
1993-10-06	1.46	1.50	1.45	1.50	786000
1993-10-07	1.48	1.48	1.45	1.46	1437600
1993-10-08	1.48	1.49	1.46	1.49	1266000
1993-10-11	1.48	1.49	1.46	1.49	525600
1993-10-12	1.46	1.49	1.45	1.47	1106400
1993-10-13	1.44	1.45	1.42	1.45	1180800
1993-10-14	1.43	1.44	1.43	1.44	1099200
1993-10-15	1.43	1.44	1.42	1.43	980400
1993-10-18	1.43	1.44	1.42	1.43	975600
1993-10-19	1.45	1.48	1.42	1.42	2048400
1993-10-20	1.50	1.51	1.47	1.47	2216400
1993-10-21	1.53	1.53	1.49	1.50	2996400
1993-10-22	1.50	1.51	1.49	1.50	1220400
1993-10-25	1.48	1.50	1.46	1.50	842400
1993-10-26	1.45	1.48	1.42	1.48	950400
1993-10-27	1.44	1.45	1.42	1.44	1658400
1993-10-28	1.48	1.48	1.44	1.44	1538400
1993-10-29	1.48	1.50	1.46	1.46	1324800
1993-11-01	1.44	1.48	1.43	1.48	2702400
1993-11-02	1.42	1.44	1.41	1.44	1678800
1993-11-03	1.38	1.43	1.36	1.43	2184000
1993-11-04	1.39	1.39	1.34	1.34	2191200
1993-11-05	1.35	1.37	1.34	1.36	1957200
1993-11-08	1.36	1.36	1.32	1.36	1339200
1993-11-09	1.36	1.41	1.36	1.39	2605200
1993-11-10	1.36	1.36	1.34	1.36	992400
1993-11-11	1.32	1.35	1.31	1.35	5078400
1993-11-12	1.34	1.34	1.32	1.32	2006400
1993-11-15	1.32	1.35	1.31	1.33	1335600
1993-11-16	1.28	1.32	1.26	1.32	3909600
1993-11-17	1.27	1.28	1.26	1.28	4257600
1993-11-18	1.26	1.29	1.26	1.27	2740800
1993-11-19	1.23	1.26	1.21	1.26	5859600
1993-11-22	1.22	1.22	1.16	1.20	4849200
1993-11-23	1.24	1.25	1.22	1.23	5829600
1993-11-24	1.26	1.26	1.23	1.23	5258400
1993-11-26	1.27	1.29	1.26	1.27	1740000
1993-11-29	1.28	1.28	1.25	1.26	2870400
1993-11-30	1.27	1.29	1.27	1.28	2570400
1993-12-01	1.33	1.33	1.27	1.27	4904400
1993-12-02	1.36	1.36	1.33	1.36	2510400
1993-12-03	1.39	1.39	1.35	1.35	2302800
1993-12-06	1.39	1.40	1.38	1.39	4047600
1993-12-07	1.39	1.40	1.39	1.39	3342000
1993-12-08	1.35	1.39	1.35	1.38	4023600
1993-12-09	1.32	1.36	1.32	1.36	4035600
1993-12-10	1.29	1.32	1.29	1.32	3202800
1993-12-13	1.28	1.30	1.25	1.30	2766000
1993-12-14	1.31	1.32	1.27	1.27	1738800
1993-12-15	1.26	1.32	1.26	1.32	2739600
1993-12-16	1.29	1.29	1.26	1.28	1764000
1993-12-17	1.28	1.30	1.28	1.30	1224000
1993-12-20	1.26	1.29	1.25	1.29	1513200
1993-12-21	1.33	1.33	1.27	1.27	3194400
1993-12-22	1.28	1.32	1.27	1.29	2641200
1993-12-23	1.31	1.32	1.28	1.28	2416800
1993-12-27	1.31	1.31	1.29	1.30	1531200
1993-12-28	1.30	1.32	1.30	1.31	4276800
1993-12-29	1.35	1.36	1.32	1.32	2736000
1993-12-30	1.35	1.35	1.33	1.34	1982400
1993-12-31	1.34	1.35	1.33	1.33	1778400
1994-01-03	1.28	1.36	1.27	1.34	1844400
1994-01-04	1.28	1.29	1.23	1.29	3861600
1994-01-05	1.32	1.32	1.26	1.26	2760000
1994-01-06	1.29	1.32	1.29	1.32	2406000
1994-01-07	1.26	1.29	1.26	1.28	2095200
1994-01-10	1.25	1.26	1.25	1.26	2900400
1994-01-11	1.23	1.26	1.23	1.26	2386800
1994-01-12	1.25	1.26	1.23	1.23	3868800
1994-01-13	1.25	1.28	1.25	1.26	2439600
1994-01-14	1.24	1.27	1.23	1.24	5176800
1994-01-17	1.27	1.27	1.23	1.23	2005200
1994-01-18	1.25	1.27	1.25	1.27	1570800
1994-01-19	1.22	1.25	1.22	1.25	3270000
1994-01-20	1.22	1.24	1.21	1.23	3159600
1994-01-21	1.22	1.24	1.21	1.23	4014000
1994-01-24	1.22	1.22	1.19	1.21	4645200
1994-01-25	1.22	1.22	1.20	1.21	6690000
1994-01-26	1.22	1.23	1.20	1.22	5257200
1994-01-27	1.28	1.29	1.23	1.23	4696800
1994-01-28	1.28	1.30	1.27	1.29	3470400
1994-01-31	1.31	1.32	1.29	1.30	2792400
1994-02-01	1.35	1.39	1.32	1.39	5810400
1994-02-02	1.36	1.37	1.35	1.35	4312800
1994-02-03	1.36	1.37	1.34	1.36	3978000
1994-02-04	1.32	1.36	1.32	1.35	2586000
1994-02-07	1.29	1.31	1.28	1.30	5119200
1994-02-08	1.33	1.33	1.30	1.30	3142800
1994-02-09	1.37	1.39	1.36	1.37	5281200
1994-02-10	1.39	1.42	1.38	1.39	6062400
1994-02-11	1.38	1.39	1.36	1.39	2920800
1994-02-14	1.41	1.41	1.40	1.40	2940000
1994-02-15	1.42	1.42	1.40	1.41	4405200
1994-02-16	1.40	1.43	1.39	1.43	3984000
1994-02-17	1.41	1.42	1.40	1.41	3903600
1994-02-18	1.43	1.44	1.42	1.42	2541600
1994-02-22	1.43	1.43	1.41	1.43	4266000
1994-02-23	1.41	1.43	1.40	1.43	1987200
1994-02-24	1.39	1.41	1.37	1.39	3499200
1994-02-25	1.41	1.41	1.40	1.41	1699200
1994-02-28	1.40	1.43	1.40	1.41	2443200
1994-03-01	1.39	1.41	1.37	1.40	2498400
1994-03-02	1.39	1.39	1.37	1.37	2107200
1994-03-03	1.40	1.40	1.39	1.39	1095600
1994-03-04	1.40	1.41	1.38	1.40	1834800
1994-03-07	1.40	1.41	1.40	1.40	3390000
1994-03-08	1.41	1.41	1.40	1.41	2480400
1994-03-09	1.41	1.41	1.40	1.41	2412000
1994-03-10	1.41	1.42	1.40	1.40	4770000
1994-03-11	1.41	1.41	1.40	1.41	2268000
1994-03-14	1.42	1.43	1.40	1.40	1713600
1994-03-15	1.40	1.43	1.40	1.42	2589600
1994-03-16	1.41	1.43	1.40	1.41	2449200
1994-03-17	1.43	1.45	1.42	1.42	3166800
1994-03-18	1.49	1.50	1.44	1.44	3588000
1994-03-21	1.46	1.49	1.44	1.49	4152000
1994-03-22	1.45	1.47	1.44	1.46	962400
1994-03-23	1.47	1.50	1.45	1.46	1665600
1994-03-24	1.46	1.47	1.45	1.47	2064000
1994-03-25	1.46	1.46	1.45	1.46	3501600
1994-03-28	1.45	1.46	1.44	1.46	14884800
1994-03-29	1.46	1.46	1.44	1.45	1171200
1994-03-30	1.45	1.45	1.43	1.44	3325200
1994-03-31	1.45	1.45	1.43	1.44	4623600
1994-04-04	1.41	1.43	1.41	1.41	3591600
1994-04-05	1.42	1.43	1.40	1.42	4128000
1994-04-06	1.41	1.41	1.40	1.41	2362800
1994-04-07	1.41	1.41	1.41	1.41	938400
1994-04-08	1.41	1.41	1.40	1.41	1808400
1994-04-11	1.43	1.43	1.41	1.41	6172800
1994-04-12	1.41	1.43	1.41	1.42	1046400
1994-04-13	1.41	1.42	1.40	1.41	1778400
1994-04-14	1.40	1.40	1.38	1.40	1410000
1994-04-15	1.40	1.40	1.39	1.39	440400
1994-04-18	1.38	1.40	1.38	1.40	1156800
1994-04-19	1.37	1.38	1.37	1.37	1082400
1994-04-20	1.37	1.39	1.37	1.37	2209200
1994-04-21	1.41	1.41	1.37	1.37	3204000
1994-04-22	1.40	1.41	1.39	1.41	1101600
1994-04-25	1.39	1.40	1.39	1.40	642000
1994-04-26	1.39	1.40	1.38	1.40	726000
1994-04-28	1.43	1.44	1.39	1.39	4524000
1994-04-29	1.43	1.44	1.42	1.43	1788000
1994-05-02	1.46	1.47	1.43	1.43	3462000
1994-05-03	1.47	1.48	1.46	1.46	1407600
1994-05-04	1.50	1.50	1.48	1.48	1462800
1994-05-05	1.52	1.52	1.49	1.50	2256000
1994-05-06	1.47	1.50	1.47	1.50	1209600
1994-05-09	1.43	1.48	1.43	1.47	842400
1994-05-10	1.46	1.46	1.44	1.45	2606400
1994-05-11	1.47	1.47	1.46	1.47	930000
1994-05-12	1.48	1.49	1.47	1.47	979200
1994-05-13	1.49	1.49	1.47	1.49	1214400
1994-05-16	1.54	1.54	1.49	1.49	2956800
1994-05-17	1.53	1.54	1.51	1.54	2148000
1994-05-18	1.54	1.54	1.51	1.53	2036400
1994-05-19	1.52	1.54	1.52	1.53	1324800
1994-05-20	1.55	1.56	1.51	1.53	1243200
1994-05-23	1.54	1.59	1.54	1.54	2146800
1994-05-24	1.54	1.56	1.53	1.53	1650000
1994-05-25	1.53	1.54	1.52	1.53	974400
1994-05-26	1.57	1.57	1.53	1.54	4028400
1994-05-27	1.58	1.58	1.57	1.57	1534800
1994-05-31	1.59	1.60	1.57	1.57	2829600
1994-06-01	1.62	1.62	1.58	1.58	2394000
1994-06-02	1.62	1.65	1.61	1.62	2088000
1994-06-03	1.61	1.61	1.59	1.61	1083600
1994-06-06	1.59	1.60	1.59	1.59	1148400
1994-06-07	1.61	1.62	1.59	1.59	1164000
1994-06-08	1.59	1.61	1.59	1.61	649200
1994-06-09	1.59	1.59	1.56	1.59	2248800
1994-06-10	1.60	1.61	1.59	1.59	1267200
1994-06-13	1.61	1.62	1.60	1.61	883200
1994-06-14	1.56	1.60	1.56	1.60	2594400
1994-06-15	1.58	1.58	1.56	1.56	1434000
1994-06-16	1.61	1.61	1.57	1.58	2194800
1994-06-17	1.61	1.62	1.60	1.62	1996800
1994-06-20	1.56	1.60	1.56	1.60	1974000
1994-06-21	1.56	1.56	1.53	1.56	3681600
1994-06-22	1.56	1.56	1.55	1.55	4268400
1994-06-23	1.58	1.60	1.57	1.57	1640400
1994-06-24	1.57	1.60	1.57	1.59	2640000
1994-06-27	1.57	1.58	1.54	1.56	1628400
1994-06-28	1.55	1.57	1.54	1.56	2134800
1994-06-29	1.54	1.56	1.53	1.56	1190400
1994-06-30	1.60	1.60	1.53	1.54	1160400
1994-07-01	1.56	1.59	1.54	1.59	2121600
1994-07-05	1.59	1.59	1.56	1.57	942000
1994-07-06	1.62	1.62	1.59	1.60	3649200
1994-07-07	1.60	1.61	1.59	1.60	2684400
1994-07-08	1.60	1.61	1.60	1.60	1717200
1994-07-11	1.63	1.63	1.61	1.61	2898000
1994-07-12	1.62	1.64	1.62	1.63	1640400
1994-07-13	1.62	1.63	1.62	1.63	1437600
1994-07-14	1.63	1.66	1.63	1.63	1300800
1994-07-15	1.65	1.66	1.63	1.63	3294000
1994-07-18	1.63	1.65	1.62	1.65	3820800
1994-07-19	1.62	1.63	1.62	1.62	979200
1994-07-20	1.61	1.63	1.60	1.62	2383200
1994-07-21	1.61	1.61	1.60	1.60	2136000
1994-07-22	1.62	1.63	1.60	1.60	782400
1994-07-25	1.62	1.62	1.61	1.62	832800
1994-07-26	1.61	1.62	1.60	1.62	1118400
1994-07-27	1.63	1.63	1.60	1.62	2702400
1994-07-28	1.62	1.63	1.62	1.62	454800
1994-07-29	1.65	1.65	1.62	1.62	2784000
1994-08-01	1.66	1.69	1.65	1.65	3103200
1994-08-02	1.65	1.67	1.63	1.66	2672400
1994-08-03	1.65	1.66	1.65	1.65	2584800
1994-08-04	1.63	1.65	1.62	1.65	2132400
1994-08-05	1.65	1.65	1.62	1.62	1444800
1994-08-08	1.64	1.64	1.62	1.63	3014400
1994-08-09	1.66	1.66	1.62	1.62	3896400
1994-08-10	1.65	1.66	1.65	1.65	2310000
1994-08-11	1.65	1.66	1.65	1.65	1597200
1994-08-12	1.66	1.67	1.65	1.65	1129200
1994-08-15	1.66	1.67	1.64	1.66	960000
1994-08-16	1.67	1.67	1.65	1.65	2624400
1994-08-17	1.68	1.68	1.66	1.67	747600
1994-08-18	1.69	1.69	1.67	1.67	1554000
1994-08-19	1.67	1.68	1.65	1.67	2190000
1994-08-22	1.70	1.70	1.66	1.67	1779600
1994-08-23	1.69	1.70	1.68	1.70	720000
1994-08-24	1.68	1.70	1.67	1.70	1473600
1994-08-25	1.70	1.70	1.69	1.69	2019600
1994-08-26	1.69	1.70	1.69	1.69	904800
1994-08-29	1.69	1.69	1.69	1.69	781200
1994-08-30	1.70	1.72	1.68	1.69	1242000
1994-08-31	1.70	1.71	1.69	1.70	1599600
1994-09-01	1.70	1.71	1.69	1.69	2132400
1994-09-02	1.69	1.70	1.68	1.69	1026000
1994-09-06	1.70	1.70	1.67	1.69	925200
1994-09-07	1.69	1.70	1.69	1.69	1044000
1994-09-08	1.67	1.69	1.66	1.69	1022400
1994-09-09	1.66	1.66	1.63	1.65	1528800
1994-09-12	1.66	1.66	1.64	1.66	759600
1994-09-13	1.66	1.66	1.65	1.66	1370400
1994-09-14	1.64	1.66	1.64	1.66	2152800
1994-09-15	1.63	1.64	1.61	1.64	4843200
1994-09-16	1.63	1.64	1.62	1.63	2300400
1994-09-19	1.63	1.63	1.61	1.63	5348400
1994-09-20	1.60	1.61	1.58	1.61	2380800
1994-09-21	1.60	1.60	1.58	1.60	3676800
1994-09-22	1.58	1.61	1.57	1.61	1586400
1994-09-23	1.57	1.59	1.57	1.58	2379600
1994-09-26	1.58	1.58	1.56	1.57	3705600
1994-09-27	1.59	1.60	1.58	1.59	2373600
1994-09-28	1.59	1.59	1.59	1.59	1194000
1994-09-29	1.61	1.61	1.59	1.59	1977600
1994-09-30	1.62	1.62	1.59	1.62	2296800
1994-10-03	1.60	1.63	1.60	1.62	1401600
1994-10-04	1.57	1.61	1.57	1.60	1760400
1994-10-05	1.55	1.58	1.54	1.58	1267200
1994-10-06	1.53	1.57	1.51	1.56	1982400
1994-10-07	1.51	1.53	1.50	1.53	2437200
1994-10-10	1.51	1.52	1.51	1.52	1579200
1994-10-11	1.53	1.54	1.51	1.51	1466400
1994-10-12	1.57	1.58	1.54	1.54	1422000
1994-10-13	1.59	1.59	1.57	1.59	975600
1994-10-14	1.57	1.60	1.57	1.59	1642800
1994-10-17	1.57	1.59	1.56	1.57	1011600
1994-10-18	1.59	1.59	1.55	1.57	3622800
1994-10-19	1.56	1.59	1.56	1.58	939600
1994-10-20	1.55	1.55	1.53	1.54	2290800
1994-10-21	1.53	1.55	1.53	1.55	982800
1994-10-24	1.52	1.54	1.51	1.54	1327200
1994-10-25	1.53	1.54	1.51	1.51	1620000
1994-10-26	1.53	1.53	1.52	1.53	1108800
1994-10-27	1.60	1.61	1.57	1.57	2712000
1994-10-28	1.63	1.63	1.60	1.60	1118400
1994-10-31	1.62	1.63	1.61	1.61	1182000
1994-11-01	1.63	1.63	1.62	1.62	1308000
1994-11-02	1.64	1.64	1.63	1.63	1132800
1994-11-03	1.66	1.66	1.64	1.64	1741200
1994-11-04	1.65	1.69	1.65	1.66	1464000
1994-11-07	1.62	1.65	1.61	1.65	1244400
1994-11-08	1.63	1.64	1.62	1.62	850800
1994-11-09	1.63	1.67	1.63	1.67	1243200
1994-11-10	1.64	1.64	1.63	1.64	3356400
1994-11-11	1.63	1.64	1.63	1.63	1298400
1994-11-14	1.63	1.64	1.63	1.64	1062000
1994-11-15	1.65	1.66	1.63	1.63	1693200
1994-11-16	1.63	1.66	1.63	1.64	1965600
1994-11-17	1.63	1.64	1.62	1.64	2556000
1994-11-18	1.65	1.65	1.63	1.64	980400
1994-11-21	1.65	1.66	1.64	1.66	872400
1994-11-22	1.61	1.64	1.60	1.64	1263600
1994-11-23	1.63	1.64	1.58	1.60	1778400
1994-11-25	1.63	1.64	1.62	1.64	207600
1994-11-28	1.62	1.63	1.61	1.62	824400
1994-11-29	1.61	1.63	1.60	1.63	2002800
1994-11-30	1.61	1.61	1.60	1.60	1468800
1994-12-01	1.63	1.63	1.60	1.61	1132800
1994-12-02	1.61	1.62	1.61	1.62	596400
1994-12-05	1.61	1.63	1.60	1.61	784800
1994-12-06	1.61	1.61	1.59	1.61	2608800
1994-12-07	1.60	1.60	1.58	1.60	925200
1994-12-08	1.59	1.60	1.58	1.60	1224000
1994-12-09	1.57	1.59	1.54	1.58	1776000
1994-12-12	1.57	1.59	1.57	1.57	1012800
1994-12-13	1.59	1.59	1.57	1.57	434400
1994-12-14	1.58	1.60	1.58	1.58	1094400
1994-12-15	1.61	1.61	1.59	1.60	918000
1994-12-16	1.60	1.61	1.59	1.59	1522800
1994-12-19	1.58	1.60	1.58	1.60	1852800
1994-12-20	1.58	1.59	1.57	1.58	1041600
1994-12-21	1.57	1.58	1.55	1.57	1323600
1994-12-22	1.57	1.57	1.57	1.57	1497600
1994-12-23	1.57	1.57	1.56	1.57	481200
1994-12-27	1.57	1.58	1.57	1.57	700800
1994-12-28	1.57	1.58	1.56	1.56	546000
1994-12-29	1.57	1.57	1.57	1.57	933600
1994-12-30	1.52	1.58	1.52	1.57	1634400
1995-01-03	1.52	1.54	1.52	1.52	2773200
1995-01-04	1.57	1.57	1.52	1.52	2895600
1995-01-05	1.57	1.57	1.57	1.57	1269600
1995-01-06	1.56	1.57	1.55	1.57	2262000
1995-01-09	1.54	1.55	1.53	1.54	836400
1995-01-10	1.53	1.55	1.53	1.54	2610000
1995-01-11	1.54	1.54	1.53	1.53	1740000
1995-01-12	1.55	1.55	1.53	1.53	2121600
1995-01-13	1.56	1.57	1.55	1.55	2054400
1995-01-16	1.60	1.61	1.56	1.56	1170000
1995-01-17	1.60	1.60	1.59	1.60	1017600
1995-01-18	1.60	1.61	1.59	1.60	2568000
1995-01-19	1.58	1.61	1.58	1.60	1124400
1995-01-20	1.58	1.60	1.57	1.60	4101600
1995-01-23	1.57	1.57	1.54	1.57	2334000
1995-01-24	1.58	1.58	1.56	1.57	970800
1995-01-25	1.60	1.61	1.55	1.57	2935200
1995-01-26	1.62	1.62	1.59	1.60	1806000
1995-01-27	1.61	1.63	1.61	1.61	1171200
1995-01-30	1.60	1.62	1.60	1.62	1726800
1995-01-31	1.65	1.67	1.61	1.61	3003600
1995-02-01	1.67	1.67	1.65	1.66	1616400
1995-02-02	1.64	1.67	1.64	1.66	830400
1995-02-03	1.75	1.76	1.65	1.65	3768000
1995-02-06	1.77	1.78	1.73	1.73	4164000
1995-02-07	1.78	1.79	1.75	1.76	1364400
1995-02-08	1.77	1.78	1.76	1.78	1089600
1995-02-09	1.78	1.78	1.76	1.76	1209600
1995-02-10	1.78	1.78	1.78	1.78	1683600
1995-02-13	1.76	1.78	1.76	1.78	1386000
1995-02-14	1.73	1.76	1.71	1.75	2694000
1995-02-15	1.75	1.75	1.71	1.73	2541600
1995-02-16	1.74	1.75	1.72	1.74	1458000
1995-02-17	1.73	1.73	1.71	1.72	1032000
1995-02-21	1.76	1.76	1.71	1.73	1630800
1995-02-22	1.73	1.75	1.73	1.74	1059600
1995-02-23	1.78	1.79	1.74	1.75	1812000
1995-02-24	1.77	1.79	1.76	1.78	2023200
1995-02-27	1.80	1.80	1.77	1.77	1048800
1995-02-28	1.80	1.80	1.76	1.79	1954800
1995-03-01	1.76	1.80	1.75	1.80	1540800
1995-03-02	1.76	1.76	1.74	1.74	2119200
1995-03-03	1.76	1.76	1.73	1.76	1422000
1995-03-06	1.79	1.79	1.75	1.76	2054400
1995-03-07	1.77	1.80	1.77	1.80	718800
1995-03-08	1.77	1.79	1.77	1.78	1694400
1995-03-09	1.81	1.82	1.79	1.79	2822400
1995-03-10	1.86	1.87	1.79	1.80	3836400
1995-03-13	1.88	1.91	1.86	1.86	2971200
1995-03-14	1.90	1.92	1.88	1.89	1833600
1995-03-15	1.88	1.91	1.87	1.91	1033200
1995-03-16	1.89	1.89	1.86	1.86	4093200
1995-03-17	1.89	1.89	1.87	1.89	2265600
1995-03-20	1.89	1.91	1.89	1.89	985200
1995-03-21	1.94	1.94	1.88	1.89	2042400
1995-03-22	1.96	1.97	1.92	1.94	3165600
1995-03-23	2.02	2.04	1.95	1.96	4297200
1995-03-24	2.01	2.02	1.96	2.02	3033600
1995-03-27	2.01	2.01	1.99	2.00	1654800
1995-03-28	1.97	2.00	1.96	2.00	2350800
1995-03-29	1.95	1.96	1.94	1.95	4246800
1995-03-30	1.95	1.96	1.90	1.96	2407200
1995-03-31	1.96	1.98	1.91	1.94	3657600
1995-04-03	1.94	1.94	1.91	1.91	1842000
1995-04-04	1.96	1.97	1.92	1.92	1332000
1995-04-05	1.93	1.96	1.93	1.96	3266400
1995-04-06	1.92	1.93	1.91	1.92	2868000
1995-04-07	1.91	1.93	1.90	1.91	933600
1995-04-10	1.92	1.95	1.91	1.91	5503200
1995-04-11	1.92	1.94	1.91	1.94	1754400
1995-04-12	1.92	1.94	1.91	1.92	1088400
1995-04-13	1.90	1.93	1.89	1.91	1333200
1995-04-17	1.91	1.94	1.89	1.89	1440000
1995-04-18	1.91	1.92	1.89	1.92	1083600
1995-04-19	1.91	1.92	1.89	1.92	716400
1995-04-20	1.92	1.92	1.90	1.91	1957200
1995-04-21	1.91	1.92	1.91	1.91	640800
1995-04-24	1.91	1.92	1.89	1.90	1077600
1995-04-25	1.93	1.93	1.91	1.92	1129200
1995-04-26	1.90	1.95	1.86	1.95	3147600
1995-04-27	1.95	1.95	1.89	1.91	2329200
1995-04-28	1.98	1.98	1.94	1.94	1969200
1995-05-01	1.93	1.99	1.93	1.98	1622400
1995-05-02	1.91	1.95	1.90	1.94	5124000
1995-05-03	1.92	1.92	1.91	1.91	1195200
1995-05-04	1.91	1.93	1.90	1.93	771600
1995-05-05	1.91	1.92	1.90	1.91	730800
1995-05-08	1.95	1.95	1.91	1.92	1063200
1995-05-09	1.95	1.95	1.92	1.95	1909200
1995-05-10	1.94	1.98	1.94	1.95	4006800
1995-05-11	1.94	1.94	1.91	1.92	3890400
1995-05-12	1.91	1.94	1.90	1.94	5264400
1995-05-15	1.91	1.91	1.89	1.91	1136400
1995-05-16	1.94	1.94	1.90	1.91	3844800
1995-05-17	1.93	1.94	1.92	1.94	6138000
1995-05-18	1.92	1.93	1.92	1.92	1378800
1995-05-19	1.93	1.93	1.91	1.91	1640400
1995-05-22	1.93	1.95	1.92	1.94	1224000
1995-05-23	1.97	2.00	1.92	1.92	3196800
1995-05-24	2.01	2.01	1.97	1.97	3799200
1995-05-25	2.08	2.09	1.98	1.99	1581600
1995-05-26	2.07	2.07	2.05	2.06	831600
1995-05-30	2.00	2.08	2.00	2.07	1314000
1995-05-31	2.01	2.03	2.00	2.01	1231200
1995-06-01	2.06	2.07	2.00	2.00	961200
1995-06-02	2.03	2.06	2.01	2.06	2718000
1995-06-05	2.05	2.06	2.02	2.02	3390000
1995-06-06	2.07	2.07	2.04	2.04	13198800
1995-06-07	2.11	2.13	2.09	2.09	1860000
1995-06-08	2.13	2.15	2.12	2.12	1516800
1995-06-09	2.06	2.14	2.06	2.13	1081200
1995-06-12	2.04	2.06	2.04	2.06	529200
1995-06-13	2.10	2.10	2.06	2.06	937200
1995-06-14	2.09	2.10	2.08	2.10	505200
1995-06-15	2.07	2.09	2.07	2.07	278400
1995-06-16	2.09	2.09	2.05	2.06	1083600
1995-06-19	2.10	2.11	2.09	2.10	1221600
1995-06-20	2.10	2.10	2.09	2.09	507600
1995-06-21	2.11	2.12	2.10	2.12	1054800
1995-06-22	2.09	2.12	2.09	2.12	2029200
1995-06-23	2.10	2.10	2.07	2.10	910800
1995-06-26	2.09	2.10	2.08	2.10	925200
1995-06-27	2.06	2.08	2.04	2.07	1798800
1995-06-28	2.06	2.06	2.04	2.06	886800
1995-06-29	2.06	2.06	2.05	2.05	978000
1995-06-30	2.10	2.10	2.05	2.06	3034800
1995-07-03	2.10	2.10	2.09	2.09	276000
1995-07-05	2.06	2.08	2.04	2.07	1450800
1995-07-06	2.09	2.09	2.06	2.06	501600
1995-07-07	2.09	2.09	2.07	2.09	835200
1995-07-10	2.09	2.09	2.06	2.07	1231200
1995-07-11	2.06	2.08	2.06	2.07	1170000
1995-07-12	2.05	2.06	2.03	2.03	12380400
1995-07-13	2.06	2.07	2.05	2.05	1104000
1995-07-14	2.04	2.05	2.02	2.04	3080400
1995-07-17	2.05	2.05	2.03	2.03	1168800
1995-07-18	2.03	2.05	2.01	2.05	2072400
1995-07-19	2.00	2.03	1.99	2.03	2449200
1995-07-20	2.00	2.01	1.96	2.00	1599600
1995-07-21	2.01	2.04	2.01	2.01	1888800
1995-07-24	2.04	2.05	2.03	2.03	913200
1995-07-25	2.03	2.04	2.01	2.04	715200
1995-07-26	2.03	2.07	2.03	2.07	2792400
1995-07-27	2.03	2.03	2.02	2.02	2017200
1995-07-28	2.04	2.04	2.03	2.04	1201200
1995-07-31	2.03	2.04	2.00	2.04	1941600
1995-08-01	1.99	2.03	1.98	2.03	4394400
1995-08-02	1.98	2.00	1.96	1.98	6508800
1995-08-03	1.97	1.97	1.91	1.96	8146800
1995-08-04	1.98	1.98	1.92	1.94	6072000
1995-08-07	2.02	2.03	2.00	2.00	2884800
1995-08-08	2.03	2.04	2.01	2.03	3976800
1995-08-09	2.04	2.04	2.01	2.04	2013600
1995-08-10	2.03	2.04	2.01	2.04	7274400
1995-08-11	2.01	2.02	1.99	2.02	9993600
1995-08-14	2.04	2.04	1.99	1.99	1324800
1995-08-15	2.03	2.05	2.03	2.03	1083600
1995-08-16	1.98	2.03	1.97	2.03	3014400
1995-08-17	1.96	1.97	1.94	1.97	3253200
1995-08-18	1.95	1.97	1.94	1.97	2064000
1995-08-21	1.94	1.95	1.93	1.95	2714400
1995-08-22	1.92	1.95	1.91	1.95	2838000
1995-08-23	1.90	1.91	1.89	1.91	8342400
1995-08-24	1.91	1.91	1.89	1.90	5384400
1995-08-25	1.89	1.91	1.89	1.90	2578800
1995-08-28	1.92	1.93	1.89	1.90	4017600
1995-08-29	1.92	1.93	1.90	1.92	1186800
1995-08-30	1.93	1.93	1.91	1.91	2091600
1995-08-31	1.97	1.97	1.92	1.92	2232000
1995-09-01	1.96	1.98	1.95	1.95	1462800
1995-09-05	1.95	1.97	1.91	1.97	1906800
1995-09-06	1.91	1.95	1.89	1.94	2942400
1995-09-07	1.88	1.93	1.86	1.93	2986800
1995-09-08	1.86	1.87	1.85	1.87	2402400
1995-09-11	1.82	1.89	1.82	1.86	5203200
1995-09-12	1.80	1.83	1.76	1.83	6936000
1995-09-13	1.88	1.89	1.80	1.82	11714400
1995-09-14	1.97	1.98	1.90	1.90	5721600
1995-09-15	1.93	1.98	1.93	1.98	5332800
1995-09-18	1.94	1.95	1.92	1.93	4615200
1995-09-19	1.96	1.97	1.94	1.94	3429600
1995-09-20	1.95	1.97	1.94	1.97	3876000
1995-09-21	1.98	1.98	1.96	1.97	5888400
1995-09-22	1.98	1.98	1.96	1.98	1207200
1995-09-25	1.94	1.98	1.94	1.98	3846000
1995-09-26	1.98	2.00	1.94	1.95	4330800
1995-09-27	1.97	1.98	1.95	1.97	5556000
1995-09-28	1.98	2.01	1.97	1.97	1730400
1995-09-29	2.00	2.01	1.98	1.98	1851600
1995-10-02	2.00	2.02	1.98	2.01	3356400
1995-10-03	1.97	2.01	1.95	1.99	2773200
1995-10-04	1.94	1.98	1.94	1.98	2883600
1995-10-05	1.95	1.95	1.90	1.94	2976000
1995-10-06	1.99	2.00	1.94	1.95	2808000
1995-10-09	1.97	2.00	1.95	2.00	542400
1995-10-10	1.96	1.97	1.95	1.95	1550400
1995-10-11	1.97	1.98	1.95	1.97	1629600
1995-10-12	1.99	1.99	1.95	1.95	2436000
1995-10-13	2.03	2.04	2.00	2.00	3325200
1995-10-16	2.05	2.05	2.02	2.04	1125600
1995-10-17	2.09	2.10	2.05	2.05	1496400
1995-10-18	2.08	2.09	2.07	2.08	1771200
1995-10-19	2.10	2.11	2.08	2.09	1837200
1995-10-20	2.12	2.12	2.09	2.10	957600
1995-10-23	2.08	2.12	2.07	2.10	1893600
1995-10-24	2.09	2.10	2.07	2.08	1411200
1995-10-25	2.04	2.09	2.03	2.08	812400
1995-10-26	2.04	2.04	1.98	2.04	1988400
1995-10-27	2.01	2.03	2.00	2.03	1599600
1995-10-30	2.01	2.03	2.00	2.01	3093600
1995-10-31	1.96	2.00	1.96	1.98	2503200
1995-11-01	1.98	2.04	1.97	1.97	2161200
1995-11-02	2.01	2.02	1.98	1.98	3865200
1995-11-03	2.01	2.02	2.00	2.01	3892800
1995-11-06	2.01	2.01	2.00	2.01	1276800
1995-11-07	2.03	2.03	2.00	2.02	2890800
1995-11-08	2.03	2.03	2.01	2.02	1747200
1995-11-09	2.03	2.04	2.02	2.02	1779600
1995-11-10	1.98	2.01	1.98	2.01	2744400
1995-11-13	2.00	2.01	1.98	1.99	2434800
1995-11-14	2.01	2.01	2.00	2.01	2707200
1995-11-15	1.98	2.01	1.98	2.01	1970400
1995-11-16	2.04	2.04	2.00	2.01	3912000
1995-11-17	2.04	2.05	2.02	2.05	1185600
1995-11-20	2.01	2.06	2.00	2.05	1520400
1995-11-21	1.98	2.01	1.96	2.01	2559600
1995-11-22	1.98	1.99	1.96	1.99	3182400
1995-11-24	1.99	1.99	1.98	1.98	381600
1995-11-27	1.98	1.99	1.97	1.98	2989200
1995-11-28	1.98	2.00	1.96	1.98	2362800
1995-11-29	2.00	2.01	1.99	1.99	1491600
1995-11-30	1.97	2.00	1.97	1.98	2121600
1995-12-01	1.99	2.00	1.98	1.99	2499600
1995-12-04	2.00	2.00	1.96	1.98	4071600
1995-12-05	1.99	2.02	1.99	1.99	3223200
1995-12-06	2.01	2.02	1.98	1.98	4104000
1995-12-07	2.00	2.01	1.99	2.00	618000
1995-12-08	2.01	2.02	1.98	1.98	1676400
1995-12-11	2.05	2.05	2.00	2.03	2200800
1995-12-12	2.01	2.04	2.00	2.04	1639200
1995-12-13	1.99	2.06	1.99	2.01	2740800
1995-12-14	2.00	2.02	1.98	2.00	2816400
1995-12-15	2.01	2.01	1.97	1.99	3774000
1995-12-18	1.99	2.01	1.98	2.00	2210400
1995-12-19	2.01	2.01	1.98	1.98	2997600
1995-12-20	2.00	2.01	2.00	2.01	1819200
1995-12-21	2.02	2.03	1.99	2.00	2308800
1995-12-22	2.03	2.07	2.02	2.06	1465200
1995-12-26	2.04	2.04	2.01	2.02	1162800
1995-12-27	2.06	2.06	2.04	2.05	1106400
1995-12-28	2.09	2.09	2.04	2.06	2017200
1995-12-29	2.10	2.11	2.09	2.10	6596400
1996-01-02	2.14	2.14	2.09	2.09	1758000
1996-01-03	2.21	2.22	2.14	2.14	2624400
1996-01-04	2.19	2.21	2.18	2.21	2029200
1996-01-05	2.18	2.18	2.16	2.16	2121600
1996-01-08	2.20	2.20	2.18	2.18	190800
1996-01-09	2.18	2.20	2.16	2.19	1380000
1996-01-10	2.12	2.18	2.11	2.18	2175600
1996-01-11	2.15	2.15	2.12	2.12	2539200
1996-01-12	2.17	2.17	2.13	2.13	1413600
1996-01-15	2.17	2.18	2.16	2.18	813600
1996-01-16	2.15	2.18	2.15	2.18	1898400
1996-01-17	2.20	2.21	2.16	2.16	1932000
1996-01-18	2.26	2.26	2.20	2.20	2889600
1996-01-19	2.24	2.26	2.23	2.25	1800000
1996-01-22	2.26	2.27	2.24	2.25	1610400
1996-01-23	2.26	2.27	2.24	2.27	3230400
1996-01-24	2.26	2.27	2.24	2.26	1630800
1996-01-25	2.24	2.26	2.22	2.25	2295600
1996-01-26	2.26	2.26	2.23	2.24	2907600
1996-01-29	2.24	2.26	2.24	2.26	1164000
1996-01-30	2.24	2.25	2.23	2.23	2623200
1996-01-31	2.30	2.31	2.24	2.24	2326800
1996-02-01	2.37	2.39	2.30	2.30	3542400
1996-02-02	2.33	2.37	2.30	2.36	4413600
1996-02-05	2.33	2.35	2.32	2.34	2740800
1996-02-06	2.32	2.35	2.30	2.35	1780800
1996-02-07	2.29	2.33	2.29	2.33	2254800
1996-02-08	2.32	2.33	2.30	2.30	3360000
1996-02-09	2.27	2.31	2.27	2.30	3122400
1996-02-12	2.30	2.30	2.28	2.28	2730000
1996-02-13	2.29	2.30	2.28	2.28	2532000
1996-02-14	2.30	2.35	2.30	2.31	3078000
1996-02-15	2.32	2.33	2.30	2.30	2720400
1996-02-16	2.34	2.34	2.32	2.32	1908000
1996-02-20	2.30	2.33	2.29	2.33	3586800
1996-02-21	2.29	2.30	2.27	2.30	2508000
1996-02-22	2.36	2.36	2.30	2.30	1688400
1996-02-23	2.35	2.38	2.34	2.36	2097600
1996-02-26	2.35	2.36	2.33	2.35	2424000
1996-02-27	2.38	2.38	2.35	2.35	1752000
1996-02-28	2.33	2.38	2.33	2.38	3697200
1996-02-29	2.24	2.33	2.24	2.32	2126400
1996-03-01	2.30	2.32	2.26	2.26	8322000
1996-03-04	2.35	2.36	2.29	2.30	1722000
1996-03-05	2.33	2.36	2.32	2.35	1995600
1996-03-06	2.33	2.34	2.30	2.30	3015600
1996-03-07	2.35	2.35	2.32	2.33	2092800
1996-03-08	2.28	2.33	2.28	2.33	966000
1996-03-11	2.29	2.29	2.25	2.27	1335600
1996-03-12	2.26	2.29	2.24	2.29	1009200
1996-03-13	2.26	2.27	2.24	2.26	1495200
1996-03-14	2.23	2.30	2.23	2.27	1810800
1996-03-15	2.22	2.26	2.19	2.20	3019200
1996-03-18	2.34	2.37	2.24	2.24	1630400
1996-03-19	2.30	2.33	2.25	2.31	2003200
1996-03-20	2.34	2.35	2.30	2.32	1148000
1996-03-21	2.37	2.39	2.34	2.36	1324000
1996-03-22	2.35	2.37	2.33	2.37	1092800
1996-03-25	2.32	2.37	2.31	2.37	972800
1996-03-26	2.30	2.32	2.28	2.32	1375200
1996-03-27	2.25	2.30	2.23	2.27	2492000
1996-03-28	2.25	2.27	2.23	2.25	1598400
1996-03-29	2.27	2.28	2.24	2.27	1664000
1996-04-01	2.34	2.34	2.23	2.26	1129600
1996-04-02	2.35	2.39	2.33	2.33	1376000
1996-04-03	2.32	2.36	2.30	2.35	824000
1996-04-04	2.39	2.39	2.31	2.31	859200
1996-04-08	2.30	2.37	2.26	2.36	1748800
1996-04-09	2.37	2.37	2.29	2.30	1854400
1996-04-10	2.25	2.38	2.24	2.35	1758400
1996-04-11	2.19	2.25	2.17	2.25	4103200
1996-04-12	2.19	2.23	2.17	2.19	4529600
1996-04-15	2.18	2.25	2.18	2.24	1926400
1996-04-16	2.12	2.20	2.10	2.20	7288800
1996-04-17	2.17	2.20	2.11	2.12	2777600
1996-04-18	2.21	2.21	2.15	2.15	1370400
1996-04-19	2.21	2.21	2.15	2.21	1416800
1996-04-22	2.20	2.21	2.17	2.21	784800
1996-04-23	2.20	2.25	2.20	2.24	2228800
1996-04-24	2.19	2.23	2.18	2.20	2691200
1996-04-25	2.18	2.20	2.17	2.19	2369600
1996-04-26	2.19	2.20	2.17	2.20	972800
1996-04-29	2.23	2.25	2.19	2.20	1906400
1996-04-30	2.27	2.28	2.21	2.21	3766400
1996-05-01	2.24	2.26	2.21	2.26	9802400
1996-05-02	2.19	2.24	2.19	2.24	3380000
1996-05-03	2.14	2.20	2.13	2.20	2593600
1996-05-06	2.14	2.16	2.12	2.14	540800
1996-05-07	2.18	2.19	2.14	2.15	1121600
1996-05-08	2.19	2.20	2.17	2.18	1702400
1996-05-09	2.20	2.20	2.18	2.19	857600
1996-05-10	2.24	2.26	2.20	2.20	1255200
1996-05-13	2.30	2.30	2.24	2.24	1322400
1996-05-14	2.30	2.32	2.28	2.29	5912800
1996-05-15	2.28	2.30	2.27	2.29	1159200
1996-05-16	2.26	2.28	2.22	2.28	2086400
1996-05-17	2.25	2.28	2.25	2.27	1317600
1996-05-20	2.27	2.28	2.25	2.25	1789600
1996-05-21	2.28	2.28	2.27	2.27	2151200
1996-05-22	2.28	2.28	2.24	2.25	837600
1996-05-23	2.23	2.26	2.21	2.26	824800
1996-05-24	2.27	2.28	2.22	2.23	1871200
1996-05-28	2.27	2.28	2.24	2.24	1939200
1996-05-29	2.26	2.27	2.24	2.25	2011200
1996-05-30	2.24	2.26	2.23	2.24	1523200
1996-05-31	2.19	2.26	2.19	2.26	1156800
1996-06-03	2.17	2.20	2.15	2.20	2689600
1996-06-04	2.17	2.18	2.13	2.17	3982400
1996-06-05	2.18	2.18	2.14	2.18	3266400
1996-06-06	2.18	2.20	2.17	2.19	3466400
1996-06-07	2.18	2.18	2.11	2.17	1606400
1996-06-10	2.18	2.18	2.17	2.17	1053600
1996-06-11	2.19	2.19	2.17	2.17	3538400
1996-06-12	2.18	2.19	2.18	2.18	3369600
1996-06-13	2.16	2.20	2.13	2.18	2500000
1996-06-14	2.15	2.17	2.15	2.16	1724800
1996-06-17	2.13	2.16	2.13	2.16	1760000
1996-06-18	2.12	2.17	2.12	2.14	2665600
1996-06-19	2.16	2.17	2.11	2.11	2519200
1996-06-20	2.18	2.18	2.13	2.16	4052800
1996-06-21	2.15	2.17	2.13	2.17	3388800
1996-06-24	2.13	2.16	2.11	2.16	3266400
1996-06-25	2.16	2.16	2.14	2.14	640800
1996-06-26	2.17	2.18	2.15	2.16	2097600
1996-06-27	2.18	2.18	2.12	2.15	1728800
1996-06-28	2.18	2.20	2.18	2.18	3002400
1996-07-01	2.21	2.21	2.18	2.18	1302400
1996-07-02	2.24	2.25	2.19	2.22	1444000
1996-07-03	2.22	2.27	2.22	2.25	1652800
1996-07-05	2.20	2.23	2.18	2.23	500000
1996-07-08	2.17	2.21	2.16	2.19	915200
1996-07-09	2.18	2.18	2.16	2.17	901600
1996-07-10	2.13	2.19	2.10	2.18	10982400
1996-07-11	2.12	2.14	2.09	2.14	1090400
1996-07-12	2.14	2.14	2.10	2.11	765600
1996-07-15	2.08	2.12	2.06	2.12	738400
1996-07-16	2.08	2.12	2.07	2.07	2013600
1996-07-17	2.08	2.12	2.08	2.10	808800
1996-07-18	2.18	2.18	2.08	2.08	2120800
1996-07-19	2.18	2.19	2.12	2.18	869600
1996-07-22	2.13	2.18	2.13	2.18	1489600
1996-07-23	2.15	2.17	2.11	2.13	2066400
1996-07-24	2.15	2.15	2.07	2.09	4043200
1996-07-25	2.26	2.31	2.20	2.22	5299200
1996-07-26	2.30	2.32	2.28	2.28	3664800
1996-07-29	2.32	2.33	2.29	2.29	2584800
1996-07-30	2.33	2.37	2.30	2.34	1276800
1996-07-31	2.34	2.34	2.30	2.31	1252000
1996-08-01	2.44	2.48	2.35	2.35	2099200
1996-08-02	2.51	2.51	2.45	2.45	4488000
1996-08-05	2.46	2.50	2.46	2.49	975200
1996-08-06	2.51	2.51	2.38	2.44	4168800
1996-08-07	2.52	2.53	2.46	2.46	1765600
1996-08-08	2.48	2.53	2.47	2.53	1645600
1996-08-09	2.48	2.50	2.43	2.46	852000
1996-08-12	2.48	2.48	2.46	2.48	663200
1996-08-13	2.48	2.49	2.45	2.46	2127200
1996-08-14	2.58	2.67	2.56	2.56	4945600
1996-08-15	2.54	2.59	2.54	2.59	4979200
1996-08-16	2.54	2.55	2.52	2.54	1859200
1996-08-19	2.56	2.57	2.53	2.54	5408800
1996-08-20	2.54	2.56	2.54	2.56	1812000
1996-08-21	2.55	2.56	2.52	2.54	1451200
1996-08-22	2.53	2.54	2.51	2.53	1508800
1996-08-23	2.53	2.54	2.51	2.53	1178400
1996-08-26	2.55	2.56	2.51	2.52	1450400
1996-08-27	2.55	2.55	2.53	2.55	1021600
1996-08-28	2.53	2.55	2.52	2.55	1398400
1996-08-29	2.52	2.56	2.49	2.51	5261600
1996-08-30	2.51	2.53	2.49	2.53	714400
1996-09-03	2.46	2.51	2.46	2.51	1680800
1996-09-04	2.45	2.46	2.40	2.46	2852800
1996-09-05	2.45	2.46	2.42	2.43	1097600
1996-09-06	2.51	2.52	2.44	2.46	1098400
1996-09-09	2.53	2.55	2.51	2.51	607200
1996-09-10	2.52	2.54	2.50	2.53	759200
1996-09-11	2.53	2.53	2.50	2.50	824000
1996-09-12	2.56	2.59	2.54	2.54	1732000
1996-09-13	2.55	2.59	2.55	2.56	909600
1996-09-16	2.56	2.56	2.52	2.53	843200
1996-09-17	2.53	2.58	2.53	2.56	705600
1996-09-18	2.52	2.55	2.51	2.54	935200
1996-09-19	2.56	2.56	2.48	2.53	1893600
1996-09-20	2.61	2.62	2.50	2.50	1952800
1996-09-23	2.61	2.61	2.56	2.59	1483200
1996-09-24	2.66	2.67	2.60	2.60	2664800
1996-09-25	2.63	2.70	2.63	2.63	1340800
1996-09-26	2.64	2.66	2.63	2.63	736800
1996-09-27	2.67	2.67	2.64	2.66	1264800
1996-09-30	2.59	2.73	2.59	2.67	2296000
1996-10-01	2.65	2.66	2.61	2.61	1514400
1996-10-02	2.72	2.73	2.65	2.66	1562400
1996-10-03	2.74	2.74	2.70	2.72	901600
1996-10-04	2.76	2.77	2.72	2.74	1415200
1996-10-07	2.79	2.81	2.76	2.77	1208800
1996-10-08	2.75	2.79	2.74	2.79	1212000
1996-10-09	2.68	2.76	2.68	2.76	766400
1996-10-10	2.67	2.71	2.65	2.65	992800
1996-10-11	2.70	2.73	2.66	2.66	528000
1996-10-14	2.73	2.73	2.69	2.69	438400
1996-10-15	2.67	2.74	2.65	2.72	1112000
1996-10-16	2.67	2.69	2.65	2.67	851200
1996-10-17	2.64	2.66	2.61	2.63	2829600
1996-10-18	2.72	2.74	2.64	2.65	704000
1996-10-21	2.73	2.77	2.70	2.70	1298400
1996-10-22	2.77	2.77	2.70	2.73	1656000
1996-10-23	2.82	2.83	2.79	2.82	3109600
1996-10-24	2.87	2.88	2.83	2.83	4068000
1996-10-25	2.83	2.87	2.82	2.87	2136000
1996-10-28	2.87	2.88	2.83	2.83	3192800
1996-10-29	2.90	2.91	2.85	2.88	3193600
1996-10-30	2.88	2.91	2.88	2.88	1468800
1996-10-31	2.94	2.96	2.88	2.88	2191200
1996-11-01	2.96	2.98	2.95	2.97	1556000
1996-11-04	3.03	3.04	2.94	2.96	1497600
1996-11-05	3.01	3.05	2.98	2.99	3415200
1996-11-06	3.10	3.11	3.01	3.01	3900800
1996-11-07	3.13	3.15	3.10	3.10	2040800
1996-11-08	3.12	3.21	3.10	3.13	3601600
1996-11-11	3.14	3.14	3.09	3.10	626400
1996-11-12	3.11	3.16	3.11	3.13	1230400
1996-11-13	3.11	3.15	3.08	3.11	1515200
1996-11-14	3.09	3.10	3.07	3.07	1335200
1996-11-15	3.05	3.12	3.03	3.07	2484000
1996-11-18	3.09	3.10	3.06	3.07	1191200
1996-11-19	3.14	3.19	3.13	3.18	2435200
1996-11-20	3.11	3.14	3.10	3.14	796000
1996-11-21	3.10	3.11	3.08	3.10	1244000
1996-11-22	3.11	3.17	3.09	3.11	3451200
1996-11-25	3.13	3.14	3.07	3.08	1284000
1996-11-26	3.15	3.22	3.13	3.20	1860800
1996-11-27	3.10	3.15	3.09	3.15	1928800
1996-11-29	3.06	3.12	3.06	3.08	1431200
1996-12-02	3.07	3.07	3.06	3.07	2631200
1996-12-03	3.01	3.07	3.01	3.07	1376000
1996-12-04	2.99	3.02	2.99	3.02	1336000
1996-12-05	3.06	3.06	2.96	2.97	1234400
1996-12-06	3.03	3.10	2.97	3.01	2668000
1996-12-09	3.08	3.10	3.05	3.05	1742400
1996-12-10	3.04	3.07	3.02	3.06	1112800
1996-12-11	3.02	3.09	2.94	2.95	3386400
1996-12-12	3.00	3.06	2.99	3.04	801600
1996-12-13	2.94	3.00	2.94	2.98	1054400
1996-12-16	2.97	3.00	2.95	2.95	1556000
1996-12-17	3.08	3.10	3.00	3.04	3263200
1996-12-18	3.03	3.09	3.02	3.09	1498400
1996-12-19	3.06	3.10	3.04	3.05	1724000
1996-12-20	3.09	3.12	3.07	3.09	2624800
1996-12-23	3.13	3.13	3.09	3.09	1729600
1996-12-24	3.13	3.13	3.10	3.12	492800
1996-12-26	3.14	3.14	3.11	3.11	1373600
1996-12-27	3.17	3.17	3.13	3.13	637600
1996-12-30	3.16	3.17	3.14	3.17	930400
1996-12-31	3.13	3.17	3.12	3.17	1032000
1997-01-02	3.14	3.14	3.10	3.11	2947200
1997-01-03	3.15	3.17	3.14	3.14	2508800
1997-01-06	3.18	3.18	3.14	3.14	1672000
1997-01-07	3.17	3.17	3.12	3.16	2579200
1997-01-08	3.18	3.18	3.15	3.18	1165600
1997-01-09	3.16	3.18	3.14	3.18	980800
1997-01-10	3.08	3.16	3.07	3.16	1623200
1997-01-13	3.09	3.11	3.07	3.07	1481600
1997-01-14	3.16	3.16	3.10	3.10	1392800
1997-01-15	3.15	3.17	3.14	3.16	1030400
1997-01-16	3.11	3.14	3.10	3.12	632000
1997-01-17	3.07	3.11	3.07	3.09	2168800
1997-01-20	3.08	3.08	3.05	3.06	983200
1997-01-21	3.15	3.17	3.05	3.05	1462400
1997-01-22	3.16	3.17	3.12	3.17	1332800
1997-01-23	3.13	3.17	3.13	3.17	880800
1997-01-24	3.10	3.14	3.08	3.14	614400
1997-01-27	3.04	3.11	3.03	3.11	705600
1997-01-28	3.01	3.05	2.99	3.04	2235200
1997-01-29	3.03	3.05	3.02	3.02	2006400
1997-01-30	2.94	3.03	2.93	3.03	4012000
1997-01-31	2.91	2.97	2.91	2.95	5411200
1997-02-03	2.93	2.95	2.92	2.94	5462400
1997-02-04	2.96	2.96	2.93	2.93	2284800
1997-02-05	2.92	2.96	2.92	2.94	5008800
1997-02-06	2.93	2.95	2.92	2.93	3940800
1997-02-07	2.96	2.96	2.94	2.95	3445600
1997-02-10	2.93	2.97	2.93	2.96	2057600
1997-02-11	2.97	2.97	2.93	2.95	2651200
1997-02-12	2.95	2.99	2.95	2.96	1884000
1997-02-13	3.07	3.07	2.95	2.95	2535200
1997-02-14	3.04	3.09	3.02	3.06	2934400
1997-02-18	3.05	3.09	3.03	3.04	2970400
1997-02-19	3.07	3.12	3.05	3.12	3152000
1997-02-20	3.05	3.10	3.04	3.06	1570400
1997-02-21	3.02	3.06	3.01	3.05	1110400
1997-02-24	3.06	3.06	3.01	3.01	1180800
1997-02-25	3.05	3.06	3.04	3.05	604800
1997-02-26	3.03	3.06	2.99	3.06	2362400
1997-02-27	3.01	3.04	3.00	3.03	844000
1997-02-28	2.96	3.02	2.96	3.02	1017600
1997-03-03	3.00	3.03	2.98	3.00	1339200
1997-03-04	2.98	3.02	2.97	2.98	1039200
1997-03-05	2.96	2.99	2.95	2.95	1295200
1997-03-06	3.01	3.04	2.97	2.98	3694400
1997-03-07	3.03	3.03	2.99	3.01	1792000
1997-03-10	3.04	3.07	3.02	3.02	1203200
1997-03-11	3.06	3.07	3.04	3.04	605600
1997-03-12	3.04	3.07	3.00	3.07	1346400
1997-03-13	2.96	3.03	2.96	3.01	811200
1997-03-14	3.00	3.02	2.95	2.96	820000
1997-03-17	2.95	2.99	2.93	2.97	804000
1997-03-18	3.04	3.04	2.95	2.97	2199200
1997-03-19	3.00	3.04	2.95	3.03	2285600
1997-03-20	3.02	3.02	2.97	2.99	1564000
1997-03-21	3.01	3.02	2.99	2.99	1188000
1997-03-24	3.02	3.02	2.99	3.00	992000
1997-03-25	3.04	3.04	2.99	2.99	1521600
1997-03-26	3.03	3.05	3.02	3.04	1171200
1997-03-27	2.97	3.04	2.95	3.02	1586400
1997-03-31	2.75	2.97	2.75	2.97	3034400
1997-04-01	2.97	2.97	2.82	2.82	2540800
1997-04-02	2.93	2.94	2.91	2.93	1877600
1997-04-03	2.93	2.94	2.92	2.92	892800
1997-04-04	2.93	2.94	2.91	2.91	608800
1997-04-07	2.95	2.95	2.93	2.95	901600
1997-04-08	2.94	2.96	2.93	2.96	989600
1997-04-09	2.96	2.97	2.93	2.95	1171200
1997-04-10	2.95	2.99	2.95	2.99	820000
1997-04-11	2.93	2.93	2.93	2.93	763200
1997-04-14	2.93	2.93	2.93	2.93	1005600
1997-04-15	2.93	2.95	2.93	2.93	1116000
1997-04-16	2.93	2.93	2.91	2.93	1663200
1997-04-17	2.92	2.94	2.90	2.90	1616800
1997-04-18	2.94	2.94	2.93	2.93	712800
1997-04-21	2.96	2.98	2.93	2.93	1674400
1997-04-22	2.96	2.97	2.95	2.95	2828000
1997-04-23	3.03	3.03	2.96	2.96	1058400
1997-04-24	3.07	3.08	3.04	3.04	1604800
1997-04-25	3.03	3.08	3.03	3.07	1364800
1997-04-28	3.06	3.06	3.01	3.02	1445600
1997-04-29	3.10	3.10	3.04	3.06	4206400
1997-04-30	3.16	3.19	3.07	3.08	1794400
1997-05-01	3.17	3.19	3.16	3.16	852000
1997-05-02	3.25	3.26	3.17	3.17	931200
1997-05-05	3.36	3.37	3.22	3.27	3538400
1997-05-06	3.23	3.35	3.21	3.32	2484800
1997-05-07	3.27	3.28	3.22	3.24	1488800
1997-05-08	3.16	3.27	3.16	3.23	1555200
1997-05-09	3.27	3.29	3.16	3.16	2736000
1997-05-12	3.31	3.33	3.28	3.29	2185600
1997-05-13	3.35	3.36	3.31	3.31	1355200
1997-05-14	3.34	3.38	3.33	3.38	1110400
1997-05-15	3.45	3.47	3.35	3.36	3208800
1997-05-16	3.53	3.55	3.48	3.49	2995200
1997-05-19	3.49	3.52	3.47	3.49	1952000
1997-05-20	3.59	3.59	3.51	3.51	1424800
1997-05-21	3.60	3.64	3.59	3.60	2993600
1997-05-22	3.63	3.64	3.59	3.59	2664000
1997-05-23	3.68	3.68	3.64	3.65	1776800
1997-05-27	3.66	3.69	3.62	3.68	2751200
1997-05-28	3.64	3.67	3.63	3.63	1744000
1997-05-29	3.67	3.68	3.63	3.65	692800
1997-05-30	3.75	3.75	3.62	3.63	2198400
1997-06-02	3.71	3.75	3.69	3.72	1599200
1997-06-03	3.71	3.71	3.66	3.70	2126400
1997-06-04	3.73	3.78	3.70	3.71	1668800
1997-06-05	3.73	3.74	3.71	3.71	2621600
1997-06-06	3.69	3.72	3.68	3.71	2636800
1997-06-09	3.68	3.71	3.67	3.69	1648000
1997-06-10	3.70	3.71	3.68	3.69	1543200
1997-06-11	3.69	3.71	3.67	3.71	1188000
1997-06-12	3.75	3.75	3.67	3.68	1885600
1997-06-13	3.69	3.75	3.69	3.75	1545600
1997-06-16	3.69	3.71	3.67	3.71	2152000
1997-06-17	3.64	3.68	3.61	3.67	1908800
1997-06-18	3.61	3.64	3.60	3.64	3746400
1997-06-19	3.59	3.61	3.57	3.60	2086400
1997-06-20	3.70	3.70	3.58	3.58	2840800
1997-06-23	3.68	3.71	3.67	3.68	1936800
1997-06-24	3.75	3.75	3.66	3.68	2312000
1997-06-25	3.70	3.75	3.67	3.75	1195200
1997-06-26	3.75	3.75	3.68	3.68	2162400
1997-06-27	3.73	3.75	3.71	3.73	931200
1997-06-30	3.48	3.72	3.48	3.71	1645600
1997-07-01	3.70	3.70	3.57	3.57	2355200
1997-07-02	3.70	3.70	3.65	3.68	1691200
1997-07-03	3.74	3.74	3.69	3.72	697600
1997-07-07	3.78	3.80	3.70	3.70	1355200
1997-07-08	3.81	3.81	3.75	3.76	1432800
1997-07-09	3.71	3.80	3.71	3.79	1520000
1997-07-10	3.77	3.78	3.72	3.73	914400
1997-07-11	3.78	3.80	3.74	3.79	991200
1997-07-14	3.71	3.77	3.71	3.76	860800
1997-07-15	3.73	3.73	3.69	3.71	1168800
1997-07-16	3.80	3.81	3.72	3.72	1059200
1997-07-17	3.88	3.93	3.74	3.75	3404800
1997-07-18	3.86	3.89	3.84	3.89	1359200
1997-07-21	3.86	3.86	3.82	3.86	821600
1997-07-22	3.90	3.92	3.84	3.85	1580800
1997-07-23	4.13	4.15	3.85	3.89	2932000
1997-07-24	4.12	4.13	4.05	4.10	1868800
1997-07-25	4.12	4.12	4.08	4.11	1254400
1997-07-28	4.04	4.12	4.03	4.10	580800
1997-07-29	4.02	4.05	3.97	4.02	3867200
1997-07-30	4.07	4.12	4.03	4.03	1004000
1997-07-31	4.10	4.12	4.05	4.07	1704000
1997-08-01	4.01	4.05	3.99	4.05	1045600
1997-08-04	4.03	4.04	4.00	4.00	693600
1997-08-05	4.02	4.02	3.98	3.99	1003200
1997-08-06	4.08	4.10	3.97	3.97	10116000
1997-08-07	4.05	4.11	4.04	4.11	1293600
1997-08-08	3.93	4.03	3.93	4.03	812000
1997-08-11	3.94	3.95	3.91	3.94	1178400
1997-08-12	3.91	3.93	3.90	3.91	1210400
1997-08-13	3.90	3.94	3.89	3.93	1365600
1997-08-14	3.83	3.90	3.82	3.88	1141600
1997-08-15	3.85	3.86	3.82	3.82	4483200
1997-08-18	3.85	3.88	3.84	3.87	1547200
1997-08-19	3.95	3.96	3.86	3.86	1296800
1997-08-20	4.13	4.13	3.94	3.94	3108800
1997-08-21	4.11	4.12	4.05	4.12	1457600
1997-08-22	4.08	4.11	4.07	4.11	1533600
1997-08-25	4.08	4.09	4.07	4.07	1305600
1997-08-26	4.09	4.09	4.07	4.07	818400
1997-08-27	4.08	4.09	4.07	4.08	1472000
1997-08-28	4.07	4.09	4.04	4.07	1727200
1997-08-29	4.06	4.09	4.05	4.05	2027200
1997-09-02	4.08	4.10	4.06	4.06	2957600
1997-09-03	4.16	4.16	4.08	4.08	5412000
1997-09-04	4.18	4.27	4.13	4.16	1644000
1997-09-05	4.18	4.22	4.16	4.16	751200
1997-09-08	4.17	4.21	4.16	4.20	350400
1997-09-09	4.16	4.19	4.07	4.11	826400
1997-09-10	4.06	4.14	4.06	4.14	618400
1997-09-11	4.02	4.07	4.01	4.05	1427200
1997-09-12	4.05	4.05	3.95	4.00	1688000
1997-09-15	4.05	4.08	4.04	4.05	1352800
1997-09-16	4.07	4.07	4.02	4.02	1728800
1997-09-17	4.07	4.09	4.06	4.07	1851200
1997-09-18	4.14	4.14	4.07	4.07	1340800
1997-09-19	4.10	4.14	4.08	4.14	1926400
1997-09-22	4.08	4.09	4.05	4.08	1725600
1997-09-23	4.04	4.08	4.02	4.07	1226400
1997-09-24	3.97	4.04	3.97	4.02	1244800
1997-09-25	3.97	4.05	3.95	3.97	2144000
1997-09-26	3.96	3.98	3.96	3.97	1103200
1997-09-29	4.03	4.07	3.97	3.97	776800
1997-09-30	4.00	4.10	4.00	4.04	1734400
1997-10-01	4.03	4.04	4.00	4.00	936800
1997-10-02	4.06	4.08	4.00	4.01	880000
1997-10-03	4.07	4.09	4.05	4.06	937600
1997-10-06	4.12	4.13	4.05	4.05	883200
1997-10-07	4.15	4.15	4.09	4.10	628800
1997-10-08	4.02	4.15	4.02	4.13	832800
1997-10-09	3.98	4.01	3.93	4.01	1207200
1997-10-10	3.99	4.04	3.95	3.96	705600
1997-10-13	3.99	4.00	3.97	3.97	511200
1997-10-14	3.99	4.01	3.98	3.99	948800
1997-10-15	3.94	3.95	3.88	3.91	975200
1997-10-16	3.82	3.94	3.82	3.91	1729600
1997-10-17	3.80	3.84	3.78	3.82	1507200
1997-10-20	3.85	3.86	3.78	3.80	720000
1997-10-21	3.96	3.98	3.85	3.87	1360000
1997-10-22	4.00	4.05	3.96	3.96	1700800
1997-10-23	3.89	3.95	3.80	3.95	5567200
1997-10-24	3.85	3.90	3.80	3.90	3351200
1997-10-27	3.68	3.82	3.68	3.81	1906400
1997-10-28	3.75	3.75	3.43	3.54	11075200
1997-10-29	3.84	3.89	3.77	3.77	1809600
1997-10-30	3.72	3.80	3.69	3.80	1575200
1997-10-31	3.75	3.78	3.69	3.77	3094400
1997-11-03	3.75	3.80	3.73	3.75	1059200
1997-11-04	3.74	3.75	3.70	3.70	936000
1997-11-05	3.76	3.78	3.72	3.74	821600
1997-11-06	3.73	3.76	3.68	3.76	801600
1997-11-07	3.64	3.68	3.62	3.68	1308800
1997-11-10	3.63	3.63	3.60	3.60	1245600
1997-11-11	3.66	3.68	3.62	3.63	2260000
1997-11-12	3.48	3.64	3.48	3.64	12111200
1997-11-13	3.45	3.52	3.38	3.52	2419200
1997-11-14	3.44	3.51	3.44	3.49	2863200
1997-11-17	3.50	3.56	3.50	3.50	2389600
1997-11-18	3.46	3.51	3.43	3.50	2009600
1997-11-19	3.32	3.43	3.27	3.40	2812000
1997-11-20	3.34	3.45	3.33	3.36	4044800
1997-11-21	3.38	3.43	3.38	3.40	4691200
1997-11-24	3.36	3.43	3.34	3.40	3281600
1997-11-25	3.38	3.41	3.35	3.35	2852800
1997-11-26	3.34	3.40	3.33	3.37	3540800
1997-11-28	3.41	3.42	3.34	3.34	861600
1997-12-01	3.55	3.55	3.44	3.44	2201600
1997-12-02	3.55	3.55	3.52	3.55	3132800
1997-12-03	3.55	3.64	3.51	3.53	3533600
1997-12-04	3.63	3.63	3.53	3.53	2145600
1997-12-05	3.76	3.76	3.61	3.63	2759200
1997-12-08	3.76	3.87	3.69	3.78	3024000
1997-12-09	3.69	3.75	3.66	3.74	5344800
1997-12-10	3.68	3.69	3.65	3.68	1716000
1997-12-11	3.57	3.61	3.51	3.61	3367200
1997-12-12	3.55	3.57	3.48	3.57	2020800
1997-12-15	3.62	3.64	3.54	3.54	1555200
1997-12-16	3.66	3.67	3.62	3.62	1159200
1997-12-17	3.77	3.77	3.69	3.69	2728800
1997-12-18	3.71	3.76	3.69	3.76	2839200
1997-12-19	3.69	3.70	3.65	3.70	2592000
1997-12-22	3.69	3.72	3.69	3.69	4405600
1997-12-23	3.63	3.70	3.62	3.69	1051200
1997-12-24	3.64	3.64	3.61	3.63	784000
1997-12-26	3.64	3.64	3.61	3.62	776000
1997-12-29	3.75	3.75	3.64	3.64	1067200
1997-12-30	3.75	3.76	3.72	3.75	789600
1997-12-31	3.78	3.78	3.74	3.74	921600
1998-01-02	3.71	3.78	3.70	3.77	876800
1998-01-05	3.72	3.72	3.66	3.69	968800
1998-01-06	3.72	3.74	3.68	3.68	1359200
1998-01-07	3.68	3.69	3.57	3.62	3578400
1998-01-08	3.58	3.66	3.58	3.66	1415200
1998-01-09	3.50	3.56	3.45	3.56	1528800
1998-01-12	3.50	3.51	3.35	3.39	2719200
1998-01-13	3.47	3.52	3.46	3.50	1122400
1998-01-14	3.55	3.55	3.49	3.49	1740800
1998-01-15	3.54	3.59	3.52	3.55	1544800
1998-01-16	3.55	3.58	3.51	3.56	767200
1998-01-20	3.64	3.66	3.55	3.56	1417600
1998-01-21	3.66	3.68	3.63	3.63	1870400
1998-01-22	3.64	3.66	3.59	3.62	1604000
1998-01-23	3.61	3.65	3.60	3.65	1000800
1998-01-26	3.59	3.64	3.57	3.63	1112000
1998-01-27	3.63	3.64	3.59	3.59	1700800
1998-01-28	3.64	3.67	3.62	3.63	1996000
1998-01-29	3.69	3.69	3.62	3.62	3032800
1998-01-30	4.02	4.02	3.77	3.77	8120000
1998-02-02	4.15	4.17	3.98	4.02	5585600
1998-02-03	4.34	4.37	4.08	4.12	5135200
1998-02-04	4.40	4.46	4.29	4.30	5832000
1998-02-05	4.50	4.52	4.40	4.41	3686400
1998-02-06	4.53	4.53	4.38	4.43	4620000
1998-02-09	4.54	4.56	4.48	4.51	1695200
1998-02-10	4.54	4.54	4.45	4.48	2482400
1998-02-11	4.45	4.57	4.44	4.52	2500800
1998-02-12	4.47	4.47	4.40	4.45	1680000
1998-02-13	4.43	4.49	4.41	4.47	1634400
1998-02-17	4.49	4.50	4.43	4.46	1412800
1998-02-18	4.55	4.57	4.47	4.47	1459200
1998-02-19	4.55	4.55	4.48	4.53	1896800
1998-02-20	4.52	4.54	4.49	4.54	1848800
1998-02-23	4.54	4.54	4.48	4.52	1327200
1998-02-24	4.55	4.55	4.49	4.52	1029600
1998-02-25	4.57	4.60	4.52	4.53	3044800
1998-02-26	4.54	4.55	4.52	4.52	1287200
1998-02-27	4.55	4.57	4.53	4.54	743200
1998-03-02	4.61	4.64	4.56	4.57	1011200
1998-03-03	4.60	4.62	4.59	4.61	884000
1998-03-04	4.59	4.62	4.57	4.59	605600
1998-03-05	4.52	4.54	4.52	4.53	1151200
1998-03-06	4.63	4.64	4.52	4.52	947200
1998-03-09	4.61	4.63	4.59	4.61	707200
1998-03-10	4.69	4.71	4.62	4.62	1540800
1998-03-11	4.69	4.70	4.65	4.66	878400
1998-03-12	4.76	4.80	4.69	4.69	1445600
1998-03-13	4.79	4.81	4.74	4.78	1132800
1998-03-16	4.81	4.81	4.77	4.79	787200
1998-03-17	4.86	4.89	4.81	4.81	1159200
1998-03-18	4.87	4.88	4.84	4.84	590400
1998-03-19	4.89	4.93	4.88	4.88	1040000
1998-03-20	4.85	4.90	4.84	4.87	884000
1998-03-23	4.79	4.85	4.79	4.84	801600
1998-03-24	4.82	4.85	4.78	4.78	769600
1998-03-25	4.79	4.87	4.74	4.84	1547200
1998-03-26	4.84	4.87	4.75	4.78	994400
1998-03-27	4.77	4.86	4.71	4.85	1698400
1998-03-30	4.69	4.76	4.64	4.73	1170400
1998-03-31	4.68	4.73	4.68	4.71	1320000
1998-04-01	4.90	4.91	4.69	4.69	2013600
1998-04-02	4.93	4.96	4.84	4.84	1750400
1998-04-03	4.88	4.93	4.83	4.93	1452800
1998-04-06	4.93	4.98	4.88	4.88	1775200
1998-04-07	4.84	4.91	4.78	4.91	2192800
1998-04-08	4.73	4.84	4.72	4.84	1279200
1998-04-09	4.71	4.76	4.69	4.75	1627200
1998-04-13	4.63	4.69	4.59	4.59	2155200
1998-04-14	4.64	4.66	4.60	4.63	1723200
1998-04-15	4.68	4.70	4.63	4.63	4887200
1998-04-16	4.66	4.70	4.65	4.69	4407200
1998-04-17	4.64	4.66	4.64	4.65	1596800
1998-04-20	4.61	4.65	4.59	4.65	1395200
1998-04-21	4.54	4.60	4.48	4.60	1692800
1998-04-22	4.53	4.57	4.53	4.56	1298400
1998-04-23	4.51	4.59	4.43	4.57	1834400
1998-04-24	4.48	4.51	4.42	4.44	3057600
1998-04-27	4.39	4.44	4.37	4.40	2215200
1998-04-28	4.51	4.68	4.51	4.68	3020800
1998-04-29	4.56	4.59	4.53	4.54	2264800
1998-04-30	4.81	4.83	4.65	4.65	3794400
1998-05-01	4.91	4.91	4.82	4.82	2174400
1998-05-04	5.11	5.11	5.00	5.00	7149600
1998-05-05	5.04	5.08	5.03	5.08	2978400
1998-05-06	4.90	5.03	4.90	5.03	2343200
1998-05-07	4.87	4.91	4.83	4.91	1335200
1998-05-08	4.85	4.92	4.85	4.89	1392000
1998-05-11	4.90	4.90	4.82	4.83	1732000
1998-05-12	4.84	4.90	4.82	4.90	5400800
1998-05-13	4.84	4.86	4.81	4.83	1145600
1998-05-14	4.93	4.93	4.83	4.84	1856000
1998-05-15	4.87	4.93	4.87	4.93	766400
1998-05-18	4.86	4.90	4.81	4.88	936000
1998-05-19	4.88	4.91	4.85	4.85	1936000
1998-05-20	4.89	4.91	4.86	4.90	1605600
1998-05-21	4.91	4.94	4.83	4.89	2290400
1998-05-22	4.88	4.91	4.86	4.91	838400
1998-05-26	4.79	4.91	4.79	4.88	1457600
1998-05-27	4.67	4.72	4.62	4.66	2884000
1998-05-28	4.74	4.74	4.65	4.67	3968800
1998-05-29	4.74	4.78	4.74	4.75	1964800
1998-06-01	4.75	4.82	4.73	4.74	849600
1998-06-02	4.84	4.92	4.77	4.77	1759200
1998-06-03	4.78	4.85	4.76	4.84	1617600
1998-06-04	4.79	4.79	4.74	4.77	839200
1998-06-05	4.76	4.82	4.72	4.77	957600
1998-06-08	4.90	4.91	4.78	4.78	1444800
1998-06-09	4.92	4.96	4.88	4.93	922000
1998-06-10	4.72	4.93	4.69	4.93	1498000
1998-06-11	4.54	4.75	4.54	4.73	2289600
1998-06-12	4.45	4.51	4.41	4.45	2472400
1998-06-15	4.32	4.38	4.20	4.38	3192000
1998-06-16	4.44	4.44	4.29	4.29	2678000
1998-06-17	4.51	4.68	4.45	4.45	1931600
1998-06-18	4.50	4.55	4.44	4.50	1443200
1998-06-19	4.37	4.43	4.28	4.28	2087200
1998-06-22	4.36	4.40	4.31	4.37	1061200
1998-06-23	4.45	4.47	4.36	4.36	2229200
1998-06-24	4.49	4.50	4.43	4.45	1849600
1998-06-25	4.48	4.50	4.42	4.50	2033600
1998-06-26	4.59	4.64	4.52	4.52	858800
1998-06-29	4.64	4.70	4.54	4.59	938400
1998-06-30	4.50	4.66	4.50	4.65	1409600
1998-07-01	4.78	4.78	4.64	4.64	1878400
1998-07-02	4.90	4.91	4.81	4.84	1838800
1998-07-06	4.95	4.95	4.84	4.90	1521600
1998-07-07	5.08	5.10	4.97	4.99	2964000
1998-07-08	5.29	5.29	5.11	5.12	2885200
1998-07-09	5.34	5.39	5.25	5.29	3056000
1998-07-10	5.53	5.54	5.27	5.31	2736000
1998-07-13	5.36	5.41	5.31	5.32	2655600
1998-07-14	5.46	5.46	5.34	5.37	1836400
1998-07-15	5.50	5.50	5.46	5.49	3275200
1998-07-16	5.54	5.56	5.46	5.49	13559200
1998-07-17	5.62	5.67	5.50	5.57	2205200
1998-07-20	5.46	5.67	5.45	5.64	1606000
1998-07-21	5.47	5.49	5.28	5.47	1314800
1998-07-22	5.27	5.44	5.21	5.43	1590000
1998-07-23	5.12	5.26	5.12	5.23	1089200
1998-07-24	5.20	5.23	5.08	5.14	1220000
1998-07-27	5.39	5.42	5.12	5.18	2076000
1998-07-28	5.13	5.42	5.12	5.42	1980000
1998-07-29	5.30	5.39	5.17	5.19	1590400
1998-07-30	5.19	5.33	5.19	5.30	778800
1998-07-31	5.10	5.18	5.09	5.16	784000
1998-08-03	5.07	5.17	5.05	5.14	652800
1998-08-04	4.94	5.16	4.93	5.15	1024000
1998-08-05	4.92	5.02	4.78	4.94	1186400
1998-08-06	4.95	5.00	4.92	4.92	834400
1998-08-07	4.95	5.04	4.90	4.95	1012400
1998-08-10	4.83	4.91	4.82	4.91	988800
1998-08-11	4.59	4.76	4.53	4.76	2912000
1998-08-12	4.65	4.74	4.62	4.66	1701600
1998-08-13	4.59	4.64	4.53	4.58	1157600
1998-08-14	4.54	4.69	4.54	4.65	797600
1998-08-17	4.65	4.66	4.49	4.54	772400
1998-08-18	4.65	4.71	4.55	4.62	1456400
1998-08-19	4.58	4.68	4.52	4.68	1229200
1998-08-20	4.53	4.62	4.47	4.58	1204800
1998-08-21	4.49	4.52	4.42	4.46	1493600
1998-08-24	4.63	4.64	4.47	4.48	943200
1998-08-25	4.58	4.71	4.48	4.62	1592400
1998-08-26	4.57	4.60	4.43	4.53	2530800
1998-08-27	4.35	4.51	4.28	4.48	2367600
1998-08-28	4.30	4.38	4.20	4.32	2019600
1998-08-31	3.74	4.35	3.74	4.31	2518800
1998-09-01	4.18	4.22	3.74	3.83	6057200
1998-09-02	3.98	4.22	3.94	4.21	2074400
1998-09-03	4.07	4.10	3.88	3.88	1528400
1998-09-04	4.20	4.20	4.03	4.03	2093600
1998-09-08	4.37	4.50	4.36	4.50	1725600
1998-09-09	4.29	4.55	4.27	4.55	1521600
1998-09-10	4.07	4.26	4.05	4.26	1326800
1998-09-11	4.33	4.33	4.06	4.10	1393600
1998-09-14	4.71	4.74	4.39	4.39	1992000
1998-09-15	4.91	4.91	4.56	4.65	1979600
1998-09-16	4.65	4.87	4.62	4.87	1054800
1998-09-17	4.72	4.75	4.52	4.59	1042800
1998-09-18	4.69	4.74	4.58	4.60	1480400
1998-09-21	4.73	4.74	4.52	4.66	1182400
1998-09-22	4.62	4.73	4.46	4.69	975600
1998-09-23	4.66	4.71	4.49	4.62	1636000
1998-09-24	4.49	4.78	4.48	4.61	2008800
1998-09-25	4.40	4.50	4.38	4.42	1410800
1998-09-28	4.58	4.60	4.44	4.44	1208400
1998-09-29	4.58	4.59	4.41	4.56	1297600
1998-09-30	4.25	4.52	4.16	4.52	2476800
1998-10-01	4.11	4.21	3.95	4.12	1964000
1998-10-02	4.05	4.10	3.96	4.07	1628000
1998-10-05	4.06	4.06	3.79	3.99	1682800
1998-10-06	3.89	4.18	3.83	4.16	1862400
1998-10-07	4.34	4.34	3.92	3.93	3024000
1998-10-08	4.53	4.54	4.09	4.09	3590000
1998-10-09	4.84	4.91	4.54	4.54	4760400
1998-10-12	4.82	5.20	4.80	5.10	4947200
1998-10-13	4.81	4.97	4.81	4.91	2484000
1998-10-14	4.91	5.14	4.79	4.84	3546000
1998-10-15	5.20	5.20	4.84	4.84	2419600
1998-10-16	5.41	5.45	5.17	5.24	4993200
1998-10-19	5.38	5.46	5.27	5.31	2856000
1998-10-20	5.23	5.48	5.19	5.47	2933200
1998-10-21	5.05	5.23	4.93	5.23	2996000
1998-10-22	5.05	5.08	5.00	5.05	2165200
1998-10-23	4.98	5.09	4.98	5.06	1499600
1998-10-26	5.08	5.11	4.95	4.99	2259200
1998-10-27	5.43	5.80	5.32	5.34	9133200
1998-10-28	5.69	5.69	5.17	5.18	3282800
1998-10-29	5.63	5.77	5.56	5.63	2804400
1998-10-30	5.67	5.71	5.55	5.58	2080400
1998-11-02	5.67	5.79	5.58	5.71	2296000
1998-11-03	5.64	5.71	5.61	5.71	1467600
1998-11-04	5.69	5.72	5.65	5.71	2143600
1998-11-05	5.72	5.76	5.56	5.65	3580400
1998-11-06	5.79	5.93	5.69	5.69	1388800
1998-11-09	5.58	5.67	5.58	5.65	1555200
1998-11-10	5.77	5.81	5.49	5.58	2212800
1998-11-11	5.49	5.78	5.46	5.77	1078400
1998-11-12	5.80	5.92	5.45	5.51	2180800
1998-11-13	5.66	5.80	5.55	5.80	2340000
1998-11-16	5.84	5.88	5.65	5.69	1461600
1998-11-17	5.76	5.84	5.68	5.82	1184400
1998-11-18	5.70	5.74	5.56	5.62	1142400
1998-11-19	5.66	5.76	5.52	5.73	1632000
1998-11-20	5.52	5.65	5.38	5.64	2325600
1998-11-23	5.70	5.76	5.51	5.64	3742800
1998-11-24	5.84	5.95	5.65	5.66	2324000
1998-11-25	5.83	5.88	5.78	5.79	1044000
1998-11-27	5.74	5.84	5.74	5.83	308400
1998-11-30	5.49	5.83	5.49	5.78	1011200
1998-12-01	5.58	5.61	5.46	5.49	1295200
1998-12-02	5.67	5.67	5.52	5.55	943200
1998-12-03	5.72	5.72	5.63	5.68	1048000
1998-12-04	5.94	5.96	5.70	5.70	2180800
1998-12-07	6.28	6.28	5.88	5.88	2369600
1998-12-08	6.00	6.11	5.98	6.05	2644800
1998-12-09	5.83	6.03	5.73	6.03	1589600
1998-12-10	5.70	5.83	5.62	5.83	1138400
1998-12-11	5.74	5.77	5.52	5.63	1529600
1998-12-14	5.51	5.76	5.49	5.75	1297200
1998-12-15	5.62	5.71	5.55	5.60	2207600
1998-12-16	5.73	5.80	5.57	5.64	1263200
1998-12-17	6.23	6.25	5.75	5.76	2211200
1998-12-18	5.98	6.08	5.93	6.00	2926800
1998-12-21	6.15	6.17	5.93	5.94	1482400
1998-12-22	6.24	6.25	6.11	6.25	1452000
1998-12-23	6.29	6.41	6.25	6.25	2526800
1998-12-24	6.33	6.33	6.22	6.23	351600
1998-12-28	6.37	6.42	6.29	6.29	1107200
1998-12-29	6.53	6.75	6.37	6.38	1854800
1998-12-30	6.55	6.61	6.49	6.54	1374000
1998-12-31	6.53	6.74	6.52	6.56	2762800
1999-01-04	6.55	6.65	6.52	6.54	3002000
1999-01-05	6.35	6.54	6.32	6.54	2216800
1999-01-06	6.42	6.44	6.30	6.33	2452400
1999-01-07	6.37	6.38	6.31	6.31	1829600
1999-01-08	6.19	6.37	6.15	6.18	2576800
1999-01-11	6.09	6.23	6.00	6.23	1374000
1999-01-12	5.92	6.05	5.89	6.03	2104000
1999-01-13	6.11	6.19	5.81	5.91	1749200
1999-01-14	6.49	6.59	6.24	6.24	5095200
1999-01-15	6.60	6.60	6.40	6.49	3864000
1999-01-19	6.50	6.58	6.46	6.57	2102800
1999-01-20	6.48	6.61	6.47	6.55	1630800
1999-01-21	6.38	6.51	6.35	6.45	1686400
1999-01-22	6.24	6.36	6.19	6.36	1612400
1999-01-25	6.25	6.31	6.20	6.27	1212400
1999-01-26	6.24	6.35	6.24	6.25	2307600
1999-01-27	6.39	6.45	6.26	6.26	2371600
1999-01-28	6.38	6.54	6.37	6.39	2901600
1999-01-29	6.38	6.57	6.38	6.55	4150800
1999-02-01	6.69	6.81	6.48	6.48	4757600
1999-02-02	6.64	6.78	6.56	6.65	3477600
1999-02-03	7.19	7.30	6.65	6.67	3748400
1999-02-04	7.23	7.27	7.07	7.15	5103200
1999-02-05	7.33	7.34	7.05	7.22	3740000
1999-02-08	7.46	7.52	7.31	7.33	2512800
1999-02-09	7.35	7.43	7.22	7.24	3889200
1999-02-10	7.14	7.27	6.89	7.26	3209600
1999-02-11	7.26	7.28	6.92	7.00	6230000
1999-02-12	7.38	7.38	7.11	7.22	2221600
1999-02-16	7.30	7.40	7.23	7.37	1523600
1999-02-17	7.34	7.35	7.24	7.26	1451600
1999-02-18	7.37	7.42	7.29	7.34	2019600
1999-02-19	7.31	7.42	7.26	7.41	2168000
1999-02-22	7.10	7.34	7.09	7.31	2825200
1999-02-23	6.93	7.04	6.91	6.98	3438400
1999-02-24	6.76	7.04	6.75	7.01	1877600
1999-02-25	6.73	6.86	6.64	6.77	2012800
1999-02-26	6.53	6.78	6.46	6.69	3952800
1999-03-01	6.88	6.93	6.57	6.57	3214400
1999-03-02	7.33	7.35	6.83	6.84	2947600
1999-03-03	7.12	7.26	7.07	7.17	5754400
1999-03-04	7.08	7.13	7.02	7.10	2669600
1999-03-05	7.02	7.16	6.99	7.16	2606400
1999-03-08	7.10	7.19	7.02	7.05	2148800
1999-03-09	7.03	7.10	6.93	7.09	1006000
1999-03-10	7.19	7.21	6.98	7.03	1364800
1999-03-11	7.19	7.30	7.14	7.22	1474400
1999-03-12	7.23	7.29	7.15	7.16	1907600
1999-03-15	7.62	7.68	7.21	7.23	3252000
1999-03-16	7.47	7.61	7.47	7.53	3073600
1999-03-17	7.46	7.47	7.35	7.40	1724400
1999-03-18	7.40	7.46	7.32	7.44	1527200
1999-03-19	7.56	7.74	7.21	7.21	3101200
1999-03-22	7.71	7.82	7.51	7.55	3171200
1999-03-23	7.75	7.89	7.57	7.60	2144000
1999-03-24	7.73	7.86	7.65	7.72	2307200
1999-03-25	7.79	7.89	7.75	7.79	3020400
1999-03-26	7.75	7.87	7.73	7.78	2043600
1999-03-29	7.76	7.88	7.74	7.74	1703200
1999-03-30	7.64	7.91	7.64	7.74	1974800
1999-03-31	8.12	8.13	7.67	7.67	3826800
1999-04-01	7.71	8.05	7.54	8.04	3022800
1999-04-05	7.70	7.75	7.63	7.74	1664400
1999-04-06	7.52	7.68	7.42	7.65	2502000
1999-04-07	7.46	7.63	7.46	7.49	1976400
1999-04-08	7.41	7.55	7.33	7.46	3432000
1999-04-09	7.40	7.48	7.35	7.38	2669600
1999-04-12	7.55	7.64	7.33	7.36	3095200
1999-04-13	7.42	7.60	7.39	7.50	1730400
1999-04-14	7.60	7.70	7.46	7.46	1673200
1999-04-15	7.44	7.71	7.44	7.58	1760800
1999-04-16	7.52	7.57	7.38	7.45	872800
1999-04-19	7.56	7.79	7.53	7.53	1891600
1999-04-20	7.54	7.67	7.46	7.55	1412400
1999-04-21	7.85	7.85	7.48	7.54	1997600
1999-04-22	7.86	7.88	7.78	7.85	941600
1999-04-23	7.77	7.84	7.75	7.81	1037600
1999-04-26	7.65	7.85	7.63	7.79	1484400
1999-04-27	8.17	8.46	8.08	8.09	9152000
1999-04-28	8.11	8.31	8.11	8.19	7261600
1999-04-29	8.29	8.29	8.16	8.20	8991600
1999-04-30	8.09	8.28	8.09	8.28	7956400
1999-05-03	8.06	8.15	8.04	8.10	2181600
1999-05-04	8.02	8.12	7.96	8.03	1740400
1999-05-05	7.94	8.00	7.85	7.96	1950000
1999-05-06	7.76	7.96	7.76	7.91	1192000
1999-05-07	7.86	7.97	7.77	7.77	2769200
1999-05-10	7.89	7.89	7.77	7.86	1602000
1999-05-11	7.95	8.10	7.87	7.90	2460400
1999-05-12	7.92	8.09	7.87	8.09	2579600
1999-05-13	7.89	8.01	7.82	7.96	2931200
1999-05-14	7.59	7.86	7.53	7.83	1678400
1999-05-17	7.65	7.67	7.52	7.52	1388800
1999-05-18	7.52	7.76	7.51	7.67	1337600
1999-05-19	7.54	7.68	7.46	7.61	2677600
1999-05-20	7.79	7.84	7.49	7.54	2766000
1999-05-21	7.70	7.83	7.65	7.79	1515600
1999-05-24	7.45	7.59	7.40	7.54	1404400
1999-05-25	7.29	7.46	7.29	7.45	1662400
1999-05-26	7.35	7.35	7.07	7.30	4034000
1999-05-27	7.77	7.94	7.36	7.38	47392800
1999-05-28	7.62	7.75	7.57	7.62	20469600
1999-06-01	7.35	7.61	7.26	7.61	4806000
1999-06-02	7.28	7.37	7.25	7.34	3652000
1999-06-03	6.87	7.26	6.83	7.26	7234400
1999-06-04	6.87	7.04	6.74	6.87	4768000
1999-06-07	7.02	7.10	6.96	6.96	3500400
1999-06-08	6.87	7.02	6.79	7.01	2268800
1999-06-09	6.77	7.01	6.72	6.98	3786400
1999-06-10	6.86	6.86	6.68	6.76	2081200
1999-06-11	6.96	7.00	6.73	6.87	2733200
1999-06-14	6.86	6.89	6.78	6.87	1620400
1999-06-15	6.68	6.89	6.68	6.86	2046400
1999-06-16	6.98	7.00	6.74	6.79	3832400
1999-06-17	7.31	7.32	6.91	6.94	3626000
1999-06-18	7.40	7.46	7.30	7.46	4820000
1999-06-21	7.47	7.49	7.33	7.40	2756800
1999-06-22	7.14	7.50	7.10	7.50	2471600
1999-06-23	6.91	7.11	6.87	7.11	3627200
1999-06-24	6.72	6.79	6.66	6.79	5020800
1999-06-25	6.65	6.79	6.65	6.79	2951600
1999-06-28	6.89	6.96	6.73	6.74	2743200
1999-06-29	7.22	7.22	6.91	6.97	3620800
1999-06-30	7.15	7.24	6.90	7.22	2847200
1999-07-01	6.99	7.13	6.85	7.12	1555200
1999-07-02	6.97	7.02	6.89	6.89	1527200
1999-07-06	7.08	7.10	6.94	7.00	2033200
1999-07-07	7.07	7.12	6.93	7.09	2088000
1999-07-08	6.94	6.98	6.89	6.98	1708000
1999-07-09	6.96	7.01	6.76	6.85	3826000
1999-07-12	6.86	6.91	6.79	6.91	1925200
1999-07-13	6.84	6.87	6.78	6.82	1285200
1999-07-14	6.79	6.86	6.77	6.85	1946000
1999-07-15	6.79	6.81	6.73	6.79	2698000
1999-07-16	6.86	6.87	6.75	6.78	2043600
1999-07-19	6.79	6.83	6.75	6.79	1560000
1999-07-20	6.70	6.80	6.65	6.79	2564400
1999-07-21	6.70	6.82	6.64	6.77	2080400
1999-07-22	6.70	6.72	6.57	6.58	2256400
1999-07-23	6.65	6.71	6.59	6.70	1517600
1999-07-26	6.60	6.70	6.55	6.67	1846400
1999-07-27	6.85	6.87	6.72	6.73	3142800
1999-07-28	6.83	6.93	6.72	6.87	1889600
1999-07-29	6.80	6.81	6.68	6.70	1885200
1999-07-30	6.93	6.98	6.86	6.88	3388800
1999-08-02	7.06	7.06	6.94	6.94	1630800
1999-08-03	6.97	7.02	6.81	6.96	3741200
1999-08-04	6.80	6.93	6.76	6.93	2020800
1999-08-05	7.10	7.10	6.70	6.76	4244800
1999-08-06	6.84	7.03	6.81	7.02	1390800
1999-08-09	6.79	6.85	6.68	6.82	1266800
1999-08-10	6.59	6.83	6.56	6.83	992000
1999-08-11	6.61	6.66	6.52	6.59	1085200
1999-08-12	6.57	6.58	6.52	6.57	2138400
1999-08-13	6.68	6.70	6.57	6.68	1527600
1999-08-16	6.65	6.68	6.54	6.67	2156000
1999-08-17	6.92	6.92	6.65	6.68	2163600
1999-08-18	6.81	6.90	6.73	6.88	1794000
1999-08-19	6.71	6.77	6.58	6.77	1708400
1999-08-20	6.68	6.75	6.65	6.75	1518800
1999-08-23	6.88	6.96	6.71	6.71	3110000
1999-08-24	7.18	7.20	6.84	6.84	4140400
1999-08-25	7.29	7.39	7.14	7.19	3982800
1999-08-26	7.13	7.26	7.12	7.24	1094400
1999-08-27	6.97	7.18	6.97	7.10	803200
1999-08-30	6.75	7.03	6.74	6.97	964000
1999-08-31	6.72	6.97	6.69	6.79	1653200
1999-09-01	6.82	6.88	6.72	6.88	1165200
1999-09-02	6.78	6.90	6.75	6.80	1901600
1999-09-03	6.96	6.96	6.82	6.84	2830000
1999-09-07	6.87	7.06	6.85	7.06	752800
1999-09-08	6.68	6.84	6.65	6.83	3371200
1999-09-09	6.48	6.68	6.38	6.68	3755200
1999-09-10	6.62	6.68	6.57	6.60	3232800
1999-09-13	6.44	6.54	6.42	6.51	2470000
1999-09-14	6.35	6.41	6.32	6.40	2540000
1999-09-15	6.25	6.46	6.23	6.39	2125600
1999-09-16	6.30	6.37	6.19	6.25	1745200
1999-09-17	6.64	6.75	6.54	6.62	2742000
1999-09-20	6.74	6.88	6.66	6.66	2505200
1999-09-21	6.53	6.65	6.49	6.58	2399600
1999-09-22	6.38	6.50	6.13	6.48	2976800
1999-09-23	6.24	6.54	6.20	6.41	2908400
1999-09-24	6.32	6.32	6.16	6.24	2166800
1999-09-27	6.13	6.26	6.10	6.25	2575600
1999-09-28	6.29	6.32	6.15	6.28	3382400
1999-09-29	6.18	6.30	6.18	6.28	2396800
1999-09-30	6.26	6.33	6.16	6.18	2563200
1999-10-01	6.59	6.67	6.26	6.26	2500800
1999-10-04	6.61	6.62	6.54	6.59	1690800
1999-10-05	6.50	6.58	6.43	6.58	2018800
1999-10-06	6.56	6.58	6.49	6.53	2395200
1999-10-07	6.65	6.66	6.52	6.56	2260800
1999-10-08	6.76	6.81	6.62	6.64	2757600
1999-10-11	6.71	6.77	6.68	6.72	934000
1999-10-12	6.75	6.80	6.62	6.69	1450800
1999-10-13	6.67	6.79	6.60	6.75	2066800
1999-10-14	6.63	6.71	6.46	6.63	1399600
1999-10-15	6.43	6.69	6.32	6.69	1775200
1999-10-18	6.48	6.53	6.32	6.41	1941200
1999-10-19	6.51	6.68	6.46	6.53	1766800
1999-10-20	6.39	6.61	6.33	6.58	1601600
1999-10-21	6.47	6.49	6.26	6.32	1445200
1999-10-22	6.82	6.88	6.46	6.47	1842400
1999-10-25	6.72	6.78	6.63	6.78	1953200
1999-10-26	6.74	6.87	6.71	6.71	2033600
1999-10-27	7.14	7.18	6.70	6.77	3019200
1999-10-28	7.54	7.61	7.50	7.61	5190000
1999-10-29	7.65	7.82	7.61	7.63	3605600
1999-11-01	7.34	7.64	7.34	7.64	3595200
1999-11-02	7.55	7.81	7.40	7.41	3489600
1999-11-03	7.66	7.74	7.57	7.59	2786000
1999-11-04	7.80	7.82	7.66	7.66	2868000
1999-11-05	7.82	7.88	7.79	7.82	3619200
1999-11-08	7.87	7.88	7.74	7.78	2032800
1999-11-09	7.78	7.85	7.63	7.85	2508000
1999-11-10	7.68	7.69	7.57	7.63	2319200
1999-11-11	7.70	7.71	7.62	7.68	1196000
1999-11-12	7.72	7.77	7.68	7.70	3827200
1999-11-15	7.88	7.90	7.67	7.70	4138400
1999-11-16	8.09	8.13	7.85	7.87	1981200
1999-11-17	7.94	8.06	7.92	8.05	1337600
1999-11-18	7.92	8.00	7.90	7.94	1949200
1999-11-19	7.78	7.92	7.68	7.92	1892800
1999-11-22	7.56	7.65	7.41	7.65	1960800
1999-11-23	7.47	7.69	7.45	7.55	2198400
1999-11-24	7.41	7.51	7.37	7.49	1047200
1999-11-26	7.33	7.43	7.24	7.29	588000
1999-11-29	7.17	7.29	7.12	7.29	1213600
1999-11-30	7.17	7.19	7.12	7.17	1900400
1999-12-01	7.23	7.30	7.15	7.17	3039200
1999-12-02	7.30	7.31	7.12	7.23	2750400
1999-12-03	7.50	7.56	7.36	7.36	1984400
1999-12-06	7.29	7.49	7.27	7.44	1470000
1999-12-07	7.13	7.21	7.08	7.20	1628400
1999-12-08	7.01	7.15	6.99	7.12	2117600
1999-12-09	6.85	6.97	6.76	6.97	2530400
1999-12-10	7.03	7.12	6.80	6.87	2280400
1999-12-13	7.06	7.12	6.99	6.99	1926800
1999-12-14	7.12	7.17	6.98	7.07	2046000
1999-12-15	6.98	7.10	6.87	7.10	1821200
1999-12-16	6.81	6.96	6.53	6.96	3503600
1999-12-17	6.82	6.99	6.80	6.82	3160800
1999-12-20	6.85	6.92	6.79	6.85	1216000
1999-12-21	6.88	6.92	6.65	6.70	2092800
1999-12-22	6.73	6.88	6.68	6.88	1684800
1999-12-23	6.76	6.88	6.74	6.87	1371600
1999-12-27	6.73	6.88	6.68	6.83	2106400
1999-12-28	6.74	6.78	6.52	6.52	2523200
1999-12-29	7.08	7.14	6.68	6.68	2110800
1999-12-30	7.00	7.07	6.94	6.99	1164400
1999-12-31	7.07	7.11	6.95	6.98	683200
2000-01-03	6.70	7.06	6.64	7.03	2388800
2000-01-04	6.53	6.76	6.48	6.48	2716400
2000-01-05	6.49	6.62	6.47	6.53	1354800
2000-01-06	6.62	6.66	6.42	6.46	2027200
2000-01-07	6.75	6.76	6.57	6.61	2262000
2000-01-10	6.35	6.74	6.26	6.73	5526800
2000-01-11	6.22	6.34	6.15	6.29	6569600
2000-01-12	6.11	6.21	5.93	6.19	5877600
2000-01-13	6.25	6.29	6.14	6.17	7575200
2000-01-14	6.43	6.52	6.32	6.32	5720000
2000-01-18	5.99	6.38	5.97	6.38	6192400
2000-01-19	5.64	5.95	5.62	5.93	7086800
2000-01-20	6.09	6.19	5.69	5.78	16917600
2000-01-21	5.80	6.09	5.75	6.09	4750000
2000-01-24	5.74	5.89	5.67	5.83	3986000
2000-01-25	5.98	6.02	5.71	5.73	5240000
2000-01-26	6.28	6.29	5.97	6.03	4825200
2000-01-27	6.17	6.44	6.09	6.44	3049200
2000-01-28	6.29	6.42	6.07	6.09	5180800
2000-01-31	6.51	6.57	6.15	6.30	4684800
2000-02-01	6.64	6.69	6.56	6.57	5557200
2000-02-02	6.65	6.65	6.48	6.61	3375200
2000-02-03	6.73	6.75	6.38	6.59	3780000
2000-02-04	6.58	6.63	6.51	6.63	3072000
2000-02-07	6.40	6.54	6.27	6.54	2473600
2000-02-08	6.28	6.42	6.25	6.30	4169200
2000-02-09	6.19	6.28	6.17	6.28	1819200
2000-02-10	6.18	6.19	6.01	6.15	4403200
2000-02-11	5.97	6.21	5.94	6.16	3494800
2000-02-14	5.85	6.04	5.84	5.97	3332400
2000-02-15	5.86	5.93	5.85	5.86	4604800
2000-02-16	5.82	5.99	5.79	5.90	1846800
2000-02-17	5.67	5.85	5.64	5.85	2165200
2000-02-18	5.66	5.76	5.54	5.63	3086000
2000-02-22	5.59	5.69	5.55	5.67	2364800
2000-02-23	5.50	5.65	5.44	5.55	4734800
2000-02-24	5.35	5.49	5.24	5.49	3266400
2000-02-25	5.26	5.41	5.24	5.40	2985200
2000-02-28	5.54	5.55	5.19	5.24	5202400
2000-02-29	5.49	5.61	5.28	5.55	3695200
2000-03-01	5.54	5.54	5.39	5.49	3526800
2000-03-02	5.44	5.59	5.27	5.54	2867600
2000-03-03	5.50	5.59	5.41	5.48	2520800
2000-03-06	5.43	5.49	5.36	5.47	2285600
2000-03-07	5.22	5.40	5.19	5.40	5722400
2000-03-08	5.23	5.29	5.19	5.22	6801200
2000-03-09	5.29	5.32	5.10	5.13	4529200
2000-03-10	5.27	5.36	5.23	5.31	2236000
2000-03-13	5.16	5.26	5.04	5.25	2460400
2000-03-14	5.37	5.57	5.13	5.13	3939600
2000-03-15	6.17	6.22	5.44	5.44	7438000
2000-03-16	6.60	6.68	6.36	6.44	5425600
2000-03-17	6.28	6.54	6.23	6.53	4430800
2000-03-20	6.20	6.39	6.11	6.28	2761200
2000-03-21	6.51	6.54	6.15	6.17	2926400
2000-03-22	6.62	6.67	6.45	6.45	5593600
2000-03-23	6.74	6.78	6.53	6.53	3609200
2000-03-24	6.89	7.00	6.65	6.65	3843200
2000-03-27	6.58	6.87	6.54	6.86	2646800
2000-03-28	6.56	6.69	6.50	6.63	2143200
2000-03-29	6.72	6.78	6.55	6.55	2318000
2000-03-30	6.68	6.90	6.61	6.74	4233200
2000-03-31	6.84	6.92	6.61	6.64	3538800
2000-04-03	7.05	7.06	6.86	6.90	3580800
2000-04-04	6.99	7.13	6.79	7.05	3571600
2000-04-05	6.89	7.07	6.84	6.87	2367600
2000-04-06	6.94	7.01	6.85	6.91	1903600
2000-04-07	6.83	6.95	6.82	6.90	2364800
2000-04-10	6.91	7.05	6.83	6.83	1983200
2000-04-11	7.06	7.11	6.90	6.90	1758400
2000-04-12	7.07	7.19	7.04	7.06	1972400
2000-04-13	7.05	7.15	6.96	7.08	2089600
2000-04-14	6.91	7.01	6.82	6.89	4502800
2000-04-17	6.85	6.91	6.70	6.83	3797600
2000-04-18	6.84	6.96	6.78	6.83	1705600
2000-04-19	6.70	6.80	6.57	6.80	2978800
2000-04-20	7.14	7.22	6.65	6.65	3420800
2000-04-24	7.27	7.40	6.95	7.09	2649200
2000-04-25	7.33	7.34	7.17	7.20	2611200
2000-04-26	7.53	7.61	7.35	7.39	6516000
2000-04-27	7.28	7.44	7.21	7.43	6027600
2000-04-28	7.33	7.34	7.01	7.20	6755600
2000-05-01	7.25	7.44	7.20	7.29	3153200
2000-05-02	7.19	7.24	7.03	7.03	3764000
2000-05-03	6.88	7.12	6.88	7.05	2470000
2000-05-04	6.84	6.89	6.80	6.86	2143600
2000-05-05	6.83	6.87	6.75	6.84	1541200
2000-05-08	6.90	7.01	6.83	6.98	2582400
2000-05-09	7.02	7.03	6.86	6.89	3561600
2000-05-10	7.14	7.20	6.92	7.02	2726400
2000-05-11	7.06	7.25	7.02	7.05	1847200
2000-05-12	7.17	7.24	7.05	7.06	1921600
2000-05-15	7.33	7.33	7.21	7.21	2140400
2000-05-16	7.37	7.42	7.19	7.19	1836400
2000-05-17	7.25	7.28	7.09	7.25	1932000
2000-05-18	7.52	7.58	7.26	7.26	3196000
2000-05-19	7.30	7.45	7.24	7.37	2253600
2000-05-22	7.58	7.65	7.36	7.37	3333600
2000-05-23	7.67	7.81	7.48	7.57	3376000
2000-05-24	7.62	7.71	7.45	7.65	3185600
2000-05-25	7.55	7.60	7.50	7.55	2471200
2000-05-26	7.65	7.71	7.59	7.59	1814800
2000-05-30	7.72	7.84	7.61	7.65	2730800
2000-05-31	7.77	7.88	7.67	7.72	1733600
2000-06-01	7.98	7.99	7.71	7.73	3285200
2000-06-02	7.94	8.11	7.87	8.04	2482800
2000-06-05	7.70	7.91	7.63	7.89	1820400
2000-06-06	7.78	7.86	7.76	7.80	2246000
2000-06-07	7.84	7.90	7.73	7.78	1249600
2000-06-08	7.75	7.86	7.65	7.85	1884800
2000-06-09	7.61	7.76	7.55	7.71	887600
2000-06-12	7.55	7.72	7.51	7.61	2614400
2000-06-13	7.63	7.68	7.54	7.54	2134400
2000-06-14	7.56	7.71	7.52	7.63	2389200
2000-06-15	7.40	7.61	7.34	7.58	1945200
2000-06-16	7.19	7.41	7.13	7.40	2179600
2000-06-19	7.18	7.24	7.08	7.14	2890000
2000-06-20	6.91	7.11	6.86	7.10	3714000
2000-06-21	7.08	7.13	6.93	6.95	3586000
2000-06-22	7.08	7.10	6.97	6.99	2030400
2000-06-23	7.11	7.27	7.08	7.10	1358400
2000-06-26	7.02	7.11	6.99	7.10	1841600
2000-06-27	7.16	7.18	7.00	7.03	1737200
2000-06-28	7.19	7.22	7.10	7.12	2262400
2000-06-29	6.92	7.16	6.92	7.16	2935600
2000-06-30	6.91	7.07	6.87	6.92	2606800
2000-07-03	7.06	7.07	6.81	6.87	805200
2000-07-05	6.77	7.11	6.77	7.06	8203200
2000-07-06	6.82	6.89	6.77	6.80	3324800
2000-07-07	7.15	7.20	6.85	6.86	2621600
2000-07-10	7.26	7.34	7.09	7.14	3447200
2000-07-11	7.45	7.50	7.28	7.29	3369200
2000-07-12	7.60	7.73	7.48	7.52	4044000
2000-07-13	7.78	7.80	7.58	7.59	5226800
2000-07-14	7.80	7.82	7.71	7.74	2264800
2000-07-17	7.55	7.77	7.50	7.76	4246000
2000-07-18	7.31	7.55	7.27	7.52	2464400
2000-07-19	7.37	7.41	7.29	7.34	1682800
2000-07-20	7.54	7.59	7.40	7.43	1302800
2000-07-21	7.48	7.56	7.45	7.56	1799200
2000-07-24	7.68	7.72	7.47	7.48	1866000
2000-07-25	7.75	7.75	7.57	7.59	1566000
2000-07-26	7.91	8.06	7.73	7.81	4981600
2000-07-27	8.06	8.17	8.02	8.03	3722800
2000-07-28	8.03	8.07	7.96	8.06	2799600
2000-07-31	7.81	8.06	7.81	8.05	3015600
2000-08-01	8.24	8.30	7.85	7.85	4466000
2000-08-02	8.18	8.23	8.15	8.23	2954800
2000-08-03	8.32	8.38	8.15	8.17	2552400
2000-08-04	8.35	8.39	8.02	8.34	2941200
2000-08-07	8.49	8.53	8.24	8.27	2794800
2000-08-08	8.34	8.43	8.29	8.29	1944400
2000-08-09	8.28	8.29	8.05	8.23	2928400
2000-08-10	8.18	8.32	8.17	8.27	2941600
2000-08-11	8.47	8.56	8.21	8.21	4255600
2000-08-14	8.84	8.86	8.58	8.58	3510000
2000-08-15	8.69	8.76	8.63	8.73	5108800
2000-08-16	8.29	8.58	8.15	8.54	4300000
2000-08-17	8.32	8.40	8.23	8.33	1890400
2000-08-18	8.23	8.33	8.22	8.30	1656400
2000-08-21	8.30	8.31	8.06	8.15	1835200
2000-08-22	8.31	8.38	8.15	8.15	1197200
2000-08-23	8.20	8.32	8.11	8.32	1858400
2000-08-24	8.10	8.20	8.08	8.16	1190800
2000-08-25	8.08	8.14	8.02	8.12	1096000
2000-08-28	8.17	8.22	8.05	8.10	1322800
2000-08-29	7.90	8.15	7.88	8.15	2332800
2000-08-30	8.16	8.24	7.82	7.82	2993600
2000-08-31	8.13	8.41	8.06	8.06	2288000
2000-09-01	8.05	8.18	7.96	8.17	1687200
2000-09-05	8.14	8.18	7.99	8.02	1536400
2000-09-06	8.26	8.41	8.14	8.14	1516000
2000-09-07	8.66	8.75	8.45	8.53	5010800
2000-09-08	9.07	9.07	8.64	8.66	6246400
2000-09-11	9.18	9.19	9.01	9.04	5671200
2000-09-12	9.19	9.23	9.11	9.17	2944400
2000-09-13	9.08	9.24	9.02	9.20	4896800
2000-09-14	9.14	9.16	9.01	9.07	4412400
2000-09-15	9.17	9.20	9.06	9.18	4775600
2000-09-18	9.06	9.11	8.85	9.11	6917600
2000-09-19	9.08	9.38	8.97	8.98	2738000
2000-09-20	9.21	9.21	9.00	9.02	2443200
2000-09-21	9.22	9.26	9.17	9.18	2224400
2000-09-22	9.46	9.59	9.23	9.23	5218400
2000-09-25	9.60	9.61	9.39	9.49	1980800
2000-09-26	9.94	10.16	9.60	9.60	10290800
2000-09-27	9.85	9.99	9.81	9.90	6410400
2000-09-28	9.72	9.88	9.71	9.86	2704400
2000-09-29	9.73	9.81	9.64	9.72	2767600
2000-10-02	9.85	9.91	9.52	9.62	3186800
2000-10-03	10.09	10.24	9.72	9.79	4373200
2000-10-04	9.98	10.23	9.97	10.07	2423200
2000-10-05	10.17	10.19	9.98	9.98	1778000
2000-10-06	9.81	10.12	9.72	9.97	5729200
2000-10-09	9.70	9.77	9.65	9.74	1040400
2000-10-10	9.51	9.76	9.51	9.60	2851200
2000-10-11	9.39	9.52	9.38	9.47	3868800
2000-10-12	9.07	9.45	9.05	9.45	2821200
2000-10-13	9.29	9.33	9.08	9.08	3034400
2000-10-16	9.21	9.29	9.11	9.29	5182000
2000-10-17	9.06	9.21	9.02	9.21	2399200
2000-10-18	8.90	8.99	8.79	8.88	3116400
2000-10-19	9.17	9.40	8.88	8.90	6679600
2000-10-20	9.59	9.77	9.08	9.16	3971600
2000-10-23	9.40	9.59	9.24	9.56	2234400
2000-10-24	9.41	9.62	9.31	9.38	3380800
2000-10-25	9.92	10.18	9.56	9.56	7251600
2000-10-26	9.80	10.27	9.61	9.86	7368000
2000-10-27	10.24	10.33	9.78	9.80	4298800
2000-10-30	10.77	11.03	10.22	10.24	8736800
2000-10-31	11.00	11.28	10.72	11.06	7674400
2000-11-01	10.72	10.97	10.61	10.80	6261600
2000-11-02	10.54	10.75	10.45	10.67	2982800
2000-11-03	10.53	10.81	10.38	10.54	4458800
2000-11-06	10.77	10.96	10.45	10.53	5878000
2000-11-07	10.58	10.75	10.45	10.74	3620000
2000-11-08	10.50	10.67	10.48	10.54	3095200
2000-11-09	10.99	10.99	10.50	10.51	4233200
2000-11-10	10.90	11.13	10.81	10.95	3520000
2000-11-13	10.57	10.89	10.49	10.84	3776800
2000-11-14	10.83	10.84	10.56	10.56	3443600
2000-11-15	10.42	10.84	10.40	10.83	3458800
2000-11-16	10.48	10.67	10.35	10.35	3285600
2000-11-17	10.25	10.52	10.21	10.51	3182800
2000-11-20	10.22	10.29	10.08	10.25	2160000
2000-11-21	10.09	10.18	10.05	10.18	3763600
2000-11-22	9.79	10.10	9.76	10.10	3996000
2000-11-24	9.90	9.95	9.80	9.82	1216000
2000-11-27	10.09	10.15	9.98	10.02	2386000
2000-11-28	10.47	10.47	10.06	10.10	3592800
2000-11-29	10.54	10.62	10.38	10.38	2522400
2000-11-30	10.61	10.77	10.45	10.56	2711200
2000-12-01	10.51	10.66	10.43	10.57	1887200
2000-12-04	10.42	10.54	10.39	10.54	2984800
2000-12-05	10.48	10.54	10.40	10.46	4658800
2000-12-06	10.50	10.63	10.44	10.53	3913200
2000-12-07	10.44	10.54	10.39	10.53	2709600
2000-12-08	10.39	10.51	10.26	10.51	4127200
2000-12-11	10.31	10.50	10.28	10.50	3276400
2000-12-12	10.53	10.67	10.24	10.38	4829200
2000-12-13	10.24	10.65	10.15	10.55	2582400
2000-12-14	10.46	10.59	9.97	10.22	6327200
2000-12-15	10.57	10.65	10.43	10.48	4272400
2000-12-18	10.95	11.02	10.61	10.61	4772400
2000-12-19	10.90	10.94	10.80	10.91	4768000
2000-12-20	10.81	10.86	10.75	10.85	4556000
2000-12-21	10.65	10.69	10.51	10.63	3400000
2000-12-22	10.59	10.65	10.51	10.65	2100000
2000-12-26	10.54	10.56	10.44	10.51	3008800
2000-12-27	10.76	10.79	10.53	10.55	1852800
2000-12-28	10.84	11.08	10.59	10.76	3056800
2000-12-29	10.88	11.02	10.83	10.91	1493200
2001-01-02	10.50	10.88	10.47	10.88	2741200
2001-01-03	10.21	10.61	10.15	10.61	4972800
2001-01-04	9.82	10.31	9.71	10.29	6482000
2001-01-05	9.70	9.74	9.61	9.69	4759200
2001-01-08	9.70	9.77	9.63	9.71	4007200
2001-01-09	9.82	9.91	9.71	9.71	2799600
2001-01-10	9.91	10.13	9.74	9.74	3977200
2001-01-11	9.74	10.06	9.74	9.89	3532800
2001-01-12	9.34	9.82	9.23	9.82	4965200
2001-01-16	9.38	9.73	9.29	9.36	7270400
2001-01-17	9.34	9.49	9.30	9.46	3058000
2001-01-18	9.26	9.38	9.18	9.35	2122000
2001-01-19	8.55	9.26	8.40	9.26	11203200
2001-01-22	9.01	9.03	8.67	8.67	10577600
2001-01-23	9.38	9.43	9.04	9.04	7613200
2001-01-24	9.36	9.44	9.28	9.37	3026000
2001-01-25	9.41	9.43	9.31	9.36	1917200
2001-01-26	9.35	9.55	9.34	9.40	1961600
2001-01-29	9.20	9.56	9.17	9.42	2631200
2001-01-30	9.19	9.30	9.10	9.23	5292800
2001-01-31	8.89	9.23	8.67	9.23	8076400
2001-02-01	8.99	9.11	8.86	9.02	4421200
2001-02-02	9.00	9.07	8.97	9.02	7180000
2001-02-05	9.48	9.60	9.18	9.23	4728800
2001-02-06	9.36	9.61	9.30	9.61	3780000
2001-02-07	9.55	9.65	9.20	9.20	3584400
2001-02-08	9.57	9.76	9.45	9.76	4972800
2001-02-09	9.53	9.62	9.45	9.53	2718400
2001-02-12	9.54	9.70	9.44	9.46	2324400
2001-02-13	9.51	9.66	9.43	9.55	3572000
2001-02-14	9.40	9.57	9.40	9.55	3981200
2001-02-15	9.12	9.47	9.10	9.44	4525600
2001-02-16	9.19	9.32	9.13	9.13	3338800
2001-02-20	8.97	9.30	8.97	9.21	4866400
2001-02-21	8.64	9.06	8.64	9.00	4733600
2001-02-22	8.70	8.77	8.59	8.65	4669600
2001-02-23	8.71	8.79	8.63	8.71	2917200
2001-02-26	8.86	9.00	8.79	8.83	3652400
2001-02-27	9.26	9.28	8.86	8.86	5110800
2001-02-28	9.08	9.32	9.08	9.26	3220400
2001-03-01	9.14	9.25	9.06	9.08	2742400
2001-03-02	9.35	9.49	9.25	9.33	5237200
2001-03-05	9.41	9.47	9.28	9.28	4038800
2001-03-06	9.31	9.40	9.27	9.39	1780400
2001-03-07	9.36	9.43	9.25	9.25	1694000
2001-03-08	9.30	9.42	9.20	9.34	2768800
2001-03-09	9.11	9.28	9.10	9.28	3562000
2001-03-12	8.91	9.15	8.91	8.97	3932400
2001-03-13	8.94	8.97	8.71	8.94	3504400
2001-03-14	8.54	8.81	8.51	8.60	8528400
2001-03-15	8.49	8.55	8.47	8.54	5903200
2001-03-16	8.14	8.39	8.12	8.26	6028800
2001-03-19	8.08	8.46	7.91	8.39	5404200
2001-03-20	7.93	8.30	7.92	8.00	3369400
2001-03-21	7.64	8.02	7.62	8.00	8452800
2001-03-22	7.30	7.64	7.06	7.55	7136600
2001-03-23	7.71	7.77	7.25	7.67	6154800
2001-03-26	7.98	8.05	7.71	7.71	5094600
2001-03-27	8.17	8.22	8.01	8.12	5022800
2001-03-28	8.17	8.26	8.00	8.00	2872400
2001-03-29	8.11	8.23	7.99	8.00	3326000
2001-03-30	8.31	8.38	8.15	8.21	2745600
2001-04-02	8.46	8.75	8.32	8.36	3738400
2001-04-03	8.33	8.42	8.17	8.42	4028800
2001-04-04	8.46	8.46	8.27	8.30	5066200
2001-04-05	8.56	8.60	8.36	8.56	3502400
2001-04-06	8.21	8.53	8.14	8.36	3269400
2001-04-09	8.24	8.41	8.10	8.21	2252000
2001-04-10	8.25	8.34	8.16	8.30	2056400
2001-04-11	8.21	8.33	8.15	8.30	2847400
2001-04-12	8.35	8.46	8.16	8.18	2773200
2001-04-16	8.51	8.51	8.24	8.38	1796000
2001-04-17	8.60	8.63	8.17	8.44	2902800
2001-04-18	8.59	8.63	8.47	8.62	4354600
2001-04-19	8.62	8.72	8.59	8.63	2295200
2001-04-20	8.62	8.71	8.53	8.63	1651600
2001-04-23	8.50	8.72	8.45	8.62	1742600
2001-04-24	8.23	8.51	8.09	8.50	4007600
2001-04-25	9.09	9.09	8.54	8.57	14073800
2001-04-26	9.43	9.69	8.94	9.01	6062200
2001-04-27	9.63	9.65	9.28	9.40	2511200
2001-04-30	9.60	9.72	9.45	9.65	2078400
2001-05-01	9.57	9.60	9.36	9.48	1654000
2001-05-02	9.41	9.58	9.23	9.51	2325600
2001-05-03	9.23	9.33	9.17	9.33	3238200
2001-05-04	9.33	9.43	9.16	9.25	2396800
2001-05-07	9.30	9.36	9.09	9.15	2192600
2001-05-08	9.38	9.62	9.13	9.13	3297200
2001-05-09	9.27	9.42	9.25	9.38	2428600
2001-05-10	9.33	9.41	9.15	9.39	2427800
2001-05-11	9.34	9.39	9.27	9.27	1755400
2001-05-14	9.19	9.26	9.06	9.13	5104400
2001-05-15	9.45	9.68	9.24	9.30	4266000
2001-05-16	9.75	9.77	9.41	9.53	4338600
2001-05-17	9.81	9.95	9.71	9.75	2948000
2001-05-18	9.78	9.87	9.63	9.83	2151400
2001-05-21	9.83	9.93	9.74	9.82	2005800
2001-05-22	9.87	10.04	9.83	9.96	1944400
2001-05-23	9.78	9.87	9.69	9.80	1897600
2001-05-24	9.71	9.81	9.68	9.72	2354400
2001-05-25	9.59	9.75	9.59	9.71	1310800
2001-05-29	9.74	9.82	9.59	9.59	1953400
2001-05-30	9.53	9.74	9.53	9.65	2587000
2001-05-31	9.81	9.84	9.58	9.66	2319600
2001-06-01	9.71	9.78	9.60	9.72	1280200
2001-06-04	9.99	10.01	9.68	9.75	2545600
2001-06-05	10.21	10.28	10.00	10.01	4592000
2001-06-06	9.98	10.24	9.93	10.21	2118400
2001-06-07	10.01	10.11	9.94	10.05	1480000
2001-06-08	9.96	10.05	9.85	9.98	929200
2001-06-11	9.91	10.02	9.82	9.90	1170200
2001-06-12	9.98	10.01	9.65	9.65	3243600
2001-06-13	9.95	10.05	9.92	9.95	2059800
2001-06-14	9.95	9.99	9.75	9.92	2696600
2001-06-15	10.13	10.25	9.89	9.93	4133200
2001-06-18	10.22	10.27	10.04	10.13	1843000
2001-06-19	10.31	10.37	10.16	10.24	2830200
2001-06-20	10.50	10.64	10.28	10.28	2715000
2001-06-21	10.53	10.66	10.37	10.50	4666200
2001-06-22	9.81	10.15	9.43	9.45	6429000
2001-06-25	9.75	9.85	9.69	9.74	3421400
2001-06-26	9.79	9.94	9.66	9.71	2559600
2001-06-27	9.86	10.03	9.77	9.79	2368200
2001-06-28	9.73	9.97	9.68	9.83	3777400
2001-06-29	9.52	9.72	9.22	9.71	3637800
2001-07-02	9.75	9.86	9.55	9.55	3397800
2001-07-03	9.67	9.83	9.61	9.81	1163800
2001-07-05	9.59	9.63	9.33	9.62	3060200
2001-07-06	9.33	9.65	9.33	9.62	2173400
2001-07-09	9.43	9.51	9.34	9.36	1630800
2001-07-10	9.28	9.42	9.24	9.37	1265400
2001-07-11	9.25	9.36	9.13	9.22	1843400
2001-07-12	9.34	9.38	9.28	9.37	1515800
2001-07-13	9.46	9.51	9.32	9.36	1138200
2001-07-16	9.41	9.66	9.39	9.54	2012800
2001-07-17	9.40	9.49	9.37	9.43	2530800
2001-07-18	9.48	9.50	9.34	9.39	2739200
2001-07-19	9.68	9.69	9.56	9.68	3342400
2001-07-20	9.54	9.75	9.50	9.69	3896200
2001-07-23	9.43	9.56	9.33	9.43	1513000
2001-07-24	9.54	9.56	9.22	9.50	3515800
2001-07-25	8.53	8.54	8.10	8.47	36522000
2001-07-26	8.91	9.01	8.72	8.77	11684200
2001-07-27	8.81	9.02	8.81	8.86	4682600
2001-07-30	8.76	8.90	8.63	8.68	3735800
2001-07-31	8.94	9.01	8.66	8.81	2800400
2001-08-01	8.99	9.08	8.85	9.08	1981600
2001-08-02	8.94	9.16	8.84	9.16	1623600
2001-08-03	8.80	8.98	8.70	8.98	2394000
2001-08-06	8.58	8.74	8.48	8.71	3205600
2001-08-07	8.53	8.61	8.41	8.58	3107600
2001-08-08	8.49	8.62	8.45	8.60	2414000
2001-08-09	8.35	8.47	8.35	8.44	2327400
2001-08-10	8.29	8.38	8.24	8.35	2542600
2001-08-13	8.13	8.26	8.01	8.08	7447400
2001-08-14	8.18	8.20	8.03	8.07	4774600
2001-08-15	8.27	8.33	8.15	8.18	3629000
2001-08-16	8.39	8.48	8.19	8.26	2328200
2001-08-17	8.41	8.45	8.32	8.33	2680800
2001-08-20	8.51	8.56	8.40	8.48	1716000
2001-08-21	8.50	8.55	8.46	8.48	2553200
2001-08-22	8.45	8.54	8.41	8.51	2833800
2001-08-23	8.40	8.49	8.30	8.48	3413400
2001-08-24	8.53	8.66	8.39	8.42	4255800
2001-08-27	8.48	8.66	8.47	8.53	2516000
2001-08-28	8.41	8.50	8.39	8.45	2297400
2001-08-29	8.33	8.53	8.27	8.48	3013200
2001-08-30	8.33	8.41	8.28	8.34	3685200
2001-08-31	8.34	8.41	8.27	8.33	2408600
2001-09-04	8.24	8.42	8.21	8.42	1817800
2001-09-05	8.34	8.37	8.17	8.17	3319600
2001-09-06	8.26	8.36	8.20	8.21	2752200
2001-09-07	8.06	8.27	8.06	8.27	3002800
2001-09-10	8.03	8.13	7.88	7.92	2141000
2001-09-17	7.68	7.91	7.29	7.91	4668600
2001-09-18	7.52	7.80	7.43	7.73	4488200
2001-09-19	7.54	7.71	7.15	7.65	4450800
2001-09-20	7.49	7.52	7.29	7.42	4293800
2001-09-21	6.97	7.38	6.97	7.03	6033000
2001-09-24	7.71	7.71	6.97	6.97	5172600
2001-09-25	7.99	8.18	7.67	7.90	4913400
2001-09-26	8.18	8.28	8.04	8.12	4095000
2001-09-27	8.23	8.30	8.08	8.30	5150800
2001-09-28	8.18	8.37	8.09	8.30	5688400
2001-10-01	8.15	8.25	8.10	8.25	4271600
2001-10-02	8.39	8.39	8.13	8.18	5553800
2001-10-03	8.80	8.80	8.38	8.39	5808400
2001-10-04	8.57	8.88	8.55	8.82	3400800
2001-10-05	8.03	8.58	7.60	8.58	15317000
2001-10-08	7.89	8.00	7.70	7.80	5939400
2001-10-09	8.19	8.23	7.85	7.85	6478000
2001-10-10	7.97	8.16	7.94	8.13	5343600
2001-10-11	8.03	8.15	7.95	7.95	5851400
2001-10-12	8.10	8.16	8.00	8.09	4733200
2001-10-15	8.10	8.16	8.03	8.10	2112800
2001-10-16	7.94	8.15	7.88	8.12	4306400
2001-10-17	7.89	8.06	7.79	8.04	3523400
2001-10-18	7.74	8.10	7.73	8.10	5038800
2001-10-19	7.75	7.90	7.70	7.80	3169800
2001-10-22	7.97	8.03	7.67	7.67	3260000
2001-10-23	7.75	7.99	7.75	7.86	3999800
2001-10-24	7.73	7.87	7.73	7.86	5242400
2001-10-25	7.74	7.78	7.55	7.57	3984400
2001-10-26	7.68	7.74	7.63	7.70	5626400
2001-10-29	7.63	7.77	7.50	7.68	1918000
2001-10-30	7.60	7.66	7.55	7.66	2876600
2001-10-31	7.41	7.64	7.36	7.60	4761400
2001-11-01	7.63	7.70	7.36	7.50	3639000
2001-11-02	7.71	7.82	7.51	7.63	2794400
2001-11-05	7.93	8.01	7.79	7.84	2000000
2001-11-06	8.04	8.10	7.88	7.92	2044800
2001-11-07	7.93	8.09	7.91	7.96	2234000
2001-11-08	7.77	8.01	7.76	7.96	3263200
2001-11-09	7.62	7.77	7.56	7.77	2983000
2001-11-12	7.58	7.63	7.48	7.63	1982800
2001-11-13	7.56	7.62	7.54	7.62	4781200
2001-11-14	7.59	7.71	7.53	7.59	2025000
2001-11-15	7.72	7.83	7.70	7.77	3382800
2001-11-16	7.83	7.85	7.68	7.73	3902600
2001-11-19	8.00	8.01	7.83	7.88	3389200
2001-11-20	8.02	8.07	7.92	7.97	3392200
2001-11-21	7.97	8.02	7.90	7.97	2109800
2001-11-23	8.04	8.04	7.90	7.96	999200
2001-11-26	8.03	8.12	7.97	7.97	2205800
2001-11-27	8.06	8.09	8.00	8.04	3249000
2001-11-28	8.07	8.12	7.95	8.11	3451000
2001-11-29	8.26	8.33	8.08	8.13	4448400
2001-11-30	8.32	8.44	8.26	8.27	4262400
2001-12-03	8.19	8.24	8.17	8.23	3100200
2001-12-04	8.14	8.21	7.92	8.19	2803000
2001-12-05	8.00	8.19	7.97	8.13	4125400
2001-12-06	7.99	8.17	7.97	8.03	4619000
2001-12-07	7.94	8.04	7.83	7.99	4003200
2001-12-10	7.62	7.89	7.59	7.86	5557200
2001-12-11	7.56	7.71	7.55	7.70	3923000
2001-12-12	7.70	7.85	7.50	7.59	5039200
2001-12-13	7.47	7.71	7.29	7.71	5718600
2001-12-14	7.49	7.59	7.40	7.47	2904800
2001-12-17	7.53	7.56	7.32	7.56	3841200
2001-12-18	7.64	7.64	7.44	7.49	2894000
2001-12-19	7.61	7.70	7.50	7.52	4573600
2001-12-20	7.69	7.69	7.54	7.68	3865600
2001-12-21	7.41	7.70	7.38	7.68	7523000
2001-12-24	7.39	7.44	7.35	7.41	1172200
2001-12-26	7.35	7.47	7.31	7.45	3181000
2001-12-27	7.37	7.37	7.25	7.36	3754800
2001-12-28	7.37	7.40	7.29	7.40	2411200
2001-12-31	7.46	7.56	7.30	7.30	3584800
2002-01-02	7.22	7.39	7.13	7.35	5265600
2002-01-03	7.14	7.29	7.07	7.27	7783000
2002-01-04	7.26	7.28	7.09	7.09	8010000
2002-01-07	7.02	7.29	7.01	7.27	4895600
2002-01-08	7.75	7.79	7.41	7.48	19584400
2002-01-09	7.98	8.07	7.86	7.93	9030200
2002-01-10	7.98	8.00	7.85	7.98	4075600
2002-01-11	7.92	7.98	7.85	7.92	3243400
2002-01-14	7.73	7.87	7.73	7.87	5559600
2002-01-15	7.82	7.87	7.74	7.74	6544200
2002-01-16	7.71	7.85	7.66	7.85	4057200
2002-01-17	7.60	7.77	7.56	7.76	3993200
2002-01-18	7.59	7.66	7.57	7.59	4386000
2002-01-22	7.62	7.63	7.51	7.59	7600200
2002-01-23	7.75	7.77	7.61	7.63	4638400
2002-01-24	7.87	7.92	7.73	7.75	3740400
2002-01-25	7.74	7.91	7.74	7.83	4084600
2002-01-28	7.75	7.83	7.62	7.82	3398400
2002-01-29	7.56	7.81	7.51	7.74	3645200
2002-01-30	7.61	7.66	7.49	7.63	5937400
2002-01-31	7.93	7.95	7.62	7.63	5735200
2002-02-01	7.68	7.95	7.66	7.74	9323800
2002-02-04	7.54	7.76	7.51	7.70	5519200
2002-02-05	7.43	7.54	7.42	7.51	5591400
2002-02-06	7.44	7.49	7.38	7.43	4682800
2002-02-07	7.48	7.57	7.44	7.44	3369200
2002-02-08	7.60	7.60	7.41	7.44	2893000
2002-02-11	7.76	7.79	7.59	7.59	3485200
2002-02-12	7.58	7.74	7.55	7.73	2994600
2002-02-13	7.94	8.00	7.68	7.78	6249600
2002-02-14	7.94	7.98	7.89	7.92	5878200
2002-02-15	7.77	7.93	7.70	7.93	3059800
2002-02-19	7.65	7.79	7.65	7.73	3024400
2002-02-20	7.70	7.75	7.65	7.65	3880000
2002-02-21	7.57	7.75	7.53	7.75	3503600
2002-02-22	7.45	7.59	7.38	7.54	4069600
2002-02-25	7.61	7.63	7.41	7.41	4267200
2002-02-26	7.66	7.68	7.55	7.61	2196000
2002-02-27	7.67	7.85	7.59	7.66	3465800
2002-02-28	7.82	7.94	7.76	7.80	5392000
2002-03-01	7.83	7.89	7.74	7.89	3259400
2002-03-04	8.08	8.08	7.90	7.93	3489000
2002-03-05	8.57	8.68	8.36	8.39	14021200
2002-03-06	8.52	8.62	8.50	8.57	4887800
2002-03-07	8.46	8.58	8.39	8.55	5732200
2002-03-08	8.66	8.79	8.52	8.53	5212400
2002-03-11	8.67	8.71	8.52	8.54	4533800
2002-03-12	8.72	8.74	8.60	8.64	3098000
2002-03-13	8.67	8.85	8.61	8.69	4399200
2002-03-14	8.71	8.84	8.70	8.70	4756200
2002-03-15	8.88	8.98	8.71	8.71	4536600
2002-03-18	8.79	8.92	8.71	8.73	4689600
2002-03-19	8.90	8.91	8.80	8.80	1837400
2002-03-20	8.80	8.84	8.71	8.83	2115000
2002-03-21	8.74	8.80	8.67	8.76	3072200
2002-03-22	8.76	8.80	8.64	8.64	2568000
2002-03-25	8.70	8.80	8.67	8.76	3061600
2002-03-26	8.70	8.82	8.62	8.69	2173800
2002-03-27	8.94	8.96	8.70	8.70	2236000
2002-03-28	8.97	9.04	8.88	8.92	1584400
2002-04-01	8.93	8.93	8.73	8.85	1717200
2002-04-02	8.96	9.03	8.87	8.92	2659800
2002-04-03	9.01	9.12	8.88	8.93	4354400
2002-04-04	8.98	9.12	8.94	8.96	5046600
2002-04-05	9.03	9.09	8.90	8.93	2390000
2002-04-08	9.00	9.01	8.82	8.97	2367800
2002-04-09	9.16	9.22	8.94	8.94	3968600
2002-04-10	9.06	9.08	8.88	8.88	5003600
2002-04-11	8.80	9.06	8.75	9.06	3739000
2002-04-12	8.91	9.03	8.79	8.86	2444800
2002-04-15	8.78	8.99	8.67	8.91	2418600
2002-04-16	8.85	8.92	8.78	8.79	1643400
2002-04-17	8.73	8.91	8.68	8.85	3080000
2002-04-18	8.75	8.89	8.68	8.83	2115800
2002-04-19	8.74	8.82	8.70	8.75	1753800
2002-04-22	8.82	8.94	8.71	8.76	2626600
2002-04-23	8.67	8.94	8.56	8.86	3230400
2002-04-24	8.95	9.30	8.92	9.06	6476600
2002-04-25	8.79	8.90	8.68	8.88	2644000
2002-04-26	8.77	8.91	8.70	8.90	1690200
2002-04-29	8.95	9.12	8.83	8.85	4137400
2002-04-30	9.09	9.22	8.97	8.98	2634200
2002-05-01	9.26	9.30	9.02	9.10	3482200
2002-05-02	9.25	9.30	9.14	9.22	2161600
2002-05-03	9.13	9.22	9.03	9.14	1803600
2002-05-06	9.05	9.20	9.03	9.06	1720600
2002-05-07	8.88	9.15	8.88	9.12	2146200
2002-05-08	9.02	9.09	8.90	9.09	1959200
2002-05-09	8.93	9.06	8.90	8.91	1038000
2002-05-10	8.84	9.03	8.82	9.03	1121200
2002-05-13	9.00	9.03	8.90	8.95	1753200
2002-05-14	9.04	9.06	8.90	9.02	2375400
2002-05-15	8.98	9.07	8.82	8.84	2538000
2002-05-16	9.16	9.23	9.05	9.06	1994600
2002-05-17	9.16	9.29	9.09	9.16	1812600
2002-05-20	9.04	9.16	8.99	9.12	2020800
2002-05-21	9.12	9.22	9.08	9.14	2163000
2002-05-22	9.09	9.20	9.07	9.12	2109800
2002-05-23	9.28	9.31	9.07	9.25	2410200
2002-05-24	9.54	9.58	9.28	9.32	3957200
2002-05-28	9.46	9.58	9.27	9.49	2881000
2002-05-29	9.71	9.75	9.43	9.46	4019000
2002-05-30	9.75	9.80	9.65	9.74	4392800
2002-05-31	9.80	9.87	9.65	9.76	4228000
2002-06-03	9.68	9.81	9.65	9.76	2310800
2002-06-04	9.52	9.68	9.30	9.68	3906600
2002-06-05	9.82	9.87	9.66	9.69	3436000
2002-06-06	9.66	9.82	9.66	9.77	3381000
2002-06-07	9.76	9.78	9.50	9.60	2696000
2002-06-10	10.03	10.10	9.75	9.75	4418400
2002-06-11	9.70	9.88	9.63	9.87	5250800
2002-06-12	9.65	9.81	9.59	9.65	3927400
2002-06-13	9.37	9.65	9.34	9.61	3386800
2002-06-14	9.31	9.36	9.14	9.19	3958000
2002-06-17	9.55	9.59	9.27	9.30	3394600
2002-06-18	9.72	9.74	9.49	9.57	2398600
2002-06-19	9.60	9.74	9.45	9.57	2259600
2002-06-20	9.41	9.59	9.34	9.48	3952800
2002-06-21	9.33	9.49	9.22	9.22	4707600
2002-06-24	9.20	9.40	9.05	9.22	4311600
2002-06-25	9.17	9.39	9.16	9.27	3295800
2002-06-26	9.18	9.20	8.93	9.17	4725800
2002-06-27	9.58	9.67	9.19	9.20	4568400
2002-06-28	9.75	9.85	9.49	9.55	3967200
2002-07-01	9.39	9.80	9.39	9.75	3603800
2002-07-02	9.27	9.43	9.22	9.33	4109000
2002-07-03	9.18	9.40	8.96	9.23	3701000
2002-07-05	9.50	9.54	9.20	9.26	1035400
2002-07-08	9.48	9.66	9.33	9.51	2916600
2002-07-09	9.33	9.74	9.30	9.63	2354200
2002-07-10	9.04	9.37	8.97	9.30	3460800
2002-07-11	9.23	9.36	8.98	8.98	4418600
2002-07-12	9.15	9.31	9.09	9.23	3391000
2002-07-15	8.94	9.10	8.46	9.08	4045200
2002-07-16	8.77	9.03	8.69	8.96	3783200
2002-07-17	8.53	8.95	8.46	8.81	5202400
2002-07-18	8.12	8.63	8.05	8.53	6102200
2002-07-19	7.76	8.12	7.47	7.86	5896000
2002-07-22	7.74	8.11	7.65	7.76	5439800
2002-07-23	7.54	7.81	7.39	7.67	5844000
2002-07-24	8.76	8.76	7.92	8.08	13422600
2002-07-25	8.50	8.69	8.23	8.69	10052200
2002-07-26	8.66	8.66	8.41	8.53	5647000
2002-07-29	9.11	9.11	8.82	8.84	4422200
2002-07-30	9.19	9.38	8.64	8.97	5207400
2002-07-31	9.57	9.59	9.09	9.20	5263200
2002-08-01	9.15	9.40	9.12	9.40	3981600
2002-08-02	9.09	9.39	9.01	9.16	4943400
2002-08-05	8.93	9.13	8.87	9.13	4203400
2002-08-06	9.20	9.27	9.02	9.02	3160600
2002-08-07	9.26	9.32	9.04	9.30	3094400
2002-08-08	9.63	9.74	9.20	9.21	3393200
2002-08-09	9.75	9.84	9.39	9.45	3432000
2002-08-12	9.49	9.57	9.41	9.57	3812000
2002-08-13	9.23	9.47	9.21	9.44	3881800
2002-08-14	9.62	9.62	9.15	9.23	3462000
2002-08-15	9.46	9.62	9.29	9.53	5223000
2002-08-16	9.34	9.42	9.17	9.24	3225200
2002-08-19	9.53	9.60	9.20	9.20	3189600
2002-08-20	9.50	9.58	9.30	9.50	2588400
2002-08-21	9.39	9.61	9.34	9.52	2664400
2002-08-22	9.57	9.60	9.21	9.21	4482000
2002-08-23	9.44	9.54	9.39	9.53	1832800
2002-08-26	9.47	9.54	9.32	9.47	1975800
2002-08-27	9.33	9.51	9.16	9.47	2288600
2002-08-28	9.17	9.28	9.05	9.24	2630800
2002-08-29	9.23	9.31	8.89	9.01	2586200
2002-08-30	9.35	9.49	9.19	9.21	3646000
2002-09-03	8.95	9.19	8.93	9.16	2609600
2002-09-04	8.93	8.98	8.79	8.95	4111800
2002-09-05	9.00	9.04	8.73	8.82	2913800
2002-09-06	8.99	9.12	8.95	9.04	2132800
2002-09-09	9.15	9.21	8.89	8.99	2054400
2002-09-10	9.23	9.25	9.03	9.18	2396800
2002-09-11	9.20	9.34	9.20	9.31	1750400
2002-09-12	9.06	9.22	9.04	9.19	2075000
2002-09-13	9.19	9.22	9.04	9.06	2550400
2002-09-16	9.26	9.29	9.10	9.16	1825000
2002-09-17	9.13	9.40	9.09	9.39	2593400
2002-09-18	9.15	9.22	8.99	9.02	2751200
2002-09-19	9.04	9.12	9.01	9.04	2769800
2002-09-20	9.04	9.14	9.01	9.04	6483400
2002-09-23	9.04	9.10	8.89	8.96	2802200
2002-09-24	8.63	9.02	8.63	9.01	5219400
2002-09-25	8.83	8.93	8.69	8.76	3915400
2002-09-26	9.31	9.31	8.94	8.98	3748000
2002-09-27	9.29	9.43	9.25	9.31	4458200
2002-09-30	9.37	9.46	9.01	9.25	4948800
2002-10-01	9.84	9.84	9.30	9.36	4989600
2002-10-02	9.79	9.92	9.72	9.74	5854400
2002-10-03	9.56	10.01	9.50	9.71	8827600
2002-10-04	9.50	9.76	9.33	9.73	5091000
2002-10-07	9.06	9.73	9.05	9.71	5625200
2002-10-08	9.28	9.40	9.06	9.07	6237000
2002-10-09	8.86	9.26	8.79	9.22	4126600
2002-10-10	9.19	9.28	8.83	8.92	4014200
2002-10-11	9.58	9.65	9.25	9.25	3151800
2002-10-14	9.80	9.82	9.53	9.58	3169200
2002-10-15	10.13	10.21	9.91	9.91	5667800
2002-10-16	9.79	9.90	9.68	9.82	6584200
2002-10-17	9.92	10.04	9.67	9.98	5771600
2002-10-18	9.81	10.00	9.69	9.73	3251800
2002-10-21	9.89	9.92	9.60	9.66	3458600
2002-10-22	9.65	9.85	9.53	9.85	4104400
2002-10-23	9.89	9.95	9.56	9.77	6359200
2002-10-24	9.75	9.86	9.66	9.84	3155400
2002-10-25	9.68	9.76	9.16	9.76	4970600
2002-10-28	9.51	9.68	9.33	9.62	3737400
2002-10-29	9.41	9.52	9.16	9.51	3695400
2002-10-30	9.40	9.53	9.28	9.41	3399400
2002-10-31	9.30	9.48	9.25	9.40	3445600
2002-11-01	9.55	9.57	9.24	9.36	2836000
2002-11-04	9.69	9.91	9.62	9.63	2671400
2002-11-05	9.70	9.77	9.59	9.69	2605400
2002-11-06	9.71	9.74	9.50	9.70	2567600
2002-11-07	9.37	9.71	9.32	9.65	2297000
2002-11-08	9.36	9.56	9.28	9.33	1646000
2002-11-11	9.34	9.44	9.29	9.36	1923800
2002-11-12	9.73	9.80	9.49	9.54	3789800
2002-11-13	9.84	9.94	9.68	9.73	3346200
2002-11-14	9.93	9.94	9.75	9.91	2369200
2002-11-15	9.89	9.91	9.65	9.74	2544200
2002-11-18	9.66	9.94	9.52	9.94	3601400
2002-11-19	9.77	9.82	9.63	9.69	1602400
2002-11-20	9.91	9.91	9.64	9.74	2265600
2002-11-21	9.70	10.04	9.70	9.85	7116200
2002-11-22	9.71	9.86	9.64	9.68	2665400
2002-11-25	9.46	9.72	9.37	9.68	3246000
2002-11-26	9.30	9.39	9.24	9.34	2815000
2002-11-27	9.67	9.68	9.32	9.38	2145000
2002-11-29	9.44	9.57	9.41	9.53	1701200
2002-12-02	9.41	9.56	9.18	9.49	5822600
2002-12-03	9.20	9.41	9.06	9.38	5267800
2002-12-04	9.24	9.36	9.15	9.16	2557600
2002-12-05	9.08	9.27	8.96	9.27	3688600
2002-12-06	9.22	9.30	9.03	9.08	2052800
2002-12-09	9.08	9.33	9.07	9.22	2044800
2002-12-10	9.20	9.21	9.06	9.09	3140600
2002-12-11	9.15	9.22	9.09	9.18	2760800
2002-12-12	9.02	9.16	8.96	9.07	2145800
2002-12-13	8.93	9.06	8.81	9.02	3436000
2002-12-16	9.07	9.08	8.88	8.93	2831400
2002-12-17	9.00	9.09	8.93	8.95	1911200
2002-12-18	9.03	9.03	8.81	8.95	2652200
2002-12-19	8.89	9.03	8.81	8.93	2470800
2002-12-20	8.93	8.96	8.84	8.93	3485000
2002-12-23	9.24	9.26	9.00	9.00	3567800
2002-12-24	9.21	9.24	9.17	9.18	1055600
2002-12-26	9.27	9.50	9.21	9.22	2537400
2002-12-27	9.12	9.33	9.10	9.30	1975000
2002-12-30	9.26	9.32	9.14	9.15	2612600
2002-12-31	9.22	9.30	9.15	9.26	2538200
2003-01-02	9.67	9.82	9.30	9.34	4597800
2003-01-03	9.67	9.70	9.53	9.64	1583000
2003-01-06	9.79	9.82	9.67	9.73	3122400
2003-01-07	9.71	9.79	9.65	9.68	2172200
2003-01-08	9.73	9.78	9.68	9.71	2006600
2003-01-09	9.85	9.92	9.67	9.73	3041200
2003-01-10	9.73	9.86	9.63	9.86	2412400
2003-01-13	9.73	9.83	9.67	9.78	2019200
2003-01-14	9.78	9.93	9.71	9.74	2856600
2003-01-15	9.81	9.89	9.72	9.78	3246800
2003-01-16	9.80	9.92	9.75	9.79	2028000
2003-01-17	9.82	9.86	9.73	9.80	1875800
2003-01-21	9.62	9.89	9.59	9.71	2469400
2003-01-22	9.64	9.73	9.56	9.62	2518600
2003-01-23	9.85	9.88	9.63	9.66	2611800
2003-01-24	9.53	9.82	9.52	9.82	2857400
2003-01-27	9.52	9.64	9.43	9.52	2493600
2003-01-28	9.55	9.61	9.37	9.60	2332000
2003-01-29	9.50	9.55	9.29	9.37	2622600
2003-01-30	9.57	9.79	9.49	9.57	3219200
2003-01-31	9.91	9.94	9.51	9.52	6814600
2003-02-03	9.69	9.91	9.64	9.91	3379400
2003-02-04	9.47	9.70	9.41	9.70	3166000
2003-02-05	9.52	9.61	9.39	9.49	3613000
2003-02-06	9.48	9.58	9.37	9.44	3111800
2003-02-07	9.48	9.68	9.42	9.64	1933200
2003-02-10	9.60	9.60	9.37	9.48	3588400
2003-02-11	9.60	9.71	9.54	9.61	3419200
2003-02-12	9.47	9.77	9.43	9.63	3282200
2003-02-13	9.40	9.54	9.33	9.47	2618200
2003-02-14	9.65	9.65	9.40	9.42	2984000
2003-02-18	9.69	9.73	9.62	9.65	1800200
2003-02-19	9.66	9.68	9.58	9.61	2930200
2003-02-20	9.48	9.67	9.44	9.66	3763600
2003-02-21	9.60	9.66	9.44	9.61	2707200
2003-02-24	9.46	9.59	9.41	9.56	2148000
2003-02-25	9.51	9.52	9.28	9.44	2108800
2003-02-26	9.36	9.45	9.34	9.45	2993600
2003-02-27	9.41	9.48	9.31	9.32	3834200
2003-02-28	9.58	9.67	9.47	9.48	4428600
2003-03-03	9.51	9.75	9.48	9.72	2154000
2003-03-04	9.43	9.58	9.43	9.57	3103600
2003-03-05	9.66	9.66	9.41	9.44	3003400
2003-03-06	9.48	9.61	9.44	9.54	1964000
2003-03-07	9.69	9.74	9.42	9.43	3038000
2003-03-10	9.38	9.65	9.35	9.65	3191800
2003-03-11	9.25	9.51	9.25	9.48	2964600
2003-03-12	9.22	9.29	9.07	9.25	4456000
2003-03-13	9.58	9.58	9.26	9.35	3333000
2003-03-14	9.66	9.86	9.59	9.59	5108600
2003-03-17	10.12	10.12	9.63	9.66	4415600
2003-03-18	10.09	10.24	10.01	10.12	4016000
2003-03-19	10.27	10.27	10.03	10.11	2775200
2003-03-20	10.11	10.15	10.01	10.13	3916000
2003-03-21	10.23	10.27	10.01	10.18	5282200
2003-03-24	9.84	10.23	9.75	10.23	2771800
2003-03-25	10.03	10.10	9.81	9.92	3377800
2003-03-26	9.83	10.03	9.76	10.03	3634600
2003-03-27	9.76	9.81	9.64	9.67	3756000
2003-03-28	9.82	9.86	9.46	9.60	2616400
2003-03-31	9.83	9.87	9.66	9.74	3211600
2003-04-01	9.96	10.00	9.74	9.84	3880000
2003-04-02	10.12	10.15	10.02	10.06	2947600
2003-04-03	10.12	10.26	10.03	10.14	3075000
2003-04-04	10.20	10.27	10.12	10.25	2819600
2003-04-07	10.35	10.58	10.33	10.39	4017200
2003-04-08	10.42	10.43	10.20	10.33	3124200
2003-04-09	10.19	10.51	10.13	10.42	3808600
2003-04-10	10.49	10.50	10.24	10.38	4081400
2003-04-11	10.36	10.54	10.32	10.50	3062000
2003-04-14	10.50	10.56	10.27	10.29	4096000
2003-04-15	10.82	10.83	10.50	10.50	5423200
2003-04-16	10.63	10.91	10.56	10.82	3281400
2003-04-17	10.67	10.73	10.53	10.62	2345000
2003-04-21	10.63	10.73	10.52	10.70	2079200
2003-04-22	10.76	10.78	10.49	10.55	3402800
2003-04-23	10.72	10.73	10.58	10.70	3548800
2003-04-24	9.48	9.92	8.59	9.51	33333000
2003-04-25	9.51	9.66	9.44	9.44	6095400
2003-04-28	9.71	9.74	9.51	9.52	5129000
2003-04-29	9.78	9.86	9.71	9.71	5969000
2003-04-30	10.03	10.11	9.77	9.78	6438200
2003-05-01	9.97	10.07	9.86	10.04	3977200
2003-05-02	10.12	10.16	9.85	9.97	4539600
2003-05-05	10.09	10.24	9.94	10.23	3733800
2003-05-06	10.17	10.30	10.07	10.11	4307600
2003-05-07	10.00	10.09	9.92	10.01	3169400
2003-05-08	9.89	10.00	9.84	9.98	2905400
2003-05-09	10.02	10.11	9.91	9.97	2538600
2003-05-12	10.20	10.23	9.92	9.94	3841600
2003-05-13	10.08	10.15	10.01	10.05	2973600
2003-05-14	10.10	10.16	10.02	10.14	3519400
2003-05-15	10.15	10.16	10.00	10.08	2632600
2003-05-16	10.16	10.19	9.99	10.13	3308600
2003-05-19	9.87	9.99	9.84	9.89	3367200
2003-05-20	9.81	9.89	9.71	9.87	4315600
2003-05-21	9.87	9.90	9.68	9.78	3946400
2003-05-22	9.95	10.00	9.80	9.89	3770800
2003-05-23	10.04	10.04	9.89	9.99	2583600
2003-05-27	10.08	10.09	9.91	10.04	3993200
2003-05-28	10.11	10.15	9.99	10.09	2620800
2003-05-29	9.97	10.16	9.91	10.14	3337000
2003-05-30	10.11	10.15	9.96	10.00	3652600
2003-06-02	10.03	10.17	10.02	10.14	2883600
2003-06-03	9.88	10.11	9.72	10.08	5639400
2003-06-04	9.99	9.99	9.87	9.89	3161400
2003-06-05	9.93	9.99	9.84	9.99	2536600
2003-06-06	9.85	9.96	9.76	9.84	4825200
2003-06-09	9.66	9.79	9.62	9.77	3333800
2003-06-10	9.60	9.76	9.45	9.73	4952600
2003-06-11	9.80	9.80	9.59	9.61	2898000
2003-06-12	9.49	9.88	9.38	9.82	5794000
2003-06-13	9.53	9.56	9.41	9.49	4985800
2003-06-16	9.51	9.62	9.45	9.56	5471800
2003-06-17	9.48	9.60	9.42	9.58	6005000
2003-06-18	9.67	9.71	9.48	9.50	3804800
2003-06-19	9.62	9.68	9.58	9.66	5482000
2003-06-20	9.72	9.78	9.67	9.72	5543400
2003-06-23	9.68	9.73	9.61	9.72	4047800
2003-06-24	9.74	9.83	9.69	9.69	4107600
2003-06-25	9.59	9.82	9.59	9.77	3658200
2003-06-26	9.56	9.66	9.52	9.59	5486200
2003-06-27	9.46	9.61	9.42	9.57	2882600
2003-06-30	9.45	9.61	9.42	9.59	3893600
2003-07-01	9.46	9.56	9.38	9.40	6449600
2003-07-02	9.53	9.68	9.45	9.49	9104200
2003-07-03	9.58	9.62	9.43	9.46	2941200
2003-07-07	9.78	9.79	9.61	9.67	6033400
2003-07-08	9.73	9.79	9.66	9.70	6626400
2003-07-09	9.75	9.81	9.60	9.73	4408600
2003-07-10	9.74	9.80	9.62	9.68	4586200
2003-07-11	9.75	9.83	9.69	9.78	3676200
2003-07-14	9.84	9.93	9.75	9.82	7202800
2003-07-15	9.86	9.94	9.75	9.94	4005800
2003-07-16	9.84	9.97	9.74	9.90	5806600
2003-07-17	9.78	9.87	9.75	9.84	3496000
2003-07-18	9.82	9.84	9.74	9.81	3153600
2003-07-21	9.68	9.83	9.57	9.82	3670800
2003-07-22	9.65	9.81	9.61	9.76	4848000
2003-07-23	9.52	9.67	9.50	9.66	5634200
2003-07-24	9.52	9.56	9.19	9.30	17691000
2003-07-25	9.80	9.85	9.56	9.59	6504400
2003-07-28	9.85	9.97	9.76	9.83	4611200
2003-07-29	9.82	9.91	9.74	9.91	5142400
2003-07-30	9.69	9.80	9.63	9.80	5659800
2003-07-31	9.86	9.93	9.71	9.83	5417600
2003-08-01	9.69	9.83	9.68	9.76	3256200
2003-08-04	9.69	9.71	9.52	9.68	2971000
2003-08-05	9.70	9.78	9.59	9.66	4225800
2003-08-06	9.67	9.77	9.62	9.76	4078400
2003-08-07	9.83	9.87	9.60	9.69	5148200
2003-08-08	9.92	9.93	9.77	9.83	4670600
2003-08-11	9.65	9.88	9.59	9.86	5690600
2003-08-12	9.86	9.86	9.67	9.72	4814200
2003-08-13	9.82	9.94	9.78	9.91	3562200
2003-08-14	9.96	9.98	9.76	9.80	3101400
2003-08-15	9.97	9.98	9.86	9.95	1917000
2003-08-18	9.99	10.00	9.86	9.91	1638400
2003-08-19	9.99	10.03	9.93	10.01	1965800
2003-08-20	10.00	10.03	9.89	9.95	2302000
2003-08-21	10.00	10.09	9.92	10.08	3620800
2003-08-22	9.90	10.08	9.87	10.08	2247600
2003-08-25	9.93	9.96	9.83	9.86	2593800
2003-08-26	9.97	9.99	9.82	9.85	2401200
2003-08-27	9.84	9.96	9.81	9.94	2843800
2003-08-28	9.79	9.88	9.70	9.87	3208600
2003-08-29	9.86	9.87	9.70	9.79	3408600
2003-09-02	9.85	9.93	9.74	9.91	3247000
2003-09-03	9.90	9.92	9.76	9.80	2624400
2003-09-04	9.70	9.93	9.68	9.93	5410000
2003-09-05	9.85	9.85	9.70	9.70	3519400
2003-09-08	9.86	9.91	9.77	9.80	2916000
2003-09-09	9.92	9.96	9.86	9.86	3229400
2003-09-10	9.81	10.00	9.80	9.89	3253400
2003-09-11	9.75	9.87	9.75	9.86	2812400
2003-09-12	9.79	9.86	9.72	9.79	1758200
2003-09-15	9.69	9.75	9.64	9.70	2872200
2003-09-16	9.58	9.67	9.49	9.61	7161600
2003-09-17	9.27	9.58	9.26	9.58	10777200
2003-09-18	9.33	9.41	9.29	9.32	6585200
2003-09-19	9.34	9.36	9.19	9.29	6106200
2003-09-22	9.68	9.70	9.33	9.40	6408000
2003-09-23	9.75	9.77	9.58	9.71	3737400
2003-09-24	9.65	9.77	9.61	9.69	3888200
2003-09-25	9.49	9.63	9.47	9.63	2912800
2003-09-26	9.41	9.49	9.30	9.43	3688400
2003-09-29	9.71	9.74	9.26	9.40	5484200
2003-09-30	9.95	10.00	9.81	9.84	10100800
2003-10-01	10.28	10.31	9.90	9.95	8351800
2003-10-02	10.22	10.33	10.08	10.28	4162800
2003-10-03	10.30	10.38	10.18	10.32	4429400
2003-10-06	10.23	10.30	10.15	10.30	2478400
2003-10-07	10.23	10.24	10.07	10.23	3229000
2003-10-08	10.27	10.27	10.18	10.20	2531600
2003-10-09	10.25	10.32	10.20	10.27	2959400
2003-10-10	10.35	10.42	10.21	10.24	3569400
2003-10-13	10.64	10.71	10.60	10.60	5223600
2003-10-14	10.86	10.88	10.64	10.67	4990000
2003-10-15	10.90	11.02	10.80	10.86	7830400
2003-10-16	10.95	10.98	10.84	10.84	4158400
2003-10-17	10.94	11.00	10.79	11.00	4392400
2003-10-20	10.89	10.92	10.81	10.88	2515600
2003-10-21	10.96	11.00	10.80	10.89	3333400
2003-10-22	10.85	10.96	10.71	10.96	1964600
2003-10-23	10.90	10.92	10.72	10.85	3784400
2003-10-24	10.91	10.91	10.78	10.80	3235000
2003-10-27	11.06	11.08	10.88	10.91	3540800
2003-10-28	11.14	11.20	10.99	11.08	4156400
2003-10-29	11.19	11.21	11.10	11.15	3232000
2003-10-30	11.21	11.26	11.16	11.19	2687800
2003-10-31	11.24	11.25	11.12	11.24	4812000
2003-11-03	11.30	11.37	11.22	11.22	2696800
2003-11-04	11.24	11.28	11.17	11.28	2313000
2003-11-05	10.93	11.23	10.86	11.20	5407800
2003-11-06	10.95	11.03	10.84	10.97	2636800
2003-11-07	10.82	11.00	10.81	10.95	2135200
2003-11-10	10.95	10.96	10.79	10.79	3524000
2003-11-11	10.99	11.00	10.82	10.96	1964000
2003-11-12	11.07	11.11	10.93	11.01	2369800
2003-11-13	11.15	11.17	11.01	11.06	2575400
2003-11-14	11.14	11.19	11.08	11.18	3211800
2003-11-17	11.06	11.08	10.96	11.04	2231000
2003-11-18	10.99	11.09	10.96	11.05	2095800
2003-11-19	10.97	11.02	10.88	11.02	2836800
2003-11-20	10.81	10.99	10.81	10.95	7922000
2003-11-21	10.85	10.88	10.81	10.85	2183200
2003-11-24	11.00	11.02	10.87	10.92	2872600
2003-11-25	10.87	10.96	10.81	10.93	3337000
2003-11-26	11.02	11.05	10.88	10.94	1778000
2003-11-28	11.11	11.11	10.95	10.95	922600
2003-12-01	11.26	11.33	11.12	11.14	3292400
2003-12-02	11.01	11.26	10.97	11.23	3349200
2003-12-03	11.03	11.16	10.98	11.12	2050800
2003-12-04	11.11	11.14	11.02	11.06	1498200
2003-12-05	10.95	11.15	10.91	11.13	2025600
2003-12-08	11.07	11.08	10.96	10.96	1364600
2003-12-09	10.95	11.05	10.90	11.04	1844400
2003-12-10	10.93	10.99	10.88	10.95	2819600
2003-12-11	10.95	11.04	10.86	10.90	2745200
2003-12-12	11.00	11.04	10.88	10.93	2392000
2003-12-15	10.88	11.12	10.87	11.12	2356400
2003-12-16	10.94	10.95	10.87	10.88	2356600
2003-12-17	10.71	10.93	10.63	10.90	5463000
2003-12-18	10.80	10.81	10.66	10.75	3684000
2003-12-19	10.87	10.91	10.79	10.85	3757800
2003-12-22	10.81	10.88	10.75	10.87	2162000
2003-12-23	10.85	10.90	10.81	10.88	1579000
2003-12-24	10.86	10.88	10.73	10.81	1349200
2003-12-26	10.85	10.89	10.78	10.88	424000
2003-12-29	11.04	11.04	10.85	10.91	2111400
2003-12-30	11.10	11.10	10.97	11.00	1624800
2003-12-31	11.17	11.19	11.05	11.08	2397400
2004-01-02	11.15	11.26	11.10	11.17	1587800
2004-01-05	10.79	10.99	10.70	10.76	5987600
2004-01-06	10.79	10.88	10.69	10.71	2695600
2004-01-07	10.93	11.05	10.81	11.05	5204600
2004-01-08	10.97	11.02	10.88	11.01	2811200
2004-01-09	11.04	11.07	10.92	10.96	2924200
2004-01-12	10.93	11.08	10.93	11.01	2427800
2004-01-13	10.86	10.96	10.70	10.93	3314400
2004-01-14	10.94	10.95	10.77	10.87	1555800
2004-01-15	10.83	10.96	10.81	10.94	2815000
2004-01-16	10.80	10.83	10.71	10.83	3010000
2004-01-20	10.90	10.91	10.75	10.76	3084200
2004-01-21	11.25	11.25	10.87	10.93	4038000
2004-01-22	11.37	11.45	11.24	11.25	4038400
2004-01-23	11.40	11.49	11.38	11.49	3834600
2004-01-26	11.30	11.33	11.04	11.12	5919000
2004-01-27	11.30	11.35	11.19	11.26	2463400
2004-01-28	11.24	11.42	11.23	11.29	3072400
2004-01-29	11.30	11.33	11.15	11.23	2919800
2004-01-30	11.39	11.51	11.24	11.30	4609800
2004-02-02	11.68	11.82	11.27	11.36	5665000
2004-02-03	12.04	12.28	11.97	12.04	8882200
2004-02-04	12.03	12.07	11.91	12.04	4651000
2004-02-05	12.13	12.22	11.90	11.98	3946600
2004-02-06	12.27	12.30	12.14	12.14	4269000
2004-02-09	12.39	12.42	12.28	12.29	3582600
2004-02-10	12.54	12.61	12.35	12.39	4500000
2004-02-11	12.60	12.68	12.47	12.51	4391000
2004-02-12	12.51	12.66	12.48	12.60	2503400
2004-02-13	12.46	12.52	12.45	12.51	3040800
2004-02-17	12.74	12.84	12.51	12.53	3767200
2004-02-18	12.72	12.84	12.66	12.71	4415600
2004-02-19	12.67	12.84	12.67	12.75	3134800
2004-02-20	12.73	12.76	12.66	12.68	3499800
2004-02-23	12.74	12.81	12.69	12.76	2466400
2004-02-24	12.62	12.75	12.54	12.66	2417200
2004-02-25	12.53	12.61	12.45	12.56	3007200
2004-02-26	12.45	12.52	12.40	12.46	2787600
2004-02-27	12.57	12.58	12.38	12.45	3235400
2004-03-01	12.68	12.71	12.49	12.57	2316800
2004-03-02	12.63	12.72	12.58	12.64	2815600
2004-03-03	12.56	12.60	12.42	12.50	3262200
2004-03-04	12.46	12.51	12.39	12.51	2767800
2004-03-05	12.41	12.48	12.39	12.46	2336200
2004-03-08	12.48	12.56	12.40	12.45	2168200
2004-03-09	12.43	12.53	12.36	12.49	3741000
2004-03-10	12.36	12.52	12.35	12.49	2442400
2004-03-11	12.23	12.41	12.22	12.35	3485000
2004-03-12	12.34	12.35	12.23	12.29	3138600
2004-03-15	12.18	12.28	12.12	12.26	3589600
2004-03-16	12.26	12.28	12.16	12.24	2696600
2004-03-17	12.36	12.40	12.30	12.30	2705600
2004-03-18	12.45	12.47	12.35	12.39	2903200
2004-03-19	12.34	12.46	12.34	12.40	2609800
2004-03-22	12.30	12.34	12.16	12.34	2239200
2004-03-23	12.37	12.48	12.30	12.33	3126800
2004-03-24	12.32	12.42	12.28	12.37	2780600
2004-03-25	12.38	12.41	12.31	12.35	2310400
2004-03-26	12.26	12.38	12.26	12.32	1774800
2004-03-29	12.38	12.41	12.31	12.34	1816400
2004-03-30	12.48	12.60	12.38	12.41	3138400
2004-03-31	12.42	12.53	12.40	12.53	3162400
2004-04-01	12.66	12.67	12.41	12.44	2996200
2004-04-02	12.83	12.83	12.66	12.69	2881600
2004-04-05	13.00	13.03	12.75	12.77	3951200
2004-04-06	12.90	13.03	12.84	12.86	4440600
2004-04-07	12.91	12.99	12.84	12.91	2317600
2004-04-08	13.02	13.09	12.89	12.93	2575800
2004-04-12	13.04	13.10	12.98	13.02	1804200
2004-04-13	12.92	13.18	12.88	13.06	3508000
2004-04-14	12.87	12.95	12.75	12.92	2928200
2004-04-15	12.80	12.93	12.71	12.87	2299400
2004-04-16	12.98	13.05	12.87	12.94	3198000
2004-04-19	12.91	12.95	12.81	12.92	1402400
2004-04-20	12.80	13.00	12.76	12.89	2720800
2004-04-21	12.84	12.86	12.69	12.77	2392400
2004-04-22	12.94	12.99	12.73	12.84	2542400
2004-04-23	12.90	12.92	12.79	12.85	1312200
2004-04-26	12.78	12.94	12.74	12.90	2077800
2004-04-27	12.74	12.95	12.73	12.84	3602600
2004-04-28	12.97	13.18	12.71	12.76	7700200
2004-04-29	12.97	13.13	12.91	13.05	4313400
2004-04-30	13.07	13.18	12.91	12.97	3030400
2004-05-03	12.95	13.15	12.95	13.12	2813400
2004-05-04	12.84	13.02	12.81	13.02	2919200
2004-05-05	12.88	12.91	12.77	12.79	3035800
2004-05-06	12.75	12.90	12.73	12.81	1799200
2004-05-07	12.47	12.79	12.46	12.69	2553200
2004-05-10	12.29	12.42	12.23	12.41	3526800
2004-05-11	12.22	12.33	12.15	12.25	4191600
2004-05-12	12.33	12.33	12.14	12.28	2711600
2004-05-13	12.34	12.42	12.28	12.35	2631200
2004-05-14	12.33	12.40	12.23	12.27	1522800
2004-05-17	12.15	12.22	12.02	12.15	2963800
2004-05-18	12.77	12.83	12.32	12.32	5595400
2004-05-19	12.50	12.83	12.48	12.77	4270400
2004-05-20	12.62	12.62	12.46	12.53	2317600
2004-05-21	12.61	12.78	12.57	12.67	2478600
2004-05-24	12.68	12.75	12.56	12.69	2198600
2004-05-25	12.75	12.79	12.53	12.63	2620600
2004-05-26	12.79	12.83	12.65	12.68	2214600
2004-05-27	12.59	12.77	12.52	12.64	3797200
2004-05-28	12.60	12.66	12.49	12.62	2293800
2004-06-01	12.63	12.66	12.52	12.61	2128000
2004-06-02	12.68	12.71	12.62	12.62	2077400
2004-06-03	12.64	12.68	12.60	12.63	1629600
2004-06-04	12.74	12.80	12.66	12.67	1651800
2004-06-07	12.88	12.89	12.77	12.77	1627600
2004-06-08	12.86	12.88	12.78	12.82	1853600
2004-06-09	12.70	12.86	12.69	12.81	2048600
2004-06-10	12.79	12.80	12.72	12.77	1760600
2004-06-14	12.66	12.79	12.61	12.69	1976200
2004-06-15	12.63	12.72	12.57	12.68	2419400
2004-06-16	12.65	12.70	12.63	12.63	1862400
2004-06-17	12.63	12.70	12.61	12.69	2802400
2004-06-18	12.58	12.64	12.54	12.57	3002400
2004-06-21	12.48	12.57	12.46	12.54	2312400
2004-06-22	12.63	12.65	12.47	12.49	2789600
2004-06-23	12.50	12.65	12.44	12.64	2978400
2004-06-24	12.53	12.60	12.47	12.52	2604600
2004-06-25	12.53	12.59	12.48	12.53	3550200
2004-06-28	12.58	12.72	12.47	12.53	3177800
2004-06-29	12.57	12.66	12.55	12.66	2819600
2004-06-30	12.66	12.68	12.50	12.57	2866000
2004-07-01	12.63	12.76	12.57	12.66	2548600
2004-07-02	12.71	12.75	12.57	12.63	1454000
2004-07-06	12.74	12.77	12.63	12.66	2351200
2004-07-07	12.79	12.85	12.71	12.74	2476600
2004-07-08	12.69	12.81	12.69	12.79	1906200
2004-07-09	12.54	12.71	12.53	12.69	3120000
2004-07-12	12.67	12.72	12.59	12.60	2624600
2004-07-13	12.72	12.78	12.59	12.75	2489200
2004-07-14	12.70	12.76	12.63	12.64	2168000
2004-07-15	12.72	12.82	12.69	12.75	2076200
2004-07-16	12.75	12.88	12.73	12.86	2525600
2004-07-19	12.83	12.86	12.77	12.78	1650400
2004-07-20	12.88	12.92	12.79	12.83	3042400
2004-07-21	12.97	13.02	12.80	12.88	3713000
2004-07-22	12.87	12.97	12.76	12.97	3381600
2004-07-23	12.79	12.87	12.77	12.87	2519400
2004-07-26	12.75	12.85	12.70	12.80	2156200
2004-07-27	12.70	12.75	12.60	12.72	2531200
2004-07-28	12.08	12.30	11.48	12.30	19729000
2004-07-29	12.35	12.39	11.87	12.14	6761000
2004-07-30	12.30	12.45	12.24	12.35	4522000
2004-08-02	12.26	12.29	12.13	12.27	3114400
2004-08-03	12.16	12.36	12.10	12.28	4400000
2004-08-04	12.05	12.13	11.98	12.13	4057000
2004-08-05	11.93	12.12	11.91	12.05	2306400
2004-08-06	11.85	11.94	11.84	11.93	3590000
2004-08-09	11.85	11.90	11.75	11.85	3011400
2004-08-10	11.97	11.97	11.81	11.89	2068200
2004-08-11	11.94	11.96	11.83	11.88	2309600
2004-08-12	11.90	11.97	11.83	11.88	2043000
2004-08-13	11.87	11.93	11.83	11.89	1944200
2004-08-16	11.90	11.96	11.84	11.86	1756800
2004-08-17	12.01	12.09	11.90	11.93	1908200
2004-08-18	12.30	12.30	11.96	12.03	2800400
2004-08-19	12.30	12.32	12.12	12.21	3195600
2004-08-20	12.40	12.40	12.23	12.30	2560800
2004-08-23	12.29	12.44	12.28	12.41	3320000
2004-08-24	12.33	12.35	12.21	12.33	2398200
2004-08-25	12.43	12.47	12.32	12.34	2012200
2004-08-26	12.39	12.42	12.31	12.39	1299800
2004-08-27	12.44	12.48	12.41	12.41	1215200
2004-08-30	12.42	12.49	12.38	12.41	1424200
2004-08-31	12.47	12.47	12.32	12.46	1509800
2004-09-01	12.48	12.53	12.33	12.50	1611200
2004-09-02	12.55	12.56	12.39	12.50	1534600
2004-09-03	12.56	12.63	12.52	12.57	1342600
2004-09-07	12.56	12.63	12.51	12.52	2667400
2004-09-08	12.51	12.57	12.47	12.57	1578400
2004-09-09	12.52	12.53	12.44	12.51	1283200
2004-09-10	12.44	12.55	12.41	12.53	2561400
2004-09-13	12.50	12.52	12.41	12.43	2442400
2004-09-14	12.50	12.58	12.47	12.51	1955600
2004-09-15	12.44	12.55	12.42	12.47	1379200
2004-09-16	12.43	12.52	12.43	12.48	1332600
2004-09-17	12.39	12.45	12.35	12.44	2801400
2004-09-20	12.24	12.40	12.23	12.38	2944000
2004-09-21	12.29	12.32	12.19	12.24	3419600
2004-09-22	11.94	12.28	11.88	12.22	4456600
2004-09-23	12.05	12.08	11.88	11.94	3325800
2004-09-24	12.05	12.20	12.01	12.02	1962400
2004-09-27	11.94	12.01	11.92	12.00	2213800
2004-09-28	12.19	12.21	11.96	11.97	2631200
2004-09-29	12.19	12.19	12.01	12.14	2282400
2004-09-30	12.20	12.29	12.10	12.19	2392400
2004-10-01	12.49	12.52	12.16	12.20	2467000
2004-10-04	12.59	12.67	12.47	12.54	2629800
2004-10-05	12.50	12.61	12.48	12.59	1607200
2004-10-06	12.60	12.61	12.48	12.50	1281200
2004-10-07	12.50	12.61	12.50	12.60	1865400
2004-10-08	12.37	12.50	12.27	12.50	2923200
2004-10-11	12.30	12.48	12.28	12.35	1330600
2004-10-12	12.36	12.41	12.25	12.25	2019000
2004-10-13	12.30	12.43	12.28	12.36	3417800
2004-10-14	12.02	12.45	12.00	12.32	4247200
2004-10-15	12.11	12.28	11.60	12.02	5341600
2004-10-18	12.05	12.14	11.96	12.05	2373600
2004-10-19	11.66	12.08	11.63	12.05	3871800
2004-10-20	11.79	11.88	11.66	11.72	4596000
2004-10-21	11.75	11.80	11.58	11.79	3927200
2004-10-22	11.68	11.86	11.66	11.70	2969200
2004-10-25	11.77	11.85	11.52	11.58	2766200
2004-10-26	11.71	11.91	11.65	11.73	5630000
2004-10-27	11.13	11.25	10.53	10.57	26339600
2004-10-28	11.19	11.34	11.04	11.08	8085400
2004-10-29	11.16	11.23	11.10	11.20	6549800
2004-11-01	11.51	11.51	11.15	11.16	6422000
2004-11-02	11.18	11.62	11.13	11.62	7033000
2004-11-03	11.29	11.51	11.23	11.45	4964200
2004-11-04	11.50	11.52	11.26	11.33	3737000
2004-11-05	11.47	11.63	11.42	11.63	3455800
2004-11-08	11.59	11.61	11.31	11.43	3369400
2004-11-09	11.54	11.70	11.49	11.63	3798800
2004-11-10	11.69	11.75	11.56	11.56	4148200
2004-11-11	11.85	11.87	11.74	11.76	3687200
2004-11-12	11.62	11.66	11.42	11.57	5593200
2004-11-15	11.71	11.90	11.67	11.81	3470000
2004-11-16	11.56	11.77	11.43	11.74	3970400
2004-11-17	11.62	11.68	11.52	11.61	4072600
2004-11-18	11.65	11.68	11.61	11.64	4307400
2004-11-19	11.66	11.84	11.65	11.84	4136600
2004-11-22	11.85	11.86	11.59	11.72	4103600
2004-11-23	11.84	11.91	11.75	11.85	3312200
2004-11-24	11.77	11.91	11.74	11.90	2688600
2004-11-26	11.76	11.85	11.72	11.83	1438800
2004-11-29	11.81	11.89	11.68	11.70	5510400
2004-11-30	11.73	11.85	11.71	11.75	4236000
2004-12-01	11.91	11.98	11.70	11.73	4687200
2004-12-02	12.18	12.38	11.98	12.07	5560600
2004-12-03	12.29	12.32	11.93	11.93	4991200
2004-12-06	12.26	12.32	12.12	12.22	3377000
2004-12-07	12.17	12.29	12.09	12.23	3399200
2004-12-08	12.23	12.44	12.18	12.42	4097000
2004-12-09	12.19	12.24	12.08	12.16	4239800
2004-12-10	12.23	12.60	12.06	12.60	4389200
2004-12-13	12.47	12.47	12.29	12.29	4330000
2004-12-14	12.42	12.48	12.38	12.46	3842600
2004-12-15	12.44	12.52	12.36	12.46	2719800
2004-12-16	12.33	12.44	12.29	12.44	2607400
2004-12-17	12.34	12.46	12.10	12.11	4578600
2004-12-20	12.43	12.53	12.34	12.42	3205200
2004-12-21	12.48	12.51	12.37	12.47	2682200
2004-12-22	12.57	12.60	12.38	12.43	2611000
2004-12-23	12.53	12.64	12.50	12.57	2301200
2004-12-27	12.33	12.50	12.33	12.49	1357600
2004-12-28	12.44	12.50	12.41	12.43	2279200
2004-12-29	12.54	12.59	12.42	12.44	1533800
2004-12-30	12.47	12.59	12.47	12.58	1075400
2004-12-31	12.42	12.55	12.41	12.55	1305400
2005-01-03	12.38	12.60	12.33	12.52	2342200
2005-01-04	12.37	12.60	12.32	12.43	3044800
2005-01-05	12.28	12.48	12.28	12.35	2519600
2005-01-06	12.47	12.56	12.31	12.38	2798600
2005-01-07	12.38	12.58	12.37	12.50	2342400
2005-01-10	12.52	12.59	12.42	12.44	2140200
2005-01-11	12.38	12.50	12.31	12.49	2439400
2005-01-12	12.44	12.47	12.33	12.35	2249400
2005-01-13	12.39	12.49	12.33	12.40	3020800
2005-01-14	12.36	12.43	12.25	12.37	2835000
2005-01-18	12.48	12.54	12.24	12.36	3251600
2005-01-19	12.49	12.55	12.46	12.51	2388000
2005-01-20	12.47	12.55	12.38	12.49	2700600
2005-01-21	12.35	12.49	12.32	12.42	2919000
2005-01-24	12.34	12.44	12.32	12.43	2772600
2005-01-25	12.37	12.43	12.32	12.39	3465200
2005-01-26	12.41	12.49	12.39	12.44	2898600
2005-01-27	12.39	12.44	12.28	12.36	2942400
2005-01-28	12.18	12.46	12.12	12.36	2724800
2005-01-31	12.32	12.39	12.24	12.25	3344400
2005-02-01	12.04	12.32	12.01	12.32	8610000
2005-02-02	12.11	12.19	12.00	12.06	3074800
2005-02-03	12.09	12.15	12.01	12.14	3334400
2005-02-04	12.12	12.12	12.05	12.05	5320400
2005-02-07	12.14	12.16	12.10	12.13	3404600
2005-02-08	12.01	12.17	12.00	12.17	3027600
2005-02-09	12.00	12.05	11.96	11.97	2709600
2005-02-10	12.09	12.10	12.02	12.07	2432600
2005-02-11	12.14	12.23	12.08	12.10	3792800
2005-02-14	12.25	12.31	12.07	12.12	3047800
2005-02-15	12.36	12.36	12.20	12.21	3682800
2005-02-16	12.19	12.36	12.10	12.35	3171800
2005-02-17	12.12	12.23	12.12	12.15	2853400
2005-02-18	12.09	12.20	12.08	12.15	2992200
2005-02-22	11.72	12.05	11.67	11.99	6048600
2005-02-23	11.72	11.85	11.67	11.70	4122400
2005-02-24	11.88	11.88	11.65	11.73	4888000
2005-02-25	12.11	12.14	11.84	11.84	3517000
2005-02-28	11.99	12.10	11.90	12.09	3739200
2005-03-01	11.90	12.10	11.90	12.04	3763600
2005-03-02	11.88	12.01	11.86	11.91	4428600
2005-03-03	12.19	12.25	11.88	11.93	4503600
2005-03-04	12.25	12.30	12.16	12.21	2772600
2005-03-07	12.31	12.42	12.23	12.29	4201600
2005-03-08	12.34	12.44	12.23	12.27	4895800
2005-03-09	12.15	12.30	12.13	12.26	3451200
2005-03-10	12.09	12.30	12.05	12.11	3359200
2005-03-11	12.01	12.14	11.96	12.07	4643600
2005-03-14	12.18	12.19	11.96	12.04	3986800
2005-03-15	12.12	12.29	12.12	12.19	2230600
2005-03-16	11.94	12.14	11.90	12.12	1923800
2005-03-17	11.94	12.00	11.88	11.90	1913800
2005-03-18	11.92	12.06	11.88	11.97	3973200
2005-03-21	11.89	11.97	11.88	11.93	1739000
2005-03-22	11.66	11.98	11.64	11.92	2869400
2005-03-23	11.78	11.90	11.53	11.60	4550400
2005-03-24	11.61	11.78	11.61	11.78	3043000
2005-03-28	11.73	11.83	11.68	11.69	2068600
2005-03-29	11.58	11.79	11.57	11.68	3817600
2005-03-30	11.83	11.88	11.57	11.65	3100200
2005-03-31	11.65	11.85	11.63	11.85	2853200
2005-04-01	11.60	11.87	11.58	11.72	3373800
2005-04-04	11.57	11.68	11.50	11.64	3367000
2005-04-05	11.58	11.61	11.48	11.61	2430400
2005-04-06	11.57	11.66	11.46	11.63	2535800
2005-04-07	11.65	11.67	11.53	11.58	2421800
2005-04-08	11.59	11.71	11.57	11.68	1761600
2005-04-11	11.56	11.64	11.47	11.58	2028600
2005-04-12	11.66	11.71	11.41	11.51	2549000
2005-04-13	11.54	11.71	11.50	11.67	2036800
2005-04-14	11.33	11.54	11.22	11.53	5192200
2005-04-15	11.16	11.33	11.16	11.27	2754400
2005-04-18	11.38	11.43	11.10	11.17	4909200
2005-04-19	11.34	11.42	11.28	11.36	2445200
2005-04-20	11.33	11.38	11.24	11.34	3530000
2005-04-21	11.33	11.42	11.23	11.36	3559600
2005-04-22	11.45	11.81	11.38	11.80	4030000
2005-04-25	11.37	11.61	11.34	11.55	3727000
2005-04-26	11.30	11.54	11.29	11.37	4297600
2005-04-27	12.39	12.42	11.85	12.11	16499400
2005-04-28	12.35	12.44	12.17	12.38	6585800
2005-04-29	12.71	12.78	12.28	12.39	7132000
2005-05-02	12.60	12.73	12.48	12.69	4154600
2005-05-03	12.58	12.69	12.46	12.61	5027200
2005-05-04	12.94	12.96	12.54	12.58	4735400
2005-05-05	12.77	12.94	12.69	12.89	2869800
2005-05-06	12.75	12.88	12.70	12.83	3424800
2005-05-09	12.81	12.82	12.73	12.79	2247000
2005-05-10	12.60	12.76	12.56	12.73	3059000
2005-05-11	12.64	12.69	12.51	12.60	3278200
2005-05-12	12.54	12.74	12.53	12.69	2522600
2005-05-13	12.41	12.60	12.29	12.60	2876200
2005-05-16	12.55	12.60	12.41	12.41	2314800
2005-05-17	12.66	12.69	12.48	12.49	2942800
2005-05-18	12.57	12.80	12.51	12.72	3777000
2005-05-19	12.57	12.62	12.47	12.60	2599800
2005-05-20	12.61	12.67	12.54	12.62	3258200
2005-05-23	12.66	12.74	12.63	12.67	3487800
2005-05-24	12.48	12.55	12.13	12.55	4758400
2005-05-25	12.59	12.65	12.48	12.49	3569200
2005-05-26	12.85	12.87	12.55	12.64	3892600
2005-05-27	12.98	13.03	12.86	12.95	3074000
2005-05-31	13.03	13.14	12.91	13.00	5665200
2005-06-01	13.13	13.20	12.96	13.03	3591200
2005-06-02	13.30	13.35	13.03	13.08	6001400
2005-06-03	13.26	13.29	13.10	13.23	5713600
2005-06-06	13.34	13.35	13.18	13.26	3368000
2005-06-07	13.11	13.21	13.07	13.18	6088800
2005-06-08	13.11	13.17	13.06	13.17	3846400
2005-06-09	13.24	13.33	13.02	13.11	4521000
2005-06-10	13.23	13.30	13.17	13.23	3221200
2005-06-13	13.39	13.47	13.26	13.47	3367600
2005-06-14	13.72	13.84	13.46	13.47	5349400
2005-06-15	13.68	13.80	13.51	13.78	4039800
2005-06-16	13.64	13.77	13.58	13.68	2277400
2005-06-17	13.71	13.76	13.58	13.76	2997000
2005-06-20	13.64	13.67	13.56	13.64	2730600
2005-06-21	13.67	13.69	13.50	13.59	3947600
2005-06-22	13.64	13.70	13.54	13.67	2920600
2005-06-23	13.42	13.69	13.40	13.65	2838400
2005-06-24	13.50	13.55	13.30	13.39	4646000
2005-06-27	13.58	13.64	13.49	13.50	1961000
2005-06-28	13.69	13.73	13.63	13.65	2231600
2005-06-29	13.62	13.75	13.57	13.68	2675200
2005-06-30	13.57	13.73	13.53	13.60	3206400
2005-07-01	13.75	13.80	13.68	13.69	2988200
2005-07-05	14.02	14.06	13.72	13.76	4286000
2005-07-06	13.95	14.02	13.87	13.97	3688400
2005-07-07	13.96	13.98	13.64	13.79	3673600
2005-07-08	13.98	14.04	13.90	14.04	3881000
2005-07-11	14.01	14.09	13.93	14.03	1871000
2005-07-12	14.04	14.10	13.94	14.03	2447400
2005-07-13	14.01	14.09	13.96	14.07	1404400
2005-07-14	13.98	14.11	13.96	14.08	2127000
2005-07-15	13.93	14.00	13.87	13.96	3444400
2005-07-18	13.91	13.97	13.86	13.93	1899800
2005-07-19	13.73	13.91	13.70	13.91	7018800
2005-07-20	13.73	13.80	13.67	13.72	4059600
2005-07-21	13.62	13.75	13.60	13.73	3081000
2005-07-22	13.72	13.76	13.60	13.66	2964000
2005-07-25	13.59	13.86	13.58	13.77	2837800
2005-07-26	13.57	13.67	13.55	13.66	3346200
2005-07-27	14.52	14.53	14.13	14.19	10366400
2005-07-28	14.29	14.49	14.27	14.46	4845000
2005-07-29	14.14	14.31	14.12	14.29	2470600
2005-08-01	13.98	14.13	13.97	14.12	2808400
2005-08-02	13.98	14.05	13.95	14.02	2466800
2005-08-03	14.07	14.10	13.93	13.93	3150600
2005-08-04	13.90	14.05	13.88	14.00	2970400
2005-08-05	13.70	13.89	13.66	13.85	2487600
2005-08-08	13.59	13.76	13.57	13.70	3384000
2005-08-09	13.72	13.79	13.59	13.69	2132400
2005-08-10	13.67	13.89	13.67	13.75	2510600
2005-08-11	13.75	13.78	13.65	13.70	1857800
2005-08-12	13.71	13.80	13.69	13.75	2409600
2005-08-15	13.76	13.79	13.69	13.74	2446600
2005-08-16	13.67	13.80	13.66	13.75	1787800
2005-08-17	13.68	13.74	13.55	13.67	1528000
2005-08-18	13.68	13.71	13.60	13.68	2059200
2005-08-19	13.67	13.78	13.66	13.75	1948800
2005-08-22	13.78	13.82	13.67	13.73	2049200
2005-08-23	13.77	13.84	13.75	13.81	2536000
2005-08-24	13.85	13.93	13.74	13.78	4305400
2005-08-25	13.91	13.98	13.86	13.90	2243400
2005-08-26	13.81	13.93	13.80	13.92	2398200
2005-08-29	13.88	13.94	13.67	13.70	2716200
2005-08-30	13.71	13.81	13.63	13.78	2450800
2005-08-31	13.59	13.69	13.43	13.69	4677200
2005-09-01	13.59	13.70	13.53	13.64	2570800
2005-09-02	13.73	13.79	13.55	13.68	1659600
2005-09-06	13.87	13.92	13.74	13.79	2347400
2005-09-07	13.99	13.99	13.87	13.90	2273200
2005-09-08	14.01	14.01	13.87	13.94	2257200
2005-09-09	14.17	14.17	14.00	14.01	2154600
2005-09-12	14.22	14.24	14.08	14.17	2009800
2005-09-13	14.12	14.24	14.12	14.22	2795400
2005-09-14	14.06	14.18	14.05	14.14	2615400
2005-09-15	14.10	14.14	14.04	14.11	1366600
2005-09-16	14.38	14.40	14.12	14.14	4785200
2005-09-19	14.40	14.46	14.25	14.36	3192400
2005-09-20	14.27	14.52	14.24	14.46	2417800
2005-09-21	13.93	14.17	13.92	14.15	3282600
2005-09-22	13.86	13.88	13.53	13.85	3110200
2005-09-23	13.96	14.14	13.78	13.83	2794600
2005-09-26	14.09	14.24	14.05	14.12	2693000
2005-09-27	14.05	14.23	14.00	14.20	2294400
2005-09-28	14.02	14.10	13.96	14.01	2776600
2005-09-29	14.22	14.22	13.97	14.02	2462600
2005-09-30	14.24	14.30	14.15	14.25	2775400
2005-10-03	14.26	14.29	14.14	14.24	2737200
2005-10-04	14.18	14.54	14.12	14.36	3743600
2005-10-05	14.19	14.30	13.98	14.18	3627600
2005-10-06	14.20	14.32	14.09	14.26	3606200
2005-10-07	14.15	14.21	14.04	14.21	2251200
2005-10-10	14.14	14.26	14.06	14.13	1761600
2005-10-11	14.10	14.22	14.04	14.13	2922600
2005-10-12	14.09	14.17	13.96	14.10	2183000
2005-10-13	14.06	14.14	13.95	13.99	2288000
2005-10-14	14.17	14.23	14.07	14.18	1960600
2005-10-17	14.10	14.19	14.06	14.14	2008800
2005-10-18	14.14	14.20	14.08	14.12	1762800
2005-10-19	14.40	14.41	14.07	14.07	2675400
2005-10-20	14.25	14.46	14.20	14.46	3492600
2005-10-21	14.42	14.47	14.29	14.36	2996000
2005-10-24	14.89	15.02	14.40	14.50	6439400
2005-10-25	14.84	14.96	14.55	14.96	6419000
2005-10-26	14.65	14.93	14.64	14.84	3981800
2005-10-27	14.79	14.88	14.65	14.66	3625200
2005-10-28	14.93	14.96	14.79	14.80	3494200
2005-10-31	15.02	15.09	14.99	15.04	4567600
2005-11-01	14.97	15.06	14.92	15.06	3754800
2005-11-02	15.02	15.07	14.95	14.98	2990200
2005-11-03	14.94	15.07	14.90	15.02	3179200
2005-11-04	15.02	15.04	14.92	15.00	4270600
2005-11-07	15.26	15.31	15.01	15.04	4248400
2005-11-08	15.23	15.25	15.10	15.18	2250800
2005-11-09	15.21	15.29	15.17	15.23	4015400
2005-11-10	15.36	15.36	15.14	15.23	4158000
2005-11-11	15.48	15.49	15.27	15.36	2394600
2005-11-14	15.50	15.53	15.37	15.41	2158600
2005-11-15	15.50	15.55	15.34	15.48	3215400
2005-11-16	15.44	15.58	15.38	15.56	3021400
2005-11-17	15.63	15.64	15.44	15.50	2583200
2005-11-18	15.32	15.63	15.29	15.63	6018400
2005-11-21	15.23	15.30	15.17	15.30	4102800
2005-11-22	15.24	15.27	15.11	15.17	5214800
2005-11-23	15.28	15.33	14.99	14.99	2549400
2005-11-25	15.29	15.36	15.23	15.35	1193200
2005-11-28	15.06	15.31	15.06	15.29	3459000
2005-11-29	15.29	15.36	15.17	15.17	2790400
2005-11-30	15.12	15.33	15.11	15.33	3034400
2005-12-01	15.18	15.28	15.10	15.17	2471800
2005-12-02	15.12	15.22	15.10	15.18	2325000
2005-12-05	15.06	15.13	15.01	15.12	1815000
2005-12-06	14.97	15.18	14.95	15.12	2277200
2005-12-07	14.83	14.99	14.74	14.99	3123600
2005-12-08	14.71	14.84	14.67	14.84	2622800
2005-12-09	14.77	14.83	14.71	14.76	2803400
2005-12-12	14.83	14.84	14.75	14.81	2818800
2005-12-13	14.96	15.03	14.77	14.83	2707000
2005-12-14	15.07	15.10	14.91	14.96	2791400
2005-12-15	15.01	15.12	14.97	15.10	2561200
2005-12-16	14.99	15.07	14.96	15.00	6303200
2005-12-19	14.80	14.96	14.79	14.96	2243000
2005-12-20	14.82	14.89	14.78	14.80	2243600
2005-12-21	14.82	14.86	14.78	14.82	3152600
2005-12-22	14.78	14.84	14.71	14.83	1772800
2005-12-23	14.77	14.79	14.72	14.79	923200
2005-12-27	14.66	14.90	14.65	14.82	1415200
2005-12-28	14.76	14.81	14.65	14.66	1517200
2005-12-29	14.74	14.85	14.72	14.79	1410200
2005-12-30	14.62	14.74	14.59	14.72	2078200
2006-01-03	14.67	14.72	14.57	14.70	3609200
2006-01-04	14.75	14.78	14.68	14.71	4377000
2006-01-05	14.87	14.91	14.76	14.78	3570200
2006-01-06	15.40	15.48	15.23	15.40	4166400
2006-01-09	15.48	15.56	15.43	15.45	3697800
2006-01-10	15.49	15.52	15.36	15.46	3158200
2006-01-11	15.53	15.55	15.46	15.53	2055200
2006-01-12	15.32	15.51	15.30	15.47	2918400
2006-01-13	15.35	15.41	15.31	15.39	2749200
2006-01-17	15.23	15.27	15.15	15.22	2267800
2006-01-18	15.19	15.28	15.04	15.23	2581200
2006-01-19	15.08	15.24	15.03	15.23	2089200
2006-01-20	14.86	15.08	14.77	15.07	5582800
2006-01-23	14.86	14.97	14.82	14.89	2303400
2006-01-24	14.80	14.96	14.79	14.88	3132400
2006-01-25	14.92	14.95	14.79	14.89	4258400
2006-01-26	14.96	15.00	14.81	14.92	5460000
2006-01-27	14.96	15.08	14.91	14.95	2574000
2006-01-30	14.96	15.04	14.88	14.93	2777000
2006-01-31	14.79	15.26	14.79	15.03	5701400
2006-02-01	14.86	14.89	14.59	14.75	5011400
2006-02-02	14.89	14.96	14.82	14.86	4209200
2006-02-03	14.86	14.90	14.75	14.81	5644200
2006-02-06	14.74	14.93	14.73	14.82	3257600
2006-02-07	14.77	14.82	14.68	14.68	3083000
2006-02-08	14.74	14.78	14.65	14.72	2808800
2006-02-09	14.71	14.81	14.69	14.76	3141200
2006-02-10	14.79	14.84	14.70	14.76	2563800
2006-02-13	14.74	14.79	14.68	14.79	1500400
2006-02-14	14.98	15.05	14.72	14.78	2896400
2006-02-15	15.17	15.21	15.00	15.10	3170400
2006-02-16	15.06	15.14	14.94	15.12	2183400
2006-02-17	14.85	15.06	14.84	15.04	3358400
2006-02-21	14.71	14.88	14.67	14.85	3093000
2006-02-22	15.00	15.03	14.70	14.80	4325400
2006-02-23	15.00	15.13	14.83	14.93	4308000
2006-02-24	14.85	14.89	14.77	14.85	4585000
2006-02-27	14.85	14.97	14.85	14.87	2914000
2006-02-28	14.61	14.86	14.57	14.85	6887600
2006-03-01	14.47	14.67	14.40	14.67	5905200
2006-03-02	14.47	14.53	14.45	14.47	3633400
2006-03-03	14.52	14.64	14.40	14.42	2933800
2006-03-06	14.53	14.61	14.48	14.49	2048000
2006-03-07	14.62	14.72	14.45	14.45	3804600
2006-03-08	14.59	14.66	14.50	14.54	2431400
2006-03-09	14.49	14.58	14.47	14.53	2932800
2006-03-10	14.50	14.60	14.40	14.46	2081400
2006-03-13	14.55	14.57	14.47	14.51	2557600
2006-03-14	14.59	14.64	14.48	14.53	3102200
2006-03-15	14.61	14.62	14.50	14.61	3412200
2006-03-16	14.72	14.75	14.53	14.60	3135600
2006-03-17	14.80	14.85	14.72	14.79	3024600
2006-03-20	14.89	14.91	14.77	14.83	2838800
2006-03-21	14.88	14.97	14.83	14.88	2146400
2006-03-22	14.74	14.88	14.58	14.58	2632200
2006-03-23	14.61	14.66	14.58	14.60	2639800
2006-03-24	14.67	14.72	14.54	14.62	1785600
2006-03-27	14.62	14.66	14.56	14.63	1618400
2006-03-28	14.62	14.67	14.55	14.63	2774200
2006-03-29	14.52	14.66	14.52	14.61	3153200
2006-03-30	14.28	14.56	14.28	14.46	4563600
2006-03-31	14.26	14.30	14.13	14.28	4279000
2006-04-03	14.07	14.28	14.03	14.28	6471800
2006-04-04	14.44	14.50	14.31	14.50	5568200
2006-04-05	14.57	14.64	14.45	14.49	3313600
2006-04-06	14.46	14.53	14.37	14.51	2882600
2006-04-07	14.22	14.46	14.15	14.41	3941600
2006-04-10	14.25	14.34	14.17	14.22	2392200
2006-04-11	14.23	14.29	14.16	14.27	3088400
2006-04-12	14.25	14.31	14.20	14.28	2455200
2006-04-13	14.34	14.34	14.23	14.24	1929800
2006-04-17	14.32	14.34	14.24	14.28	1998600
2006-04-18	14.57	14.57	14.33	14.40	2778400
2006-04-19	14.53	14.59	14.40	14.55	2936800
2006-04-20	14.57	14.61	14.42	14.53	2290400
2006-04-21	14.55	14.72	14.50	14.66	2527800
2006-04-24	14.52	14.58	14.45	14.51	2532400
2006-04-25	14.61	14.62	14.44	14.53	3213000
2006-04-26	14.92	14.97	14.69	14.75	4351800
2006-04-27	15.14	15.15	14.88	14.92	3990400
2006-04-28	15.02	15.14	15.00	15.07	3839800
2006-05-01	14.85	15.07	14.84	15.02	3341400
2006-05-02	15.08	15.08	14.76	14.85	3313400
2006-05-03	14.77	15.06	14.74	15.06	2599000
2006-05-04	14.99	15.11	14.79	14.85	3228400
2006-05-05	15.38	15.41	14.98	15.02	4399800
2006-05-08	15.22	15.35	15.19	15.32	2915200
2006-05-09	15.31	15.40	15.11	15.15	3867000
2006-05-10	15.53	15.56	15.32	15.34	3905000
2006-05-11	15.47	15.51	15.41	15.46	2534200
2006-05-12	14.94	15.20	14.90	15.19	4689400
2006-05-15	15.37	15.43	14.91	14.94	4855400
2006-05-16	15.34	15.57	15.27	15.52	2806800
2006-05-17	15.03	15.32	14.99	15.31	3996200
2006-05-18	14.84	15.07	14.78	14.78	3348000
2006-05-19	14.87	14.91	14.78	14.89	4188600
2006-05-22	14.81	14.92	14.78	14.81	3286200
2006-05-23	14.69	14.88	14.68	14.81	2637800
2006-05-24	14.77	14.86	14.67	14.68	3098200
2006-05-25	14.85	14.91	14.79	14.82	1955200
2006-05-26	14.82	14.88	14.78	14.88	2332400
2006-05-30	14.60	14.81	14.58	14.81	2656400
2006-05-31	14.82	14.82	14.57	14.60	4254400
2006-06-01	14.94	14.94	14.74	14.82	2343000
2006-06-02	14.97	15.04	14.86	15.04	2419600
2006-06-05	14.86	14.97	14.83	14.91	3330600
2006-06-06	14.85	14.88	14.76	14.86	3261400
2006-06-07	14.91	15.00	14.79	14.85	2623000
2006-06-08	14.97	15.01	14.83	14.91	4214600
2006-06-09	14.99	15.06	14.89	14.97	2130200
2006-06-12	14.89	15.01	14.89	14.99	2031800
2006-06-13	14.85	14.94	14.81	14.88	3538800
2006-06-14	14.61	14.81	14.39	14.79	4281000
2006-06-15	14.96	14.99	14.58	14.59	3116000
2006-06-16	14.72	14.98	14.66	14.91	2916000
2006-06-19	14.67	14.82	14.65	14.73	2266600
2006-06-20	14.56	14.75	14.55	14.68	1879800
2006-06-21	14.60	14.63	14.44	14.53	4082200
2006-06-22	14.54	14.60	14.42	14.60	2874000
2006-06-23	14.36	14.52	14.32	14.47	2236800
2006-06-26	14.42	14.45	14.35	14.39	2408400
2006-06-27	14.43	14.47	14.38	14.43	2084400
2006-06-28	14.43	14.50	14.36	14.43	1960000
2006-06-29	14.68	14.76	14.42	14.44	5724200
2006-06-30	14.68	14.76	14.61	14.68	3068400
2006-07-03	14.83	14.84	14.66	14.79	1023200
2006-07-05	14.63	14.83	14.57	14.83	3373200
2006-07-06	14.60	14.67	14.54	14.63	2141600
2006-07-07	14.55	14.63	14.50	14.60	2837800
2006-07-10	14.57	14.63	14.50	14.61	1718600
2006-07-11	14.53	14.63	14.42	14.59	2528800
2006-07-12	14.44	14.59	14.35	14.54	2050800
2006-07-13	14.33	14.48	14.30	14.48	2659200
2006-07-14	14.12	14.29	14.09	14.29	2511400
2006-07-17	14.15	14.24	14.11	14.13	1431000
2006-07-18	14.07	14.19	13.97	14.14	2957800
2006-07-19	14.35	14.41	14.10	14.13	2968000
2006-07-20	14.34	14.49	14.29	14.32	2247800
2006-07-21	14.23	14.38	14.18	14.38	3218200
2006-07-24	14.22	14.30	14.15	14.23	2467200
2006-07-25	14.30	14.39	14.02	14.13	4126800
2006-07-26	13.75	14.02	13.19	13.52	16189000
2006-07-27	13.82	14.00	13.73	13.85	7518600
2006-07-28	13.99	14.03	13.80	13.87	6559000
2006-07-31	13.98	14.04	13.89	13.94	7637000
2006-08-01	13.94	13.97	13.84	13.89	7341600
2006-08-02	13.68	13.96	13.68	13.89	10411000
2006-08-03	13.67	13.77	13.65	13.69	6171200
2006-08-04	13.74	13.91	13.69	13.79	5865600
2006-08-07	13.71	13.80	13.68	13.78	2937200
2006-08-08	13.53	13.79	13.50	13.75	3793000
2006-08-09	13.45	13.63	13.43	13.62	3473600
2006-08-10	13.66	13.69	13.46	13.47	3397800
2006-08-11	13.69	13.75	13.63	13.64	2667600
2006-08-14	13.59	13.87	13.58	13.78	3900400
2006-08-15	13.68	13.73	13.59	13.68	5499600
2006-08-16	13.76	13.82	13.69	13.73	3234800
2006-08-17	13.83	13.84	13.70	13.76	2393800
2006-08-18	13.76	13.85	13.73	13.83	2807000
2006-08-21	13.74	13.80	13.69	13.72	1657800
2006-08-22	13.65	13.74	13.62	13.74	2545200
2006-08-23	13.68	13.71	13.65	13.69	3208400
2006-08-24	13.84	13.85	13.71	13.73	2650400
2006-08-25	13.90	13.92	13.79	13.84	3006600
2006-08-28	14.09	14.12	13.96	13.98	2968000
2006-08-29	14.16	14.18	14.11	14.17	4345600
2006-08-30	14.26	14.26	14.12	14.19	2469600
2006-08-31	14.32	14.33	14.25	14.29	2785400
2006-09-01	14.21	14.44	14.18	14.43	3101400
2006-09-05	14.19	14.25	14.14	14.23	4952200
2006-09-06	14.39	14.53	14.36	14.50	7330000
2006-09-07	14.20	14.39	14.18	14.39	5146400
2006-09-08	14.16	14.30	14.16	14.24	3001000
2006-09-11	14.28	14.30	14.08	14.17	4783600
2006-09-12	14.59	14.71	14.31	14.33	5434600
2006-09-13	14.56	14.64	14.46	14.62	2678000
2006-09-14	14.22	14.57	14.20	14.56	4117200
2006-09-15	14.26	14.33	14.24	14.29	4872000
2006-09-18	14.10	14.32	14.10	14.27	2921000
2006-09-19	14.03	14.14	13.98	14.14	3318400
2006-09-20	14.42	14.51	14.03	14.03	6849800
2006-09-21	14.41	14.51	14.35	14.46	4478400
2006-09-22	14.37	14.48	14.33	14.41	2670600
2006-09-25	14.41	14.46	14.30	14.41	3871600
2006-09-26	14.46	14.60	14.38	14.51	3786000
2006-09-27	14.45	14.59	14.40	14.46	3685600
2006-09-28	14.62	14.63	14.45	14.46	2711600
2006-09-29	14.54	14.61	14.49	14.59	2804000
2006-10-02	14.46	14.50	14.39	14.49	1832000
2006-10-03	14.35	14.47	14.30	14.42	3948200
2006-10-04	14.52	14.52	14.31	14.31	2463200
2006-10-05	14.47	14.53	14.45	14.50	2123600
2006-10-06	14.57	14.58	14.44	14.48	3410000
2006-10-09	14.51	14.60	14.49	14.60	1588600
2006-10-10	14.48	14.51	14.37	14.50	2674800
2006-10-11	14.55	14.60	14.43	14.48	2636400
2006-10-12	14.42	14.59	14.41	14.59	2011200
2006-10-13	14.39	14.46	14.35	14.38	1894800
2006-10-16	14.34	14.41	14.31	14.38	1622800
2006-10-17	14.35	14.35	14.25	14.28	2275000
2006-10-18	14.36	14.52	14.33	14.41	3116800
2006-10-19	14.27	14.33	14.20	14.33	1994400
2006-10-20	14.37	14.38	14.21	14.31	3218200
2006-10-23	14.32	14.40	14.31	14.33	3332000
2006-10-24	14.17	14.34	14.14	14.30	4413600
2006-10-25	13.87	14.06	13.50	13.66	12571800
2006-10-26	14.35	14.37	13.87	13.87	7797400
2006-10-27	14.32	14.36	14.26	14.30	5328400
2006-10-30	14.43	14.49	14.32	14.36	4216000
2006-10-31	14.27	14.43	14.17	14.41	4811800
2006-11-01	14.30	14.39	14.25	14.31	3950400
2006-11-02	14.35	14.38	14.25	14.26	3609600
2006-11-03	14.22	14.42	14.16	14.42	2877400
2006-11-06	14.26	14.30	14.19	14.26	1920800
2006-11-07	14.32	14.39	14.24	14.31	3047600
2006-11-08	14.32	14.34	14.26	14.28	1844800
2006-11-09	14.24	14.35	14.23	14.32	2298600
2006-11-10	14.12	14.26	14.10	14.19	3461000
2006-11-13	14.09	14.15	14.07	14.10	4910200
2006-11-14	14.15	14.19	14.00	14.05	5828200
2006-11-15	14.12	14.19	14.06	14.13	8577600
2006-11-16	14.18	14.24	14.14	14.14	4746800
2006-11-17	14.18	14.22	14.08	14.18	4392000
2006-11-20	14.09	14.19	14.05	14.14	3845200
2006-11-21	14.15	14.15	14.09	14.14	4684800
2006-11-22	14.21	14.34	14.16	14.18	2676800
2006-11-24	14.13	14.19	14.07	14.12	1021200
2006-11-27	14.05	14.08	14.00	14.07	4082800
2006-11-28	14.05	14.10	13.94	14.00	3558800
2006-11-29	14.06	14.16	13.97	14.05	3561200
2006-11-30	14.07	14.12	14.00	14.09	2995600
2006-12-01	13.95	14.10	13.82	14.07	3779400
2006-12-04	14.02	14.08	13.97	14.03	3847600
2006-12-05	14.10	14.12	14.02	14.02	5394000
2006-12-06	14.25	14.26	14.11	14.15	4032400
2006-12-07	14.11	14.33	14.10	14.29	2877400
2006-12-08	14.11	14.14	14.04	14.08	3932000
2006-12-11	14.15	14.23	14.11	14.12	2109600
2006-12-12	14.15	14.20	14.11	14.15	7355600
2006-12-13	14.16	14.19	14.12	14.15	2467600
2006-12-14	14.32	14.32	14.12	14.16	2674600
2006-12-15	14.35	14.42	14.29	14.34	5622000
2006-12-18	14.43	14.47	14.36	14.41	4236400
2006-12-19	14.55	14.55	14.39	14.44	4286200
2006-12-20	14.60	14.64	14.51	14.56	3053200
2006-12-21	14.60	14.71	14.56	14.65	3147600
2006-12-22	14.51	14.68	14.48	14.60	2054000
2006-12-26	14.62	14.63	14.48	14.51	1633000
2006-12-27	14.60	14.70	14.54	14.66	2631600
2006-12-28	14.65	14.69	14.56	14.56	1731800
2006-12-29	14.67	14.73	14.64	14.67	2210200
2007-01-03	14.75	14.89	14.67	14.67	5410800
2007-01-04	14.58	14.75	14.58	14.75	3725800
2007-01-05	14.60	14.63	14.51	14.55	2708800
2007-01-08	14.61	14.63	14.55	14.58	3250000
2007-01-09	14.67	14.68	14.60	14.66	3379600
2007-01-10	14.84	14.85	14.63	14.66	4044800
2007-01-11	15.29	15.37	14.93	14.99	9043400
2007-01-12	15.43	15.44	15.12	15.12	4329000
2007-01-16	15.49	15.53	15.43	15.50	4658400
2007-01-17	15.32	15.45	15.27	15.44	7097200
2007-01-18	15.28	15.40	15.27	15.40	3538200
2007-01-19	15.23	15.32	15.14	15.27	3575800
2007-01-22	15.15	15.24	15.12	15.17	2919000
2007-01-23	15.18	15.22	15.09	15.18	2254200
2007-01-24	15.20	15.23	15.15	15.22	2723400
2007-01-25	14.94	15.16	14.93	15.14	3578600
2007-01-26	14.97	15.03	14.84	14.95	2814000
2007-01-29	15.00	15.12	14.93	14.97	3212200
2007-01-30	15.11	15.13	14.93	14.99	4411400
2007-01-31	15.18	15.31	14.92	15.07	8297800
2007-02-01	15.46	15.46	15.15	15.18	4811400
2007-02-02	15.53	15.53	15.41	15.49	4418600
2007-02-05	15.39	15.46	15.36	15.46	3393200
2007-02-06	15.57	15.61	15.40	15.40	3146000
2007-02-07	15.71	15.74	15.53	15.55	3774000
2007-02-08	15.33	15.63	15.33	15.63	5575600
2007-02-09	15.21	15.47	15.15	15.38	4317000
2007-02-12	15.26	15.37	15.22	15.28	4422600
2007-02-13	15.25	15.32	15.18	15.26	3375800
2007-02-14	15.33	15.37	15.25	15.35	4000400
2007-02-15	15.34	15.38	15.25	15.36	3199600
2007-02-16	15.36	15.40	15.30	15.31	2922600
2007-02-20	15.50	15.55	15.29	15.36	2046400
2007-02-21	15.33	15.50	15.33	15.50	3367600
2007-02-22	15.54	15.56	15.36	15.36	3543400
2007-02-23	15.55	15.58	15.50	15.56	3107200
2007-02-26	15.70	15.70	15.50	15.55	4867400
2007-02-27	15.12	15.65	15.00	15.65	7312200
2007-02-28	15.12	15.26	15.06	15.13	5126600
2007-03-01	15.06	15.15	14.85	14.88	4670600
2007-03-02	14.95	15.09	14.93	15.07	3381400
2007-03-05	14.88	15.00	14.79	14.88	4286800
2007-03-06	14.90	14.93	14.79	14.92	5682400
2007-03-07	14.81	14.92	14.81	14.85	3450000
2007-03-08	14.83	14.88	14.76	14.86	4685600
2007-03-09	14.80	14.97	14.74	14.96	4423800
2007-03-12	15.01	15.03	14.79	14.79	4493200
2007-03-13	14.61	14.93	14.53	14.90	4683400
2007-03-14	14.69	14.70	14.46	14.61	3620800
2007-03-15	14.72	14.77	14.63	14.65	4397000
2007-03-16	14.66	14.73	14.56	14.70	4656000
2007-03-19	14.81	14.84	14.63	14.63	3166600
2007-03-20	14.94	15.02	14.81	14.86	2582200
2007-03-21	15.31	15.33	14.99	15.09	3671600
2007-03-22	15.26	15.58	15.05	15.05	2865200
2007-03-23	15.25	15.31	15.18	15.26	2124600
2007-03-26	15.22	15.24	15.07	15.24	2069600
2007-03-27	15.06	15.19	15.06	15.19	2487600
2007-03-28	14.96	15.06	14.95	15.04	2665400
2007-03-29	15.02	15.11	14.94	15.04	2123000
2007-03-30	15.06	15.12	14.91	15.04	3156200
2007-04-02	15.15	15.16	15.04	15.11	2679600
2007-04-03	15.25	15.32	15.20	15.21	2612400
2007-04-04	15.36	15.38	15.14	15.25	2971400
2007-04-05	15.34	15.37	15.28	15.36	1399400
2007-04-09	15.41	15.42	15.35	15.36	1656000
2007-04-10	15.41	15.47	15.36	15.44	1190600
2007-04-11	15.29	15.42	15.25	15.38	1949400
2007-04-12	15.28	15.29	15.15	15.25	2558200
2007-04-13	15.29	15.31	15.11	15.28	4780600
2007-04-16	15.50	15.53	15.13	15.13	2835800
2007-04-17	15.56	15.63	15.48	15.50	2824400
2007-04-18	15.65	15.68	15.49	15.50	2877600
2007-04-19	15.58	15.68	15.56	15.61	2671000
2007-04-20	15.72	15.84	15.63	15.82	4364600
2007-04-23	15.66	15.84	15.66	15.84	2735400
2007-04-24	15.75	15.88	15.62	15.68	3984400
2007-04-25	16.47	17.28	16.01	16.18	12125200
2007-04-26	16.38	16.47	16.23	16.47	5444400
2007-04-27	16.40	16.40	16.29	16.36	3729600
2007-04-30	16.43	16.55	16.31	16.41	5852800
2007-05-01	16.47	16.50	16.35	16.47	3979800
2007-05-02	16.65	16.72	16.44	16.46	4334400
2007-05-03	16.94	17.03	16.65	16.65	5795800
2007-05-04	16.86	16.99	16.78	16.97	3340200
2007-05-07	16.93	16.99	16.89	16.93	1571800
2007-05-08	16.90	16.93	16.83	16.91	2181600
2007-05-09	16.87	16.92	16.69	16.90	2643000
2007-05-10	16.64	16.86	16.64	16.77	3040400
2007-05-11	16.67	16.72	16.61	16.69	5504800
2007-05-14	16.81	16.86	16.64	16.67	4154600
2007-05-15	16.68	16.92	16.67	16.87	3715000
2007-05-16	16.75	16.78	16.68	16.71	2374800
2007-05-17	16.63	16.73	16.61	16.71	2425400
2007-05-18	16.65	16.74	16.62	16.66	2483600
2007-05-21	16.64	16.66	16.49	16.65	2793200
2007-05-22	16.76	16.79	16.60	16.63	3092400
2007-05-23	16.70	16.85	16.67	16.85	3157200
2007-05-24	16.70	16.81	16.62	16.80	4711200
2007-05-25	16.81	16.84	16.73	16.73	3635200
2007-05-29	16.75	16.79	16.64	16.77	6794000
2007-05-30	16.95	16.96	16.60	16.71	7025600
2007-05-31	16.99	17.02	16.89	16.95	4070400
2007-06-01	17.04	17.06	16.96	16.99	3184400
2007-06-04	17.01	17.03	16.77	16.79	3322800
2007-06-05	16.96	17.02	16.75	16.75	5680200
2007-06-06	16.90	17.00	16.88	16.96	3602200
2007-06-07	16.78	16.90	16.77	16.89	5774000
2007-06-08	16.81	16.85	16.66	16.76	5712800
2007-06-11	17.22	17.34	16.90	16.96	7218000
2007-06-12	17.00	17.19	16.98	17.16	4471600
2007-06-13	17.06	17.07	16.85	17.01	3319400
2007-06-14	16.97	17.12	16.91	17.06	3317200
2007-06-15	16.95	17.09	16.92	16.97	5015800
2007-06-18	16.95	17.00	16.91	17.00	2458400
2007-06-19	17.05	17.06	16.87	16.90	3857400
2007-06-20	16.91	17.27	16.89	17.10	3225000
2007-06-21	17.09	17.15	16.72	16.91	4621400
2007-06-22	16.93	17.20	16.92	17.05	6217600
2007-06-25	16.68	17.08	16.61	16.91	4172600
2007-06-26	16.64	16.87	16.61	16.72	3121200
2007-06-27	16.80	16.81	16.41	16.65	3593800
2007-06-28	16.70	16.81	16.58	16.76	2727000
2007-06-29	16.52	16.77	16.44	16.74	3510600
2007-07-02	16.74	16.79	16.57	16.57	2899000
2007-07-03	16.79	16.84	16.69	16.75	1719400
2007-07-05	16.63	16.75	16.56	16.72	2488600
2007-07-06	16.77	16.79	16.59	16.66	2663800
2007-07-09	16.61	16.86	16.59	16.75	2831400
2007-07-10	16.29	16.60	16.29	16.60	4423400
2007-07-11	16.47	16.48	16.22	16.26	3179000
2007-07-12	16.81	16.81	16.47	16.53	3227600
2007-07-13	16.86	16.94	16.76	16.84	4770200
2007-07-16	16.84	16.86	16.72	16.79	3197000
2007-07-17	16.90	16.95	16.76	16.78	3989600
2007-07-18	16.74	16.90	16.52	16.90	5263400
2007-07-19	16.82	16.87	16.73	16.79	2774200
2007-07-20	16.47	16.81	16.39	16.80	4373600
2007-07-23	16.91	17.03	16.74	16.79	6321800
2007-07-24	16.68	17.17	16.66	16.77	6422000
2007-07-25	18.06	18.30	16.68	17.22	20333000
2007-07-26	17.13	17.87	17.02	17.49	10616600
2007-07-27	16.99	17.29	16.99	17.16	7430800
2007-07-30	17.08	17.29	16.82	16.82	6173400
2007-07-31	16.75	17.35	16.75	17.08	5892800
2007-08-01	17.02	17.06	16.39	16.72	7471600
2007-08-02	17.01	17.29	16.92	16.99	4912600
2007-08-03	16.51	17.05	16.43	17.03	6472400
2007-08-06	17.77	17.77	16.50	16.67	9444000
2007-08-07	17.93	18.04	17.40	17.57	10021200
2007-08-08	18.29	18.46	17.96	18.10	8090400
2007-08-09	17.92	18.32	17.61	17.61	13117400
2007-08-10	17.32	17.80	17.06	17.43	11201200
2007-08-13	17.25	17.41	17.17	17.32	6663200
2007-08-14	16.90	17.48	16.90	17.30	6052600
2007-08-15	16.69	17.14	16.67	16.90	7063200
2007-08-16	16.63	16.95	16.19	16.22	8891600
2007-08-17	17.14	17.52	16.68	17.49	6713800
2007-08-20	17.08	17.33	16.83	17.23	3624200
2007-08-21	16.84	17.37	16.78	17.05	7222600
2007-08-22	17.19	17.29	16.78	17.01	7679400
2007-08-23	17.25	17.42	17.06	17.17	3053000
2007-08-24	17.51	17.55	17.14	17.14	3085000
2007-08-27	17.25	17.47	17.24	17.43	2532200
2007-08-28	16.81	17.21	16.81	17.15	3450400
2007-08-29	17.29	17.29	16.81	16.89	3244400
2007-08-30	17.11	17.29	17.03	17.15	3295800
2007-08-31	17.20	17.45	17.13	17.32	2563400
2007-09-04	17.24	17.32	17.08	17.19	4251200
2007-09-05	17.32	17.42	17.02	17.04	3295200
2007-09-06	17.37	17.52	17.23	17.33	4185600
2007-09-07	17.13	17.31	16.92	17.08	3353200
2007-09-10	17.20	17.37	16.92	17.24	2958000
2007-09-11	17.46	17.55	17.30	17.33	3125600
2007-09-12	17.53	17.64	17.32	17.40	2575600
2007-09-13	17.89	18.02	17.66	17.69	3525400
2007-09-14	17.49	17.83	17.40	17.67	4075600
2007-09-17	17.26	17.49	17.20	17.45	4474000
2007-09-18	18.09	18.13	17.29	17.38	5546800
2007-09-19	18.04	18.31	17.90	18.17	3520800
2007-09-20	17.85	18.02	17.80	17.97	2645200
2007-09-21	17.81	18.05	17.79	17.91	4020600
2007-09-24	17.68	18.00	17.63	17.95	2672600
2007-09-25	18.05	18.08	17.56	17.63	4232400
2007-09-26	18.36	18.47	18.10	18.13	5657800
2007-09-27	18.32	18.50	18.19	18.44	4512600
2007-09-28	18.40	18.46	18.26	18.32	4890600
2007-10-01	18.79	18.92	18.48	18.53	5244600
2007-10-02	18.46	18.86	18.34	18.81	3819000
2007-10-03	18.22	18.45	18.14	18.32	3264400
2007-10-04	18.53	18.61	18.31	18.32	3623600
2007-10-05	18.66	18.79	18.32	18.32	3656600
2007-10-08	18.57	18.64	18.49	18.61	1216000
2007-10-09	18.82	18.86	18.63	18.65	3043200
2007-10-10	18.77	18.82	18.61	18.82	2410400
2007-10-11	18.59	19.00	18.46	18.80	3736400
2007-10-12	18.66	18.76	18.49	18.49	2087200
2007-10-15	18.65	18.82	18.48	18.72	3471400
2007-10-16	18.47	18.72	18.40	18.62	2842400
2007-10-17	18.58	18.81	18.32	18.64	3984200
2007-10-18	18.68	18.78	18.41	18.51	2261600
2007-10-19	18.28	18.64	18.26	18.62	4611600
2007-10-22	18.78	18.83	18.18	18.22	4965000
2007-10-23	19.07	19.12	18.69	18.83	4803400
2007-10-24	19.91	19.97	18.65	19.03	12320600
2007-10-25	19.92	20.00	19.48	19.72	6071400
2007-10-26	19.96	20.17	19.84	20.08	5875600
2007-10-29	20.06	20.13	20.00	20.12	5869400
2007-10-30	20.01	20.15	19.89	19.94	4586800
2007-10-31	20.25	20.30	19.83	19.94	6294200
2007-11-01	20.04	20.40	19.96	20.16	6026600
2007-11-02	20.11	20.23	19.64	19.92	6242000
2007-11-05	20.05	20.23	19.76	19.76	7191400
2007-11-06	20.29	20.31	19.80	20.07	3729400
2007-11-07	19.70	20.28	19.68	20.28	4689800
2007-11-08	19.44	20.05	19.05	19.80	10504600
2007-11-09	19.08	19.38	19.01	19.22	7019400
2007-11-12	18.62	18.99	18.55	18.89	6548200
2007-11-13	19.03	19.06	18.66	18.82	4821600
2007-11-14	18.96	19.31	18.93	19.17	4464000
2007-11-15	18.50	19.00	18.32	18.93	6189200
2007-11-16	19.64	19.64	18.81	18.88	9310200
2007-11-19	19.75	19.78	19.39	19.55	10486200
2007-11-20	19.79	20.12	19.47	19.82	6343000
2007-11-21	19.37	19.75	19.25	19.59	4844400
2007-11-23	20.01	20.18	19.46	19.46	2610000
2007-11-26	19.03	20.06	18.97	20.02	5481400
2007-11-27	19.46	19.46	18.99	19.16	5515200
2007-11-28	20.12	20.25	19.57	19.57	7049400
2007-11-29	20.04	20.13	19.70	20.09	3730800
2007-11-30	20.28	20.44	20.08	20.24	4590400
2007-12-03	20.31	20.69	20.21	20.52	4613000
2007-12-04	19.92	20.43	19.90	20.24	4483600
2007-12-05	20.22	20.37	20.00	20.07	2763800
2007-12-06	20.29	20.35	20.00	20.21	3191200
2007-12-07	19.97	20.38	19.93	20.29	3740600
2007-12-10	20.23	20.35	19.99	19.99	3649400
2007-12-11	19.54	20.42	19.44	20.30	6239400
2007-12-12	19.77	20.32	19.45	19.90	5003800
2007-12-13	20.01	20.05	19.50	19.63	4544000
2007-12-14	19.48	19.95	19.46	19.91	4261400
2007-12-17	19.27	19.55	19.27	19.43	3018400
2007-12-18	19.54	19.64	19.19	19.56	4158800
2007-12-19	19.70	19.89	19.49	19.67	3333600
2007-12-20	19.64	19.89	19.42	19.81	3743600
2007-12-21	20.16	20.17	19.78	19.91	5471200
2007-12-24	20.24	20.40	19.92	20.38	1488800
2007-12-26	20.32	20.41	20.08	20.37	1768400
2007-12-27	20.12	20.36	20.04	20.34	2677600
2007-12-28	20.23	20.41	20.20	20.30	2459400
2007-12-31	20.28	20.43	20.17	20.20	2559800
2008-01-02	20.06	20.30	19.92	20.22	4749800
2008-01-03	20.32	20.68	20.14	20.18	5150400
2008-01-04	20.19	20.49	20.11	20.26	4191800
2008-01-07	20.52	20.72	20.24	20.27	4930600
2008-01-08	20.62	20.79	20.44	20.66	9368000
2008-01-09	21.22	21.22	20.60	20.68	8275200
2008-01-10	21.14	21.69	20.94	21.09	10237000
2008-01-11	21.13	21.30	20.78	21.11	6897400
2008-01-14	20.94	21.27	20.67	21.27	5424000
2008-01-15	20.61	20.85	20.48	20.65	6609400
2008-01-16	20.67	20.99	20.40	20.47	6585200
2008-01-17	20.14	20.72	20.07	20.70	7946800
2008-01-18	19.29	20.33	19.12	20.27	13127000
2008-01-22	19.85	20.06	18.37	18.59	11397800
2008-01-23	20.26	20.28	18.92	19.30	10760800
2008-01-24	20.02	20.38	19.88	20.38	6988600
2008-01-25	19.71	20.33	19.62	20.25	5965600
2008-01-28	20.20	20.22	19.50	19.78	4796000
2008-01-29	20.15	20.48	19.82	20.39	6733800
2008-01-30	19.69	20.54	19.54	20.30	8862600
2008-01-31	19.78	20.09	18.84	19.26	12100400
2008-02-01	19.65	20.05	19.18	19.90	9239600
2008-02-04	19.61	19.71	19.32	19.64	5849400
2008-02-05	19.05	19.35	19.01	19.26	7864000
2008-02-06	19.01	19.45	18.97	19.15	6154400
2008-02-07	19.40	19.42	18.86	18.93	7611000
2008-02-08	19.42	19.52	19.07	19.34	7843000
2008-02-11	19.26	19.49	19.07	19.46	6641800
2008-02-12	20.01	20.18	19.34	19.34	7924400
2008-02-13	20.16	20.23	19.61	19.61	5303200
2008-02-14	20.13	20.36	20.00	20.21	5359400
2008-02-15	20.21	20.26	19.81	20.17	4165000
2008-02-19	20.36	20.56	20.11	20.43	4659800
2008-02-20	20.65	20.70	20.04	20.22	5831800
2008-02-21	20.50	20.78	20.42	20.68	5309200
2008-02-22	20.54	20.68	20.11	20.54	6202800
2008-02-25	20.81	20.94	20.31	20.54	5587000
2008-02-26	20.90	21.12	20.65	20.75	5832000
2008-02-27	21.03	21.12	20.74	20.82	5710000
2008-02-28	20.74	20.96	20.57	20.92	4806400
2008-02-29	20.28	20.56	20.21	20.55	5803800
2008-03-03	20.17	20.30	19.91	20.30	4474600
2008-03-04	20.37	20.50	19.94	19.94	8314200
2008-03-05	20.47	20.93	20.18	20.32	7151200
2008-03-06	20.31	20.52	20.25	20.41	6573000
2008-03-07	20.05	20.42	19.95	20.11	7580000
2008-03-10	19.65	20.14	19.51	20.11	10671800
2008-03-11	20.16	20.27	19.60	20.05	10218400
2008-03-12	19.99	20.35	19.97	20.24	6629400
2008-03-13	20.10	20.29	19.66	19.68	5430800
2008-03-14	19.89	20.25	19.65	20.21	9080200
2008-03-17	20.00	20.25	19.44	19.50	10210400
2008-03-18	20.78	20.78	20.29	20.34	9656000
2008-03-19	20.74	21.12	20.73	20.83	14961200
2008-03-20	20.85	21.01	20.63	20.74	13876200
2008-03-24	20.78	21.12	20.62	20.97	6296600
2008-03-25	20.97	21.11	20.65	20.83	5946000
2008-03-26	20.85	21.12	20.74	20.90	6041200
2008-03-27	20.76	21.08	20.72	20.94	5472400
2008-03-28	20.90	21.08	20.69	20.89	5950200
2008-03-31	21.11	21.22	20.72	20.90	7227800
2008-04-01	21.72	21.76	21.24	21.24	7358600
2008-04-02	21.46	21.67	21.29	21.29	9700400
2008-04-03	21.21	21.41	20.96	20.96	9231800
2008-04-04	21.16	21.36	21.06	21.20	6352200
2008-04-07	21.24	21.51	21.17	21.35	5272400
2008-04-08	21.47	21.55	21.13	21.14	7172000
2008-04-09	21.56	21.64	21.26	21.36	6099200
2008-04-10	21.58	21.86	21.42	21.64	5586800
2008-04-11	21.52	21.73	21.30	21.30	3960000
2008-04-14	21.40	21.71	21.31	21.55	4013200
2008-04-15	21.61	21.75	21.36	21.59	3757200
2008-04-16	22.03	22.04	21.69	21.84	4035800
2008-04-17	21.90	22.07	21.73	22.01	5524400
2008-04-18	22.06	22.36	21.92	22.31	6466800
2008-04-21	21.83	22.06	21.68	22.00	3871400
2008-04-22	21.39	21.82	21.32	21.78	6076400
2008-04-23	21.15	21.39	20.98	21.37	8385400
2008-04-24	21.99	22.16	21.53	21.53	8409200
2008-04-25	22.01	22.07	21.83	22.06	4757000
2008-04-28	22.17	22.36	21.95	21.95	5367000
2008-04-29	21.83	22.00	21.59	21.98	5927800
2008-04-30	21.67	21.94	21.54	21.91	6445000
2008-05-01	21.84	21.97	21.56	21.68	5324400
2008-05-02	21.82	22.16	21.65	22.01	4359000
2008-05-05	21.73	21.88	21.59	21.85	5302400
2008-05-06	21.77	21.83	21.33	21.62	7074800
2008-05-07	21.45	21.98	21.42	21.83	12279000
2008-05-08	21.40	21.65	21.32	21.58	4070200
2008-05-09	21.35	21.66	21.13	21.29	2537400
2008-05-12	21.77	21.79	21.36	21.40	2734600
2008-05-13	21.52	21.86	21.52	21.86	4045800
2008-05-14	21.61	21.83	21.52	21.66	5926400
2008-05-15	21.93	21.93	21.53	21.67	6065400
2008-05-16	21.93	22.07	21.78	22.01	4871400
2008-05-19	22.00	22.25	21.90	22.04	3010200
2008-05-20	21.89	21.98	21.81	21.81	4380800
2008-05-21	21.67	22.09	21.64	21.87	5452000
2008-05-22	21.96	21.99	21.62	21.66	3813600
2008-05-23	21.58	21.90	21.58	21.90	3537400
2008-05-27	21.73	21.82	21.57	21.63	3950200
2008-05-28	21.74	21.93	21.50	21.83	3471000
2008-05-29	22.00	22.05	21.69	21.74	2981400
2008-05-30	21.89	22.11	21.77	22.11	4849800
2008-06-02	21.54	21.91	21.42	21.85	3812200
2008-06-03	21.61	21.82	21.28	21.66	5155600
2008-06-04	21.63	21.80	21.51	21.58	4724000
2008-06-05	22.05	22.10	21.55	21.66	4933800
2008-06-06	21.34	21.95	21.29	21.83	5925600
2008-06-09	21.51	21.64	21.29	21.36	4936200
2008-06-10	21.57	21.73	21.31	21.31	4340600
2008-06-11	21.49	21.71	21.40	21.44	5965600
2008-06-12	21.69	21.85	21.48	21.64	5477200
2008-06-13	21.99	21.99	21.58	21.80	5454200
2008-06-16	22.01	22.04	21.66	21.88	4297800
2008-06-17	21.50	22.08	21.50	22.08	7414000
2008-06-18	21.50	21.69	21.32	21.34	4300800
2008-06-19	21.72	21.85	21.41	21.47	4778200
2008-06-20	21.36	21.68	21.30	21.53	5846000
2008-06-23	21.03	21.53	21.03	21.48	4697400
2008-06-24	20.83	21.14	20.68	20.98	6113800
2008-06-25	20.83	21.13	20.66	20.80	5819800
2008-06-26	20.49	21.10	20.47	20.76	6648600
2008-06-27	20.56	20.82	20.39	20.55	6817800
2008-06-30	20.48	20.71	20.42	20.56	7571200
2008-07-01	20.52	20.67	20.25	20.38	7046400
2008-07-02	20.33	20.75	20.33	20.56	4811000
2008-07-03	20.35	20.66	20.30	20.47	2959200
2008-07-07	20.10	20.70	20.04	20.41	5542200
2008-07-08	20.49	20.53	19.93	20.16	7572400
2008-07-09	19.92	20.58	19.87	20.49	6563200
2008-07-10	20.01	20.29	19.78	19.90	6091000
2008-07-11	19.80	20.18	19.60	19.82	6908000
2008-07-14	19.62	20.12	19.55	20.00	5414600
2008-07-15	18.91	19.58	18.69	19.58	11195400
2008-07-16	19.41	19.46	18.70	18.97	8328400
2008-07-17	19.51	20.11	19.22	19.97	10122000
2008-07-18	19.70	20.01	19.25	19.65	8038400
2008-07-21	19.37	19.69	19.15	19.69	6313600
2008-07-22	19.75	19.83	19.05	19.27	8820000
2008-07-23	19.67	19.93	19.38	19.93	9011200
2008-07-24	17.31	18.72	17.25	18.72	31942200
2008-07-25	17.91	18.21	17.51	17.58	14959000
2008-07-28	17.69	18.36	17.61	18.04	8264400
2008-07-29	18.17	18.19	17.69	17.93	12344800
2008-07-30	18.02	18.63	17.89	18.52	10843000
2008-07-31	18.14	18.37	17.91	17.91	9366000
2008-08-01	17.94	18.22	17.79	18.18	7222200
2008-08-04	17.80	18.09	17.70	17.88	8158200
2008-08-05	18.08	18.19	17.66	17.94	10415400
2008-08-06	17.67	18.11	17.47	18.05	9962400
2008-08-07	17.61	17.93	17.38	17.60	12096200
2008-08-08	18.13	18.26	17.54	17.64	9119800
2008-08-11	18.28	18.56	17.94	18.13	8323200
2008-08-12	18.17	18.34	17.97	18.18	6364400
2008-08-13	17.92	18.19	17.77	18.12	6881400
2008-08-14	17.89	18.08	17.71	17.94	5957400
2008-08-15	18.04	18.18	17.80	17.99	6858800
2008-08-18	17.97	18.24	17.88	18.12	5936800
2008-08-19	17.80	17.87	17.61	17.84	6287400
2008-08-20	17.77	17.88	17.43	17.82	4945200
2008-08-21	17.85	17.99	17.54	17.62	4936400
2008-08-22	18.11	18.16	17.85	17.97	4450800
2008-08-25	17.74	18.05	17.72	17.92	3624000
2008-08-26	17.56	17.80	17.42	17.74	5030400
2008-08-27	18.42	18.49	17.65	17.71	9952800
2008-08-28	18.82	18.84	18.35	18.57	8130800
2008-08-29	18.57	18.96	18.51	18.68	5316600
2008-09-02	18.83	19.16	18.58	18.84	6562600
2008-09-03	18.98	19.00	18.50	18.72	9635000
2008-09-04	18.49	18.87	18.46	18.78	9615000
2008-09-05	18.89	18.92	18.26	18.35	7571000
2008-09-08	18.88	20.16	18.05	19.59	13212800
2008-09-09	18.37	19.05	18.08	18.77	9142800
2008-09-10	18.67	18.92	18.18	18.50	7473200
2008-09-11	19.03	19.08	18.09	18.22	9938600
2008-09-12	19.20	19.28	18.73	18.75	9828800
2008-09-15	18.58	19.48	18.45	18.56	15314800
2008-09-16	19.13	19.15	18.29	18.43	13655400
2008-09-17	18.49	19.40	18.28	19.00	14798600
2008-09-18	21.05	21.05	18.51	18.76	17826400
2008-09-19	20.83	22.27	19.34	21.80	14015400
2008-09-22	19.79	21.50	19.57	21.36	5104400
2008-09-23	19.93	20.63	19.43	19.68	4216800
2008-09-24	20.18	20.70	19.65	20.42	4975800
2008-09-25	19.78	20.83	19.78	20.70	5755000
2008-09-26	19.61	20.02	19.47	19.65	5165000
2008-09-29	16.79	19.95	16.79	19.85	8729600
2008-09-30	19.24	19.70	17.69	18.32	7793800
2008-10-01	19.01	19.89	18.35	18.90	6051200
2008-10-02	17.65	19.38	17.47	19.10	7088400
2008-10-03	17.07	18.72	17.03	17.90	6773000
2008-10-06	16.10	16.89	15.06	16.77	10119800
2008-10-07	15.30	16.21	15.12	16.10	8837800
2008-10-08	15.71	16.36	13.92	14.74	10244400
2008-10-09	13.00	16.07	12.20	15.89	23118000
2008-10-10	12.94	13.75	10.72	12.45	21528200
2008-10-13	14.41	14.70	12.98	13.90	11108000
2008-10-14	15.09	15.90	14.51	15.19	13522400
2008-10-15	13.66	15.25	13.39	14.72	9539200
2008-10-16	13.86	14.17	12.48	13.79	11177200
2008-10-17	14.13	14.79	13.10	13.10	9016400
2008-10-20	14.51	14.82	13.88	14.27	6231000
2008-10-21	14.08	14.92	13.97	14.36	7724800
2008-10-22	12.20	13.91	12.12	13.79	10623400
2008-10-23	11.89	12.77	10.90	12.45	11276000
2008-10-24	12.73	13.10	10.57	11.14	10688800
2008-10-27	11.86	12.82	11.78	12.66	9182800
2008-10-28	13.65	13.82	12.07	12.23	11997400
2008-10-29	13.28	14.27	12.93	13.31	9466000
2008-10-30	14.14	14.41	13.65	13.65	11120000
2008-10-31	14.50	14.62	13.40	14.06	10957600
2008-11-03	14.37	14.72	14.04	14.42	5449800
2008-11-04	15.89	16.03	14.16	14.54	11998000
2008-11-05	14.89	16.17	14.80	15.66	8176600
2008-11-06	14.52	15.14	14.29	14.74	9198000
2008-11-07	15.16	15.38	14.41	14.63	6649600
2008-11-10	15.16	15.59	14.90	15.38	6696600
2008-11-11	14.46	15.08	14.27	14.95	8062600
2008-11-12	13.29	14.36	13.13	14.22	8513600
2008-11-13	14.56	14.66	12.55	13.41	11617200
2008-11-14	13.68	15.06	13.59	14.23	7663400
2008-11-17	12.74	13.74	12.65	13.65	6888800
2008-11-18	13.05	13.17	12.28	12.78	9410000
2008-11-19	11.83	13.20	11.72	12.91	10993000
2008-11-20	10.01	11.77	9.78	11.64	17695000
2008-11-21	11.11	11.16	10.07	10.37	14708800
2008-11-24	12.90	12.99	11.35	11.57	13729800
2008-11-25	14.02	14.23	12.53	12.96	15678400
2008-11-26	14.72	14.91	13.55	14.12	10391400
2008-11-28	15.25	15.45	14.73	14.73	5140000
2008-12-01	13.61	14.83	13.39	14.75	12611400
2008-12-02	14.10	14.59	13.64	13.97	11649000
2008-12-03	14.36	14.47	13.39	13.55	11531200
2008-12-04	13.76	14.61	13.58	14.02	9835400
2008-12-05	14.61	14.67	13.59	13.62	16444600
2008-12-08	14.54	15.28	14.31	15.01	11887200
2008-12-09	14.35	14.82	14.19	14.34	10142800
2008-12-10	14.26	14.67	14.02	14.50	7461400
2008-12-11	13.88	14.56	13.82	13.99	9549000
2008-12-12	13.65	13.77	13.12	13.62	10174000
2008-12-15	13.53	13.94	13.46	13.68	9030000
2008-12-16	15.20	15.24	13.38	13.79	11763200
2008-12-17	15.33	15.77	14.88	14.89	8871600
2008-12-18	14.73	15.73	14.55	14.83	8310800
2008-12-19	14.94	15.34	14.61	14.90	9862600
2008-12-22	14.55	15.15	14.35	14.96	6294200
2008-12-23	14.45	15.00	14.41	14.84	4284400
2008-12-24	14.53	14.63	14.29	14.46	1715600
2008-12-26	14.46	14.87	14.31	14.68	2215000
2008-12-29	14.25	14.56	13.98	14.45	4348200
2008-12-30	15.02	15.06	14.39	14.42	5095200
2008-12-31	15.10	15.22	14.84	14.99	5578800
2009-01-02	15.25	15.39	14.83	15.27	5022000
2009-01-05	15.04	15.34	14.83	15.15	5570200
2009-01-06	15.04	15.47	14.85	15.16	6594400
2009-01-07	14.51	14.94	14.39	14.85	7218800
2009-01-08	14.87	14.93	14.37	14.45	5514000
2009-01-09	14.41	14.92	14.27	14.90	7670400
2009-01-12	13.69	14.50	13.46	14.33	10121200
2009-01-13	13.23	13.93	13.11	13.51	11396800
2009-01-14	12.62	13.00	12.40	12.89	9092800
2009-01-15	12.73	13.20	12.20	12.64	9701200
2009-01-16	13.11	13.67	12.77	13.05	10015800
2009-01-20	11.05	13.00	11.04	12.93	17787000
2009-01-21	11.95	12.06	11.43	11.52	17356400
2009-01-22	7.54	11.04	7.27	10.61	92666800
2009-01-23	8.07	9.37	7.59	7.69	71059200
2009-01-26	6.46	8.27	6.37	8.21	53496400
2009-01-27	7.29	7.50	6.48	6.77	48683000
2009-01-28	8.26	8.62	7.88	8.30	40509200
2009-01-29	7.69	8.11	7.61	7.88	19209800
2009-01-30	7.65	7.96	7.47	7.96	15518400
2009-02-02	7.59	7.80	7.22	7.52	19115800
2009-02-03	7.46	8.30	7.14	7.96	35946200
2009-02-04	6.94	7.72	6.89	7.50	27788200
2009-02-05	7.61	7.86	6.81	6.95	22641000
2009-02-06	7.18	7.82	6.68	7.64	45334400
2009-02-09	7.80	7.91	7.36	7.47	19928600
2009-02-10	7.29	7.96	7.25	7.70	23015200
2009-02-11	7.36	7.58	7.21	7.51	14680800
2009-02-12	7.28	7.36	6.94	7.05	17969400
2009-02-13	6.84	7.38	6.74	7.38	17491800
2009-02-17	5.89	6.66	5.79	6.52	31831200
2009-02-18	6.06	6.21	5.85	6.07	21453600
2009-02-19	5.45	6.25	5.36	6.21	24546400
2009-02-20	5.68	5.89	5.05	5.34	39777200
2009-02-23	5.27	5.92	5.25	5.87	21993000
2009-02-24	5.55	5.59	5.02	5.25	39523800
2009-02-25	5.38	5.59	5.03	5.55	27821000
2009-02-26	6.33	6.70	5.94	6.02	39156000
2009-02-27	5.59	5.93	5.42	5.70	34848800
2009-03-02	5.34	5.51	5.20	5.24	22670400
2009-03-03	4.73	5.56	4.65	5.56	34573800
2009-03-04	5.00	5.17	4.56	5.10	23775000
2009-03-05	4.55	4.85	4.38	4.84	30572400
2009-03-06	4.48	4.73	4.22	4.71	27223000
2009-03-09	3.83	4.17	3.61	3.72	38166800
2009-03-10	4.41	4.41	3.78	3.93	31334400
2009-03-11	4.54	4.61	4.28	4.48	23449600
2009-03-12	4.98	5.05	4.19	4.54	27826800
2009-03-13	4.87	5.31	4.50	5.07	28383000
2009-03-16	5.00	5.53	4.97	5.05	24023200
2009-03-17	5.39	5.40	4.78	5.15	21618800
2009-03-18	7.02	7.04	5.25	5.37	44366000
2009-03-19	6.63	7.29	6.55	7.12	35396000
2009-03-20	6.13	6.71	6.02	6.71	22957400
2009-03-23	7.24	7.24	6.44	6.50	26960800
2009-03-24	7.21	7.65	6.77	6.94	25163000
2009-03-25	6.64	7.41	6.21	7.28	31407000
2009-03-26	6.91	7.00	6.54	6.75	21853800
2009-03-27	6.61	6.86	6.57	6.71	19021400
2009-03-30	5.87	6.30	5.84	6.25	19670000
2009-03-31	6.46	6.51	6.01	6.08	18846600
2009-04-01	6.26	6.35	5.76	6.21	24248000
2009-04-02	6.88	7.01	6.56	6.59	22028800
2009-04-03	7.02	7.05	6.64	6.87	17464000
2009-04-06	6.89	7.02	6.67	6.75	12185200
2009-04-07	6.73	6.89	6.58	6.80	15459000
2009-04-08	6.97	7.37	6.78	7.27	16229400
2009-04-09	8.33	8.34	7.26	7.31	28433600
2009-04-13	8.60	8.63	7.96	8.16	22465600
2009-04-14	7.98	8.78	7.91	8.35	24209400
2009-04-15	8.38	8.41	7.64	7.92	14642400
2009-04-16	8.91	9.12	8.24	8.46	23982200
2009-04-17	9.58	9.77	8.76	8.76	24718200
2009-04-20	8.33	9.16	8.30	9.09	33879000
2009-04-21	9.75	9.80	7.87	7.98	36955000
2009-04-22	9.23	9.89	8.98	9.17	27510000
2009-04-23	9.56	9.66	9.09	9.38	17275000
2009-04-24	9.55	9.76	9.28	9.53	17958600
2009-04-27	9.36	9.56	9.17	9.33	16223800
2009-04-28	9.20	9.47	9.18	9.26	15382400
2009-04-29	9.72	9.90	9.25	9.42	18344800
2009-04-30	9.64	10.16	9.54	9.83	24131200
2009-05-01	9.78	9.92	9.54	9.67	12124000
2009-05-04	10.09	10.19	9.59	9.99	19709400
2009-05-05	10.28	10.59	9.94	10.03	14962000
2009-05-06	11.17	11.28	10.38	10.60	25635600
2009-05-07	11.04	11.76	10.96	11.50	20930800
2009-05-08	12.57	12.57	11.15	11.20	21802800
2009-05-11	11.24	12.13	11.15	12.10	19689200
2009-05-12	11.43	11.72	10.97	11.61	16183200
2009-05-13	10.56	11.09	10.42	11.08	19252000
2009-05-14	11.26	11.46	10.35	10.54	15638000
2009-05-15	10.72	11.15	10.68	11.14	14099200
2009-05-18	11.96	12.03	10.94	11.05	20179600
2009-05-19	11.47	12.06	11.45	11.90	16148600
2009-05-20	11.58	12.41	11.55	11.83	19057400
2009-05-21	11.48	11.60	11.17	11.41	13155800
2009-05-22	11.61	11.83	11.29	11.55	11274800
2009-05-26	12.27	12.27	11.46	11.51	13623000
2009-05-27	11.30	12.22	11.28	12.16	15552000
2009-05-28	12.14	12.15	11.45	11.49	14986800
2009-05-29	11.95	12.15	11.58	12.15	15308800
2009-06-01	12.21	12.66	12.06	12.18	16239400
2009-06-02	12.29	12.70	12.22	12.28	12483200
2009-06-03	11.51	12.27	11.32	12.27	16986800
2009-06-04	11.54	11.89	11.40	11.74	15937200
2009-06-05	11.28	11.87	11.11	11.87	14391200
2009-06-08	11.38	11.50	11.05	11.20	10728600
2009-06-09	11.36	11.44	11.12	11.39	9843400
2009-06-10	11.28	11.53	11.16	11.51	9698600
2009-06-11	11.38	11.65	11.16	11.31	7567000
2009-06-12	11.04	11.35	10.94	11.29	7535800
2009-06-15	10.64	10.97	10.60	10.94	8782600
2009-06-16	10.53	10.86	10.53	10.71	7285800
2009-06-17	10.01	10.54	9.70	10.49	13901800
2009-06-18	10.29	10.33	10.01	10.03	9124000
2009-06-19	10.47	10.54	10.29	10.43	9368400
2009-06-22	9.85	10.33	9.84	10.33	10656800
2009-06-23	10.15	10.30	9.82	9.90	9251800
2009-06-24	10.43	10.67	10.21	10.37	8244800
2009-06-25	10.74	10.77	10.26	10.46	7926400
2009-06-26	10.71	10.79	10.54	10.62	5477400
2009-06-29	10.72	10.85	10.60	10.76	6368600
2009-06-30	10.47	10.73	10.30	10.68	7962400
2009-07-01	10.53	10.67	10.46	10.51	7253800
2009-07-02	9.91	10.49	9.89	10.45	9748200
2009-07-06	10.09	10.10	9.76	9.88	8425000
2009-07-07	9.81	10.10	9.79	10.09	9350000
2009-07-08	9.69	10.03	9.48	9.87	13085000
2009-07-09	9.75	9.92	9.65	9.89	7626000
2009-07-10	9.64	9.73	9.51	9.67	7784800
2009-07-13	10.32	10.33	9.57	9.75	12647400
2009-07-14	10.56	10.62	10.26	10.26	10464000
2009-07-15	10.90	11.01	10.58	10.69	15484800
2009-07-16	10.63	10.86	10.52	10.70	10845000
2009-07-17	10.60	10.69	10.44	10.61	6936800
2009-07-20	11.00	11.07	10.67	10.67	8136600
2009-07-21	11.19	11.23	11.01	11.14	9999000
2009-07-22	11.26	11.36	10.95	11.11	5866600
2009-07-23	11.97	12.08	11.21	11.29	11688000
2009-07-24	12.07	12.17	11.73	11.86	6762000
2009-07-27	12.40	12.43	12.02	12.07	7325200
2009-07-28	12.32	12.54	12.16	12.23	7765800
2009-07-29	11.93	12.15	11.71	11.94	12008200
2009-07-30	12.73	12.93	12.06	12.11	13347800
2009-07-31	12.74	12.78	12.28	12.60	9606000
2009-08-03	13.11	13.12	12.81	12.93	7891000
2009-08-04	13.41	13.43	12.95	13.02	8829400
2009-08-05	13.56	13.64	13.21	13.43	10573200
2009-08-06	13.39	13.64	13.05	13.59	9429000
2009-08-07	14.04	14.17	13.48	13.56	10581200
2009-08-10	13.78	14.04	13.59	14.01	6166800
2009-08-11	13.54	13.82	13.51	13.70	7492000
2009-08-12	14.18	14.32	13.48	13.57	10741200
2009-08-13	14.30	14.39	14.04	14.34	5893200
2009-08-14	14.16	14.38	13.91	14.30	6556000
2009-08-17	13.45	13.95	13.42	13.94	9113800
2009-08-18	13.70	13.77	13.39	13.49	5263800
2009-08-19	13.75	13.90	13.36	13.52	5665000
2009-08-20	13.60	14.14	13.49	13.77	11854800
2009-08-21	14.19	14.30	13.66	13.74	11727600
2009-08-24	13.96	14.45	13.87	14.30	6441600
2009-08-25	14.15	14.25	13.97	14.03	7974800
2009-08-26	14.03	14.23	13.86	14.15	7463800
2009-08-27	13.89	14.00	13.62	13.90	7324800
2009-08-28	13.79	14.06	13.71	14.02	6433600
2009-08-31	13.77	13.80	13.54	13.56	7076200
2009-09-01	12.93	13.79	12.89	13.68	13288000
2009-09-02	13.11	13.36	12.79	12.87	8286200
2009-09-03	13.17	13.32	12.84	13.25	7477200
2009-09-04	12.94	13.24	12.82	13.13	8522400
2009-09-08	13.31	13.31	13.07	13.20	8176800
2009-09-09	13.52	13.64	13.16	13.19	8227600
2009-09-10	13.65	13.84	13.11	13.51	6437800
2009-09-11	13.85	13.91	13.47	13.71	7415800
2009-09-14	14.15	14.17	13.53	13.75	6852600
2009-09-15	14.10	14.21	13.91	14.15	7213200
2009-09-16	14.58	14.70	13.99	14.01	10377600
2009-09-17	14.47	14.93	14.36	14.54	8840800
2009-09-18	14.49	14.68	14.40	14.49	8370800
2009-09-21	14.33	14.45	14.16	14.25	7038000
2009-09-22	14.50	14.59	14.42	14.43	5752600
2009-09-23	14.21	14.69	14.21	14.49	6567800
2009-09-24	13.96	14.44	13.89	14.26	7404600
2009-09-25	13.79	14.18	13.71	13.89	5938400
2009-09-28	14.39	14.42	13.78	13.82	6414800
2009-09-29	14.51	14.85	14.33	14.41	11717200
2009-09-30	14.48	14.71	14.24	14.53	9144000
2009-10-01	13.80	14.49	13.74	14.38	10885800
2009-10-02	13.93	14.07	13.49	13.58	8087000
2009-10-05	14.09	14.14	13.90	13.97	8212600
2009-10-06	14.58	14.82	14.30	14.36	7808400
2009-10-07	14.63	14.70	14.41	14.55	5907400
2009-10-08	14.81	15.08	14.72	14.73	7464200
2009-10-09	15.25	15.27	14.68	14.68	7772400
2009-10-12	15.49	15.56	15.25	15.35	7585200
2009-10-13	15.30	15.48	15.18	15.43	8874600
2009-10-14	15.56	15.65	15.38	15.48	7857800
2009-10-15	15.45	15.53	15.34	15.41	6628000
2009-10-16	15.32	15.45	15.06	15.18	8016400
2009-10-19	15.66	15.80	15.38	15.40	6888600
2009-10-20	15.49	15.65	15.41	15.62	7667000
2009-10-21	15.19	15.73	15.16	15.49	6520200
2009-10-22	15.48	15.51	15.02	15.18	6768200
2009-10-23	15.05	15.52	14.99	15.48	6389200
2009-10-26	14.53	15.16	14.42	15.03	7559600
2009-10-27	14.34	14.77	14.29	14.58	8843600
2009-10-28	13.75	14.41	13.72	14.25	13338000
2009-10-29	14.63	14.72	14.15	14.28	14432200
2009-10-30	14.06	14.61	13.90	14.51	13029000
2009-11-02	14.00	14.39	13.68	14.14	7105600
2009-11-03	14.07	14.08	13.58	13.75	10329600
2009-11-04	14.02	14.45	13.94	14.22	8777200
2009-11-05	14.43	14.47	14.01	14.22	8926600
2009-11-06	14.30	14.41	14.03	14.15	5665000
2009-11-09	14.89	14.90	14.46	14.53	7503600
2009-11-10	14.91	14.99	14.67	14.74	6389600
2009-11-11	15.23	15.26	14.99	15.04	7466600
2009-11-12	14.94	15.21	14.90	15.20	7531800
2009-11-13	15.13	15.30	14.96	14.96	5620200
2009-11-16	15.47	15.59	15.30	15.32	5792800
2009-11-17	15.43	15.47	15.22	15.44	4991000
2009-11-18	15.33	15.47	15.17	15.38	5131800
2009-11-19	14.95	15.24	14.74	15.22	8540600
2009-11-20	15.04	15.38	14.99	15.21	9507400
2009-11-23	15.30	15.42	15.22	15.31	7084400
2009-11-24	15.18	15.30	15.03	15.24	6770200
2009-11-25	15.49	15.53	15.22	15.29	4809400
2009-11-27	14.89	15.14	14.84	15.07	4433200
2009-11-30	15.70	15.75	15.24	15.30	12071800
2009-12-01	15.82	16.04	15.59	15.70	9683600
2009-12-02	15.94	16.05	15.65	15.86	6381400
2009-12-03	15.50	16.16	15.46	16.02	8880400
2009-12-04	15.63	15.92	15.35	15.76	8955800
2009-12-07	15.59	15.88	15.53	15.67	6119200
2009-12-08	15.63	15.83	15.55	15.66	6905600
2009-12-09	15.58	15.71	15.35	15.69	6526400
2009-12-10	15.83	15.96	15.64	15.72	8016200
2009-12-11	15.87	15.91	15.68	15.86	5131000
2009-12-14	16.08	16.09	15.89	15.97	6107200
2009-12-15	15.94	16.20	15.90	16.01	6454800
2009-12-16	16.05	16.28	16.03	16.08	7004600
2009-12-17	15.71	16.02	15.70	15.98	5527000
2009-12-18	15.74	15.83	15.53	15.81	7502600
2009-12-21	15.75	15.95	15.71	15.81	4620800
2009-12-22	15.80	15.93	15.68	15.84	4988600
2009-12-23	15.89	15.94	15.78	15.89	2858200
2009-12-24	15.96	16.03	15.82	15.95	1264600
2009-12-28	15.96	16.11	15.89	15.99	3033400
2009-12-29	16.01	16.12	15.98	16.03	2445400
2009-12-30	15.99	16.02	15.88	15.99	2325400
2009-12-31	15.77	16.08	15.77	16.03	2892600
2010-01-04	16.22	16.27	15.86	15.86	4724000
2010-01-05	16.69	16.74	16.05	16.19	7930600
2010-01-06	16.84	16.99	16.61	16.99	5851600
2010-01-07	17.02	17.05	16.71	16.85	5535800
2010-01-08	16.85	16.93	16.62	16.93	4393400
2010-01-11	17.29	17.32	16.95	17.01	5699200
2010-01-12	17.20	17.64	17.14	17.52	7697600
2010-01-13	17.39	17.43	17.20	17.26	5104200
2010-01-14	17.62	17.66	17.28	17.45	4533800
2010-01-15	17.43	17.64	17.28	17.58	5949400
2010-01-19	17.77	17.79	17.37	17.47	6527600
2010-01-20	17.44	17.66	17.31	17.66	5305600
2010-01-21	17.21	17.58	17.08	17.56	8123800
2010-01-22	16.74	17.26	16.71	17.15	8376000
2010-01-25	17.11	17.30	17.05	17.05	9892000
2010-01-26	16.96	17.39	16.93	17.04	9834600
2010-01-27	16.99	17.11	16.73	16.96	8353400
2010-01-28	16.77	17.21	16.64	17.17	8419000
2010-01-29	16.52	17.00	16.44	16.90	8465200
2010-02-01	16.77	16.87	16.57	16.57	6870200
2010-02-02	16.95	16.99	16.61	16.83	10021800
2010-02-03	17.37	17.70	17.22	17.22	11918400
2010-02-04	16.47	17.29	16.45	17.20	10892200
2010-02-05	16.25	16.64	15.67	16.51	17984600
2010-02-08	15.67	16.29	15.64	16.27	13129600
2010-02-09	16.05	16.25	15.61	15.93	11155000
2010-02-10	16.07	16.28	15.79	16.08	6684200
2010-02-11	16.25	16.34	15.82	16.08	6632200
2010-02-12	16.17	16.20	15.74	16.12	10385600
2010-02-16	16.55	16.60	16.17	16.30	6279800
2010-02-17	16.72	16.85	16.58	16.71	5900600
2010-02-18	16.76	16.83	16.48	16.55	4833600
2010-02-19	16.82	16.91	16.50	16.70	7204200
2010-02-22	16.85	16.94	16.74	16.91	5542000
2010-02-23	16.51	16.93	16.39	16.87	5783400
2010-02-24	16.83	16.90	16.55	16.55	4585400
2010-02-25	16.87	16.90	16.45	16.60	5502800
2010-02-26	16.96	16.99	16.75	16.86	4703400
2010-03-01	17.16	17.17	16.99	17.04	5342200
2010-03-02	17.13	17.27	17.06	17.21	4766800
2010-03-03	17.21	17.34	17.15	17.16	5124800
2010-03-04	17.35	17.40	17.24	17.26	5098200
2010-03-05	17.67	17.71	17.29	17.50	5177400
2010-03-08	17.74	17.84	17.66	17.70	4408000
2010-03-09	17.58	17.73	17.47	17.68	4445600
2010-03-10	18.00	18.01	17.53	17.65	7183400
2010-03-11	18.05	18.06	17.81	17.93	5077400
2010-03-12	18.08	18.19	17.92	18.14	3764600
2010-03-15	18.10	18.17	17.92	18.01	5003200
2010-03-16	18.42	18.44	18.10	18.17	4767200
2010-03-17	18.74	18.87	18.47	18.55	5413200
2010-03-18	18.81	18.81	18.66	18.78	4801800
2010-03-19	18.56	18.94	18.55	18.56	7447400
2010-03-22	18.48	18.48	18.20	18.35	4293000
2010-03-23	18.35	18.36	18.05	18.25	7604600
2010-03-24	18.40	18.48	18.25	18.32	4708400
2010-03-25	18.25	18.63	18.22	18.53	5430800
2010-03-26	18.34	18.55	18.25	18.30	4811800
2010-03-29	18.40	18.53	18.35	18.43	4707200
2010-03-30	18.45	18.51	18.31	18.43	5451800
2010-03-31	18.62	18.63	18.34	18.34	6307000
2010-04-01	18.78	18.93	18.67	18.78	4532200
2010-04-05	19.05	19.05	18.83	18.90	4161200
2010-04-06	19.20	19.25	18.91	18.94	4903200
2010-04-07	18.96	19.14	18.82	19.14	5455600
2010-04-08	19.01	19.09	18.82	18.87	5574600
2010-04-09	19.13	19.13	18.89	19.05	3727000
2010-04-12	19.06	19.19	19.02	19.18	4526200
2010-04-13	19.03	19.08	18.81	19.03	4858600
2010-04-14	19.40	19.40	19.07	19.18	4614600
2010-04-15	19.03	19.31	18.95	19.22	6474200
2010-04-16	18.67	19.01	18.44	18.93	9725200
2010-04-19	18.73	18.75	18.41	18.48	5282800
2010-04-20	18.98	19.01	18.78	18.83	4359400
2010-04-21	18.78	19.13	18.57	19.04	4785800
2010-04-22	18.73	18.75	18.35	18.65	4898200
2010-04-23	19.03	19.07	18.63	18.74	5140400
2010-04-26	18.78	19.08	18.75	19.00	4924600
2010-04-27	17.98	18.66	17.91	18.61	8466600
2010-04-28	17.03	18.61	16.72	18.57	29944400
2010-04-29	17.95	18.03	17.32	17.43	19296800
2010-04-30	17.48	17.96	17.47	17.86	8957600
2010-05-03	17.64	17.75	17.44	17.63	6408600
2010-05-04	16.75	17.32	16.49	17.26	19391800
2010-05-05	16.51	16.93	16.21	16.49	13016600
2010-05-06	15.88	16.82	14.58	16.42	20330600
2010-05-07	15.19	15.95	14.89	15.87	22673000
2010-05-10	17.07	17.29	15.27	16.30	27616400
2010-05-11	16.79	17.24	16.59	16.70	10550800
2010-05-12	17.17	17.22	16.72	16.83	8821000
2010-05-13	16.61	17.19	16.61	17.19	5581400
2010-05-14	15.75	16.44	15.44	16.42	17390600
2010-05-17	15.87	15.97	15.40	15.67	10639600
2010-05-18	15.54	16.46	15.36	16.46	13305600
2010-05-19	15.30	15.60	14.89	15.43	15446800
2010-05-20	14.37	14.93	14.23	14.87	14802800
2010-05-21	14.98	15.14	13.98	14.11	20044200
2010-05-24	14.57	15.01	14.55	15.01	11073200
2010-05-25	14.67	14.69	13.92	14.14	12910200
2010-05-26	14.76	15.20	14.69	15.01	12617200
2010-05-27	15.82	15.85	15.07	15.16	14455800
2010-05-28	15.29	15.83	15.22	15.83	10102000
2010-06-01	14.89	15.40	14.84	15.06	9200600
2010-06-02	15.41	15.42	14.79	15.03	10042200
2010-06-03	15.35	15.56	15.07	15.45	6307400
2010-06-04	14.27	15.00	14.17	14.75	13453600
2010-06-07	13.97	14.52	13.94	14.43	12321800
2010-06-08	14.41	14.43	13.78	14.06	13445200
2010-06-09	14.23	14.73	14.17	14.56	11060000
2010-06-10	14.77	14.79	14.40	14.47	8199600
2010-06-11	14.77	14.79	14.38	14.38	6114400
2010-06-14	14.67	15.04	14.60	14.78	7551000
2010-06-15	15.32	15.37	14.67	14.67	10848800
2010-06-16	15.19	15.32	15.09	15.12	7597600
2010-06-17	15.10	15.30	14.82	15.08	8751400
2010-06-18	15.32	15.37	15.15	15.17	8400800
2010-06-21	15.34	15.75	15.23	15.63	7538800
2010-06-22	15.11	15.58	15.08	15.40	8838000
2010-06-23	14.98	15.17	14.73	15.17	8039800
2010-06-24	14.73	15.03	14.68	14.85	7872600
2010-06-25	15.05	15.09	14.61	14.91	9145800
2010-06-28	15.46	15.95	15.21	15.23	14170200
2010-06-29	14.62	15.28	14.51	15.11	17380200
2010-06-30	14.73	14.98	14.57	14.63	12440600
2010-07-01	14.95	15.08	14.34	14.89	12581200
2010-07-02	14.88	15.13	14.68	15.09	7113200
2010-07-06	15.04	15.38	14.88	15.10	10331200
2010-07-07	15.69	15.71	14.99	15.04	11838600
2010-07-08	16.29	16.34	15.82	15.84	12098200
2010-07-09	16.60	16.61	16.22	16.22	7778600
2010-07-12	16.54	16.62	16.37	16.44	5761800
2010-07-13	16.87	17.05	16.68	16.77	11767600
2010-07-14	16.71	16.95	16.53	16.76	8074200
2010-07-15	16.70	16.76	16.27	16.73	7972000
2010-07-16	15.97	16.53	15.90	16.43	8490600
2010-07-19	16.05	16.19	15.78	16.08	6549600
2010-07-20	16.52	16.54	15.72	15.76	8004600
2010-07-21	16.18	16.79	16.05	16.79	10285400
2010-07-22	17.21	17.23	16.26	16.38	14913800
2010-07-23	17.43	17.47	16.77	17.11	14994200
2010-07-26	17.62	17.69	17.40	17.47	11303600
2010-07-27	17.50	17.89	17.27	17.81	11386000
2010-07-28	17.09	17.32	16.87	17.18	13273200
2010-07-29	17.19	17.51	16.94	17.26	9536200
2010-07-30	16.98	17.22	16.75	16.98	9286000
2010-08-02	17.60	17.73	17.28	17.28	9007200
2010-08-03	17.19	17.55	17.13	17.53	8246000
2010-08-04	17.62	17.70	17.20	17.24	8062400
2010-08-05	17.70	17.80	17.43	17.58	5737600
2010-08-06	17.52	17.66	17.16	17.44	5880000
2010-08-09	17.77	17.81	17.52	17.65	5592600
2010-08-10	17.57	17.73	17.39	17.53	5563000
2010-08-11	17.07	17.48	17.05	17.24	8502400
2010-08-12	16.80	16.97	16.69	16.77	9098000
2010-08-13	16.48	16.82	16.47	16.77	7319000
2010-08-16	16.51	16.58	16.27	16.36	4830600
2010-08-17	16.76	16.92	16.58	16.69	6158800
2010-08-18	16.69	16.84	16.60	16.80	5862800
2010-08-19	16.17	16.57	16.09	16.57	8762600
2010-08-20	16.19	16.26	15.86	16.06	7991400
2010-08-23	16.05	16.31	15.96	16.14	6756000
2010-08-24	15.69	15.89	15.59	15.79	8744400
2010-08-25	15.95	16.03	15.40	15.53	8818800
2010-08-26	15.89	16.17	15.80	16.04	7698600
2010-08-27	16.60	16.61	15.77	16.03	7282400
2010-08-30	16.13	16.52	16.11	16.51	4595200
2010-08-31	16.40	16.49	15.86	15.97	8215400
2010-09-01	17.21	17.22	16.67	16.68	10598000
2010-09-02	17.37	17.37	17.08	17.30	8703200
2010-09-03	17.69	17.72	17.45	17.53	7102000
2010-09-07	17.33	17.56	17.15	17.53	6137400
2010-09-08	17.39	17.71	17.35	17.37	6555600
2010-09-09	17.57	17.80	17.43	17.70	4694600
2010-09-10	17.63	17.70	17.43	17.64	3953000
2010-09-13	18.12	18.18	17.84	17.84	6889000
2010-09-14	18.14	18.31	17.88	18.06	6413200
2010-09-15	18.02	18.11	17.82	17.96	5531600
2010-09-16	18.00	18.01	17.80	17.96	3841800
2010-09-17	17.98	18.14	17.88	18.06	5129000
2010-09-20	18.61	18.66	18.05	18.10	6450200
2010-09-21	18.46	18.71	18.37	18.65	6030400
2010-09-22	18.05	18.50	17.96	18.40	5355800
2010-09-23	17.52	17.94	17.48	17.84	7587200
2010-09-24	18.18	18.18	17.79	17.79	5581400
2010-09-27	18.03	18.19	17.93	18.15	4643000
2010-09-28	18.22	18.28	17.74	18.13	4412400
2010-09-29	17.90	18.22	17.87	18.07	4817000
2010-09-30	17.95	18.37	17.95	18.17	7884400
2010-10-01	18.07	18.33	17.89	18.20	6459000
2010-10-04	17.86	18.08	17.68	18.05	5253400
2010-10-05	18.31	18.47	17.83	18.10	7475200
2010-10-06	18.66	18.68	18.12	18.29	7615200
2010-10-07	18.61	18.84	18.45	18.76	4897400
2010-10-08	18.87	19.00	18.60	18.68	5291800
2010-10-11	18.87	18.98	18.78	18.89	3260000
2010-10-12	18.92	18.96	18.63	18.71	4380800
2010-10-13	19.03	19.29	18.99	19.04	5246200
2010-10-14	19.04	19.36	18.92	19.04	6877600
2010-10-15	18.93	19.28	18.67	19.19	6657000
2010-10-18	19.32	19.41	18.94	18.94	5146600
2010-10-19	18.99	19.36	18.85	19.02	6197600
2010-10-20	19.11	19.31	19.01	19.12	6092000
2010-10-21	19.18	19.44	19.04	19.20	6607200
2010-10-22	19.26	19.32	19.12	19.32	4158200
2010-10-25	19.18	19.49	19.13	19.41	5844400
2010-10-26	19.16	19.26	19.03	19.09	5843800
2010-10-27	19.58	19.78	19.22	19.35	9641800
2010-10-28	19.52	19.70	19.29	19.69	5056600
2010-10-29	19.40	19.53	19.23	19.44	4336000
2010-11-01	19.42	19.72	19.22	19.54	3375000
2010-11-02	19.58	19.64	19.48	19.61	2779200
2010-11-03	19.68	19.69	19.25	19.62	5810200
2010-11-04	20.09	20.14	19.74	19.94	6823800
2010-11-05	20.05	20.24	19.89	20.04	6574200
2010-11-08	19.85	20.01	19.77	19.99	4941400
2010-11-09	19.61	19.96	19.55	19.95	7291600
2010-11-10	19.72	19.74	19.31	19.67	6163000
2010-11-11	19.34	19.44	18.88	19.43	7931600
2010-11-12	18.97	19.35	18.88	19.14	6852600
2010-11-15	19.01	19.20	19.00	19.18	5577200
2010-11-16	18.71	18.93	18.54	18.87	7877400
2010-11-17	18.71	18.83	18.58	18.69	6470600
2010-11-18	19.09	19.28	19.03	19.06	6590800
2010-11-19	19.08	19.09	18.79	19.08	6448600
2010-11-22	18.98	19.02	18.67	18.96	4204400
2010-11-23	18.48	18.73	18.39	18.63	5810600
2010-11-24	18.84	18.85	18.59	18.67	4639800
2010-11-26	18.00	18.60	17.95	18.58	6643800
2010-11-29	18.21	18.28	17.82	17.88	9848200
2010-11-30	17.98	18.20	17.77	17.97	9106200
2010-12-01	18.50	18.57	18.23	18.43	8490200
2010-12-02	18.95	19.04	18.55	18.56	6812000
2010-12-03	19.00	19.04	18.69	18.80	4353400
2010-12-06	18.94	19.04	18.78	18.93	4658400
2010-12-07	18.76	19.17	18.73	19.17	5692000
2010-12-08	19.17	19.20	18.75	18.83	5825000
2010-12-09	19.42	19.63	19.23	19.40	5529000
2010-12-10	19.59	19.61	19.24	19.55	5209200
2010-12-13	19.50	19.71	19.50	19.65	5797800
2010-12-14	19.33	19.67	19.27	19.49	4811600
2010-12-15	19.24	19.53	19.18	19.22	6401200
2010-12-16	19.19	19.37	19.08	19.25	5544600
2010-12-17	19.40	19.70	19.16	19.16	10372800
2010-12-20	19.63	19.81	19.45	19.49	5266800
2010-12-21	19.76	19.90	19.62	19.78	4557400
2010-12-22	19.98	20.00	19.77	19.83	4255000
2010-12-23	19.94	20.07	19.85	20.06	4074400
2010-12-27	19.89	19.96	19.78	19.84	2466400
2010-12-28	19.86	19.94	19.79	19.91	2556400
2010-12-29	19.79	19.94	19.78	19.92	3033600
2010-12-30	19.58	19.79	19.55	19.76	3136600
2010-12-31	19.70	19.76	19.48	19.58	2705800
2011-01-03	20.09	20.19	19.86	19.89	5921000
2011-01-04	19.72	20.10	19.59	20.09	7720600
2011-01-05	19.68	19.86	19.59	19.65	6973200
2011-01-06	19.57	19.81	19.48	19.73	5649000
2011-01-07	19.50	19.74	19.38	19.65	4870000
2011-01-10	19.25	19.48	19.13	19.46	6685200
2011-01-11	19.44	19.53	19.29	19.33	4921000
2011-01-12	19.95	20.04	19.55	19.56	5880400
2011-01-13	19.93	20.29	19.84	20.13	5660600
2011-01-14	20.13	20.15	19.84	19.85	6477400
2011-01-18	19.88	20.42	19.76	20.10	8533000
2011-01-19	19.83	20.05	19.74	20.00	7190200
2011-01-20	20.07	20.24	19.85	19.91	5636200
2011-01-21	20.29	20.38	19.96	20.16	5809800
2011-01-24	20.47	20.52	20.19	20.23	5663000
2011-01-25	20.39	20.52	20.12	20.34	6757400
2011-01-26	20.37	20.52	20.36	20.50	5181400
2011-01-27	20.42	20.54	20.11	20.34	9758600
2011-01-28	19.90	20.49	19.80	20.46	9814400
2011-01-31	20.10	20.28	19.94	20.20	6408200
2011-02-01	20.43	20.59	20.16	20.21	8944400
2011-02-02	19.93	20.23	19.72	19.93	12097200
2011-02-03	19.85	19.94	19.73	19.87	8063400
2011-02-04	20.06	20.09	19.78	19.86	5372400
2011-02-07	20.49	20.50	20.04	20.11	8980000
2011-02-08	20.21	20.35	20.10	20.14	8464000
2011-02-09	19.91	20.16	19.87	20.15	6786200
2011-02-10	19.79	19.87	19.67	19.76	6573200
2011-02-11	20.08	20.11	19.65	19.73	5731200
2011-02-14	20.02	20.16	19.82	20.08	4192200
2011-02-15	20.05	20.09	19.87	19.92	4137600
2011-02-16	20.30	20.36	20.05	20.10	5106600
2011-02-17	20.81	20.88	20.21	20.27	7928800
2011-02-18	20.74	20.83	20.61	20.78	5846800
2011-02-22	20.34	20.65	20.22	20.42	5472600
2011-02-23	20.21	20.45	20.06	20.45	5136200
2011-02-24	20.08	20.30	19.97	20.11	5961400
2011-02-25	20.30	20.34	20.05	20.21	3346400
2011-02-28	20.66	20.84	20.40	20.45	4659000
2011-03-01	20.20	20.90	20.18	20.72	8723000
2011-03-02	19.86	20.15	19.84	20.10	5548400
2011-03-03	20.29	20.33	20.05	20.05	4800200
2011-03-04	20.15	20.48	20.06	20.31	5946800
2011-03-07	19.92	20.40	19.90	20.23	5618000
2011-03-08	20.07	20.18	19.94	20.03	5349400
2011-03-09	19.94	20.06	19.86	20.01	4005000
2011-03-10	19.55	19.74	19.43	19.73	5928400
2011-03-11	19.50	19.59	18.86	18.93	11755600
2011-03-14	18.92	19.24	18.29	18.37	19322600
2011-03-15	17.86	18.03	16.85	17.25	36693200
2011-03-16	17.78	18.42	17.17	18.04	28037600
2011-03-17	17.71	18.13	17.59	17.96	18233000
2011-03-18	17.78	18.14	17.72	18.01	16667600
2011-03-21	18.44	18.44	18.00	18.11	9790400
2011-03-22	18.55	18.91	18.28	18.48	11602600
2011-03-23	18.41	18.50	18.22	18.50	8051800
2011-03-24	18.63	18.67	18.46	18.58	5726400
2011-03-25	18.48	18.67	18.47	18.64	5563200
2011-03-28	18.50	18.69	18.49	18.55	5301600
2011-03-29	18.30	18.54	18.19	18.49	6554800
2011-03-30	18.43	18.65	18.34	18.35	5627600
2011-03-31	18.52	18.64	18.27	18.37	6585400
2011-04-01	18.78	18.88	18.61	18.71	6304400
2011-04-04	19.08	19.10	18.80	18.86	7162400
2011-04-05	19.08	19.12	18.93	19.06	4989800
2011-04-06	19.22	19.27	19.03	19.16	5681200
2011-04-07	19.04	19.39	18.86	19.21	8642400
2011-04-08	18.83	19.20	18.72	19.13	3766400
2011-04-11	18.89	19.18	18.82	18.88	5743800
2011-04-12	18.64	18.75	18.52	18.63	5417600
2011-04-13	18.39	18.82	18.34	18.80	5387800
2011-04-14	18.25	18.33	18.05	18.27	5681800
2011-04-15	18.34	18.38	18.07	18.36	7780200
2011-04-18	18.10	18.18	17.99	18.05	7052600
2011-04-19	18.26	18.33	18.10	18.17	4840600
2011-04-20	18.68	18.93	18.55	18.65	7842600
2011-04-21	18.83	18.86	18.52	18.74	5567000
2011-04-25	18.68	18.90	18.64	18.90	5184400
2011-04-26	18.92	19.04	18.69	18.85	5400000
2011-04-27	19.05	19.11	18.60	19.04	6641600
2011-04-28	20.01	20.14	19.29	19.29	13659000
2011-04-29	19.72	20.05	19.56	20.03	7200000
2011-05-02	19.71	19.88	19.57	19.84	4994800
2011-05-03	19.67	19.79	19.53	19.72	5164800
2011-05-04	19.48	19.72	19.36	19.72	4936400
2011-05-05	19.36	19.53	19.17	19.35	5522400
2011-05-06	19.33	19.76	19.19	19.64	5444400
2011-05-09	19.20	19.38	19.02	19.28	5396600
2011-05-10	19.26	19.37	19.21	19.28	6131400
2011-05-11	18.99	19.28	18.83	19.19	7997400
2011-05-12	19.22	19.27	18.86	18.89	5033400
2011-05-13	18.96	19.33	18.82	19.23	5061400
2011-05-16	18.89	19.13	18.84	18.90	4913800
2011-05-17	19.01	19.03	18.73	18.75	5010400
2011-05-18	17.81	18.61	17.46	18.40	30899800
2011-05-19	17.77	18.00	17.67	17.89	14535200
2011-05-20	17.49	17.82	17.45	17.75	13559200
2011-05-23	17.23	17.43	17.18	17.28	12311600
2011-05-24	17.37	17.49	17.23	17.35	9011200
2011-05-25	17.40	17.53	17.23	17.31	6652000
2011-05-26	17.50	17.56	17.24	17.26	5736200
2011-05-27	16.94	17.25	16.81	17.21	18357800
2011-05-31	16.87	17.12	16.76	17.06	13430200
2011-06-01	16.46	16.88	16.45	16.88	10172000
2011-06-02	16.46	16.70	16.39	16.54	10231600
2011-06-03	16.40	16.65	16.24	16.24	8204000
2011-06-06	16.08	16.48	16.07	16.37	7522800
2011-06-07	16.05	16.20	16.02	16.17	12181600
2011-06-08	15.84	16.06	15.80	15.99	9664600
2011-06-09	15.93	16.11	15.82	15.89	5972800
2011-06-10	15.83	15.97	15.59	15.89	7300800
2011-06-13	15.98	16.02	15.81	15.86	5702200
2011-06-14	16.41	16.55	16.10	16.10	9620800
2011-06-15	15.86	16.25	15.82	16.23	9421400
2011-06-16	15.82	15.98	15.63	15.88	8341800
2011-06-17	15.89	16.09	15.79	16.00	7356200
2011-06-20	16.00	16.05	15.80	15.84	4635800
2011-06-21	16.29	16.36	16.04	16.14	7000800
2011-06-22	16.01	16.28	15.99	16.25	6377000
2011-06-23	15.90	15.91	15.58	15.79	10578200
2011-06-24	15.63	15.96	15.63	15.90	21096000
2011-06-27	15.86	15.93	15.64	15.69	6577200
2011-06-28	15.95	16.04	15.81	15.92	6099200
2011-06-29	16.28	16.33	16.08	16.10	6898000
2011-06-30	16.47	16.65	16.24	16.35	6053200
2011-07-01	16.74	16.76	16.44	16.51	5155200
2011-07-05	16.39	16.73	16.35	16.73	6196200
2011-07-06	16.39	16.42	16.18	16.33	4790000
2011-07-07	16.73	16.76	16.52	16.57	6186800
2011-07-08	16.41	16.51	16.19	16.45	7143200
2011-07-11	15.80	16.16	15.77	16.15	6931800
2011-07-12	15.90	16.05	15.69	15.71	8704200
2011-07-13	16.01	16.24	15.88	15.99	6210600
2011-07-14	15.97	16.17	15.91	16.08	7943800
2011-07-15	16.01	16.07	15.86	16.03	7255200
2011-07-18	15.65	15.95	15.56	15.91	7752400
2011-07-19	15.91	15.93	15.61	15.76	5419200
2011-07-20	16.01	16.11	15.78	15.96	6817200
2011-07-21	16.45	16.76	16.21	16.25	13267400
2011-07-22	16.31	16.52	16.26	16.52	5474600
2011-07-25	16.14	16.22	15.99	16.17	4755000
2011-07-26	15.99	16.18	15.96	16.10	5469600
2011-07-27	15.58	15.97	15.55	15.92	8760000
2011-07-28	16.23	16.72	16.17	16.29	13057200
2011-07-29	16.26	16.37	16.06	16.07	9706400
2011-08-01	16.13	16.55	15.96	16.52	7452200
2011-08-02	15.73	16.06	15.73	15.97	10067400
2011-08-03	15.83	15.87	15.38	15.75	9481400
2011-08-04	14.91	15.65	14.91	15.58	12284800
2011-08-05	14.72	15.16	14.38	15.07	17189200
2011-08-08	13.30	14.66	13.28	14.22	20611000
2011-08-09	13.98	13.98	12.83	13.59	21121200
2011-08-10	12.55	13.68	12.53	13.68	22488000
2011-08-11	13.39	13.60	12.39	12.77	16767000
2011-08-12	13.18	13.76	13.10	13.57	8803200
2011-08-15	13.54	13.58	13.29	13.40	9016800
2011-08-16	13.27	13.52	13.15	13.35	9400000
2011-08-17	13.33	13.48	13.16	13.36	8512200
2011-08-18	12.58	12.95	12.47	12.88	15142400
2011-08-19	12.31	12.88	12.29	12.41	9949200
2011-08-22	12.41	12.66	12.24	12.65	11706400
2011-08-23	12.64	12.69	12.32	12.45	10426200
2011-08-24	12.96	12.99	12.51	12.57	7094600
2011-08-25	12.54	13.23	12.38	13.07	7984600
2011-08-26	12.64	12.75	12.22	12.46	6311000
2011-08-29	13.27	13.27	12.87	12.88	5955600
2011-08-30	13.14	13.25	12.93	13.14	5805000
2011-08-31	13.42	13.57	13.20	13.25	10448000
2011-09-01	13.05	13.52	13.04	13.45	10119200
2011-09-02	12.45	12.80	12.45	12.73	6190000
2011-09-06	12.06	12.12	11.83	11.97	8067400
2011-09-07	12.76	12.80	12.29	12.39	8208600
2011-09-08	12.48	12.72	12.36	12.64	10879200
2011-09-09	12.04	12.43	11.90	12.31	9950200
2011-09-12	12.16	12.17	11.74	11.86	9166200
2011-09-13	12.19	12.39	12.08	12.16	7312400
2011-09-14	12.43	12.61	11.97	12.31	8794200
2011-09-15	12.89	12.89	12.50	12.63	8637200
2011-09-16	12.93	13.16	12.77	12.98	9164000
2011-09-19	12.61	12.72	12.33	12.66	7847400
2011-09-20	12.47	12.77	12.45	12.68	9312400
2011-09-21	11.81	12.60	11.80	12.54	10351200
2011-09-22	11.39	11.58	11.16	11.52	22234000
2011-09-23	11.19	11.55	11.14	11.29	12437400
2011-09-26	11.59	11.62	11.12	11.36	11383000
2011-09-27	12.26	12.52	11.97	12.11	14402400
2011-09-28	12.04	12.50	11.97	12.31	12764400
2011-09-29	12.77	12.77	12.34	12.35	12411400
2011-09-30	12.43	12.66	12.43	12.49	13354000
2011-10-03	11.94	12.56	11.94	12.27	14171800
2011-10-04	12.85	12.89	11.65	11.72	16988600
2011-10-05	13.31	13.34	12.62	12.87	13292800
2011-10-06	13.60	13.66	13.14	13.24	10091000
2011-10-07	13.03	13.69	13.01	13.67	12697200
2011-10-10	13.72	13.72	13.31	13.31	7767600
2011-10-11	13.86	13.97	13.53	13.62	7246200
2011-10-12	14.45	14.91	14.04	14.11	14787600
2011-10-13	14.33	14.40	14.02	14.32	9123400
2011-10-14	14.69	14.83	14.36	14.57	7875000
2011-10-17	14.11	14.59	14.09	14.58	9187600
2011-10-18	14.90	15.04	13.85	14.17	12890600
2011-10-19	14.60	15.07	14.52	14.85	8931800
2011-10-20	14.72	14.80	14.31	14.70	10298200
2011-10-21	15.20	15.35	14.85	14.95	8562800
2011-10-24	15.42	15.58	15.19	15.26	9592200
2011-10-25	14.85	15.32	14.79	15.32	8021600
2011-10-26	15.31	15.44	14.74	15.17	8502600
2011-10-27	16.64	17.07	16.31	16.35	17083000
2011-10-28	16.63	16.84	16.47	16.66	8807200
2011-10-31	16.04	16.45	15.94	16.14	8785000
2011-11-01	15.29	15.71	14.90	15.29	14659400
2011-11-02	15.83	15.93	15.53	15.67	10250600
2011-11-03	16.26	16.31	15.66	16.05	9460400
2011-11-04	16.11	16.20	15.86	16.04	5485800
2011-11-07	16.23	16.26	15.80	16.09	5921400
2011-11-08	16.52	16.56	16.10	16.36	6269800
2011-11-09	15.43	15.99	15.36	15.99	11777800
2011-11-10	15.55	15.83	15.40	15.73	8182200
2011-11-11	15.96	16.10	15.73	15.73	5710000
2011-11-14	15.88	15.98	15.72	15.86	4995600
2011-11-15	15.84	15.99	15.56	15.77	4661200
2011-11-16	15.52	15.98	15.49	15.75	7408000
2011-11-17	15.04	15.66	14.95	15.50	9754200
2011-11-18	15.05	15.14	14.87	15.10	6554200
2011-11-21	14.72	14.81	14.43	14.81	7810200
2011-11-22	14.70	14.73	14.22	14.29	7958200
2011-11-23	14.15	14.54	14.13	14.52	7497200
2011-11-25	14.00	14.39	13.95	14.08	4417200
2011-11-28	14.60	14.75	14.41	14.48	6597200
2011-11-29	14.65	14.80	14.52	14.61	6605600
2011-11-30	15.57	15.59	15.10	15.16	7996200
2011-12-01	15.43	15.58	15.29	15.54	5002600
2011-12-02	15.67	15.90	15.53	15.53	8187600
2011-12-05	15.92	16.33	15.75	15.91	7457600
2011-12-06	16.06	16.20	15.79	15.99	6670000
2011-12-07	16.06	16.19	15.70	15.93	7072400
2011-12-08	15.30	15.96	15.25	15.94	8398000
2011-12-09	15.69	15.78	15.42	15.42	8253000
2011-12-12	15.37	15.44	15.10	15.44	6168200
2011-12-13	15.14	15.65	14.92	15.54	8134400
2011-12-14	14.92	15.19	14.81	15.06	7651200
2011-12-15	14.77	15.25	14.74	15.19	9810600
2011-12-16	14.66	14.96	14.60	14.86	11111800
2011-12-19	14.21	14.82	14.18	14.68	8303600
2011-12-20	14.64	14.80	14.49	14.54	10927400
2011-12-21	14.95	15.02	14.60	14.69	7634400
2011-12-22	15.20	15.27	14.89	14.99	5010000
2011-12-23	15.44	15.44	15.13	15.25	4187000
2011-12-27	15.52	15.59	15.41	15.42	4099200
2011-12-28	15.20	15.55	15.13	15.52	4736600
2011-12-29	15.51	15.59	15.23	15.25	5098600
2011-12-30	15.51	15.66	15.42	15.42	3794800
2012-01-03	16.09	16.22	15.92	15.94	7001600
2012-01-04	15.97	16.04	15.79	16.04	6713400
2012-01-05	16.08	16.23	15.53	15.80	6241400
2012-01-06	15.86	16.10	15.82	16.08	4759600
2012-01-09	15.49	15.66	15.22	15.58	11966000
2012-01-10	15.72	15.86	15.66	15.74	9027600
2012-01-11	15.85	15.87	15.59	15.66	7498200
2012-01-12	15.80	16.08	15.59	15.94	7712000
2012-01-13	15.48	15.57	15.16	15.55	8367200
2012-01-17	15.68	15.84	15.62	15.71	7991200
2012-01-18	16.19	16.25	15.56	15.69	8129800
2012-01-19	16.89	16.94	16.33	16.33	17282000
2012-01-20	17.17	17.19	16.80	16.90	9318000
2012-01-23	17.22	17.44	17.10	17.18	5663800
2012-01-24	17.59	17.65	17.00	17.10	8804400
2012-01-25	17.62	17.64	17.33	17.48	8024800
2012-01-26	17.48	17.77	17.31	17.77	8669600
2012-01-27	17.58	17.66	17.30	17.37	8056200
2012-01-30	17.35	17.42	17.09	17.38	8857800
2012-01-31	17.29	17.65	17.25	17.61	10328800
2012-02-01	17.30	17.51	16.70	17.27	19553600
2012-02-02	17.38	17.44	17.11	17.38	6849200
2012-02-03	17.91	18.04	17.55	17.63	9692400
2012-02-06	17.78	17.84	17.66	17.76	4911800
2012-02-07	17.66	17.88	17.57	17.68	6365400
2012-02-08	17.70	17.76	17.54	17.68	4894800
2012-02-09	17.57	17.81	17.40	17.74	5782600
2012-02-10	17.32	17.37	17.20	17.35	5551200
2012-02-13	17.65	17.72	17.46	17.46	5952000
2012-02-14	17.52	17.60	17.31	17.56	6218600
2012-02-15	17.35	17.70	17.26	17.63	5747400
2012-02-16	17.39	17.54	17.23	17.27	6838000
2012-02-17	17.33	17.44	17.21	17.43	6875800
2012-02-21	17.29	17.52	17.22	17.40	6357000
2012-02-22	16.95	17.29	16.94	17.26	7179800
2012-02-23	17.05	17.13	16.92	16.95	6247600
2012-02-24	16.93	17.23	16.89	17.14	5809200
2012-02-27	16.85	16.91	16.67	16.83	5892800
2012-02-28	16.92	16.96	16.65	16.90	6076200
2012-02-29	17.05	17.30	16.97	16.97	8551600
2012-03-01	17.11	17.35	17.02	17.10	5719800
2012-03-02	16.99	17.15	16.94	17.12	4561400
2012-03-05	16.97	17.07	16.85	16.90	3569600
2012-03-06	16.32	16.75	16.21	16.73	8398200
2012-03-07	16.35	16.50	16.31	16.46	6597000
2012-03-08	16.15	16.47	16.01	16.47	9064000
2012-03-09	16.30	16.44	16.04	16.13	7738200
2012-03-12	16.14	16.33	16.07	16.30	4713600
2012-03-13	16.63	16.63	16.17	16.26	6155400
2012-03-14	16.68	16.81	16.51	16.60	6552400
2012-03-15	17.14	17.15	16.62	16.70	7797400
2012-03-16	16.91	17.27	16.88	17.16	7179800
2012-03-19	17.17	17.40	16.89	16.92	8479200
2012-03-20	17.16	17.28	16.94	17.05	6274600
2012-03-21	16.85	17.19	16.80	17.19	7194000
2012-03-22	16.46	16.75	16.36	16.73	6268800
2012-03-23	16.50	16.57	16.39	16.49	4472400
2012-03-26	16.91	16.94	16.61	16.69	9606400
2012-03-27	16.83	17.02	16.75	16.98	4281400
2012-03-28	16.78	16.90	16.55	16.83	4848000
2012-03-29	16.53	16.72	16.32	16.66	7514000
2012-03-30	16.60	16.70	16.43	16.63	4207800
2012-04-02	16.75	16.81	16.51	16.56	5919200
2012-04-03	16.54	16.77	16.33	16.67	6128200
2012-04-04	16.25	16.34	16.10	16.34	5848600
2012-04-05	16.17	16.23	16.03	16.16	4357200
2012-04-09	15.74	15.87	15.67	15.86	4989800
2012-04-10	15.24	15.79	15.17	15.65	10603800
2012-04-11	15.53	15.58	15.34	15.47	7745800
2012-04-12	15.95	15.97	15.55	15.55	8141600
2012-04-13	15.47	15.95	15.47	15.93	7240200
2012-04-16	15.45	15.63	15.32	15.47	5152400
2012-04-17	15.77	15.82	15.43	15.62	6105600
2012-04-18	15.45	15.68	15.39	15.68	5975800
2012-04-19	15.26	15.51	15.13	15.47	8447200
2012-04-20	15.02	15.44	15.01	15.31	9899400
2012-04-23	14.93	14.97	14.62	14.80	15442400
2012-04-24	15.16	15.36	14.96	15.02	9949200
2012-04-25	16.33	16.49	15.89	15.97	18517000
2012-04-26	16.25	16.33	15.99	16.29	9315200
2012-04-27	16.30	16.39	16.08	16.32	6035600
2012-04-30	16.25	16.28	16.07	16.22	5803800
2012-05-01	16.42	16.66	16.19	16.23	9576600
2012-05-02	16.24	16.38	16.03	16.38	5985800
2012-05-03	16.01	16.35	15.99	16.24	7377200
2012-05-04	15.69	15.94	15.56	15.90	6964200
2012-05-07	15.79	15.81	15.52	15.63	6281200
2012-05-08	15.73	15.77	15.45	15.61	6431200
2012-05-09	15.44	15.61	15.31	15.48	6194200
2012-05-10	15.55	15.79	15.50	15.64	6135400
2012-05-11	15.65	15.86	15.31	15.37	6083200
2012-05-14	15.54	15.64	15.38	15.43	6942000
2012-05-15	15.48	15.70	15.40	15.45	8248200
2012-05-16	15.13	15.84	15.13	15.66	8464400
2012-05-17	14.48	15.05	14.42	14.97	14681400
2012-05-18	14.21	14.69	14.15	14.58	10285400
2012-05-21	14.45	14.60	14.21	14.41	7249800
2012-05-22	14.59	14.83	14.45	14.51	7660200
2012-05-23	14.49	14.54	14.12	14.46	8051400
2012-05-24	14.43	14.59	14.25	14.59	6161200
2012-05-25	14.26	14.50	14.20	14.42	4783200
2012-05-29	14.64	14.65	14.38	14.42	6578600
2012-05-30	14.42	14.50	14.26	14.48	6850000
2012-05-31	14.58	14.69	14.21	14.46	9097000
2012-06-01	14.06	14.34	14.03	14.25	7754400
2012-06-04	13.98	14.19	13.87	14.09	6910200
2012-06-05	14.14	14.23	13.88	13.88	6897600
2012-06-06	14.74	14.74	14.25	14.32	6432800
2012-06-07	14.87	15.19	14.80	14.89	11450200
2012-06-08	14.78	14.83	14.60	14.82	7354000
2012-06-11	14.55	15.03	14.54	14.99	5623800
2012-06-12	14.78	14.80	14.56	14.57	5411400
2012-06-13	14.65	14.93	14.58	14.72	5309800
2012-06-14	15.14	15.16	14.62	14.69	8566400
2012-06-15	15.27	15.32	15.15	15.22	7046200
2012-06-18	15.04	15.20	14.95	15.20	5076800
2012-06-19	15.36	15.43	15.14	15.16	5007000
2012-06-20	15.42	15.55	15.24	15.40	5018600
2012-06-21	14.94	15.57	14.87	15.47	5709600
2012-06-22	14.95	15.09	14.86	15.04	4841800
2012-06-25	14.43	14.77	14.31	14.77	6596800
2012-06-26	14.63	14.72	14.41	14.49	5153000
2012-06-27	14.82	14.85	14.57	14.66	3731800
2012-06-28	14.91	14.92	14.57	14.62	5433800
2012-06-29	15.49	15.50	15.28	15.34	8063200
2012-07-02	15.58	15.78	15.38	15.59	4734800
2012-07-03	15.77	15.82	15.50	15.58	3109600
2012-07-05	15.62	15.73	15.49	15.63	3517200
2012-07-06	15.50	15.55	15.31	15.42	2863000
2012-07-09	15.48	15.50	15.34	15.46	2984000
2012-07-10	15.38	15.74	15.31	15.58	4711000
2012-07-11	15.62	15.66	15.41	15.43	5471000
2012-07-12	15.43	15.60	15.33	15.52	4332000
2012-07-13	15.86	15.91	15.49	15.55	5330200
2012-07-16	15.71	15.80	15.60	15.79	4300600
2012-07-17	15.86	15.89	15.59	15.83	4932600
2012-07-18	15.96	16.07	15.84	15.92	4558000
2012-07-19	16.02	16.10	15.92	16.01	4154600
2012-07-20	15.74	16.07	15.61	16.01	8867400
2012-07-23	15.42	15.59	15.20	15.59	8854200
2012-07-24	15.28	15.51	15.08	15.42	6339600
2012-07-25	15.02	15.43	14.90	15.38	9218000
2012-07-26	15.08	15.42	14.96	15.31	8299400
2012-07-27	15.82	15.90	15.14	15.22	8079800
2012-07-30	15.94	16.00	15.69	15.75	5109200
2012-07-31	15.92	16.05	15.83	16.05	5543600
2012-08-01	15.93	17.06	15.84	16.05	19991000
2012-08-02	15.69	15.84	15.42	15.82	11320200
2012-08-03	16.21	16.35	15.93	16.03	7533000
2012-08-06	16.34	16.45	16.21	16.26	4397000
2012-08-07	16.56	16.71	16.38	16.44	6704000
2012-08-08	16.65	16.70	16.44	16.44	3753400
2012-08-09	16.62	16.70	16.38	16.44	5128400
2012-08-10	16.68	16.71	16.47	16.56	3995400
2012-08-13	16.69	16.76	16.57	16.71	3954400
2012-08-14	16.57	16.86	16.52	16.81	3923400
2012-08-15	16.72	16.81	16.53	16.56	3613400
2012-08-16	16.81	16.87	16.62	16.74	4036400
2012-08-17	16.89	16.91	16.68	16.84	3990800
2012-08-20	16.89	16.95	16.75	16.83	4198200
2012-08-21	17.04	17.18	16.89	16.98	7355200
2012-08-22	16.88	17.03	16.77	17.00	3411200
2012-08-23	16.74	16.86	16.66	16.85	3042000
2012-08-24	16.92	16.96	16.67	16.69	4462600
2012-08-27	16.90	17.04	16.86	16.98	3100200
2012-08-28	16.92	17.02	16.82	16.85	2871800
2012-08-29	16.97	17.02	16.87	16.96	2822800
2012-08-30	16.86	16.94	16.76	16.87	2781000
2012-08-31	16.92	17.06	16.85	16.98	5148800
2012-09-04	17.03	17.08	16.82	16.94	3749800
2012-09-05	16.81	17.08	16.78	17.01	5617600
2012-09-06	17.37	17.38	16.94	16.97	6606600
2012-09-07	17.69	17.78	17.42	17.44	7385200
2012-09-10	17.58	17.80	17.58	17.74	4507400
2012-09-11	17.81	17.86	17.59	17.59	5287800
2012-09-12	17.78	17.92	17.68	17.75	4460200
2012-09-13	18.07	18.14	17.55	17.78	5900200
2012-09-14	18.19	18.40	18.10	18.15	5308000
2012-09-17	18.05	18.21	17.96	18.12	4767800
2012-09-18	17.83	17.96	17.75	17.92	5546200
2012-09-19	17.80	17.92	17.73	17.83	4158800
2012-09-20	17.82	17.86	17.59	17.74	4114000
2012-09-21	17.65	17.92	17.64	17.92	5943600
2012-09-24	17.70	17.82	17.58	17.60	3936600
2012-09-25	17.42	17.88	17.42	17.76	5018400
2012-09-26	17.09	17.39	16.98	17.38	6583000
2012-09-27	17.48	17.50	17.20	17.23	4728600
2012-09-28	17.54	17.61	17.29	17.42	5447400
2012-10-01	17.44	17.76	17.38	17.65	3605800
2012-10-02	17.42	17.62	17.31	17.53	3943600
2012-10-03	17.41	17.54	17.31	17.51	3732800
2012-10-04	17.74	17.76	17.47	17.53	3918000
2012-10-05	17.81	18.00	17.70	17.87	4771800
2012-10-08	17.83	17.87	17.66	17.68	1793600
2012-10-09	17.60	17.88	17.58	17.79	3017200
2012-10-10	17.44	17.64	17.37	17.59	5326400
2012-10-11	17.69	17.79	17.58	17.59	3827600
2012-10-12	17.63	17.72	17.41	17.67	4188200
2012-10-15	17.87	17.89	17.55	17.71	4165200
2012-10-16	18.10	18.20	17.92	17.95	5246000
2012-10-17	18.42	18.45	18.11	18.21	5909600
2012-10-18	18.35	18.48	18.22	18.34	5619400
2012-10-19	18.20	18.39	18.08	18.28	6705400
2012-10-22	18.38	18.38	18.13	18.15	5698800
2012-10-23	18.19	18.23	18.03	18.10	5633400
2012-10-24	18.11	18.42	17.79	18.17	7924000
2012-10-25	18.33	18.38	18.10	18.27	5347800
2012-10-26	18.16	18.33	18.04	18.27	4336200
2012-10-31	18.23	18.37	18.11	18.20	5107800
2012-11-01	18.66	18.71	18.24	18.30	6137400
2012-11-02	18.55	18.77	18.42	18.75	4951400
2012-11-05	18.75	18.79	18.36	18.49	5199200
2012-11-06	19.12	19.22	18.70	18.74	8886800
2012-11-07	18.49	18.85	18.38	18.85	7053200
2012-11-08	18.21	18.69	18.21	18.53	6098400
2012-11-09	18.30	18.41	18.10	18.23	7756000
2012-11-12	18.39	18.41	18.24	18.36	3588200
2012-11-13	18.46	18.67	18.20	18.24	5367800
2012-11-14	18.31	18.71	18.27	18.51	7463600
2012-11-15	18.50	18.71	18.26	18.33	8156600
2012-11-16	18.60	18.62	18.30	18.50	9472000
2012-11-19	18.98	18.98	18.71	18.79	6440400
2012-11-20	18.80	19.00	18.63	18.90	6062000
2012-11-21	18.90	18.90	18.61	18.90	4130800
2012-11-23	19.14	19.15	18.95	19.00	2324400
2012-11-26	19.13	19.18	19.00	19.02	5239200
2012-11-27	19.00	19.18	18.95	19.12	4744400
2012-11-28	19.18	19.20	18.85	18.95	3832200
2012-11-29	19.43	19.46	19.18	19.22	4864000
2012-11-30	19.55	19.60	19.35	19.43	5826600
2012-12-03	19.46	19.65	19.44	19.62	5966400
2012-12-04	19.39	19.51	19.28	19.44	4556800
2012-12-05	19.76	19.83	19.40	19.46	6743800
2012-12-06	19.85	19.85	19.48	19.74	4816000
2012-12-07	19.76	20.06	19.65	19.97	4812600
2012-12-10	19.76	19.86	19.67	19.69	3624200
2012-12-11	19.95	20.00	19.76	19.86	5538000
2012-12-12	19.99	20.26	19.94	20.07	5707000
2012-12-13	19.71	20.10	19.67	19.98	4101000
2012-12-14	19.64	19.79	19.60	19.70	4756400
2012-12-17	19.95	19.96	19.67	19.74	4167000
2012-12-18	20.15	20.18	19.90	19.95	6442000
2012-12-19	20.06	20.22	20.01	20.20	6405800
2012-12-20	20.18	20.18	19.90	20.11	4299000
2012-12-21	19.85	20.07	19.78	20.06	7626000
2012-12-24	19.84	19.91	19.79	19.85	1363800
2012-12-26	19.74	19.93	19.66	19.85	3569200
2012-12-27	19.55	19.77	19.35	19.76	6084600
2012-12-28	19.27	19.48	19.25	19.41	5043400
2012-12-31	19.60	19.60	19.13	19.29	5228800
2013-01-02	19.95	20.08	19.82	20.06	8072800
2013-01-03	19.44	19.78	19.22	19.78	10289000
2013-01-04	19.20	19.60	19.19	19.51	8746400
2013-01-07	19.12	19.13	18.85	19.12	9042200
2013-01-08	19.34	19.34	19.01	19.06	6733600
2013-01-09	19.37	19.44	19.22	19.22	4292400
2013-01-10	19.69	19.70	19.43	19.54	4806800
2013-01-11	19.53	19.68	19.36	19.68	4253400
2013-01-14	19.53	19.64	19.31	19.55	3223800
2013-01-15	19.56	19.59	19.18	19.29	7605200
2013-01-16	19.04	19.48	19.00	19.45	8318400
2013-01-17	18.98	19.17	18.83	19.03	8959600
2013-01-18	18.99	19.10	18.92	19.02	7466600
2013-01-22	19.42	19.47	18.99	19.00	8376200
2013-01-23	19.60	19.67	19.34	19.36	4679000
2013-01-24	19.78	19.90	19.56	19.62	7075000
2013-01-25	19.73	19.83	19.54	19.82	4849800
2013-01-28	19.55	19.83	19.46	19.83	5934200
2013-01-29	19.68	19.71	19.41	19.50	4665400
2013-01-30	19.35	19.67	19.31	19.64	4898800
2013-01-31	19.57	19.63	19.25	19.33	5429000
2013-02-01	19.57	19.76	19.54	19.75	5100200
2013-02-04	19.50	19.54	19.35	19.50	5633200
2013-02-05	19.73	19.95	19.48	19.53	7432200
2013-02-06	18.88	19.23	18.26	19.01	17468400
2013-02-07	18.51	18.90	18.41	18.88	9987600
2013-02-08	18.57	18.63	18.47	18.58	8350200
2013-02-11	18.54	18.59	18.48	18.58	6643600
2013-02-12	18.26	18.53	18.23	18.48	15409800
2013-02-13	18.07	18.40	18.01	18.36	12122400
2013-02-14	18.14	18.18	17.90	17.99	9968800
2013-02-15	18.33	18.36	18.11	18.18	10634000
2013-02-19	18.40	18.43	18.14	18.30	9177000
2013-02-20	18.51	18.67	18.50	18.59	9371400
2013-02-21	18.42	18.51	18.24	18.51	8061000
2013-02-22	18.60	18.60	18.42	18.55	5551000
2013-02-25	18.16	18.68	18.14	18.68	7206200
2013-02-26	18.13	18.37	18.02	18.28	9379400
2013-02-27	18.55	18.61	18.12	18.15	8693800
2013-02-28	18.56	18.73	18.44	18.52	6195600
2013-03-01	18.65	18.82	18.42	18.61	7227200
2013-03-04	18.65	18.68	18.49	18.58	5218000
2013-03-05	18.95	19.04	18.77	18.80	6206800
2013-03-06	18.98	19.14	18.95	19.04	4202200
2013-03-07	19.16	19.18	18.83	19.06	6364800
2013-03-08	18.63	19.30	18.61	19.23	13823600
2013-03-11	18.97	18.97	18.57	18.61	7024200
2013-03-12	18.85	18.94	18.79	18.91	5429400
2013-03-13	18.81	18.91	18.74	18.87	4309600
2013-03-14	18.82	18.96	18.76	18.91	5324200
2013-03-15	18.98	18.98	18.77	18.82	8249800
2013-03-18	18.66	18.81	18.62	18.75	6572400
2013-03-19	18.51	18.74	18.42	18.73	6906000
2013-03-20	18.84	18.91	18.58	18.64	6676800
2013-03-21	18.97	19.08	18.67	18.77	9152200
2013-03-22	19.26	19.26	18.98	19.04	6202000
2013-03-25	19.14	19.31	19.01	19.31	4555600
2013-03-26	19.50	19.50	19.18	19.26	7772400
2013-03-27	19.29	19.36	19.19	19.35	4599400
2013-03-28	19.33	19.35	19.17	19.29	3891800
2013-04-01	19.37	19.42	19.21	19.34	4906200
2013-04-02	19.65	19.92	19.46	19.49	7323000
2013-04-03	19.58	19.69	19.49	19.69	8062400
2013-04-04	19.13	19.53	19.02	19.50	10670600
2013-04-05	18.39	18.87	18.27	18.87	12176600
2013-04-08	18.43	18.46	18.03	18.46	7760800
2013-04-09	18.48	18.62	18.34	18.42	4998800
2013-04-10	18.65	18.72	18.47	18.53	6356200
2013-04-11	18.51	18.72	18.45	18.68	5701200
2013-04-12	18.62	18.62	18.37	18.39	4408000
2013-04-15	18.19	18.61	18.19	18.55	6567200
2013-04-16	18.65	18.68	18.29	18.33	4939600
2013-04-17	18.26	18.48	18.17	18.48	6589600
2013-04-18	18.17	18.33	18.04	18.27	4936000
2013-04-19	18.35	18.39	18.20	18.26	7582000
2013-04-22	18.47	18.52	18.19	18.38	3826600
2013-04-23	18.82	18.88	18.49	18.55	7202400
2013-04-24	19.16	19.17	18.85	18.86	6783000
2013-04-25	19.53	19.69	19.03	19.03	12658600
2013-04-26	19.76	19.81	19.57	19.65	8770200
2013-04-29	20.08	20.21	19.76	19.82	7529000
2013-04-30	20.23	20.33	20.05	20.06	6032200
2013-05-01	20.20	20.42	20.17	20.17	4387600
2013-05-02	20.41	20.47	20.20	20.30	5224600
2013-05-03	20.57	20.77	20.55	20.61	4793200
2013-05-06	20.66	20.78	20.56	20.57	3486400
2013-05-07	20.57	20.72	20.43	20.65	5573800
2013-05-08	20.77	20.82	20.51	20.54	4178000
2013-05-09	20.38	20.82	20.34	20.78	7652800
2013-05-10	20.04	20.36	19.90	20.33	9170000
2013-05-13	20.00	20.06	19.88	20.04	5745000
2013-05-14	20.27	20.30	20.02	20.04	6409600
2013-05-15	20.36	20.40	20.20	20.24	5169200
2013-05-16	20.18	20.39	20.10	20.25	5786400
2013-05-17	20.52	20.54	20.19	20.22	7079200
2013-05-20	20.78	20.90	20.48	20.48	7233600
2013-05-21	20.88	21.06	20.61	20.77	7680200
2013-05-22	20.69	21.23	20.60	20.94	7899400
2013-05-23	20.59	20.65	20.37	20.44	5287600
2013-05-24	20.54	20.56	20.20	20.50	4185000
2013-05-28	20.60	20.98	20.60	20.80	4322600
2013-05-29	20.82	20.93	20.39	20.43	4974000
2013-05-30	21.13	21.30	20.84	20.88	4507200
2013-05-31	20.82	21.27	20.82	21.11	5188800
2013-06-03	21.09	21.11	20.60	20.88	6060000
2013-06-04	20.87	21.21	20.72	21.12	5020400
2013-06-05	20.63	20.85	20.54	20.80	4817400
2013-06-06	21.15	21.22	20.48	20.63	7153400
2013-06-07	21.32	21.40	21.07	21.26	7417600
2013-06-10	21.24	21.49	21.20	21.39	5857600
2013-06-11	21.09	21.24	20.99	21.05	7462400
2013-06-12	20.97	21.30	20.94	21.24	4782800
2013-06-13	21.48	21.55	20.96	20.97	5463600
2013-06-14	21.50	21.86	21.37	21.57	5524600
2013-06-17	21.53	21.70	21.44	21.64	5645600
2013-06-18	21.60	21.67	21.49	21.58	4978000
2013-06-19	21.44	21.97	21.39	21.65	7155200
2013-06-20	21.29	21.51	21.21	21.22	5727400
2013-06-21	21.18	21.52	21.08	21.52	6771000
2013-06-24	20.82	21.06	20.64	21.01	5260200
2013-06-25	21.24	21.36	20.88	20.99	4361200
2013-06-26	21.41	21.56	21.25	21.48	3205400
2013-06-27	21.76	21.80	21.46	21.55	5485400
2013-06-28	21.73	21.89	21.48	21.70	5211000
2013-07-01	21.56	21.92	21.49	21.88	5308000
2013-07-02	21.23	21.63	21.17	21.51	5381800
2013-07-03	21.16	21.22	20.97	21.11	2678000
2013-07-05	21.37	21.40	21.15	21.31	3769000
2013-07-08	21.69	21.78	21.45	21.46	4289000
2013-07-09	21.88	21.94	21.69	21.81	3821000
2013-07-10	21.87	21.95	21.72	21.83	3255600
2013-07-11	22.15	22.20	21.94	22.09	3749000
2013-07-12	22.11	22.20	21.84	22.17	3691200
2013-07-15	22.02	22.11	21.88	22.08	4167000
2013-07-16	22.13	22.18	22.03	22.03	3865200
2013-07-17	22.08	22.27	22.03	22.17	2629400
2013-07-18	22.18	22.29	22.09	22.19	3814800
2013-07-19	22.20	22.24	21.94	22.22	6896000
2013-07-22	22.50	22.56	22.16	22.21	3512200
2013-07-23	22.33	22.62	22.27	22.57	4764200
2013-07-24	22.77	22.92	22.02	22.43	9458000
2013-07-25	22.60	22.69	22.34	22.68	5001200
2013-07-26	22.84	22.85	22.32	22.51	3960400
2013-07-29	22.81	22.94	22.65	22.83	2834400
2013-07-30	22.75	22.98	22.72	22.88	3630400
2013-07-31	23.06	23.39	22.44	22.73	7325400
2013-08-01	23.76	23.79	23.26	23.33	5749000
2013-08-02	23.28	23.69	23.21	23.69	4403600
2013-08-05	23.21	23.37	23.11	23.32	3908800
2013-08-06	23.07	23.32	22.92	23.20	3647800
2013-08-07	22.91	23.01	22.84	22.95	2836800
2013-08-08	23.15	23.24	22.81	22.98	4172800
2013-08-09	23.00	23.19	22.90	23.11	4026800
2013-08-12	23.00	23.04	22.78	22.80	3429200
2013-08-13	23.16	23.20	22.89	23.01	3072800
2013-08-14	23.06	23.17	22.95	23.14	3304000
2013-08-15	22.58	22.86	22.50	22.79	4875200
2013-08-16	22.63	22.73	22.47	22.52	5093200
2013-08-19	22.37	22.62	22.36	22.56	4265800
2013-08-20	22.50	22.57	22.20	22.37	2408800
2013-08-21	22.29	22.48	22.18	22.48	3438000
2013-08-22	22.54	22.63	22.34	22.38	2479600
2013-08-23	22.50	22.65	22.39	22.58	2529000
2013-08-26	22.33	22.58	22.32	22.52	2383400
2013-08-27	21.72	22.09	21.72	22.07	4388800
2013-08-28	21.72	21.96	21.71	21.77	3264600
2013-08-29	21.78	21.98	21.57	21.72	2698400
2013-08-30	21.73	21.89	21.64	21.84	3553800
2013-09-03	21.87	22.24	21.67	22.01	2875400
2013-09-04	22.17	22.33	21.86	21.91	3182000
2013-09-05	22.16	22.31	22.10	22.15	2136000
2013-09-06	21.95	22.19	21.72	22.19	2943400
2013-09-09	22.21	22.21	21.95	22.01	3278600
2013-09-10	22.53	22.58	22.29	22.36	3512000
2013-09-11	22.87	22.92	22.50	22.54	4364200
2013-09-12	22.89	23.01	22.76	22.90	3405800
2013-09-13	22.95	23.00	22.89	22.96	3808000
2013-09-16	23.27	23.36	23.19	23.32	4303800
2013-09-17	23.40	23.43	23.25	23.27	2722600
2013-09-18	23.64	23.68	23.27	23.35	5581600
2013-09-19	23.38	23.69	23.29	23.68	5934400
2013-09-20	23.44	23.56	23.32	23.42	5160400
2013-09-23	23.32	23.48	23.23	23.32	3813800
2013-09-24	23.32	23.51	23.27	23.29	5173000
2013-09-25	23.39	23.49	23.28	23.37	2873600
2013-09-26	23.51	23.56	23.35	23.38	2876400
2013-09-27	23.39	23.50	23.30	23.35	3378200
2013-09-30	23.31	23.39	23.05	23.13	4220000
2013-10-01	23.85	23.85	23.54	23.54	4336400
2013-10-02	23.77	23.77	23.51	23.69	4061200
2013-10-03	23.66	23.76	23.38	23.66	3446600
2013-10-04	23.97	24.04	23.61	23.62	3149200
2013-10-07	23.66	23.87	23.66	23.76	2409400
2013-10-08	23.37	23.74	23.36	23.63	3697600
2013-10-09	23.42	23.52	23.30	23.42	2890600
2013-10-10	23.92	23.94	23.68	23.71	3202800
2013-10-11	24.25	24.26	23.86	23.93	3535400
2013-10-14	24.25	24.31	23.92	24.09	2263000
2013-10-15	24.19	24.36	24.11	24.15	3722600
2013-10-16	24.68	24.72	24.29	24.36	4906600
2013-10-17	24.86	24.89	24.56	24.62	3197800
2013-10-18	24.74	24.88	24.42	24.88	7092600
2013-10-21	24.63	24.77	24.47	24.62	4088200
2013-10-22	24.84	25.01	24.73	24.74	3423800
2013-10-23	24.67	24.82	24.49	24.80	2514400
2013-10-24	24.87	24.89	24.56	24.76	2610400
2013-10-25	24.93	24.94	24.76	24.86	3421200
2013-10-28	25.00	25.12	24.81	24.91	3268400
2013-10-29	25.20	25.20	25.01	25.08	3821400
2013-10-30	24.45	24.74	24.07	24.32	12673400
2013-10-31	24.44	24.57	24.31	24.36	6727600
2013-11-01	24.48	24.61	24.41	24.51	4057600
2013-11-04	24.47	24.50	24.25	24.45	5009800
2013-11-05	24.24	24.47	24.21	24.44	4621800
2013-11-06	24.38	24.46	24.25	24.29	3595400
2013-11-07	24.17	24.66	24.15	24.41	4458000
2013-11-08	24.73	24.75	24.21	24.23	5462000
2013-11-11	24.70	24.82	24.63	24.66	2792000
2013-11-12	24.54	24.74	24.44	24.59	3418800
2013-11-13	24.92	24.92	24.53	24.59	4172800
2013-11-14	25.37	25.38	24.89	24.92	4297600
2013-11-15	25.38	25.39	24.98	25.27	5537600
2013-11-18	25.30	25.51	25.25	25.41	4497200
2013-11-19	25.06	25.34	25.04	25.30	3298000
2013-11-20	25.04	25.18	24.97	25.09	2756800
2013-11-21	25.16	25.26	24.99	25.04	3845400
2013-11-22	25.17	25.22	25.03	25.04	2758800
2013-11-25	25.04	25.26	25.00	25.15	2183000
2013-11-26	25.12	25.25	25.05	25.05	3224800
2013-11-27	25.12	25.22	25.05	25.21	2340200
2013-11-29	25.10	25.32	25.09	25.17	1882000
2013-12-02	25.05	25.42	25.00	25.09	3772800
2013-12-03	24.78	25.07	24.63	24.96	4596000
2013-12-04	24.85	25.01	24.66	24.77	3349200
2013-12-05	24.84	25.09	24.71	24.75	3877800
2013-12-06	25.20	25.23	25.00	25.12	2920200
2013-12-09	25.13	25.26	25.05	25.18	3384800
2013-12-10	25.06	25.10	24.96	25.04	3388000
2013-12-11	24.85	25.05	24.80	25.05	3827400
2013-12-12	24.82	24.95	24.78	24.89	4572000
2013-12-13	24.94	25.05	24.81	24.93	2632600
2013-12-16	25.09	25.19	24.95	25.02	2903800
2013-12-17	24.96	25.12	24.91	25.10	2893400
2013-12-18	25.18	25.21	24.76	25.06	6369400
2013-12-19	24.96	25.11	24.92	25.05	4932200
2013-12-20	24.82	25.15	24.79	24.93	8480800
2013-12-23	25.09	25.18	24.95	24.99	4476600
2013-12-24	25.14	25.16	25.01	25.04	1768200
2013-12-26	25.38	25.50	25.08	25.11	2626800
2013-12-27	25.43	25.48	25.29	25.39	1980600
2013-12-30	25.22	25.57	25.20	25.43	3901200
2013-12-31	25.26	25.34	25.18	25.29	2420200
2014-01-02	24.94	25.22	24.88	25.19	3829400
2014-01-03	25.01	25.16	24.98	24.99	2558200
2014-01-06	24.53	25.06	24.32	25.03	8488400
2014-01-07	24.61	24.78	24.53	24.59	3826200
2014-01-08	24.44	24.64	24.36	24.57	3451800
2014-01-09	24.30	24.52	24.23	24.46	4623800
2014-01-10	24.64	24.68	24.24	24.42	3674400
2014-01-13	24.24	24.58	24.20	24.51	4819600
2014-01-14	24.46	24.51	24.28	24.35	3555600
2014-01-15	24.56	24.62	24.46	24.47	4039800
2014-01-16	24.51	24.64	24.41	24.50	3316600
2014-01-17	24.47	24.76	24.43	24.51	4288800
2014-01-21	24.51	24.68	24.36	24.55	4355200
2014-01-22	24.35	24.57	24.29	24.53	2792200
2014-01-23	24.03	24.31	23.92	24.28	4045400
2014-01-24	23.55	24.05	23.55	23.93	6343800
2014-01-27	23.36	23.66	23.19	23.51	5636600
2014-01-28	23.61	23.65	23.38	23.38	3576400
2014-01-29	23.49	23.77	23.34	23.35	4996400
2014-01-30	23.90	23.95	23.61	23.65	3148000
2014-01-31	23.74	23.95	23.45	23.53	4406800
2014-02-03	22.96	23.79	22.95	23.77	6068200
2014-02-04	23.24	23.31	22.99	23.06	4873400
2014-02-05	23.35	23.56	22.86	23.41	5432200
2014-02-06	23.34	23.44	23.21	23.29	4344200
2014-02-07	23.70	23.74	23.25	23.36	4629200
2014-02-10	23.61	23.82	23.50	23.64	3748000
2014-02-11	23.60	23.68	23.36	23.60	4700000
2014-02-12	23.87	23.95	23.70	23.71	3235800
2014-02-13	23.88	23.90	23.58	23.65	2606800
2014-02-14	24.01	24.06	23.83	23.84	2959000
2014-02-18	23.98	24.02	23.90	24.00	2779400
2014-02-19	23.75	24.21	23.74	23.87	3171400
2014-02-20	23.93	23.99	23.71	23.80	3058000
2014-02-21	23.71	23.96	23.63	23.95	4744600
2014-02-24	23.70	23.92	23.68	23.68	3762400
2014-02-25	23.78	23.90	23.64	23.71	3655400
2014-02-26	23.81	23.96	23.74	23.88	2960800
2014-02-27	24.11	24.12	23.77	23.77	3061000
2014-02-28	24.37	24.53	24.11	24.11	5069400
2014-03-03	24.35	24.46	23.96	24.10	4238400
2014-03-04	24.77	24.83	24.51	24.57	4276400
2014-03-05	24.73	24.76	24.57	24.71	2856800
2014-03-06	24.81	24.96	24.76	24.77	2711800
2014-03-07	24.96	25.11	24.84	24.94	2731200
2014-03-10	24.93	25.06	24.80	24.96	2188000
2014-03-11	24.71	24.98	24.62	24.98	3019400
2014-03-12	24.68	24.74	24.53	24.58	2013200
2014-03-13	24.41	24.80	24.36	24.76	3055600
2014-03-14	24.39	24.57	24.31	24.37	2366400
2014-03-17	24.28	24.58	24.22	24.51	3528600
2014-03-18	24.46	24.57	24.34	24.35	2210400
2014-03-19	24.10	24.52	23.96	24.47	4302600
2014-03-20	24.04	24.21	23.94	24.05	5772200
2014-03-21	23.96	24.17	23.94	24.10	11588200
2014-03-24	23.85	24.15	23.85	24.05	4403200
2014-03-25	23.94	24.11	23.91	23.99	3706600
2014-03-26	23.85	24.13	23.84	24.10	3984800
2014-03-27	23.69	23.85	23.62	23.83	3126400
2014-03-28	23.83	24.02	23.72	23.76	2470200
2014-03-31	23.98	24.05	23.89	23.99	3534400
2014-04-01	24.09	24.20	23.97	24.14	3366200
2014-04-02	24.14	24.28	23.94	23.98	2624200
2014-04-03	24.35	24.41	24.18	24.26	2618000
2014-04-04	24.07	24.52	24.05	24.48	2678200
2014-04-07	23.48	24.07	23.48	24.05	3607000
2014-04-08	23.72	23.78	23.28	23.39	3741400
2014-04-09	23.96	23.99	23.61	23.83	3465200
2014-04-10	23.49	24.11	23.49	23.98	4936800
2014-04-11	23.14	23.69	23.12	23.36	6117400
2014-04-14	23.28	23.51	23.05	23.39	6798200
2014-04-15	23.44	23.51	23.15	23.31	2876400
2014-04-16	23.82	23.82	23.58	23.64	3231400
2014-04-17	23.98	24.05	23.78	23.78	3117600
2014-04-21	23.85	23.95	23.78	23.83	2294200
2014-04-22	23.88	23.98	23.70	23.83	3289200
2014-04-23	23.85	23.93	23.75	23.88	2937000
2014-04-24	23.64	23.93	23.52	23.93	4145800
2014-04-25	23.52	23.63	23.41	23.59	3491400
2014-04-28	23.53	23.72	23.26	23.67	4222200
2014-04-29	24.10	24.15	23.63	23.64	7409600
2014-04-30	23.86	23.93	23.53	23.58	5000200
2014-05-01	24.03	24.15	23.75	23.85	3340800
2014-05-02	24.02	24.17	23.85	24.03	3046600
2014-05-05	23.84	23.97	23.75	23.89	2844400
2014-05-06	23.53	23.74	23.52	23.69	3404000
2014-05-07	23.81	23.82	23.56	23.63	3167400
2014-05-08	23.97	24.06	23.77	23.79	2834200
2014-05-09	23.96	24.03	23.76	23.95	2007800
2014-05-12	24.09	24.11	23.93	24.03	2778800
2014-05-13	24.24	24.31	24.06	24.14	3190600
2014-05-14	23.93	24.19	23.89	24.17	4023000
2014-05-15	23.54	23.82	23.30	23.78	4219800
2014-05-16	23.38	23.53	23.20	23.53	5357000
2014-05-19	23.78	23.84	23.31	23.31	3407000
2014-05-20	23.57	23.78	23.37	23.76	3184400
2014-05-21	23.79	23.82	23.61	23.70	2232600
2014-05-22	23.67	23.75	23.44	23.75	3466800
2014-05-23	23.46	23.60	23.36	23.42	3394600
2014-05-27	23.47	23.68	23.34	23.44	4090800
2014-05-28	23.32	23.54	23.29	23.48	4377600
2014-05-29	23.51	23.57	23.32	23.36	3928600
2014-05-30	23.43	23.54	23.37	23.51	3740800
2014-06-02	23.52	23.68	23.42	23.54	2539000
2014-06-03	23.50	23.60	23.44	23.52	4195800
2014-06-04	23.70	23.85	23.51	23.51	3364400
2014-06-05	23.71	23.75	23.58	23.72	3587600
2014-06-06	23.93	24.03	23.70	23.73	3385600
2014-06-09	24.14	24.30	23.88	23.90	5070200
2014-06-10	24.22	24.31	24.06	24.12	5125400
2014-06-11	23.88	24.18	23.88	24.07	3593800
2014-06-12	23.76	23.95	23.68	23.88	2823400
2014-06-13	23.71	23.91	23.66	23.76	2464000
2014-06-16	23.78	23.86	23.59	23.65	3682400
2014-06-17	24.09	24.17	23.70	23.72	3220200
2014-06-18	24.12	24.16	23.98	24.15	2857800
2014-06-19	24.04	24.13	23.93	24.13	2674400
2014-06-20	24.15	24.25	24.01	24.12	3514400
2014-06-23	24.09	24.19	23.99	24.18	2945800
2014-06-24	23.91	24.14	23.90	24.04	2245800
2014-06-25	23.96	23.96	23.75	23.77	2312800
2014-06-26	23.97	23.99	23.72	23.93	2109600
2014-06-27	24.00	24.05	23.82	23.91	4351800
2014-06-30	23.82	24.04	23.78	23.93	3253800
2014-07-01	23.98	24.09	23.83	23.83	2388600
2014-07-02	23.93	24.16	23.86	24.04	2823400
2014-07-03	24.22	24.32	24.01	24.05	2376600
2014-07-07	24.27	24.28	24.02	24.17	3982400
2014-07-08	24.04	24.26	23.99	24.26	4026000
2014-07-09	24.08	24.17	24.01	24.08	2300200
2014-07-10	23.89	23.98	23.78	23.78	2694200
2014-07-11	23.98	24.01	23.75	23.82	2218800
2014-07-14	24.03	24.21	23.97	24.12	2464000
2014-07-15	24.05	24.18	23.93	24.00	2840800
2014-07-16	24.15	24.20	23.96	24.16	2661200
2014-07-17	24.18	24.57	24.03	24.17	3980400
2014-07-18	24.38	24.41	24.13	24.25	3660200
2014-07-21	24.34	24.47	24.24	24.29	2381400
2014-07-22	24.35	24.46	24.30	24.37	2021800
2014-07-23	24.34	24.42	24.20	24.36	1715400
2014-07-24	24.47	24.50	24.31	24.39	1973800
2014-07-25	24.34	24.53	24.25	24.45	2408200
2014-07-28	24.36	24.37	24.08	24.31	2032600
2014-07-29	24.16	24.37	23.99	24.34	4625800
2014-07-30	23.49	23.65	23.16	23.49	8405200
2014-07-31	22.86	23.42	22.82	23.32	6535600
2014-08-01	22.62	22.83	22.39	22.68	6266000
2014-08-04	22.59	22.64	22.39	22.62	4482600
2014-08-05	22.45	22.69	22.39	22.56	3651400
2014-08-06	22.59	22.67	22.43	22.43	3090600
2014-08-07	22.46	22.79	22.41	22.67	3550200
2014-08-08	22.65	22.66	22.39	22.50	2859400
2014-08-11	22.66	22.76	22.53	22.66	2960400
2014-08-12	22.70	22.76	22.60	22.60	2962600
2014-08-13	22.82	22.86	22.67	22.77	3699200
2014-08-14	23.00	23.03	22.81	22.83	2524600
2014-08-15	23.00	23.12	22.74	23.09	4414200
2014-08-18	23.46	23.47	23.10	23.11	7038800
2014-08-19	23.44	23.47	23.34	23.43	4436400
2014-08-20	23.46	23.53	23.33	23.37	6871200
2014-08-21	23.49	23.66	23.35	23.48	7857400
2014-08-22	23.32	23.56	23.30	23.52	3293800
2014-08-25	23.43	23.55	23.34	23.46	2366400
2014-08-26	23.50	23.60	23.45	23.45	2014800
2014-08-27	23.64	23.73	23.52	23.60	2386800
2014-08-28	23.58	23.68	23.42	23.53	2143600
2014-08-29	23.58	23.67	23.52	23.59	2795600
2014-09-02	23.59	23.78	23.52	23.73	4114800
2014-09-03	23.52	23.73	23.50	23.73	3619000
2014-09-04	23.58	23.74	23.52	23.60	2414200
2014-09-05	23.67	23.67	23.49	23.49	2138800
2014-09-08	23.51	23.68	23.44	23.65	2410800
2014-09-09	23.30	23.52	23.25	23.51	4784800
2014-09-10	23.04	23.43	22.94	23.32	5390800
2014-09-11	23.02	23.06	22.91	22.94	4353800
2014-09-12	23.02	23.15	22.87	23.05	4149400
2014-09-15	23.04	23.12	22.85	23.02	2584800
2014-09-16	22.70	22.97	22.63	22.90	9157400
2014-09-17	22.46	22.73	22.44	22.73	7795200
2014-09-18	22.60	22.66	22.53	22.53	5503200
2014-09-19	22.49	22.72	22.38	22.65	8877000
2014-09-22	22.54	22.57	22.43	22.49	5155600
2014-09-23	22.28	22.55	22.28	22.51	4475000
2014-09-24	22.57	22.60	22.31	22.31	3885200
2014-09-25	22.36	22.53	22.28	22.46	5403000
2014-09-26	22.53	22.60	22.33	22.38	3699000
2014-09-29	22.51	22.56	22.22	22.30	2997000
2014-09-30	22.43	22.55	22.36	22.49	6268800
2014-10-01	22.16	22.35	22.10	22.34	8340200
2014-10-02	22.21	22.27	22.00	22.16	5111400
2014-10-03	22.27	22.42	22.19	22.32	4123800
2014-10-06	22.26	22.49	22.16	22.38	3012600
2014-10-07	21.98	22.31	21.97	22.18	4478600
2014-10-08	22.26	22.26	21.79	22.01	5114800
2014-10-09	21.92	22.24	21.89	22.21	5312600
2014-10-10	21.76	22.11	21.76	21.91	3563400
2014-10-13	21.56	21.86	21.54	21.74	4380200
2014-10-14	21.89	22.01	21.57	21.58	5137600
2014-10-15	21.49	21.77	21.19	21.57	8604400
2014-10-16	21.51	21.63	21.17	21.19	8333200
2014-10-17	21.95	21.96	21.62	21.77	10467800
2014-10-20	22.03	22.04	21.78	21.91	3597800
2014-10-21	22.40	22.43	22.14	22.22	3643000
2014-10-22	22.21	22.49	22.21	22.39	3258000
2014-10-23	22.36	22.48	22.31	22.45	4067200
2014-10-24	22.54	22.58	22.28	22.34	2132800
2014-10-27	22.62	22.68	22.41	22.46	3285800
2014-10-28	22.93	22.93	22.63	22.69	3397200
2014-10-29	23.06	23.50	22.86	23.20	7851200
2014-10-30	23.12	23.20	22.86	22.95	4986400
2014-10-31	23.00	23.38	22.85	23.30	8836200
2014-11-03	22.85	23.09	22.78	23.05	6620200
2014-11-04	22.90	23.03	22.76	22.81	5109200
2014-11-05	23.02	23.03	22.78	22.99	4714800
2014-11-06	22.92	23.02	22.79	23.02	4051800
2014-11-07	22.68	22.74	22.56	22.66	6225800
2014-11-10	22.74	22.77	22.60	22.64	3764000
2014-11-11	22.73	22.88	22.68	22.79	3979800
2014-11-12	22.80	22.81	22.54	22.60	3401000
2014-11-13	22.77	22.88	22.69	22.80	3220400
2014-11-14	22.84	22.87	22.71	22.75	4219200
2014-11-17	22.92	22.93	22.65	22.78	4446600
2014-11-18	22.91	22.98	22.85	22.92	3704000
2014-11-19	22.89	22.93	22.81	22.91	2978400
2014-11-20	22.87	22.92	22.69	22.74	3420800
2014-11-21	23.16	23.24	23.09	23.13	4678800
2014-11-24	23.34	23.35	23.17	23.26	3728400
2014-11-25	23.26	23.37	23.26	23.33	5182400
2014-11-26	23.13	23.30	23.07	23.26	2861600
2014-11-28	23.15	23.29	23.13	23.19	2090200
2014-12-01	22.97	23.11	22.91	23.09	3538200
2014-12-02	23.11	23.13	22.97	22.99	3216400
2014-12-03	23.14	23.27	23.01	23.09	2862000
2014-12-04	23.04	23.15	22.87	23.15	2991600
2014-12-05	23.07	23.16	22.97	23.07	3846600
2014-12-08	23.25	23.33	22.97	23.06	4404600
2014-12-09	23.17	23.25	22.91	22.98	4583200
2014-12-10	23.04	23.34	23.02	23.07	6206800
2014-12-11	23.09	23.24	23.04	23.07	4107000
2014-12-12	22.59	23.04	22.58	22.90	5623000
2014-12-15	22.30	22.68	22.24	22.63	5791400
2014-12-16	22.41	22.80	22.11	22.17	6649000
2014-12-17	22.90	22.93	22.47	22.50	5956800
2014-12-18	23.38	23.38	23.06	23.16	4800600
2014-12-19	23.71	23.78	23.36	23.36	6885000
2014-12-22	23.90	23.90	23.70	23.77	4902000
2014-12-23	24.01	24.09	23.85	23.92	3260800
2014-12-24	24.01	24.15	23.90	24.03	1619600
2014-12-26	24.01	24.11	23.99	24.03	1865400
2014-12-29	24.03	24.21	23.92	24.00	2347200
2014-12-30	24.02	24.15	23.88	23.93	1937000
2014-12-31	23.68	24.10	23.66	24.05	3273600
2015-01-02	23.68	23.88	23.51	23.84	2846000
2015-01-05	23.05	23.47	22.96	23.43	4757000
2015-01-06	22.85	23.08	22.79	23.03	5819000
2015-01-07	22.99	23.24	22.90	23.04	3653400
2015-01-08	23.22	23.38	23.05	23.16	4587600
2015-01-09	22.73	23.32	22.69	23.28	5993600
2015-01-12	22.59	22.77	22.46	22.72	3573200
2015-01-13	22.48	22.89	22.33	22.75	3341000
2015-01-14	22.31	22.47	22.08	22.17	4303600
2015-01-15	22.23	22.59	22.21	22.23	4579600
2015-01-16	22.55	22.56	22.16	22.21	3691000
2015-01-20	22.49	22.67	22.28	22.63	4013600
2015-01-21	22.52	22.57	22.27	22.40	5738200
2015-01-22	22.93	22.96	22.49	22.62	3699000
2015-01-23	22.76	22.95	22.75	22.95	2949000
2015-01-26	22.88	22.94	22.62	22.71	2816600
2015-01-27	22.68	22.83	22.53	22.68	3671800
2015-01-28	22.23	22.86	22.23	22.80	4777400
2015-01-29	22.35	22.41	22.07	22.26	3100600
2015-01-30	22.12	22.51	22.06	22.13	4742600
2015-02-02	22.55	22.59	21.86	22.05	4298600
2015-02-03	22.90	22.93	22.62	22.69	4809000
2015-02-04	23.52	23.75	23.26	23.26	6888200
2015-02-05	23.64	23.66	23.35	23.38	5476600
2015-02-06	23.75	23.83	23.59	23.71	4695400
2015-02-09	23.70	23.83	23.55	23.62	3621400
2015-02-10	23.82	23.87	23.60	23.71	3354800
2015-02-11	23.97	24.03	23.76	23.82	4568800
2015-02-12	24.11	24.21	23.94	23.98	5090800
2015-02-13	24.23	24.27	23.99	24.09	5256600
2015-02-17	24.32	24.44	24.06	24.15	3760200
2015-02-18	24.09	24.29	24.05	24.22	2580800
2015-02-19	24.10	24.18	23.97	24.04	2117000
2015-02-20	24.23	24.24	23.80	23.93	3165800
2015-02-23	23.96	24.14	23.88	24.14	3661200
2015-02-24	24.21	24.24	23.92	23.95	4539200
2015-02-25	24.16	24.26	24.08	24.21	3876800
2015-02-26	24.25	24.27	24.10	24.16	3822400
2015-02-27	24.28	24.47	24.16	24.25	4709600
2015-03-02	24.41	24.45	24.19	24.26	2939600
2015-03-03	24.29	24.45	24.24	24.31	3065800
2015-03-04	24.32	24.38	24.07	24.13	3680400
2015-03-05	24.50	24.55	24.28	24.40	4086800
2015-03-06	24.25	24.71	24.21	24.50	6459400
2015-03-09	24.30	24.37	24.27	24.32	4328400
2015-03-10	23.81	24.25	23.81	24.11	5877800
2015-03-11	23.99	24.04	23.86	23.90	3829200
2015-03-12	24.44	24.45	24.13	24.15	3243800
2015-03-13	24.23	24.43	24.04	24.36	3375800
2015-03-16	24.56	24.66	24.34	24.35	3746800
2015-03-17	24.53	24.58	24.36	24.39	3360600
2015-03-18	24.82	24.93	24.35	24.46	5782400
2015-03-19	24.61	24.77	24.39	24.74	3448600
2015-03-20	24.92	25.00	24.61	24.70	8826000
2015-03-23	24.91	25.21	24.91	24.94	5070600
2015-03-24	24.81	25.01	24.79	24.89	3283000
2015-03-25	24.71	24.87	24.64	24.78	4554200
2015-03-26	24.77	24.86	24.55	24.68	4570400
2015-03-27	24.79	24.82	24.59	24.77	3461200
2015-03-30	25.04	25.10	24.82	24.85	3481000
2015-03-31	24.97	25.05	24.79	24.89	3639400
2015-04-01	24.80	24.94	24.70	24.91	3383800
2015-04-02	24.80	24.93	24.70	24.77	3559200
2015-04-06	24.95	25.13	24.61	24.61	3425400
2015-04-07	24.88	25.09	24.87	25.03	2487200
2015-04-08	25.06	25.11	24.82	24.94	2665000
2015-04-09	25.17	25.25	24.96	25.05	2877400
2015-04-10	25.17	25.21	25.07	25.17	2352400
2015-04-13	25.11	25.32	25.05	25.09	3418200
2015-04-14	25.18	25.30	25.07	25.12	2429200
2015-04-15	25.25	25.39	25.18	25.21	2577400
2015-04-16	25.15	25.28	25.10	25.23	2895000
2015-04-17	24.96	25.07	24.81	25.03	3268200
2015-04-20	25.14	25.23	25.06	25.09	1861400
2015-04-21	24.91	25.28	24.74	25.21	2810600
2015-04-22	24.99	25.03	24.75	24.98	2490800
2015-04-23	25.03	25.13	24.86	24.90	2522400
2015-04-24	25.04	25.12	24.94	25.07	2863200
2015-04-27	24.97	25.17	24.94	25.09	2913800
2015-04-28	25.13	25.17	24.82	24.92	3053400
2015-04-29	24.91	25.05	24.24	24.61	7756400
2015-04-30	24.59	25.00	24.57	24.82	6568000
2015-05-01	24.62	24.84	24.50	24.74	4755200
2015-05-04	24.78	24.89	24.69	24.72	3352600
2015-05-05	24.86	25.05	24.64	24.72	4366600
2015-05-06	24.78	25.08	24.63	25.00	3673400
2015-05-07	24.87	25.05	24.72	24.82	4728800
2015-05-08	25.05	25.09	24.84	24.96	3265200
2015-05-11	24.92	25.13	24.91	25.00	3958600
2015-05-12	24.72	24.90	24.70	24.86	4060000
2015-05-13	24.81	24.90	24.67	24.70	3295600
2015-05-14	24.87	25.00	24.82	24.92	3177000
2015-05-15	24.84	24.93	24.65	24.85	3851000
2015-05-18	25.09	25.15	24.84	24.84	3269800
2015-05-19	25.22	25.32	25.04	25.16	4346400
2015-05-20	25.40	25.53	25.09	25.19	4806600
2015-05-21	24.68	25.33	24.66	25.29	9735800
2015-05-22	24.61	24.91	24.55	24.62	5792600
2015-05-26	24.23	24.56	24.19	24.53	7815200
2015-05-27	24.51	24.66	24.30	24.35	4854000
2015-05-28	24.55	24.58	24.32	24.44	3325400
2015-05-29	24.42	24.60	24.35	24.58	4488000
2015-06-01	24.37	24.58	24.33	24.53	4686200
2015-06-02	24.44	24.59	24.33	24.37	4358000
2015-06-03	24.53	24.64	24.42	24.45	3308000
2015-06-04	24.38	24.60	24.35	24.50	3516200
2015-06-05	24.26	24.47	24.22	24.42	3629200
2015-06-08	24.18	24.35	24.17	24.22	3777200
2015-06-09	24.20	24.29	24.07	24.17	2987200
2015-06-10	24.54	24.67	24.31	24.31	2886800
2015-06-11	24.72	24.78	24.53	24.58	3450600
2015-06-12	24.56	24.69	24.41	24.44	3373000
2015-06-15	24.35	24.47	24.28	24.34	3154400
2015-06-16	24.51	24.59	24.27	24.31	3819600
2015-06-17	24.52	24.73	24.48	24.59	3426200
2015-06-18	24.76	24.83	24.57	24.57	3563000
2015-06-19	24.55	24.74	24.54	24.69	4669200
2015-06-22	24.66	24.76	24.59	24.71	2250400
2015-06-23	24.67	24.73	24.58	24.72	3182000
2015-06-24	24.52	24.70	24.51	24.62	2596000
2015-06-25	24.86	25.04	24.72	24.76	8166600
2015-06-26	25.00	25.05	24.75	24.86	5021600
2015-06-29	24.11	24.81	24.10	24.72	6903600
2015-06-30	24.41	24.53	24.20	24.30	4824600
2015-07-01	24.50	24.75	24.39	24.75	3988200
2015-07-02	24.32	24.53	24.19	24.48	2876800
2015-07-06	24.17	24.34	23.97	24.03	3528800
2015-07-07	24.24	24.25	23.82	24.16	4008200
2015-07-08	23.73	24.12	23.64	24.07	3905000
2015-07-09	23.81	24.09	23.77	24.02	4694600
2015-07-10	24.22	24.25	24.07	24.08	5252200
2015-07-13	24.11	24.20	23.78	23.85	11232600
2015-07-14	24.10	24.23	24.01	24.09	6114400
2015-07-15	24.25	24.25	24.08	24.18	5354400
2015-07-16	24.42	24.50	24.27	24.39	3171600
2015-07-17	24.17	24.41	24.02	24.41	3232800
2015-07-20	24.16	24.28	23.96	24.20	4495200
2015-07-21	24.25	24.38	24.14	24.20	3660400
2015-07-22	24.29	24.38	24.18	24.26	3202200
2015-07-23	24.28	24.39	24.19	24.29	3101600
2015-07-24	24.30	24.51	24.24	24.28	4087800
2015-07-27	24.15	24.24	24.00	24.13	2680400
2015-07-28	24.46	24.52	24.10	24.26	4530800
2015-07-29	25.33	25.37	24.38	24.41	8340000
2015-07-30	25.13	25.38	25.07	25.24	5319400
2015-07-31	25.14	25.24	25.09	25.17	4822800
2015-08-03	25.13	25.13	24.88	25.09	3309800
2015-08-04	25.09	25.31	25.06	25.13	3151600
2015-08-05	25.16	25.42	25.15	25.26	3089800
2015-08-06	24.99	25.22	24.95	25.16	4252800
2015-08-07	25.13	25.15	24.90	24.98	3865000
2015-08-10	25.48	25.51	25.27	25.28	3337600
2015-08-11	25.21	25.32	25.06	25.17	2972600
2015-08-12	25.16	25.22	24.77	25.07	4390600
2015-08-13	25.18	25.36	25.10	25.17	2369400
2015-08-14	25.42	25.42	25.17	25.20	3486200
2015-08-17	25.48	25.50	25.07	25.26	3735800
2015-08-18	25.50	25.52	25.39	25.41	2491600
2015-08-19	24.90	25.25	24.78	25.15	8738600
2015-08-20	24.18	24.74	24.17	24.67	7038600
2015-08-21	23.38	24.10	23.36	23.96	6402200
2015-08-24	22.23	22.88	20.30	21.98	10206800
2015-08-25	21.81	22.89	21.78	22.89	6207000
2015-08-26	22.47	22.52	21.97	22.34	6282800
2015-08-27	23.15	23.21	22.64	22.83	5196800
2015-08-28	23.17	23.19	22.91	23.02	4100000
2015-08-31	23.14	23.22	22.87	22.95	4900200
2015-09-01	22.37	22.75	22.28	22.59	5848000
2015-09-02	22.68	22.71	22.35	22.66	4069800
2015-09-03	22.72	22.94	22.62	22.76	4666400
2015-09-04	22.27	22.49	22.19	22.38	4639200
2015-09-08	22.73	22.74	22.55	22.64	6352200
2015-09-09	22.50	23.17	22.47	23.09	4330200
2015-09-10	22.78	22.89	22.53	22.77	4928800
2015-09-11	22.96	22.97	22.65	22.69	4185800
2015-09-14	22.82	22.99	22.76	22.94	2911000
2015-09-15	23.13	23.20	22.86	22.96	2827200
2015-09-16	23.23	23.28	23.04	23.12	2809800
2015-09-17	22.94	23.33	22.88	23.26	4411400
2015-09-18	22.57	22.79	22.47	22.56	7163800
2015-09-21	22.78	22.92	22.62	22.68	3121600
2015-09-22	22.52	22.61	22.35	22.46	4001000
2015-09-23	22.67	22.70	22.43	22.55	3926800
2015-09-24	22.70	22.76	22.44	22.44	4440200
2015-09-25	22.83	23.05	22.74	22.89	3756000
2015-09-28	22.51	22.72	22.44	22.65	3581400
2015-09-29	22.79	22.83	22.46	22.55	3166600
2015-09-30	22.95	23.18	22.83	23.02	3936800
2015-10-01	22.89	23.09	22.71	22.96	3923800
2015-10-02	23.09	23.09	22.42	22.47	4627000
2015-10-05	23.42	23.54	23.13	23.22	3383800
2015-10-06	23.47	23.55	23.32	23.38	3700800
2015-10-07	23.81	23.84	23.23	23.63	3617400
2015-10-08	24.01	24.09	23.67	23.76	3536400
2015-10-09	23.99	24.21	23.86	24.03	3208600
2015-10-12	24.02	24.10	23.93	23.99	2440600
2015-10-13	23.89	24.15	23.86	23.90	2564200
2015-10-14	23.59	23.85	23.54	23.85	3331000
2015-10-15	24.05	24.07	23.61	23.81	3499000
2015-10-16	24.22	24.30	24.10	24.15	3695600
2015-10-19	24.10	24.25	24.00	24.15	3845200
2015-10-20	24.20	24.25	23.82	24.11	7362800
2015-10-21	24.22	24.38	24.19	24.30	4504000
2015-10-22	24.57	24.70	24.35	24.36	5187600
2015-10-23	25.05	25.06	24.64	24.68	6452000
2015-10-26	25.08	25.15	24.96	25.02	7601600
2015-10-27	24.93	25.16	24.82	24.93	6963800
2015-10-28	25.26	25.74	24.59	24.88	9909400
2015-10-29	25.44	25.51	25.06	25.28	5630400
2015-10-30	25.17	25.47	25.17	25.43	6522000
2015-11-02	25.47	25.51	25.24	25.24	3732000
2015-11-03	25.29	25.44	25.22	25.34	5594800
2015-11-04	25.34	25.42	25.22	25.29	4286200
2015-11-05	25.34	25.47	25.26	25.35	3457000
2015-11-06	25.40	25.66	25.27	25.40	6160800
2015-11-09	25.10	25.41	24.99	25.39	5063800
2015-11-10	25.39	25.50	25.05	25.05	4785400
2015-11-11	25.42	25.51	25.32	25.44	4079200
2015-11-12	25.00	25.40	24.99	25.18	5076000
2015-11-13	24.96	25.10	24.83	24.98	4069400
2015-11-16	25.30	25.31	24.75	24.91	4549600
2015-11-17	25.24	25.52	25.16	25.36	4245000
2015-11-18	25.80	25.83	25.22	25.34	5970400
2015-11-19	25.98	26.00	25.74	25.83	4833200
2015-11-20	26.10	26.32	25.96	26.04	5952000
2015-11-23	25.99	26.19	25.96	26.11	3494400
2015-11-24	25.99	26.08	25.79	25.80	3188200
2015-11-25	25.87	26.05	25.86	25.99	2217200
2015-11-27	25.95	26.07	25.88	25.95	1874000
2015-11-30	25.93	26.06	25.80	25.95	5499000
2015-12-01	26.23	26.27	25.99	26.02	4384600
2015-12-02	26.07	26.44	26.04	26.21	4197200
2015-12-03	25.08	26.11	24.89	26.11	10437400
2015-12-04	25.24	25.29	24.96	25.09	6953400
2015-12-07	24.96	25.30	24.82	25.19	5451000
2015-12-08	24.69	24.76	24.51	24.72	5177200
2015-12-09	24.35	24.88	24.24	24.60	3918400
2015-12-10	24.28	24.48	24.23	24.31	3173600
2015-12-11	23.73	24.16	23.60	23.89	3912600
2015-12-14	23.66	23.92	23.44	23.85	4758600
2015-12-15	24.21	24.35	23.92	23.92	5209400
2015-12-16	24.52	24.62	24.24	24.33	4028000
2015-12-17	24.00	24.53	24.00	24.53	3957400
2015-12-18	23.17	23.85	23.17	23.83	6929800
2015-12-21	23.24	23.41	23.09	23.21	3729200
2015-12-22	23.56	23.64	23.25	23.28	3435600
2015-12-23	23.97	24.01	23.71	23.77	2371000
2015-12-24	23.92	24.06	23.85	23.93	1767400
2015-12-28	24.00	24.01	23.77	23.83	2805200
2015-12-29	24.22	24.31	24.05	24.15	2389000
2015-12-30	24.05	24.27	24.01	24.18	1866400
2015-12-31	23.81	24.06	23.79	23.91	2051600
2016-01-04	23.52	23.52	23.13	23.36	4948400
2016-01-05	23.49	23.70	23.34	23.52	4100000
2016-01-06	23.13	23.29	23.03	23.18	3727400
2016-01-07	22.74	23.05	22.63	22.70	4706000
2016-01-08	22.54	22.97	22.50	22.92	4460600
2016-01-11	22.69	22.77	22.36	22.66	4023600
2016-01-12	22.97	23.03	22.66	22.90	4745000
2016-01-13	22.62	23.38	22.52	23.18	5607400
2016-01-14	22.78	23.01	22.46	22.66	5418800
2016-01-15	22.50	22.67	22.21	22.26	6893600
2016-01-19	22.45	22.76	22.30	22.69	5529800
2016-01-20	22.08	22.33	21.69	22.04	5915800
2016-01-21	22.18	22.44	22.00	22.15	4844800
2016-01-22	22.76	22.78	22.47	22.54	4387200
2016-01-25	22.47	22.90	22.43	22.75	6298600
2016-01-26	22.86	22.98	22.63	22.67	3178800
2016-01-27	22.83	23.16	22.62	22.82	5026800
2016-01-28	23.17	23.25	22.82	23.01	4236800
2016-01-29	23.03	23.09	22.47	23.04	10378400
2016-02-01	22.46	22.88	22.38	22.80	11286200
2016-02-02	22.76	23.30	22.15	22.55	10005600
2016-02-03	22.78	23.38	22.29	23.21	5113400
2016-02-04	23.06	23.09	22.64	22.71	4558400
2016-02-05	23.13	23.25	22.92	23.04	4573000
2016-02-08	23.05	23.13	22.67	22.81	5247000
2016-02-09	23.02	23.19	22.67	22.86	5561200
2016-02-10	22.85	23.39	22.82	23.17	4456800
2016-02-11	22.26	22.66	22.11	22.26	6858400
2016-02-12	22.94	22.97	22.52	22.62	5266200
2016-02-16	23.27	23.36	22.96	23.26	5149000
2016-02-17	23.64	23.76	23.50	23.52	4410400
2016-02-18	23.68	23.78	23.54	23.71	4157200
2016-02-19	23.74	23.76	23.43	23.61	5427200
2016-02-22	23.90	24.04	23.79	23.94	4279000
2016-02-23	23.76	23.93	23.72	23.87	3166400
2016-02-24	23.87	23.94	23.40	23.51	3366200
2016-02-25	24.15	24.16	23.68	23.90	3433400
2016-02-26	24.08	24.33	24.02	24.25	4168000
2016-02-29	23.82	24.19	23.82	24.09	4156400
2016-03-01	24.45	24.48	23.98	23.98	4925600
2016-03-02	24.58	24.60	24.33	24.43	4220200
2016-03-03	24.41	24.57	24.32	24.52	5213600
2016-03-04	24.43	24.57	24.29	24.51	4131400
2016-03-07	24.24	24.41	24.16	24.25	5011600
2016-03-08	24.04	24.25	23.74	24.06	5889800
2016-03-09	24.19	24.33	23.88	24.19	5052800
2016-03-10	24.16	24.42	23.96	24.23	3811600
2016-03-11	24.93	24.96	24.40	24.47	4915000
2016-03-14	24.68	24.85	24.62	24.75	4130000
2016-03-15	24.64	24.68	24.44	24.51	3628800
2016-03-16	25.00	25.07	24.52	24.60	5395000
2016-03-17	25.37	25.53	24.76	24.95	5627600
2016-03-18	25.43	25.60	25.22	25.48	7765000
2016-03-21	25.33	25.49	25.27	25.32	3012400
2016-03-22	25.35	25.51	25.16	25.24	3564000
2016-03-23	25.38	25.49	25.29	25.40	3846800
2016-03-24	25.10	25.19	24.95	25.18	3489000
2016-03-28	25.28	25.38	25.13	25.13	3133200
2016-03-29	25.29	25.36	25.08	25.19	3275200
2016-03-30	25.51	25.75	25.38	25.42	3131600
2016-03-31	25.27	25.61	25.25	25.51	4653000
2016-04-01	25.67	25.69	25.15	25.22	4427000
2016-04-04	25.45	25.68	25.40	25.67	3706000
2016-04-05	25.51	25.66	25.30	25.30	4477000
2016-04-06	25.48	25.59	25.31	25.50	3248000
2016-04-07	25.22	25.47	25.05	25.29	3537800
2016-04-08	25.58	25.65	25.40	25.41	4624600
2016-04-11	25.63	25.86	25.59	25.63	4294000
2016-04-12	26.23	26.26	25.65	25.73	7111000
2016-04-13	26.60	26.60	26.32	26.39	4878800
2016-04-14	26.81	26.95	26.69	26.74	5067000
2016-04-15	26.77	26.91	26.68	26.78	4408200
2016-04-18	26.90	26.94	26.59	26.71	4058200
2016-04-19	27.04	27.07	26.89	26.92	5338200
2016-04-20	27.24	27.34	27.07	27.13	5629200
2016-04-21	26.98	27.25	26.95	27.04	3930600
2016-04-22	27.19	27.28	26.99	27.02	5285200
2016-04-25	27.17	27.22	26.90	27.07	3827800
2016-04-26	27.22	27.49	27.12	27.24	5450200
2016-04-27	27.75	27.81	27.15	27.18	6161600
2016-04-28	27.62	27.86	27.52	27.64	5512000
2016-04-29	27.61	27.71	27.43	27.55	6065400
2016-05-02	27.67	27.74	27.36	27.41	4545800
2016-05-03	27.61	27.64	27.32	27.53	5691200
2016-05-04	27.39	27.52	27.23	27.47	4295200
2016-05-05	27.48	27.61	27.38	27.41	3943200
2016-05-06	27.56	27.58	27.30	27.39	3201600
2016-05-09	27.48	27.61	27.38	27.48	2941400
2016-05-10	27.69	27.72	27.31	27.39	3834200
2016-05-11	27.52	27.74	27.44	27.52	3017800
2016-05-12	27.72	27.80	27.53	27.70	5062000
2016-05-13	27.57	27.90	27.54	27.67	3847000
2016-05-16	27.79	27.90	27.57	27.61	6213400
2016-05-17	27.56	27.85	27.49	27.80	4350200
2016-05-18	27.78	27.94	27.48	27.55	6059800
2016-05-19	27.62	27.77	27.39	27.72	4867000
2016-05-20	27.68	27.72	27.56	27.66	5036200
2016-05-23	27.58	27.64	27.47	27.57	3666000
2016-05-24	28.01	28.11	27.70	27.70	6480000
2016-05-25	28.13	28.22	28.07	28.17	3288600
2016-05-26	27.86	28.15	27.85	28.09	4594600
2016-05-27	28.01	28.01	27.85	27.89	3820600
2016-05-31	27.97	28.13	27.74	28.05	5246800
2016-06-01	27.95	27.99	27.68	27.79	3584600
2016-06-02	28.02	28.02	27.77	27.88	5340200
2016-06-03	27.83	27.92	27.60	27.77	3917000
2016-06-06	27.93	28.11	27.73	27.93	3224400
2016-06-07	27.91	28.08	27.87	28.00	3398000
2016-06-08	28.15	28.17	27.82	27.88	3619400
2016-06-09	28.07	28.10	27.89	28.01	3085400
2016-06-10	27.76	27.93	27.70	27.77	3019200
2016-06-13	27.53	27.81	27.50	27.70	3708800
2016-06-14	27.51	27.62	27.42	27.50	3077400
2016-06-15	27.45	27.68	27.43	27.59	2997400
2016-06-16	27.71	27.71	27.15	27.24	2840200
2016-06-17	27.70	27.82	27.60	27.70	4496600
2016-06-20	28.10	28.27	28.06	28.09	3710000
2016-06-21	28.41	28.44	28.14	28.21	4021800
2016-06-22	28.53	28.61	28.41	28.47	4025600
2016-06-23	28.90	28.98	28.69	28.83	4539200
2016-06-24	27.89	28.38	27.61	27.66	7990200
2016-06-27	27.11	27.62	27.03	27.56	7116600
2016-06-28	27.72	27.83	27.31	27.51	4928000
2016-06-29	28.22	28.24	27.81	27.87	3987600
2016-06-30	29.06	29.06	28.19	28.26	5148400
2016-07-01	29.19	29.32	29.00	29.07	3694800
2016-07-05	28.79	28.99	28.70	28.97	4164000
2016-07-06	29.08	29.08	28.66	28.70	4582600
2016-07-07	28.76	29.06	28.60	29.05	3914800
2016-07-08	29.19	29.30	28.96	29.10	3451600
2016-07-11	29.26	29.42	29.19	29.19	3766000
2016-07-12	29.48	29.61	29.40	29.41	2976600
2016-07-13	29.51	29.64	29.44	29.54	3799800
2016-07-14	29.68	29.84	29.68	29.80	4770800
2016-07-15	29.54	29.85	29.48	29.77	5128000
2016-07-18	29.48	29.65	29.47	29.54	3004600
2016-07-19	29.48	29.60	29.36	29.42	2849200
2016-07-20	29.58	29.70	29.52	29.66	2679800
2016-07-21	29.53	29.65	29.46	29.60	2023000
2016-07-22	29.59	29.60	29.46	29.58	2770400
2016-07-25	29.50	29.64	29.45	29.64	2049600
2016-07-26	29.67	29.69	29.50	29.55	3068400
2016-07-27	29.54	29.78	29.53	29.63	3068800
2016-07-28	29.52	29.60	29.33	29.44	3945400
2016-07-29	29.11	29.75	28.64	28.94	6794800
2016-08-01	28.82	29.09	28.72	28.96	5343200
2016-08-02	28.84	28.91	28.65	28.85	3501400
2016-08-03	28.98	29.09	28.80	28.91	3633000
2016-08-04	28.98	29.02	28.80	28.91	2952600
2016-08-05	29.42	29.52	29.08	29.16	3658800
2016-08-08	29.43	29.53	29.37	29.48	2539200
2016-08-09	29.44	29.48	29.28	29.40	2850200
2016-08-10	29.46	29.47	29.36	29.42	3553600
2016-08-11	29.42	29.74	29.42	29.48	4521200
2016-08-12	29.27	29.46	29.23	29.35	2486600
2016-08-15	29.27	29.46	29.25	29.38	3791400
2016-08-16	29.07	29.25	29.07	29.25	2840800
2016-08-17	29.26	29.27	29.09	29.16	2743000
2016-08-18	29.10	29.29	28.98	29.29	3338600
2016-08-19	29.35	29.41	28.86	29.00	3559000
2016-08-22	29.42	29.43	29.21	29.26	2223200
2016-08-23	29.47	29.56	29.44	29.44	2420600
2016-08-24	29.44	29.51	29.38	29.44	2663600
2016-08-25	29.56	29.58	29.36	29.37	4307800
2016-08-26	29.46	29.80	29.33	29.54	4100800
2016-08-29	29.85	29.96	29.53	29.54	2736800
2016-08-30	30.08	30.12	29.85	29.85	2761200
2016-08-31	30.04	30.17	29.81	30.12	3474000
2016-09-01	29.91	30.11	29.71	30.08	2831200
2016-09-02	29.96	30.11	29.83	30.00	2372200
2016-09-06	29.83	29.95	29.69	29.95	2494600
2016-09-07	29.78	29.88	29.67	29.75	2300200
2016-09-08	29.54	29.78	29.52	29.78	3216000
2016-09-09	29.32	29.70	29.32	29.48	4522200
2016-09-12	29.73	29.83	29.04	29.19	5435800
2016-09-13	29.09	29.46	29.03	29.42	4282800
2016-09-14	29.08	29.26	28.99	29.10	3446200
2016-09-15	29.29	29.34	29.08	29.09	3013000
2016-09-16	28.89	29.16	28.87	29.16	4827800
2016-09-19	29.16	29.29	28.99	29.02	4001600
2016-09-20	29.34	29.53	29.22	29.38	2870600
2016-09-21	29.76	29.78	29.48	29.53	3492600
2016-09-22	29.77	29.95	29.74	29.84	2954800
2016-09-23	29.46	29.76	29.46	29.71	2668200
2016-09-26	29.16	29.31	29.06	29.28	3075800
2016-09-27	29.33	29.40	28.95	29.10	2677400
2016-09-28	29.35	29.42	29.12	29.34	2117800
2016-09-29	28.98	29.39	28.86	29.33	2560600
2016-09-30	29.10	29.27	28.98	29.10	3092000
2016-10-03	28.98	29.13	28.85	29.00	3111800
2016-10-04	28.95	29.09	28.83	29.04	5331000
2016-10-05	29.12	29.19	29.02	29.04	3237200
2016-10-06	29.19	29.24	29.02	29.18	2395200
2016-10-07	28.91	29.16	28.85	29.02	2492600
2016-10-10	29.03	29.16	28.97	29.01	2072200
2016-10-11	28.74	29.01	28.64	28.99	2701200
2016-10-12	29.00	29.05	28.76	28.76	3223800
2016-10-13	28.59	28.86	28.41	28.75	3181400
2016-10-14	28.74	29.06	28.72	28.81	2429400
2016-10-17	28.60	28.75	28.57	28.74	2593600
2016-10-18	28.47	28.84	28.40	28.80	3821200
2016-10-19	28.57	28.75	28.51	28.55	4306200
2016-10-20	28.25	28.57	28.21	28.48	3443200
2016-10-21	28.10	28.16	27.81	28.01	3532800
2016-10-24	28.36	28.40	28.20	28.24	2755400
2016-10-25	28.20	28.35	28.07	28.35	2626200
2016-10-26	28.27	28.35	28.04	28.04	2413800
2016-10-27	28.43	28.50	28.17	28.42	4541000
2016-10-28	27.74	28.75	27.63	28.54	5452800
2016-10-31	27.89	28.01	27.83	27.89	4274000
2016-11-01	27.69	28.03	27.50	28.01	3595600
2016-11-02	27.69	27.87	27.61	27.69	2294600
2016-11-03	27.88	28.03	27.77	27.83	3370400
2016-11-04	27.76	27.97	27.69	27.94	3952800
2016-11-07	28.18	28.23	28.09	28.14	3338800
2016-11-08	28.38	28.52	28.08	28.18	3097400
2016-11-09	28.99	29.19	28.29	28.53	5037000
2016-11-10	29.66	29.95	29.04	29.25	5817800
2016-11-11	29.40	29.69	29.27	29.49	3691800
2016-11-14	29.44	29.97	29.40	29.62	5028200
2016-11-15	29.53	29.53	29.16	29.36	4026000
2016-11-16	29.26	29.47	29.23	29.36	3617800
2016-11-17	29.49	29.58	29.19	29.24	3173600
2016-11-18	29.53	29.64	29.39	29.48	4987800
2016-11-21	29.19	29.68	29.15	29.54	4193800
2016-11-22	29.00	29.25	28.90	29.24	4370600
2016-11-23	29.18	29.29	28.97	29.11	3158800
2016-11-25	29.22	29.29	29.06	29.18	1188800
2016-11-28	28.92	29.17	28.85	29.05	2885200
2016-11-29	29.04	29.17	28.95	28.97	2286200
2016-11-30	29.08	29.30	29.03	29.23	4299200
2016-12-01	28.71	29.17	28.57	29.14	5945600
2016-12-02	27.82	28.62	27.76	28.52	9390600
2016-12-05	27.98	28.10	27.77	27.96	6072600
2016-12-06	27.94	28.05	27.76	28.01	6587800
2016-12-07	28.30	28.35	27.87	27.92	4724600
2016-12-08	28.36	28.58	28.28	28.42	4618600
2016-12-09	28.13	28.19	27.50	28.02	8920600
2016-12-12	28.09	28.20	27.91	28.09	6688400
2016-12-13	28.51	28.57	28.24	28.24	5739200
2016-12-14	28.40	28.84	28.28	28.39	6377400
2016-12-15	28.22	28.66	28.19	28.41	6695800
2016-12-16	28.28	28.36	28.12	28.27	5982400
2016-12-19	28.43	28.44	28.02	28.19	3606800
2016-12-20	28.46	28.64	28.33	28.45	3486000
2016-12-21	28.64	28.79	28.46	28.46	2568600
2016-12-22	28.67	28.70	28.39	28.58	2709400
2016-12-23	28.58	28.68	28.50	28.67	2147000
2016-12-27	28.68	28.81	28.53	28.58	1766600
2016-12-28	28.43	28.63	28.39	28.61	3138600
2016-12-29	28.45	28.57	28.43	28.46	2776600
2016-12-30	28.35	28.57	28.28	28.52	2387800
2017-01-03	28.42	28.65	28.24	28.55	4649400
2017-01-04	28.68	28.82	28.44	28.52	3893400
2017-01-05	28.50	28.77	28.36	28.63	4480400
2017-01-06	28.59	28.78	28.43	28.59	4468000
2017-01-09	28.32	28.58	28.26	28.47	3623600
2017-01-10	28.28	28.56	28.17	28.32	5388400
2017-01-11	28.46	28.48	28.22	28.32	4322400
2017-01-12	28.34	28.56	28.13	28.29	5566200
2017-01-13	28.37	28.60	28.05	28.42	4018600
2017-01-17	28.47	28.56	28.15	28.16	6434600
2017-01-18	28.50	28.61	28.26	28.54	4774000
2017-01-19	28.30	28.61	28.04	28.54	4587200
2017-01-20	28.55	28.59	28.36	28.48	4812600
2017-01-23	28.25	28.53	28.17	28.52	3542800
2017-01-24	28.44	28.50	28.25	28.38	5017600
2017-01-25	28.70	28.75	28.50	28.56	7166000
2017-01-26	28.74	28.83	28.67	28.74	5971800
2017-01-27	28.63	28.74	28.52	28.68	2401600
2017-01-30	28.66	28.73	28.46	28.62	4785200
2017-01-31	28.51	28.83	28.36	28.64	7581400
2017-02-01	27.35	28.50	27.13	28.11	9219000
2017-02-02	27.63	27.75	27.09	27.20	5373600
2017-02-03	27.95	28.08	27.78	28.07	4278400
2017-02-06	28.08	28.13	27.77	27.86	3652400
2017-02-07	28.10	28.22	27.96	28.20	3710600
2017-02-08	28.37	28.42	28.03	28.09	4222000
2017-02-09	28.48	28.54	28.32	28.48	4838000
2017-02-10	28.51	28.56	28.48	28.52	4264000
2017-02-13	29.09	29.20	28.61	28.61	6010800
2017-02-14	29.12	29.19	28.98	29.04	4334200
2017-02-15	29.10	29.19	28.98	29.05	4529200
2017-02-16	29.18	29.24	28.95	28.98	4797600
2017-02-17	29.14	29.16	28.83	29.07	4163800
2017-02-21	29.27	29.41	29.15	29.15	3643800
2017-02-22	29.17	29.30	29.09	29.13	3516200
2017-02-23	29.40	29.40	29.18	29.18	2797200
2017-02-24	29.39	29.40	29.16	29.20	3142800
2017-02-27	29.65	29.70	29.41	29.50	3663000
2017-02-28	29.66	29.75	29.53	29.57	6384400
2017-03-01	29.91	30.06	29.84	29.92	5367200
2017-03-02	29.59	29.90	29.57	29.87	3806200
2017-03-03	29.62	29.73	29.57	29.62	2685400
2017-03-06	29.59	29.69	29.44	29.45	2443200
2017-03-07	29.49	29.61	29.44	29.58	2692000
2017-03-08	29.47	29.75	29.47	29.68	3447200
2017-03-09	29.55	29.70	29.47	29.65	3340600
2017-03-10	29.52	29.81	29.37	29.66	3030800
2017-03-13	29.53	29.62	29.43	29.54	3217800
2017-03-14	29.45	29.51	29.34	29.48	3209800
2017-03-15	29.66	29.68	29.34	29.45	3896200
2017-03-16	29.68	29.86	29.61	29.64	4006400
2017-03-17	29.73	29.89	29.49	29.73	6158200
2017-03-20	29.61	29.73	29.52	29.65	2299400
2017-03-21	29.27	29.76	29.22	29.69	4650400
2017-03-22	29.36	29.42	28.95	29.18	3248200
2017-03-23	29.51	29.74	29.27	29.34	3103200
2017-03-24	29.51	29.73	29.42	29.53	3418000
2017-03-27	29.45	29.51	29.13	29.18	5465200
2017-03-28	29.64	29.78	29.38	29.39	4729400
2017-03-29	29.34	29.57	29.22	29.51	3445800
2017-03-30	29.64	29.73	29.29	29.29	4730000
2017-03-31	29.68	29.77	29.57	29.57	4269800
2017-04-03	29.78	29.90	29.54	29.82	4812200
2017-04-04	29.76	29.82	29.68	29.74	3038800
2017-04-05	29.59	29.98	29.58	29.83	6065200
2017-04-06	29.90	30.04	29.60	29.77	6797600
2017-04-07	29.88	30.00	29.78	29.79	5847000
2017-04-10	30.15	30.29	29.89	29.92	7509000
2017-04-11	30.23	30.23	29.98	30.04	3798000
2017-04-12	30.07	30.19	29.93	29.99	4409400
2017-04-13	29.92	30.18	29.92	29.98	3011800
2017-04-17	30.14	30.14	29.97	29.98	3990600
2017-04-18	30.28	30.41	30.13	30.18	5379800
2017-04-19	30.16	30.48	30.09	30.41	3537400
2017-04-20	30.40	30.53	30.11	30.27	3082200
2017-04-21	30.33	30.61	30.32	30.39	3537600
2017-04-24	30.60	30.78	30.50	30.73	3761000
2017-04-25	30.75	30.83	30.68	30.75	3652200
2017-04-26	30.66	30.88	30.57	30.68	4431400
2017-04-27	30.76	30.84	30.63	30.75	3557800
2017-04-28	30.69	31.51	30.65	30.84	4598000
2017-05-01	30.51	30.83	30.51	30.77	3803800
2017-05-02	30.75	30.77	30.50	30.50	2811200
2017-05-03	30.64	30.76	30.55	30.70	2655800
2017-05-04	30.49	30.88	30.37	30.77	4312800
2017-05-05	30.48	30.57	30.35	30.54	2378400
2017-05-08	30.47	30.53	30.33	30.52	2926600
2017-05-09	30.27	30.55	30.23	30.47	2830000
2017-05-10	30.51	30.52	30.21	30.23	3771200
2017-05-11	30.32	30.43	30.20	30.38	2647800
2017-05-12	30.10	30.30	30.07	30.19	2323400
2017-05-15	30.22	30.29	30.13	30.17	2348600
2017-05-16	30.23	30.28	30.16	30.24	2297200
2017-05-17	30.18	30.31	29.84	30.23	5104200
2017-05-18	30.22	30.39	30.09	30.18	3443000
2017-05-19	30.28	30.33	30.14	30.25	4560800
2017-05-22	30.47	30.64	30.41	30.44	3278600
2017-05-23	30.56	30.62	30.46	30.49	2473000
2017-05-24	30.44	30.62	30.37	30.58	2764200
2017-05-25	30.80	30.83	30.43	30.46	2618200
2017-05-26	30.86	30.87	30.69	30.76	1912000
2017-05-30	30.98	31.06	30.75	30.80	3069600
2017-05-31	31.08	31.09	30.86	30.98	5348600
2017-06-01	31.30	31.32	31.02	31.19	2923800
2017-06-02	31.30	31.43	31.17	31.26	2829800
2017-06-05	31.23	31.45	31.19	31.29	2045600
2017-06-06	30.83	31.18	30.80	31.11	2342800
2017-06-07	30.89	31.00	30.74	30.88	2513800
2017-06-08	31.00	31.16	30.89	30.89	4054200
2017-06-09	32.16	32.22	31.05	31.08	7028600
2017-06-12	32.00	32.20	31.88	32.12	4277600
2017-06-13	32.12	32.17	31.97	32.02	2704000
2017-06-14	32.20	32.27	31.89	31.89	3789000
2017-06-15	32.08	32.13	31.97	32.03	3356000
2017-06-16	32.32	32.32	32.02	32.14	5550800
2017-06-19	32.68	32.93	32.37	32.41	5491600
2017-06-20	32.45	32.74	32.44	32.59	2343800
2017-06-21	32.15	32.53	32.12	32.47	3187600
2017-06-22	31.88	32.15	31.86	32.15	2813400
2017-06-23	31.99	32.17	31.88	31.96	4426600
2017-06-26	31.96	32.19	31.86	32.10	2683200
2017-06-27	32.06	32.21	31.96	32.06	2693400
2017-06-28	32.29	32.51	32.20	32.28	2828400
2017-06-29	31.99	32.59	31.83	32.50	3345800
2017-06-30	32.03	32.26	31.92	32.13	3041800
2017-07-03	32.33	32.71	32.11	32.20	1875600
2017-07-05	32.28	32.46	32.21	32.33	2282800
2017-07-06	31.96	32.32	31.94	32.29	3788000
2017-07-07	32.15	32.30	32.00	32.05	2864200
2017-07-10	32.01	32.20	31.98	32.08	2528000
2017-07-11	32.01	32.12	31.85	32.08	1992000
2017-07-12	32.01	32.13	31.92	31.98	1989000
2017-07-13	32.12	32.17	31.97	32.01	1631600
2017-07-14	32.10	32.26	31.83	32.00	2327000
2017-07-17	32.06	32.22	31.93	32.08	2332000
2017-07-18	32.10	32.15	31.83	31.90	1580000
2017-07-19	32.11	32.20	32.01	32.15	1900800
2017-07-20	32.03	32.29	31.96	32.05	2587200
2017-07-21	31.98	32.07	31.88	31.97	2654400
2017-07-24	32.00	32.05	31.96	31.99	2119400
2017-07-25	32.18	32.31	32.09	32.23	2209800
2017-07-26	31.89	32.24	31.80	32.15	3396200
2017-07-27	31.80	31.90	31.59	31.89	5014400
2017-07-28	32.73	32.92	31.94	31.94	5300000
2017-07-31	32.88	32.95	32.67	32.81	5907800
2017-08-01	33.35	33.37	32.83	33.02	3710000
2017-08-02	33.46	33.49	33.19	33.26	2521400
2017-08-03	33.38	33.58	33.32	33.43	2531200
2017-08-04	33.46	33.53	33.29	33.51	2283800
2017-08-07	33.44	33.62	33.36	33.45	2554200
2017-08-08	33.49	33.63	33.41	33.43	2385000
2017-08-09	33.71	33.73	33.28	33.44	3084600
2017-08-10	33.32	33.62	33.32	33.50	3332800
2017-08-11	33.29	33.49	33.26	33.26	2744400
2017-08-14	33.50	33.61	33.32	33.39	2360800
2017-08-15	33.50	33.76	33.44	33.61	2276800
2017-08-16	33.32	33.68	33.30	33.60	2546400
2017-08-17	32.91	33.40	32.90	33.30	2993000
2017-08-18	32.92	33.09	32.74	32.86	2794600
2017-08-21	33.04	33.21	32.81	32.96	3461000
2017-08-22	33.23	33.26	33.07	33.12	2299000
2017-08-23	33.19	33.28	33.01	33.01	1799600
2017-08-24	33.32	33.42	33.15	33.29	2787400
2017-08-25	33.54	33.62	33.40	33.41	2742000
2017-08-28	33.49	33.63	33.42	33.52	4063800
2017-08-29	33.87	33.89	33.16	33.31	4450400
2017-08-30	34.02	34.14	33.66	33.86	4131200
2017-08-31	34.22	34.28	34.02	34.08	7708800
2017-09-01	34.36	34.57	34.18	34.22	3141200
2017-09-05	33.79	34.45	33.73	34.28	4619200
2017-09-06	33.86	34.07	33.82	33.87	3171800
2017-09-07	33.39	33.97	33.19	33.96	3458200
2017-09-08	33.65	33.74	33.06	33.12	3525000
2017-09-11	34.19	34.21	33.89	34.07	2878400
2017-09-12	34.09	34.32	33.98	34.24	2527600
2017-09-13	34.01	34.07	33.95	34.02	2064800
2017-09-14	34.04	34.04	33.74	33.99	2747000
2017-09-15	34.33	34.36	33.90	33.96	4877200
2017-09-18	34.47	34.51	34.28	34.36	2653800
2017-09-19	34.67	34.74	34.44	34.45	2691400
2017-09-20	34.79	34.92	34.66	34.74	3048200
2017-09-21	34.67	34.79	34.54	34.79	3385200
2017-09-22	34.79	34.84	34.58	34.62	2281400
2017-09-25	34.93	35.03	34.60	34.75	2758200
2017-09-26	34.63	34.76	34.43	34.46	2929000
2017-09-27	34.73	34.82	34.43	34.73	4127400
2017-09-28	34.11	34.72	33.79	34.71	6290000
2017-09-29	33.74	34.11	33.62	34.11	3329800
2017-10-02	33.98	34.04	33.75	33.79	6282200
2017-10-03	34.09	34.11	33.85	33.97	2239000
2017-10-04	34.04	34.19	34.01	34.05	2591000
2017-10-05	34.19	34.41	34.02	34.02	2365800
2017-10-06	34.10	34.39	33.99	34.28	1753800
2017-10-09	34.23	34.28	34.01	34.09	1931400
2017-10-10	34.66	34.66	34.26	34.29	3557200
2017-10-11	34.77	34.80	34.44	34.61	3081200
2017-10-12	34.79	34.87	34.56	34.73	2195000
2017-10-13	34.82	35.10	34.80	34.83	2480200
2017-10-16	34.89	35.03	34.70	34.84	2296800
2017-10-17	34.72	34.96	34.59	34.89	1813600
2017-10-18	34.72	34.83	34.49	34.74	2046800
2017-10-19	35.01	35.02	34.65	34.65	1918400
2017-10-20	34.76	35.33	34.69	35.29	3119800
2017-10-23	34.95	34.97	34.69	34.81	2982000
2017-10-24	35.05	35.14	34.83	35.13	2814200
2017-10-25	34.85	35.04	34.62	34.98	4657200
2017-10-26	34.67	35.52	34.49	35.23	4407400
2017-10-27	34.79	34.84	34.55	34.68	3347400
2017-10-30	34.75	34.90	34.67	34.70	2113000
2017-10-31	34.77	34.86	34.67	34.75	2942000
2017-11-01	34.94	35.09	34.82	34.88	2830200
2017-11-02	34.99	35.11	34.79	34.99	5814400
2017-11-03	34.81	34.95	34.70	34.90	2417400
2017-11-06	35.06	35.18	34.75	34.77	3066600
2017-11-07	34.74	35.24	34.56	35.13	3040800
2017-11-08	34.82	34.91	34.63	34.70	2221800
2017-11-09	34.85	34.98	34.63	34.74	1862000
2017-11-10	34.59	34.82	34.41	34.79	2363400
2017-11-13	34.99	35.04	34.45	34.52	2697800
2017-11-14	35.12	35.23	34.70	34.81	2387000
2017-11-15	35.19	35.27	34.88	34.98	3033400
2017-11-16	35.14	35.41	35.07	35.31	2670000
2017-11-17	34.94	35.07	34.70	35.00	3557200
2017-11-20	35.29	35.40	35.04	35.05	2789600
2017-11-21	35.46	35.70	35.42	35.43	2541800
2017-11-22	35.44	35.57	35.35	35.46	2460400
2017-11-24	35.42	35.63	35.29	35.53	1243800
2017-11-27	35.61	35.82	35.42	35.46	3535400
2017-11-28	35.95	36.01	35.57	35.63	3410200
2017-11-29	36.34	36.49	35.94	36.00	3096200
2017-11-30	36.52	36.71	36.24	36.51	7070600
2017-12-01	36.51	36.71	35.52	36.64	3563400
2017-12-04	36.73	36.98	36.44	36.86	3898200
2017-12-05	36.61	36.90	36.49	36.83	3238800
2017-12-06	36.51	36.84	36.45	36.66	3055000
2017-12-07	36.65	36.75	36.32	36.38	2159000
2017-12-08	36.74	36.74	36.46	36.70	2852800
2017-12-11	36.87	36.94	36.63	36.79	2338600
2017-12-12	36.99	37.15	36.81	36.83	2391000
2017-12-13	36.88	37.10	36.85	36.94	2772800
2017-12-14	36.85	37.13	36.77	36.90	3064400
2017-12-15	37.20	37.37	36.84	37.04	6039000
2017-12-18	36.79	37.43	36.69	37.39	3198200
2017-12-19	36.66	36.90	36.63	36.82	4008400
2017-12-20	36.41	36.79	36.39	36.78	4538200
2017-12-21	36.30	36.64	36.22	36.47	5847400
2017-12-22	36.34	36.46	36.17	36.34	3048000
2017-12-26	36.52	36.62	36.35	36.39	1741000
2017-12-27	36.55	36.72	36.42	36.47	2760200
2017-12-28	36.77	36.79	36.50	36.67	1653400
2017-12-29	36.58	36.89	36.58	36.80	1995200
2018-01-02	36.66	36.95	36.54	36.82	4227200
2018-01-03	36.77	36.81	36.50	36.56	3575600
2018-01-04	37.15	37.44	36.86	36.91	3323200
2018-01-05	37.39	37.40	37.07	37.24	2737800
2018-01-08	37.49	37.55	37.38	37.45	2866400
2018-01-09	37.51	38.05	37.49	37.59	3404800
2018-01-10	37.82	37.97	37.39	37.47	3336600
2018-01-11	38.21	38.23	37.88	38.01	2754400
2018-01-12	35.40	37.92	34.88	37.92	27589200
2018-01-16	36.00	36.29	35.39	35.42	10066200
2018-01-17	36.60	36.79	36.06	36.27	6480000
2018-01-18	36.02	36.82	35.90	36.59	6981600
2018-01-19	36.18	36.43	35.97	36.01	3745200
2018-01-22	36.54	36.76	36.39	36.67	4787800
2018-01-23	36.71	36.80	36.37	36.39	5023000
2018-01-24	36.85	37.09	36.69	36.88	5099600
2018-01-25	37.27	37.33	36.83	37.01	4557400
2018-01-26	37.92	37.94	37.26	37.26	4072200
2018-01-29	37.32	37.93	37.28	37.83	4216000
2018-01-30	36.91	37.18	36.86	37.13	4528000
2018-01-31	36.76	37.04	36.58	36.94	5071800
2018-02-01	37.38	37.80	36.84	36.91	7420600
2018-02-02	37.07	37.74	37.01	37.34	4697000
2018-02-05	35.93	37.14	35.86	36.95	4887200
2018-02-06	35.68	35.84	34.75	35.31	7481800
2018-02-07	35.67	36.30	35.54	35.61	4643600
2018-02-08	34.69	35.89	34.69	35.77	5560200
2018-02-09	35.33	35.52	34.51	35.13	5242600
2018-02-12	35.48	35.76	35.11	35.47	3779200
2018-02-13	35.87	36.01	35.35	35.39	3533800
2018-02-14	36.53	36.63	36.02	36.05	4493400
2018-02-15	36.85	36.94	36.45	36.74	3425400
2018-02-16	37.36	37.52	36.71	36.71	4285000
2018-02-20	37.27	37.70	37.15	37.21	4555000
2018-02-21	37.26	38.01	37.16	37.22	4553400
2018-02-22	37.11	37.54	37.03	37.39	4205000
2018-02-23	37.55	37.59	37.22	37.22	3153400
2018-02-26	38.04	38.06	37.44	37.67	3636400
2018-02-27	37.72	38.25	37.66	37.98	4519400
2018-02-28	37.26	38.11	37.25	37.86	4329200
2018-03-01	36.74	37.64	36.41	37.31	4533600
2018-03-02	36.68	36.80	36.18	36.64	5099400
2018-03-05	36.99	37.27	36.46	36.51	3981400
2018-03-06	37.21	37.26	36.69	37.15	3276200
2018-03-07	37.21	37.29	36.74	36.77	6128800
2018-03-08	37.72	37.74	37.26	37.35	3290200
2018-03-09	38.43	38.44	37.73	37.76	3613800
2018-03-12	38.07	38.38	37.95	38.36	3446000
2018-03-13	38.04	38.46	37.94	38.26	5045600
2018-03-14	37.81	38.17	37.72	38.08	4053200
2018-03-15	37.73	38.03	37.70	37.89	3513200
2018-03-16	37.93	38.02	37.67	37.83	8094200
2018-03-19	37.47	38.16	37.15	38.09	4998900
2018-03-20	38.09	38.17	37.57	37.63	4794300
2018-03-21	38.04	38.35	37.93	38.14	4883100
2018-03-22	37.20	37.92	37.18	37.70	5500500
2018-03-23	36.34	37.40	36.24	37.29	4228200
2018-03-26	36.96	37.08	36.52	36.82	3450300
2018-03-27	36.45	36.91	36.22	36.73	8107100
2018-03-28	36.51	36.83	36.18	36.48	4722300
2018-03-29	36.69	36.91	36.60	36.69	2898800
2018-04-02	36.02	36.95	35.56	36.76	3210900
2018-04-03	36.63	36.69	36.19	36.33	5217300
2018-04-04	37.09	37.15	36.15	36.17	3697400
2018-04-05	36.64	37.30	36.60	37.30	7055800
2018-04-06	36.36	36.99	36.11	36.46	3570800
2018-04-09	36.54	37.06	36.37	36.59	3285800
2018-04-10	37.21	37.38	36.91	37.04	2355200
2018-04-11	37.05	37.26	36.75	36.96	2319200
2018-04-12	37.43	37.62	37.26	37.31	2354800
2018-04-13	37.36	37.78	37.23	37.65	2078500
2018-04-16	37.53	37.83	37.47	37.63	2940800
2018-04-17	37.88	37.96	37.55	37.73	4372900
2018-04-18	37.74	38.03	37.73	37.99	3726500
2018-04-19	37.92	37.96	37.68	37.73	2520200
2018-04-20	37.96	38.16	37.73	38.02	4331600
2018-04-23	37.98	38.22	37.82	38.03	1884500
2018-04-24	37.87	38.20	37.56	38.07	2191000
2018-04-25	38.07	38.17	37.49	37.89	3403500
2018-04-26	38.30	38.72	37.94	38.16	4254100
2018-04-27	38.47	38.56	38.12	38.20	2220200
2018-04-30	38.20	38.72	38.17	38.57	3460800
2018-05-01	38.06	38.14	37.73	37.94	2918300
2018-05-02	37.77	38.15	37.72	37.99	6848600
2018-05-03	37.26	37.56	36.94	37.52	4142700
2018-05-04	37.57	37.65	36.97	37.09	3109400
2018-05-07	37.38	37.58	37.15	37.57	3184100
2018-05-08	37.57	37.73	37.35	37.48	2775500
2018-05-09	37.52	37.71	37.16	37.67	2518300
2018-05-10	38.02	38.11	37.47	37.62	2878400
2018-05-11	37.92	38.15	37.78	38.01	2567100
2018-05-14	37.93	38.16	37.79	37.94	1905000
2018-05-15	37.81	38.18	37.68	37.93	2832500
2018-05-16	38.07	38.28	37.68	37.78	2576800
2018-05-17	38.17	38.22	37.98	38.06	2900000
2018-05-18	38.05	38.30	37.96	38.30	3051600
2018-05-21	38.35	38.40	38.15	38.24	2406900
2018-05-22	38.43	38.53	38.28	38.37	2512700
2018-05-23	38.20	38.39	38.03	38.29	3770500
2018-05-24	38.20	38.32	37.90	38.23	2453500
2018-05-25	38.23	38.29	38.06	38.08	2825000
2018-05-29	37.58	38.05	37.32	37.97	4602100
2018-05-30	38.41	38.66	37.83	37.94	3901400
2018-05-31	37.99	38.28	37.83	38.19	5031200
2018-06-01	38.28	38.44	38.16	38.36	2646200
2018-06-04	38.30	38.53	38.28	38.46	1949000
2018-06-05	38.32	38.42	38.08	38.16	3482700
2018-06-06	38.53	38.60	38.15	38.43	2336800
2018-06-07	38.51	38.70	38.40	38.69	2919300
2018-06-08	38.69	38.71	38.42	38.53	2287000
2018-06-11	38.57	38.78	38.51	38.77	3490200
2018-06-12	38.57	38.78	38.33	38.62	2389600
2018-06-13	38.51	38.76	38.49	38.63	3143400
2018-06-14	38.51	38.57	38.19	38.49	2464200
2018-06-15	38.57	38.58	37.95	38.37	4431000
2018-06-18	38.08	38.38	37.80	38.28	3707600
2018-06-19	37.94	38.19	37.83	37.93	3159900
2018-06-20	37.71	38.09	37.60	37.93	2995300
2018-06-21	37.46	37.67	37.37	37.60	2251400
2018-06-22	37.26	37.75	37.22	37.66	3291100
2018-06-25	37.17	37.42	36.95	37.11	2880500
2018-06-26	37.10	37.32	37.09	37.19	2112100
2018-06-27	36.60	37.22	36.59	37.02	2441600
2018-06-28	36.43	36.74	36.26	36.61	3349900
2018-06-29	36.27	36.72	36.26	36.63	4264100
2018-07-02	36.16	36.19	35.88	36.13	2289000
2018-07-03	36.17	36.50	36.15	36.29	1478000
2018-07-05	36.29	36.55	35.81	36.55	3091600
2018-07-06	36.18	36.35	35.93	36.16	2610400
2018-07-09	36.56	36.63	36.04	36.23	3045200
2018-07-10	36.44	36.54	36.26	36.52	2323400
2018-07-11	35.82	36.27	35.64	36.23	3894000
2018-07-12	35.82	36.10	35.52	36.00	3002700
2018-07-13	35.92	36.00	35.65	35.76	2321700
2018-07-16	36.07	36.23	35.79	35.93	3541000
2018-07-17	36.20	36.26	35.94	36.12	2616100
2018-07-18	36.47	36.55	36.13	36.15	2868200
2018-07-19	36.16	36.63	36.04	36.43	2741900
2018-07-20	36.31	36.38	35.91	36.00	2756100
2018-07-23	36.66	36.85	36.23	36.27	2853000
2018-07-24	36.83	37.03	36.61	36.68	2665200
2018-07-25	36.91	36.94	36.54	36.87	2272600
2018-07-26	37.44	37.52	37.02	37.09	2637800
2018-07-27	39.05	39.20	38.36	38.78	5349000
2018-07-30	39.06	39.36	38.94	39.08	3707500
2018-07-31	39.24	39.37	38.92	39.29	5180600
2018-08-01	39.40	39.59	39.20	39.32	3958700
2018-08-02	39.09	39.32	39.00	39.21	2520200
2018-08-03	39.28	39.28	38.89	39.06	3059200
2018-08-06	39.32	39.46	39.14	39.31	2051000
2018-08-07	39.37	39.69	39.32	39.45	2137300
2018-08-08	39.52	39.58	39.29	39.37	1884900
2018-08-09	39.43	39.54	39.33	39.51	2060200
2018-08-10	39.19	39.33	38.97	39.28	2491500
2018-08-13	39.04	39.25	38.92	39.14	4607100
2018-08-14	39.21	39.32	39.05	39.05	2392200
2018-08-15	39.03	39.15	38.80	38.98	2603500
2018-08-16	39.21	39.40	39.13	39.25	3037700
2018-08-17	39.43	39.50	39.19	39.19	2895400
2018-08-20	39.44	39.52	39.29	39.41	2003100
2018-08-21	39.78	39.91	39.26	39.48	2982800
2018-08-22	39.51	39.76	39.45	39.74	2404700
2018-08-23	39.33	39.59	39.22	39.59	1775600
2018-08-24	39.57	39.58	39.31	39.38	1624700
2018-08-27	39.82	39.98	39.65	39.76	1814400
2018-08-28	39.66	39.92	39.55	39.88	2271100
2018-08-29	39.80	39.95	39.55	39.77	2369700
2018-08-30	39.43	39.75	39.36	39.74	1776400
2018-08-31	39.20	39.51	39.18	39.43	4738400
2018-09-04	39.48	39.49	38.83	39.08	2545700
2018-09-05	39.92	39.98	39.38	39.48	2444700
2018-09-06	39.76	39.97	39.55	39.92	2346800
2018-09-07	39.70	39.88	39.59	39.79	2546700
2018-09-10	39.65	39.82	39.56	39.79	3073400
2018-09-11	39.54	39.76	39.31	39.54	2390500
2018-09-12	39.26	39.51	39.17	39.44	2249100
2018-09-13	39.59	39.63	39.34	39.40	1965900
2018-09-14	40.03	40.09	39.60	39.64	2480800
2018-09-17	39.89	40.24	39.87	40.08	2724600
2018-09-18	40.07	40.18	39.74	39.97	2830600
2018-09-19	40.43	40.54	40.15	40.19	3455300
2018-09-20	40.60	40.76	40.49	40.61	2464400
2018-09-21	40.73	40.77	40.48	40.70	4231500
2018-09-24	40.44	40.86	40.43	40.78	2243300
2018-09-25	40.44	40.69	40.39	40.63	1853600
2018-09-26	39.88	40.58	39.84	40.48	3656800
2018-09-27	39.89	40.15	39.75	39.86	1893900
2018-09-28	39.91	40.02	39.54	39.69	2587700
2018-10-01	39.98	40.16	39.73	40.05	1867800
2018-10-02	39.93	40.08	39.76	39.94	2137300
2018-10-03	39.74	40.12	39.71	40.01	2230800
2018-10-04	39.51	39.88	39.34	39.78	4248000
2018-10-05	39.43	39.70	39.41	39.51	2855000
2018-10-08	39.96	40.09	39.26	39.34	2797700
2018-10-09	40.20	40.29	39.64	39.94	2502700
2018-10-10	39.28	40.39	39.19	40.15	5452500
2018-10-11	37.72	39.28	37.55	39.28	6241100
2018-10-12	37.35	38.20	36.89	38.04	4444400
2018-10-15	37.15	37.59	37.14	37.32	3796700
2018-10-16	37.46	37.48	37.03	37.25	2307500
2018-10-17	37.92	38.22	37.30	37.46	3328800
2018-10-18	37.47	38.15	37.36	37.86	2941100
2018-10-19	37.70	37.93	37.30	37.34	3048700
2018-10-22	37.54	38.03	37.42	37.78	3740100
2018-10-23	37.53	37.61	36.66	36.94	4169200
2018-10-24	36.20	37.60	36.12	37.52	4830700
2018-10-25	35.77	36.86	35.63	36.52	4449700
2018-10-26	35.36	35.71	35.14	35.54	4573700
2018-10-29	35.85	36.29	35.47	35.69	3727000
2018-10-30	36.58	36.58	35.91	36.00	4293800
2018-10-31	36.52	37.10	36.47	36.81	4087100
2018-11-01	36.35	36.70	36.24	36.47	3257400
2018-11-02	36.37	36.96	36.13	36.73	3519100
2018-11-05	37.06	37.10	36.38	36.41	3075200
2018-11-06	37.30	37.38	36.98	36.98	2302100
2018-11-07	38.20	38.22	37.31	37.59	2974300
2018-11-08	38.33	38.56	38.01	38.02	2895200
2018-11-09	38.19	38.42	38.03	38.23	2256100
2018-11-12	37.68	38.37	37.59	38.20	3852100
2018-11-13	37.62	38.03	37.47	37.51	3894700
2018-11-14	37.26	37.95	37.14	37.74	4685400
2018-11-15	37.53	37.54	36.76	36.97	3102000
2018-11-16	37.79	37.91	37.27	37.32	3513700
2018-11-19	38.47	38.51	37.68	37.87	3476900
2018-11-20	37.77	38.42	37.66	38.42	4743000
2018-11-21	37.85	38.52	37.73	37.81	3737200
2018-11-23	37.92	38.29	37.55	37.67	1347900
2018-11-26	38.04	38.48	37.73	38.29	2222500
2018-11-27	37.99	38.16	37.67	37.89	2559300
2018-11-28	38.68	38.69	37.80	37.80	3527300
2018-11-29	38.71	38.93	38.46	38.49	2626800
2018-11-30	39.00	39.16	38.65	38.73	5432100
2018-12-03	39.29	39.55	38.78	39.34	5199900
2018-12-04	37.77	39.35	37.77	39.31	4680700
2018-12-06	37.14	37.42	36.38	37.32	5326700
2018-12-07	36.88	37.55	36.74	37.17	3814800
2018-12-10	36.70	36.93	36.04	36.86	3516400
2018-12-11	36.36	37.20	36.34	36.92	3246800
2018-12-12	36.58	37.04	36.54	36.78	2859600
2018-12-13	39.01	39.06	37.73	37.89	7666400
2018-12-14	38.04	38.83	37.93	38.64	4709000
2018-12-17	37.79	38.44	37.61	37.90	5062500
2018-12-18	37.98	38.46	37.75	38.01	4482100
2018-12-19	37.50	38.48	37.23	37.94	5454300
2018-12-20	37.01	37.60	36.76	37.36	4935300
2018-12-21	36.86	37.76	36.73	37.02	8134500
2018-12-24	36.10	36.87	36.10	36.61	2204300
2018-12-26	37.64	37.66	35.71	36.28	3960100
2018-12-27	38.36	38.36	37.01	37.25	3986600
2018-12-28	38.33	38.77	38.15	38.47	3314600
2018-12-31	38.85	38.86	38.30	38.48	2702200
2019-01-02	38.82	38.87	37.97	38.02	4022100
2019-01-03	37.84	38.87	37.76	38.69	4239700
2019-01-04	38.30	38.59	38.11	38.39	4761500
2019-01-07	38.51	38.90	38.11	38.28	3414400
2019-01-08	38.63	38.94	38.23	38.81	3017000
2019-01-09	38.54	39.06	38.50	38.79	4501100
2019-01-10	39.03	39.12	38.56	38.59	3734400
2019-01-11	38.96	39.10	38.67	38.99	2381800
2019-01-14	39.17	39.50	38.73	38.75	3603200
2019-01-15	39.57	39.68	39.09	39.10	4011900
2019-01-16	39.92	40.20	39.70	39.87	3544700
2019-01-17	40.35	40.40	39.72	39.74	3449600
2019-01-18	40.68	40.79	40.32	40.56	5387900
2019-01-22	40.41	40.97	40.25	40.58	5943600
2019-01-23	40.62	40.90	40.20	40.72	2933100
2019-01-24	40.36	40.77	40.33	40.47	2730100
2019-01-25	40.56	40.83	40.44	40.70	2891300
2019-01-28	40.38	40.53	40.10	40.42	3255800
2019-01-29	40.17	40.51	40.11	40.37	2645500
2019-01-30	40.40	40.73	40.04	40.22	4422100
2019-01-31	40.68	41.24	40.08	40.14	7986900
2019-02-01	40.88	41.43	40.41	40.76	5461700
2019-02-04	40.95	41.07	40.57	41.07	4140900
2019-02-05	41.12	41.17	40.77	40.91	3358600
2019-02-06	41.27	41.41	40.98	41.06	3702200
2019-02-07	41.32	41.41	40.84	41.02	2789400
2019-02-08	41.08	41.27	40.66	41.10	2641300
2019-02-11	41.16	41.24	40.79	41.20	3303300
2019-02-12	41.73	41.84	41.28	41.35	2554300
2019-02-13	41.80	42.08	41.64	41.84	2104900
2019-02-14	41.44	41.72	41.32	41.47	2429800
2019-02-15	42.02	42.11	41.74	41.77	3380400
2019-02-19	42.01	42.18	41.93	41.95	2902700
2019-02-20	42.12	42.20	41.92	42.01	2967700
2019-02-21	41.93	42.22	41.76	42.14	3898800
2019-02-22	41.80	42.07	41.69	42.03	2923200
2019-02-25	41.98	42.26	41.86	41.98	3081600
2019-02-26	41.94	42.25	41.88	41.91	2347200
2019-02-27	42.01	42.39	41.62	41.86	2783000
2019-02-28	42.13	42.49	41.92	42.01	4440300
2019-03-01	42.16	42.51	42.07	42.37	3062300
2019-03-04	42.07	42.62	41.79	42.19	2672600
2019-03-05	42.14	42.30	41.87	42.12	2434000
2019-03-06	41.97	42.33	41.95	42.09	2187500
2019-03-07	41.70	41.98	41.52	41.84	2957500
2019-03-08	41.63	41.70	41.31	41.46	2542300
2019-03-11	42.07	42.09	41.71	41.83	2236200
2019-03-12	42.15	42.31	42.00	42.16	2530600
2019-03-13	42.35	42.54	42.18	42.25	2381400
2019-03-14	42.61	42.61	42.25	42.31	2376800
2019-03-15	42.83	43.00	42.43	42.43	6845500
2019-03-18	43.09	43.23	42.83	42.97	2897600
2019-03-19	42.96	43.44	42.86	43.30	2448600
2019-03-20	42.41	43.13	42.35	42.92	3006100
2019-03-21	42.85	42.91	42.13	42.23	3080700
2019-03-22	42.41	42.86	42.37	42.57	3596700
2019-03-25	42.46	42.64	42.25	42.44	2244100
2019-03-26	42.73	42.99	42.44	42.79	2212700
2019-03-27	42.72	42.89	42.55	42.71	2318900
2019-03-28	42.61	42.97	42.37	42.79	1983300
2019-03-29	42.87	42.91	42.61	42.87	4071100
2019-04-01	42.77	43.27	42.67	43.14	4066200
2019-04-02	42.23	42.73	42.21	42.68	3630100
2019-04-03	41.81	42.49	41.41	42.49	5489300
2019-04-04	41.83	42.06	41.72	41.89	2525200
2019-04-05	42.01	42.07	41.86	41.99	3149900
2019-04-08	42.12	42.25	41.94	42.12	3303600
2019-04-09	42.05	42.19	41.87	42.07	3082000
2019-04-10	42.19	42.23	41.84	41.95	2493300
2019-04-11	42.33	42.49	42.14	42.32	3147200
2019-04-12	42.45	42.70	42.07	42.69	3611500
2019-04-15	41.97	42.56	41.83	42.49	4309000
2019-04-16	42.52	42.55	41.88	42.05	3326600
2019-04-17	42.05	42.67	41.95	42.67	3103300
2019-04-18	41.95	42.24	41.80	42.00	4271900
2019-04-22	41.64	41.90	41.54	41.74	2234000
2019-04-23	41.94	42.25	41.59	41.71	3495000
2019-04-24	41.92	42.02	41.74	41.85	2436800
2019-04-25	42.17	42.19	41.66	41.71	2939300
2019-04-26	42.47	42.89	41.73	42.37	2853600
2019-04-29	42.63	42.96	42.58	42.61	2563200
2019-04-30	43.20	43.21	42.63	42.69	4202800
2019-05-01	43.06	43.49	42.98	43.31	3472900
2019-05-02	43.09	43.36	42.85	43.05	2559200
2019-05-03	43.29	43.46	43.10	43.14	2249700
2019-05-06	43.32	43.45	42.63	42.79	2306300
2019-05-07	42.97	43.33	42.79	43.08	2950300
2019-05-08	43.08	43.43	42.80	42.84	2641700
2019-05-09	43.29	43.37	42.79	42.79	3091500
2019-05-10	43.96	44.04	43.03	43.17	3742000
2019-05-13	43.27	43.62	43.01	43.37	4021300
2019-05-14	43.84	44.10	43.30	43.35	3154600
2019-05-15	43.99	44.18	43.49	43.51	3574900
2019-05-16	44.53	44.82	44.06	44.12	2456800
2019-05-17	44.74	44.96	44.10	44.20	2905700
2019-05-20	44.72	44.97	44.48	44.71	3161300
2019-05-21	44.78	45.03	44.65	44.82	2556100
2019-05-22	45.00	45.08	44.51	44.72	2177200
2019-05-23	44.40	44.72	44.14	44.72	2607800
2019-05-24	44.83	44.90	44.47	44.47	2540200
2019-05-28	44.22	45.07	44.22	44.74	4302100
2019-05-29	44.33	44.40	43.99	44.22	2603800
2019-05-30	44.45	44.75	44.30	44.38	1907300
2019-05-31	44.22	44.55	44.05	44.19	2448700
2019-06-03	45.19	45.22	44.08	44.18	4181400
2019-06-04	45.68	45.77	45.22	45.59	3319600
2019-06-05	46.34	46.45	45.69	45.76	3046600
2019-06-06	46.39	46.55	46.13	46.46	3297700
2019-06-07	47.02	47.17	46.51	46.54	2343700
2019-06-10	46.84	47.39	46.79	47.31	2942900
2019-06-11	46.58	47.21	46.47	47.03	2685200
2019-06-12	46.87	47.10	46.71	46.71	2571000
2019-06-13	46.95	47.18	46.81	47.00	2890900
2019-06-14	47.44	47.50	46.83	47.03	2923600
2019-06-17	47.02	47.60	46.97	47.52	1769600
2019-06-18	47.34	47.67	47.09	47.15	2554900
2019-06-19	47.52	47.79	47.42	47.56	2619300
2019-06-20	47.70	47.83	47.09	47.81	3248600
2019-06-21	47.36	47.98	47.33	47.69	4826900
2019-06-24	47.42	47.68	47.26	47.37	3910700
2019-06-25	47.36	47.71	47.29	47.49	2674500
2019-06-26	46.75	47.40	46.69	47.36	2779200
2019-06-27	47.02	47.34	46.85	46.85	2979300
2019-06-28	47.24	47.37	47.07	47.23	3337200
2019-07-01	48.11	48.13	47.54	47.83	2890000
2019-07-02	48.45	48.47	48.02	48.24	2560800
2019-07-03	49.00	49.07	48.60	48.64	1599400
2019-07-05	48.96	49.09	48.71	49.05	2153500
2019-07-08	48.83	49.08	48.75	48.85	1855700
2019-07-09	48.72	48.91	48.48	48.55	2536200
2019-07-10	48.71	49.20	48.59	48.77	2202900
2019-07-11	48.58	48.82	48.33	48.74	2830900
2019-07-12	49.03	49.09	48.56	48.82	2209100
2019-07-15	48.76	49.28	48.71	49.26	3026600
2019-07-16	48.36	48.79	48.09	48.46	3330500
2019-07-17	47.96	48.43	47.83	48.37	2843700
2019-07-18	48.38	48.45	47.86	48.09	2136500
2019-07-19	47.40	48.69	47.37	48.59	3987600
2019-07-22	47.46	47.72	47.22	47.45	3105700
2019-07-23	47.57	47.59	47.03	47.45	2388900
2019-07-24	46.47	47.58	46.08	47.51	6052000
2019-07-25	46.34	46.61	46.09	46.42	3158300
2019-07-26	46.45	46.54	45.56	46.37	4372900
2019-07-29	45.65	46.40	45.47	46.32	3568100
2019-07-30	45.58	45.91	45.39	45.53	2697700
2019-07-31	45.37	45.97	45.03	45.52	5368700
2019-08-01	45.09	46.01	44.90	45.32	4429000
2019-08-02	45.28	45.57	44.64	45.07	3600900
2019-08-05	44.27	45.12	44.09	44.77	4235700
2019-08-06	44.84	44.87	43.95	44.32	3750200
2019-08-07	44.91	45.17	43.90	44.38	3378200
2019-08-08	45.58	45.70	45.15	45.22	2968600
2019-08-09	45.58	45.74	45.16	45.59	2279800
2019-08-12	45.09	45.84	45.05	45.34	1999100
2019-08-13	45.61	45.78	44.84	44.97	2745600
2019-08-14	44.20	45.41	44.17	44.99	3354900
2019-08-15	44.88	45.02	44.37	44.37	2790500
2019-08-16	45.38	45.53	45.03	45.18	2738300
2019-08-19	45.40	45.99	45.39	45.88	2677700
2019-08-20	44.93	45.53	44.88	45.16	2558100
2019-08-21	42.43	44.18	42.42	44.18	8496800
2019-08-22	42.89	43.02	41.94	42.49	5260500
2019-08-23	41.90	42.96	41.71	42.75	4366800
2019-08-26	42.41	42.50	42.02	42.17	3295100
2019-08-27	42.43	42.89	42.21	42.55	3849300
2019-08-28	42.55	42.62	42.24	42.28	3194700
2019-08-29	42.97	43.25	42.80	42.94	3264000
2019-08-30	43.47	43.59	43.11	43.25	3867900
2019-09-03	43.65	43.69	42.97	43.10	3775100
2019-09-04	44.00	44.09	43.85	44.00	2916100
2019-09-05	44.30	44.73	44.20	44.35	2922100
2019-09-06	44.68	44.91	44.37	44.44	3388800
2019-09-09	44.25	44.70	44.02	44.63	3046700
2019-09-10	44.16	44.43	43.78	44.30	3967200
2019-09-11	44.53	44.56	43.85	44.18	3255400
2019-09-12	44.59	44.78	44.34	44.45	3090000
2019-09-13	44.85	45.20	44.78	44.89	3827000
2019-09-16	44.97	45.01	44.54	44.64	2512600
2019-09-17	45.43	45.43	44.78	44.90	2531500
2019-09-18	45.58	45.63	45.27	45.43	2234200
2019-09-19	45.53	45.98	45.52	45.62	2449500
2019-09-20	45.02	45.82	45.01	45.73	6646200
2019-09-23	45.35	45.58	44.75	44.82	3216200
2019-09-24	45.41	45.84	45.30	45.38	3654900
2019-09-25	45.20	45.46	44.73	45.27	3659900
2019-09-26	44.97	45.40	44.95	45.26	3953000
2019-09-27	44.95	45.20	44.69	45.14	3625700
2019-09-30	45.33	45.73	45.01	45.05	4004700
2019-10-01	44.65	45.58	44.52	45.53	3412400
2019-10-02	43.82	44.50	43.72	44.37	4182300
2019-10-03	44.34	44.46	43.69	43.79	3125700
2019-10-04	45.14	45.30	44.37	44.37	3162300
2019-10-07	45.01	45.21	44.76	45.13	2777100
2019-10-08	44.22	44.74	44.20	44.62	3065500
2019-10-09	44.62	44.79	44.50	44.51	2682900
2019-10-10	45.11	45.28	44.56	44.75	2578200
2019-10-11	45.43	45.83	45.30	45.30	3663000
2019-10-14	45.49	45.66	45.22	45.27	2594900
2019-10-15	45.77	45.94	45.54	45.57	2781800
2019-10-16	45.62	45.86	45.56	45.81	3347900
2019-10-17	45.61	46.00	45.61	45.86	2067000
2019-10-18	45.66	45.79	45.52	45.61	3490100
2019-10-21	45.83	46.10	45.79	45.92	2819300
2019-10-22	45.41	45.88	45.35	45.80	2471800
2019-10-23	45.46	45.74	45.27	45.41	2764200
2019-10-24	45.53	45.61	45.28	45.48	2144700
2019-10-25	46.14	46.47	45.57	45.57	2749900
2019-10-28	46.36	46.64	46.29	46.41	2164700
2019-10-29	46.42	46.69	46.14	46.21	2248000
2019-10-30	46.23	46.43	46.03	46.35	1970500
2019-10-31	46.05	46.23	45.78	46.05	3395700
2019-11-01	46.44	46.44	46.09	46.34	2238700
2019-11-04	46.31	46.72	46.25	46.67	2171300
2019-11-05	45.86	46.27	45.56	46.26	3376500
2019-11-06	46.52	46.54	45.78	45.87	2784800
2019-11-07	46.91	47.02	46.52	46.61	2725300
2019-11-08	46.90	46.98	46.67	46.85	1849000
2019-11-11	46.81	47.07	46.49	46.53	1395200
2019-11-12	46.76	46.92	46.67	46.83	2033600
2019-11-13	46.90	46.96	46.33	46.49	1677800
2019-11-14	46.94	47.03	46.79	46.92	2175300
2019-11-15	47.13	47.20	46.68	47.14	2711700
2019-11-18	47.12	47.26	46.90	47.01	2934200
2019-11-19	47.09	47.47	47.05	47.24	2840100
2019-11-20	47.13	47.25	46.88	47.00	2053800
2019-11-21	46.90	47.21	46.80	47.21	1938900
2019-11-22	47.01	47.07	46.79	46.95	1856900
2019-11-25	47.28	47.32	47.07	47.12	2098000
2019-11-26	47.65	47.66	47.05	47.27	3997700
2019-11-27	47.73	47.88	47.48	47.86	2171200
2019-11-29	47.75	47.95	47.68	47.74	1270600
2019-12-02	45.87	47.74	45.83	47.64	5337100
2019-12-03	45.04	45.48	44.66	45.34	4934600
2019-12-04	45.56	45.73	44.98	44.98	3100000
2019-12-05	45.90	45.99	45.57	45.63	2861800
2019-12-06	46.14	46.43	46.13	46.41	2685400
2019-12-09	46.19	46.25	45.87	45.94	2020000
2019-12-10	46.28	46.43	46.08	46.18	2499700
2019-12-11	46.19	46.40	45.81	46.40	3552000
2019-12-12	46.93	47.05	46.14	46.26	2906400
2019-12-13	46.29	47.00	46.07	46.78	3896600
2019-12-16	46.21	46.41	45.65	46.34	4308700
2019-12-17	46.24	46.71	46.22	46.32	2818500
2019-12-18	46.07	46.43	46.05	46.43	2706500
2019-12-19	46.14	46.17	45.86	45.95	3001100
2019-12-20	46.27	46.69	46.10	46.62	6487300
2019-12-23	45.74	46.35	45.66	46.32	2477900
2019-12-24	45.94	46.04	45.78	45.84	984700
2019-12-26	45.81	46.05	45.75	45.97	1830500
2019-12-27	45.81	46.08	45.74	45.97	1730900
2019-12-30	45.92	46.11	45.88	45.89	1593100
2019-12-31	46.06	46.23	45.85	45.93	2326700
2020-01-02	46.45	46.47	45.99	46.18	3363200
2020-01-03	46.13	46.34	45.94	45.99	2125400
2020-01-06	46.00	46.08	45.81	45.84	2760700
2020-01-07	45.56	46.02	45.49	45.93	3922100
2020-01-08	45.70	46.10	45.61	45.66	2854900
2020-01-09	45.71	45.94	45.58	45.80	3646500
2020-01-10	45.34	46.17	45.32	45.87	2842800
2020-01-13	45.71	45.72	45.37	45.40	3201000
2020-01-14	45.45	45.71	45.38	45.67	3212500
2020-01-15	45.54	45.77	45.38	45.41	4637100
2020-01-16	45.96	46.08	45.68	45.75	3048600
2020-01-17	46.51	46.55	45.96	46.05	3369800
2020-01-21	46.01	46.48	46.00	46.32	2968700
2020-01-22	45.74	46.20	45.68	46.16	2523400
2020-01-23	45.76	45.86	45.20	45.48	3005700
2020-01-24	45.61	45.97	45.28	45.91	2793800
2020-01-27	45.13	45.36	44.97	45.03	2619600
2020-01-28	45.60	45.87	45.27	45.34	2576700
2020-01-29	45.61	45.95	45.58	45.76	1566400
2020-01-30	46.18	46.25	45.22	45.22	2552000
2020-01-31	44.90	45.97	44.86	45.90	4313400
2020-02-03	45.28	45.67	45.14	45.14	4109800
2020-02-04	45.42	45.99	45.42	45.71	3685200
2020-02-05	46.39	46.39	45.64	45.84	4929500
2020-02-06	45.92	46.48	45.67	46.35	3480500
2020-02-07	46.08	46.40	45.86	45.89	2341700
2020-02-10	45.92	46.07	45.66	46.00	2168600
2020-02-11	46.09	46.45	46.00	46.05	2026700
2020-02-12	45.62	46.22	45.61	46.16	2474400
2020-02-13	45.67	45.85	45.38	45.63	2568500
2020-02-14	45.98	45.99	45.62	45.71	2073500
2020-02-18	45.41	45.95	45.29	45.87	2210000
2020-02-19	45.12	45.47	45.12	45.45	2182600
2020-02-20	45.07	45.21	44.76	45.06	2623700
2020-02-21	45.10	45.27	44.75	44.89	2977600
2020-02-24	43.09	44.38	43.06	44.24	4080300
2020-02-25	41.75	43.26	41.59	43.15	4013900
2020-02-26	40.75	42.28	40.35	42.06	5292000
2020-02-27	38.86	40.61	38.85	40.06	6232300
2020-02-28	37.51	38.40	36.69	37.91	8935600
2020-03-02	39.64	39.65	37.57	37.74	6569000
2020-03-03	37.93	39.96	37.71	39.41	7325900
2020-03-04	38.99	39.06	37.74	38.68	7922500
2020-03-05	36.39	37.82	36.05	37.82	5574500
2020-03-06	35.69	35.85	34.37	34.77	6310800
2020-03-09	32.90	35.14	32.17	33.26	7871300
2020-03-10	34.33	34.37	32.57	34.17	6962000
2020-03-11	32.33	33.34	31.80	33.18	5903400
2020-03-12	27.50	30.36	27.49	29.24	6057800
2020-03-13	30.36	30.50	27.27	29.36	6242000
2020-03-16	25.37	28.46	25.23	26.35	5979300
2020-03-17	26.39	26.57	23.64	25.83	7086300
2020-03-18	22.12	25.02	20.19	24.39	7493400
2020-03-19	23.55	24.90	21.17	22.03	7171300
2020-03-20	23.40	25.69	22.96	23.91	6985900
2020-03-23	22.49	23.62	22.00	23.13	6925700
2020-03-24	25.48	25.58	23.35	24.07	6025300
2020-03-25	32.15	33.46	25.55	25.78	14431000
2020-03-26	31.31	36.08	30.44	32.56	10739400
2020-03-27	30.99	32.53	29.53	29.92	6083000
2020-03-30	31.74	32.17	30.20	31.19	4315900
2020-03-31	29.97	31.51	29.81	31.28	7315700
2020-04-01	27.92	29.02	27.18	28.06	5237000
2020-04-02	27.86	28.99	27.23	27.69	4892600
2020-04-03	28.37	28.59	27.40	27.41	4690300
2020-04-06	30.83	31.61	29.83	30.22	5275800
2020-04-07	31.26	33.46	31.20	32.55	4625500
2020-04-08	33.06	33.34	31.29	31.52	4296900
2020-04-09	33.33	34.85	32.85	33.70	7065600
2020-04-13	32.63	33.39	31.97	33.39	2828200
2020-04-14	33.07	33.66	32.73	33.29	3347800
2020-04-15	31.29	31.97	30.92	31.68	3689500
2020-04-16	30.67	31.28	30.43	31.26	2878000
2020-04-17	31.93	32.26	31.13	31.71	3858400
2020-04-20	31.64	31.97	30.65	31.08	3377900
2020-04-21	30.28	31.10	30.14	30.57	3383400
2020-04-22	31.05	31.30	30.64	31.03	2363900
2020-04-23	30.67	31.50	30.63	31.32	3206900
2020-04-24	31.76	32.00	30.84	31.13	3482700
2020-04-27	32.62	32.88	31.81	31.81	3279900
2020-04-28	33.08	34.25	32.97	33.73	2445300
2020-04-29	34.30	34.56	33.53	34.22	3001300
2020-04-30	32.60	34.05	32.25	32.52	5604200
2020-05-01	32.05	32.06	31.48	31.76	3425200
2020-05-04	31.29	31.60	30.77	31.55	3522700
2020-05-05	31.44	32.07	31.39	31.39	3421600
2020-05-06	30.01	31.48	30.01	31.10	4079500
2020-05-07	31.40	31.91	30.50	30.52	2977600
2020-05-08	31.74	32.27	31.04	32.08	2570700
2020-05-11	30.99	31.46	30.62	31.23	2938800
2020-05-12	29.45	31.17	29.45	31.10	3698600
2020-05-13	28.00	29.17	27.85	29.15	4405000
2020-05-14	28.67	28.70	26.54	27.51	5193200
2020-05-15	28.88	29.02	27.90	28.31	10064000
2020-05-18	30.42	30.75	30.13	30.41	3832400
2020-05-19	29.68	30.39	29.39	30.15	3141600
2020-05-20	30.71	30.97	29.94	30.05	4786800
2020-05-21	30.75	30.85	30.43	30.54	4426000
2020-05-22	30.62	30.83	30.34	30.83	2875000
2020-05-26	31.97	32.35	31.40	31.99	3783300
2020-05-27	32.80	33.51	32.35	33.51	4554000
2020-05-28	32.32	33.17	31.94	33.06	4103800
2020-05-29	32.18	32.42	31.46	31.85	17390300
2020-06-01	32.62	32.86	31.99	32.17	5017900
2020-06-02	32.86	33.26	32.65	32.95	2849800
2020-06-03	33.72	34.11	33.53	33.73	3641700
2020-06-04	34.71	34.71	33.17	33.53	4657100
2020-06-05	35.76	36.89	35.63	36.73	3948900
2020-06-08	37.15	37.23	36.25	36.43	4033600
2020-06-09	35.47	36.40	35.44	36.01	3220900
2020-06-10	34.49	35.32	34.26	35.21	3830800
2020-06-11	31.47	33.34	31.45	32.65	5382300
2020-06-12	32.33	32.89	31.48	32.81	3265200
2020-06-15	32.76	32.98	30.98	31.26	3271300
2020-06-16	32.96	34.23	32.47	34.23	3449800
2020-06-17	32.46	33.38	32.43	33.15	3432000
2020-06-18	32.75	32.99	31.87	32.09	2835300
2020-06-19	32.30	33.49	31.92	33.43	7694300
2020-06-22	32.17	32.53	31.76	32.10	3532600
2020-06-23	32.11	32.91	32.08	32.71	3159600
2020-06-24	31.03	31.83	30.87	31.73	4040100
2020-06-25	31.62	31.65	30.57	30.78	2801800
2020-06-26	30.60	31.35	30.27	31.20	4875400
2020-06-29	31.26	31.45	30.60	31.04	2739000
2020-06-30	31.79	31.95	31.07	31.10	3768800
2020-07-01	31.23	32.01	30.87	31.73	3154600
2020-07-02	31.11	32.40	31.01	31.96	3075400
2020-07-06	31.78	32.32	31.49	31.97	3332600
2020-07-07	30.55	31.65	30.51	31.44	3488400
2020-07-08	31.24	31.35	30.59	30.73	3085000
2020-07-09	29.98	31.21	29.84	31.10	3806900
2020-07-10	30.77	30.78	30.01	30.12	2782200
2020-07-13	30.78	31.30	30.61	30.96	3117300
2020-07-14	31.46	31.48	30.52	30.78	4162200
2020-07-15	32.01	32.33	31.62	32.14	3532800
2020-07-16	32.09	32.57	31.69	31.78	2194700
2020-07-17	31.96	32.13	31.53	32.06	2800800
2020-07-20	31.75	31.90	31.36	31.72	2485000
2020-07-21	32.22	32.60	31.87	31.87	2684000
2020-07-22	32.35	32.53	31.77	31.87	2154200
2020-07-23	32.64	32.83	32.17	32.23	2537300
2020-07-24	32.45	32.95	32.38	32.77	2226400
2020-07-27	32.15	32.37	31.79	32.28	3311000
2020-07-28	32.02	32.30	31.85	32.01	3863800
2020-07-29	32.21	32.31	31.49	32.07	3904800
2020-07-30	31.14	31.55	30.85	31.43	4575900
2020-07-31	31.39	31.46	30.91	31.01	4404200
2020-08-03	31.20	31.59	31.10	31.40	2937700
2020-08-04	30.94	31.39	30.90	31.10	4122000
2020-08-05	31.37	31.87	31.11	31.15	2700900
2020-08-06	31.25	31.68	31.03	31.14	3285700
2020-08-07	32.23	32.27	30.99	31.02	2963000
2020-08-10	33.06	33.22	32.36	32.37	3102300
2020-08-11	33.56	34.20	33.43	33.76	3963200
2020-08-12	33.20	34.36	32.95	34.36	3217400
2020-08-13	33.31	33.31	32.61	32.75	3123000
2020-08-14	33.59	33.74	32.98	33.07	2660900
2020-08-17	33.06	33.70	32.92	33.47	2497400
2020-08-18	33.02	33.53	32.96	33.22	2195000
2020-08-19	32.92	33.25	32.76	32.89	2497400
2020-08-20	32.59	32.85	32.37	32.41	2409800
2020-08-21	32.38	32.87	32.31	32.67	2928400
2020-08-24	33.23	33.27	32.38	32.53	2709300
2020-08-25	32.98	33.70	32.82	33.59	2826300
2020-08-26	32.41	32.77	32.35	32.75	2802700
2020-08-27	32.79	33.16	32.33	32.41	2778900
2020-08-28	33.01	33.10	32.61	33.09	3101600
2020-08-31	32.29	33.07	32.25	33.07	3362200
2020-09-01	32.63	33.00	31.92	32.01	3889300
2020-09-02	32.81	33.30	32.45	32.57	3197800
2020-09-03	32.84	34.04	32.58	33.23	5241200
2020-09-04	33.66	33.85	32.76	33.46	5104300
2020-09-08	32.84	33.78	32.73	33.69	5122100
2020-09-09	32.93	33.38	32.88	33.12	3473800
2020-09-10	32.19	33.38	32.16	33.02	3335900
2020-09-11	32.35	32.72	32.02	32.25	3067000
2020-09-14	32.96	33.31	32.54	32.89	3441400
2020-09-15	32.62	33.11	32.46	33.00	3220600
2020-09-16	33.08	33.55	32.55	32.68	3813000
2020-09-17	33.45	33.46	32.53	32.86	3793300
2020-09-18	33.61	34.14	33.26	33.33	17653100
2020-09-21	32.37	33.25	31.94	32.97	5030700
2020-09-22	32.33	32.82	31.98	32.25	3618100
2020-09-23	31.67	32.86	31.65	32.45	3137600
2020-09-24	31.71	32.20	31.05	31.78	2932700
2020-09-25	31.77	31.96	31.28	31.29	2924000
2020-09-28	32.30	32.85	32.23	32.33	3502200
2020-09-29	32.02	32.31	31.65	32.09	2908100
2020-09-30	32.32	32.73	32.04	32.23	3922300
2020-10-01	32.35	32.63	31.95	32.34	2482900
2020-10-02	32.79	33.03	31.73	32.00	2973800
2020-10-05	33.28	33.55	33.02	33.19	3317300
2020-10-06	33.22	34.20	33.09	33.63	4076900
2020-10-07	33.70	34.14	33.42	33.54	3448400
2020-10-08	34.00	34.32	33.72	33.97	2320000
2020-10-09	33.87	34.27	33.73	34.22	2539600
2020-10-12	34.14	34.42	33.84	33.91	2163800
2020-10-13	33.08	34.06	32.98	34.02	2579300
2020-10-14	32.88	33.53	32.86	33.07	2626000
2020-10-15	33.12	33.24	32.36	32.55	2443800
2020-10-16	33.08	33.55	32.89	33.26	2630900
2020-10-19	32.43	33.32	32.39	33.16	3208400
2020-10-20	32.82	33.12	32.64	32.83	3219300
2020-10-21	32.58	32.91	32.50	32.66	2760300
2020-10-22	33.35	33.37	32.28	32.60	2311900
2020-10-23	33.65	33.81	33.30	33.58	2501500
2020-10-26	32.69	33.27	32.31	33.24	2998300
2020-10-27	31.44	32.62	31.43	32.61	3849200
2020-10-28	30.36	32.25	30.24	31.86	6813500
2020-10-29	30.42	30.76	29.86	30.41	4621200
2020-10-30	30.18	30.60	29.67	30.20	5321300
2020-11-02	31.58	31.69	30.42	30.75	4717900
2020-11-03	32.22	32.49	32.00	32.17	5029000
2020-11-04	32.48	33.07	31.37	31.69	5122500
2020-11-05	33.07	33.38	32.54	32.75	5234000
2020-11-06	32.81	33.46	32.58	33.10	3970300
2020-11-09	36.89	37.54	34.82	35.80	7856300
2020-11-10	37.21	37.61	36.58	36.89	4886900
2020-11-11	36.34	37.27	36.15	37.20	4186300
2020-11-12	35.84	36.25	35.33	35.83	3908300
2020-11-13	36.91	37.19	36.01	36.23	2908100
2020-11-16	38.43	38.46	37.55	38.01	5340800
2020-11-17	38.48	38.81	37.79	38.10	4739500
2020-11-18	38.35	39.34	38.34	38.57	5550900
2020-11-19	39.12	39.14	38.05	38.15	3475500
2020-11-20	39.24	39.36	38.76	38.87	4462100
2020-11-23	39.78	40.15	39.53	39.71	4779700
2020-11-24	41.28	41.55	40.04	40.63	5006300
2020-11-25	40.81	41.02	40.30	40.85	4127900
2020-11-27	40.52	41.28	40.41	40.41	2073600
2020-11-30	39.31	40.44	39.29	40.08	5918300
2020-12-01	40.00	40.38	39.73	40.21	4043100
2020-12-02	40.55	40.76	39.63	39.87	3684400
2020-12-03	40.89	40.93	40.38	40.51	2917800
2020-12-04	41.42	41.48	40.54	40.64	4836300
2020-12-07	40.42	41.16	40.30	41.16	3582200
2020-12-08	40.48	40.76	39.91	40.19	3426600
2020-12-09	40.38	40.87	40.23	40.75	3842800
2020-12-10	40.58	40.72	39.87	39.91	2881200
2020-12-11	40.13	40.32	39.84	39.99	3314600
2020-12-14	39.55	40.78	39.54	40.71	3198200
2020-12-15	40.15	40.36	39.54	40.12	2957500
2020-12-16	39.98	40.47	39.84	40.26	3282400
2020-12-17	40.10	40.27	39.79	40.13	3037300
2020-12-18	39.27	40.40	38.94	40.13	10298600
2020-12-21	39.01	39.26	38.24	39.17	4155700
2020-12-22	38.51	39.15	38.48	39.02	4044500
2020-12-23	38.95	39.28	38.60	38.85	5450700
2020-12-24	39.23	39.31	38.82	39.08	1383500
2020-12-28	39.30	40.04	39.29	39.45	2282700
2020-12-29	39.15	39.66	39.10	39.52	2386700
2020-12-30	39.38	39.80	39.22	39.26	1954500
2020-12-31	39.79	39.95	39.28	39.38	2159000
2021-01-04	38.65	40.00	38.51	39.91	3111200
2021-01-05	38.71	39.10	38.44	38.77	2561700
2021-01-06	40.21	40.45	38.96	39.29	3842900
2021-01-07	39.98	40.50	39.78	40.43	4217400
2021-01-08	39.81	40.26	39.12	40.20	2915700
2021-01-11	39.83	40.11	39.37	39.57	2479000
2021-01-12	41.32	41.65	40.50	41.35	5828100
2021-01-13	41.24	41.66	40.83	41.10	4059800
2021-01-14	41.94	42.06	41.33	41.48	2868300
2021-01-15	41.59	41.90	41.17	41.64	4218800
2021-01-19	42.10	42.35	41.72	41.88	2665200
2021-01-20	42.11	42.25	41.80	42.03	2368300
2021-01-21	41.45	42.17	41.44	41.99	2926500
2021-01-22	41.55	41.71	40.96	41.04	3773800
2021-01-25	41.67	41.71	40.91	41.12	5031400
2021-01-26	41.55	42.05	41.52	41.83	3956600
2021-01-27	40.40	41.23	40.05	40.96	4463200
2021-01-28	41.27	41.62	40.54	40.82	4272600
2021-01-29	40.43	41.13	40.06	41.07	5236800
2021-02-01	40.81	41.07	40.14	40.62	3161700
2021-02-02	41.44	41.77	41.20	41.40	3120300
2021-02-03	41.06	41.28	40.74	41.16	3327700
2021-02-04	40.94	41.74	40.74	41.22	4893100
2021-02-05	40.67	41.06	40.21	41.05	4651400
2021-02-08	41.41	41.59	40.77	40.90	4668700
2021-02-09	41.39	41.68	41.07	41.42	3708300
2021-02-10	41.78	41.93	41.25	41.57	4039900
2021-02-11	41.96	42.13	41.57	41.89	2767800
2021-02-12	41.99	42.38	41.57	41.77	2322700
2021-02-16	41.77	42.40	41.77	41.95	3853000
2021-02-17	42.39	42.48	41.57	41.68	3541500
2021-02-18	42.62	42.97	42.13	42.15	4195100
2021-02-19	43.33	43.73	42.83	42.91	4752900
2021-02-22	44.35	44.79	43.22	43.22	4837300
2021-02-23	44.39	45.00	43.94	44.84	3594400
2021-02-24	44.92	45.05	44.39	44.46	4483700
2021-02-25	43.84	45.19	43.83	45.06	5113200
2021-02-26	43.16	44.10	43.07	43.70	6661800
2021-03-01	43.91	44.33	43.71	43.86	3527400
2021-03-02	43.83	44.33	43.82	43.93	3894600
2021-03-03	44.10	44.55	43.83	43.89	3185300
2021-03-04	43.62	44.28	42.99	44.20	4515700
2021-03-05	45.01	45.15	43.82	44.14	4230400
2021-03-08	45.76	46.70	45.18	45.20	4898800
2021-03-09	45.24	46.13	44.92	45.44	3333700
2021-03-10	45.79	45.96	45.17	45.25	3172400
2021-03-11	45.97	46.19	45.24	45.37	3046600
2021-03-12	46.72	46.80	46.10	46.46	5478300
2021-03-15	46.99	47.07	46.28	46.72	2790100
2021-03-16	46.05	46.70	45.71	46.59	3025800
2021-03-17	46.56	46.65	45.98	46.36	3373600
2021-03-18	46.65	47.56	46.49	46.93	4201500
2021-03-19	46.10	46.36	45.69	46.28	11172400
2021-03-22	45.56	45.95	45.43	45.78	3829100
2021-03-23	44.61	45.47	44.46	45.25	3661600
2021-03-24	44.97	45.67	44.82	44.90	3512100
2021-03-25	46.09	46.14	44.71	45.10	2682000
2021-03-26	46.47	46.51	45.90	46.28	2726900
2021-03-29	46.27	46.60	45.78	45.82	2386800
2021-03-30	46.71	46.94	46.23	46.48	2687200
2021-03-31	46.12	46.69	45.96	46.44	3652100
2021-04-01	46.34	46.39	45.85	45.92	2180800
2021-04-05	46.37	46.88	46.19	46.67	2619800
2021-04-06	46.51	46.75	46.24	46.40	1975500
2021-04-07	46.61	46.81	46.34	46.54	1893100
2021-04-08	46.40	46.52	46.10	46.26	2787900
2021-04-09	46.54	46.91	46.28	46.77	3644800
2021-04-12	47.26	47.38	46.64	46.87	2731200
2021-04-13	47.12	47.34	46.79	46.92	3074600
2021-04-14	47.65	47.67	46.99	47.06	2255700
2021-04-15	47.61	47.70	47.31	47.66	2164500
2021-04-16	48.17	48.29	47.89	48.02	2763400
2021-04-19	48.27	48.40	48.02	48.20	3330100
2021-04-20	47.39	48.11	47.07	48.08	2512600
2021-04-21	48.21	48.27	47.40	47.52	3037700
2021-04-22	47.71	48.09	47.62	47.89	3874600
2021-04-23	48.10	48.28	47.58	47.80	2803400
2021-04-26	48.10	48.72	48.01	48.21	3473500
2021-04-27	48.24	48.28	47.93	48.12	2466700
2021-04-28	48.23	48.66	48.21	48.54	2247400
2021-04-29	48.86	49.45	48.21	48.76	3253400
2021-04-30	48.42	48.87	48.14	48.84	4143000
2021-05-03	49.13	49.49	48.52	48.93	3071000
2021-05-04	49.47	49.54	48.68	49.06	2948400
2021-05-05	49.91	49.95	48.99	49.51	3682200
2021-05-06	50.63	50.65	49.74	50.22	3791500
2021-05-07	50.57	50.62	49.84	49.96	2597200
2021-05-10	50.94	51.68	50.49	50.80	3480900
2021-05-11	49.76	50.77	49.64	50.67	3021000
2021-05-12	49.07	50.17	49.02	50.04	3251700
2021-05-13	50.02	50.28	48.76	48.84	2979600
2021-05-14	50.88	50.98	49.99	50.26	2273900
2021-05-17	50.85	50.98	50.41	50.70	2444000
2021-05-18	50.68	51.31	50.62	50.69	2799000
2021-05-19	50.55	50.81	49.79	50.27	3415600
2021-05-20	50.45	50.70	50.06	50.54	2690900
2021-05-21	50.75	51.16	50.28	50.63	3058400
2021-05-24	51.10	51.24	50.67	50.95	2884100
2021-05-25	50.55	51.38	50.46	51.14	3361900
2021-05-26	50.99	51.05	50.40	50.76	3077300
2021-05-27	51.51	51.73	50.90	51.45	6550200
2021-05-28	51.38	51.80	50.86	51.68	3447300
2021-06-01	51.86	52.15	51.38	51.81	2645200
2021-06-02	51.81	52.16	51.54	52.04	2722500
2021-06-03	51.90	52.07	51.41	51.60	2180100
2021-06-04	52.11	52.14	51.62	51.92	1734900
2021-06-07	52.02	52.19	51.71	52.08	3181200
2021-06-08	51.93	52.01	51.17	51.74	3900700
2021-06-09	51.30	51.84	51.29	51.70	1940900
2021-06-10	50.94	51.92	50.89	51.82	1779800
2021-06-11	50.99	51.19	50.83	51.06	1881500
2021-06-14	50.25	50.99	49.97	50.80	2770400
2021-06-15	50.22	50.55	50.00	50.26	3019600
2021-06-16	49.95	50.25	49.53	50.08	2995800
2021-06-17	48.46	50.16	48.15	50.05	4110400
2021-06-18	47.21	47.96	47.16	47.72	6477200
2021-06-21	48.11	48.13	47.35	47.54	2700600
2021-06-22	47.89	48.11	47.40	48.00	3310100
2021-06-23	47.76	48.05	47.75	48.00	2711500
2021-06-24	48.19	48.40	47.71	47.93	4183600
2021-06-25	49.15	49.34	48.26	48.44	10797300
2021-06-28	48.38	49.04	48.28	49.01	3536400
2021-06-29	48.54	48.85	48.34	48.57	2765400
2021-06-30	48.64	48.69	48.16	48.36	3213500
2021-07-01	48.95	49.22	48.60	48.98	3563500
2021-07-02	49.09	49.14	48.68	48.91	2835900
2021-07-06	48.29	48.96	48.07	48.95	3857300
2021-07-07	48.73	48.77	47.90	47.96	3095200
2021-07-08	47.44	48.08	47.18	47.84	3404300
2021-07-09	48.36	48.56	47.97	48.19	4840100
2021-07-12	48.65	48.90	47.82	48.32	5018600
2021-07-13	48.13	48.91	47.88	48.61	3557700
2021-07-14	48.30	48.65	47.82	48.09	2663100
2021-07-15	48.58	48.72	47.84	47.95	2996200
2021-07-16	48.15	48.75	48.01	48.68	7477900
2021-07-19	46.87	47.57	46.56	47.26	4665300
2021-07-20	48.03	48.43	46.67	46.77	3507800
2021-07-21	48.84	49.34	48.32	48.58	2888000
2021-07-22	48.13	49.02	48.01	48.87	2717900
2021-07-23	48.38	48.73	48.19	48.37	2171800
2021-07-26	48.68	48.85	48.20	48.33	1829000
2021-07-27	48.77	48.92	47.98	48.31	2573000
2021-07-28	48.76	49.20	48.30	48.95	2784900
2021-07-29	50.41	50.94	49.74	50.45	4449000
2021-07-30	49.86	50.67	49.81	50.34	3435000
2021-08-02	49.59	50.86	49.53	50.14	3199000
2021-08-03	50.40	50.44	49.20	50.01	2726500
2021-08-04	49.80	50.37	49.64	49.84	3475300
2021-08-05	50.37	50.75	50.01	50.31	2106100
2021-08-06	50.98	51.14	50.67	50.77	3162900
2021-08-09	50.86	51.12	50.40	50.89	2191000
2021-08-10	51.40	51.63	50.49	50.79	3123200
2021-08-11	51.62	51.84	51.17	51.52	3142700
2021-08-12	52.00	52.06	51.53	51.80	1911600
2021-08-13	51.91	52.24	51.80	52.13	1681600
2021-08-16	52.14	52.25	51.38	51.67	2482800
2021-08-17	52.07	52.33	51.62	51.82	2408900
2021-08-18	51.39	52.16	51.37	51.73	2550500
2021-08-19	50.98	51.39	50.61	50.76	2414500
2021-08-20	51.38	51.51	50.60	50.92	1796700
2021-08-23	51.70	52.19	51.15	51.69	2334700
2021-08-24	51.70	52.00	51.52	51.83	1901100
2021-08-25	52.07	52.47	51.52	51.82	2609900
2021-08-26	51.42	52.18	51.38	52.16	1925700
2021-08-27	52.05	52.26	51.41	51.59	1667600
2021-08-30	51.45	52.05	51.38	52.03	1908400
2021-08-31	51.68	52.00	51.18	51.37	3378600
2021-09-01	51.37	51.84	51.20	51.84	2359900
2021-09-02	51.05	51.59	50.90	51.59	2416800
2021-09-03	50.79	51.14	50.64	50.97	1832500
2021-09-07	50.37	50.97	50.35	50.78	2444700
2021-09-08	50.30	50.45	49.96	50.24	2490700
2021-09-09	50.27	50.99	50.16	50.27	2518300
2021-09-10	49.83	50.64	49.83	50.60	2126800
2021-09-13	50.35	50.55	49.98	50.34	2171600
2021-09-14	49.50	50.62	49.39	50.62	2553700
2021-09-15	49.83	50.24	49.47	49.58	2437600
2021-09-16	49.74	50.10	49.50	49.84	2216100
2021-09-17	49.22	50.06	49.19	49.60	7984600
2021-09-20	47.47	48.32	46.75	48.23	4414000
2021-09-21	46.82	47.87	46.76	47.79	3548800
2021-09-22	47.30	47.67	47.14	47.42	4131600
2021-09-23	47.77	48.37	47.56	47.56	3059100
2021-09-24	47.98	48.34	47.68	47.78	2167300
2021-09-27	48.69	49.15	48.07	48.45	2519800
2021-09-28	48.17	48.98	48.09	48.68	3030900
2021-09-29	48.08	48.54	48.05	48.20	2210300
2021-09-30	47.53	48.35	47.45	48.35	3316800
2021-10-01	48.27	48.59	47.55	47.66	2284200
2021-10-04	48.11	49.14	47.92	48.28	3071400
2021-10-05	48.71	48.90	47.92	48.30	2225400
2021-10-06	48.61	48.62	47.78	48.24	2508600
2021-10-07	49.38	49.59	48.90	49.11	2251100
2021-10-08	49.71	50.05	49.43	49.57	2265000
2021-10-11	49.67	50.51	49.61	49.88	2564300
2021-10-12	49.62	49.92	49.42	49.67	2822700
2021-10-13	49.20	49.64	48.49	49.55	2706500
2021-10-14	50.46	50.50	49.13	49.73	2750600
2021-10-15	50.65	51.05	50.57	50.88	7107800
2021-10-18	50.29	50.76	50.04	50.64	2669700
2021-10-19	50.86	51.05	50.59	50.85	2069700
2021-10-20	51.46	51.55	50.79	50.88	2119700
2021-10-21	51.17	51.43	50.77	51.27	1985000
2021-10-22	51.55	51.75	51.03	51.41	1895800
2021-10-25	51.95	52.06	51.40	51.69	2189400
2021-10-26	52.10	52.46	51.98	52.21	2677600
2021-10-27	51.06	52.57	51.06	51.97	3443200
2021-10-28	50.47	51.63	49.86	50.89	4788500
2021-10-29	48.93	50.36	48.76	50.36	5018100
2021-11-01	50.03	50.05	49.01	49.20	2405700
2021-11-02	50.25	50.37	49.62	50.05	2743300
2021-11-03	51.11	51.52	49.93	50.01	4279700
2021-11-04	50.78	51.05	49.88	50.95	2684000
2021-11-05	51.74	52.23	51.13	51.37	3228300
2021-11-08	51.74	52.22	51.60	51.96	1948000
2021-11-09	51.31	51.61	51.06	51.46	1719100
2021-11-10	51.07	51.71	50.87	51.43	2497800
2021-11-11	51.36	51.49	50.79	51.06	3276600
2021-11-12	51.98	52.04	51.23	51.38	2439300
2021-11-15	52.49	52.66	51.94	52.19	3433600
2021-11-16	52.51	53.14	52.45	52.88	3321200
2021-11-17	52.19	52.53	52.16	52.27	2959000
2021-11-18	51.26	52.14	50.95	52.10	2793700
2021-11-19	50.84	51.28	50.19	50.89	2646400
2021-11-22	51.22	51.88	50.85	51.13	3338000
2021-11-23	52.08	52.20	51.13	51.32	2950000
2021-11-24	52.28	52.41	51.60	51.97	3064800
2021-11-26	50.96	51.31	50.09	51.03	3429700
2021-11-29	51.08	51.57	50.68	51.40	2724400
2021-11-30	49.65	50.59	49.52	50.47	6793900
2021-12-01	49.21	51.27	49.21	50.66	3241100
2021-12-02	50.66	51.10	49.29	49.52	2960600
2021-12-03	49.77	50.59	49.38	50.15	3672000
2021-12-06	51.09	51.72	50.09	50.52	3209000
2021-12-07	52.00	52.31	51.18	51.42	2816300
2021-12-08	52.02	52.43	51.73	52.09	2309400
2021-12-09	52.61	52.75	51.55	51.65	2647300
2021-12-10	53.04	53.22	52.67	53.00	2994500
2021-12-13	52.29	53.00	52.22	52.93	3482200
2021-12-14	52.41	52.78	51.36	51.48	4002400
2021-12-15	52.59	52.70	51.97	52.64	3744300
2021-12-16	53.09	53.66	52.78	53.05	2991800
2021-12-17	52.12	53.00	51.95	53.00	5989200
2021-12-20	50.76	51.43	50.11	51.36	3199200
2021-12-21	52.12	52.61	51.32	51.38	3328500
2021-12-22	52.43	52.63	51.90	52.00	1660800
2021-12-23	52.90	53.29	52.80	52.80	2326600
2021-12-27	53.37	53.38	52.74	52.98	1670300
2021-12-28	53.63	53.85	53.20	53.29	1735600
2021-12-29	53.91	54.00	53.40	53.75	1577400
2021-12-30	53.70	54.30	53.66	53.96	1677900
2021-12-31	53.54	53.92	53.42	53.62	2045500
2022-01-03	53.43	54.12	53.27	53.76	3231000
2022-01-04	55.18	55.35	53.55	53.97	4813000
2022-01-05	55.09	56.31	55.01	55.35	4121300
2022-01-06	56.11	56.16	55.14	55.70	3607700
2022-01-07	57.00	57.20	55.90	56.27	3728000
2022-01-10	57.69	57.71	56.96	57.40	5676400
2022-01-11	57.97	57.99	57.23	57.73	2594100
2022-01-12	58.08	58.59	57.90	58.18	3007100
2022-01-13	58.16	58.89	57.96	58.34	2989900
2022-01-14	58.74	58.76	57.27	57.60	2791500
2022-01-18	58.37	58.81	57.93	58.67	2691300
2022-01-19	57.55	58.65	57.50	58.48	2939800
2022-01-20	56.76	58.09	56.69	57.74	3116800
2022-01-21	55.81	56.78	55.67	56.78	6141100
2022-01-24	56.38	56.57	54.49	55.17	5200700
2022-01-25	56.76	57.20	54.85	55.83	3705400
2022-01-26	57.00	57.97	56.44	57.19	3617300
2022-01-27	56.75	58.33	56.31	57.49	3478900
2022-01-28	57.17	57.19	55.83	56.54	2936000
2022-01-31	57.60	57.67	56.45	56.79	5175500
2022-02-01	57.67	57.90	57.01	57.43	4251400
2022-02-02	58.40	58.57	57.49	57.68	4037800
2022-02-03	58.46	58.69	57.40	58.40	3899000
2022-02-04	59.32	59.85	58.22	58.38	3633100
2022-02-07	59.85	60.39	59.27	59.48	3251600
2022-02-08	60.56	60.80	59.82	60.27	3520100
2022-02-09	60.56	61.02	60.47	60.72	2597400
2022-02-10	60.11	61.41	60.06	60.35	4416100
2022-02-11	59.89	61.02	59.52	60.04	4311200
2022-02-14	58.89	60.14	58.42	59.71	4035800
2022-02-15	59.57	60.01	59.37	59.52	2648700
2022-02-16	59.53	59.85	59.02	59.27	3022300
2022-02-17	58.32	59.21	58.10	58.93	3380600
2022-02-18	58.29	58.76	58.01	58.01	4966800
2022-02-22	57.92	58.43	57.47	58.33	2703200
2022-02-23	56.83	58.44	56.74	58.18	2649600
2022-02-24	55.01	55.35	53.98	55.29	4712800
2022-02-25	57.16	57.33	55.15	55.54	3774400
2022-02-28	56.37	56.77	55.13	55.63	3516500
2022-03-01	53.96	56.11	53.76	55.85	3746800
2022-03-02	55.49	55.79	54.07	54.51	2957000
2022-03-03	56.43	56.55	55.55	55.71	3214400
2022-03-04	55.46	55.92	54.88	55.30	2803700
2022-03-07	54.47	55.08	54.35	54.78	3528500
2022-03-08	54.65	56.30	54.56	55.07	3079300
2022-03-09	55.72	56.51	55.53	56.06	2940400
2022-03-10	55.33	55.46	54.67	55.11	2485100
2022-03-11	55.33	56.11	55.27	55.71	2228600
2022-03-14	56.14	56.69	55.56	56.05	2212300
2022-03-15	56.53	56.78	55.87	56.42	2168100
2022-03-16	57.78	57.80	56.56	57.18	3006600
2022-03-17	58.04	58.04	56.93	57.24	2120200
2022-03-18	58.09	58.21	57.13	57.89	6150500
2022-03-21	58.50	58.80	58.12	58.51	2013600
2022-03-22	59.48	59.80	58.94	59.05	2456900
2022-03-23	58.81	59.49	58.80	59.24	1865100
2022-03-24	59.51	59.56	58.88	58.96	1246200
2022-03-25	60.47	60.48	59.27	59.30	1921000
2022-03-28	60.24	60.27	59.56	60.26	1851800
2022-03-29	60.27	61.00	59.76	60.73	1678200
2022-03-30	60.44	60.74	60.00	60.33	1909700
2022-03-31	59.41	60.92	59.40	60.39	3032200
2022-04-01	59.83	60.13	59.26	59.86	2164000
2022-04-04	58.69	59.66	58.39	59.63	1882700
2022-04-05	58.84	59.38	58.38	58.69	1864500
2022-04-06	60.04	60.18	58.57	58.94	3471500
2022-04-07	60.13	60.48	58.95	59.88	2607500
2022-04-08	60.46	60.93	60.26	60.49	2412800
2022-04-11	60.15	61.17	60.06	60.67	1929600
2022-04-12	59.88	60.85	59.54	60.24	1880200
2022-04-13	59.97	60.13	59.16	59.64	1842300
2022-04-14	60.28	60.51	59.58	59.95	1723000
2022-04-18	60.46	60.80	60.08	60.08	1983100
2022-04-19	60.43	60.86	59.85	60.57	2393500
2022-04-20	61.47	61.73	60.12	60.53	3368200
2022-04-21	60.44	62.01	60.36	61.82	2495400
2022-04-22	58.47	60.31	58.41	60.19	2706000
2022-04-25	57.58	57.95	56.14	57.85	3654200
2022-04-26	56.07	57.49	56.05	56.91	2334400
2022-04-27	56.12	56.85	55.68	56.40	3204500
2022-04-28	54.68	55.82	53.30	55.82	4294300
2022-04-29	52.85	54.62	52.66	54.50	5062700
2022-05-02	52.87	53.69	51.98	53.32	3250500
2022-05-03	53.44	54.24	52.89	53.25	2758800
2022-05-04	55.07	55.16	53.23	53.29	2432400
2022-05-05	53.55	54.73	53.08	54.39	2423300
2022-05-06	53.73	53.97	52.99	53.41	3073900
2022-05-09	53.11	53.67	52.69	53.29	3130100
2022-05-10	52.91	54.29	52.37	53.57	2557200
2022-05-11	52.48	53.83	52.38	53.25	2353500
2022-05-12	51.77	52.59	50.86	52.42	2608500
2022-05-13	51.93	52.32	51.52	51.98	3062000
2022-05-16	51.85	52.15	51.22	51.93	2537500
2022-05-17	53.20	53.44	52.49	52.81	1911000
2022-05-18	52.34	52.94	52.19	52.89	2728000
2022-05-19	51.67	52.55	51.05	51.77	2512800
2022-05-20	51.20	52.01	50.35	51.74	4413400
2022-05-23	52.54	52.95	51.59	52.02	2348100
2022-05-24	53.05	53.15	51.69	52.33	2803500
2022-05-25	53.72	54.12	52.89	52.98	4087600
2022-05-26	54.94	55.19	53.77	54.21	2895500
2022-05-27	56.14	56.21	54.81	55.12	3038100
2022-05-31	56.29	56.65	55.20	55.68	8137000
2022-06-01	55.58	56.54	55.02	56.35	2281300
2022-06-02	55.47	55.66	54.68	55.45	2195700
2022-06-03	54.66	55.34	54.53	55.09	2239100
2022-06-06	54.98	55.51	54.60	55.20	1803100
2022-06-07	55.42	55.46	54.44	54.71	2309300
2022-06-08	54.57	55.24	54.45	54.86	1838100
2022-06-09	53.37	54.60	53.36	54.60	1865100
2022-06-10	51.70	52.52	51.69	52.32	2392000
2022-06-13	49.94	50.97	49.71	50.83	3068300
2022-06-14	49.91	50.71	49.52	50.24	2138700
2022-06-15	50.40	50.99	49.65	50.39	2650800
2022-06-16	49.26	49.49	48.39	49.48	3798200
2022-06-17	49.30	49.86	48.77	49.32	5257700
2022-06-21	50.35	50.57	49.66	50.32	2269000
2022-06-22	50.15	50.41	49.57	49.57	2056900
2022-06-23	49.86	50.63	49.41	50.31	1954800
2022-06-24	51.85	51.98	49.91	50.19	3295600
2022-06-27	51.94	52.07	51.41	52.02	1927500
2022-06-28	51.95	53.15	51.92	52.62	2327900
2022-06-29	51.54	52.38	51.48	52.17	1987200
2022-06-30	51.42	52.01	50.62	50.99	2691300
2022-07-01	52.27	52.33	51.22	51.41	2294200
2022-07-05	51.60	51.60	50.31	51.26	2079200
2022-07-06	51.99	52.23	50.93	51.21	2242900
2022-07-07	52.37	52.94	52.25	52.52	2304900
2022-07-08	52.28	52.79	52.23	52.74	1814200
2022-07-11	52.08	52.67	51.76	52.16	2060500
2022-07-12	51.80	52.88	51.32	51.76	1948300
2022-07-13	50.73	51.46	50.25	51.46	2084200
2022-07-14	49.67	50.09	49.29	49.51	2175800
2022-07-15	50.47	50.72	49.95	50.22	2038500
2022-07-18	50.34	51.31	50.13	50.80	1893300
2022-07-19	51.09	51.50	50.77	51.05	3283400
2022-07-20	50.83	51.19	50.53	50.76	2495000
2022-07-21	51.14	51.20	50.19	50.83	1824900
2022-07-22	51.37	51.68	50.88	51.32	1802400
2022-07-25	52.10	52.29	51.56	51.76	1505800
2022-07-26	51.71	52.38	51.54	51.94	1969800
2022-07-27	52.04	52.36	51.39	51.84	1819700
2022-07-28	52.43	52.49	51.32	51.94	2181100
2022-07-29	53.25	53.47	52.37	52.60	3758900
2022-08-01	52.70	52.93	52.09	52.82	2515400
2022-08-02	54.59	55.73	53.47	54.28	5509500
2022-08-03	54.84	54.98	53.82	54.57	3137300
2022-08-04	54.99	55.30	54.84	55.08	2642900
2022-08-05	55.23	55.53	54.98	55.23	2123000
2022-08-08	55.37	55.95	55.31	55.76	2257600
2022-08-09	56.15	56.37	55.28	55.57	1978300
2022-08-10	57.35	57.47	56.53	56.83	1995600
2022-08-11	58.21	58.51	57.67	57.80	2205000
2022-08-12	59.51	59.53	58.23	58.30	2090700
2022-08-15	59.54	59.85	58.85	58.93	1769700
2022-08-16	59.47	59.80	59.18	59.36	2543000
2022-08-17	59.38	59.65	58.82	58.88	1721800
2022-08-18	59.99	60.09	59.27	59.48	1703500
2022-08-19	59.18	59.94	58.93	59.89	2246600
2022-08-22	57.81	58.69	57.66	58.48	2354100
2022-08-23	57.61	58.25	57.51	57.90	2290200
2022-08-24	57.57	57.79	57.24	57.61	1694700
2022-08-25	58.22	58.24	57.58	57.73	1482800
2022-08-26	56.94	58.53	56.90	58.43	1999300
2022-08-29	56.89	57.31	56.28	56.40	2019400
2022-08-30	56.24	57.11	56.15	56.85	1819200
2022-08-31	55.58	56.61	55.55	56.33	2752000
2022-09-01	55.67	55.71	54.76	55.63	2716900
2022-09-02	55.56	56.88	55.34	56.11	2401600
2022-09-06	55.68	55.91	55.21	55.71	3117600
2022-09-07	56.93	57.04	55.43	55.48	2838500
2022-09-08	57.68	57.77	56.21	56.84	3072200
2022-09-09	57.88	58.27	57.76	57.99	2154300
2022-09-12	58.46	58.74	57.91	57.99	2099300
2022-09-13	56.86	57.90	56.72	57.65	3448200
2022-09-14	56.24	57.21	55.80	56.91	4152100
2022-09-15	55.71	56.49	55.64	56.34	3436300
2022-09-16	55.65	55.74	54.83	55.58	7803100
2022-09-19	56.47	56.48	54.97	55.14	1803800
2022-09-20	56.62	56.79	55.84	56.20	2580300
2022-09-21	55.92	57.24	55.92	57.06	2754100
2022-09-22	54.88	56.26	54.82	56.26	2441600
2022-09-23	54.05	54.58	53.38	54.35	2711100
2022-09-26	53.16	54.18	52.91	53.69	2511700
2022-09-27	52.91	53.78	52.41	53.61	2277200
2022-09-28	53.51	53.86	52.48	52.74	2526700
2022-09-29	52.92	53.41	52.42	53.17	2435600
2022-09-30	52.57	53.73	52.45	53.12	2931800
2022-10-03	54.12	54.30	52.49	53.20	2319600
2022-10-04	56.13	56.17	54.40	54.68	2381000
2022-10-05	55.81	56.14	55.37	55.49	1659400
2022-10-06	55.32	55.90	55.22	55.52	1811800
2022-10-07	53.96	55.17	53.61	55.00	2404300
2022-10-10	54.27	55.08	53.78	54.45	1946300
2022-10-11	54.34	55.18	53.96	54.06	2595700
2022-10-12	53.70	54.69	53.68	54.27	2034600
2022-10-13	55.83	55.98	52.62	52.94	2639200
2022-10-14	55.31	56.88	55.16	56.13	2437400
2022-10-17	55.78	56.54	55.44	56.16	2361500
2022-10-18	56.30	56.95	55.63	56.78	2283700
2022-10-19	56.25	56.59	55.62	56.07	1765300
2022-10-20	55.33	56.43	55.11	56.12	2243700
2022-10-21	57.03	57.11	55.35	55.49	2486000
2022-10-24	57.88	58.17	57.01	57.23	2352900
2022-10-25	57.95	58.12	57.31	57.44	2461900
2022-10-26	57.95	58.83	57.91	58.28	2276300
2022-10-27	58.65	59.23	58.33	58.37	2345800
2022-10-28	60.60	60.63	58.82	58.94	2583400
2022-10-31	60.90	61.09	60.05	60.44	5193600
2022-11-01	62.49	62.56	60.20	60.77	3874700
2022-11-02	62.38	63.72	61.95	62.26	3970400
2022-11-03	61.71	62.07	61.16	61.69	2881100
2022-11-04	62.84	63.53	62.02	62.57	2906400
2022-11-07	63.44	63.55	62.43	63.03	2011900
2022-11-08	63.59	64.05	62.58	63.16	2100400
2022-11-09	63.16	64.45	63.10	63.82	3055100
2022-11-10	65.45	65.57	63.88	64.54	3500400
2022-11-11	65.76	66.14	64.82	65.71	3278900
2022-11-14	64.27	66.21	64.25	65.62	4359500
2022-11-15	66.07	66.57	65.03	65.03	3743500
2022-11-16	66.62	67.15	66.30	66.50	2649600
2022-11-17	66.41	66.51	65.67	65.87	1875100
2022-11-18	66.74	67.67	66.38	67.18	3031500
2022-11-21	67.15	67.26	66.44	66.71	2484400
2022-11-22	67.73	68.14	66.83	67.47	3042100
2022-11-23	67.74	68.25	67.34	67.50	1882600
2022-11-25	68.21	68.40	67.83	67.92	1048100
2022-11-28	66.79	68.03	66.61	67.64	2792600
2022-11-29	66.69	67.08	66.29	66.29	3089100
2022-11-30	67.67	68.15	65.76	66.39	5708900
2022-12-01	67.66	68.19	67.37	68.16	2177700
2022-12-02	68.06	68.11	66.78	67.25	1892300
2022-12-05	66.84	67.65	66.52	67.56	2384000
2022-12-06	66.88	67.19	66.27	66.85	2414300
2022-12-07	66.99	67.76	66.23	66.65	2171500
2022-12-08	66.16	67.44	65.93	67.36	2381500
2022-12-09	65.82	66.49	65.66	65.91	1734000
2022-12-12	66.63	66.72	65.27	65.76	2524700
2022-12-13	66.49	67.81	66.07	67.63	3011900
2022-12-14	66.23	67.33	65.91	66.58	2635400
2022-12-15	65.23	65.66	64.77	65.51	2698200
2022-12-16	64.94	65.19	64.25	64.37	7069500
2022-12-19	64.84	65.64	64.38	65.13	2867700
2022-12-20	66.48	66.63	65.07	65.14	3429000
2022-12-21	67.23	67.93	66.55	67.00	2670900
2022-12-22	66.71	67.27	66.13	67.17	2236900
2022-12-23	67.50	67.56	66.71	66.71	1471200
2022-12-27	67.97	68.32	67.50	67.74	1699400
2022-12-28	67.24	68.21	67.23	68.21	1618900
2022-12-29	67.82	68.10	67.37	67.52	1588400
2022-12-30	67.68	67.89	67.20	67.42	1422300
2023-01-03	67.34	68.06	66.97	67.72	3314300
2023-01-04	67.66	68.15	67.43	67.95	3503700
2023-01-05	67.27	67.84	66.99	67.55	2819100
2023-01-06	69.47	69.64	67.27	67.88	3174600
2023-01-09	67.22	69.29	67.20	69.15	3401400
2023-01-10	67.74	67.98	67.13	67.50	2109900
2023-01-11	67.66	68.01	67.18	67.72	2491800
2023-01-12	67.55	68.13	67.32	67.86	2054800
2023-01-13	68.54	68.60	66.54	67.10	1981000
2023-01-17	68.15	68.76	67.86	68.60	3291900
2023-01-18	67.63	68.62	67.53	68.11	2548600
2023-01-19	66.50	67.55	66.49	67.36	2393700
2023-01-20	66.85	66.90	65.89	66.78	8969500
2023-01-23	67.31	67.78	66.59	66.84	2487600
2023-01-24	68.49	68.51	66.61	67.85	2339600
2023-01-25	68.77	68.78	67.92	68.16	2451200
2023-01-26	68.64	69.03	67.76	68.87	2882000
2023-01-27	68.60	68.93	68.27	68.66	2350800
2023-01-30	68.72	69.25	67.84	68.35	1777000
2023-01-31	69.15	69.22	68.01	68.71	4730100
2023-02-01	68.94	69.39	68.34	69.01	3162800
2023-02-02	64.82	69.21	64.32	69.21	5568800
2023-02-03	65.28	65.73	64.53	64.55	3333400
2023-02-06	65.46	65.60	64.59	65.10	2183100
2023-02-07	65.81	66.10	64.96	64.98	2203500
2023-02-08	66.29	66.70	65.16	65.49	2220100
2023-02-09	65.51	66.93	65.43	66.71	1900700
2023-02-10	65.75	65.80	65.32	65.52	1674700
2023-02-13	66.81	66.92	65.48	65.68	2268700
2023-02-14	65.50	66.81	65.46	66.59	2497700
2023-02-15	65.56	65.61	64.93	65.15	1621400
2023-02-16	65.43	65.99	64.85	64.98	1699600
2023-02-17	65.65	65.82	65.26	65.30	1770600
2023-02-21	64.48	65.43	64.20	65.27	1859200
2023-02-22	64.70	64.93	64.19	64.46	2030700
2023-02-23	64.36	65.42	63.98	64.95	1997900
2023-02-24	64.90	65.10	63.90	63.97	1814700
2023-02-27	64.57	65.44	64.46	65.00	1764700
2023-02-28	64.50	65.07	64.38	64.76	3066800
2023-03-01	64.47	65.51	64.29	64.54	2466500
2023-03-02	63.94	64.35	63.17	64.17	1984200
2023-03-03	64.77	64.93	63.60	63.69	1850400
2023-03-06	64.57	65.10	64.49	64.71	2146800
2023-03-07	63.47	64.72	63.18	64.68	1876500
2023-03-08	62.58	63.61	62.03	63.56	2332200
2023-03-09	61.37	62.94	61.07	62.68	3232300
2023-03-10	60.60	61.57	60.33	60.90	3614900
2023-03-13	58.83	60.25	58.39	59.29	5132800
2023-03-14	59.74	60.65	59.23	60.03	3372700
2023-03-15	57.96	58.36	56.98	58.07	3520700
2023-03-16	59.13	59.48	57.09	57.40	3083900
2023-03-17	58.01	58.89	57.44	58.89	7354500
2023-03-20	59.98	60.37	57.89	58.45	3125300
2023-03-21	61.23	61.67	61.02	61.22	2911600
2023-03-22	59.75	61.49	59.74	61.34	2015900
2023-03-23	59.18	60.12	58.84	59.45	2193900
2023-03-24	59.51	59.63	58.02	58.45	2163600
2023-03-27	59.73	60.67	59.56	60.34	2321100
2023-03-28	60.16	60.22	59.58	59.88	1667400
2023-03-29	60.85	61.03	60.31	60.89	1682800
2023-03-30	60.85	61.32	60.49	61.21	1905000
2023-03-31	61.06	61.21	60.57	61.05	2709800
2023-04-03	61.20	61.69	60.65	61.00	2457300
2023-04-04	60.49	61.61	60.06	61.61	1915400
2023-04-05	61.01	61.27	59.70	60.08	2229900
2023-04-06	61.10	61.33	60.69	61.15	2355700
2023-04-10	61.49	61.50	60.63	60.86	1784900
2023-04-11	62.19	62.45	61.40	61.52	1888800
2023-04-12	62.45	62.95	62.02	62.45	2309200
2023-04-13	62.75	62.90	62.10	62.26	2643000
2023-04-14	62.66	63.32	62.29	62.98	2078700
2023-04-17	63.00	63.02	61.81	62.41	2283600
2023-04-18	63.31	63.55	62.83	63.08	2100400
2023-04-19	63.35	63.69	63.09	63.51	1862100
2023-04-20	62.92	63.49	62.64	63.32	1621800
2023-04-21	62.45	62.93	61.56	62.88	2276100
2023-04-24	62.54	62.79	62.28	62.38	1868900
2023-04-25	62.25	62.64	61.78	62.28	2350900
2023-04-26	61.89	62.40	61.41	61.78	2768900
2023-04-27	65.75	65.84	61.46	62.09	3767000
2023-04-28	66.11	66.60	64.86	65.71	4197900
2023-05-01	66.59	66.90	65.51	66.11	2877100
2023-05-02	64.96	65.89	64.47	65.84	3025700
2023-05-03	63.75	65.46	63.72	65.15	2025800
2023-05-04	63.24	63.32	61.68	63.31	3509700
2023-05-05	63.97	64.61	63.42	64.06	2460800
2023-05-08	64.02	64.62	63.95	64.41	1620500
2023-05-09	63.81	64.25	63.45	63.91	1440000
2023-05-10	63.15	64.16	62.60	63.95	2187900
2023-05-11	63.10	63.19	62.28	62.57	2324000
2023-05-12	62.57	63.50	62.08	63.22	1688600
2023-05-15	62.55	62.84	62.28	62.59	2010900
2023-05-16	62.06	62.66	61.92	62.50	1751300
2023-05-17	63.04	63.52	62.31	62.43	2030400
2023-05-18	63.73	63.87	62.79	63.04	1755900
2023-05-19	63.70	64.37	63.44	64.24	2024000
2023-05-22	63.42	64.02	63.07	63.66	1995200
2023-05-23	62.90	63.75	62.88	63.53	1924100
2023-05-24	61.49	62.64	61.43	62.39	2457100
2023-05-25	61.54	61.99	61.28	61.47	1835700
2023-05-26	61.43	62.09	61.41	61.48	2149900
2023-05-30	62.14	62.20	61.12	61.45	2855500
2023-05-31	61.16	62.06	61.05	61.90	4414000
2023-06-01	61.62	61.83	61.24	61.60	2786000
2023-06-02	63.44	63.63	62.21	62.31	2642200
2023-06-05	63.94	64.39	63.68	63.72	1950900
2023-06-06	64.45	64.57	63.90	64.24	1865800
2023-06-07	65.15	65.36	64.24	64.51	1906800
2023-06-08	64.97	65.13	64.30	65.00	1925300
2023-06-09	65.69	65.80	64.81	65.06	1741300
2023-06-12	65.47	65.82	64.90	65.48	1569600
2023-06-13	66.10	66.54	64.89	65.45	3324000
2023-06-14	65.49	66.88	65.31	66.34	2470700
2023-06-15	66.45	66.51	65.25	65.41	2095600
2023-06-16	66.13	66.94	66.03	66.56	5587600
2023-06-20	64.58	65.72	64.50	65.65	2914900
2023-06-21	64.32	64.74	63.42	64.01	2960500
2023-06-22	64.33	64.49	63.91	64.31	1807300
2023-06-23	63.95	64.44	63.73	64.04	2967700
2023-06-26	64.37	64.73	63.84	63.97	1627000
2023-06-27	65.25	65.45	63.93	64.56	1491000
2023-06-28	65.13	65.27	64.45	64.92	2125600
2023-06-29	65.84	65.93	65.09	65.20	1489300
2023-06-30	66.48	66.67	65.97	66.14	1890400
2023-07-03	66.85	67.21	66.16	66.29	952900
2023-07-05	66.59	66.83	65.92	66.16	2407700
2023-07-06	66.33	66.43	65.81	66.16	2383000
2023-07-07	66.71	67.29	65.74	66.21	2608400
2023-07-10	66.26	66.88	66.03	66.71	2174700
2023-07-11	67.15	67.21	66.27	66.31	2255200
2023-07-12	66.91	67.67	66.68	67.62	2404500
2023-07-13	66.63	66.91	66.28	66.59	1826800
2023-07-14	66.27	66.86	65.83	66.76	1686100
2023-07-17	67.04	67.45	65.72	66.09	1525200
2023-07-18	67.57	67.77	66.60	67.13	1643000
2023-07-19	67.93	68.05	67.09	67.36	1883900
2023-07-20	68.95	68.98	67.96	68.25	1799300
2023-07-21	68.97	69.36	68.59	69.13	2199000
2023-07-24	69.02	69.58	68.85	69.03	1590100
2023-07-25	69.06	69.16	68.61	68.84	2013400
2023-07-26	69.31	69.78	68.71	69.13	1873900
2023-07-27	68.64	69.60	68.63	69.49	2160100
2023-07-28	68.95	69.25	68.55	69.02	1800100
2023-07-31	68.90	69.34	68.55	69.00	2987200
2023-08-01	68.68	69.23	68.66	69.00	2210100
2023-08-02	72.62	73.66	69.53	70.86	5006700
2023-08-03	73.39	73.66	72.08	72.93	2800600
2023-08-04	73.20	74.50	72.89	73.68	2607800
2023-08-07	74.25	74.70	73.40	73.45	2302500
2023-08-08	73.40	73.87	72.89	73.62	3302700
2023-08-09	72.07	73.63	71.98	73.63	2995800
2023-08-10	72.11	73.14	71.88	72.46	1850100
2023-08-11	72.82	72.89	71.84	71.99	1676400
2023-08-14	73.00	73.18	72.50	72.84	1817700
2023-08-15	72.13	72.58	72.04	72.48	1934500
2023-08-16	72.23	72.78	71.92	71.92	1608000
2023-08-17	72.02	73.06	71.96	72.56	1664700
2023-08-18	71.29	72.09	70.93	71.38	2864400
2023-08-21	70.91	71.45	70.66	71.35	2053300
2023-08-22	70.30	71.19	70.27	70.91	1522000
2023-08-23	70.09	70.48	69.71	70.48	2482700
2023-08-24	71.18	71.43	69.88	69.93	2029700
2023-08-25	71.12	71.55	70.62	71.39	1550100
2023-08-28	71.44	71.76	70.69	71.06	1419200
2023-08-29	71.52	71.70	70.84	71.65	1476400
2023-08-30	71.53	72.35	71.51	71.83	1918100
2023-08-31	71.43	72.24	71.33	71.69	2774400
2023-09-01	71.62	72.04	71.50	71.68	1758300
2023-09-05	71.08	72.30	71.05	71.47	2680200
2023-09-06	71.10	71.31	70.52	70.91	2240900
2023-09-07	71.51	72.12	70.68	70.68	3171100
2023-09-08	71.68	71.78	71.14	71.59	2035400
2023-09-11	72.41	72.73	71.85	71.97	1880600
2023-09-12	73.06	73.49	72.42	72.48	1894300
2023-09-13	73.17	73.37	72.90	73.30	2334700
2023-09-14	74.05	74.16	73.31	73.76	2855000
2023-09-15	73.29	73.84	72.94	73.57	5220700
2023-09-18	73.68	73.76	72.45	73.27	2089000
2023-09-19	74.11	74.26	73.20	73.85	2100300
2023-09-20	73.90	74.72	73.79	74.26	1668400
2023-09-21	72.95	73.89	72.82	73.75	2337000
2023-09-22	73.10	73.52	72.47	72.93	1456800
2023-09-25	73.56	73.75	72.82	72.90	1559200
2023-09-26	73.22	74.13	73.04	73.98	1793800
2023-09-27	73.79	73.92	72.73	73.35	2345900
2023-09-28	74.40	74.49	73.29	73.87	2008900
2023-09-29	73.52	74.43	73.13	74.43	2916900
2023-10-02	73.25	73.60	72.53	73.40	2333300
2023-10-03	72.25	73.21	71.99	72.46	2157600
2023-10-04	72.87	72.93	71.74	72.19	2019500
2023-10-05	73.22	73.70	72.47	72.74	1946200
2023-10-06	74.33	74.45	72.90	73.22	2842600
2023-10-09	74.90	74.97	74.15	74.33	1845000
2023-10-10	75.50	75.70	74.78	74.90	3145500
2023-10-11	76.44	76.49	75.39	75.68	3089800
2023-10-12	76.50	77.11	75.98	76.63	2704700
2023-10-13	76.87	77.60	76.60	76.88	1937900
2023-10-16	77.68	78.31	76.87	77.18	2096300
2023-10-17	77.97	78.58	77.31	77.48	1910600
2023-10-18	76.97	78.19	76.90	77.84	2047300
2023-10-19	76.20	77.34	76.08	76.82	2173000
2023-10-20	74.31	75.98	73.55	75.97	3527100
2023-10-23	73.91	74.66	73.90	74.48	1963700
2023-10-24	74.49	74.94	74.14	74.40	1636500
2023-10-25	74.96	75.61	74.21	74.69	2306800
2023-10-26	74.26	75.90	74.20	75.18	2494600
2023-10-27	73.27	74.30	72.73	74.06	2508100
2023-10-30	74.14	74.46	73.65	73.76	2081400
2023-10-31	74.82	75.05	73.84	74.29	6776100
2023-11-01	75.72	75.95	74.45	75.00	3770100
2023-11-02	78.29	78.31	75.37	75.72	3220400
2023-11-03	78.77	79.24	77.80	78.52	2707000
2023-11-06	77.97	79.01	77.28	78.77	2404400
2023-11-07	77.57	77.93	77.12	77.93	2258100
2023-11-08	76.94	77.99	76.77	77.55	2189300
2023-11-09	77.49	77.86	76.86	76.94	1601200
2023-11-10	78.05	78.25	77.71	77.81	1626400
2023-11-13	78.00	78.42	77.26	77.71	1831200
2023-11-14	78.78	79.11	78.06	78.47	2680600
2023-11-15	77.43	79.04	77.42	78.68	2900100
2023-11-16	78.10	78.55	77.44	77.56	2326000
2023-11-17	78.73	78.92	78.09	78.27	1831100
2023-11-20	78.15	78.59	77.80	78.21	2403200
2023-11-21	78.86	79.36	77.99	78.30	1924800
2023-11-22	79.37	79.65	78.62	78.97	1621300
2023-11-24	79.86	80.35	79.43	79.58	895100
2023-11-27	79.89	80.01	79.41	79.79	2021500
2023-11-28	79.13	79.95	79.12	79.76	2181200
2023-11-29	78.60	79.44	78.58	79.19	2158200
2023-11-30	79.64	79.95	78.29	78.78	6219400
2023-12-01	79.54	80.00	78.96	79.20	2016200
2023-12-04	79.66	80.23	79.04	79.25	2217300
2023-12-05	79.54	80.12	79.29	79.53	3017900
2023-12-06	78.69	80.00	78.47	79.72	1827900
2023-12-07	78.95	79.40	78.78	78.97	1798400
2023-12-08	79.48	79.54	78.78	78.95	1729300
2023-12-11	80.02	80.29	79.44	79.63	1571500
2023-12-12	81.22	81.25	79.85	80.01	2814600
2023-12-13	80.91	81.50	80.61	80.90	2512900
2023-12-14	78.26	81.04	77.71	80.95	3841600
2023-12-15	77.58	78.02	77.00	77.85	6747500
2023-12-18	78.27	78.52	77.43	77.95	2282800
2023-12-19	79.05	79.18	77.81	78.29	2032300
2023-12-20	77.72	78.94	77.66	78.56	2133700
2023-12-21	78.19	78.44	77.62	77.84	1632400
2023-12-22	78.42	78.81	77.61	78.48	1135300
2023-12-26	78.68	78.93	77.95	78.20	878900
2023-12-27	78.87	78.92	78.27	78.44	1149900
2023-12-28	79.06	79.52	78.55	78.82	1411900
2023-12-29	79.44	79.57	78.95	79.18	1390600
2024-01-02	80.19	80.21	79.23	79.48	1888000
2024-01-03	80.10	80.81	79.59	80.27	2042300
2024-01-04	79.24	80.43	79.10	79.66	2470500
2024-01-05	79.65	79.75	79.16	79.40	1920600
2024-01-08	79.79	79.84	78.53	79.44	1416500
2024-01-09	77.56	79.51	77.18	79.51	2851800
2024-01-10	79.57	79.61	77.42	78.09	2058900
2024-01-11	79.62	79.72	78.80	79.55	1587000
2024-01-12	79.67	79.92	79.21	79.84	1086400
2024-01-16	79.46	79.68	79.05	79.41	1336100
2024-01-17	79.75	80.39	78.95	79.33	1175200
2024-01-18	80.50	80.59	78.95	79.41	1459100
2024-01-19	81.24	81.31	80.29	81.11	2250300
2024-01-22	81.36	81.83	81.19	81.36	1808700
2024-01-23	81.50	81.71	80.69	80.96	1200900
2024-01-24	81.84	82.31	81.56	82.01	1559100
2024-01-25	81.74	82.22	81.34	82.08	1372600
2024-01-26	82.14	82.21	81.31	81.92	1168000
2024-01-29	81.45	82.13	80.95	81.78	1737600
2024-01-30	82.55	82.56	81.08	81.48	1663600
2024-01-31	81.21	83.00	81.16	82.81	2820000
2024-02-01	73.37	76.84	72.29	75.94	9777500
2024-02-02	73.97	74.74	73.37	74.05	4071300
2024-02-05	73.49	73.76	72.64	73.32	3068700
2024-02-06	74.06	74.52	72.88	73.37	3157100
2024-02-07	75.90	76.08	74.38	74.50	3192400
2024-02-08	75.21	76.04	74.53	75.71	1924900
2024-02-09	75.32	75.45	74.68	74.84	1950900
2024-02-12	75.59	75.98	75.20	75.20	2333400
2024-02-13	75.16	76.36	74.15	75.94	2973800
2024-02-14	75.99	76.13	75.30	75.32	1927600
2024-02-15	77.19	77.56	76.09	76.25	1894700
2024-02-16	76.43	77.30	76.40	76.94	2185600
2024-02-20	76.33	76.95	75.95	76.00	2173300
2024-02-21	76.80	77.15	76.16	76.82	2087800
2024-02-22	77.18	77.69	76.75	76.88	2073400
2024-02-23	77.91	78.06	77.07	77.24	1871000
2024-02-26	77.23	78.11	77.13	77.61	2056200
2024-02-27	77.72	77.81	76.94	77.10	1663000
2024-02-28	78.06	78.46	77.57	77.71	1759500
2024-02-29	78.23	78.74	77.85	78.46	4338000
2024-03-01	77.93	78.28	77.66	78.06	2197400
2024-03-04	77.26	77.32	76.18	77.31	2540300
2024-03-05	78.32	78.42	76.76	77.14	2033600
2024-03-06	79.61	79.66	78.14	78.63	1914500
2024-03-07	79.74	80.34	79.52	79.79	1534200
2024-03-08	79.56	80.13	79.45	79.95	1904200
2024-03-11	80.59	80.61	79.37	79.37	1739100
2024-03-12	80.37	80.86	79.90	80.45	1844300
2024-03-13	81.20	81.62	80.55	80.74	2268500
2024-03-14	80.98	81.64	80.38	81.63	2488000
2024-03-15	81.75	81.88	80.02	80.51	6153800
2024-03-18	81.87	82.53	81.25	81.83	2381800
2024-03-19	81.72	82.41	81.36	82.22	3025900
2024-03-20	82.34	82.48	81.35	81.49	2134000
2024-03-21	82.38	82.58	81.90	82.40	2063300
2024-03-22	81.55	82.57	81.54	82.47	1659700
2024-03-25	82.18	82.45	81.01	81.62	1585000
2024-03-26	82.31	82.69	81.71	81.95	1690200
2024-03-27	82.96	83.19	82.08	82.65	1819300
2024-03-28	83.19	83.58	83.01	83.33	2564000
2024-04-01	82.55	83.24	82.39	83.18	1360500
2024-04-02	82.29	83.14	82.09	82.62	1818000
2024-04-03	82.54	82.98	82.02	82.33	1397200
2024-04-04	81.74	83.38	81.45	82.85	1472100
2024-04-05	82.77	83.14	81.94	82.05	1888200
2024-04-08	82.50	83.02	82.29	82.74	1537100
2024-04-09	80.59	82.76	80.06	82.50	2500600
2024-04-10	80.35	80.90	79.94	80.11	2084200
2024-04-11	77.17	80.38	77.00	80.18	3399000
2024-04-12	77.79	78.25	76.85	76.99	2882700
2024-04-15	77.78	78.99	77.53	78.54	2437400
2024-04-16	77.93	78.30	77.22	77.96	2114300
2024-04-17	77.77	78.44	77.45	78.14	1961100
2024-04-18	78.47	78.81	77.62	78.46	2129900
2024-04-19	80.65	80.96	78.48	78.94	6558400
2024-04-22	80.93	81.46	80.43	81.10	1809300
2024-04-23	81.15	81.55	80.92	81.37	1764500
2024-04-24	81.66	81.84	80.68	80.89	2431500
2024-04-25	81.13	81.72	80.64	81.48	1849600
2024-04-26	81.01	81.26	80.53	80.84	1838800
2024-04-29	81.92	82.17	80.58	81.25	2001600
2024-04-30	81.05	81.88	81.03	81.47	2375300
2024-05-01	81.94	82.67	79.57	80.81	2334200
2024-05-02	81.43	81.93	78.09	81.15	4761600
2024-05-03	80.63	81.65	79.42	81.36	2938500
2024-05-06	82.10	82.46	80.68	81.20	1958000
2024-05-07	82.05	82.84	82.00	82.51	2293200
2024-05-08	82.20	82.60	81.76	82.21	1698700
2024-05-09	82.73	82.90	81.68	82.03	1314300
2024-05-10	83.41	83.49	82.78	83.09	1258600
2024-05-13	83.20	83.81	82.85	83.41	1759700
2024-05-14	83.62	83.89	82.88	83.20	1561100
2024-05-15	84.76	84.88	83.11	83.48	1964500
2024-05-16	84.43	85.35	84.40	85.24	1646700
2024-05-17	85.63	85.67	84.01	84.80	2300200
2024-05-20	84.97	85.84	84.83	85.76	1996200
2024-05-21	85.36	85.48	84.84	85.02	1357400
2024-05-22	85.43	85.61	84.99	85.18	1690800
2024-05-23	84.57	85.63	84.45	85.27	1827100
2024-05-24	85.46	85.47	84.44	84.77	1311000
2024-05-28	85.04	85.27	84.70	85.27	2230900
2024-05-29	84.96	85.27	84.35	84.76	1509500
2024-05-30	85.74	86.15	84.75	84.94	1566000
2024-05-31	87.58	87.62	85.76	85.76	4671800
2024-06-03	86.64	87.54	86.31	87.42	2285800
2024-06-04	85.80	86.97	85.59	86.22	2182100
2024-06-05	86.13	86.41	85.46	85.90	2032100
2024-06-06	86.10	86.74	85.67	86.20	1485600
2024-06-07	86.53	87.01	85.84	86.21	1683700
2024-06-10	86.15	86.49	85.70	86.41	2987000
2024-06-11	85.34	86.04	84.86	85.72	2193600
2024-06-12	85.94	86.04	84.90	85.46	1684400
2024-06-13	85.08	85.76	84.81	85.76	1584800
2024-06-14	84.82	85.08	84.26	84.48	1330700
2024-06-17	85.72	85.76	84.34	84.72	2632600
2024-06-18	86.72	86.74	85.45	85.63	2782800
2024-06-20	87.47	87.75	86.44	86.72	1652500
2024-06-21	87.38	87.94	87.25	87.48	5577500
2024-06-24	88.13	88.83	86.80	87.22	2108500
2024-06-25	87.72	88.61	87.50	88.13	1865800
2024-06-26	86.95	87.41	85.99	87.09	2686200
2024-06-27	86.89	87.08	86.45	87.07	1993800
2024-06-28	87.03	87.91	86.57	87.07	3455200
2024-07-01	86.79	87.97	86.63	87.53	1850600
2024-07-02	87.15	87.23	85.95	86.22	1898600
2024-07-03	86.82	87.45	86.77	86.86	1292700
2024-07-05	86.78	86.79	86.28	86.73	1687200
2024-07-08	86.26	87.54	86.21	86.95	1585300
2024-07-09	86.66	87.36	85.76	86.26	1895500
2024-07-10	87.91	87.95	86.44	86.66	1413100
2024-07-11	90.06	90.18	88.08	88.46	2122100
2024-07-12	90.28	90.71	89.65	90.49	1526900
2024-07-15	90.99	91.47	90.24	90.49	1515000
2024-07-16	91.17	92.05	90.85	91.13	1944500
2024-07-17	91.66	92.43	90.46	91.41	2120700
2024-07-18	91.89	93.06	90.90	91.35	1523500
2024-07-19	90.54	92.03	90.08	92.01	5323200
2024-07-22	92.09	92.15	90.63	90.78	1411300
2024-07-23	91.92	92.23	91.57	92.07	1040000
2024-07-24	91.74	92.41	91.33	92.24	1673100
2024-07-25	91.72	93.03	91.60	92.32	1264800
2024-07-26	92.40	92.82	91.63	91.72	1146700
2024-07-29	92.13	92.89	91.67	92.47	1204100
2024-07-30	92.93	93.78	92.49	92.59	1903000
2024-07-31	92.95	93.52	92.45	92.93	4508600
2024-08-01	99.06	102.24	98.29	101.72	7552800
2024-08-02	96.71	99.17	95.05	97.73	3471900
2024-08-05	94.69	96.67	93.52	96.67	2901100
2024-08-06	96.09	96.52	93.70	94.79	2200100
2024-08-07	96.76	97.49	96.15	96.39	2395700
2024-08-08	98.29	98.48	96.37	97.01	2004700
2024-08-09	98.63	98.85	97.77	98.47	1628600
2024-08-12	98.61	99.21	98.43	98.94	1460900
2024-08-13	99.14	99.25	98.21	98.89	1456600
2024-08-14	99.76	100.24	99.26	99.40	1787900
2024-08-15	99.93	100.64	99.52	100.04	2016900
2024-08-16	102.09	102.17	99.56	100.22	2613000
2024-08-19	102.53	102.70	101.69	101.94	2732000
2024-08-20	102.13	102.96	101.95	102.52	1982900
2024-08-21	103.15	103.60	102.24	102.24	2161000
2024-08-22	104.39	104.42	103.06	103.13	2366900
2024-08-23	105.11	105.24	104.03	104.76	1526700
2024-08-26	105.27	106.06	105.11	105.24	1739000
2024-08-27	105.47	106.01	104.88	105.55	1693000
2024-08-28	106.56	107.06	105.61	105.61	1397700
2024-08-29	107.35	107.58	105.87	106.56	1509900
2024-08-30	108.06	108.38	107.14	107.41	3793500
2024-09-03	106.80	108.49	106.30	107.97	2239500
2024-09-04	108.19	108.83	106.73	107.67	1882300
2024-09-05	107.41	108.55	106.03	108.23	2746500
2024-09-06	106.62	108.49	106.26	107.48	2976000
2024-09-09	107.12	107.49	106.35	107.02	2621700
2024-09-10	106.18	107.96	105.99	107.47	2335500
2024-09-11	105.13	106.12	103.53	105.82	2896800
2024-09-12	105.72	105.84	104.70	105.19	1680900
2024-09-13	106.33	106.54	105.81	106.00	1716400
2024-09-16	107.88	107.97	106.59	107.02	2396900
2024-09-17	107.28	107.96	106.85	107.71	2590300
2024-09-18	106.69	108.25	106.60	107.44	2118900
2024-09-19	105.62	107.16	105.57	107.05	2679600
2024-09-20	105.67	105.86	104.84	105.34	8463000
2024-09-23	107.73	107.82	105.98	105.98	2129000
2024-09-24	106.83	107.33	106.52	106.98	1508200
2024-09-25	107.41	108.06	106.59	107.31	1773700
2024-09-26	107.78	108.56	106.92	106.92	1709500
2024-09-27	108.29	108.66	107.40	107.73	2301600
2024-09-30	109.47	109.77	107.73	108.41	3790700
2024-10-01	110.47	110.61	108.83	109.44	1894900
2024-10-02	111.85	111.94	110.09	110.71	2031900
2024-10-03	111.17	111.99	110.48	111.74	1631800
2024-10-04	112.86	113.10	111.38	111.73	1717700
2024-10-07	109.51	112.58	108.73	112.58	3066200
2024-10-08	110.13	110.58	109.68	109.94	1203100
2024-10-09	108.75	110.15	108.17	109.89	2563800
2024-10-10	109.29	110.41	108.93	109.84	1693200
2024-10-11	110.90	111.30	109.77	109.77	1478500
2024-10-14	111.70	111.84	110.89	111.24	1285800
2024-10-15	111.62	112.73	111.46	111.90	3009800
2024-10-16	112.00	112.12	111.18	111.47	1237600
2024-10-17	112.60	112.95	112.07	112.89	1859500
2024-10-18	112.12	113.04	111.54	113.04	1996800
2024-10-21	110.40	112.30	110.11	112.06	1256700
2024-10-22	109.83	110.39	108.86	110.14	1155600
2024-10-23	109.81	110.30	109.37	109.65	1256900
2024-10-24	109.68	110.34	109.26	110.12	1166400
2024-10-25	107.47	109.89	106.71	109.68	2136300
2024-10-28	107.50	108.29	107.21	107.71	2162700
2024-10-29	107.71	108.06	106.95	107.22	2846600
2024-10-30	107.80	108.50	107.27	107.66	2268600
2024-10-31	102.61	105.99	101.92	104.96	4855600
2024-11-01	102.53	104.47	102.15	103.10	2823200
2024-11-04	102.33	103.04	101.88	102.87	2578100
2024-11-05	103.36	103.39	101.84	102.22	2351300
2024-11-06	106.30	107.57	104.69	107.41	2815800
2024-11-07	105.20	106.09	105.05	106.03	1889900
2024-11-08	106.02	106.45	105.62	106.08	1727300
2024-11-11	108.13	108.59	105.97	106.59	1687800
2024-11-12	108.35	108.83	107.75	107.90	1684600
2024-11-13	108.14	108.78	107.97	108.12	1456900
2024-11-14	107.40	108.23	106.85	107.71	1638400
2024-11-15	109.00	109.58	106.60	107.59	2895300
2024-11-18	109.71	109.91	108.76	109.00	1850400
2024-11-19	108.82	109.21	107.78	108.59	1449300
2024-11-20	108.43	109.34	107.98	109.15	1339600
2024-11-21	109.90	110.49	108.61	109.18	1331400
2024-11-22	110.55	111.30	110.31	110.33	1770200
2024-11-25	111.34	112.11	110.61	110.91	3663700
2024-11-26	112.15	112.46	110.49	110.88	1238600
2024-11-27	112.23	113.54	112.07	112.62	1208700
2024-11-29	112.13	113.18	112.03	112.14	1307200
2024-12-02	109.57	112.72	109.29	112.30	2491400
2024-12-03	105.01	110.40	104.99	110.40	3045100
2024-12-04	105.24	105.49	103.28	104.18	2379600
2024-12-05	105.98	106.75	105.40	105.64	1897700
2024-12-06	105.55	106.57	105.33	106.00	1913400
2024-12-09	103.28	105.25	102.95	105.12	2367600
2024-12-10	102.51	103.15	101.10	102.66	1827500
2024-12-11	102.50	103.04	102.05	102.72	1803500
2024-12-12	102.67	103.81	102.61	103.27	1792600
2024-12-13	102.81	103.58	102.49	102.85	2078300
2024-12-16	102.11	102.92	102.05	102.63	2386800
2024-12-17	101.07	102.00	100.65	101.31	2040600
2024-12-18	98.72	101.63	98.66	100.84	2958500
2024-12-19	99.59	100.42	98.94	99.26	2447800
2024-12-20	101.01	101.48	99.00	99.38	4847500
2024-12-23	101.06	101.24	100.11	100.39	1655800
2024-12-24	101.55	101.72	100.47	101.12	901300
2024-12-26	101.96	102.32	100.83	101.07	2491000
2024-12-27	101.69	102.74	101.06	101.49	1104800
2024-12-30	101.28	101.89	100.08	100.60	1405700
2024-12-31	101.74	102.19	101.35	101.35	1689800
2025-01-02	100.68	102.33	100.30	101.91	1701800
2025-01-03	101.47	101.66	100.50	100.89	1368000
2025-01-06	100.12	102.09	99.83	101.36	1903000
2025-01-07	101.15	102.00	100.12	100.31	1670500
2025-01-08	101.87	101.90	100.37	101.32	1327700
2025-01-10	99.33	101.02	98.60	100.68	2176300
2025-01-13	100.81	101.26	98.36	99.31	1408400
2025-01-14	101.95	101.98	100.71	101.11	1610000
2025-01-15	103.07	103.46	102.70	103.46	2004800
2025-01-16	104.19	104.29	103.06	103.19	1442300
2025-01-17	104.74	105.09	103.00	104.20	2080400
2025-01-21	104.65	105.45	104.03	104.58	1658400
2025-01-22	102.59	104.65	102.41	104.59	1915000
2025-01-23	102.76	103.28	102.30	102.73	1651600
2025-01-24	103.19	103.65	102.30	102.63	1237200
2025-01-27	106.38	106.42	103.87	104.18	1768300
2025-01-28	105.52	106.85	105.23	106.04	1420000
2025-01-29	105.86	107.05	105.10	105.50	1239100
2025-01-30	106.48	107.14	105.94	106.74	1237100
2025-01-31	105.62	107.08	105.51	106.07	2071300
2025-02-03	104.96	105.50	103.54	104.00	1942700
2025-02-04	105.01	106.35	104.58	104.86	1559400
2025-02-05	105.53	105.70	104.20	105.70	1566500
2025-02-06	101.39	104.62	99.84	104.59	4398000
2025-02-07	101.88	102.78	100.86	101.87	2761600
2025-02-10	100.93	102.12	100.77	101.78	1955600
2025-02-11	101.30	101.67	100.03	101.11	2278000
2025-02-12	101.25	101.34	100.27	100.52	1812000
2025-02-13	102.37	102.46	100.95	101.31	1647600
2025-02-14	101.65	103.16	101.62	102.60	1450300
2025-02-18	102.55	102.59	101.15	101.62	1635700
2025-02-19	103.37	103.64	102.45	102.61	1579200
2025-02-20	103.14	103.30	102.19	102.87	1431400
2025-02-21	101.05	103.32	100.85	103.01	3539600
2025-02-24	102.96	103.46	101.19	101.35	2475400
2025-02-25	105.57	105.69	103.04	103.78	2147200
2025-02-26	104.66	105.93	104.41	105.32	1586200
2025-02-27	106.26	106.72	104.45	105.26	1831100
2025-02-28	108.28	108.51	106.69	107.31	2704400
2025-03-03	108.94	109.54	108.01	108.80	2141100
2025-03-04	106.43	108.83	106.34	108.63	2395800
2025-03-05	106.98	107.45	105.88	106.28	1523700
2025-03-06	106.77	107.35	105.60	106.43	2320600
2025-03-07	107.23	107.70	105.55	106.46	2080200
2025-03-10	105.60	107.57	104.79	106.25	2579900
2025-03-11	105.11	106.15	104.43	105.41	2050300
2025-03-12	103.55	105.39	103.08	105.22	1956300
2025-03-13	103.96	105.44	103.09	104.02	1596300
2025-03-14	106.08	106.36	103.92	104.32	1395100
2025-03-17	107.22	107.59	104.95	105.59	1344200
2025-03-18	106.19	107.89	105.96	107.30	1534700
2025-03-19	107.28	107.59	105.34	106.06	1846800
2025-03-20	107.52	108.08	106.75	106.87	1754600
2025-03-21	107.06	107.64	106.06	107.38	5333600
2025-03-24	108.46	108.68	106.45	106.96	1553900
2025-03-25	108.54	109.35	107.52	108.80	1675600
2025-03-26	109.24	110.29	108.13	109.22	1357800
2025-03-27	109.57	109.79	108.67	109.70	1804300
2025-03-28	108.60	110.21	108.05	109.77	1876400
2025-03-31	109.98	110.56	107.34	108.88	2930500
2025-04-01	111.23	111.49	109.22	110.15	2085800
2025-04-02	111.05	111.82	110.57	111.19	1817600
2025-04-03	110.53	112.21	107.57	109.31	2370300
2025-04-04	100.87	108.77	100.71	108.15	3221800
2025-04-07	98.91	101.97	96.42	98.54	3676100
2025-04-08	98.68	103.77	97.25	102.42	2662200
2025-04-09	104.15	104.71	96.14	96.87	3031400
2025-04-10	103.54	104.79	101.14	103.74	2695000
2025-04-11	105.67	106.09	102.60	103.54	2297500
2025-04-14	107.33	108.64	105.73	106.60	2004100
2025-04-15	106.85	108.31	106.64	107.82	1228500
2025-04-16	106.17	107.87	105.63	107.54	2240200
2025-04-17	106.27	108.04	105.84	106.66	2294700
2025-04-21	103.83	106.35	102.35	105.70	1692500
2025-04-22	107.13	107.48	104.88	105.41	1545700
2025-04-23	107.25	109.11	106.69	107.37	1552300
2025-04-24	107.95	108.14	106.39	107.31	1613700
2025-04-25	106.76	107.84	105.53	107.65	1829700
2025-04-28	107.31	107.99	106.25	107.12	1756300
2025-04-29	107.42	107.67	106.44	106.82	1275800
2025-04-30	107.50	107.72	104.77	106.51	2713200
2025-05-01	102.39	105.38	101.98	104.35	3391200
2025-05-02	104.38	104.89	102.84	103.22	1886200
2025-05-05	104.60	105.34	103.36	104.06	2002800
2025-05-06	104.75	105.49	103.61	104.42	1443300
2025-05-07	105.80	106.25	104.55	104.99	2028700
2025-05-08	105.14	106.79	104.84	105.63	1926200
2025-05-09	104.82	106.07	104.73	105.30	1353100
2025-05-12	104.42	105.72	103.48	104.94	2078200
2025-05-13	103.89	104.69	103.73	104.03	1975800
2025-05-14	102.77	104.40	102.58	103.84	1831900
2025-05-15	104.63	104.82	102.84	102.84	1521900
2025-05-16	105.66	105.84	104.22	104.57	3427200
2025-05-19	105.27	106.19	104.87	105.70	1690000
2025-05-20	104.47	105.54	104.16	105.19	1868400
2025-05-21	102.98	104.39	102.91	104.19	2380700
2025-05-22	101.89	103.33	101.41	102.94	1700400
2025-05-23	101.97	102.35	101.12	101.45	1641500
2025-05-27	102.85	102.89	101.80	102.43	1683300
2025-05-28	101.44	103.32	101.33	102.58	1745500
2025-05-29	102.25	102.43	101.37	101.67	1854700
2025-05-30	102.98	103.45	101.55	102.05	3415400
2025-06-02	103.24	103.28	101.63	102.11	1809900
2025-06-03	103.51	103.66	101.58	102.96	1757100
2025-06-04	102.27	103.79	102.27	103.68	1568900
2025-06-05	101.66	102.59	101.11	102.58	1774300
2025-06-06	103.12	103.23	102.22	102.48	2035400
2025-06-09	101.95	103.03	100.58	102.85	2027600
2025-06-10	101.72	102.22	101.27	101.78	2903100
2025-06-11	100.80	101.84	100.44	101.66	2282500
2025-06-12	102.07	102.13	99.68	99.98	1800600
2025-06-13	101.63	102.50	100.46	101.70	2259300
2025-06-16	102.16	102.72	101.77	102.21	2160800
2025-06-17	101.54	102.44	100.86	102.12	2056900
2025-06-18	102.07	103.12	101.60	101.70	2127300
2025-06-20	102.74	103.17	100.56	101.42	6258900
2025-06-23	104.27	104.36	102.32	102.69	2156600
2025-06-24	103.59	104.62	103.06	104.22	1977800
2025-06-25	101.92	103.44	101.64	103.36	2273200
2025-06-26	103.35	103.53	101.64	101.77	2149000
2025-06-27	104.50	104.71	103.18	103.51	11668000
2025-06-30	104.89	105.01	103.88	104.35	2628100
2025-07-01	105.21	105.90	104.23	104.63	2519000
2025-07-02	102.96	105.20	102.22	104.92	1968300
2025-07-03	104.00	104.15	103.11	103.65	994900
2025-07-07	102.32	103.99	102.09	103.80	1667600
2025-07-08	102.68	103.08	101.66	101.74	2434200
2025-07-09	101.36	102.49	101.05	102.44	1689100
2025-07-10	101.73	101.75	100.55	101.18	2123900
2025-07-11	101.02	101.48	100.62	100.99	1348200
2025-07-14	102.11	102.17	100.31	100.86	2048900
2025-07-15	100.07	102.10	100.03	101.53	1695800
2025-07-16	100.89	100.97	99.51	100.43	1606700
2025-07-17	100.87	101.11	100.10	100.45	1955800
2025-07-18	101.28	101.95	100.65	101.13	4577800
2025-07-21	100.57	101.82	100.56	101.40	2102000
2025-07-22	102.14	102.28	100.19	100.73	1970100
2025-07-23	102.33	102.59	101.46	102.53	1687100
2025-07-24	101.89	102.66	101.57	101.99	2409400
2025-07-25	102.81	102.97	101.45	102.07	2023600
2025-07-28	100.33	102.73	100.19	102.44	1877600
2025-07-29	100.27	101.53	100.04	100.98	2002800
2025-07-30	98.06	100.17	97.58	100.17	2508700
2025-07-31	98.82	99.69	97.52	97.83	3106200
2025-08-01	97.56	98.87	96.42	98.87	2768300
2025-08-04	98.03	98.16	97.10	97.53	2033500
2025-08-05	98.38	99.06	98.09	98.56	2985500
2025-08-06	101.75	102.04	96.94	100.95	3640300
2025-08-07	101.73	103.22	100.94	101.91	3676000
2025-08-08	102.96	103.24	100.94	102.01	2014600
2025-08-11	103.60	103.78	102.72	103.39	2013000
2025-08-12	102.99	104.23	102.95	103.94	3231300
2025-08-13	105.13	105.28	103.24	103.53	2447500
2025-08-14	104.73	105.35	104.38	105.35	2575000
2025-08-15	104.81	105.58	104.58	105.22	2645900
2025-08-18	105.19	105.25	104.42	104.87	1771700
2025-08-19	106.31	106.39	104.96	105.14	2275400
2025-08-20	107.90	108.64	106.50	106.63	2684900
2025-08-21	108.19	108.54	107.54	107.86	3395500
2025-08-22	108.46	109.65	108.32	108.67	2231000
2025-08-25	107.38	108.71	107.34	108.26	1719700
2025-08-26	108.16	108.22	106.38	106.94	4624400
2025-08-27	107.41	108.41	107.41	107.79	3554800
2025-08-28	106.10	107.22	105.79	107.13	2439600
2025-08-29	106.86	107.18	106.30	106.39	2399000
2025-09-02	105.62	106.80	104.97	106.63	2980000
2025-09-03	106.74	106.82	104.75	105.09	2169100
2025-09-04	108.55	108.77	106.70	107.15	2429700
2025-09-05	106.93	108.95	106.30	108.51	2547800
2025-09-08	106.34	106.55	104.66	106.31	2971300
2025-09-09	106.28	106.96	105.48	106.22	1833300
2025-09-10	107.23	107.29	105.66	105.86	2093200
2025-09-11	108.69	108.75	106.93	107.18	1927200
2025-09-12	109.13	109.51	108.12	108.51	1800000
2025-09-15	108.41	109.29	108.20	109.04	1836500
2025-09-16	107.63	108.11	106.96	108.01	2874500
2025-09-17	109.23	109.99	107.10	107.99	2354400
2025-09-18	108.00	109.34	107.98	108.69	3167900
2025-09-19	108.04	108.57	107.80	108.37	6940700
2025-09-22	107.40	108.17	107.23	107.77	2673800
2025-09-23	108.23	109.42	106.85	107.35	2539900
2025-09-24	109.31	109.36	107.91	108.19	2134300
2025-09-25	109.48	110.11	108.62	109.57	1913100
2025-09-26	111.36	111.44	109.94	110.30	1878500
2025-09-29	111.35	111.66	110.70	111.45	2286200
2025-09-30	111.70	111.85	110.60	111.37	2523100
2025-10-01	110.75	111.34	110.17	111.00	1708900
2025-10-02	110.60	111.19	109.66	110.30	1704200
2025-10-03	112.32	112.42	110.06	110.57	1621300
2025-10-06	113.07	113.39	111.37	112.39	1607000
2025-10-07	112.93	113.90	112.55	113.33	1719400
2025-10-08	111.90	113.29	111.74	113.00	1756700
2025-10-09	111.17	113.36	110.75	112.40	1622200
2025-10-10	110.95	112.33	110.64	112.14	1480800
2025-10-13	110.26	111.59	109.69	110.57	1961900
2025-10-14	111.51	111.57	109.89	110.24	1788000
2025-10-15	109.81	112.00	109.39	111.01	1548600
2025-10-16	106.73	109.03	106.46	109.03	2025000
2025-10-17	107.71	108.04	106.96	107.09	1501400
2025-10-20	108.77	109.10	107.55	107.83	1108900
2025-10-21	108.18	109.04	107.69	108.49	2172400
2025-10-22	107.85	108.82	107.07	108.19	1824600
2025-10-23	107.55	108.30	107.02	108.30	1513800
2025-10-24	107.18	107.88	106.71	107.48	1673000
2025-10-27	107.55	107.74	106.77	107.42	1715300
2025-10-28	106.68	107.36	106.18	106.86	1589700
2025-10-29	105.70	106.84	105.43	106.36	1668700
2025-10-30	106.84	107.50	105.78	105.97	1503000
2025-10-31	107.19	107.63	105.75	105.85	2608900
2025-11-03	106.97	108.03	105.48	107.04	1852700
2025-11-04	108.81	108.82	106.87	107.87	2365400
2025-11-05	111.24	113.84	109.15	110.74	2955112
