Date	Open	High	Low	Close	Volume
1994-03-11	6.75	6.84	6.75	6.84	2359000.00
1994-03-14	6.79	6.79	6.75	6.75	536500.00
1994-03-15	6.75	6.79	6.75	6.75	215700.00
1994-03-16	6.75	7.00	6.75	7.00	338600.00
1994-03-17	7.00	7.00	6.84	6.92	195900.00
1994-03-18	6.92	6.92	6.79	6.88	285700.00
1994-03-21	6.88	6.88	6.84	6.84	38900.00
1994-03-22	6.84	6.84	6.79	6.79	78400.00
1994-03-23	6.79	7.04	6.79	6.96	209200.00
1994-03-24	6.92	6.92	6.88	6.88	155000.00
1994-03-25	6.88	6.92	6.88	6.88	91500.00
1994-03-28	6.88	6.92	6.84	6.92	111200.00
1994-03-29	6.92	6.92	6.75	6.75	101200.00
1994-03-30	6.75	6.79	6.67	6.71	105000.00
1994-03-31	6.71	6.75	6.71	6.75	108300.00
1994-04-04	6.67	6.67	6.55	6.59	42300.00
1994-04-05	6.63	6.84	6.63	6.79	55600.00
1994-04-06	6.79	6.84	6.79	6.84	31800.00
1994-04-07	6.84	6.88	6.79	6.79	52000.00
1994-04-08	6.79	6.79	6.71	6.71	24000.00
1994-04-11	6.71	6.75	6.67	6.67	44400.00
1994-04-12	6.67	6.71	6.63	6.71	15100.00
1994-04-13	6.71	6.71	6.67	6.67	30500.00
1994-04-14	6.67	6.71	6.67	6.67	38800.00
1994-04-15	6.67	6.71	6.59	6.59	12200.00
1994-04-18	6.59	6.67	6.59	6.59	39800.00
1994-04-19	6.63	6.67	6.63	6.63	24500.00
1994-04-20	6.63	6.63	6.59	6.63	72000.00
1994-04-21	6.63	6.67	6.63	6.63	15000.00
1994-04-22	6.63	6.71	6.59	6.71	20700.00
1994-04-25	6.71	6.71	6.63	6.63	27300.00
1994-04-26	6.67	6.71	6.67	6.71	64000.00
1994-04-28	6.71	6.79	6.71	6.75	27100.00
1994-04-29	6.75	6.75	6.71	6.71	5500.00
1994-05-02	6.71	6.75	6.71	6.75	11700.00
1994-05-03	6.75	6.75	6.67	6.71	29000.00
1994-05-04	6.71	6.71	6.63	6.63	39600.00
1994-05-05	6.63	6.67	6.59	6.67	7600.00
1994-05-06	6.67	6.67	6.55	6.59	13600.00
1994-05-09	6.59	6.63	6.59	6.63	3700.00
1994-05-10	6.63	6.63	6.59	6.63	75100.00
1994-05-11	6.63	6.67	6.59	6.63	81400.00
1994-05-12	6.63	6.67	6.63	6.63	7100.00
1994-05-13	6.63	6.67	6.63	6.63	14500.00
1994-05-16	6.63	6.67	6.59	6.63	12600.00
1994-05-17	6.63	6.67	6.59	6.59	13400.00
1994-05-18	6.59	6.67	6.59	6.67	6700.00
1994-05-19	6.67	6.71	6.67	6.71	36500.00
1994-05-20	6.71	6.79	6.71	6.71	26800.00
1994-05-23	6.75	6.88	6.75	6.88	36200.00
1994-05-24	6.88	7.00	6.84	7.00	116200.00
1994-05-25	7.08	7.16	7.08	7.12	283300.00
1994-05-26	7.08	7.08	7.04	7.04	50200.00
1994-05-27	7.04	7.08	7.00	7.00	10000.00
1994-05-31	7.00	7.04	7.00	7.04	41400.00
1994-06-01	7.04	7.16	7.04	7.12	166300.00
1994-06-02	7.12	7.16	7.12	7.12	243600.00
1994-06-03	7.12	7.16	7.12	7.12	42400.00
1994-06-06	7.16	7.45	7.16	7.41	87200.00
1994-06-07	7.41	7.41	7.16	7.16	19700.00
1994-06-08	7.16	7.24	7.12	7.16	16100.00
1994-06-09	7.16	7.20	7.16	7.20	25000.00
1994-06-10	7.20	7.24	7.20	7.20	23900.00
1994-06-13	7.20	7.20	7.16	7.20	72800.00
1994-06-14	7.20	7.29	7.20	7.24	38700.00
1994-06-15	7.24	7.29	7.12	7.20	74700.00
1994-06-16	7.20	7.20	7.12	7.16	15200.00
1994-06-17	7.16	7.16	7.00	7.00	12700.00
1994-06-20	7.00	7.00	6.79	6.88	31300.00
1994-06-21	6.88	6.88	6.79	6.88	9800.00
1994-06-22	6.88	6.96	6.88	6.96	13200.00
1994-06-23	6.96	6.96	6.79	6.79	35400.00
1994-06-24	6.79	7.00	6.79	7.00	19400.00
1994-06-27	6.96	6.96	6.79	6.79	58300.00
1994-06-28	6.79	6.88	6.71	6.75	14500.00
1994-06-29	6.75	6.79	6.67	6.71	37700.00
1994-06-30	6.71	6.71	6.63	6.71	103200.00
1994-07-01	6.71	7.04	6.71	6.96	36800.00
1994-07-05	7.00	7.20	7.00	7.08	66800.00
1994-07-06	7.08	7.16	7.04	7.12	26500.00
1994-07-07	7.08	7.08	7.00	7.04	53900.00
1994-07-08	7.04	7.08	7.04	7.08	13200.00
1994-07-11	7.08	7.24	7.08	7.12	84800.00
1994-07-12	7.12	7.20	6.92	6.96	22700.00
1994-07-13	6.96	7.04	6.96	7.00	32700.00
1994-07-14	7.00	7.12	6.96	7.08	32400.00
1994-07-15	7.08	7.08	7.04	7.08	27200.00
1994-07-18	7.08	7.08	7.04	7.04	3200.00
1994-07-19	7.04	7.04	6.96	6.96	35000.00
1994-07-20	7.04	7.08	7.04	7.08	42900.00
1994-07-21	7.08	7.16	7.04	7.16	24800.00
1994-07-22	7.16	7.16	6.92	6.92	42000.00
1994-07-25	6.92	6.96	6.71	6.71	11200.00
1994-07-26	6.71	6.71	6.59	6.71	49300.00
1994-07-27	6.71	6.79	6.67	6.71	9100.00
1994-07-28	6.71	6.79	6.67	6.71	7200.00
1994-07-29	6.71	6.71	6.67	6.71	25200.00
1994-08-01	6.71	6.79	6.71	6.79	9000.00
1994-08-02	6.88	7.04	6.88	7.04	4700.00
1994-08-03	7.04	7.16	7.04	7.16	10600.00
1994-08-04	7.16	7.20	7.04	7.04	12600.00
1994-08-05	6.96	6.96	6.92	6.92	47100.00
1994-08-08	6.92	6.96	6.88	6.88	9100.00
1994-08-09	6.88	6.96	6.88	6.88	7300.00
1994-08-10	6.92	6.96	6.92	6.92	16300.00
1994-08-11	6.92	6.96	6.84	6.92	21500.00
1994-08-12	6.92	7.00	6.88	6.96	4200.00
1994-08-15	6.96	6.96	6.88	6.88	11600.00
1994-08-16	6.88	6.88	6.75	6.75	29100.00
1994-08-17	6.75	6.79	6.71	6.71	33500.00
1994-08-18	6.71	6.75	6.59	6.63	9500.00
1994-08-19	6.67	6.75	6.67	6.75	22200.00
1994-08-22	6.75	6.75	6.71	6.71	5600.00
1994-08-23	6.71	6.75	6.63	6.63	107800.00
1994-08-24	6.63	6.67	6.55	6.55	50500.00
1994-08-25	6.55	6.59	6.47	6.51	59300.00
1994-08-26	6.51	6.59	6.51	6.55	135800.00
1994-08-29	6.59	6.67	6.59	6.59	29100.00
1994-08-30	6.63	6.67	6.63	6.67	4400.00
1994-08-31	6.67	6.67	6.59	6.67	11800.00
1994-09-01	6.67	6.79	6.63	6.79	23300.00
1994-09-02	6.84	6.96	6.84	6.88	8600.00
1994-09-06	6.88	6.88	6.79	6.88	3000.00
1994-09-07	6.84	6.84	6.79	6.84	8000.00
1994-09-08	6.84	6.84	6.79	6.84	5200.00
1994-09-09	6.84	6.88	6.79	6.79	23800.00
1994-09-12	6.79	6.79	6.79	6.79	1000.00
1994-09-13	6.79	6.96	6.79	6.84	62600.00
1994-09-14	6.84	6.84	6.75	6.75	2900.00
1994-09-15	6.75	6.96	6.75	6.96	4600.00
1994-09-16	6.96	6.96	6.84	6.84	16500.00
1994-09-19	6.88	7.00	6.88	6.96	24700.00
1994-09-20	6.96	6.96	6.92	6.92	33500.00
1994-09-21	6.92	6.92	6.88	6.88	32200.00
1994-09-22	6.88	6.88	6.79	6.84	52900.00
1994-09-23	6.84	6.84	6.63	6.63	46100.00
1994-09-26	6.67	6.71	6.67	6.67	30900.00
1994-09-27	6.67	6.88	6.67	6.71	57100.00
1994-09-28	6.71	6.79	6.71	6.75	34700.00
1994-09-29	6.79	6.96	6.79	6.96	20200.00
1994-09-30	6.96	6.96	6.88	6.96	38800.00
1994-10-03	6.92	6.92	6.84	6.88	5800.00
1994-10-04	6.88	6.92	6.79	6.84	19000.00
1994-10-05	6.84	6.84	6.75	6.79	61100.00
1994-10-06	6.79	6.79	6.75	6.75	5100.00
1994-10-07	6.79	6.92	6.79	6.88	9300.00
1994-10-10	6.88	6.88	6.79	6.79	16300.00
1994-10-11	6.79	6.88	6.79	6.84	9300.00
1994-10-12	6.84	6.84	6.79	6.84	5300.00
1994-10-13	6.84	6.88	6.79	6.79	113500.00
1994-10-14	6.79	6.79	6.63	6.63	21100.00
1994-10-17	6.63	6.67	6.55	6.67	96600.00
1994-10-18	6.67	6.67	6.63	6.67	9400.00
1994-10-19	6.67	6.67	6.63	6.67	61200.00
1994-10-20	6.67	6.67	6.59	6.63	36600.00
1994-10-21	6.63	6.63	6.59	6.63	3300.00
1994-10-24	6.63	6.67	6.55	6.55	21500.00
1994-10-25	6.55	6.67	6.55	6.67	40100.00
1994-10-26	6.67	6.67	6.63	6.63	29800.00
1994-10-27	6.63	6.63	6.59	6.59	900.00
1994-10-28	6.59	6.63	6.51	6.51	1000.00
1994-10-31	6.51	6.51	6.39	6.39	129000.00
1994-11-01	6.39	6.39	6.34	6.34	4900.00
1994-11-02	6.34	6.34	6.14	6.14	14200.00
1994-11-03	6.14	6.14	5.98	5.98	20800.00
1994-11-04	5.98	6.02	5.89	6.02	46900.00
1994-11-07	6.10	6.18	6.10	6.10	29900.00
1994-11-08	6.10	6.14	6.02	6.02	26400.00
1994-11-09	6.06	6.06	6.02	6.02	3500.00
1994-11-10	6.02	6.06	6.02	6.02	4700.00
1994-11-11	6.02	6.06	6.02	6.06	7900.00
1994-11-14	6.06	6.06	6.06	6.06	500.00
1994-11-15	6.06	6.06	5.98	6.02	16200.00
1994-11-16	5.98	6.02	5.98	6.02	15800.00
1994-11-17	6.02	6.02	6.02	6.02	500.00
1994-11-18	5.98	6.02	5.98	5.98	3400.00
1994-11-21	6.02	6.06	5.98	5.98	12500.00
1994-11-22	5.98	5.98	5.89	5.89	46700.00
1994-11-23	5.89	5.89	5.89	5.89	5500.00
1994-11-25	5.89	5.94	5.89	5.94	400.00
1994-11-28	5.94	5.94	5.89	5.89	10600.00
1994-11-29	5.89	5.89	5.81	5.81	26200.00
1994-11-30	5.89	5.89	5.89	5.89	6900.00
1994-12-01	5.89	5.94	5.89	5.94	27200.00
1994-12-02	5.94	5.98	5.89	5.89	76000.00
1994-12-05	5.89	6.02	5.85	5.89	67100.00
1994-12-06	5.89	5.89	5.81	5.81	111500.00
1994-12-07	5.81	5.89	5.81	5.85	11000.00
1994-12-08	5.89	5.89	5.85	5.89	17800.00
1994-12-09	5.85	5.89	5.81	5.81	12600.00
1994-12-12	5.81	5.94	5.81	5.94	26600.00
1994-12-13	5.94	5.98	5.89	5.98	10400.00
1994-12-14	5.98	6.14	5.94	6.14	9000.00
1994-12-15	6.18	6.18	6.10	6.18	34500.00
1994-12-16	6.26	6.55	6.26	6.55	53100.00
1994-12-19	6.55	6.88	6.55	6.88	16100.00
1994-12-20	6.88	6.88	6.71	6.79	47900.00
1994-12-21	6.84	6.84	6.79	6.79	5300.00
1994-12-22	6.75	6.75	6.59	6.59	11500.00
1994-12-23	6.59	6.59	6.59	6.59	2900.00
1994-12-27	6.63	6.67	6.55	6.55	6000.00
1994-12-28	6.59	6.59	6.59	6.59	500.00
1994-12-29	6.59	6.59	6.55	6.59	1200.00
1994-12-30	6.55	6.59	6.55	6.59	8300.00
1995-01-03	6.59	6.59	6.55	6.55	17900.00
1995-01-04	6.59	6.59	6.55	6.59	2700.00
1995-01-05	6.55	6.75	6.55	6.75	25000.00
1995-01-06	6.71	6.71	6.63	6.63	2900.00
1995-01-09	6.63	6.71	6.63	6.71	17700.00
1995-01-10	6.71	6.75	6.71	6.71	11800.00
1995-01-11	6.79	6.84	6.67	6.67	38500.00
1995-01-12	6.67	6.67	6.67	6.67	5700.00
1995-01-13	6.67	6.67	6.63	6.63	10200.00
1995-01-16	6.63	6.67	6.63	6.67	15200.00
1995-01-17	6.67	6.67	6.59	6.59	33100.00
1995-01-18	6.59	6.59	6.43	6.51	25300.00
1995-01-19	6.55	6.59	6.55	6.59	13400.00
1995-01-20	6.55	6.55	6.55	6.55	600.00
1995-01-23	6.47	6.47	6.47	6.47	1800.00
1995-01-24	6.47	6.51	6.43	6.43	8500.00
1995-01-25	6.43	6.43	6.26	6.43	9500.00
1995-01-26	6.39	6.43	6.39	6.39	14000.00
1995-01-27	6.43	6.43	6.34	6.34	2400.00
1995-01-30	6.39	6.47	6.39	6.47	6700.00
1995-01-31	6.51	6.51	6.51	6.51	15300.00
1995-02-01	6.51	6.55	6.51	6.55	3500.00
1995-02-02	6.55	6.59	6.55	6.55	2900.00
1995-02-03	6.51	6.55	6.47	6.47	55700.00
1995-02-06	6.47	6.51	6.47	6.51	600.00
1995-02-07	6.47	6.51	6.47	6.47	800.00
1995-02-08	6.43	6.43	6.39	6.43	95200.00
1995-02-09	6.47	6.51	6.39	6.39	2000.00
1995-02-10	6.47	6.47	6.47	6.47	400.00
1995-02-13	6.47	6.47	6.30	6.39	2900.00
1995-02-14	6.34	6.39	6.30	6.39	13200.00
1995-02-15	6.39	6.39	6.34	6.39	89200.00
1995-02-16	6.34	6.34	6.30	6.30	2100.00
1995-02-17	6.26	6.26	6.26	6.26	21900.00
1995-02-21	6.30	6.30	6.22	6.30	34000.00
1995-02-22	6.26	6.26	6.22	6.22	700.00
1995-02-23	6.18	6.18	6.14	6.14	8400.00
1995-02-24	6.14	6.14	6.06	6.06	35300.00
1995-02-27	6.06	6.14	6.06	6.14	25800.00
1995-02-28	6.06	6.18	6.06	6.18	122200.00
1995-03-01	6.18	6.22	6.18	6.22	40400.00
1995-03-02	6.26	6.30	6.26	6.30	16500.00
1995-03-03	6.30	6.30	6.26	6.26	61000.00
1995-03-06	6.22	6.26	6.22	6.26	27800.00
1995-03-07	6.22	6.26	6.22	6.26	5600.00
1995-03-08	6.26	6.26	6.22	6.22	25600.00
1995-03-09	6.22	6.22	6.18	6.18	39500.00
1995-03-10	6.22	6.26	6.18	6.26	7400.00
1995-03-13	6.22	6.22	6.18	6.18	32900.00
1995-03-14	6.18	6.22	6.18	6.22	7300.00
1995-03-15	6.22	6.22	6.22	6.22	1200.00
1995-03-16	6.18	6.18	6.10	6.14	25100.00
1995-03-17	6.10	6.10	6.06	6.06	13900.00
1995-03-20	6.06	6.06	6.06	6.06	27300.00
1995-03-21	6.06	6.06	6.02	6.06	16900.00
1995-03-22	6.10	6.18	6.10	6.14	51500.00
1995-03-23	6.14	6.22	6.14	6.22	14900.00
1995-03-24	6.22	6.30	6.22	6.30	7400.00
1995-03-27	6.22	6.30	6.22	6.22	34700.00
1995-03-28	6.22	6.26	6.22	6.26	11200.00
1995-03-29	6.22	6.22	6.18	6.18	30100.00
1995-03-30	6.22	6.22	6.14	6.14	5000.00
1995-03-31	6.06	6.06	5.89	6.02	48200.00
1995-04-03	5.98	5.98	5.98	5.98	7100.00
1995-04-04	5.98	6.06	5.98	6.06	34800.00
1995-04-05	6.06	6.06	6.02	6.02	8500.00
1995-04-06	6.02	6.02	6.02	6.02	0.00
1995-04-07	6.06	6.06	6.02	6.02	5200.00
1995-04-10	6.02	6.02	5.94	6.02	7100.00
1995-04-11	6.02	6.02	5.94	5.98	21700.00
1995-04-12	5.94	5.98	5.94	5.98	700.00
1995-04-13	5.89	5.94	5.89	5.89	2000.00
1995-04-17	5.85	5.94	5.85	5.94	98800.00
1995-04-18	5.89	5.94	5.89	5.89	6100.00
1995-04-19	5.89	5.89	5.69	5.81	160400.00
1995-04-20	5.77	5.77	5.61	5.69	32300.00
1995-04-21	5.65	5.81	5.61	5.81	27700.00
1995-04-24	5.81	5.81	5.65	5.69	19500.00
1995-04-25	5.65	5.69	5.48	5.57	221300.00
1995-04-26	5.57	5.61	5.53	5.61	268800.00
1995-04-27	5.65	5.81	5.65	5.81	93600.00
1995-04-28	5.85	5.89	5.81	5.89	9400.00
1995-05-01	5.85	5.89	5.77	5.85	3700.00
1995-05-02	5.85	5.89	5.81	5.81	31400.00
1995-05-03	5.85	5.89	5.85	5.89	23900.00
1995-05-04	5.89	5.89	5.65	5.85	18000.00
1995-05-05	5.85	5.94	5.73	5.89	114500.00
1995-05-08	5.89	6.06	5.89	6.06	35300.00
1995-05-09	6.10	6.34	6.10	6.30	177600.00
1995-05-10	6.34	6.34	6.26	6.26	31000.00
1995-05-11	6.34	6.34	6.26	6.30	109700.00
1995-05-12	6.30	6.30	6.30	6.30	34000.00
1995-05-15	6.30	6.30	6.06	6.10	23200.00
1995-05-16	6.06	6.14	6.06	6.10	67400.00
1995-05-17	6.18	6.22	6.14	6.22	4200.00
1995-05-18	6.22	6.22	6.14	6.14	42100.00
1995-05-19	6.14	6.14	5.98	5.98	274700.00
1995-05-22	5.98	6.02	5.94	5.94	47000.00
1995-05-23	5.98	5.98	5.81	5.81	322200.00
1995-05-24	5.85	5.85	5.69	5.73	589400.00
1995-05-25	5.81	5.81	5.69	5.77	73000.00
1995-05-26	5.77	5.81	5.77	5.81	17900.00
1995-05-30	5.77	5.81	5.73	5.81	61200.00
1995-05-31	5.85	5.98	5.81	5.98	102800.00
1995-06-01	5.98	5.98	5.98	5.98	50000.00
1995-06-02	6.02	6.22	6.02	6.22	77500.00
1995-06-05	6.22	6.26	6.22	6.26	6300.00
1995-06-06	6.26	6.34	6.26	6.34	18400.00
1995-06-07	6.34	6.47	6.34	6.43	32300.00
1995-06-08	6.43	6.47	6.43	6.47	7000.00
1995-06-09	6.43	6.43	6.39	6.39	34000.00
1995-06-12	6.39	6.43	6.39	6.43	24900.00
1995-06-13	6.43	6.43	6.43	6.43	11100.00
1995-06-14	6.43	6.43	6.39	6.43	18700.00
1995-06-15	6.43	6.43	6.39	6.43	132600.00
1995-06-16	6.51	6.55	6.43	6.43	15700.00
1995-06-19	6.43	6.51	6.43	6.51	6600.00
1995-06-20	6.51	6.55	6.43	6.55	19600.00
1995-06-21	6.55	6.55	6.43	6.43	35200.00
1995-06-22	6.47	6.55	6.43	6.51	9600.00
1995-06-23	6.51	6.51	6.47	6.47	32700.00
1995-06-26	6.43	6.47	6.43	6.47	33000.00
1995-06-27	6.47	6.47	6.43	6.43	14900.00
1995-06-28	6.34	6.39	6.34	6.39	70800.00
1995-06-29	6.34	6.39	6.34	6.34	35000.00
1995-06-30	6.34	6.39	6.34	6.39	121600.00
1995-07-03	6.39	6.43	6.30	6.30	21600.00
1995-07-05	6.39	6.47	6.39	6.47	70700.00
1995-07-06	6.47	6.51	6.30	6.39	65000.00
1995-07-07	6.34	6.43	6.34	6.43	46000.00
1995-07-10	6.47	6.51	6.43	6.51	32600.00
1995-07-11	6.51	6.51	6.47	6.51	31800.00
1995-07-12	6.51	6.51	6.51	6.51	27900.00
1995-07-13	6.47	6.51	6.47	6.51	7700.00
1995-07-14	6.51	6.51	6.47	6.51	9500.00
1995-07-17	6.47	6.51	6.47	6.51	32200.00
1995-07-18	6.47	6.51	6.43	6.51	66000.00
1995-07-19	6.51	6.51	6.47	6.51	45400.00
1995-07-20	6.51	6.51	6.43	6.43	29300.00
1995-07-21	6.43	6.47	6.43	6.43	28200.00
1995-07-24	6.39	6.43	6.39	6.43	23200.00
1995-07-25	6.43	6.43	6.39	6.39	46300.00
1995-07-26	6.39	6.43	6.39	6.43	28800.00
1995-07-27	6.47	6.51	6.43	6.51	14300.00
1995-07-28	6.51	6.51	6.47	6.47	42800.00
1995-07-31	6.51	6.51	6.47	6.51	23300.00
1995-08-01	6.51	6.55	6.51	6.51	2600.00
1995-08-02	6.51	6.55	6.51	6.55	28200.00
1995-08-03	6.55	6.59	6.51	6.59	16200.00
1995-08-04	6.51	6.51	6.43	6.47	164300.00
1995-08-07	6.47	6.47	6.39	6.39	90300.00
1995-08-08	6.43	6.43	6.26	6.26	76700.00
1995-08-09	6.34	6.34	6.26	6.34	38200.00
1995-08-10	6.34	6.39	6.34	6.34	26400.00
1995-08-11	6.34	6.34	6.26	6.26	62700.00
1995-08-14	6.26	6.30	6.26	6.30	5900.00
1995-08-15	6.26	6.39	6.26	6.39	22200.00
1995-08-16	6.30	6.34	6.26	6.34	5700.00
1995-08-17	6.39	6.51	6.39	6.51	11900.00
1995-08-18	6.51	6.63	6.47	6.59	26400.00
1995-08-21	6.63	6.63	6.47	6.51	10600.00
1995-08-22	6.55	6.55	6.55	6.55	10200.00
1995-08-23	6.55	6.59	6.51	6.51	13100.00
1995-08-24	6.55	6.59	6.55	6.55	48200.00
1995-08-25	6.59	6.59	6.47	6.51	45400.00
1995-08-28	6.55	6.59	6.51	6.55	23200.00
1995-08-29	6.63	6.63	6.63	6.63	8200.00
1995-08-30	6.63	6.71	6.63	6.67	10600.00
1995-08-31	6.71	6.84	6.67	6.84	13600.00
1995-09-01	6.84	7.00	6.79	7.00	16700.00
1995-09-05	6.96	7.04	6.96	7.00	12800.00
1995-09-06	7.04	7.08	6.96	7.00	5200.00
1995-09-07	6.92	7.00	6.92	6.96	19800.00
1995-09-08	7.00	7.04	6.96	6.96	13100.00
1995-09-11	6.96	6.96	6.84	6.84	59800.00
1995-09-12	6.88	6.92	6.84	6.92	30200.00
1995-09-13	6.92	7.00	6.92	7.00	10500.00
1995-09-14	7.00	7.04	7.00	7.04	130200.00
1995-09-15	7.04	7.12	7.04	7.12	10200.00
1995-09-18	7.04	7.04	7.04	7.04	4700.00
1995-09-19	7.04	7.04	7.04	7.04	32900.00
1995-09-20	7.04	7.04	6.92	6.92	17600.00
1995-09-21	7.04	7.04	6.96	7.04	58700.00
1995-09-22	6.96	6.96	6.92	6.92	2300.00
1995-09-25	6.96	7.00	6.96	6.96	29400.00
1995-09-26	7.00	7.00	6.92	7.00	20100.00
1995-09-27	6.88	6.96	6.88	6.92	25400.00
1995-09-28	6.96	6.96	6.96	6.96	13200.00
1995-09-29	6.96	7.04	6.92	7.00	118200.00
1995-10-02	7.04	7.08	7.04	7.04	3000.00
1995-10-03	7.04	7.04	6.88	6.88	82700.00
1995-10-04	6.92	6.92	6.79	6.79	117100.00
1995-10-05	6.79	6.84	6.79	6.84	11600.00
1995-10-06	6.84	6.84	6.79	6.84	7800.00
1995-10-09	6.84	6.84	6.84	6.84	2200.00
1995-10-10	6.84	6.84	6.75	6.84	9100.00
1995-10-11	6.84	6.88	6.84	6.88	114300.00
1995-10-12	6.88	6.88	6.88	6.88	19400.00
1995-10-13	6.88	6.88	6.79	6.79	33500.00
1995-10-16	6.84	6.88	6.84	6.88	24800.00
1995-10-17	6.88	6.88	6.84	6.84	4200.00
1995-10-18	6.88	6.88	6.84	6.88	44900.00
1995-10-19	6.79	6.84	6.79	6.79	9700.00
1995-10-20	6.79	6.88	6.79	6.88	32700.00
1995-10-23	6.84	6.84	6.79	6.79	52400.00
1995-10-24	6.79	6.79	6.75	6.79	9500.00
1995-10-25	6.75	6.79	6.75	6.75	6300.00
1995-10-26	6.75	6.79	6.75	6.75	14400.00
1995-10-27	6.75	6.79	6.75	6.79	9400.00
1995-10-30	6.79	6.79	6.71	6.71	34500.00
1995-10-31	6.75	6.79	6.71	6.75	16100.00
1995-11-01	6.75	6.75	6.59	6.59	63200.00
1995-11-02	6.59	6.63	6.51	6.63	57100.00
1995-11-03	6.63	6.67	6.59	6.59	18300.00
1995-11-06	6.59	6.71	6.59	6.71	2100.00
1995-11-07	6.71	6.71	6.67	6.67	3700.00
1995-11-08	6.67	6.71	6.67	6.67	27200.00
1995-11-09	6.67	6.67	6.63	6.67	12800.00
1995-11-10	6.67	6.67	6.55	6.55	35700.00
1995-11-13	6.59	6.63	6.59	6.63	30200.00
1995-11-14	6.71	6.84	6.71	6.84	193000.00
1995-11-15	6.88	6.96	6.88	6.96	11200.00
1995-11-16	7.00	7.00	6.92	7.00	15300.00
1995-11-17	6.96	6.96	6.96	6.96	4800.00
1995-11-20	7.00	7.12	6.96	7.12	90400.00
1995-11-21	7.12	7.12	7.08	7.12	53900.00
1995-11-22	7.16	7.16	7.12	7.12	23400.00
1995-11-24	7.16	7.16	7.12	7.16	8000.00
1995-11-27	7.16	7.16	7.08	7.08	14700.00
1995-11-28	7.12	7.16	7.12	7.16	44500.00
1995-11-29	7.20	7.20	7.16	7.16	45100.00
1995-11-30	7.16	7.16	7.12	7.12	4400.00
1995-12-01	7.16	7.20	7.16	7.20	30300.00
1995-12-04	7.20	7.24	7.20	7.24	6800.00
1995-12-05	7.24	7.29	7.24	7.29	45900.00
1995-12-06	7.29	7.61	7.24	7.61	32600.00
1995-12-07	7.70	7.86	7.61	7.74	82400.00
1995-12-08	7.70	7.70	7.49	7.53	54600.00
1995-12-11	7.45	7.53	7.45	7.45	25500.00
1995-12-12	7.53	7.53	7.41	7.41	33800.00
1995-12-13	7.41	7.53	7.41	7.53	37000.00
1995-12-14	7.53	7.53	7.49	7.53	53400.00
1995-12-15	7.53	7.53	7.45	7.45	24300.00
1995-12-18	7.53	7.53	7.49	7.49	55900.00
1995-12-19	7.53	7.53	7.45	7.53	14700.00
1995-12-20	7.53	7.70	7.53	7.70	25800.00
1995-12-21	7.70	7.74	7.70	7.74	14600.00
1995-12-22	7.78	7.78	7.74	7.78	13700.00
1995-12-26	7.78	7.90	7.78	7.90	29200.00
1995-12-27	7.74	7.82	7.74	7.82	22300.00
1995-12-28	7.86	7.98	7.86	7.98	63300.00
1995-12-29	8.02	8.02	7.86	7.94	15900.00
1996-01-02	7.94	7.98	7.86	7.98	26400.00
1996-01-03	7.94	7.94	7.82	7.82	8100.00
1996-01-04	7.86	7.86	7.65	7.65	132300.00
1996-01-05	7.65	7.65	7.61	7.61	26600.00
1996-01-08	7.65	7.65	7.61	7.65	2900.00
1996-01-09	7.70	7.70	7.57	7.70	68500.00
1996-01-10	7.70	7.70	7.57	7.57	68000.00
1996-01-11	7.57	7.61	7.57	7.61	45300.00
1996-01-12	7.57	7.65	7.57	7.65	18700.00
1996-01-15	7.65	7.78	7.61	7.61	17100.00
1996-01-16	7.70	7.86	7.70	7.86	47900.00
1996-01-17	7.82	7.82	7.70	7.78	28700.00
1996-01-18	7.78	7.78	7.70	7.74	31000.00
1996-01-19	7.70	7.86	7.70	7.78	28800.00
1996-01-22	7.78	7.78	7.70	7.74	9500.00
1996-01-23	7.74	7.78	7.74	7.74	13900.00
1996-01-24	7.78	7.78	7.74	7.74	33600.00
1996-01-25	7.78	7.78	7.74	7.74	53500.00
1996-01-26	7.65	7.65	7.61	7.65	29100.00
1996-01-29	7.70	7.70	7.61	7.61	8300.00
1996-01-30	7.65	7.70	7.57	7.65	21000.00
1996-01-31	7.65	7.82	7.65	7.82	39500.00
1996-02-01	7.70	7.70	7.65	7.70	49000.00
1996-02-02	7.70	7.70	7.57	7.61	42700.00
1996-02-05	7.61	7.70	7.61	7.65	20500.00
1996-02-06	7.70	7.70	7.53	7.57	17400.00
1996-02-07	7.57	7.61	7.53	7.61	104000.00
1996-02-08	7.61	7.70	7.57	7.70	21300.00
1996-02-09	7.70	7.70	7.41	7.49	134100.00
1996-02-12	7.49	7.53	7.49	7.53	67500.00
1996-02-13	7.61	7.65	7.61	7.65	3600.00
1996-02-14	7.65	7.74	7.65	7.70	19300.00
1996-02-15	7.74	7.86	7.74	7.82	47800.00
1996-02-16	7.82	7.90	7.82	7.86	37300.00
1996-02-20	7.86	7.94	7.86	7.90	19900.00
1996-02-21	7.90	7.94	7.90	7.94	25500.00
1996-02-22	7.94	7.98	7.90	7.90	21100.00
1996-02-23	7.98	7.98	7.86	7.94	7500.00
1996-02-26	7.90	7.90	7.86	7.90	11600.00
1996-02-27	7.90	7.90	7.78	7.78	9400.00
1996-02-28	7.86	7.90	7.74	7.86	12600.00
1996-02-29	7.90	7.90	7.57	7.70	20800.00
1996-03-01	7.70	7.74	7.70	7.74	5600.00
1996-03-04	8.06	8.06	8.06	8.06	0.00
1996-03-05	8.06	8.31	7.98	8.31	84100.00
1996-03-06	8.31	8.31	8.27	8.31	19000.00
1996-03-07	8.31	8.47	8.27	8.35	75600.00
1996-03-08	8.27	8.27	8.06	8.15	23900.00
1996-03-11	8.15	8.19	8.06	8.19	25500.00
1996-03-12	8.15	8.19	8.02	8.10	53200.00
1996-03-13	8.10	8.10	8.02	8.10	11600.00
1996-03-14	8.19	8.19	7.90	7.90	48000.00
1996-03-15	7.90	8.02	7.90	7.98	15400.00
1996-03-18	7.94	8.06	7.94	8.06	29200.00
1996-03-19	8.06	8.10	8.02	8.06	17300.00
1996-03-20	7.94	8.02	7.90	7.94	31700.00
1996-03-21	7.86	7.98	7.86	7.90	26500.00
1996-03-22	7.94	7.98	7.90	7.94	25800.00
1996-03-25	8.02	8.02	7.98	8.02	17100.00
1996-03-26	7.98	8.02	7.94	8.02	13700.00
1996-03-27	7.90	7.98	7.90	7.94	15600.00
1996-03-28	7.94	7.98	7.90	7.94	23800.00
1996-03-29	7.94	7.98	7.90	7.90	14000.00
1996-04-01	7.94	7.98	7.90	7.98	42100.00
1996-04-02	7.94	7.94	7.82	7.86	22600.00
1996-04-03	7.78	7.90	7.74	7.90	45400.00
1996-04-04	7.94	7.94	7.86	7.86	17200.00
1996-04-08	7.90	7.90	7.74	7.78	10600.00
1996-04-09	7.78	7.78	7.74	7.74	2500.00
1996-04-10	7.78	7.78	7.61	7.61	5900.00
1996-04-11	7.61	7.65	7.53	7.65	84900.00
1996-04-12	7.61	7.70	7.61	7.70	43200.00
1996-04-15	7.70	7.78	7.70	7.74	31800.00
1996-04-16	7.78	7.90	7.78	7.86	8800.00
1996-04-17	7.90	7.94	7.90	7.90	3800.00
1996-04-18	7.94	7.94	7.82	7.86	22500.00
1996-04-19	7.90	7.94	7.82	7.82	21100.00
1996-04-22	7.86	7.90	7.86	7.86	3700.00
1996-04-23	7.90	7.94	7.90	7.94	24300.00
1996-04-24	7.94	8.02	7.94	7.98	38500.00
1996-04-25	7.98	8.10	7.90	8.10	63500.00
1996-04-26	8.02	8.19	8.02	8.19	44000.00
1996-04-29	8.19	8.31	8.19	8.23	124900.00
1996-04-30	8.23	8.27	8.19	8.23	30400.00
1996-05-01	8.19	8.31	8.19	8.31	11500.00
1996-05-02	8.35	8.35	8.19	8.19	121100.00
1996-05-03	8.15	8.23	8.15	8.23	5500.00
1996-05-06	8.31	8.31	8.23	8.27	31600.00
1996-05-07	8.23	8.31	8.23	8.23	32400.00
1996-05-08	8.23	8.27	8.23	8.27	68100.00
1996-05-09	8.23	8.27	8.19	8.23	33400.00
1996-05-10	8.27	8.35	8.23	8.31	45700.00
1996-05-13	8.35	8.39	8.31	8.39	87800.00
1996-05-14	8.35	8.39	8.27	8.27	37300.00
1996-05-15	8.27	8.31	8.23	8.23	9000.00
1996-05-16	8.27	8.31	8.19	8.19	42700.00
1996-05-17	8.27	8.27	8.19	8.19	23300.00
1996-05-20	8.10	8.35	8.10	8.27	21300.00
1996-05-21	8.23	8.27	8.19	8.27	65600.00
1996-05-22	8.31	8.35	8.31	8.31	42600.00
1996-05-23	8.35	8.35	8.27	8.35	31700.00
1996-05-24	8.35	8.39	8.35	8.39	5400.00
1996-05-28	8.31	8.43	8.31	8.43	37700.00
1996-05-29	8.43	8.43	8.39	8.43	21500.00
1996-05-30	8.43	8.43	8.31	8.35	31600.00
1996-05-31	8.35	8.39	8.35	8.39	8600.00
1996-06-03	8.39	8.39	8.35	8.39	7600.00
1996-06-04	8.39	8.39	8.35	8.35	6800.00
1996-06-05	8.39	8.39	8.35	8.39	9000.00
1996-06-06	8.35	8.39	8.31	8.39	45800.00
1996-06-07	8.35	8.35	8.31	8.31	65400.00
1996-06-10	8.35	8.35	8.31	8.35	21500.00
1996-06-11	8.35	8.35	8.27	8.31	110800.00
1996-06-12	8.35	8.35	8.23	8.23	23300.00
1996-06-13	8.31	8.31	8.19	8.23	11600.00
1996-06-14	8.19	8.35	8.19	8.35	25200.00
1996-06-17	8.35	8.39	8.27	8.39	3600.00
1996-06-18	8.39	8.39	8.39	8.39	3100.00
1996-06-19	8.31	8.39	8.27	8.31	7400.00
1996-06-20	8.31	8.43	8.31	8.39	27200.00
1996-06-21	8.31	8.43	8.31	8.43	14400.00
1996-06-24	8.39	8.51	8.39	8.51	15100.00
1996-06-25	8.51	8.51	8.43	8.51	7500.00
1996-06-26	8.39	8.51	8.39	8.51	8100.00
1996-06-27	8.51	8.51	8.43	8.43	82400.00
1996-06-28	8.43	8.51	8.43	8.47	47800.00
1996-07-01	8.39	8.47	8.39	8.43	2400.00
1996-07-02	8.39	8.47	8.39	8.47	11500.00
1996-07-03	8.39	8.47	8.35	8.47	35900.00
1996-07-05	8.43	8.47	8.43	8.47	2000.00
1996-07-08	8.43	8.51	8.43	8.47	9600.00
1996-07-09	8.47	8.47	8.43	8.47	13300.00
1996-07-10	8.39	8.39	8.27	8.27	18500.00
1996-07-11	8.31	8.35	8.27	8.35	24600.00
1996-07-12	8.31	8.35	8.27	8.31	21600.00
1996-07-15	8.23	8.27	8.06	8.06	13500.00
1996-07-16	8.10	8.15	8.02	8.10	30900.00
1996-07-17	8.10	8.19	8.06	8.15	69400.00
1996-07-18	8.19	8.27	8.15	8.27	55700.00
1996-07-19	8.31	8.51	8.31	8.51	72200.00
1996-07-22	8.43	8.47	8.43	8.43	71600.00
1996-07-23	8.43	8.43	8.43	8.43	0.00
1996-07-24	8.43	8.43	8.39	8.39	3500.00
1996-07-25	8.39	8.47	8.39	8.47	7300.00
1996-07-26	8.47	8.47	8.43	8.47	6900.00
1996-07-29	8.39	8.39	8.27	8.27	60600.00
1996-07-30	8.19	8.23	8.10	8.10	51100.00
1996-07-31	8.10	8.35	8.10	8.31	1420000.00
1996-08-01	8.27	8.43	8.27	8.43	195700.00
1996-08-02	8.43	8.64	8.43	8.60	262400.00
1996-08-05	8.51	8.55	8.47	8.51	255500.00
1996-08-06	8.51	8.60	8.47	8.55	131700.00
1996-08-07	8.55	8.60	8.51	8.51	52900.00
1996-08-08	8.55	8.60	8.51	8.51	28700.00
1996-08-09	8.60	8.68	8.55	8.68	56000.00
1996-08-12	8.72	8.80	8.68	8.72	82800.00
1996-08-13	8.72	8.76	8.68	8.72	31200.00
1996-08-14	8.68	8.76	8.68	8.76	92400.00
1996-08-15	8.76	8.76	8.68	8.72	74700.00
1996-08-16	8.76	8.88	8.76	8.88	50500.00
1996-08-19	8.88	9.00	8.88	8.92	36100.00
1996-08-20	8.92	8.96	8.88	8.88	34800.00
1996-08-21	8.84	8.92	8.84	8.88	23800.00
1996-08-22	8.88	9.00	8.88	9.00	44500.00
1996-08-23	8.88	9.00	8.88	9.00	18400.00
1996-08-26	9.00	9.05	8.92	8.96	20300.00
1996-08-27	9.00	9.05	8.96	9.05	38100.00
1996-08-28	9.00	9.17	9.00	9.09	41300.00
1996-08-29	9.09	9.21	9.05	9.17	60700.00
1996-08-30	9.17	9.21	9.09	9.17	44200.00
1996-09-03	9.09	9.21	9.05	9.21	63700.00
1996-09-04	9.21	9.25	9.13	9.25	53000.00
1996-09-05	9.21	9.21	9.13	9.13	59600.00
1996-09-06	9.13	9.21	9.13	9.21	34000.00
1996-09-09	9.17	9.29	9.13	9.29	50800.00
1996-09-10	9.25	9.46	9.25	9.46	44000.00
1996-09-11	9.46	9.58	9.33	9.54	56600.00
1996-09-12	9.58	9.62	9.54	9.58	101500.00
1996-09-13	9.58	9.58	9.46	9.50	152600.00
1996-09-16	9.41	9.41	9.33	9.37	48800.00
1996-09-17	9.37	9.46	9.33	9.41	32500.00
1996-09-18	9.41	9.41	9.25	9.29	17500.00
1996-09-19	9.33	9.33	9.13	9.13	107400.00
1996-09-20	9.13	9.13	9.09	9.13	42100.00
1996-09-23	9.09	9.17	9.05	9.17	59900.00
1996-09-24	9.17	9.17	9.00	9.05	22100.00
1996-09-25	9.00	9.21	8.96	9.13	55600.00
1996-09-26	9.00	9.05	9.00	9.05	33300.00
1996-09-27	9.05	9.25	9.05	9.25	53700.00
1996-09-30	9.25	9.33	9.25	9.33	96700.00
1996-10-01	9.29	9.37	9.25	9.33	40500.00
1996-10-02	9.37	9.37	9.33	9.37	20300.00
1996-10-03	9.33	9.50	9.33	9.41	177200.00
1996-10-04	9.41	9.46	9.41	9.46	13500.00
1996-10-07	9.41	9.46	9.37	9.37	28700.00
1996-10-08	9.37	9.41	9.21	9.25	32600.00
1996-10-09	9.29	9.33	9.25	9.33	9400.00
1996-10-10	9.29	9.37	9.29	9.33	15000.00
1996-10-11	9.37	9.46	9.33	9.46	25400.00
1996-10-14	9.41	9.54	9.41	9.54	47600.00
1996-10-15	9.54	9.54	9.46	9.46	24900.00
1996-10-16	9.50	9.54	9.41	9.46	75700.00
1996-10-17	9.46	9.50	9.41	9.46	35700.00
1996-10-18	9.50	9.62	9.46	9.54	20400.00
1996-10-21	9.58	9.66	9.54	9.66	29200.00
1996-10-22	9.58	9.66	9.58	9.62	19800.00
1996-10-23	9.70	9.86	9.70	9.78	57300.00
1996-10-24	9.82	9.95	9.78	9.95	25300.00
1996-10-25	9.95	10.03	9.91	10.03	21100.00
1996-10-28	10.07	10.07	9.82	9.86	54500.00
1996-10-29	9.91	10.03	9.82	9.82	55900.00
1996-10-30	9.86	9.86	9.54	9.58	102800.00
1996-10-31	9.54	9.91	9.54	9.82	105800.00
1996-11-01	9.91	10.23	9.91	10.07	163500.00
1996-11-04	10.11	10.15	10.07	10.15	96200.00
1996-11-05	10.07	10.15	10.03	10.11	38800.00
1996-11-06	10.15	10.52	10.15	10.40	82100.00
1996-11-07	10.40	10.40	10.15	10.23	60100.00
1996-11-08	10.19	10.23	10.15	10.23	35700.00
1996-11-11	10.23	10.48	10.19	10.44	41200.00
1996-11-12	10.40	10.44	10.31	10.44	87700.00
1996-11-13	10.44	10.48	10.36	10.40	40000.00
1996-11-14	10.40	10.40	10.36	10.40	30900.00
1996-11-15	10.40	10.40	10.31	10.36	28900.00
1996-11-18	10.40	10.48	10.36	10.48	70700.00
1996-11-19	10.48	10.52	10.40	10.44	39600.00
1996-11-20	10.44	10.60	10.44	10.52	175500.00
1996-11-21	10.56	10.60	10.52	10.60	143700.00
1996-11-22	10.60	10.64	10.52	10.56	79300.00
1996-11-25	10.56	10.56	10.40	10.44	118000.00
1996-11-26	10.40	10.44	10.36	10.40	23900.00
1996-11-27	10.44	10.44	10.36	10.40	20800.00
1996-11-29	10.44	10.64	10.44	10.64	53500.00
1996-12-02	10.64	10.64	10.56	10.64	39100.00
1996-12-03	10.64	10.64	10.56	10.60	67800.00
1996-12-04	10.60	10.60	10.52	10.52	62100.00
1996-12-05	10.56	10.56	10.44	10.56	20800.00
1996-12-06	10.56	10.64	10.52	10.64	35500.00
1996-12-09	10.64	10.64	10.56	10.64	46000.00
1996-12-10	10.64	10.93	10.60	10.93	62200.00
1996-12-11	10.97	11.09	10.93	11.01	19500.00
1996-12-12	11.05	11.30	11.01	11.01	121700.00
1996-12-13	11.01	11.13	10.97	11.13	61800.00
1996-12-16	11.13	11.13	10.93	10.93	26500.00
1996-12-17	10.97	11.13	10.97	11.13	39600.00
1996-12-18	11.17	11.38	11.17	11.38	132800.00
1996-12-19	11.38	11.50	11.38	11.50	54500.00
1996-12-20	11.50	11.50	11.34	11.38	35400.00
1996-12-23	11.34	11.42	11.34	11.42	23800.00
1996-12-24	11.38	11.42	11.34	11.38	16600.00
1996-12-26	11.38	11.46	11.38	11.46	23300.00
1996-12-27	11.38	11.46	11.38	11.46	35300.00
1996-12-30	11.46	11.75	11.46	11.71	46100.00
1996-12-31	11.71	11.79	11.71	11.79	84000.00
1997-01-02	11.79	11.79	11.50	11.54	126000.00
1997-01-03	11.54	11.58	11.38	11.42	62400.00
1997-01-06	11.46	11.46	11.34	11.34	61000.00
1997-01-07	11.34	11.34	11.26	11.26	32800.00
1997-01-08	11.30	11.30	11.17	11.22	77500.00
1997-01-09	11.26	11.30	11.22	11.26	70300.00
1997-01-10	11.22	11.30	11.22	11.26	61100.00
1997-01-13	11.26	11.30	11.26	11.30	67800.00
1997-01-14	11.26	11.30	11.17	11.30	293200.00
1997-01-15	11.26	11.34	11.26	11.34	115900.00
1997-01-16	11.34	11.46	11.34	11.42	312500.00
1997-01-17	11.42	11.58	11.42	11.46	43200.00
1997-01-20	11.54	11.91	11.46	11.87	38400.00
1997-01-21	11.75	12.28	11.71	12.12	57000.00
1997-01-22	12.12	12.16	11.99	12.16	50800.00
1997-01-23	12.24	12.28	12.03	12.03	384200.00
1997-01-24	11.99	12.12	11.99	11.99	98500.00
1997-01-27	11.91	12.03	11.91	11.95	69500.00
1997-01-28	11.95	11.99	11.91	11.95	49800.00
1997-01-29	11.95	11.95	11.83	11.87	45100.00
1997-01-30	11.79	11.83	11.42	11.75	114100.00
1997-01-31	11.67	11.83	11.67	11.79	74100.00
1997-02-03	11.79	11.95	11.75	11.91	27000.00
1997-02-04	11.91	11.91	11.79	11.79	43800.00
1997-02-05	11.83	11.83	11.75	11.79	28800.00
1997-02-06	11.83	11.83	11.62	11.67	35200.00
1997-02-07	11.58	11.79	11.58	11.79	19700.00
1997-02-10	11.87	11.87	11.79	11.83	64500.00
1997-02-11	11.83	11.83	11.75	11.79	27800.00
1997-02-12	11.67	11.75	11.50	11.71	37600.00
1997-02-13	11.75	11.83	11.71	11.79	26900.00
1997-02-14	11.75	11.91	11.75	11.79	30200.00
1997-02-18	11.83	11.83	11.75	11.79	56500.00
1997-02-19	11.79	11.79	11.71	11.75	38300.00
1997-02-20	11.75	11.75	11.58	11.71	90200.00
1997-02-21	11.62	11.83	11.62	11.79	117900.00
1997-02-24	11.79	11.79	11.71	11.71	9300.00
1997-02-25	11.71	11.79	11.71	11.71	9300.00
1997-02-26	11.75	11.75	11.62	11.71	40300.00
1997-02-27	11.75	11.75	11.62	11.67	20000.00
1997-02-28	11.67	11.75	11.58	11.75	41500.00
1997-03-03	11.71	11.83	11.71	11.83	105800.00
1997-03-04	11.83	12.03	11.79	11.99	103600.00
1997-03-05	12.03	12.12	11.99	12.07	128900.00
1997-03-06	11.99	12.12	11.91	11.95	54400.00
1997-03-07	11.95	12.07	11.91	12.07	22200.00
1997-03-10	12.07	12.12	11.99	12.03	124900.00
1997-03-11	12.07	12.07	12.03	12.07	52000.00
1997-03-12	12.07	12.12	12.07	12.12	49900.00
1997-03-13	12.12	12.12	11.95	12.03	67200.00
1997-03-14	11.99	12.07	11.99	12.03	38100.00
1997-03-17	12.03	12.12	11.99	12.12	69000.00
1997-03-18	12.12	12.16	12.07	12.12	57000.00
1997-03-19	12.12	12.12	11.99	12.07	79200.00
1997-03-20	12.07	12.07	11.95	12.03	42100.00
1997-03-21	12.03	12.12	12.03	12.03	25200.00
1997-03-24	12.07	12.12	11.99	11.99	28400.00
1997-03-25	12.03	12.07	11.91	12.03	20200.00
1997-03-26	11.95	11.99	11.91	11.95	59600.00
1997-03-27	11.99	11.99	11.83	11.87	54500.00
1997-03-31	11.83	11.83	11.67	11.75	59400.00
1997-04-01	11.71	11.91	11.67	11.75	40000.00
1997-04-02	11.75	11.75	11.62	11.62	26700.00
1997-04-03	11.67	11.71	11.54	11.58	37700.00
1997-04-04	11.67	11.67	11.67	11.67	0.00
1997-04-07	11.71	11.95	11.71	11.91	40100.00
1997-04-08	11.91	11.95	11.83	11.91	54900.00
1997-04-09	11.95	11.95	11.87	11.87	1900.00
1997-04-10	11.91	11.91	11.91	11.91	0.00
1997-04-11	11.87	11.95	11.87	11.87	1900.00
1997-04-14	11.75	11.83	11.75	11.75	45300.00
1997-04-15	11.79	11.83	11.79	11.83	20900.00
1997-04-16	11.83	11.83	11.75	11.83	47700.00
1997-04-17	11.87	11.87	11.75	11.79	59000.00
1997-04-18	11.62	11.62	11.62	11.62	0.00
1997-04-21	11.62	11.62	11.50	11.50	30300.00
1997-04-22	11.54	11.58	11.46	11.54	40300.00
1997-04-23	11.58	11.67	11.17	11.22	221000.00
1997-04-24	11.22	11.22	10.72	10.89	296600.00
1997-04-25	10.85	10.89	10.52	10.85	104800.00
1997-04-28	10.93	11.01	10.89	10.97	110800.00
1997-04-29	11.05	11.30	11.05	11.22	56900.00
1997-04-30	11.26	11.26	10.93	10.97	167400.00
1997-05-01	11.22	11.22	11.22	11.22	0.00
1997-05-02	11.26	11.26	11.17	11.26	92900.00
1997-05-05	11.26	11.58	11.22	11.58	29400.00
1997-05-06	11.54	11.83	11.54	11.79	38200.00
1997-05-07	11.79	11.79	11.50	11.58	29800.00
1997-05-08	11.58	11.62	11.54	11.58	27500.00
1997-05-09	11.62	11.62	11.50	11.58	22500.00
1997-05-12	11.58	11.62	11.54	11.62	20000.00
1997-05-13	11.62	11.62	11.54	11.62	36900.00
1997-05-14	11.62	11.71	11.58	11.58	19400.00
1997-05-15	11.62	11.67	11.54	11.58	28700.00
1997-05-16	11.62	11.62	11.50	11.54	36800.00
1997-05-19	11.54	11.62	11.54	11.62	10500.00
1997-05-20	11.54	11.62	11.50	11.62	22600.00
1997-05-21	11.67	11.67	11.54	11.58	15000.00
1997-05-22	11.58	11.71	11.58	11.67	27000.00
1997-05-23	11.67	11.67	11.58	11.62	10400.00
1997-05-27	11.54	11.62	11.50	11.54	103200.00
1997-05-28	11.58	11.62	11.42	11.50	84400.00
1997-05-29	11.54	11.54	11.42	11.42	96000.00
1997-05-30	11.46	11.62	11.38	11.54	36600.00
1997-06-02	11.54	11.62	11.54	11.58	9200.00
1997-06-03	11.62	11.67	11.58	11.62	5800.00
1997-06-04	11.67	11.75	11.62	11.75	45600.00
1997-06-05	11.75	11.79	11.67	11.75	18900.00
1997-06-06	11.91	11.91	11.91	11.91	0.00
1997-06-09	11.87	11.87	11.87	11.87	0.00
1997-06-10	11.83	11.95	11.83	11.95	36600.00
1997-06-11	11.95	11.95	11.87	11.91	31800.00
1997-06-12	11.95	12.07	11.91	12.07	48700.00
1997-06-13	12.12	12.20	12.12	12.20	48800.00
1997-06-16	12.24	12.28	12.20	12.20	50300.00
1997-06-17	12.16	12.20	12.12	12.16	27300.00
1997-06-18	12.16	12.28	12.16	12.20	38800.00
1997-06-19	12.24	12.32	12.12	12.24	34400.00
1997-06-20	12.07	12.24	12.07	12.16	70100.00
1997-06-23	12.07	12.07	11.87	11.95	111000.00
1997-06-24	11.95	11.95	11.79	11.91	164800.00
1997-06-25	11.91	11.91	11.87	11.91	64200.00
1997-06-26	11.71	11.83	11.71	11.75	45700.00
1997-06-27	11.75	11.83	11.71	11.83	35900.00
1997-06-30	11.83	12.16	11.75	12.12	68100.00
1997-07-01	11.95	12.16	11.95	12.12	25600.00
1997-07-02	12.12	12.24	12.12	12.20	14200.00
1997-07-03	12.24	12.28	12.20	12.24	15500.00
1997-07-07	12.24	12.28	12.20	12.28	28000.00
1997-07-08	12.28	12.40	12.24	12.32	30000.00
1997-07-09	12.36	12.48	12.36	12.48	41800.00
1997-07-10	12.44	12.44	12.36	12.44	15400.00
1997-07-11	12.48	12.53	12.48	12.53	23000.00
1997-07-14	12.53	12.69	12.53	12.65	33400.00
1997-07-15	12.65	12.65	12.57	12.57	31100.00
1997-07-16	12.57	12.61	12.57	12.61	89300.00
1997-07-17	12.61	12.61	12.53	12.57	37500.00
1997-07-18	12.61	12.61	12.53	12.57	20800.00
1997-07-21	11.99	12.65	11.95	12.57	21200.00
1997-07-22	12.57	12.65	12.57	12.61	27700.00
1997-07-23	12.65	12.73	12.65	12.73	44000.00
1997-07-24	12.77	12.77	12.69	12.73	23100.00
1997-07-25	12.73	12.77	12.69	12.73	78100.00
1997-07-28	12.77	12.77	12.53	12.53	90400.00
1997-07-29	12.53	12.53	12.48	12.48	8900.00
1997-07-30	12.53	12.61	12.53	12.61	25600.00
1997-07-31	12.61	12.65	12.53	12.57	33500.00
1997-08-01	12.61	12.65	12.44	12.65	67600.00
1997-08-04	12.61	12.61	12.53	12.53	29400.00
1997-08-05	12.53	12.61	12.53	12.61	39200.00
1997-08-06	12.61	12.77	12.61	12.77	30100.00
1997-08-07	12.77	12.77	12.69	12.77	22800.00
1997-08-08	12.77	12.77	12.61	12.69	34600.00
1997-08-11	12.61	12.65	12.44	12.48	95600.00
1997-08-12	12.57	12.61	12.44	12.48	8800.00
1997-08-13	12.57	12.61	12.32	12.40	36100.00
1997-08-14	12.40	12.40	12.24	12.40	21300.00
1997-08-15	12.40	12.40	12.32	12.32	11000.00
1997-08-18	12.40	12.40	12.24	12.32	16900.00
1997-08-19	12.28	12.36	12.24	12.36	8700.00
1997-08-20	12.36	12.36	12.24	12.28	20600.00
1997-08-21	12.32	12.32	12.20	12.24	17400.00
1997-08-22	12.24	12.24	12.12	12.24	12900.00
1997-08-25	12.24	12.24	12.12	12.12	23300.00
1997-08-26	12.03	12.20	12.03	12.16	18800.00
1997-08-27	12.12	12.16	12.03	12.12	8000.00
1997-08-28	12.07	12.12	12.03	12.03	51400.00
1997-08-29	12.03	12.24	12.03	12.20	33900.00
1997-09-02	12.03	12.24	12.03	12.16	34000.00
1997-09-03	12.16	12.40	12.16	12.40	71000.00
1997-09-04	12.36	12.44	12.36	12.40	136500.00
1997-09-05	12.36	12.57	12.36	12.48	45100.00
1997-09-08	12.48	12.53	12.44	12.53	53200.00
1997-09-09	12.61	12.61	12.61	12.61	0.00
1997-09-10	12.65	12.77	12.61	12.65	9800.00
1997-09-11	12.65	12.69	12.65	12.65	118700.00
1997-09-12	12.69	12.85	12.69	12.85	51200.00
1997-09-15	12.77	12.81	12.73	12.81	25300.00
1997-09-16	12.85	13.18	12.85	12.93	248100.00
1997-09-17	12.93	12.98	12.89	12.89	43500.00
1997-09-18	12.93	12.98	12.61	12.98	30000.00
1997-09-19	12.98	13.02	12.93	12.98	53400.00
1997-09-22	12.98	12.98	12.93	12.98	48500.00
1997-09-23	12.93	13.02	12.93	13.02	36000.00
1997-09-24	12.93	13.10	12.93	12.93	47200.00
1997-09-25	12.93	13.06	12.93	13.06	43300.00
1997-09-26	12.89	13.06	12.89	12.98	44000.00
1997-09-29	13.02	13.02	12.93	12.98	40900.00
1997-09-30	12.98	13.06	12.98	13.06	65800.00
1997-10-01	13.02	13.10	13.02	13.10	50000.00
1997-10-02	13.10	13.18	13.10	13.14	27000.00
1997-10-03	13.14	13.26	13.10	13.14	44400.00
1997-10-06	13.10	13.18	13.02	13.18	23800.00
1997-10-07	13.18	13.22	13.10	13.18	42500.00
1997-10-08	13.26	13.26	13.02	13.18	40700.00
1997-10-09	13.14	13.30	13.06	13.14	41700.00
1997-10-10	13.10	13.14	13.06	13.14	93800.00
1997-10-13	13.10	13.18	13.02	13.06	38300.00
1997-10-14	13.10	13.18	12.98	13.14	44100.00
1997-10-15	13.10	13.10	12.85	12.93	85300.00
1997-10-16	12.57	12.85	12.57	12.77	123300.00
1997-10-17	12.73	12.77	12.61	12.73	131300.00
1997-10-20	12.69	12.69	12.61	12.65	43600.00
1997-10-21	12.61	12.73	12.61	12.73	100100.00
1997-10-22	12.69	12.85	12.65	12.77	125700.00
1997-10-23	12.77	12.77	12.57	12.77	33200.00
1997-10-24	12.77	12.85	12.61	12.77	91600.00
1997-10-27	12.77	12.77	12.24	12.36	182100.00
1997-10-28	12.36	12.73	12.28	12.61	124900.00
1997-10-29	12.44	12.73	12.44	12.73	60800.00
1997-10-30	12.65	12.73	12.61	12.65	48800.00
1997-10-31	12.65	12.81	12.61	12.81	52500.00
1997-11-03	12.73	12.77	12.61	12.69	217100.00
1997-11-04	12.73	12.73	12.69	12.69	81300.00
1997-11-05	12.69	12.73	12.69	12.73	69300.00
1997-11-06	12.69	12.73	12.69	12.69	36900.00
1997-11-07	12.69	12.77	12.69	12.73	75700.00
1997-11-10	12.73	12.77	12.65	12.69	48600.00
1997-11-11	12.65	12.69	12.57	12.61	28800.00
1997-11-12	12.61	12.73	12.61	12.73	52000.00
1997-11-13	12.65	12.65	12.44	12.53	94400.00
1997-11-14	12.61	12.61	12.53	12.57	60900.00
1997-11-17	12.57	12.73	12.57	12.73	70600.00
1997-11-18	12.73	12.81	12.73	12.81	56300.00
1997-11-19	12.89	12.89	12.77	12.85	47000.00
1997-11-20	12.85	12.93	12.85	12.93	56700.00
1997-11-21	12.98	13.10	12.93	13.02	64600.00
1997-11-24	13.02	13.02	12.85	12.85	78700.00
1997-11-25	12.85	13.02	12.85	12.93	32900.00
1997-11-26	12.98	12.98	12.93	12.93	27700.00
1997-11-28	12.93	13.06	12.93	13.06	20200.00
1997-12-01	13.02	13.22	13.02	13.10	43000.00
1997-12-02	13.06	13.14	13.02	13.10	49200.00
1997-12-03	13.10	13.18	13.10	13.18	132700.00
1997-12-04	13.18	13.26	13.10	13.18	75500.00
1997-12-05	13.22	13.22	13.10	13.14	58100.00
1997-12-08	13.26	13.26	13.14	13.18	49000.00
1997-12-09	13.10	13.14	13.02	13.10	64700.00
1997-12-10	13.02	13.06	12.93	13.02	54900.00
1997-12-11	13.02	13.10	12.93	13.06	78900.00
1997-12-12	13.06	13.06	12.93	12.98	40100.00
1997-12-15	12.98	13.02	12.93	12.98	71400.00
1997-12-16	12.93	12.98	12.89	12.89	50100.00
1997-12-17	12.98	12.98	12.53	12.81	29000.00
1997-12-18	12.85	12.89	12.81	12.81	45700.00
1997-12-19	12.73	12.77	12.61	12.73	62700.00
1997-12-22	12.69	12.73	12.69	12.73	51400.00
1997-12-23	12.69	12.77	12.69	12.73	51900.00
1997-12-24	12.73	12.73	12.69	12.73	21700.00
1997-12-26	12.69	12.73	12.69	12.73	5600.00
1997-12-29	12.65	12.77	12.57	12.73	59500.00
1997-12-30	12.69	12.85	12.69	12.81	94600.00
1997-12-31	12.81	12.85	12.77	12.77	69800.00
1998-01-02	12.81	12.81	12.69	12.81	53400.00
1998-01-05	12.85	12.85	12.77	12.85	81000.00
1998-01-06	12.85	12.85	12.73	12.73	60900.00
1998-01-07	12.73	12.77	12.69	12.73	41800.00
1998-01-08	12.73	12.77	12.57	12.61	23800.00
1998-01-09	12.61	12.73	12.61	12.69	21500.00
1998-01-12	12.65	12.65	12.61	12.61	19900.00
1998-01-13	12.61	12.73	12.57	12.73	67800.00
1998-01-14	12.69	12.69	12.69	12.69	0.00
1998-01-15	12.65	12.65	12.48	12.48	100400.00
1998-01-16	12.57	12.61	12.48	12.57	29900.00
1998-01-20	12.57	12.81	12.57	12.65	45400.00
1998-01-21	12.69	12.69	12.48	12.53	90600.00
1998-01-22	12.48	12.53	12.44	12.44	62700.00
1998-01-23	12.48	12.65	12.40	12.44	93700.00
1998-01-26	12.48	12.53	12.44	12.48	91500.00
1998-01-27	12.48	12.57	12.44	12.44	57900.00
1998-01-28	12.57	12.57	12.48	12.48	66000.00
1998-01-29	12.53	12.57	12.44	12.48	23800.00
1998-01-30	12.44	12.53	12.40	12.40	206600.00
1998-02-02	12.44	12.53	12.44	12.53	151500.00
1998-02-03	12.53	12.61	12.53	12.53	52900.00
1998-02-04	12.57	12.61	12.53	12.53	32800.00
1998-02-05	12.53	12.65	12.44	12.44	46300.00
1998-02-06	12.44	12.48	12.44	12.48	222100.00
1998-02-09	12.44	12.57	12.36	12.40	61600.00
1998-02-10	12.40	12.53	12.40	12.48	78100.00
1998-02-11	12.53	12.53	12.28	12.36	43000.00
1998-02-12	12.40	12.44	12.32	12.44	32300.00
1998-02-13	12.44	12.44	12.28	12.40	71700.00
1998-02-17	12.36	12.48	12.36	12.44	33800.00
1998-02-18	12.44	12.53	12.40	12.53	66200.00
1998-02-19	12.48	12.65	12.40	12.40	69800.00
1998-02-20	12.40	12.40	12.20	12.28	97300.00
1998-02-23	12.24	12.40	12.20	12.40	70800.00
1998-02-24	12.40	12.44	12.36	12.40	48700.00
1998-02-25	12.36	12.44	12.36	12.40	51200.00
1998-02-26	12.40	12.48	12.40	12.44	16300.00
1998-02-27	12.44	12.53	12.36	12.36	103700.00
1998-03-02	12.40	12.40	12.24	12.24	137900.00
1998-03-03	12.24	12.28	12.16	12.24	51300.00
1998-03-04	12.20	12.20	12.12	12.16	37300.00
1998-03-05	12.12	12.12	11.95	11.99	57300.00
1998-03-06	11.99	12.16	11.99	12.12	46100.00
1998-03-09	12.16	12.36	12.16	12.20	69200.00
1998-03-10	12.20	12.28	12.16	12.20	47300.00
1998-03-11	12.28	12.32	12.16	12.16	71100.00
1998-03-12	12.20	12.20	12.03	12.03	48800.00
1998-03-13	11.99	12.03	11.87	11.87	71100.00
1998-03-16	11.95	12.12	11.95	12.07	76900.00
1998-03-17	12.07	12.12	11.99	12.07	47900.00
1998-03-18	12.12	12.12	11.99	12.12	117100.00
1998-03-19	12.12	12.12	12.03	12.07	75300.00
1998-03-20	12.07	12.12	12.03	12.03	141200.00
1998-03-23	11.99	12.07	11.99	12.07	37800.00
1998-03-24	12.07	12.07	12.03	12.07	41800.00
1998-03-25	12.07	12.12	12.03	12.12	86300.00
1998-03-26	12.12	12.20	12.12	12.16	104400.00
1998-03-27	12.12	12.12	11.95	12.03	37700.00
1998-03-30	12.07	12.12	12.03	12.12	29300.00
1998-03-31	12.12	12.16	12.03	12.16	81500.00
1998-04-01	12.16	12.20	12.12	12.16	52000.00
1998-04-02	12.16	12.24	12.16	12.24	57500.00
1998-04-03	12.20	12.24	12.16	12.20	114600.00
1998-04-06	12.20	12.32	12.12	12.12	79500.00
1998-04-07	12.12	12.24	12.12	12.24	49300.00
1998-04-08	12.20	12.24	12.20	12.20	24900.00
1998-04-09	12.16	12.28	12.16	12.20	37800.00
1998-04-13	12.24	12.28	12.20	12.20	33400.00
1998-04-14	12.20	12.24	12.20	12.24	62500.00
1998-04-15	12.24	12.28	12.20	12.20	176900.00
1998-04-16	12.20	12.28	12.20	12.24	159200.00
1998-04-17	12.24	12.28	12.24	12.28	54400.00
1998-04-20	12.24	12.28	12.24	12.28	53700.00
1998-04-21	12.24	12.36	12.20	12.24	183300.00
1998-04-22	12.20	12.28	12.16	12.24	37300.00
1998-04-23	12.20	12.24	12.16	12.24	32600.00
1998-04-24	12.28	12.28	12.20	12.20	41500.00
1998-04-27	12.12	12.16	12.03	12.12	58400.00
1998-04-28	12.12	12.16	12.07	12.12	52900.00
1998-04-29	12.12	12.16	12.07	12.07	61800.00
1998-04-30	12.07	12.16	12.07	12.12	120600.00
1998-05-01	12.12	12.24	12.03	12.24	139600.00
1998-05-04	12.24	12.28	12.20	12.28	44500.00
1998-05-05	12.24	12.24	12.12	12.16	98000.00
1998-05-06	12.16	12.24	12.16	12.20	31000.00
1998-05-07	12.20	12.28	12.16	12.28	69500.00
1998-05-08	12.28	12.40	12.24	12.28	104800.00
1998-05-11	12.24	12.28	12.24	12.24	57500.00
1998-05-12	12.28	12.28	12.20	12.24	114600.00
1998-05-13	12.32	12.32	12.20	12.24	108000.00
1998-05-14	12.24	12.24	12.16	12.20	15100.00
1998-05-15	12.24	12.24	12.16	12.20	140700.00
1998-05-18	12.16	12.24	12.16	12.20	69300.00
1998-05-19	12.20	12.24	12.16	12.16	94800.00
1998-05-20	12.16	12.20	11.99	11.99	102200.00
1998-05-21	12.07	12.07	11.95	11.95	84800.00
1998-05-22	11.95	11.95	11.87	11.87	86400.00
1998-05-26	11.91	11.91	11.87	11.87	22100.00
1998-05-27	11.79	11.87	11.79	11.83	27400.00
1998-05-28	11.79	11.95	11.79	11.95	64000.00
1998-05-29	11.91	12.03	11.91	12.03	84700.00
1998-06-01	12.07	12.16	12.07	12.07	43200.00
1998-06-02	12.07	12.12	12.03	12.07	63100.00
1998-06-03	12.03	12.12	12.03	12.12	33500.00
1998-06-04	12.07	12.07	12.03	12.03	26700.00
1998-06-05	12.03	12.03	11.87	11.87	19300.00
1998-06-08	11.87	11.93	11.79	11.89	157300.00
1998-06-09	11.93	12.07	11.87	11.93	42400.00
1998-06-10	11.89	11.93	11.81	11.81	37500.00
1998-06-11	11.81	11.83	11.71	11.83	57600.00
1998-06-12	11.81	11.81	11.46	11.62	129600.00
1998-06-15	11.67	11.79	11.62	11.75	275900.00
1998-06-16	11.75	11.81	11.75	11.77	63200.00
1998-06-17	11.81	11.81	11.75	11.77	153600.00
1998-06-18	11.75	11.97	11.75	11.91	315600.00
1998-06-19	11.83	11.97	11.67	11.95	397900.00
1998-06-22	11.91	11.91	11.77	11.89	26000.00
1998-06-23	11.89	11.91	11.81	11.87	227600.00
1998-06-24	11.83	11.91	11.81	11.91	353600.00
1998-06-25	11.91	12.07	11.87	12.07	315800.00
1998-06-26	12.02	12.16	12.02	12.14	94200.00
1998-06-29	12.12	12.29	12.02	12.29	173600.00
1998-06-30	12.24	12.62	12.16	12.62	262100.00
1998-07-01	12.58	12.58	12.31	12.35	118600.00
1998-07-02	12.29	12.49	12.29	12.49	329300.00
1998-07-06	12.58	12.68	12.53	12.64	80300.00
1998-07-07	12.66	12.76	12.64	12.68	298100.00
1998-07-08	12.68	12.68	12.62	12.66	35000.00
1998-07-09	12.66	12.66	11.95	12.37	206300.00
1998-07-10	12.29	12.33	12.24	12.29	199200.00
1998-07-13	12.29	12.33	12.12	12.12	141800.00
1998-07-14	12.12	12.18	12.12	12.14	95200.00
1998-07-15	12.16	12.16	12.10	12.14	121700.00
1998-07-16	12.12	12.20	12.08	12.16	72500.00
1998-07-17	12.16	12.20	12.16	12.16	163600.00
1998-07-20	12.14	12.20	12.10	12.16	87500.00
1998-07-21	12.12	12.18	12.12	12.14	18700.00
1998-07-22	12.16	12.16	12.08	12.12	273300.00
1998-07-23	12.14	12.16	12.08	12.16	256600.00
1998-07-24	12.14	12.14	12.04	12.12	96600.00
1998-07-27	12.08	12.10	11.95	12.02	51400.00
1998-07-28	12.08	12.14	12.04	12.06	248000.00
1998-07-29	12.06	12.08	11.95	11.95	124300.00
1998-07-30	11.95	11.95	11.87	11.95	62500.00
1998-07-31	11.93	11.93	11.81	11.91	143000.00
1998-08-03	11.87	11.89	11.70	11.70	67300.00
1998-08-04	11.70	11.75	11.14	11.14	57000.00
1998-08-05	11.10	11.12	10.73	11.04	260800.00
1998-08-06	11.08	11.08	10.94	10.94	166300.00
1998-08-07	10.96	11.19	10.96	11.19	101400.00
1998-08-10	11.14	11.23	11.12	11.23	86100.00
1998-08-11	11.12	11.16	11.04	11.12	97300.00
1998-08-12	11.10	11.33	11.10	11.33	120000.00
1998-08-13	11.31	11.54	11.31	11.33	45300.00
1998-08-14	11.39	11.46	11.39	11.41	69400.00
1998-08-17	11.50	11.54	11.41	11.46	68200.00
1998-08-18	11.46	11.52	11.46	11.50	40800.00
1998-08-19	11.48	11.58	11.43	11.43	26300.00
1998-08-20	11.41	11.52	11.39	11.52	171000.00
1998-08-21	11.52	11.54	11.41	11.50	107100.00
1998-08-24	11.50	11.52	11.37	11.46	98500.00
1998-08-25	11.37	11.37	11.25	11.27	117200.00
1998-08-26	11.25	11.25	11.14	11.19	83700.00
1998-08-27	11.16	11.25	11.12	11.23	84800.00
1998-08-28	11.21	11.21	11.14	11.21	35300.00
1998-08-31	11.16	11.21	10.79	10.87	62800.00
1998-09-01	10.96	10.96	10.69	10.85	61800.00
1998-09-02	10.83	10.85	10.79	10.83	83300.00
1998-09-03	10.83	10.83	10.77	10.81	43600.00
1998-09-04	10.81	10.81	10.63	10.69	51400.00
1998-09-08	10.73	10.75	10.63	10.69	41700.00
1998-09-09	10.73	10.75	10.63	10.63	53300.00
1998-09-10	10.58	10.58	10.33	10.42	19900.00
1998-09-11	10.33	10.44	10.25	10.36	37200.00
1998-09-14	10.29	10.40	10.13	10.25	80900.00
1998-09-15	10.29	10.48	10.29	10.40	146000.00
1998-09-16	10.48	10.54	10.38	10.45	101600.00
1998-09-17	10.50	10.56	10.44	10.50	35300.00
1998-09-18	10.58	10.85	10.54	10.85	69500.00
1998-09-21	10.81	11.12	10.79	11.10	61100.00
1998-09-22	11.35	11.85	11.35	11.79	170000.00
1998-09-23	11.79	11.79	11.56	11.56	135400.00
1998-09-24	11.58	11.60	11.54	11.54	93200.00
1998-09-25	11.50	11.52	11.25	11.37	69700.00
1998-09-28	11.44	11.63	11.42	11.63	34800.00
1998-09-29	11.54	11.59	11.42	11.50	89100.00
1998-09-30	11.42	11.57	11.29	11.57	118800.00
1998-10-01	11.54	11.57	11.33	11.35	70300.00
1998-10-02	11.29	11.35	11.17	11.31	28000.00
1998-10-05	11.40	11.46	11.04	11.06	70700.00
1998-10-06	11.06	11.23	11.06	11.12	50900.00
1998-10-07	11.14	11.19	10.85	10.87	38500.00
1998-10-08	10.79	10.79	10.49	10.64	73000.00
1998-10-09	10.64	10.74	10.60	10.72	140800.00
1998-10-12	10.76	11.10	10.76	11.06	143700.00
1998-10-13	11.10	11.12	11.06	11.08	27700.00
1998-10-14	11.10	11.10	10.83	10.95	117100.00
1998-10-15	10.87	11.17	10.87	11.17	299700.00
1998-10-16	11.21	11.25	11.04	11.17	87500.00
1998-10-19	11.14	11.21	11.12	11.17	125300.00
1998-10-20	11.17	11.31	11.17	11.23	115000.00
1998-10-21	11.27	11.27	11.04	11.23	65000.00
1998-10-22	11.31	11.31	11.04	11.04	55000.00
1998-10-23	11.02	11.23	10.98	10.98	85600.00
1998-10-26	10.98	11.12	10.79	10.79	60600.00
1998-10-27	10.83	10.93	10.58	10.62	100400.00
1998-10-28	10.64	10.81	10.64	10.76	95500.00
1998-10-29	10.72	10.83	10.64	10.70	144900.00
1998-10-30	10.70	10.87	10.70	10.83	264100.00
1998-11-02	10.85	11.04	10.85	11.04	75700.00
1998-11-03	11.02	11.38	10.89	11.17	136100.00
1998-11-04	11.19	11.33	11.08	11.17	113200.00
1998-11-05	11.21	11.27	11.19	11.21	65900.00
1998-11-06	11.21	11.21	11.06	11.08	17600.00
1998-11-09	11.21	11.21	11.12	11.12	20700.00
1998-11-10	11.17	11.19	11.12	11.12	66000.00
1998-11-11	11.12	11.21	11.00	11.00	204600.00
1998-11-12	11.00	11.08	11.00	11.08	165200.00
1998-11-13	11.02	11.02	10.95	11.00	37400.00
1998-11-16	10.98	11.04	10.95	11.04	54600.00
1998-11-17	11.00	11.17	10.98	11.12	71700.00
1998-11-18	11.10	11.27	11.10	11.21	652900.00
1998-11-19	11.17	11.23	11.10	11.19	102200.00
1998-11-20	11.14	11.23	11.12	11.12	46700.00
1998-11-23	11.10	11.29	11.06	11.25	139200.00
1998-11-24	11.21	11.48	11.21	11.42	157500.00
1998-11-25	11.46	11.52	11.42	11.46	189600.00
1998-11-27	11.42	11.46	11.40	11.42	22000.00
1998-11-30	11.46	11.46	11.38	11.46	79700.00
1998-12-01	11.38	11.38	11.21	11.25	203800.00
1998-12-02	11.21	11.52	11.19	11.50	70000.00
1998-12-03	11.46	11.48	11.35	11.44	151100.00
1998-12-04	11.46	11.46	11.40	11.42	82400.00
1998-12-07	11.44	11.46	11.38	11.46	56700.00
1998-12-08	11.42	11.42	11.29	11.40	250600.00
1998-12-09	11.35	11.42	11.27	11.42	35900.00
1998-12-10	11.46	11.46	11.27	11.27	42700.00
1998-12-11	11.23	11.38	11.23	11.33	126600.00
1998-12-14	11.33	11.46	11.27	11.44	115700.00
1998-12-15	11.40	11.50	11.27	11.38	108900.00
1998-12-16	11.33	11.46	11.21	11.42	97100.00
1998-12-17	11.38	11.46	11.29	11.38	109500.00
1998-12-18	11.42	11.42	11.29	11.38	64100.00
1998-12-21	11.46	11.46	11.31	11.38	74700.00
1998-12-22	11.33	11.38	11.29	11.29	115300.00
1998-12-23	11.29	11.33	11.29	11.29	56000.00
1998-12-24	11.29	11.35	11.29	11.31	33600.00
1998-12-28	11.29	11.33	11.27	11.29	35700.00
1998-12-29	11.25	11.42	11.21	11.36	69300.00
1998-12-30	11.36	11.51	11.36	11.47	66900.00
1998-12-31	11.40	11.72	11.30	11.72	89700.00
1999-01-04	11.68	11.68	11.53	11.62	166000.00
1999-01-05	11.62	11.64	11.55	11.64	149000.00
1999-01-06	11.64	11.68	11.59	11.64	160800.00
1999-01-07	11.59	11.64	11.55	11.62	660400.00
1999-01-08	11.57	11.62	11.57	11.57	62900.00
1999-01-11	11.57	11.64	11.57	11.62	63500.00
1999-01-12	11.64	11.64	11.57	11.57	56200.00
1999-01-13	11.47	11.51	11.42	11.49	37300.00
1999-01-14	11.51	11.57	11.47	11.49	77600.00
1999-01-15	11.53	11.55	11.51	11.51	92100.00
1999-01-19	11.59	11.64	11.51	11.53	164900.00
1999-01-20	11.72	11.74	11.57	11.64	242300.00
1999-01-21	11.64	11.68	11.57	11.64	101100.00
1999-01-22	11.64	11.64	11.55	11.55	149800.00
1999-01-25	11.55	11.55	11.44	11.44	201500.00
1999-01-26	11.44	11.49	11.30	11.30	77800.00
1999-01-27	11.30	11.42	11.23	11.30	214600.00
1999-01-28	11.30	11.30	11.17	11.21	29900.00
1999-01-29	11.21	11.23	10.61	10.97	2695800.00
1999-02-01	11.06	11.23	11.06	11.15	113700.00
1999-02-02	11.17	11.34	11.17	11.30	166900.00
1999-02-03	11.27	11.27	11.15	11.21	72600.00
1999-02-04	11.21	11.25	11.10	11.19	38000.00
1999-02-05	11.17	11.17	11.04	11.15	760900.00
1999-02-08	11.15	11.17	11.04	11.08	52400.00
1999-02-09	11.06	11.12	11.06	11.12	138100.00
1999-02-10	11.08	11.10	11.00	11.04	88700.00
1999-02-11	11.04	11.10	10.95	10.97	27400.00
1999-02-12	10.97	11.08	10.93	10.97	160200.00
1999-02-16	10.97	11.04	10.95	11.04	61000.00
1999-02-17	11.04	11.04	10.91	10.95	185600.00
1999-02-18	10.95	11.02	10.72	10.82	264600.00
1999-02-19	10.87	10.91	10.76	10.78	135700.00
1999-02-22	10.87	10.89	10.74	10.82	71100.00
1999-02-23	10.80	10.95	10.80	10.87	80400.00
1999-02-24	10.95	10.95	10.89	10.89	50200.00
1999-02-25	10.87	10.93	10.78	10.78	48600.00
1999-02-26	10.78	10.82	10.67	10.80	401800.00
1999-03-01	10.85	10.85	10.70	10.76	401100.00
1999-03-02	10.74	10.93	10.74	10.78	184900.00
1999-03-03	10.87	10.91	10.78	10.82	63700.00
1999-03-04	10.80	10.82	10.76	10.76	61300.00
1999-03-05	10.80	11.00	10.78	10.95	52700.00
1999-03-08	11.04	11.04	10.87	10.91	94300.00
1999-03-09	10.91	10.95	10.80	10.89	57700.00
1999-03-10	10.87	10.91	10.78	10.82	71300.00
1999-03-11	10.82	10.87	10.80	10.85	43600.00
1999-03-12	10.91	10.93	10.78	10.87	71700.00
1999-03-15	10.91	10.91	10.78	10.87	72400.00
1999-03-16	10.87	10.93	10.87	10.89	40400.00
1999-03-17	10.85	10.93	10.85	10.93	36300.00
1999-03-18	10.91	10.95	10.87	10.95	38200.00
1999-03-19	11.00	11.00	10.80	10.82	54000.00
1999-03-22	10.82	10.85	10.65	10.65	70700.00
1999-03-23	10.70	10.78	10.61	10.65	40400.00
1999-03-24	10.65	10.76	10.65	10.74	47900.00
1999-03-25	10.72	10.95	10.72	10.80	76200.00
1999-03-26	10.76	10.76	10.59	10.65	80100.00
1999-03-29	10.74	10.87	10.72	10.82	122900.00
1999-03-30	10.78	11.05	10.74	11.02	195900.00
1999-03-31	11.02	11.09	10.72	11.09	130900.00
1999-04-01	11.00	11.00	10.87	10.96	5034900.00
1999-04-05	11.00	11.00	10.85	11.00	79400.00
1999-04-06	10.91	10.94	10.78	10.81	72000.00
1999-04-07	10.78	10.96	10.78	10.87	60800.00
1999-04-08	10.85	10.91	10.78	10.89	40500.00
1999-04-09	10.85	10.96	10.85	10.96	31600.00
1999-04-12	10.87	11.09	10.87	10.98	65600.00
1999-04-13	10.94	11.09	10.94	11.05	100200.00
1999-04-14	11.05	11.09	10.98	11.07	152700.00
1999-04-15	11.05	11.26	11.05	11.20	337500.00
1999-04-16	11.33	11.74	11.33	11.74	316400.00
1999-04-19	11.78	12.26	11.78	11.96	141900.00
1999-04-20	11.92	12.05	11.83	11.92	46700.00
1999-04-21	11.87	12.22	11.87	12.22	146300.00
1999-04-22	12.13	12.31	12.09	12.31	96500.00
1999-04-23	12.26	12.39	12.20	12.35	65200.00
1999-04-26	12.26	12.33	12.26	12.31	69100.00
1999-04-27	12.26	12.28	12.05	12.05	243200.00
1999-04-28	12.07	12.18	12.02	12.18	56400.00
1999-04-29	12.18	12.22	12.09	12.11	205200.00
1999-04-30	12.18	12.18	12.09	12.18	254300.00
1999-05-03	12.20	12.28	12.18	12.20	80200.00
1999-05-04	12.18	12.22	12.07	12.09	114000.00
1999-05-05	12.05	12.05	11.87	11.98	235800.00
1999-05-06	11.98	12.09	11.94	12.02	478500.00
1999-05-07	12.09	12.26	12.09	12.26	226000.00
1999-05-10	12.26	12.61	12.24	12.55	174000.00
1999-05-11	12.52	12.61	12.50	12.55	183300.00
1999-05-12	12.59	12.59	12.44	12.52	73600.00
1999-05-13	12.57	12.65	12.52	12.59	210600.00
1999-05-14	12.59	12.59	12.44	12.44	62100.00
1999-05-17	12.44	12.52	12.22	12.39	108500.00
1999-05-18	12.39	12.39	12.31	12.37	72400.00
1999-05-19	12.37	12.44	12.13	12.35	102600.00
1999-05-20	12.35	12.44	12.35	12.42	207800.00
1999-05-21	12.44	12.48	12.39	12.44	85400.00
1999-05-24	12.39	12.52	12.39	12.50	133100.00
1999-05-25	12.50	12.57	12.37	12.52	57500.00
1999-05-26	12.44	12.52	12.39	12.48	45600.00
1999-05-27	12.44	12.44	12.31	12.39	28500.00
1999-05-28	12.35	12.35	12.26	12.31	51600.00
1999-06-01	12.26	12.28	12.09	12.13	56000.00
1999-06-02	12.13	12.15	12.05	12.07	113100.00
1999-06-03	12.07	12.15	12.07	12.15	70200.00
1999-06-04	12.09	12.24	12.09	12.24	67900.00
1999-06-07	12.24	12.26	12.18	12.24	122500.00
1999-06-08	12.26	12.26	12.18	12.18	48000.00
1999-06-09	12.22	12.24	12.11	12.15	42100.00
1999-06-10	12.13	12.18	12.09	12.11	143900.00
1999-06-11	12.09	12.26	12.09	12.22	78400.00
1999-06-14	12.18	12.22	12.18	12.18	47800.00
1999-06-15	12.18	12.26	12.13	12.18	171100.00
1999-06-16	12.18	12.44	12.18	12.42	119100.00
1999-06-17	12.33	12.52	12.33	12.52	118700.00
1999-06-18	12.48	12.61	12.42	12.42	69200.00
1999-06-21	12.33	12.52	12.33	12.44	86800.00
1999-06-22	12.46	12.46	12.31	12.35	54900.00
1999-06-23	12.35	12.37	12.15	12.18	73500.00
1999-06-24	12.22	12.22	12.05	12.05	102500.00
1999-06-25	12.09	12.18	12.05	12.11	187600.00
1999-06-28	12.14	12.36	12.11	12.29	81700.00
1999-06-29	12.31	12.36	12.22	12.22	67600.00
1999-06-30	12.25	13.06	12.18	13.06	3770400.00
1999-07-01	12.49	12.51	12.45	12.49	78800.00
1999-07-02	12.45	12.51	12.36	12.47	42700.00
1999-07-06	12.51	12.51	12.31	12.33	37000.00
1999-07-07	12.31	12.36	12.11	12.11	101000.00
1999-07-08	12.16	12.16	11.94	11.98	148500.00
1999-07-09	11.98	12.09	11.98	12.07	139200.00
1999-07-12	12.14	12.14	12.00	12.07	50300.00
1999-07-13	12.03	12.05	11.78	11.98	122600.00
1999-07-14	11.98	11.98	11.83	11.83	58100.00
1999-07-15	11.85	11.85	11.65	11.69	218300.00
1999-07-16	11.74	11.87	11.74	11.76	193300.00
1999-07-19	11.76	11.96	11.76	11.89	49300.00
1999-07-20	11.87	12.07	11.87	12.03	112100.00
1999-07-21	12.09	12.27	12.07	12.22	235500.00
1999-07-22	12.22	12.22	12.14	12.16	124100.00
1999-07-23	12.16	12.20	12.14	12.14	106900.00
1999-07-26	12.18	12.22	11.98	12.03	52100.00
1999-07-27	12.05	12.09	12.03	12.09	39200.00
1999-07-28	12.14	12.14	12.00	12.00	46800.00
1999-07-29	11.92	12.00	11.92	12.00	46900.00
1999-07-30	12.00	12.00	11.94	11.98	273000.00
1999-08-02	12.05	12.09	11.96	11.98	169100.00
1999-08-03	11.98	11.99	11.92	11.98	107100.00
1999-08-04	11.94	11.98	11.92	11.98	49800.00
1999-08-05	11.96	11.98	11.92	11.94	31900.00
1999-08-06	11.96	12.00	11.96	11.98	210400.00
1999-08-09	11.98	12.05	11.94	12.00	39500.00
1999-08-10	12.00	12.18	11.98	12.07	60300.00
1999-08-11	12.09	12.11	12.00	12.03	33500.00
1999-08-12	12.00	12.14	11.98	12.14	90000.00
1999-08-13	12.11	12.22	12.09	12.11	27100.00
1999-08-16	12.11	12.20	12.00	12.14	95300.00
1999-08-17	12.18	12.27	12.18	12.27	44500.00
1999-08-18	12.27	12.33	12.09	12.33	92000.00
1999-08-19	12.33	12.33	12.20	12.31	80800.00
1999-08-20	12.31	12.40	12.31	12.36	48900.00
1999-08-23	12.38	12.47	12.36	12.47	31100.00
1999-08-24	12.53	12.53	12.40	12.42	118800.00
1999-08-25	12.40	12.40	12.22	12.22	53000.00
1999-08-26	12.22	12.33	12.22	12.31	24100.00
1999-08-27	12.31	12.40	12.31	12.40	43300.00
1999-08-30	12.40	12.49	12.33	12.33	56800.00
1999-08-31	12.33	12.45	12.18	12.45	125000.00
1999-09-01	12.40	12.45	12.38	12.40	31900.00
1999-09-02	12.36	12.51	12.33	12.51	72000.00
1999-09-03	12.49	12.58	12.49	12.56	72900.00
1999-09-07	12.56	12.67	12.56	12.58	29600.00
1999-09-08	12.60	12.60	12.53	12.53	42100.00
1999-09-09	12.56	12.60	12.51	12.51	38200.00
1999-09-10	12.51	12.53	12.45	12.49	56900.00
1999-09-13	12.49	12.53	12.47	12.53	47700.00
1999-09-14	12.58	12.58	12.49	12.51	83900.00
1999-09-15	12.49	12.51	12.45	12.47	121200.00
1999-09-16	12.47	12.53	12.45	12.47	72200.00
1999-09-17	12.49	12.49	12.40	12.49	125400.00
1999-09-20	12.47	12.47	12.36	12.38	44100.00
1999-09-21	12.40	12.40	12.27	12.29	23900.00
1999-09-22	12.20	12.22	12.03	12.05	158200.00
1999-09-23	12.00	12.05	11.94	11.94	79900.00
1999-09-24	11.96	11.96	11.85	11.87	128000.00
1999-09-27	11.96	11.96	11.76	11.76	307100.00
1999-09-28	11.77	11.88	11.68	11.88	188500.00
1999-09-29	11.93	11.95	11.81	11.86	60000.00
1999-09-30	11.86	12.15	11.84	12.15	3941600.00
1999-10-01	12.19	12.19	11.88	12.17	104800.00
1999-10-04	12.17	12.19	12.10	12.19	52900.00
1999-10-05	12.19	12.33	12.17	12.28	150800.00
1999-10-06	12.24	12.40	12.24	12.37	36400.00
1999-10-07	12.31	12.35	11.93	11.95	117400.00
1999-10-08	11.95	12.06	11.90	12.01	63600.00
1999-10-11	12.01	12.13	11.97	12.13	42400.00
1999-10-12	12.17	12.17	11.99	12.01	42100.00
1999-10-13	11.99	12.06	11.88	11.95	29600.00
1999-10-14	11.99	11.99	11.68	11.72	119400.00
1999-10-15	11.59	11.59	11.14	11.21	705100.00
1999-10-18	11.30	11.41	11.21	11.30	436100.00
1999-10-19	11.32	11.39	11.25	11.30	209200.00
1999-10-20	11.32	11.41	11.30	11.41	232000.00
1999-10-21	11.45	11.45	11.30	11.30	49100.00
1999-10-22	11.30	11.43	11.30	11.36	162800.00
1999-10-25	11.34	11.39	11.30	11.36	117100.00
1999-10-26	11.32	11.39	11.32	11.34	69200.00
1999-10-27	11.39	11.39	11.32	11.39	76700.00
1999-10-28	11.39	11.43	11.34	11.41	126600.00
1999-10-29	11.43	11.68	11.43	11.68	94900.00
1999-11-01	11.57	11.84	11.57	11.84	64900.00
1999-11-02	11.77	11.93	11.77	11.90	112500.00
1999-11-03	11.93	11.93	11.84	11.84	70900.00
1999-11-04	11.84	11.93	11.81	11.81	30100.00
1999-11-05	11.90	11.90	11.75	11.79	67100.00
1999-11-08	11.72	11.79	11.57	11.57	166000.00
1999-11-09	11.61	11.86	11.61	11.84	38400.00
1999-11-10	11.88	11.88	11.77	11.84	28500.00
1999-11-11	11.81	11.81	11.66	11.75	36100.00
1999-11-12	11.81	11.84	11.63	11.63	47900.00
1999-11-15	11.70	11.70	11.30	11.34	128100.00
1999-11-16	11.39	11.41	11.36	11.39	94400.00
1999-11-17	11.39	11.61	11.39	11.54	85600.00
1999-11-18	11.48	11.54	11.41	11.48	43100.00
1999-11-19	11.57	11.63	11.48	11.63	63800.00
1999-11-22	11.63	11.63	11.52	11.57	99300.00
1999-11-23	11.52	11.59	11.43	11.50	138700.00
1999-11-24	11.48	11.50	11.45	11.48	100700.00
1999-11-26	11.43	11.48	11.43	11.48	27100.00
1999-11-29	11.43	11.45	11.41	11.45	66000.00
1999-11-30	11.45	11.61	11.36	11.61	121000.00
1999-12-01	11.57	11.63	11.57	11.63	85700.00
1999-12-02	11.66	11.66	11.48	11.48	81700.00
1999-12-03	11.48	11.59	11.48	11.59	127800.00
1999-12-06	11.57	11.61	11.30	11.43	249700.00
1999-12-07	11.43	11.50	11.39	11.50	100000.00
1999-12-08	11.52	11.52	11.39	11.48	54600.00
1999-12-09	11.48	11.50	11.43	11.48	63000.00
1999-12-10	11.57	11.57	11.48	11.50	55800.00
1999-12-13	11.50	11.52	11.28	11.32	133500.00
1999-12-14	11.41	11.48	11.21	11.21	238000.00
1999-12-15	11.21	11.39	11.19	11.30	118200.00
1999-12-16	11.30	11.30	11.07	11.16	74200.00
1999-12-17	11.16	11.88	11.16	11.84	298500.00
1999-12-20	11.93	12.19	11.90	12.19	191500.00
1999-12-21	12.01	12.08	11.84	12.04	138500.00
1999-12-22	11.99	12.08	11.95	12.04	84000.00
1999-12-23	11.97	12.33	11.90	12.31	131800.00
1999-12-27	12.22	12.24	12.10	12.24	45900.00
1999-12-28	12.22	12.55	12.22	12.55	144700.00
1999-12-29	12.54	12.67	12.42	12.56	64300.00
1999-12-30	12.47	12.56	12.47	12.54	57100.00
1999-12-31	12.49	12.61	12.40	12.61	121200.00
2000-01-03	12.45	12.47	12.31	12.36	61900.00
2000-01-04	12.29	12.31	11.99	12.08	112300.00
2000-01-05	12.04	12.20	11.88	12.20	259300.00
2000-01-06	12.15	12.61	12.13	12.61	126500.00
2000-01-07	12.74	13.11	12.63	12.92	139100.00
2000-01-10	12.92	13.08	12.88	13.08	110500.00
2000-01-11	13.02	13.08	12.81	12.81	76500.00
2000-01-12	12.76	12.88	12.76	12.79	25000.00
2000-01-13	12.79	12.81	12.63	12.74	58100.00
2000-01-14	12.79	12.83	12.72	12.74	252900.00
2000-01-18	12.74	12.90	12.51	12.51	194400.00
2000-01-19	12.61	12.95	12.61	12.95	68200.00
2000-01-20	12.86	12.88	12.76	12.81	49700.00
2000-01-21	12.83	12.92	12.79	12.83	87100.00
2000-01-24	12.76	12.86	12.74	12.83	61400.00
2000-01-25	12.83	12.86	12.79	12.83	161200.00
2000-01-26	12.79	12.83	12.74	12.79	117900.00
2000-01-27	12.79	12.81	12.61	12.81	131200.00
2000-01-28	12.76	12.79	12.61	12.65	107600.00
2000-01-31	12.61	12.65	12.51	12.56	58100.00
2000-02-01	12.56	12.61	12.51	12.56	60300.00
2000-02-02	12.56	12.56	12.51	12.56	95700.00
2000-02-03	12.56	12.61	12.40	12.51	121100.00
2000-02-04	12.49	12.63	12.49	12.58	59300.00
2000-02-07	12.54	12.58	12.47	12.56	48800.00
2000-02-08	12.56	12.58	12.49	12.51	88500.00
2000-02-09	12.51	12.63	12.40	12.49	351000.00
2000-02-10	12.54	12.54	12.42	12.49	192300.00
2000-02-11	12.47	12.56	12.36	12.47	115600.00
2000-02-14	12.42	12.51	12.36	12.51	73000.00
2000-02-15	12.42	12.47	12.36	12.47	99800.00
2000-02-16	12.42	12.45	12.38	12.42	183200.00
2000-02-17	12.38	12.47	12.38	12.47	95400.00
2000-02-18	12.47	12.47	12.38	12.45	66400.00
2000-02-22	12.40	12.45	12.36	12.45	56500.00
2000-02-23	12.40	12.40	12.36	12.38	79700.00
2000-02-24	12.36	12.36	12.31	12.36	44900.00
2000-02-25	12.33	12.38	12.33	12.38	35700.00
2000-02-28	12.38	12.38	12.24	12.29	61300.00
2000-02-29	12.11	12.33	12.11	12.29	289100.00
2000-03-01	12.17	12.47	12.17	12.47	280300.00
2000-03-02	12.42	12.51	12.36	12.36	84200.00
2000-03-03	12.40	12.47	12.40	12.47	104800.00
2000-03-06	12.47	12.47	12.38	12.42	118700.00
2000-03-07	12.42	12.56	12.38	12.56	74300.00
2000-03-08	12.56	12.56	12.36	12.42	51300.00
2000-03-09	12.47	12.51	12.36	12.38	70500.00
2000-03-10	12.36	12.54	12.36	12.54	48000.00
2000-03-13	12.54	12.56	12.45	12.47	180600.00
2000-03-14	12.47	12.47	12.38	12.38	88000.00
2000-03-15	12.42	12.49	12.33	12.49	147600.00
2000-03-16	12.51	12.65	12.51	12.63	432600.00
2000-03-17	12.72	12.76	12.56	12.67	279800.00
2000-03-20	12.61	12.86	12.58	12.86	148700.00
2000-03-21	12.81	12.86	12.72	12.81	77800.00
2000-03-22	12.79	12.90	12.74	12.83	240400.00
2000-03-23	12.79	13.11	12.79	13.11	88900.00
2000-03-24	13.06	13.08	12.95	13.02	113200.00
2000-03-27	12.97	13.06	12.95	13.02	126200.00
2000-03-28	13.06	13.13	13.06	13.13	185600.00
2000-03-29	13.11	13.29	13.11	13.29	186500.00
2000-03-30	13.24	13.45	13.24	13.45	219200.00
2000-03-31	13.52	13.56	13.45	13.54	236800.00
2000-04-03	13.52	13.52	13.45	13.45	5891200.00
2000-04-04	13.36	13.52	13.36	13.50	378600.00
2000-04-05	13.50	13.61	13.38	13.61	148800.00
2000-04-06	13.66	13.68	13.61	13.68	191100.00
2000-04-07	13.68	13.87	13.68	13.84	94000.00
2000-04-10	13.84	13.91	13.82	13.87	209700.00
2000-04-11	14.00	14.03	13.77	13.98	273800.00
2000-04-12	13.96	14.03	13.87	13.91	137900.00
2000-04-13	14.00	14.03	13.93	14.00	87800.00
2000-04-14	14.00	14.00	13.96	14.00	281000.00
2000-04-17	13.91	14.03	13.50	13.61	295100.00
2000-04-18	13.80	14.00	13.70	14.00	152600.00
2000-04-19	13.96	14.05	13.91	14.05	106800.00
2000-04-20	14.10	14.10	13.98	13.98	217500.00
2000-04-24	14.00	14.03	13.96	14.03	97600.00
2000-04-25	14.03	14.10	14.00	14.07	171500.00
2000-04-26	14.10	14.14	14.03	14.14	166000.00
2000-04-27	14.19	14.42	14.14	14.35	286600.00
2000-04-28	14.37	14.54	14.30	14.47	147300.00
2000-05-01	14.47	14.58	14.44	14.58	262200.00
2000-05-02	14.67	14.88	14.65	14.72	236400.00
2000-05-03	14.79	14.84	14.72	14.79	246300.00
2000-05-04	14.79	14.84	14.67	14.81	202500.00
2000-05-05	14.90	14.95	14.79	14.84	103600.00
2000-05-08	14.79	14.90	14.79	14.90	55400.00
2000-05-09	14.90	15.02	14.88	15.00	109100.00
2000-05-10	15.04	15.04	14.79	14.88	214300.00
2000-05-11	14.97	14.99	14.84	14.86	84200.00
2000-05-12	14.86	15.04	14.84	15.04	71200.00
2000-05-15	15.00	15.11	14.97	15.11	73900.00
2000-05-16	15.07	15.11	15.04	15.09	269000.00
2000-05-17	15.04	15.11	14.97	14.97	64700.00
2000-05-18	14.97	15.11	14.97	15.00	146900.00
2000-05-19	14.97	14.97	14.88	14.93	174400.00
2000-05-22	14.88	14.93	14.79	14.88	136500.00
2000-05-23	14.90	15.02	14.81	14.86	203300.00
2000-05-24	14.88	14.97	14.79	14.88	325500.00
2000-05-25	14.90	14.90	14.74	14.77	130700.00
2000-05-26	14.74	14.79	14.72	14.77	76900.00
2000-05-30	14.77	14.77	14.60	14.72	146600.00
2000-05-31	14.70	14.77	14.70	14.70	79500.00
2000-06-01	14.74	14.74	14.65	14.67	53900.00
2000-06-02	14.67	14.77	14.65	14.74	130900.00
2000-06-05	14.77	14.77	14.70	14.77	91100.00
2000-06-06	14.74	14.79	14.72	14.79	124500.00
2000-06-07	14.79	14.95	14.77	14.95	143800.00
2000-06-08	14.90	15.14	14.88	15.09	211800.00
2000-06-09	15.07	15.16	15.07	15.14	127900.00
2000-06-12	15.14	15.30	15.14	15.29	99900.00
2000-06-13	15.30	15.34	15.25	15.34	119300.00
2000-06-14	15.39	15.94	15.37	15.67	199500.00
2000-06-15	15.62	15.64	15.48	15.61	206900.00
2000-06-16	15.55	15.55	15.27	15.38	68700.00
2000-06-19	15.48	15.48	15.32	15.42	96000.00
2000-06-20	15.39	15.51	15.39	15.42	184200.00
2000-06-21	15.44	15.53	15.38	15.38	62800.00
2000-06-22	15.39	15.44	15.33	15.33	115000.00
2000-06-23	15.39	15.39	15.30	15.36	82100.00
2000-06-26	15.32	15.58	15.30	15.47	115800.00
2000-06-27	15.44	15.60	15.37	15.54	293600.00
2000-06-28	15.55	15.72	15.55	15.70	139900.00
2000-06-29	15.72	15.86	15.72	15.82	127000.00
2000-06-30	15.90	16.11	15.46	15.63	3582200.00
2000-07-03	15.76	15.76	15.73	15.73	72800.00
2000-07-05	15.81	16.04	15.79	16.03	139400.00
2000-07-06	16.16	16.42	16.09	16.21	330100.00
2000-07-07	16.21	16.21	16.11	16.15	146400.00
2000-07-10	16.16	16.23	16.11	16.23	69000.00
2000-07-11	16.23	16.35	16.21	16.24	206700.00
2000-07-12	16.25	16.28	16.21	16.25	139100.00
2000-07-13	16.32	16.32	16.14	16.16	54100.00
2000-07-14	16.16	16.28	16.14	16.22	157300.00
2000-07-17	16.18	16.25	16.02	16.10	218800.00
2000-07-18	16.14	16.28	16.11	16.28	120800.00
2000-07-19	16.28	16.35	16.25	16.30	266900.00
2000-07-20	16.32	16.86	16.28	16.86	737000.00
2000-07-21	16.82	17.24	16.75	17.07	530200.00
2000-07-24	17.07	17.21	16.98	17.21	195700.00
2000-07-25	17.21	17.24	17.14	17.16	85300.00
2000-07-26	17.10	17.66	17.10	17.64	343900.00
2000-07-27	17.54	17.85	17.45	17.82	336900.00
2000-07-28	17.80	17.80	17.61	17.71	62900.00
2000-07-31	17.71	17.71	17.45	17.66	151500.00
2000-08-01	17.66	17.89	17.59	17.89	275700.00
2000-08-02	17.87	17.99	17.80	17.94	128700.00
2000-08-03	17.94	18.01	17.80	17.80	212700.00
2000-08-04	17.80	17.87	17.57	17.61	214000.00
2000-08-07	17.66	17.71	17.47	17.57	179800.00
2000-08-08	17.50	17.66	17.42	17.47	130800.00
2000-08-09	17.45	17.64	17.42	17.61	167800.00
2000-08-10	17.61	17.66	17.54	17.55	115500.00
2000-08-11	17.52	17.57	17.45	17.52	127000.00
2000-08-14	17.52	17.61	17.47	17.50	73700.00
2000-08-15	17.45	17.50	17.45	17.45	237800.00
2000-08-16	17.45	17.54	17.45	17.51	70100.00
2000-08-17	17.54	17.54	17.47	17.48	69700.00
2000-08-18	17.52	17.54	17.31	17.35	146800.00
2000-08-21	17.42	17.47	17.21	17.26	60000.00
2000-08-22	17.24	17.24	17.17	17.21	76900.00
2000-08-23	17.21	17.21	16.98	16.98	131800.00
2000-08-24	17.00	17.03	16.77	16.79	162500.00
2000-08-25	16.84	16.96	16.72	16.96	162000.00
2000-08-28	16.93	16.96	16.82	16.84	66200.00
2000-08-29	16.77	16.82	16.49	16.49	357600.00
2000-08-30	16.53	17.00	16.51	16.92	146800.00
2000-08-31	16.89	16.89	16.63	16.75	344800.00
2000-09-01	16.75	16.82	16.71	16.71	52800.00
2000-09-05	16.79	16.82	16.70	16.73	100800.00
2000-09-06	16.77	17.03	16.72	17.03	94700.00
2000-09-07	17.05	17.12	16.98	17.10	125400.00
2000-09-08	17.14	17.40	17.14	17.40	153200.00
2000-09-11	17.38	17.54	17.35	17.54	101700.00
2000-09-12	17.47	17.71	17.45	17.71	188100.00
2000-09-13	17.61	17.68	17.59	17.66	77800.00
2000-09-14	17.66	17.66	17.61	17.66	79400.00
2000-09-15	17.61	17.71	17.52	17.68	80000.00
2000-09-18	17.68	18.01	17.60	17.60	187400.00
2000-09-19	17.64	17.80	17.61	17.62	147300.00
2000-09-20	17.71	17.71	17.64	17.68	81500.00
2000-09-21	17.68	17.68	17.62	17.62	110600.00
2000-09-22	17.64	17.73	17.59	17.67	180500.00
2000-09-25	17.66	17.66	17.52	17.54	54900.00
2000-09-26	17.64	17.71	17.61	17.68	159000.00
2000-09-27	17.73	18.20	17.73	18.18	180400.00
2000-09-28	18.13	18.30	18.08	18.17	136300.00
2000-09-29	18.08	18.20	18.04	18.08	1192300.00
2000-10-02	18.13	18.13	17.52	17.66	197000.00
2000-10-03	17.66	17.87	17.66	17.68	174700.00
2000-10-04	17.63	17.71	17.28	17.33	121800.00
2000-10-05	17.30	17.49	17.30	17.42	91400.00
2000-10-06	17.37	17.54	17.37	17.40	117700.00
2000-10-09	17.44	17.54	17.37	17.40	87200.00
2000-10-10	17.42	17.47	17.37	17.42	44500.00
2000-10-11	17.44	17.44	17.35	17.37	79100.00
2000-10-12	17.44	17.44	17.02	17.07	177200.00
2000-10-13	17.07	17.07	16.92	16.97	138400.00
2000-10-16	17.07	17.18	16.69	16.97	484700.00
2000-10-17	17.07	17.14	17.02	17.14	165800.00
2000-10-18	17.16	17.16	17.02	17.11	59200.00
2000-10-19	17.30	17.40	17.23	17.28	118000.00
2000-10-20	17.33	17.40	17.25	17.35	60000.00
2000-10-23	17.35	17.40	17.28	17.30	66000.00
2000-10-24	17.30	17.35	17.02	17.04	197600.00
2000-10-25	17.07	17.09	16.92	16.99	60800.00
2000-10-26	16.99	17.23	16.99	17.21	78000.00
2000-10-27	17.21	17.42	17.14	17.42	93000.00
2000-10-30	17.42	17.44	17.28	17.33	98100.00
2000-10-31	17.35	17.42	17.30	17.42	236200.00
2000-11-01	17.42	17.49	17.30	17.40	139200.00
2000-11-02	17.40	17.42	17.23	17.37	180100.00
2000-11-03	17.40	17.40	17.21	17.33	92100.00
2000-11-06	17.37	17.47	17.33	17.40	27500.00
2000-11-07	17.37	17.42	17.35	17.42	59700.00
2000-11-08	17.42	17.42	17.33	17.33	35900.00
2000-11-09	17.33	17.35	17.23	17.30	103300.00
2000-11-10	17.30	17.30	17.07	17.16	37300.00
2000-11-13	17.11	17.23	17.11	17.21	50100.00
2000-11-14	17.16	17.35	17.11	17.35	292800.00
2000-11-15	17.42	17.44	17.40	17.42	257200.00
2000-11-16	17.44	17.52	17.42	17.52	35100.00
2000-11-17	17.44	17.52	17.44	17.52	18800.00
2000-11-20	17.61	17.61	17.40	17.42	93400.00
2000-11-21	17.44	17.52	17.35	17.44	46000.00
2000-11-22	17.44	17.44	17.25	17.30	64700.00
2000-11-24	17.33	17.33	17.21	17.23	35900.00
2000-11-27	17.25	17.35	17.11	17.21	181500.00
2000-11-28	17.25	17.35	17.23	17.28	129200.00
2000-11-29	17.30	17.35	17.25	17.35	222800.00
2000-11-30	17.33	17.78	17.33	17.75	69500.00
2000-12-01	17.71	17.78	17.66	17.66	64100.00
2000-12-04	17.71	17.80	17.66	17.80	53900.00
2000-12-05	17.80	18.18	17.80	18.18	235100.00
2000-12-06	18.18	18.18	18.11	18.13	225900.00
2000-12-07	18.13	18.35	18.08	18.16	121900.00
2000-12-08	18.25	18.32	18.20	18.30	202900.00
2000-12-11	18.35	18.51	18.30	18.49	121000.00
2000-12-12	18.53	18.58	18.42	18.44	68100.00
2000-12-13	18.39	18.42	18.27	18.37	87800.00
2000-12-14	18.42	18.68	18.42	18.51	129700.00
2000-12-15	18.56	18.75	18.46	18.58	193300.00
2000-12-18	18.68	19.08	18.63	19.03	302100.00
2000-12-19	18.99	19.06	18.94	19.06	169200.00
2000-12-20	18.99	18.99	18.80	18.80	183300.00
2000-12-21	18.80	18.82	18.58	18.61	213800.00
2000-12-22	18.65	18.65	17.97	18.11	168000.00
2000-12-26	18.08	18.30	18.08	18.30	73200.00
2000-12-27	18.30	18.90	18.27	18.90	117300.00
2000-12-28	18.90	19.18	18.80	19.18	87400.00
2000-12-29	19.16	19.42	19.11	19.23	3295600.00
2001-01-02	19.18	19.18	18.97	18.99	87300.00
2001-01-03	19.04	19.16	18.97	18.99	172800.00
2001-01-04	18.99	18.99	18.87	18.90	41800.00
2001-01-05	18.80	18.80	18.22	18.44	146900.00
2001-01-08	18.42	18.70	18.22	18.37	139100.00
2001-01-09	18.42	18.51	18.34	18.46	195500.00
2001-01-10	18.46	18.54	18.27	18.34	201900.00
2001-01-11	18.27	18.37	18.22	18.34	84900.00
2001-01-12	18.37	18.37	18.18	18.22	105300.00
2001-01-16	18.32	18.32	17.87	17.87	331100.00
2001-01-17	18.03	18.18	18.03	18.11	179200.00
2001-01-18	18.08	18.22	18.08	18.22	51000.00
2001-01-19	18.15	18.25	18.15	18.22	59900.00
2001-01-22	18.22	18.22	18.01	18.06	200700.00
2001-01-23	18.03	18.18	17.99	18.13	253400.00
2001-01-24	18.22	18.27	17.60	17.87	812500.00
2001-01-25	17.94	18.22	17.91	18.20	255700.00
2001-01-26	18.06	18.15	17.94	18.03	206200.00
2001-01-29	17.99	18.22	17.85	18.15	186000.00
2001-01-30	18.14	18.52	18.14	18.52	115900.00
2001-01-31	18.49	18.64	18.47	18.64	164500.00
2001-02-01	18.72	18.72	18.42	18.52	99500.00
2001-02-02	18.52	18.52	18.41	18.42	251900.00
2001-02-05	18.47	18.47	18.32	18.32	59900.00
2001-02-06	18.38	18.41	18.03	18.21	324700.00
2001-02-07	18.21	18.30	17.65	17.83	421700.00
2001-02-08	17.83	17.84	17.76	17.80	60500.00
2001-02-09	17.76	17.80	17.64	17.65	64300.00
2001-02-12	17.57	17.65	17.48	17.50	184500.00
2001-02-13	17.50	17.64	17.50	17.63	71900.00
2001-02-14	17.62	17.78	17.62	17.76	48500.00
2001-02-15	17.75	17.84	17.73	17.81	165400.00
2001-02-16	17.80	17.87	17.78	17.80	146000.00
2001-02-20	17.80	17.80	17.75	17.76	90000.00
2001-02-21	17.75	17.75	17.59	17.63	100500.00
2001-02-22	17.61	17.65	17.32	17.47	113800.00
2001-02-23	17.46	17.79	17.46	17.75	257000.00
2001-02-26	17.78	17.84	17.65	17.84	108500.00
2001-02-27	17.90	18.17	17.88	18.06	92500.00
2001-02-28	18.06	18.22	18.03	18.22	85800.00
2001-03-01	18.21	18.47	18.21	18.46	171400.00
2001-03-02	18.45	18.76	18.45	18.76	111400.00
2001-03-05	18.72	18.88	18.64	18.88	120100.00
2001-03-06	18.88	18.88	18.59	18.69	84100.00
2001-03-07	18.67	18.72	18.65	18.72	52500.00
2001-03-08	18.70	18.72	18.59	18.67	41500.00
2001-03-09	18.74	18.74	18.67	18.71	224600.00
2001-03-12	18.69	18.77	18.66	18.72	155400.00
2001-03-13	18.72	18.78	18.67	18.74	149900.00
2001-03-14	18.70	18.78	18.61	18.73	77400.00
2001-03-15	18.71	18.71	18.62	18.62	81800.00
2001-03-16	18.67	18.68	18.62	18.67	193700.00
2001-03-19	18.75	18.75	18.65	18.70	103100.00
2001-03-20	18.72	18.84	18.72	18.83	146300.00
2001-03-21	18.85	18.88	18.38	18.39	162900.00
2001-03-22	18.39	18.39	17.99	18.21	105900.00
2001-03-23	18.29	18.34	18.07	18.17	110600.00
2001-03-26	18.03	18.50	18.03	18.47	172200.00
2001-03-27	18.51	18.51	18.30	18.32	118800.00
2001-03-28	18.39	18.39	17.83	17.94	391100.00
2001-03-29	17.94	17.99	17.87	17.90	138400.00
2001-03-30	17.89	18.03	17.82	17.82	6231700.00
2001-04-02	17.85	17.99	17.69	17.77	241900.00
2001-04-03	17.69	17.73	17.34	17.46	306800.00
2001-04-04	17.38	17.48	17.25	17.27	553500.00
2001-04-05	17.31	17.50	17.31	17.46	397000.00
2001-04-06	17.40	17.41	17.11	17.11	356600.00
2001-04-09	17.19	17.21	17.11	17.21	308300.00
2001-04-10	17.19	17.20	17.07	17.11	196800.00
2001-04-11	17.07	17.11	16.70	16.72	357700.00
2001-04-12	16.72	16.84	16.51	16.72	206400.00
2001-04-16	16.72	16.92	16.53	16.59	434600.00
2001-04-17	16.55	16.78	16.55	16.72	119800.00
2001-04-18	16.72	17.17	16.68	17.16	299100.00
2001-04-19	17.11	17.15	16.92	17.11	426400.00
2001-04-20	17.19	17.20	16.94	16.95	85900.00
2001-04-23	16.99	17.00	16.87	16.90	95700.00
2001-04-24	17.00	17.48	16.94	17.27	415800.00
2001-04-25	17.17	17.34	17.11	17.29	83400.00
2001-04-26	17.23	17.65	17.23	17.56	123900.00
2001-04-27	17.54	17.68	17.50	17.64	95200.00
2001-04-30	17.54	17.75	17.54	17.66	103600.00
2001-05-01	17.75	17.75	17.42	17.70	96600.00
2001-05-02	17.64	17.64	17.38	17.52	214900.00
2001-05-03	17.54	17.59	17.46	17.58	217400.00
2001-05-04	17.56	17.60	17.41	17.57	153300.00
2001-05-07	17.64	17.64	17.42	17.50	89800.00
2001-05-08	17.50	17.53	17.30	17.52	142300.00
2001-05-09	17.50	17.50	17.31	17.39	78300.00
2001-05-10	17.33	17.33	17.22	17.27	138700.00
2001-05-11	17.25	17.26	17.12	17.22	95700.00
2001-05-14	17.22	17.22	17.11	17.17	180400.00
2001-05-15	17.15	17.25	17.08	17.25	127000.00
2001-05-16	17.26	17.27	17.16	17.27	171500.00
2001-05-17	17.37	17.55	17.37	17.55	110100.00
2001-05-18	17.52	17.79	17.50	17.73	130700.00
2001-05-21	17.69	17.73	17.52	17.71	57200.00
2001-05-22	17.69	17.81	17.66	17.76	75200.00
2001-05-23	17.73	18.04	17.71	18.04	154400.00
2001-05-24	18.14	18.14	18.06	18.13	163400.00
2001-05-25	18.12	18.31	17.99	18.20	77100.00
2001-05-29	18.14	18.17	18.02	18.06	108300.00
2001-05-30	18.04	18.15	17.89	17.90	71700.00
2001-05-31	17.92	18.02	17.86	18.02	73100.00
2001-06-01	17.96	17.99	17.83	17.93	103000.00
2001-06-04	17.92	18.08	17.89	18.08	78300.00
2001-06-05	18.09	18.16	18.05	18.12	109900.00
2001-06-06	18.16	18.18	18.11	18.15	96000.00
2001-06-07	18.15	18.18	18.12	18.16	163300.00
2001-06-08	18.16	18.16	18.10	18.10	138900.00
2001-06-11	18.14	18.16	18.04	18.06	462700.00
2001-06-12	18.08	18.10	17.99	18.02	786500.00
2001-06-13	18.10	18.18	18.06	18.09	273300.00
2001-06-14	18.09	18.09	17.99	18.03	110600.00
2001-06-15	18.01	18.04	17.89	17.93	128400.00
2001-06-18	17.93	17.95	17.79	17.83	324900.00
2001-06-19	17.91	17.91	17.85	17.87	165500.00
2001-06-20	17.86	18.10	17.86	18.08	348600.00
2001-06-21	18.14	18.45	18.08	18.39	206700.00
2001-06-22	18.39	18.39	18.26	18.34	109500.00
2001-06-25	18.36	18.38	18.09	18.16	109400.00
2001-06-26	18.12	18.34	18.09	18.30	109400.00
2001-06-27	18.40	18.48	18.25	18.34	171700.00
2001-06-28	18.35	18.64	18.33	18.53	515400.00
2001-06-29	18.52	18.65	18.43	18.43	2964400.00
2001-07-02	18.53	18.74	18.53	18.74	210700.00
2001-07-03	18.57	18.85	18.45	18.75	110900.00
2001-07-05	18.75	18.92	18.71	18.74	89100.00
2001-07-06	18.81	18.87	18.75	18.87	140600.00
2001-07-09	18.88	18.88	18.57	18.79	190100.00
2001-07-10	18.85	18.88	18.69	18.73	200400.00
2001-07-11	18.75	18.77	18.53	18.61	209100.00
2001-07-12	18.61	18.63	18.52	18.57	275600.00
2001-07-13	18.67	18.77	18.65	18.77	126800.00
2001-07-16	18.75	18.81	18.43	18.55	318900.00
2001-07-17	18.59	18.63	18.46	18.53	148300.00
2001-07-18	18.57	18.71	18.55	18.71	51400.00
2001-07-19	18.72	18.74	18.60	18.61	101500.00
2001-07-20	18.61	18.65	18.57	18.61	74500.00
2001-07-23	18.65	18.68	18.47	18.60	80300.00
2001-07-24	18.64	18.77	18.58	18.58	456600.00
2001-07-25	18.57	18.81	18.57	18.78	137300.00
2001-07-26	18.82	18.88	18.77	18.83	100700.00
2001-07-27	18.85	18.88	18.76	18.85	163900.00
2001-07-30	18.83	18.88	18.76	18.85	158000.00
2001-07-31	18.85	18.88	18.81	18.87	93500.00
2001-08-01	18.87	19.14	18.82	19.05	226800.00
2001-08-02	19.10	19.22	18.96	19.22	174700.00
2001-08-03	19.22	19.31	19.12	19.31	230000.00
2001-08-06	19.32	19.44	19.32	19.39	311900.00
2001-08-07	19.39	19.45	19.34	19.45	163900.00
2001-08-08	19.44	19.53	19.44	19.51	247900.00
2001-08-09	19.51	19.51	19.38	19.47	116300.00
2001-08-10	19.47	19.69	19.47	19.67	96400.00
2001-08-13	19.70	19.71	19.50	19.65	101700.00
2001-08-14	19.59	19.71	19.58	19.71	118300.00
2001-08-15	19.71	19.71	19.52	19.71	104800.00
2001-08-16	19.71	19.72	19.65	19.71	417100.00
2001-08-17	19.71	19.71	19.65	19.71	86200.00
2001-08-20	19.67	19.81	19.66	19.81	155600.00
2001-08-21	19.82	20.21	19.81	20.19	258000.00
2001-08-22	20.23	20.26	20.07	20.18	153800.00
2001-08-23	20.15	20.46	20.11	20.46	258700.00
2001-08-24	20.44	20.44	20.09	20.13	197100.00
2001-08-27	20.13	20.21	19.89	19.99	90700.00
2001-08-28	20.07	20.23	20.01	20.12	82600.00
2001-08-29	20.05	20.11	19.85	20.07	162900.00
2001-08-30	20.11	20.30	19.80	19.98	143400.00
2001-08-31	19.99	20.07	19.82	19.91	98800.00
2001-09-04	19.87	19.87	19.59	19.67	121000.00
2001-09-05	19.61	19.73	19.52	19.58	97500.00
2001-09-06	19.54	19.59	19.22	19.27	101100.00
2001-09-07	19.36	19.48	19.29	19.39	342500.00
2001-09-10	19.39	19.39	19.30	19.30	75800.00
2001-09-17	19.22	19.22	18.45	18.67	206300.00
2001-09-18	18.66	19.14	18.63	18.97	238800.00
2001-09-19	19.12	19.18	18.47	18.53	312700.00
2001-09-20	18.29	18.37	17.98	18.00	609300.00
2001-09-21	17.74	17.74	17.39	17.56	525400.00
2001-09-24	17.72	18.03	17.60	17.62	343900.00
2001-09-25	17.54	17.97	17.27	17.90	567600.00
2001-09-26	17.80	18.52	17.76	18.49	570000.00
2001-09-27	18.45	18.73	18.37	18.72	285800.00
2001-09-28	18.69	19.09	18.65	19.09	8169100.00
2001-10-01	19.01	19.17	18.78	19.15	2648000.00
2001-10-02	19.19	19.39	18.95	19.22	393800.00
2001-10-03	19.07	19.07	17.99	18.23	408200.00
2001-10-04	18.23	18.78	18.22	18.59	417300.00
2001-10-05	18.75	18.77	18.41	18.72	197600.00
2001-10-08	18.59	18.65	18.51	18.59	36500.00
2001-10-09	18.59	18.72	18.59	18.59	101600.00
2001-10-10	18.59	18.64	18.51	18.63	143100.00
2001-10-11	18.59	18.99	18.59	18.86	112800.00
2001-10-12	18.80	18.89	18.57	18.81	44700.00
2001-10-15	18.79	19.05	18.79	18.99	169100.00
2001-10-16	18.99	19.08	18.99	18.99	250500.00
2001-10-17	19.03	19.09	18.75	18.89	73800.00
2001-10-18	18.83	18.85	18.53	18.56	65800.00
2001-10-19	18.63	18.63	18.32	18.32	117200.00
2001-10-22	18.03	18.17	17.92	18.03	173400.00
2001-10-23	17.99	18.21	17.94	18.03	150700.00
2001-10-24	17.83	17.83	17.59	17.78	239000.00
2001-10-25	17.75	17.90	17.72	17.89	163800.00
2001-10-26	17.91	18.19	17.88	18.19	257800.00
2001-10-29	18.19	18.27	18.09	18.17	232100.00
2001-10-30	17.99	18.15	17.97	18.05	134400.00
2001-10-31	18.06	18.15	17.99	18.15	114400.00
2001-11-01	18.15	18.61	18.11	18.52	116000.00
2001-11-02	18.59	18.59	18.11	18.14	83000.00
2001-11-05	18.19	18.34	18.19	18.23	84000.00
2001-11-06	18.23	18.69	18.07	18.58	282200.00
2001-11-07	18.58	18.61	18.39	18.43	112100.00
2001-11-08	18.47	18.61	18.47	18.57	90600.00
2001-11-09	18.57	18.79	18.45	18.55	185300.00
2001-11-12	18.55	18.69	18.52	18.67	62200.00
2001-11-13	18.67	19.11	18.64	19.04	84700.00
2001-11-14	18.96	19.09	18.91	18.93	61300.00
2001-11-15	18.99	19.10	18.93	19.10	92100.00
2001-11-16	19.15	19.18	18.95	19.03	102000.00
2001-11-19	19.11	19.27	19.11	19.19	79100.00
2001-11-20	19.19	19.23	19.10	19.21	152400.00
2001-11-21	19.21	19.21	19.18	19.21	35200.00
2001-11-23	19.21	19.25	19.21	19.25	36400.00
2001-11-26	19.25	19.29	19.17	19.17	181700.00
2001-11-27	19.15	19.24	19.13	19.21	176700.00
2001-11-28	19.25	19.33	19.05	19.29	122600.00
2001-11-29	19.26	19.31	19.09	19.23	147500.00
2001-11-30	19.24	19.33	19.19	19.33	189800.00
2001-12-03	19.33	19.40	19.11	19.17	220100.00
2001-12-04	19.21	19.43	19.21	19.38	163500.00
2001-12-05	19.41	19.83	19.41	19.62	360300.00
2001-12-06	19.62	19.76	19.51	19.75	181400.00
2001-12-07	19.75	19.83	19.73	19.79	103200.00
2001-12-10	19.79	19.87	19.69	19.72	142900.00
2001-12-11	19.71	19.72	19.58	19.68	114800.00
2001-12-12	19.69	19.69	19.10	19.37	297200.00
2001-12-13	19.37	19.38	19.17	19.34	80000.00
2001-12-14	19.34	19.39	19.23	19.33	156800.00
2001-12-17	19.32	19.43	19.19	19.26	87700.00
2001-12-18	19.29	19.39	19.25	19.39	237700.00
2001-12-19	19.37	19.42	19.28	19.32	45300.00
2001-12-20	19.30	19.31	18.89	18.97	1022500.00
2001-12-21	18.79	19.00	18.79	18.98	247300.00
2001-12-24	18.93	19.01	18.93	18.93	92000.00
2001-12-26	18.94	19.04	18.93	18.99	184300.00
2001-12-27	19.08	19.21	19.05	19.12	142300.00
2001-12-28	19.16	19.29	18.93	19.18	155900.00
2001-12-31	19.12	19.31	18.96	19.17	88700.00
2002-01-02	19.18	19.21	18.98	19.08	184400.00
2002-01-03	19.10	19.35	19.10	19.28	135700.00
2002-01-04	19.31	19.32	19.13	19.23	136600.00
2002-01-07	19.24	19.31	19.14	19.18	163600.00
2002-01-08	19.19	19.24	19.16	19.16	232100.00
2002-01-09	19.18	19.31	19.12	19.12	361700.00
2002-01-10	19.04	19.10	18.94	18.94	205200.00
2002-01-11	18.94	18.94	18.74	18.78	138100.00
2002-01-14	18.78	18.78	18.64	18.69	386300.00
2002-01-15	18.69	18.70	18.58	18.60	148200.00
2002-01-16	18.60	18.64	18.60	18.60	264800.00
2002-01-17	18.52	18.67	18.51	18.57	386700.00
2002-01-18	18.57	18.66	18.19	18.37	140500.00
2002-01-22	18.42	18.55	18.38	18.38	99000.00
2002-01-23	18.43	18.43	18.29	18.35	95200.00
2002-01-24	18.35	18.37	18.21	18.30	203800.00
2002-01-25	18.31	18.31	18.24	18.24	70800.00
2002-01-28	18.24	18.24	18.00	18.09	645900.00
2002-01-29	18.05	18.11	17.99	18.01	202400.00
2002-01-30	18.01	18.08	17.99	18.07	489500.00
2002-01-31	18.07	18.31	18.03	18.21	366600.00
2002-02-01	18.23	18.46	18.22	18.42	338900.00
2002-02-04	18.42	18.65	18.39	18.60	120800.00
2002-02-05	18.60	18.68	18.60	18.62	104600.00
2002-02-06	18.63	18.73	18.48	18.64	228500.00
2002-02-07	18.68	18.74	18.52	18.52	86700.00
2002-02-08	18.50	18.61	18.32	18.60	145700.00
2002-02-11	18.62	18.78	18.61	18.77	109900.00
2002-02-12	18.78	18.84	18.40	18.41	204900.00
2002-02-13	18.39	18.58	18.39	18.55	83500.00
2002-02-14	18.58	18.80	18.54	18.69	315900.00
2002-02-15	18.69	18.74	18.55	18.63	278800.00
2002-02-19	18.56	18.62	18.48	18.50	194300.00
2002-02-20	18.52	18.63	18.48	18.63	207000.00
2002-02-21	18.63	18.64	18.47	18.50	80300.00
2002-02-22	18.46	18.69	18.44	18.69	220900.00
2002-02-25	18.76	18.86	18.73	18.81	343900.00
2002-02-26	18.84	18.90	18.78	18.88	110600.00
2002-02-27	18.84	18.94	18.78	18.84	86800.00
2002-02-28	18.80	18.84	18.69	18.69	151200.00
2002-03-01	18.72	19.04	18.68	19.02	126500.00
2002-03-04	19.02	19.25	18.84	19.21	116700.00
2002-03-05	19.21	19.85	19.21	19.65	444300.00
2002-03-06	19.69	19.86	19.48	19.86	545000.00
2002-03-07	19.86	19.90	19.78	19.87	65700.00
2002-03-08	19.87	19.91	19.82	19.84	122700.00
2002-03-11	19.85	19.85	19.74	19.79	459400.00
2002-03-12	19.79	19.79	19.72	19.74	115500.00
2002-03-13	19.75	19.91	19.65	19.86	142300.00
2002-03-14	19.82	20.16	19.82	20.13	463800.00
2002-03-15	20.12	20.34	20.02	20.30	933800.00
2002-03-18	20.30	20.34	20.12	20.27	265200.00
2002-03-19	20.27	20.36	20.22	20.30	106500.00
2002-03-20	20.27	20.33	20.22	20.28	443900.00
2002-03-21	20.28	20.53	20.27	20.53	215700.00
2002-03-22	20.50	20.52	20.34	20.38	190700.00
2002-03-25	20.37	20.47	20.29	20.31	279100.00
2002-03-26	20.31	20.42	20.27	20.36	258500.00
2002-03-27	20.42	20.64	20.41	20.59	232500.00
2002-03-28	20.75	20.75	20.46	20.46	189300.00
2002-04-01	20.36	20.53	20.24	20.49	186300.00
2002-04-02	20.49	20.79	20.46	20.71	633700.00
2002-04-03	20.54	20.63	20.47	20.63	264900.00
2002-04-04	20.69	20.71	20.63	20.65	180000.00
2002-04-05	20.65	20.65	20.57	20.63	313800.00
2002-04-08	20.69	20.81	20.65	20.77	168600.00
2002-04-09	20.82	21.06	20.81	21.01	567800.00
2002-04-10	21.01	21.53	20.96	21.37	205100.00
2002-04-11	21.37	21.41	21.18	21.41	135700.00
2002-04-12	21.41	21.63	21.24	21.63	117300.00
2002-04-15	21.49	21.49	21.24	21.31	138500.00
2002-04-16	21.18	21.18	20.90	20.95	333600.00
2002-04-17	20.96	20.96	20.35	20.47	174400.00
2002-04-18	20.34	20.59	20.29	20.40	203700.00
2002-04-19	20.48	20.59	20.31	20.53	177500.00
2002-04-22	20.54	20.54	20.36	20.36	127100.00
2002-04-23	19.87	19.91	19.48	19.48	878300.00
2002-04-24	19.48	19.62	19.48	19.60	247800.00
2002-04-25	19.60	19.74	19.52	19.60	158600.00
2002-04-26	19.60	19.62	19.44	19.48	68000.00
2002-04-29	19.48	19.48	19.35	19.41	128600.00
2002-04-30	19.41	19.71	19.38	19.59	199100.00
2002-05-01	18.90	19.29	18.90	19.29	1170500.00
2002-05-02	19.31	19.44	19.25	19.31	403900.00
2002-05-03	19.31	19.45	19.28	19.35	214100.00
2002-05-06	19.35	19.39	19.31	19.31	120500.00
2002-05-07	19.27	19.27	19.15	19.19	131600.00
2002-05-08	19.21	19.25	19.09	19.11	293600.00
2002-05-09	19.03	19.13	19.03	19.07	131700.00
2002-05-10	19.12	19.12	18.89	18.94	315000.00
2002-05-13	18.98	19.00	18.90	18.94	273400.00
2002-05-14	18.92	19.10	18.84	19.05	151400.00
2002-05-15	19.11	19.24	19.09	19.18	104500.00
2002-05-16	19.20	19.21	18.90	18.94	157200.00
2002-05-17	19.00	19.07	18.90	19.02	435700.00
2002-05-20	19.00	19.02	18.89	18.94	65600.00
2002-05-21	18.94	18.94	18.74	18.78	294800.00
2002-05-22	18.76	18.80	18.68	18.76	87000.00
2002-05-23	18.76	19.31	18.72	19.09	317300.00
2002-05-24	19.03	19.29	18.94	19.11	205400.00
2002-05-28	19.11	19.37	19.11	19.33	182900.00
2002-05-29	19.33	19.72	19.33	19.63	190100.00
2002-05-30	19.59	19.59	19.37	19.58	195400.00
2002-05-31	19.58	19.62	19.44	19.46	236800.00
2002-06-03	19.44	19.64	19.44	19.56	88000.00
2002-06-04	19.46	19.67	19.46	19.64	93000.00
2002-06-05	19.72	19.72	19.50	19.62	118700.00
2002-06-06	19.64	19.72	19.61	19.62	107800.00
2002-06-07	19.62	19.62	19.35	19.44	340700.00
2002-06-10	19.46	19.46	19.32	19.32	65200.00
2002-06-11	19.33	19.39	19.09	19.15	220400.00
2002-06-12	19.29	19.31	19.16	19.23	152500.00
2002-06-13	19.23	19.29	19.00	19.15	100300.00
2002-06-14	19.14	19.14	18.94	18.94	68000.00
2002-06-17	18.98	19.04	18.83	18.95	184800.00
2002-06-18	18.98	19.02	18.74	18.82	87700.00
2002-06-19	18.86	19.00	18.80	18.91	248200.00
2002-06-20	18.96	19.11	18.89	19.11	286600.00
2002-06-21	19.17	19.35	19.14	19.28	176600.00
2002-06-24	19.23	19.37	19.05	19.18	208100.00
2002-06-25	19.17	19.46	19.13	19.46	267400.00
2002-06-26	19.41	19.50	19.31	19.44	155700.00
2002-06-27	19.44	19.54	19.25	19.48	145300.00
2002-06-28	19.49	19.49	19.28	19.48	238400.00
2002-07-01	19.39	19.39	19.20	19.25	155000.00
2002-07-02	19.46	19.46	18.96	19.12	133200.00
2002-07-03	19.03	19.08	18.83	19.04	155000.00
2002-07-05	19.00	19.12	18.86	19.06	97200.00
2002-07-08	19.00	19.13	18.86	18.87	82700.00
2002-07-09	18.93	19.03	18.61	18.77	259600.00
2002-07-10	18.79	18.81	18.51	18.52	185700.00
2002-07-11	18.48	18.62	17.93	18.31	204500.00
2002-07-12	18.41	18.76	18.31	18.35	262800.00
2002-07-15	18.37	18.38	18.18	18.22	259200.00
2002-07-16	18.27	18.96	18.27	18.56	254000.00
2002-07-17	18.66	18.79	18.29	18.31	182100.00
2002-07-18	18.25	18.32	17.95	18.05	241000.00
2002-07-19	18.04	18.04	17.35	17.60	348700.00
2002-07-22	17.66	17.66	16.54	17.31	335500.00
2002-07-23	17.22	17.47	16.89	16.97	175000.00
2002-07-24	16.81	17.10	16.47	16.88	507900.00
2002-07-25	16.85	17.52	16.60	17.19	360100.00
2002-07-26	17.52	17.83	17.27	17.66	291500.00
2002-07-29	18.14	18.31	18.10	18.10	387000.00
2002-07-30	18.14	18.66	18.01	18.54	345800.00
2002-07-31	18.54	18.75	18.29	18.75	307900.00
2002-08-01	18.75	18.75	18.46	18.55	191800.00
2002-08-02	18.63	18.64	18.24	18.46	171800.00
2002-08-05	18.46	18.46	18.02	18.19	192800.00
2002-08-06	18.29	18.29	18.06	18.25	127400.00
2002-08-07	18.35	18.64	18.29	18.64	131200.00
2002-08-08	18.68	18.83	18.58	18.66	110600.00
2002-08-09	18.60	18.60	18.29	18.50	75200.00
2002-08-12	18.50	18.96	18.47	18.96	164100.00
2002-08-13	18.96	19.12	18.75	18.81	144300.00
2002-08-14	18.75	18.75	18.43	18.74	90700.00
2002-08-15	18.77	18.77	18.61	18.70	86900.00
2002-08-16	18.61	18.77	18.60	18.77	140900.00
2002-08-19	18.77	18.77	18.48	18.56	198000.00
2002-08-20	18.56	18.66	18.33	18.35	125000.00
2002-08-21	18.35	18.57	18.27	18.57	150700.00
2002-08-22	18.62	18.64	18.32	18.35	187300.00
2002-08-23	18.34	18.52	18.27	18.48	100500.00
2002-08-26	18.50	18.75	18.50	18.70	91300.00
2002-08-27	18.70	18.81	18.49	18.67	330500.00
2002-08-28	18.67	18.73	18.64	18.72	253000.00
2002-08-29	18.62	18.83	18.61	18.73	242600.00
2002-08-30	18.68	18.99	18.68	18.87	149600.00
2002-09-03	18.96	18.96	18.66	18.73	207700.00
2002-09-04	18.77	18.85	18.66	18.71	246000.00
2002-09-05	18.68	18.73	18.66	18.71	152800.00
2002-09-06	18.73	18.76	18.71	18.75	267700.00
2002-09-09	18.75	18.77	18.64	18.71	199200.00
2002-09-10	18.71	18.81	18.71	18.76	207800.00
2002-09-11	18.77	18.81	18.70	18.72	93500.00
2002-09-12	18.77	18.81	18.60	18.66	158600.00
2002-09-13	18.71	18.71	18.56	18.58	316900.00
2002-09-16	18.62	18.74	18.56	18.58	185200.00
2002-09-17	18.66	18.66	18.30	18.35	223400.00
2002-09-18	18.43	18.43	18.23	18.28	82500.00
2002-09-19	18.33	18.33	18.14	18.14	262400.00
2002-09-20	18.24	18.29	18.10	18.14	149800.00
2002-09-23	18.15	18.24	18.04	18.19	165300.00
2002-09-24	18.16	18.17	18.00	18.00	122800.00
2002-09-25	17.93	18.02	17.54	17.65	210200.00
2002-09-26	17.75	17.85	17.68	17.85	289800.00
2002-09-27	17.91	17.96	17.68	17.72	200300.00
2002-09-30	17.77	17.77	17.49	17.72	226900.00
2002-10-01	17.74	17.76	17.45	17.74	238100.00
2002-10-02	17.71	17.71	17.40	17.45	312900.00
2002-10-03	17.44	17.44	17.30	17.38	342000.00
2002-10-04	17.36	17.36	17.15	17.23	195700.00
2002-10-07	17.24	17.24	17.01	17.03	222400.00
2002-10-08	17.04	17.04	15.93	16.41	542200.00
2002-10-09	16.20	16.20	15.52	15.57	827900.00
2002-10-10	15.57	16.07	15.54	15.96	425600.00
2002-10-11	16.05	16.60	16.05	16.42	558100.00
2002-10-14	16.41	16.48	16.19	16.25	381700.00
2002-10-15	16.49	16.62	16.10	16.18	306200.00
2002-10-16	16.18	16.21	15.96	16.07	164600.00
2002-10-17	16.23	16.32	16.15	16.22	124400.00
2002-10-18	16.28	16.28	16.01	16.18	121800.00
2002-10-21	16.21	16.21	15.99	16.09	87400.00
2002-10-22	15.79	15.88	15.76	15.79	224000.00
2002-10-23	15.79	15.86	15.54	15.66	495800.00
2002-10-24	15.56	15.98	15.43	15.88	365200.00
2002-10-25	15.82	16.16	15.82	16.08	169200.00
2002-10-28	16.11	16.13	16.01	16.03	207900.00
2002-10-29	15.94	15.95	15.64	15.90	165900.00
2002-10-30	15.94	16.11	15.82	16.03	305300.00
2002-10-31	16.09	16.15	15.96	15.98	265700.00
2002-11-01	15.96	16.26	15.96	16.13	232400.00
2002-11-04	16.20	16.44	16.20	16.39	245400.00
2002-11-05	16.43	16.43	16.28	16.29	337400.00
2002-11-06	16.51	16.56	16.34	16.55	200400.00
2002-11-07	16.54	16.54	16.41	16.45	176100.00
2002-11-08	16.41	16.50	16.32	16.45	117300.00
2002-11-11	16.41	16.46	16.28	16.35	124000.00
2002-11-12	16.35	16.60	16.31	16.53	313100.00
2002-11-13	16.41	16.46	16.23	16.29	220600.00
2002-11-14	16.28	16.45	16.28	16.44	248500.00
2002-11-15	16.45	16.54	16.32	16.35	270200.00
2002-11-18	16.43	16.43	16.30	16.37	153000.00
2002-11-19	16.41	16.45	16.33	16.39	167100.00
2002-11-20	16.42	16.47	16.23	16.41	223600.00
2002-11-21	16.37	16.53	16.37	16.47	176900.00
2002-11-22	16.49	16.88	16.41	16.88	416000.00
2002-11-25	16.85	16.88	16.65	16.75	240100.00
2002-11-26	16.71	16.79	16.71	16.71	260200.00
2002-11-27	16.81	16.85	16.79	16.82	243200.00
2002-11-29	16.82	16.88	16.79	16.79	81800.00
2002-12-02	16.85	16.96	16.77	16.85	272200.00
2002-12-03	16.90	16.96	16.84	16.84	280800.00
2002-12-04	16.83	16.90	16.82	16.88	138000.00
2002-12-05	16.90	16.95	16.78	16.85	104500.00
2002-12-06	16.85	16.92	16.75	16.81	184500.00
2002-12-09	16.81	16.82	16.62	16.64	434400.00
2002-12-10	16.66	16.68	16.49	16.49	373900.00
2002-12-11	16.49	16.49	16.36	16.41	253700.00
2002-12-12	16.37	16.52	16.37	16.50	401900.00
2002-12-13	16.50	16.55	16.43	16.46	295500.00
2002-12-16	16.43	16.61	16.43	16.60	664000.00
2002-12-17	16.58	16.63	16.48	16.60	180900.00
2002-12-18	16.62	16.62	16.43	16.55	279200.00
2002-12-19	16.54	16.62	16.47	16.55	401600.00
2002-12-20	16.32	16.32	16.01	16.20	1501200.00
2002-12-23	16.13	16.32	16.11	16.32	266400.00
2002-12-24	16.49	16.54	16.41	16.49	130200.00
2002-12-26	16.51	16.62	16.47	16.54	325400.00
2002-12-27	16.51	16.68	16.49	16.67	223800.00
2002-12-30	16.67	16.84	16.54	16.83	365500.00
2002-12-31	16.85	17.01	16.79	16.90	349100.00
2003-01-02	16.90	17.03	16.80	17.03	273800.00
2003-01-03	17.08	17.36	17.08	17.25	347500.00
2003-01-06	17.31	17.40	17.24	17.37	442100.00
2003-01-07	17.26	17.26	16.99	16.99	457900.00
2003-01-08	17.05	17.09	16.86	16.98	249600.00
2003-01-09	17.09	17.09	16.83	17.00	198700.00
2003-01-10	17.05	17.06	16.90	16.92	192800.00
2003-01-13	16.96	16.99	16.83	16.84	169200.00
2003-01-14	16.90	16.91	16.77	16.77	223500.00
2003-01-15	16.67	16.79	16.62	16.68	112800.00
2003-01-16	16.75	16.75	16.43	16.45	196200.00
2003-01-17	16.41	16.41	16.12	16.12	174600.00
2003-01-21	16.21	16.21	15.78	15.82	573300.00
2003-01-22	15.82	15.91	15.50	15.70	569700.00
2003-01-23	15.95	15.97	15.78	15.91	382800.00
2003-01-24	15.80	15.85	15.69	15.76	129500.00
2003-01-27	15.74	15.74	15.43	15.51	310000.00
2003-01-28	15.51	15.76	15.51	15.72	278400.00
2003-01-29	15.69	15.91	15.67	15.88	115400.00
2003-01-30	15.89	15.91	15.84	15.85	164000.00
2003-01-31	15.85	15.94	15.76	15.89	366300.00
2003-02-03	15.90	15.90	15.65	15.69	180200.00
2003-02-04	15.69	15.76	15.62	15.76	160600.00
2003-02-05	15.72	15.81	15.70	15.72	220500.00
2003-02-06	15.78	15.78	15.66	15.66	160400.00
2003-02-07	15.63	15.75	15.59	15.61	152600.00
2003-02-10	15.61	15.81	15.61	15.81	105200.00
2003-02-11	15.81	15.82	15.58	15.58	198600.00
2003-02-12	15.59	15.62	15.55	15.55	226700.00
2003-02-13	15.55	15.59	15.48	15.58	144400.00
2003-02-14	15.56	15.56	15.37	15.46	146700.00
2003-02-18	15.50	15.76	15.50	15.74	191100.00
2003-02-19	15.63	15.80	15.61	15.80	128000.00
2003-02-20	15.84	15.84	15.75	15.83	139300.00
2003-02-21	15.82	16.04	15.78	15.89	158900.00
2003-02-24	15.90	15.90	15.61	15.74	187000.00
2003-02-25	15.74	15.81	15.71	15.81	202600.00
2003-02-26	15.81	15.81	15.65	15.78	318600.00
2003-02-27	15.82	15.86	15.76	15.82	281300.00
2003-02-28	15.83	15.95	15.79	15.85	415700.00
2003-03-03	15.87	15.87	15.80	15.83	268700.00
2003-03-04	15.87	15.87	15.59	15.62	697600.00
2003-03-05	15.55	15.61	15.51	15.59	310000.00
2003-03-06	15.65	15.65	15.46	15.53	346600.00
2003-03-07	15.48	15.53	15.44	15.49	212000.00
2003-03-10	15.50	15.50	15.25	15.28	132500.00
2003-03-11	15.31	15.37	15.27	15.33	93700.00
2003-03-12	15.41	15.46	15.21	15.32	182300.00
2003-03-13	15.46	15.50	15.37	15.46	240800.00
2003-03-14	15.54	15.54	15.37	15.43	316600.00
2003-03-17	15.43	15.74	15.37	15.74	546400.00
2003-03-18	15.80	15.80	15.55	15.65	351500.00
2003-03-19	15.65	15.84	15.47	15.84	378700.00
2003-03-20	15.84	16.15	15.53	16.15	353600.00
2003-03-21	16.17	16.47	16.13	16.36	331300.00
2003-03-24	16.29	16.29	15.91	16.06	251100.00
2003-03-25	16.02	16.21	16.02	16.20	337700.00
2003-03-26	16.23	16.40	16.21	16.32	202700.00
2003-03-27	16.32	16.42	16.21	16.28	357300.00
2003-03-28	16.59	16.59	16.21	16.22	543700.00
2003-03-31	16.22	16.34	16.18	16.23	408500.00
2003-04-01	16.34	16.58	16.31	16.58	290800.00
2003-04-02	16.69	16.82	16.64	16.67	123000.00
2003-04-03	16.67	16.72	16.55	16.65	318100.00
2003-04-04	16.65	16.75	16.63	16.69	226100.00
2003-04-07	16.72	16.88	16.72	16.85	226900.00
2003-04-08	16.87	16.89	16.72	16.76	197400.00
2003-04-09	16.84	16.85	16.71	16.83	266100.00
2003-04-10	16.83	16.83	16.60	16.63	182400.00
2003-04-11	16.72	16.76	16.49	16.52	133300.00
2003-04-14	16.58	16.75	16.58	16.73	248700.00
2003-04-15	16.72	16.95	16.69	16.94	379100.00
2003-04-16	16.96	17.08	16.94	17.08	128300.00
2003-04-17	17.04	17.21	17.02	17.20	200000.00
2003-04-21	17.16	17.36	17.13	17.36	208300.00
2003-04-22	17.31	17.59	17.20	17.55	152000.00
2003-04-23	17.59	17.69	17.50	17.66	175700.00
2003-04-24	17.66	17.68	17.36	17.46	379300.00
2003-04-25	17.53	17.53	17.35	17.42	211000.00
2003-04-28	17.38	17.50	17.36	17.44	263500.00
2003-04-29	17.49	17.69	17.49	17.60	174700.00
2003-04-30	17.60	17.71	17.53	17.55	258300.00
2003-05-01	17.57	17.70	17.44	17.66	357000.00
2003-05-02	17.68	17.77	17.67	17.68	388100.00
2003-05-05	17.68	17.80	17.68	17.75	187800.00
2003-05-06	17.75	17.94	17.70	17.94	212100.00
2003-05-07	17.93	17.96	17.75	17.83	215500.00
2003-05-08	17.85	17.96	17.69	17.95	246800.00
2003-05-09	18.04	18.05	17.96	18.00	104900.00
2003-05-12	18.06	18.47	18.06	18.42	271300.00
2003-05-13	18.42	18.67	18.39	18.59	293700.00
2003-05-14	18.60	18.63	18.50	18.50	390500.00
2003-05-15	18.54	18.61	18.45	18.60	145800.00
2003-05-16	18.60	18.77	18.48	18.74	223100.00
2003-05-19	18.70	18.72	18.52	18.69	144100.00
2003-05-20	18.78	18.93	18.74	18.83	186900.00
2003-05-21	18.92	19.00	18.78	18.98	222300.00
2003-05-22	19.00	19.00	18.89	18.90	299300.00
2003-05-23	18.93	19.05	18.87	18.92	146700.00
2003-05-27	18.91	18.91	18.79	18.88	141100.00
2003-05-28	18.89	19.00	18.52	18.57	268800.00
2003-05-29	18.56	18.56	17.64	18.06	372000.00
2003-05-30	18.06	18.45	18.05	18.45	321900.00
2003-06-02	18.48	18.68	18.48	18.67	346600.00
2003-06-03	18.67	18.82	18.56	18.82	125500.00
2003-06-04	18.82	19.04	18.82	19.03	143600.00
2003-06-05	19.07	19.14	19.00	19.09	154000.00
2003-06-06	19.11	19.54	19.11	19.49	323600.00
2003-06-09	19.49	19.49	19.11	19.12	382400.00
2003-06-10	19.09	19.35	19.09	19.33	296400.00
2003-06-11	19.36	19.47	19.30	19.47	114700.00
2003-06-12	19.47	19.55	19.27	19.29	485400.00
2003-06-13	19.29	19.29	19.00	19.05	231400.00
2003-06-16	19.11	19.35	19.11	19.21	414000.00
2003-06-17	19.25	19.29	19.07	19.10	603100.00
2003-06-18	19.11	19.11	18.85	18.92	280300.00
2003-06-19	18.95	19.00	18.73	18.73	108400.00
2003-06-20	18.76	18.88	18.56	18.56	221800.00
2003-06-23	18.58	18.63	18.45	18.45	239700.00
2003-06-24	18.47	18.64	18.44	18.64	402400.00
2003-06-25	18.70	18.89	18.60	18.76	193400.00
2003-06-26	18.77	19.26	18.77	19.21	212600.00
2003-06-27	19.21	19.24	19.11	19.22	205700.00
2003-06-30	19.22	19.25	19.06	19.06	279700.00
2003-07-01	19.06	19.48	18.96	19.48	264800.00
2003-07-02	19.52	19.81	19.50	19.81	208600.00
2003-07-03	19.80	19.90	19.65	19.90	95700.00
2003-07-07	19.89	19.90	19.71	19.90	216000.00
2003-07-08	19.83	19.83	19.72	19.76	184100.00
2003-07-09	19.76	19.76	19.54	19.56	268900.00
2003-07-10	19.58	19.58	19.14	19.29	180700.00
2003-07-11	19.31	19.46	19.27	19.46	166800.00
2003-07-14	19.56	19.74	19.51	19.55	182000.00
2003-07-15	19.56	19.56	19.46	19.51	161600.00
2003-07-16	19.55	19.55	19.40	19.45	85800.00
2003-07-17	19.45	19.45	18.95	19.00	281200.00
2003-07-18	19.18	19.49	19.09	19.09	266700.00
2003-07-21	19.40	19.53	19.25	19.27	349800.00
2003-07-22	19.38	19.46	19.33	19.36	394100.00
2003-07-23	19.40	19.50	19.35	19.42	133300.00
2003-07-24	19.49	19.69	19.49	19.67	194800.00
2003-07-25	19.67	19.91	19.67	19.91	287600.00
2003-07-28	19.90	20.02	19.83	19.93	246500.00
2003-07-29	19.98	20.03	19.95	20.03	327800.00
2003-07-30	20.10	20.52	20.06	20.48	619700.00
2003-07-31	20.57	21.10	20.52	21.00	453700.00
2003-08-01	20.97	21.16	20.95	21.10	395400.00
2003-08-04	21.12	21.25	21.08	21.12	513700.00
2003-08-05	21.17	21.46	21.13	21.27	494500.00
2003-08-06	21.26	21.31	21.15	21.29	290900.00
2003-08-07	21.26	21.37	21.19	21.32	202200.00
2003-08-08	21.32	21.32	21.08	21.12	337600.00
2003-08-11	21.21	21.26	21.03	21.08	308200.00
2003-08-12	21.04	21.16	21.04	21.12	122000.00
2003-08-13	20.68	20.76	20.58	20.59	1052700.00
2003-08-14	20.57	20.70	20.57	20.64	556800.00
2003-08-15	20.67	20.67	20.57	20.57	145200.00
2003-08-18	20.66	20.66	20.56	20.57	274700.00
2003-08-19	20.57	20.65	20.57	20.57	563900.00
2003-08-20	20.57	20.63	20.57	20.57	332000.00
2003-08-21	20.57	20.66	20.57	20.61	202000.00
2003-08-22	20.64	20.64	20.39	20.43	182800.00
2003-08-25	20.12	20.17	19.91	20.14	526500.00
2003-08-26	20.21	20.48	20.12	20.46	285500.00
2003-08-27	20.50	20.75	20.42	20.70	268700.00
2003-08-28	20.70	20.70	20.57	20.66	256700.00
2003-08-29	20.66	20.79	20.57	20.74	263400.00
2003-09-02	20.74	21.12	20.74	21.12	397200.00
2003-09-03	21.12	21.33	21.01	21.33	312000.00
2003-09-04	21.28	21.28	21.09	21.10	209700.00
2003-09-05	21.10	21.10	20.98	21.01	176400.00
2003-09-08	20.99	21.29	20.97	21.28	325900.00
2003-09-09	21.30	21.30	21.02	21.11	211400.00
2003-09-10	21.08	21.08	20.81	20.90	424500.00
2003-09-11	20.92	20.99	20.86	20.94	207500.00
2003-09-12	20.94	20.99	20.84	20.98	131900.00
2003-09-15	20.95	20.99	20.83	20.90	207400.00
2003-09-16	20.90	20.92	20.79	20.91	163100.00
2003-09-17	20.90	20.95	20.86	20.86	138400.00
2003-09-18	20.88	21.09	20.86	20.92	277100.00
2003-09-19	20.92	21.22	20.90	21.21	561800.00
2003-09-22	21.21	21.21	20.92	21.21	184300.00
2003-09-23	21.15	21.26	20.95	21.20	229700.00
2003-09-24	21.20	21.33	21.17	21.21	239600.00
2003-09-25	21.26	21.26	20.95	21.04	267600.00
2003-09-26	21.15	21.15	20.92	20.99	789700.00
2003-09-29	21.15	21.15	20.95	21.15	221100.00
2003-09-30	21.15	21.38	21.01	21.24	292700.00
2003-10-01	21.31	21.33	21.15	21.24	369800.00
2003-10-02	21.29	21.40	21.24	21.40	254700.00
2003-10-03	21.47	21.78	21.42	21.51	407700.00
2003-10-06	21.54	21.83	21.54	21.83	359700.00
2003-10-07	21.76	21.83	21.62	21.68	365200.00
2003-10-08	21.72	21.74	21.57	21.72	342300.00
2003-10-09	21.76	21.83	21.66	21.83	290500.00
2003-10-10	21.88	21.90	21.73	21.82	157200.00
2003-10-13	21.79	21.88	21.76	21.79	140900.00
2003-10-14	21.81	21.88	21.68	21.87	211400.00
2003-10-15	21.88	21.88	21.51	21.63	329600.00
2003-10-16	21.63	21.72	21.50	21.55	462600.00
2003-10-17	21.42	21.51	21.01	21.10	582200.00
2003-10-20	21.17	21.34	20.95	20.99	528900.00
2003-10-21	21.04	21.04	20.90	20.92	368700.00
2003-10-22	20.92	21.08	20.74	20.78	334100.00
2003-10-23	21.33	21.33	20.61	20.76	310900.00
2003-10-24	20.81	20.86	20.36	20.47	284900.00
2003-10-27	20.54	20.85	20.54	20.74	238900.00
2003-10-28	20.79	20.79	20.27	20.49	222800.00
2003-10-29	20.52	20.64	20.47	20.49	152500.00
2003-10-30	20.49	20.89	20.47	20.86	189200.00
2003-10-31	20.90	20.98	20.68	20.73	334700.00
2003-11-03	20.76	20.88	20.72	20.87	257700.00
2003-11-04	20.88	21.19	20.72	21.19	252700.00
2003-11-05	21.19	21.19	21.00	21.10	163900.00
2003-11-06	21.10	21.43	21.03	21.35	362600.00
2003-11-07	21.56	21.61	21.25	21.25	178100.00
2003-11-10	21.31	21.34	21.06	21.15	171700.00
2003-11-11	21.17	21.21	20.84	20.94	205500.00
2003-11-12	20.97	21.26	20.87	21.23	184400.00
2003-11-13	21.18	21.38	21.04	21.38	114800.00
2003-11-14	21.40	21.58	21.40	21.54	185100.00
2003-11-17	21.42	21.47	21.26	21.47	170300.00
2003-11-18	21.51	21.55	21.30	21.32	297200.00
2003-11-19	21.38	21.55	21.28	21.30	192700.00
2003-11-20	21.35	21.35	20.97	21.17	239200.00
2003-11-21	21.13	21.22	20.86	21.10	178000.00
2003-11-24	21.17	21.21	21.04	21.08	138800.00
2003-11-25	21.15	21.56	21.10	21.56	205200.00
2003-11-26	21.56	21.69	21.52	21.64	144500.00
2003-11-28	21.67	21.78	21.65	21.69	40800.00
2003-12-01	21.69	22.10	21.68	22.10	281200.00
2003-12-02	22.51	22.51	22.10	22.18	290600.00
2003-12-03	22.20	22.24	21.81	21.89	294400.00
2003-12-04	21.97	21.98	21.76	21.83	190600.00
2003-12-05	21.90	21.97	21.78	21.84	140200.00
2003-12-08	21.88	22.00	21.83	21.93	210400.00
2003-12-09	21.97	22.30	21.92	22.24	252200.00
2003-12-10	22.21	22.21	22.01	22.03	209900.00
2003-12-11	22.10	22.34	22.10	22.27	134800.00
2003-12-12	22.26	22.48	22.26	22.42	258900.00
2003-12-15	22.49	22.56	22.35	22.38	212000.00
2003-12-16	22.44	22.49	22.26	22.47	282300.00
2003-12-17	22.47	22.47	22.36	22.41	209000.00
2003-12-18	22.41	22.49	22.41	22.49	274400.00
2003-12-19	22.49	22.49	22.27	22.33	526000.00
2003-12-22	22.33	22.39	22.27	22.37	259400.00
2003-12-23	22.37	22.37	22.15	22.22	165100.00
2003-12-24	22.19	22.22	22.08	22.22	148400.00
2003-12-26	22.17	22.23	22.17	22.22	113400.00
2003-12-29	22.33	22.35	22.19	22.31	333800.00
2003-12-30	22.38	22.51	22.34	22.36	191000.00
2003-12-31	22.42	22.45	22.01	22.01	262900.00
2004-01-02	22.01	22.08	21.79	21.79	347000.00
2004-01-05	21.91	22.17	21.79	21.79	915500.00
2004-01-06	21.79	21.89	21.73	21.87	569300.00
2004-01-07	21.87	21.93	21.58	21.66	308800.00
2004-01-08	21.64	21.89	21.55	21.87	227200.00
2004-01-09	21.82	22.22	21.76	22.17	248500.00
2004-01-12	22.22	22.27	21.87	22.08	249900.00
2004-01-13	21.99	22.07	21.78	21.94	270000.00
2004-01-14	22.12	22.15	21.96	22.02	218800.00
2004-01-15	22.08	22.12	21.91	22.09	175000.00
2004-01-16	22.11	22.13	21.75	21.82	144300.00
2004-01-20	21.75	21.83	21.59	21.64	211200.00
2004-01-21	21.71	21.71	21.51	21.59	240600.00
2004-01-22	21.59	21.99	21.59	21.89	304400.00
2004-01-23	21.87	22.16	21.85	21.97	395400.00
2004-01-26	21.89	22.32	21.89	22.32	149500.00
2004-01-27	22.33	22.67	22.33	22.56	416900.00
2004-01-28	22.56	22.70	22.46	22.58	367600.00
2004-01-29	22.58	22.58	22.38	22.52	186100.00
2004-01-30	22.52	22.61	22.41	22.61	222700.00
2004-02-02	22.61	22.63	22.52	22.61	281800.00
2004-02-03	22.61	22.86	22.58	22.65	528500.00
2004-02-04	22.64	22.64	22.24	22.40	251700.00
2004-02-05	22.45	22.79	22.44	22.79	324100.00
2004-02-06	22.79	23.39	22.69	23.30	384500.00
2004-02-09	23.21	23.28	23.17	23.26	202700.00
2004-02-10	23.11	23.25	23.11	23.25	136800.00
2004-02-11	23.23	23.48	23.17	23.44	179400.00
2004-02-12	23.30	23.30	23.19	23.30	286300.00
2004-02-13	23.27	23.31	22.98	23.14	263800.00
2004-02-17	23.18	23.34	23.17	23.34	162300.00
2004-02-18	23.46	23.48	23.32	23.34	183100.00
2004-02-19	23.40	23.46	23.28	23.29	244900.00
2004-02-20	23.35	23.35	23.19	23.23	133500.00
2004-02-23	23.30	23.30	23.20	23.29	223300.00
2004-02-24	23.34	23.40	23.25	23.36	217000.00
2004-02-25	23.38	23.55	23.25	23.53	169100.00
2004-02-26	23.60	23.64	23.41	23.44	222700.00
2004-02-27	23.48	23.51	23.20	23.20	237000.00
2004-03-01	23.31	23.67	23.30	23.57	198600.00
2004-03-02	23.57	24.02	23.57	23.96	267800.00
2004-03-03	23.94	24.31	23.85	24.27	299800.00
2004-03-04	24.27	24.49	24.23	24.47	436800.00
2004-03-05	24.45	24.63	24.38	24.63	192500.00
2004-03-08	24.67	24.67	24.53	24.56	290500.00
2004-03-09	24.60	24.67	24.32	24.67	199600.00
2004-03-10	24.69	24.82	24.24	24.29	410900.00
2004-03-11	24.29	24.38	24.19	24.19	287300.00
2004-03-12	24.20	24.31	24.20	24.21	141100.00
2004-03-15	24.21	24.27	24.16	24.23	189000.00
2004-03-16	24.32	24.38	24.26	24.29	142100.00
2004-03-17	24.36	24.79	24.31	24.76	310800.00
2004-03-18	24.76	24.90	24.69	24.89	330300.00
2004-03-19	25.00	25.17	24.98	25.08	253600.00
2004-03-22	25.14	25.14	24.81	24.81	206700.00
2004-03-23	24.85	24.89	24.83	24.89	240500.00
2004-03-24	24.89	25.00	24.55	24.55	139100.00
2004-03-25	24.61	24.98	24.61	24.98	195700.00
2004-03-26	24.98	24.98	24.41	24.45	258100.00
2004-03-29	24.61	24.68	24.45	24.64	256900.00
2004-03-30	24.68	24.91	24.54	24.91	263100.00
2004-03-31	24.87	25.01	24.86	25.00	194300.00
2004-04-01	25.04	25.21	25.03	25.20	252500.00
2004-04-02	25.20	25.41	25.09	25.19	273600.00
2004-04-05	25.19	25.21	24.33	24.47	502900.00
2004-04-06	24.52	24.54	23.67	23.75	1099100.00
2004-04-07	23.89	24.68	23.62	24.06	526900.00
2004-04-08	24.12	24.19	23.79	23.98	428100.00
2004-04-12	23.79	23.79	22.53	23.17	949900.00
2004-04-13	23.17	23.60	22.60	22.91	763500.00
2004-04-14	22.63	23.33	22.58	22.81	707300.00
2004-04-15	22.84	23.59	22.84	23.52	505700.00
2004-04-16	23.64	24.03	23.43	23.84	512500.00
2004-04-19	23.84	24.26	23.60	24.26	378400.00
2004-04-20	24.26	24.26	23.34	23.34	577700.00
2004-04-21	23.09	23.48	23.07	23.42	389200.00
2004-04-22	23.49	23.98	23.49	23.68	453000.00
2004-04-23	23.72	23.72	23.40	23.44	282200.00
2004-04-26	23.44	23.76	23.39	23.51	351600.00
2004-04-27	23.40	23.68	23.40	23.58	307000.00
2004-04-28	23.57	23.64	23.42	23.42	147900.00
2004-04-29	23.49	23.62	22.94	23.13	247000.00
2004-04-30	23.68	23.75	23.15	23.15	526000.00
2004-05-03	23.21	23.47	23.09	23.46	969900.00
2004-05-04	23.46	23.96	23.42	23.63	575300.00
2004-05-05	23.86	24.21	23.70	23.72	333800.00
2004-05-06	23.72	23.85	23.39	23.83	387900.00
2004-05-07	23.83	23.84	23.31	23.33	517200.00
2004-05-10	23.21	23.42	22.67	23.25	601500.00
2004-05-11	23.33	23.74	23.33	23.33	315500.00
2004-05-12	23.33	23.38	23.07	23.35	405700.00
2004-05-13	23.46	23.66	23.40	23.59	455900.00
2004-05-14	23.63	24.12	23.61	23.87	259300.00
2004-05-17	23.75	24.32	23.56	24.20	415900.00
2004-05-18	24.20	24.57	24.05	24.57	351000.00
2004-05-19	24.28	24.89	23.98	24.10	535300.00
2004-05-20	24.31	24.51	24.18	24.49	238600.00
2004-05-21	24.55	24.72	24.40	24.47	257200.00
2004-05-24	24.59	24.77	24.50	24.66	172500.00
2004-05-25	24.63	24.94	24.50	24.93	264700.00
2004-05-26	24.94	25.43	24.81	25.38	480500.00
2004-05-27	25.71	25.72	25.22	25.36	207500.00
2004-05-28	25.31	25.54	25.25	25.40	377100.00
2004-06-01	25.40	25.41	24.94	25.01	240500.00
2004-06-02	25.05	25.30	25.02	25.30	334000.00
2004-06-03	25.40	25.50	25.12	25.29	170400.00
2004-06-04	25.31	25.49	25.19	25.21	110600.00
2004-06-07	25.21	25.42	25.10	25.35	163100.00
2004-06-08	25.35	25.66	25.26	25.62	272800.00
2004-06-09	25.59	25.78	25.51	25.54	141300.00
2004-06-10	25.57	25.68	25.37	25.49	159000.00
2004-06-14	25.39	25.40	24.98	25.28	420700.00
2004-06-15	25.38	25.73	25.38	25.73	291100.00
2004-06-16	25.75	25.86	25.54	25.77	264400.00
2004-06-17	25.74	26.11	25.66	26.06	332500.00
2004-06-18	26.06	26.21	26.03	26.08	211000.00
2004-06-21	26.20	26.36	26.20	26.27	219300.00
2004-06-22	26.30	26.49	26.15	26.21	187200.00
2004-06-23	26.21	26.33	26.10	26.24	297800.00
2004-06-24	26.24	26.46	26.22	26.41	309900.00
2004-06-25	26.34	26.83	26.34	26.83	500200.00
2004-06-28	26.74	26.97	26.71	26.90	498000.00
2004-06-29	26.89	26.89	26.47	26.48	463100.00
2004-06-30	26.52	26.85	26.34	26.69	452900.00
2004-07-01	26.59	26.89	26.40	26.85	654000.00
2004-07-02	27.01	27.23	26.84	27.04	339300.00
2004-07-06	27.04	27.08	26.64	27.02	252300.00
2004-07-07	27.06	27.34	27.01	27.34	298700.00
2004-07-08	27.38	27.38	26.99	26.99	376300.00
2004-07-09	27.13	27.25	26.78	27.17	239800.00
2004-07-12	27.10	27.39	27.03	27.36	194600.00
2004-07-13	27.36	27.36	27.05	27.07	196800.00
2004-07-14	27.11	27.39	27.08	27.39	309000.00
2004-07-15	27.44	27.62	27.24	27.34	541900.00
2004-07-16	27.46	27.57	27.32	27.34	222500.00
2004-07-19	27.42	27.62	27.27	27.62	262500.00
2004-07-20	27.89	28.22	27.61	27.62	728400.00
2004-07-21	27.71	27.93	27.54	27.60	542000.00
2004-07-22	27.54	27.61	26.92	26.92	272100.00
2004-07-23	26.87	27.14	26.82	26.86	267300.00
2004-07-26	26.79	27.01	26.75	26.93	336000.00
2004-07-27	26.98	27.21	26.96	26.99	293500.00
2004-07-28	27.06	27.50	26.82	27.43	209900.00
2004-07-29	27.39	27.73	27.33	27.40	248100.00
2004-07-30	27.40	27.53	27.21	27.49	302700.00
2004-08-02	27.39	28.13	27.36	28.12	312000.00
2004-08-03	28.12	28.34	27.97	28.10	219200.00
2004-08-04	28.05	28.31	27.93	28.31	280900.00
2004-08-05	28.31	28.41	28.05	28.05	348600.00
2004-08-06	28.06	28.36	27.45	27.72	414800.00
2004-08-09	27.96	28.10	27.76	28.03	179700.00
2004-08-10	28.12	28.15	28.00	28.12	312200.00
2004-08-11	28.12	28.12	27.98	28.10	117200.00
2004-08-12	28.10	28.11	27.84	27.91	224800.00
2004-08-13	27.86	27.94	27.77	27.81	342900.00
2004-08-16	27.84	28.12	27.84	28.01	184800.00
2004-08-17	28.05	28.38	28.05	28.31	218500.00
2004-08-18	28.27	28.76	28.26	28.76	292800.00
2004-08-19	28.67	28.70	28.26	28.38	258000.00
2004-08-20	28.48	28.86	28.48	28.86	330000.00
2004-08-23	28.76	28.92	28.60	28.85	163900.00
2004-08-24	28.85	29.19	28.84	29.19	220700.00
2004-08-25	29.19	29.23	28.64	28.67	238200.00
2004-08-26	28.67	28.86	28.49	28.55	363400.00
2004-08-27	28.57	28.60	28.32	28.33	341500.00
2004-08-30	28.38	28.57	28.27	28.50	390600.00
2004-08-31	28.55	28.70	28.51	28.53	421600.00
2004-09-01	28.48	28.57	28.18	28.29	350600.00
2004-09-02	28.31	28.51	28.28	28.48	274300.00
2004-09-03	28.49	28.87	28.48	28.84	289900.00
2004-09-07	28.95	29.28	28.80	29.28	369600.00
2004-09-08	29.23	29.40	29.23	29.33	216300.00
2004-09-09	29.04	29.04	28.55	28.55	556400.00
2004-09-10	28.55	28.71	28.36	28.69	265000.00
2004-09-13	28.67	28.67	28.20	28.37	345100.00
2004-09-14	28.34	28.34	27.82	28.03	421500.00
2004-09-15	28.01	28.27	27.99	28.13	285100.00
2004-09-16	28.08	29.17	28.08	28.99	505100.00
2004-09-17	28.96	28.96	28.64	28.67	283900.00
2004-09-20	28.64	28.64	28.36	28.36	299400.00
2004-09-21	28.41	28.47	28.11	28.34	203900.00
2004-09-22	28.24	28.28	28.04	28.25	272000.00
2004-09-23	28.24	28.31	28.01	28.06	348400.00
2004-09-24	28.05	28.20	27.98	27.98	286700.00
2004-09-27	27.98	28.03	27.83	28.00	150700.00
2004-09-28	28.10	28.21	27.92	28.15	468700.00
2004-09-29	28.08	28.43	28.08	28.42	333200.00
2004-09-30	28.42	28.87	28.42	28.78	964300.00
2004-10-01	28.82	29.56	28.63	29.34	347500.00
2004-10-04	29.39	29.57	29.27	29.41	442400.00
2004-10-05	29.41	29.96	29.41	29.79	438600.00
2004-10-06	29.74	30.06	29.74	30.01	167800.00
2004-10-07	29.96	29.99	29.68	29.71	162500.00
2004-10-08	29.77	30.10	29.77	29.97	166300.00
2004-10-11	29.92	30.22	29.70	29.76	181800.00
2004-10-12	29.66	30.17	29.64	30.10	159700.00
2004-10-13	30.31	30.36	30.03	30.18	150100.00
2004-10-14	30.25	30.47	30.19	30.47	389200.00
2004-10-15	30.57	30.93	30.54	30.63	173200.00
2004-10-18	30.73	31.04	30.56	30.86	202200.00
2004-10-19	30.78	31.40	30.70	30.71	295000.00
2004-10-20	30.75	31.03	30.39	30.79	256500.00
2004-10-21	30.58	31.51	30.58	31.28	201100.00
2004-10-22	31.47	31.79	31.15	31.31	168200.00
2004-10-25	31.49	31.56	30.97	31.09	375100.00
2004-10-26	31.13	31.50	31.01	31.36	483700.00
2004-10-27	31.42	31.61	31.33	31.60	394600.00
2004-10-28	31.55	31.67	31.33	31.65	157700.00
2004-10-29	31.60	31.76	31.27	31.29	182000.00
2004-11-01	31.40	31.88	31.40	31.78	336900.00
2004-11-02	31.79	32.00	31.62	31.78	184200.00
2004-11-03	31.76	32.03	31.64	31.80	482100.00
2004-11-04	31.74	32.84	31.74	32.71	335000.00
2004-11-05	32.71	32.71	31.59	32.09	411200.00
2004-11-08	31.99	32.47	31.93	32.28	200700.00
2004-11-09	32.21	32.33	32.03	32.19	124000.00
2004-11-10	32.21	32.63	32.11	32.54	253400.00
2004-11-11	32.54	32.86	32.47	32.85	412400.00
2004-11-12	32.92	33.71	32.88	33.67	402100.00
2004-11-15	33.62	34.02	33.54	34.02	316600.00
2004-11-16	34.02	34.44	34.02	34.20	439100.00
2004-11-17	34.20	34.40	33.26	33.49	563200.00
2004-11-18	33.52	33.93	32.99	33.54	411400.00
2004-11-19	33.59	33.63	32.95	33.05	406200.00
2004-11-22	33.05	33.31	32.91	33.12	243400.00
2004-11-23	33.24	33.60	33.09	33.60	321400.00
2004-11-24	33.57	34.27	33.57	34.17	165600.00
2004-11-26	34.11	34.19	33.90	33.95	130100.00
2004-11-29	33.95	34.35	33.67	33.84	220500.00
2004-11-30	33.87	33.99	33.68	33.98	322400.00
2004-12-01	34.03	35.11	33.98	35.03	341500.00
2004-12-02	34.77	34.87	34.11	34.42	503200.00
2004-12-03	34.53	35.39	34.53	35.39	193100.00
2004-12-06	35.27	35.76	35.05	35.17	376500.00
2004-12-07	35.12	35.14	34.31	34.34	439900.00
2004-12-08	34.40	34.89	34.11	34.17	457900.00
2004-12-09	34.22	35.02	34.22	35.02	324500.00
2004-12-10	35.65	35.65	34.92	35.09	283200.00
2004-12-13	35.10	35.36	34.99	35.09	258500.00
2004-12-14	35.01	35.15	34.91	34.98	242500.00
2004-12-15	35.00	35.34	34.86	35.10	341800.00
2004-12-16	34.89	35.27	34.89	35.00	313600.00
2004-12-17	35.17	35.33	34.68	35.28	436500.00
2004-12-20	35.28	35.36	34.71	34.97	250100.00
2004-12-21	34.97	35.26	34.87	35.16	263500.00
2004-12-22	35.27	35.80	35.22	35.76	281300.00
2004-12-23	35.84	36.03	35.48	35.48	280300.00
2004-12-27	35.51	35.70	35.45	35.63	235500.00
2004-12-28	35.60	35.90	35.60	35.86	293100.00
2004-12-29	35.93	36.19	35.88	36.15	209100.00
2004-12-30	36.15	36.35	36.07	36.29	149300.00
2004-12-31	36.35	36.63	36.27	36.32	229100.00
2005-01-03	36.30	36.46	35.77	35.89	626700.00
2005-01-04	35.98	36.17	35.35	35.49	508200.00
2005-01-05	35.49	35.49	33.52	33.78	797300.00
2005-01-06	33.72	34.40	33.49	34.32	523000.00
2005-01-07	34.42	34.58	33.91	34.27	369200.00
2005-01-10	34.20	34.39	33.79	33.86	294800.00
2005-01-11	33.79	33.95	33.06	33.10	357900.00
2005-01-12	33.19	33.22	32.26	33.09	503500.00
2005-01-13	33.12	33.62	32.89	33.04	471200.00
2005-01-14	33.28	33.48	33.01	33.21	334700.00
2005-01-18	33.32	33.45	33.05	33.41	355200.00
2005-01-19	33.44	34.09	33.26	33.73	339300.00
2005-01-20	33.57	33.87	33.21	33.53	299200.00
2005-01-21	33.42	33.94	33.41	33.59	231800.00
2005-01-24	33.64	33.87	33.07	33.19	375500.00
2005-01-25	33.19	33.37	32.04	32.06	554500.00
2005-01-26	32.06	32.37	31.79	32.31	424900.00
2005-01-27	32.27	32.39	31.77	31.86	397700.00
2005-01-28	32.05	32.32	31.89	32.22	365300.00
2005-01-31	32.34	32.57	31.74	32.28	593900.00
2005-02-01	32.31	32.86	32.05	32.75	566300.00
2005-02-02	32.66	33.21	32.62	33.21	385100.00
2005-02-03	33.21	33.33	33.04	33.13	218600.00
2005-02-04	33.28	33.64	33.27	33.44	300600.00
2005-02-07	33.77	33.77	33.16	33.17	362600.00
2005-02-08	33.21	33.22	32.86	32.94	309100.00
2005-02-09	33.21	33.74	33.04	33.59	570700.00
2005-02-10	33.60	33.73	33.45	33.67	366700.00
2005-02-11	33.68	33.88	33.54	33.74	336300.00
2005-02-14	33.67	33.83	33.53	33.73	196200.00
2005-02-15	33.75	34.20	33.72	34.07	323000.00
2005-02-16	34.02	34.50	33.86	34.37	202500.00
2005-02-17	34.40	34.65	34.34	34.44	253300.00
2005-02-18	34.27	34.43	33.81	34.31	262800.00
2005-02-22	34.29	34.29	33.28	33.29	372300.00
2005-02-23	33.47	33.62	32.66	32.69	288800.00
2005-02-24	32.78	32.80	32.42	32.47	339400.00
2005-02-25	32.44	33.34	32.43	33.34	366000.00
2005-02-28	33.27	33.53	32.92	33.53	419400.00
2005-03-01	33.48	33.69	33.28	33.65	330300.00
2005-03-02	33.55	33.63	33.12	33.48	400400.00
2005-03-03	33.43	33.62	33.04	33.50	419400.00
2005-03-04	33.52	34.03	33.52	34.01	429000.00
2005-03-07	34.06	34.53	33.78	34.29	226000.00
2005-03-08	34.22	34.22	33.93	34.05	179000.00
2005-03-09	33.78	33.78	32.80	32.92	458900.00
2005-03-10	32.96	33.38	32.59	33.12	306500.00
2005-03-11	32.99	32.99	32.68	32.69	306600.00
2005-03-14	32.69	33.34	32.69	33.34	270000.00
2005-03-15	33.38	33.68	33.08	33.12	434600.00
2005-03-16	33.12	33.24	32.68	32.76	361100.00
2005-03-17	32.97	33.24	32.87	33.02	289800.00
2005-03-18	33.07	33.11	32.59	32.61	334700.00
2005-03-21	32.67	32.72	32.34	32.47	269600.00
2005-03-22	32.57	32.88	32.03	32.03	371600.00
2005-03-23	31.82	32.38	31.44	32.05	460100.00
2005-03-24	32.08	32.53	32.03	32.06	369900.00
2005-03-28	32.10	32.20	31.95	32.05	263200.00
2005-03-29	32.15	32.48	32.03	32.10	426300.00
2005-03-30	32.05	32.50	32.05	32.49	559900.00
2005-03-31	32.68	33.10	32.50	32.61	576200.00
2005-04-01	33.16	33.16	32.46	32.51	414700.00
2005-04-04	32.59	32.59	31.68	32.35	463500.00
2005-04-05	32.35	32.41	32.20	32.34	284200.00
2005-04-06	32.41	32.62	32.32	32.40	244000.00
2005-04-07	33.03	33.11	32.73	33.11	438100.00
2005-04-08	33.16	33.16	32.79	32.79	190400.00
2005-04-11	32.89	33.04	32.81	33.04	124800.00
2005-04-12	32.94	33.62	32.85	33.61	228400.00
2005-04-13	33.79	33.82	33.55	33.72	415600.00
2005-04-14	33.72	33.77	33.19	33.29	311900.00
2005-04-15	33.43	33.53	33.12	33.35	265000.00
2005-04-18	33.35	33.58	33.02	33.26	271800.00
2005-04-19	33.18	33.65	33.18	33.61	170100.00
2005-04-20	33.42	33.47	33.19	33.21	204300.00
2005-04-21	33.33	33.64	32.89	33.41	300900.00
2005-04-22	33.87	34.18	33.63	34.16	555600.00
2005-04-25	34.28	34.89	34.22	34.58	619100.00
2005-04-26	34.62	34.89	34.37	34.38	497400.00
2005-04-27	34.35	34.95	34.20	34.82	505600.00
2005-04-28	34.79	34.79	34.52	34.63	227600.00
2005-04-29	34.70	35.22	34.48	35.11	337700.00
2005-05-02	35.11	35.11	34.67	35.10	397200.00
2005-05-03	35.11	35.13	34.89	35.02	241200.00
2005-05-04	34.81	35.37	34.81	35.28	303000.00
2005-05-05	35.40	35.94	35.32	35.59	566900.00
2005-05-06	35.59	35.77	35.24	35.47	445200.00
2005-05-09	35.47	36.15	35.47	36.15	280700.00
2005-05-10	36.15	36.30	35.94	36.19	365100.00
2005-05-11	36.31	36.40	35.91	36.28	236500.00
2005-05-12	36.31	36.32	36.02	36.10	309500.00
2005-05-13	36.10	36.20	35.81	35.97	448100.00
2005-05-16	35.91	36.39	35.88	36.39	280400.00
2005-05-17	36.32	36.70	36.18	36.69	271600.00
2005-05-18	36.84	36.93	36.62	36.74	463700.00
2005-05-19	36.73	37.58	36.73	37.48	279400.00
2005-05-20	37.48	37.55	37.15	37.33	278700.00
2005-05-23	37.31	37.46	37.18	37.36	230600.00
2005-05-24	37.30	37.30	36.63	36.86	346600.00
2005-05-25	36.93	36.93	36.18	36.26	254200.00
2005-05-26	36.35	36.59	36.19	36.31	273200.00
2005-05-27	36.48	36.51	36.10	36.49	213500.00
2005-05-31	36.46	36.77	36.46	36.51	251500.00
2005-06-01	36.66	37.22	36.58	37.22	252300.00
2005-06-02	37.01	37.11	36.91	36.91	318500.00
2005-06-03	36.93	37.34	36.89	37.01	218900.00
2005-06-06	37.04	37.42	37.04	37.41	151900.00
2005-06-07	37.56	38.31	37.44	38.10	415200.00
2005-06-08	38.16	38.57	38.16	38.40	325400.00
2005-06-09	38.40	38.46	38.07	38.25	260900.00
2005-06-10	38.37	38.62	38.30	38.58	150000.00
2005-06-13	38.47	38.92	38.37	38.91	229000.00
2005-06-14	38.82	39.44	38.82	39.43	261800.00
2005-06-15	39.43	39.54	39.14	39.45	132900.00
2005-06-16	39.44	39.46	39.12	39.25	217600.00
2005-06-17	39.40	39.75	39.36	39.75	331000.00
2005-06-20	39.75	39.87	39.55	39.70	181400.00
2005-06-21	39.79	39.88	39.49	39.53	196000.00
2005-06-22	39.76	39.81	39.41	39.43	135200.00
2005-06-23	39.44	39.57	39.30	39.34	179200.00
2005-06-24	39.25	39.48	38.67	38.77	296800.00
2005-06-27	38.65	38.77	38.52	38.69	419100.00
2005-06-28	38.69	38.79	38.39	38.78	255900.00
2005-06-29	38.82	39.55	38.82	39.43	327100.00
2005-06-30	39.56	39.90	39.10	39.75	503100.00
2005-07-01	39.72	39.84	39.40	39.78	205000.00
2005-07-05	39.69	40.01	39.66	39.95	331400.00
2005-07-06	39.95	40.34	39.90	40.21	287600.00
2005-07-07	40.21	40.59	39.85	40.20	493500.00
2005-07-08	40.23	41.38	40.23	41.13	563900.00
2005-07-11	41.13	41.81	41.12	41.68	262500.00
2005-07-12	41.77	41.97	41.55	41.70	290300.00
2005-07-13	41.70	41.70	41.08	41.18	278800.00
2005-07-14	41.23	41.50	40.54	40.80	577100.00
2005-07-15	40.71	41.09	40.51	41.01	186700.00
2005-07-18	41.01	41.43	40.82	41.20	193800.00
2005-07-19	41.08	41.90	41.06	41.89	233900.00
2005-07-20	41.84	42.29	41.47	42.24	423900.00
2005-07-21	42.19	42.45	41.37	41.56	356400.00
2005-07-22	41.51	42.35	41.23	42.33	250300.00
2005-07-25	42.26	42.74	42.21	42.46	362600.00
2005-07-26	43.09	43.12	42.46	42.88	441600.00
2005-07-27	42.93	42.94	42.40	42.77	403700.00
2005-07-28	42.78	43.41	42.68	43.27	361000.00
2005-07-29	43.29	43.39	42.97	43.08	199900.00
2005-08-01	43.13	43.16	42.57	42.67	365300.00
2005-08-02	42.83	43.19	42.71	43.18	301600.00
2005-08-03	43.18	43.39	42.73	43.25	246600.00
2005-08-04	42.61	42.79	41.99	42.26	605700.00
2005-08-05	42.02	42.02	40.09	40.42	1147800.00
2005-08-08	39.73	39.94	38.56	38.66	1049300.00
2005-08-09	38.67	39.53	38.66	39.38	638300.00
2005-08-10	39.75	40.05	39.14	39.14	454100.00
2005-08-11	38.73	39.72	38.71	39.68	487500.00
2005-08-12	39.68	39.89	39.22	39.77	309000.00
2005-08-15	39.77	40.65	39.57	40.34	354900.00
2005-08-16	40.31	41.28	40.27	40.71	388900.00
2005-08-17	40.49	40.93	40.10	40.25	332500.00
2005-08-18	40.25	40.25	39.72	39.85	429200.00
2005-08-19	39.89	39.97	39.44	39.74	231500.00
2005-08-22	39.61	40.10	39.61	39.95	296500.00
2005-08-23	39.94	40.28	39.91	40.20	266000.00
2005-08-24	40.20	40.90	40.20	40.56	349600.00
2005-08-25	40.64	40.88	40.44	40.53	250900.00
2005-08-26	40.58	40.71	40.14	40.15	240800.00
2005-08-29	40.15	40.15	39.41	40.07	379100.00
2005-08-30	40.04	40.43	39.75	40.42	367100.00
2005-08-31	40.39	41.35	40.29	41.35	352800.00
2005-09-01	41.35	42.23	41.13	41.46	483500.00
2005-09-02	41.46	41.83	41.18	41.28	248700.00
2005-09-06	41.40	42.51	41.40	42.41	509400.00
2005-09-07	42.41	42.41	41.90	42.00	349500.00
2005-09-08	41.69	42.29	41.69	41.89	205000.00
2005-09-09	41.89	42.21	41.87	42.02	186200.00
2005-09-12	42.02	42.19	41.85	41.92	167800.00
2005-09-13	41.84	42.14	41.71	41.82	268900.00
2005-09-14	41.82	42.00	41.57	41.90	260400.00
2005-09-15	41.90	42.26	41.87	42.12	255300.00
2005-09-16	42.12	42.13	41.54	41.87	245100.00
2005-09-19	41.94	42.13	41.76	41.78	203000.00
2005-09-20	41.80	42.08	41.33	41.44	232900.00
2005-09-21	41.50	41.50	40.86	40.98	351300.00
2005-09-22	40.98	41.30	40.45	41.19	333300.00
2005-09-23	41.13	41.54	40.82	41.31	209600.00
2005-09-26	41.57	41.57	41.36	41.48	261800.00
2005-09-27	41.49	41.67	41.08	41.40	232900.00
2005-09-28	41.52	41.52	40.99	41.19	396500.00
2005-09-29	41.21	41.93	40.89	41.89	335800.00
2005-09-30	41.89	42.69	41.89	42.52	289600.00
2005-10-03	42.51	43.04	42.39	42.98	444000.00
2005-10-04	42.95	42.98	42.48	42.57	381200.00
2005-10-05	42.57	42.57	41.73	41.79	425200.00
2005-10-06	41.78	41.92	41.22	41.92	461800.00
2005-10-07	41.92	41.92	40.92	41.36	511200.00
2005-10-10	41.26	41.26	40.45	40.56	335600.00
2005-10-11	40.67	40.69	39.82	40.04	446800.00
2005-10-12	39.92	39.92	39.24	39.60	544600.00
2005-10-13	39.55	39.86	39.11	39.78	528000.00
2005-10-14	40.29	40.80	40.14	40.69	326800.00
2005-10-17	40.81	40.98	40.51	40.83	431700.00
2005-10-18	40.69	41.06	40.43	40.43	226900.00
2005-10-19	40.44	40.83	40.01	40.75	380200.00
2005-10-20	40.69	41.16	40.23	40.37	276700.00
2005-10-21	40.43	40.93	40.38	40.88	224100.00
2005-10-24	41.23	42.08	41.23	41.96	318800.00
2005-10-25	41.96	42.25	41.80	41.82	248000.00
2005-10-26	41.56	42.28	41.51	41.79	319500.00
2005-10-27	41.79	41.90	41.51	41.56	279400.00
2005-10-28	41.75	42.54	41.68	42.49	550700.00
2005-10-31	42.49	42.92	42.49	42.80	421700.00
2005-11-01	42.55	42.92	41.88	42.75	630100.00
2005-11-02	42.71	43.01	42.60	43.00	355000.00
2005-11-03	43.39	43.77	42.83	42.95	249600.00
2005-11-04	42.85	42.93	42.35	42.69	362600.00
2005-11-07	42.76	43.09	42.66	42.75	195400.00
2005-11-08	42.47	42.80	42.29	42.69	267400.00
2005-11-09	42.65	43.65	42.61	43.14	414800.00
2005-11-10	43.11	44.22	42.99	44.11	353700.00
2005-11-11	44.12	44.58	44.05	44.38	287400.00
2005-11-14	44.50	44.80	44.36	44.46	227600.00
2005-11-15	44.41	44.41	44.04	44.08	196900.00
2005-11-16	44.10	44.23	43.96	44.07	241600.00
2005-11-17	43.98	45.15	43.89	44.95	387400.00
2005-11-18	45.05	45.22	44.76	45.07	284000.00
2005-11-21	45.08	45.08	44.82	45.00	272600.00
2005-11-22	45.00	45.58	44.81	45.51	294400.00
2005-11-23	45.51	45.67	45.24	45.55	328200.00
2005-11-25	45.55	45.80	45.45	45.74	70400.00
2005-11-28	45.78	45.83	45.52	45.62	337000.00
2005-11-29	45.74	46.06	45.65	45.97	367500.00
2005-11-30	45.97	45.97	45.28	45.38	356500.00
2005-12-01	45.50	45.86	45.30	45.62	321200.00
2005-12-02	45.62	45.92	45.42	45.86	193600.00
2005-12-05	45.86	46.04	45.41	45.42	374500.00
2005-12-06	45.43	45.70	45.33	45.33	169800.00
2005-12-07	45.29	45.43	44.95	45.09	293600.00
2005-12-08	45.19	45.82	45.00	45.35	255400.00
2005-12-09	45.39	45.87	45.34	45.68	129600.00
2005-12-12	45.80	45.84	45.08	45.50	232800.00
2005-12-13	45.51	45.85	45.26	45.85	203500.00
2005-12-14	45.88	46.14	45.80	45.92	200200.00
2005-12-15	45.87	46.06	45.01	45.02	317800.00
2005-12-16	45.05	45.68	45.05	45.47	197900.00
2005-12-19	45.42	45.62	44.79	44.87	182000.00
2005-12-20	44.65	44.85	44.53	44.60	263200.00
2005-12-21	44.61	44.85	44.51	44.85	278200.00
2005-12-22	44.82	45.03	44.50	44.99	283500.00
2005-12-23	45.00	45.29	45.00	45.12	220200.00
2005-12-27	45.12	45.44	44.98	45.01	204700.00
2005-12-28	45.13	45.18	44.87	45.08	249200.00
2005-12-29	45.10	45.28	44.67	44.71	225600.00
2005-12-30	44.71	44.84	44.44	44.63	391000.00
2006-01-03	45.06	45.81	44.48	45.73	512600.00
2006-01-04	45.76	46.48	45.65	46.23	367100.00
2006-01-05	46.28	47.11	46.28	46.91	288600.00
2006-01-06	47.00	47.80	47.00	47.80	312800.00
2006-01-09	47.42	48.42	47.36	48.42	488300.00
2006-01-10	48.29	48.87	48.03	48.66	453600.00
2006-01-11	48.71	48.77	48.24	48.36	376900.00
2006-01-12	48.36	48.37	48.10	48.31	334900.00
2006-01-13	48.31	48.32	47.53	47.61	220500.00
2006-01-17	47.54	47.64	47.06	47.64	250700.00
2006-01-18	47.59	47.91	47.21	47.69	216900.00
2006-01-19	47.62	48.26	47.60	48.01	272900.00
2006-01-20	47.89	47.94	47.43	47.51	256800.00
2006-01-23	47.51	47.88	47.48	47.65	265900.00
2006-01-24	47.61	48.90	47.61	48.51	523400.00
2006-01-25	49.14	49.49	48.96	49.16	421000.00
2006-01-26	49.31	49.83	49.13	49.66	421000.00
2006-01-27	50.51	50.53	49.49	50.16	436800.00
2006-01-30	50.26	50.26	49.29	49.48	371000.00
2006-01-31	49.41	49.96	49.13	49.75	295000.00
2006-02-01	49.88	50.29	49.64	49.89	445300.00
2006-02-02	49.89	49.91	49.52	49.76	403900.00
2006-02-03	49.26	49.38	48.27	48.99	264300.00
2006-02-06	49.12	49.50	49.06	49.50	338100.00
2006-02-07	49.60	49.88	48.97	49.24	223500.00
2006-02-08	49.19	49.19	48.32	48.99	301900.00
2006-02-09	48.98	49.75	48.53	49.59	416200.00
2006-02-10	49.59	49.94	49.29	49.71	186100.00
2006-02-13	49.79	49.79	49.26	49.52	185700.00
2006-02-14	49.42	49.99	48.74	49.99	221600.00
2006-02-15	50.01	50.74	49.61	50.74	320300.00
2006-02-16	50.76	51.50	50.73	51.07	298300.00
2006-02-17	50.97	51.67	50.59	51.42	307600.00
2006-02-21	51.35	51.98	50.92	51.51	264100.00
2006-02-22	51.64	52.42	51.15	52.36	323300.00
2006-02-23	52.36	52.54	51.92	52.03	215400.00
2006-02-24	52.03	52.19	51.75	51.86	182800.00
2006-02-27	51.91	52.47	51.81	52.06	153700.00
2006-02-28	52.06	52.12	51.40	51.51	320700.00
2006-03-01	51.64	51.66	51.11	51.45	238400.00
2006-03-02	51.45	51.45	50.96	51.16	216800.00
2006-03-03	51.08	51.39	50.56	51.01	290600.00
2006-03-06	51.13	52.61	51.02	52.61	332400.00
2006-03-07	52.61	52.71	51.44	51.60	428800.00
2006-03-08	51.56	51.79	50.95	51.61	318900.00
2006-03-09	51.61	52.09	51.46	51.98	368000.00
2006-03-10	52.11	52.44	51.61	52.41	556800.00
2006-03-13	52.46	52.61	51.54	52.09	299800.00
2006-03-14	52.21	53.00	51.94	52.66	368100.00
2006-03-15	52.69	54.01	52.69	53.66	426600.00
2006-03-16	53.78	55.17	53.74	54.44	326200.00
2006-03-17	54.56	55.26	54.23	55.14	248100.00
2006-03-20	55.14	55.15	53.91	54.28	349000.00
2006-03-21	54.39	54.65	53.47	53.57	334500.00
2006-03-22	53.44	53.51	53.11	53.49	416600.00
2006-03-23	53.49	54.23	53.29	53.91	220100.00
2006-03-24	53.98	54.15	53.48	53.74	256400.00
2006-03-27	53.78	53.79	52.64	52.98	462700.00
2006-03-28	52.99	54.57	52.76	54.30	482400.00
2006-03-29	54.42	55.58	54.42	55.51	468900.00
2006-03-30	55.43	55.53	54.05	54.37	358200.00
2006-03-31	54.45	55.16	53.61	54.96	495600.00
2006-04-03	54.96	55.73	53.52	53.70	408700.00
2006-04-04	53.70	53.95	52.82	53.84	465000.00
2006-04-05	54.34	54.66	54.09	54.47	240300.00
2006-04-06	54.47	54.93	54.07	54.38	323600.00
2006-04-07	54.38	54.72	53.41	53.41	239000.00
2006-04-10	51.72	52.93	51.52	52.08	504700.00
2006-04-11	52.08	52.61	52.00	52.03	368300.00
2006-04-12	52.03	52.70	51.69	51.84	441100.00
2006-04-13	51.51	51.51	50.83	51.00	413300.00
2006-04-17	50.75	51.33	50.68	51.07	228100.00
2006-04-18	51.18	52.84	51.08	52.28	464100.00
2006-04-19	52.20	53.98	52.20	53.74	431600.00
2006-04-20	53.66	54.38	52.95	54.31	278600.00
2006-04-21	54.44	55.00	54.15	54.59	328800.00
2006-04-24	54.63	54.63	54.02	54.15	226300.00
2006-04-25	54.28	54.43	53.82	54.06	334500.00
2006-04-26	54.33	54.76	53.88	54.11	331300.00
2006-04-27	53.98	55.04	53.37	54.25	385400.00
2006-04-28	54.38	55.20	54.20	54.25	351400.00
2006-05-01	54.38	54.60	53.07	53.08	309100.00
2006-05-02	53.08	53.11	51.53	52.43	490400.00
2006-05-03	52.31	52.31	51.69	52.08	334200.00
2006-05-04	52.21	53.81	52.21	53.37	312000.00
2006-05-05	53.90	54.78	53.85	54.20	420900.00
2006-05-08	54.25	54.99	54.10	54.81	259200.00
2006-05-09	54.82	54.95	54.50	54.68	209000.00
2006-05-10	54.68	54.90	54.30	54.79	177200.00
2006-05-11	54.84	54.91	53.23	53.34	250200.00
2006-05-12	53.21	53.22	52.21	52.50	233200.00
2006-05-15	52.50	53.99	52.14	53.94	339400.00
2006-05-16	53.81	54.42	53.31	53.34	261100.00
2006-05-17	52.44	52.91	51.92	52.58	379000.00
2006-05-18	52.70	52.99	51.51	51.70	420300.00
2006-05-19	52.01	52.35	50.82	51.63	473300.00
2006-05-22	51.63	51.75	50.92	51.58	289600.00
2006-05-23	51.98	52.76	51.66	51.78	371600.00
2006-05-24	51.13	52.28	50.62	51.65	459100.00
2006-05-25	51.96	53.04	51.93	52.95	420800.00
2006-05-26	53.07	53.76	52.93	53.56	256100.00
2006-05-30	53.26	53.59	52.94	53.07	317100.00
2006-05-31	53.14	53.81	52.46	53.55	410100.00
2006-06-01	53.55	54.73	53.39	54.73	444200.00
2006-06-02	55.41	56.42	54.50	54.80	392500.00
2006-06-05	54.45	55.86	54.43	54.85	408500.00
2006-06-06	54.89	55.14	54.22	54.50	254300.00
2006-06-07	54.57	55.54	54.04	55.15	321400.00
2006-06-08	54.86	55.27	53.24	54.56	689900.00
2006-06-09	54.84	55.14	54.49	54.98	237300.00
2006-06-12	54.98	54.98	53.95	54.00	243600.00
2006-06-13	54.13	54.62	53.53	53.59	395400.00
2006-06-14	53.59	53.63	52.92	53.19	292900.00
2006-06-15	53.28	54.15	53.23	53.98	294000.00
2006-06-16	54.23	54.36	53.44	54.27	227100.00
2006-06-19	54.39	54.68	53.77	53.94	149200.00
2006-06-20	53.70	53.99	52.99	53.02	412100.00
2006-06-21	52.98	53.52	52.74	53.46	421300.00
2006-06-22	53.46	53.72	52.97	53.21	213200.00
2006-06-23	53.22	53.38	52.62	53.27	303400.00
2006-06-26	53.19	53.82	53.15	53.69	243400.00
2006-06-27	53.64	53.94	53.52	53.70	274200.00
2006-06-28	53.82	54.40	53.74	54.40	206800.00
2006-06-29	54.75	55.69	54.56	55.69	375100.00
2006-06-30	55.69	56.59	55.62	56.13	476900.00
2006-07-03	56.20	56.91	56.15	56.84	214000.00
2006-07-05	56.78	57.21	56.04	56.94	309600.00
2006-07-06	57.04	57.44	56.83	57.37	244900.00
2006-07-07	57.37	57.52	57.05	57.19	490500.00
2006-07-10	57.44	57.96	57.40	57.95	219100.00
2006-07-11	59.37	59.48	57.65	58.04	449700.00
2006-07-12	58.15	58.33	57.70	58.27	224400.00
2006-07-13	58.27	58.44	56.89	57.28	226400.00
2006-07-14	57.30	57.30	56.12	56.57	237500.00
2006-07-17	56.33	56.66	55.96	56.25	220700.00
2006-07-18	56.73	57.14	56.30	57.13	277000.00
2006-07-19	57.18	58.68	57.05	58.15	350100.00
2006-07-20	58.48	58.60	57.57	57.65	284100.00
2006-07-21	57.55	57.68	56.12	56.34	407200.00
2006-07-24	56.47	57.41	56.16	57.34	200300.00
2006-07-25	57.34	57.94	57.00	57.88	338400.00
2006-07-26	57.95	58.86	57.95	58.41	442300.00
2006-07-27	59.35	59.61	58.41	58.62	327800.00
2006-07-28	58.81	59.52	58.60	59.40	376700.00
2006-07-31	59.35	59.51	58.80	59.33	325100.00
2006-08-01	59.33	59.33	58.44	58.94	273400.00
2006-08-02	58.74	58.90	58.41	58.67	282200.00
2006-08-03	58.41	59.37	58.36	59.31	287500.00
2006-08-04	59.73	60.24	59.58	60.11	308700.00
2006-08-07	60.11	60.11	58.46	58.54	322600.00
2006-08-08	58.51	58.51	57.08	57.13	409800.00
2006-08-09	57.37	57.72	57.04	57.23	349100.00
2006-08-10	57.11	57.26	56.61	56.92	330000.00
2006-08-11	56.99	57.10	56.47	56.98	224900.00
2006-08-14	57.37	58.07	57.29	57.46	185700.00
2006-08-15	58.08	58.35	57.92	58.08	208300.00
2006-08-16	58.08	58.59	57.60	58.45	224500.00
2006-08-17	58.51	58.59	58.03	58.46	197100.00
2006-08-18	58.46	58.78	58.25	58.63	235200.00
2006-08-21	58.61	59.24	58.48	59.12	154800.00
2006-08-22	58.99	59.79	58.86	59.79	222300.00
2006-08-23	60.29	60.29	59.55	59.88	417900.00
2006-08-24	59.88	60.39	59.79	60.39	225800.00
2006-08-25	60.33	60.74	60.19	60.49	175200.00
2006-08-28	60.36	61.06	60.36	60.96	142300.00
2006-08-29	61.40	62.34	60.60	60.96	397200.00
2006-08-30	61.30	61.41	61.11	61.30	268300.00
2006-08-31	61.43	61.70	61.13	61.40	195300.00
2006-09-01	61.35	61.49	60.80	60.89	172800.00
2006-09-05	61.11	61.65	61.11	61.65	286500.00
2006-09-06	61.65	61.85	61.46	61.76	237900.00
2006-09-07	61.76	61.94	61.46	61.57	301900.00
2006-09-08	61.48	62.27	61.01	62.11	214900.00
2006-09-11	61.60	61.96	61.26	61.70	225300.00
2006-09-12	61.70	62.87	61.30	62.78	302200.00
2006-09-13	63.03	63.54	62.85	63.14	256500.00
2006-09-14	63.02	63.03	62.36	62.40	231800.00
2006-09-15	63.87	63.87	62.24	62.24	360300.00
2006-09-18	62.24	62.24	61.67	61.76	233400.00
2006-09-19	61.88	63.35	61.70	62.79	372500.00
2006-09-20	63.10	63.52	61.95	62.13	323000.00
2006-09-21	62.13	62.44	61.04	61.23	297100.00
2006-09-22	61.35	61.79	60.89	61.60	219900.00
2006-09-25	61.61	61.82	60.51	61.01	470800.00
2006-09-26	60.89	61.11	60.36	60.52	334700.00
2006-09-27	60.53	61.69	60.08	61.67	393600.00
2006-09-28	61.72	61.79	61.05	61.37	440400.00
2006-09-29	61.45	61.82	61.41	61.49	283200.00
2006-10-02	61.58	62.28	60.93	61.60	286800.00
2006-10-03	61.65	62.36	61.65	62.20	266500.00
2006-10-04	62.42	63.20	62.42	63.09	309100.00
2006-10-05	63.22	63.61	62.98	63.29	264100.00
2006-10-06	63.10	63.10	62.23	62.30	244900.00
2006-10-09	62.36	62.77	61.72	62.74	176400.00
2006-10-10	62.86	63.12	61.98	62.75	251600.00
2006-10-11	62.65	63.25	62.29	62.66	269300.00
2006-10-12	62.79	63.89	62.77	63.89	368500.00
2006-10-13	63.83	64.86	63.73	64.71	224200.00
2006-10-16	64.98	65.24	64.77	65.07	150300.00
2006-10-17	65.07	65.28	64.46	64.71	205500.00
2006-10-18	65.01	65.53	64.90	65.21	218500.00
2006-10-19	65.34	65.46	64.64	64.92	136500.00
2006-10-20	64.83	65.22	64.31	65.09	240200.00
2006-10-23	64.91	65.65	64.73	65.65	315700.00
2006-10-24	65.37	65.84	65.28	65.55	301000.00
2006-10-25	65.68	66.01	65.25	65.76	245100.00
2006-10-26	65.88	66.72	65.88	66.50	291900.00
2006-10-27	66.50	66.67	65.96	66.13	349600.00
2006-10-30	66.26	67.06	65.71	66.74	334600.00
2006-10-31	67.25	67.40	66.32	66.93	269000.00
2006-11-01	66.81	67.10	65.89	66.08	284100.00
2006-11-02	66.08	66.08	63.53	63.90	791000.00
2006-11-03	63.90	64.19	62.43	62.85	579800.00
2006-11-06	62.89	63.98	62.89	63.79	376600.00
2006-11-07	63.80	63.94	62.98	62.99	303500.00
2006-11-08	62.61	63.38	62.17	63.08	249300.00
2006-11-09	62.82	63.44	62.71	63.12	263500.00
2006-11-10	63.58	63.58	62.98	63.33	197500.00
2006-11-13	63.33	63.55	62.63	63.10	293600.00
2006-11-14	63.47	63.94	62.96	63.94	337900.00
2006-11-15	63.94	64.11	63.60	63.84	262500.00
2006-11-16	63.87	64.23	63.58	63.95	202900.00
2006-11-17	63.95	63.95	63.26	63.60	321800.00
2006-11-20	64.61	66.73	64.61	66.01	716600.00
2006-11-21	65.80	67.64	65.80	67.30	396100.00
2006-11-22	67.29	67.95	66.74	67.30	518100.00
2006-11-24	67.81	68.16	67.48	68.07	104200.00
2006-11-27	68.07	68.07	65.40	65.50	417200.00
2006-11-28	65.50	65.50	64.58	65.39	448000.00
2006-11-29	66.39	66.91	65.87	66.86	325300.00
2006-11-30	67.88	67.97	66.84	67.97	361300.00
2006-12-01	68.22	68.24	66.95	67.36	284900.00
2006-12-04	67.36	68.74	67.36	68.44	284900.00
2006-12-05	68.44	68.54	67.42	67.62	282900.00
2006-12-06	67.62	67.62	66.41	67.20	317000.00
2006-12-07	67.21	67.47	66.56	66.68	198600.00
2006-12-08	66.68	67.04	66.35	66.61	200400.00
2006-12-11	66.61	67.75	66.58	67.50	319300.00
2006-12-12	67.24	67.68	66.91	67.26	274100.00
2006-12-13	67.41	67.41	66.59	66.89	372400.00
2006-12-14	66.89	67.30	66.71	67.13	401700.00
2006-12-15	67.41	67.56	66.21	66.21	303600.00
2006-12-18	66.21	66.85	65.90	66.12	326700.00
2006-12-19	65.81	65.86	64.81	65.41	431700.00
2006-12-20	65.68	66.21	65.64	65.93	383000.00
2006-12-21	66.78	66.78	65.33	65.33	284100.00
2006-12-22	64.99	65.05	63.95	64.44	209700.00
2006-12-26	64.51	65.04	64.51	64.75	204100.00
2006-12-27	64.75	65.38	64.75	65.19	211200.00
2006-12-28	65.19	66.18	65.03	65.83	334000.00
2006-12-29	66.03	66.92	65.84	66.83	406900.00
2007-01-03	66.91	67.07	65.91	66.16	511300.00
2007-01-04	68.15	68.55	67.27	67.68	1888300.00
2007-01-05	69.17	69.17	66.78	66.91	681700.00
2007-01-08	66.78	67.81	66.68	67.73	945500.00
2007-01-09	68.53	68.75	66.42	66.49	4979800.00
2007-01-10	66.65	67.65	66.49	67.49	1360700.00
2007-01-11	67.96	69.89	67.51	69.59	1573000.00
2007-01-12	68.86	70.40	68.81	70.18	547700.00
2007-01-16	70.43	72.02	70.30	71.72	752700.00
2007-01-17	71.72	72.17	70.99	72.12	569500.00
2007-01-18	74.26	74.36	72.42	72.93	1055300.00
2007-01-19	72.97	73.74	72.38	73.74	645700.00
2007-01-22	73.75	73.87	72.66	73.05	652800.00
2007-01-23	73.15	74.51	73.05	73.94	835100.00
2007-01-24	74.26	75.54	73.92	75.36	691400.00
2007-01-25	75.36	76.54	75.08	75.27	789800.00
2007-01-26	75.27	75.67	74.40	75.43	639500.00
2007-01-29	73.83	75.48	73.83	74.89	619900.00
2007-01-30	75.09	76.17	74.60	76.14	576100.00
2007-01-31	75.88	76.70	75.11	76.24	568600.00
2007-02-01	75.40	75.95	74.44	75.48	1180500.00
2007-02-02	75.42	75.47	74.68	74.82	765000.00
2007-02-05	74.90	75.12	74.59	74.98	499600.00
2007-02-06	75.02	76.20	74.59	76.12	563900.00
2007-02-07	76.12	77.05	75.39	76.32	835200.00
2007-02-08	76.32	76.94	75.84	75.93	803800.00
2007-02-09	75.88	76.69	73.10	75.02	1234600.00
2007-02-12	75.02	75.02	73.36	73.48	992600.00
2007-02-13	74.00	75.12	72.64	75.03	1181800.00
2007-02-14	75.03	75.22	73.96	74.39	786500.00
2007-02-15	74.64	75.28	74.03	75.02	598700.00
2007-02-16	75.02	75.03	73.64	74.53	557300.00
2007-02-20	75.28	75.74	73.89	75.39	833300.00
2007-02-21	73.64	75.36	73.64	74.74	589300.00
2007-02-22	74.95	74.95	73.73	74.11	520000.00
2007-02-23	74.00	74.00	72.43	72.55	714200.00
2007-02-26	70.82	72.87	70.22	71.94	974000.00
2007-02-27	71.51	71.94	68.86	69.31	1120400.00
2007-02-28	70.40	70.91	69.42	70.58	966900.00
2007-03-01	70.53	70.53	67.93	68.90	1454300.00
2007-03-02	68.91	69.24	67.44	67.47	1118300.00
2007-03-05	65.52	66.75	64.37	64.47	2274900.00
2007-03-06	64.88	67.10	64.75	66.79	1329700.00
2007-03-07	68.35	68.36	65.56	65.63	1145400.00
2007-03-08	66.33	67.54	66.24	66.47	1083200.00
2007-03-09	66.86	67.73	66.85	67.36	530300.00
2007-03-12	67.10	68.00	66.33	67.49	666800.00
2007-03-13	66.51	66.74	65.13	65.24	1050800.00
2007-03-14	65.66	66.57	64.34	66.10	1029700.00
2007-03-15	66.55	67.22	66.45	66.90	740600.00
2007-03-16	66.88	67.09	65.68	65.96	1008700.00
2007-03-19	66.48	67.66	66.45	67.21	645300.00
2007-03-20	68.33	68.33	66.90	67.91	555300.00
2007-03-21	67.33	69.16	67.14	69.06	609300.00
2007-03-22	71.06	71.06	68.62	69.26	451800.00
2007-03-23	69.15	69.85	69.08	69.36	381100.00
2007-03-26	68.95	69.29	67.61	67.95	655400.00
2007-03-27	67.85	67.85	66.24	66.34	720100.00
2007-03-28	64.86	66.19	63.98	65.01	1106300.00
2007-03-29	65.01	65.96	64.82	65.09	736500.00
2007-03-30	65.48	67.51	65.23	67.26	1461900.00
2007-04-02	67.00	67.51	66.40	67.38	718400.00
2007-04-03	67.67	68.39	67.43	68.03	638500.00
2007-04-04	68.14	68.14	66.97	67.58	545000.00
2007-04-05	67.58	67.77	67.38	67.51	307000.00
2007-04-09	67.54	68.03	67.24	67.36	272100.00
2007-04-10	67.51	67.70	67.00	67.46	344600.00
2007-04-11	66.69	67.63	65.76	66.12	812100.00
2007-04-12	65.25	66.12	65.04	65.52	660800.00
2007-04-13	65.45	66.72	65.26	66.60	572500.00
2007-04-16	66.74	66.95	66.04	66.32	371700.00
2007-04-17	66.90	67.72	66.22	67.72	546600.00
2007-04-18	67.59	68.11	67.18	67.66	628500.00
2007-04-19	67.36	67.76	66.87	67.39	490100.00
2007-04-20	67.40	67.76	67.04	67.44	687500.00
2007-04-23	67.39	68.96	67.39	68.81	521600.00
2007-04-24	68.92	68.92	67.50	67.78	414300.00
2007-04-25	68.42	68.68	67.14	67.88	597800.00
2007-04-26	67.64	68.03	66.69	66.73	571500.00
2007-04-27	66.35	66.36	64.98	65.16	1454600.00
2007-04-30	65.16	65.18	63.13	63.25	1394800.00
2007-05-01	63.46	63.53	61.58	62.20	1569100.00
2007-05-02	61.92	62.25	61.52	62.18	1420900.00
2007-05-03	62.60	63.35	62.35	62.73	764100.00
2007-05-04	62.52	62.52	61.18	61.58	832300.00
2007-05-07	61.60	62.27	61.60	62.09	542000.00
2007-05-08	61.69	61.96	61.56	61.58	667800.00
2007-05-09	61.59	62.99	61.33	62.45	817100.00
2007-05-10	62.21	62.50	61.61	61.63	671600.00
2007-05-11	62.51	64.64	62.51	64.07	1362000.00
2007-05-14	64.07	64.74	63.94	64.31	908700.00
2007-05-15	64.45	65.70	63.24	63.24	1434400.00
2007-05-16	63.25	63.40	61.37	62.28	1013700.00
2007-05-17	62.15	62.16	60.88	60.90	1145300.00
2007-05-18	61.05	61.16	59.69	60.16	834300.00
2007-05-21	60.16	61.55	59.93	60.71	755500.00
2007-05-22	60.84	61.83	60.63	61.44	642800.00
2007-05-23	62.06	62.46	61.17	61.24	826600.00
2007-05-24	61.15	61.31	59.00	59.88	1143300.00
2007-05-25	60.04	62.39	60.03	61.51	1333800.00
2007-05-29	63.12	66.23	63.12	65.76	2272700.00
2007-05-30	66.22	69.66	65.61	68.77	2615200.00
2007-05-31	69.20	69.32	66.76	67.46	1356700.00
2007-06-01	67.46	67.78	66.11	66.95	578000.00
2007-06-04	67.01	68.47	66.86	68.01	1078700.00
2007-06-05	68.01	68.33	66.79	66.80	975000.00
2007-06-06	65.96	66.43	64.98	65.70	786200.00
2007-06-07	65.08	65.70	63.21	63.40	1558400.00
2007-06-08	63.76	64.51	62.93	64.41	743900.00
2007-06-11	64.42	64.82	63.47	63.55	653200.00
2007-06-12	63.55	63.55	62.33	62.54	923000.00
2007-06-13	62.87	67.04	62.51	66.72	3395600.00
2007-06-14	66.17	66.93	65.47	66.06	1062900.00
2007-06-15	66.74	67.54	66.45	67.00	841700.00
2007-06-18	65.06	66.74	64.84	65.62	796300.00
2007-06-19	65.62	66.44	64.79	66.44	585100.00
2007-06-20	66.54	67.00	63.59	63.60	1285200.00
2007-06-21	62.99	63.66	60.44	62.90	1556100.00
2007-06-22	62.34	63.11	61.98	62.61	1192900.00
2007-06-25	62.34	63.12	61.42	61.91	1271200.00
2007-06-26	62.00	62.59	60.26	61.05	944200.00
2007-06-27	60.81	63.37	59.89	63.26	1376400.00
2007-06-28	62.72	63.93	61.96	62.28	932500.00
2007-06-29	62.44	63.51	61.38	61.95	1008300.00
2007-07-02	61.95	63.81	61.71	63.75	825300.00
2007-07-03	64.25	64.78	63.34	63.75	438600.00
2007-07-05	64.77	66.94	64.49	65.14	832700.00
2007-07-06	65.14	65.21	64.11	64.79	506900.00
2007-07-09	65.00	65.06	63.58	64.20	530100.00
2007-07-10	63.55	63.84	62.04	62.43	1098500.00
2007-07-11	61.99	62.45	61.38	62.08	801400.00
2007-07-12	62.32	63.15	61.85	63.15	667200.00
2007-07-13	62.95	64.01	62.33	63.96	405600.00
2007-07-16	64.02	64.91	63.49	63.50	481900.00
2007-07-17	63.75	64.28	62.66	63.01	552500.00
2007-07-18	62.65	62.65	60.79	62.31	889600.00
2007-07-19	62.81	62.94	62.14	62.38	518900.00
2007-07-20	62.31	62.31	60.28	60.87	795600.00
2007-07-23	61.10	61.49	60.01	60.06	724700.00
2007-07-24	59.62	60.45	58.32	58.55	838300.00
2007-07-25	59.44	59.80	57.12	58.35	950100.00
2007-07-26	57.43	58.13	55.21	56.89	1417400.00
2007-07-27	55.25	58.54	55.25	55.76	1723400.00
2007-07-30	55.76	56.82	55.19	56.54	1002600.00
2007-07-31	57.06	57.86	55.81	56.26	1026900.00
2007-08-01	56.49	59.32	55.60	59.17	1782500.00
2007-08-02	59.17	60.14	58.50	59.61	1470900.00
2007-08-03	59.61	59.65	56.82	57.20	1424900.00
2007-08-06	54.50	58.20	54.43	58.20	1306300.00
2007-08-07	57.59	61.28	57.28	60.63	1657300.00
2007-08-08	61.18	62.85	60.96	62.75	1367600.00
2007-08-09	61.07	66.13	58.81	62.75	1540500.00
2007-08-10	61.79	62.43	60.24	60.37	1334500.00
2007-08-13	60.66	60.92	58.49	58.49	870300.00
2007-08-14	58.20	58.79	56.12	56.12	1094800.00
2007-08-15	55.99	58.36	55.09	55.24	1061000.00
2007-08-16	54.14	58.80	53.92	58.55	2283900.00
2007-08-17	63.05	64.59	56.74	59.22	1784800.00
2007-08-20	59.05	61.58	58.67	60.20	1200300.00
2007-08-21	59.63	61.34	59.63	61.25	926000.00
2007-08-22	61.61	61.79	60.06	60.44	686300.00
2007-08-23	60.38	61.13	59.46	60.06	613700.00
2007-08-24	59.56	60.32	59.19	59.54	505600.00
2007-08-27	59.62	59.92	58.52	58.59	379100.00
2007-08-28	58.39	58.52	57.10	57.10	893500.00
2007-08-29	57.53	58.30	57.11	58.30	519000.00
2007-08-30	57.97	60.16	57.53	58.66	716500.00
2007-08-31	59.57	60.39	58.75	59.60	725600.00
2007-09-04	59.44	61.18	58.95	60.52	578000.00
2007-09-05	59.69	60.22	58.86	59.04	673800.00
2007-09-06	59.18	59.51	58.64	59.17	409300.00
2007-09-07	57.92	58.75	57.38	57.91	659100.00
2007-09-10	58.91	59.82	57.43	57.74	775400.00
2007-09-11	57.79	59.17	57.79	58.98	684000.00
2007-09-12	58.94	59.93	58.16	59.64	424200.00
2007-09-13	60.23	61.79	59.94	60.79	812000.00
2007-09-14	60.19	60.40	59.67	60.40	495500.00
2007-09-17	60.38	60.44	59.65	59.92	287000.00
2007-09-18	60.22	61.60	59.86	61.39	834800.00
2007-09-19	61.83	62.48	61.23	61.55	852000.00
2007-09-20	61.72	61.86	60.20	60.49	612100.00
2007-09-21	61.22	61.25	60.32	60.45	704400.00
2007-09-24	60.91	62.89	60.58	62.54	791200.00
2007-09-25	62.13	62.25	61.39	61.79	594500.00
2007-09-26	62.28	62.80	61.76	62.57	608300.00
2007-09-27	62.92	63.38	62.30	62.66	413400.00
2007-09-28	62.14	62.46	61.22	61.97	574000.00
2007-10-01	61.97	62.93	61.80	62.72	719300.00
2007-10-02	62.70	64.08	62.66	64.08	994700.00
2007-10-03	64.30	64.77	63.53	64.01	1059300.00
2007-10-04	63.78	64.43	62.54	64.18	736500.00
2007-10-05	64.30	65.29	63.58	65.06	823200.00
2007-10-08	63.44	64.18	63.28	63.42	592900.00
2007-10-09	63.99	65.28	63.46	65.21	791900.00
2007-10-10	65.35	65.61	64.69	65.19	556200.00
2007-10-11	65.61	65.86	64.25	64.52	589300.00
2007-10-12	64.88	64.91	62.73	63.14	566100.00
2007-10-15	63.48	63.57	61.07	61.28	540800.00
2007-10-16	61.00	61.06	59.05	59.84	1361300.00
2007-10-17	60.47	60.47	58.27	59.86	698900.00
2007-10-18	59.71	60.23	58.71	59.92	824900.00
2007-10-19	59.53	59.70	57.10	57.27	1101000.00
2007-10-22	56.73	58.92	56.42	58.69	935600.00
2007-10-23	58.92	60.82	58.83	60.82	955100.00
2007-10-24	60.97	61.12	58.73	60.48	809200.00
2007-10-25	60.51	61.23	59.43	60.71	676600.00
2007-10-26	61.27	61.93	60.41	61.86	557300.00
2007-10-29	62.29	62.66	61.19	61.48	531100.00
2007-10-30	61.50	62.98	61.50	62.64	483700.00
2007-10-31	62.77	64.38	61.93	64.38	859100.00
2007-11-01	62.98	63.22	59.56	60.07	1794500.00
2007-11-02	60.46	60.46	57.97	58.87	1190400.00
2007-11-05	58.00	58.37	56.30	57.21	957400.00
2007-11-06	56.92	57.71	55.83	57.64	942100.00
2007-11-07	56.29	56.48	55.06	55.06	1394800.00
2007-11-08	55.11	56.03	53.79	55.25	1221700.00
2007-11-09	53.97	56.50	53.97	55.84	982900.00
2007-11-12	55.62	56.05	54.47	54.68	1240500.00
2007-11-13	54.96	58.35	54.92	58.35	980000.00
2007-11-14	58.73	59.22	55.53	55.71	918800.00
2007-11-15	54.93	55.58	53.84	54.59	1168100.00
2007-11-16	54.86	54.86	52.70	53.48	846000.00
2007-11-19	53.05	53.34	51.78	52.17	1375600.00
2007-11-20	52.23	53.62	49.88	50.92	1408500.00
2007-11-21	50.35	51.06	49.88	50.61	1189700.00
2007-11-23	51.52	52.35	51.09	52.14	243200.00
2007-11-26	51.99	52.22	48.94	48.94	1199400.00
2007-11-27	47.58	49.97	47.46	49.77	2112000.00
2007-11-28	50.58	52.27	50.21	51.49	1067600.00
2007-11-29	51.24	51.51	50.29	51.40	1034500.00
2007-11-30	51.66	52.75	51.48	52.19	1613600.00
2007-12-03	52.00	52.18	50.85	51.57	792500.00
2007-12-04	51.37	51.56	49.65	49.65	678000.00
2007-12-05	50.40	52.55	50.40	52.52	822400.00
2007-12-06	52.44	54.67	52.27	54.67	737500.00
2007-12-07	54.82	55.67	53.92	54.17	691400.00
2007-12-10	54.73	55.96	53.54	55.53	621700.00
2007-12-11	55.68	55.71	51.33	51.33	933300.00
2007-12-12	52.59	52.75	49.65	50.61	1477800.00
2007-12-13	50.33	51.00	49.51	50.51	888600.00
2007-12-14	49.76	51.10	49.04	49.08	1101100.00
2007-12-17	48.89	49.41	47.59	48.06	1131600.00
2007-12-18	47.35	48.78	46.68	48.59	1795600.00
2007-12-19	49.03	49.84	48.42	49.67	1110900.00
2007-12-20	50.34	50.45	48.48	49.16	866800.00
2007-12-21	49.86	50.41	49.52	50.27	946600.00
2007-12-24	50.38	52.25	50.38	52.24	191800.00
2007-12-26	51.86	51.88	50.09	50.42	546400.00
2007-12-27	50.42	50.56	48.97	49.73	630000.00
2007-12-28	50.29	50.30	48.84	49.15	792200.00
2007-12-31	48.97	50.13	48.39	49.85	587900.00
2008-01-02	49.01	49.76	47.74	48.37	1137400.00
2008-01-03	49.12	49.12	46.25	46.51	1364800.00
2008-01-04	45.12	46.00	44.47	44.49	1363000.00
2008-01-07	44.59	46.18	43.70	46.04	1475000.00
2008-01-08	46.31	48.28	44.60	44.84	1624600.00
2008-01-09	44.92	46.03	42.76	45.82	1783500.00
2008-01-10	45.37	47.26	43.42	46.00	1698200.00
2008-01-11	45.13	47.61	44.55	46.53	1449500.00
2008-01-14	46.81	47.60	44.11	45.43	1423800.00
2008-01-15	44.48	45.44	43.79	44.24	1208100.00
2008-01-16	44.24	46.43	44.12	45.93	1456000.00
2008-01-17	45.98	46.68	44.95	45.04	1394700.00
2008-01-18	45.81	46.04	43.33	44.05	1765700.00
2008-01-22	42.29	46.66	41.92	45.74	1741800.00
2008-01-23	43.68	50.75	43.68	50.55	3919600.00
2008-01-24	50.84	50.84	48.19	48.84	1352700.00
2008-01-25	49.51	50.52	48.52	48.67	1429900.00
2008-01-28	48.25	50.57	48.10	50.57	1374900.00
2008-01-29	50.71	51.02	49.69	50.54	1075100.00
2008-01-30	50.28	51.80	48.60	49.17	1595200.00
2008-01-31	48.49	50.33	48.20	49.66	1505900.00
2008-02-01	49.95	52.95	49.78	52.53	1455800.00
2008-02-04	51.88	52.16	50.23	50.45	993800.00
2008-02-05	49.25	50.60	48.40	48.56	1155600.00
2008-02-06	49.23	49.78	48.52	48.64	1458000.00
2008-02-07	48.63	49.94	47.53	49.22	1816500.00
2008-02-08	48.80	49.65	47.29	47.95	1237800.00
2008-02-11	48.48	48.48	46.73	47.16	951900.00
2008-02-12	47.80	49.82	47.51	49.62	1645500.00
2008-02-13	49.86	50.74	49.29	50.72	1433700.00
2008-02-14	50.63	50.78	49.12	49.26	978100.00
2008-02-15	49.17	49.25	47.88	48.77	1163600.00
2008-02-19	49.74	50.04	48.98	50.00	1353600.00
2008-02-20	49.52	50.67	49.13	50.61	1214500.00
2008-02-21	50.69	51.32	49.04	49.18	1032300.00
2008-02-22	49.62	50.70	48.54	50.70	801800.00
2008-02-25	50.59	52.82	49.76	52.82	1218900.00
2008-02-26	52.43	53.38	51.68	52.48	1221600.00
2008-02-27	52.16	52.76	51.42	51.89	700900.00
2008-02-28	51.47	51.54	50.31	50.41	910200.00
2008-02-29	50.01	50.50	48.84	48.95	1045900.00
2008-03-03	49.07	49.28	47.85	49.24	1143400.00
2008-03-04	48.60	49.64	48.04	49.24	1020900.00
2008-03-05	49.28	50.34	48.86	49.60	984100.00
2008-03-06	49.17	49.41	47.92	48.06	1334800.00
2008-03-07	47.79	49.30	47.31	48.85	1179600.00
2008-03-10	48.72	48.83	46.95	47.11	1399600.00
2008-03-11	48.61	50.63	47.59	50.39	1526000.00
2008-03-12	50.31	51.90	49.84	50.23	1268100.00
2008-03-13	49.19	51.23	48.28	50.83	1237300.00
2008-03-14	50.83	51.29	48.22	49.94	1614000.00
2008-03-17	48.93	51.28	48.75	50.56	2048900.00
2008-03-18	51.14	52.85	50.76	52.85	2081100.00
2008-03-19	52.96	54.56	52.22	53.39	1828200.00
2008-03-20	53.52	55.41	53.29	55.22	1546400.00
2008-03-24	55.34	56.12	55.34	55.76	1264000.00
2008-03-25	55.74	55.92	54.26	55.31	910900.00
2008-03-26	55.14	55.26	53.21	53.54	1511800.00
2008-03-27	54.33	54.37	51.98	52.07	1482000.00
2008-03-28	51.93	52.02	50.77	50.82	1948400.00
2008-03-31	51.64	53.27	51.26	51.58	1658400.00
2008-04-01	52.63	54.85	52.63	54.64	1516500.00
2008-04-02	55.45	55.45	53.71	54.08	1219400.00
2008-04-03	53.89	55.75	53.49	55.71	1062400.00
2008-04-04	55.67	56.35	54.95	55.58	1433700.00
2008-04-07	56.11	56.61	55.32	56.41	1072100.00
2008-04-08	56.12	56.12	54.62	54.64	1094100.00
2008-04-09	54.25	54.69	52.09	52.19	1178400.00
2008-04-10	52.45	52.61	51.45	51.98	1735500.00
2008-04-11	51.36	52.12	50.96	51.48	979500.00
2008-04-14	51.14	52.14	50.95	51.11	903600.00
2008-04-15	51.64	51.90	50.87	51.90	782300.00
2008-04-16	52.50	53.32	52.10	53.25	1184000.00
2008-04-17	52.99	53.94	52.71	53.85	1021800.00
2008-04-18	55.17	55.19	53.52	54.03	944100.00
2008-04-21	53.65	54.33	53.49	54.04	747100.00
2008-04-22	54.08	54.88	53.47	53.86	917700.00
2008-04-23	54.28	55.27	53.78	55.01	648700.00
2008-04-24	55.14	56.23	54.79	56.18	972200.00
2008-04-25	56.03	56.32	55.35	56.05	974700.00
2008-04-28	56.10	56.25	55.35	55.82	838800.00
2008-04-29	55.77	55.77	54.48	55.33	922600.00
2008-04-30	55.57	55.97	53.31	53.31	910100.00
2008-05-01	54.79	55.64	53.31	55.58	1060100.00
2008-05-02	56.20	57.38	55.87	56.31	1246200.00
2008-05-05	55.80	56.33	55.42	55.59	646200.00
2008-05-06	55.12	55.57	54.48	55.57	1034700.00
2008-05-07	55.86	55.86	53.14	53.26	925700.00
2008-05-08	53.39	54.06	52.69	53.37	838200.00
2008-05-09	52.96	53.60	52.76	53.13	460600.00
2008-05-12	53.57	54.55	52.87	54.37	673200.00
2008-05-13	54.53	54.88	53.71	54.76	645400.00
2008-05-14	55.05	56.11	54.71	55.54	969000.00
2008-05-15	55.42	56.24	54.78	56.24	953900.00
2008-05-16	56.16	56.63	55.41	55.68	810200.00
2008-05-19	55.90	56.59	55.47	56.06	612300.00
2008-05-20	55.79	56.12	55.21	55.62	624200.00
2008-05-21	55.62	55.94	53.78	54.07	1037300.00
2008-05-22	54.04	54.04	53.05	53.26	720000.00
2008-05-23	52.95	53.14	52.32	52.63	759000.00
2008-05-27	52.86	53.84	52.77	53.55	517900.00
2008-05-28	53.87	54.39	53.48	54.03	498100.00
2008-05-29	54.02	54.86	53.76	54.84	736400.00
2008-05-30	54.85	54.96	53.91	54.08	702400.00
2008-06-02	54.09	54.09	52.28	52.82	808300.00
2008-06-03	53.20	53.52	52.58	53.38	706800.00
2008-06-04	53.01	54.19	52.69	53.56	967300.00
2008-06-05	54.00	56.16	53.84	56.16	951900.00
2008-06-06	55.34	55.72	52.83	52.99	879500.00
2008-06-09	53.49	53.99	51.54	51.63	1146600.00
2008-06-10	51.24	52.50	50.77	52.45	1112000.00
2008-06-11	52.24	52.52	51.03	51.11	1218700.00
2008-06-12	51.73	52.37	50.79	51.45	1015600.00
2008-06-13	52.00	52.62	51.00	52.62	719000.00
2008-06-16	52.07	53.18	51.84	53.18	668400.00
2008-06-17	53.31	53.31	51.03	51.03	979300.00
2008-06-18	50.77	51.09	50.13	50.62	969000.00
2008-06-19	50.39	51.54	50.33	51.53	1061800.00
2008-06-20	51.39	51.39	49.38	49.53	1136700.00
2008-06-23	49.66	49.90	48.17	48.47	929000.00
2008-06-24	48.48	48.95	47.62	48.44	1281200.00
2008-06-25	48.85	50.40	48.61	49.35	1157000.00
2008-06-26	48.36	49.07	47.79	47.81	984400.00
2008-06-27	48.08	48.45	47.28	47.60	1239200.00
2008-06-30	47.68	49.04	47.29	48.11	855100.00
2008-07-01	47.28	48.15	46.41	48.10	1637400.00
2008-07-02	48.08	48.67	47.19	47.30	785200.00
2008-07-03	48.21	48.21	46.59	46.93	447200.00
2008-07-07	47.26	47.78	45.72	46.54	1302900.00
2008-07-08	46.19	50.63	46.19	49.54	1795000.00
2008-07-09	49.44	49.83	45.51	45.79	1645900.00
2008-07-10	45.59	48.14	45.38	47.12	1569900.00
2008-07-11	46.41	48.51	45.16	47.08	1796800.00
2008-07-14	47.95	47.95	45.18	45.42	1388700.00
2008-07-15	44.90	47.33	44.75	45.79	1803900.00
2008-07-16	46.09	49.93	45.06	49.65	1772900.00
2008-07-17	50.17	50.95	48.38	50.30	1832700.00
2008-07-18	49.93	50.98	49.41	50.36	1321900.00
2008-07-21	50.11	50.70	49.38	50.23	1009300.00
2008-07-22	49.95	51.74	48.58	51.67	1545500.00
2008-07-23	51.67	54.99	51.67	54.34	2713400.00
2008-07-24	53.98	54.02	49.49	49.71	2236500.00
2008-07-25	50.21	52.57	49.89	51.82	1522700.00
2008-07-28	51.79	53.96	50.97	51.45	2227600.00
2008-07-29	51.84	55.28	51.53	55.18	1749200.00
2008-07-30	55.28	56.66	53.92	55.62	3011900.00
2008-07-31	53.00	54.53	52.83	53.81	1882100.00
2008-08-01	55.00	55.00	51.56	53.57	1383200.00
2008-08-04	53.47	53.95	52.18	52.43	1503200.00
2008-08-05	53.62	55.04	53.02	54.97	1803100.00
2008-08-06	54.96	55.40	53.67	54.86	1092300.00
2008-08-07	54.02	54.39	52.24	52.80	1349500.00
2008-08-08	52.83	56.94	52.51	56.41	2189400.00
2008-08-11	56.40	59.08	56.25	58.12	2387300.00
2008-08-12	56.32	57.28	54.80	55.78	1683300.00
2008-08-13	55.85	56.41	54.00	54.70	1412300.00
2008-08-14	54.12	55.51	53.96	54.99	1176700.00
2008-08-15	56.55	56.71	54.35	54.89	1106200.00
2008-08-18	54.74	55.34	52.84	53.27	1072200.00
2008-08-19	53.02	53.02	51.87	52.72	1050700.00
2008-08-20	53.12	53.34	51.48	52.94	1116700.00
2008-08-21	51.85	53.46	51.74	53.01	1022700.00
2008-08-22	53.06	54.80	52.72	54.57	1062400.00
2008-08-25	54.29	54.29	52.26	52.49	689800.00
2008-08-26	52.24	53.30	51.80	53.09	702800.00
2008-08-27	52.86	53.96	52.54	53.50	586900.00
2008-08-28	53.64	54.65	53.43	54.58	1075000.00
2008-08-29	54.42	54.97	53.50	53.96	901700.00
2008-09-02	55.41	56.19	52.82	53.92	1222700.00
2008-09-03	53.62	55.03	53.54	54.99	1014600.00
2008-09-04	54.10	55.10	53.05	53.23	1441600.00
2008-09-05	52.67	54.02	52.11	53.97	903000.00
2008-09-08	56.66	57.20	54.63	56.37	2516600.00
2008-09-09	56.10	56.33	53.15	53.63	1988800.00
2008-09-10	53.61	54.62	53.01	54.04	1690500.00
2008-09-11	53.59	54.03	52.53	53.67	1509900.00
2008-09-12	52.83	54.08	52.78	54.05	1023200.00
2008-09-15	52.41	52.83	49.01	49.33	2899300.00
2008-09-16	47.57	53.15	47.57	52.27	2938800.00
2008-09-17	50.97	52.15	48.08	48.96	2610100.00
2008-09-18	49.40	54.90	47.89	53.13	3842600.00
2008-09-19	56.64	61.02	51.82	56.07	4189300.00
2008-09-22	55.39	55.79	50.01	51.35	1501200.00
2008-09-23	51.11	53.10	50.60	51.16	1453700.00
2008-09-24	51.93	51.93	49.86	50.46	1324600.00
2008-09-25	51.21	52.84	50.28	52.05	1408800.00
2008-09-26	50.90	53.88	50.53	53.56	1744400.00
2008-09-29	52.65	52.65	49.11	50.35	2181600.00
2008-09-30	51.39	53.35	49.32	53.11	1782900.00
2008-10-01	52.80	52.80	50.80	52.52	1498100.00
2008-10-02	51.73	52.00	48.74	48.81	2172800.00
2008-10-03	50.53	51.15	46.29	46.91	2317800.00
2008-10-06	45.53	46.40	42.07	45.74	3647800.00
2008-10-07	46.26	46.78	43.06	43.71	3467900.00
2008-10-08	42.16	46.60	41.85	42.63	3175900.00
2008-10-09	44.49	44.55	39.15	39.36	2677800.00
2008-10-10	38.35	44.78	37.31	44.28	5821700.00
2008-10-13	44.34	47.67	42.54	47.37	2601000.00
2008-10-14	47.31	48.31	41.05	44.22	2739600.00
2008-10-15	43.84	43.84	37.04	37.70	3052600.00
2008-10-16	39.38	41.31	36.67	40.72	4491300.00
2008-10-17	39.73	42.00	38.31	39.84	2493600.00
2008-10-20	40.85	40.85	38.61	40.07	1907500.00
2008-10-21	39.57	40.51	37.86	38.15	1759900.00
2008-10-22	37.19	37.62	33.64	34.98	2543800.00
2008-10-23	35.11	36.86	33.12	36.13	3916200.00
2008-10-24	33.26	36.68	33.10	34.96	2854500.00
2008-10-27	34.41	36.16	33.09	33.33	1606700.00
2008-10-28	34.41	38.37	32.45	38.23	2763700.00
2008-10-29	37.24	38.52	35.82	36.32	3327800.00
2008-10-30	37.37	37.68	35.15	36.60	2468300.00
2008-10-31	37.15	39.42	35.57	38.68	2653100.00
2008-11-03	38.41	38.88	37.13	37.31	1136100.00
2008-11-04	38.35	39.96	37.47	39.20	1961300.00
2008-11-05	39.19	39.54	34.28	34.43	2265400.00
2008-11-06	34.14	35.23	32.63	33.35	2482800.00
2008-11-07	33.72	35.22	31.80	35.04	2368700.00
2008-11-10	35.44	35.70	31.57	31.95	1845000.00
2008-11-11	31.19	33.44	30.99	32.64	1996200.00
2008-11-12	31.80	31.96	29.70	29.97	2486200.00
2008-11-13	30.32	33.94	28.58	33.36	3723900.00
2008-11-14	31.44	32.87	29.63	30.20	2657100.00
2008-11-17	29.80	30.02	27.90	28.28	2991700.00
2008-11-18	28.38	28.95	26.47	28.36	3210500.00
2008-11-19	27.69	28.36	24.26	24.91	4564200.00
2008-11-20	24.37	26.90	22.99	23.31	6132000.00
2008-11-21	23.92	26.62	22.56	26.03	5230100.00
2008-11-24	26.65	31.31	26.41	30.74	4621900.00
2008-11-25	31.64	33.92	30.47	32.82	5826900.00
2008-11-26	32.11	33.87	31.45	33.55	2963500.00
2008-11-28	32.85	33.33	31.84	33.04	1421000.00
2008-12-01	31.70	32.04	27.12	27.38	4524700.00
2008-12-02	28.28	31.32	28.28	31.17	4736700.00
2008-12-03	29.96	33.28	29.08	32.90	3632000.00
2008-12-04	32.14	35.18	31.96	32.78	3388600.00
2008-12-05	32.35	36.90	31.86	36.28	3291600.00
2008-12-08	36.38	37.03	34.44	36.81	4107800.00
2008-12-09	36.02	36.52	33.22	33.70	3547400.00
2008-12-10	34.86	36.33	33.76	36.01	2245400.00
2008-12-11	35.12	35.56	30.98	31.39	4287700.00
2008-12-12	30.71	34.52	30.11	34.33	3869500.00
2008-12-15	34.41	34.44	31.97	33.50	2258800.00
2008-12-16	34.26	37.05	32.99	37.05	4116600.00
2008-12-17	36.52	38.94	35.43	37.10	3015700.00
2008-12-18	37.25	37.25	33.36	33.88	4408400.00
2008-12-19	37.25	37.66	33.73	35.12	2679000.00
2008-12-22	35.21	36.09	32.60	33.65	2446000.00
2008-12-23	34.50	34.69	32.27	32.96	1752200.00
2008-12-24	33.05	33.51	32.49	32.83	693500.00
2008-12-26	33.13	33.17	31.92	32.51	845700.00
2008-12-29	32.57	32.57	30.78	31.44	1769900.00
2008-12-30	31.62	33.36	31.25	33.30	1440100.00
2008-12-31	33.07	35.21	32.88	34.53	1889700.00
2009-01-02	34.80	35.62	33.79	34.01	1671500.00
2009-01-05	33.72	34.26	33.00	33.05	2281700.00
2009-01-06	33.61	35.27	32.87	34.91	2586900.00
2009-01-07	34.05	35.11	33.48	33.80	1933100.00
2009-01-08	33.20	33.27	32.05	32.64	2350200.00
2009-01-09	32.56	33.03	30.79	31.09	1826500.00
2009-01-12	30.71	31.63	28.72	29.10	1824600.00
2009-01-13	28.70	30.84	28.61	30.60	2585800.00
2009-01-14	29.68	30.22	28.96	29.71	2882800.00
2009-01-15	29.45	31.50	28.35	30.65	3324100.00
2009-01-16	31.51	31.73	30.03	31.48	2993600.00
2009-01-20	31.20	31.23	28.54	28.69	3772300.00
2009-01-21	29.47	32.34	29.00	32.15	4739700.00
2009-01-22	31.18	31.66	29.21	29.73	3384200.00
2009-01-23	28.56	31.26	28.56	31.00	2890500.00
2009-01-26	31.00	31.76	29.83	30.57	2327500.00
2009-01-27	30.72	31.46	30.30	31.34	1969800.00
2009-01-28	32.55	33.72	31.82	33.40	4061700.00
2009-01-29	32.67	33.15	31.11	31.17	3407200.00
2009-01-30	31.74	32.06	29.01	29.53	3824800.00
2009-02-02	28.82	29.92	28.25	29.87	3006900.00
2009-02-03	30.30	30.51	28.78	29.47	2293200.00
2009-02-04	29.62	30.14	28.41	28.55	2581600.00
2009-02-05	28.06	28.39	26.00	26.81	4085700.00
2009-02-06	27.23	29.15	26.69	28.81	3192400.00
2009-02-09	28.91	29.13	28.08	29.08	1765500.00
2009-02-10	28.55	29.08	26.28	26.63	4021600.00
2009-02-11	26.86	27.87	26.25	27.70	2809600.00
2009-02-12	26.90	27.31	25.30	27.10	3252700.00
2009-02-13	26.84	27.10	25.18	25.23	2500800.00
2009-02-17	24.34	24.60	23.51	23.88	3704100.00
2009-02-18	24.05	24.65	23.19	24.45	2871500.00
2009-02-19	24.94	25.36	23.26	23.52	3516700.00
2009-02-20	23.06	25.30	22.73	25.10	5252300.00
2009-02-23	25.32	25.42	23.06	23.23	3553200.00
2009-02-24	23.20	25.93	23.20	25.82	3754700.00
2009-02-25	25.54	26.49	24.11	25.35	4010300.00
2009-02-26	26.32	26.55	23.76	23.89	4085900.00
2009-02-27	23.37	25.02	23.10	24.18	4434600.00
2009-03-02	23.54	24.13	22.65	22.86	4115800.00
2009-03-03	23.06	24.21	22.02	23.65	4018600.00
2009-03-04	24.15	25.52	23.80	24.94	4000200.00
2009-03-05	23.77	24.49	22.45	22.89	4911900.00
2009-03-06	23.19	24.11	21.85	24.02	5844100.00
2009-03-09	23.38	24.59	23.00	24.49	3638700.00
2009-03-10	25.15	28.11	24.67	27.97	7205500.00
2009-03-11	27.74	28.53	26.41	26.82	5756100.00
2009-03-12	26.61	28.85	26.31	28.41	4572600.00
2009-03-13	28.45	28.58	27.30	27.92	4236000.00
2009-03-16	28.08	28.59	26.05	26.07	3865200.00
2009-03-17	26.29	28.22	25.62	28.10	4232900.00
2009-03-18	27.46	29.20	26.83	28.72	5778800.00
2009-03-19	29.12	29.31	27.60	27.82	5022400.00
2009-03-20	27.91	27.91	25.27	25.43	5400600.00
2009-03-23	26.25	29.39	26.25	29.36	5204400.00
2009-03-24	28.25	29.31	27.03	27.43	3982700.00
2009-03-25	27.77	28.10	25.41	27.35	4045600.00
2009-03-26	28.24	28.48	26.35	28.37	3469000.00
2009-03-27	27.38	27.88	26.56	27.10	3008600.00
2009-03-30	26.48	26.48	25.35	25.46	2979200.00
2009-03-31	25.65	27.81	25.49	27.34	4840500.00
2009-04-01	26.26	27.56	26.26	26.84	3071600.00
2009-04-02	30.71	30.71	27.24	28.89	4120500.00
2009-04-03	28.40	31.11	27.80	31.11	3770700.00
2009-04-06	30.04	31.51	29.59	30.81	3297100.00
2009-04-07	29.94	30.20	27.59	27.63	3536000.00
2009-04-08	28.03	28.56	27.24	27.97	2809200.00
2009-04-09	29.07	32.39	28.62	32.24	4673400.00
2009-04-13	31.72	33.07	31.15	32.44	3714700.00
2009-04-14	31.03	31.92	29.39	29.46	5263600.00
2009-04-15	29.86	32.46	29.14	32.26	3981200.00
2009-04-16	31.92	34.13	30.53	33.12	4110800.00
2009-04-17	33.10	35.35	32.11	34.98	5283300.00
2009-04-20	33.66	34.33	30.21	30.37	4558200.00
2009-04-21	29.65	33.11	29.52	32.80	4800500.00
2009-04-22	31.80	33.80	31.34	31.94	3853700.00
2009-04-23	32.14	34.26	31.54	33.73	4354000.00
2009-04-24	33.60	36.42	33.40	35.67	4110300.00
2009-04-27	34.67	34.67	31.65	32.51	3853300.00
2009-04-28	32.11	33.52	31.83	32.61	2876800.00
2009-04-29	32.82	34.23	32.66	33.72	2991600.00
2009-04-30	33.52	35.41	32.80	33.00	3462900.00
2009-05-01	32.94	33.13	30.91	31.40	2786800.00
2009-05-04	32.10	34.16	31.57	34.00	3230300.00
2009-05-05	33.16	34.12	32.58	33.37	2872800.00
2009-05-06	33.87	34.19	32.33	34.04	2724300.00
2009-05-07	33.62	34.22	30.99	31.72	4186200.00
2009-05-08	32.11	34.29	31.36	33.92	4409600.00
2009-05-11	33.13	33.56	32.55	32.68	2392400.00
2009-05-12	33.24	33.40	31.37	32.56	2014000.00
2009-05-13	31.84	32.08	30.40	30.75	2882600.00
2009-05-14	30.72	32.50	29.93	32.11	3292800.00
2009-05-15	31.96	32.40	30.66	31.27	2610100.00
2009-05-18	32.01	34.14	31.71	33.92	3502800.00
2009-05-19	32.85	33.75	32.26	32.72	2502600.00
2009-05-20	33.34	33.66	31.80	31.92	2676000.00
2009-05-21	31.44	32.80	31.16	32.36	1662600.00
2009-05-22	32.40	33.00	31.58	31.74	1489700.00
2009-05-26	31.82	34.70	31.33	34.45	2920600.00
2009-05-27	34.28	34.60	33.38	33.68	2916900.00
2009-05-28	34.01	34.49	33.13	34.34	2743900.00
2009-05-29	34.42	35.71	33.88	35.71	2071800.00
2009-06-01	36.35	38.75	35.85	37.43	3346700.00
2009-06-02	36.97	37.52	36.37	37.00	2583100.00
2009-06-03	36.85	37.60	36.48	36.93	2116900.00
2009-06-04	37.20	38.60	36.85	38.14	2209400.00
2009-06-05	38.72	38.72	36.93	37.04	1964000.00
2009-06-08	36.93	37.16	36.27	36.81	1709900.00
2009-06-09	37.08	37.08	36.02	36.30	2080000.00
2009-06-10	36.71	36.93	34.27	35.01	2182500.00
2009-06-11	35.31	35.52	34.24	34.41	1401700.00
2009-06-12	34.33	35.59	34.25	35.55	1180100.00
2009-06-15	34.90	35.22	33.25	33.63	1841800.00
2009-06-16	33.83	34.21	32.64	33.25	1449700.00
2009-06-17	33.20	33.75	32.40	33.05	1673600.00
2009-06-18	33.19	33.98	32.91	33.63	1272100.00
2009-06-19	34.06	34.13	33.06	33.52	1685800.00
2009-06-22	33.15	33.42	31.90	32.00	2052500.00
2009-06-23	32.18	33.02	31.88	32.42	1621200.00
2009-06-24	32.72	33.12	32.36	32.69	1500300.00
2009-06-25	32.39	32.53	31.74	32.51	2044400.00
2009-06-26	32.59	32.94	32.16	32.70	1471900.00
2009-06-29	33.01	33.20	32.30	32.99	1402900.00
2009-06-30	32.93	33.18	32.54	33.02	1155700.00
2009-07-01	33.03	33.39	32.99	33.07	1075300.00
2009-07-02	32.77	32.79	31.18	31.18	1842700.00
2009-07-06	31.25	32.69	31.16	32.62	1858500.00
2009-07-07	32.49	32.62	31.09	31.25	1804100.00
2009-07-08	31.16	31.28	29.87	30.65	2874100.00
2009-07-09	30.79	31.05	29.89	29.97	1550400.00
2009-07-10	29.86	30.48	29.50	30.31	1661100.00
2009-07-13	30.61	31.64	30.19	31.59	1915900.00
2009-07-14	31.65	32.30	30.90	31.85	1495300.00
2009-07-15	32.20	33.05	31.36	32.67	2057500.00
2009-07-16	32.01	32.87	31.60	32.60	1391400.00
2009-07-17	32.77	33.05	31.60	31.86	1896600.00
2009-07-20	32.08	33.29	32.08	33.23	1393400.00
2009-07-21	33.68	33.68	31.91	32.53	1261200.00
2009-07-22	32.11	32.61	31.67	31.90	2026900.00
2009-07-23	31.95	33.62	31.62	33.41	2052400.00
2009-07-24	33.15	33.50	32.62	33.37	1044500.00
2009-07-27	33.51	35.46	33.18	34.78	3095300.00
2009-07-28	34.47	35.32	34.22	35.15	1515000.00
2009-07-29	34.85	34.99	34.29	34.72	1392100.00
2009-07-30	35.65	35.80	34.51	34.83	2891500.00
2009-07-31	34.29	34.69	33.75	34.36	1763300.00
2009-08-03	34.79	35.00	34.18	34.72	1303900.00
2009-08-04	34.26	37.82	34.26	37.69	2938100.00
2009-08-05	37.69	40.13	37.45	39.72	3275000.00
2009-08-06	40.21	40.95	38.92	39.31	3548000.00
2009-08-07	39.81	42.93	39.66	41.71	3183300.00
2009-08-10	41.32	41.71	39.91	40.57	1901700.00
2009-08-11	40.33	40.44	38.81	39.58	1927700.00
2009-08-12	39.37	40.30	38.87	39.32	1808400.00
2009-08-13	39.10	39.58	38.84	39.21	1902900.00
2009-08-14	38.65	38.65	37.65	38.44	1861400.00
2009-08-17	36.88	37.10	36.12	36.37	1969300.00
2009-08-18	36.49	37.08	36.18	36.69	1163500.00
2009-08-19	36.18	36.76	36.00	36.65	1094000.00
2009-08-20	36.74	38.10	36.58	38.03	1521900.00
2009-08-21	38.45	39.74	38.06	38.47	2056400.00
2009-08-24	38.74	39.19	37.82	37.99	1700600.00
2009-08-25	38.41	38.70	37.92	38.08	1266000.00
2009-08-26	37.83	38.30	37.71	38.27	1262600.00
2009-08-27	38.08	38.48	37.25	38.41	1423300.00
2009-08-28	38.55	38.75	37.80	38.45	1583600.00
2009-08-31	38.04	38.21	37.47	38.03	1423100.00
2009-09-01	37.79	38.33	36.58	36.59	2177700.00
2009-09-02	36.23	36.78	36.09	36.39	1482200.00
2009-09-03	36.68	37.29	36.07	37.24	1623500.00
2009-09-04	37.20	37.82	36.62	37.80	1333900.00
2009-09-08	38.05	39.30	38.03	39.29	1763600.00
2009-09-09	39.32	40.37	38.76	40.18	1823300.00
2009-09-10	39.98	40.80	39.50	40.76	1380700.00
2009-09-11	41.01	41.13	40.04	40.32	1303500.00
2009-09-14	39.93	41.59	39.71	41.59	1492700.00
2009-09-15	41.72	43.18	40.90	42.56	2881900.00
2009-09-16	43.08	45.77	42.72	45.37	3305200.00
2009-09-17	45.17	46.49	43.87	44.36	2361900.00
2009-09-18	44.12	45.32	43.84	44.71	1917200.00
2009-09-21	44.56	44.85	43.94	44.12	1163200.00
2009-09-22	44.49	45.54	44.35	45.37	1404500.00
2009-09-23	44.99	45.05	43.09	43.14	2160400.00
2009-09-24	43.44	43.91	41.78	42.90	2686700.00
2009-09-25	42.44	43.73	42.40	42.95	1786800.00
2009-09-28	43.27	44.92	43.08	44.88	1711400.00
2009-09-29	45.00	45.42	43.75	43.91	1310300.00
2009-09-30	44.09	44.43	43.14	43.47	2057500.00
2009-10-01	43.26	43.30	40.91	40.93	2408800.00
2009-10-02	40.47	42.06	40.12	40.63	1544700.00
2009-10-05	41.13	42.43	40.61	42.14	1384000.00
2009-10-06	42.37	43.27	41.38	42.08	1204500.00
2009-10-07	41.64	42.58	41.51	42.55	832200.00
2009-10-08	42.84	44.13	42.84	43.79	1421300.00
2009-10-09	43.29	44.08	43.27	43.96	797200.00
2009-10-12	44.10	44.58	43.97	44.16	699200.00
2009-10-13	43.76	44.09	43.03	43.45	1163400.00
2009-10-14	44.17	44.79	44.04	44.57	1282000.00
2009-10-15	44.11	44.59	43.98	44.44	848100.00
2009-10-16	44.09	44.09	42.98	43.06	1510100.00
2009-10-19	43.40	44.82	43.30	44.39	1395800.00
2009-10-20	44.37	44.47	43.08	43.18	1084100.00
2009-10-21	43.22	43.99	42.37	42.41	990800.00
2009-10-22	42.64	44.15	41.83	44.00	1262600.00
2009-10-23	44.46	44.47	43.44	43.71	933000.00
2009-10-26	43.76	45.13	43.64	43.79	1784000.00
2009-10-27	43.72	44.11	43.23	43.47	1228900.00
2009-10-28	43.28	44.12	41.37	41.70	1961100.00
2009-10-29	41.88	42.57	39.98	41.94	3113600.00
2009-10-30	41.81	42.16	40.27	41.10	2841800.00
2009-11-02	41.32	42.07	40.07	41.14	1801600.00
2009-11-03	41.00	41.91	40.55	41.79	1681100.00
2009-11-04	41.94	42.55	40.95	40.97	1748000.00
2009-11-05	41.49	41.94	40.96	41.60	1617300.00
2009-11-06	41.03	41.42	40.12	40.36	1459500.00
2009-11-09	40.81	42.46	40.64	42.38	1633600.00
2009-11-10	42.04	42.87	41.74	42.50	1218400.00
2009-11-11	42.89	43.63	42.69	43.30	996500.00
2009-11-12	42.98	43.60	42.82	43.22	1233500.00
2009-11-13	43.60	44.16	43.26	43.92	918900.00
2009-11-16	44.19	45.39	44.07	44.67	1806300.00
2009-11-17	44.71	44.97	43.53	43.53	1738700.00
2009-11-18	43.57	44.18	43.37	44.05	1170800.00
2009-11-19	43.79	44.00	42.99	43.20	1622700.00
2009-11-20	42.88	43.33	42.65	43.02	1190300.00
2009-11-23	43.81	44.24	42.98	43.36	1220600.00
2009-11-24	43.18	43.36	42.50	42.55	1449100.00
2009-11-25	42.87	42.97	42.36	42.50	938000.00
2009-11-27	41.08	42.23	41.08	41.31	672500.00
2009-11-30	41.56	43.30	41.26	43.17	2418400.00
2009-12-01	43.42	44.15	43.09	43.95	1525300.00
2009-12-02	43.78	45.14	43.78	44.68	1559200.00
2009-12-03	45.22	45.74	44.12	44.33	1743600.00
2009-12-04	45.05	46.04	45.05	45.98	1996100.00
2009-12-07	45.76	45.91	44.89	45.19	1586600.00
2009-12-08	44.45	45.71	44.40	45.20	1383200.00
2009-12-09	45.15	45.57	44.92	45.20	1136600.00
2009-12-10	45.38	45.49	44.97	45.37	1149600.00
2009-12-11	45.57	46.11	45.46	45.86	1561200.00
2009-12-14	46.00	46.84	45.48	46.73	1705900.00
2009-12-15	47.11	47.56	46.53	46.69	1843500.00
2009-12-16	47.06	47.83	46.78	47.42	1707200.00
2009-12-17	47.21	47.85	47.02	47.21	1699800.00
2009-12-18	47.25	47.76	46.92	47.70	1361600.00
2009-12-21	47.78	48.84	47.76	48.80	1405000.00
2009-12-22	48.97	49.60	48.72	49.55	1303700.00
2009-12-23	49.47	51.22	49.47	50.92	2079400.00
2009-12-24	51.26	51.77	51.07	51.75	481100.00
2009-12-28	52.04	52.48	51.34	51.48	1759200.00
2009-12-29	51.52	51.81	50.73	50.83	1003500.00
2009-12-30	50.66	51.17	50.43	50.64	1317900.00
2009-12-31	50.61	51.13	49.46	49.59	1047100.00
2010-01-04	50.17	50.33	48.92	49.04	1483400.00
2010-01-05	49.05	49.17	48.17	48.67	1341000.00
2010-01-06	48.52	49.11	48.00	48.21	1359000.00
2010-01-07	47.97	48.83	47.61	48.31	1755800.00
2010-01-08	48.03	48.29	47.07	47.94	1199900.00
2010-01-11	48.47	49.37	48.20	48.60	1304400.00
2010-01-12	48.24	48.68	47.20	47.46	1088900.00
2010-01-13	47.76	48.66	47.49	48.56	1135200.00
2010-01-14	48.34	48.79	48.05	48.27	898800.00
2010-01-15	48.06	48.41	47.74	47.97	1079200.00
2010-01-19	47.76	48.96	47.76	48.85	1034300.00
2010-01-20	48.18	48.18	47.06	47.76	1318300.00
2010-01-21	47.85	48.04	46.51	46.68	1579300.00
2010-01-22	47.01	47.01	45.45	45.56	1831000.00
2010-01-25	46.23	46.35	44.97	46.25	1972300.00
2010-01-26	45.91	46.86	45.56	46.46	1689800.00
2010-01-27	46.37	46.89	45.58	46.71	1333100.00
2010-01-28	47.06	47.06	46.16	46.48	1123100.00
2010-01-29	46.66	47.54	46.06	46.26	1461800.00
2010-02-01	46.57	47.34	46.45	47.13	1064900.00
2010-02-02	47.21	48.25	46.64	48.06	1294800.00
2010-02-03	47.71	47.81	46.70	47.00	1269100.00
2010-02-04	44.85	46.10	44.02	44.77	3741800.00
2010-02-05	44.73	45.76	44.52	45.65	2272200.00
2010-02-08	45.73	45.84	44.50	44.55	1381600.00
2010-02-09	45.01	45.03	43.82	44.40	1335400.00
2010-02-10	44.25	44.80	43.33	44.21	931400.00
2010-02-11	44.14	44.84	43.72	44.81	767000.00
2010-02-12	44.42	45.79	44.17	45.59	1258500.00
2010-02-16	45.99	47.00	45.82	46.92	1082700.00
2010-02-17	47.07	47.36	46.73	47.13	977800.00
2010-02-18	46.85	48.11	46.67	47.95	1071700.00
2010-02-19	47.51	48.00	47.07	47.60	1263700.00
2010-02-22	47.71	48.54	47.55	48.31	969100.00
2010-02-23	48.02	48.58	47.80	48.27	1145200.00
2010-02-24	48.47	48.78	48.10	48.78	920600.00
2010-02-25	48.14	49.08	47.80	49.03	594100.00
2010-02-26	49.34	49.72	48.86	49.17	1117000.00
2010-03-01	49.16	49.42	48.82	49.07	910400.00
2010-03-02	49.35	49.44	48.82	49.08	685900.00
2010-03-03	48.99	49.14	48.43	48.57	715400.00
2010-03-04	48.63	48.92	48.40	48.82	643000.00
2010-03-05	49.09	50.40	48.85	50.24	1003700.00
2010-03-08	50.19	51.10	50.09	50.96	787900.00
2010-03-09	50.62	51.73	50.51	51.06	1249600.00
2010-03-10	51.21	51.49	50.79	51.32	784200.00
2010-03-11	51.19	51.71	50.81	51.64	827400.00
2010-03-12	51.80	52.26	51.48	52.08	1523700.00
2010-03-15	52.06	52.38	51.34	51.99	857300.00
2010-03-16	52.31	53.27	52.02	53.17	946600.00
2010-03-17	53.27	54.23	53.17	54.05	977100.00
2010-03-18	53.57	54.04	53.24	53.48	1180300.00
2010-03-19	53.12	53.70	52.84	53.12	1318400.00
2010-03-22	52.82	53.34	52.62	53.17	946400.00
2010-03-23	53.17	53.17	52.31	52.90	729600.00
2010-03-24	52.79	53.94	52.66	53.22	912900.00
2010-03-25	53.33	54.23	53.32	53.37	919200.00
2010-03-26	53.59	53.70	52.68	53.01	1355200.00
2010-03-29	53.09	53.20	52.55	52.99	958800.00
2010-03-30	53.05	53.30	52.83	53.07	702300.00
2010-03-31	52.85	53.24	52.60	52.68	1009100.00
2010-04-01	52.82	53.01	51.91	52.31	1097100.00
2010-04-05	52.54	54.34	52.43	54.29	1099600.00
2010-04-06	54.08	56.49	53.87	56.39	2057700.00
2010-04-07	56.29	56.54	55.20	55.52	1325300.00
2010-04-08	55.23	55.73	55.09	55.63	920100.00
2010-04-09	55.70	57.07	55.65	56.67	1007200.00
2010-04-12	56.76	56.76	55.71	55.75	639300.00
2010-04-13	55.81	57.24	55.70	57.07	850800.00
2010-04-14	57.29	57.29	56.57	57.23	782500.00
2010-04-15	57.09	57.20	56.13	56.30	894000.00
2010-04-16	56.24	56.52	55.08	55.51	1507000.00
2010-04-19	54.74	56.38	54.74	56.05	1280900.00
2010-04-20	56.46	57.40	55.80	57.39	1395300.00
2010-04-21	57.33	59.22	57.12	58.48	1873900.00
2010-04-22	58.08	60.52	57.82	60.43	1357700.00
2010-04-23	60.43	61.98	60.13	61.78	1723400.00
2010-04-26	61.57	62.10	61.09	61.30	1226400.00
2010-04-27	60.95	61.95	60.16	60.19	1603700.00
2010-04-28	60.68	61.16	60.16	60.50	1057200.00
2010-04-29	61.38	65.63	61.22	65.07	2588400.00
2010-04-30	64.74	65.33	63.21	63.47	1872200.00
2010-05-03	63.67	67.21	63.57	66.19	1623800.00
2010-05-04	65.67	66.73	65.04	65.75	1879200.00
2010-05-05	64.84	65.76	63.76	63.98	1651600.00
2010-05-06	63.65	64.18	56.99	61.31	2590800.00
2010-05-07	61.62	62.33	59.12	59.63	2129400.00
2010-05-10	62.46	63.15	61.85	63.14	2246600.00
2010-05-11	62.94	64.29	61.87	63.32	1450300.00
2010-05-12	63.83	64.49	63.26	64.10	1567100.00
2010-05-13	64.06	64.30	62.46	62.66	1133100.00
2010-05-14	62.41	62.41	60.52	61.25	1542800.00
2010-05-17	61.36	62.23	59.63	61.58	1389600.00
2010-05-18	62.41	62.71	59.66	60.02	1426800.00
2010-05-19	59.73	60.70	57.93	59.66	1261500.00
2010-05-20	58.63	59.00	55.78	55.93	2373500.00
2010-05-21	55.15	58.82	54.91	57.54	3361300.00
2010-05-24	57.42	58.33	56.45	56.47	1584800.00
2010-05-25	55.18	58.23	54.93	58.10	1965900.00
2010-05-26	58.88	59.98	57.39	57.82	1693800.00
2010-05-27	58.94	60.87	58.45	60.79	1569800.00
2010-05-28	60.84	61.41	59.67	59.83	1046700.00
2010-06-01	58.53	60.14	58.34	58.63	1349500.00
2010-06-02	59.16	59.49	58.11	59.47	2016900.00
2010-06-03	59.94	59.94	59.02	59.51	1023400.00
2010-06-04	57.97	59.02	55.76	56.17	1609900.00
2010-06-07	56.43	57.89	55.92	56.54	1476100.00
2010-06-08	57.01	57.96	55.24	57.82	1215600.00
2010-06-09	58.87	61.33	58.77	59.23	1836900.00
2010-06-10	60.02	63.13	59.87	62.80	1675100.00
2010-06-11	62.08	63.11	61.20	62.98	1145900.00
2010-06-14	63.58	64.03	62.47	63.09	1332200.00
2010-06-15	63.45	64.00	62.72	63.79	1132500.00
2010-06-16	63.73	63.98	62.85	63.23	843100.00
2010-06-17	63.68	64.46	63.02	64.28	1215000.00
2010-06-18	64.51	64.80	63.11	63.45	1323500.00
2010-06-21	65.09	65.46	62.63	62.93	774500.00
2010-06-22	63.08	63.32	60.64	60.81	1123000.00
2010-06-23	61.20	61.31	59.42	60.52	853800.00
2010-06-24	60.09	60.31	58.51	58.67	986900.00
2010-06-25	58.47	61.63	58.47	61.45	1855000.00
2010-06-28	61.79	61.79	59.94	60.24	741800.00
2010-06-29	59.46	59.61	57.68	58.12	1734100.00
2010-06-30	58.34	59.36	57.38	57.47	1297900.00
2010-07-01	57.35	57.93	55.64	57.18	1371000.00
2010-07-02	57.33	57.45	55.74	56.20	928600.00
2010-07-06	57.47	57.85	54.68	55.24	1104300.00
2010-07-07	55.30	58.36	55.25	58.31	1286400.00
2010-07-08	59.78	60.45	58.83	60.13	1678300.00
2010-07-09	59.70	61.11	59.70	60.93	912400.00
2010-07-12	60.73	61.55	59.99	61.19	650200.00
2010-07-13	62.10	62.40	61.35	61.83	1049000.00
2010-07-14	61.57	61.96	60.52	61.41	732800.00
2010-07-15	61.48	62.05	60.00	61.86	702100.00
2010-07-16	61.30	61.55	59.02	59.36	920300.00
2010-07-19	59.64	61.56	58.81	61.14	1321900.00
2010-07-20	60.14	62.31	59.28	62.13	1321000.00
2010-07-21	62.20	62.44	60.65	60.82	1290600.00
2010-07-22	61.44	63.65	61.37	63.24	1319800.00
2010-07-23	62.80	64.32	61.73	64.17	1134900.00
2010-07-26	64.17	65.83	63.71	65.76	876400.00
2010-07-27	65.88	66.70	64.93	65.64	970400.00
2010-07-28	64.99	67.10	64.59	65.90	1341900.00
2010-07-29	66.87	66.87	63.83	64.38	831400.00
2010-07-30	63.72	65.41	63.58	64.69	963900.00
2010-08-02	66.12	66.28	65.07	65.80	1499700.00
2010-08-03	65.74	65.77	64.66	64.77	950600.00
2010-08-04	63.03	63.79	62.36	63.14	1874300.00
2010-08-05	62.52	63.62	62.50	63.05	898200.00
2010-08-06	62.20	63.08	61.86	62.38	1118700.00
2010-08-09	63.06	63.97	62.39	63.91	780200.00
2010-08-10	63.33	65.19	63.11	64.63	1624200.00
2010-08-11	62.48	63.62	62.07	63.06	1574700.00
2010-08-12	62.21	62.97	62.00	62.46	1190700.00
2010-08-13	62.37	63.37	62.31	62.90	899500.00
2010-08-16	62.56	63.49	62.44	62.92	660100.00
2010-08-17	63.93	65.09	63.30	64.77	1323300.00
2010-08-18	64.77	65.31	64.26	64.94	953200.00
2010-08-19	64.60	64.69	63.53	64.02	1409600.00
2010-08-20	63.44	64.44	63.06	64.29	836500.00
2010-08-23	64.65	64.87	63.91	63.93	747500.00
2010-08-24	62.96	64.11	62.48	63.50	771800.00
2010-08-25	63.27	64.88	62.87	64.70	998700.00
2010-08-26	65.18	65.55	63.58	63.78	948400.00
2010-08-27	64.33	64.58	62.81	63.93	1328200.00
2010-08-30	63.83	64.39	63.29	63.32	752500.00
2010-08-31	63.27	64.90	62.90	64.77	1054900.00
2010-09-01	65.86	66.87	65.32	66.79	1571900.00
2010-09-02	67.02	67.32	66.39	66.70	1057600.00
2010-09-03	67.61	68.01	67.14	67.95	844500.00
2010-09-07	67.13	67.60	66.72	66.75	825200.00
2010-09-08	67.22	67.38	66.39	66.71	640800.00
2010-09-09	67.53	67.71	65.31	65.49	719000.00
2010-09-10	65.67	66.07	65.35	65.92	429100.00
2010-09-13	66.41	67.11	65.93	67.08	951400.00
2010-09-14	66.66	67.80	66.19	67.38	866900.00
2010-09-15	67.28	68.76	67.21	68.68	916000.00
2010-09-16	68.52	68.68	67.93	68.02	721800.00
2010-09-17	68.34	68.48	67.45	67.50	1285500.00
2010-09-20	67.94	69.51	67.61	69.09	1045200.00
2010-09-21	69.15	69.17	67.16	67.26	1083200.00
2010-09-22	67.12	67.44	65.91	66.15	1340500.00
2010-09-23	65.40	66.09	63.56	63.76	1520600.00
2010-09-24	64.71	65.94	64.51	65.80	1063600.00
2010-09-27	65.67	65.67	64.40	64.61	931700.00
2010-09-28	64.79	65.24	63.51	65.16	905200.00
2010-09-29	65.11	65.11	64.20	64.56	799100.00
2010-09-30	64.94	65.91	64.25	64.52	1258600.00
2010-10-01	65.31	65.38	64.05	65.26	938800.00
2010-10-04	64.98	65.93	64.98	65.80	876800.00
2010-10-05	66.26	66.33	65.45	66.16	1363100.00
2010-10-06	66.06	66.24	64.74	64.89	1187700.00
2010-10-07	65.28	65.46	64.68	64.88	727800.00
2010-10-08	65.09	65.82	64.29	65.65	692100.00
2010-10-11	65.63	66.74	65.60	66.41	601500.00
2010-10-12	66.31	68.23	66.00	68.06	1145500.00
2010-10-13	68.24	69.27	67.91	68.78	978000.00
2010-10-14	68.78	68.78	67.67	68.21	751200.00
2010-10-15	68.88	68.91	67.73	68.32	801400.00
2010-10-18	68.26	69.80	68.23	69.78	709800.00
2010-10-19	69.09	69.73	67.67	67.94	801300.00
2010-10-20	68.22	70.84	68.22	69.94	968900.00
2010-10-21	69.75	70.18	68.45	68.59	946000.00
2010-10-22	68.85	69.21	68.07	68.34	729700.00
2010-10-25	68.87	68.98	68.03	68.12	720200.00
2010-10-26	67.82	68.27	67.47	67.89	607700.00
2010-10-27	67.42	67.78	66.70	67.29	774600.00
2010-10-28	67.54	68.09	65.09	65.68	893900.00
2010-10-29	65.47	66.25	65.21	66.00	613700.00
2010-11-01	66.25	67.16	65.77	66.36	696300.00
2010-11-02	67.11	67.42	66.60	67.24	630900.00
2010-11-03	67.10	68.43	66.77	68.39	840700.00
2010-11-04	69.31	70.36	68.36	70.21	917200.00
2010-11-05	70.30	71.39	69.49	70.35	851100.00
2010-11-08	69.97	70.11	68.16	68.69	665800.00
2010-11-09	69.01	69.01	65.36	65.83	1446100.00
2010-11-10	66.25	67.89	66.11	67.78	778300.00
2010-11-11	67.31	67.93	67.03	67.46	578400.00
2010-11-12	66.95	68.14	66.93	67.56	748000.00
2010-11-15	67.70	68.59	67.03	67.08	739200.00
2010-11-16	66.57	67.04	64.26	64.90	1048200.00
2010-11-17	65.08	66.49	64.67	66.10	813900.00
2010-11-18	66.99	67.13	66.19	66.65	711500.00
2010-11-19	66.39	67.72	66.08	67.70	770500.00
2010-11-22	67.36	68.14	66.95	67.95	647700.00
2010-11-23	67.14	67.66	66.87	67.36	612300.00
2010-11-24	68.17	68.90	67.82	68.57	542100.00
2010-11-26	67.98	68.54	67.82	68.23	160700.00
2010-11-29	67.77	68.45	67.16	68.36	615300.00
2010-11-30	67.59	69.13	67.59	68.49	1134100.00
2010-12-01	69.41	69.66	68.32	69.34	1060500.00
2010-12-02	69.46	70.47	69.37	70.40	988700.00
2010-12-03	70.16	71.24	70.04	71.04	782100.00
2010-12-06	70.87	71.29	69.89	71.02	662600.00
2010-12-07	71.70	72.07	71.13	71.27	817400.00
2010-12-08	71.19	71.61	68.80	69.37	874600.00
2010-12-09	69.67	70.02	68.40	68.59	615000.00
2010-12-10	69.03	70.68	68.73	70.22	582100.00
2010-12-13	70.38	70.46	69.48	69.63	570500.00
2010-12-14	69.50	70.04	68.27	68.54	486600.00
2010-12-15	68.41	69.03	67.42	67.52	598000.00
2010-12-16	67.71	68.05	66.62	66.90	846400.00
2010-12-17	66.77	67.86	66.77	67.64	1054300.00
2010-12-20	67.72	68.67	67.57	68.50	347600.00
2010-12-21	68.80	69.17	68.11	69.03	498200.00
2010-12-22	68.97	69.69	68.34	68.94	761200.00
2010-12-23	69.00	69.28	68.38	68.70	420400.00
2010-12-27	68.55	70.01	68.38	69.90	344500.00
2010-12-28	70.00	70.77	69.47	70.70	412000.00
2010-12-29	70.79	70.84	70.25	70.65	436400.00
2010-12-30	70.34	71.15	70.21	70.72	388900.00
2010-12-31	70.80	71.01	70.43	70.43	426900.00
2011-01-03	70.88	71.56	70.76	71.22	761100.00
2011-01-04	71.39	71.71	69.46	69.88	802200.00
2011-01-05	69.67	70.27	69.48	70.08	537900.00
2011-01-06	70.08	70.22	69.00	69.28	527600.00
2011-01-07	69.47	69.78	68.21	68.53	515100.00
2011-01-10	68.25	68.76	67.74	68.34	566200.00
2011-01-11	68.28	68.86	67.71	68.31	472700.00
2011-01-12	69.40	70.15	69.01	69.57	678700.00
2011-01-13	69.56	69.77	69.02	69.74	511200.00
2011-01-14	69.73	70.46	69.60	70.40	619600.00
2011-01-18	70.50	71.00	69.77	70.88	519000.00
2011-01-19	70.70	70.95	70.17	70.38	799400.00
2011-01-20	70.32	70.85	69.65	70.23	784300.00
2011-01-21	70.57	70.81	70.02	70.60	534400.00
2011-01-24	70.68	71.22	70.28	70.75	452200.00
2011-01-25	70.06	71.77	70.06	71.74	687200.00
2011-01-26	71.81	72.37	71.03	72.30	633500.00
2011-01-27	72.60	73.11	72.00	72.69	620900.00
2011-01-28	72.81	73.09	70.98	71.20	513300.00
2011-01-31	71.52	72.81	71.50	72.54	639100.00
2011-02-01	72.95	73.11	71.26	72.29	592500.00
2011-02-02	72.09	72.78	71.61	71.74	537400.00
2011-02-03	71.85	73.21	71.77	72.25	804400.00
2011-02-04	72.05	72.27	70.66	71.21	797300.00
2011-02-07	71.35	71.99	71.20	71.81	557000.00
2011-02-08	71.74	71.95	71.50	71.81	553600.00
2011-02-09	71.81	72.07	71.39	71.99	457500.00
2011-02-10	71.67	72.46	71.50	72.22	467900.00
2011-02-11	72.01	72.73	71.30	72.59	501900.00
2011-02-14	72.45	72.90	71.99	72.64	386700.00
2011-02-15	71.87	72.90	71.87	72.64	372000.00
2011-02-16	72.74	73.44	72.04	72.48	452800.00
2011-02-17	72.81	72.99	72.19	72.39	376500.00
2011-02-18	72.52	73.04	72.27	72.63	443500.00
2011-02-22	72.01	73.03	71.91	72.04	612400.00
2011-02-23	72.19	72.56	71.32	71.78	772700.00
2011-02-24	71.61	72.11	71.00	71.77	1204000.00
2011-02-25	72.20	73.91	72.05	73.91	1232500.00
2011-02-28	74.10	75.94	73.73	75.74	1083700.00
2011-03-01	75.79	76.12	73.18	73.28	915600.00
2011-03-02	73.28	73.29	71.97	72.26	851000.00
2011-03-03	72.98	73.57	72.71	73.49	678400.00
2011-03-04	73.43	74.11	71.86	71.98	1213400.00
2011-03-07	72.42	72.52	70.82	71.25	867200.00
2011-03-08	71.62	72.49	71.51	71.94	744100.00
2011-03-09	71.92	73.01	71.44	72.85	798600.00
2011-03-10	71.98	72.56	71.69	72.11	696000.00
2011-03-11	71.86	73.71	71.62	73.62	706300.00
2011-03-14	73.04	73.41	72.27	72.53	494300.00
2011-03-15	70.92	73.44	70.71	72.64	784900.00
2011-03-16	72.67	72.67	71.56	72.19	943600.00
2011-03-17	73.18	73.34	72.13	73.20	710000.00
2011-03-18	74.01	74.20	73.25	73.49	910000.00
2011-03-21	74.32	74.41	73.66	73.90	618000.00
2011-03-22	73.96	74.25	73.05	73.34	537400.00
2011-03-23	72.94	73.19	71.56	72.49	900200.00
2011-03-24	72.79	73.19	71.94	73.18	721700.00
2011-03-25	73.20	73.83	72.91	73.46	338500.00
2011-03-28	73.64	73.90	73.12	73.62	513300.00
2011-03-29	73.40	74.10	72.74	73.90	430000.00
2011-03-30	74.43	74.59	73.81	74.53	525700.00
2011-03-31	74.38	75.87	74.38	75.71	621400.00
2011-04-01	76.20	76.54	75.68	76.20	595000.00
2011-04-04	76.27	76.39	75.16	75.51	550100.00
2011-04-05	75.40	76.20	75.22	75.64	380800.00
2011-04-06	75.88	75.91	75.41	75.73	378900.00
2011-04-07	75.50	75.78	74.98	75.22	599900.00
2011-04-08	75.61	75.66	74.13	74.41	623300.00
2011-04-11	74.64	75.39	74.53	74.67	468100.00
2011-04-12	74.38	74.92	74.29	74.65	478800.00
2011-04-13	75.49	75.49	74.74	75.03	639500.00
2011-04-14	74.77	75.57	74.65	75.32	1525700.00
2011-04-15	75.56	76.49	75.49	76.36	1082400.00
2011-04-18	75.45	75.75	74.92	75.25	729900.00
2011-04-19	75.29	75.76	74.98	75.59	544700.00
2011-04-20	76.50	77.25	75.74	77.06	491100.00
2011-04-21	77.12	77.67	76.56	77.55	399500.00
2011-04-25	77.54	79.05	77.25	78.66	567000.00
2011-04-26	78.94	79.67	78.54	79.34	489100.00
2011-04-27	79.13	79.89	78.99	79.84	459300.00
2011-04-28	79.82	81.97	79.46	81.00	1064600.00
2011-04-29	81.19	81.33	79.70	79.83	956000.00
2011-05-02	80.57	80.84	79.25	80.19	771200.00
2011-05-03	80.08	80.86	79.09	80.12	625300.00
2011-05-04	80.04	80.61	79.63	80.06	718700.00
2011-05-05	80.05	81.39	79.55	80.58	639000.00
2011-05-06	81.43	81.43	79.11	79.50	628200.00
2011-05-09	79.55	80.22	79.00	79.89	410600.00
2011-05-10	80.13	81.41	80.11	81.30	508500.00
2011-05-11	81.43	81.43	80.47	80.88	761800.00
2011-05-12	80.41	80.58	79.67	80.42	579000.00
2011-05-13	80.60	80.60	79.72	80.03	621100.00
2011-05-16	79.91	80.84	79.57	80.11	396300.00
2011-05-17	79.91	80.51	79.62	80.51	514600.00
2011-05-18	80.49	80.92	79.87	80.71	369100.00
2011-05-19	80.93	81.56	80.61	81.38	359700.00
2011-05-20	81.34	81.49	80.14	80.14	621100.00
2011-05-23	79.20	79.80	78.76	78.82	767300.00
2011-05-24	79.50	80.11	78.88	79.99	776100.00
2011-05-25	79.80	80.76	79.08	80.35	388800.00
2011-05-26	79.97	81.87	79.85	81.63	555400.00
2011-05-27	81.92	81.97	81.07	81.97	408300.00
2011-05-31	82.31	83.92	81.89	83.90	1239400.00
2011-06-01	83.52	83.68	81.76	81.79	813400.00
2011-06-02	81.96	82.66	81.06	81.19	736900.00
2011-06-03	80.57	83.12	80.40	82.75	839100.00
2011-06-06	82.33	82.77	81.80	81.95	806400.00
2011-06-07	82.59	84.39	82.48	83.41	1010600.00
2011-06-08	83.17	84.18	82.94	83.62	887600.00
2011-06-09	83.71	83.78	82.60	83.63	883700.00
2011-06-10	83.32	83.57	81.85	81.97	981300.00
2011-06-13	82.37	82.93	81.99	82.60	992300.00
2011-06-14	83.08	83.68	82.78	83.65	1047400.00
2011-06-15	82.95	83.23	81.61	82.16	981200.00
2011-06-16	82.16	82.35	80.08	81.17	1565300.00
2011-06-17	81.87	82.04	80.92	81.39	1332400.00
2011-06-20	81.29	83.34	81.29	83.07	896900.00
2011-06-21	83.23	83.72	82.59	83.08	686000.00
2011-06-22	82.83	83.83	82.74	82.91	878800.00
2011-06-23	81.91	81.97	79.73	80.46	1524800.00
2011-06-24	80.53	81.27	79.91	80.39	1191000.00
2011-06-27	80.59	80.81	80.13	80.43	739900.00
2011-06-28	81.07	81.36	80.27	80.86	833800.00
2011-06-29	81.28	81.50	80.72	81.18	920100.00
2011-06-30	81.49	81.89	81.12	81.53	1006000.00
2011-07-01	81.79	84.39	81.54	84.17	857400.00
2011-07-05	83.97	85.43	83.68	85.33	716000.00
2011-07-06	84.76	86.10	84.39	86.06	746300.00
2011-07-07	86.36	87.53	86.25	87.33	949300.00
2011-07-08	86.44	87.28	85.90	87.20	795000.00
2011-07-11	86.21	86.56	85.24	85.41	798900.00
2011-07-12	85.21	87.14	85.08	85.64	1258700.00
2011-07-13	86.20	86.20	83.82	83.90	1756900.00
2011-07-14	84.36	84.40	82.84	83.12	879200.00
2011-07-15	83.45	84.42	83.00	84.27	710300.00
2011-07-18	83.98	84.16	83.14	84.01	642400.00
2011-07-19	84.57	85.97	84.14	85.97	655200.00
2011-07-20	86.02	87.45	85.56	87.44	755100.00
2011-07-21	87.83	88.84	87.52	88.28	807100.00
2011-07-22	88.27	88.62	87.76	88.58	552700.00
2011-07-25	87.28	88.23	87.10	87.63	574900.00
2011-07-26	87.63	87.85	87.13	87.38	540100.00
2011-07-27	87.16	87.42	85.28	85.31	760900.00
2011-07-28	83.28	85.58	83.19	84.44	866100.00
2011-07-29	84.04	85.54	83.12	85.21	1132000.00
2011-08-01	86.17	86.22	83.97	84.35	1070600.00
2011-08-02	84.04	84.81	82.02	82.16	880200.00
2011-08-03	82.36	82.53	79.41	81.47	1219900.00
2011-08-04	80.51	81.19	78.47	78.51	1590900.00
2011-08-05	79.46	79.46	76.51	77.12	1518200.00
2011-08-08	75.76	76.84	73.60	73.88	2997700.00
2011-08-09	75.10	79.82	74.55	79.73	3101200.00
2011-08-10	77.87	83.61	77.84	79.80	3243400.00
2011-08-11	80.20	84.65	79.71	83.24	1550700.00
2011-08-12	83.97	85.17	81.76	82.10	1057200.00
2011-08-15	82.65	84.32	82.53	84.07	1331500.00
2011-08-16	83.28	85.05	82.69	84.38	1078400.00
2011-08-17	84.84	85.86	84.08	84.77	732900.00
2011-08-18	79.87	81.64	79.54	81.39	5223300.00
2011-08-19	81.16	81.74	79.34	79.69	1934600.00
2011-08-22	81.16	81.28	79.11	80.37	1342500.00
2011-08-23	80.42	81.88	79.77	81.83	990300.00
2011-08-24	81.55	83.33	80.89	83.23	1170300.00
2011-08-25	83.87	84.97	80.79	81.69	1027300.00
2011-08-26	81.10	82.93	79.13	82.92	915300.00
2011-08-29	83.84	84.96	83.56	84.89	895800.00
2011-08-30	85.17	86.11	83.29	85.59	925800.00
2011-08-31	86.46	86.96	85.47	86.60	1601800.00
2011-09-01	86.62	86.77	85.09	85.44	1255100.00
2011-09-02	83.56	85.85	82.93	85.31	1293200.00
2011-09-06	82.96	85.89	82.96	84.65	1679000.00
2011-09-07	85.23	86.79	84.01	86.64	1305900.00
2011-09-08	86.35	87.58	85.80	86.76	851200.00
2011-09-09	85.73	86.43	83.65	84.02	893000.00
2011-09-12	82.98	84.92	82.98	84.91	892300.00
2011-09-13	85.40	85.54	83.81	84.62	928300.00
2011-09-14	84.94	85.02	82.25	82.80	1736900.00
2011-09-15	83.33	83.52	82.01	82.63	1138700.00
2011-09-16	82.95	83.33	81.06	82.66	1888000.00
2011-09-19	81.47	81.49	80.15	80.19	1470100.00
2011-09-20	80.64	81.09	79.90	80.08	739500.00
2011-09-21	79.57	80.49	75.26	75.40	2283800.00
2011-09-22	73.45	74.68	71.91	73.20	2295900.00
2011-09-23	72.71	74.64	72.56	74.51	1278300.00
2011-09-26	75.18	75.41	73.84	75.26	1080300.00
2011-09-27	76.61	77.16	75.90	76.35	1616200.00
2011-09-28	76.06	77.07	74.66	74.89	1311400.00
2011-09-29	76.32	76.33	74.60	75.74	793300.00
2011-09-30	74.74	75.77	72.93	72.96	1034600.00
2011-10-03	73.12	74.65	70.84	70.87	1384800.00
2011-10-04	69.99	75.11	68.80	74.84	1300000.00
2011-10-05	74.64	74.72	70.37	73.92	1174300.00
2011-10-06	73.49	76.09	73.05	76.04	1046600.00
2011-10-07	76.82	77.12	74.04	74.19	1118000.00
2011-10-10	75.45	77.55	75.31	77.47	1159900.00
2011-10-11	78.09	78.09	75.35	75.81	766600.00
2011-10-12	76.33	78.03	75.63	76.84	940800.00
2011-10-13	76.40	76.93	75.06	76.21	678100.00
2011-10-14	77.30	78.19	76.73	77.94	663100.00
2011-10-17	76.96	77.19	74.79	74.99	992200.00
2011-10-18	75.14	77.44	74.76	77.23	1219600.00
2011-10-19	76.89	78.30	76.79	77.30	974900.00
2011-10-20	77.51	77.85	75.70	77.08	912300.00
2011-10-21	77.87	79.64	77.56	79.61	864000.00
2011-10-24	79.72	81.92	79.39	81.31	820100.00
2011-10-25	80.62	81.96	79.84	81.26	1292900.00
2011-10-26	82.05	82.16	80.29	81.91	1074400.00
2011-10-27	83.55	87.26	83.34	86.77	1199100.00
2011-10-28	85.98	86.62	83.76	85.14	930900.00
2011-10-31	84.56	86.04	82.92	85.52	1071900.00
2011-11-01	80.64	83.34	80.05	80.24	1790100.00
2011-11-02	82.00	82.78	80.78	82.50	862200.00
2011-11-03	82.98	82.98	80.03	82.55	1022900.00
2011-11-04	81.36	83.43	81.10	83.37	1228400.00
2011-11-07	83.39	84.59	82.06	83.36	573700.00
2011-11-08	83.76	84.08	81.29	83.96	724700.00
2011-11-09	81.85	82.66	79.63	79.91	799200.00
2011-11-10	81.25	81.25	79.57	80.05	608500.00
2011-11-11	80.98	82.85	80.52	82.73	474700.00
2011-11-14	82.03	82.33	80.88	81.05	493900.00
2011-11-15	80.81	82.36	80.60	81.84	531500.00
2011-11-16	81.40	81.83	80.31	80.38	755800.00
2011-11-17	80.22	80.22	77.77	78.23	975900.00
2011-11-18	78.85	78.92	77.66	78.84	743700.00
2011-11-21	77.53	77.83	76.13	77.19	884300.00
2011-11-22	77.16	77.82	76.37	76.41	469100.00
2011-11-23	75.82	76.15	74.58	74.82	747400.00
2011-11-25	74.69	76.94	74.37	75.55	264300.00
2011-11-28	77.92	78.30	75.56	76.40	812600.00
2011-11-29	76.74	76.99	75.47	76.00	528400.00
2011-11-30	78.10	80.02	77.37	79.87	1125800.00
2011-12-01	79.58	79.81	78.13	79.25	717200.00
2011-12-02	80.12	80.95	79.11	79.33	483200.00
2011-12-05	80.45	80.45	78.26	78.72	814000.00
2011-12-06	78.67	78.83	77.87	78.42	351300.00
2011-12-07	78.08	79.99	77.81	79.80	442000.00
2011-12-08	79.41	79.73	77.79	78.02	447000.00
2011-12-09	78.32	81.04	77.79	80.37	720200.00
2011-12-12	79.68	79.68	78.21	78.73	768100.00
2011-12-13	79.05	80.04	78.00	78.51	472400.00
2011-12-14	78.05	81.05	78.05	80.12	832600.00
2011-12-15	81.01	82.49	80.54	82.20	784900.00
2011-12-16	82.75	84.15	82.22	82.50	1121500.00
2011-12-19	82.79	82.80	81.16	81.29	882400.00
2011-12-20	82.46	83.07	82.15	82.82	757600.00
2011-12-21	83.27	83.27	81.99	82.48	779200.00
2011-12-22	82.73	84.76	82.61	84.33	929400.00
2011-12-23	84.91	84.95	83.68	84.41	790600.00
2011-12-27	84.37	85.33	83.80	84.80	341000.00
2011-12-28	84.54	84.76	83.56	83.73	451700.00
2011-12-29	83.94	84.68	83.73	84.46	417600.00
2011-12-30	84.50	85.25	84.10	84.11	305800.00
2012-01-03	86.26	86.26	83.08	83.75	637500.00
2012-01-04	82.86	83.37	81.96	82.10	683000.00
2012-01-05	81.94	83.83	81.64	83.62	600700.00
2012-01-06	83.87	84.18	82.39	82.57	721900.00
2012-01-09	82.61	83.04	81.61	81.76	577400.00
2012-01-10	82.59	83.23	82.19	82.51	829100.00
2012-01-11	82.28	82.55	81.39	82.14	700300.00
2012-01-12	81.78	81.78	79.73	80.03	902800.00
2012-01-13	80.26	81.68	79.68	81.47	1298500.00
2012-01-17	82.01	83.86	81.99	82.91	916000.00
2012-01-18	82.97	84.27	82.27	82.43	880300.00
2012-01-19	82.73	82.92	81.74	81.85	960100.00
2012-01-20	81.85	82.58	81.26	82.32	870800.00
2012-01-23	81.90	83.71	81.90	83.55	651000.00
2012-01-24	82.55	84.62	82.55	84.46	816300.00
2012-01-25	84.18	86.27	84.13	86.18	800100.00
2012-01-26	86.05	87.66	86.05	86.88	721500.00
2012-01-27	86.65	87.54	86.08	87.22	677600.00
2012-01-30	87.01	87.01	85.82	86.87	708300.00
2012-01-31	86.79	87.67	86.63	87.60	1137200.00
2012-02-01	88.26	89.01	87.10	88.18	778200.00
2012-02-02	87.58	89.06	86.13	89.03	1638100.00
2012-02-03	89.88	90.16	88.79	90.05	995000.00
2012-02-06	89.66	89.74	88.54	89.00	610000.00
2012-02-07	88.38	89.14	88.16	88.23	692400.00
2012-02-08	88.43	88.68	87.06	87.47	708300.00
2012-02-09	87.39	87.69	86.45	86.54	621100.00
2012-02-10	86.03	87.17	86.03	86.59	720200.00
2012-02-13	87.35	87.68	86.86	87.16	401100.00
2012-02-14	86.79	86.93	85.03	85.50	607100.00
2012-02-15	85.69	85.82	84.79	85.31	667800.00
2012-02-16	85.14	85.89	85.10	85.63	549700.00
2012-02-17	85.97	86.59	85.34	86.32	630200.00
2012-02-21	86.45	86.75	84.00	84.29	666700.00
2012-02-22	83.50	84.98	83.48	83.64	567000.00
2012-02-23	83.61	84.21	83.50	83.77	820300.00
2012-02-24	84.44	85.97	84.00	85.66	977100.00
2012-02-27	85.20	85.63	84.44	85.42	444700.00
2012-02-28	85.67	85.83	84.20	84.35	762200.00
2012-02-29	84.40	84.98	83.41	83.51	1269100.00
2012-03-01	83.26	84.54	83.26	84.43	658300.00
2012-03-02	84.38	85.31	84.15	85.16	560400.00
2012-03-05	85.07	87.06	84.87	86.88	620300.00
2012-03-06	86.19	87.05	85.83	86.01	816000.00
2012-03-07	86.21	86.74	85.27	86.66	654100.00
2012-03-08	86.94	87.03	85.91	86.30	751000.00
2012-03-09	86.79	88.87	86.75	88.75	1338200.00
2012-03-12	88.74	89.91	88.67	89.37	1367900.00
2012-03-13	90.03	90.56	89.20	90.42	998100.00
2012-03-14	90.24	90.54	88.70	89.41	694000.00
2012-03-15	89.63	89.63	88.07	88.50	669200.00
2012-03-16	88.48	89.21	88.47	89.19	819100.00
2012-03-19	89.12	90.23	88.54	89.78	626100.00
2012-03-20	89.41	89.91	89.04	89.20	628200.00
2012-03-21	89.26	89.26	88.04	88.41	721400.00
2012-03-22	87.74	87.74	86.45	87.30	599800.00
2012-03-23	87.24	88.99	87.13	88.29	805700.00
2012-03-26	89.09	89.65	88.92	89.45	455400.00
2012-03-27	89.50	90.34	89.36	89.65	575900.00
2012-03-28	89.85	89.85	88.52	89.50	514400.00
2012-03-29	88.58	90.11	88.58	89.93	511200.00
2012-03-30	90.26	91.90	90.23	91.68	1037600.00
2012-04-02	91.68	91.88	90.96	91.73	551700.00
2012-04-03	91.57	92.10	91.20	91.82	498700.00
2012-04-04	91.29	91.35	90.41	90.79	408000.00
2012-04-05	90.42	91.00	90.18	90.62	284900.00
2012-04-09	89.59	90.53	89.06	90.11	417900.00
2012-04-10	90.24	90.43	88.03	88.46	820300.00
2012-04-11	89.37	89.69	88.77	89.08	494900.00
2012-04-12	89.30	90.72	89.00	90.58	602400.00
2012-04-13	89.97	91.71	89.55	90.90	689500.00
2012-04-16	91.59	92.88	91.20	92.16	726200.00
2012-04-17	92.50	92.69	91.44	92.31	638200.00
2012-04-18	91.84	92.55	91.59	92.18	372400.00
2012-04-19	92.20	92.88	91.97	92.41	488000.00
2012-04-20	92.60	94.21	92.51	93.93	747000.00
2012-04-23	92.95	93.67	91.85	92.79	712700.00
2012-04-24	91.94	94.17	91.75	93.75	615100.00
2012-04-25	93.55	94.58	93.55	94.46	830200.00
2012-04-26	93.32	94.75	92.71	94.51	1081500.00
2012-04-27	94.31	95.07	94.07	94.73	618500.00
2012-04-30	94.24	94.73	93.63	94.30	683900.00
2012-05-01	94.47	96.39	94.16	95.70	736400.00
2012-05-02	95.18	95.85	94.54	95.39	564200.00
2012-05-03	95.51	95.91	94.27	94.32	885500.00
2012-05-04	93.73	94.99	93.68	94.32	831700.00
2012-05-07	94.25	96.13	94.06	95.87	569000.00
2012-05-08	95.40	95.80	95.03	95.56	550200.00
2012-05-09	94.89	95.76	94.38	95.04	624700.00
2012-05-10	95.75	95.88	94.34	95.30	482100.00
2012-05-11	94.94	95.55	94.05	95.28	559300.00
2012-05-14	94.73	94.98	93.16	93.20	888400.00
2012-05-15	93.55	94.14	93.07	93.30	658900.00
2012-05-16	93.67	93.77	91.59	92.04	577400.00
2012-05-17	92.02	92.02	89.53	89.53	572400.00
2012-05-18	89.73	90.79	88.45	88.80	702900.00
2012-05-21	88.82	91.13	88.75	90.87	589300.00
2012-05-22	90.87	92.18	90.72	91.55	837200.00
2012-05-23	91.05	91.64	90.15	91.51	477000.00
2012-05-24	90.26	92.10	90.26	91.54	537800.00
2012-05-25	91.93	92.09	90.38	90.70	719500.00
2012-05-29	90.89	92.15	90.89	92.12	419700.00
2012-05-30	91.26	91.26	89.75	89.81	569600.00
2012-05-31	89.96	91.48	89.13	90.64	849500.00
2012-06-01	89.02	89.78	87.99	88.86	1106300.00
2012-06-04	88.60	88.98	87.23	87.80	813900.00
2012-06-05	87.48	90.35	87.29	89.89	905100.00
2012-06-06	90.90	91.68	89.80	91.57	721000.00
2012-06-07	96.89	96.89	90.59	90.90	635800.00
2012-06-08	90.53	92.10	90.53	91.88	597300.00
2012-06-11	92.57	92.57	89.72	89.81	518300.00
2012-06-12	90.15	90.33	88.75	90.28	679100.00
2012-06-13	88.76	90.74	88.76	90.02	573800.00
2012-06-14	89.75	91.62	89.75	91.13	664500.00
2012-06-15	91.31	91.35	90.49	91.25	642500.00
2012-06-18	91.21	92.83	90.66	91.79	801800.00
2012-06-19	91.64	92.68	91.20	92.00	808200.00
2012-06-20	92.19	92.35	90.86	91.48	583000.00
2012-06-21	91.22	91.66	89.61	89.67	619900.00
2012-06-22	89.82	90.39	88.39	89.09	771700.00
2012-06-25	88.80	89.22	88.25	88.90	648200.00
2012-06-26	89.15	89.92	88.89	89.11	482100.00
2012-06-27	89.70	89.80	89.00	89.30	453800.00
2012-06-28	88.93	90.22	88.18	90.15	293600.00
2012-06-29	91.86	92.54	91.41	92.41	646500.00
2012-07-02	92.35	93.74	92.23	93.64	630400.00
2012-07-03	93.69	94.48	93.09	94.09	410100.00
2012-07-05	93.55	94.23	93.41	93.75	395400.00
2012-07-06	95.50	95.50	92.88	94.44	479300.00
2012-07-09	93.82	94.75	93.82	94.48	452100.00
2012-07-10	94.73	95.08	92.79	93.24	401700.00
2012-07-11	93.16	93.82	92.56	93.55	587800.00
2012-07-12	93.03	96.02	92.84	95.56	1085600.00
2012-07-13	95.68	97.42	95.54	97.36	784400.00
2012-07-16	96.76	97.89	96.76	97.78	502500.00
2012-07-17	98.70	98.70	97.12	98.63	588100.00
2012-07-18	98.43	98.78	97.62	98.30	464800.00
2012-07-19	97.62	98.42	96.46	97.52	496300.00
2012-07-20	97.03	97.51	96.55	96.72	489700.00
2012-07-23	94.74	96.63	94.74	96.00	720800.00
2012-07-24	96.11	96.65	94.61	95.24	635500.00
2012-07-25	95.77	96.00	94.65	94.92	787600.00
2012-07-26	93.08	95.62	93.08	94.44	880400.00
2012-07-27	94.77	95.86	94.77	95.05	379700.00
2012-07-30	94.97	95.87	94.73	95.48	408500.00
2012-07-31	95.13	96.29	95.03	96.08	799400.00
2012-08-01	96.46	97.29	94.29	94.35	1051000.00
2012-08-02	93.71	94.66	93.69	94.62	546600.00
2012-08-03	95.12	95.63	94.26	94.53	535200.00
2012-08-06	94.55	94.84	93.64	93.69	515100.00
2012-08-07	94.17	94.17	92.31	92.55	556500.00
2012-08-08	92.38	92.38	90.83	91.25	636200.00
2012-08-09	91.50	91.81	90.63	91.05	403800.00
2012-08-10	90.97	91.75	90.93	91.67	308500.00
2012-08-13	91.37	91.86	90.62	90.91	397000.00
2012-08-14	91.00	91.20	90.06	90.51	423800.00
2012-08-15	90.25	91.36	90.20	91.34	430400.00
2012-08-16	91.36	92.02	90.56	91.96	536500.00
2012-08-17	91.64	92.61	91.62	92.60	758600.00
2012-08-20	92.36	92.67	91.94	92.44	674800.00
2012-08-21	92.56	92.75	92.18	92.46	422400.00
2012-08-22	92.46	93.78	91.92	93.60	852000.00
2012-08-23	93.39	94.52	92.77	93.89	607000.00
2012-08-24	93.51	94.50	93.12	94.18	351700.00
2012-08-27	94.17	94.41	93.37	93.91	378900.00
2012-08-28	93.71	94.26	93.15	93.77	340700.00
2012-08-29	93.73	93.97	93.27	93.35	357700.00
2012-08-30	92.90	93.22	92.37	92.61	365400.00
2012-08-31	92.84	92.96	91.85	92.44	608400.00
2012-09-04	92.13	93.13	91.66	93.11	506300.00
2012-09-05	93.22	93.50	92.60	93.13	355600.00
2012-09-06	93.78	93.99	93.31	93.72	471000.00
2012-09-07	94.06	94.66	93.94	94.29	340100.00
2012-09-10	93.58	94.11	92.24	92.26	1000800.00
2012-09-11	93.13	93.13	91.79	92.07	443500.00
2012-09-12	92.05	92.28	91.54	91.71	488800.00
2012-09-13	91.87	92.60	91.37	92.48	995900.00
2012-09-14	92.95	93.52	92.15	92.32	604900.00
2012-09-17	92.01	93.00	91.98	92.30	547200.00
2012-09-18	92.38	92.73	91.52	91.79	570000.00
2012-09-19	91.35	92.82	91.35	92.40	933900.00
2012-09-20	91.80	92.03	90.38	90.49	1076600.00
2012-09-21	90.94	91.02	90.31	90.67	950400.00
2012-09-24	89.90	91.05	89.84	89.99	609100.00
2012-09-25	90.47	90.54	88.43	88.47	726100.00
2012-09-26	88.42	89.84	88.18	89.05	434800.00
2012-09-27	89.03	90.71	89.01	89.88	594800.00
2012-09-28	89.36	89.93	89.06	89.47	627600.00
2012-10-01	89.75	89.83	87.83	89.09	738300.00
2012-10-02	89.42	89.94	88.86	89.89	560200.00
2012-10-03	90.00	90.57	89.72	89.93	542800.00
2012-10-04	90.19	90.57	89.33	89.66	803600.00
2012-10-05	89.78	90.04	89.39	89.61	413500.00
2012-10-08	89.31	89.53	88.44	88.65	328200.00
2012-10-09	88.81	89.06	87.84	87.94	579300.00
2012-10-10	87.55	88.64	87.45	88.63	930500.00
2012-10-11	88.66	89.15	87.70	87.77	500800.00
2012-10-12	87.99	88.61	86.95	87.03	733600.00
2012-10-15	87.32	87.69	86.67	87.57	743200.00
2012-10-16	87.99	88.28	87.49	87.69	816900.00
2012-10-17	87.89	88.15	87.38	87.82	674500.00
2012-10-18	87.81	89.63	87.81	89.58	394500.00
2012-10-19	89.24	91.13	89.24	90.07	949400.00
2012-10-22	89.53	89.74	88.21	88.84	459600.00
2012-10-23	88.13	88.88	87.58	88.19	369100.00
2012-10-24	88.58	88.99	87.66	88.21	370200.00
2012-10-25	86.84	88.82	86.84	88.11	868800.00
2012-10-26	87.92	88.05	87.11	87.55	758900.00
2012-10-31	88.09	89.44	87.86	89.18	781100.00
2012-11-01	89.20	90.59	88.61	90.07	838200.00
2012-11-02	90.55	91.91	90.34	90.61	584400.00
2012-11-05	90.11	90.59	89.57	90.15	537600.00
2012-11-06	90.20	90.52	89.40	90.01	558500.00
2012-11-07	89.86	90.28	88.98	89.02	527500.00
2012-11-08	89.01	89.11	87.40	87.40	525800.00
2012-11-09	87.33	87.57	86.72	86.80	371100.00
2012-11-12	87.09	87.09	85.80	86.29	296400.00
2012-11-13	85.82	86.52	85.60	85.74	409800.00
2012-11-14	85.97	86.03	83.62	83.95	556000.00
2012-11-15	83.97	84.28	82.97	84.01	840300.00
2012-11-16	84.09	84.90	83.06	84.78	647300.00
2012-11-19	85.60	89.90	85.04	85.51	618300.00
2012-11-20	85.40	85.46	84.47	84.96	952300.00
2012-11-21	85.11	85.46	83.79	83.81	779000.00
2012-11-23	84.23	84.90	83.93	84.57	223300.00
2012-11-26	84.24	85.67	83.95	84.84	520900.00
2012-11-27	83.55	89.18	83.48	87.07	3339400.00
2012-11-28	86.62	87.24	85.93	86.88	1471800.00
2012-11-29	87.44	88.09	86.84	87.53	9645300.00
2012-11-30	87.76	87.83	86.67	86.70	3216600.00
2012-12-03	87.04	87.68	86.91	87.50	1565400.00
2012-12-04	87.49	88.31	87.40	88.31	1506000.00
2012-12-05	88.26	88.63	87.30	87.32	1209800.00
2012-12-06	87.30	89.46	87.20	89.46	2544000.00
2012-12-07	89.36	89.36	87.60	87.95	1988100.00
2012-12-10	89.45	89.45	87.39	87.48	718300.00
2012-12-11	87.67	88.06	87.29	87.55	872500.00
2012-12-12	87.99	88.90	87.15	88.13	837000.00
2012-12-13	87.91	87.99	86.78	87.16	711900.00
2012-12-14	87.36	87.91	86.82	87.24	1124600.00
2012-12-17	87.74	88.15	87.11	87.63	1000900.00
2012-12-18	87.93	88.18	87.56	87.80	912100.00
2012-12-19	87.71	88.24	87.71	87.76	903200.00
2012-12-20	87.27	89.25	87.07	89.19	1315600.00
2012-12-21	88.38	90.07	88.37	89.90	2790100.00
2012-12-24	89.36	90.13	88.98	89.82	351400.00
2012-12-26	90.02	90.07	88.68	88.86	692800.00
2012-12-27	89.19	90.06	88.92	89.98	505200.00
2012-12-28	89.47	90.10	88.78	88.78	502800.00
2012-12-31	88.86	89.85	88.55	89.85	595000.00
2013-01-02	90.97	91.35	89.54	90.14	893700.00
2013-01-03	90.37	91.08	90.07	90.64	461600.00
2013-01-04	90.64	90.86	90.27	90.37	496600.00
2013-01-07	90.08	90.63	89.76	90.46	559500.00
2013-01-08	90.36	90.84	89.83	90.18	519300.00
2013-01-09	90.36	90.67	89.89	90.55	522300.00
2013-01-10	90.86	90.97	90.29	90.84	590100.00
2013-01-11	90.86	91.29	90.12	90.23	608000.00
2013-01-14	90.35	90.78	90.23	90.66	497600.00
2013-01-15	90.33	91.78	90.33	91.69	480200.00
2013-01-16	91.37	91.70	91.10	91.40	517700.00
2013-01-17	91.73	91.94	91.38	91.83	589400.00
2013-01-18	91.68	91.89	91.12	91.82	546400.00
2013-01-22	91.60	92.22	91.60	92.21	546200.00
2013-01-23	91.92	92.26	91.91	92.08	629600.00
2013-01-24	92.41	92.45	91.27	91.67	707900.00
2013-01-25	92.00	92.36	91.53	91.73	721000.00
2013-01-28	92.06	92.14	91.18	91.21	746100.00
2013-01-29	91.11	91.84	90.89	91.39	1092600.00
2013-01-30	90.91	91.35	89.79	89.88	1113300.00
2013-01-31	88.77	89.62	83.95	86.01	3402500.00
2013-02-01	86.71	86.71	83.38	83.57	4489800.00
2013-02-04	83.50	83.73	82.37	83.45	3556300.00
2013-02-05	83.54	84.05	82.24	83.74	1805500.00
2013-02-06	83.70	86.46	83.58	85.15	2100200.00
2013-02-07	85.07	85.07	83.60	84.15	1070200.00
2013-02-08	84.50	85.54	84.50	85.38	956400.00
2013-02-11	85.38	86.39	85.38	86.00	1257400.00
2013-02-12	85.90	86.74	85.68	86.70	685700.00
2013-02-13	86.87	86.96	86.07	86.30	590600.00
2013-02-14	85.75	86.69	85.75	86.18	621800.00
2013-02-15	86.13	86.32	85.68	86.32	1187600.00
2013-02-19	86.54	86.80	85.91	86.42	555500.00
2013-02-20	86.36	86.85	85.91	85.94	988900.00
2013-02-21	85.89	86.05	84.61	84.62	1221900.00
2013-02-22	84.96	85.42	84.88	85.37	1064800.00
2013-02-25	85.65	85.70	83.71	83.71	811100.00
2013-02-26	84.10	84.39	83.18	83.85	998700.00
2013-02-27	83.75	84.18	83.44	83.46	761900.00
2013-02-28	83.44	83.82	82.67	82.72	1673200.00
2013-03-01	82.54	83.66	82.17	83.63	1117100.00
2013-03-04	83.38	84.02	83.12	83.93	1766100.00
2013-03-05	84.24	84.65	83.62	83.99	730900.00
2013-03-06	84.06	84.29	83.34	83.65	714900.00
2013-03-07	83.66	84.16	82.48	82.67	1177500.00
2013-03-08	82.78	82.85	81.61	82.22	1183700.00
2013-03-11	82.19	82.36	81.53	82.18	787300.00
2013-03-12	82.08	83.44	81.87	83.32	1870900.00
2013-03-13	83.11	84.15	82.73	84.01	1013300.00
2013-03-14	83.89	85.75	83.77	85.62	1557700.00
2013-03-15	85.29	85.46	84.55	85.07	1171800.00
2013-03-18	84.79	85.34	83.90	83.99	818700.00
2013-03-19	84.25	84.61	83.02	83.62	652100.00
2013-03-20	83.90	84.24	83.40	83.85	567600.00
2013-03-21	83.39	84.12	83.10	83.13	603300.00
2013-03-22	83.20	84.50	83.14	84.05	842900.00
2013-03-25	84.31	84.52	83.73	83.84	795600.00
2013-03-26	84.21	85.26	84.21	84.94	790000.00
2013-03-27	84.53	84.89	84.19	84.63	654900.00
2013-03-28	84.78	84.94	84.29	84.65	989900.00
2013-04-01	85.00	85.62	84.65	85.60	580400.00
2013-04-02	86.13	86.35	85.48	85.64	598800.00
2013-04-03	85.70	85.88	85.22	85.54	717300.00
2013-04-04	85.74	88.37	85.67	88.36	1109500.00
2013-04-05	87.65	89.25	87.52	89.18	996000.00
2013-04-08	89.14	89.34	88.59	88.91	726400.00
2013-04-09	88.83	89.55	87.97	89.22	696000.00
2013-04-10	89.71	89.71	88.91	89.21	530200.00
2013-04-11	89.31	90.47	89.23	90.02	735100.00
2013-04-12	89.92	90.62	89.79	90.60	680800.00
2013-04-15	90.03	90.46	88.52	88.53	724600.00
2013-04-16	89.13	89.76	88.45	89.49	669900.00
2013-04-17	89.28	89.28	87.63	87.68	1265600.00
2013-04-18	87.94	88.44	87.19	88.22	519800.00
2013-04-19	88.55	89.17	88.12	88.93	590900.00
2013-04-22	88.99	88.99	87.91	88.26	691200.00
2013-04-23	88.48	88.48	87.62	88.14	713400.00
2013-04-24	88.30	88.90	88.09	88.27	673100.00
2013-04-25	88.19	88.22	87.25	87.64	574300.00
2013-04-26	87.70	87.92	86.69	87.03	509600.00
2013-04-29	87.27	87.72	86.77	87.58	440900.00
2013-04-30	87.57	88.91	87.40	88.91	735700.00
2013-05-01	89.22	90.71	88.08	88.38	1024400.00
2013-05-02	88.55	89.06	86.95	87.35	874200.00
2013-05-03	87.90	88.12	86.37	86.74	968700.00
2013-05-06	87.02	87.54	86.57	87.39	680800.00
2013-05-07	87.40	89.02	87.24	88.89	594700.00
2013-05-08	88.70	89.13	88.16	88.73	566900.00
2013-05-09	88.52	88.95	88.28	88.60	576800.00
2013-05-10	88.78	89.25	88.23	89.08	531100.00
2013-05-13	89.02	90.22	88.76	90.08	643400.00
2013-05-14	89.93	91.32	89.93	91.32	1020200.00
2013-05-15	91.40	91.71	90.69	91.68	1063600.00
2013-05-16	91.30	93.10	91.30	92.24	1082700.00
2013-05-17	92.29	92.90	92.23	92.69	892200.00
2013-05-20	92.66	94.26	92.61	93.99	923600.00
2013-05-21	94.23	94.87	93.89	94.54	509500.00
2013-05-22	94.68	94.79	92.25	92.60	1483300.00
2013-05-23	91.56	92.89	90.95	92.89	5081300.00
2013-05-24	92.47	92.75	91.75	92.61	808300.00
2013-05-28	93.26	93.76	90.80	91.28	1198100.00
2013-05-29	90.66	91.51	88.42	91.33	2020000.00
2013-05-30	91.33	91.56	88.98	89.13	824400.00
2013-05-31	88.81	90.09	88.58	88.66	1733200.00
2013-06-03	88.66	90.94	87.95	90.38	1204100.00
2013-06-04	90.62	91.56	90.14	90.92	1219500.00
2013-06-05	90.75	91.17	89.53	89.73	709300.00
2013-06-06	89.65	90.42	88.83	89.89	697300.00
2013-06-07	89.74	90.07	88.38	89.87	571900.00
2013-06-10	89.88	90.18	88.84	89.19	501100.00
2013-06-11	88.83	88.83	87.57	87.60	933000.00
2013-06-12	87.92	87.92	86.21	86.41	710600.00
2013-06-13	86.69	90.25	86.61	89.93	822200.00
2013-06-14	89.86	90.77	89.19	89.95	536500.00
2013-06-17	90.43	90.91	89.21	89.73	855400.00
2013-06-18	89.79	90.76	89.48	90.16	456000.00
2013-06-19	90.09	90.37	86.98	87.40	554000.00
2013-06-20	86.87	86.95	84.82	85.52	904500.00
2013-06-21	85.97	88.75	85.97	88.01	1298400.00
2013-06-24	87.17	91.48	85.99	89.25	1358200.00
2013-06-25	90.16	91.18	89.25	90.52	1075600.00
2013-06-26	91.51	92.66	90.90	91.08	1182300.00
2013-06-27	91.86	92.54	91.48	91.93	1145200.00
2013-06-28	91.69	92.23	90.83	90.88	1675100.00
2013-07-01	90.81	92.60	90.81	91.18	984000.00
2013-07-02	91.08	92.58	91.08	92.25	964900.00
2013-07-03	91.89	92.15	90.47	91.43	528100.00
2013-07-05	91.43	91.70	88.97	90.95	788800.00
2013-07-08	91.01	91.85	90.36	90.55	690500.00
2013-07-09	90.99	92.91	90.63	92.50	637300.00
2013-07-10	92.48	92.69	91.40	92.62	633000.00
2013-07-11	93.41	95.00	93.41	94.56	761700.00
2013-07-12	94.98	95.09	94.09	94.61	974800.00
2013-07-15	94.15	94.81	93.76	94.09	304300.00
2013-07-16	94.11	95.34	94.07	94.53	444700.00
2013-07-17	94.63	95.19	93.89	94.71	422200.00
2013-07-18	95.04	95.46	94.35	95.01	706600.00
2013-07-19	94.96	95.24	93.98	94.55	1109800.00
2013-07-22	94.63	95.14	94.33	94.83	511400.00
2013-07-23	95.07	95.17	94.23	94.53	726400.00
2013-07-24	94.44	94.72	92.31	93.02	830600.00
2013-07-25	92.67	93.52	91.33	92.92	959200.00
2013-07-26	92.55	93.68	92.18	93.62	443300.00
2013-07-29	93.24	93.47	92.40	92.72	499900.00
2013-07-30	93.41	93.68	92.04	92.46	682200.00
2013-07-31	93.07	93.19	90.16	91.17	963700.00
2013-08-01	91.53	91.93	90.64	90.88	592200.00
2013-08-02	90.88	91.77	90.13	90.23	644700.00
2013-08-05	88.99	90.31	88.99	89.71	491800.00
2013-08-06	89.72	90.58	89.18	89.67	507800.00
2013-08-07	89.26	89.69	88.70	89.07	582100.00
2013-08-08	89.42	89.58	88.39	88.94	546700.00
2013-08-09	88.99	90.19	88.66	89.67	494700.00
2013-08-12	89.57	89.57	87.94	88.76	479700.00
2013-08-13	88.86	88.86	87.05	87.38	501600.00
2013-08-14	87.46	87.61	86.49	86.60	423400.00
2013-08-15	84.60	86.74	84.40	84.47	770200.00
2013-08-16	84.52	84.58	82.56	82.72	1502700.00
2013-08-19	82.46	83.19	82.17	82.43	720700.00
2013-08-20	82.46	83.86	82.46	83.43	817600.00
2013-08-21	83.04	84.57	81.87	83.37	580500.00
2013-08-22	83.54	84.80	82.69	84.34	684600.00
2013-08-23	84.68	85.09	83.63	85.03	500400.00
2013-08-26	85.00	85.80	84.78	85.42	692800.00
2013-08-27	83.09	85.38	83.09	84.73	425700.00
2013-08-28	84.70	84.77	83.44	83.83	458600.00
2013-08-29	83.17	83.96	82.51	83.73	408000.00
2013-08-30	83.93	84.55	83.17	83.46	547500.00
2013-09-03	84.06	84.08	81.73	82.67	789500.00
2013-09-04	82.50	84.20	82.06	83.76	515900.00
2013-09-05	83.68	83.69	82.32	83.29	454600.00
2013-09-06	83.88	85.32	83.71	84.60	523900.00
2013-09-09	85.17	86.37	84.72	86.35	562300.00
2013-09-10	86.52	86.74	85.52	86.45	350600.00
2013-09-11	86.69	87.57	86.01	87.53	446900.00
2013-09-12	87.34	87.98	86.67	87.17	583100.00
2013-09-13	86.72	87.67	86.55	87.03	428600.00
2013-09-16	88.70	89.35	87.23	87.59	414300.00
2013-09-17	87.13	88.52	86.91	87.04	401500.00
2013-09-18	87.19	91.05	86.78	90.83	1071700.00
2013-09-19	90.85	91.80	90.15	91.15	831100.00
2013-09-20	91.09	91.28	89.62	89.62	1055000.00
2013-09-23	89.26	90.10	88.52	88.77	681300.00
2013-09-24	88.81	89.04	87.13	87.28	621200.00
2013-09-25	87.37	88.53	86.80	88.19	651300.00
2013-09-26	88.70	88.70	87.47	88.09	523300.00
2013-09-27	87.85	88.65	87.23	87.82	505800.00
2013-09-30	87.44	88.55	85.97	86.32	727900.00
2013-10-01	86.32	88.10	86.15	86.72	1004400.00
2013-10-02	87.61	87.61	85.99	87.53	905000.00
2013-10-03	87.02	87.59	85.46	85.75	562100.00
2013-10-04	86.03	86.39	84.60	84.84	696000.00
2013-10-07	83.99	85.79	83.98	84.89	733000.00
2013-10-08	85.53	85.53	84.05	84.13	648700.00
2013-10-09	84.17	85.45	84.17	84.65	431700.00
2013-10-10	85.19	87.21	85.14	87.21	533900.00
2013-10-11	86.76	87.62	85.90	87.59	512000.00
2013-10-14	86.92	87.49	86.60	87.35	414700.00
2013-10-15	86.87	87.89	86.70	87.28	371500.00
2013-10-16	87.80	89.27	87.29	89.10	724600.00
2013-10-17	88.99	90.65	88.74	90.50	494300.00
2013-10-18	90.72	90.79	89.43	90.09	604500.00
2013-10-21	89.99	90.25	89.35	90.13	422600.00
2013-10-22	90.75	91.79	89.60	91.18	626600.00
2013-10-23	91.05	91.35	90.22	91.15	471400.00
2013-10-24	86.89	89.80	85.62	87.28	1109400.00
2013-10-25	86.87	89.75	86.87	89.29	1039500.00
2013-10-28	89.50	89.56	86.94	87.63	856900.00
2013-10-29	87.56	87.60	85.69	86.30	775700.00
2013-10-30	86.26	86.58	85.35	86.03	591800.00
2013-10-31	86.16	86.41	84.09	84.93	1402000.00
2013-11-01	85.48	85.65	84.44	85.38	703900.00
2013-11-04	85.42	85.70	85.09	85.58	660500.00
2013-11-05	85.20	85.50	84.07	84.22	465600.00
2013-11-06	84.63	84.90	84.38	84.50	455700.00
2013-11-07	84.53	84.54	83.42	83.42	647200.00
2013-11-08	82.83	82.96	81.69	82.75	805900.00
2013-11-11	82.96	83.69	82.79	83.13	602300.00
2013-11-12	83.20	83.20	81.69	82.37	728500.00
2013-11-13	81.90	82.79	81.70	82.77	606600.00
2013-11-14	83.32	84.07	82.81	82.85	388200.00
2013-11-15	82.66	83.21	81.44	81.65	837100.00
2013-11-18	81.65	82.01	80.48	80.78	771600.00
2013-11-19	80.78	81.07	79.84	80.19	624600.00
2013-11-20	80.23	81.29	79.32	79.77	589800.00
2013-11-21	80.04	80.60	79.47	80.39	566300.00
2013-11-22	80.34	80.71	79.50	79.84	569000.00
2013-11-25	80.23	80.70	78.87	79.37	534400.00
2013-11-26	79.46	79.99	78.86	79.70	1025500.00
2013-11-27	79.70	81.43	79.67	81.31	706300.00
2013-11-29	81.48	81.48	80.22	80.52	462900.00
2013-12-02	80.27	80.94	79.60	79.95	684800.00
2013-12-03	78.81	81.39	78.81	80.52	554000.00
2013-12-04	79.98	83.06	79.97	82.00	1612500.00
2013-12-05	80.95	83.06	80.80	81.93	784000.00
2013-12-06	81.49	82.72	81.49	82.66	793200.00
2013-12-09	82.66	83.25	82.43	82.94	666500.00
2013-12-10	82.34	83.37	82.24	83.00	752300.00
2013-12-11	83.22	83.22	81.79	81.88	1041900.00
2013-12-12	82.51	83.02	81.24	81.28	1277800.00
2013-12-13	81.64	82.21	80.56	80.99	827900.00
2013-12-16	81.15	81.43	80.78	80.85	803900.00
2013-12-17	80.69	80.99	79.90	80.10	868200.00
2013-12-18	80.35	81.40	79.04	81.25	1129400.00
2013-12-19	81.27	81.50	79.54	80.15	751800.00
2013-12-20	80.12	80.67	79.90	80.66	1523800.00
2013-12-23	81.22	81.34	80.03	80.14	735200.00
2013-12-24	80.14	80.48	79.95	80.33	342500.00
2013-12-26	80.94	81.20	80.17	80.64	507400.00
2013-12-27	81.03	81.61	80.56	81.50	866800.00
2013-12-30	81.74	81.77	81.04	81.25	415900.00
2013-12-31	81.26	81.71	80.83	81.03	758800.00
2014-01-02	81.04	81.74	80.65	81.04	901900.00
2014-01-03	80.69	82.44	80.69	82.08	737600.00
2014-01-06	82.61	83.32	82.08	83.30	1414000.00
2014-01-07	83.31	83.70	82.47	82.94	984200.00
2014-01-08	82.66	83.73	82.33	83.15	889800.00
2014-01-09	81.86	83.44	81.86	82.85	624300.00
2014-01-10	83.17	83.68	82.85	83.48	638100.00
2014-01-13	83.15	83.74	82.52	82.81	651300.00
2014-01-14	83.06	83.66	82.84	83.43	642200.00
2014-01-15	83.59	84.30	83.48	84.05	786600.00
2014-01-16	84.61	84.69	83.92	84.20	892800.00
2014-01-17	84.28	84.46	83.39	83.53	898500.00
2014-01-21	83.95	84.29	83.43	83.71	792800.00
2014-01-22	83.98	84.38	83.33	83.55	1153700.00
2014-01-23	83.08	83.22	82.56	82.69	1134900.00
2014-01-24	81.54	82.33	81.54	81.91	1204800.00
2014-01-27	81.45	82.39	81.13	81.13	973600.00
2014-01-28	80.87	81.91	80.54	80.55	1482500.00
2014-01-29	83.18	85.52	80.23	80.61	1855400.00
2014-01-30	78.24	84.48	78.24	83.72	2720200.00
2014-01-31	83.13	85.02	83.13	84.64	1584800.00
2014-02-03	84.64	85.30	84.37	84.50	1407900.00
2014-02-04	84.89	85.72	84.35	85.64	1474400.00
2014-02-05	85.42	86.57	85.15	86.37	1428300.00
2014-02-06	86.47	87.11	86.41	87.03	864600.00
2014-02-07	87.25	87.82	86.89	87.60	901600.00
2014-02-10	87.91	88.95	87.50	88.64	1070900.00
2014-02-11	88.43	89.69	88.17	88.86	1258100.00
2014-02-12	88.82	89.06	88.16	88.32	1444000.00
2014-02-13	88.10	88.74	87.89	87.96	996900.00
2014-02-14	88.00	88.45	87.96	88.40	582700.00
2014-02-18	88.23	88.93	88.07	88.75	691800.00
2014-02-19	88.67	88.97	87.80	87.97	673300.00
2014-02-20	88.25	88.63	87.58	88.34	737600.00
2014-02-21	88.24	88.81	87.60	88.18	623000.00
2014-02-24	88.25	89.23	88.08	88.56	694600.00
2014-02-25	88.30	88.92	88.15	88.57	766000.00
2014-02-26	89.04	89.06	87.75	88.02	694100.00
2014-02-27	88.11	88.23	87.01	87.25	723800.00
2014-02-28	87.46	88.73	87.12	88.39	1131000.00
2014-03-03	88.20	88.80	88.04	88.42	689200.00
2014-03-04	89.26	89.44	88.84	89.41	531100.00
2014-03-05	89.14	89.36	87.66	88.30	745000.00
2014-03-06	88.30	88.38	87.25	87.62	823200.00
2014-03-07	87.57	88.01	87.00	87.88	805000.00
2014-03-10	87.84	88.01	87.00	87.42	464800.00
2014-03-11	87.57	88.27	87.19	88.16	450900.00
2014-03-12	87.95	88.54	87.79	88.51	633400.00
2014-03-13	88.73	88.75	87.45	88.51	622600.00
2014-03-14	88.45	89.34	88.45	88.93	692900.00
2014-03-17	89.10	89.49	88.57	89.17	682600.00
2014-03-18	89.08	89.34	88.69	89.15	795300.00
2014-03-19	89.21	89.67	87.54	88.44	1723000.00
2014-03-20	88.08	88.74	87.76	88.21	1300300.00
2014-03-21	89.08	89.51	88.18	88.99	1273800.00
2014-03-24	89.25	89.37	88.29	88.84	734500.00
2014-03-25	89.32	90.33	88.86	90.17	617400.00
2014-03-26	90.15	90.15	88.89	89.13	930200.00
2014-03-27	89.03	89.83	88.79	89.58	897700.00
2014-03-28	90.02	90.56	89.73	89.99	854200.00
2014-03-31	90.27	91.40	89.48	90.81	1184800.00
2014-04-01	90.81	90.90	89.93	90.78	770600.00
2014-04-02	90.62	91.47	90.22	91.14	727800.00
2014-04-03	95.22	95.22	90.96	91.34	1130600.00
2014-04-04	91.88	92.73	91.20	92.27	1160000.00
2014-04-07	92.25	93.31	92.19	92.35	838000.00
2014-04-08	92.24	92.66	91.85	92.54	720100.00
2014-04-09	92.49	92.91	91.99	92.20	662000.00
2014-04-10	92.30	93.00	91.47	91.85	868000.00
2014-04-11	91.57	92.19	91.08	91.45	999700.00
2014-04-14	91.94	92.44	91.45	92.15	578500.00
2014-04-15	92.08	93.14	91.66	93.05	942900.00
2014-04-16	93.24	93.52	92.81	93.49	946500.00
2014-04-17	93.10	93.28	91.95	92.42	1200900.00
2014-04-21	92.36	93.01	92.17	92.84	853000.00
2014-04-22	92.79	93.16	91.81	93.06	565600.00
2014-04-23	92.53	93.29	91.99	92.22	1112500.00
2014-04-24	91.59	93.37	91.33	92.62	957100.00
2014-04-25	92.69	93.67	92.60	93.58	722100.00
2014-04-28	93.90	94.88	93.90	94.63	901500.00
2014-04-29	94.74	94.90	93.95	94.42	564800.00
2014-04-30	94.42	94.81	93.67	94.43	591000.00
2014-05-01	94.57	94.73	93.36	94.30	720600.00
2014-05-02	93.96	94.82	93.63	94.79	835200.00
2014-05-05	94.48	95.64	94.23	95.60	491400.00
2014-05-06	94.92	95.51	94.77	95.10	529900.00
2014-05-07	95.63	96.62	95.04	96.20	1047300.00
2014-05-08	96.18	96.81	95.86	96.57	679800.00
2014-05-09	96.49	96.81	95.77	96.35	602800.00
2014-05-12	96.40	97.26	96.31	97.12	566900.00
2014-05-13	96.79	97.71	96.01	96.22	584000.00
2014-05-14	96.40	96.70	95.87	96.18	413600.00
2014-05-15	96.27	97.12	96.00	96.97	1192100.00
2014-05-16	96.84	97.30	96.45	97.25	742800.00
2014-05-19	97.09	97.51	96.61	97.41	763300.00
2014-05-20	97.01	97.53	96.58	97.06	753500.00
2014-05-21	97.11	97.64	96.34	96.70	650700.00
2014-05-22	96.60	97.08	96.17	96.37	604300.00
2014-05-23	96.58	96.90	96.43	96.86	477700.00
2014-05-27	97.00	97.51	96.92	97.24	738200.00
2014-05-28	97.24	97.39	96.50	97.00	846000.00
2014-05-29	97.12	97.26	96.48	97.06	606700.00
2014-05-30	97.17	98.16	96.71	98.09	1669500.00
2014-06-02	98.02	98.49	97.98	98.09	1003700.00
2014-06-03	97.86	98.60	97.80	98.45	498300.00
2014-06-04	98.20	98.83	98.10	98.64	581500.00
2014-06-05	98.74	99.93	98.34	99.86	670800.00
2014-06-06	99.82	99.86	98.24	98.58	746200.00
2014-06-09	98.63	99.08	96.37	96.76	1266800.00
2014-06-10	96.48	96.97	95.98	96.18	867600.00
2014-06-11	96.18	96.43	95.61	96.09	624900.00
2014-06-12	96.06	96.59	95.48	96.32	731400.00
2014-06-13	96.58	97.01	95.79	96.83	569600.00
2014-06-16	96.62	97.01	96.09	96.23	561300.00
2014-06-17	96.18	97.02	95.78	96.99	1174900.00
2014-06-18	96.64	97.53	96.00	97.33	637800.00
2014-06-19	97.28	97.79	97.13	97.78	703400.00
2014-06-20	98.18	98.20	97.12	97.71	1671900.00
2014-06-23	97.70	98.44	97.47	98.00	680800.00
2014-06-24	97.70	98.54	97.70	98.52	550900.00
2014-06-25	98.21	98.85	98.21	98.78	571300.00
2014-06-26	98.67	99.01	98.25	98.56	363600.00
2014-06-27	98.38	99.29	98.25	99.25	453100.00
2014-06-30	99.39	99.73	98.23	99.13	624700.00
2014-07-01	99.10	99.66	98.55	99.28	744800.00
2014-07-02	99.31	99.42	98.51	99.38	363100.00
2014-07-03	99.22	99.45	98.25	99.02	304400.00
2014-07-07	98.87	99.65	98.86	99.48	519500.00
2014-07-08	99.28	100.40	99.25	100.02	404600.00
2014-07-09	100.33	100.40	99.27	100.05	476000.00
2014-07-10	99.59	100.97	99.48	100.26	624000.00
2014-07-11	100.03	100.60	99.74	100.30	530800.00
2014-07-14	100.48	101.32	100.14	101.28	494400.00
2014-07-15	101.32	102.03	101.09	101.82	709300.00
2014-07-16	101.96	102.38	101.46	102.26	485600.00
2014-07-17	101.80	102.44	101.45	101.87	564400.00
2014-07-18	102.08	102.87	101.64	102.71	663400.00
2014-07-21	102.57	102.61	101.98	101.98	457800.00
2014-07-22	102.13	102.70	101.96	102.05	671300.00
2014-07-23	102.05	102.26	101.19	101.19	1216900.00
2014-07-24	104.58	105.28	102.07	103.99	1495300.00
2014-07-25	103.79	103.85	102.88	103.17	594800.00
2014-07-28	103.25	105.19	103.25	104.72	682300.00
2014-07-29	104.29	104.89	103.65	104.33	668100.00
2014-07-30	104.33	105.55	104.33	105.26	844600.00
2014-07-31	104.80	105.18	103.23	103.24	978200.00
2014-08-01	103.33	104.42	103.12	103.66	898100.00
2014-08-04	103.60	105.08	102.86	104.79	535300.00
2014-08-05	104.15	104.80	103.39	103.76	610100.00
2014-08-06	104.03	104.30	103.30	104.15	566400.00
2014-08-07	104.26	104.62	103.50	103.93	570800.00
2014-08-08	104.28	104.47	103.50	104.44	508100.00
2014-08-11	104.44	105.46	104.22	104.95	507200.00
2014-08-12	104.66	105.37	104.62	104.89	576300.00
2014-08-13	104.86	106.64	104.86	106.29	582200.00
2014-08-14	106.16	106.54	105.19	105.62	529400.00
2014-08-15	105.58	105.83	104.66	105.25	1613000.00
2014-08-18	105.85	106.90	105.67	106.87	609100.00
2014-08-19	107.12	107.64	106.38	107.40	550100.00
2014-08-20	107.10	108.50	106.61	108.08	968000.00
2014-08-21	108.06	108.87	107.98	108.36	757800.00
2014-08-22	108.11	108.29	106.41	107.11	904200.00
2014-08-25	107.60	107.72	106.47	106.82	712100.00
2014-08-26	106.81	107.07	106.50	106.77	503300.00
2014-08-27	106.94	107.37	106.40	106.81	618600.00
2014-08-28	106.27	107.19	105.92	106.43	517500.00
2014-08-29	106.67	107.71	106.41	107.44	747200.00
2014-09-02	107.61	107.71	106.77	107.47	510900.00
2014-09-03	107.51	107.74	106.87	107.58	758100.00
2014-09-04	107.44	108.53	107.19	107.71	535100.00
2014-09-05	107.83	108.73	107.41	108.66	712600.00
2014-09-08	108.87	109.57	108.85	109.21	787000.00
2014-09-09	108.93	109.09	108.29	108.64	433300.00
2014-09-10	106.32	106.67	103.73	103.87	2372300.00
2014-09-11	103.87	104.70	103.48	104.22	1332500.00
2014-09-12	104.08	104.08	100.47	101.07	1124900.00
2014-09-15	100.88	101.94	99.95	100.47	946000.00
2014-09-16	100.68	101.68	100.67	101.38	943000.00
2014-09-17	101.73	102.31	101.13	101.34	994000.00
2014-09-18	101.41	101.87	100.27	100.57	1678900.00
2014-09-19	101.05	101.59	100.44	101.09	2732200.00
2014-09-22	100.89	101.31	100.55	101.09	1253300.00
2014-09-23	101.12	101.92	100.63	100.65	917900.00
2014-09-24	100.56	101.42	98.97	99.04	1409700.00
2014-09-25	99.12	99.41	98.02	98.26	1068700.00
2014-09-26	99.06	99.41	97.90	99.14	995700.00
2014-09-29	98.69	99.11	97.99	99.07	747400.00
2014-09-30	99.07	99.54	98.17	99.10	1382600.00
2014-10-01	99.21	100.26	99.12	99.53	1555700.00
2014-10-02	99.23	100.25	99.23	99.77	1085600.00
2014-10-03	100.09	100.62	99.51	100.31	856900.00
2014-10-06	100.37	101.12	99.94	100.46	606900.00
2014-10-07	100.35	101.12	99.94	99.98	583400.00
2014-10-08	100.08	102.21	100.08	102.19	902200.00
2014-10-09	102.35	103.75	102.09	102.57	1000200.00
2014-10-10	102.81	103.90	102.80	102.81	990600.00
2014-10-13	102.77	104.15	102.77	103.52	1306600.00
2014-10-14	103.94	105.78	103.58	105.49	1164300.00
2014-10-15	104.74	106.09	104.49	105.24	1303300.00
2014-10-16	104.34	105.28	103.34	104.41	780500.00
2014-10-17	104.83	105.01	103.57	105.00	1045700.00
2014-10-20	104.83	105.76	104.67	105.69	836500.00
2014-10-21	106.09	106.09	104.93	105.92	971000.00
2014-10-22	106.30	106.77	105.72	106.35	704900.00
2014-10-23	106.78	107.08	106.18	106.56	903300.00
2014-10-24	106.70	107.20	105.66	106.31	819200.00
2014-10-27	106.44	107.25	106.25	107.18	893500.00
2014-10-28	105.55	107.13	105.45	106.54	985900.00
2014-10-29	106.56	107.43	106.31	107.13	850300.00
2014-10-30	106.66	108.00	106.42	107.95	541000.00
2014-10-31	108.61	109.56	107.95	109.55	1073200.00
2014-11-03	109.76	111.22	109.59	111.16	939300.00
2014-11-04	111.54	112.30	110.48	112.20	805000.00
2014-11-05	112.12	112.12	110.48	111.15	855400.00
2014-11-06	111.30	111.78	110.29	110.51	620400.00
2014-11-07	110.21	111.25	109.69	110.58	917400.00
2014-11-10	110.47	111.84	110.33	111.79	585300.00
2014-11-11	111.58	111.61	110.60	111.22	387300.00
2014-11-12	111.13	111.30	109.95	110.32	594400.00
2014-11-13	110.70	111.52	110.09	111.32	484900.00
2014-11-14	111.32	111.52	109.96	110.19	528800.00
2014-11-17	110.23	111.32	109.97	111.18	452400.00
2014-11-18	110.94	111.48	110.35	111.25	521800.00
2014-11-19	110.89	111.46	110.16	110.28	408400.00
2014-11-20	110.20	110.51	109.73	110.51	349900.00
2014-11-21	110.82	111.18	110.37	110.67	849600.00
2014-11-24	111.24	111.37	110.59	110.82	703600.00
2014-11-25	110.71	111.08	110.35	110.46	1159800.00
2014-11-26	110.97	113.02	110.97	112.76	862900.00
2014-11-28	113.11	114.27	112.69	113.03	455600.00
2014-12-01	113.05	114.99	112.70	113.69	702200.00
2014-12-02	113.49	114.21	113.02	113.99	546400.00
2014-12-03	114.00	114.04	112.83	113.59	530900.00
2014-12-04	113.83	114.04	113.28	113.90	600300.00
2014-12-05	113.32	113.37	111.98	112.91	889300.00
2014-12-08	113.18	114.92	113.18	114.54	694800.00
2014-12-09	113.82	115.60	113.67	114.72	456500.00
2014-12-10	114.49	116.10	114.49	115.74	640300.00
2014-12-11	115.99	116.19	115.06	115.51	686000.00
2014-12-12	115.20	116.69	114.47	114.56	751000.00
2014-12-15	114.71	115.58	113.29	113.87	749400.00
2014-12-16	113.99	114.49	112.22	113.24	1089500.00
2014-12-17	113.95	116.61	113.84	115.92	918100.00
2014-12-18	116.52	117.13	115.98	116.62	942900.00
2014-12-19	117.12	117.16	115.97	116.41	1650100.00
2014-12-22	116.90	119.03	116.89	118.94	750300.00
2014-12-23	119.25	119.60	117.65	118.25	1012500.00
2014-12-24	118.04	118.51	117.02	117.36	292500.00
2014-12-26	117.61	117.95	117.23	117.71	394900.00
2014-12-29	117.68	118.61	117.13	118.53	605600.00
2014-12-30	118.18	118.86	117.41	117.62	548700.00
2014-12-31	118.05	118.65	115.53	115.66	552200.00
2015-01-02	116.13	117.84	115.96	117.37	565800.00
2015-01-05	117.27	118.20	116.89	118.17	1130700.00
2015-01-06	118.62	120.22	118.18	119.77	983500.00
2015-01-07	120.61	121.41	119.63	121.16	815700.00
2015-01-08	121.16	122.55	120.63	122.29	785400.00
2015-01-09	122.56	123.48	121.30	122.66	603300.00
2015-01-12	123.87	124.34	123.14	123.72	736800.00
2015-01-13	124.01	124.62	122.96	123.60	626900.00
2015-01-14	123.53	125.21	122.87	125.19	677100.00
2015-01-15	125.34	125.92	124.93	125.65	603900.00
2015-01-16	125.90	127.04	124.93	126.77	634000.00
2015-01-20	127.57	127.89	124.04	124.28	938600.00
2015-01-21	124.42	125.45	123.48	125.25	614700.00
2015-01-22	125.44	127.11	124.98	126.68	670200.00
2015-01-23	126.99	127.30	126.24	126.64	559800.00
2015-01-26	126.46	127.65	126.07	127.61	530000.00
2015-01-27	127.45	128.35	126.66	127.04	626000.00
2015-01-28	127.35	128.05	125.40	125.68	1655000.00
2015-01-29	125.19	126.56	123.41	123.81	1107200.00
2015-01-30	123.17	124.51	122.24	122.46	1172800.00
2015-02-02	122.37	122.39	120.10	122.22	1034900.00
2015-02-03	122.46	123.04	120.79	122.94	786100.00
2015-02-04	122.89	123.43	121.71	122.70	687700.00
2015-02-05	123.03	124.20	122.58	123.88	767200.00
2015-02-06	123.56	123.88	119.21	119.74	1088200.00
2015-02-09	119.80	120.61	119.04	119.24	1074700.00
2015-02-10	119.76	120.57	118.51	120.40	1911100.00
2015-02-11	120.71	121.90	119.74	120.65	887400.00
2015-02-12	121.00	122.77	120.33	122.74	853900.00
2015-02-13	122.40	122.55	120.31	120.92	586800.00
2015-02-17	120.59	121.90	120.33	120.86	637300.00
2015-02-18	120.87	122.73	119.90	122.60	881700.00
2015-02-19	122.60	122.60	119.47	119.65	1113800.00
2015-02-20	119.49	121.12	119.02	121.05	867700.00
2015-02-23	121.54	122.79	121.10	122.79	791300.00
2015-02-24	122.22	122.27	118.97	119.56	1102300.00
2015-02-25	119.50	120.89	118.84	118.91	695500.00
2015-02-26	118.94	119.04	117.47	117.67	772800.00
2015-02-27	117.94	119.16	117.27	119.16	1067800.00
2015-03-02	119.22	121.32	119.19	120.10	671300.00
2015-03-03	119.38	119.98	118.43	119.50	471200.00
2015-03-04	119.31	120.01	118.54	119.02	988800.00
2015-03-05	119.43	121.28	119.32	120.29	696400.00
2015-03-06	118.82	118.82	115.98	116.55	1311600.00
2015-03-09	117.26	118.14	117.18	117.84	988900.00
2015-03-10	117.83	119.03	117.73	118.10	864900.00
2015-03-11	117.95	119.31	117.85	118.42	814500.00
2015-03-12	119.00	121.48	119.00	121.20	949600.00
2015-03-13	121.43	122.00	120.54	120.82	707800.00
2015-03-16	121.47	123.25	121.28	122.90	1051400.00
2015-03-17	122.53	123.28	122.00	122.36	452400.00
2015-03-18	122.46	124.71	121.56	124.35	1126900.00
2015-03-19	123.88	125.20	122.77	123.73	952100.00
2015-03-20	124.28	127.48	124.28	127.30	1304200.00
2015-03-23	127.53	128.51	126.71	128.04	1442900.00
2015-03-24	128.10	128.61	126.91	127.62	901800.00
2015-03-25	127.62	128.46	125.10	125.21	933200.00
2015-03-26	125.14	125.78	123.92	124.56	642000.00
2015-03-27	124.43	125.31	123.50	124.14	582700.00
2015-03-30	124.69	125.78	124.17	125.59	522000.00
2015-03-31	125.14	125.96	124.12	124.23	1171100.00
2015-04-01	124.34	124.76	123.00	123.28	606400.00
2015-04-02	123.53	125.10	123.13	124.58	655600.00
2015-04-06	124.75	125.78	124.44	125.34	531300.00
2015-04-07	125.01	125.24	123.00	123.05	732700.00
2015-04-08	123.50	124.24	123.23	123.97	587000.00
2015-04-09	123.53	123.65	120.15	120.65	865700.00
2015-04-10	121.26	122.14	119.92	120.00	658100.00
2015-04-13	120.00	120.67	119.58	119.58	481500.00
2015-04-14	119.85	121.49	119.85	120.87	419800.00
2015-04-15	120.56	120.97	119.39	119.77	693900.00
2015-04-16	119.38	121.17	119.04	120.52	420300.00
2015-04-17	120.13	120.84	119.24	120.00	694100.00
2015-04-20	120.03	120.74	119.51	119.95	408600.00
2015-04-21	120.22	121.09	120.22	120.52	494900.00
2015-04-22	120.38	122.16	120.03	121.66	425700.00
2015-04-23	121.65	122.49	121.34	122.08	391400.00
2015-04-24	122.03	123.00	121.84	122.11	397200.00
2015-04-27	122.56	123.42	122.18	122.31	873200.00
2015-04-28	122.26	123.17	120.67	122.05	873000.00
2015-04-29	121.00	122.01	118.58	119.60	953100.00
2015-04-30	119.00	120.06	116.52	117.17	1274400.00
2015-05-01	117.94	120.10	117.70	119.51	760100.00
2015-05-04	120.25	121.64	119.97	120.46	840300.00
2015-05-05	120.07	120.12	116.46	116.71	760000.00
2015-05-06	116.79	117.77	116.05	116.52	836200.00
2015-05-07	116.73	119.31	116.73	118.33	687500.00
2015-05-08	120.52	121.49	119.75	120.14	598900.00
2015-05-11	119.53	120.19	117.14	117.33	508500.00
2015-05-12	116.59	118.83	115.80	117.81	699500.00
2015-05-13	118.14	119.49	116.54	116.99	739500.00
2015-05-14	117.46	119.26	116.99	119.20	512500.00
2015-05-15	119.62	120.67	119.23	120.10	567500.00
2015-05-18	119.67	120.51	119.25	119.66	731400.00
2015-05-19	119.26	120.20	118.66	119.50	317000.00
2015-05-20	119.79	120.22	119.04	119.39	559600.00
2015-05-21	119.39	119.74	117.81	118.06	575600.00
2015-05-22	118.16	119.25	117.43	118.52	392800.00
2015-05-26	118.31	118.41	117.02	117.51	615000.00
2015-05-27	118.03	119.70	117.72	119.38	449000.00
2015-05-28	119.37	119.91	119.08	119.62	436100.00
2015-05-29	119.84	120.30	118.01	118.71	1556100.00
2015-06-01	118.92	120.22	118.31	119.98	673700.00
2015-06-02	119.50	119.69	117.66	117.89	482500.00
2015-06-03	117.81	117.86	114.72	115.07	728000.00
2015-06-04	113.69	115.56	113.69	114.79	525200.00
2015-06-05	113.84	115.83	113.16	114.82	864000.00
2015-06-08	114.93	115.49	114.12	114.75	989500.00
2015-06-09	114.63	115.41	113.94	114.53	677300.00
2015-06-10	114.35	116.02	113.64	115.03	503600.00
2015-06-11	115.70	116.55	115.68	116.18	729600.00
2015-06-12	116.16	116.54	115.55	115.88	413000.00
2015-06-15	115.75	116.12	114.93	116.04	1099200.00
2015-06-16	116.31	117.88	115.05	117.29	605800.00
2015-06-17	117.32	118.98	116.42	118.79	700400.00
2015-06-18	119.13	121.07	119.03	119.98	748800.00
2015-06-19	119.59	119.79	118.25	118.25	881900.00
2015-06-22	118.64	118.94	117.54	117.57	1048600.00
2015-06-23	117.32	117.49	116.00	116.00	691300.00
2015-06-24	116.20	116.92	115.60	115.73	467700.00
2015-06-25	115.92	116.80	115.01	115.14	535300.00
2015-06-26	115.60	116.49	114.80	116.34	738400.00
2015-06-29	121.51	121.51	114.30	114.30	721100.00
2015-06-30	115.38	115.72	114.24	114.87	628900.00
2015-07-01	115.40	117.08	114.22	117.08	775400.00
2015-07-02	118.09	119.21	117.09	117.82	561400.00
2015-07-06	117.28	118.70	117.22	118.52	526900.00
2015-07-07	119.05	120.97	118.37	120.30	640300.00
2015-07-08	119.76	120.55	119.04	119.74	566900.00
2015-07-09	120.53	122.66	119.27	119.76	532000.00
2015-07-10	120.00	121.18	119.46	120.21	635400.00
2015-07-13	121.28	121.82	119.50	120.25	708600.00
2015-07-14	120.55	121.26	118.90	120.85	667800.00
2015-07-15	120.85	121.66	120.13	121.15	421800.00
2015-07-16	121.43	122.40	121.23	122.03	401500.00
2015-07-17	121.68	122.15	121.09	121.58	455600.00
2015-07-20	121.00	122.10	120.76	121.71	535900.00
2015-07-21	122.16	123.22	120.96	121.15	587200.00
2015-07-22	121.31	122.75	121.20	122.17	459900.00
2015-07-23	121.89	122.17	120.21	121.12	455700.00
2015-07-24	120.85	122.00	120.31	121.62	437700.00
2015-07-27	121.77	122.97	120.97	121.15	573000.00
2015-07-28	121.81	123.69	121.16	122.07	767500.00
2015-07-29	122.24	122.91	121.05	122.59	820900.00
2015-07-30	122.31	123.45	121.70	123.03	605000.00
2015-07-31	124.16	125.13	123.71	123.83	733300.00
2015-08-03	123.90	125.24	123.61	125.00	636700.00
2015-08-04	124.74	125.58	123.81	124.05	514800.00
2015-08-05	124.33	124.71	123.23	123.86	467300.00
2015-08-06	123.68	124.35	122.36	124.14	510300.00
2015-08-07	124.09	124.91	122.99	124.91	476600.00
2015-08-10	125.30	125.65	124.45	124.85	660900.00
2015-08-11	124.55	126.75	124.50	125.90	795700.00
2015-08-12	125.54	126.41	124.72	126.24	734500.00
2015-08-13	125.75	127.25	125.34	126.51	600300.00
2015-08-14	126.54	127.49	125.39	127.26	811100.00
2015-08-17	127.27	128.32	126.64	128.32	778500.00
2015-08-18	128.24	129.50	128.24	129.12	638700.00
2015-08-19	128.21	128.91	127.50	127.99	584100.00
2015-08-20	128.15	129.33	126.96	127.46	684100.00
2015-08-21	127.11	127.72	124.62	124.62	872500.00
2015-08-24	123.88	123.91	118.73	118.95	1307200.00
2015-08-25	121.31	121.32	116.62	116.74	1102500.00
2015-08-26	119.37	120.08	117.45	119.62	979500.00
2015-08-27	120.52	122.27	119.55	121.17	898800.00
2015-08-28	121.18	121.60	120.17	121.22	522100.00
2015-08-31	121.14	122.51	118.54	118.60	1746500.00
2015-09-01	117.20	117.87	115.33	116.27	739600.00
2015-09-02	117.52	118.17	116.22	117.21	740500.00
2015-09-03	117.55	118.22	116.80	117.21	449200.00
2015-09-04	115.98	116.72	114.46	115.34	604500.00
2015-09-08	116.66	117.77	115.86	116.95	678000.00
2015-09-09	117.78	119.52	115.63	115.77	833200.00
2015-09-10	115.66	117.59	115.65	116.30	905800.00
2015-09-11	116.28	119.11	116.28	119.11	1249700.00
2015-09-14	119.63	120.01	118.06	118.45	847000.00
2015-09-15	118.67	120.50	118.02	120.02	486900.00
2015-09-16	119.91	121.69	119.91	121.13	527000.00
2015-09-17	121.01	124.38	120.20	122.04	894300.00
2015-09-18	121.33	124.60	120.82	122.74	1119000.00
2015-09-21	122.73	124.57	122.72	123.81	426700.00
2015-09-22	123.38	123.70	122.03	122.52	591200.00
2015-09-23	122.48	123.55	122.00	123.16	533300.00
2015-09-24	122.75	123.39	120.68	121.67	788400.00
2015-09-25	123.10	123.83	120.46	122.61	557500.00
2015-09-28	122.49	123.53	120.28	121.05	927600.00
2015-09-29	121.35	125.37	120.93	125.08	1233700.00
2015-09-30	126.17	126.56	125.08	126.54	1099400.00
2015-10-01	127.10	127.46	125.02	126.85	1064900.00
2015-10-02	126.52	128.43	125.35	127.25	598400.00
2015-10-05	127.49	128.53	127.01	128.14	640600.00
2015-10-06	127.82	128.55	126.33	127.08	842300.00
2015-10-07	127.06	127.95	126.21	127.95	785600.00
2015-10-08	127.95	129.25	126.71	129.00	689200.00
2015-10-09	128.75	129.58	128.09	129.52	558000.00
2015-10-12	129.84	130.97	128.96	130.42	609600.00
2015-10-13	129.97	131.20	129.34	130.09	771200.00
2015-10-14	130.51	130.64	128.27	128.64	564600.00
2015-10-15	128.95	130.84	128.77	130.84	513400.00
2015-10-16	131.62	133.21	130.29	132.76	929100.00
2015-10-19	132.63	134.22	132.28	134.09	639500.00
2015-10-20	133.81	135.02	132.88	133.68	593400.00
2015-10-21	134.25	134.58	133.18	133.35	662000.00
2015-10-22	134.06	134.49	132.83	133.75	820700.00
2015-10-23	133.30	135.27	131.18	132.35	665400.00
2015-10-26	132.93	134.22	131.04	131.73	822800.00
2015-10-27	129.56	131.62	128.40	129.50	1185300.00
2015-10-28	129.98	130.53	126.28	128.16	968400.00
2015-10-29	127.72	128.97	126.88	128.80	822200.00
2015-10-30	129.04	129.21	126.12	126.54	891100.00
2015-11-02	126.54	130.47	126.34	130.39	974400.00
2015-11-03	129.66	130.56	127.77	128.63	659000.00
2015-11-04	129.04	129.47	127.90	128.91	663600.00
2015-11-05	128.52	129.55	127.50	128.42	518600.00
2015-11-06	129.24	129.24	124.00	125.18	656300.00
2015-11-09	124.84	125.12	122.20	123.20	788900.00
2015-11-10	122.48	126.09	122.45	124.85	722600.00
2015-11-11	124.98	126.66	124.70	125.90	391400.00
2015-11-12	125.79	127.27	124.69	125.81	703100.00
2015-11-13	126.39	126.74	124.80	124.96	496000.00
2015-11-16	124.97	126.43	122.34	126.25	700400.00
2015-11-17	125.95	127.85	125.44	126.78	556600.00
2015-11-18	127.15	127.91	125.79	127.68	581300.00
2015-11-19	127.68	129.04	127.08	128.40	410500.00
2015-11-20	128.80	130.52	128.62	130.30	509600.00
2015-11-23	130.42	131.50	130.08	131.37	552100.00
2015-11-24	130.46	130.90	128.70	129.89	1004100.00
2015-11-25	130.10	131.89	129.28	131.04	577500.00
2015-11-27	130.86	132.75	130.18	131.99	536800.00
2015-11-30	132.30	133.91	131.12	131.58	2307600.00
2015-12-01	132.20	133.82	131.81	133.82	865800.00
2015-12-02	133.52	134.14	130.73	130.91	826500.00
2015-12-03	130.29	132.20	126.93	127.54	1099800.00
2015-12-04	128.40	131.90	127.93	131.81	804200.00
2015-12-07	130.50	132.37	128.97	129.58	811200.00
2015-12-08	129.43	130.24	128.94	129.82	954600.00
2015-12-09	128.92	130.15	127.53	128.20	774000.00
2015-12-10	128.60	128.70	125.78	125.78	1054100.00
2015-12-11	125.66	127.08	124.81	126.61	1227700.00
2015-12-14	126.43	127.45	124.28	126.17	1026500.00
2015-12-15	127.32	129.21	126.86	128.02	744800.00
2015-12-16	128.60	131.32	128.09	130.95	910300.00
2015-12-17	131.02	131.54	128.70	129.55	696200.00
2015-12-18	128.95	130.21	128.27	128.99	3487700.00
2015-12-21	129.87	131.05	129.44	130.25	552600.00
2015-12-22	130.80	132.45	130.76	130.88	626100.00
2015-12-23	131.10	132.57	130.95	132.51	528100.00
2015-12-24	132.28	132.91	131.29	132.26	489300.00
2015-12-28	131.81	133.24	131.56	133.11	509700.00
2015-12-29	134.05	135.24	133.25	135.21	553900.00
2015-12-30	135.00	135.83	134.81	135.05	441200.00
2015-12-31	135.09	135.78	134.01	134.19	492500.00
2016-01-04	132.89	133.14	130.63	131.70	807000.00
2016-01-05	132.22	134.91	131.74	134.73	904300.00
2016-01-06	133.53	134.25	132.93	133.73	822600.00
2016-01-07	132.23	134.43	131.81	133.12	894900.00
2016-01-08	133.46	134.38	130.70	130.75	799200.00
2016-01-11	130.93	132.47	130.58	131.57	836900.00
2016-01-12	131.98	131.98	130.16	130.82	927600.00
2016-01-13	130.87	132.69	128.95	128.99	819000.00
2016-01-14	129.51	130.66	128.12	128.39	876200.00
2016-01-15	127.13	130.45	124.97	128.04	1019000.00
2016-01-19	129.01	130.54	127.89	129.97	1134800.00
2016-01-20	129.72	129.90	123.37	125.00	1135100.00
2016-01-21	125.83	126.56	124.14	124.84	827700.00
2016-01-22	126.19	127.42	125.46	127.04	693900.00
2016-01-25	127.45	129.34	126.30	127.00	850200.00
2016-01-26	127.34	130.08	127.34	129.72	881900.00
2016-01-27	129.40	129.74	127.18	127.96	625300.00
2016-01-28	127.64	128.31	123.90	124.43	1013900.00
2016-01-29	125.68	126.51	121.12	124.98	1897200.00
2016-02-01	124.52	126.67	123.90	125.33	829900.00
2016-02-02	125.66	126.42	122.59	122.74	953100.00
2016-02-03	123.71	124.24	121.09	123.23	1290900.00
2016-02-04	123.74	126.13	121.83	124.71	837200.00
2016-02-05	123.87	124.95	120.92	121.17	927200.00
2016-02-08	121.07	121.91	117.59	119.19	1077900.00
2016-02-09	118.18	119.72	117.08	117.41	932300.00
2016-02-10	118.21	120.99	117.70	119.90	794200.00
2016-02-11	117.89	118.90	117.19	117.74	910700.00
2016-02-12	119.00	120.11	118.06	119.82	873400.00
2016-02-16	120.87	120.88	118.64	120.52	1455300.00
2016-02-17	121.02	123.11	120.17	122.26	710800.00
2016-02-18	121.96	123.76	121.78	122.69	504500.00
2016-02-19	122.33	124.96	121.11	123.97	664900.00
2016-02-22	124.57	125.74	124.29	124.67	564900.00
2016-02-23	124.30	126.10	122.52	124.23	443000.00
2016-02-24	123.79	125.61	122.55	123.69	865800.00
2016-02-25	124.62	126.06	123.85	125.86	541900.00
2016-02-26	125.84	126.00	124.51	124.92	636300.00
2016-02-29	124.92	126.82	124.65	125.08	1075000.00
2016-03-01	125.88	129.45	125.23	129.45	1027100.00
2016-03-02	129.17	130.74	127.24	130.11	688000.00
2016-03-03	130.10	131.07	128.80	131.02	683900.00
2016-03-04	130.86	131.40	129.80	131.19	886300.00
2016-03-07	130.01	131.53	129.38	131.33	545800.00
2016-03-08	131.31	132.06	130.47	130.70	701300.00
2016-03-09	130.45	132.59	130.05	131.50	461500.00
2016-03-10	132.27	132.61	129.48	130.77	475000.00
2016-03-11	132.15	133.52	131.03	133.52	875200.00
2016-03-14	133.64	133.90	132.36	133.58	680400.00
2016-03-15	133.04	134.36	132.60	134.11	464500.00
2016-03-16	133.68	135.16	132.94	134.95	508800.00
2016-03-17	135.26	137.94	134.67	137.70	856400.00
2016-03-18	137.79	138.77	136.31	136.31	1372600.00
2016-03-21	136.31	136.76	134.29	134.84	654000.00
2016-03-22	134.89	136.13	134.73	135.44	543900.00
2016-03-23	135.58	135.98	134.79	135.19	543300.00
2016-03-24	134.89	135.24	133.98	134.89	493500.00
2016-03-28	135.59	136.61	134.97	136.23	639300.00
2016-03-29	136.32	139.21	136.24	139.19	860600.00
2016-03-30	139.73	139.83	138.53	138.61	650400.00
2016-03-31	138.89	139.62	138.17	139.62	930700.00
2016-04-01	139.38	139.84	138.53	139.38	550800.00
2016-04-04	139.55	140.08	138.14	139.25	498500.00
2016-04-05	138.61	139.52	138.42	139.24	579900.00
2016-04-06	138.99	139.39	138.13	139.07	469300.00
2016-04-07	138.41	139.09	137.01	137.96	504300.00
2016-04-08	138.80	139.78	138.28	138.88	496600.00
2016-04-11	137.88	138.11	136.00	136.20	721600.00
2016-04-12	136.62	136.68	134.93	136.25	761100.00
2016-04-13	136.62	136.90	133.67	134.40	973700.00
2016-04-14	134.05	134.13	130.66	130.87	1100800.00
2016-04-15	130.61	133.77	130.08	133.17	708700.00
2016-04-18	133.44	134.41	132.35	134.41	754900.00
2016-04-19	134.32	134.80	133.83	134.79	607900.00
2016-04-20	135.01	135.35	131.65	131.70	707600.00
2016-04-21	131.40	132.95	129.75	130.38	865400.00
2016-04-22	131.23	132.67	130.65	132.26	575300.00
2016-04-25	131.90	133.36	131.90	133.34	481600.00
2016-04-26	133.61	135.24	132.79	133.42	494600.00
2016-04-27	132.47	132.48	128.96	131.78	1213500.00
2016-04-28	130.80	134.74	130.27	131.81	628900.00
2016-04-29	131.08	131.46	128.23	129.77	897300.00
2016-05-02	130.39	133.05	130.39	132.74	569400.00
2016-05-03	132.30	133.25	131.82	133.14	621700.00
2016-05-04	131.78	135.97	131.38	135.91	1074100.00
2016-05-05	135.66	137.43	135.48	136.92	737400.00
2016-05-06	136.78	138.04	135.25	137.79	648300.00
2016-05-09	138.00	138.75	137.35	138.72	525900.00
2016-05-10	138.99	141.15	138.08	140.21	848100.00
2016-05-11	140.08	140.28	136.46	137.33	682000.00
2016-05-12	137.29	137.97	135.77	137.75	558700.00
2016-05-13	137.65	137.65	136.21	136.60	495300.00
2016-05-16	136.54	138.25	136.23	137.75	427800.00
2016-05-17	137.26	137.30	134.63	135.32	1165500.00
2016-05-18	135.32	135.32	131.99	133.50	846200.00
2016-05-19	131.87	132.53	130.84	131.62	678600.00
2016-05-20	132.07	132.78	131.40	132.45	900100.00
2016-05-23	132.90	132.91	131.82	132.29	369900.00
2016-05-24	133.42	134.35	131.60	132.20	994300.00
2016-05-25	132.67	133.09	131.21	132.73	919400.00
2016-05-26	132.76	132.80	131.57	132.09	939400.00
2016-05-27	132.41	133.75	131.32	132.24	857000.00
2016-05-31	132.63	132.63	130.66	132.04	964300.00
2016-06-01	130.74	131.26	128.21	129.50	1328900.00
2016-06-02	129.19	129.73	127.69	129.60	805200.00
2016-06-03	130.44	130.62	127.24	127.29	1065700.00
2016-06-06	127.26	128.00	123.44	124.96	1283600.00
2016-06-07	125.15	126.34	124.40	124.64	887100.00
2016-06-08	123.54	124.62	122.29	124.50	952800.00
2016-06-09	124.15	125.86	123.48	124.97	820300.00
2016-06-10	124.38	125.07	123.99	124.83	811200.00
2016-06-13	125.47	126.88	125.03	125.25	675800.00
2016-06-14	125.02	125.17	124.20	124.79	920400.00
2016-06-15	125.08	127.22	124.50	126.71	1276300.00
2016-06-16	126.47	127.93	125.92	127.87	912600.00
2016-06-17	127.72	127.72	126.54	127.36	1083400.00
2016-06-20	128.18	129.73	127.51	127.73	934800.00
2016-06-21	127.81	128.81	127.81	128.51	686400.00
2016-06-22	128.86	129.56	127.85	128.42	617900.00
2016-06-23	129.63	129.90	127.81	128.26	545600.00
2016-06-24	125.03	128.64	124.64	126.68	1077700.00
2016-06-27	126.10	128.83	125.88	128.45	1070300.00
2016-06-28	128.80	131.63	127.82	131.61	1074200.00
2016-06-29	132.17	133.40	131.10	131.79	833600.00
2016-06-30	131.95	133.47	130.79	133.45	807400.00
2016-07-01	133.79	134.54	133.20	133.69	789600.00
2016-07-05	133.54	135.55	133.54	135.31	690000.00
2016-07-06	134.99	135.57	133.82	134.55	731600.00
2016-07-07	134.40	134.59	132.75	133.79	554600.00
2016-07-08	135.11	136.98	134.28	136.81	1098100.00
2016-07-11	136.86	136.86	135.47	136.52	680100.00
2016-07-12	136.51	137.38	135.39	137.35	743400.00
2016-07-13	137.80	138.88	137.09	138.66	705900.00
2016-07-14	138.61	139.08	136.53	137.19	482900.00
2016-07-15	136.78	136.78	134.69	135.57	828400.00
2016-07-18	135.46	135.79	135.04	135.50	476200.00
2016-07-19	135.18	136.46	134.88	136.30	460000.00
2016-07-20	136.34	136.56	135.13	135.95	395400.00
2016-07-21	135.74	136.74	135.02	136.12	605000.00
2016-07-22	136.24	137.52	136.09	137.09	732400.00
2016-07-25	137.29	137.93	136.17	136.98	714200.00
2016-07-26	136.02	136.02	133.96	134.95	895300.00
2016-07-27	134.39	134.78	130.66	132.98	2249400.00
2016-07-28	132.79	135.75	132.47	134.85	979400.00
2016-07-29	134.85	138.66	134.85	137.34	922000.00
2016-08-01	137.16	138.69	135.83	138.14	656200.00
2016-08-02	137.82	138.17	136.29	136.70	655200.00
2016-08-03	136.44	136.61	134.59	135.25	499100.00
2016-08-04	135.47	135.47	133.96	134.25	534300.00
2016-08-05	134.34	135.13	133.77	135.10	525400.00
2016-08-08	135.38	137.52	134.79	137.47	778100.00
2016-08-09	137.26	137.77	135.84	137.58	633000.00
2016-08-10	137.86	138.04	135.35	135.93	659700.00
2016-08-11	136.04	136.04	133.31	134.13	589800.00
2016-08-12	134.24	135.84	133.40	133.74	602400.00
2016-08-15	134.15	134.71	133.96	134.47	1070700.00
2016-08-16	133.99	134.51	132.08	132.30	576200.00
2016-08-17	132.59	132.64	130.23	131.90	848300.00
2016-08-18	131.89	132.32	130.66	131.11	779300.00
2016-08-19	130.66	131.25	129.39	130.32	762700.00
2016-08-22	130.56	131.09	129.12	130.16	600500.00
2016-08-23	130.52	130.64	129.41	129.44	409900.00
2016-08-24	129.56	130.01	127.98	129.08	398300.00
2016-08-25	129.17	131.09	128.41	129.59	566500.00
2016-08-26	129.96	130.81	127.68	128.39	505100.00
2016-08-29	128.90	130.44	128.88	129.87	475200.00
2016-08-30	130.08	130.08	128.19	129.03	612600.00
2016-08-31	129.16	130.02	128.34	129.47	849000.00
2016-09-01	129.61	130.39	128.88	130.06	570800.00
2016-09-02	130.43	132.36	129.61	129.80	759500.00
2016-09-06	131.00	132.29	129.79	132.29	907100.00
2016-09-07	131.93	133.07	130.58	133.03	608900.00
2016-09-08	132.29	132.29	130.13	130.16	1334800.00
2016-09-09	128.02	128.73	125.53	125.53	858500.00
2016-09-12	125.43	128.13	125.04	127.65	966400.00
2016-09-13	126.40	126.95	124.70	124.95	979900.00
2016-09-14	125.26	127.17	125.12	126.69	626600.00
2016-09-15	126.55	128.23	126.01	128.19	824600.00
2016-09-16	127.81	128.29	126.94	128.22	1123200.00
2016-09-19	128.58	129.89	128.17	129.76	439200.00
2016-09-20	130.47	130.61	130.01	130.31	526700.00
2016-09-21	130.19	132.48	128.75	132.28	685300.00
2016-09-22	133.16	134.94	133.16	134.72	1011100.00
2016-09-23	134.05	136.08	133.31	135.21	948400.00
2016-09-26	135.04	135.95	134.20	135.73	797300.00
2016-09-27	136.12	136.12	134.06	134.46	898600.00
2016-09-28	135.00	135.79	133.72	135.34	519300.00
2016-09-29	134.79	135.53	133.37	133.71	837100.00
2016-09-30	134.85	135.29	132.50	132.55	1153300.00
2016-10-03	132.06	132.35	129.34	129.48	1000600.00
2016-10-04	129.88	129.93	127.41	128.66	913600.00
2016-10-05	128.93	129.32	124.35	124.53	1359300.00
2016-10-06	124.28	125.63	122.69	124.43	598500.00
2016-10-07	124.85	126.71	122.98	123.45	873600.00
2016-10-10	123.48	124.78	123.23	124.56	512500.00
2016-10-11	124.52	124.88	123.41	124.38	723800.00
2016-10-12	124.72	125.30	123.87	124.96	690100.00
2016-10-13	124.25	125.40	124.12	125.29	791800.00
2016-10-14	125.44	126.30	124.41	125.90	818900.00
2016-10-17	125.85	126.45	125.32	126.02	580100.00
2016-10-18	126.89	127.24	125.75	125.79	630700.00
2016-10-19	125.57	126.13	124.94	126.06	413300.00
2016-10-20	126.51	127.65	124.84	125.30	675600.00
2016-10-21	124.28	125.76	124.20	125.17	423500.00
2016-10-24	125.87	126.73	124.82	125.38	606200.00
2016-10-25	122.92	124.93	118.64	124.37	1715400.00
2016-10-26	124.40	126.20	123.04	126.05	873600.00
2016-10-27	126.04	126.04	122.44	123.50	1115400.00
2016-10-28	124.12	126.42	123.50	124.81	897600.00
2016-10-31	125.46	127.64	124.98	127.58	680300.00
2016-11-01	127.74	127.74	124.75	126.15	826600.00
2016-11-02	126.53	127.54	126.01	126.38	824600.00
2016-11-03	126.40	128.21	125.90	127.16	808800.00
2016-11-04	127.38	128.62	126.38	127.90	829300.00
2016-11-07	129.22	129.81	126.71	127.24	710100.00
2016-11-08	127.55	129.36	127.13	128.88	529500.00
2016-11-09	126.61	128.21	124.00	126.18	856800.00
2016-11-10	125.50	126.13	121.62	124.12	1272800.00
2016-11-11	124.17	126.88	124.12	124.96	1192400.00
2016-11-14	124.47	129.07	122.38	127.60	1058400.00
2016-11-15	127.84	127.98	122.76	123.07	1464200.00
2016-11-16	123.25	125.27	122.66	124.24	692200.00
2016-11-17	124.23	125.63	121.74	122.30	655900.00
2016-11-18	122.17	122.89	120.21	120.98	918900.00
2016-11-21	121.15	122.29	119.01	119.06	1144500.00
2016-11-22	119.68	122.04	118.71	121.04	1446100.00
2016-11-23	119.82	119.90	118.00	119.58	1060500.00
2016-11-25	119.22	120.37	119.22	119.92	425600.00
2016-11-28	120.48	122.77	120.45	121.80	808800.00
2016-11-29	122.22	123.58	121.97	122.80	747200.00
2016-11-30	121.77	123.59	121.10	122.60	1064700.00
2016-12-01	121.81	122.90	120.43	121.86	1105600.00
2016-12-02	122.53	124.82	121.83	122.70	752400.00
2016-12-05	122.68	123.40	121.69	122.69	888200.00
2016-12-06	122.77	124.00	121.92	122.38	875500.00
2016-12-07	122.52	125.35	122.32	125.29	743800.00
2016-12-08	124.80	126.25	123.28	125.79	709600.00
2016-12-09	125.73	127.36	125.43	125.99	533000.00
2016-12-12	126.05	127.43	125.43	127.00	593300.00
2016-12-13	127.65	127.80	125.84	127.17	600700.00
2016-12-14	127.17	128.88	125.79	126.72	1353900.00
2016-12-15	126.69	128.43	125.56	126.40	1002600.00
2016-12-16	127.51	130.08	127.28	128.89	1119700.00
2016-12-19	129.80	130.49	128.69	130.27	925100.00
2016-12-20	129.64	130.97	129.37	130.60	687600.00
2016-12-21	130.43	131.60	128.89	128.89	883900.00
2016-12-22	128.46	129.74	127.67	129.47	686000.00
2016-12-23	129.96	130.65	129.26	130.05	367700.00
2016-12-27	129.88	131.84	129.54	131.04	647900.00
2016-12-28	131.30	131.69	129.35	130.64	751800.00
2016-12-29	130.61	132.32	130.18	131.89	601700.00
2016-12-30	131.63	133.52	131.36	133.05	756300.00
2017-01-03	133.92	133.92	131.63	132.65	858200.00
2017-01-04	133.00	133.98	131.87	133.20	759700.00
2017-01-05	132.11	134.16	131.32	134.01	840600.00
2017-01-06	133.77	135.71	133.77	135.19	732800.00
2017-01-09	135.07	135.22	132.84	133.11	637000.00
2017-01-10	132.63	133.47	131.92	132.80	602900.00
2017-01-11	132.63	133.61	130.88	131.57	1118300.00
2017-01-12	131.36	132.95	130.42	132.63	679100.00
2017-01-13	132.44	132.89	131.79	132.38	471400.00
2017-01-17	132.35	133.80	131.33	132.42	807800.00
2017-01-18	132.68	133.51	131.79	132.62	609900.00
2017-01-19	132.06	132.06	130.63	131.60	594400.00
2017-01-20	131.72	133.22	131.31	132.92	564000.00
2017-01-23	132.62	133.32	132.01	132.86	519100.00
2017-01-24	133.17	133.68	131.07	131.86	746900.00
2017-01-25	131.26	131.97	130.17	130.26	957600.00
2017-01-26	130.48	131.48	130.06	130.84	671000.00
2017-01-27	131.08	131.23	129.27	130.03	577900.00
2017-01-30	129.96	130.59	128.83	129.27	692600.00
2017-01-31	129.56	130.99	129.30	130.17	963000.00
2017-02-01	129.34	130.38	127.31	127.39	1181200.00
2017-02-02	128.69	132.83	128.50	131.84	1514700.00
2017-02-03	132.71	134.44	129.88	130.33	908100.00
2017-02-06	130.45	131.84	129.70	131.30	645000.00
2017-02-07	131.14	132.58	130.90	131.98	697200.00
2017-02-08	131.97	134.69	131.41	134.07	928100.00
2017-02-09	134.07	134.52	133.58	133.88	634900.00
2017-02-10	133.11	135.40	133.05	135.10	591900.00
2017-02-13	135.50	135.50	132.78	134.10	884300.00
2017-02-14	133.65	134.15	131.97	134.04	536100.00
2017-02-15	133.18	134.15	132.01	133.56	637000.00
2017-02-16	133.90	134.63	133.17	134.49	569500.00
2017-02-17	134.64	135.13	133.07	134.10	498600.00
2017-02-21	133.71	136.45	133.62	136.02	609900.00
2017-02-22	136.17	136.58	134.20	135.73	497900.00
2017-02-23	136.40	137.54	135.91	137.26	675500.00
2017-02-24	137.44	137.69	136.12	137.49	515900.00
2017-02-27	137.87	138.30	137.27	137.81	362100.00
2017-02-28	137.99	138.52	137.33	138.03	794300.00
2017-03-01	137.69	138.86	136.55	137.68	594000.00
2017-03-02	137.66	138.41	136.27	137.33	524000.00
2017-03-03	136.70	136.92	134.77	136.07	420400.00
2017-03-06	135.37	137.67	135.30	137.32	719100.00
2017-03-07	137.38	137.66	136.44	137.48	428000.00
2017-03-08	137.81	138.38	136.20	136.34	806800.00
2017-03-09	136.52	137.00	133.83	134.19	698600.00
2017-03-10	134.19	136.33	132.30	133.52	576700.00
2017-03-13	133.47	134.64	133.17	133.70	833600.00
2017-03-14	134.00	134.67	133.00	134.17	585600.00
2017-03-15	134.52	138.33	134.52	137.87	1018400.00
2017-03-16	137.48	139.90	137.18	138.87	1009100.00
2017-03-17	139.48	140.36	138.78	139.59	1673300.00
2017-03-20	139.66	140.14	138.39	138.83	714100.00
2017-03-21	139.08	140.36	138.39	139.38	803800.00
2017-03-22	140.11	140.11	138.57	139.80	529400.00
2017-03-23	139.59	141.13	139.52	140.26	957000.00
2017-03-24	140.69	141.20	139.84	140.17	524800.00
2017-03-27	139.76	140.49	138.62	138.84	471600.00
2017-03-28	138.85	139.45	137.35	138.99	586200.00
2017-03-29	138.64	139.70	138.07	138.87	708200.00
2017-03-30	138.50	139.05	137.12	138.75	424300.00
2017-03-31	138.16	139.83	138.13	138.96	659400.00
2017-04-03	138.98	139.27	137.76	138.91	395800.00
2017-04-04	138.88	140.40	138.39	139.42	493700.00
2017-04-05	139.22	140.68	138.50	140.30	538800.00
2017-04-06	140.12	141.06	139.60	140.65	518900.00
2017-04-07	140.65	141.29	139.75	139.85	814100.00
2017-04-10	139.93	141.77	139.76	141.36	391600.00
2017-04-11	141.38	142.40	141.13	141.73	418000.00
2017-04-12	141.12	142.76	141.01	141.86	659700.00
2017-04-13	141.82	141.96	140.87	141.14	449100.00
2017-04-17	141.67	142.91	140.82	142.91	582000.00
2017-04-18	142.69	143.68	142.51	142.78	553600.00
2017-04-19	142.29	142.93	141.64	142.32	814700.00
2017-04-20	142.38	142.39	141.07	141.57	565300.00
2017-04-21	141.29	142.04	141.14	141.32	443700.00
2017-04-24	142.16	142.42	138.77	141.01	764100.00
2017-04-25	141.44	143.33	140.85	143.26	702300.00
2017-04-26	143.01	144.53	141.98	142.81	757500.00
2017-04-27	142.81	143.34	140.47	142.47	617200.00
2017-04-28	142.40	143.75	141.62	143.69	706300.00
2017-05-01	144.33	145.39	143.24	144.58	625200.00
2017-05-02	144.69	145.65	144.17	144.72	685800.00
2017-05-03	145.35	145.35	142.48	143.11	748000.00
2017-05-04	142.85	144.89	141.56	144.59	782000.00
2017-05-05	144.82	145.99	143.57	145.89	862400.00
2017-05-08	146.08	146.29	144.38	145.22	689000.00
2017-05-09	145.12	145.55	144.03	145.42	563000.00
2017-05-10	145.43	146.46	145.02	145.52	538100.00
2017-05-11	144.63	145.66	143.78	145.18	395200.00
2017-05-12	145.40	146.03	145.00	145.35	445200.00
2017-05-15	145.16	146.09	144.66	145.56	524000.00
2017-05-16	145.69	146.43	144.66	145.40	655900.00
2017-05-17	143.86	146.21	142.82	144.56	805500.00
2017-05-18	145.07	146.92	144.03	145.22	705500.00
2017-05-19	145.40	145.48	143.81	144.75	1166900.00
2017-05-22	144.82	145.78	142.71	145.30	749300.00
2017-05-23	145.45	146.11	144.66	145.13	615200.00
2017-05-24	145.66	146.21	144.81	145.56	583300.00
2017-05-25	146.11	146.84	144.59	145.45	713400.00
2017-05-26	145.21	146.11	144.26	144.81	685100.00
2017-05-30	144.87	145.45	144.14	144.81	811700.00
2017-05-31	145.04	145.71	144.75	144.75	1561700.00
2017-06-01	144.79	145.13	142.96	144.27	1148300.00
2017-06-02	144.87	148.23	144.47	148.08	953400.00
2017-06-05	147.78	151.01	146.98	150.69	900200.00
2017-06-06	150.32	150.38	146.49	146.60	805400.00
2017-06-07	147.02	147.49	146.66	147.39	735200.00
2017-06-08	147.39	147.73	144.76	146.99	671500.00
2017-06-09	146.83	147.77	146.33	147.58	761400.00
2017-06-12	147.11	147.54	145.57	146.49	851800.00
2017-06-13	146.62	147.09	145.59	146.60	555100.00
2017-06-14	147.99	148.40	147.21	147.85	829500.00
2017-06-15	147.28	149.46	147.20	148.32	523400.00
2017-06-16	148.39	149.16	147.89	148.42	1143800.00
2017-06-19	148.86	149.64	148.10	148.86	588100.00
2017-06-20	148.98	149.68	146.55	147.89	829300.00
2017-06-21	147.80	147.84	145.76	147.26	614700.00
2017-06-22	147.91	147.91	146.18	146.72	614300.00
2017-06-23	146.76	147.61	146.47	146.86	655100.00
2017-06-26	147.38	147.62	146.55	147.15	428000.00
2017-06-27	146.78	148.00	145.74	145.93	878300.00
2017-06-28	146.73	147.01	146.01	146.80	748700.00
2017-06-29	146.71	146.85	145.06	146.41	625400.00
2017-06-30	146.94	148.07	146.12	146.53	617400.00
2017-07-03	147.02	148.44	146.42	148.14	637300.00
2017-07-05	148.30	149.55	146.96	147.73	634500.00
2017-07-06	147.38	147.63	143.37	143.49	843700.00
2017-07-07	143.85	144.94	143.67	144.34	422500.00
2017-07-10	144.31	144.75	142.35	142.46	421400.00
2017-07-11	142.69	142.85	140.76	142.06	444900.00
2017-07-12	143.07	144.10	142.25	142.56	524000.00
2017-07-13	142.46	143.53	142.01	142.55	485200.00
2017-07-14	143.33	143.99	142.85	143.13	505100.00
2017-07-17	143.08	145.03	142.62	144.90	464200.00
2017-07-18	145.19	145.19	143.58	143.65	594200.00
2017-07-19	143.73	145.04	143.47	145.00	453800.00
2017-07-20	145.13	146.23	144.87	144.97	445000.00
2017-07-21	144.87	145.92	144.04	145.75	397600.00
2017-07-24	145.96	145.96	144.23	144.23	537600.00
2017-07-25	144.62	144.70	142.16	143.23	642100.00
2017-07-26	143.22	146.03	142.88	145.73	429800.00
2017-07-27	145.25	146.06	143.91	145.29	666800.00
2017-07-28	145.53	146.83	145.19	146.78	458200.00
2017-07-31	146.78	147.07	145.70	146.67	577200.00
2017-08-01	146.93	147.28	146.01	146.49	607600.00
2017-08-02	146.10	146.70	145.27	145.86	520200.00
2017-08-03	143.35	145.52	140.86	143.20	1108300.00
2017-08-04	143.10	144.41	142.89	143.25	513600.00
2017-08-07	143.27	144.23	142.73	143.68	448800.00
2017-08-08	143.68	144.65	142.95	143.77	726000.00
2017-08-09	143.59	144.60	143.38	144.32	610700.00
2017-08-10	144.00	144.84	143.68	144.15	427300.00
2017-08-11	144.42	144.52	143.42	143.74	397300.00
2017-08-14	144.20	146.47	144.20	146.07	736400.00
2017-08-15	145.95	146.54	145.13	146.45	633100.00
2017-08-16	146.84	147.47	145.19	145.79	537500.00
2017-08-17	145.87	146.41	145.11	145.16	578400.00
2017-08-18	144.97	144.97	143.56	144.10	577300.00
2017-08-21	144.30	145.47	143.74	145.11	604100.00
2017-08-22	145.20	145.79	143.46	144.17	594800.00
2017-08-23	144.12	145.10	144.10	144.71	624700.00
2017-08-24	144.87	145.58	144.19	144.37	706700.00
2017-08-25	144.68	145.13	144.08	144.10	599100.00
2017-08-28	144.14	144.53	143.15	143.60	839500.00
2017-08-29	143.69	144.79	142.75	142.80	538500.00
2017-08-30	142.71	142.71	141.58	142.53	627600.00
2017-08-31	142.85	143.60	142.69	143.14	997500.00
2017-09-01	143.44	144.45	143.09	143.35	572100.00
2017-09-05	142.21	143.17	138.88	142.34	1037100.00
2017-09-06	142.50	143.04	141.22	141.47	1238000.00
2017-09-07	141.69	142.50	141.05	141.82	1334100.00
2017-09-08	141.69	143.41	141.46	142.40	999900.00
2017-09-11	142.74	143.77	142.05	143.77	909600.00
2017-09-12	143.55	143.80	139.69	140.78	844200.00
2017-09-13	140.73	141.18	140.04	140.18	668200.00
2017-09-14	140.17	140.32	139.06	140.09	908200.00
2017-09-15	140.22	141.05	139.18	140.12	1318400.00
2017-09-18	140.16	140.75	139.02	139.67	964900.00
2017-09-19	139.67	139.99	138.10	138.56	993900.00
2017-09-20	138.66	139.15	137.36	137.86	618400.00
2017-09-21	137.91	138.41	137.09	137.10	544400.00
2017-09-22	137.29	137.53	136.07	136.12	464600.00
2017-09-25	136.85	137.60	136.01	136.72	1268100.00
2017-09-26	136.74	136.99	136.24	136.56	1053400.00
2017-09-27	136.73	136.73	135.43	135.85	865000.00
2017-09-28	135.78	137.31	135.78	137.28	766000.00
2017-09-29	136.79	137.78	136.59	137.14	894600.00
2017-10-02	137.58	137.90	136.36	136.50	630400.00
2017-10-03	136.50	136.91	135.95	136.58	632000.00
2017-10-04	136.64	138.49	136.18	138.35	662900.00
2017-10-05	138.94	140.77	138.55	138.69	679200.00
2017-10-06	138.50	138.50	136.90	137.51	651000.00
2017-10-09	137.36	137.99	137.21	137.39	672800.00
2017-10-10	137.48	138.57	137.15	137.20	734500.00
2017-10-11	137.29	138.96	137.20	138.34	645900.00
2017-10-12	138.54	139.36	138.08	139.09	575500.00
2017-10-13	139.80	139.89	138.77	138.81	815000.00
2017-10-16	138.80	138.82	137.66	137.74	514200.00
2017-10-17	137.51	138.37	137.48	138.37	575000.00
2017-10-18	138.16	138.44	137.56	138.41	524600.00
2017-10-19	138.34	138.85	137.78	138.81	736900.00
2017-10-20	139.08	139.38	138.08	139.27	722000.00
2017-10-23	139.46	140.00	138.89	139.87	624400.00
2017-10-24	139.46	139.66	137.82	137.98	638800.00
2017-10-25	138.13	139.24	137.82	138.72	539200.00
2017-10-26	139.43	139.43	138.21	138.86	537400.00
2017-10-27	138.61	139.97	138.43	139.62	452900.00
2017-10-30	139.29	140.01	138.81	139.80	555300.00
2017-10-31	138.85	141.06	136.77	139.37	661500.00
2017-11-01	139.37	141.07	138.94	140.97	609900.00
2017-11-02	141.00	141.32	137.37	138.62	723800.00
2017-11-03	137.98	140.54	137.26	139.87	492000.00
2017-11-06	140.20	142.06	140.20	140.96	489500.00
2017-11-07	141.13	142.16	140.17	141.24	520800.00
2017-11-08	141.17	143.57	140.80	143.49	605000.00
2017-11-09	143.23	144.80	143.03	144.09	627200.00
2017-11-10	143.80	145.20	143.39	143.86	460400.00
2017-11-13	143.99	144.99	143.38	144.59	399900.00
2017-11-14	144.55	144.69	143.33	144.12	757300.00
2017-11-15	144.16	144.56	141.81	141.96	576000.00
2017-11-16	142.18	143.64	141.69	143.03	752000.00
2017-11-17	143.03	143.03	141.28	141.71	472100.00
2017-11-20	141.81	141.93	141.17	141.38	415500.00
2017-11-21	141.67	142.26	141.21	142.21	455300.00
2017-11-22	142.53	142.53	141.09	141.89	325100.00
2017-11-24	142.10	142.30	141.69	141.91	202100.00
2017-11-27	141.69	142.03	140.21	140.53	575400.00
2017-11-28	140.60	141.02	138.84	139.33	721800.00
2017-11-29	139.34	140.30	137.61	139.92	519600.00
2017-11-30	140.17	140.72	139.10	139.37	901000.00
2017-12-01	139.84	141.37	138.94	139.37	628300.00
2017-12-04	139.87	140.22	139.04	139.21	538700.00
2017-12-05	139.40	139.47	137.13	137.44	636400.00
2017-12-06	137.88	137.99	136.52	137.88	465100.00
2017-12-07	137.67	138.32	137.12	138.32	549200.00
2017-12-08	138.91	140.18	137.98	140.06	523200.00
2017-12-11	139.76	140.59	139.76	140.51	576200.00
2017-12-12	140.66	141.71	139.82	141.15	583700.00
2017-12-13	141.66	141.73	139.71	140.13	509000.00
2017-12-14	140.31	140.91	139.31	140.17	341200.00
2017-12-15	140.96	140.96	139.44	139.63	1272800.00
2017-12-18	139.68	141.63	139.64	140.24	605800.00
2017-12-19	140.51	141.14	135.58	136.60	789100.00
2017-12-20	136.48	137.41	136.33	136.52	803400.00
2017-12-21	136.65	136.91	134.65	134.93	540000.00
2017-12-22	135.50	137.14	135.29	136.91	660500.00
2017-12-26	137.01	138.01	136.48	137.58	444700.00
2017-12-27	138.01	138.38	136.95	137.25	438600.00
2017-12-28	137.38	138.48	136.94	138.36	412200.00
2017-12-29	138.73	138.73	137.95	138.23	403800.00
2018-01-02	138.37	138.84	137.14	137.32	594800.00
2018-01-03	137.73	137.91	136.86	137.75	515500.00
2018-01-04	137.32	137.73	135.22	135.28	517800.00
2018-01-05	135.26	135.28	134.13	135.01	678200.00
2018-01-08	134.69	135.44	134.27	135.11	546300.00
2018-01-09	135.04	135.36	133.72	134.09	515400.00
2018-01-10	133.55	134.04	131.50	132.46	604200.00
2018-01-11	132.96	133.50	131.36	131.53	468100.00
2018-01-12	131.54	131.84	129.78	130.34	494100.00
2018-01-16	130.57	132.89	130.57	130.96	613700.00
2018-01-17	131.81	131.89	130.95	131.64	540200.00
2018-01-18	131.00	131.78	129.46	130.00	639500.00
2018-01-19	130.32	130.71	129.91	130.71	722100.00
2018-01-22	130.68	131.86	130.35	131.79	629000.00
2018-01-23	132.10	133.84	132.09	133.80	757800.00
2018-01-24	133.71	134.05	132.72	133.11	567900.00
2018-01-25	133.12	133.51	130.67	131.85	682800.00
2018-01-26	132.27	132.27	130.46	131.78	550600.00
2018-01-29	131.36	131.40	130.02	130.36	395300.00
2018-01-30	130.13	130.70	129.27	129.29	560300.00
2018-01-31	129.22	132.04	128.78	132.02	1184100.00
2018-02-01	131.64	133.12	126.91	127.15	1403700.00
2018-02-02	122.94	127.48	122.94	127.03	1754200.00
2018-02-05	126.97	128.36	123.05	123.21	1469400.00
2018-02-06	121.96	125.02	120.87	124.16	1879800.00
2018-02-07	123.84	125.92	122.58	122.63	1153900.00
2018-02-08	122.82	124.90	119.95	120.04	1479900.00
2018-02-09	120.87	124.50	120.04	123.66	1348700.00
2018-02-12	123.98	124.48	120.66	123.00	1427400.00
2018-02-13	122.24	124.21	122.14	123.50	1109200.00
2018-02-14	122.38	123.24	121.83	123.13	874700.00
2018-02-15	123.63	125.22	123.33	124.82	799600.00
2018-02-16	125.00	126.29	124.36	125.96	877800.00
2018-02-20	125.45	126.79	124.22	124.29	894200.00
2018-02-21	123.90	124.48	120.66	120.88	1011200.00
2018-02-22	121.38	122.52	121.21	121.73	884200.00
2018-02-23	122.36	124.04	121.62	123.97	520200.00
2018-02-26	124.29	124.52	123.17	124.08	603100.00
2018-02-27	123.70	124.05	120.64	120.93	949800.00
2018-02-28	120.93	121.95	120.44	120.88	1442100.00
2018-03-01	120.23	122.35	119.43	120.13	1268100.00
2018-03-02	120.01	120.54	118.48	119.24	902800.00
2018-03-05	118.61	121.44	118.27	120.93	1094300.00
2018-03-06	120.89	121.32	119.09	120.84	853900.00
2018-03-07	120.70	122.90	120.49	122.50	914700.00
2018-03-08	122.60	123.67	121.97	123.58	714800.00
2018-03-09	123.66	125.07	123.05	125.07	635300.00
2018-03-12	124.79	125.51	124.17	125.16	738700.00
2018-03-13	125.87	126.27	124.82	125.14	593100.00
2018-03-14	125.39	126.67	125.23	126.65	798400.00
2018-03-15	126.46	127.17	126.11	126.81	882100.00
2018-03-16	127.09	128.63	126.58	128.42	1442200.00
2018-03-19	128.29	128.33	126.91	127.91	829800.00
2018-03-20	127.80	128.73	126.72	127.30	1096700.00
2018-03-21	127.27	128.40	126.00	126.48	675900.00
2018-03-22	125.93	127.24	123.93	124.17	1073300.00
2018-03-23	124.20	124.69	122.13	122.42	810300.00
2018-03-26	123.26	123.65	122.10	123.06	550500.00
2018-03-27	122.99	126.10	121.18	124.46	741600.00
2018-03-28	125.52	128.64	125.09	128.28	842100.00
2018-03-29	128.61	129.36	126.06	128.60	842900.00
2018-04-02	128.47	128.75	126.16	127.19	668300.00
2018-04-03	127.24	129.32	126.29	128.99	670500.00
2018-04-04	128.20	130.33	127.85	129.82	635300.00
2018-04-05	129.93	130.09	128.40	129.98	591800.00
2018-04-06	130.44	130.99	129.33	129.80	600800.00
2018-04-09	129.96	130.41	128.70	129.35	470000.00
2018-04-10	130.01	130.58	129.28	130.42	588600.00
2018-04-11	130.10	131.33	129.66	129.83	847400.00
2018-04-12	129.99	129.99	128.66	129.18	663600.00
2018-04-13	129.24	130.38	128.67	130.22	568500.00
2018-04-16	130.48	131.55	129.62	129.80	604500.00
2018-04-17	130.05	131.10	129.43	130.56	628000.00
2018-04-18	130.73	130.99	129.64	129.76	617800.00
2018-04-19	129.41	129.60	126.50	127.10	669400.00
2018-04-20	127.39	127.39	125.44	125.79	1129800.00
2018-04-23	126.20	126.50	125.20	125.89	602300.00
2018-04-24	126.20	127.13	125.63	126.60	840600.00
2018-04-25	126.17	127.16	125.34	126.51	773500.00
2018-04-26	125.36	127.95	123.47	126.35	766500.00
2018-04-27	125.97	128.99	125.97	128.50	476000.00
2018-04-30	128.86	129.40	127.04	127.46	748200.00
2018-05-01	127.57	129.00	126.96	128.67	529200.00
2018-05-02	128.10	128.56	127.05	127.16	749500.00
2018-05-03	126.74	128.58	126.31	127.34	408700.00
2018-05-04	127.10	128.83	127.02	128.51	510800.00
2018-05-07	129.00	129.33	128.07	129.18	340400.00
2018-05-08	128.97	128.97	128.00	128.61	678800.00
2018-05-09	128.89	129.66	128.29	129.58	481800.00
2018-05-10	130.34	131.27	129.65	131.13	778900.00
2018-05-11	131.54	131.61	129.91	130.10	615900.00
2018-05-14	130.07	130.23	127.88	128.66	380500.00
2018-05-15	128.09	128.19	125.37	125.62	749200.00
2018-05-16	125.94	126.30	124.19	124.72	689900.00
2018-05-17	124.52	125.08	123.68	123.95	729200.00
2018-05-18	124.09	124.41	122.79	123.36	627000.00
2018-05-21	123.79	124.74	122.71	124.15	890200.00
2018-05-22	124.22	124.79	123.59	124.52	819100.00
2018-05-23	124.84	127.12	124.38	126.28	1026100.00
2018-05-24	126.39	126.55	124.68	125.67	863400.00
2018-05-25	125.99	127.15	125.84	126.49	462200.00
2018-05-29	126.12	126.89	125.50	126.26	627500.00
2018-05-30	125.85	130.18	125.60	129.69	749500.00
2018-05-31	128.41	129.61	127.62	129.44	1244100.00
2018-06-01	129.46	130.92	128.48	130.67	688200.00
2018-06-04	131.15	132.15	130.59	132.15	735100.00
2018-06-05	132.55	132.70	130.45	130.51	811600.00
2018-06-06	130.29	131.34	129.43	130.92	618700.00
2018-06-07	131.07	131.41	130.19	130.47	485400.00
2018-06-08	130.97	131.79	130.40	131.23	384400.00
2018-06-11	131.02	131.46	129.63	130.28	595300.00
2018-06-12	130.11	132.48	129.41	131.77	843500.00
2018-06-13	132.14	132.85	129.43	130.24	782600.00
2018-06-14	130.62	132.66	129.86	131.51	760700.00
2018-06-15	131.62	132.80	131.30	131.93	1194100.00
2018-06-18	131.49	132.14	129.97	131.04	640400.00
2018-06-19	130.31	131.67	130.31	130.81	742500.00
2018-06-20	131.64	132.61	130.87	132.39	891200.00
2018-06-21	132.61	133.34	132.20	132.86	905600.00
2018-06-22	133.24	134.04	130.95	133.58	1178900.00
2018-06-25	133.86	135.15	133.03	134.67	1203400.00
2018-06-26	134.64	135.42	133.87	133.95	840900.00
2018-06-27	134.36	134.85	132.62	132.62	888900.00
2018-06-28	132.70	135.54	132.70	135.20	989000.00
2018-06-29	134.85	136.82	133.91	135.58	1234800.00
2018-07-02	135.55	136.13	133.31	134.57	755100.00
2018-07-03	134.57	136.28	133.96	134.86	304500.00
2018-07-05	135.39	136.05	134.80	135.98	557900.00
2018-07-06	136.52	136.96	135.84	136.37	499700.00
2018-07-09	136.61	136.96	134.94	135.59	893500.00
2018-07-10	135.69	137.27	135.36	136.87	631600.00
2018-07-11	136.97	137.89	136.77	137.19	479900.00
2018-07-12	137.40	138.04	136.93	137.45	458600.00
2018-07-13	137.80	138.16	136.57	136.73	438000.00
2018-07-16	136.42	136.90	134.95	136.18	431500.00
2018-07-17	136.43	136.56	134.90	135.17	716600.00
2018-07-18	135.11	136.40	134.51	135.10	750700.00
2018-07-19	134.69	137.13	134.69	135.98	392400.00
2018-07-20	135.45	135.67	133.89	134.52	431500.00
2018-07-23	134.17	134.64	133.58	134.37	340200.00
2018-07-24	134.35	134.73	133.26	134.55	704100.00
2018-07-25	135.09	137.51	134.82	136.06	659900.00
2018-07-26	136.43	137.50	135.98	136.36	349000.00
2018-07-27	136.74	136.76	135.22	135.85	426300.00
2018-07-30	135.91	136.56	134.86	135.80	453000.00
2018-07-31	136.51	141.33	133.86	139.49	1323500.00
2018-08-01	138.71	140.76	136.35	140.57	983200.00
2018-08-02	140.44	141.48	137.74	140.80	611900.00
2018-08-03	140.94	142.27	139.93	142.04	825300.00
2018-08-06	141.75	143.59	141.17	142.15	725700.00
2018-08-07	142.29	142.68	139.84	141.26	841900.00
2018-08-08	141.62	141.62	140.20	140.61	319500.00
2018-08-09	140.80	141.38	140.32	141.10	341200.00
2018-08-10	141.10	141.61	139.74	139.77	479200.00
2018-08-13	139.83	140.43	139.27	140.14	466400.00
2018-08-14	140.18	141.38	139.79	140.90	502400.00
2018-08-15	140.61	142.65	140.40	142.22	554600.00
2018-08-16	142.36	143.16	141.78	143.02	392000.00
2018-08-17	143.20	144.62	142.63	144.50	541700.00
2018-08-20	145.03	145.39	144.09	144.40	537400.00
2018-08-21	144.08	144.14	142.37	142.79	384900.00
2018-08-22	142.97	143.14	142.19	143.00	378700.00
2018-08-23	143.12	143.38	142.65	142.89	235200.00
2018-08-24	142.65	144.45	142.65	144.19	318200.00
2018-08-27	144.50	144.55	142.56	143.93	521600.00
2018-08-28	143.86	145.56	143.52	145.52	391700.00
2018-08-29	145.90	146.19	144.95	145.34	382200.00
2018-08-30	145.81	145.81	144.10	144.21	301600.00
2018-08-31	144.52	145.32	143.73	144.57	532600.00
2018-09-04	143.99	145.10	143.48	144.24	381600.00
2018-09-05	143.73	145.76	143.03	145.06	543600.00
2018-09-06	145.49	146.03	144.98	145.32	570900.00
2018-09-07	144.67	144.99	143.67	144.49	472000.00
2018-09-10	145.43	146.03	144.93	145.36	501100.00
2018-09-11	144.41	145.66	144.41	145.07	527500.00
2018-09-12	145.31	145.77	144.25	144.91	344500.00
2018-09-13	145.65	146.53	145.01	146.49	546400.00
2018-09-14	146.11	146.22	143.65	144.57	619500.00
2018-09-17	144.65	145.81	144.34	145.71	644400.00
2018-09-18	145.71	145.97	144.50	145.20	398700.00
2018-09-19	145.38	145.48	143.12	143.64	479300.00
2018-09-20	143.81	145.34	143.02	145.24	446800.00
2018-09-21	145.82	146.70	144.74	146.07	974800.00
2018-09-24	145.70	146.09	142.03	142.55	560900.00
2018-09-25	142.77	143.28	141.55	142.88	580900.00
2018-09-26	142.82	143.03	140.44	140.57	666600.00
2018-09-27	141.62	142.29	140.70	141.35	507000.00
2018-09-28	141.19	144.14	141.19	144.08	874000.00
2018-10-01	143.84	144.46	143.06	143.13	538300.00
2018-10-02	143.33	144.48	143.00	143.15	372400.00
2018-10-03	143.46	144.14	140.72	142.05	470300.00
2018-10-04	141.36	141.74	139.65	140.95	545600.00
2018-10-05	141.23	142.38	140.82	141.02	374500.00
2018-10-08	141.09	143.66	141.09	142.63	526800.00
2018-10-09	142.59	144.18	141.68	144.06	556700.00
2018-10-10	143.26	144.46	141.67	141.86	504800.00
2018-10-11	142.27	142.27	137.43	137.74	833800.00
2018-10-12	138.47	139.53	136.85	137.43	559400.00
2018-10-15	136.97	139.33	136.97	137.51	454100.00
2018-10-16	137.90	140.65	137.15	140.09	518200.00
2018-10-17	140.01	140.66	139.02	139.98	523400.00
2018-10-18	139.98	141.17	139.68	140.22	321500.00
2018-10-19	140.21	141.88	140.21	141.55	444300.00
2018-10-22	141.09	141.64	137.24	137.47	500500.00
2018-10-23	136.77	139.02	135.82	138.16	494300.00
2018-10-24	138.50	142.28	138.07	140.51	544900.00
2018-10-25	140.44	142.33	139.50	141.32	404400.00
2018-10-26	141.42	141.42	137.75	139.10	735500.00
2018-10-29	139.84	142.16	139.84	141.68	548900.00
2018-10-30	143.18	145.24	140.94	142.05	933400.00
2018-10-31	142.14	142.14	138.71	139.49	906300.00
2018-11-01	139.58	140.58	138.70	139.45	537300.00
2018-11-02	140.23	140.23	136.81	137.74	644000.00
2018-11-05	138.36	141.72	138.06	140.83	787100.00
2018-11-06	141.23	143.74	141.08	143.25	727100.00
2018-11-07	143.86	145.30	143.38	145.03	570800.00
2018-11-08	144.96	145.33	143.49	144.92	313400.00
2018-11-09	144.85	145.69	144.16	145.17	359100.00
2018-11-12	145.20	147.09	145.20	146.54	565200.00
2018-11-13	147.20	148.13	146.03	147.89	675600.00
2018-11-14	147.99	148.51	146.68	147.55	446300.00
2018-11-15	146.88	146.95	144.39	145.23	666100.00
2018-11-16	145.27	148.32	144.73	147.57	681700.00
2018-11-19	147.57	149.36	146.80	149.32	534700.00
2018-11-20	149.33	149.99	147.62	148.35	576200.00
2018-11-21	148.21	150.00	147.23	148.29	489100.00
2018-11-23	148.10	148.60	146.52	147.77	177000.00
2018-11-26	148.46	148.78	146.83	148.24	445400.00
2018-11-27	148.18	149.68	147.50	149.52	453100.00
2018-11-28	149.54	150.18	148.89	150.17	581900.00
2018-11-29	149.99	150.22	148.74	149.58	492700.00
2018-11-30	150.49	151.63	149.54	151.57	945900.00
2018-12-03	152.16	152.16	150.22	151.68	678800.00
2018-12-04	151.59	151.68	148.58	148.98	738300.00
2018-12-06	148.14	152.53	146.50	152.44	1463900.00
2018-12-07	151.89	152.63	149.29	150.01	789100.00
2018-12-10	150.10	150.10	145.40	149.09	705800.00
2018-12-11	149.98	150.60	149.46	149.46	478900.00
2018-12-12	150.33	150.37	146.10	146.21	670600.00
2018-12-13	146.51	149.42	146.33	148.41	670800.00
2018-12-14	148.44	149.31	147.91	148.65	675500.00
2018-12-17	148.96	149.53	142.53	143.06	856800.00
2018-12-18	143.97	145.58	143.65	144.68	729600.00
2018-12-19	144.99	145.79	143.16	143.78	646200.00
2018-12-20	144.27	145.63	142.44	143.47	668300.00
2018-12-21	143.73	148.14	140.81	140.81	1454200.00
2018-12-24	140.93	141.23	133.80	134.28	628800.00
2018-12-26	134.70	137.82	132.83	137.82	678300.00
2018-12-27	136.77	137.96	134.15	137.92	950200.00
2018-12-28	139.19	139.96	136.62	138.50	740700.00
2018-12-31	138.88	139.62	136.99	139.61	589800.00
2019-01-02	138.42	139.60	135.03	135.72	657800.00
2019-01-03	135.68	138.58	135.68	136.36	636500.00
2019-01-04	136.82	138.15	136.48	137.33	574900.00
2019-01-07	137.54	139.07	136.64	136.94	544700.00
2019-01-08	137.47	139.84	137.01	139.78	746100.00
2019-01-09	140.13	141.10	138.31	140.98	746700.00
2019-01-10	140.81	142.91	140.12	142.77	569300.00
2019-01-11	142.79	143.36	141.89	143.25	499400.00
2019-01-14	142.91	143.77	142.26	142.92	344800.00
2019-01-15	143.11	144.92	143.11	144.22	422000.00
2019-01-16	144.22	146.29	143.00	146.12	633700.00
2019-01-17	146.10	147.39	145.94	147.06	430100.00
2019-01-18	147.49	147.81	146.00	147.67	481700.00
2019-01-22	147.58	148.07	146.13	147.62	453900.00
2019-01-23	147.73	148.44	147.22	148.35	512400.00
2019-01-24	148.21	148.68	146.79	148.35	429100.00
2019-01-25	148.84	149.95	148.68	149.72	572500.00
2019-01-28	149.41	151.57	148.80	151.48	693100.00
2019-01-29	151.55	153.02	150.76	152.99	553100.00
2019-01-30	152.19	153.95	151.95	153.39	593300.00
2019-01-31	152.88	155.10	151.63	154.75	890400.00
2019-02-01	155.09	155.47	151.20	152.57	796600.00
2019-02-04	152.17	154.30	150.83	154.28	754400.00
2019-02-05	156.42	156.42	152.61	156.02	692000.00
2019-02-06	156.21	156.21	155.07	155.58	487200.00
2019-02-07	155.21	156.92	154.56	156.64	599200.00
2019-02-08	155.99	157.35	155.19	156.02	561500.00
2019-02-11	156.18	157.31	155.52	156.46	495200.00
2019-02-12	156.54	156.54	154.24	155.18	591900.00
2019-02-13	154.79	157.39	154.52	157.27	630500.00
2019-02-14	157.15	157.98	156.45	156.99	553600.00
2019-02-15	157.97	157.97	156.83	157.27	598800.00
2019-02-19	156.81	158.25	156.81	157.58	686400.00
2019-02-20	157.40	157.52	154.23	155.69	512400.00
2019-02-21	155.02	157.29	154.52	157.15	414600.00
2019-02-22	157.35	158.30	155.00	157.25	538800.00
2019-02-25	157.48	157.48	155.94	156.11	456700.00
2019-02-26	156.63	156.68	155.72	156.36	405400.00
2019-02-27	155.61	156.09	154.07	155.83	588600.00
2019-02-28	155.55	158.56	155.08	156.12	1148200.00
2019-03-01	156.24	156.30	154.11	155.81	574800.00
2019-03-04	155.96	157.36	155.10	156.95	600200.00
2019-03-05	156.82	158.41	156.46	157.57	438100.00
2019-03-06	157.51	157.94	156.74	156.79	427400.00
2019-03-07	156.95	158.48	156.24	156.82	769500.00
2019-03-08	156.52	158.02	156.13	157.57	633700.00
2019-03-11	157.92	158.63	156.91	158.37	363700.00
2019-03-12	158.78	159.82	158.09	159.51	795800.00
2019-03-13	159.71	160.75	159.71	159.92	543900.00
2019-03-14	159.87	160.64	159.27	160.48	462400.00
2019-03-15	160.43	160.58	159.28	159.60	970500.00
2019-03-18	159.74	160.23	157.12	158.18	492100.00
2019-03-19	158.12	158.41	157.02	157.56	610000.00
2019-03-20	157.72	158.85	156.10	157.75	551200.00
2019-03-21	157.07	160.01	157.07	159.37	562400.00
2019-03-22	159.67	161.88	159.61	160.10	639000.00
2019-03-25	160.27	160.65	159.30	159.76	318900.00
2019-03-26	160.28	161.19	160.00	161.12	444300.00
2019-03-27	160.96	161.58	160.07	161.11	513300.00
2019-03-28	161.56	162.45	160.77	162.39	572900.00
2019-03-29	162.62	162.87	161.41	162.24	737800.00
2019-04-01	162.24	162.35	159.87	162.20	666300.00
2019-04-02	162.25	163.90	160.59	163.44	673200.00
2019-04-03	163.77	163.99	162.09	163.56	529400.00
2019-04-04	163.93	163.93	162.11	163.05	358200.00
2019-04-05	162.98	163.70	162.51	163.41	405000.00
2019-04-08	163.40	163.55	162.04	162.87	383300.00
2019-04-09	162.98	163.13	161.91	162.14	464200.00
2019-04-10	162.77	163.57	162.12	163.43	621000.00
2019-04-11	163.81	164.54	162.90	164.20	358600.00
2019-04-12	164.03	165.00	162.78	164.95	375700.00
2019-04-15	164.92	165.31	164.13	164.99	392500.00
2019-04-16	164.95	165.17	159.61	159.99	621400.00
2019-04-17	160.49	160.49	156.03	156.66	730500.00
2019-04-18	156.97	158.84	156.35	158.54	593400.00
2019-04-22	158.05	158.07	154.72	156.52	462000.00
2019-04-23	157.29	159.07	156.66	158.63	517800.00
2019-04-24	159.65	160.41	157.88	160.16	482000.00
2019-04-25	158.55	162.01	158.55	161.61	580700.00
2019-04-26	162.81	162.83	161.35	162.07	340100.00
2019-04-29	161.38	162.21	159.86	160.04	343400.00
2019-04-30	160.37	162.50	159.77	162.40	621100.00
2019-05-01	162.31	164.48	161.66	162.59	389500.00
2019-05-02	162.81	164.34	161.76	162.81	448000.00
2019-05-03	163.02	163.54	161.69	163.40	317200.00
2019-05-06	162.78	163.61	160.99	162.11	428000.00
2019-05-07	161.20	161.99	158.13	159.06	400500.00
2019-05-08	158.55	160.49	157.73	158.78	473400.00
2019-05-09	158.70	160.62	158.11	160.46	572000.00
2019-05-10	160.46	162.52	159.94	162.22	403600.00
2019-05-13	161.02	162.37	160.75	162.17	406700.00
2019-05-14	161.93	162.92	161.17	161.45	572600.00
2019-05-15	161.56	162.82	160.95	162.22	383000.00
2019-05-16	163.10	164.16	162.26	163.88	488400.00
2019-05-17	163.13	164.30	162.74	164.19	470900.00
2019-05-20	164.23	164.23	161.36	162.09	508800.00
2019-05-21	162.22	163.76	162.14	163.44	616400.00
2019-05-22	163.63	164.41	163.16	164.33	466600.00
2019-05-23	163.91	164.92	162.99	164.67	517200.00
2019-05-24	165.21	166.51	165.09	165.92	545000.00
2019-05-28	166.67	166.98	163.84	163.84	1347200.00
2019-05-29	164.24	164.40	161.86	162.71	811200.00
2019-05-30	162.78	163.67	162.31	162.77	500300.00
2019-05-31	162.55	165.05	161.98	164.08	657600.00
2019-06-03	164.45	165.17	163.23	164.75	632500.00
2019-06-04	164.62	164.86	161.88	163.27	550400.00
2019-06-05	164.12	167.98	163.39	167.92	461400.00
2019-06-06	167.92	168.85	166.92	168.71	326500.00
2019-06-07	169.24	170.48	168.58	168.97	352700.00
2019-06-10	169.13	169.23	167.43	169.22	460300.00
2019-06-11	169.46	169.78	167.62	169.20	528000.00
2019-06-12	168.97	170.19	166.62	167.46	815300.00
2019-06-13	167.46	167.79	166.43	167.38	616200.00
2019-06-14	167.15	168.35	167.03	168.19	518700.00
2019-06-17	168.79	169.89	168.79	169.43	672500.00
2019-06-18	170.27	171.15	167.32	168.62	639500.00
2019-06-19	167.76	169.78	167.33	169.08	621000.00
2019-06-20	169.81	171.13	169.77	170.11	772400.00
2019-06-21	170.57	170.57	166.72	167.95	1434400.00
2019-06-24	168.34	169.26	167.36	168.23	488000.00
2019-06-25	168.51	169.13	165.15	165.21	623400.00
2019-06-26	165.36	165.36	161.70	162.68	680500.00
2019-06-27	163.46	165.32	163.15	164.05	482500.00
2019-06-28	164.22	166.01	163.85	165.47	818300.00
2019-07-01	166.20	166.20	162.29	164.76	513000.00
2019-07-02	165.23	167.53	165.00	167.41	672900.00
2019-07-03	168.13	170.51	167.80	170.48	405400.00
2019-07-05	169.35	169.62	166.40	169.29	294700.00
2019-07-08	169.37	171.26	169.35	171.11	509300.00
2019-07-09	170.96	172.51	170.40	172.25	582400.00
2019-07-10	173.24	174.36	171.86	174.09	624700.00
2019-07-11	173.78	173.90	171.20	172.16	577300.00
2019-07-12	172.25	172.41	170.79	171.42	410900.00
2019-07-15	171.46	173.09	170.94	172.07	409300.00
2019-07-16	172.08	172.25	170.93	171.85	446100.00
2019-07-17	172.03	172.77	170.39	171.81	465900.00
2019-07-18	171.52	171.75	169.69	171.18	355600.00
2019-07-19	171.42	171.89	167.84	168.44	562100.00
2019-07-22	168.65	168.80	166.72	167.07	411600.00
2019-07-23	167.46	168.94	166.20	168.45	488900.00
2019-07-24	168.83	168.83	167.48	168.46	333200.00
2019-07-25	168.46	168.76	167.26	168.46	372400.00
2019-07-26	168.56	169.80	168.16	169.71	527900.00
2019-07-29	170.33	172.49	169.66	171.38	456900.00
2019-07-30	170.94	173.61	170.94	171.72	767100.00
2019-07-31	171.72	173.92	169.14	170.04	912600.00
2019-08-01	165.93	166.62	162.37	165.44	1511400.00
2019-08-02	165.84	168.96	165.52	167.57	857300.00
2019-08-05	166.90	168.57	161.13	163.39	716000.00
2019-08-06	163.39	165.87	162.45	165.40	689900.00
2019-08-07	164.94	167.89	163.11	166.36	604300.00
2019-08-08	166.11	168.30	165.05	168.19	548400.00
2019-08-09	167.84	168.97	165.85	167.77	847000.00
2019-08-12	167.66	169.05	166.86	167.41	452400.00
2019-08-13	167.33	167.33	164.94	166.30	911700.00
2019-08-14	166.15	166.81	163.87	164.18	552000.00
2019-08-15	164.67	166.85	164.41	166.48	607600.00
2019-08-16	167.05	168.46	166.00	167.64	544600.00
2019-08-19	168.51	169.79	167.17	169.16	374100.00
2019-08-20	169.61	170.32	167.91	168.21	634600.00
2019-08-21	168.65	170.00	168.02	169.35	422000.00
2019-08-22	169.60	170.47	168.55	170.11	347700.00
2019-08-23	169.91	171.02	167.37	167.90	602700.00
2019-08-26	168.72	170.09	167.83	169.97	381900.00
2019-08-27	170.91	171.72	169.44	169.46	670500.00
2019-08-28	169.54	170.78	169.46	170.58	382400.00
2019-08-29	171.49	172.83	170.78	172.63	560900.00
2019-08-30	173.57	173.58	171.92	173.11	502100.00
2019-09-03	172.59	174.75	172.59	174.36	505200.00
2019-09-04	175.48	176.56	174.89	176.04	720100.00
2019-09-05	175.50	176.11	174.18	174.86	594900.00
2019-09-06	175.06	176.37	174.97	175.71	694500.00
2019-09-09	175.53	175.53	173.54	174.18	601200.00
2019-09-10	173.47	173.47	169.57	171.23	698200.00
2019-09-11	170.81	170.93	168.58	170.80	679800.00
2019-09-12	172.51	173.47	169.80	170.64	776800.00
2019-09-13	169.92	170.70	167.34	168.67	733300.00
2019-09-16	169.59	171.33	168.31	170.94	561000.00
2019-09-17	171.46	173.09	171.37	172.25	470200.00
2019-09-18	172.68	172.95	171.03	172.09	359700.00
2019-09-19	172.51	173.00	171.19	171.64	347000.00
2019-09-20	171.84	172.04	170.25	170.26	993300.00
2019-09-23	169.40	172.11	169.40	171.38	465600.00
2019-09-24	171.84	173.25	171.25	172.14	554200.00
2019-09-25	172.15	174.09	172.11	173.26	1531900.00
2019-09-26	174.12	176.02	173.70	175.57	963300.00
2019-09-27	175.83	176.59	174.55	175.74	689600.00
2019-09-30	175.50	177.43	175.40	176.61	907700.00
2019-10-01	176.12	176.73	173.98	175.52	724400.00
2019-10-02	175.28	176.47	173.99	176.34	887500.00
2019-10-03	176.00	179.16	176.00	178.78	876900.00
2019-10-04	178.96	179.76	178.18	179.62	656900.00
2019-10-07	179.60	180.05	178.31	179.78	514300.00
2019-10-08	178.84	179.97	176.77	178.58	831300.00
2019-10-09	178.86	180.20	178.48	179.42	599700.00
2019-10-10	179.29	180.11	177.60	179.36	466300.00
2019-10-11	179.60	179.68	177.73	178.87	410900.00
2019-10-14	178.81	178.95	177.82	178.87	371200.00
2019-10-15	178.96	179.43	176.83	178.28	658600.00
2019-10-16	178.40	179.89	177.07	179.79	585600.00
2019-10-17	179.57	180.54	179.37	179.69	516700.00
2019-10-18	179.89	180.77	179.00	180.58	573300.00
2019-10-21	180.63	182.11	179.69	182.11	762200.00
2019-10-22	182.51	182.79	181.12	181.94	765000.00
2019-10-23	182.18	182.20	179.78	181.70	554200.00
2019-10-24	181.49	182.14	180.01	180.64	406500.00
2019-10-25	180.23	181.12	179.50	179.96	522200.00
2019-10-28	179.96	179.96	177.48	177.97	1122400.00
2019-10-29	177.73	177.73	175.57	176.59	1830500.00
2019-10-30	177.25	179.67	176.16	179.60	985000.00
2019-10-31	179.78	180.90	178.20	178.52	838400.00
2019-11-01	178.79	179.96	175.95	178.18	916700.00
2019-11-04	177.69	177.69	174.67	175.72	766600.00
2019-11-05	175.05	175.05	171.08	172.78	1132600.00
2019-11-06	173.29	174.76	173.28	174.12	597200.00
2019-11-07	173.54	173.54	170.03	171.53	667500.00
2019-11-08	171.58	173.03	171.11	172.12	449800.00
2019-11-11	171.81	173.27	171.81	172.63	358900.00
2019-11-12	172.75	174.27	171.12	171.41	559600.00
2019-11-13	171.97	174.34	171.21	173.54	474500.00
2019-11-14	173.98	174.82	173.49	174.39	471500.00
2019-11-15	174.41	175.95	173.98	175.95	530900.00
2019-11-18	176.44	177.83	176.18	176.56	335400.00
2019-11-19	177.65	178.48	176.50	178.03	421600.00
2019-11-20	178.46	178.98	177.14	177.46	432200.00
2019-11-21	177.05	177.05	174.23	174.45	349500.00
2019-11-22	174.58	175.30	172.67	173.29	397100.00
2019-11-25	173.97	175.48	173.46	174.00	583600.00
2019-11-26	174.30	176.84	174.01	176.84	1026300.00
2019-11-27	176.84	176.86	175.52	176.81	556300.00
2019-11-29	176.56	178.15	175.44	175.86	292500.00
2019-12-02	175.86	176.29	173.03	173.22	578300.00
2019-12-03	173.02	175.34	172.65	175.11	766900.00
2019-12-04	174.49	177.06	174.49	176.60	618200.00
2019-12-05	176.05	177.22	175.17	177.09	699600.00
2019-12-06	177.13	177.71	176.19	177.11	468700.00
2019-12-09	177.29	177.29	175.50	177.09	370400.00
2019-12-10	177.09	177.85	174.96	176.57	388900.00
2019-12-11	176.81	177.14	173.52	173.94	406700.00
2019-12-12	173.65	174.54	170.71	171.55	763300.00
2019-12-13	171.69	172.92	169.20	171.12	599100.00
2019-12-16	171.20	172.21	169.81	171.72	723200.00
2019-12-17	171.88	172.24	169.20	169.48	561900.00
2019-12-18	170.27	170.78	169.02	170.16	669100.00
2019-12-19	170.32	171.27	169.90	170.39	798200.00
2019-12-20	170.64	171.75	170.32	170.61	1481400.00
2019-12-23	171.39	171.48	169.50	169.85	413000.00
2019-12-24	170.20	170.77	169.57	170.55	112700.00
2019-12-26	171.00	171.33	169.85	170.86	275600.00
2019-12-27	171.67	172.12	170.54	171.29	356700.00
2019-12-30	170.74	172.44	170.62	171.54	492200.00
2019-12-31	171.41	173.28	171.18	173.25	576000.00
2020-01-02	173.88	174.25	170.25	171.22	817400.00
2020-01-03	170.51	173.15	170.45	172.87	672100.00
2020-01-06	172.73	173.39	172.05	173.15	602000.00
2020-01-07	172.01	172.33	169.19	169.39	850500.00
2020-01-08	169.61	170.88	169.01	170.09	872300.00
2020-01-09	169.77	170.92	169.30	170.49	738800.00
2020-01-10	170.84	172.57	170.41	172.22	736100.00
2020-01-13	172.04	174.35	172.04	174.34	490200.00
2020-01-14	173.68	173.68	171.71	173.10	550600.00
2020-01-15	174.82	175.53	173.94	175.07	796600.00
2020-01-16	175.32	177.58	174.61	177.54	545200.00
2020-01-17	177.85	179.16	177.35	178.52	1213300.00
2020-01-21	178.81	181.28	178.70	181.19	730100.00
2020-01-22	181.64	182.34	178.30	178.99	718900.00
2020-01-23	179.17	180.70	178.47	180.52	554300.00
2020-01-24	180.80	181.27	179.83	181.21	566900.00
2020-01-27	180.47	181.28	179.40	180.82	786500.00
2020-01-28	180.65	182.49	180.14	181.16	516200.00
2020-01-29	181.79	181.79	178.71	178.97	734400.00
2020-01-30	178.45	180.40	177.93	180.12	536500.00
2020-01-31	180.06	181.04	178.49	179.03	609600.00
2020-02-03	179.55	180.76	178.54	179.03	499900.00
2020-02-04	179.24	181.49	178.62	180.75	655700.00
2020-02-05	180.63	181.57	179.66	179.79	464500.00
2020-02-06	179.79	181.16	178.19	181.04	569000.00
2020-02-07	181.57	181.86	180.15	181.08	471500.00
2020-02-10	182.58	183.21	181.03	183.21	884700.00
2020-02-11	183.00	184.99	182.90	184.14	814700.00
2020-02-12	184.09	186.08	183.68	185.39	851500.00
2020-02-13	185.07	186.99	185.07	186.38	730500.00
2020-02-14	186.87	188.38	186.45	187.98	456900.00
2020-02-18	188.42	188.55	186.57	188.43	443500.00
2020-02-19	188.82	189.53	186.51	186.56	692400.00
2020-02-20	186.32	187.70	185.91	187.67	779200.00
2020-02-21	187.51	189.25	187.46	188.39	811800.00
2020-02-24	187.20	189.27	185.48	186.55	726700.00
2020-02-25	187.28	187.89	182.57	182.93	855900.00
2020-02-26	183.34	184.42	181.96	182.77	907500.00
2020-02-27	180.80	181.64	171.44	171.58	1120900.00
2020-02-28	168.68	168.82	161.58	165.73	1702900.00
2020-03-02	166.69	173.23	165.08	173.23	1275700.00
2020-03-03	173.23	178.93	171.34	172.45	1099200.00
2020-03-04	174.91	180.14	174.18	179.88	990200.00
2020-03-05	177.43	178.85	174.10	176.24	801400.00
2020-03-06	172.24	173.59	167.60	172.73	919000.00
2020-03-09	165.64	168.22	162.90	162.90	1306000.00
2020-03-10	166.42	172.68	161.93	172.54	1354400.00
2020-03-11	167.90	167.92	161.11	161.81	1101600.00
2020-03-12	150.57	162.47	147.99	150.35	1766900.00
2020-03-13	156.90	160.22	148.01	159.59	1343500.00
2020-03-16	145.28	147.27	135.06	135.06	1463000.00
2020-03-17	138.18	150.72	133.89	150.03	1992200.00
2020-03-18	140.26	146.03	121.51	127.14	1562900.00
2020-03-19	126.81	128.53	120.05	121.10	1292700.00
2020-03-20	122.05	124.71	106.23	108.74	1569000.00
2020-03-23	108.74	108.74	97.63	100.04	2070100.00
2020-03-24	104.26	106.86	101.62	105.31	2236300.00
2020-03-25	103.75	123.33	102.20	116.31	1937900.00
2020-03-26	116.21	125.52	114.30	124.81	1761900.00
2020-03-27	120.63	136.26	120.36	132.41	1374300.00
2020-03-30	133.71	134.88	120.31	126.92	2100300.00
2020-03-31	125.53	127.04	119.13	122.81	2165100.00
2020-04-01	116.53	117.20	109.14	115.17	2248000.00
2020-04-02	112.66	118.57	110.09	112.94	1555300.00
2020-04-03	111.54	115.21	108.71	110.33	1147600.00
2020-04-06	116.59	122.07	116.20	121.06	1175800.00
2020-04-07	127.94	128.83	121.78	122.96	998700.00
2020-04-08	124.35	134.83	122.32	134.13	1195500.00
2020-04-09	135.85	144.29	135.85	139.66	1751300.00
2020-04-13	138.27	138.95	132.70	134.69	758400.00
2020-04-14	138.45	140.66	135.48	139.38	1021400.00
2020-04-15	134.54	137.46	132.12	134.42	907500.00
2020-04-16	135.01	137.63	132.69	134.56	865900.00
2020-04-17	137.58	142.77	137.27	142.17	1232800.00
2020-04-20	138.75	139.94	133.78	133.94	1299800.00
2020-04-21	133.52	134.83	131.55	132.06	2160700.00
2020-04-22	134.35	135.29	132.61	133.38	1551800.00
2020-04-23	133.07	133.50	129.05	131.39	1567200.00
2020-04-24	131.90	133.50	129.79	132.16	1001600.00
2020-04-27	134.01	135.32	132.83	134.14	1495200.00
2020-04-28	137.57	139.25	135.28	135.58	578500.00
2020-04-29	138.79	140.17	135.72	138.36	821100.00
2020-04-30	136.44	137.05	134.77	135.98	1075100.00
2020-05-01	132.78	134.76	131.27	132.21	979500.00
2020-05-04	130.52	132.46	129.62	131.98	1210300.00
2020-05-05	133.77	135.05	132.37	132.97	774300.00
2020-05-06	133.07	134.87	130.81	130.85	1067300.00
2020-05-07	133.20	136.29	129.44	133.88	1158100.00
2020-05-08	136.36	137.10	134.24	136.82	1371700.00
2020-05-11	135.69	135.96	131.10	131.21	1024100.00
2020-05-12	131.68	132.14	126.01	126.42	1859900.00
2020-05-13	125.64	127.10	124.57	126.06	1790300.00
2020-05-14	123.94	126.72	121.12	126.72	1666500.00
2020-05-15	125.36	129.01	121.73	125.46	1980900.00
2020-05-18	130.83	133.93	128.52	132.25	1040300.00
2020-05-19	131.21	132.76	128.84	129.05	1174500.00
2020-05-20	130.58	130.58	126.91	130.04	1448000.00
2020-05-21	129.48	131.85	128.28	128.66	820300.00
2020-05-22	128.68	129.10	127.65	128.23	1015700.00
2020-05-26	132.54	135.65	131.38	133.86	983600.00
2020-05-27	137.69	137.69	131.35	132.60	1015300.00
2020-05-28	134.30	134.30	130.73	132.71	1226500.00
2020-05-29	131.19	132.56	128.69	130.19	3918100.00
2020-06-01	130.17	135.02	129.54	133.87	1047500.00
2020-06-02	134.98	135.14	131.01	132.49	1483800.00
2020-06-03	133.99	136.02	133.52	135.19	1294400.00
2020-06-04	134.46	135.06	131.65	132.57	1431600.00
2020-06-05	137.69	145.21	137.68	144.11	2109900.00
2020-06-08	146.43	148.64	144.02	148.60	1378800.00
2020-06-09	146.03	146.48	143.86	145.38	917200.00
2020-06-10	144.36	146.04	141.74	142.99	802900.00
2020-06-11	136.64	139.38	134.95	135.08	1187400.00
2020-06-12	138.89	138.89	133.25	136.65	1562800.00
2020-06-15	131.75	135.81	131.75	134.11	1600500.00
2020-06-16	139.47	142.35	138.10	139.63	1116600.00
2020-06-17	140.48	141.06	134.58	135.80	1214400.00
2020-06-18	134.18	134.98	132.41	133.78	1376400.00
2020-06-19	136.60	136.95	129.42	129.42	3239600.00
2020-06-22	129.74	131.55	127.12	130.37	1447700.00
2020-06-23	131.48	132.17	128.84	129.60	1127200.00
2020-06-24	128.06	128.63	124.49	126.48	998800.00
2020-06-25	125.73	128.08	125.13	127.98	869000.00
2020-06-26	127.42	128.88	125.28	126.32	1183100.00
2020-06-29	127.66	129.03	125.63	129.03	680100.00
2020-06-30	128.79	131.03	128.15	130.41	1405000.00
2020-07-01	130.74	134.73	130.38	134.13	690000.00
2020-07-02	136.26	137.08	132.65	134.87	947300.00
2020-07-06	137.65	138.05	133.51	134.50	1240400.00
2020-07-07	132.37	133.45	130.35	130.48	1060300.00
2020-07-08	130.48	131.36	128.98	129.28	841800.00
2020-07-09	128.57	129.41	126.41	127.88	1307600.00
2020-07-10	127.87	129.79	127.40	128.81	504600.00
2020-07-13	128.98	130.14	127.05	128.30	624500.00
2020-07-14	128.07	131.05	127.66	130.21	523200.00
2020-07-15	131.62	131.73	128.63	130.33	869700.00
2020-07-16	128.84	131.05	128.84	130.19	768000.00
2020-07-17	130.54	130.75	128.86	129.78	893000.00
2020-07-20	127.58	129.11	124.86	126.13	908300.00
2020-07-21	126.94	127.51	124.24	124.38	931400.00
2020-07-22	123.67	127.10	122.77	126.85	2345300.00
2020-07-23	126.96	128.09	123.73	124.94	826200.00
2020-07-24	125.38	125.94	123.66	123.84	725600.00
2020-07-27	123.13	123.35	120.86	122.89	851400.00
2020-07-28	122.96	127.21	121.90	126.70	872800.00
2020-07-29	127.69	127.98	123.69	127.83	1258000.00
2020-07-30	126.29	127.51	122.86	127.51	1312000.00
2020-07-31	127.44	129.23	123.94	129.13	1412200.00
2020-08-03	127.60	127.77	125.95	126.44	951100.00
2020-08-04	126.24	128.39	125.51	127.93	1087000.00
2020-08-05	128.19	129.25	126.42	127.28	727300.00
2020-08-06	126.29	128.06	126.29	127.32	584400.00
2020-08-07	126.50	129.77	126.30	129.76	884700.00
2020-08-10	130.00	132.07	129.55	129.70	501300.00
2020-08-11	130.99	132.40	127.37	127.97	643700.00
2020-08-12	128.14	129.05	127.23	128.95	539200.00
2020-08-13	128.01	130.64	127.01	127.09	825800.00
2020-08-14	126.76	130.43	126.34	129.07	652700.00
2020-08-17	129.17	131.05	128.62	131.03	591400.00
2020-08-18	131.04	131.08	129.39	130.44	739700.00
2020-08-19	130.16	130.16	127.48	128.31	1082100.00
2020-08-20	127.96	130.63	127.73	129.62	728800.00
2020-08-21	129.81	130.68	127.38	128.53	616300.00
2020-08-24	128.30	131.37	126.97	131.37	839500.00
2020-08-25	131.41	132.24	130.13	131.16	649500.00
2020-08-26	130.34	130.63	128.39	129.75	969100.00
2020-08-27	130.46	133.90	130.46	133.63	611400.00
2020-08-28	133.96	135.04	132.26	134.61	839700.00
2020-08-31	133.81	134.06	132.19	133.30	979100.00
2020-09-01	132.45	133.57	131.42	133.42	1127300.00
2020-09-02	133.40	136.06	132.57	136.03	965600.00
2020-09-03	137.35	138.41	133.75	135.20	923500.00
2020-09-04	135.23	137.73	134.22	136.70	855600.00
2020-09-08	135.64	135.72	133.20	133.63	1135500.00
2020-09-09	133.57	134.33	131.50	131.85	1214600.00
2020-09-10	131.32	131.67	127.64	128.63	1855900.00
2020-09-11	128.49	128.55	125.24	126.39	1353300.00
2020-09-14	127.23	131.63	126.62	130.35	1386100.00
2020-09-15	130.33	131.48	128.58	128.67	896400.00
2020-09-16	128.76	130.64	128.35	129.11	966900.00
2020-09-17	128.16	130.59	126.93	129.45	850200.00
2020-09-18	128.45	129.45	127.32	127.39	1945400.00
2020-09-21	126.29	126.40	122.80	123.07	1579100.00
2020-09-22	123.16	126.90	123.16	125.83	1055900.00
2020-09-23	125.67	127.48	123.57	124.02	1294700.00
2020-09-24	123.50	125.34	122.29	123.94	1287300.00
2020-09-25	123.51	124.90	122.54	124.85	1225400.00
2020-09-28	126.82	128.88	126.15	127.72	1126100.00
2020-09-29	127.28	128.51	124.81	125.73	851800.00
2020-09-30	126.69	128.25	125.55	127.28	1204300.00
2020-10-01	127.60	132.64	127.51	132.62	1140100.00
2020-10-02	130.67	135.53	129.20	134.61	1487300.00
2020-10-05	135.55	137.08	133.56	136.73	1135300.00
2020-10-06	137.64	138.35	134.48	135.17	1100700.00
2020-10-07	135.62	136.48	132.74	133.68	1024900.00
2020-10-08	134.63	137.06	134.11	136.45	716100.00
2020-10-09	137.23	137.92	134.06	134.95	883700.00
2020-10-12	135.50	136.08	134.09	135.60	867300.00
2020-10-13	132.53	134.80	130.29	132.02	1042500.00
2020-10-14	131.92	132.81	130.91	130.93	836300.00
2020-10-15	129.73	132.39	129.73	130.54	682700.00
2020-10-16	130.31	130.97	126.94	126.94	1420600.00
2020-10-19	127.61	128.33	123.79	123.93	1158200.00
2020-10-20	125.13	125.57	123.71	124.05	1045100.00
2020-10-21	123.66	124.77	122.96	124.41	948000.00
2020-10-22	124.71	125.49	123.52	124.84	521600.00
2020-10-23	125.90	126.35	124.14	124.25	788200.00
2020-10-26	123.58	123.83	121.04	122.20	912800.00
2020-10-27	121.89	122.70	119.22	119.22	969500.00
2020-10-28	117.19	117.43	111.97	113.11	2059900.00
2020-10-29	113.11	117.46	112.55	116.02	1638800.00
2020-10-30	115.30	119.40	115.30	118.58	1330500.00
2020-11-02	119.40	123.88	117.53	123.87	1180800.00
2020-11-03	125.31	130.65	125.07	128.82	1330700.00
2020-11-04	128.34	128.65	125.23	126.42	1178200.00
2020-11-05	126.81	128.44	125.52	126.34	951200.00
2020-11-06	126.21	128.19	125.24	126.10	956100.00
2020-11-09	135.50	157.24	135.50	140.36	3047800.00
2020-11-10	140.87	148.71	140.24	146.41	2680500.00
2020-11-11	145.91	145.91	142.51	143.88	1526900.00
2020-11-12	143.35	143.69	140.12	141.91	980900.00
2020-11-13	142.66	144.48	142.58	144.33	894700.00
2020-11-16	150.24	150.68	145.38	147.74	962000.00
2020-11-17	146.13	149.53	144.90	148.40	664600.00
2020-11-18	149.12	149.72	144.51	144.55	832600.00
2020-11-19	143.73	145.37	140.48	145.14	961200.00
2020-11-20	145.76	147.14	144.69	146.51	984700.00
2020-11-23	146.89	148.33	145.37	145.78	1130500.00
2020-11-24	148.15	149.46	146.90	147.71	907700.00
2020-11-25	146.92	147.14	144.64	145.78	660600.00
2020-11-27	145.67	145.67	142.50	143.07	324500.00
2020-11-30	142.07	143.67	140.01	141.98	2290100.00
2020-12-01	144.27	144.65	142.37	142.71	907200.00
2020-12-02	143.62	147.44	143.04	144.27	967900.00
2020-12-03	144.04	146.58	143.79	145.85	1204500.00
2020-12-04	146.71	148.46	145.53	148.16	1012400.00
2020-12-07	146.98	148.43	146.80	147.17	550200.00
2020-12-08	146.29	146.82	144.28	144.33	1168100.00
2020-12-09	144.17	145.35	140.42	141.86	1415100.00
2020-12-10	141.38	143.02	138.34	138.51	1071000.00
2020-12-11	137.30	138.79	137.05	138.38	1052400.00
2020-12-14	139.13	140.49	136.02	136.08	971900.00
2020-12-15	136.49	138.05	134.86	138.04	839700.00
2020-12-16	138.07	139.14	136.12	137.65	1109900.00
2020-12-17	138.50	139.20	136.80	139.12	1006000.00
2020-12-18	138.66	139.28	133.82	135.04	2432900.00
2020-12-21	132.10	134.88	132.10	134.63	952800.00
2020-12-22	134.92	135.19	133.14	135.14	823600.00
2020-12-23	136.01	137.12	133.39	133.57	564100.00
2020-12-24	134.14	134.75	133.04	134.44	246100.00
2020-12-28	134.66	136.65	134.20	136.65	973900.00
2020-12-29	137.22	137.77	133.93	133.99	550000.00
2020-12-30	134.70	136.73	134.62	136.08	577100.00
2020-12-31	136.45	138.33	134.97	138.13	430400.00
2021-01-04	137.82	139.22	133.45	133.90	1499100.00
2021-01-05	134.06	134.83	133.32	133.51	1236500.00
2021-01-06	134.45	137.61	133.79	137.10	1185400.00
2021-01-07	136.31	136.78	134.23	135.23	834800.00
2021-01-08	135.09	136.63	134.64	136.42	784200.00
2021-01-11	136.04	136.67	134.64	135.50	597700.00
2021-01-12	134.81	135.98	134.00	135.50	838600.00
2021-01-13	135.79	137.97	135.52	137.06	867000.00
2021-01-14	138.10	139.72	136.55	138.18	869500.00
2021-01-15	137.87	141.47	137.48	141.20	847200.00
2021-01-19	141.90	142.33	138.92	139.83	752100.00
2021-01-20	139.17	143.96	138.57	142.86	926700.00
2021-01-21	141.54	143.18	140.19	142.46	521300.00
2021-01-22	141.81	142.61	140.42	141.83	911300.00
2021-01-25	141.40	144.13	140.35	143.45	845800.00
2021-01-26	143.79	145.83	143.27	144.74	776300.00
2021-01-27	143.62	144.64	140.18	141.09	845800.00
2021-01-28	141.30	145.63	140.09	142.94	555500.00
2021-01-29	141.64	143.60	140.09	140.92	976400.00
2021-02-01	141.75	142.48	138.71	142.26	1267500.00
2021-02-02	142.81	144.27	141.83	143.30	893500.00
2021-02-03	142.11	145.34	141.38	144.47	1438800.00
2021-02-04	142.86	149.86	141.37	147.96	2339900.00
2021-02-05	148.29	148.85	145.51	148.28	1121900.00
2021-02-08	148.09	149.53	146.79	149.24	801000.00
2021-02-09	149.75	150.25	148.59	149.67	554400.00
2021-02-10	149.91	151.55	149.13	151.41	576500.00
2021-02-11	151.71	154.65	149.89	154.06	1150600.00
2021-02-12	153.05	154.70	152.34	154.56	765600.00
2021-02-16	154.77	154.94	153.23	153.74	806900.00
2021-02-17	153.54	154.33	151.41	154.12	805100.00
2021-02-18	153.81	154.24	152.44	153.06	501500.00
2021-02-19	153.18	153.97	152.46	153.26	855100.00
2021-02-22	153.85	155.47	152.52	153.50	843700.00
2021-02-23	154.86	156.90	153.82	155.62	966900.00
2021-02-24	155.88	159.55	155.35	159.28	1103000.00
2021-02-25	159.37	159.85	154.58	155.25	770700.00
2021-02-26	155.38	155.44	151.26	151.32	1412000.00
2021-03-01	153.34	156.12	152.35	152.41	745600.00
2021-03-02	151.65	154.38	151.38	153.45	910600.00
2021-03-03	153.92	157.92	153.39	156.18	1070000.00
2021-03-04	156.02	156.66	151.55	153.30	1076500.00
2021-03-05	154.03	154.98	150.54	152.95	1136500.00
2021-03-08	154.07	159.36	152.42	158.34	1109300.00
2021-03-09	158.34	160.53	156.66	156.72	686500.00
2021-03-10	157.00	160.08	153.82	159.44	830400.00
2021-03-11	159.49	162.12	159.16	160.42	1341300.00
2021-03-12	160.97	164.01	160.97	164.01	1056500.00
2021-03-15	164.08	168.29	162.53	166.53	774200.00
2021-03-16	166.60	167.21	162.77	163.85	741200.00
2021-03-17	164.59	164.59	161.16	163.35	876300.00
2021-03-18	163.10	163.25	161.19	162.47	641700.00
2021-03-19	161.58	161.87	157.07	157.38	1691600.00
2021-03-22	157.39	160.23	156.22	159.40	709100.00
2021-03-23	159.79	160.86	157.98	159.07	833800.00
2021-03-24	156.69	160.73	156.05	159.15	1019700.00
2021-03-25	159.15	161.46	157.29	161.30	645500.00
2021-03-26	161.51	163.12	161.19	162.83	561200.00
2021-03-29	162.38	163.05	159.67	161.31	458200.00
2021-03-30	161.41	163.03	161.18	162.70	434400.00
2021-03-31	160.67	162.08	159.09	160.22	894800.00
2021-04-01	160.58	162.49	159.50	162.30	603700.00
2021-04-05	163.14	163.25	159.41	161.51	544700.00
2021-04-06	160.82	162.04	160.41	161.95	560900.00
2021-04-07	162.54	163.78	160.85	163.06	417700.00
2021-04-08	161.80	163.11	161.12	161.21	397400.00
2021-04-09	161.98	162.30	160.75	161.46	538600.00
2021-04-12	161.84	162.69	160.52	162.49	490300.00
2021-04-13	162.18	163.30	161.51	163.08	530900.00
2021-04-14	162.82	163.82	161.63	161.74	392000.00
2021-04-15	163.30	163.90	162.47	163.65	958200.00
2021-04-16	164.68	165.08	163.40	164.82	661900.00
2021-04-19	165.91	165.98	164.35	165.30	492900.00
2021-04-20	165.10	167.57	165.10	167.32	733400.00
2021-04-21	167.52	168.77	166.07	168.13	625000.00
2021-04-22	168.59	169.56	167.01	167.07	925600.00
2021-04-23	167.20	168.92	166.79	168.36	564900.00
2021-04-26	169.32	169.81	168.63	169.13	613500.00
2021-04-27	169.78	170.58	168.20	169.60	506900.00
2021-04-28	169.53	169.58	166.16	166.16	1043900.00
2021-04-29	167.00	170.38	164.84	166.30	695600.00
2021-04-30	166.37	167.20	165.34	166.73	714900.00
2021-05-03	167.70	168.05	166.04	166.42	555000.00
2021-05-04	166.72	167.81	164.52	165.33	606500.00
2021-05-05	164.67	165.87	162.04	163.22	739100.00
2021-05-06	163.55	167.88	163.55	167.85	710900.00
2021-05-07	167.24	169.93	167.24	169.79	750900.00
2021-05-10	170.89	173.22	170.56	171.06	490400.00
2021-05-11	170.20	171.10	168.95	170.35	626900.00
2021-05-12	170.80	170.82	166.46	167.45	1001000.00
2021-05-13	167.36	172.28	167.36	170.63	842900.00
2021-05-14	170.62	172.74	170.62	171.90	993400.00
2021-05-17	172.15	172.88	171.34	172.17	454900.00
2021-05-18	171.81	173.51	171.14	172.80	930700.00
2021-05-19	171.94	171.94	168.99	170.78	1260000.00
2021-05-20	170.20	173.89	169.77	173.57	944200.00
2021-05-21	174.12	175.41	173.30	174.03	779200.00
2021-05-24	175.10	177.53	174.92	176.62	656000.00
2021-05-25	176.75	177.90	175.94	177.49	797000.00
2021-05-26	177.31	178.86	176.42	177.90	720700.00
2021-05-27	178.60	178.70	176.71	177.21	1009700.00
2021-05-28	177.88	180.09	177.16	179.70	862100.00
2021-06-01	180.25	183.02	179.40	182.95	684900.00
2021-06-02	184.12	185.54	182.81	184.74	940200.00
2021-06-03	185.28	185.36	184.02	185.05	790700.00
2021-06-04	184.75	185.07	183.09	183.88	629800.00
2021-06-07	184.35	186.02	183.63	184.21	789400.00
2021-06-08	183.91	185.66	183.07	183.25	1082900.00
2021-06-09	184.01	184.46	182.62	183.02	1438600.00
2021-06-10	182.98	188.12	182.03	186.40	1882900.00
2021-06-11	186.23	186.80	184.79	186.38	1039100.00
2021-06-14	185.02	186.01	184.45	186.01	572000.00
2021-06-15	185.58	185.58	182.69	183.20	568700.00
2021-06-16	183.21	184.47	181.96	182.09	1094200.00
2021-06-17	182.13	182.78	180.53	182.37	706900.00
2021-06-18	182.36	183.08	178.80	178.97	1899900.00
2021-06-21	179.98	184.85	179.41	184.18	799600.00
2021-06-22	184.25	184.38	182.52	183.73	790400.00
2021-06-23	184.04	185.16	182.81	184.71	1107800.00
2021-06-24	184.71	185.16	182.96	184.12	778300.00
2021-06-25	183.93	185.85	183.71	185.78	836000.00
2021-06-28	185.93	185.93	183.11	184.42	689900.00
2021-06-29	183.96	185.98	183.74	184.00	888200.00
2021-06-30	183.75	185.31	181.92	182.59	930600.00
2021-07-01	182.89	185.77	182.11	184.18	672700.00
2021-07-02	184.52	186.09	184.52	184.89	467400.00
2021-07-06	184.82	187.14	183.21	186.84	680400.00
2021-07-07	186.99	189.20	185.79	188.74	690600.00
2021-07-08	187.62	190.48	187.06	190.09	596800.00
2021-07-09	191.54	193.43	190.14	193.21	656500.00
2021-07-12	193.21	196.34	192.80	195.95	645100.00
2021-07-13	195.55	195.72	192.80	193.55	346000.00
2021-07-14	194.23	196.25	193.83	196.04	345900.00
2021-07-15	195.39	197.13	195.19	196.79	618200.00
2021-07-16	197.94	198.74	197.00	197.62	613500.00
2021-07-19	195.28	197.06	193.49	195.25	703100.00
2021-07-20	196.36	200.75	195.95	200.13	604200.00
2021-07-21	200.52	201.75	199.40	199.64	609100.00
2021-07-22	198.64	198.71	196.01	196.37	938600.00
2021-07-23	196.38	198.56	196.14	198.43	803300.00
2021-07-26	197.87	199.31	197.08	197.90	333500.00
2021-07-27	197.90	200.77	196.81	199.72	458000.00
2021-07-28	199.78	200.79	198.68	199.00	604700.00
2021-07-29	199.09	203.20	199.09	201.16	416400.00
2021-07-30	202.10	203.61	199.26	199.33	784100.00
2021-08-02	200.98	202.88	199.04	200.19	588600.00
2021-08-03	200.55	200.56	197.97	200.27	344100.00
2021-08-04	200.35	200.94	198.70	199.37	405000.00
2021-08-05	200.75	201.33	198.40	200.52	324500.00
2021-08-06	201.23	201.23	199.16	200.28	299200.00
2021-08-09	200.03	200.06	198.04	199.08	414400.00
2021-08-10	199.07	199.14	194.87	194.91	705400.00
2021-08-11	195.97	196.38	193.85	194.41	641100.00
2021-08-12	195.08	195.76	193.99	194.49	412200.00
2021-08-13	195.17	197.03	194.50	196.46	401300.00
2021-08-16	196.12	198.36	195.12	196.95	474300.00
2021-08-17	195.88	197.16	194.49	196.50	324600.00
2021-08-18	195.85	196.63	194.06	194.99	356600.00
2021-08-19	193.84	196.51	193.07	195.94	415900.00
2021-08-20	195.51	197.49	194.28	196.53	473800.00
2021-08-23	197.06	197.65	194.27	195.24	332700.00
2021-08-24	195.32	195.32	192.75	194.05	425700.00
2021-08-25	193.84	196.23	192.89	194.46	339900.00
2021-08-26	195.54	196.78	194.63	196.32	451000.00
2021-08-27	197.27	198.44	196.51	197.40	271000.00
2021-08-30	197.45	199.88	196.70	199.67	451100.00
2021-08-31	199.08	200.96	198.39	200.86	662400.00
2021-09-01	200.52	203.59	199.78	203.50	572900.00
2021-09-02	203.52	204.25	201.59	203.87	820900.00
2021-09-03	203.33	204.27	201.18	203.72	480700.00
2021-09-07	203.20	203.20	198.00	199.12	655400.00
2021-09-08	198.36	202.77	197.90	201.66	412000.00
2021-09-09	201.03	201.28	197.67	197.73	544300.00
2021-09-10	198.51	198.51	195.47	195.59	488500.00
2021-09-13	197.62	198.88	195.26	195.73	626500.00
2021-09-14	196.81	197.39	194.95	196.23	305500.00
2021-09-15	196.30	197.99	195.70	196.64	470300.00
2021-09-16	196.43	197.27	194.41	195.70	560100.00
2021-09-17	194.51	195.94	191.87	192.38	1239100.00
2021-09-20	190.84	193.43	189.60	192.90	529100.00
2021-09-21	194.24	195.87	193.04	193.10	399100.00
2021-09-22	194.91	196.60	194.62	195.52	566300.00
2021-09-23	196.86	200.63	196.60	198.84	798400.00
2021-09-24	198.98	201.36	197.71	198.09	770200.00
2021-09-27	198.51	199.70	193.73	193.93	495500.00
2021-09-28	192.66	195.14	191.34	194.36	551200.00
2021-09-29	195.50	198.88	195.00	196.85	479400.00
2021-09-30	197.01	198.14	193.80	193.92	577200.00
2021-10-01	195.50	197.47	192.79	196.30	338600.00
2021-10-04	195.55	198.68	195.55	198.09	568200.00
2021-10-05	198.92	199.08	196.22	197.80	847200.00
2021-10-06	197.18	200.00	193.84	199.47	442200.00
2021-10-07	200.84	201.48	198.53	199.19	446800.00
2021-10-08	199.28	199.52	196.88	197.26	251600.00
2021-10-11	197.83	198.40	195.34	197.23	294100.00
2021-10-12	198.75	200.31	196.25	199.60	388300.00
2021-10-13	198.98	201.30	197.78	201.19	376100.00
2021-10-14	202.26	205.12	202.02	204.79	417000.00
2021-10-15	206.21	206.21	201.83	203.24	485000.00
2021-10-18	202.00	203.76	201.45	202.68	494300.00
2021-10-19	203.40	203.51	200.31	201.36	457000.00
2021-10-20	201.78	205.44	201.36	205.33	419400.00
2021-10-21	205.33	205.61	203.60	204.45	390200.00
2021-10-22	205.08	206.75	204.55	205.12	367900.00
2021-10-25	205.00	205.88	203.33	205.12	393100.00
2021-10-26	205.36	207.81	204.01	206.57	355000.00
2021-10-27	207.09	210.17	205.88	208.53	602100.00
2021-10-28	208.09	212.94	207.14	210.79	776900.00
2021-10-29	210.09	211.37	208.00	208.57	923800.00
2021-11-01	209.13	209.13	203.34	207.18	589800.00
2021-11-02	208.43	208.94	206.09	207.62	631500.00
2021-11-03	208.45	208.95	206.38	208.61	785500.00
2021-11-04	208.65	209.64	203.96	205.96	518000.00
2021-11-05	207.71	210.33	206.62	209.59	771000.00
2021-11-08	212.16	212.38	207.40	210.07	644200.00
2021-11-09	210.33	211.69	209.47	211.61	457900.00
2021-11-10	211.06	212.57	211.06	211.81	389900.00
2021-11-11	212.13	212.46	210.39	212.39	533800.00
2021-11-12	212.66	213.41	211.16	212.39	386200.00
2021-11-15	212.42	216.32	211.83	216.28	383100.00
2021-11-16	216.28	216.69	212.54	213.16	471100.00
2021-11-17	212.24	215.05	207.28	214.93	623800.00
2021-11-18	215.11	217.08	213.99	216.89	551300.00
2021-11-19	216.94	216.94	212.86	213.27	495500.00
2021-11-22	213.44	213.70	209.99	210.07	717800.00
2021-11-23	210.76	214.67	209.14	213.90	795800.00
2021-11-24	213.67	218.06	213.50	217.54	323700.00
2021-11-26	214.25	215.06	209.64	210.96	395500.00
2021-11-29	212.91	214.48	210.88	212.18	1087000.00
2021-11-30	211.17	213.00	209.90	210.50	1285800.00
2021-12-01	212.61	212.61	202.68	202.77	1386100.00
2021-12-02	204.30	210.78	203.34	210.10	1077500.00
2021-12-03	210.74	211.21	207.72	209.70	772800.00
2021-12-06	212.06	215.72	211.54	212.25	569700.00
2021-12-07	212.60	214.84	209.49	212.58	1655100.00
2021-12-08	212.74	217.36	211.98	216.31	1022000.00
2021-12-09	215.73	216.37	213.46	213.72	625900.00
2021-12-10	216.84	216.84	213.96	215.79	711100.00
2021-12-13	215.74	219.76	214.41	218.61	606300.00
2021-12-14	218.48	218.92	213.58	215.23	700400.00
2021-12-15	216.14	220.12	215.74	219.34	894100.00
2021-12-16	219.47	220.51	215.18	216.70	1086000.00
2021-12-17	216.78	218.98	214.96	215.49	1547900.00
2021-12-20	213.61	215.64	211.55	212.86	807200.00
2021-12-21	214.04	217.86	213.74	216.05	557300.00
2021-12-22	215.83	218.47	215.79	217.82	319900.00
2021-12-23	218.11	218.77	215.58	216.58	404500.00
2021-12-27	217.34	220.21	215.98	220.04	396800.00
2021-12-28	219.53	221.56	219.36	220.67	384500.00
2021-12-29	221.31	223.35	219.04	222.56	393800.00
2021-12-30	222.59	223.99	221.59	222.82	564000.00
2021-12-31	222.96	225.79	222.96	224.00	452400.00
2022-01-03	226.94	226.94	220.57	224.03	626200.00
2022-01-04	224.43	228.37	224.43	226.24	651400.00
2022-01-05	225.76	226.46	222.16	222.72	826700.00
2022-01-06	223.47	225.03	221.77	223.42	623200.00
2022-01-07	222.32	222.84	220.47	220.70	612700.00
2022-01-10	220.37	221.84	218.50	220.50	734100.00
2022-01-11	220.69	221.81	217.53	221.00	504200.00
2022-01-12	221.05	222.88	220.56	222.34	455100.00
2022-01-13	222.53	224.36	222.13	222.65	426300.00
2022-01-14	222.42	222.42	218.06	220.53	637300.00
2022-01-18	221.15	221.17	216.66	219.91	810400.00
2022-01-19	220.76	221.75	217.93	218.13	715300.00
2022-01-20	218.11	220.46	215.44	215.82	830400.00
2022-01-21	217.22	218.08	213.38	214.61	671900.00
2022-01-24	212.84	214.13	206.24	213.18	805700.00
2022-01-25	210.68	214.95	207.46	214.17	1126900.00
2022-01-26	214.17	218.77	211.62	213.28	699800.00
2022-01-27	215.06	216.57	210.31	210.36	971400.00
2022-01-28	210.41	216.18	207.52	215.82	853700.00
2022-01-31	214.91	217.17	213.06	216.59	1193700.00
2022-02-01	216.58	217.72	214.55	216.81	590600.00
2022-02-02	216.85	224.15	216.34	223.15	984000.00
2022-02-03	220.52	224.44	217.46	221.89	696100.00
2022-02-04	220.63	222.42	217.31	219.31	641700.00
2022-02-07	219.01	221.27	216.44	216.71	597300.00
2022-02-08	217.85	217.91	212.60	213.27	750100.00
2022-02-09	215.09	221.20	215.09	220.60	710700.00
2022-02-10	218.06	220.57	213.11	214.61	881000.00
2022-02-11	215.81	216.32	211.58	213.43	712200.00
2022-02-14	213.74	215.10	210.01	211.20	538800.00
2022-02-15	212.48	214.16	211.66	212.80	562700.00
2022-02-16	213.28	213.39	209.97	212.72	519000.00
2022-02-17	211.30	212.23	208.62	209.41	455400.00
2022-02-18	210.18	211.66	208.26	208.48	1150300.00
2022-02-22	208.40	210.81	207.34	209.51	610200.00
2022-02-23	209.81	212.53	207.65	207.85	710000.00
2022-02-24	204.67	210.52	203.08	209.62	663200.00
2022-02-25	210.89	216.57	209.75	216.43	685400.00
2022-02-28	212.90	215.36	208.84	211.59	893000.00
2022-03-01	211.97	212.63	206.36	207.67	778300.00
2022-03-02	209.36	214.64	207.75	213.44	818400.00
2022-03-03	214.66	216.21	212.65	215.58	716100.00
2022-03-04	213.31	219.37	213.31	219.34	803500.00
2022-03-07	219.42	221.60	216.85	216.90	670700.00
2022-03-08	217.02	217.02	211.86	212.79	605900.00
2022-03-09	216.60	218.72	215.20	216.79	523800.00
2022-03-10	214.56	216.87	213.35	216.40	467700.00
2022-03-11	217.97	219.03	213.40	213.83	450000.00
2022-03-14	214.61	216.09	211.31	212.23	406600.00
2022-03-15	214.25	214.68	210.37	213.03	533600.00
2022-03-16	214.17	217.10	210.93	215.50	601400.00
2022-03-17	214.11	218.13	213.96	218.13	554300.00
2022-03-18	219.93	219.93	216.37	217.61	1081600.00
2022-03-21	218.30	219.45	215.58	217.12	468600.00
2022-03-22	218.17	218.94	214.28	215.56	566300.00
2022-03-23	215.73	215.73	213.21	214.11	433800.00
2022-03-24	213.44	215.81	213.28	215.67	390700.00
2022-03-25	216.91	219.39	216.04	219.26	550000.00
2022-03-28	219.85	221.93	218.34	221.69	457400.00
2022-03-29	223.89	229.73	223.89	229.03	1088600.00
2022-03-30	228.17	228.17	223.02	224.82	566700.00
2022-03-31	225.24	226.41	221.44	221.62	943000.00
2022-04-01	222.58	227.11	222.20	227.04	460400.00
2022-04-04	226.67	228.00	222.04	223.98	431900.00
2022-04-05	223.36	226.97	221.49	222.58	665600.00
2022-04-06	222.55	227.57	220.02	227.49	596400.00
2022-04-07	220.94	223.47	219.53	222.49	1975200.00
2022-04-08	222.18	223.64	220.69	222.73	726500.00
2022-04-11	223.08	223.62	218.40	219.73	1204100.00
2022-04-12	219.56	221.50	218.18	219.94	649700.00
2022-04-13	219.93	221.54	218.96	220.95	564600.00
2022-04-14	221.81	222.61	219.66	220.05	618900.00
2022-04-18	219.99	221.74	216.38	217.77	754900.00
2022-04-19	219.37	221.77	219.12	220.33	592700.00
2022-04-20	221.03	226.71	220.97	226.20	1008300.00
2022-04-21	227.75	230.94	226.60	228.44	1181600.00
2022-04-22	228.58	228.58	223.69	223.84	874800.00
2022-04-25	223.95	223.95	219.53	221.67	951000.00
2022-04-26	221.33	223.35	217.69	218.04	783500.00
2022-04-27	217.90	219.37	214.64	214.85	620300.00
2022-04-28	213.20	215.76	211.03	213.71	694300.00
2022-04-29	211.79	212.92	202.46	202.98	1427100.00
2022-05-02	203.87	204.95	193.60	197.33	1363200.00
2022-05-03	198.23	199.98	196.18	198.49	851900.00
2022-05-04	198.47	199.01	192.34	198.52	855500.00
2022-05-05	198.65	199.07	191.25	193.38	1107900.00
2022-05-06	191.19	191.94	187.00	189.55	1167400.00
2022-05-09	188.28	188.28	180.61	181.78	1140000.00
2022-05-10	183.19	184.20	177.57	178.54	1098100.00
2022-05-11	179.25	184.58	178.99	181.57	1037000.00
2022-05-12	181.58	182.91	180.28	182.11	1103400.00
2022-05-13	183.48	185.16	181.83	184.90	692900.00
2022-05-16	185.26	186.08	182.56	182.79	568600.00
2022-05-17	184.52	185.54	181.48	185.46	1032200.00
2022-05-18	185.29	186.28	179.07	179.85	838300.00
2022-05-19	178.32	180.04	176.34	177.89	712100.00
2022-05-20	179.66	179.84	176.58	179.31	846600.00
2022-05-23	181.28	182.57	177.65	182.20	576700.00
2022-05-24	182.05	183.38	178.61	182.93	490200.00
2022-05-25	181.93	183.48	180.67	182.87	578400.00
2022-05-26	183.99	185.05	183.08	183.32	625900.00
2022-05-27	184.07	188.56	183.34	188.20	702300.00
2022-05-31	186.55	186.99	184.26	185.56	1272600.00
2022-06-01	185.81	186.36	181.27	185.22	538300.00
2022-06-02	185.24	186.74	182.29	186.47	609300.00
2022-06-03	185.32	185.85	182.70	182.94	683200.00
2022-06-06	184.16	184.16	178.23	179.18	750500.00
2022-06-07	178.46	182.99	177.43	182.79	577600.00
2022-06-08	181.06	182.32	177.23	178.90	719700.00
2022-06-09	178.38	178.81	173.72	173.88	635800.00
2022-06-10	171.98	175.24	170.30	173.50	870100.00
2022-06-13	170.32	171.35	165.80	166.65	1087800.00
2022-06-14	167.33	168.56	164.42	165.25	969300.00
2022-06-15	166.69	169.74	165.40	167.38	628500.00
2022-06-16	164.05	167.05	163.60	166.32	683600.00
2022-06-17	166.74	171.31	166.72	170.42	2294400.00
2022-06-21	171.09	175.11	170.60	170.79	1087900.00
2022-06-22	169.64	173.51	169.03	171.23	693500.00
2022-06-23	171.64	175.57	171.64	175.33	678300.00
2022-06-24	175.41	175.79	173.34	174.13	1164300.00
2022-06-27	173.49	179.99	173.13	177.36	1126500.00
2022-06-28	177.65	180.35	175.43	175.84	470000.00
2022-06-29	175.33	175.92	174.11	175.49	386600.00
2022-06-30	174.00	177.68	172.65	174.74	867500.00
2022-07-01	174.49	176.98	173.43	176.54	996600.00
2022-07-05	175.51	175.51	169.76	174.70	852200.00
2022-07-06	175.52	177.04	173.54	174.53	600500.00
2022-07-07	175.10	175.86	172.63	173.25	1231300.00
2022-07-08	172.89	173.45	170.50	171.42	749800.00
2022-07-11	170.74	172.16	170.31	171.41	611900.00
2022-07-12	170.05	173.90	170.05	172.12	614800.00
2022-07-13	170.70	172.22	168.43	171.41	484500.00
2022-07-14	168.32	171.21	168.32	170.14	559900.00
2022-07-15	172.87	174.20	171.19	173.43	563400.00
2022-07-18	174.10	174.11	171.30	172.03	542400.00
2022-07-19	173.49	176.14	172.49	175.83	425600.00
2022-07-20	175.33	177.30	174.18	175.08	451200.00
2022-07-21	174.83	176.50	173.64	176.36	573800.00
2022-07-22	177.16	179.48	176.32	178.34	472400.00
2022-07-25	177.92	179.94	177.23	177.70	619900.00
2022-07-26	177.64	179.20	176.72	177.70	488400.00
2022-07-27	177.81	182.06	177.81	181.79	818600.00
2022-07-28	182.59	192.37	182.32	190.92	1619000.00
2022-07-29	191.54	193.97	190.44	192.45	890100.00
2022-08-01	192.24	192.24	186.43	186.90	837200.00
2022-08-02	186.79	188.71	183.25	184.03	910900.00
2022-08-03	184.87	186.55	181.01	181.76	960900.00
2022-08-04	181.38	183.55	179.54	183.33	716100.00
2022-08-05	182.59	184.47	181.15	184.33	431200.00
2022-08-08	185.73	187.51	184.83	185.71	352100.00
2022-08-09	186.44	189.84	185.75	189.29	538800.00
2022-08-10	191.56	192.98	190.07	192.26	464400.00
2022-08-11	193.40	196.16	193.05	193.48	663300.00
2022-08-12	194.81	196.46	194.41	196.25	343700.00
2022-08-15	196.44	197.63	194.53	196.45	310500.00
2022-08-16	195.61	198.20	195.61	197.22	292000.00
2022-08-17	195.82	198.28	195.38	198.10	406400.00
2022-08-18	197.91	198.13	193.80	194.77	475300.00
2022-08-19	194.17	194.50	192.48	193.39	574600.00
2022-08-22	192.21	192.51	185.50	189.21	452500.00
2022-08-23	189.12	189.12	184.62	185.91	422300.00
2022-08-24	186.45	189.29	185.94	188.88	739300.00
2022-08-25	190.11	192.08	189.03	191.96	589100.00
2022-08-26	191.96	193.36	188.03	188.30	692000.00
2022-08-29	187.66	187.66	184.85	185.02	585100.00
2022-08-30	185.32	186.12	181.96	182.71	748700.00
2022-08-31	184.10	184.84	180.50	180.73	1108200.00
2022-09-01	179.84	183.66	177.93	183.48	711700.00
2022-09-02	184.00	186.32	181.89	182.17	689200.00
2022-09-06	183.42	186.71	183.11	186.33	536900.00
2022-09-07	186.40	189.48	186.40	189.31	558000.00
2022-09-08	188.27	191.11	188.15	190.56	358200.00
2022-09-09	190.91	193.90	189.32	192.92	557100.00
2022-09-12	193.64	194.41	192.28	192.71	793200.00
2022-09-13	189.52	190.56	186.44	186.97	730900.00
2022-09-14	186.24	186.62	182.02	184.48	644900.00
2022-09-15	184.48	184.72	181.01	181.10	434000.00
2022-09-16	181.54	182.04	178.68	181.69	1654100.00
2022-09-19	179.77	179.91	175.88	179.58	627000.00
2022-09-20	177.93	177.93	171.68	173.51	839100.00
2022-09-21	174.95	175.44	169.98	169.99	653000.00
2022-09-22	169.92	170.52	167.92	169.55	787600.00
2022-09-23	167.74	172.63	167.51	169.86	703300.00
2022-09-26	169.06	169.06	163.99	165.69	749100.00
2022-09-27	166.89	167.49	163.21	163.54	757100.00
2022-09-28	165.41	168.34	163.42	167.69	710100.00
2022-09-29	166.04	167.11	163.32	164.68	694100.00
2022-09-30	166.27	168.22	164.73	167.12	1123400.00
2022-10-03	169.34	170.10	167.11	169.32	612400.00
2022-10-04	170.16	172.22	168.43	170.72	791600.00
2022-10-05	168.28	168.55	163.50	165.59	626800.00
2022-10-06	165.27	165.76	160.70	161.16	679400.00
2022-10-07	159.64	160.43	155.16	156.31	728700.00
2022-10-10	157.22	157.56	154.93	155.02	650200.00
2022-10-11	155.30	158.99	154.13	158.52	652200.00
2022-10-12	158.23	158.23	154.93	155.76	835400.00
2022-10-13	153.52	160.06	152.47	159.57	748700.00
2022-10-14	161.60	162.08	153.69	153.86	711900.00
2022-10-17	156.94	159.51	156.10	159.12	1001500.00
2022-10-18	161.58	164.08	159.70	161.28	596500.00
2022-10-19	159.20	159.97	155.68	157.28	572300.00
2022-10-20	157.93	159.37	155.95	156.08	1038600.00
2022-10-21	156.47	158.77	154.38	158.68	663700.00
2022-10-24	159.78	160.80	156.73	157.15	837900.00
2022-10-25	158.07	162.30	158.05	162.23	617800.00
2022-10-26	161.95	163.08	157.61	158.38	1078000.00
2022-10-27	159.13	160.48	155.10	156.37	1173200.00
2022-10-28	155.26	159.60	154.51	159.32	1123900.00
2022-10-31	158.32	159.98	157.54	158.89	937900.00
2022-11-01	159.93	161.14	158.63	159.04	741700.00
2022-11-02	158.29	160.19	155.24	155.31	958500.00
2022-11-03	154.10	156.22	151.04	154.33	847800.00
2022-11-04	149.20	152.81	145.74	151.78	1839500.00
2022-11-07	149.21	151.77	145.80	147.00	1349100.00
2022-11-08	148.07	148.15	145.17	146.12	907200.00
2022-11-09	146.20	146.95	143.67	144.24	1011900.00
2022-11-10	150.33	156.02	150.16	155.89	1099500.00
2022-11-11	155.61	156.08	151.41	151.62	753200.00
2022-11-14	151.47	154.70	150.36	150.98	1711600.00
2022-11-15	152.98	153.88	151.25	153.31	1070700.00
2022-11-16	153.01	154.04	150.61	150.69	754600.00
2022-11-17	148.64	150.89	148.29	149.82	612600.00
2022-11-18	151.87	153.84	151.47	153.51	1210800.00
2022-11-21	153.04	155.56	151.97	153.05	813800.00
2022-11-22	153.79	153.92	152.34	153.24	478300.00
2022-11-23	152.63	154.16	151.47	152.90	559700.00
2022-11-25	153.55	154.46	153.44	154.30	220000.00
2022-11-28	153.68	156.10	152.10	152.49	1788200.00
2022-11-29	152.25	155.21	151.82	154.96	707800.00
2022-11-30	153.97	158.75	153.02	158.69	1176300.00
2022-12-01	160.12	161.21	156.40	158.03	706200.00
2022-12-02	155.01	157.04	154.78	156.57	734400.00
2022-12-05	155.10	156.62	153.90	154.51	919000.00
2022-12-06	155.21	155.22	150.72	151.42	599000.00
2022-12-07	151.16	154.43	151.16	152.40	1021700.00
2022-12-08	151.80	155.45	151.73	153.88	666800.00
2022-12-09	153.64	155.40	153.50	153.86	483700.00
2022-12-12	153.50	155.66	151.44	155.65	680900.00
2022-12-13	160.17	160.38	155.30	157.33	791400.00
2022-12-14	157.62	159.10	154.97	156.13	716000.00
2022-12-15	154.31	155.48	152.34	153.14	1083500.00
2022-12-16	150.46	151.40	147.03	149.71	2021800.00
2022-12-19	149.52	149.52	145.53	147.18	783900.00
2022-12-20	146.53	146.82	144.89	146.27	642900.00
2022-12-21	147.63	148.67	146.42	147.32	718900.00
2022-12-22	146.29	147.52	144.71	146.85	650300.00
2022-12-23	146.83	148.00	145.58	147.92	396400.00
2022-12-27	148.30	148.57	146.41	147.71	456000.00
2022-12-28	148.08	148.82	145.69	146.15	420900.00
2022-12-29	147.52	149.48	146.39	149.04	839800.00
2022-12-30	148.30	148.79	146.21	148.01	613100.00
2023-01-03	148.72	150.00	146.21	147.99	646000.00
2023-01-04	148.36	151.85	147.87	150.57	539800.00
2023-01-05	149.02	149.53	144.50	144.77	890000.00
2023-01-06	145.05	150.35	144.79	149.94	586500.00
2023-01-09	149.54	151.23	148.14	148.88	1787300.00
2023-01-10	148.47	149.89	148.12	149.36	661300.00
2023-01-11	150.70	155.97	150.53	155.67	764100.00
2023-01-12	156.59	157.08	154.42	156.03	650900.00
2023-01-13	154.25	155.64	152.94	153.81	555000.00
2023-01-17	155.30	157.12	154.26	155.79	736200.00
2023-01-18	156.06	156.62	153.25	154.54	1061000.00
2023-01-19	153.85	156.42	153.61	154.59	879500.00
2023-01-20	154.62	156.30	152.99	156.10	1568400.00
2023-01-23	157.05	157.57	155.42	156.11	715900.00
2023-01-24	157.33	159.29	155.68	158.61	454300.00
2023-01-25	158.40	159.60	157.78	158.86	802100.00
2023-01-26	159.51	161.06	158.49	158.94	681800.00
2023-01-27	158.83	163.61	158.83	162.67	835600.00
2023-01-30	161.42	162.59	158.68	158.78	554500.00
2023-01-31	158.62	162.60	158.59	162.60	1746600.00
2023-02-01	161.63	163.95	160.09	163.13	762800.00
2023-02-02	164.94	170.24	164.76	169.07	1058800.00
2023-02-03	165.86	166.15	163.39	165.17	936500.00
2023-02-06	163.43	164.46	162.23	163.83	750600.00
2023-02-07	162.40	165.64	161.73	164.68	652200.00
2023-02-08	163.44	167.15	163.19	166.41	1064700.00
2023-02-09	169.04	169.13	163.86	165.28	881400.00
2023-02-10	164.65	165.53	163.05	165.20	793700.00
2023-02-13	165.33	167.68	165.32	166.03	1215500.00
2023-02-14	165.97	167.22	164.05	165.02	990400.00
2023-02-15	164.16	166.01	163.61	165.99	621500.00
2023-02-16	163.95	167.29	163.21	165.05	766900.00
2023-02-17	165.05	165.05	161.67	164.27	2510000.00
2023-02-21	164.05	164.05	160.47	161.15	746800.00
2023-02-22	161.95	163.13	160.89	161.81	732600.00
2023-02-23	162.59	163.96	161.01	162.95	577400.00
2023-02-24	160.92	161.61	159.29	160.36	737300.00
2023-02-27	162.16	162.44	158.11	158.75	623500.00
2023-02-28	158.57	160.57	157.99	158.09	945500.00
2023-03-01	156.76	157.66	152.54	154.14	614400.00
2023-03-02	153.06	155.97	152.45	155.50	697400.00
2023-03-03	156.70	159.11	156.44	158.24	759200.00
2023-03-06	159.39	160.56	158.90	160.09	540000.00
2023-03-07	160.00	160.10	156.09	156.47	676600.00
2023-03-08	156.30	160.21	156.30	159.17	550300.00
2023-03-09	159.40	160.08	156.58	156.68	1030500.00
2023-03-10	156.70	157.72	149.99	151.68	1079000.00
2023-03-13	151.20	155.80	150.69	154.30	874500.00
2023-03-14	156.63	157.60	154.60	155.97	1218700.00
2023-03-15	154.78	156.71	152.88	155.72	727300.00
2023-03-16	154.90	154.90	150.54	151.62	930500.00
2023-03-17	151.51	151.86	147.75	148.00	1099300.00
2023-03-20	148.09	149.39	146.90	149.05	709900.00
2023-03-21	149.79	150.28	145.98	147.61	879600.00
2023-03-22	146.15	147.12	142.59	142.76	847400.00
2023-03-23	143.01	144.56	141.15	141.18	735200.00
2023-03-24	140.39	144.59	140.27	144.54	679900.00
2023-03-27	145.49	146.83	145.06	145.34	803100.00
2023-03-28	144.04	146.05	143.45	144.16	805300.00
2023-03-29	146.70	148.86	146.22	148.63	814500.00
2023-03-30	150.46	151.73	150.22	151.14	520700.00
2023-03-31	151.98	155.79	151.98	155.58	1381400.00
2023-04-03	155.77	157.69	154.23	154.68	1225000.00
2023-04-04	155.18	155.69	151.99	153.95	1206100.00
2023-04-05	153.61	155.17	153.31	153.97	1099900.00
2023-04-06	155.27	155.72	153.31	155.71	544600.00
2023-04-10	155.53	156.34	154.27	156.10	842000.00
2023-04-11	155.92	158.88	155.82	157.66	867600.00
2023-04-12	159.11	160.49	157.20	157.46	1056700.00
2023-04-13	157.54	158.46	155.68	157.45	857200.00
2023-04-14	157.83	158.71	155.65	157.25	836100.00
2023-04-17	157.55	161.11	157.24	161.10	1425600.00
2023-04-18	160.78	161.72	160.13	160.45	921600.00
2023-04-19	159.56	162.32	159.56	162.25	737000.00
2023-04-20	161.90	162.44	159.45	160.37	707000.00
2023-04-21	161.19	161.19	158.42	160.46	423700.00
2023-04-24	160.62	160.79	158.69	160.23	1177500.00
2023-04-25	159.59	159.88	158.21	158.85	587900.00
2023-04-26	158.20	160.58	157.53	158.36	1164900.00
2023-04-27	161.57	164.73	161.19	164.46	1575700.00
2023-04-28	165.57	169.39	164.17	166.98	1095300.00
2023-05-01	167.38	168.72	166.68	168.18	672500.00
2023-05-02	167.28	168.00	162.44	165.02	896300.00
2023-05-03	166.19	167.07	164.35	164.60	676600.00
2023-05-04	164.45	165.87	163.10	165.04	625500.00
2023-05-05	165.45	167.77	164.81	166.41	755700.00
2023-05-08	165.32	167.32	164.96	166.97	533200.00
2023-05-09	165.57	166.70	164.15	166.01	340100.00
2023-05-10	167.38	168.26	165.68	166.78	489300.00
2023-05-11	165.56	167.24	164.40	166.97	573800.00
2023-05-12	167.44	167.44	165.31	166.80	404200.00
2023-05-15	167.46	168.29	164.55	165.40	703500.00
2023-05-16	165.40	165.58	162.22	162.27	611200.00
2023-05-17	162.85	164.11	161.89	164.02	582300.00
2023-05-18	163.08	164.24	161.50	162.87	567900.00
2023-05-19	164.25	165.25	162.46	163.16	598200.00
2023-05-22	163.11	164.67	162.48	163.60	529500.00
2023-05-23	163.74	164.75	161.88	162.14	528100.00
2023-05-24	161.73	161.73	158.58	159.28	773500.00
2023-05-25	160.05	160.15	157.33	157.82	577200.00
2023-05-26	156.70	159.05	155.17	158.98	767600.00
2023-05-30	159.78	161.34	158.80	159.91	557500.00
2023-05-31	160.34	162.07	159.72	161.07	1204500.00
2023-06-01	160.98	163.90	159.30	163.57	783200.00
2023-06-02	165.21	168.26	165.17	167.75	702000.00
2023-06-05	168.03	169.75	167.20	168.04	664000.00
2023-06-06	168.88	169.83	167.18	169.48	463000.00
2023-06-07	170.22	173.00	169.52	172.29	452400.00
2023-06-08	171.43	172.79	169.63	172.56	606800.00
2023-06-09	173.36	174.79	172.81	174.33	697000.00
2023-06-12	174.16	174.27	172.49	173.61	619500.00
2023-06-13	172.52	175.39	172.17	175.04	525600.00
2023-06-14	175.69	176.82	174.56	176.04	723600.00
2023-06-15	176.17	176.73	174.44	176.39	599500.00
2023-06-16	177.21	178.58	176.63	178.16	1636400.00
2023-06-20	177.63	177.82	175.22	176.08	975200.00
2023-06-21	174.95	175.52	173.27	175.32	741500.00
2023-06-22	175.44	175.44	169.07	171.26	617100.00
2023-06-23	170.82	171.04	167.74	167.91	965800.00
2023-06-26	166.47	172.34	166.18	172.21	605600.00
2023-06-27	172.81	174.43	171.59	173.96	445300.00
2023-06-28	173.32	174.65	172.05	172.90	577800.00
2023-06-29	172.64	176.07	171.90	175.63	583100.00
2023-06-30	176.77	177.90	174.05	176.78	1160100.00
2023-07-03	176.09	178.82	175.83	177.93	412400.00
2023-07-05	177.39	179.78	175.35	177.60	740500.00
2023-07-06	175.59	180.00	172.49	179.71	761600.00
2023-07-07	178.88	179.64	177.96	178.46	537400.00
2023-07-10	177.59	179.88	177.40	179.62	558900.00
2023-07-11	180.37	181.41	179.20	181.36	607300.00
2023-07-12	183.52	185.12	181.32	181.51	710700.00
2023-07-13	181.51	182.91	180.85	182.81	402600.00
2023-07-14	182.84	184.96	182.14	184.85	639700.00
2023-07-17	184.33	184.77	180.68	181.27	984800.00
2023-07-18	181.72	181.72	178.72	180.31	831000.00
2023-07-19	181.36	181.65	178.98	181.60	956600.00
2023-07-20	181.93	183.99	179.93	183.81	551100.00
2023-07-21	184.10	184.94	183.62	184.35	527600.00
2023-07-24	184.47	185.55	183.09	183.52	512200.00
2023-07-25	182.83	183.72	179.50	179.76	757600.00
2023-07-26	179.57	181.33	177.49	179.10	963400.00
2023-07-27	179.47	179.55	173.05	174.08	984300.00
2023-07-28	175.52	176.60	172.08	173.85	770300.00
2023-07-31	174.14	177.35	173.82	176.20	1542800.00
2023-08-01	176.99	177.77	174.33	175.47	801400.00
2023-08-02	174.38	175.81	173.12	173.84	828000.00
2023-08-03	173.29	173.29	168.46	172.22	880400.00
2023-08-04	172.37	174.92	171.90	172.65	615500.00
2023-08-07	173.69	175.87	172.76	175.47	575000.00
2023-08-08	173.51	174.50	171.96	173.20	563700.00
2023-08-09	172.50	173.95	172.05	173.10	454200.00
2023-08-10	173.53	176.00	172.58	172.95	371700.00
2023-08-11	172.40	175.29	172.27	174.92	426300.00
2023-08-14	174.79	174.79	170.48	170.68	676200.00
2023-08-15	169.59	169.81	167.77	168.54	495000.00
2023-08-16	168.60	169.33	167.56	168.07	461500.00
2023-08-17	168.13	170.09	167.17	167.20	604700.00
2023-08-18	166.36	168.48	165.55	167.48	365800.00
2023-08-21	167.46	167.71	164.38	165.87	458600.00
2023-08-22	167.02	167.84	165.73	165.97	651900.00
2023-08-23	167.15	168.78	165.90	168.73	317300.00
2023-08-24	168.95	172.28	168.51	168.93	550100.00
2023-08-25	169.65	171.05	169.23	169.48	398600.00
2023-08-28	170.03	171.93	170.03	170.26	335900.00
2023-08-29	170.27	171.93	169.55	171.79	551800.00
2023-08-30	172.57	173.76	171.91	172.94	390400.00
2023-08-31	173.05	173.06	171.22	171.69	750500.00
2023-09-01	172.41	172.89	169.01	169.38	552100.00
2023-09-05	169.57	170.48	167.89	167.92	641200.00
2023-09-06	167.75	168.20	166.09	167.54	519300.00
2023-09-07	167.19	171.26	166.56	169.26	822600.00
2023-09-08	169.61	169.69	167.01	167.45	520800.00
2023-09-11	167.98	168.22	166.36	167.68	435300.00
2023-09-12	167.24	169.36	165.78	169.01	482800.00
2023-09-13	169.03	169.83	167.23	168.12	481800.00
2023-09-14	170.22	171.86	169.19	171.36	717900.00
2023-09-15	171.42	172.36	170.67	171.76	1391200.00
2023-09-18	171.93	171.93	168.71	169.97	450900.00
2023-09-19	170.27	170.78	168.44	169.29	381400.00
2023-09-20	170.81	171.80	169.88	170.63	500300.00
2023-09-21	169.74	169.93	167.56	167.67	690000.00
2023-09-22	167.64	168.09	165.69	165.92	772500.00
2023-09-25	165.33	166.56	164.66	165.87	841400.00
2023-09-26	164.43	165.56	162.94	163.43	715300.00
2023-09-27	163.85	164.63	160.11	161.06	872100.00
2023-09-28	161.56	163.48	161.26	161.53	732800.00
2023-09-29	163.62	164.56	160.24	161.96	930200.00
2023-10-02	161.07	162.22	157.64	158.52	713700.00
2023-10-03	157.05	158.33	156.22	157.88	658100.00
2023-10-04	159.06	159.68	156.78	158.71	906200.00
2023-10-05	158.46	160.80	158.43	160.56	741700.00
2023-10-06	159.28	163.52	157.77	162.20	556800.00
2023-10-09	161.20	164.88	161.20	164.29	438300.00
2023-10-10	163.71	166.18	163.61	164.08	558900.00
2023-10-11	165.25	167.47	164.70	167.31	794800.00
2023-10-12	166.79	166.98	165.34	166.59	461400.00
2023-10-13	167.26	167.39	165.48	166.37	603800.00
2023-10-16	167.69	168.62	165.40	168.13	648400.00
2023-10-17	167.07	169.53	167.02	169.07	815800.00
2023-10-18	168.02	168.59	165.11	165.46	545800.00
2023-10-19	164.33	166.35	162.85	163.19	773900.00
2023-10-20	164.33	164.48	159.78	159.95	831100.00
2023-10-23	158.63	160.10	157.19	157.33	842500.00
2023-10-24	158.04	159.83	157.69	159.66	655300.00
2023-10-25	158.50	159.23	155.72	155.77	716600.00
2023-10-26	156.68	160.11	155.36	158.22	1336900.00
2023-10-27	158.36	159.67	152.75	153.33	1053500.00
2023-10-30	154.96	155.83	151.31	153.39	767900.00
2023-10-31	154.64	156.38	152.76	156.30	1082100.00
2023-11-01	155.82	156.20	152.63	154.54	747000.00
2023-11-02	157.05	159.81	156.43	158.36	924200.00
2023-11-03	161.12	164.85	160.69	161.56	609300.00
2023-11-06	160.33	160.63	157.79	159.49	568000.00
2023-11-07	159.80	160.64	157.46	157.86	492800.00
2023-11-08	158.44	159.84	157.94	159.37	494200.00
2023-11-09	159.85	159.85	156.26	156.89	526100.00
2023-11-10	158.24	159.04	156.21	158.62	457000.00
2023-11-13	157.38	158.01	155.38	155.88	512000.00
2023-11-14	160.40	165.05	159.99	162.08	1245300.00
2023-11-15	161.74	163.25	161.02	161.22	701900.00
2023-11-16	161.94	162.44	159.91	160.15	670700.00
2023-11-17	161.68	161.68	157.84	159.41	833000.00
2023-11-20	158.70	161.44	157.11	161.42	1035800.00
2023-11-21	161.01	162.37	160.19	161.02	682800.00
2023-11-22	163.01	163.34	161.78	162.69	799600.00
2023-11-24	162.49	163.50	161.76	163.50	414800.00
2023-11-27	163.01	163.58	161.82	162.09	881100.00
2023-11-28	161.45	163.70	160.59	162.36	890400.00
2023-11-29	164.87	165.16	160.82	161.10	899700.00
2023-11-30	161.15	163.29	160.84	163.09	1353400.00
2023-12-01	163.05	167.84	162.49	167.81	1174600.00
2023-12-04	166.61	168.87	166.61	167.62	1011000.00
2023-12-05	166.71	167.29	164.43	165.75	1195900.00
2023-12-06	166.21	166.98	164.80	165.02	933800.00
2023-12-07	165.25	166.19	163.89	165.39	679000.00
2023-12-08	165.03	165.80	164.04	165.74	588600.00
2023-12-11	164.98	165.64	163.77	165.42	691800.00
2023-12-12	165.69	166.67	164.31	164.87	842100.00
2023-12-13	164.75	174.76	164.75	173.50	954600.00
2023-12-14	176.50	182.32	176.50	180.54	1794500.00
2023-12-15	179.73	179.82	174.55	177.19	1647000.00
2023-12-18	177.29	179.75	176.22	179.03	844400.00
2023-12-19	179.60	180.59	176.95	178.80	834700.00
2023-12-20	178.80	179.49	175.48	175.59	902600.00
2023-12-21	177.17	177.53	174.98	176.02	841400.00
2023-12-22	177.16	178.67	176.35	176.62	627100.00
2023-12-26	176.44	178.06	176.44	177.51	700400.00
2023-12-27	177.74	178.82	176.90	178.70	638000.00
2023-12-28	178.17	180.44	177.96	180.37	538700.00
2023-12-29	179.59	180.35	178.00	178.11	800700.00
2024-01-02	176.73	179.11	176.72	179.01	758600.00
2024-01-03	177.78	177.78	173.93	174.37	1105200.00
2024-01-04	174.06	175.59	173.39	174.65	661600.00
2024-01-05	172.80	175.36	172.70	173.78	678100.00
2024-01-08	173.22	176.13	173.22	175.56	814800.00
2024-01-09	173.83	175.27	172.81	174.20	787600.00
2024-01-10	175.13	175.52	174.05	174.77	800000.00
2024-01-11	173.63	175.18	172.94	173.86	1018800.00
2024-01-12	175.71	176.61	173.42	173.66	1002600.00
2024-01-16	172.78	173.39	170.60	171.38	862700.00
2024-01-17	168.81	171.77	166.58	169.70	1353800.00
2024-01-18	169.13	170.25	167.57	168.86	986100.00
2024-01-19	168.86	172.11	168.39	171.65	1046600.00
2024-01-22	172.15	173.37	170.41	172.40	701700.00
2024-01-23	172.68	173.17	169.42	170.85	639400.00
2024-01-24	172.22	172.22	167.31	167.46	908900.00
2024-01-25	169.13	169.45	166.88	167.55	1041700.00
2024-01-26	168.41	169.00	166.83	168.86	790000.00
2024-01-29	168.95	170.36	168.12	169.60	667400.00
2024-01-30	168.88	170.85	168.41	169.75	709400.00
2024-01-31	171.32	173.84	169.18	170.30	1542500.00
2024-02-01	163.92	169.98	163.63	169.48	1716200.00
2024-02-02	167.44	168.57	164.87	166.54	1446400.00
2024-02-05	164.41	164.97	161.60	161.72	874900.00
2024-02-06	161.73	164.55	161.73	164.34	1291400.00
2024-02-07	164.48	165.35	162.63	164.98	995500.00
2024-02-08	164.82	166.27	164.46	166.04	818500.00
2024-02-09	165.68	166.13	164.75	166.13	799600.00
2024-02-12	166.37	167.12	164.99	165.87	625700.00
2024-02-13	163.25	163.89	161.13	163.73	825400.00
2024-02-14	164.61	165.84	163.78	164.78	830400.00
2024-02-15	165.09	169.32	165.09	169.15	673500.00
2024-02-16	167.35	169.21	167.04	168.50	627400.00
2024-02-20	167.74	169.49	166.59	167.76	738600.00
2024-02-21	168.09	170.01	167.70	169.59	543700.00
2024-02-22	169.63	169.72	167.47	167.55	818100.00
2024-02-23	167.42	167.80	166.53	166.86	601400.00
2024-02-26	167.02	168.14	164.58	165.17	581600.00
2024-02-27	166.30	167.43	165.30	165.88	735900.00
2024-02-28	164.87	168.96	164.44	167.79	750500.00
2024-02-29	169.28	170.18	167.40	168.41	1445900.00
2024-03-01	167.47	169.80	165.97	169.47	832800.00
2024-03-04	169.97	176.27	169.71	176.16	910900.00
2024-03-05	175.15	176.41	173.92	174.80	729700.00
2024-03-06	175.83	175.84	173.76	175.27	778000.00
2024-03-07	176.09	177.34	174.93	176.02	665100.00
2024-03-08	177.30	177.94	175.38	177.85	781900.00
2024-03-11	177.85	178.20	175.64	175.70	507600.00
2024-03-12	175.00	176.40	173.56	174.88	578900.00
2024-03-13	175.08	177.82	175.01	177.18	742300.00
2024-03-14	176.33	176.33	172.12	173.50	649000.00
2024-03-15	171.19	175.50	171.19	174.87	1318300.00
2024-03-18	175.09	175.67	173.26	173.66	839600.00
2024-03-19	173.98	174.54	172.52	173.29	386800.00
2024-03-20	172.01	175.18	171.12	174.74	751100.00
2024-03-21	175.54	177.16	174.26	175.80	570200.00
2024-03-22	176.10	176.38	173.80	174.25	544600.00
2024-03-25	175.23	175.23	172.98	173.15	481200.00
2024-03-26	173.55	173.67	171.86	171.88	552300.00
2024-03-27	173.75	176.70	173.29	176.41	984600.00
2024-03-28	177.48	179.32	177.48	178.21	730700.00
2024-04-01	177.98	177.98	174.04	174.13	456900.00
2024-04-02	172.95	173.76	171.71	172.72	581000.00
2024-04-03	172.15	173.49	171.24	173.03	532000.00
2024-04-04	174.83	175.79	172.48	173.03	414400.00
2024-04-05	172.29	174.60	172.11	173.90	392100.00
2024-04-08	175.45	179.31	174.58	178.80	635500.00
2024-04-09	179.44	181.46	179.44	181.37	873800.00
2024-04-10	176.97	179.03	176.08	178.72	1004500.00
2024-04-11	179.84	180.29	176.56	178.58	1033600.00
2024-04-12	178.03	178.49	175.49	176.50	1393600.00
2024-04-15	177.74	177.74	172.64	173.56	658500.00
2024-04-16	172.82	173.07	170.37	171.89	901200.00
2024-04-17	172.61	174.96	171.22	173.78	790400.00
2024-04-18	174.28	175.54	173.03	174.81	671400.00
2024-04-19	175.81	177.24	175.57	176.83	543000.00
2024-04-22	177.27	180.23	176.63	179.46	633800.00
2024-04-23	179.66	182.30	179.66	181.18	746300.00
2024-04-24	179.60	184.87	178.95	183.76	904500.00
2024-04-25	182.75	184.08	181.45	183.74	1073200.00
2024-04-26	186.12	188.30	183.65	183.86	945600.00
2024-04-29	185.38	185.63	182.77	183.45	903500.00
2024-04-30	181.92	183.75	181.40	182.06	809200.00
2024-05-01	181.18	183.46	179.95	180.48	657200.00
2024-05-02	181.64	186.03	180.48	184.82	798300.00
2024-05-03	186.77	187.69	183.91	185.17	573000.00
2024-05-06	185.98	188.40	185.05	187.44	505400.00
2024-05-07	188.75	188.94	187.41	188.13	486400.00
2024-05-08	188.05	188.87	186.74	187.17	436100.00
2024-05-09	187.76	189.53	186.89	189.33	376000.00
2024-05-10	190.00	190.15	188.67	189.09	305300.00
2024-05-13	188.56	190.73	188.56	189.18	333700.00
2024-05-14	190.49	191.02	188.96	189.66	491000.00
2024-05-15	192.43	192.75	189.88	190.59	802100.00
2024-05-16	190.42	191.94	189.56	190.20	468600.00
2024-05-17	191.08	191.63	189.43	191.01	442600.00
2024-05-20	191.11	191.70	189.21	189.59	648400.00
2024-05-21	189.78	190.78	189.34	190.60	422700.00
2024-05-22	190.33	192.74	189.55	189.77	568200.00
2024-05-23	189.37	189.37	185.99	186.27	495200.00
2024-05-24	187.32	188.16	186.82	187.60	388900.00
2024-05-28	188.63	189.13	184.51	184.63	514400.00
2024-05-29	181.98	182.06	178.80	181.12	674300.00
2024-05-30	182.27	183.11	181.51	182.45	653700.00
2024-05-31	183.80	185.49	182.47	185.04	1495000.00
2024-06-03	186.45	187.97	185.37	186.75	796700.00
2024-06-04	186.68	190.14	186.68	189.12	614400.00
2024-06-05	188.81	190.67	187.04	190.61	395800.00
2024-06-06	189.63	191.14	189.01	190.41	376300.00
2024-06-07	187.98	190.49	187.98	189.39	557500.00
2024-06-10	189.38	192.56	189.07	191.44	612800.00
2024-06-11	190.91	191.41	188.81	189.38	533100.00
2024-06-12	192.52	193.17	190.15	190.88	445300.00
2024-06-13	191.40	192.41	190.17	191.99	555700.00
2024-06-14	191.36	193.96	190.56	193.89	410000.00
2024-06-17	192.02	194.11	190.83	193.61	478800.00
2024-06-18	194.02	194.95	192.89	194.38	520000.00
2024-06-20	193.70	194.44	192.75	193.93	645500.00
2024-06-21	196.12	196.12	193.04	195.81	1234300.00
2024-06-24	196.57	199.87	195.52	198.23	932200.00
2024-06-25	198.25	198.81	195.35	196.19	434300.00
2024-06-26	194.96	197.24	193.96	195.80	861300.00
2024-06-27	196.54	198.20	195.66	198.12	709300.00
2024-06-28	199.53	201.85	197.48	200.34	1079000.00
2024-07-01	199.88	200.01	197.76	197.85	688200.00
2024-07-02	198.24	198.76	196.96	197.74	787500.00
2024-07-03	198.17	198.43	194.58	194.59	400200.00
2024-07-05	194.74	196.87	193.87	196.84	540600.00
2024-07-08	197.04	197.52	195.69	196.69	802500.00
2024-07-09	196.75	198.90	195.61	197.37	645500.00
2024-07-10	198.51	198.55	195.94	197.27	817400.00
2024-07-11	199.91	201.29	195.91	196.44	646600.00
2024-07-12	197.34	197.34	194.49	195.52	717900.00
2024-07-15	196.65	198.83	195.08	196.78	546200.00
2024-07-16	197.27	199.49	196.26	199.00	461100.00
2024-07-17	198.99	202.38	198.46	201.43	453500.00
2024-07-18	200.39	204.51	199.90	202.04	434100.00
2024-07-19	203.36	203.36	200.11	200.81	449400.00
2024-07-22	200.77	203.35	200.08	202.65	436400.00
2024-07-23	202.45	202.88	201.13	201.60	386600.00
2024-07-24	201.90	202.65	198.82	199.54	411100.00
2024-07-25	199.93	202.13	195.33	196.41	494700.00
2024-07-26	196.68	201.18	195.71	199.94	375600.00
2024-07-29	199.85	202.52	198.77	201.73	438500.00
2024-07-30	202.29	202.57	197.54	199.61	805500.00
2024-07-31	199.24	201.54	198.07	198.43	878400.00
2024-08-01	202.72	207.12	202.06	206.29	997500.00
2024-08-02	207.48	211.86	201.66	203.37	1051300.00
2024-08-05	202.31	204.41	197.20	197.61	1191500.00
2024-08-06	197.35	203.31	197.16	202.54	776700.00
2024-08-07	202.98	205.15	200.70	201.32	847000.00
2024-08-08	200.84	203.68	199.59	201.79	599100.00
2024-08-09	201.79	204.31	200.83	203.80	394000.00
2024-08-12	203.37	203.40	201.38	202.73	601800.00
2024-08-13	204.46	206.10	203.76	205.05	597700.00
2024-08-14	205.09	207.71	204.80	206.76	575300.00
2024-08-15	206.74	208.99	205.49	207.88	737400.00
2024-08-16	207.44	208.92	206.45	208.40	1603100.00
2024-08-19	209.10	210.26	208.55	209.20	411800.00
2024-08-20	209.57	210.00	208.52	209.72	360000.00
2024-08-21	209.37	210.42	208.37	210.17	457200.00
2024-08-22	210.24	211.23	209.30	211.12	424600.00
2024-08-23	211.99	214.89	210.94	214.71	420200.00
2024-08-26	215.91	215.91	212.33	212.96	456000.00
2024-08-27	211.67	214.56	210.56	214.40	526600.00
2024-08-28	214.91	217.13	214.71	216.01	610800.00
2024-08-29	215.56	216.86	214.97	216.09	522100.00
2024-08-30	216.85	219.02	215.69	218.58	875700.00
2024-09-03	217.57	221.11	217.13	219.95	906600.00
2024-09-04	220.29	222.76	218.42	219.97	674600.00
2024-09-05	221.85	222.74	218.48	219.35	590500.00
2024-09-06	215.42	216.73	213.52	216.52	1865900.00
2024-09-09	217.49	218.90	215.98	218.35	1746900.00
2024-09-10	218.96	222.34	218.11	222.10	824600.00
2024-09-11	220.26	223.02	217.73	222.67	896300.00
2024-09-12	222.95	224.98	221.42	224.37	1046900.00
2024-09-13	225.43	227.37	223.69	227.32	608700.00
2024-09-16	228.35	228.78	225.06	225.49	685700.00
2024-09-17	225.49	227.03	223.06	223.48	875600.00
2024-09-18	224.25	226.13	222.26	223.12	598000.00
2024-09-19	224.55	224.55	221.32	223.25	657200.00
2024-09-20	222.39	223.49	221.31	222.78	1696600.00
2024-09-23	224.66	226.44	223.91	225.79	677100.00
2024-09-24	223.84	225.02	222.81	222.86	626200.00
2024-09-25	224.03	224.63	220.90	222.38	681800.00
2024-09-26	222.28	222.50	218.58	219.36	780900.00
2024-09-27	220.39	220.79	217.87	218.10	931600.00
2024-09-30	217.58	220.05	216.57	219.78	1205000.00
2024-10-01	219.76	220.75	216.19	216.79	908100.00
2024-10-02	215.33	217.90	214.72	217.68	1149500.00
2024-10-03	217.68	217.90	214.91	215.34	362700.00
2024-10-04	214.06	216.18	212.85	215.65	367100.00
2024-10-07	214.37	214.37	211.66	212.70	536400.00
2024-10-08	214.08	214.38	211.45	213.19	473100.00
2024-10-09	213.65	213.65	211.02	213.16	494200.00
2024-10-10	212.65	214.32	210.84	211.63	548200.00
2024-10-11	212.96	214.57	211.88	214.29	444100.00
2024-10-14	214.29	216.92	213.18	216.25	539300.00
2024-10-15	217.47	220.74	216.90	218.21	773400.00
2024-10-16	218.89	220.46	218.15	220.21	576600.00
2024-10-17	220.29	220.65	218.01	219.99	571000.00
2024-10-18	220.54	222.19	219.86	221.62	533200.00
2024-10-21	220.81	221.04	217.49	218.71	606800.00
2024-10-22	218.35	220.30	218.31	219.26	455300.00
2024-10-23	219.34	224.72	219.34	223.96	708800.00
2024-10-24	225.24	225.76	223.14	224.19	650000.00
2024-10-25	224.27	224.41	220.58	220.85	658900.00
2024-10-28	222.18	223.60	221.60	223.24	648700.00
2024-10-29	222.89	223.96	220.67	222.09	653200.00
2024-10-30	221.97	223.51	220.29	222.23	654400.00
2024-10-31	219.79	220.62	215.25	216.23	1658800.00
2024-11-01	215.54	217.58	210.94	211.03	893700.00
2024-11-04	211.74	213.72	211.03	213.19	624600.00
2024-11-05	215.15	220.94	213.27	220.88	771500.00
2024-11-06	225.41	225.41	217.62	219.47	854800.00
2024-11-07	219.55	223.18	218.84	222.50	654800.00
2024-11-08	223.89	229.72	223.25	228.07	782600.00
2024-11-11	228.07	229.37	226.41	226.57	586500.00
2024-11-12	225.66	226.85	224.41	224.62	423600.00
2024-11-13	226.59	228.43	226.59	227.45	511800.00
2024-11-14	226.18	229.07	221.93	222.39	640200.00
2024-11-15	221.49	224.51	220.38	223.84	645900.00
2024-11-18	223.02	225.13	222.72	223.65	547900.00
2024-11-19	222.75	224.18	221.18	223.81	486100.00
2024-11-20	222.58	224.38	220.78	222.60	429900.00
2024-11-21	223.55	226.37	222.34	225.03	453400.00
2024-11-22	224.81	227.85	223.96	226.31	333900.00
2024-11-25	227.82	230.42	226.05	227.24	977400.00
2024-11-26	227.78	230.75	227.38	229.67	730100.00
2024-11-27	231.50	233.48	230.98	232.03	532300.00
2024-11-29	232.43	233.37	229.45	229.63	616800.00
2024-12-02	228.40	228.84	224.48	225.19	652800.00
2024-12-03	225.27	225.55	222.68	222.87	447100.00
2024-12-04	223.01	223.05	221.54	222.27	444500.00
2024-12-05	220.62	221.93	220.02	220.90	342900.00
2024-12-06	221.78	222.02	220.30	221.05	383200.00
2024-12-09	220.89	222.04	219.11	221.48	621700.00
2024-12-10	222.01	223.29	218.17	219.58	620100.00
2024-12-11	220.38	222.23	219.35	220.67	717300.00
2024-12-12	220.86	225.59	220.22	222.39	475500.00
2024-12-13	222.32	222.72	220.22	220.92	331000.00
2024-12-16	221.38	224.64	220.14	221.97	464600.00
2024-12-17	222.75	223.81	220.04	221.43	761200.00
2024-12-18	220.78	223.03	214.32	214.49	890600.00
2024-12-19	215.57	217.41	211.26	211.88	757700.00
2024-12-20	211.75	218.68	211.56	216.77	2120900.00
2024-12-23	215.23	216.98	214.69	216.29	602300.00
2024-12-24	216.27	218.11	215.87	217.86	255400.00
2024-12-26	217.86	218.17	216.89	217.89	583900.00
2024-12-27	215.82	218.31	215.01	215.81	362500.00
2024-12-30	214.86	214.96	212.00	214.45	314700.00
2024-12-31	216.49	217.11	214.20	216.30	557900.00
2025-01-02	215.95	216.46	212.80	213.45	409300.00
2025-01-03	213.39	215.71	212.64	215.51	474300.00
2025-01-06	217.31	217.31	208.64	209.23	540400.00
2025-01-07	210.70	211.58	206.77	207.71	453500.00
2025-01-08	208.19	209.02	205.84	208.83	472900.00
2025-01-10	208.46	210.99	206.84	207.25	857400.00
2025-01-13	207.49	212.81	206.78	212.18	583300.00
2025-01-14	211.76	214.96	211.22	214.57	617800.00
2025-01-15	219.36	219.83	212.94	213.49	823800.00
2025-01-16	214.28	214.61	211.72	214.26	453200.00
2025-01-17	214.73	215.19	213.62	214.50	553900.00
2025-01-21	214.90	217.40	214.01	215.58	568600.00
2025-01-22	214.08	214.08	210.44	210.83	438200.00
2025-01-23	210.95	211.32	207.72	210.23	592700.00
2025-01-24	208.95	212.05	207.71	211.17	487500.00
2025-01-27	211.79	217.00	211.79	216.67	458200.00
2025-01-28	215.71	217.76	214.61	215.69	761600.00
2025-01-29	215.40	216.32	210.85	211.36	671200.00
2025-01-30	213.69	216.94	213.26	216.21	664400.00
2025-01-31	215.19	218.85	214.65	217.81	1061800.00
2025-02-03	215.88	218.52	213.48	216.63	778800.00
2025-02-04	214.66	217.88	212.98	217.07	678300.00
2025-02-05	218.22	221.82	217.22	220.54	578300.00
2025-02-06	219.22	219.22	213.82	218.08	1381400.00
2025-02-07	218.75	219.98	215.75	216.49	638900.00
2025-02-10	216.26	216.26	212.71	215.60	1006600.00
2025-02-11	213.44	215.48	213.44	215.27	500800.00
2025-02-12	211.51	215.45	211.35	214.17	405600.00
2025-02-13	215.56	216.97	214.60	216.43	401500.00
2025-02-14	216.94	218.16	214.27	214.71	741100.00
2025-02-18	213.71	215.62	212.29	214.37	931100.00
2025-02-19	214.04	214.98	212.86	213.94	345300.00
2025-02-20	212.93	216.57	212.93	215.72	560600.00
2025-02-21	215.56	216.49	213.25	215.27	587200.00
2025-02-24	215.86	218.62	215.06	217.28	662000.00
2025-02-25	217.60	220.93	217.60	219.89	459400.00
2025-02-26	219.89	220.10	217.18	217.88	364100.00
2025-02-27	217.31	220.66	217.31	219.30	602500.00
2025-02-28	220.89	223.70	219.80	222.41	1009700.00
2025-03-03	222.31	225.17	221.08	224.27	432000.00
2025-03-04	225.17	226.37	219.26	219.27	892900.00
2025-03-05	216.67	221.39	216.34	220.72	807800.00
2025-03-06	218.62	219.52	213.34	214.85	612500.00
2025-03-07	214.92	217.91	213.65	214.80	548000.00
2025-03-10	215.20	218.67	212.41	212.76	784200.00
2025-03-11	212.95	213.73	207.98	209.39	593400.00
2025-03-12	208.94	210.26	206.08	206.54	643100.00
2025-03-13	206.54	208.69	203.59	204.39	652500.00
2025-03-14	205.19	206.24	203.36	206.13	995700.00
2025-03-17	205.97	209.15	205.72	208.22	932900.00
2025-03-18	207.97	208.80	205.66	206.74	856800.00
2025-03-19	206.78	208.79	205.33	207.32	609800.00
2025-03-20	207.82	208.69	205.91	207.97	627600.00
2025-03-21	206.77	207.64	204.48	206.06	1486900.00
2025-03-24	207.60	211.06	205.99	210.78	512700.00
2025-03-25	210.89	213.26	207.13	209.11	816500.00
2025-03-26	210.33	211.19	208.93	210.52	712800.00
2025-03-27	211.17	213.69	209.06	209.58	659400.00
2025-03-28	211.12	211.40	208.06	210.02	452400.00
2025-03-31	211.37	213.98	208.94	212.78	880000.00
2025-04-01	213.72	214.07	209.62	212.67	597700.00
2025-04-02	212.70	214.62	210.60	213.76	542600.00
2025-04-03	210.97	213.69	203.42	204.10	1186100.00
2025-04-04	201.45	203.75	189.85	190.06	1707900.00
2025-04-07	188.33	193.72	181.00	187.19	1792700.00
2025-04-08	192.26	192.95	183.52	185.63	1277100.00
2025-04-09	181.86	200.09	178.86	198.67	1695100.00
2025-04-10	196.38	198.67	186.79	191.93	1300700.00
2025-04-11	190.36	192.34	186.48	191.35	1234600.00
2025-04-14	193.92	200.04	192.41	199.20	1034300.00
2025-04-15	199.90	200.62	198.19	198.78	1384800.00
2025-04-16	199.07	201.34	197.19	198.35	1028600.00
2025-04-17	198.95	203.24	198.95	201.64	1172900.00
2025-04-21	199.70	201.07	197.24	200.06	641400.00
2025-04-22	203.34	205.45	202.09	204.67	626200.00
2025-04-23	206.70	208.46	203.56	204.65	613400.00
2025-04-24	204.45	206.84	203.32	204.96	536300.00
2025-04-25	205.40	205.40	202.48	204.00	642800.00
2025-04-28	204.24	206.51	203.75	206.02	510400.00
2025-04-29	205.59	206.43	203.23	205.41	714500.00
2025-04-30	205.10	209.09	202.44	208.18	1114400.00
2025-05-01	207.21	210.56	203.30	207.21	1195200.00
2025-05-02	210.64	211.51	208.58	210.38	780200.00
2025-05-05	208.83	209.84	207.17	208.22	709000.00
2025-05-06	206.23	207.44	205.21	206.09	590600.00
2025-05-07	206.12	207.87	205.24	206.11	1012000.00
2025-05-08	206.43	206.62	202.40	202.70	744900.00
2025-05-09	203.43	204.53	201.85	203.77	522100.00
2025-05-12	205.76	207.48	205.38	206.80	672600.00
2025-05-13	206.93	206.93	202.19	202.95	794800.00
2025-05-14	201.85	202.44	198.96	199.87	858400.00
2025-05-15	200.94	204.03	200.45	203.82	1029700.00
2025-05-16	204.82	206.59	203.22	206.32	806800.00
2025-05-19	204.14	206.93	203.71	206.83	849100.00
2025-05-20	205.70	207.42	205.18	206.80	603400.00
2025-05-21	205.12	205.71	200.00	200.01	626300.00
2025-05-22	200.29	200.29	196.71	198.15	902800.00
2025-05-23	197.69	197.70	195.13	196.33	882100.00
2025-05-27	198.63	200.40	196.32	199.74	857400.00
2025-05-28	200.21	201.19	199.17	200.25	752000.00
2025-05-29	201.12	204.44	199.41	204.26	856300.00
2025-05-30	204.04	205.52	202.58	205.00	2083700.00
2025-06-02	203.93	205.44	201.47	205.38	545100.00
2025-06-03	204.22	205.12	199.47	202.21	1001000.00
2025-06-04	201.78	203.81	199.45	202.86	943300.00
2025-06-05	202.64	204.14	200.92	201.23	875300.00
2025-06-06	202.64	203.67	200.35	201.41	597400.00
2025-06-09	201.19	206.65	201.10	205.15	1150300.00
2025-06-10	206.08	207.72	204.77	206.19	1125000.00
2025-06-11	205.89	207.33	203.94	204.77	836200.00
2025-06-12	204.89	207.56	204.83	207.04	587700.00
2025-06-13	205.32	206.99	202.67	204.41	664900.00
2025-06-16	206.33	207.60	204.97	205.45	733300.00
2025-06-17	205.38	206.04	203.27	204.53	681300.00
2025-06-18	204.92	206.35	203.98	204.75	883300.00
2025-06-20	205.44	206.91	203.96	205.24	1264800.00
2025-06-23	205.77	208.06	203.38	205.89	975900.00
2025-06-24	206.14	206.96	203.74	204.37	1351900.00
2025-06-25	201.76	202.90	199.29	199.50	1483900.00
2025-06-26	200.15	203.04	199.47	202.38	990100.00
2025-06-27	202.89	204.85	201.80	202.63	1483700.00
2025-06-30	202.67	203.68	199.60	203.50	1317000.00
2025-07-01	203.57	206.48	201.22	203.28	1077800.00
2025-07-02	202.42	203.77	199.27	202.00	866400.00
2025-07-03	202.22	203.94	201.19	202.57	347800.00
2025-07-07	202.07	204.67	201.48	202.46	883700.00
2025-07-08	201.29	203.13	200.98	201.47	782300.00
2025-07-09	201.51	203.12	200.53	200.63	934900.00
2025-07-10	200.69	204.23	200.52	202.70	825100.00
2025-07-11	199.96	202.78	199.96	201.86	513200.00
2025-07-14	202.11	203.71	201.55	201.95	678300.00
2025-07-15	201.76	201.99	198.45	199.48	621300.00
2025-07-16	199.92	202.14	199.34	201.86	606500.00
2025-07-17	201.93	203.08	200.72	202.13	667500.00
2025-07-18	202.46	203.31	201.30	202.63	474900.00
2025-07-21	203.33	205.00	200.18	200.79	645100.00
2025-07-22	201.49	204.68	201.34	204.51	662500.00
2025-07-23	204.68	204.68	202.39	203.39	500500.00
2025-07-24	203.16	203.28	201.35	201.59	506400.00
2025-07-25	201.24	203.11	200.41	201.75	319700.00
2025-07-28	201.35	202.24	198.64	198.77	588900.00
2025-07-29	199.62	203.29	198.78	203.12	533600.00
2025-07-30	202.07	202.07	194.45	196.31	1078300.00
2025-07-31	193.32	194.20	185.82	186.28	1582900.00
2025-08-01	187.58	188.24	181.23	184.44	1843800.00
2025-08-04	184.00	186.18	182.26	182.72	1301400.00
2025-08-05	184.18	189.50	182.96	186.31	1919200.00
2025-08-06	186.72	187.70	184.57	186.50	1283600.00
2025-08-07	187.04	189.37	187.04	188.24	1001800.00
2025-08-08	188.83	189.09	186.32	186.78	720400.00
2025-08-11	186.40	187.14	184.53	185.08	831100.00
2025-08-12	185.36	187.03	184.29	186.93	701800.00
2025-08-13	188.80	191.54	186.77	191.06	826300.00
2025-08-14	188.39	189.92	187.29	189.32	1030200.00
2025-08-15	189.29	190.67	188.45	190.58	767500.00
2025-08-18	190.30	190.64	188.05	188.25	690100.00
2025-08-19	187.15	190.95	187.02	189.72	1436200.00
2025-08-20	190.40	192.15	188.79	188.90	843400.00
2025-08-21	187.43	190.05	187.43	188.71	681000.00
2025-08-22	190.16	193.30	189.98	191.87	1211700.00
2025-08-25	191.43	192.51	189.38	190.53	582800.00
2025-08-26	190.80	191.94	190.06	190.27	1353400.00
2025-08-27	190.30	192.51	190.20	192.36	613500.00
2025-08-28	192.67	192.96	190.88	192.85	895000.00
2025-08-29	192.11	194.68	191.86	194.08	886000.00
2025-09-02	193.16	193.16	186.78	187.31	877400.00
2025-09-03	186.49	189.36	186.49	189.34	699500.00
2025-09-04	190.31	191.35	189.33	190.98	672600.00
2025-09-05	192.18	195.07	192.14	193.64	600400.00
2025-09-08	191.70	192.94	191.05	192.71	604500.00
2025-09-09	192.25	193.56	191.75	193.47	675100.00
2025-09-10	192.72	194.33	190.56	190.90	852500.00
2025-09-11	192.38	195.53	191.57	195.05	656700.00
2025-09-12	195.18	196.50	193.36	193.39	545800.00
2025-09-15	193.45	193.94	190.93	191.10	941800.00
2025-09-16	190.77	191.89	190.16	190.54	1052000.00
2025-09-17	190.65	193.49	190.17	190.80	781000.00
2025-09-18	191.16	192.54	190.43	191.88	727600.00
2025-09-19	191.62	193.37	190.99	191.22	1878900.00
2025-09-22	191.76	192.20	189.95	191.26	1079500.00
2025-09-23	191.11	192.92	190.68	192.64	792500.00
2025-09-24	192.64	192.71	190.61	191.03	1193200.00
2025-09-25	190.76	192.17	189.27	189.84	926000.00
2025-09-26	190.49	193.53	190.49	193.10	695800.00
2025-09-29	191.99	193.12	191.03	191.81	787900.00
2025-09-30	191.82	193.31	190.08	193.17	944100.00
2025-10-01	192.43	193.81	191.25	191.37	792300.00
2025-10-02	190.85	191.46	189.24	190.10	555500.00
2025-10-03	190.40	192.63	190.25	190.69	519100.00
2025-10-06	191.00	191.02	187.34	187.58	964100.00
2025-10-07	187.99	189.76	186.43	187.52	722500.00
2025-10-08	186.45	187.45	185.74	186.42	583600.00
2025-10-09	187.05	187.52	185.00	185.85	403600.00
2025-10-10	186.94	187.20	183.66	184.53	742300.00
2025-10-13	184.28	185.53	183.82	184.68	490100.00
2025-10-14	184.68	185.97	183.75	185.42	606700.00
2025-10-15	185.53	187.27	183.28	184.00	889700.00
2025-10-16	184.15	185.77	183.11	184.46	993600.00
2025-10-17	184.52	187.06	184.38	187.02	762800.00
2025-10-20	188.01	189.11	186.78	187.05	502200.00
2025-10-21	187.47	189.34	186.71	187.12	864200.00
2025-10-22	188.12	190.44	186.31	189.32	866600.00
2025-10-23	189.28	190.03	187.20	189.04	560400.00
2025-10-24	189.51	190.82	188.85	189.43	642700.00
2025-10-27	188.88	189.53	186.42	188.37	670300.00
2025-10-28	187.85	187.85	183.78	184.12	587100.00
2025-10-29	182.39	182.39	175.60	176.29	1636600.00
2025-10-30	171.50	175.43	166.73	174.71	1574200.00
2025-10-31	174.35	176.70	173.32	173.92	1273500.00
2025-11-03	172.00	175.71	171.27	175.37	1256000.00
2025-11-04	175.31	176.15	172.95	176.06	1283200.00
2025-11-05	176.57	178.31	175.31	177.74	1018814.00
