Date	Close	High	Low	Open	Volume
	EG	EG	EG	EG	EG
1995-10-03	12.33	12.49	11.62	11.78	10364800
1995-10-04	11.78	12.33	11.78	12.25	1810800
1995-10-05	12.17	12.25	11.94	12.02	1216500
1995-10-06	12.49	12.49	12.17	12.33	1538100
1995-10-09	12.17	12.49	12.17	12.49	869200
1995-10-10	12.09	12.25	11.94	12.17	840800
1995-10-11	12.17	12.25	12.09	12.17	630400
1995-10-12	12.17	12.25	12.02	12.17	519700
1995-10-13	12.57	12.57	12.25	12.25	557300
1995-10-16	12.41	12.64	12.33	12.64	188700
1995-10-17	12.41	12.49	12.33	12.41	244600
1995-10-18	12.33	12.41	12.25	12.33	152500
1995-10-19	12.33	12.33	12.25	12.25	180400
1995-10-20	12.25	12.41	12.17	12.33	298900
1995-10-23	12.09	12.17	12.02	12.09	731100
1995-10-24	11.94	12.17	11.94	12.17	670500
1995-10-25	11.94	12.09	11.94	12.02	749900
1995-10-26	11.94	12.02	11.94	12.02	810900
1995-10-27	12.09	12.09	11.94	11.94	460500
1995-10-30	12.09	12.17	12.09	12.17	76200
1995-10-31	12.80	13.04	12.49	13.04	2034100
1995-11-01	12.80	12.88	12.57	12.72	398600
1995-11-02	12.88	12.88	12.80	12.80	221200
1995-11-03	13.04	13.12	12.80	12.88	306800
1995-11-06	12.96	13.35	12.96	12.96	137200
1995-11-07	12.96	12.96	12.80	12.96	566300
1995-11-08	13.04	13.12	12.88	12.88	264700
1995-11-09	13.04	13.04	12.96	12.96	70700
1995-11-10	12.80	12.96	12.80	12.96	190500
1995-11-13	12.88	12.96	12.80	12.80	135900
1995-11-14	12.96	13.04	12.88	12.96	206900
1995-11-15	12.88	12.96	12.72	12.88	615500
1995-11-16	12.82	13.21	12.82	13.06	381400
1995-11-17	12.98	13.13	12.82	12.90	178000
1995-11-20	12.90	13.45	12.90	13.06	377000
1995-11-21	13.06	13.06	12.90	12.98	391400
1995-11-22	13.13	13.13	12.90	12.90	92600
1995-11-24	13.13	13.13	13.06	13.13	7900
1995-11-27	13.06	13.29	12.98	13.06	455000
1995-11-28	13.06	13.21	13.06	13.21	130200
1995-11-29	13.06	13.13	13.06	13.06	59500
1995-11-30	13.13	13.21	12.98	12.98	180100
1995-12-01	13.37	13.37	13.13	13.21	94400
1995-12-04	13.21	13.37	13.21	13.37	228600
1995-12-05	13.29	13.29	13.13	13.21	251400
1995-12-06	13.21	13.37	13.21	13.37	109900
1995-12-07	13.45	13.61	13.37	13.37	171800
1995-12-08	13.37	13.45	13.21	13.29	224000
1995-12-11	13.53	13.69	13.37	13.37	123800
1995-12-12	13.53	13.61	13.37	13.53	192100
1995-12-13	13.61	13.76	13.45	13.53	81800
1995-12-14	13.76	14.08	13.76	13.76	251200
1995-12-15	14.00	14.16	13.84	13.84	220800
1995-12-18	13.92	13.92	13.76	13.92	320900
1995-12-19	14.47	14.47	13.76	13.84	361400
1995-12-20	14.08	14.71	14.08	14.63	168300
1995-12-21	14.39	14.47	14.08	14.08	90300
1995-12-22	14.39	14.47	14.24	14.47	104500
1995-12-26	14.47	14.47	14.24	14.24	109100
1995-12-27	14.39	14.47	14.31	14.47	108400
1995-12-28	14.24	14.47	14.24	14.47	74100
1995-12-29	14.71	14.79	14.24	14.24	230800
1996-01-02	14.39	14.63	14.00	14.63	237100
1996-01-03	14.31	14.39	14.16	14.31	249500
1996-01-04	14.00	14.16	13.84	14.16	276800
1996-01-05	14.16	14.16	14.00	14.00	171100
1996-01-08	14.08	14.16	14.00	14.16	62200
1996-01-09	14.08	14.16	13.84	14.16	65300
1996-01-10	14.08	14.24	13.92	14.00	535400
1996-01-11	14.00	14.08	13.84	14.08	83400
1996-01-12	14.08	14.16	14.00	14.00	60200
1996-01-15	14.00	14.24	14.00	14.16	76800
1996-01-16	14.00	14.24	13.92	14.08	81000
1996-01-17	14.08	14.24	14.00	14.16	50800
1996-01-18	13.84	14.08	13.84	13.92	972000
1996-01-19	13.84	13.84	13.45	13.76	102800
1996-01-22	13.06	13.69	12.82	13.69	449000
1996-01-23	13.76	14.00	13.21	13.21	798600
1996-01-24	14.16	14.24	13.76	13.76	269500
1996-01-25	13.84	14.31	13.84	14.31	181200
1996-01-26	13.76	13.84	13.76	13.84	136500
1996-01-29	14.16	14.24	13.76	13.76	102200
1996-01-30	14.08	14.24	13.92	14.16	315200
1996-01-31	13.69	14.00	13.61	13.92	607200
1996-02-01	13.84	13.84	13.69	13.76	363500
1996-02-02	13.84	13.84	13.76	13.84	124700
1996-02-05	13.37	13.84	13.37	13.84	206800
1996-02-06	13.13	13.45	12.66	13.29	648100
1996-02-07	13.06	13.29	12.90	13.06	454500
1996-02-08	13.53	13.53	13.06	13.37	757100
1996-02-09	13.76	13.84	13.45	13.53	531000
1996-02-12	14.24	14.24	13.76	13.76	315400
1996-02-13	14.16	14.24	14.08	14.24	123600
1996-02-14	14.02	14.18	13.94	14.18	175900
1996-02-15	14.18	14.25	14.02	14.02	143600
1996-02-16	14.65	14.65	14.10	14.18	83500
1996-02-20	14.33	14.49	14.33	14.49	819300
1996-02-21	14.33	14.49	14.25	14.49	953000
1996-02-22	14.57	14.57	14.41	14.41	600900
1996-02-23	14.57	14.73	14.49	14.65	254900
1996-02-26	14.49	14.49	14.33	14.49	177500
1996-02-27	14.81	14.96	14.57	14.57	176400
1996-02-28	15.44	15.59	14.81	14.81	599900
1996-02-29	15.44	15.52	15.36	15.44	246500
1996-03-01	15.04	15.52	14.96	15.52	214200
1996-03-04	15.75	15.83	15.04	15.04	224200
1996-03-05	15.67	15.83	15.59	15.83	32900
1996-03-06	15.75	15.83	15.44	15.59	413900
1996-03-07	15.52	15.75	15.52	15.59	361200
1996-03-08	14.81	15.52	14.73	15.52	219800
1996-03-11	14.49	14.81	14.41	14.65	264200
1996-03-12	14.18	14.41	14.02	14.33	310900
1996-03-13	14.02	14.18	13.94	14.18	179200
1996-03-14	14.18	14.41	14.02	14.02	619100
1996-03-15	13.86	14.25	13.78	14.18	156900
1996-03-18	14.02	14.10	13.78	13.94	137400
1996-03-19	14.10	14.10	13.70	13.94	519300
1996-03-20	14.25	14.41	14.10	14.10	301600
1996-03-21	14.02	14.18	13.86	13.86	268700
1996-03-22	15.04	15.04	14.33	14.33	212600
1996-03-25	15.20	15.28	15.04	15.12	174400
1996-03-26	15.12	15.28	15.04	15.20	297700
1996-03-27	15.12	15.20	14.96	15.12	195900
1996-03-28	14.88	15.12	14.81	15.12	135700
1996-03-29	14.88	14.88	14.65	14.81	205600
1996-04-01	15.28	15.28	14.81	14.81	473900
1996-04-02	14.96	15.36	14.88	15.36	88900
1996-04-03	14.96	15.12	14.88	15.04	92300
1996-04-04	14.73	15.04	14.65	15.04	39100
1996-04-08	14.49	14.49	14.25	14.49	326500
1996-04-09	14.88	14.96	14.65	14.65	85000
1996-04-10	14.57	15.04	14.41	14.88	192500
1996-04-11	14.33	14.57	14.10	14.57	223500
1996-04-12	14.49	14.57	14.33	14.49	188800
1996-04-15	14.57	14.57	14.49	14.57	45600
1996-04-16	14.33	14.49	14.25	14.49	72400
1996-04-17	13.55	14.25	13.47	14.25	719200
1996-04-18	14.18	14.25	13.55	13.55	556000
1996-04-19	14.10	14.25	14.10	14.18	219500
1996-04-22	14.10	14.10	13.94	14.02	219200
1996-04-23	14.10	14.10	14.02	14.10	84500
1996-04-24	14.18	14.25	14.10	14.10	172200
1996-04-25	14.10	14.25	14.10	14.25	94300
1996-04-26	14.10	14.18	14.10	14.10	173700
1996-04-29	13.86	14.02	13.86	14.02	138800
1996-04-30	14.33	14.65	14.25	14.65	695100
1996-05-01	14.33	14.33	14.25	14.25	211500
1996-05-02	13.94	14.25	13.86	14.25	205700
1996-05-03	13.86	13.86	13.78	13.86	81400
1996-05-06	13.86	14.02	13.78	14.02	80200
1996-05-07	14.57	14.57	13.78	13.78	529200
1996-05-08	14.57	14.57	14.25	14.49	261100
1996-05-09	14.57	14.57	14.49	14.49	124600
1996-05-10	14.57	14.73	14.25	14.41	301600
1996-05-13	14.73	14.81	14.57	14.65	101800
1996-05-14	15.04	15.04	14.73	14.81	91200
1996-05-15	15.36	15.52	15.04	15.20	140300
1996-05-16	14.96	15.28	14.81	15.28	65700
1996-05-17	15.12	15.12	14.96	14.96	45000
1996-05-20	14.96	15.12	14.96	15.12	160400
1996-05-21	15.04	15.12	14.96	14.96	19900
1996-05-22	15.04	15.12	15.04	15.12	18000
1996-05-23	14.81	15.04	14.73	15.04	81500
1996-05-24	15.12	15.20	14.73	14.73	154700
1996-05-28	14.96	15.20	14.96	15.12	81900
1996-05-29	14.65	14.96	14.65	14.96	234200
1996-05-30	14.81	14.96	14.65	14.65	241900
1996-05-31	14.73	14.88	14.73	14.88	106300
1996-06-03	14.90	14.90	14.67	14.75	114400
1996-06-04	14.90	14.98	14.83	14.90	97300
1996-06-05	15.22	15.30	14.90	14.98	155400
1996-06-06	15.61	15.61	15.22	15.22	201600
1996-06-07	15.46	15.53	15.14	15.14	329000
1996-06-10	15.46	15.53	15.46	15.46	212600
1996-06-11	16.24	16.72	15.69	15.69	341900
1996-06-12	16.24	16.48	16.24	16.32	108400
1996-06-13	16.09	16.40	16.09	16.17	148900
1996-06-14	16.17	16.32	16.09	16.09	52400
1996-06-17	16.40	16.56	16.09	16.09	160600
1996-06-18	16.32	16.48	16.17	16.40	175500
1996-06-19	15.93	16.32	15.93	16.32	61400
1996-06-20	15.69	15.93	15.57	15.93	340200
1996-06-21	15.61	15.85	15.30	15.77	97700
1996-06-24	15.30	15.61	15.30	15.61	108200
1996-06-25	15.53	15.69	15.30	15.30	222800
1996-06-26	15.77	15.77	15.46	15.53	272900
1996-06-27	15.69	16.01	15.61	15.93	289100
1996-06-28	16.32	16.32	15.93	15.93	397000
1996-07-01	16.17	16.48	16.09	16.32	106400
1996-07-02	16.01	16.17	15.77	16.17	72800
1996-07-03	15.77	16.24	15.77	16.17	240700
1996-07-05	15.53	15.69	15.53	15.61	5400
1996-07-08	15.22	15.53	15.22	15.46	84400
1996-07-09	15.22	15.22	15.06	15.14	82700
1996-07-10	15.61	15.61	15.14	15.14	38000
1996-07-11	15.46	15.61	15.30	15.61	171400
1996-07-12	15.46	15.46	15.22	15.46	21500
1996-07-15	14.59	15.38	14.43	15.38	85300
1996-07-16	14.27	14.51	14.19	14.51	91400
1996-07-17	14.98	14.98	14.35	14.35	192400
1996-07-18	15.22	15.22	14.90	14.90	19600
1996-07-19	15.22	15.22	15.14	15.14	14300
1996-07-22	15.38	15.38	14.98	15.14	45200
1996-07-23	15.06	15.69	15.06	15.53	80100
1996-07-24	14.43	15.14	14.27	15.14	56200
1996-07-25	14.83	14.83	14.51	14.51	176500
1996-07-26	15.06	15.06	14.83	14.83	19800
1996-07-29	15.46	15.69	15.06	15.06	114400
1996-07-30	15.14	15.53	14.98	15.53	257600
1996-07-31	15.22	15.22	15.06	15.06	102500
1996-08-01	15.77	15.93	15.14	15.14	174400
1996-08-02	15.85	16.17	15.85	16.09	200700
1996-08-05	15.46	15.77	15.46	15.77	144500
1996-08-06	15.61	15.69	15.46	15.53	77200
1996-08-07	15.61	15.61	15.46	15.61	9300
1996-08-08	15.61	15.61	15.53	15.61	60900
1996-08-09	15.53	15.61	15.53	15.61	14100
1996-08-12	15.53	15.61	15.46	15.61	13200
1996-08-13	15.30	15.53	15.30	15.53	29900
1996-08-14	15.69	15.69	15.38	15.38	155800
1996-08-15	16.56	16.72	15.61	15.61	470700
1996-08-16	16.40	16.56	16.32	16.32	216100
1996-08-19	16.32	16.48	16.24	16.40	19100
1996-08-20	16.24	16.32	16.17	16.24	23600
1996-08-21	16.09	16.32	16.01	16.32	32500
1996-08-22	15.85	16.17	15.85	16.09	150600
1996-08-23	15.46	15.93	15.38	15.93	67800
1996-08-26	15.46	15.53	15.38	15.53	120500
1996-08-27	15.53	15.77	15.46	15.46	59200
1996-08-28	15.77	15.85	15.53	15.53	27800
1996-08-29	15.69	15.85	15.69	15.85	77800
1996-08-30	15.40	15.63	15.40	15.63	228900
1996-09-03	15.24	15.40	15.00	15.40	247800
1996-09-04	15.40	15.40	15.24	15.24	115100
1996-09-05	15.71	15.71	15.24	15.32	51900
1996-09-06	15.71	15.87	15.63	15.63	122100
1996-09-09	15.79	15.79	15.71	15.71	130300
1996-09-10	15.79	15.79	15.71	15.71	20000
1996-09-11	16.03	16.11	15.79	15.79	68900
1996-09-12	16.03	16.03	15.95	15.95	2600
1996-09-13	15.95	16.03	15.79	16.03	113000
1996-09-16	16.11	16.34	15.95	16.03	193900
1996-09-17	15.87	16.03	15.87	15.95	42200
1996-09-18	15.71	15.87	15.71	15.87	176700
1996-09-19	15.63	15.79	15.55	15.71	74400
1996-09-20	15.71	15.79	15.55	15.63	56600
1996-09-23	15.71	15.71	15.63	15.71	90900
1996-09-24	15.40	15.71	15.40	15.71	54400
1996-09-25	15.32	15.47	15.32	15.47	61000
1996-09-26	15.08	15.24	15.00	15.24	681900
1996-09-27	15.63	15.71	15.16	15.16	129800
1996-09-30	15.63	15.71	15.47	15.55	80600
1996-10-01	15.40	15.71	15.32	15.63	71700
1996-10-02	15.40	15.47	15.08	15.32	101200
1996-10-03	15.40	15.47	15.32	15.40	86700
1996-10-04	16.19	16.19	15.79	15.79	158400
1996-10-07	17.13	17.21	16.11	16.11	92300
1996-10-08	17.69	17.69	17.13	17.13	239600
1996-10-09	16.74	17.61	16.74	17.53	237300
1996-10-10	16.19	16.82	16.03	16.82	48200
1996-10-11	16.26	16.34	16.11	16.26	48500
1996-10-14	16.03	16.26	16.03	16.26	51000
1996-10-15	16.19	16.26	16.03	16.11	59100
1996-10-16	17.05	17.21	16.19	16.26	149000
1996-10-17	16.42	17.13	16.34	17.13	72400
1996-10-18	17.05	17.05	16.42	16.50	105500
1996-10-21	16.74	17.05	16.66	17.05	87200
1996-10-22	16.58	16.82	16.50	16.82	52100
1996-10-23	16.34	16.50	16.26	16.50	71300
1996-10-24	16.26	16.42	16.19	16.42	157900
1996-10-25	15.87	16.19	15.63	16.19	196500
1996-10-28	15.71	15.87	15.63	15.79	237900
1996-10-29	16.26	16.50	16.03	16.50	276500
1996-10-30	16.11	16.34	15.95	16.34	184000
1996-10-31	16.11	16.19	16.03	16.19	209700
1996-11-01	15.71	16.03	15.55	16.03	137200
1996-11-04	16.11	16.19	15.55	15.63	359500
1996-11-05	16.58	16.66	16.03	16.03	247200
1996-11-06	16.66	16.82	16.50	16.58	144800
1996-11-07	16.50	17.13	16.42	16.66	80100
1996-11-08	16.50	16.66	16.42	16.58	459200
1996-11-11	16.82	16.82	16.50	16.50	48700
1996-11-12	16.74	16.82	16.66	16.74	26200
1996-11-13	16.97	17.05	16.66	16.66	70600
1996-11-14	16.97	17.13	16.90	16.97	257600
1996-11-15	16.97	16.97	16.90	16.90	34800
1996-11-18	16.82	16.97	16.66	16.97	109000
1996-11-19	16.82	16.82	16.74	16.82	129500
1996-11-20	16.97	17.13	16.74	16.74	134200
1996-11-21	17.21	17.29	16.97	17.05	136500
1996-11-22	17.76	17.76	17.21	17.21	41300
1996-11-25	18.47	18.63	17.69	17.69	114800
1996-11-26	18.00	18.47	17.84	18.47	97700
1996-11-27	18.08	18.08	17.84	18.00	45700
1996-11-29	17.76	17.92	17.69	17.92	41900
1996-12-02	17.78	17.94	17.70	17.86	22800
1996-12-03	17.15	17.78	17.15	17.78	40300
1996-12-04	16.68	17.31	16.28	17.15	180700
1996-12-05	17.15	17.15	16.68	16.68	126100
1996-12-06	16.52	17.07	16.52	17.07	105300
1996-12-09	17.07	17.07	16.52	16.60	36600
1996-12-10	16.76	16.91	16.60	16.91	27800
1996-12-11	16.91	16.91	16.60	16.76	160900
1996-12-12	17.47	17.86	16.91	16.91	151000
1996-12-13	17.23	17.39	16.68	17.39	166400
1996-12-16	16.68	17.23	16.52	17.15	208500
1996-12-17	16.36	16.76	16.04	16.68	347100
1996-12-18	16.20	16.36	16.20	16.36	65000
1996-12-19	16.44	16.44	16.20	16.28	244200
1996-12-20	16.68	16.76	16.36	16.36	155200
1996-12-23	16.76	16.83	16.52	16.68	61500
1996-12-24	16.44	16.76	16.36	16.76	35500
1996-12-26	16.68	16.68	16.36	16.36	59000
1996-12-27	17.39	17.39	16.60	16.60	79100
1996-12-30	17.39	17.63	17.15	17.23	35000
1996-12-31	18.18	18.49	17.31	17.31	103500
1997-01-02	17.31	18.10	17.23	18.10	86900
1997-01-03	17.78	17.94	17.23	17.23	139900
1997-01-06	17.47	17.94	17.39	17.78	188700
1997-01-07	16.99	17.63	16.99	17.55	85500
1997-01-08	16.83	17.23	16.76	17.15	118400
1997-01-09	17.23	17.23	16.83	16.91	119300
1997-01-10	17.31	17.55	17.15	17.15	34400
1997-01-13	16.60	17.23	16.60	17.23	109300
1997-01-14	17.23	17.39	16.52	16.68	521000
1997-01-15	16.76	17.39	16.44	17.31	252500
1997-01-16	16.76	16.99	16.68	16.91	710500
1997-01-17	16.99	17.07	16.83	16.83	49900
1997-01-20	17.70	17.78	16.99	17.07	186400
1997-01-21	17.86	18.02	17.63	17.70	114500
1997-01-22	17.39	18.02	17.39	18.02	156800
1997-01-23	17.78	17.86	17.47	17.47	151000
1997-01-24	17.63	17.86	17.63	17.78	85100
1997-01-27	17.63	17.86	17.63	17.78	127600
1997-01-28	17.39	17.86	17.39	17.70	147100
1997-01-29	16.83	17.47	16.83	17.47	156800
1997-01-30	17.23	17.23	16.76	16.76	263000
1997-01-31	17.39	17.55	17.23	17.31	409600
1997-02-03	17.70	17.70	17.47	17.47	77700
1997-02-04	17.70	17.70	17.55	17.70	143300
1997-02-05	17.63	17.78	17.63	17.70	29100
1997-02-06	17.63	17.70	17.63	17.70	17900
1997-02-07	17.70	17.78	17.63	17.70	208200
1997-02-10	17.78	17.86	17.70	17.70	222400
1997-02-11	17.63	17.86	17.63	17.78	137200
1997-02-12	17.70	17.78	17.63	17.63	89500
1997-02-13	17.86	18.02	17.70	17.70	58400
1997-02-14	18.34	18.73	17.86	17.94	419500
1997-02-18	18.57	18.97	18.57	18.57	184500
1997-02-19	19.21	19.52	19.13	19.21	226100
1997-02-20	19.13	19.21	19.05	19.21	258200
1997-02-21	19.05	19.29	18.97	19.05	229000
1997-02-24	19.13	19.13	18.97	19.13	241500
1997-02-25	19.44	19.60	19.13	19.21	308000
1997-02-26	20.39	20.71	19.52	19.52	330800
1997-02-27	20.08	20.39	20.00	20.39	211700
1997-02-28	19.92	20.15	19.92	20.15	92100
1997-03-03	20.08	20.23	19.92	20.08	103700
1997-03-04	19.92	20.15	19.84	20.15	158500
1997-03-05	19.94	19.94	18.99	19.86	207200
1997-03-06	19.86	20.02	19.86	19.94	235000
1997-03-07	20.02	20.02	19.86	19.94	91700
1997-03-10	20.02	20.02	19.86	19.94	194500
1997-03-11	19.94	20.18	19.86	19.86	56100
1997-03-12	20.50	20.50	19.86	19.86	162400
1997-03-13	20.18	20.50	19.78	20.50	91400
1997-03-14	19.94	20.18	19.47	20.18	71500
1997-03-17	19.31	19.86	18.99	19.86	67900
1997-03-18	19.23	19.39	19.07	19.15	246600
1997-03-19	19.31	19.31	19.07	19.23	300300
1997-03-20	19.23	19.31	19.07	19.31	238000
1997-03-21	19.15	19.23	19.07	19.23	172900
1997-03-24	18.99	19.23	18.91	19.23	95100
1997-03-25	18.83	18.99	18.83	18.91	113000
1997-03-26	18.68	18.83	18.28	18.83	88200
1997-03-27	18.68	18.91	18.68	18.76	85400
1997-03-31	18.60	18.91	18.60	18.68	92400
1997-04-01	18.60	18.68	18.44	18.44	128700
1997-04-02	18.36	18.76	18.28	18.68	149000
1997-04-03	17.65	18.44	17.57	18.44	165200
1997-04-04	17.41	17.73	17.33	17.73	79300
1997-04-07	17.41	17.57	17.33	17.57	221500
1997-04-08	17.49	17.57	17.41	17.41	359200
1997-04-09	17.49	17.57	17.41	17.57	201700
1997-04-10	17.33	17.49	17.33	17.41	86800
1997-04-11	17.01	17.41	17.01	17.25	69600
1997-04-14	17.09	17.17	16.94	17.09	174500
1997-04-15	17.17	17.41	17.01	17.01	313200
1997-04-16	17.01	17.25	17.01	17.17	114200
1997-04-17	17.49	17.73	16.98	17.01	450600
1997-04-18	17.96	18.04	17.65	17.65	135600
1997-04-21	17.89	18.04	17.81	17.96	65300
1997-04-22	18.04	18.04	17.81	17.89	53100
1997-04-23	18.04	18.12	18.04	18.04	28800
1997-04-24	17.89	18.12	17.89	18.04	79400
1997-04-25	17.96	17.96	17.89	17.89	38200
1997-04-28	18.28	18.28	17.96	17.96	86100
1997-04-29	18.76	19.47	18.68	19.47	205300
1997-04-30	18.20	18.68	18.04	18.68	462200
1997-05-01	18.99	19.07	18.20	18.20	281200
1997-05-02	18.99	19.15	18.99	19.07	230800
1997-05-05	19.31	19.31	19.07	19.07	226600
1997-05-06	20.02	20.34	19.15	19.23	299600
1997-05-07	20.02	20.42	19.94	19.94	212800
1997-05-08	20.65	20.65	19.94	20.02	205400
1997-05-09	20.81	20.81	20.65	20.73	257600
1997-05-12	21.05	21.45	20.81	20.89	223900
1997-05-13	20.89	21.05	20.89	20.97	143600
1997-05-14	20.89	20.97	20.81	20.97	165600
1997-05-15	20.42	20.81	20.42	20.81	60200
1997-05-16	20.65	20.65	19.94	20.26	147200
1997-05-19	20.42	20.73	20.34	20.65	140700
1997-05-20	20.34	20.34	20.10	20.34	139300
1997-05-21	20.89	20.89	20.42	20.42	327200
1997-05-22	20.81	21.05	20.73	20.89	570600
1997-05-23	20.73	20.89	20.65	20.89	167400
1997-05-27	21.37	21.37	20.58	20.73	246300
1997-05-28	21.92	22.00	21.29	21.45	291800
1997-05-29	21.92	22.24	21.92	22.00	264800
1997-05-30	21.53	21.76	21.29	21.76	203300
1997-06-02	21.53	21.68	21.45	21.68	179100
1997-06-03	21.37	21.53	21.13	21.37	269600
1997-06-04	21.45	21.53	21.45	21.53	67500
1997-06-05	21.53	21.53	21.29	21.45	294600
1997-06-06	21.47	21.55	21.31	21.47	261100
1997-06-09	21.63	21.63	21.39	21.55	121400
1997-06-10	21.47	21.63	21.47	21.63	97800
1997-06-11	21.95	21.95	21.55	21.55	402700
1997-06-12	22.26	22.34	22.03	22.03	212500
1997-06-13	22.03	22.34	22.03	22.26	134200
1997-06-16	22.26	22.26	22.03	22.03	91300
1997-06-17	22.50	22.66	22.34	22.34	238800
1997-06-18	22.74	22.90	22.42	22.42	172900
1997-06-19	22.98	23.06	22.66	22.66	72400
1997-06-20	22.66	23.06	22.58	22.98	143800
1997-06-23	22.26	22.82	22.18	22.82	215400
1997-06-24	22.82	22.98	22.18	22.22	332700
1997-06-25	23.29	23.37	22.66	22.74	222600
1997-06-26	23.45	23.45	23.14	23.33	61700
1997-06-27	24.01	24.01	23.37	23.37	39500
1997-06-30	25.12	25.51	23.69	23.97	249500
1997-07-01	24.32	25.04	24.24	25.04	138300
1997-07-02	24.09	24.40	24.01	24.32	308500
1997-07-03	24.09	24.40	24.09	24.17	17600
1997-07-07	23.93	24.24	23.77	24.24	114600
1997-07-08	23.77	24.01	23.77	24.01	53400
1997-07-09	23.85	24.01	23.77	23.77	200500
1997-07-10	23.61	23.97	23.53	23.85	58500
1997-07-11	23.61	23.89	23.45	23.61	141600
1997-07-14	23.65	23.85	23.53	23.61	154700
1997-07-15	23.53	23.65	22.66	23.65	147000
1997-07-16	23.37	23.61	23.29	23.53	44500
1997-07-17	23.25	23.53	23.14	23.45	48700
1997-07-18	22.98	22.98	21.87	22.82	419700
1997-07-21	22.50	22.94	22.50	22.94	43100
1997-07-22	22.03	22.42	22.03	22.42	180200
1997-07-23	22.86	22.98	22.18	22.18	68400
1997-07-24	22.58	22.90	22.50	22.86	70900
1997-07-25	22.62	22.78	22.50	22.66	38300
1997-07-28	22.58	22.58	22.50	22.54	82100
1997-07-29	23.77	23.89	22.90	22.90	115700
1997-07-30	23.89	24.44	23.65	23.65	149400
1997-07-31	24.56	24.96	24.01	24.05	139200
1997-08-01	25.08	25.24	24.40	24.48	163100
1997-08-04	25.43	25.59	25.00	25.08	88000
1997-08-05	25.00	25.51	24.96	25.35	76000
1997-08-06	25.16	25.20	24.88	25.08	62900
1997-08-07	24.80	25.08	24.76	25.08	34300
1997-08-08	24.13	24.80	24.05	24.80	119200
1997-08-11	23.77	24.05	23.65	23.97	318700
1997-08-12	24.21	24.40	23.85	23.85	127900
1997-08-13	24.40	24.48	24.17	24.21	46500
1997-08-14	24.32	24.48	24.13	24.32	103200
1997-08-15	24.21	24.32	24.09	24.32	94100
1997-08-18	23.89	24.21	23.73	24.21	69900
1997-08-19	23.93	23.93	23.73	23.85	39900
1997-08-20	23.85	24.09	23.77	24.09	120000
1997-08-21	23.81	23.85	23.77	23.81	166600
1997-08-22	23.57	23.97	23.57	23.81	23200
1997-08-25	23.33	23.73	23.21	23.73	63400
1997-08-26	23.02	23.29	22.98	23.14	73800
1997-08-27	23.21	23.21	23.06	23.10	130400
1997-08-28	23.14	23.25	22.82	23.25	39600
1997-08-29	22.94	23.14	22.58	23.02	76300
1997-09-02	24.05	24.13	23.02	23.02	75300
1997-09-03	24.80	24.92	23.93	23.93	66900
1997-09-04	24.72	24.96	24.64	24.80	92500
1997-09-05	24.40	24.76	24.09	24.76	92800
1997-09-08	24.23	24.43	24.23	24.35	98900
1997-09-09	24.23	24.27	24.15	24.23	58200
1997-09-10	24.07	24.51	24.07	24.31	170900
1997-09-11	23.87	24.11	23.71	24.11	97000
1997-09-12	24.11	24.11	23.95	23.95	102700
1997-09-15	23.83	24.07	23.83	24.03	71000
1997-09-16	24.07	24.35	23.68	23.68	194900
1997-09-17	24.67	24.86	24.07	24.11	185400
1997-09-18	24.79	24.83	24.59	24.67	77600
1997-09-19	24.90	25.02	24.75	24.79	41300
1997-09-22	24.79	24.83	24.63	24.75	50200
1997-09-23	24.83	25.06	24.75	24.75	49800
1997-09-24	25.06	25.14	24.90	24.90	96600
1997-09-25	24.98	25.06	24.98	25.06	26000
1997-09-26	24.75	24.94	24.75	24.94	45400
1997-09-29	24.98	25.06	24.75	24.75	95900
1997-09-30	26.01	26.09	24.90	24.90	69500
1997-10-01	26.81	26.81	25.98	26.01	74700
1997-10-02	26.53	27.28	26.49	26.81	247200
1997-10-03	26.97	26.97	26.57	26.57	66500
1997-10-06	26.57	26.97	26.57	26.97	100200
1997-10-07	26.33	26.49	26.29	26.49	77600
1997-10-08	25.98	26.33	25.98	26.33	54300
1997-10-09	26.05	26.21	25.98	25.98	91600
1997-10-10	26.81	27.05	26.09	26.13	78200
1997-10-13	27.16	27.16	26.89	26.97	84700
1997-10-14	26.97	27.20	26.85	27.20	56700
1997-10-15	26.89	27.09	26.77	27.05	50300
1997-10-16	25.70	26.73	25.66	26.73	149800
1997-10-17	25.38	25.86	25.22	25.78	38200
1997-10-20	25.14	25.42	25.14	25.42	62000
1997-10-21	25.14	25.34	25.10	25.18	78000
1997-10-22	24.63	25.14	24.59	25.14	88500
1997-10-23	23.48	24.63	23.40	24.63	54500
1997-10-24	23.68	23.71	23.04	23.48	233000
1997-10-27	20.94	23.44	20.94	23.36	149000
1997-10-28	23.24	23.48	20.94	20.94	274600
1997-10-29	23.83	24.43	23.64	24.43	354300
1997-10-30	23.91	24.11	23.52	23.68	102700
1997-10-31	23.87	24.03	23.79	23.91	65200
1997-11-03	24.11	24.43	23.99	23.99	43500
1997-11-04	25.14	25.50	24.11	24.15	192500
1997-11-05	25.82	25.90	25.06	25.06	62000
1997-11-06	25.42	25.82	25.42	25.78	106900
1997-11-07	24.83	25.46	24.59	25.46	93100
1997-11-10	24.98	25.02	24.71	24.94	39000
1997-11-11	24.90	25.02	24.67	24.83	38500
1997-11-12	24.11	24.75	24.11	24.75	38900
1997-11-13	24.03	24.07	23.79	24.03	12200
1997-11-14	25.02	25.02	23.95	23.95	81500
1997-11-17	25.18	25.18	25.02	25.02	106600
1997-11-18	25.10	25.18	25.06	25.18	60400
1997-11-19	24.75	25.10	24.75	25.10	58800
1997-11-20	24.63	24.75	23.81	24.75	158100
1997-11-21	25.02	25.02	24.67	24.67	41800
1997-11-24	24.39	25.02	24.31	25.02	64600
1997-11-25	24.27	24.47	24.27	24.43	36400
1997-11-26	23.91	24.35	23.87	24.35	57100
1997-11-28	24.10	24.14	23.94	23.98	51300
1997-12-01	24.45	24.45	23.90	24.10	153400
1997-12-02	24.77	24.81	24.38	24.49	72800
1997-12-03	25.13	25.37	24.81	24.85	85800
1997-12-04	26.12	26.12	25.21	25.25	59100
1997-12-05	25.72	26.08	25.65	26.08	51500
1997-12-08	26.00	26.04	25.72	25.80	55000
1997-12-09	25.80	26.28	25.76	26.00	105400
1997-12-10	24.97	25.65	24.93	25.65	57300
1997-12-11	24.10	24.85	24.10	24.85	67300
1997-12-12	24.06	24.10	23.98	24.10	116400
1997-12-15	23.82	23.98	23.78	23.90	102000
1997-12-16	23.74	24.06	23.74	23.82	65200
1997-12-17	24.18	24.18	23.90	23.90	57400
1997-12-18	23.98	24.26	23.98	24.22	85100
1997-12-19	24.14	24.14	23.46	23.90	75300
1997-12-22	24.77	24.77	23.98	24.22	165100
1997-12-23	24.77	25.01	24.53	24.77	96100
1997-12-24	24.30	24.77	24.30	24.77	25100
1997-12-26	24.06	24.30	24.06	24.18	12500
1997-12-29	25.57	25.57	24.14	24.14	195700
1997-12-30	25.88	25.88	25.17	25.57	86100
1997-12-31	26.20	26.52	25.96	25.96	60000
1998-01-02	25.72	26.20	25.65	26.20	58800
1998-01-05	25.80	26.04	25.61	25.69	134000
1998-01-06	25.49	25.80	25.41	25.80	139300
1998-01-07	24.69	25.45	24.69	25.45	36200
1998-01-08	23.58	24.73	23.34	24.73	104300
1998-01-09	23.22	23.66	22.71	23.66	197800
1998-01-12	23.74	23.82	23.14	23.14	74600
1998-01-13	24.14	24.14	23.62	23.62	166000
1998-01-14	24.14	24.14	23.34	24.02	164400
1998-01-15	24.26	24.77	24.26	24.26	87100
1998-01-16	23.74	24.26	23.74	24.26	176600
1998-01-20	23.62	23.66	23.10	23.66	117800
1998-01-21	23.70	23.74	23.26	23.74	80000
1998-01-22	23.78	24.06	23.54	23.70	78600
1998-01-23	23.42	23.74	23.18	23.74	203900
1998-01-26	22.55	23.42	22.39	23.42	280300
1998-01-27	23.42	23.50	22.63	22.63	263800
1998-01-28	24.30	24.53	23.50	23.50	147500
1998-01-29	23.74	24.22	23.62	24.22	118600
1998-01-30	24.06	24.22	23.74	23.74	96600
1998-02-02	25.01	25.13	24.10	24.14	134400
1998-02-03	24.41	25.09	24.41	25.05	193100
1998-02-04	24.10	24.53	24.10	24.53	135900
1998-02-05	23.86	24.18	23.78	24.14	174500
1998-02-06	23.74	23.98	23.50	23.98	412200
1998-02-09	23.74	23.90	23.58	23.82	113200
1998-02-10	24.06	24.38	23.74	23.86	136300
1998-02-11	24.14	24.45	24.14	24.22	193400
1998-02-12	24.14	24.30	23.90	24.14	74300
1998-02-13	24.22	24.30	23.94	24.06	118400
1998-02-17	24.18	24.30	24.10	24.22	59000
1998-02-18	24.30	24.38	24.10	24.14	152700
1998-02-19	24.38	24.38	24.14	24.22	109200
1998-02-20	24.26	24.45	24.14	24.38	66900
1998-02-23	23.98	24.02	23.30	23.90	113500
1998-02-24	24.38	24.73	23.74	23.86	101500
1998-02-25	24.02	24.38	23.82	24.38	125000
1998-02-26	23.98	24.10	23.82	24.10	109400
1998-02-27	23.42	23.98	23.26	23.98	309100
1998-03-02	23.46	23.50	23.26	23.38	296300
1998-03-03	23.46	23.58	23.34	23.42	827400
1998-03-04	23.34	23.50	23.26	23.50	231800
1998-03-05	23.81	23.81	23.22	23.37	691600
1998-03-06	23.89	24.13	23.69	23.93	203700
1998-03-09	23.85	24.01	23.69	23.85	1095400
1998-03-10	23.89	23.97	23.85	23.89	242800
1998-03-11	23.97	24.01	23.77	23.93	235600
1998-03-12	24.05	24.17	23.93	23.97	233200
1998-03-13	24.09	24.17	24.05	24.13	393000
1998-03-16	24.93	25.12	24.01	24.09	793300
1998-03-17	25.20	25.64	24.81	24.81	294600
1998-03-18	25.64	25.92	25.32	25.32	381900
1998-03-19	25.64	25.84	25.44	25.68	142000
1998-03-20	25.72	26.40	25.72	25.80	212000
1998-03-23	25.96	26.04	25.52	25.56	48400
1998-03-24	26.00	26.28	25.80	25.96	88200
1998-03-25	26.44	26.48	25.92	26.04	114100
1998-03-26	25.76	26.44	25.52	26.40	162600
1998-03-27	25.60	26.04	25.60	25.84	88400
1998-03-30	25.32	26.00	25.24	25.52	182100
1998-03-31	26.16	26.40	25.32	25.32	242600
1998-04-01	26.83	26.83	26.08	26.12	98800
1998-04-02	27.19	27.71	26.79	26.83	207800
1998-04-03	28.03	28.38	27.23	27.23	141000
1998-04-06	26.99	28.50	26.95	28.15	232800
1998-04-07	27.11	27.11	26.95	27.07	102200
1998-04-08	27.71	28.22	27.03	27.03	156200
1998-04-09	28.42	28.42	27.59	27.67	208400
1998-04-13	28.15	28.62	27.91	28.42	208800
1998-04-14	28.15	28.26	27.91	28.22	148000
1998-04-15	28.38	28.54	28.15	28.22	293600
1998-04-16	28.30	28.78	28.26	28.26	88600
1998-04-17	28.18	28.18	27.91	28.15	223000
1998-04-20	28.07	28.22	28.03	28.18	73400
1998-04-21	27.75	28.18	27.63	28.18	351600
1998-04-22	27.63	28.07	27.43	27.59	603700
1998-04-23	27.43	27.71	27.31	27.63	42400
1998-04-24	26.71	27.43	26.08	27.35	400500
1998-04-27	25.92	26.55	25.88	26.55	199500
1998-04-28	26.59	26.71	26.40	26.40	138100
1998-04-29	26.00	26.71	26.00	26.67	158100
1998-04-30	26.24	26.44	25.92	26.04	143100
1998-05-01	26.48	26.71	26.24	26.28	125000
1998-05-04	25.84	26.67	25.80	26.55	187500
1998-05-05	25.56	26.00	25.20	25.84	413400
1998-05-06	25.68	25.92	25.08	25.72	222600
1998-05-07	25.56	25.88	25.48	25.52	190100
1998-05-08	25.00	25.44	24.85	25.40	276700
1998-05-11	25.08	25.16	24.96	25.04	127200
1998-05-12	24.96	25.12	24.69	25.00	190800
1998-05-13	25.00	25.08	24.96	25.04	159400
1998-05-14	25.44	25.76	24.96	24.96	203600
1998-05-15	25.36	25.40	25.10	25.32	148100
1998-05-18	24.37	25.24	24.33	25.24	107200
1998-05-19	25.16	25.36	24.41	24.41	170500
1998-05-20	24.93	25.24	24.49	25.20	104200
1998-05-21	25.04	25.32	24.85	24.85	118100
1998-05-22	25.32	25.36	25.00	25.00	37400
1998-05-26	24.57	25.80	24.53	25.36	303700
1998-05-27	24.57	24.81	24.41	24.41	236500
1998-05-28	24.77	24.77	24.57	24.61	90100
1998-05-29	24.73	24.89	24.65	24.77	102500
1998-06-01	24.57	24.69	24.49	24.61	178900
1998-06-02	24.45	24.61	24.17	24.53	132300
1998-06-03	24.64	24.64	24.28	24.52	493600
1998-06-04	25.04	25.08	24.68	24.76	70300
1998-06-05	25.71	25.87	24.96	24.96	198200
1998-06-08	25.28	25.95	25.28	25.79	156300
1998-06-09	24.88	25.24	24.40	25.12	266800
1998-06-10	24.64	25.00	24.44	24.76	123800
1998-06-11	24.20	24.84	24.12	24.64	126400
1998-06-12	23.96	24.40	23.72	24.20	139700
1998-06-15	23.92	23.96	23.88	23.96	55500
1998-06-16	23.68	24.00	23.48	24.00	104900
1998-06-17	23.64	23.88	23.44	23.72	105800
1998-06-18	23.25	23.64	23.25	23.64	297000
1998-06-19	23.25	23.52	23.01	23.25	230400
1998-06-22	24.20	24.84	24.00	24.84	657600
1998-06-23	24.84	24.92	24.36	24.36	335300
1998-06-24	24.08	25.63	24.04	24.84	357500
1998-06-25	24.52	24.84	24.20	24.20	169300
1998-06-26	24.76	24.76	24.24	24.36	159100
1998-06-29	24.68	25.00	24.56	24.72	231100
1998-06-30	24.48	24.72	24.20	24.56	272600
1998-07-01	25.04	25.55	24.48	24.56	200900
1998-07-02	25.28	25.44	25.00	25.00	120700
1998-07-06	25.04	25.44	25.00	25.28	137700
1998-07-07	24.84	25.08	24.80	24.88	143500
1998-07-08	24.52	24.84	24.52	24.84	133100
1998-07-09	24.88	24.88	24.64	24.64	126000
1998-07-10	24.80	24.88	24.36	24.88	101700
1998-07-13	24.60	24.88	24.04	24.84	137200
1998-07-14	23.88	24.68	23.48	24.44	365300
1998-07-15	24.00	24.36	23.88	23.88	130700
1998-07-16	24.36	24.44	24.00	24.00	168300
1998-07-17	24.32	24.68	24.24	24.36	137000
1998-07-20	24.48	24.72	24.32	24.32	151000
1998-07-21	24.20	25.87	24.20	25.71	227400
1998-07-22	24.28	24.40	24.12	24.20	219600
1998-07-23	24.04	24.48	24.04	24.28	198000
1998-07-24	23.88	24.20	23.84	24.08	124600
1998-07-27	23.84	24.44	23.80	24.04	90400
1998-07-28	24.12	24.60	23.80	23.84	488400
1998-07-29	24.32	24.40	24.04	24.04	335700
1998-07-30	24.56	24.60	24.32	24.36	371800
1998-07-31	24.48	24.84	24.44	24.72	143600
1998-08-03	25.59	25.71	24.48	24.48	560000
1998-08-04	25.32	25.75	25.20	25.59	225100
1998-08-05	24.60	25.40	24.52	25.20	323700
1998-08-06	25.47	25.51	24.52	24.52	80900
1998-08-07	25.95	26.43	25.32	25.48	156900
1998-08-10	25.40	25.87	25.36	25.87	63000
1998-08-11	24.40	25.40	24.04	25.40	200400
1998-08-12	25.83	26.67	24.56	24.56	279900
1998-08-13	25.32	25.83	25.32	25.71	202600
1998-08-14	24.76	25.44	24.68	25.40	117200
1998-08-17	26.47	26.67	24.76	24.76	228200
1998-08-18	26.59	26.75	26.43	26.43	218900
1998-08-19	27.39	27.43	26.59	26.59	219400
1998-08-20	27.66	27.70	27.27	27.39	233500
1998-08-21	27.35	27.62	27.31	27.62	113600
1998-08-24	26.11	27.27	26.11	27.19	129600
1998-08-25	26.03	26.51	25.95	26.11	93100
1998-08-26	25.16	25.87	25.00	25.87	83300
1998-08-27	24.84	25.08	23.84	25.08	279300
1998-08-28	23.92	24.84	23.29	24.84	251300
1998-08-31	22.29	23.96	22.25	23.92	212200
1998-09-01	23.60	24.40	21.76	22.32	384100
1998-09-02	23.68	24.32	23.60	23.60	248100
1998-09-03	23.60	24.16	23.40	23.64	178400
1998-09-04	23.24	24.08	23.24	23.64	223400
1998-09-08	24.36	24.87	23.32	23.32	123900
1998-09-09	24.32	24.71	24.32	24.32	114400
1998-09-10	23.44	24.20	23.28	24.20	166700
1998-09-11	23.52	23.92	23.44	23.44	114700
1998-09-14	23.96	24.32	23.52	23.52	75200
1998-09-15	24.55	24.55	23.60	23.84	87700
1998-09-16	24.00	24.91	23.96	24.63	52000
1998-09-17	23.72	24.00	23.60	24.00	54900
1998-09-18	24.59	24.83	23.60	23.60	137700
1998-09-21	24.00	24.12	23.36	23.36	54200
1998-09-22	24.00	24.20	23.92	24.16	111200
1998-09-23	24.63	24.79	24.08	24.08	84500
1998-09-24	23.88	24.55	23.60	24.55	114700
1998-09-25	24.04	24.08	23.64	23.80	54000
1998-09-28	23.56	24.71	23.36	24.00	154300
1998-09-29	23.64	23.84	23.36	23.40	131200
1998-09-30	23.76	24.36	22.84	23.64	160200
1998-10-01	21.92	23.80	21.88	23.80	123100
1998-10-02	22.48	22.60	21.84	21.92	226900
1998-10-05	21.53	22.32	21.05	22.32	82000
1998-10-06	20.57	21.64	20.49	21.45	67100
1998-10-07	19.77	20.09	19.05	20.09	587300
1998-10-08	18.77	19.69	18.34	19.69	238100
1998-10-09	19.49	19.53	18.77	18.77	198100
1998-10-12	20.49	20.81	19.57	19.57	118600
1998-10-13	20.17	20.49	19.97	20.41	93400
1998-10-14	20.09	20.17	19.21	20.01	123700
1998-10-15	21.09	21.09	20.09	20.13	125000
1998-10-16	20.69	21.01	20.45	20.97	91400
1998-10-19	20.29	20.69	20.17	20.69	230600
1998-10-20	21.45	22.00	20.45	20.45	203400
1998-10-21	22.04	22.48	21.33	21.57	166500
1998-10-22	22.24	22.88	21.61	22.04	146700
1998-10-23	21.80	22.20	21.72	22.16	93200
1998-10-26	21.76	21.92	21.21	21.76	116500
1998-10-27	21.09	22.24	21.05	21.68	239000
1998-10-28	20.09	21.13	19.77	21.05	469600
1998-10-29	21.05	21.21	20.17	20.17	233900
1998-10-30	21.96	22.48	21.05	21.05	157600
1998-11-02	22.64	22.72	21.61	21.84	153300
1998-11-03	22.64	22.96	22.40	22.48	111800
1998-11-04	23.40	23.88	22.72	22.72	140200
1998-11-05	22.64	23.40	22.64	23.36	83000
1998-11-06	23.16	23.32	22.56	22.56	159600
1998-11-09	22.88	23.24	22.64	23.16	59300
1998-11-10	22.32	23.12	22.32	22.80	111700
1998-11-11	22.24	22.32	21.64	22.32	109900
1998-11-12	21.96	22.08	21.72	22.08	85900
1998-11-13	21.45	21.88	21.45	21.80	141000
1998-11-16	21.09	21.68	21.01	21.49	158100
1998-11-17	21.53	21.80	21.17	21.25	140900
1998-11-18	22.76	22.84	21.49	21.53	506400
1998-11-19	23.60	24.08	22.68	22.80	446900
1998-11-20	24.16	24.59	23.84	23.92	282600
1998-11-23	23.44	24.12	23.20	24.12	105900
1998-11-24	23.76	24.00	23.52	23.52	161800
1998-11-25	23.64	23.88	23.60	23.60	154400
1998-11-27	23.87	23.87	23.55	23.55	23700
1998-11-30	23.99	24.03	23.63	23.79	131600
1998-12-01	24.11	24.19	23.87	23.99	179000
1998-12-02	23.67	24.19	23.59	24.19	55300
1998-12-03	22.91	23.71	22.75	23.63	151900
1998-12-04	22.99	23.47	22.91	22.99	55500
1998-12-07	23.51	23.63	23.15	23.15	107700
1998-12-08	23.43	23.55	23.19	23.55	88200
1998-12-09	22.99	23.43	22.99	23.35	127100
1998-12-10	22.19	22.99	22.15	22.99	150000
1998-12-11	21.67	22.11	21.59	22.11	220100
1998-12-14	21.39	21.83	21.31	21.71	208200
1998-12-15	22.07	22.19	21.31	21.39	428000
1998-12-16	22.51	22.91	22.11	22.11	65600
1998-12-17	22.27	22.87	22.27	22.35	81800
1998-12-18	22.83	22.99	22.19	22.19	175400
1998-12-21	22.59	22.91	22.27	22.87	256600
1998-12-22	22.11	23.07	22.03	22.71	97300
1998-12-23	23.03	23.47	22.55	22.79	318500
1998-12-24	22.91	23.23	22.83	22.87	149500
1998-12-28	23.31	24.07	22.99	22.99	398900
1998-12-29	23.15	23.31	22.67	23.31	341800
1998-12-30	23.43	23.63	23.07	23.15	333100
1998-12-31	24.87	24.87	23.35	23.63	1372600
1999-01-04	23.71	24.63	23.55	24.51	489800
1999-01-05	23.87	23.95	23.51	23.87	242100
1999-01-06	24.03	24.47	23.75	23.95	272200
1999-01-07	24.03	24.19	23.91	24.07	147400
1999-01-08	24.03	24.19	23.63	24.07	141600
1999-01-11	24.31	24.87	24.07	24.07	306700
1999-01-12	24.35	24.55	24.23	24.35	158100
1999-01-13	23.39	24.27	23.31	24.27	378000
1999-01-14	22.83	23.47	22.39	23.47	102400
1999-01-15	22.63	23.19	22.63	22.83	72500
1999-01-19	22.95	23.23	22.47	22.79	134800
1999-01-20	22.39	22.87	22.35	22.87	63600
1999-01-21	21.79	22.31	21.67	22.11	185000
1999-01-22	21.47	21.87	21.47	21.79	126400
1999-01-25	21.55	21.55	21.27	21.55	212800
1999-01-26	21.39	21.63	21.39	21.47	65200
1999-01-27	21.20	21.55	20.84	21.55	257700
1999-01-28	21.39	21.55	21.16	21.20	102400
1999-01-29	21.47	21.63	21.39	21.39	145200
1999-02-01	21.35	21.47	21.16	21.39	133100
1999-02-02	21.24	21.27	20.84	21.27	107900
1999-02-03	20.68	21.12	20.44	21.08	204400
1999-02-04	20.68	20.88	20.44	20.72	131500
1999-02-05	20.56	20.60	19.88	20.20	153100
1999-02-08	20.72	21.47	20.20	21.00	180300
1999-02-09	19.92	20.72	19.88	20.72	57300
1999-02-10	19.52	19.96	19.40	19.92	110600
1999-02-11	19.80	20.04	19.44	19.56	215700
1999-02-12	19.68	19.72	19.48	19.72	93700
1999-02-16	19.44	19.88	19.24	19.52	260700
1999-02-17	20.04	20.44	19.32	19.44	340600
1999-02-18	20.44	20.64	19.96	20.12	245300
1999-02-19	20.36	20.68	20.36	20.48	197500
1999-02-22	20.52	20.60	20.36	20.36	148800
1999-02-23	20.64	20.76	20.44	20.60	73800
1999-02-24	20.84	21.71	20.52	20.68	383900
1999-02-25	21.20	21.35	20.64	20.68	210100
1999-02-26	21.20	21.35	21.12	21.16	155400
1999-03-01	21.31	21.51	21.16	21.16	224000
1999-03-02	22.11	22.35	21.47	21.47	359400
1999-03-03	21.83	22.11	21.75	22.07	300900
1999-03-04	21.79	21.99	21.59	21.67	130600
1999-03-05	22.35	22.63	21.79	21.91	141800
1999-03-08	22.63	22.71	22.39	22.47	295600
1999-03-09	21.99	22.67	21.67	22.63	200800
1999-03-10	21.91	22.23	21.91	22.07	428400
1999-03-11	21.83	22.07	21.83	21.99	116000
1999-03-12	22.15	22.27	21.83	21.99	119100
1999-03-15	22.55	22.59	22.23	22.31	205900
1999-03-16	22.71	22.79	22.31	22.55	229000
1999-03-17	22.91	22.95	22.39	22.55	118500
1999-03-18	22.07	22.95	21.99	22.95	285400
1999-03-19	21.55	22.03	21.47	21.99	416900
1999-03-22	20.75	21.43	20.23	21.39	267600
1999-03-23	19.79	20.67	19.67	20.67	585800
1999-03-24	20.15	20.15	19.79	19.91	368900
1999-03-25	19.91	20.35	19.79	20.27	290000
1999-03-26	19.59	20.11	19.59	20.07	227600
1999-03-29	19.75	19.83	19.31	19.75	374400
1999-03-30	19.75	19.75	19.51	19.67	111100
1999-03-31	19.95	19.95	19.59	19.59	126600
1999-04-01	19.51	19.79	19.39	19.79	198500
1999-04-05	19.55	19.75	19.35	19.35	201300
1999-04-06	19.59	20.31	19.55	19.71	325900
1999-04-07	20.15	20.23	19.55	19.55	166300
1999-04-08	20.03	20.59	20.03	20.15	205400
1999-04-09	20.11	20.43	19.83	19.95	176800
1999-04-12	20.31	20.35	19.63	19.63	91000
1999-04-13	19.39	20.19	19.39	20.15	124400
1999-04-14	19.39	19.87	19.23	19.23	157600
1999-04-15	19.55	19.75	19.23	19.43	116800
1999-04-16	18.95	19.67	18.87	19.67	228100
1999-04-19	19.59	19.63	18.47	18.95	372400
1999-04-20	19.91	20.15	19.67	19.67	181400
1999-04-21	20.59	20.63	19.91	19.91	237900
1999-04-22	20.55	20.83	20.47	20.47	161000
1999-04-23	20.59	20.75	20.43	20.55	106400
1999-04-26	20.43	20.79	20.39	20.43	448100
1999-04-27	19.71	20.55	19.71	20.47	617000
1999-04-28	19.99	20.07	19.75	19.79	353100
1999-04-29	19.47	20.39	19.47	20.07	280100
1999-04-30	19.39	19.75	19.35	19.51	245900
1999-05-03	19.95	20.31	19.43	19.43	121100
1999-05-04	19.67	20.15	19.67	19.91	125000
1999-05-05	20.11	20.55	19.67	19.67	709200
1999-05-06	19.95	20.23	19.91	20.11	185800
1999-05-07	19.95	20.15	19.83	19.95	141600
1999-05-10	20.11	20.23	19.83	19.99	268700
1999-05-11	20.87	21.11	20.19	20.19	345800
1999-05-12	21.87	22.23	21.03	21.03	279000
1999-05-13	21.83	22.27	21.75	21.87	182300
1999-05-14	21.11	21.71	20.91	21.71	86000
1999-05-17	20.71	21.19	20.39	21.03	205800
1999-05-18	20.39	20.79	19.95	20.79	116800
1999-05-19	21.11	21.39	20.47	20.47	105900
1999-05-20	21.27	21.51	21.11	21.11	126800
1999-05-21	21.51	21.51	21.27	21.31	102200
1999-05-24	20.79	21.43	20.55	21.39	135400
1999-05-25	21.03	21.55	20.79	20.79	204200
1999-05-26	21.11	21.19	20.71	21.07	128700
1999-05-27	20.63	21.03	20.39	21.03	431900
1999-05-28	21.03	21.11	20.51	20.63	219200
1999-06-01	20.35	20.99	19.91	20.87	180900
1999-06-02	20.23	20.71	20.07	20.43	149200
1999-06-03	20.99	20.99	20.31	20.31	125400
1999-06-04	20.83	21.15	20.75	20.91	81600
1999-06-07	20.71	20.83	20.51	20.75	75400
1999-06-08	20.37	20.91	20.03	20.75	172100
1999-06-09	20.39	20.83	20.11	20.11	109500
1999-06-10	20.43	20.43	19.91	20.27	87000
1999-06-11	20.35	20.39	20.19	20.35	65500
1999-06-14	20.63	20.83	20.47	20.51	83600
1999-06-15	20.79	20.95	20.55	20.59	227600
1999-06-16	21.19	21.23	20.87	20.87	121100
1999-06-17	21.19	21.23	21.15	21.19	115500
1999-06-18	21.03	21.31	21.03	21.15	139200
1999-06-21	20.67	21.15	20.31	21.11	105400
1999-06-22	20.79	21.15	20.67	20.83	157400
1999-06-23	20.15	20.75	19.95	20.75	168200
1999-06-24	19.87	20.43	19.87	20.07	185300
1999-06-25	20.07	20.07	19.67	19.95	130400
1999-06-28	19.71	19.87	19.47	19.83	458800
1999-06-29	21.07	21.07	19.71	19.83	239100
1999-06-30	20.91	21.79	20.83	21.07	220100
1999-07-01	21.31	21.55	20.99	20.99	135100
1999-07-02	21.27	21.35	20.91	21.15	104400
1999-07-06	20.91	21.23	20.91	21.15	121400
1999-07-07	20.91	21.31	20.91	21.23	159700
1999-07-08	21.47	21.47	20.87	20.91	181100
1999-07-09	20.51	21.47	20.35	21.47	125600
1999-07-12	20.79	21.15	20.67	20.67	129400
1999-07-13	20.99	21.31	20.67	20.83	302700
1999-07-14	20.83	20.83	20.75	20.83	142900
1999-07-15	20.71	20.87	20.67	20.83	109100
1999-07-16	22.07	22.35	20.71	20.71	489400
1999-07-19	22.43	22.88	21.91	22.07	218400
1999-07-20	22.23	22.67	22.19	22.39	176200
1999-07-21	22.35	22.43	22.15	22.15	153700
1999-07-22	21.75	22.31	21.67	22.27	77200
1999-07-23	20.99	22.03	20.91	21.67	124400
1999-07-26	21.19	21.43	20.59	20.83	112800
1999-07-27	21.75	22.03	21.15	21.35	252900
1999-07-28	21.15	21.71	21.15	21.71	173000
1999-07-29	20.67	21.07	20.35	21.07	205800
1999-07-30	20.03	20.67	20.03	20.67	192900
1999-08-02	20.63	21.07	19.99	20.11	104300
1999-08-03	20.47	20.59	20.11	20.47	67200
1999-08-04	20.11	20.47	19.83	20.47	70200
1999-08-05	19.59	20.03	19.35	20.03	75000
1999-08-06	19.55	19.87	19.55	19.67	49400
1999-08-09	19.39	19.75	19.39	19.63	87700
1999-08-10	19.27	19.27	18.59	19.23	177100
1999-08-11	19.51	19.79	19.15	19.27	60400
1999-08-12	19.35	19.43	19.15	19.43	59100
1999-08-13	19.23	19.47	19.23	19.43	173400
1999-08-16	19.11	19.39	19.07	19.31	207600
1999-08-17	19.23	19.35	18.99	19.23	98800
1999-08-18	19.19	19.27	18.99	19.19	87800
1999-08-19	19.03	19.23	18.99	19.07	199300
1999-08-20	18.79	19.11	18.59	19.11	120500
1999-08-23	18.95	19.23	18.59	19.15	173700
1999-08-24	18.59	18.87	18.51	18.87	350700
1999-08-25	18.55	18.59	18.39	18.59	213900
1999-08-26	18.67	18.91	18.47	18.59	420600
1999-08-27	18.27	18.63	18.27	18.59	149800
1999-08-30	17.91	18.11	17.71	18.11	285000
1999-08-31	17.79	17.95	17.71	17.83	338600
1999-09-01	17.87	18.15	17.83	17.87	100900
1999-09-02	17.99	18.23	17.59	17.87	86600
1999-09-03	18.31	18.55	18.03	18.03	177100
1999-09-07	18.35	18.51	17.99	18.39	164100
1999-09-08	18.27	18.39	18.23	18.39	195800
1999-09-09	18.15	18.31	18.07	18.31	55400
1999-09-10	18.03	18.27	17.87	18.11	48700
1999-09-13	17.46	18.07	17.38	18.07	92800
1999-09-14	17.34	17.54	17.02	17.42	238900
1999-09-15	17.30	17.95	17.30	17.50	132000
1999-09-16	17.42	17.59	17.26	17.30	117900
1999-09-17	17.30	17.42	17.18	17.42	256100
1999-09-20	16.86	17.14	16.46	17.14	112900
1999-09-21	16.34	16.86	16.22	16.86	158900
1999-09-22	15.82	16.34	15.62	16.34	315800
1999-09-23	15.02	15.90	14.94	15.86	635000
1999-09-24	15.14	15.42	14.81	15.10	482200
1999-09-27	15.26	15.54	15.26	15.50	267100
1999-09-28	15.14	15.30	14.77	15.30	198300
1999-09-29	14.29	15.18	14.09	15.18	362300
1999-09-30	15.30	15.46	14.45	14.45	746100
1999-10-01	14.94	15.06	14.77	14.98	642400
1999-10-04	15.10	15.30	14.98	15.02	328300
1999-10-05	14.90	15.14	14.61	15.06	420700
1999-10-06	14.49	15.06	14.41	14.77	655000
1999-10-07	14.49	14.53	14.33	14.33	875400
1999-10-08	14.77	14.81	14.49	14.57	459800
1999-10-11	14.90	15.26	14.85	14.94	279900
1999-10-12	14.73	14.81	14.53	14.77	227800
1999-10-13	14.29	14.69	14.29	14.61	460600
1999-10-14	13.93	14.21	13.85	14.21	146300
1999-10-15	13.81	14.05	13.53	14.01	103000
1999-10-18	13.37	13.65	13.17	13.65	636600
1999-10-19	13.97	14.01	13.21	13.49	1327600
1999-10-20	13.89	14.09	13.53	14.05	342800
1999-10-21	14.37	14.65	13.93	14.05	260200
1999-10-22	15.10	16.22	14.17	14.17	738900
1999-10-25	15.74	16.10	15.14	15.14	519200
1999-10-26	15.66	15.74	15.18	15.58	384100
1999-10-27	15.70	16.14	15.42	15.62	303400
1999-10-28	16.50	16.58	15.86	15.86	465400
1999-10-29	16.54	16.70	16.18	16.54	504800
1999-11-01	16.26	16.50	16.02	16.38	230900
1999-11-02	16.06	16.42	15.90	16.26	341800
1999-11-03	16.02	16.10	15.62	15.90	342500
1999-11-04	16.26	16.34	15.94	16.06	1060700
1999-11-05	17.38	17.50	16.54	16.90	500400
1999-11-08	16.74	17.30	16.46	17.22	478100
1999-11-09	16.42	16.82	16.22	16.70	464900
1999-11-10	16.30	16.74	16.26	16.30	106300
1999-11-11	15.82	16.18	15.62	16.18	305900
1999-11-12	16.06	16.46	15.86	15.94	396400
1999-11-15	16.02	16.06	15.74	16.06	421200
1999-11-16	16.58	16.66	16.10	16.18	187900
1999-11-17	16.10	16.42	15.94	16.42	322500
1999-11-18	15.66	16.42	15.58	16.18	172300
1999-11-19	15.78	16.26	15.58	15.74	193900
1999-11-22	15.50	16.06	15.46	15.78	136500
1999-11-23	15.42	15.70	14.98	15.62	149700
1999-11-24	14.98	15.42	14.77	15.26	163900
1999-11-26	14.90	14.98	14.57	14.98	67000
1999-11-29	15.26	15.54	14.85	14.93	248100
1999-11-30	15.30	15.46	14.81	15.09	220400
1999-12-01	15.54	15.62	15.34	15.42	301500
1999-12-02	15.54	15.90	15.46	15.46	197400
1999-12-03	15.30	16.02	15.30	15.66	414800
1999-12-06	15.34	15.54	15.22	15.46	167600
1999-12-07	15.46	15.62	15.30	15.30	179900
1999-12-08	15.09	15.38	15.09	15.38	167200
1999-12-09	14.57	15.22	14.57	15.09	298800
1999-12-10	14.97	15.30	14.61	14.61	397200
1999-12-13	15.09	15.09	14.65	14.85	205900
1999-12-14	14.77	15.05	14.65	15.01	317600
1999-12-15	14.97	15.62	14.77	14.81	292200
1999-12-16	14.65	15.01	14.53	14.93	312200
1999-12-17	14.65	14.81	14.37	14.57	346900
1999-12-20	14.53	14.69	14.25	14.65	397200
1999-12-21	14.81	14.81	14.33	14.65	423600
1999-12-22	14.69	14.81	14.41	14.81	377700
1999-12-23	14.53	14.97	14.49	14.65	278700
1999-12-27	14.45	14.89	14.45	14.81	153700
1999-12-28	14.73	15.05	14.37	14.37	137900
1999-12-29	14.49	15.13	14.49	14.89	321000
1999-12-30	14.21	14.57	13.85	14.53	467900
1999-12-31	14.37	14.89	14.01	14.25	345800
2000-01-03	14.09	14.69	13.93	14.69	163600
2000-01-04	14.05	14.25	13.32	14.25	220900
2000-01-05	14.97	15.26	14.29	14.29	661100
2000-01-06	15.66	15.90	14.93	14.93	624600
2000-01-07	16.50	16.54	15.70	15.70	373500
2000-01-10	16.42	16.75	16.10	16.50	786400
2000-01-11	16.46	16.50	16.38	16.50	225300
2000-01-12	16.50	16.75	16.46	16.46	209700
2000-01-13	16.58	16.75	16.54	16.54	222700
2000-01-14	17.03	17.47	16.66	16.66	290600
2000-01-18	17.03	17.07	16.91	17.07	215300
2000-01-19	16.79	17.03	16.66	17.03	236800
2000-01-20	16.79	16.87	16.75	16.79	149800
2000-01-21	17.11	17.15	16.50	16.83	189800
2000-01-24	16.38	16.95	16.34	16.95	178000
2000-01-25	16.22	16.54	15.98	16.34	589000
2000-01-26	15.94	16.22	15.66	16.06	247000
2000-01-27	16.26	16.38	16.10	16.10	215000
2000-01-28	16.18	16.42	15.94	16.42	135400
2000-01-31	16.22	16.26	15.98	16.10	145700
2000-02-01	16.30	16.34	16.06	16.26	167600
2000-02-02	16.10	16.38	16.02	16.30	207700
2000-02-03	15.98	16.18	15.86	16.10	277600
2000-02-04	16.06	16.22	15.86	15.90	89100
2000-02-07	16.10	16.22	16.06	16.06	107100
2000-02-08	16.14	16.18	15.94	16.06	389100
2000-02-09	16.14	16.14	15.94	16.10	202100
2000-02-10	15.05	16.02	14.89	16.02	260700
2000-02-11	14.41	15.05	14.21	15.05	479700
2000-02-14	14.17	14.41	13.97	14.37	261200
2000-02-15	14.45	15.13	13.69	13.69	362400
2000-02-16	15.46	15.70	14.45	14.45	444500
2000-02-17	17.39	17.39	15.78	15.78	778600
2000-02-18	16.83	17.79	16.34	17.39	600400
2000-02-22	16.10	16.34	15.78	16.10	437700
2000-02-23	16.66	16.70	15.94	16.10	219600
2000-02-24	15.46	16.70	15.01	16.70	551100
2000-02-25	15.01	15.62	14.85	15.62	404300
2000-02-28	15.74	15.86	15.05	15.13	546500
2000-02-29	15.82	16.26	15.70	15.90	324000
2000-03-01	16.34	16.46	15.78	15.98	226000
2000-03-02	16.10	16.34	15.78	16.30	395500
2000-03-03	17.11	17.27	16.18	16.22	373400
2000-03-06	16.70	17.07	16.70	17.07	262400
2000-03-07	16.58	17.07	16.58	16.78	509500
2000-03-08	15.73	16.62	15.69	16.62	320900
2000-03-09	15.94	16.22	15.86	15.90	141600
2000-03-10	15.41	15.90	15.29	15.61	183200
2000-03-13	16.10	16.26	15.25	15.49	211500
2000-03-14	16.22	16.42	15.98	15.98	170200
2000-03-15	17.11	17.59	16.10	16.22	341200
2000-03-16	18.80	19.32	17.23	17.27	622100
2000-03-17	17.83	19.08	17.59	18.72	261300
2000-03-20	18.07	18.07	17.79	17.83	132700
2000-03-21	18.24	18.40	17.83	17.91	242100
2000-03-22	18.03	18.40	17.67	18.07	72800
2000-03-23	18.80	19.37	18.11	18.20	133300
2000-03-24	18.88	19.65	18.76	18.80	82400
2000-03-27	18.15	19.16	18.15	18.88	98400
2000-03-28	18.60	19.00	18.28	18.32	367300
2000-03-29	18.96	19.37	18.60	18.64	143200
2000-03-30	19.53	19.93	18.96	19.00	396500
2000-03-31	21.06	21.06	19.12	19.12	344700
2000-04-03	20.17	20.94	19.77	20.94	233700
2000-04-04	19.85	20.49	19.57	20.41	237700
2000-04-05	19.81	20.05	19.61	19.69	183100
2000-04-06	19.53	19.81	19.28	19.81	335400
2000-04-07	19.45	20.49	19.24	19.77	140000
2000-04-10	19.24	19.61	19.16	19.53	166300
2000-04-11	19.04	19.61	18.96	19.61	104100
2000-04-12	19.00	19.45	18.96	18.96	248900
2000-04-13	19.12	19.16	18.68	19.12	106200
2000-04-14	17.91	19.12	17.71	19.12	137100
2000-04-17	18.36	18.44	17.63	17.91	85500
2000-04-18	18.72	19.28	18.28	18.28	219400
2000-04-19	18.96	19.08	18.52	18.88	517000
2000-04-20	18.76	19.12	18.56	18.96	260000
2000-04-24	19.81	20.01	18.44	18.64	273300
2000-04-25	19.45	19.81	18.88	19.81	496900
2000-04-26	19.00	19.45	18.56	19.45	186300
2000-04-27	18.72	18.96	18.64	18.96	211600
2000-04-28	18.88	19.04	18.24	18.80	419500
2000-05-01	19.93	20.01	19.04	19.16	433900
2000-05-02	19.20	19.36	18.68	19.36	540000
2000-05-03	18.96	19.20	18.56	19.20	395800
2000-05-04	20.13	20.13	19.00	19.08	585700
2000-05-05	20.70	20.82	20.13	20.13	539300
2000-05-08	20.58	20.82	20.53	20.62	402400
2000-05-09	20.17	20.62	20.05	20.62	146200
2000-05-10	20.01	20.17	19.93	20.09	91300
2000-05-11	19.89	20.17	19.37	20.13	255900
2000-05-12	20.13	20.13	19.77	20.05	198000
2000-05-15	21.30	21.62	19.93	20.17	374300
2000-05-16	22.59	22.71	21.42	21.62	559400
2000-05-17	22.11	22.51	22.11	22.51	382700
2000-05-18	21.62	22.35	21.62	22.11	292100
2000-05-19	21.99	22.19	21.46	21.79	165700
2000-05-22	22.23	22.27	21.95	22.07	275500
2000-05-23	22.03	22.23	21.99	22.07	96600
2000-05-24	22.55	22.75	22.19	22.19	342900
2000-05-25	21.79	22.51	21.79	22.51	237800
2000-05-26	21.83	22.19	21.34	21.70	165200
2000-05-30	22.59	22.63	21.83	21.83	124000
2000-05-31	21.95	22.63	21.79	22.59	178400
2000-06-01	21.75	22.23	21.58	21.95	400400
2000-06-02	22.83	22.83	21.91	21.91	440200
2000-06-05	22.47	22.96	22.19	22.67	146700
2000-06-06	21.30	22.35	21.22	22.35	288700
2000-06-07	21.58	21.99	21.50	21.58	220500
2000-06-08	21.66	21.95	21.62	21.91	141600
2000-06-09	21.70	21.95	21.58	21.62	78100
2000-06-12	21.91	21.99	21.66	21.66	137600
2000-06-13	21.99	22.11	21.82	21.91	82000
2000-06-14	21.50	22.07	21.50	22.07	95900
2000-06-15	21.34	21.66	20.49	21.66	158600
2000-06-16	21.26	21.42	21.02	21.30	118600
2000-06-19	23.04	23.60	21.30	21.34	340800
2000-06-20	22.59	22.96	21.82	22.96	204600
2000-06-21	21.54	22.63	21.50	22.63	129000
2000-06-22	20.81	21.70	20.49	21.70	336200
2000-06-23	20.65	20.89	20.49	20.89	168900
2000-06-26	20.85	21.46	20.81	20.81	393600
2000-06-27	21.46	21.54	20.81	20.81	156800
2000-06-28	21.62	21.66	20.77	21.58	201900
2000-06-29	21.78	21.95	21.34	21.50	145100
2000-06-30	21.26	21.82	20.77	21.70	388300
2000-07-03	21.10	21.18	21.02	21.18	80700
2000-07-05	21.58	21.58	21.10	21.18	228200
2000-07-06	21.38	22.11	21.34	21.70	101800
2000-07-07	22.31	22.51	21.42	21.42	94600
2000-07-10	22.88	22.88	22.19	22.19	231400
2000-07-11	22.55	22.79	22.43	22.79	179000
2000-07-12	24.09	24.17	22.67	22.67	284000
2000-07-13	24.05	24.90	23.97	24.21	168000
2000-07-14	24.09	24.57	24.01	24.01	170000
2000-07-17	24.09	24.33	23.60	24.25	95000
2000-07-18	23.24	23.97	23.20	23.93	87700
2000-07-19	22.92	23.24	22.88	23.24	82400
2000-07-20	23.56	23.85	22.75	22.75	158900
2000-07-21	23.16	23.44	23.16	23.40	81900
2000-07-24	23.04	23.60	23.04	23.20	66000
2000-07-25	23.64	23.64	22.19	22.55	236900
2000-07-26	25.34	25.42	23.93	24.09	680900
2000-07-27	25.22	25.26	24.94	25.22	445100
2000-07-28	25.46	26.27	25.14	25.18	332900
2000-07-31	25.66	25.95	25.54	25.58	483800
2000-08-01	25.95	26.23	25.38	25.58	124700
2000-08-02	26.07	26.23	25.87	25.91	214800
2000-08-03	25.87	25.95	25.18	25.91	180800
2000-08-04	27.32	27.36	25.99	25.99	425500
2000-08-07	27.93	28.13	27.28	27.73	293900
2000-08-08	28.41	28.45	27.97	28.09	273900
2000-08-09	27.89	28.45	27.48	28.41	309100
2000-08-10	27.08	27.81	26.96	27.77	94400
2000-08-11	27.60	28.45	26.88	27.08	252800
2000-08-14	28.13	28.29	27.68	27.77	195700
2000-08-15	27.16	27.97	27.08	27.97	148200
2000-08-16	26.11	27.16	25.83	27.16	231500
2000-08-17	26.47	27.12	26.23	26.23	258500
2000-08-18	26.35	26.67	26.19	26.67	76500
2000-08-21	26.11	26.39	25.74	25.99	140300
2000-08-22	25.91	26.31	25.70	26.23	68200
2000-08-23	25.87	26.15	25.38	26.03	101600
2000-08-24	26.11	26.47	25.87	25.87	118300
2000-08-25	25.79	26.11	25.66	25.99	74700
2000-08-28	25.95	26.03	25.74	25.74	121900
2000-08-29	26.51	26.55	25.83	25.87	127700
2000-08-30	26.92	27.20	26.55	26.55	185000
2000-08-31	26.07	27.68	26.07	27.04	481200
2000-09-01	25.74	26.27	25.74	26.27	153300
2000-09-05	26.51	26.88	25.74	25.74	109500
2000-09-06	27.00	27.12	26.19	26.19	173400
2000-09-07	26.92	27.04	26.47	26.92	228500
2000-09-08	27.93	28.25	27.00	27.00	198700
2000-09-11	29.30	29.43	27.93	27.93	361000
2000-09-12	29.38	29.55	29.30	29.47	292600
2000-09-13	28.82	29.79	28.74	29.38	170800
2000-09-14	29.67	29.75	28.94	28.94	219200
2000-09-15	29.18	29.99	29.14	29.63	149300
2000-09-18	28.53	29.14	28.35	29.14	306900
2000-09-19	28.66	28.94	28.41	28.53	132700
2000-09-20	29.47	29.47	28.66	28.70	193800
2000-09-21	30.60	30.60	29.10	29.34	346000
2000-09-22	30.64	30.72	30.11	30.11	221000
2000-09-25	30.19	30.80	30.19	30.56	162700
2000-09-26	30.28	30.64	30.11	30.19	419800
2000-09-27	30.19	30.72	29.95	30.40	301400
2000-09-28	31.00	31.08	30.28	30.28	224300
2000-09-29	32.06	32.54	30.52	31.17	980500
2000-10-02	31.93	32.06	30.72	32.06	300900
2000-10-03	31.08	31.77	30.88	31.77	245800
2000-10-04	31.08	31.49	30.96	31.08	153800
2000-10-05	31.37	31.81	30.56	31.08	425200
2000-10-06	30.80	31.37	30.03	31.37	370200
2000-10-09	30.76	30.88	30.07	30.68	126100
2000-10-10	29.95	30.76	29.79	30.76	157700
2000-10-11	30.36	30.44	29.10	29.63	475500
2000-10-12	29.59	30.44	29.06	30.44	265600
2000-10-13	29.71	30.03	29.47	29.47	292400
2000-10-16	30.11	31.04	29.75	29.75	316900
2000-10-17	29.79	30.40	29.63	30.15	336100
2000-10-18	30.96	31.25	29.10	29.75	448200
2000-10-19	31.04	31.25	30.96	31.04	296300
2000-10-20	31.25	31.41	31.00	31.08	267900
2000-10-23	32.87	32.91	31.21	31.21	457100
2000-10-24	35.01	35.98	33.72	34.32	1171300
2000-10-25	34.97	35.29	34.73	34.85	422000
2000-10-26	34.77	35.58	34.28	34.89	468700
2000-10-27	35.21	35.29	33.68	34.81	572400
2000-10-30	36.91	37.28	35.13	35.13	717900
2000-10-31	37.97	37.97	35.58	36.83	593700
2000-11-01	36.47	37.72	36.18	37.72	421900
2000-11-02	35.90	37.20	35.74	36.63	479500
2000-11-03	35.09	36.27	34.81	36.06	324400
2000-11-06	37.20	37.56	35.21	35.21	452800
2000-11-07	38.21	38.45	37.60	37.60	755700
2000-11-08	38.61	38.82	38.25	38.53	323300
2000-11-09	38.86	38.94	38.21	38.86	677900
2000-11-10	39.67	40.07	38.13	38.86	548200
2000-11-13	39.18	39.95	38.98	39.18	428600
2000-11-14	39.63	40.07	39.26	39.34	279800
2000-11-15	39.67	40.11	38.94	39.62	195700
2000-11-16	38.41	39.58	37.88	39.26	268800
2000-11-17	38.09	39.58	38.05	38.69	281700
2000-11-20	38.05	38.37	37.97	38.25	253200
2000-11-21	37.93	38.13	37.12	37.88	239200
2000-11-22	37.52	38.53	36.91	38.21	307700
2000-11-24	38.05	38.05	37.52	37.52	67500
2000-11-27	37.80	38.37	37.80	38.21	244800
2000-11-28	38.21	38.86	37.80	37.88	457400
2000-11-29	38.90	39.22	38.05	38.25	294000
2000-11-30	39.02	40.15	38.37	39.34	419700
2000-12-01	39.75	39.83	38.81	39.02	413900
2000-12-04	39.58	40.31	38.90	39.91	229100
2000-12-05	40.48	40.84	39.75	39.75	407100
2000-12-06	41.21	41.41	40.19	40.52	317600
2000-12-07	42.18	42.46	40.56	40.56	392400
2000-12-08	43.23	43.72	41.81	42.18	685500
2000-12-11	42.46	43.07	42.06	43.07	491900
2000-12-12	41.73	42.70	41.53	42.46	361600
2000-12-13	42.22	42.66	41.53	41.81	824700
2000-12-14	42.42	42.66	40.72	42.38	470300
2000-12-15	42.30	42.66	41.85	42.26	274800
2000-12-18	43.76	44.41	42.54	42.58	613600
2000-12-19	42.54	44.45	42.14	43.88	298600
2000-12-20	42.14	42.66	39.95	42.38	581300
2000-12-21	43.31	43.64	41.08	42.06	394500
2000-12-22	46.68	46.84	43.39	43.47	935600
2000-12-26	47.32	47.77	46.68	46.72	712100
2000-12-27	47.93	47.97	45.86	47.32	325700
2000-12-28	47.73	48.46	47.24	47.97	399400
2000-12-29	46.43	47.65	45.70	47.65	538700
2001-01-02	44.65	45.42	43.43	45.42	948500
2001-01-03	44.45	45.74	43.11	44.49	645700
2001-01-04	40.35	45.01	38.25	44.49	1487600
2001-01-05	38.98	40.31	38.53	40.31	708300
2001-01-08	40.40	41.16	38.41	39.14	520100
2001-01-09	39.26	40.56	38.69	40.40	538700
2001-01-10	39.06	39.22	37.60	39.22	727700
2001-01-11	37.72	39.22	37.36	39.06	759200
2001-01-12	35.90	37.68	35.21	37.68	1506300
2001-01-16	37.64	37.84	35.33	35.33	684700
2001-01-17	37.07	38.57	36.42	37.64	859800
2001-01-18	37.11	37.28	36.51	36.99	556400
2001-01-19	38.09	38.57	37.15	37.15	655000
2001-01-22	39.75	40.27	37.52	37.52	668400
2001-01-23	39.22	40.03	37.88	38.73	709700
2001-01-24	39.58	41.12	39.22	39.38	401700
2001-01-25	40.76	40.88	38.90	39.87	242600
2001-01-26	40.19	41.81	39.22	41.16	273000
2001-01-29	39.40	40.35	38.92	40.20	285900
2001-01-30	37.76	39.47	37.47	39.41	810100
2001-01-31	37.21	37.76	36.79	37.76	880700
2001-02-01	37.83	38.08	37.34	37.60	353400
2001-02-02	38.57	38.57	37.50	37.50	347200
2001-02-05	40.24	40.84	38.57	38.57	463500
2001-02-06	40.19	41.33	40.06	40.58	371900
2001-02-07	41.51	42.07	40.22	40.22	554800
2001-02-08	40.91	41.55	40.89	41.51	211500
2001-02-09	40.67	40.97	40.33	40.91	130700
2001-02-12	41.26	41.59	40.64	40.78	151500
2001-02-13	39.54	41.63	39.54	41.33	307900
2001-02-14	40.50	40.91	39.54	39.54	257000
2001-02-15	39.43	40.39	38.96	40.39	180200
2001-02-16	39.80	40.10	38.79	38.79	220200
2001-02-20	38.90	39.93	38.51	39.79	353000
2001-02-21	37.74	39.03	37.30	38.77	440500
2001-02-22	38.99	39.47	38.51	38.57	804800
2001-02-23	38.75	39.03	38.64	38.99	482600
2001-02-26	39.87	39.93	39.22	39.22	315700
2001-02-27	40.10	40.48	39.74	39.77	400400
2001-02-28	41.00	41.49	40.59	41.16	578800
2001-03-01	42.29	42.36	40.94	41.16	681900
2001-03-02	43.16	43.97	42.29	42.29	747600
2001-03-05	42.47	43.35	42.41	43.22	338800
2001-03-06	42.47	42.83	42.38	42.47	212700
2001-03-07	41.99	42.47	41.76	42.47	319600
2001-03-08	41.92	42.38	41.70	41.83	324400
2001-03-09	41.92	42.18	41.86	42.09	167000
2001-03-12	41.72	42.80	41.72	42.09	286500
2001-03-13	41.51	41.72	40.43	41.72	243500
2001-03-14	41.20	41.53	40.11	40.30	260200
2001-03-15	41.50	41.73	41.23	41.36	212000
2001-03-16	41.33	41.53	41.27	41.53	171000
2001-03-19	41.33	41.63	40.56	41.60	255100
2001-03-20	41.21	41.83	41.14	41.47	247000
2001-03-21	39.98	40.95	39.91	40.95	300300
2001-03-22	38.95	39.85	37.80	39.85	329400
2001-03-23	39.79	40.59	38.86	39.02	344600
2001-03-26	40.82	41.20	40.33	40.46	210900
2001-03-27	40.24	40.82	40.07	40.82	179000
2001-03-28	40.94	40.99	40.09	40.24	244400
2001-03-29	41.83	42.90	41.18	41.31	330200
2001-03-30	43.17	43.77	41.90	41.90	334500
2001-04-02	44.01	44.67	43.12	43.25	514700
2001-04-03	43.07	44.01	42.84	44.01	563300
2001-04-04	41.86	43.48	41.79	43.08	616100
2001-04-05	42.67	43.83	42.59	42.67	466700
2001-04-06	41.92	42.51	41.83	42.51	450100
2001-04-09	41.77	42.38	41.39	41.89	242100
2001-04-10	42.25	42.74	41.77	41.77	295000
2001-04-11	43.06	43.06	42.18	42.38	281000
2001-04-12	42.52	43.53	42.36	43.06	314900
2001-04-16	43.27	43.89	42.68	42.68	319800
2001-04-17	44.39	44.97	43.24	43.27	236700
2001-04-18	43.61	44.88	43.23	44.55	356300
2001-04-19	43.25	43.74	43.22	43.61	305300
2001-04-20	42.78	43.42	42.55	43.36	162800
2001-04-23	42.78	42.82	42.18	42.78	152000
2001-04-24	40.63	42.78	39.91	42.78	1582900
2001-04-25	40.38	40.49	39.75	39.75	732900
2001-04-26	41.34	41.37	40.43	40.43	460700
2001-04-27	41.53	41.74	41.22	41.50	279000
2001-04-30	41.44	41.86	41.21	41.69	299500
2001-05-01	40.94	41.86	40.70	41.86	275400
2001-05-02	40.24	41.01	39.59	39.81	536300
2001-05-03	41.08	41.08	39.98	40.17	289700
2001-05-04	41.70	41.70	40.32	40.82	327800
2001-05-07	40.79	41.54	40.72	41.53	216400
2001-05-08	40.95	41.70	40.88	40.95	336500
2001-05-09	42.64	43.01	40.96	41.11	430800
2001-05-10	41.99	42.66	41.66	42.64	129000
2001-05-11	42.14	42.51	41.92	41.92	150600
2001-05-14	42.48	42.51	41.90	42.29	122700
2001-05-15	42.70	42.70	41.99	42.56	156100
2001-05-16	43.56	43.80	42.54	42.80	397100
2001-05-17	43.84	43.97	43.13	43.61	275200
2001-05-18	43.97	44.19	43.79	43.87	273200
2001-05-21	44.13	44.25	43.42	43.64	234000
2001-05-22	43.69	44.29	43.35	44.29	302600
2001-05-23	42.96	43.71	42.61	43.69	229700
2001-05-24	43.15	43.36	42.52	42.90	290100
2001-05-25	42.90	43.19	42.83	42.83	259100
2001-05-29	43.25	43.32	42.71	42.90	359700
2001-05-30	44.13	44.43	43.23	43.25	594900
2001-05-31	44.11	44.79	44.09	44.17	244800
2001-06-01	43.85	44.76	43.72	44.50	260500
2001-06-04	44.27	44.77	44.17	44.17	238800
2001-06-05	44.67	44.82	44.37	44.37	245100
2001-06-06	44.62	45.85	44.50	44.70	166600
2001-06-07	44.82	45.15	44.60	44.60	212600
2001-06-08	45.27	45.44	44.76	45.02	150600
2001-06-11	45.64	45.83	44.89	45.34	212600
2001-06-12	46.03	46.05	45.03	45.47	334200
2001-06-13	46.12	47.23	46.03	46.19	422700
2001-06-14	45.47	46.12	45.29	46.12	139600
2001-06-15	46.12	46.12	45.24	45.47	180800
2001-06-18	45.81	46.18	45.45	46.12	120800
2001-06-19	45.77	46.35	45.73	45.99	91500
2001-06-20	45.68	46.23	45.64	45.83	226100
2001-06-21	46.39	46.71	45.47	45.60	216500
2001-06-22	45.95	46.64	45.48	46.58	112200
2001-06-25	45.60	46.06	45.47	45.89	120700
2001-06-26	46.42	46.48	45.02	45.60	393100
2001-06-27	46.51	46.77	46.27	46.48	451600
2001-06-28	47.77	48.33	47.03	47.10	500400
2001-06-29	48.59	49.05	47.29	47.42	326800
2001-07-02	47.40	48.46	47.23	48.46	276500
2001-07-03	47.09	47.65	47.07	47.57	132900
2001-07-05	47.15	47.35	46.77	47.25	188900
2001-07-06	47.03	47.20	46.71	47.16	174400
2001-07-09	46.82	46.97	46.58	46.97	85200
2001-07-10	46.94	47.12	46.55	46.83	216600
2001-07-11	46.79	46.92	46.20	46.64	163700
2001-07-12	47.22	47.42	46.59	46.86	206100
2001-07-13	47.22	47.60	46.79	47.22	159100
2001-07-16	47.16	47.29	46.87	47.23	140400
2001-07-17	46.92	47.07	46.75	47.07	102400
2001-07-18	46.08	46.86	45.90	46.86	358300
2001-07-19	43.45	46.09	42.75	45.99	1091400
2001-07-20	43.27	43.79	42.71	43.36	901400
2001-07-23	42.94	43.62	42.88	43.20	363100
2001-07-24	44.69	45.47	43.72	43.85	1237000
2001-07-25	44.59	45.47	44.38	45.47	619000
2001-07-26	44.79	45.28	44.70	44.75	195800
2001-07-27	44.94	44.96	44.25	44.53	205200
2001-07-30	45.31	45.35	44.73	44.93	67000
2001-07-31	45.54	45.64	44.95	44.95	280300
2001-08-01	45.82	46.03	45.21	45.44	268500
2001-08-02	44.56	45.80	44.25	45.80	346500
2001-08-03	44.20	44.56	43.27	44.56	567300
2001-08-06	43.98	44.30	43.33	44.27	180800
2001-08-07	45.15	45.23	44.00	44.04	202600
2001-08-08	44.82	45.25	44.79	45.05	196600
2001-08-09	44.10	44.76	43.66	44.76	219600
2001-08-10	44.02	44.11	43.84	44.11	211400
2001-08-13	44.20	44.34	43.69	44.04	316800
2001-08-14	44.25	44.27	44.04	44.04	297700
2001-08-15	44.56	44.99	44.14	44.27	129900
2001-08-16	44.40	44.56	44.16	44.47	126100
2001-08-17	43.99	44.40	43.83	44.40	237700
2001-08-20	44.10	44.24	44.08	44.08	246600
2001-08-21	43.69	44.21	43.68	44.11	317900
2001-08-22	43.30	43.66	42.81	43.66	424900
2001-08-23	43.75	43.95	43.27	43.27	231500
2001-08-24	43.03	43.71	42.81	43.69	283400
2001-08-27	42.17	42.88	41.02	42.88	738900
2001-08-28	42.33	43.07	42.03	42.17	460500
2001-08-29	42.43	42.76	42.28	42.34	267000
2001-08-30	41.88	42.27	41.78	42.27	256900
2001-08-31	42.21	42.21	41.56	41.95	217300
2001-09-04	41.36	42.21	41.20	42.21	271100
2001-09-05	41.00	41.36	40.00	41.36	473000
2001-09-06	40.32	41.29	40.21	40.97	466100
2001-09-07	40.06	40.54	39.02	39.12	775900
2001-09-10	40.00	40.28	39.03	39.34	488400
2001-09-17	35.05	36.58	32.52	32.52	3408400
2001-09-18	34.67	35.31	34.21	34.79	739700
2001-09-19	32.52	34.85	32.00	34.79	1129000
2001-09-20	31.70	33.17	31.54	32.45	1414200
2001-09-21	32.11	32.20	30.25	30.40	1353500
2001-09-24	34.01	34.28	32.71	33.17	746200
2001-09-25	36.58	36.58	34.01	34.01	964800
2001-09-26	37.20	38.69	36.86	37.72	1238400
2001-09-27	39.66	40.16	38.14	38.14	953400
2001-09-28	42.08	43.02	40.91	40.91	1206800
2001-10-01	41.49	42.21	40.42	41.62	933200
2001-10-02	44.59	44.71	41.43	41.46	1166000
2001-10-03	47.99	48.12	44.22	44.59	1645900
2001-10-04	47.08	48.64	46.69	48.00	1182400
2001-10-05	46.25	47.74	46.01	47.09	683900
2001-10-08	45.68	46.82	45.20	46.26	841100
2001-10-09	46.82	48.78	45.37	45.52	1696400
2001-10-10	46.77	48.61	46.11	47.47	920300
2001-10-11	47.83	48.45	46.63	46.82	496500
2001-10-12	47.67	47.80	46.24	47.67	430100
2001-10-15	48.61	48.84	46.86	47.34	575700
2001-10-16	51.05	51.05	48.68	48.68	845400
2001-10-17	49.75	50.41	49.57	50.40	546800
2001-10-18	48.16	49.26	47.57	49.26	519100
2001-10-19	47.46	48.12	46.82	48.06	719900
2001-10-22	49.36	49.59	47.44	47.46	574600
2001-10-23	45.20	49.36	44.45	45.69	2525100
2001-10-24	46.75	47.06	44.39	45.04	1589700
2001-10-25	46.61	46.91	45.78	46.17	639400
2001-10-26	46.25	46.92	45.46	46.82	500800
2001-10-29	44.91	46.12	44.87	46.12	428400
2001-10-30	44.55	45.36	43.77	44.74	479700
2001-10-31	43.47	44.74	43.38	44.55	598000
2001-11-01	44.52	44.87	43.06	43.48	563800
2001-11-02	46.36	47.15	44.68	44.91	892500
2001-11-05	46.94	47.34	46.11	46.19	344500
2001-11-06	46.95	47.02	46.50	46.69	379000
2001-11-07	46.38	46.95	45.72	46.95	380900
2001-11-08	45.52	46.60	45.46	46.43	286100
2001-11-09	44.97	45.32	44.07	44.87	508700
2001-11-12	44.76	44.97	42.76	43.90	554400
2001-11-13	44.57	45.30	44.26	44.87	241100
2001-11-14	44.17	44.74	43.96	44.35	282000
2001-11-15	44.01	45.07	43.77	44.33	436100
2001-11-16	43.88	44.19	43.78	44.06	323400
2001-11-19	44.37	44.76	43.94	44.01	341000
2001-11-20	45.11	45.27	44.30	44.53	309800
2001-11-21	45.03	45.08	44.62	45.08	188600
2001-11-23	45.24	45.31	45.05	45.05	52900
2001-11-26	45.04	45.15	44.69	44.92	249500
2001-11-27	45.93	46.29	45.02	45.05	348700
2001-11-28	44.98	45.93	44.53	45.93	311600
2001-11-29	45.97	46.38	44.85	44.99	328700
2001-11-30	46.51	46.94	46.29	46.29	641600
2001-12-03	46.12	46.48	45.96	46.48	292700
2001-12-04	46.93	47.00	45.46	46.13	334600
2001-12-05	46.20	47.52	45.92	47.52	285400
2001-12-06	45.08	46.09	44.91	46.04	316000
2001-12-07	45.08	45.44	44.92	44.92	391800
2001-12-10	43.58	44.85	43.58	44.85	645700
2001-12-11	43.63	43.75	42.97	43.75	505400
2001-12-12	43.55	43.68	43.19	43.63	321700
2001-12-13	42.49	43.24	42.49	43.10	398900
2001-12-14	43.34	43.45	42.05	42.49	390700
2001-12-17	43.76	44.10	43.33	43.34	371200
2001-12-18	44.27	44.30	42.12	43.79	213800
2001-12-19	44.35	44.50	43.72	44.27	197600
2001-12-20	43.66	44.59	43.65	44.35	308600
2001-12-21	44.37	44.37	43.11	43.71	399600
2001-12-24	44.62	44.72	44.27	44.27	86300
2001-12-26	44.97	45.40	44.68	44.68	213500
2001-12-27	45.58	45.60	44.95	44.95	331200
2001-12-28	46.02	46.05	45.57	45.58	310400
2001-12-31	46.03	46.74	45.77	46.22	381200
2002-01-02	45.99	46.03	45.28	46.03	380100
2002-01-03	45.73	46.16	44.98	46.16	605300
2002-01-04	45.90	46.09	45.41	45.64	362400
2002-01-07	45.56	45.87	45.31	45.86	284000
2002-01-08	44.98	45.57	44.62	45.57	209500
2002-01-09	44.89	45.67	44.88	45.08	355300
2002-01-10	44.92	45.00	44.60	44.89	206200
2002-01-11	44.86	45.32	44.70	44.92	177100
2002-01-14	44.25	44.91	44.12	44.89	283700
2002-01-15	44.56	44.59	43.88	44.25	311800
2002-01-16	44.05	44.68	43.81	44.57	179200
2002-01-17	43.61	44.27	43.36	44.11	279500
2002-01-18	43.61	43.91	43.35	43.61	278600
2002-01-22	43.03	43.94	42.89	43.88	234200
2002-01-23	43.05	43.23	42.71	43.10	343100
2002-01-24	44.17	44.17	43.19	43.21	312600
2002-01-25	45.32	46.12	44.54	44.63	636200
2002-01-28	45.02	45.58	44.76	44.91	465100
2002-01-29	44.34	45.57	44.04	44.98	289600
2002-01-30	44.53	44.66	42.86	44.34	299700
2002-01-31	44.72	45.05	44.07	44.69	244300
2002-02-01	45.42	45.70	44.82	44.82	295400
2002-02-04	44.61	45.43	44.60	45.43	182700
2002-02-05	44.26	45.43	44.07	44.59	619900
2002-02-06	44.11	44.46	43.78	44.42	329100
2002-02-07	44.51	44.53	43.62	44.07	370500
2002-02-08	45.39	45.56	44.37	44.37	352900
2002-02-11	45.73	45.83	45.33	45.51	201800
2002-02-12	46.07	46.35	45.83	46.06	273000
2002-02-13	48.40	48.66	46.21	46.21	887400
2002-02-14	48.83	49.80	48.11	48.56	725300
2002-02-15	48.42	48.86	47.95	48.83	238700
2002-02-19	47.59	48.55	47.59	48.55	296900
2002-02-20	47.36	48.37	46.71	48.21	762100
2002-02-21	46.58	47.43	46.58	47.36	682100
2002-02-22	45.05	45.50	44.98	45.05	1592900
2002-02-25	45.96	46.06	45.31	45.31	532700
2002-02-26	46.67	47.15	46.16	46.42	517700
2002-02-27	46.87	47.85	46.87	47.04	629900
2002-02-28	47.48	48.23	47.19	47.19	489400
2002-03-01	47.24	47.64	47.24	47.58	243600
2002-03-04	47.30	48.16	46.99	47.24	378800
2002-03-05	47.37	47.71	47.09	47.28	446600
2002-03-06	47.65	47.90	47.28	47.43	251600
2002-03-07	46.20	47.87	45.62	47.74	437900
2002-03-08	46.02	46.86	45.62	46.79	441100
2002-03-11	45.49	46.04	45.01	46.04	340100
2002-03-12	45.56	45.72	45.13	45.43	250400
2002-03-13	45.46	45.74	44.75	45.56	533600
2002-03-14	45.88	46.53	45.52	45.52	567100
2002-03-15	45.45	46.04	45.43	45.91	473900
2002-03-18	44.45	45.46	44.09	45.45	528600
2002-03-19	44.01	45.03	43.99	44.51	664200
2002-03-20	43.01	44.01	42.75	44.01	1006900
2002-03-21	44.98	45.13	42.99	43.10	972600
2002-03-22	45.16	45.56	44.64	45.07	660000
2002-03-25	44.38	45.33	44.32	45.20	374600
2002-03-26	44.27	44.97	44.04	44.38	293700
2002-03-27	44.74	45.07	44.28	44.28	225700
2002-03-28	45.19	45.30	44.64	44.87	222700
2002-04-01	44.34	45.30	44.31	45.30	201500
2002-04-02	44.38	45.03	44.19	44.32	431600
2002-04-03	44.48	44.54	43.99	44.42	208600
2002-04-04	44.63	44.99	44.32	44.45	542500
2002-04-05	44.85	45.22	44.83	44.94	817900
2002-04-08	45.73	45.85	44.74	44.85	501100
2002-04-09	46.73	46.86	46.01	46.01	515300
2002-04-10	46.73	47.05	46.45	46.86	385200
2002-04-11	46.35	46.99	46.31	46.74	307800
2002-04-12	46.14	46.89	46.01	46.51	411200
2002-04-15	45.00	46.31	44.87	46.25	613500
2002-04-16	44.64	45.30	44.62	45.06	427200
2002-04-17	45.48	45.62	44.87	44.87	410500
2002-04-18	45.47	45.75	44.64	45.43	570800
2002-04-19	45.58	45.88	45.36	45.47	203800
2002-04-22	46.04	46.59	45.69	45.69	672700
2002-04-23	45.10	46.86	45.09	46.08	1175400
2002-04-24	43.31	44.94	43.14	44.64	1584800
2002-04-25	42.98	43.88	42.77	43.31	1152400
2002-04-26	43.63	44.04	43.14	43.99	835300
2002-04-29	42.60	43.93	42.36	43.53	849200
2002-04-30	44.25	44.48	43.01	43.54	1141200
2002-05-01	43.84	44.19	42.82	44.19	581000
2002-05-02	43.18	43.78	42.72	43.78	780500
2002-05-03	43.99	44.02	43.21	43.41	629100
2002-05-06	43.63	44.81	43.63	43.99	549000
2002-05-07	42.82	43.89	42.77	43.80	675500
2002-05-08	42.75	43.56	42.59	43.05	656100
2002-05-09	41.90	42.77	41.78	42.62	764100
2002-05-10	41.52	42.04	41.38	41.91	469600
2002-05-13	41.59	41.87	40.89	41.45	467300
2002-05-14	41.70	42.04	41.50	41.87	428000
2002-05-15	41.63	42.10	41.63	41.70	387300
2002-05-16	40.57	41.81	40.54	41.46	865300
2002-05-17	41.05	41.45	40.58	40.58	581900
2002-05-20	40.84	41.52	40.75	41.06	614600
2002-05-21	40.43	40.99	40.42	40.84	719000
2002-05-22	40.08	40.80	39.76	40.73	583500
2002-05-23	41.03	41.12	40.41	40.41	499100
2002-05-24	41.60	42.04	41.53	42.04	739900
2002-05-28	41.35	41.76	41.16	41.76	343200
2002-05-29	41.69	41.70	41.25	41.42	357900
2002-05-30	40.91	42.07	40.85	41.74	405200
2002-05-31	40.86	41.24	40.85	41.11	284900
2002-06-03	40.24	41.03	40.23	40.92	243700
2002-06-04	39.49	39.71	38.43	39.64	1172900
2002-06-05	39.72	40.13	39.65	39.65	346900
2002-06-06	39.25	39.82	39.11	39.72	370900
2002-06-07	39.44	39.49	38.30	38.83	491700
2002-06-10	39.82	40.24	39.19	39.41	324000
2002-06-11	38.63	40.11	38.57	39.89	649600
2002-06-12	37.59	38.63	37.51	38.63	682900
2002-06-13	36.50	37.75	36.29	37.65	633700
2002-06-14	37.81	38.10	35.24	35.63	875000
2002-06-17	38.88	39.05	38.21	38.24	668500
2002-06-18	39.69	40.04	38.70	38.89	1248600
2002-06-19	39.47	40.13	39.47	39.67	379400
2002-06-20	39.00	39.31	38.31	39.30	457500
2002-06-21	39.19	39.40	38.83	39.22	484900
2002-06-24	38.56	39.17	38.50	39.09	279300
2002-06-25	38.21	39.08	38.20	38.56	241900
2002-06-26	37.75	38.42	37.27	38.04	435500
2002-06-27	36.58	37.85	36.28	37.75	782300
2002-06-28	36.51	37.26	35.64	35.69	848500
2002-07-01	35.79	36.52	35.64	36.35	344600
2002-07-02	34.73	35.77	34.58	35.63	555900
2002-07-03	34.25	34.72	33.92	34.58	455300
2002-07-05	35.76	35.88	34.41	34.41	687500
2002-07-08	35.00	35.89	35.00	35.79	621300
2002-07-09	33.35	35.45	33.35	34.98	682900
2002-07-10	32.14	33.41	32.04	33.41	642600
2002-07-11	32.86	32.89	31.33	32.19	541400
2002-07-12	33.51	33.76	32.63	32.92	630600
2002-07-15	33.21	33.91	32.46	33.35	734400
2002-07-16	32.80	33.38	32.39	33.08	380000
2002-07-17	31.54	33.52	31.19	32.95	724500
2002-07-18	29.10	31.61	28.97	31.55	1687900
2002-07-19	29.08	30.30	28.35	28.35	869000
2002-07-22	28.22	30.13	27.79	29.56	888600
2002-07-23	28.74	29.56	28.33	28.42	2165100
2002-07-24	30.74	30.74	27.93	28.61	1086700
2002-07-25	31.32	32.14	30.47	30.77	1195200
2002-07-26	32.12	32.18	31.58	31.97	653300
2002-07-29	35.10	35.14	33.48	33.87	1004800
2002-07-30	35.04	36.18	34.45	34.85	692100
2002-07-31	35.73	35.89	34.32	34.85	482900
2002-08-01	35.50	36.28	35.47	36.12	524300
2002-08-02	34.08	35.50	33.57	35.50	510600
2002-08-05	32.54	34.16	32.42	33.96	377300
2002-08-06	33.21	34.11	32.69	32.69	421800
2002-08-07	33.17	33.74	32.43	33.38	461100
2002-08-08	33.96	34.19	32.79	33.17	1009400
2002-08-09	35.00	35.13	33.31	33.87	655500
2002-08-12	35.27	35.63	34.37	34.58	392800
2002-08-13	34.61	35.84	34.52	35.20	382800
2002-08-14	35.02	35.13	33.83	34.45	543800
2002-08-15	35.62	35.76	35.04	35.24	429800
2002-08-16	35.87	36.05	35.26	35.61	313800
2002-08-19	36.17	36.74	35.47	35.82	396500
2002-08-20	35.89	36.45	35.56	36.16	199600
2002-08-21	35.58	36.41	35.24	35.92	227400
2002-08-22	37.12	37.22	35.64	35.64	467000
2002-08-23	36.54	37.10	36.35	37.10	247400
2002-08-26	36.76	36.87	36.16	36.70	161900
2002-08-27	35.66	37.42	35.64	36.87	305800
2002-08-28	34.92	36.20	34.67	35.68	284400
2002-08-29	35.54	35.88	34.11	34.31	440800
2002-08-30	35.42	36.04	35.32	35.58	145700
2002-09-03	34.55	35.11	34.11	34.70	345900
2002-09-04	34.90	34.96	33.98	34.39	305600
2002-09-05	34.31	34.62	34.01	34.57	252300
2002-09-06	35.09	35.20	34.44	34.83	292000
2002-09-09	35.45	35.69	34.80	35.09	355500
2002-09-10	35.24	35.88	34.75	35.62	341300
2002-09-11	35.33	35.84	35.31	35.62	165500
2002-09-12	36.47	36.99	35.22	35.32	630100
2002-09-13	37.88	37.92	35.93	36.01	655900
2002-09-16	37.82	37.90	36.92	37.74	331400
2002-09-17	37.03	38.43	36.83	38.23	320800
2002-09-18	37.62	38.07	36.20	36.60	458600
2002-09-19	37.12	37.67	36.93	37.62	497000
2002-09-20	36.09	37.42	35.98	37.28	466000
2002-09-23	36.17	36.17	35.29	35.78	496300
2002-09-24	34.96	36.17	34.64	35.52	520400
2002-09-25	35.41	35.78	34.64	35.78	840200
2002-09-26	37.21	37.22	35.45	35.62	579100
2002-09-27	36.40	37.22	35.68	37.22	456600
2002-09-30	35.85	36.40	34.77	35.75	517700
2002-10-01	37.51	37.53	35.44	36.11	599100
2002-10-02	35.57	37.77	35.34	37.25	701400
2002-10-03	35.72	36.98	35.67	35.73	401500
2002-10-04	35.00	35.98	34.50	35.88	562300
2002-10-07	35.04	36.40	34.89	35.06	599000
2002-10-08	36.05	36.11	34.93	35.35	565700
2002-10-09	34.10	36.05	33.88	35.91	529600
2002-10-10	35.84	36.37	34.08	34.15	497900
2002-10-11	38.01	38.88	35.85	35.94	891900
2002-10-14	37.54	38.02	36.18	38.02	876800
2002-10-15	39.93	40.75	38.82	39.54	1025500
2002-10-16	39.69	40.33	38.95	39.21	623600
2002-10-17	40.39	41.16	39.93	40.94	556100
2002-10-18	39.70	40.52	39.15	39.93	606000
2002-10-21	40.84	41.08	38.43	39.71	656600
2002-10-22	39.70	41.09	39.41	40.84	1068600
2002-10-23	39.51	39.58	38.07	39.14	603200
2002-10-24	38.70	40.29	38.64	39.50	553800
2002-10-25	40.18	40.36	38.28	38.69	626700
2002-10-28	39.80	40.71	39.01	40.45	633200
2002-10-29	38.69	40.33	38.14	39.63	567700
2002-10-30	38.39	38.69	37.90	38.62	573700
2002-10-31	37.92	38.95	37.84	38.62	503700
2002-11-01	38.23	38.50	37.56	37.77	386500
2002-11-04	38.40	39.18	37.96	38.72	544100
2002-11-05	37.35	38.24	36.96	38.23	606700
2002-11-06	37.89	37.90	36.45	37.74	715400
2002-11-07	36.32	37.71	35.74	37.64	823200
2002-11-08	35.94	36.25	35.22	36.01	549700
2002-11-11	35.99	36.92	35.71	35.82	368400
2002-11-12	35.97	36.60	35.72	35.99	335300
2002-11-13	35.88	36.35	35.52	35.98	279200
2002-11-14	36.11	36.47	35.90	36.24	256400
2002-11-15	36.90	37.16	36.05	36.11	338600
2002-11-18	36.25	37.38	36.20	37.02	339000
2002-11-19	35.91	36.26	35.52	36.26	533500
2002-11-20	36.67	36.86	35.84	35.97	283100
2002-11-21	36.64	37.45	36.53	36.73	439500
2002-11-22	37.54	37.86	36.47	36.60	396700
2002-11-25	37.33	37.74	37.15	37.51	385500
2002-11-26	37.03	37.47	36.86	37.28	325500
2002-11-27	37.33	37.33	36.65	37.17	258600
2002-11-29	37.89	38.07	37.40	37.52	121800
2002-12-02	37.50	38.35	36.86	38.16	427400
2002-12-03	37.14	38.05	37.08	37.50	240200
2002-12-04	36.46	37.54	36.16	37.12	444500
2002-12-05	36.58	36.88	36.09	36.46	203800
2002-12-06	36.48	36.65	36.22	36.52	197600
2002-12-09	36.37	36.73	36.29	36.46	248500
2002-12-10	36.68	36.83	36.39	36.39	353400
2002-12-11	36.56	37.07	36.46	36.55	520700
2002-12-12	36.06	36.65	35.80	36.65	467400
2002-12-13	35.68	35.99	35.40	35.99	327800
2002-12-16	36.72	36.73	36.06	36.16	188900
2002-12-17	36.65	36.98	36.39	36.65	400600
2002-12-18	36.55	36.71	36.01	36.58	296500
2002-12-19	36.46	36.92	36.30	36.56	562700
2002-12-20	36.84	36.88	36.35	36.58	356100
2002-12-23	36.86	37.05	36.30	36.78	358900
2002-12-24	37.10	37.11	36.58	36.84	169600
2002-12-26	36.89	37.43	36.67	37.16	199200
2002-12-27	36.23	36.71	35.98	36.65	361000
2002-12-30	35.95	36.51	35.67	36.32	434000
2002-12-31	36.19	36.19	35.50	35.99	446500
2003-01-02	36.65	36.94	36.08	36.26	292600
2003-01-03	36.64	36.78	36.31	36.65	366400
2003-01-06	36.82	37.04	36.32	36.32	598700
2003-01-07	36.77	37.17	36.64	36.88	448900
2003-01-08	36.19	36.75	36.16	36.75	260100
2003-01-09	36.46	36.58	36.01	36.35	402400
2003-01-10	35.95	36.52	35.64	36.44	656000
2003-01-13	34.95	36.47	34.88	36.21	845900
2003-01-14	35.38	35.47	34.46	34.95	1247500
2003-01-15	34.85	35.40	34.29	35.40	733900
2003-01-16	34.10	35.21	34.02	34.85	432800
2003-01-17	33.83	34.06	33.61	33.94	607400
2003-01-21	33.12	33.94	33.05	33.90	585800
2003-01-22	32.65	33.38	32.59	33.12	763900
2003-01-23	33.21	33.24	32.13	32.69	740500
2003-01-24	33.11	34.55	32.62	34.13	1349900
2003-01-27	32.52	33.41	32.39	32.66	856600
2003-01-28	33.30	33.49	32.59	32.59	598000
2003-01-29	33.00	33.19	32.49	33.18	486800
2003-01-30	32.29	33.24	32.26	33.07	541900
2003-01-31	33.03	33.17	32.28	32.39	337900
2003-02-03	33.62	33.85	33.04	33.04	609600
2003-02-04	32.36	32.54	31.79	32.07	935900
2003-02-05	32.38	32.93	32.37	32.82	381500
2003-02-06	31.50	32.49	31.48	32.39	513700
2003-02-07	31.58	32.00	31.35	31.67	441600
2003-02-10	31.87	32.16	31.46	31.58	419500
2003-02-11	32.47	32.92	31.67	31.74	1217900
2003-02-12	32.27	32.92	32.27	32.52	1023400
2003-02-13	33.15	33.24	32.40	32.43	1284300
2003-02-14	33.77	33.93	33.07	33.28	710800
2003-02-18	33.99	34.34	33.83	33.87	588000
2003-02-19	34.00	34.10	33.51	33.99	362000
2003-02-20	34.05	34.13	33.77	33.96	341700
2003-02-21	35.27	35.27	33.77	34.03	819400
2003-02-24	34.55	35.18	34.44	35.18	380200
2003-02-25	34.46	34.78	34.04	34.38	353700
2003-02-26	33.86	34.47	33.80	34.47	351100
2003-02-27	34.80	34.88	33.85	34.02	550600
2003-02-28	35.01	35.34	34.80	34.80	465700
2003-03-03	35.02	35.30	34.75	35.17	464300
2003-03-04	34.65	35.02	34.54	35.01	255500
2003-03-05	34.80	35.24	34.55	34.68	348400
2003-03-06	34.49	34.73	34.31	34.71	232500
2003-03-07	34.68	34.79	34.15	34.25	344500
2003-03-10	33.76	34.71	33.72	34.69	198900
2003-03-11	32.76	33.88	32.67	33.49	425600
2003-03-12	32.67	32.90	32.14	32.71	522400
2003-03-13	34.27	34.35	32.99	33.06	304400
2003-03-14	34.99	35.37	34.13	34.36	668200
2003-03-17	36.16	36.16	34.57	34.67	804900
2003-03-18	35.85	36.55	35.73	36.16	424400
2003-03-19	36.31	36.48	35.85	35.85	319600
2003-03-20	36.78	36.88	35.56	36.31	343000
2003-03-21	37.64	37.79	36.43	37.14	383700
2003-03-24	36.78	37.64	36.55	37.64	435600
2003-03-25	36.75	37.11	36.58	36.84	277800
2003-03-26	36.60	36.95	36.29	36.49	240000
2003-03-27	36.84	37.07	36.21	36.44	174800
2003-03-28	37.50	37.64	36.68	36.76	527100
2003-03-31	37.50	37.96	36.88	37.27	446600
2003-04-01	37.60	37.83	37.17	37.56	323500
2003-04-02	38.07	38.68	38.05	38.09	407700
2003-04-03	38.55	38.90	37.90	38.24	539300
2003-04-04	39.10	39.39	38.70	38.71	520900
2003-04-07	38.29	40.06	38.29	39.99	948800
2003-04-08	38.46	38.55	38.06	38.29	535400
2003-04-09	38.78	39.21	38.34	38.48	569000
2003-04-10	38.38	38.97	38.22	38.78	387900
2003-04-11	38.88	39.03	38.51	38.81	289700
2003-04-14	39.47	39.56	38.91	38.91	269800
2003-04-15	39.33	39.86	39.29	39.47	700100
2003-04-16	39.55	39.63	39.37	39.41	351100
2003-04-17	39.79	39.83	39.39	39.39	336200
2003-04-21	40.28	40.35	39.83	39.85	419600
2003-04-22	47.00	47.00	43.27	43.27	3871300
2003-04-23	47.86	47.92	46.22	46.35	1525200
2003-04-24	45.33	46.13	45.04	45.24	2390700
2003-04-25	45.39	45.71	45.18	45.23	823500
2003-04-28	45.96	46.35	44.91	44.91	725600
2003-04-29	45.79	45.99	45.55	45.96	688900
2003-04-30	45.66	45.99	45.57	45.80	758500
2003-05-01	45.88	46.05	45.23	45.66	660500
2003-05-02	45.96	46.09	45.60	45.69	597400
2003-05-05	45.90	46.28	45.69	46.12	414100
2003-05-06	45.43	46.12	45.30	45.90	648700
2003-05-07	44.74	45.43	44.74	45.43	459400
2003-05-08	44.78	44.94	44.09	44.25	1173500
2003-05-09	45.35	45.38	44.74	44.83	531900
2003-05-12	46.62	46.64	44.95	45.35	705700
2003-05-13	45.92	46.55	45.81	46.51	402200
2003-05-14	46.48	46.55	45.99	46.09	371500
2003-05-15	46.27	46.61	46.06	46.60	349500
2003-05-16	46.25	46.51	46.03	46.18	457100
2003-05-19	45.46	46.64	45.46	46.64	486600
2003-05-20	45.60	45.91	45.19	45.54	263100
2003-05-21	46.15	46.16	45.34	45.60	523600
2003-05-22	46.60	46.67	46.18	46.45	481900
2003-05-23	46.47	46.64	46.30	46.64	312400
2003-05-27	46.77	47.08	46.22	46.47	345600
2003-05-28	46.91	47.50	46.91	47.14	540700
2003-05-29	47.19	48.24	47.00	47.00	524400
2003-05-30	47.92	48.18	47.29	47.29	768700
2003-06-02	48.78	49.51	48.11	48.11	653400
2003-06-03	47.92	49.11	47.72	48.78	587300
2003-06-04	48.03	48.39	47.79	47.92	529900
2003-06-05	48.75	48.80	48.15	48.24	602500
2003-06-06	49.40	49.79	49.24	49.56	752100
2003-06-09	48.21	49.49	48.02	49.40	578400
2003-06-10	48.57	48.64	48.19	48.38	1000800
2003-06-11	49.75	49.79	48.57	48.64	431400
2003-06-12	50.42	50.54	49.87	50.41	668700
2003-06-13	49.58	50.54	49.51	50.52	582700
2003-06-16	50.67	50.89	49.73	49.89	502400
2003-06-17	51.24	51.52	50.21	51.33	677700
2003-06-18	51.23	51.59	50.82	51.24	302300
2003-06-19	50.10	51.23	50.02	51.23	449100
2003-06-20	49.82	50.24	49.82	50.12	474900
2003-06-23	49.25	49.89	49.25	49.81	473300
2003-06-24	50.50	50.88	49.26	49.26	665400
2003-06-25	50.44	51.30	50.44	50.80	489000
2003-06-26	50.54	50.94	49.56	50.44	1002600
2003-06-27	50.36	51.00	50.29	50.54	369400
2003-06-30	50.21	50.67	50.12	50.49	240600
2003-07-01	50.35	50.41	49.95	50.22	699300
2003-07-02	50.87	50.94	50.29	50.48	332900
2003-07-03	50.94	51.22	50.71	50.80	190200
2003-07-07	50.92	51.28	50.84	50.98	433100
2003-07-08	51.11	51.20	50.81	50.87	301200
2003-07-09	50.61	51.20	50.50	51.07	425600
2003-07-10	50.06	50.54	49.39	50.51	557600
2003-07-11	49.98	50.21	49.58	50.15	340600
2003-07-14	50.54	50.80	50.42	50.54	310000
2003-07-15	51.00	51.66	50.92	51.36	360900
2003-07-16	49.59	51.07	49.56	51.07	463000
2003-07-17	48.97	49.85	48.96	49.56	479700
2003-07-18	49.95	50.09	48.99	49.13	355200
2003-07-21	50.90	51.24	49.75	49.95	811800
2003-07-22	51.01	51.69	49.95	51.20	1078900
2003-07-23	49.98	50.95	48.80	50.95	1563200
2003-07-24	49.47	50.65	49.43	50.08	556900
2003-07-25	49.73	49.85	49.23	49.64	330500
2003-07-28	50.30	50.54	49.59	49.63	405000
2003-07-29	49.87	50.28	49.30	50.28	448700
2003-07-30	49.56	50.08	49.30	50.04	245800
2003-07-31	49.60	50.15	49.47	49.89	366000
2003-08-01	49.01	49.60	48.64	49.60	545900
2003-08-04	48.44	48.80	47.73	48.74	615700
2003-08-05	48.23	49.18	47.93	48.57	719000
2003-08-06	48.53	48.87	48.10	48.23	438600
2003-08-07	48.44	48.49	47.82	48.49	485400
2003-08-08	48.64	49.03	48.34	48.57	205700
2003-08-11	48.32	48.90	47.98	48.70	405200
2003-08-12	48.59	48.77	48.36	48.48	165800
2003-08-13	48.13	48.80	48.11	48.67	283600
2003-08-14	48.19	48.35	48.05	48.21	341700
2003-08-15	48.17	48.32	47.94	48.25	115300
2003-08-18	48.09	48.24	48.02	48.07	425600
2003-08-19	47.92	48.24	47.73	48.15	401000
2003-08-20	47.59	47.85	47.42	47.46	464400
2003-08-21	47.91	48.20	47.65	47.65	237300
2003-08-22	47.60	48.11	47.59	48.05	355300
2003-08-25	47.46	47.65	47.27	47.53	118900
2003-08-26	47.69	47.91	47.26	47.44	208200
2003-08-27	47.63	47.69	47.25	47.62	283100
2003-08-28	47.91	47.98	47.10	47.68	336200
2003-08-29	48.17	48.37	47.52	47.88	179300
2003-09-02	48.37	48.48	47.80	48.21	313200
2003-09-03	48.43	48.63	48.32	48.57	418500
2003-09-04	48.37	48.57	48.34	48.56	190800
2003-09-05	48.50	48.86	48.28	48.37	380300
2003-09-08	48.38	48.65	48.21	48.60	344900
2003-09-09	47.90	48.35	47.84	48.24	287600
2003-09-10	47.59	48.04	47.55	47.90	293800
2003-09-11	47.60	47.91	47.38	47.75	260100
2003-09-12	47.15	47.59	46.69	47.59	441300
2003-09-15	47.20	47.23	46.09	47.15	661400
2003-09-16	48.28	48.58	47.81	47.81	581400
2003-09-17	47.96	48.45	47.82	48.45	338600
2003-09-18	48.88	48.92	47.84	47.84	288900
2003-09-19	49.13	49.28	48.93	49.04	318800
2003-09-22	49.09	49.13	48.80	49.13	242800
2003-09-23	49.56	49.62	48.80	49.11	181300
2003-09-24	48.83	49.95	48.71	49.88	291500
2003-09-25	48.53	49.15	48.48	48.90	242700
2003-09-26	48.44	49.06	48.30	48.53	306500
2003-09-29	49.13	49.20	48.52	48.53	212300
2003-09-30	49.40	49.74	48.70	48.99	419600
2003-10-01	50.74	50.78	49.32	49.56	421800
2003-10-02	50.74	51.06	50.45	51.00	209200
2003-10-03	51.37	51.59	51.10	51.10	337000
2003-10-06	51.78	51.87	51.08	51.37	239400
2003-10-07	51.71	51.92	51.49	51.75	245400
2003-10-08	52.45	52.52	51.62	51.71	347800
2003-10-09	52.22	52.58	51.77	51.87	551000
2003-10-10	51.93	52.24	51.56	52.21	219700
2003-10-13	52.24	52.49	52.02	52.05	206400
2003-10-14	52.38	52.41	52.06	52.25	351800
2003-10-15	52.58	52.84	52.16	52.48	177300
2003-10-16	52.92	53.06	52.57	52.58	271300
2003-10-17	51.18	51.93	50.86	51.92	1396200
2003-10-20	50.28	51.18	49.78	51.18	1282500
2003-10-21	54.32	55.26	51.42	51.43	3072700
2003-10-22	54.43	55.60	53.96	54.32	894200
2003-10-23	55.16	55.44	54.09	54.35	590200
2003-10-24	54.58	55.14	54.07	55.14	411500
2003-10-27	54.30	54.82	54.28	54.58	348300
2003-10-28	54.21	54.52	53.66	54.45	470100
2003-10-29	54.91	55.67	54.01	54.22	522400
2003-10-30	54.75	55.19	54.42	54.91	226700
2003-10-31	54.52	55.01	54.32	54.84	245100
2003-11-03	55.21	55.21	54.86	55.21	404000
2003-11-04	54.64	55.21	54.44	55.21	311700
2003-11-05	54.61	54.75	53.88	54.34	259600
2003-11-06	54.84	54.84	54.09	54.78	289400
2003-11-07	53.89	54.94	53.59	54.94	475700
2003-11-10	53.36	54.18	53.10	53.89	238100
2003-11-11	52.90	53.44	52.80	53.37	518400
2003-11-12	52.70	53.17	52.62	52.84	365200
2003-11-13	53.54	53.66	52.84	52.84	446300
2003-11-14	53.09	53.68	53.02	53.67	341300
2003-11-17	52.91	53.05	52.46	52.92	242900
2003-11-18	52.63	53.29	52.57	52.84	237800
2003-11-19	52.23	52.68	51.62	52.68	408400
2003-11-20	51.79	52.25	51.41	52.10	382800
2003-11-21	51.56	51.98	51.45	51.95	149600
2003-11-24	52.97	53.00	51.65	51.72	366600
2003-11-25	53.49	53.62	52.97	52.97	370200
2003-11-26	53.78	53.89	53.18	53.72	242500
2003-11-28	54.08	54.08	53.58	53.76	89800
2003-12-01	54.57	54.70	54.16	54.35	257400
2003-12-02	54.22	54.57	53.93	54.51	294000
2003-12-03	53.56	54.51	53.29	54.41	279100
2003-12-04	54.08	54.12	53.43	53.55	272200
2003-12-05	54.32	54.70	53.79	53.79	381600
2003-12-08	54.48	54.48	53.92	54.16	155900
2003-12-09	54.26	54.66	54.18	54.48	276800
2003-12-10	53.03	54.35	52.64	54.35	527800
2003-12-11	53.39	53.51	52.81	52.89	215000
2003-12-12	53.49	53.62	53.16	53.46	179400
2003-12-15	52.83	54.18	52.77	54.15	269000
2003-12-16	53.47	53.76	52.64	53.00	411800
2003-12-17	53.81	53.89	53.04	53.43	225900
2003-12-18	54.41	54.45	53.89	54.12	235500
2003-12-19	55.10	55.10	54.35	54.48	273800
2003-12-22	54.72	55.13	54.45	55.10	388100
2003-12-23	54.62	54.94	54.58	54.88	220300
2003-12-24	54.62	55.01	54.61	54.64	96200
2003-12-26	54.77	55.20	54.52	54.54	161100
2003-12-29	55.26	55.33	54.77	54.77	201000
2003-12-30	55.49	55.66	54.99	55.20	180500
2003-12-31	55.66	56.09	55.53	55.60	233600
2004-01-02	55.14	55.60	54.98	55.33	240500
2004-01-05	54.84	55.33	54.74	55.14	412900
2004-01-06	54.60	55.04	54.56	54.74	352100
2004-01-07	55.18	55.37	54.58	54.84	261000
2004-01-08	54.44	55.01	54.39	55.01	360900
2004-01-09	54.95	56.49	54.22	54.22	377200
2004-01-12	56.68	56.69	54.94	54.94	535600
2004-01-13	56.14	57.18	56.00	56.72	269600
2004-01-14	56.10	56.81	55.99	55.99	523300
2004-01-15	56.52	56.62	55.66	56.16	183100
2004-01-16	56.81	56.89	56.43	56.45	195700
2004-01-20	56.81	56.85	56.10	56.85	536000
2004-01-21	57.56	57.67	56.76	56.85	343300
2004-01-22	57.16	57.77	56.95	57.62	209300
2004-01-23	57.05	57.49	56.96	57.24	220400
2004-01-26	57.74	57.93	57.08	57.11	249500
2004-01-27	57.18	57.62	56.95	57.51	200500
2004-01-28	56.12	57.83	56.12	57.51	248600
2004-01-29	55.66	56.51	55.20	56.14	343400
2004-01-30	55.98	56.03	55.08	55.63	392400
2004-02-02	56.42	56.45	55.81	55.93	338200
2004-02-03	57.64	57.83	56.52	56.75	1015200
2004-02-04	58.03	58.07	57.08	57.90	745600
2004-02-05	57.97	58.14	57.24	57.90	300700
2004-02-06	58.24	58.42	57.95	57.95	236900
2004-02-09	58.39	58.76	58.26	58.57	186500
2004-02-10	57.39	58.49	57.08	58.39	446500
2004-02-11	57.60	58.42	56.61	58.42	325200
2004-02-12	57.37	57.97	57.18	57.83	182500
2004-02-13	56.95	57.85	56.65	57.57	206200
2004-02-17	57.01	57.11	56.82	56.94	282100
2004-02-18	56.55	57.13	56.43	57.11	263300
2004-02-19	56.53	56.88	56.45	56.72	401800
2004-02-20	56.38	56.67	56.14	56.53	204100
2004-02-23	56.02	56.45	55.93	56.45	230300
2004-02-24	55.66	56.14	55.40	56.11	273000
2004-02-25	56.21	56.32	55.76	55.80	299000
2004-02-26	56.95	57.09	56.06	56.26	223100
2004-02-27	57.57	57.61	56.98	57.01	284500
2004-03-01	57.86	58.10	57.67	57.67	222100
2004-03-02	57.42	58.30	57.33	57.88	308700
2004-03-03	57.89	58.00	57.31	57.42	132300
2004-03-04	57.41	57.97	57.35	57.95	161900
2004-03-05	57.89	57.99	57.32	57.34	131200
2004-03-08	57.51	58.05	57.51	57.90	107400
2004-03-09	57.26	57.58	56.95	57.51	185500
2004-03-10	57.12	57.49	57.05	57.36	207400
2004-03-11	56.26	57.37	56.26	57.12	389800
2004-03-12	57.17	57.20	56.39	56.39	287600
2004-03-15	55.20	57.24	54.62	57.16	320600
2004-03-16	56.25	56.47	55.35	55.50	328400
2004-03-17	56.54	56.59	56.07	56.26	209800
2004-03-18	56.00	56.49	55.47	56.49	221000
2004-03-19	55.81	56.25	55.73	55.94	144900
2004-03-22	55.11	55.73	54.90	55.73	180300
2004-03-23	54.88	55.40	54.87	55.20	168600
2004-03-24	54.35	55.16	54.13	55.04	259800
2004-03-25	55.26	55.73	54.63	54.67	261300
2004-03-26	54.83	55.28	54.83	55.16	203200
2004-03-29	55.68	55.83	54.99	54.99	219400
2004-03-30	55.91	55.97	55.64	55.68	198000
2004-03-31	56.28	56.55	55.73	55.97	196000
2004-04-01	57.58	57.78	56.22	56.35	272200
2004-04-02	57.31	57.94	57.01	57.74	299600
2004-04-05	58.72	58.76	57.21	57.23	437200
2004-04-06	59.19	59.73	58.50	58.55	555900
2004-04-07	58.89	59.27	58.76	59.15	213500
2004-04-08	58.42	59.15	58.42	58.94	307000
2004-04-12	58.21	58.63	58.14	58.36	254300
2004-04-13	57.40	58.33	57.40	58.27	190800
2004-04-14	56.67	57.40	56.42	57.11	413200
2004-04-15	56.84	56.99	56.33	56.93	314000
2004-04-16	57.40	57.49	56.61	56.78	383600
2004-04-19	58.26	58.26	57.31	57.31	337300
2004-04-20	56.43	57.64	56.43	56.82	741500
2004-04-21	56.41	56.74	55.92	56.27	468700
2004-04-22	56.68	57.46	56.04	56.41	517700
2004-04-23	56.12	56.78	56.00	56.78	178800
2004-04-26	55.86	56.52	55.75	56.06	331500
2004-04-27	56.39	56.45	55.79	55.86	302100
2004-04-28	56.19	56.49	55.99	56.42	328400
2004-04-29	56.16	56.64	55.91	56.19	334000
2004-04-30	56.11	56.45	55.99	56.16	331600
2004-05-03	56.04	56.32	55.93	56.11	576100
2004-05-04	55.86	56.47	55.71	56.01	443700
2004-05-05	55.93	56.26	55.73	55.95	250800
2004-05-06	55.19	55.60	55.07	55.40	361400
2004-05-07	53.92	54.99	53.75	54.99	353200
2004-05-10	52.88	53.57	52.44	53.42	583000
2004-05-11	53.42	53.55	52.85	53.04	490500
2004-05-12	53.11	53.42	51.97	53.42	452500
2004-05-13	52.92	53.52	52.78	53.01	241200
2004-05-14	53.03	53.39	52.76	52.86	248400
2004-05-17	52.36	52.89	52.01	52.83	290400
2004-05-18	51.74	52.58	51.38	52.38	777500
2004-05-19	51.33	52.61	51.31	51.94	525100
2004-05-20	51.97	52.07	51.32	51.45	299000
2004-05-21	52.71	52.94	51.94	51.94	301900
2004-05-24	53.01	53.29	52.70	52.83	261900
2004-05-25	53.23	53.34	52.29	52.98	395800
2004-05-26	53.42	53.54	52.83	53.23	350000
2004-05-27	53.36	53.82	53.08	53.42	249600
2004-05-28	53.98	54.02	53.29	53.42	757400
2004-06-01	53.75	53.96	53.49	53.89	241200
2004-06-02	54.72	54.78	53.80	53.92	272400
2004-06-03	54.39	54.93	54.25	54.71	318400
2004-06-04	55.07	55.26	54.49	54.49	223400
2004-06-07	56.11	56.11	55.10	55.10	347300
2004-06-08	55.80	56.19	55.57	56.03	212300
2004-06-09	55.47	55.84	55.36	55.84	230200
2004-06-10	54.87	55.14	54.51	54.74	397100
2004-06-14	54.54	54.88	54.38	54.74	272600
2004-06-15	54.35	54.81	53.96	54.71	371800
2004-06-16	52.76	54.02	52.63	54.02	1203600
2004-06-17	53.76	53.96	52.75	52.76	579000
2004-06-18	53.89	54.05	53.55	53.59	474000
2004-06-21	53.65	53.79	53.12	53.79	608000
2004-06-22	53.49	53.75	53.13	53.49	340600
2004-06-23	53.54	53.69	53.20	53.42	424700
2004-06-24	53.16	53.78	53.11	53.52	282300
2004-06-25	53.25	53.50	53.09	53.26	230000
2004-06-28	52.75	53.51	52.66	53.30	362700
2004-06-29	52.58	52.90	52.44	52.75	396500
2004-06-30	53.00	53.00	52.47	52.49	466600
2004-07-01	52.42	53.09	52.41	52.96	307200
2004-07-02	52.55	52.96	52.32	52.47	371600
2004-07-06	52.47	52.56	52.10	52.56	212000
2004-07-07	52.51	52.70	52.20	52.53	251200
2004-07-08	52.14	52.66	52.07	52.61	249600
2004-07-09	52.86	52.91	52.24	52.24	263200
2004-07-12	53.01	53.08	52.49	52.61	113500
2004-07-13	52.99	53.39	52.90	53.09	150600
2004-07-14	52.61	53.05	52.28	52.90	240100
2004-07-15	52.37	52.64	52.09	52.50	291600
2004-07-16	52.39	52.63	52.20	52.43	193400
2004-07-19	53.40	53.40	52.49	52.49	470300
2004-07-20	49.27	51.94	48.44	50.79	3306800
2004-07-21	47.57	49.56	47.55	49.27	1718800
2004-07-22	47.52	47.88	47.40	47.65	813800
2004-07-23	48.14	48.40	46.83	47.36	773200
2004-07-26	48.81	49.07	48.56	48.81	1043000
2004-07-27	48.73	48.93	48.48	48.81	404700
2004-07-28	48.25	49.08	47.90	48.73	313700
2004-07-29	48.69	48.69	48.11	48.58	419400
2004-07-30	48.46	48.65	48.28	48.63	222600
2004-08-02	48.15	48.46	47.75	48.46	348700
2004-08-03	47.80	48.13	46.56	48.05	393700
2004-08-04	47.57	47.75	47.41	47.64	297200
2004-08-05	47.39	47.67	47.39	47.62	283800
2004-08-06	47.39	47.40	46.79	47.40	351800
2004-08-09	47.17	47.69	47.08	47.42	505200
2004-08-10	47.59	47.88	47.21	47.30	356100
2004-08-11	47.45	47.74	47.06	47.52	368700
2004-08-12	47.05	47.57	46.89	47.45	219200
2004-08-13	46.60	46.92	46.30	46.83	443800
2004-08-16	47.21	47.76	46.83	46.87	370300
2004-08-17	47.34	47.44	47.07	47.34	272400
2004-08-18	47.65	47.67	47.03	47.29	151400
2004-08-19	47.66	47.82	47.39	47.49	214800
2004-08-20	47.47	47.78	47.42	47.55	162200
2004-08-23	46.93	47.61	46.85	47.47	150800
2004-08-24	46.63	47.03	46.43	46.99	409900
2004-08-25	46.94	47.09	46.21	46.61	324500
2004-08-26	46.43	46.93	46.37	46.81	243100
2004-08-27	46.44	46.60	46.24	46.56	137700
2004-08-30	46.23	46.69	46.12	46.55	199800
2004-08-31	46.34	46.34	45.80	46.06	330200
2004-09-01	46.48	46.58	45.90	46.21	462300
2004-09-02	48.07	48.10	45.70	46.43	860100
2004-09-03	47.76	48.33	47.69	47.95	325200
2004-09-07	48.47	48.47	47.83	47.83	339300
2004-09-08	47.79	48.71	47.53	48.54	297300
2004-09-09	47.34	47.82	46.86	47.69	312900
2004-09-10	46.95	47.39	46.62	47.27	294400
2004-09-13	47.52	47.63	47.03	47.06	479400
2004-09-14	47.22	47.66	47.06	47.52	465900
2004-09-15	47.96	48.31	47.03	47.15	833800
2004-09-16	49.14	49.28	47.98	47.98	482400
2004-09-17	49.14	49.76	48.91	49.30	580600
2004-09-20	48.79	49.14	48.76	49.04	211300
2004-09-21	49.40	49.44	48.74	48.78	253800
2004-09-22	49.26	49.50	49.11	49.45	384600
2004-09-23	48.91	49.28	48.76	49.26	287500
2004-09-24	48.92	49.25	48.61	48.83	123200
2004-09-27	48.91	49.31	48.70	48.88	274900
2004-09-28	48.99	49.35	48.93	48.93	350300
2004-09-29	48.83	49.26	48.81	49.17	202100
2004-09-30	49.09	49.31	48.51	48.68	288700
2004-10-01	49.87	50.25	49.14	49.17	480800
2004-10-04	50.51	50.65	49.98	50.00	415400
2004-10-05	50.02	50.55	49.84	50.53	422700
2004-10-06	50.18	50.22	49.64	49.90	449400
2004-10-07	49.97	50.42	49.92	50.21	374500
2004-10-08	49.78	50.22	49.77	49.97	187000
2004-10-11	49.70	50.24	49.68	49.88	165500
2004-10-12	49.67	49.89	49.58	49.67	249800
2004-10-13	50.53	50.66	49.78	49.84	638200
2004-10-14	48.95	50.84	48.63	50.46	1630900
2004-10-15	50.03	50.07	47.75	48.21	1526300
2004-10-18	49.93	50.55	49.52	50.36	779800
2004-10-19	49.91	51.15	49.11	51.02	2278900
2004-10-20	50.12	50.42	49.71	49.91	1048200
2004-10-21	50.12	50.26	49.73	49.93	298600
2004-10-22	50.03	50.28	49.87	50.02	338300
2004-10-25	50.28	50.33	49.63	49.87	321000
2004-10-26	51.86	52.14	50.63	50.65	1108100
2004-10-27	52.27	52.39	51.53	51.82	353100
2004-10-28	52.56	52.82	52.03	52.18	223800
2004-10-29	52.42	52.81	52.11	52.40	243000
2004-11-01	52.47	52.63	52.16	52.44	208800
2004-11-02	53.00	53.47	52.44	52.77	350200
2004-11-03	53.08	54.29	52.79	54.29	367500
2004-11-04	54.11	54.15	53.00	53.04	240100
2004-11-05	54.38	54.68	53.83	54.36	392500
2004-11-08	54.13	54.81	54.03	54.28	401300
2004-11-09	54.02	54.29	53.93	54.09	294200
2004-11-10	54.46	54.62	54.11	54.23	261600
2004-11-11	54.36	54.65	54.28	54.53	147800
2004-11-12	54.42	54.42	53.68	54.41	520200
2004-11-15	54.43	54.62	53.99	54.42	214900
2004-11-16	54.10	54.53	53.98	54.36	304400
2004-11-17	54.89	55.10	54.11	54.11	217000
2004-11-18	55.08	55.18	54.50	54.62	240600
2004-11-19	54.65	54.94	54.55	54.91	179500
2004-11-22	55.46	55.51	54.62	54.69	119400
2004-11-23	54.95	55.48	54.75	55.48	249400
2004-11-24	54.93	55.55	54.70	55.01	317900
2004-11-26	54.89	55.12	54.83	55.00	57500
2004-11-29	54.46	54.88	54.29	54.88	413700
2004-11-30	55.73	55.84	54.09	54.24	725100
2004-12-01	57.12	57.17	55.57	56.01	416300
2004-12-02	56.87	57.26	56.74	57.15	313400
2004-12-03	57.27	57.32	56.91	56.92	436500
2004-12-06	57.15	57.37	56.74	57.20	181200
2004-12-07	57.16	57.75	56.87	57.15	491300
2004-12-08	57.46	57.98	57.30	57.33	462900
2004-12-09	57.99	58.19	57.13	57.48	189200
2004-12-10	57.99	58.98	57.37	58.98	169800
2004-12-13	58.15	58.52	57.94	58.16	237500
2004-12-14	58.48	58.73	57.98	58.35	509600
2004-12-15	58.19	58.49	58.06	58.49	347300
2004-12-16	58.46	58.49	58.19	58.49	413800
2004-12-17	58.95	59.16	58.21	58.39	455000
2004-12-20	58.76	59.15	58.21	59.13	231600
2004-12-21	58.95	59.12	58.54	58.93	281200
2004-12-22	59.23	59.28	58.85	58.98	381300
2004-12-23	59.28	59.44	58.99	59.25	169400
2004-12-27	58.84	59.02	58.66	59.02	190600
2004-12-28	59.57	59.57	59.01	59.01	119400
2004-12-29	59.55	59.66	59.31	59.47	174000
2004-12-30	59.60	59.70	59.31	59.61	152100
2004-12-31	59.22	59.71	59.22	59.60	168000
2005-01-03	58.54	59.30	58.46	59.16	367200
2005-01-04	57.99	58.81	57.99	58.52	226100
2005-01-05	57.26	57.79	57.19	57.75	316400
2005-01-06	57.42	57.97	56.67	57.09	392300
2005-01-07	57.33	57.77	57.33	57.59	317700
2005-01-10	57.97	58.19	57.45	57.45	214900
2005-01-11	57.81	58.06	57.76	57.97	333700
2005-01-12	58.21	58.32	57.78	57.94	357700
2005-01-13	57.79	58.46	57.78	58.21	186800
2005-01-14	58.89	59.20	57.37	57.37	1032900
2005-01-18	60.04	60.05	58.65	58.70	590700
2005-01-19	58.85	60.14	58.85	60.04	465200
2005-01-20	58.26	58.85	57.86	58.85	313900
2005-01-21	56.88	58.19	56.88	58.19	576700
2005-01-24	56.35	57.02	56.34	57.02	392900
2005-01-25	57.66	57.87	55.75	56.02	783700
2005-01-26	58.34	58.60	57.68	57.93	307200
2005-01-27	57.03	58.35	56.80	58.17	400000
2005-01-28	56.70	57.46	56.27	56.97	308400
2005-01-31	57.46	57.52	56.79	56.83	207800
2005-02-01	56.94	57.95	55.71	57.46	725900
2005-02-02	56.21	56.80	56.02	56.80	560700
2005-02-03	56.82	56.98	55.98	56.21	625200
2005-02-04	57.56	57.56	56.72	56.96	257500
2005-02-07	57.85	58.30	57.13	57.40	486300
2005-02-08	58.25	58.32	57.80	57.85	446700
2005-02-09	58.36	58.60	58.06	58.22	582500
2005-02-10	58.75	58.83	58.19	58.23	446100
2005-02-11	59.24	60.10	58.49	58.62	491500
2005-02-14	59.21	59.35	58.88	59.15	390400
2005-02-15	58.89	59.31	58.69	59.31	255700
2005-02-16	59.10	59.23	58.79	58.89	253700
2005-02-17	59.18	59.22	58.65	58.93	324800
2005-02-18	59.03	59.45	58.73	59.26	318700
2005-02-22	57.35	58.87	57.14	58.87	390900
2005-02-23	57.73	58.24	57.35	57.37	323400
2005-02-24	57.66	58.02	57.41	57.65	263500
2005-02-25	58.03	58.16	57.66	57.66	245400
2005-02-28	57.44	57.86	57.03	57.86	373300
2005-03-01	57.53	57.91	57.37	57.51	274100
2005-03-02	57.74	57.84	56.74	57.40	308400
2005-03-03	57.25	57.89	57.11	57.81	169600
2005-03-04	58.15	58.26	57.21	57.41	250600
2005-03-07	58.32	58.54	58.07	58.08	168200
2005-03-08	58.23	58.42	58.18	58.21	209200
2005-03-09	58.29	58.58	58.10	58.17	201700
2005-03-10	58.59	58.83	58.27	58.27	156700
2005-03-11	58.77	58.92	58.33	58.70	251600
2005-03-14	59.60	59.74	58.73	58.90	291000
2005-03-15	59.40	59.62	59.13	59.36	491700
2005-03-16	58.91	59.57	58.79	59.57	469200
2005-03-17	58.32	59.01	58.25	58.93	602500
2005-03-18	57.77	58.29	57.35	58.10	585500
2005-03-21	57.91	58.10	57.55	57.64	206100
2005-03-22	57.27	58.03	57.14	57.93	361300
2005-03-23	56.93	57.54	56.93	57.27	355500
2005-03-24	56.55	57.06	56.54	56.81	139200
2005-03-28	57.55	58.05	56.36	56.36	343000
2005-03-29	57.17	57.54	57.08	57.38	251500
2005-03-30	56.91	56.98	56.61	56.84	318000
2005-03-31	56.35	57.31	56.30	56.98	308400
2005-04-01	55.39	56.65	54.66	56.48	532800
2005-04-04	56.15	56.52	54.93	55.46	550600
2005-04-05	56.11	56.47	55.97	56.31	170400
2005-04-06	56.13	56.71	56.07	56.25	265900
2005-04-07	56.90	56.96	56.01	56.04	285400
2005-04-08	56.54	57.07	56.33	56.90	222500
2005-04-11	56.46	56.66	56.23	56.54	283900
2005-04-12	57.46	57.60	56.40	56.62	472100
2005-04-13	56.11	57.40	55.95	57.31	244100
2005-04-14	56.07	56.27	55.85	56.01	295100
2005-04-15	55.92	56.27	55.78	55.97	366300
2005-04-18	56.95	56.99	55.52	55.92	707000
2005-04-19	55.69	55.91	54.77	54.80	1039100
2005-04-20	54.90	55.71	54.82	55.69	582400
2005-04-21	54.66	55.22	54.42	55.06	624200
2005-04-22	55.73	55.73	54.35	54.56	469500
2005-04-25	55.86	55.98	55.35	55.53	393900
2005-04-26	54.57	55.81	54.46	55.75	361800
2005-04-27	54.71	55.09	53.80	54.29	340100
2005-04-28	54.47	55.37	54.21	54.82	360200
2005-04-29	54.43	54.59	53.10	54.59	751600
2005-05-02	55.44	55.44	54.36	54.36	453600
2005-05-03	55.10	55.64	54.83	55.44	430400
2005-05-04	56.23	56.29	55.09	55.19	259300
2005-05-05	56.65	56.96	55.98	56.07	419800
2005-05-06	57.04	57.12	56.62	56.72	219200
2005-05-09	57.66	57.66	56.84	56.94	372600
2005-05-10	57.44	57.74	57.24	57.47	390400
2005-05-11	58.07	58.12	57.27	57.44	267800
2005-05-12	57.36	58.25	57.34	58.00	249300
2005-05-13	56.60	57.54	56.09	57.47	467600
2005-05-16	56.74	56.81	56.39	56.61	249700
2005-05-17	56.94	57.17	56.58	56.68	294200
2005-05-18	57.46	57.52	56.97	56.97	396200
2005-05-19	57.86	57.86	57.27	57.40	217300
2005-05-20	57.97	58.78	57.74	57.91	377000
2005-05-23	58.31	58.40	57.88	57.90	287200
2005-05-24	59.15	59.51	58.32	58.48	432300
2005-05-25	58.69	59.17	58.55	58.93	427900
2005-05-26	58.80	59.27	58.60	58.70	324700
2005-05-27	58.98	58.99	58.72	58.80	212200
2005-05-31	59.32	59.46	58.92	59.00	204300
2005-06-01	59.99	60.11	59.27	59.32	228700
2005-06-02	60.20	60.32	59.56	59.86	337200
2005-06-03	60.21	60.36	60.00	60.19	239700
2005-06-06	60.62	60.62	60.02	60.07	170700
2005-06-07	61.21	61.47	60.62	60.62	435700
2005-06-08	60.31	60.55	59.44	60.54	866700
2005-06-09	59.63	60.17	59.25	60.17	411700
2005-06-10	59.01	59.63	58.89	59.63	283400
2005-06-13	59.36	59.38	58.78	59.01	160300
2005-06-14	59.53	59.58	59.00	59.21	167100
2005-06-15	59.56	59.67	59.27	59.67	92600
2005-06-16	60.70	60.72	59.40	59.53	174300
2005-06-17	60.96	61.22	60.72	60.97	305000
2005-06-20	60.79	60.86	60.46	60.82	130100
2005-06-21	61.33	61.49	60.64	60.89	179200
2005-06-22	61.20	61.44	60.72	61.32	156100
2005-06-23	60.31	61.27	60.19	61.25	101100
2005-06-24	60.44	60.54	60.13	60.27	122100
2005-06-27	60.38	60.51	60.09	60.37	115800
2005-06-28	61.35	61.62	60.33	60.33	201200
2005-06-29	61.61	61.82	61.33	61.51	212500
2005-06-30	61.65	61.98	61.61	61.98	252000
2005-07-01	61.83	62.27	61.70	61.98	178100
2005-07-05	62.15	62.25	61.68	61.83	210300
2005-07-06	61.98	62.67	61.78	62.16	352800
2005-07-07	62.29	62.29	61.38	61.98	384800
2005-07-08	62.12	62.29	61.55	62.29	256500
2005-07-11	62.65	62.83	61.95	61.95	340700
2005-07-12	63.02	63.16	62.71	62.72	267400
2005-07-13	63.10	63.24	62.78	62.98	319600
2005-07-14	63.48	63.74	63.32	63.43	334900
2005-07-15	63.52	63.68	63.21	63.42	257400
2005-07-18	63.59	63.85	63.42	63.42	152700
2005-07-19	64.11	64.31	63.55	63.65	163400
2005-07-20	64.34	64.42	63.95	63.95	254900
2005-07-21	63.74	64.57	63.71	64.40	248700
2005-07-22	63.41	63.91	63.35	63.66	412400
2005-07-25	62.77	63.57	62.65	63.47	428100
2005-07-26	65.29	65.43	63.27	63.31	1008800
2005-07-27	64.61	65.29	64.24	65.29	346700
2005-07-28	64.61	64.79	63.87	64.44	255900
2005-07-29	64.57	65.15	64.36	64.55	329400
2005-08-01	64.26	64.40	63.96	64.40	184900
2005-08-02	64.75	64.80	64.28	64.32	145600
2005-08-03	64.89	65.11	64.63	64.88	202900
2005-08-04	64.31	64.71	64.24	64.30	252900
2005-08-05	63.57	64.20	63.38	64.20	263200
2005-08-08	63.12	63.74	63.06	63.57	188300
2005-08-09	62.75	63.14	62.60	63.14	279800
2005-08-10	62.51	62.93	62.45	62.91	361400
2005-08-11	62.75	62.86	62.31	62.38	202400
2005-08-12	62.71	62.84	62.13	62.71	184300
2005-08-15	62.96	63.14	62.55	62.65	167100
2005-08-16	62.67	62.92	62.52	62.86	128400
2005-08-17	62.73	62.83	62.11	62.67	139000
2005-08-18	62.76	62.95	62.31	62.67	124100
2005-08-19	62.65	62.83	62.46	62.83	162800
2005-08-22	63.38	63.41	62.61	62.65	184800
2005-08-23	63.01	63.47	62.96	63.35	100600
2005-08-24	62.77	63.31	62.67	63.02	149300
2005-08-25	62.97	63.04	62.72	62.83	131500
2005-08-26	62.30	62.98	62.20	62.98	94300
2005-08-29	62.33	62.36	61.32	62.13	286500
2005-08-30	62.12	62.41	61.89	62.25	201200
2005-08-31	61.45	61.96	60.71	61.90	512500
2005-09-01	61.03	61.46	60.81	61.13	224000
2005-09-02	61.02	61.07	59.67	61.01	467900
2005-09-06	61.94	62.27	60.98	61.16	347700
2005-09-07	62.75	62.77	61.86	61.86	264100
2005-09-08	61.06	62.59	60.99	62.59	627500
2005-09-09	62.35	62.61	60.76	61.06	794800
2005-09-12	62.72	62.78	61.70	62.19	530100
2005-09-13	63.79	64.70	59.31	60.06	551100
2005-09-14	62.92	63.63	62.37	63.63	385200
2005-09-15	63.40	64.11	62.53	63.02	432900
2005-09-16	66.38	66.71	63.28	63.28	1295900
2005-09-19	65.21	66.04	65.08	66.04	394300
2005-09-20	64.67	65.81	64.54	65.37	320900
2005-09-21	62.98	64.38	62.37	64.38	665300
2005-09-22	62.31	62.55	59.96	62.35	1398000
2005-09-23	64.25	64.68	62.37	62.39	542900
2005-09-26	64.23	65.71	64.01	65.71	526100
2005-09-27	64.05	64.61	63.63	64.61	501100
2005-09-28	63.87	64.31	63.66	64.11	431700
2005-09-29	64.52	64.52	63.58	63.95	260700
2005-09-30	64.98	64.98	64.22	64.69	277800
2005-10-03	63.85	65.37	63.57	65.37	481000
2005-10-04	63.28	63.83	63.03	63.81	595100
2005-10-05	62.71	63.50	62.67	63.28	357500
2005-10-06	62.40	63.73	61.25	62.87	993300
2005-10-07	62.25	62.39	61.72	61.89	2118400
2005-10-10	61.72	62.35	61.64	62.26	514500
2005-10-11	60.55	61.72	60.53	61.72	948000
2005-10-12	60.48	60.91	60.06	60.16	512500
2005-10-13	60.87	61.23	60.32	60.47	549300
2005-10-14	61.13	61.44	60.80	61.16	476000
2005-10-17	60.64	61.58	60.25	61.56	436000
2005-10-18	59.75	60.60	59.75	60.53	408300
2005-10-19	60.66	60.69	58.74	59.67	683500
2005-10-20	59.75	60.52	59.29	60.40	363900
2005-10-21	61.42	61.78	60.28	60.73	693400
2005-10-24	63.87	63.89	61.55	61.59	594900
2005-10-25	62.32	63.25	60.40	63.05	1618900
2005-10-26	63.05	63.29	61.19	61.72	1056200
2005-10-27	63.68	64.54	62.59	63.05	1134100
2005-10-28	64.58	64.91	63.88	64.05	769400
2005-10-31	66.00	66.02	64.64	64.64	701500
2005-11-01	65.90	65.95	65.41	65.90	470600
2005-11-02	67.01	67.48	64.79	65.74	1098800
2005-11-03	66.48	67.01	65.45	67.01	738700
2005-11-04	66.96	67.29	66.01	66.48	535200
2005-11-07	66.54	67.13	66.04	67.13	299000
2005-11-08	65.57	66.41	65.48	66.41	229700
2005-11-09	65.21	65.76	65.00	65.72	577200
2005-11-10	66.79	67.14	65.05	65.21	680600
2005-11-11	68.27	68.63	66.59	66.89	569400
2005-11-14	71.24	72.00	68.70	68.70	1477200
2005-11-15	70.64	71.17	70.46	71.05	611900
2005-11-16	70.60	70.85	70.06	70.70	419100
2005-11-17	70.68	71.15	70.55	70.77	593300
2005-11-18	70.25	70.88	69.69	70.82	412200
2005-11-21	70.13	70.52	69.71	70.42	378200
2005-11-22	69.80	70.21	69.40	70.05	485300
2005-11-23	71.14	71.61	69.66	69.66	473100
2005-11-25	70.94	71.36	70.59	71.28	164300
2005-11-28	70.72	71.16	70.19	71.08	356300
2005-11-29	70.34	70.92	69.16	70.72	568600
2005-11-30	69.84	70.49	69.52	70.09	630500
2005-12-01	69.71	70.36	69.46	70.17	662700
2005-12-02	68.70	68.81	67.99	68.76	1419500
2005-12-05	68.03	68.66	66.78	68.66	1033000
2005-12-06	67.42	68.90	67.41	68.30	579700
2005-12-07	66.87	67.92	66.77	67.34	622700
2005-12-08	66.72	67.77	66.56	66.97	406000
2005-12-09	67.91	68.16	66.74	66.79	440900
2005-12-12	68.13	68.59	67.84	68.04	370200
2005-12-13	67.81	68.57	67.63	68.05	348900
2005-12-14	67.73	68.27	67.56	67.80	270000
2005-12-15	67.24	67.93	66.94	67.80	300000
2005-12-16	66.10	67.36	66.10	67.32	571200
2005-12-19	64.48	66.49	64.23	66.11	722000
2005-12-20	65.91	66.01	64.66	64.66	676600
2005-12-21	66.34	66.80	65.99	66.07	460400
2005-12-22	67.08	67.14	66.21	66.21	320200
2005-12-23	67.03	67.63	66.81	67.18	228600
2005-12-27	66.66	68.25	66.56	66.99	329900
2005-12-28	67.40	68.08	66.97	66.97	360800
2005-12-29	67.44	68.01	67.29	67.40	157600
2005-12-30	66.67	67.28	66.23	67.28	319600
2006-01-03	66.98	67.08	65.14	66.84	727900
2006-01-04	67.14	68.21	66.82	67.04	467400
2006-01-05	66.86	67.42	66.58	67.30	272400
2006-01-06	67.96	67.99	66.97	67.03	288000
2006-01-09	67.79	68.03	67.51	67.90	376500
2006-01-10	67.93	68.24	67.43	67.63	361500
2006-01-11	68.45	68.60	67.77	68.05	293800
2006-01-12	67.54	68.49	67.53	68.46	194500
2006-01-13	66.07	66.88	65.47	65.51	589400
2006-01-17	65.95	66.26	65.61	66.05	344800
2006-01-18	65.39	65.81	64.88	65.81	389900
2006-01-19	64.74	65.28	64.55	65.04	423200
2006-01-20	63.40	64.94	63.32	64.71	493100
2006-01-23	63.14	63.97	63.04	63.50	328400
2006-01-24	63.65	63.81	63.10	63.24	511200
2006-01-25	63.69	65.10	63.67	64.31	728200
2006-01-26	64.61	64.96	63.69	63.69	625100
2006-01-27	65.60	65.94	64.93	65.28	727000
2006-01-30	66.45	66.74	65.98	66.44	800100
2006-01-31	64.21	65.12	63.67	65.11	1562400
2006-02-01	65.38	65.52	64.78	64.88	753300
2006-02-02	65.28	65.48	64.66	65.11	564300
2006-02-03	64.87	65.32	64.75	65.28	431700
2006-02-06	64.74	65.16	64.49	64.98	201700
2006-02-07	64.84	65.38	64.63	65.01	693500
2006-02-08	64.80	64.94	64.55	64.84	570300
2006-02-09	64.75	65.30	64.48	64.51	447800
2006-02-10	64.72	65.02	64.55	64.64	235500
2006-02-13	64.66	64.86	64.11	64.74	167300
2006-02-14	66.11	66.41	64.82	64.86	490700
2006-02-15	66.63	67.20	65.91	66.54	441800
2006-02-16	66.80	66.84	66.21	66.70	207700
2006-02-17	66.02	66.94	65.97	66.87	221400
2006-02-21	65.89	66.10	65.14	65.62	369600
2006-02-22	66.94	66.98	65.87	65.89	246200
2006-02-23	66.07	66.77	65.87	66.77	221600
2006-02-24	66.56	66.73	65.48	65.72	351500
2006-02-27	66.44	66.83	66.11	66.56	220100
2006-02-28	65.80	66.45	65.45	66.27	285800
2006-03-01	65.30	66.05	65.18	65.94	551400
2006-03-02	66.17	66.20	64.92	65.30	450900
2006-03-03	65.00	66.10	64.87	66.00	566700
2006-03-06	64.39	65.12	64.24	65.06	498700
2006-03-07	64.44	64.96	64.17	64.42	315600
2006-03-08	64.23	64.85	63.77	64.27	312600
2006-03-09	64.30	65.32	64.15	64.38	268900
2006-03-10	64.16	64.65	63.20	64.21	246700
2006-03-13	64.10	64.65	64.00	64.23	199700
2006-03-14	64.26	64.39	63.86	64.19	294000
2006-03-15	64.05	64.42	63.35	64.42	468600
2006-03-16	64.08	64.32	63.72	64.23	295300
2006-03-17	63.89	64.06	63.63	63.93	565000
2006-03-20	63.77	63.99	63.26	63.26	226000
2006-03-21	63.33	64.07	63.13	63.73	382100
2006-03-22	63.19	63.73	62.85	63.41	401200
2006-03-23	61.76	63.03	61.33	63.03	696300
2006-03-24	61.34	61.76	61.21	61.76	448700
2006-03-27	60.87	61.71	60.27	61.34	1030500
2006-03-28	60.90	61.57	60.70	60.77	541400
2006-03-29	61.62	61.90	60.29	60.29	484700
2006-03-30	61.49	61.70	61.26	61.53	285100
2006-03-31	62.11	62.24	61.30	61.30	456600
2006-04-03	62.40	62.95	61.74	62.28	467400
2006-04-04	62.38	62.76	61.94	62.46	347900
2006-04-05	62.57	63.01	62.32	62.34	226200
2006-04-06	62.33	62.73	62.06	62.57	182600
2006-04-07	61.96	62.62	61.57	62.50	262200
2006-04-10	61.70	62.26	61.58	61.96	258900
2006-04-11	61.02	62.03	60.76	61.84	302500
2006-04-12	60.68	61.64	60.41	60.93	344900
2006-04-13	60.67	60.79	60.01	60.53	359600
2006-04-17	60.55	61.09	60.29	60.67	107900
2006-04-18	61.04	62.04	60.71	60.71	1006700
2006-04-19	62.04	62.05	60.97	60.97	749000
2006-04-20	62.04	62.08	61.60	62.00	390200
2006-04-21	61.79	62.41	61.23	62.20	312800
2006-04-24	62.46	62.52	61.62	62.20	641400
2006-04-25	59.87	60.73	57.87	59.20	2125300
2006-04-26	59.88	60.20	59.67	59.87	1211600
2006-04-27	59.26	59.81	59.01	59.54	502000
2006-04-28	60.53	61.07	59.99	60.87	718100
2006-05-01	60.07	60.89	59.80	60.60	612400
2006-05-02	60.37	60.38	59.83	60.21	428800
2006-05-03	59.37	60.97	59.13	60.37	656700
2006-05-04	60.39	60.50	59.50	59.67	409500
2006-05-05	61.21	61.29	60.19	60.56	505300
2006-05-08	61.65	61.96	61.00	61.00	452500
2006-05-09	61.73	61.88	61.53	61.53	419400
2006-05-10	62.06	62.46	61.56	61.56	519100
2006-05-11	61.30	62.40	61.20	62.07	308700
2006-05-12	61.10	61.66	61.00	61.25	359500
2006-05-15	61.30	61.46	60.53	60.63	274400
2006-05-16	61.17	61.40	60.93	61.26	691800
2006-05-17	60.81	61.42	60.37	61.18	390700
2006-05-18	60.60	61.02	60.42	60.94	353700
2006-05-19	60.56	60.89	60.19	60.84	355500
2006-05-22	60.53	60.87	60.35	60.39	591600
2006-05-23	60.41	61.21	60.41	60.70	301600
2006-05-24	59.42	60.41	58.79	60.41	658200
2006-05-25	59.46	60.05	59.19	59.77	239600
2006-05-26	59.50	59.73	59.22	59.53	178600
2006-05-30	58.58	59.51	58.46	59.21	225800
2006-05-31	59.51	59.51	58.56	58.81	227100
2006-06-01	60.50	60.60	59.30	59.52	333100
2006-06-02	60.37	60.97	60.31	60.61	187600
2006-06-05	59.07	60.31	58.99	60.21	167000
2006-06-06	59.62	59.74	58.58	59.30	219600
2006-06-07	59.66	59.85	59.37	59.79	324100
2006-06-08	60.35	60.45	59.45	59.59	332900
2006-06-09	59.82	60.58	59.76	60.34	480800
2006-06-12	59.19	59.95	59.15	59.95	373300
2006-06-13	58.46	59.35	58.45	59.19	285800
2006-06-14	57.50	58.56	57.40	58.56	614700
2006-06-15	58.18	58.27	57.38	57.67	708200
2006-06-16	58.24	58.35	57.84	57.95	295900
2006-06-19	57.96	58.44	57.77	58.44	308400
2006-06-20	57.80	58.06	57.65	57.90	250600
2006-06-21	58.32	58.53	57.85	58.15	202000
2006-06-22	57.52	58.38	57.30	58.02	233500
2006-06-23	57.20	57.58	57.04	57.38	232800
2006-06-26	58.10	58.10	57.15	57.15	302700
2006-06-27	57.78	58.50	57.56	58.10	206500
2006-06-28	57.39	57.85	57.21	57.85	333200
2006-06-29	58.02	58.07	57.42	57.72	219400
2006-06-30	57.66	58.15	57.36	58.15	367600
2006-07-03	58.45	58.93	58.18	58.93	205800
2006-07-05	57.86	58.45	57.62	58.45	408600
2006-07-06	58.84	59.33	57.98	57.98	394200
2006-07-07	58.87	59.08	58.52	58.58	239400
2006-07-10	59.90	61.26	59.14	61.26	398800
2006-07-11	59.88	59.95	59.46	59.79	252200
2006-07-12	60.10	60.33	59.76	59.76	281600
2006-07-13	59.62	60.10	59.45	60.10	198400
2006-07-14	59.39	59.71	59.06	59.45	229900
2006-07-17	58.71	59.57	58.71	59.52	225200
2006-07-18	58.10	59.08	57.75	59.08	400500
2006-07-19	58.65	59.00	57.75	58.10	289300
2006-07-20	59.52	60.01	58.88	58.88	544700
2006-07-21	59.45	60.05	58.76	59.25	468200
2006-07-24	60.70	61.05	59.72	59.86	447400
2006-07-25	61.89	62.11	59.69	60.61	1512400
2006-07-26	63.37	63.63	62.21	62.34	1163000
2006-07-27	62.53	63.64	61.97	63.64	695000
2006-07-28	63.44	63.76	62.84	62.86	276800
2006-07-31	63.02	63.56	62.90	63.28	418200
2006-08-01	62.04	62.98	61.88	62.98	570200
2006-08-02	61.29	62.04	61.02	62.04	552000
2006-08-03	61.23	61.49	60.93	61.38	327600
2006-08-04	61.65	62.19	61.40	61.68	311000
2006-08-07	61.18	61.73	61.01	61.49	233800
2006-08-08	61.17	61.57	60.87	61.48	276800
2006-08-09	61.11	61.37	61.03	61.28	339200
2006-08-10	61.04	61.15	60.75	61.01	375700
2006-08-11	61.11	61.26	60.85	60.87	253900
2006-08-14	62.02	62.48	61.45	61.55	357600
2006-08-15	62.37	62.61	62.15	62.48	395100
2006-08-16	62.80	62.99	62.46	62.53	407500
2006-08-17	63.78	63.84	62.63	62.80	505800
2006-08-18	63.28	63.74	63.12	63.68	546200
2006-08-21	63.18	63.36	62.84	63.28	193200
2006-08-22	62.46	63.21	62.46	63.18	223200
2006-08-23	61.87	62.74	61.63	62.68	483100
2006-08-24	61.19	62.16	61.13	61.96	443200
2006-08-25	60.07	61.09	59.50	60.93	1320300
2006-08-28	60.94	61.17	60.05	60.07	245900
2006-08-29	61.66	61.87	60.80	61.16	401000
2006-08-30	61.83	62.38	61.60	61.83	359400
2006-08-31	62.68	62.83	61.85	62.17	474100
2006-09-01	63.05	63.39	62.90	63.36	260600
2006-09-05	62.69	63.61	62.49	63.21	242300
2006-09-06	62.10	62.33	61.91	62.09	214700
2006-09-07	62.23	62.58	61.79	62.10	214900
2006-09-08	63.21	63.37	62.10	62.33	184100
2006-09-11	64.71	65.33	63.14	63.14	809600
2006-09-12	65.84	65.87	65.07	65.29	679600
2006-09-13	66.45	66.49	65.63	65.89	558000
2006-09-14	65.95	66.42	65.36	66.28	293400
2006-09-15	65.89	66.61	65.67	66.61	370600
2006-09-18	65.56	65.89	65.07	65.89	285600
2006-09-19	64.87	65.50	64.46	65.43	240800
2006-09-20	65.43	65.55	64.87	65.34	383600
2006-09-21	64.98	65.67	64.98	65.56	182400
2006-09-22	64.67	65.03	64.18	64.99	184300
2006-09-25	65.21	65.75	64.76	64.93	530600
2006-09-26	65.99	65.99	64.96	65.27	334900
2006-09-27	65.32	66.19	65.23	65.83	287800
2006-09-28	65.78	65.83	65.09	65.33	321100
2006-09-29	65.05	66.04	65.03	66.03	228800
2006-10-02	64.64	65.11	64.47	65.05	310400
2006-10-03	66.54	66.79	64.64	64.64	586000
2006-10-04	66.45	66.53	65.74	66.37	401200
2006-10-05	66.20	67.31	66.16	66.29	327300
2006-10-06	65.94	66.33	65.52	66.16	286500
2006-10-09	66.35	66.43	65.85	66.11	89800
2006-10-10	66.23	66.79	65.89	66.23	280300
2006-10-11	65.86	65.91	64.73	65.56	469000
2006-10-12	65.93	66.32	65.49	65.85	218200
2006-10-13	67.00	67.23	65.74	66.09	416600
2006-10-16	66.93	67.19	66.73	67.12	268700
2006-10-17	66.91	67.07	66.42	66.42	270100
2006-10-18	67.14	67.66	67.00	67.36	247100
2006-10-19	66.41	67.31	66.31	67.27	266300
2006-10-20	66.71	66.85	65.87	66.41	592200
2006-10-23	67.03	67.05	66.28	66.65	628000
2006-10-24	67.49	67.83	66.69	67.11	674000
2006-10-25	66.91	67.76	66.56	67.75	509600
2006-10-26	67.64	67.72	66.69	66.97	588600
2006-10-27	66.23	67.59	66.07	67.37	412800
2006-10-30	66.29	66.42	65.95	66.07	438000
2006-10-31	66.15	66.59	66.01	66.59	445200
2006-11-01	65.73	66.47	65.59	66.29	323600
2006-11-02	66.17	66.29	65.31	65.69	419700
2006-11-03	66.23	66.56	65.89	66.28	323300
2006-11-06	66.96	67.03	66.38	66.46	501900
2006-11-07	67.35	67.41	66.94	67.12	223100
2006-11-08	67.31	67.42	66.86	66.97	285900
2006-11-09	67.36	67.77	67.21	67.65	471800
2006-11-10	67.66	67.69	67.31	67.57	462100
2006-11-13	68.07	68.59	67.83	68.03	426800
2006-11-14	68.27	68.28	67.25	68.11	376300
2006-11-15	67.63	68.32	67.46	68.07	249700
2006-11-16	68.37	68.65	67.72	68.11	389800
2006-11-17	67.73	68.51	67.55	68.37	321300
2006-11-20	67.43	68.11	67.25	67.99	401000
2006-11-21	66.83	67.52	66.63	67.29	514500
2006-11-22	66.92	67.28	66.57	66.92	284000
2006-11-24	66.96	67.01	66.65	66.68	84000
2006-11-27	65.57	66.90	65.50	66.79	421100
2006-11-28	65.46	65.87	65.37	65.53	339600
2006-11-29	66.19	66.29	65.55	65.78	619000
2006-11-30	65.79	66.37	65.54	66.11	402500
2006-12-01	65.82	65.92	65.32	65.85	410800
2006-12-04	66.37	66.57	65.78	65.82	274100
2006-12-05	66.69	66.91	66.34	66.61	549600
2006-12-06	66.47	66.77	66.19	66.41	267800
2006-12-07	66.42	66.82	66.29	66.60	308500
2006-12-08	66.59	66.85	66.42	66.50	145200
2006-12-11	66.76	66.77	66.48	66.59	228200
2006-12-12	66.82	67.26	66.60	66.60	332500
2006-12-13	65.99	66.94	65.76	66.85	465300
2006-12-14	66.09	66.31	65.87	66.09	350000
2006-12-15	65.48	66.45	65.37	65.96	826400
2006-12-18	65.48	65.83	65.27	65.38	269600
2006-12-19	66.13	66.21	65.41	65.54	424900
2006-12-20	66.19	66.76	66.13	66.13	399900
2006-12-21	66.28	66.79	66.07	66.20	336400
2006-12-22	66.30	66.47	66.06	66.45	185600
2006-12-26	65.98	66.17	65.70	66.13	133700
2006-12-27	66.13	66.35	65.86	65.98	178700
2006-12-28	66.09	66.24	65.95	66.13	354500
2006-12-29	65.59	66.09	65.51	66.09	120400
2007-01-03	66.35	66.57	65.60	65.60	514500
2007-01-04	66.13	66.40	65.68	66.39	342500
2007-01-05	65.26	65.92	65.14	65.81	247300
2007-01-08	65.02	65.44	64.59	65.26	744300
2007-01-09	64.90	65.18	64.69	65.02	297700
2007-01-10	65.02	65.18	64.37	64.90	463100
2007-01-11	65.86	66.15	65.25	65.32	516600
2007-01-12	66.32	66.37	65.65	65.86	872600
2007-01-16	65.95	66.63	65.88	66.49	329900
2007-01-17	65.61	66.01	65.46	65.59	168900
2007-01-18	65.22	65.78	65.08	65.78	391100
2007-01-19	64.29	65.85	64.03	65.28	664200
2007-01-22	63.85	64.29	62.90	64.28	655500
2007-01-23	64.67	65.18	63.84	63.84	381700
2007-01-24	64.68	65.05	64.48	64.84	187500
2007-01-25	64.38	64.92	64.22	64.75	345900
2007-01-26	64.21	64.80	63.89	64.51	514900
2007-01-29	64.13	65.02	64.04	64.18	337600
2007-01-30	63.17	63.41	62.04	62.51	1498000
2007-01-31	62.58	64.25	61.65	64.01	939200
2007-02-01	62.71	62.98	62.29	62.59	951800
2007-02-02	62.79	63.00	62.63	62.88	563600
2007-02-05	63.18	63.19	62.30	62.66	464500
2007-02-06	63.61	63.89	63.28	63.51	497600
2007-02-07	63.75	63.86	63.23	63.86	262000
2007-02-08	63.53	63.84	63.16	63.65	423300
2007-02-09	63.58	63.97	63.44	63.67	337500
2007-02-12	63.83	63.83	63.50	63.65	367300
2007-02-13	64.12	64.16	63.42	63.83	376300
2007-02-14	64.69	64.85	64.12	64.13	399800
2007-02-15	65.42	65.60	64.63	64.63	698800
2007-02-16	65.68	65.90	65.42	65.42	344500
2007-02-20	65.99	66.23	65.37	65.37	388800
2007-02-21	66.47	66.51	65.88	65.94	451200
2007-02-22	66.78	67.01	66.06	66.85	627600
2007-02-23	66.13	66.66	65.98	66.65	236900
2007-02-26	65.74	66.72	65.62	66.59	284300
2007-02-27	64.73	65.24	64.19	64.97	439300
2007-02-28	64.96	65.19	64.42	64.83	367000
2007-03-01	65.15	65.47	64.12	64.59	552500
2007-03-02	64.63	65.00	64.55	64.88	346700
2007-03-05	63.66	64.56	63.66	64.07	502100
2007-03-06	63.63	64.05	63.49	63.83	459400
2007-03-07	63.78	63.97	63.38	63.47	354800
2007-03-08	63.83	64.34	63.73	64.12	354800
2007-03-09	63.49	64.14	63.18	64.06	484700
2007-03-12	63.34	63.57	62.91	63.56	197600
2007-03-13	62.46	62.99	62.39	62.82	473700
2007-03-14	62.17	62.54	61.44	62.28	523400
2007-03-15	62.85	63.18	62.15	62.16	278200
2007-03-16	62.75	63.01	62.68	62.81	322500
2007-03-19	62.94	63.15	62.80	63.09	225300
2007-03-20	63.61	63.71	62.92	62.94	251100
2007-03-21	64.04	64.18	63.45	63.62	193900
2007-03-22	64.28	64.42	63.96	64.06	157800
2007-03-23	64.28	64.53	64.28	64.36	115400
2007-03-26	64.66	64.69	64.17	64.23	261500
2007-03-27	64.97	65.07	64.23	64.62	354500
2007-03-28	64.27	64.96	64.18	64.88	316300
2007-03-29	63.99	65.09	63.56	64.91	543500
2007-03-30	64.61	64.70	63.91	63.99	377900
2007-04-02	64.16	64.78	63.71	64.78	305800
2007-04-03	64.30	64.83	64.20	64.30	451100
2007-04-04	63.48	64.32	63.38	64.30	384400
2007-04-05	63.48	63.85	63.41	63.49	152500
2007-04-09	63.51	63.73	63.34	63.60	242500
2007-04-10	63.76	63.95	63.54	63.54	184200
2007-04-11	63.76	63.86	63.53	63.76	147300
2007-04-12	64.31	64.47	63.66	63.66	267300
2007-04-13	64.59	64.79	64.19	64.31	214600
2007-04-16	65.48	65.49	64.63	64.76	287100
2007-04-17	65.18	65.61	65.10	65.49	196800
2007-04-18	65.19	65.73	64.95	65.05	326800
2007-04-19	65.11	65.17	64.86	64.86	159400
2007-04-20	65.23	65.74	65.02	65.42	464900
2007-04-23	64.99	65.80	64.87	64.95	219000
2007-04-24	69.40	69.94	66.52	67.52	1024300
2007-04-25	69.17	70.42	69.03	69.03	513800
2007-04-26	68.52	69.54	68.49	69.06	441700
2007-04-27	68.13	68.84	68.07	68.42	427200
2007-04-30	67.62	68.40	67.52	68.40	368300
2007-05-01	67.72	68.03	67.45	67.53	384600
2007-05-02	67.95	68.18	67.50	67.89	218300
2007-05-03	67.92	68.36	67.52	68.15	187600
2007-05-04	68.22	68.29	67.54	67.92	234500
2007-05-07	68.58	68.70	68.21	68.38	113700
2007-05-08	68.63	68.76	68.25	68.31	115400
2007-05-09	69.24	69.67	68.11	68.67	754800
2007-05-10	69.16	69.76	68.72	69.54	345700
2007-05-11	69.60	69.75	69.22	69.48	267100
2007-05-14	69.87	70.49	69.60	69.76	461800
2007-05-15	70.55	71.32	69.88	70.30	885500
2007-05-16	71.08	71.08	70.53	70.92	310100
2007-05-17	71.18	71.26	70.69	70.77	259600
2007-05-18	71.80	72.23	71.11	71.52	459700
2007-05-21	71.48	71.97	71.30	71.80	280000
2007-05-22	71.47	71.93	71.22	71.93	235100
2007-05-23	71.21	71.89	71.12	71.89	143500
2007-05-24	71.10	71.49	70.72	71.28	634900
2007-05-25	71.37	71.74	70.81	71.34	496400
2007-05-29	71.32	71.71	71.10	71.37	498800
2007-05-30	71.82	71.82	70.43	70.88	702000
2007-05-31	72.04	72.14	71.51	71.91	420100
2007-06-01	72.41	72.69	71.88	72.68	359900
2007-06-04	72.10	72.66	71.92	72.39	502800
2007-06-05	71.87	72.33	71.81	72.10	431100
2007-06-06	71.61	71.90	71.21	71.32	434000
2007-06-07	70.32	71.50	70.17	71.50	611400
2007-06-08	70.15	70.32	69.41	70.19	544200
2007-06-11	70.88	71.09	69.85	69.85	203400
2007-06-12	69.99	71.04	69.84	70.74	387000
2007-06-13	70.19	70.65	69.83	70.49	605600
2007-06-14	70.51	70.59	70.38	70.42	416800
2007-06-15	69.98	70.93	69.68	70.93	624600
2007-06-18	70.40	70.98	70.05	70.27	440200
2007-06-19	71.36	71.94	70.21	70.36	845800
2007-06-20	71.27	71.74	71.16	71.58	589100
2007-06-21	71.20	71.53	70.96	71.21	595000
2007-06-22	71.53	71.83	70.69	71.16	3391200
2007-06-25	71.88	72.46	71.60	71.75	612200
2007-06-26	71.71	72.23	71.57	72.15	632500
2007-06-27	72.19	72.26	71.07	71.38	592100
2007-06-28	72.91	73.33	71.93	72.33	684300
2007-06-29	73.32	73.56	72.97	73.29	684100
2007-07-02	73.83	74.19	73.41	73.72	578300
2007-07-03	73.83	74.34	73.64	74.24	293400
2007-07-05	73.79	74.16	73.58	74.12	424700
2007-07-06	74.08	74.11	73.35	74.03	236800
2007-07-09	74.55	74.99	74.01	74.07	487200
2007-07-10	74.80	75.39	73.85	74.49	1059500
2007-07-11	74.72	75.02	74.37	74.78	650200
2007-07-12	75.32	75.55	74.52	74.98	812400
2007-07-13	75.89	76.81	75.21	75.39	1354900
2007-07-16	76.64	76.90	75.91	76.09	626900
2007-07-17	75.59	76.26	75.38	76.26	868100
2007-07-18	73.89	74.55	73.54	73.90	901600
2007-07-19	74.16	74.74	73.90	74.74	449600
2007-07-20	73.57	74.35	73.13	74.04	629400
2007-07-23	73.62	74.43	73.29	73.64	518300
2007-07-24	70.36	73.35	70.04	72.94	1045400
2007-07-25	70.63	71.00	70.14	70.98	783300
2007-07-26	69.34	70.17	68.34	69.63	758700
2007-07-27	67.33	69.45	67.33	69.43	511700
2007-07-30	67.33	67.79	66.46	67.28	464500
2007-07-31	66.31	68.72	66.24	67.88	718900
2007-08-01	66.61	67.56	65.32	66.46	800300
2007-08-02	66.60	67.29	66.46	66.78	589300
2007-08-03	64.73	67.75	64.62	67.75	739800
2007-08-06	66.96	67.02	63.68	64.96	655200
2007-08-07	67.27	68.04	66.32	66.61	510500
2007-08-08	67.72	68.33	66.86	67.78	608700
2007-08-09	65.94	66.81	64.65	66.81	858200
2007-08-10	64.84	66.32	64.36	65.26	621300
2007-08-13	64.66	66.02	63.76	64.80	519200
2007-08-14	63.79	66.48	63.76	64.75	307000
2007-08-15	63.45	64.84	63.18	63.38	385900
2007-08-16	64.79	65.90	63.31	63.37	529600
2007-08-17	66.12	67.49	64.73	64.79	452300
2007-08-20	66.81	67.29	65.94	66.34	237200
2007-08-21	66.93	67.44	66.08	66.54	265400
2007-08-22	69.14	69.24	67.01	67.45	574900
2007-08-23	69.83	70.57	68.73	69.49	701400
2007-08-24	70.23	70.23	69.28	69.83	255800
2007-08-27	68.71	70.26	68.66	70.26	337600
2007-08-28	67.07	68.78	66.84	68.39	341800
2007-08-29	68.47	68.53	66.98	67.45	190500
2007-08-30	67.75	68.53	67.20	67.66	275400
2007-08-31	68.76	68.99	67.33	68.43	246800
2007-09-04	70.52	70.91	69.15	69.48	451600
2007-09-05	70.51	70.91	69.75	69.90	368800
2007-09-06	69.56	70.99	69.18	70.72	327800
2007-09-07	68.85	69.45	68.54	68.57	415700
2007-09-10	68.73	69.60	68.06	69.29	269500
2007-09-11	69.37	69.65	68.47	69.07	218900
2007-09-12	70.05	71.02	68.97	69.45	386000
2007-09-13	71.14	71.52	69.54	70.61	484900
2007-09-14	71.63	72.22	70.24	70.63	437400
2007-09-17	70.77	71.65	70.70	71.29	163600
2007-09-18	72.41	73.10	70.88	71.27	391600
2007-09-19	72.63	73.92	72.47	73.00	346400
2007-09-20	71.90	73.21	71.69	72.81	238000
2007-09-21	71.97	72.96	71.32	72.50	431200
2007-09-24	71.00	71.88	70.80	71.88	355300
2007-09-25	71.87	71.96	70.56	70.56	396700
2007-09-26	72.96	73.36	71.60	72.32	324700
2007-09-27	74.19	74.23	72.97	73.35	437500
2007-09-28	74.75	75.10	74.26	74.28	299200
2007-10-01	75.33	76.07	74.69	74.75	446800
2007-10-02	74.95	75.20	73.96	74.05	706300
2007-10-03	74.72	75.29	74.25	74.69	319900
2007-10-04	74.55	75.33	74.51	75.12	342600
2007-10-05	75.51	75.88	75.06	75.23	361900
2007-10-08	75.69	75.73	74.69	75.27	229600
2007-10-09	76.70	76.70	75.78	76.09	426100
2007-10-10	77.36	78.56	76.95	77.98	704400
2007-10-11	76.00	78.18	75.71	77.86	445500
2007-10-12	76.28	77.25	76.07	76.22	237900
2007-10-15	75.45	76.83	74.87	76.11	293500
2007-10-16	74.60	75.46	74.42	75.27	252100
2007-10-17	74.53	75.42	73.73	74.79	525300
2007-10-18	74.33	74.60	72.87	73.23	550200
2007-10-19	72.55	74.50	72.38	74.27	460500
2007-10-22	72.49	73.42	71.67	72.22	504100
2007-10-23	72.73	76.11	72.50	74.92	985200
2007-10-24	72.52	72.68	70.95	72.15	580900
2007-10-25	72.70	73.25	70.79	72.81	586500
2007-10-26	71.56	73.73	70.79	73.52	636500
2007-10-29	72.21	72.58	71.18	71.77	353000
2007-10-30	72.51	73.23	71.25	71.82	287700
2007-10-31	72.24	73.02	71.13	72.96	503100
2007-11-01	70.17	71.99	69.93	71.94	493400
2007-11-02	68.27	70.33	67.64	69.82	603700
2007-11-05	67.37	67.91	66.87	66.95	688000
2007-11-06	69.53	70.60	67.53	67.68	443300
2007-11-07	67.78	69.33	67.57	68.96	404300
2007-11-08	68.77	68.82	67.31	68.21	585900
2007-11-09	68.68	69.50	67.16	68.12	467400
2007-11-12	68.12	69.50	67.84	68.49	311800
2007-11-13	69.92	69.92	68.26	68.42	258700
2007-11-14	69.18	70.49	68.86	70.18	285400
2007-11-15	68.82	69.75	68.38	69.28	273600
2007-11-16	68.08	69.16	67.39	68.91	546000
2007-11-19	66.84	67.73	66.58	67.35	725200
2007-11-20	66.28	67.11	65.23	66.71	587700
2007-11-21	65.92	66.94	65.12	66.07	515900
2007-11-23	66.34	66.82	65.69	66.30	112200
2007-11-26	65.27	66.90	65.18	66.19	400600
2007-11-27	66.93	67.13	65.39	65.48	436000
2007-11-28	69.15	69.71	67.25	67.25	306000
2007-11-29	69.62	69.65	68.18	68.65	305400
2007-11-30	71.50	71.50	70.12	70.18	494500
2007-12-03	71.42	72.18	69.87	71.20	525100
2007-12-04	70.80	71.35	70.01	70.94	302500
2007-12-05	71.65	72.34	70.54	71.78	246700
2007-12-06	72.62	72.64	71.42	71.82	259300
2007-12-07	71.45	73.00	71.34	72.64	317500
2007-12-10	72.52	73.09	71.44	72.10	325600
2007-12-11	70.53	73.00	70.44	72.83	351700
2007-12-12	69.94	71.83	68.71	71.83	659000
2007-12-13	69.55	69.58	68.66	69.49	620700
2007-12-14	69.28	70.48	68.72	68.87	282300
2007-12-17	69.25	70.20	69.10	69.25	265700
2007-12-18	68.40	70.38	67.79	70.29	416700
2007-12-19	66.71	68.67	66.60	68.13	661100
2007-12-20	67.13	67.50	65.75	67.35	409100
2007-12-21	68.87	69.04	67.80	67.80	593300
2007-12-24	69.99	70.14	68.81	68.99	101900
2007-12-26	69.42	70.29	68.53	69.82	178300
2007-12-27	68.43	69.52	68.27	69.40	190300
2007-12-28	68.29	68.71	67.76	68.68	245800
2007-12-31	68.41	68.85	67.64	68.34	239600
2008-01-02	67.20	68.73	66.92	68.59	360800
2008-01-03	68.53	68.53	66.69	67.36	353300
2008-01-04	69.40	70.01	67.75	67.75	583000
2008-01-07	70.22	70.63	68.40	69.75	670600
2008-01-08	69.49	70.59	69.25	70.44	567500
2008-01-09	71.57	71.78	69.32	69.33	550500
2008-01-10	70.89	71.44	70.01	71.21	569700
2008-01-11	70.17	71.00	69.55	70.25	379000
2008-01-14	70.40	70.84	69.60	70.80	197400
2008-01-15	68.94	69.60	68.46	69.52	350700
2008-01-16	68.46	69.17	68.27	68.80	406500
2008-01-17	67.05	68.89	67.05	68.60	382000
2008-01-18	64.73	67.05	64.13	66.71	934200
2008-01-22	64.69	65.07	61.51	63.55	988500
2008-01-23	65.51	65.64	62.69	63.23	709700
2008-01-24	65.92	66.33	65.06	65.79	610300
2008-01-25	64.35	66.74	64.20	66.63	299700
2008-01-28	67.80	67.80	63.64	64.22	537900
2008-01-29	66.27	67.91	66.01	67.12	654900
2008-01-30	66.24	68.57	66.16	66.24	629400
2008-01-31	69.29	71.06	64.74	64.74	1132900
2008-02-01	70.56	70.65	69.14	69.33	662700
2008-02-04	69.59	70.63	69.49	70.29	436800
2008-02-05	67.87	70.07	67.81	69.11	522900
2008-02-06	67.37	68.40	66.95	68.34	382800
2008-02-07	68.03	68.33	66.76	66.84	395600
2008-02-08	67.54	68.34	67.11	67.99	356900
2008-02-11	66.01	67.72	65.43	67.46	621700
2008-02-12	67.67	67.97	66.11	66.61	433100
2008-02-13	67.87	68.59	67.13	68.48	423100
2008-02-14	67.20	68.10	67.16	67.66	294700
2008-02-15	69.17	69.17	66.46	66.80	407200
2008-02-19	67.76	69.77	67.66	69.33	274900
2008-02-20	68.36	68.62	67.25	67.57	288100
2008-02-21	68.10	69.07	68.08	68.64	316500
2008-02-22	68.95	69.03	67.43	68.17	393700
2008-02-25	66.82	69.41	66.03	68.77	1036700
2008-02-26	67.74	67.83	66.39	66.71	1153700
2008-02-27	67.78	68.36	67.05	67.05	313700
2008-02-28	67.05	68.12	66.92	67.89	438300
2008-02-29	66.33	67.24	66.09	66.66	456500
2008-03-03	65.21	66.29	64.74	66.29	424300
2008-03-04	65.20	65.65	64.53	64.98	672900
2008-03-05	64.91	65.40	64.53	64.92	489700
2008-03-06	64.13	65.13	64.13	64.69	426800
2008-03-07	64.26	64.62	63.33	63.44	575000
2008-03-10	63.77	65.10	63.77	64.36	472800
2008-03-11	65.07	65.40	63.77	64.98	447900
2008-03-12	64.01	65.40	64.00	65.31	416500
2008-03-13	63.93	64.27	63.30	63.35	574400
2008-03-14	61.51	63.93	61.18	63.82	1575800
2008-03-17	59.58	60.77	59.32	60.31	1088500
2008-03-18	59.71	61.21	58.48	60.92	1325800
2008-03-19	60.54	62.07	60.20	60.20	986900
2008-03-20	61.47	61.56	60.53	60.71	715700
2008-03-24	60.92	62.23	60.83	61.70	339300
2008-03-25	62.48	62.75	60.87	61.14	573100
2008-03-26	61.41	62.70	61.41	62.27	654700
2008-03-27	60.81	61.88	60.79	61.41	852800
2008-03-28	60.67	61.30	60.53	60.94	377300
2008-03-31	61.30	61.35	60.49	60.92	702500
2008-04-01	64.16	64.16	61.79	61.99	699100
2008-04-02	64.03	64.49	62.03	64.49	692300
2008-04-03	64.51	64.74	63.72	64.18	329900
2008-04-04	63.52	64.74	63.39	64.66	187700
2008-04-07	64.41	64.48	63.64	64.01	393000
2008-04-08	63.56	64.14	63.37	63.83	512900
2008-04-09	63.48	64.05	63.40	63.77	395000
2008-04-10	64.92	65.09	63.35	63.35	598300
2008-04-11	65.55	66.40	64.51	64.51	589200
2008-04-14	65.57	66.06	65.16	65.41	582800
2008-04-15	65.35	66.11	64.86	66.06	428100
2008-04-16	65.62	65.73	64.90	65.73	486100
2008-04-17	65.96	66.20	65.27	65.55	459700
2008-04-18	66.20	67.23	65.53	66.72	499400
2008-04-21	64.70	65.74	64.62	65.66	464900
2008-04-22	63.06	63.21	61.15	61.73	1898100
2008-04-23	62.40	63.58	62.09	63.18	889300
2008-04-24	62.79	63.50	62.31	62.85	839000
2008-04-25	62.82	62.92	61.78	62.62	475800
2008-04-28	62.34	62.80	62.15	62.62	416700
2008-04-29	61.96	62.22	61.65	62.15	699700
2008-04-30	61.86	62.55	61.64	62.16	656600
2008-05-01	63.45	63.64	61.90	61.90	361300
2008-05-02	63.29	63.75	62.89	63.75	354800
2008-05-05	62.44	63.26	61.96	62.75	522200
2008-05-06	62.55	62.72	61.92	62.08	270600
2008-05-07	60.50	62.97	60.50	62.20	521000
2008-05-08	61.23	61.69	59.92	60.57	446000
2008-05-09	61.82	61.88	60.50	60.51	317400
2008-05-12	62.74	62.94	61.65	61.85	285100
2008-05-13	62.15	62.58	61.88	62.48	326500
2008-05-14	62.70	62.85	62.19	62.40	705900
2008-05-15	62.80	62.90	62.39	62.62	245900
2008-05-16	62.43	63.16	62.21	62.92	290200
2008-05-19	62.08	62.87	62.01	62.57	240900
2008-05-20	62.22	62.29	61.74	61.99	373500
2008-05-21	61.79	62.54	61.79	62.42	379000
2008-05-22	61.83	61.99	60.92	61.65	365800
2008-05-23	61.23	61.68	61.12	61.39	334500
2008-05-27	61.65	61.82	61.24	61.24	411900
2008-05-28	60.13	61.72	59.99	61.71	717800
2008-05-29	60.71	61.04	59.76	59.79	608000
2008-05-30	60.38	60.74	60.11	60.43	542400
2008-06-02	59.99	60.55	59.88	60.34	414900
2008-06-03	60.21	60.99	59.75	60.03	429200
2008-06-04	59.93	60.35	59.71	59.87	418400
2008-06-05	60.80	60.80	59.69	59.76	533100
2008-06-06	59.51	60.46	59.51	60.46	462200
2008-06-09	59.62	60.19	59.36	59.57	403100
2008-06-10	59.64	60.26	59.08	59.34	465100
2008-06-11	58.69	59.91	58.69	59.83	389700
2008-06-12	59.23	59.62	58.40	58.88	497200
2008-06-13	58.95	59.45	58.32	59.42	537400
2008-06-16	58.71	58.82	58.44	58.51	286200
2008-06-17	58.41	59.01	58.29	59.01	498000
2008-06-18	57.94	58.50	57.82	58.24	496500
2008-06-19	57.82	58.06	57.34	58.06	862600
2008-06-20	57.59	58.23	57.56	57.61	562100
2008-06-23	57.17	58.41	57.17	57.66	403900
2008-06-24	58.21	59.00	57.12	57.23	665800
2008-06-25	58.25	58.84	58.10	58.28	320000
2008-06-26	56.25	58.18	56.25	57.92	666700
2008-06-27	55.16	56.38	55.07	56.24	574400
2008-06-30	54.87	55.45	54.87	54.99	317700
2008-07-01	54.99	55.24	54.28	54.72	425300
2008-07-02	54.76	55.46	54.67	54.81	395200
2008-07-03	54.31	55.22	54.10	54.65	169700
2008-07-07	52.83	54.51	52.83	54.51	457300
2008-07-08	55.36	55.50	52.74	52.74	732600
2008-07-09	54.33	55.91	54.10	55.58	621100
2008-07-10	54.34	55.15	53.91	54.27	629000
2008-07-11	52.71	54.44	52.33	53.82	777600
2008-07-14	52.27	53.45	52.17	53.25	645300
2008-07-15	51.41	52.66	51.10	52.22	508100
2008-07-16	53.48	53.48	50.94	51.61	471900
2008-07-17	54.03	54.03	52.40	53.50	424100
2008-07-18	54.23	54.39	53.30	53.98	363600
2008-07-21	53.69	54.39	53.44	54.17	487800
2008-07-22	55.32	55.36	50.70	52.33	1067900
2008-07-23	54.70	55.20	54.07	55.04	928800
2008-07-24	53.55	54.62	53.52	54.62	729300
2008-07-25	53.06	53.90	52.72	53.90	557500
2008-07-28	55.56	55.86	53.09	53.09	1331900
2008-07-29	56.99	56.99	55.47	55.75	870600
2008-07-30	56.88	57.43	56.18	57.10	495000
2008-07-31	56.31	56.95	56.02	56.42	567200
2008-08-01	56.59	56.95	55.65	56.81	536400
2008-08-04	56.43	57.13	55.78	56.71	360300
2008-08-05	57.13	57.13	56.34	57.00	478100
2008-08-06	57.32	57.48	56.52	56.92	459800
2008-08-07	56.86	57.26	56.62	56.75	692000
2008-08-08	57.43	57.43	56.70	56.97	421300
2008-08-11	57.66	57.66	57.15	57.30	426000
2008-08-12	56.75	57.60	56.46	56.80	574000
2008-08-13	56.41	56.95	55.92	56.66	551600
2008-08-14	56.64	56.68	55.94	56.34	472900
2008-08-15	57.18	57.47	56.62	56.66	506000
2008-08-18	56.46	57.65	56.23	57.62	505400
2008-08-19	55.96	56.83	55.75	56.37	342900
2008-08-20	56.09	56.22	55.29	55.75	309500
2008-08-21	56.18	56.48	55.50	56.02	373400
2008-08-22	56.86	56.86	56.29	56.29	258200
2008-08-25	56.42	56.72	56.13	56.29	305800
2008-08-26	56.49	56.62	55.93	56.19	438600
2008-08-27	56.90	57.01	56.38	56.65	321700
2008-08-28	57.50	57.50	56.62	56.98	358400
2008-08-29	56.87	57.64	56.79	57.44	339600
2008-09-02	57.26	57.68	56.62	57.47	276100
2008-09-03	57.57	57.95	56.96	56.96	343000
2008-09-04	55.98	57.68	55.98	57.55	611800
2008-09-05	55.01	55.64	54.73	55.33	747000
2008-09-08	56.26	56.26	54.89	56.01	736300
2008-09-09	55.21	56.99	55.21	55.75	657500
2008-09-10	55.41	55.82	54.73	55.37	383400
2008-09-11	54.72	54.97	54.10	54.30	321000
2008-09-12	54.35	55.14	54.23	54.27	354000
2008-09-15	54.09	56.40	52.85	52.85	777100
2008-09-16	56.99	57.10	52.62	52.62	879100
2008-09-17	55.73	58.51	55.73	56.26	800600
2008-09-18	57.35	57.45	54.30	56.27	1051800
2008-09-19	65.78	65.78	51.90	63.78	832700
2008-09-22	59.38	61.62	56.95	60.93	917200
2008-09-23	57.08	60.07	56.15	60.07	264400
2008-09-24	55.91	58.07	55.91	57.82	194800
2008-09-25	58.37	58.56	55.56	56.09	236800
2008-09-26	55.74	59.44	55.74	58.51	224100
2008-09-29	55.39	57.56	50.74	55.55	549100
2008-09-30	59.91	61.89	54.04	55.75	458300
2008-10-01	56.83	60.38	54.85	59.51	421900
2008-10-02	50.39	57.99	49.45	57.99	536500
2008-10-03	52.66	56.39	51.52	51.93	422600
2008-10-06	56.09	57.57	48.64	52.45	618200
2008-10-07	50.27	56.67	50.21	55.70	521200
2008-10-08	50.20	52.96	48.37	49.40	872600
2008-10-09	45.60	50.55	45.26	50.23	1002500
2008-10-10	42.06	46.39	37.92	44.73	1292700
2008-10-13	51.28	51.43	43.01	43.29	261400
2008-10-14	51.19	52.48	48.79	52.48	785700
2008-10-15	45.70	50.52	45.46	50.52	564900
2008-10-16	43.46	45.18	39.86	45.18	721400
2008-10-17	44.86	45.87	41.89	43.02	775000
2008-10-20	44.81	45.68	43.83	45.01	725400
2008-10-21	46.05	48.46	43.50	44.08	1419200
2008-10-22	47.78	48.03	43.98	44.95	878100
2008-10-23	50.05	51.76	47.19	47.99	1378700
2008-10-24	51.69	53.96	45.86	47.53	1190500
2008-10-27	49.17	53.98	49.17	51.70	1055300
2008-10-28	51.67	51.80	48.64	49.88	989500
2008-10-29	50.90	53.59	50.28	50.28	1303600
2008-10-30	47.19	51.93	46.01	51.58	1953100
2008-10-31	51.72	51.93	46.11	46.34	1488400
2008-11-03	50.95	51.92	50.20	51.38	548800
2008-11-04	51.40	52.22	50.62	51.04	502200
2008-11-05	47.95	51.93	47.91	51.02	469300
2008-11-06	47.01	48.79	46.13	47.08	574300
2008-11-07	48.92	48.93	46.91	47.22	494700
2008-11-10	46.18	49.68	45.96	49.68	538100
2008-11-11	45.78	47.35	44.76	46.04	505200
2008-11-12	44.92	46.65	44.92	45.51	428100
2008-11-13	49.06	49.22	43.73	45.21	990200
2008-11-14	48.10	50.39	47.36	47.94	658200
2008-11-17	46.65	48.57	46.12	47.78	629700
2008-11-18	46.34	47.71	44.99	46.77	704000
2008-11-19	43.19	46.53	43.16	46.02	761900
2008-11-20	42.91	45.63	41.87	43.23	1148300
2008-11-21	48.84	49.21	42.22	43.95	1372300
2008-11-24	51.49	52.24	47.82	49.65	1049900
2008-11-25	51.52	52.69	49.88	51.74	784700
2008-11-26	54.10	55.19	50.73	51.20	747500
2008-11-28	54.75	55.89	53.38	54.04	675600
2008-12-01	49.12	54.25	48.80	54.25	768800
2008-12-02	51.53	51.54	49.00	49.47	673500
2008-12-03	53.65	53.76	50.24	50.52	860100
2008-12-04	51.78	54.32	50.72	52.61	887400
2008-12-05	55.44	55.47	51.03	51.08	953600
2008-12-08	55.88	57.13	54.91	55.61	693700
2008-12-09	53.59	55.47	53.08	55.47	702800
2008-12-10	54.26	54.76	52.41	53.83	459500
2008-12-11	52.05	55.47	51.82	53.76	665000
2008-12-12	53.24	53.46	49.89	51.31	879400
2008-12-15	52.39	53.74	51.54	53.30	586300
2008-12-16	55.60	55.60	52.45	53.40	662900
2008-12-17	53.35	55.33	53.04	54.64	443300
2008-12-18	54.38	55.04	53.25	53.62	636700
2008-12-19	54.01	55.82	53.34	54.57	933600
2008-12-22	53.20	54.22	52.65	54.01	415500
2008-12-23	52.94	54.68	52.86	53.16	413300
2008-12-24	53.00	53.09	52.21	52.82	98300
2008-12-26	52.85	53.34	52.47	53.28	188000
2008-12-29	52.63	53.14	52.24	52.68	338700
2008-12-30	53.75	53.80	51.92	53.15	509300
2008-12-31	53.13	54.22	52.79	53.88	496400
2009-01-02	53.41	53.87	52.23	53.73	372100
2009-01-05	52.65	53.08	51.89	53.08	573600
2009-01-06	53.37	53.38	51.74	52.64	797400
2009-01-07	51.93	53.86	51.75	52.54	639000
2009-01-08	52.40	53.32	51.83	51.92	572000
2009-01-09	51.69	52.87	51.25	52.64	444400
2009-01-12	50.78	51.80	50.24	51.77	396900
2009-01-13	51.27	51.56	49.95	50.41	762100
2009-01-14	49.50	50.88	49.20	50.56	550100
2009-01-15	50.44	51.42	48.36	49.35	1017700
2009-01-16	51.52	52.05	50.14	51.15	970600
2009-01-20	47.70	51.13	47.62	50.52	1059900
2009-01-21	48.69	48.77	47.29	48.57	1535600
2009-01-22	45.63	48.15	45.51	47.90	1104900
2009-01-23	45.77	45.84	43.67	44.84	665400
2009-01-26	45.55	46.56	44.87	46.21	366700
2009-01-27	46.30	46.40	44.90	45.74	487700
2009-01-28	47.60	47.66	46.03	46.03	723100
2009-01-29	45.21	47.00	45.03	47.00	963800
2009-01-30	43.96	45.29	43.83	45.08	1192700
2009-02-02	43.95	44.25	43.18	43.67	1075800
2009-02-03	44.45	44.95	43.03	44.28	882200
2009-02-04	44.44	45.04	43.93	44.82	792600
2009-02-05	45.26	45.68	43.94	44.14	784400
2009-02-06	45.10	46.29	44.69	45.26	959400
2009-02-09	45.77	45.90	44.67	44.92	617700
2009-02-10	43.49	45.67	43.32	45.59	768400
2009-02-11	45.06	45.12	43.52	43.79	627300
2009-02-12	49.69	50.35	46.65	46.75	1543500
2009-02-13	50.07	50.60	49.06	49.57	1240400
2009-02-17	48.98	50.21	48.09	48.97	1125800
2009-02-18	50.51	51.22	48.87	49.26	1154300
2009-02-19	49.79	52.32	49.76	50.91	2530100
2009-02-20	47.70	49.70	47.20	49.28	1190300
2009-02-23	46.79	48.22	46.43	47.95	1352400
2009-02-24	48.31	48.36	46.60	47.19	1738000
2009-02-25	47.35	48.43	46.30	47.83	837400
2009-02-26	46.23	48.06	45.81	47.85	692800
2009-02-27	45.45	47.07	44.73	45.50	1349700
2009-03-02	44.22	45.98	44.13	45.27	841600
2009-03-03	43.18	45.64	42.56	45.05	1400900
2009-03-04	43.67	44.68	42.47	43.66	1088400
2009-03-05	41.26	43.59	40.83	42.90	852500
2009-03-06	43.47	43.57	41.17	41.17	1018700
2009-03-09	43.26	44.04	42.51	43.08	670400
2009-03-10	44.68	44.73	42.55	43.57	986300
2009-03-11	44.24	45.11	43.11	45.00	796000
2009-03-12	45.37	45.65	42.76	43.59	805200
2009-03-13	45.93	46.01	44.37	45.45	626600
2009-03-16	46.06	47.64	45.88	46.42	831500
2009-03-17	47.48	47.51	45.32	45.69	620800
2009-03-18	48.86	48.86	46.56	46.73	890800
2009-03-19	46.99	49.38	46.85	49.29	731700
2009-03-20	47.20	48.36	46.73	47.09	660700
2009-03-23	50.82	50.82	47.62	48.38	1046200
2009-03-24	48.83	51.14	48.15	48.15	842100
2009-03-25	49.24	50.11	47.13	50.11	637100
2009-03-26	50.21	50.34	48.70	49.78	721300
2009-03-27	50.18	50.90	49.10	49.21	589000
2009-03-30	48.93	50.38	48.17	49.21	694600
2009-03-31	49.77	50.03	47.85	49.73	804600
2009-04-01	50.87	51.30	48.62	48.98	528100
2009-04-02	50.35	52.43	49.80	51.49	846300
2009-04-03	51.26	51.30	49.45	50.22	447600
2009-04-06	52.78	53.10	50.57	50.75	689900
2009-04-07	52.08	52.93	51.74	51.84	419600
2009-04-08	52.74	53.19	52.00	53.19	359700
2009-04-09	52.55	53.55	51.15	53.55	1211200
2009-04-13	53.10	53.65	52.03	52.23	854500
2009-04-14	50.76	53.10	50.71	53.10	849100
2009-04-15	52.84	52.95	50.05	50.47	842200
2009-04-16	52.15	53.37	51.33	52.93	764000
2009-04-17	51.06	52.26	50.88	52.26	968500
2009-04-20	48.93	51.41	48.86	50.29	853800
2009-04-21	51.79	51.92	46.57	48.68	985700
2009-04-22	49.66	50.96	49.43	50.80	852100
2009-04-23	50.04	50.35	48.08	50.35	836100
2009-04-24	50.24	50.73	48.91	50.32	717300
2009-04-27	50.40	51.36	49.47	49.69	591000
2009-04-28	51.41	53.12	49.86	49.86	696600
2009-04-29	51.60	52.55	50.96	51.34	860800
2009-04-30	52.47	52.87	50.51	51.88	1302000
2009-05-01	52.45	53.14	51.66	52.59	732400
2009-05-04	52.98	53.21	50.54	52.26	1502100
2009-05-05	50.22	52.22	50.09	50.09	753700
2009-05-06	50.03	50.94	49.24	50.29	1145700
2009-05-07	48.81	50.11	48.68	49.30	874800
2009-05-08	51.28	51.70	49.14	49.58	907300
2009-05-11	49.02	50.66	48.60	48.60	632600
2009-05-12	50.47	51.35	49.16	49.39	710700
2009-05-13	49.92	51.31	49.83	50.03	767700
2009-05-14	49.81	50.68	49.35	49.99	781900
2009-05-15	48.34	49.82	47.88	49.54	766300
2009-05-18	49.28	49.53	47.27	49.01	1114500
2009-05-19	47.24	49.25	47.15	49.05	1021400
2009-05-20	46.96	47.96	46.86	47.65	1233900
2009-05-21	47.53	47.70	46.82	46.89	662900
2009-05-22	47.14	48.28	47.00	47.94	611400
2009-05-26	48.38	48.51	46.03	46.83	1133000
2009-05-27	46.98	48.43	46.90	48.19	811000
2009-05-28	47.68	47.80	46.94	47.14	704000
2009-05-29	49.01	49.06	47.31	47.31	858100
2009-06-01	50.58	50.90	49.20	49.30	870800
2009-06-02	52.03	52.32	50.41	51.07	904700
2009-06-03	51.70	52.24	51.12	52.24	615700
2009-06-04	51.94	52.07	51.27	51.85	683300
2009-06-05	52.60	52.84	51.55	52.74	606500
2009-06-08	51.77	52.41	51.44	52.28	608600
2009-06-09	51.73	52.02	51.39	51.80	541000
2009-06-10	51.35	52.02	51.09	51.91	400400
2009-06-11	50.87	51.39	50.59	50.95	385600
2009-06-12	50.30	50.88	49.93	50.74	276700
2009-06-15	49.66	50.05	49.47	49.91	365600
2009-06-16	49.11	50.32	49.09	49.90	329500
2009-06-17	49.29	50.17	49.07	49.13	542600
2009-06-18	49.41	49.96	49.15	49.29	523400
2009-06-19	49.50	49.86	49.19	49.74	441600
2009-06-22	49.43	49.80	48.87	49.13	775400
2009-06-23	49.31	49.71	49.01	49.39	519700
2009-06-24	49.59	49.71	49.04	49.57	539500
2009-06-25	49.63	49.64	48.87	49.31	548900
2009-06-26	49.54	50.07	49.50	49.64	931800
2009-06-29	50.52	50.52	49.47	49.70	610000
2009-06-30	50.67	50.78	50.18	50.54	581000
2009-07-01	51.28	51.58	50.61	50.80	432200
2009-07-02	49.56	51.31	49.56	50.95	482000
2009-07-06	50.97	51.07	49.84	50.27	801200
2009-07-07	50.74	51.44	50.68	51.09	542700
2009-07-08	51.35	51.48	50.81	50.87	687400
2009-07-09	51.41	51.77	51.17	51.73	292300
2009-07-10	51.37	51.64	50.95	51.29	305200
2009-07-13	52.89	52.89	51.77	51.77	641800
2009-07-14	53.39	53.45	52.53	52.82	416200
2009-07-15	54.44	54.51	53.45	53.52	566100
2009-07-16	54.57	54.85	53.39	54.43	540700
2009-07-17	54.51	55.12	54.32	54.64	480400
2009-07-20	53.93	54.75	53.74	54.48	532800
2009-07-21	54.77	54.79	53.91	54.14	438100
2009-07-22	55.97	56.55	54.51	54.76	646900
2009-07-23	56.89	57.17	55.82	55.82	539900
2009-07-24	57.14	57.17	56.74	56.91	454100
2009-07-27	57.08	57.17	56.59	56.98	379800
2009-07-28	57.43	57.63	56.84	56.86	303400
2009-07-29	56.93	57.55	56.67	57.33	248000
2009-07-30	56.71	57.52	56.47	57.35	364900
2009-07-31	56.79	57.16	56.48	56.71	409600
2009-08-03	57.96	57.96	56.69	56.97	497400
2009-08-04	59.12	60.19	58.17	59.92	1136600
2009-08-05	59.05	59.46	58.43	59.19	578900
2009-08-06	57.93	58.59	57.29	58.39	815000
2009-08-07	58.83	59.32	58.05	58.10	517500
2009-08-10	59.06	59.27	58.58	58.58	420000
2009-08-11	58.54	59.46	58.39	59.07	497500
2009-08-12	59.16	59.97	58.13	58.37	533600
2009-08-13	59.68	59.79	58.70	59.55	314900
2009-08-14	59.34	59.68	58.76	59.65	379600
2009-08-17	58.33	58.54	57.35	58.53	595300
2009-08-18	58.32	58.68	57.88	58.37	456500
2009-08-19	58.31	58.42	57.52	57.52	254500
2009-08-20	58.20	58.56	57.95	58.32	340800
2009-08-21	58.39	58.98	58.25	58.62	501500
2009-08-24	58.05	59.08	57.98	58.68	445900
2009-08-25	59.39	59.43	58.17	58.23	654200
2009-08-26	58.99	59.33	58.54	59.31	559500
2009-08-27	59.26	59.29	58.68	58.77	552300
2009-08-28	59.78	59.78	59.07	59.31	375800
2009-08-31	60.03	60.20	58.94	59.11	878400
2009-09-01	59.85	60.66	59.63	59.69	842200
2009-09-02	59.18	60.14	59.12	59.60	329600
2009-09-03	60.08	60.08	59.06	59.51	354400
2009-09-04	60.39	60.42	59.66	59.92	245200
2009-09-08	60.38	60.88	60.05	60.59	407700
2009-09-09	59.87	60.31	59.45	60.31	397400
2009-09-10	60.02	60.44	59.29	59.70	356600
2009-09-11	60.34	60.63	59.82	59.98	315300
2009-09-14	60.63	60.63	59.89	60.17	307500
2009-09-15	60.99	61.43	60.57	60.89	307900
2009-09-16	61.07	61.31	60.29	61.31	390100
2009-09-17	60.92	61.25	60.44	61.07	270800
2009-09-18	61.30	61.53	60.93	61.09	427900
2009-09-21	61.66	61.77	60.69	60.79	339700
2009-09-22	61.01	61.96	60.68	61.96	418500
2009-09-23	60.39	61.84	60.36	61.19	225300
2009-09-24	60.43	61.32	60.32	60.54	213600
2009-09-25	60.92	61.09	60.08	60.20	335900
2009-09-28	62.92	63.00	60.79	60.95	430800
2009-09-29	63.36	63.66	62.69	62.74	319100
2009-09-30	62.45	63.90	62.25	63.55	381700
2009-10-01	62.25	63.68	61.98	62.04	515900
2009-10-02	62.25	62.65	61.51	61.61	344500
2009-10-05	62.55	62.57	61.75	62.56	426600
2009-10-06	64.18	64.23	62.42	63.02	373300
2009-10-07	65.19	65.19	64.15	64.18	386600
2009-10-08	65.14	65.92	64.88	65.36	382000
2009-10-09	65.16	65.50	64.71	64.87	268600
2009-10-12	65.55	65.69	64.92	65.46	187700
2009-10-13	65.30	65.77	65.09	65.52	268100
2009-10-14	65.63	65.78	65.01	65.77	376500
2009-10-15	65.49	66.03	64.60	65.73	291400
2009-10-16	64.91	65.31	64.47	64.94	432700
2009-10-19	65.86	66.04	64.77	65.19	245500
2009-10-20	65.29	66.38	65.23	66.00	340400
2009-10-21	63.98	65.54	63.95	65.34	428000
2009-10-22	64.16	64.80	63.68	63.95	827000
2009-10-23	63.45	64.45	63.14	64.37	375200
2009-10-26	62.75	63.80	62.55	63.65	270500
2009-10-27	63.20	64.38	62.98	63.08	258800
2009-10-28	61.74	63.34	61.74	63.34	446800
2009-10-29	62.57	63.37	61.21	62.24	822200
2009-10-30	62.30	62.67	61.82	62.32	959100
2009-11-02	61.52	62.32	60.81	62.32	587800
2009-11-03	61.83	62.04	61.01	61.12	432000
2009-11-04	61.44	62.20	61.28	62.08	478400
2009-11-05	62.08	62.15	61.09	61.44	457700
2009-11-06	62.69	62.87	61.30	61.60	317500
2009-11-09	63.39	63.41	62.70	63.27	321900
2009-11-10	63.87	64.12	63.29	63.59	314900
2009-11-11	63.96	64.30	63.51	64.17	375800
2009-11-12	62.78	63.81	62.66	63.81	346700
2009-11-13	63.26	63.34	62.74	62.87	208800
2009-11-16	63.05	63.66	62.89	63.64	236700
2009-11-17	62.89	63.06	62.60	62.80	304300
2009-11-18	62.84	63.14	62.43	62.83	417300
2009-11-19	61.85	62.93	61.83	62.56	259600
2009-11-20	61.85	62.14	61.41	61.59	310900
2009-11-23	61.83	62.57	61.65	62.42	451400
2009-11-24	62.11	62.27	61.21	61.83	426100
2009-11-25	61.75	62.13	61.62	61.88	234600
2009-11-27	60.42	61.43	60.36	60.68	131400
2009-11-30	60.95	61.07	60.24	60.70	475200
2009-12-01	60.79	61.67	60.74	61.62	487000
2009-12-02	61.19	61.53	60.75	60.88	409300
2009-12-03	60.04	61.49	59.99	61.08	421000
2009-12-04	60.08	60.90	59.66	60.89	488500
2009-12-07	60.06	60.40	59.75	60.07	444100
2009-12-08	59.50	59.91	59.46	59.85	294900
2009-12-09	59.76	59.86	59.33	59.51	269300
2009-12-10	60.02	60.22	59.82	60.05	250500
2009-12-11	60.26	60.50	59.95	60.12	243200
2009-12-14	60.55	60.65	60.14	60.51	414900
2009-12-15	60.57	60.78	60.27	60.49	410500
2009-12-16	61.02	61.02	60.61	60.85	373500
2009-12-17	60.79	61.13	60.48	60.54	404400
2009-12-18	61.65	61.65	60.76	61.13	630500
2009-12-21	61.69	61.97	61.12	61.80	441200
2009-12-22	61.36	62.01	61.15	61.43	369500
2009-12-23	60.92	61.48	60.87	61.30	478400
2009-12-24	61.01	61.19	60.87	61.07	108600
2009-12-28	60.61	61.18	60.44	61.18	576100
2009-12-29	61.23	61.41	60.62	60.68	425100
2009-12-30	61.44	61.53	60.93	60.93	174400
2009-12-31	61.35	61.74	61.31	61.31	295500
2010-01-04	61.19	62.00	61.01	61.78	444800
2010-01-05	60.30	61.17	60.04	60.95	327200
2010-01-06	60.28	60.57	60.12	60.44	266400
2010-01-07	60.40	60.63	60.27	60.39	354600
2010-01-08	60.29	60.47	60.02	60.39	276900
2010-01-11	60.70	60.77	60.27	60.62	394000
2010-01-12	60.77	61.24	60.44	60.55	280600
2010-01-13	61.47	61.58	60.72	60.76	192200
2010-01-14	61.60	61.62	61.10	61.15	204600
2010-01-15	60.73	61.52	60.69	61.41	208000
2010-01-19	61.79	61.81	60.72	60.72	254200
2010-01-20	62.01	62.16	61.29	61.29	344000
2010-01-21	61.40	62.21	61.22	61.93	352900
2010-01-22	60.49	61.43	60.30	61.43	289800
2010-01-25	60.56	61.09	60.22	60.88	195800
2010-01-26	60.52	61.48	60.29	60.32	321400
2010-01-27	61.50	61.50	60.34	60.34	278900
2010-01-28	60.80	61.54	60.60	61.54	209600
2010-01-29	61.40	62.23	60.83	61.07	348000
2010-02-01	61.28	61.71	60.99	61.69	179100
2010-02-02	61.60	61.69	61.13	61.20	202600
2010-02-03	61.05	61.43	60.88	61.41	287300
2010-02-04	59.82	61.20	59.82	60.87	484500
2010-02-05	59.64	60.03	58.85	59.85	413000
2010-02-08	59.29	59.76	59.04	59.72	306300
2010-02-09	59.96	60.09	59.31	59.74	175600
2010-02-10	60.42	60.86	59.35	59.67	376800
2010-02-11	57.29	60.48	56.96	60.48	1755900
2010-02-12	57.98	58.14	56.57	56.85	892500
2010-02-16	58.98	59.04	57.90	58.26	667300
2010-02-17	59.08	59.22	58.83	59.05	642800
2010-02-18	59.76	59.87	59.03	59.17	504500
2010-02-19	60.05	60.23	59.65	59.72	338200
2010-02-22	60.46	60.53	59.86	60.02	306200
2010-02-23	60.29	60.60	59.95	60.18	421800
2010-02-24	61.02	61.08	60.12	60.43	382900
2010-02-25	61.45	61.59	60.48	60.62	430700
2010-02-26	61.17	61.76	61.02	61.66	332900
2010-03-01	61.21	61.38	60.65	61.36	412700
2010-03-02	60.47	61.25	60.16	61.23	948100
2010-03-03	59.44	60.65	59.36	60.65	938800
2010-03-04	59.22	59.53	59.05	59.43	635700
2010-03-05	58.55	59.49	58.43	59.45	1054500
2010-03-08	59.97	60.07	58.40	58.71	886400
2010-03-09	59.45	60.06	59.09	59.99	555700
2010-03-10	59.53	59.67	58.97	59.26	536200
2010-03-11	59.87	59.93	59.07	59.25	636100
2010-03-12	59.45	59.92	59.26	59.87	293500
2010-03-15	59.15	59.44	58.76	59.34	239100
2010-03-16	58.89	59.06	58.67	59.06	439700
2010-03-17	59.34	59.58	58.81	59.14	405200
2010-03-18	59.26	59.50	59.12	59.50	213400
2010-03-19	58.22	59.43	58.19	58.22	688900
2010-03-22	57.70	58.23	57.52	58.04	611400
2010-03-23	57.29	57.72	57.14	57.72	967700
2010-03-24	57.30	57.64	57.02	57.29	899800
2010-03-25	57.60	58.18	57.18	57.65	769200
2010-03-26	57.46	57.96	57.34	57.52	522400
2010-03-29	58.24	58.35	57.57	57.73	599000
2010-03-30	58.26	58.43	57.60	58.40	779200
2010-03-31	58.29	58.67	57.47	57.99	752700
2010-04-01	58.21	58.74	57.92	58.51	433700
2010-04-05	57.99	58.24	57.77	58.21	393000
2010-04-06	58.03	58.14	57.79	57.89	511800
2010-04-07	58.96	59.03	57.84	57.85	739800
2010-04-08	58.71	58.77	58.35	58.76	393700
2010-04-09	58.90	58.91	58.26	58.79	258900
2010-04-12	59.04	59.07	58.43	59.05	476100
2010-04-13	59.09	59.26	58.86	58.96	253300
2010-04-14	60.07	60.08	59.22	59.22	404900
2010-04-15	59.55	60.12	59.43	59.83	324000
2010-04-16	58.49	59.59	58.42	59.55	469800
2010-04-19	58.90	58.99	58.05	58.27	406100
2010-04-20	59.08	59.19	58.55	59.19	272700
2010-04-21	59.30	59.44	58.74	59.05	275300
2010-04-22	59.20	59.40	58.74	58.92	229800
2010-04-23	59.69	59.74	58.88	59.07	190600
2010-04-26	59.53	59.97	59.45	59.77	222900
2010-04-27	57.73	59.50	57.64	59.27	451400
2010-04-28	58.24	58.84	57.94	58.10	591300
2010-04-29	56.32	58.24	55.93	58.12	1013000
2010-04-30	55.21	55.73	55.04	55.26	927100
2010-05-03	55.45	56.13	54.56	56.13	657900
2010-05-04	54.42	54.97	54.38	54.77	448200
2010-05-05	55.38	55.78	54.26	54.43	1025900
2010-05-06	53.43	55.64	52.91	55.13	872500
2010-05-07	53.56	54.21	53.06	53.25	1019300
2010-05-10	55.54	55.55	54.19	55.15	729000
2010-05-11	55.44	55.67	54.79	55.05	530700
2010-05-12	56.00	56.04	55.36	55.72	371200
2010-05-13	56.05	56.54	55.97	56.05	558300
2010-05-14	55.36	55.89	55.11	55.89	598600
2010-05-17	55.33	55.42	54.76	55.33	667400
2010-05-18	54.71	55.94	54.64	55.88	439600
2010-05-19	54.90	55.37	54.19	54.59	321800
2010-05-20	53.05	54.45	53.05	54.23	435900
2010-05-21	53.09	53.12	52.31	52.53	654300
2010-05-24	52.32	53.45	52.25	52.83	429700
2010-05-25	52.10	52.21	50.49	51.36	650600
2010-05-26	51.70	52.42	51.68	52.42	619000
2010-05-27	53.29	53.34	52.24	52.53	422600
2010-05-28	52.69	53.60	52.67	53.36	447600
2010-06-01	51.45	52.80	51.42	52.32	524900
2010-06-02	52.32	52.32	51.45	51.77	514800
2010-06-03	52.19	52.42	51.85	52.28	467000
2010-06-04	50.76	51.81	50.70	51.53	451400
2010-06-07	50.44	51.08	50.29	50.83	821500
2010-06-08	51.05	51.06	49.82	50.48	716300
2010-06-09	50.76	51.41	50.59	51.11	444000
2010-06-10	51.66	51.80	51.35	51.35	599700
2010-06-11	51.84	51.84	50.90	51.28	374800
2010-06-14	52.35	52.75	51.84	52.14	528400
2010-06-15	53.65	53.79	52.31	52.48	400000
2010-06-16	53.53	53.71	53.20	53.53	319800
2010-06-17	54.53	54.55	53.65	53.69	616000
2010-06-18	55.01	55.21	54.32	54.54	588600
2010-06-21	54.44	55.63	54.38	55.63	408800
2010-06-22	53.67	54.68	53.65	54.54	689000
2010-06-23	52.26	53.69	52.24	53.62	659200
2010-06-24	51.67	52.28	51.62	52.03	437800
2010-06-25	52.03	52.16	51.39	51.91	1021500
2010-06-28	52.38	52.69	51.83	52.00	291700
2010-06-29	50.97	51.82	50.75	51.82	648700
2010-06-30	51.27	51.78	50.81	50.98	559400
2010-07-01	50.64	51.37	50.00	51.37	365100
2010-07-02	50.37	51.08	50.32	50.93	174100
2010-07-06	50.20	51.19	49.92	50.95	486900
2010-07-07	51.52	51.52	50.35	50.35	287000
2010-07-08	52.33	52.36	51.65	52.00	563600
2010-07-09	53.09	53.14	52.11	52.14	432000
2010-07-12	52.90	53.12	52.56	52.91	311300
2010-07-13	53.95	54.04	53.17	53.17	575800
2010-07-14	54.04	54.06	53.37	53.90	554900
2010-07-15	53.48	54.20	53.10	54.20	273500
2010-07-16	51.96	53.27	51.90	53.22	291800
2010-07-19	52.01	52.21	51.57	52.01	196000
2010-07-20	52.52	52.59	51.27	51.60	278300
2010-07-21	51.68	52.76	51.56	52.61	409800
2010-07-22	53.23	53.25	52.28	52.29	358600
2010-07-23	53.58	53.68	52.91	53.09	278700
2010-07-26	54.25	54.37	53.62	53.72	318000
2010-07-27	53.83	54.68	53.75	54.19	317400
2010-07-28	52.78	54.04	52.68	53.40	437400
2010-07-29	55.75	56.16	53.74	53.74	856300
2010-07-30	56.28	56.43	55.03	55.33	543600
2010-08-02	56.86	57.36	56.50	57.07	407900
2010-08-03	56.24	56.67	56.12	56.54	337700
2010-08-04	56.70	57.05	56.40	56.55	251000
2010-08-05	56.91	57.18	56.56	56.65	306300
2010-08-06	57.70	57.75	56.10	56.55	599300
2010-08-09	58.19	58.29	57.72	57.78	351500
2010-08-10	57.97	58.23	57.51	57.91	552000
2010-08-11	56.90	57.50	56.64	57.36	751100
2010-08-12	57.23	57.38	56.19	56.19	303800
2010-08-13	57.36	57.63	56.94	57.23	272000
2010-08-16	57.50	57.60	56.86	57.02	261300
2010-08-17	58.41	58.70	57.89	57.89	363600
2010-08-18	58.51	58.84	57.82	58.32	274700
2010-08-19	57.83	58.48	57.73	58.04	387400
2010-08-20	58.43	58.52	57.28	57.44	390600
2010-08-23	58.11	59.20	58.11	58.60	343700
2010-08-24	58.22	58.74	57.26	57.67	452600
2010-08-25	58.68	58.76	57.88	57.99	390800
2010-08-26	57.24	58.96	57.08	58.96	657000
2010-08-27	58.73	58.73	56.81	57.65	315500
2010-08-30	58.26	58.84	58.25	58.66	295900
2010-08-31	57.72	58.08	57.38	57.94	546800
2010-09-01	58.71	59.20	58.22	58.49	459800
2010-09-02	58.71	59.08	58.51	58.89	388200
2010-09-03	60.23	60.31	58.77	58.97	432600
2010-09-07	58.96	60.05	58.92	59.90	336300
2010-09-08	59.90	60.09	59.29	59.40	409600
2010-09-09	60.18	60.53	59.92	60.47	212800
2010-09-10	59.89	60.32	59.70	60.32	145600
2010-09-13	60.71	60.74	60.06	60.40	276700
2010-09-14	60.82	61.05	60.32	60.62	244200
2010-09-15	61.28	61.42	60.52	60.65	188000
2010-09-16	61.76	61.83	60.97	61.18	267000
2010-09-17	62.03	62.35	61.64	61.83	672500
2010-09-20	61.86	62.13	61.29	62.04	414200
2010-09-21	61.54	62.09	61.44	61.95	221400
2010-09-22	61.34	61.92	61.34	61.47	211900
2010-09-23	60.91	61.65	60.89	61.09	238800
2010-09-24	61.75	62.11	61.37	61.60	254900
2010-09-27	62.11	62.56	61.35	61.89	267100
2010-09-28	62.82	62.99	61.40	62.28	299100
2010-09-29	62.73	62.91	62.14	62.56	233400
2010-09-30	63.07	63.50	62.75	63.16	440600
2010-10-01	62.13	63.56	61.74	63.52	329900
2010-10-04	62.13	62.57	61.54	62.11	217200
2010-10-05	63.20	63.25	61.72	62.72	356700
2010-10-06	62.23	63.24	62.06	63.04	228500
2010-10-07	62.72	63.05	62.34	62.34	282600
2010-10-08	62.72	62.96	62.34	62.89	151000
2010-10-11	59.52	63.53	59.16	62.85	3034100
2010-10-12	60.33	60.53	58.90	59.46	1412600
2010-10-13	61.24	62.00	60.21	60.38	875300
2010-10-14	61.82	61.84	60.40	61.09	607200
2010-10-15	61.42	62.13	61.40	61.96	372000
2010-10-18	61.78	61.80	61.16	61.52	264600
2010-10-19	60.52	61.69	60.29	61.16	342200
2010-10-20	61.58	61.72	60.70	60.70	366000
2010-10-21	61.44	62.03	61.16	61.65	368100
2010-10-22	61.31	61.70	61.26	61.33	212800
2010-10-25	61.65	62.07	61.56	61.61	245300
2010-10-26	61.86	62.39	61.54	61.61	275500
2010-10-27	61.37	61.69	61.10	61.35	220300
2010-10-28	60.94	61.66	60.75	61.66	224800
2010-10-29	61.47	61.61	60.61	60.83	434300
2010-11-01	61.67	62.68	61.38	61.90	429100
2010-11-02	62.34	62.52	62.02	62.20	231600
2010-11-03	62.82	63.13	62.32	62.37	411900
2010-11-04	64.42	64.49	63.01	63.16	353000
2010-11-05	64.78	64.87	64.28	64.48	236000
2010-11-08	64.17	64.54	63.86	64.45	238800
2010-11-09	63.96	64.99	63.82	64.37	388900
2010-11-10	64.46	64.63	63.72	63.88	423700
2010-11-11	64.15	64.31	63.52	63.93	253100
2010-11-12	63.13	64.39	63.11	63.93	305900
2010-11-15	62.95	63.90	62.72	63.31	382600
2010-11-16	62.43	62.88	61.97	62.66	347800
2010-11-17	62.00	62.58	61.94	62.55	203900
2010-11-18	62.59	62.87	62.13	62.60	242500
2010-11-19	61.86	62.42	61.74	62.42	244500
2010-11-22	61.63	62.10	61.26	61.35	379600
2010-11-23	61.41	61.90	61.02	61.13	293900
2010-11-24	62.42	62.70	61.61	61.88	327300
2010-11-26	61.77	62.29	61.22	61.86	180900
2010-11-29	61.70	61.76	60.29	61.69	604800
2010-11-30	61.24	61.49	60.67	61.19	537300
2010-12-01	61.64	62.09	61.53	61.75	339100
2010-12-02	61.75	62.10	61.58	61.69	405600
2010-12-03	61.84	62.02	61.41	61.48	437200
2010-12-06	61.87	62.11	61.50	61.67	180600
2010-12-07	62.24	62.97	62.19	62.36	251600
2010-12-08	62.19	62.51	61.93	62.23	323200
2010-12-09	62.37	62.52	61.86	62.52	241600
2010-12-10	62.94	63.16	62.36	62.49	318500
2010-12-13	63.23	63.65	62.99	63.06	186200
2010-12-14	63.10	63.89	62.99	63.33	259700
2010-12-15	62.26	63.77	62.24	62.91	354300
2010-12-16	62.35	62.58	61.78	62.33	329800
2010-12-17	62.11	62.35	61.99	62.27	471400
2010-12-20	61.88	62.33	61.70	62.14	270400
2010-12-21	61.90	62.24	61.81	61.89	281200
2010-12-22	62.55	62.93	61.76	61.88	190700
2010-12-23	62.42	62.85	62.12	62.13	208900
2010-12-27	62.74	62.77	61.99	62.30	245600
2010-12-28	62.53	62.96	62.45	62.79	122300
2010-12-29	62.38	62.67	62.15	62.58	114800
2010-12-30	62.50	62.87	62.30	62.30	188800
2010-12-31	62.22	62.68	62.20	62.33	204300
2011-01-03	62.49	63.01	62.23	63.01	239900
2011-01-04	61.64	62.92	61.46	62.65	456400
2011-01-05	61.06	61.41	60.89	61.32	504400
2011-01-06	61.09	61.66	60.76	61.04	340400
2011-01-07	60.59	61.21	60.25	61.11	314600
2011-01-10	60.55	60.82	60.27	60.27	370200
2011-01-11	61.15	61.27	60.58	60.80	161200
2011-01-12	61.83	61.87	61.27	61.34	219700
2011-01-13	61.11	61.80	61.01	61.72	396800
2011-01-14	61.17	61.46	60.95	61.08	397700
2011-01-18	61.45	61.45	60.84	61.24	503000
2011-01-19	61.02	61.52	60.95	61.28	240900
2011-01-20	61.23	61.34	60.78	60.84	224200
2011-01-21	61.08	61.47	60.66	61.47	261400
2011-01-24	62.12	62.23	61.14	61.20	252200
2011-01-25	62.90	63.06	61.86	61.86	614900
2011-01-26	62.93	63.12	62.69	62.97	351000
2011-01-27	63.31	63.48	62.79	62.79	339700
2011-01-28	62.26	63.29	62.23	62.94	349100
2011-01-31	61.82	62.60	61.82	62.23	207600
2011-02-01	62.52	62.86	62.03	62.22	252500
2011-02-02	62.28	62.54	62.02	62.31	336200
2011-02-03	62.33	62.57	62.17	62.31	391300
2011-02-04	62.63	62.73	62.40	62.40	161400
2011-02-07	63.17	63.29	62.69	62.71	226400
2011-02-08	63.51	63.59	63.25	63.25	201200
2011-02-09	62.88	63.54	62.82	63.54	310000
2011-02-10	63.38	63.42	61.22	61.72	599400
2011-02-11	64.99	65.37	63.40	63.40	707000
2011-02-14	64.39	65.05	64.11	65.00	360300
2011-02-15	64.68	64.80	64.09	64.17	332500
2011-02-16	64.88	65.35	64.62	64.74	322700
2011-02-17	65.35	65.58	64.57	64.74	269400
2011-02-18	66.44	66.52	65.00	65.22	362700
2011-02-22	64.45	65.60	64.11	65.60	532600
2011-02-23	63.78	64.70	63.78	64.38	352600
2011-02-24	63.36	64.14	62.93	63.83	458600
2011-02-25	64.72	64.97	63.59	63.77	355100
2011-02-28	65.02	65.55	64.50	64.60	362200
2011-03-01	64.24	65.38	64.22	65.27	233900
2011-03-02	64.11	64.70	64.00	64.34	313600
2011-03-03	64.75	65.05	64.11	64.32	410000
2011-03-04	63.96	64.75	63.91	64.74	328300
2011-03-07	63.86	64.65	63.78	64.39	334800
2011-03-08	64.90	65.14	63.81	64.03	206800
2011-03-09	64.68	65.10	64.12	64.79	248200
2011-03-10	63.33	64.09	63.27	63.95	189900
2011-03-11	61.60	62.58	59.46	61.46	687800
2011-03-14	60.70	61.19	59.95	60.38	567300
2011-03-15	60.54	61.00	59.24	59.56	522300
2011-03-16	60.19	61.02	60.19	60.42	443800
2011-03-17	60.35	60.65	59.78	60.63	379100
2011-03-18	60.29	61.12	60.29	60.65	444500
2011-03-21	61.20	61.27	60.79	61.00	241300
2011-03-22	60.24	61.61	60.22	61.05	461900
2011-03-23	60.50	60.86	59.52	60.06	502900
2011-03-24	60.91	61.15	60.64	60.69	281700
2011-03-25	61.18	61.52	60.60	60.99	167200
2011-03-28	60.93	61.31	60.93	61.24	462100
2011-03-29	61.22	61.31	60.75	60.81	399700
2011-03-30	61.53	61.69	60.77	61.32	1245800
2011-03-31	65.04	65.15	61.56	61.56	1336600
2011-04-01	66.72	66.87	65.16	65.22	974400
2011-04-04	68.19	69.18	67.75	68.35	1120400
2011-04-05	67.96	68.74	67.13	67.93	942700
2011-04-06	69.15	69.20	68.08	68.41	713000
2011-04-07	69.05	69.35	68.40	68.96	613700
2011-04-08	68.28	69.43	68.04	69.35	374800
2011-04-11	68.02	68.66	67.84	68.19	400200
2011-04-12	67.22	68.27	67.07	67.79	471700
2011-04-13	67.63	68.10	67.21	67.77	483500
2011-04-14	67.27	68.20	67.18	67.46	399300
2011-04-15	67.22	68.26	66.96	67.28	458700
2011-04-18	66.32	66.77	65.60	66.77	353500
2011-04-19	65.85	66.73	65.60	66.72	323900
2011-04-20	66.03	66.67	65.94	66.48	229200
2011-04-21	66.21	66.63	65.94	66.33	180100
2011-04-25	66.50	66.61	65.93	66.17	132800
2011-04-26	66.77	67.35	66.51	66.51	272200
2011-04-27	67.65	67.65	66.59	66.77	311200
2011-04-28	67.89	68.42	67.53	67.71	481400
2011-04-29	67.21	68.34	67.16	67.65	442000
2011-05-02	66.32	67.66	66.25	67.49	398400
2011-05-03	67.73	67.73	66.34	66.53	415000
2011-05-04	66.98	67.80	66.51	67.77	284000
2011-05-05	66.22	67.03	65.95	66.78	405300
2011-05-06	66.28	67.21	66.06	66.77	188000
2011-05-09	66.57	66.63	65.71	66.34	170000
2011-05-10	67.17	67.37	66.65	66.71	198300
2011-05-11	66.20	67.21	65.99	66.92	194100
2011-05-12	66.95	67.08	65.90	65.90	175000
2011-05-13	66.48	67.17	66.09	66.81	308800
2011-05-16	66.55	66.71	65.98	66.17	275200
2011-05-17	66.28	66.31	65.83	66.08	357800
2011-05-18	66.93	67.33	66.15	66.26	337800
2011-05-19	66.31	67.10	66.28	67.10	243400
2011-05-20	66.23	66.78	66.13	66.31	437500
2011-05-23	65.25	66.24	65.25	66.24	340900
2011-05-24	64.52	65.29	64.40	65.29	285800
2011-05-25	64.90	64.99	63.88	64.39	333900
2011-05-26	66.05	66.23	64.65	64.65	434200
2011-05-27	66.18	67.29	66.08	67.29	242000
2011-05-31	65.97	66.55	65.63	66.36	396500
2011-06-01	64.80	66.76	64.69	65.83	455200
2011-06-02	65.78	65.86	64.73	65.00	417500
2011-06-03	64.93	65.59	64.82	65.21	188400
2011-06-06	64.09	64.86	63.97	64.86	218900
2011-06-07	63.76	64.43	63.74	64.43	223000
2011-06-08	62.97	64.39	62.97	64.39	220100
2011-06-09	62.39	63.04	62.30	63.04	344600
2011-06-10	61.62	62.20	61.52	62.07	261000
2011-06-13	61.85	62.55	61.77	61.81	462000
2011-06-14	62.21	62.71	61.94	62.36	423300
2011-06-15	61.06	61.81	60.85	61.75	440300
2011-06-16	60.93	61.69	60.59	61.29	364500
2011-06-17	60.68	61.49	60.68	61.44	409100
2011-06-20	60.90	61.44	60.37	60.53	244300
2011-06-21	60.46	61.07	60.25	61.07	307900
2011-06-22	60.19	60.52	60.01	60.38	300600
2011-06-23	59.83	59.96	58.77	59.52	365800
2011-06-24	59.73	59.95	59.26	59.90	753600
2011-06-27	60.69	61.03	59.54	59.54	422100
2011-06-28	60.35	60.85	59.87	60.68	347100
2011-06-29	61.15	61.22	60.49	60.58	393800
2011-06-30	60.62	61.16	60.43	61.14	411200
2011-07-01	60.66	60.97	60.42	60.54	333100
2011-07-05	59.86	60.52	59.57	60.20	234400
2011-07-06	60.75	61.20	59.71	59.75	519800
2011-07-07	61.90	62.58	61.13	61.15	523200
2011-07-08	61.53	61.80	61.25	61.30	327600
2011-07-11	60.67	61.02	60.43	60.97	305400
2011-07-12	61.34	62.03	60.46	60.53	260300
2011-07-13	61.41	62.01	61.03	61.66	266100
2011-07-14	61.05	61.75	60.78	61.70	218600
2011-07-15	60.34	61.39	60.23	61.35	270800
2011-07-18	59.61	60.32	59.15	60.19	305900
2011-07-19	59.95	60.28	59.76	60.08	227800
2011-07-20	59.73	60.22	59.63	60.09	217100
2011-07-21	60.59	60.98	59.80	59.94	225600
2011-07-22	60.43	60.74	60.18	60.54	152100
2011-07-25	60.29	60.68	59.69	59.95	237800
2011-07-26	60.93	61.29	60.10	60.40	217400
2011-07-27	60.24	61.36	60.24	60.62	365000
2011-07-28	61.78	62.83	60.46	60.46	589600
2011-07-29	60.89	61.50	60.88	61.31	386800
2011-08-01	60.95	61.59	60.06	61.49	380500
2011-08-02	61.29	62.10	60.62	60.64	682600
2011-08-03	61.84	61.93	60.56	61.41	735400
2011-08-04	59.28	61.50	59.24	61.24	693100
2011-08-05	57.91	59.76	57.32	59.72	508100
2011-08-08	54.50	57.79	54.50	56.98	733400
2011-08-09	58.51	58.57	54.39	55.49	1032700
2011-08-10	56.69	58.10	56.21	57.28	650100
2011-08-11	59.92	60.61	56.85	56.85	786100
2011-08-12	58.99	60.18	58.20	60.18	462200
2011-08-15	61.21	61.26	58.97	58.99	370900
2011-08-16	60.68	61.03	60.12	60.52	333300
2011-08-17	61.07	61.58	60.83	61.09	172400
2011-08-18	58.98	60.28	58.60	59.74	419100
2011-08-19	58.31	59.68	58.23	58.23	349700
2011-08-22	57.28	59.72	57.08	59.55	403300
2011-08-23	57.77	57.95	57.11	57.94	466600
2011-08-24	58.20	58.79	57.68	57.76	571700
2011-08-25	56.33	58.83	55.90	58.83	405300
2011-08-26	57.59	57.82	55.14	56.00	561700
2011-08-29	60.45	60.45	58.27	58.50	326800
2011-08-30	59.94	60.29	59.36	60.08	234900
2011-08-31	60.21	60.89	59.86	60.33	357500
2011-09-01	60.21	61.04	59.82	60.15	398500
2011-09-02	58.48	59.74	58.47	59.17	229700
2011-09-06	58.19	58.76	57.17	57.19	445300
2011-09-07	60.86	60.90	58.61	58.64	401600
2011-09-08	59.53	60.71	59.18	60.51	492900
2011-09-09	58.39	59.38	57.95	59.18	431300
2011-09-12	58.47	58.52	57.15	57.72	397200
2011-09-13	59.01	59.22	58.04	58.49	241600
2011-09-14	58.84	59.40	57.98	59.13	325100
2011-09-15	59.53	59.53	58.41	59.27	283100
2011-09-16	58.77	59.92	58.68	59.69	577800
2011-09-19	58.29	58.65	57.12	57.91	444000
2011-09-20	59.26	59.90	58.56	58.66	563200
2011-09-21	58.30	60.32	58.30	59.48	562700
2011-09-22	56.91	57.86	56.24	57.59	686700
2011-09-23	57.42	57.65	56.07	56.57	612500
2011-09-26	57.94	58.09	56.86	57.85	604100
2011-09-27	59.00	59.93	58.33	58.62	623200
2011-09-28	57.90	59.30	57.89	59.00	449900
2011-09-29	59.14	59.20	57.89	58.95	269300
2011-09-30	59.23	60.01	58.24	58.28	460200
2011-10-03	58.01	59.61	57.83	58.89	649100
2011-10-04	59.51	59.65	56.88	57.59	558800
2011-10-05	59.48	59.72	58.72	59.50	451600
2011-10-06	60.00	60.04	58.93	59.41	473800
2011-10-07	58.51	60.33	58.42	60.20	431700
2011-10-10	60.09	60.09	59.03	59.79	316700
2011-10-11	59.77	60.70	59.65	59.74	321200
2011-10-12	59.78	60.25	59.21	60.25	498500
2011-10-13	58.31	59.42	57.89	59.42	392400
2011-10-14	58.66	58.81	57.56	58.79	320100
2011-10-17	57.18	58.67	57.07	58.37	362300
2011-10-18	59.00	59.27	57.13	57.46	396100
2011-10-19	60.27	60.83	58.68	58.68	580300
2011-10-20	61.67	61.75	59.89	60.36	559600
2011-10-21	63.48	63.52	62.03	62.03	359500
2011-10-24	64.97	65.73	63.83	63.84	444900
2011-10-25	64.16	65.22	64.03	64.61	559200
2011-10-26	64.12	65.11	63.70	64.70	571300
2011-10-27	67.77	68.27	66.29	67.14	566300
2011-10-28	67.78	68.09	65.92	67.51	607700
2011-10-31	67.09	68.19	66.52	67.45	417400
2011-11-01	66.12	67.42	65.56	66.12	581600
2011-11-02	67.41	67.89	66.70	66.97	528900
2011-11-03	68.23	68.50	67.12	67.79	311600
2011-11-04	68.28	68.70	67.43	67.87	235600
2011-11-07	69.09	69.37	68.26	68.35	425600
2011-11-08	69.09	69.62	68.80	69.47	413300
2011-11-09	67.58	68.72	67.42	67.90	425000
2011-11-10	66.82	68.36	66.68	68.21	573500
2011-11-11	67.70	67.97	67.16	67.65	678800
2011-11-14	66.06	67.97	66.03	67.76	448400
2011-11-15	66.12	66.55	65.75	66.06	372500
2011-11-16	64.88	66.03	64.88	65.59	349000
2011-11-17	64.15	65.22	64.03	64.72	266500
2011-11-18	65.43	65.81	64.24	64.50	368300
2011-11-21	64.67	65.26	64.44	64.56	411200
2011-11-22	63.58	64.62	63.56	64.35	378100
2011-11-23	60.96	63.55	60.90	63.30	695200
2011-11-25	62.62	62.64	60.31	60.67	301300
2011-11-28	63.70	65.42	63.02	65.42	605300
2011-11-29	63.65	63.91	63.36	63.67	253300
2011-11-30	65.84	65.84	64.43	64.88	464900
2011-12-01	64.07	65.84	63.95	65.84	411700
2011-12-02	63.16	64.62	62.99	64.62	655900
2011-12-05	63.17	64.07	62.80	63.80	624800
2011-12-06	63.74	64.28	62.98	62.98	414600
2011-12-07	63.61	63.69	62.47	63.19	565600
2011-12-08	62.35	63.52	62.26	63.31	295100
2011-12-09	62.47	62.68	62.15	62.49	355600
2011-12-12	61.66	62.12	61.37	62.00	317200
2011-12-13	60.73	62.65	60.32	61.99	384200
2011-12-14	60.50	61.37	60.39	60.61	392500
2011-12-15	59.91	61.14	59.76	61.14	596000
2011-12-16	59.93	60.51	59.65	59.82	699200
2011-12-19	58.90	60.26	58.82	59.77	448000
2011-12-20	60.09	60.45	59.61	59.61	796500
2011-12-21	61.47	61.59	59.79	59.91	432000
2011-12-22	61.57	61.61	61.19	61.53	503600
2011-12-23	64.47	64.91	61.54	61.54	908900
2011-12-27	64.29	64.88	63.78	64.06	425200
2011-12-28	63.75	64.32	63.46	64.09	326000
2011-12-29	64.03	64.17	63.70	63.94	195300
2011-12-30	63.10	64.12	63.10	63.82	344700
2012-01-03	63.91	64.37	63.19	64.08	388800
2012-01-04	62.55	63.97	62.52	63.86	286100
2012-01-05	62.96	63.12	61.66	62.43	264300
2012-01-06	63.07	63.64	63.04	63.04	232800
2012-01-09	63.73	63.91	63.10	63.10	360500
2012-01-10	64.89	64.97	63.91	64.30	386900
2012-01-11	64.72	64.91	64.19	64.53	244200
2012-01-12	64.41	65.06	63.93	64.84	312100
2012-01-13	63.64	64.39	63.44	64.01	337000
2012-01-17	63.28	64.33	62.99	63.94	349600
2012-01-18	63.87	63.90	62.43	63.53	334100
2012-01-19	63.97	64.00	63.51	63.97	289900
2012-01-20	64.82	64.91	63.74	63.76	250500
2012-01-23	64.19	65.29	64.15	64.83	162300
2012-01-24	64.15	64.48	63.31	63.78	204300
2012-01-25	64.13	64.18	63.34	63.83	364000
2012-01-26	64.83	65.03	64.31	64.48	305700
2012-01-27	63.90	64.57	63.82	64.55	339800
2012-01-30	63.60	63.79	63.09	63.79	260200
2012-01-31	64.09	64.39	63.45	63.67	304900
2012-02-01	66.12	66.30	64.48	64.48	520600
2012-02-02	65.75	66.59	65.60	66.36	235800
2012-02-03	66.24	66.35	65.48	66.35	333800
2012-02-06	65.85	66.08	65.10	65.69	262100
2012-02-07	66.14	66.24	65.33	65.66	273400
2012-02-08	66.08	66.38	65.48	66.11	367300
2012-02-09	66.62	67.08	63.60	64.53	793100
2012-02-10	65.42	66.17	65.03	66.17	407300
2012-02-13	66.77	66.80	65.66	65.84	451700
2012-02-14	66.55	66.65	65.70	66.31	423200
2012-02-15	67.26	67.97	66.47	66.72	669200
2012-02-16	67.28	67.70	66.98	67.05	443200
2012-02-17	67.54	67.69	66.95	67.40	395400
2012-02-21	68.00	68.09	67.16	67.73	415800
2012-02-22	66.92	68.03	64.53	67.79	490500
2012-02-23	67.06	67.48	66.69	67.07	317600
2012-02-24	66.74	67.37	66.07	67.02	252600
2012-02-27	66.20	66.72	65.68	66.54	252300
2012-02-28	65.51	66.36	65.35	66.36	303200
2012-02-29	65.93	66.39	65.18	65.52	297500
2012-03-01	66.92	67.12	65.78	66.47	303900
2012-03-02	67.28	68.60	67.10	67.58	386500
2012-03-05	68.13	68.19	67.19	67.35	310000
2012-03-06	66.80	67.77	66.80	67.77	376000
2012-03-07	67.59	67.70	66.49	66.79	336600
2012-03-08	68.17	68.27	67.31	67.74	521800
2012-03-09	68.88	68.89	68.10	68.11	277900
2012-03-12	68.80	68.99	68.66	68.72	176400
2012-03-13	70.07	70.26	68.76	69.04	650100
2012-03-14	70.12	70.39	69.79	70.12	203800
2012-03-15	70.40	70.53	69.83	70.05	189100
2012-03-16	69.85	70.59	69.81	70.25	288600
2012-03-19	70.29	70.60	69.66	69.93	175100
2012-03-20	70.57	70.82	69.62	69.68	254600
2012-03-21	70.00	70.68	70.00	70.68	326000
2012-03-22	69.60	69.95	69.40	69.67	238200
2012-03-23	69.98	70.07	69.34	69.71	208900
2012-03-26	70.82	70.90	70.26	70.45	300900
2012-03-27	70.38	70.85	70.37	70.74	231400
2012-03-28	70.81	70.83	70.23	70.26	166800
2012-03-29	70.42	70.62	69.95	70.47	168800
2012-03-30	69.80	70.82	69.80	70.82	257000
2012-04-02	70.51	70.92	69.62	69.85	353500
2012-04-03	70.95	71.00	69.87	70.42	328800
2012-04-04	70.87	71.46	70.31	70.31	260300
2012-04-05	70.88	71.04	70.24	70.26	162400
2012-04-09	70.08	70.42	69.78	70.07	179100
2012-04-10	69.75	70.34	69.74	70.10	299900
2012-04-11	70.49	70.87	69.89	70.20	349000
2012-04-12	71.14	71.18	70.20	70.55	154400
2012-04-13	70.11	71.42	70.11	71.17	287000
2012-04-16	70.29	70.90	69.99	70.53	300200
2012-04-17	70.35	70.74	70.05	70.52	359000
2012-04-18	70.14	70.42	69.39	70.17	377300
2012-04-19	71.05	71.55	70.09	70.09	358700
2012-04-20	71.98	72.20	71.09	71.40	417000
2012-04-23	71.48	71.48	70.78	71.28	214000
2012-04-24	71.38	71.79	71.00	71.32	312900
2012-04-25	72.00	72.22	71.39	71.85	425200
2012-04-26	75.25	75.56	72.81	72.81	1447300
2012-04-27	75.02	75.67	74.77	75.39	673800
2012-04-30	74.77	75.38	74.63	74.90	779400
2012-05-01	75.52	75.86	74.84	75.28	1078500
2012-05-02	75.00	75.51	74.55	75.18	1008700
2012-05-03	75.85	76.31	75.12	75.12	948800
2012-05-04	75.98	76.24	75.46	75.58	522500
2012-05-07	76.36	76.39	75.46	75.92	368000
2012-05-08	77.18	77.24	75.76	76.02	544800
2012-05-09	77.18	77.71	76.43	76.84	541200
2012-05-10	77.28	77.71	76.99	77.40	351300
2012-05-11	77.85	78.56	76.54	76.96	409700
2012-05-14	77.24	77.73	76.77	77.51	565900
2012-05-15	76.44	77.54	76.34	77.10	529800
2012-05-16	75.63	77.12	75.54	76.75	462500
2012-05-17	74.38	75.72	74.08	75.64	551400
2012-05-18	74.23	74.82	73.95	74.51	464400
2012-05-21	74.14	74.57	73.76	74.46	560800
2012-05-22	74.90	75.15	74.07	74.39	777200
2012-05-23	75.27	75.45	74.23	74.56	370000
2012-05-24	76.72	76.72	75.10	75.27	420700
2012-05-25	76.43	77.43	76.24	76.59	320900
2012-05-29	76.71	77.42	76.52	76.90	388300
2012-05-30	76.73	76.95	75.91	76.48	564600
2012-05-31	77.41	77.94	75.95	76.60	646500
2012-06-01	76.76	77.22	76.37	76.60	577500
2012-06-04	76.52	76.92	76.21	76.71	287100
2012-06-05	77.20	77.26	76.35	76.35	517800
2012-06-06	78.47	78.48	77.48	77.71	311800
2012-06-07	78.34	79.86	76.56	79.07	502000
2012-06-08	77.44	78.16	76.40	77.91	659800
2012-06-11	77.37	78.42	77.33	77.73	637500
2012-06-12	78.18	78.22	77.25	77.64	419700
2012-06-13	77.37	78.37	77.21	78.18	386500
2012-06-14	78.47	78.88	77.40	77.51	382800
2012-06-15	77.32	78.46	77.28	78.40	591900
2012-06-18	78.27	78.36	76.77	77.09	287800
2012-06-19	79.20	79.35	78.09	78.22	377600
2012-06-20	79.20	80.23	79.03	79.14	355500
2012-06-21	77.90	79.68	77.67	79.16	344800
2012-06-22	78.34	79.03	77.91	78.20	566400
2012-06-25	77.68	78.08	76.63	78.08	474000
2012-06-26	78.44	78.69	77.50	77.65	402400
2012-06-27	79.00	79.40	78.09	78.63	336100
2012-06-28	79.69	79.72	78.40	78.90	414400
2012-06-29	78.45	80.69	78.27	80.69	877600
2012-07-02	79.58	80.16	78.69	78.97	384700
2012-07-03	80.49	80.73	79.53	79.75	178500
2012-07-05	79.54	80.87	79.43	80.62	486000
2012-07-06	79.28	79.54	78.96	79.20	261800
2012-07-09	79.09	79.25	78.38	79.03	319400
2012-07-10	78.78	80.17	78.56	79.62	243800
2012-07-11	78.06	78.90	77.78	78.88	315500
2012-07-12	78.82	79.00	77.52	77.91	354400
2012-07-13	79.09	79.75	78.79	78.91	391000
2012-07-16	79.41	79.69	78.78	78.97	219900
2012-07-17	79.90	79.97	78.57	79.97	273200
2012-07-18	79.16	80.19	78.88	79.73	189900
2012-07-19	78.18	79.35	78.11	79.05	378100
2012-07-20	77.21	78.12	77.12	77.57	348600
2012-07-23	76.97	77.29	76.08	76.87	347600
2012-07-24	76.03	77.03	75.62	76.90	291000
2012-07-25	77.38	77.56	75.83	76.18	531300
2012-07-26	77.18	78.46	76.71	78.46	433200
2012-07-27	78.34	78.56	76.98	77.40	262100
2012-07-30	79.20	79.76	78.31	78.50	274100
2012-07-31	77.09	79.24	76.94	79.00	450800
2012-08-01	77.00	77.48	76.56	77.38	307200
2012-08-02	77.92	77.92	76.46	76.70	269900
2012-08-03	77.69	78.96	77.65	78.45	296600
2012-08-06	77.38	79.41	77.37	77.78	181500
2012-08-07	77.85	77.94	77.33	77.69	285100
2012-08-08	78.84	79.09	77.44	77.69	315100
2012-08-09	78.47	79.52	78.19	78.26	180900
2012-08-10	78.53	78.74	77.66	78.30	252300
2012-08-13	78.45	78.53	77.77	78.25	107900
2012-08-14	78.82	79.41	78.41	78.79	243700
2012-08-15	79.00	79.11	78.46	78.72	140400
2012-08-16	79.52	79.62	78.63	78.89	167700
2012-08-17	79.39	79.72	79.04	79.40	171300
2012-08-20	79.40	79.61	78.83	79.44	137200
2012-08-21	80.00	80.44	79.06	79.39	251300
2012-08-22	78.55	80.03	78.31	79.83	307400
2012-08-23	77.95	78.57	77.31	78.39	271600
2012-08-24	78.38	78.63	77.55	78.03	209500
2012-08-27	78.43	79.17	78.31	78.74	260300
2012-08-28	79.09	79.57	78.29	78.50	255200
2012-08-29	78.79	79.52	78.62	79.09	232700
2012-08-30	78.65	78.92	78.21	78.53	229700
2012-08-31	78.95	79.58	78.66	78.96	233100
2012-09-04	81.09	81.20	78.92	79.10	369600
2012-09-05	81.28	81.49	80.77	81.28	604900
2012-09-06	82.78	83.13	81.50	81.50	398800
2012-09-07	82.79	83.04	82.27	82.78	292400
2012-09-10	82.65	83.06	82.14	82.67	244100
2012-09-11	82.82	83.39	82.43	82.60	218300
2012-09-12	83.11	83.45	82.66	83.04	194600
2012-09-13	83.86	84.10	82.93	82.95	206200
2012-09-14	84.45	84.96	83.77	83.92	254600
2012-09-17	83.89	84.53	83.84	84.20	211100
2012-09-18	83.68	84.06	83.29	83.91	204100
2012-09-19	84.02	84.40	83.35	83.66	188800
2012-09-20	83.42	84.06	83.27	83.51	316600
2012-09-21	82.72	83.77	82.63	83.77	475100
2012-09-24	82.96	83.75	82.43	82.75	275400
2012-09-25	81.80	83.51	81.76	83.19	557100
2012-09-26	81.56	82.50	81.45	82.02	184200
2012-09-27	81.59	81.93	80.99	81.64	257100
2012-09-28	81.46	81.95	80.73	81.19	432700
2012-10-01	82.48	82.70	81.76	81.88	559200
2012-10-02	82.41	83.02	82.21	82.53	279800
2012-10-03	82.40	83.04	82.20	82.48	388000
2012-10-04	83.07	83.20	82.50	82.67	297700
2012-10-05	83.13	83.55	82.92	83.20	295900
2012-10-08	83.47	83.71	82.66	82.99	221200
2012-10-09	83.51	83.93	83.19	83.61	276200
2012-10-10	83.40	83.77	83.08	83.67	143200
2012-10-11	83.54	83.97	83.48	83.97	194500
2012-10-12	83.20	84.13	82.95	84.13	164300
2012-10-15	84.28	84.32	83.43	83.43	280100
2012-10-16	85.54	85.55	84.37	84.54	246500
2012-10-17	85.22	85.72	85.09	85.55	340400
2012-10-18	85.89	87.01	85.25	85.30	331100
2012-10-19	84.80	85.82	84.31	85.80	236200
2012-10-22	84.86	85.18	84.30	84.41	217600
2012-10-23	84.58	85.05	84.09	84.29	235500
2012-10-24	84.86	85.27	84.38	84.76	275800
2012-10-25	87.28	87.28	85.68	85.68	617100
2012-10-26	86.47	87.14	85.37	87.01	435800
2012-10-31	84.57	85.67	84.41	85.67	387200
2012-11-01	83.55	85.68	83.29	84.83	487200
2012-11-02	81.45	83.84	80.77	83.84	499100
2012-11-05	81.49	81.86	79.53	81.24	436100
2012-11-06	82.17	82.27	80.89	81.54	605600
2012-11-07	81.14	82.21	80.68	82.21	300600
2012-11-08	80.84	81.99	80.81	81.17	341700
2012-11-09	80.33	81.04	79.69	80.54	263200
2012-11-12	79.53	80.90	79.46	80.71	243300
2012-11-13	78.80	80.68	78.76	79.42	248700
2012-11-14	78.91	79.94	78.44	79.02	425500
2012-11-15	77.47	79.10	77.42	78.91	428500
2012-11-16	78.36	78.40	77.48	77.65	252300
2012-11-19	79.08	79.92	78.52	79.05	238500
2012-11-20	79.59	79.71	78.58	78.95	330500
2012-11-21	79.75	79.81	78.86	79.52	189900
2012-11-23	80.05	80.16	79.44	80.05	107900
2012-11-26	80.20	80.57	79.42	79.87	248200
2012-11-27	80.55	81.08	79.78	80.35	345400
2012-11-28	82.33	82.38	80.14	80.29	583200
2012-11-29	82.12	82.97	81.63	82.58	289700
2012-11-30	82.99	83.00	81.86	82.02	440700
2012-12-03	81.71	83.68	81.69	82.80	469900
2012-12-04	82.15	82.80	81.72	81.81	226100
2012-12-05	83.43	83.68	82.21	82.33	396800
2012-12-06	83.45	83.91	82.45	83.36	252700
2012-12-07	83.16	83.64	82.85	83.51	175200
2012-12-10	83.90	84.14	82.63	83.25	238000
2012-12-11	83.18	84.93	82.77	84.93	303800
2012-12-12	83.05	84.50	82.87	83.65	297200
2012-12-13	81.70	83.25	81.66	83.09	354800
2012-12-14	80.97	82.23	80.88	81.86	297400
2012-12-17	81.93	81.94	81.20	81.28	280700
2012-12-18	81.71	82.10	81.01	81.81	242200
2012-12-19	82.90	83.57	81.40	81.97	448500
2012-12-20	83.15	84.20	82.66	83.75	365500
2012-12-21	82.77	83.22	81.68	81.79	596800
2012-12-24	83.23	83.59	82.28	82.28	200500
2012-12-26	83.23	83.59	82.99	83.20	361300
2012-12-27	83.57	83.90	83.01	83.13	376400
2012-12-28	83.38	83.91	82.90	83.20	318700
2012-12-31	84.12	84.12	82.88	83.32	334800
2013-01-02	85.08	85.08	84.46	84.54	310100
2013-01-03	86.31	86.38	85.01	85.08	523500
2013-01-04	86.29	86.60	85.97	86.19	293200
2013-01-07	84.86	86.11	84.40	85.88	331900
2013-01-08	85.31	86.16	84.78	85.19	399800
2013-01-09	85.77	85.78	85.34	85.57	246700
2013-01-10	86.46	86.47	85.47	86.26	223000
2013-01-11	86.63	86.65	85.94	86.42	184000
2013-01-14	86.41	86.79	86.20	86.34	157900
2013-01-15	86.99	87.01	85.95	85.95	167400
2013-01-16	86.33	87.02	86.22	86.68	118300
2013-01-17	86.05	86.52	85.84	86.48	521700
2013-01-18	86.46	86.67	85.90	86.17	189600
2013-01-22	87.59	87.60	86.22	86.22	200400
2013-01-23	86.73	87.33	86.45	87.20	218800
2013-01-24	87.73	87.91	86.86	86.97	174400
2013-01-25	87.95	87.95	87.12	87.87	229300
2013-01-28	87.65	88.35	86.97	88.35	150600
2013-01-29	88.72	89.05	87.33	87.56	283900
2013-01-30	88.33	88.67	87.79	88.50	344000
2013-01-31	88.60	89.07	88.42	88.42	291600
2013-02-01	89.85	90.13	88.93	89.04	302900
2013-02-04	89.81	90.13	89.34	89.45	258900
2013-02-05	89.97	90.08	89.35	89.94	154200
2013-02-06	90.05	90.17	89.13	89.64	329600
2013-02-07	90.71	90.76	89.45	90.62	404300
2013-02-08	91.23	91.83	90.66	90.97	251000
2013-02-11	92.05	92.40	91.40	91.40	321400
2013-02-12	92.80	93.58	91.86	91.86	547500
2013-02-13	92.41	93.39	91.78	92.97	436600
2013-02-14	92.15	92.82	91.86	92.22	322700
2013-02-15	92.61	92.73	92.09	92.22	463800
2013-02-19	93.92	93.92	92.57	92.57	340200
2013-02-20	93.63	94.30	93.53	93.89	427100
2013-02-21	95.26	96.30	93.65	93.65	860700
2013-02-22	94.82	95.46	94.57	95.46	541000
2013-02-25	93.76	95.51	93.71	94.49	428900
2013-02-26	94.98	95.67	93.36	94.01	602400
2013-02-27	95.63	95.90	94.77	94.91	322100
2013-02-28	95.34	96.60	95.28	95.63	480300
2013-03-01	94.94	96.14	94.72	95.08	590000
2013-03-04	96.18	96.66	94.90	95.05	636600
2013-03-05	98.10	98.43	96.43	96.58	514500
2013-03-06	97.73	98.56	97.10	98.25	408400
2013-03-07	97.73	98.59	97.53	97.82	304400
2013-03-08	98.23	98.35	97.47	98.16	232000
2013-03-11	97.73	98.57	97.48	98.36	332800
2013-03-12	98.36	98.59	97.58	97.67	342000
2013-03-13	98.38	98.69	97.53	98.30	264800
2013-03-14	99.01	99.01	98.46	98.58	143000
2013-03-15	99.00	99.58	98.74	99.03	378300
2013-03-18	98.67	99.04	98.10	98.12	162500
2013-03-19	99.02	99.54	98.75	98.75	220500
2013-03-20	99.63	99.85	98.91	99.23	201600
2013-03-21	99.23	99.85	98.83	99.00	348400
2013-03-22	100.34	100.48	99.47	99.47	273500
2013-03-25	99.82	100.91	99.71	100.45	374500
2013-03-26	98.65	100.25	98.32	100.25	455400
2013-03-27	98.65	98.83	96.90	97.63	283000
2013-03-28	99.74	99.74	98.26	98.89	475800
2013-04-01	99.49	100.19	99.03	99.42	228900
2013-04-02	98.38	99.93	98.13	99.93	353000
2013-04-03	97.92	99.28	97.45	98.48	746700
2013-04-04	98.02	98.37	97.28	98.13	287400
2013-04-05	97.12	97.70	96.79	97.18	265300
2013-04-08	97.86	97.93	96.86	97.19	220000
2013-04-09	98.16	98.58	97.86	98.16	337700
2013-04-10	98.41	98.43	97.66	98.34	303900
2013-04-11	98.84	99.41	98.40	98.52	170300
2013-04-12	98.30	99.25	98.19	98.79	129300
2013-04-15	94.97	98.11	94.85	96.97	400400
2013-04-16	95.75	95.81	94.72	95.62	294600
2013-04-17	95.58	95.64	94.71	95.58	404600
2013-04-18	95.35	95.98	94.64	95.73	293200
2013-04-19	96.66	96.69	95.53	95.85	191300
2013-04-22	96.30	96.93	95.68	96.59	172800
2013-04-23	98.34	98.76	96.55	96.85	613500
2013-04-24	100.91	101.87	98.69	98.69	881600
2013-04-25	102.19	102.27	100.74	101.42	358400
2013-04-26	101.74	102.78	101.21	101.81	517400
2013-04-29	102.62	102.97	100.48	102.04	428000
2013-04-30	103.68	103.69	102.27	102.78	587000
2013-05-01	102.16	103.38	102.09	103.23	409500
2013-05-02	102.37	102.87	100.33	102.51	611100
2013-05-03	101.37	103.00	100.88	102.54	566300
2013-05-06	102.65	102.77	101.18	101.34	311000
2013-05-07	104.25	104.26	102.30	103.04	485000
2013-05-08	104.43	104.60	103.39	103.96	424200
2013-05-09	103.91	104.72	103.54	104.57	464400
2013-05-10	104.31	104.53	103.76	103.88	420500
2013-05-13	104.17	104.27	103.60	104.22	303900
2013-05-14	104.36	104.55	103.51	104.34	292600
2013-05-15	104.12	104.76	103.85	104.30	308600
2013-05-16	100.32	103.43	99.64	103.43	1160100
2013-05-17	101.32	101.50	100.26	100.54	530900
2013-05-20	101.30	102.14	100.68	101.19	387900
2013-05-21	100.85	101.47	100.45	101.18	531400
2013-05-22	99.22	101.04	98.75	100.75	426900
2013-05-23	98.03	98.57	97.63	98.40	618200
2013-05-24	97.42	97.93	96.67	97.84	510500
2013-05-28	97.20	98.31	96.54	98.31	474300
2013-05-29	98.47	98.66	96.26	96.89	577600
2013-05-30	99.66	99.69	98.16	98.55	410600
2013-05-31	99.55	100.32	98.64	99.40	765100
2013-06-03	99.45	100.60	98.12	100.60	629300
2013-06-04	98.85	100.05	98.53	99.83	326300
2013-06-05	97.42	98.82	97.37	98.81	299700
2013-06-06	98.44	98.44	96.78	97.38	288800
2013-06-07	98.51	99.17	97.76	98.67	376100
2013-06-10	99.33	99.33	97.74	98.64	198700
2013-06-11	98.12	98.81	97.03	97.50	364700
2013-06-12	97.80	98.68	97.44	98.50	218400
2013-06-13	99.87	99.96	97.47	97.76	279500
2013-06-14	99.03	99.95	98.71	99.26	228800
2013-06-17	100.16	100.33	99.51	99.69	245800
2013-06-18	100.80	101.09	100.19	100.26	209500
2013-06-19	98.53	100.69	98.50	100.67	222500
2013-06-20	97.09	98.20	97.00	97.84	413200
2013-06-21	96.05	97.93	94.91	97.93	593200
2013-06-24	95.99	96.43	94.74	95.21	310900
2013-06-25	96.02	97.20	95.87	97.20	236600
2013-06-26	97.16	97.61	95.93	96.77	216300
2013-06-27	99.22	99.44	97.48	97.78	230200
2013-06-28	98.88	99.64	98.29	99.25	435400
2013-07-01	99.49	100.19	99.03	99.37	493300
2013-07-02	97.41	100.02	97.20	99.52	439600
2013-07-03	97.48	97.88	96.60	96.98	158100
2013-07-05	98.89	98.89	97.20	98.10	173500
2013-07-08	97.80	99.24	97.19	99.02	458800
2013-07-09	97.79	98.37	97.37	97.97	413300
2013-07-10	98.49	98.49	97.02	97.88	507500
2013-07-11	99.42	99.52	98.55	99.50	255200
2013-07-12	101.05	101.08	99.08	99.79	293300
2013-07-15	101.91	101.97	101.12	101.60	288900
2013-07-16	100.06	102.08	100.03	101.81	287000
2013-07-17	100.40	100.79	99.96	100.62	312200
2013-07-18	100.19	100.62	99.69	100.60	542400
2013-07-19	100.06	100.40	99.58	99.96	248900
2013-07-22	100.60	100.68	99.73	100.10	338000
2013-07-23	98.92	101.61	98.51	100.63	666300
2013-07-24	99.80	106.00	99.23	102.88	756000
2013-07-25	100.88	100.88	99.14	99.82	671200
2013-07-26	101.46	101.56	99.93	100.82	333000
2013-07-29	101.85	101.95	100.77	101.52	277600
2013-07-30	102.86	103.10	101.74	102.35	542900
2013-07-31	102.94	103.63	102.41	103.51	345000
2013-08-01	104.33	105.00	102.91	103.79	590800
2013-08-02	104.30	104.70	103.76	104.55	313100
2013-08-05	104.49	104.78	103.49	104.18	373500
2013-08-06	103.63	104.30	102.58	104.22	435500
2013-08-07	102.80	103.63	102.36	103.42	192800
2013-08-08	103.05	103.42	102.54	103.39	173200
2013-08-09	102.89	103.15	101.90	103.05	169700
2013-08-12	103.69	103.73	102.15	102.76	163100
2013-08-13	106.80	106.85	103.47	103.81	609700
2013-08-14	106.69	106.96	106.15	106.76	449000
2013-08-15	106.56	107.43	105.58	106.15	642600
2013-08-16	106.52	107.25	106.39	106.82	246800
2013-08-19	106.19	107.19	105.99	106.42	252500
2013-08-20	106.66	106.94	106.11	106.24	187400
2013-08-21	105.47	106.68	105.37	106.53	207600
2013-08-22	106.88	107.15	105.28	105.76	113500
2013-08-23	107.06	108.55	106.53	107.18	162900
2013-08-26	107.09	107.91	106.48	107.25	209700
2013-08-27	105.82	106.24	105.52	106.02	216300
2013-08-28	105.79	106.31	105.19	106.03	378500
2013-08-29	106.24	106.48	105.49	105.76	247400
2013-08-30	105.94	106.69	105.85	106.48	333600
2013-09-03	107.57	108.08	106.02	106.02	755800
2013-09-04	107.27	107.93	106.33	107.40	663400
2013-09-05	105.01	107.66	104.85	107.13	606300
2013-09-06	103.86	105.86	103.74	105.13	610000
2013-09-09	104.76	105.21	104.36	104.46	350300
2013-09-10	106.85	106.85	105.04	105.60	661500
2013-09-11	107.43	107.55	106.44	106.83	309700
2013-09-12	106.84	108.09	106.49	107.61	260300
2013-09-13	107.54	108.15	106.46	107.45	241400
2013-09-16	109.58	109.85	108.22	108.24	485900
2013-09-17	109.45	110.23	108.73	109.64	284900
2013-09-18	109.09	109.38	108.20	109.38	365800
2013-09-19	109.06	109.95	108.70	109.64	240100
2013-09-20	110.58	110.58	109.00	109.39	715100
2013-09-23	111.14	111.36	109.69	110.13	341800
2013-09-24	111.17	111.53	110.34	111.04	370800
2013-09-25	112.41	113.06	110.58	111.42	426900
2013-09-26	112.56	113.62	112.13	112.70	246500
2013-09-27	112.52	112.96	111.81	112.31	269300
2013-09-30	112.49	112.83	111.05	111.91	388500
2013-10-01	112.87	113.76	112.28	112.79	621900
2013-10-02	115.19	115.56	112.94	113.80	632900
2013-10-03	113.77	115.80	113.38	115.28	347400
2013-10-04	114.22	114.58	113.62	114.06	201900
2013-10-07	113.99	114.78	113.28	113.28	163700
2013-10-08	112.84	114.79	112.66	114.30	241700
2013-10-09	112.02	113.37	111.63	113.16	335800
2013-10-10	114.03	114.51	112.43	113.19	334500
2013-10-11	114.54	114.98	113.52	114.17	453200
2013-10-14	114.90	115.00	113.56	113.82	218200
2013-10-15	114.61	115.58	114.34	115.05	157500
2013-10-16	116.21	116.37	114.94	115.05	208300
2013-10-17	117.66	117.93	115.88	115.88	365800
2013-10-18	118.33	118.36	117.09	118.07	185100
2013-10-21	118.96	119.17	118.32	118.32	242400
2013-10-22	119.61	120.41	119.12	119.53	458600
2013-10-23	117.92	119.72	117.13	118.94	388800
2013-10-24	114.39	116.63	112.22	114.88	593100
2013-10-25	116.76	116.78	114.51	115.05	340900
2013-10-28	116.57	117.14	115.81	116.77	385900
2013-10-29	118.73	118.74	116.68	117.29	357200
2013-10-30	118.67	119.07	118.05	119.07	312400
2013-10-31	118.93	119.31	118.03	118.86	437200
2013-11-01	118.77	119.58	117.43	119.08	537000
2013-11-04	118.49	119.27	117.79	118.75	216300
2013-11-05	117.89	119.39	117.62	118.40	337700
2013-11-06	119.94	119.98	118.86	118.86	261700
2013-11-07	119.32	120.59	119.23	120.27	317100
2013-11-08	121.00	121.13	119.30	119.53	225200
2013-11-11	120.93	121.78	120.58	121.20	162400
2013-11-12	122.16	122.18	120.17	120.68	393100
2013-11-13	123.10	123.15	121.23	121.82	170000
2013-11-14	122.36	123.51	122.08	123.42	249600
2013-11-15	122.09	122.64	121.60	122.40	273800
2013-11-18	121.00	123.66	120.66	122.52	282500
2013-11-19	121.57	121.61	120.37	121.24	201500
2013-11-20	120.92	122.53	120.50	121.85	177500
2013-11-21	121.55	121.95	120.67	121.85	356700
2013-11-22	121.62	121.75	119.92	120.29	344200
2013-11-25	121.85	122.60	121.47	121.99	174000
2013-11-26	121.34	122.32	121.28	121.85	454800
2013-11-27	122.03	123.19	121.49	121.86	284600
2013-11-29	121.32	122.99	121.24	121.99	99700
2013-12-02	120.47	121.84	114.50	119.69	468700
2013-12-03	119.59	120.43	118.72	120.10	292600
2013-12-04	119.32	120.56	117.89	119.48	315300
2013-12-05	119.06	119.92	117.31	119.06	385900
2013-12-06	120.07	120.70	119.31	120.41	178000
2013-12-09	119.62	120.99	119.39	120.50	240500
2013-12-10	118.16	120.01	118.15	119.72	283900
2013-12-11	117.16	118.61	117.05	118.06	314100
2013-12-12	117.81	118.14	116.80	117.14	258700
2013-12-13	115.97	118.37	115.86	117.90	366700
2013-12-16	115.62	116.57	115.17	116.14	422100
2013-12-17	114.51	115.62	114.36	115.42	373300
2013-12-18	116.25	116.44	114.48	115.53	604700
2013-12-19	116.78	117.40	115.34	116.04	526200
2013-12-20	118.97	119.07	116.73	117.06	498300
2013-12-23	118.65	119.70	118.15	119.32	233600
2013-12-24	119.28	119.39	118.02	118.28	53000
2013-12-26	119.30	119.63	118.87	119.59	111800
2013-12-27	119.39	119.95	118.73	119.32	152700
2013-12-30	120.05	120.64	119.36	119.36	156600
2013-12-31	121.16	121.31	120.29	120.29	129300
2014-01-02	117.43	120.78	116.28	120.52	547800
2014-01-03	117.41	117.96	116.95	117.44	316900
2014-01-06	117.08	118.77	116.62	118.08	396900
2014-01-07	116.71	118.53	116.05	117.18	406500
2014-01-08	115.63	117.08	115.32	116.49	340900
2014-01-09	115.27	116.20	114.66	115.76	669700
2014-01-10	115.14	116.05	115.02	115.98	422400
2014-01-13	114.27	115.76	114.07	115.29	328300
2014-01-14	115.41	115.55	114.36	114.76	353400
2014-01-15	115.44	116.15	115.04	115.79	225100
2014-01-16	114.46	115.55	113.97	115.06	357900
2014-01-17	113.77	115.01	113.73	114.36	222100
2014-01-21	114.78	114.81	112.96	114.53	469700
2014-01-22	116.54	116.77	115.06	115.06	309500
2014-01-23	113.80	116.45	113.55	115.96	352600
2014-01-24	111.07	114.33	111.06	113.79	410700
2014-01-27	112.41	113.08	110.90	111.43	327600
2014-01-28	113.70	114.07	112.59	112.59	256600
2014-01-29	111.88	113.89	111.42	113.17	416900
2014-01-30	115.13	115.26	112.59	112.99	259300
2014-01-31	112.52	114.15	112.52	113.34	590100
2014-02-03	109.60	113.21	109.60	112.72	682000
2014-02-04	110.49	111.89	109.31	110.35	526800
2014-02-05	110.60	111.02	109.48	110.36	426300
2014-02-06	106.86	112.61	106.37	111.93	900100
2014-02-07	107.89	107.99	105.98	106.73	702700
2014-02-10	109.23	109.57	106.84	107.65	592600
2014-02-11	112.15	112.72	109.46	109.63	576600
2014-02-12	112.06	112.58	110.76	111.98	498000
2014-02-13	114.08	114.13	111.39	111.57	448600
2014-02-14	114.44	115.17	113.70	114.08	380700
2014-02-18	115.85	115.96	114.10	114.88	465300
2014-02-19	115.81	117.00	115.27	115.76	580900
2014-02-20	116.06	116.83	115.62	116.00	264800
2014-02-21	115.62	116.52	115.41	116.42	363400
2014-02-24	114.05	116.49	113.73	115.58	650300
2014-02-25	113.52	114.60	113.10	114.11	921200
2014-02-26	115.07	115.36	113.22	114.02	716400
2014-02-27	115.93	116.28	114.14	115.07	502900
2014-02-28	116.00	117.09	115.50	115.96	373000
2014-03-03	114.41	115.46	114.02	115.15	317700
2014-03-04	115.51	115.94	114.91	115.23	569600
2014-03-05	115.61	115.79	115.09	115.56	375200
2014-03-06	115.80	116.34	115.48	115.83	409600
2014-03-07	116.43	116.67	115.18	116.59	418600
2014-03-10	116.92	116.92	115.15	115.89	451600
2014-03-11	116.48	117.09	115.78	117.09	538700
2014-03-12	116.85	117.10	115.46	115.72	308600
2014-03-13	116.51	117.48	116.35	117.11	383700
2014-03-14	117.59	118.12	116.24	116.46	317400
2014-03-17	118.32	119.13	117.94	118.34	253200
2014-03-18	118.75	119.14	118.13	118.45	250100
2014-03-19	117.65	119.25	117.31	119.25	219900
2014-03-20	117.63	118.09	117.20	117.47	182200
2014-03-21	117.89	118.80	117.60	118.24	447000
2014-03-24	117.85	118.82	117.63	118.35	519800
2014-03-25	118.09	118.92	117.22	118.38	391900
2014-03-26	117.14	118.86	117.11	118.61	355000
2014-03-27	116.31	117.56	115.89	117.44	367500
2014-03-28	116.92	117.64	116.14	117.18	191100
2014-03-31	119.56	119.60	117.37	117.77	497300
2014-04-01	118.66	119.51	117.15	119.51	410900
2014-04-02	119.23	119.62	117.95	118.82	314800
2014-04-03	120.12	120.31	118.70	119.49	305200
2014-04-04	119.13	120.90	119.06	120.46	236100
2014-04-07	117.81	119.33	117.63	118.92	211800
2014-04-08	119.31	119.58	117.40	118.11	411000
2014-04-09	120.31	120.42	119.00	119.53	221300
2014-04-10	119.81	121.75	119.71	120.51	383500
2014-04-11	119.89	120.63	118.88	119.68	501000
2014-04-14	121.61	121.82	119.87	120.97	362000
2014-04-15	121.54	122.24	120.87	121.87	273000
2014-04-16	122.75	123.07	121.89	122.14	200200
2014-04-17	123.75	123.99	122.29	122.41	301400
2014-04-21	123.77	124.09	122.72	124.02	258700
2014-04-22	123.71	124.59	123.57	123.75	363000
2014-04-23	126.02	126.02	123.25	123.57	592600
2014-04-24	123.03	126.18	122.71	125.93	842200
2014-04-25	123.56	124.44	122.41	123.17	385600
2014-04-28	122.42	124.01	122.11	123.74	358300
2014-04-29	123.88	124.06	122.27	122.71	322800
2014-04-30	123.45	123.77	121.58	123.72	590000
2014-05-01	125.07	125.17	123.24	123.90	258000
2014-05-02	124.45	125.38	124.20	125.09	352200
2014-05-05	124.13	125.04	123.63	124.45	208100
2014-05-06	124.06	124.52	123.63	123.97	203700
2014-05-07	125.17	125.23	123.82	124.21	365000
2014-05-08	124.86	126.00	124.56	125.06	267300
2014-05-09	123.71	124.74	123.06	124.42	303700
2014-05-12	123.88	125.14	123.56	124.46	316700
2014-05-13	123.86	124.54	122.99	123.88	737300
2014-05-14	122.69	124.24	122.53	123.52	455600
2014-05-15	122.49	123.30	121.81	122.35	534900
2014-05-16	122.88	122.90	121.68	122.49	248800
2014-05-19	123.64	124.09	122.34	122.83	301500
2014-05-20	123.38	123.70	122.98	123.34	316300
2014-05-21	123.98	124.26	123.17	123.94	238600
2014-05-22	124.57	124.92	123.03	124.08	319700
2014-05-23	124.46	125.06	124.01	124.57	204300
2014-05-27	126.07	126.13	124.49	125.06	298100
2014-05-28	124.97	126.70	124.96	126.10	263100
2014-05-29	124.99	125.60	124.42	125.08	342600
2014-05-30	125.01	125.65	124.64	125.20	301000
2014-06-02	124.88	125.45	124.35	125.37	274900
2014-06-03	125.26	125.29	124.03	124.77	260600
2014-06-04	127.03	127.03	124.64	125.22	386500
2014-06-05	127.05	127.35	126.15	127.01	215800
2014-06-06	126.99	127.99	126.96	127.19	289600
2014-06-09	126.17	127.24	125.76	126.87	241200
2014-06-10	127.00	127.04	126.17	126.17	423900
2014-06-11	126.13	127.34	125.94	126.51	367500
2014-06-12	125.23	126.30	124.34	126.10	448400
2014-06-13	125.81	125.97	124.82	125.58	190400
2014-06-16	124.89	126.07	124.70	125.71	203400
2014-06-17	125.50	126.27	124.53	124.87	285400
2014-06-18	125.68	126.38	124.94	125.63	233300
2014-06-19	125.36	126.35	125.10	125.97	192200
2014-06-20	125.08	125.97	125.02	125.33	461700
2014-06-23	125.03	125.58	124.72	125.48	211300
2014-06-24	124.91	125.43	124.62	124.67	176700
2014-06-25	125.71	125.82	124.62	124.83	234800
2014-06-26	124.44	126.31	123.39	125.41	274700
2014-06-27	125.00	125.43	123.93	123.94	312400
2014-06-30	125.97	126.37	124.45	124.92	362100
2014-07-01	127.10	127.65	126.21	126.79	419400
2014-07-02	125.83	127.18	125.60	126.55	247500
2014-07-03	127.23	127.24	125.67	126.36	122700
2014-07-07	126.65	127.73	126.12	126.71	285000
2014-07-08	128.42	128.56	126.41	126.78	371200
2014-07-09	128.64	129.08	128.08	128.50	378500
2014-07-10	128.47	128.67	126.74	127.94	396100
2014-07-11	128.57	129.03	127.66	128.45	175100
2014-07-14	129.11	130.00	128.89	129.47	132200
2014-07-15	129.44	129.90	128.90	129.43	163500
2014-07-16	128.62	130.02	128.18	130.02	332900
2014-07-17	126.48	128.53	126.45	128.17	261700
2014-07-18	127.50	127.87	126.39	126.78	265700
2014-07-21	127.14	127.54	126.87	127.48	217200
2014-07-22	128.25	128.41	126.86	127.15	532200
2014-07-23	129.68	129.69	127.73	128.29	325000
2014-07-24	127.67	128.36	125.79	126.68	609300
2014-07-25	126.15	127.51	126.02	127.14	350100
2014-07-28	126.45	126.66	125.00	125.94	492300
2014-07-29	125.28	126.92	125.28	126.27	459700
2014-07-30	122.46	125.17	122.41	124.51	895100
2014-07-31	122.37	123.39	122.04	122.26	574700
2014-08-01	123.76	123.89	121.84	121.92	524200
2014-08-04	124.47	124.84	123.21	123.73	475400
2014-08-05	124.11	125.10	123.09	123.56	529400
2014-08-06	124.37	124.57	123.66	123.78	287500
2014-08-07	124.04	124.89	123.68	124.70	206800
2014-08-08	124.88	125.10	123.30	124.19	245800
2014-08-11	125.43	126.33	124.21	125.35	322400
2014-08-12	125.78	126.49	125.21	125.68	222000
2014-08-13	126.33	126.77	125.82	125.82	229300
2014-08-14	127.10	127.26	126.30	126.47	196400
2014-08-15	127.68	128.64	127.20	128.07	322300
2014-08-18	127.68	128.77	127.54	128.08	325500
2014-08-19	127.61	128.17	127.50	128.00	241700
2014-08-20	127.76	128.14	126.90	127.30	176400
2014-08-21	128.65	129.11	127.57	127.57	259000
2014-08-22	127.26	128.75	127.22	128.40	258500
2014-08-25	128.46	128.70	127.50	127.88	195100
2014-08-26	127.85	128.68	127.60	128.24	318600
2014-08-27	129.00	129.18	127.59	127.70	287300
2014-08-28	128.71	129.28	128.26	128.91	235100
2014-08-29	129.19	130.00	128.55	129.08	349700
2014-09-02	130.47	131.34	129.75	129.75	345900
2014-09-03	129.03	131.67	129.00	131.27	447900
2014-09-04	128.60	130.11	128.40	129.19	332300
2014-09-05	128.99	129.73	128.48	128.80	265700
2014-09-08	129.12	129.16	127.77	128.68	207400
2014-09-09	127.94	128.79	127.35	128.78	279000
2014-09-10	127.80	128.42	127.18	127.89	295900
2014-09-11	127.87	128.18	127.40	127.62	242800
2014-09-12	127.55	128.21	127.23	127.96	227900
2014-09-15	128.24	128.85	126.98	127.61	345000
2014-09-16	128.61	129.28	127.68	127.92	232400
2014-09-17	128.78	129.29	127.69	128.54	191100
2014-09-18	129.37	129.76	128.53	128.78	175100
2014-09-19	128.70	129.65	128.38	129.32	436400
2014-09-22	128.61	129.09	128.04	128.54	276300
2014-09-23	126.69	128.59	126.66	128.12	288700
2014-09-24	127.53	127.93	126.17	126.62	248100
2014-09-25	125.94	127.47	125.83	127.28	217900
2014-09-26	127.13	127.67	125.83	125.97	148800
2014-09-29	126.24	126.71	125.58	126.06	292600
2014-09-30	127.75	129.36	125.85	126.23	590200
2014-10-01	126.59	128.49	126.36	127.40	387500
2014-10-02	127.32	128.09	126.77	126.80	254200
2014-10-03	129.22	129.60	128.02	128.23	267400
2014-10-06	127.46	129.90	127.41	129.49	247300
2014-10-07	127.21	128.47	126.30	127.69	258600
2014-10-08	129.04	129.14	126.77	127.32	441500
2014-10-09	126.49	129.43	126.33	129.01	319100
2014-10-10	126.50	127.89	126.25	126.72	313700
2014-10-13	125.42	127.88	125.27	126.54	272500
2014-10-14	126.54	127.76	125.43	125.61	323500
2014-10-15	125.38	125.84	122.40	124.49	436900
2014-10-16	124.87	125.76	122.89	123.51	467400
2014-10-17	126.24	126.54	124.75	126.21	215600
2014-10-20	127.07	127.35	125.09	125.82	264500
2014-10-21	130.15	130.35	127.72	128.03	305400
2014-10-22	130.23	131.61	128.74	130.90	386500
2014-10-23	128.83	131.23	128.51	130.90	349200
2014-10-24	130.45	130.45	128.92	128.92	230400
2014-10-27	131.17	131.58	130.19	130.38	283600
2014-10-28	131.71	132.08	131.00	131.68	267400
2014-10-29	132.10	132.69	131.18	131.53	244200
2014-10-30	133.66	133.89	131.46	131.61	264900
2014-10-31	134.56	135.13	133.60	134.79	285500
2014-11-03	134.61	135.38	133.86	135.38	236700
2014-11-04	135.27	135.53	134.07	134.65	178300
2014-11-05	136.14	136.41	135.00	135.63	214400
2014-11-06	135.74	136.35	135.08	135.81	260200
2014-11-07	135.90	136.08	134.90	135.79	219200
2014-11-10	135.23	136.40	134.61	135.98	237600
2014-11-11	135.09	135.68	134.70	135.23	219100
2014-11-12	134.16	135.10	134.08	134.25	195200
2014-11-13	134.67	135.07	133.40	134.51	319700
2014-11-14	134.63	135.73	134.34	134.97	206900
2014-11-17	134.21	135.08	133.58	134.35	248100
2014-11-18	134.80	135.83	134.06	134.11	194500
2014-11-19	134.72	134.92	133.87	134.79	165700
2014-11-20	136.87	137.64	134.48	135.50	407000
2014-11-21	136.80	138.27	136.75	138.18	226100
2014-11-24	138.29	138.43	136.57	137.24	259700
2014-11-25	137.81	138.57	137.28	138.31	223100
2014-11-26	138.49	138.50	137.58	137.58	242900
2014-11-28	138.30	139.68	138.14	139.68	116900
2014-12-01	136.67	138.39	136.41	137.54	260200
2014-12-02	137.52	137.91	136.40	136.98	385900
2014-12-03	138.10	139.43	137.86	138.07	312100
2014-12-04	138.44	138.89	138.06	138.22	179900
2014-12-05	138.31	139.55	137.82	138.35	195800
2014-12-08	139.75	140.25	137.95	137.95	302900
2014-12-09	136.57	139.71	136.41	138.79	411300
2014-12-10	134.15	137.05	133.94	136.81	381400
2014-12-11	136.45	137.14	134.91	134.92	695800
2014-12-12	133.94	136.33	133.94	135.34	276800
2014-12-15	133.04	135.00	131.48	134.16	337900
2014-12-16	132.30	134.15	131.91	132.46	407300
2014-12-17	133.92	134.09	131.58	132.78	404700
2014-12-18	136.16	136.16	133.54	134.73	354300
2014-12-19	135.98	136.76	135.19	136.17	317800
2014-12-22	135.26	136.89	134.96	136.76	319300
2014-12-23	136.62	136.97	135.17	135.99	171700
2014-12-24	136.43	137.29	135.60	136.87	75100
2014-12-26	135.95	137.12	135.89	137.02	85900
2014-12-29	136.05	137.77	135.70	135.70	146900
2014-12-30	136.76	137.43	135.65	135.94	155800
2014-12-31	135.02	138.06	134.92	136.70	148100
2015-01-02	133.85	135.82	132.88	135.10	274700
2015-01-05	133.12	133.54	132.16	133.12	334200
2015-01-06	133.96	134.35	132.96	133.45	395900
2015-01-07	134.87	135.52	133.21	134.35	296700
2015-01-08	138.71	138.82	135.51	136.25	348200
2015-01-09	136.05	139.38	135.84	138.82	305400
2015-01-12	134.55	137.00	133.98	136.55	232400
2015-01-13	134.04	136.91	132.62	135.91	279700
2015-01-14	132.39	133.92	131.24	133.64	223600
2015-01-15	133.16	134.04	131.80	132.72	232600
2015-01-16	135.34	135.54	133.06	133.06	259500
2015-01-20	134.12	136.30	132.62	136.30	447100
2015-01-21	134.42	134.92	133.14	133.98	229600
2015-01-22	137.34	137.73	134.26	135.38	239500
2015-01-23	136.95	138.30	136.41	137.03	179300
2015-01-26	138.60	138.77	135.03	136.60	285300
2015-01-27	138.55	139.41	136.75	137.30	219100
2015-01-28	136.87	139.43	136.83	138.87	233300
2015-01-29	137.44	137.57	135.08	136.79	218300
2015-01-30	135.88	137.57	135.23	135.99	274100
2015-02-02	137.60	137.84	135.11	135.89	311200
2015-02-03	139.66	139.93	137.02	138.13	484900
2015-02-04	141.12	141.82	138.84	139.39	484300
2015-02-05	144.16	144.33	140.55	141.98	318400
2015-02-06	144.79	146.36	143.96	146.07	391000
2015-02-09	143.77	144.40	143.18	143.87	255700
2015-02-10	144.22	144.90	143.58	144.47	271600
2015-02-11	144.30	145.00	143.61	144.62	233900
2015-02-12	144.37	145.67	143.93	144.73	246700
2015-02-13	143.84	145.23	142.88	144.16	315600
2015-02-17	141.76	144.54	141.40	143.57	399600
2015-02-18	142.50	142.51	140.58	141.76	331300
2015-02-19	141.89	142.67	141.36	142.66	175600
2015-02-20	141.88	142.04	139.59	141.35	244800
2015-02-23	140.88	142.10	140.01	142.10	378300
2015-02-24	142.43	143.06	140.62	140.75	321600
2015-02-25	140.89	142.77	140.81	142.38	268200
2015-02-26	141.23	141.69	140.33	140.33	197800
2015-02-27	140.67	141.88	140.02	140.65	252600
2015-03-02	142.61	142.69	140.78	141.30	225000
2015-03-03	141.56	142.70	140.79	142.24	175900
2015-03-04	141.19	141.54	140.58	141.30	256600
2015-03-05	141.38	142.56	140.77	141.49	199100
2015-03-06	141.19	141.66	140.20	140.59	214500
2015-03-09	141.27	141.90	139.27	141.82	346300
2015-03-10	138.62	140.67	138.05	140.09	342100
2015-03-11	140.25	140.33	138.61	138.89	302700
2015-03-12	142.37	142.49	140.19	140.58	214700
2015-03-13	141.38	142.52	140.33	142.52	214700
2015-03-16	141.65	142.43	141.50	141.51	322000
2015-03-17	141.35	141.82	140.23	140.56	291800
2015-03-18	141.56	142.04	139.97	141.17	438300
2015-03-19	140.37	141.90	139.44	141.46	347800
2015-03-20	141.16	141.44	140.18	141.12	497400
2015-03-23	142.24	143.10	141.39	141.39	257200
2015-03-24	140.83	142.19	140.40	141.63	288200
2015-03-25	139.59	141.72	139.48	140.61	259900
2015-03-26	139.05	139.88	138.85	139.40	344400
2015-03-27	138.37	139.95	137.78	138.91	278600
2015-03-30	140.69	140.93	139.17	139.17	319800
2015-03-31	138.69	140.68	138.27	140.37	473500
2015-04-01	137.97	139.66	137.48	138.73	447300
2015-04-02	138.61	138.88	137.69	138.23	284600
2015-04-06	140.87	140.96	138.09	138.44	305200
2015-04-07	140.40	141.82	140.29	140.88	280100
2015-04-08	142.85	142.92	139.72	140.37	332700
2015-04-09	143.48	143.62	142.29	142.81	252000
2015-04-10	143.44	144.03	142.66	143.36	397600
2015-04-13	143.88	144.00	142.70	143.47	223700
2015-04-14	146.15	146.18	143.20	144.34	450900
2015-04-15	146.26	146.84	145.60	145.90	385200
2015-04-16	146.50	146.68	144.93	146.07	249900
2015-04-17	144.26	146.07	143.69	145.71	357100
2015-04-20	144.74	145.69	144.30	145.63	261000
2015-04-21	143.44	145.81	142.54	144.90	262700
2015-04-22	143.97	143.97	142.10	143.47	265700
2015-04-23	144.80	145.32	143.48	144.10	266700
2015-04-24	145.30	145.69	143.65	144.48	234200
2015-04-27	143.63	146.27	143.16	145.56	267800
2015-04-28	144.50	145.67	142.49	143.67	448500
2015-04-29	143.00	144.46	142.75	143.14	320900
2015-04-30	142.61	143.82	142.00	142.69	303200
2015-05-01	144.07	144.09	142.57	143.87	381700
2015-05-04	144.52	144.61	143.56	143.57	243000
2015-05-05	143.36	144.97	142.77	144.20	531500
2015-05-06	143.24	143.83	142.12	143.83	240000
2015-05-07	143.78	143.94	142.33	143.02	342600
2015-05-08	144.80	144.92	143.57	144.47	222000
2015-05-11	145.34	145.43	143.97	144.30	272300
2015-05-12	145.12	145.40	144.17	144.91	228300
2015-05-13	145.46	145.54	144.43	145.05	212600
2015-05-14	147.27	147.32	145.30	145.82	210900
2015-05-15	146.01	147.62	145.72	147.40	202000
2015-05-18	147.14	147.33	145.50	146.13	218200
2015-05-19	147.23	147.96	145.65	146.47	200500
2015-05-20	147.69	147.80	146.47	147.48	170100
2015-05-21	147.36	148.46	147.19	147.46	310000
2015-05-22	146.97	148.13	146.33	147.03	282000
2015-05-26	145.85	146.84	145.39	146.84	198500
2015-05-27	146.72	147.01	145.31	145.65	216300
2015-05-28	146.78	147.01	145.21	146.23	286100
2015-05-29	144.68	147.46	144.51	147.17	468700
2015-06-01	145.97	146.06	144.27	145.26	282400
2015-06-02	146.31	147.16	145.42	145.59	199400
2015-06-03	147.34	147.80	146.35	146.91	191000
2015-06-04	146.45	147.33	145.47	146.26	200300
2015-06-05	146.32	147.89	145.65	147.16	212900
2015-06-08	144.43	147.21	144.27	146.39	262300
2015-06-09	143.65	145.01	143.57	144.43	183200
2015-06-10	145.63	146.39	144.24	144.41	285200
2015-06-11	148.15	148.15	144.25	145.46	261700
2015-06-12	146.99	147.80	146.67	147.80	163500
2015-06-15	146.10	146.94	144.89	146.17	185000
2015-06-16	147.21	148.24	145.80	145.94	270200
2015-06-17	147.51	148.20	146.57	147.47	235700
2015-06-18	148.68	148.89	147.19	147.76	230800
2015-06-19	148.10	149.24	147.63	148.76	272100
2015-06-22	148.71	149.48	147.61	148.78	299800
2015-06-23	149.27	149.73	148.04	149.52	191500
2015-06-24	147.53	149.73	147.51	149.19	240200
2015-06-25	146.87	147.87	146.26	147.75	244200
2015-06-26	147.84	148.39	146.96	146.96	319800
2015-06-29	145.33	147.35	145.13	147.09	330100
2015-06-30	145.84	146.85	144.95	146.27	248900
2015-07-01	148.88	149.49	147.08	148.24	426500
2015-07-02	148.03	149.64	147.92	148.89	220900
2015-07-06	148.79	148.88	146.54	146.54	271300
2015-07-07	150.34	150.36	147.51	149.05	307100
2015-07-08	149.20	150.62	145.93	145.96	515200
2015-07-09	148.11	151.13	147.55	150.59	278100
2015-07-10	150.34	151.13	149.01	149.89	211600
2015-07-13	151.35	151.59	149.98	151.52	314000
2015-07-14	151.43	152.22	150.62	151.30	242400
2015-07-15	152.39	152.39	150.81	151.45	321800
2015-07-16	153.48	153.94	152.39	153.08	211700
2015-07-17	152.48	153.84	152.04	153.84	341700
2015-07-20	152.73	154.14	151.95	152.88	316000
2015-07-21	152.59	155.43	151.77	152.84	292200
2015-07-22	152.54	153.73	151.71	152.44	398000
2015-07-23	151.39	153.08	151.00	152.47	280900
2015-07-24	150.40	151.92	149.43	151.14	385100
2015-07-27	149.48	150.69	149.06	149.34	303200
2015-07-28	144.52	148.40	144.23	146.64	612900
2015-07-29	146.80	146.91	144.24	144.28	647700
2015-07-30	146.63	147.27	145.46	146.45	600300
2015-07-31	146.73	147.34	146.39	146.85	291900
2015-08-03	147.26	147.40	145.75	146.97	229100
2015-08-04	146.86	147.50	146.63	147.31	203100
2015-08-05	147.78	147.96	146.66	147.96	249700
2015-08-06	147.43	148.44	146.73	148.12	283400
2015-08-07	147.62	147.76	146.82	147.27	174900
2015-08-10	148.89	149.86	148.32	148.56	270600
2015-08-11	148.48	149.21	147.76	147.76	266400
2015-08-12	148.16	148.21	146.71	147.68	270500
2015-08-13	148.20	148.86	147.59	148.23	182000
2015-08-14	148.80	148.81	147.65	148.24	388400
2015-08-17	149.01	149.29	147.49	148.29	234800
2015-08-18	149.23	150.14	148.78	149.00	158700
2015-08-19	148.02	149.02	147.28	148.93	247700
2015-08-20	146.04	147.43	145.90	146.87	265500
2015-08-21	143.94	146.16	143.68	144.90	409600
2015-08-24	136.79	140.72	135.06	139.90	578700
2015-08-25	135.12	139.29	135.12	139.29	399500
2015-08-26	137.56	138.28	135.58	137.51	386800
2015-08-27	141.26	141.36	138.13	139.32	389700
2015-08-28	140.91	141.13	139.60	140.84	343700
2015-08-31	141.62	142.44	139.14	140.45	409500
2015-09-01	139.33	141.09	138.93	139.44	454300
2015-09-02	140.61	141.25	139.14	140.50	349100
2015-09-03	140.90	141.78	140.53	141.21	273000
2015-09-04	139.32	140.44	138.38	139.36	258100
2015-09-08	141.67	141.98	140.28	140.95	245400
2015-09-09	140.92	143.39	140.75	142.70	309500
2015-09-10	141.95	142.82	140.56	141.73	262300
2015-09-11	142.78	143.17	140.58	140.83	200200
2015-09-14	142.71	143.69	142.12	143.08	212700
2015-09-15	142.30	142.95	141.81	142.80	319700
2015-09-16	142.43	143.06	141.91	142.31	240500
2015-09-17	141.82	143.55	141.69	142.56	299600
2015-09-18	139.24	141.38	139.05	140.50	500400
2015-09-21	140.66	141.70	140.09	140.40	294500
2015-09-22	139.06	139.89	138.37	139.66	231200
2015-09-23	139.33	140.40	139.00	139.06	236700
2015-09-24	139.62	139.95	138.39	138.42	215200
2015-09-25	140.03	141.46	139.82	140.97	265800
2015-09-28	137.71	141.30	137.61	139.82	272000
2015-09-29	138.58	138.75	136.98	137.73	249500
2015-09-30	139.63	140.16	138.58	140.11	338300
2015-10-01	138.71	140.32	137.46	139.65	295300
2015-10-02	139.89	139.89	136.94	137.28	218200
2015-10-05	141.19	141.84	140.15	141.01	167300
2015-10-06	141.24	142.02	140.38	141.07	259600
2015-10-07	142.59	143.42	141.43	142.16	280900
2015-10-08	144.16	144.54	141.33	142.29	232700
2015-10-09	142.48	145.00	142.48	144.28	277600
2015-10-12	143.61	144.01	141.81	142.48	152600
2015-10-13	142.14	144.37	142.13	143.53	218500
2015-10-14	142.57	143.24	142.18	142.28	235900
2015-10-15	143.55	143.76	142.30	142.78	292200
2015-10-16	143.80	144.67	143.39	144.25	254800
2015-10-19	142.77	144.25	142.39	143.60	501100
2015-10-20	144.73	144.74	142.82	143.30	289400
2015-10-21	144.36	145.76	144.10	145.00	157800
2015-10-22	146.30	146.65	144.85	145.23	375100
2015-10-23	144.41	146.98	143.55	146.98	465300
2015-10-26	145.64	145.96	144.24	144.88	300500
2015-10-27	146.32	147.38	142.17	144.84	388900
2015-10-28	146.76	146.87	145.18	146.83	280600
2015-10-29	146.61	147.48	145.94	146.79	284000
2015-10-30	143.36	147.20	143.15	146.82	274800
2015-11-02	143.65	144.49	143.20	143.43	283600
2015-11-03	143.21	144.23	142.67	143.56	315500
2015-11-04	144.35	144.36	142.06	142.58	355100
2015-11-05	144.97	145.41	144.15	144.41	199600
2015-11-06	145.87	146.44	144.59	145.85	242800
2015-11-09	145.33	146.65	144.61	145.47	176600
2015-11-10	145.83	145.85	144.88	144.94	186800
2015-11-11	146.35	146.89	145.50	146.25	273400
2015-11-12	146.26	146.99	145.05	145.05	396400
2015-11-13	145.91	146.76	145.24	146.16	305600
2015-11-16	146.67	146.79	144.85	145.50	189400
2015-11-17	145.85	147.64	145.70	146.78	138100
2015-11-18	148.31	148.37	145.57	146.24	184500
2015-11-19	149.88	150.00	147.62	148.37	234600
2015-11-20	149.52	150.52	149.09	150.52	165900
2015-11-23	149.18	149.75	148.52	149.35	175400
2015-11-24	148.86	149.62	146.81	148.34	232500
2015-11-25	148.76	149.56	148.11	149.13	147700
2015-11-27	149.36	149.44	147.90	148.70	81100
2015-11-30	149.50	149.91	148.38	149.78	307200
2015-12-01	151.45	151.81	149.35	149.85	238800
2015-12-02	149.57	151.57	149.08	151.47	225600
2015-12-03	148.95	150.28	148.27	149.89	364700
2015-12-04	151.50	151.80	148.88	149.07	226500
2015-12-07	153.05	153.26	150.72	151.46	345300
2015-12-08	151.75	153.20	151.39	152.40	305000
2015-12-09	150.27	152.70	149.97	151.22	264700
2015-12-10	149.46	151.49	148.98	150.52	318200
2015-12-11	148.30	149.91	147.71	147.95	194300
2015-12-14	149.29	149.51	147.81	148.18	267800
2015-12-15	148.90	151.25	148.65	150.15	348400
2015-12-16	147.41	149.96	146.17	149.96	378200
2015-12-17	147.45	148.20	146.71	147.33	244500
2015-12-18	146.80	147.94	146.16	147.37	573100
2015-12-21	147.87	147.94	146.05	147.25	254900
2015-12-22	149.69	149.69	147.07	148.24	204900
2015-12-23	149.56	150.44	148.96	150.44	215900
2015-12-24	150.01	150.58	148.69	149.19	72100
2015-12-28	150.18	150.24	148.81	149.59	237500
2015-12-29	151.84	151.88	150.29	150.58	195700
2015-12-30	150.81	153.20	150.62	151.59	138500
2015-12-31	148.41	151.36	148.41	150.21	169600
2016-01-04	146.78	147.91	145.50	147.27	278300
2016-01-05	146.20	147.14	145.30	146.78	386900
2016-01-06	144.98	146.34	144.67	144.88	300600
2016-01-07	143.45	145.44	143.21	143.21	296600
2016-01-08	141.92	144.16	141.79	143.79	307200
2016-01-11	142.38	143.05	141.01	142.30	386400
2016-01-12	142.38	143.92	140.89	143.92	330200
2016-01-13	140.05	143.50	140.04	142.68	254900
2016-01-14	141.48	142.29	139.83	140.17	243200
2016-01-15	140.40	141.04	138.81	138.95	481200
2016-01-19	138.80	142.46	138.01	141.59	515600
2016-01-20	137.57	139.80	135.42	138.99	297300
2016-01-21	137.27	138.59	135.79	137.84	385700
2016-01-22	139.77	140.22	137.99	138.93	283100
2016-01-25	138.09	140.43	137.46	139.58	379600
2016-01-26	140.24	140.97	137.78	138.33	269000
2016-01-27	139.64	141.45	139.35	139.90	209700
2016-01-28	141.41	141.78	139.51	139.85	206900
2016-01-29	145.04	145.12	141.80	141.80	412800
2016-02-01	146.40	147.27	144.49	144.77	414900
2016-02-02	143.23	145.32	142.96	144.94	444000
2016-02-03	144.04	144.69	142.29	144.11	355900
2016-02-04	147.98	148.63	145.92	145.92	461300
2016-02-05	145.91	148.54	144.99	147.57	356500
2016-02-08	151.86	152.73	144.18	144.56	589200
2016-02-09	152.31	153.57	149.22	149.91	532400
2016-02-10	149.62	153.12	149.59	152.39	352900
2016-02-11	148.27	149.06	147.64	147.96	333100
2016-02-12	150.49	151.23	148.55	149.45	247400
2016-02-16	149.70	152.03	149.70	152.03	310000
2016-02-17	150.21	150.82	149.40	150.38	312900
2016-02-18	150.71	151.53	149.21	150.21	338300
2016-02-19	151.21	151.83	149.69	150.17	495000
2016-02-22	150.81	152.60	150.49	152.08	249500
2016-02-23	151.18	151.59	150.12	150.60	508000
2016-02-24	152.10	152.16	149.39	150.19	217400
2016-02-25	153.43	153.93	151.13	152.28	252800
2016-02-26	151.47	154.01	150.59	153.79	234800
2016-02-29	150.87	151.88	150.52	150.86	255500
2016-03-01	154.77	154.83	151.00	151.55	292900
2016-03-02	155.51	155.57	154.32	154.73	206600
2016-03-03	155.61	156.26	154.66	155.77	234400
2016-03-04	156.93	157.00	154.05	155.73	360000
2016-03-07	158.03	158.15	156.04	156.55	438700
2016-03-08	156.88	157.61	155.85	156.89	313300
2016-03-09	157.66	158.30	156.57	157.36	262100
2016-03-10	157.88	158.92	156.08	158.05	222200
2016-03-11	159.89	159.98	158.47	159.09	248300
2016-03-14	159.66	160.04	158.69	159.05	219100
2016-03-15	157.51	159.58	157.11	158.69	396600
2016-03-16	159.10	159.20	155.78	156.72	234900
2016-03-17	158.79	159.89	158.30	159.05	304400
2016-03-18	155.98	158.92	155.98	158.21	1644900
2016-03-21	158.12	159.11	156.10	156.22	288000
2016-03-22	157.79	159.14	156.82	157.39	202800
2016-03-23	157.64	159.41	157.54	158.06	214600
2016-03-24	156.04	158.04	155.07	157.32	242600
2016-03-28	158.52	158.86	156.49	156.55	263900
2016-03-29	159.64	160.86	158.02	158.02	270700
2016-03-30	160.47	161.06	159.66	160.28	208100
2016-03-31	160.99	161.44	158.94	160.09	258100
2016-04-01	162.49	162.63	159.53	160.42	242800
2016-04-04	161.29	163.04	160.57	162.93	194700
2016-04-05	159.56	162.18	159.18	160.55	189800
2016-04-06	159.75	160.05	158.05	159.78	284000
2016-04-07	159.19	160.15	157.97	158.95	375800
2016-04-08	158.91	160.15	158.47	160.15	179400
2016-04-11	158.89	160.28	158.53	158.95	264900
2016-04-12	160.81	161.00	158.19	158.89	174400
2016-04-13	162.31	162.38	160.33	161.96	191600
2016-04-14	161.15	162.65	160.59	162.05	278100
2016-04-15	161.19	162.66	160.72	161.25	334300
2016-04-18	161.34	162.46	160.76	160.88	307900
2016-04-19	161.36	162.60	160.53	161.80	320800
2016-04-20	161.12	162.10	160.33	161.75	209900
2016-04-21	156.22	163.07	155.03	161.08	422100
2016-04-22	157.68	158.57	155.76	156.69	321200
2016-04-25	157.72	158.29	155.64	157.63	372900
2016-04-26	151.53	157.32	151.35	154.57	667800
2016-04-27	150.69	153.29	150.37	151.27	725900
2016-04-28	150.31	151.34	148.09	149.80	436200
2016-04-29	150.77	151.26	149.06	149.66	491000
2016-05-02	151.71	152.12	150.50	151.23	423200
2016-05-03	150.61	151.62	150.05	150.41	552600
2016-05-04	149.02	150.71	148.82	149.59	351000
2016-05-05	149.36	150.58	149.01	149.92	302800
2016-05-06	148.02	149.70	147.48	148.54	317800
2016-05-09	147.38	149.55	147.34	148.44	332500
2016-05-10	149.43	149.43	147.13	148.03	499600
2016-05-11	148.88	150.58	148.61	148.94	404400
2016-05-12	150.10	150.43	148.01	148.70	328600
2016-05-13	149.54	150.43	148.77	149.53	380100
2016-05-16	150.26	151.09	149.18	149.72	327500
2016-05-17	148.53	150.57	147.90	150.21	312100
2016-05-18	148.36	149.52	147.44	148.43	319800
2016-05-19	146.68	148.66	146.10	147.26	382400
2016-05-20	146.82	148.43	146.15	147.16	719300
2016-05-23	145.34	147.27	144.80	147.02	324800
2016-05-24	146.45	147.56	145.64	146.15	276200
2016-05-25	146.03	147.26	145.84	146.78	233600
2016-05-26	146.02	146.25	145.06	145.79	295800
2016-05-27	146.52	146.96	144.91	146.16	353900
2016-05-31	146.99	147.34	145.83	146.43	363700
2016-06-01	146.89	147.24	145.51	146.00	342300
2016-06-02	145.96	146.90	145.69	146.90	474900
2016-06-03	145.97	146.77	144.49	145.48	326500
2016-06-06	145.79	146.68	145.26	146.42	446500
2016-06-07	144.69	146.18	144.49	145.34	485500
2016-06-08	147.84	148.09	144.46	144.60	539400
2016-06-09	148.07	148.75	146.88	147.75	321800
2016-06-10	146.99	148.61	146.59	147.57	345900
2016-06-13	144.16	147.37	143.98	146.93	267300
2016-06-14	142.52	144.37	142.13	143.62	279700
2016-06-15	140.93	142.87	140.75	142.87	184500
2016-06-16	141.91	142.08	139.78	140.20	222500
2016-06-17	143.94	144.03	141.13	141.83	619500
2016-06-20	143.69	145.50	143.43	144.87	290800
2016-06-21	143.90	144.49	143.17	144.04	232300
2016-06-22	144.06	144.77	143.96	144.14	208800
2016-06-23	145.60	145.82	144.17	145.49	170800
2016-06-24	141.58	143.11	140.93	141.76	372000
2016-06-27	138.87	140.93	138.85	140.50	287800
2016-06-28	142.81	142.81	139.79	139.79	248400
2016-06-29	142.70	144.35	142.45	143.92	440400
2016-06-30	149.91	149.93	142.90	143.13	731900
2016-07-01	148.97	150.26	147.79	148.79	300900
2016-07-05	147.44	148.58	146.75	147.72	402900
2016-07-06	148.35	148.39	146.33	147.12	295800
2016-07-07	148.44	149.07	147.41	148.37	471700
2016-07-08	149.13	149.34	148.19	149.31	216400
2016-07-11	148.71	149.26	148.49	149.13	225400
2016-07-12	149.53	149.79	148.64	149.18	292300
2016-07-13	148.77	150.01	148.74	149.53	241700
2016-07-14	148.51	149.86	148.36	149.86	265100
2016-07-15	147.52	148.89	147.42	148.89	327000
2016-07-18	145.87	147.56	145.86	147.05	254100
2016-07-19	147.00	147.00	144.86	145.44	373000
2016-07-20	147.41	148.68	147.14	147.48	256900
2016-07-21	146.56	147.77	146.23	147.24	170700
2016-07-22	148.76	148.83	146.92	146.99	187800
2016-07-25	148.90	149.26	148.17	148.21	247900
2016-07-26	151.64	153.21	150.25	151.14	488300
2016-07-27	152.65	152.75	151.09	151.73	293200
2016-07-28	155.13	155.19	152.37	152.37	335100
2016-07-29	155.12	155.36	153.64	154.93	283500
2016-08-01	155.65	155.89	154.27	154.48	342100
2016-08-02	155.86	156.13	155.21	155.55	310300
2016-08-03	156.22	156.27	155.58	155.65	230300
2016-08-04	156.15	156.54	155.76	156.00	263800
2016-08-05	156.67	156.72	155.17	156.63	183100
2016-08-08	156.40	157.46	155.72	156.67	148400
2016-08-09	156.72	157.42	156.14	156.36	211000
2016-08-10	156.86	157.32	156.38	157.04	365600
2016-08-11	155.49	157.38	155.46	156.75	320600
2016-08-12	155.76	156.18	155.50	155.50	188700
2016-08-15	156.04	156.54	155.22	156.01	129900
2016-08-16	155.65	156.46	155.40	155.61	167100
2016-08-17	154.81	155.72	154.07	155.72	240300
2016-08-18	155.34	155.67	154.85	155.05	179000
2016-08-19	155.04	155.32	154.03	154.69	209100
2016-08-22	155.23	155.26	154.20	154.51	125800
2016-08-23	154.47	155.78	154.40	155.78	155000
2016-08-24	155.39	155.57	153.47	154.33	138200
2016-08-25	156.00	156.53	154.68	154.98	148800
2016-08-26	155.99	157.00	155.67	156.15	197700
2016-08-29	157.04	157.36	155.99	156.31	157300
2016-08-30	158.26	158.39	157.23	157.45	143800
2016-08-31	158.70	158.86	156.59	158.19	255700
2016-09-01	158.06	158.75	156.70	158.01	182600
2016-09-02	159.04	159.20	157.96	159.04	181700
2016-09-06	159.15	159.56	157.96	159.04	222600
2016-09-07	161.06	161.07	158.20	158.67	243200
2016-09-08	159.54	161.12	159.49	160.99	182900
2016-09-09	156.30	159.04	156.27	158.57	224700
2016-09-12	157.62	158.18	155.01	155.80	213600
2016-09-13	156.95	157.41	155.65	156.42	184700
2016-09-14	155.96	157.47	155.92	157.23	227200
2016-09-15	157.27	157.52	155.72	156.21	186800
2016-09-16	155.39	156.90	155.29	156.14	374300
2016-09-19	157.22	157.67	155.69	155.69	150000
2016-09-20	157.93	158.60	157.31	157.31	209100
2016-09-21	159.91	160.03	158.22	158.38	146200
2016-09-22	161.12	161.54	159.97	159.97	182700
2016-09-23	158.74	160.65	158.74	160.25	296600
2016-09-26	158.09	159.04	157.53	157.96	283600
2016-09-27	158.19	158.61	157.16	157.73	261100
2016-09-28	159.45	159.61	157.54	158.91	251800
2016-09-29	157.20	159.41	157.13	159.10	237800
2016-09-30	156.84	157.52	156.52	157.20	379100
2016-10-03	155.34	157.10	155.07	156.87	228400
2016-10-04	156.96	157.74	153.46	156.11	372200
2016-10-05	153.26	158.33	153.08	158.29	368500
2016-10-06	152.11	153.51	151.12	153.37	486700
2016-10-07	156.71	157.42	152.54	152.84	390300
2016-10-10	158.03	158.62	156.39	157.31	136900
2016-10-11	157.03	159.01	156.68	157.51	189300
2016-10-12	158.37	158.83	157.24	157.81	182700
2016-10-13	159.66	160.14	157.38	158.03	195000
2016-10-14	160.55	160.99	159.42	160.10	225100
2016-10-17	161.46	161.82	160.00	160.31	233900
2016-10-18	161.27	162.39	161.25	162.17	150200
2016-10-19	161.51	161.70	160.18	161.70	222300
2016-10-20	159.01	161.18	158.85	161.18	136300
2016-10-21	159.28	159.39	157.78	158.33	190000
2016-10-24	160.28	160.93	159.14	160.93	274400
2016-10-25	166.55	166.71	161.98	162.81	527300
2016-10-26	168.09	169.03	165.78	166.09	492500
2016-10-27	166.18	168.96	165.67	168.50	462200
2016-10-28	166.01	168.12	165.26	165.86	218300
2016-10-31	168.03	168.42	165.99	166.87	334800
2016-11-01	168.29	169.32	167.00	168.42	515300
2016-11-02	168.98	169.15	167.17	168.30	417200
2016-11-03	169.88	171.83	169.10	169.65	417300
2016-11-04	169.62	171.05	169.27	169.83	278300
2016-11-07	170.98	171.35	170.18	170.31	237300
2016-11-08	171.67	172.37	169.93	170.43	304300
2016-11-09	171.63	172.16	170.16	171.62	263600
2016-11-10	172.97	173.34	171.40	172.54	402700
2016-11-11	174.64	174.67	172.26	173.06	300400
2016-11-14	175.09	177.33	174.68	175.85	333900
2016-11-15	175.09	177.19	174.19	176.84	241200
2016-11-16	175.91	176.29	173.96	175.10	310700
2016-11-17	175.74	177.39	175.14	175.92	343600
2016-11-18	174.60	176.24	174.56	175.80	263800
2016-11-21	174.10	177.24	173.43	174.80	268600
2016-11-22	172.14	175.00	171.89	174.45	495700
2016-11-23	173.10	174.22	172.21	172.21	225900
2016-11-25	172.68	173.70	172.21	172.97	136300
2016-11-28	173.31	174.49	171.60	172.59	312700
2016-11-29	176.01	176.31	173.03	173.41	346000
2016-11-30	174.88	176.33	174.36	176.06	422200
2016-12-01	174.93	176.63	174.84	175.33	230100
2016-12-02	174.38	175.99	173.99	175.77	234900
2016-12-05	174.06	175.13	172.70	174.98	455000
2016-12-06	175.11	175.37	172.81	173.69	412700
2016-12-07	175.82	175.84	174.00	174.22	317400
2016-12-08	177.16	177.24	174.90	176.67	503500
2016-12-09	178.05	178.47	176.19	176.96	266800
2016-12-12	180.52	180.62	177.46	177.51	357500
2016-12-13	180.08	181.57	179.80	181.26	387000
2016-12-14	179.94	182.32	179.04	180.30	408200
2016-12-15	177.29	180.69	177.17	179.63	558900
2016-12-16	177.99	179.42	176.68	177.75	1230900
2016-12-19	181.38	181.48	177.29	178.36	454500
2016-12-20	180.28	182.20	179.59	182.20	209200
2016-12-21	179.80	180.39	179.28	179.60	203900
2016-12-22	180.42	180.53	179.05	180.38	163200
2016-12-23	180.62	181.60	179.74	180.84	104600
2016-12-27	180.57	181.40	179.93	180.81	112800
2016-12-28	179.05	181.32	178.78	181.32	122000
2016-12-29	179.50	180.25	179.08	179.13	126800
2016-12-30	179.74	180.38	179.12	180.37	152300
2017-01-03	179.44	181.80	178.36	180.91	231500
2017-01-04	180.90	181.78	179.31	180.19	263900
2017-01-05	180.88	182.18	180.37	180.91	234200
2017-01-06	181.75	182.17	179.27	180.89	241200
2017-01-09	180.21	181.89	179.96	181.88	296600
2017-01-10	182.24	182.38	180.24	180.83	277900
2017-01-11	182.80	183.12	181.15	182.37	274200
2017-01-12	182.54	182.91	181.04	181.99	268900
2017-01-13	182.10	184.44	181.94	183.14	231000
2017-01-17	180.96	183.45	180.41	180.78	239500
2017-01-18	183.71	184.44	180.91	181.66	335300
2017-01-19	182.22	185.30	181.28	184.11	188300
2017-01-20	181.58	182.88	181.14	182.72	227900
2017-01-23	182.02	182.26	180.66	181.41	148900
2017-01-24	181.38	182.63	180.70	182.19	206700
2017-01-25	182.64	183.16	181.38	182.45	204700
2017-01-26	184.27	184.27	181.71	183.32	278200
2017-01-27	183.66	184.51	182.74	183.94	105100
2017-01-30	183.09	183.90	181.27	182.55	151600
2017-01-31	182.67	184.25	182.04	183.62	295500
2017-02-01	182.31	185.06	181.94	183.00	317000
2017-02-02	184.54	185.61	182.57	182.81	358500
2017-02-03	184.06	187.54	183.29	185.62	257100
2017-02-06	184.47	185.13	182.45	184.77	288900
2017-02-07	189.25	191.01	185.11	185.11	672100
2017-02-08	190.58	190.99	189.06	189.20	331100
2017-02-09	190.86	190.86	189.08	189.19	369900
2017-02-10	191.62	191.87	190.43	191.07	292400
2017-02-13	193.59	193.90	191.01	191.25	206400
2017-02-14	194.00	194.72	192.36	192.36	290400
2017-02-15	194.44	194.71	192.43	193.87	199700
2017-02-16	195.61	196.35	194.24	194.31	275000
2017-02-17	195.28	195.59	194.07	195.59	250800
2017-02-21	194.30	196.18	193.95	195.67	247000
2017-02-22	195.11	195.50	193.26	193.63	246400
2017-02-23	195.50	196.40	194.86	195.87	193400
2017-02-24	195.21	197.01	194.29	194.71	194100
2017-02-27	193.55	195.13	193.51	195.13	166700
2017-02-28	195.30	195.44	193.51	193.76	336300
2017-03-01	198.63	199.76	196.01	197.14	286300
2017-03-02	196.99	198.69	196.77	197.99	273300
2017-03-03	195.70	197.97	195.24	196.94	200100
2017-03-06	194.27	196.23	194.21	196.23	211500
2017-03-07	193.24	193.88	192.80	193.71	393800
2017-03-08	194.60	195.39	193.51	193.51	215300
2017-03-09	194.34	195.21	193.49	194.50	142900
2017-03-10	196.22	196.52	194.34	194.36	244000
2017-03-13	196.23	196.74	195.55	196.32	230300
2017-03-14	195.98	196.15	195.14	195.50	118700
2017-03-15	197.29	197.39	195.38	196.20	194300
2017-03-16	196.78	197.39	195.67	197.39	169600
2017-03-17	197.05	197.45	195.42	196.78	266000
2017-03-20	196.37	197.39	195.89	197.10	128100
2017-03-21	194.95	197.19	194.60	197.19	170000
2017-03-22	195.75	196.19	194.18	194.96	184400
2017-03-23	195.42	196.37	195.02	195.72	128600
2017-03-24	194.89	197.24	194.35	195.43	126100
2017-03-27	193.53	194.45	192.84	193.34	165000
2017-03-28	195.23	195.97	193.11	193.16	238600
2017-03-29	194.91	195.74	194.19	194.80	150600
2017-03-30	196.13	196.54	193.95	194.68	142100
2017-03-31	195.23	196.78	195.17	195.69	173800
2017-04-03	195.22	197.01	194.51	195.92	226800
2017-04-04	197.15	197.48	195.16	195.16	150400
2017-04-05	195.22	197.34	194.78	196.96	186900
2017-04-06	195.09	195.61	193.24	195.02	303900
2017-04-07	194.24	195.90	194.23	194.48	236800
2017-04-10	195.11	195.79	193.75	194.14	128800
2017-04-11	195.68	196.56	193.94	194.89	145900
2017-04-12	194.85	196.23	194.40	196.23	147300
2017-04-13	192.58	195.97	192.48	195.48	245700
2017-04-17	195.86	196.23	192.38	192.38	158100
2017-04-18	195.32	195.88	194.64	194.68	134300
2017-04-19	194.73	195.79	194.17	195.64	179800
2017-04-20	196.18	196.63	193.93	194.51	139500
2017-04-21	195.16	196.56	195.16	196.16	209300
2017-04-24	199.88	200.40	196.75	197.24	722200
2017-04-25	210.35	211.22	201.88	204.74	860800
2017-04-26	214.52	215.68	211.28	211.57	491300
2017-04-27	212.01	214.44	211.68	213.58	401800
2017-04-28	210.18	212.26	209.36	211.03	285200
2017-05-01	209.03	212.91	207.98	211.18	200000
2017-05-02	207.07	209.91	206.83	208.17	261000
2017-05-03	207.65	208.12	205.92	207.59	224500
2017-05-04	207.40	208.73	206.11	208.41	275100
2017-05-05	205.76	207.87	205.71	207.05	246000
2017-05-08	205.57	206.95	204.48	205.54	214300
2017-05-09	202.96	206.80	202.40	206.30	262000
2017-05-10	203.74	204.31	202.24	202.52	221000
2017-05-11	204.09	204.99	202.15	202.33	250000
2017-05-12	203.70	204.87	203.26	203.47	196600
2017-05-15	204.32	205.54	203.83	204.68	195100
2017-05-16	204.19	205.39	202.40	204.47	280200
2017-05-17	201.78	204.19	200.53	204.19	193000
2017-05-18	203.61	204.82	200.67	201.15	248300
2017-05-19	203.69	206.62	202.65	203.19	269700
2017-05-22	203.72	204.49	202.63	203.11	369700
2017-05-23	205.64	205.84	201.66	204.26	241600
2017-05-24	206.75	207.06	205.41	206.70	303500
2017-05-25	207.92	208.24	206.28	206.53	254600
2017-05-26	208.68	208.75	206.87	207.93	189700
2017-05-30	208.35	208.80	206.12	207.32	225600
2017-05-31	213.71	213.71	208.23	209.87	718300
2017-06-01	214.50	214.87	212.70	214.12	275800
2017-06-02	214.44	214.78	212.96	214.13	195400
2017-06-05	213.23	214.82	212.98	214.51	194400
2017-06-06	211.55	213.39	211.17	212.18	220300
2017-06-07	211.84	212.31	210.94	211.10	204200
2017-06-08	212.46	213.57	210.84	211.36	290600
2017-06-09	214.48	215.22	212.75	213.43	252600
2017-06-12	216.62	216.91	213.88	214.48	251800
2017-06-13	214.22	216.52	213.60	216.52	494400
2017-06-14	211.80	214.36	210.97	213.28	391400
2017-06-15	211.56	212.36	210.04	210.20	479600
2017-06-16	214.49	214.82	211.15	212.38	7583800
2017-06-19	215.95	218.15	215.60	215.81	487900
2017-06-20	213.88	216.43	212.77	215.47	321800
2017-06-21	215.33	215.71	213.19	213.87	369900
2017-06-22	215.46	216.68	214.29	215.25	368900
2017-06-23	213.14	215.86	212.62	215.86	469900
2017-06-26	213.29	215.09	212.88	213.90	299100
2017-06-27	212.67	213.62	211.62	213.40	355900
2017-06-28	214.06	214.85	212.88	213.57	532000
2017-06-29	214.13	215.05	213.00	215.01	346000
2017-06-30	213.66	214.60	211.81	214.04	427400
2017-07-03	221.51	225.23	213.94	214.50	523900
2017-07-05	220.50	222.98	220.18	222.22	522600
2017-07-06	219.30	220.82	218.96	220.29	437800
2017-07-07	220.89	221.61	219.07	220.53	281500
2017-07-10	222.88	224.11	220.05	220.30	476900
2017-07-11	220.08	223.47	218.35	223.47	522800
2017-07-12	220.48	222.06	219.38	219.87	310400
2017-07-13	221.41	221.80	219.79	221.24	319800
2017-07-14	221.34	221.51	219.81	220.94	287500
2017-07-17	222.27	222.79	219.17	220.38	272600
2017-07-18	224.35	225.25	220.44	221.01	483600
2017-07-19	225.78	227.27	224.35	225.08	489800
2017-07-20	225.84	226.44	224.67	225.52	399900
2017-07-21	226.69	226.90	224.90	225.39	347900
2017-07-24	227.53	229.57	225.98	227.21	451700
2017-07-25	223.84	232.60	220.94	228.90	662600
2017-07-26	218.21	223.92	218.06	223.92	521400
2017-07-27	217.80	218.08	215.75	217.83	387200
2017-07-28	218.08	218.66	216.66	217.80	312900
2017-07-31	220.20	220.92	218.25	218.25	307500
2017-08-01	221.54	222.88	219.86	221.75	393700
2017-08-02	222.68	223.96	220.75	221.43	277500
2017-08-03	223.28	223.96	221.94	222.39	213300
2017-08-04	222.95	224.43	221.60	224.24	211700
2017-08-07	222.89	223.46	221.74	223.02	235100
2017-08-08	223.39	223.44	222.22	222.67	289600
2017-08-09	225.51	225.61	222.29	222.62	249500
2017-08-10	226.00	226.34	224.79	225.35	330600
2017-08-11	222.45	226.31	222.27	226.17	218600
2017-08-14	225.70	225.71	223.28	223.47	230600
2017-08-15	224.41	227.38	223.56	226.25	258000
2017-08-16	223.99	226.29	223.23	225.35	227300
2017-08-17	220.29	224.28	220.02	223.83	296600
2017-08-18	220.73	220.93	219.31	219.65	659500
2017-08-21	220.27	220.97	219.48	220.83	215200
2017-08-22	221.28	221.28	220.06	220.42	254600
2017-08-23	220.54	223.00	220.38	221.19	194200
2017-08-24	216.19	220.80	215.41	220.53	369100
2017-08-25	218.40	218.68	215.87	216.10	302000
2017-08-28	212.23	217.26	211.28	217.24	581900
2017-08-29	211.89	212.68	210.43	211.35	491100
2017-08-30	211.27	213.08	210.58	211.41	405500
2017-08-31	211.88	212.32	209.96	211.26	528800
2017-09-01	209.48	213.33	208.97	211.99	540600
2017-09-05	194.98	207.58	194.03	207.58	1013700
2017-09-06	191.77	197.23	191.61	194.88	1195200
2017-09-07	178.75	191.71	177.28	191.70	1196400
2017-09-08	187.64	191.17	176.45	178.71	1566400
2017-09-11	195.63	206.81	194.60	204.24	1421900
2017-09-12	196.72	198.16	193.30	195.62	653200
2017-09-13	196.78	197.45	193.58	195.63	479900
2017-09-14	193.38	196.79	191.47	196.79	558300
2017-09-15	195.38	195.54	192.76	193.64	540100
2017-09-18	191.17	196.37	190.76	195.67	483400
2017-09-19	190.50	193.18	189.96	190.93	599400
2017-09-20	189.61	190.72	186.89	190.43	648400
2017-09-21	191.70	192.84	189.77	189.97	427000
2017-09-22	190.83	191.74	189.09	190.87	341700
2017-09-25	188.87	191.91	188.54	190.10	537000
2017-09-26	185.77	188.07	183.06	187.43	888700
2017-09-27	186.46	188.32	186.36	188.03	736000
2017-09-28	187.97	189.32	185.36	186.37	591800
2017-09-29	192.62	193.52	187.81	188.56	663300
2017-10-02	193.37	194.37	189.35	191.62	560000
2017-10-03	193.41	194.02	191.82	192.76	412300
2017-10-04	192.04	194.11	191.91	193.56	396000
2017-10-05	191.24	192.65	190.61	191.10	450300
2017-10-06	189.77	192.41	189.48	191.69	312100
2017-10-09	190.62	191.84	188.92	190.26	343700
2017-10-10	189.57	191.73	189.52	190.61	380200
2017-10-11	187.66	189.58	186.41	189.37	564000
2017-10-12	191.29	192.01	188.15	188.15	579500
2017-10-13	202.84	206.28	192.29	192.29	933400
2017-10-16	200.83	203.37	200.55	202.38	562400
2017-10-17	199.38	201.73	198.33	201.73	439300
2017-10-18	198.20	200.29	197.45	199.97	323400
2017-10-19	200.09	200.27	197.53	197.84	237900
2017-10-20	199.60	202.03	198.82	201.82	402200
2017-10-23	198.91	199.87	197.95	199.87	294100
2017-10-24	197.59	200.74	196.81	198.64	491200
2017-10-25	196.46	200.78	195.46	196.99	536500
2017-10-26	198.15	199.16	195.58	197.35	371500
2017-10-27	199.84	201.73	195.79	197.85	534300
2017-10-30	201.67	203.04	198.87	198.87	645800
2017-10-31	200.26	205.93	199.28	201.57	817200
2017-11-01	198.02	201.68	198.02	201.21	728600
2017-11-02	191.82	200.09	191.26	198.02	692600
2017-11-03	192.16	193.03	188.95	191.82	500700
2017-11-06	192.68	194.60	191.96	191.96	310600
2017-11-07	191.47	195.40	191.12	193.14	489800
2017-11-08	192.60	193.20	189.87	190.71	580900
2017-11-09	194.65	195.98	191.21	192.50	561600
2017-11-10	194.94	196.32	192.31	194.44	329200
2017-11-13	192.76	195.00	192.40	194.54	410500
2017-11-14	190.72	192.80	190.35	191.91	425400
2017-11-15	193.36	194.38	188.53	190.16	599000
2017-11-16	190.16	193.95	189.46	193.40	589300
2017-11-17	190.88	191.95	189.51	190.35	832900
2017-11-20	188.78	190.89	188.27	190.89	447000
2017-11-21	187.44	189.48	187.19	189.48	499300
2017-11-22	184.90	187.97	184.76	187.53	623000
2017-11-24	183.58	185.45	183.27	185.01	299200
2017-11-27	188.13	188.69	183.78	185.09	950500
2017-11-28	190.88	191.69	187.70	189.03	573800
2017-11-29	188.96	193.14	187.25	191.24	481300
2017-11-30	186.29	190.67	184.75	189.54	917200
2017-12-01	184.99	188.05	182.42	186.59	471800
2017-12-04	181.17	187.50	181.01	186.16	567600
2017-12-05	179.97	182.04	179.53	181.92	529100
2017-12-06	179.05	182.25	179.00	180.17	626500
2017-12-07	178.46	179.74	178.16	178.73	597800
2017-12-08	180.08	181.78	177.14	178.36	609800
2017-12-11	184.49	184.69	178.56	179.84	655500
2017-12-12	186.48	187.24	184.72	184.95	793800
2017-12-13	184.02	186.86	183.49	186.08	668100
2017-12-14	184.68	185.67	182.07	184.85	1334600
2017-12-15	188.42	190.22	184.75	185.34	906300
2017-12-18	185.97	188.75	184.55	188.24	453700
2017-12-19	185.68	186.69	184.99	186.32	455700
2017-12-20	183.67	187.30	182.83	185.90	402700
2017-12-21	185.31	186.46	184.44	184.55	335300
2017-12-22	185.74	186.02	184.39	184.94	173900
2017-12-26	186.40	187.85	185.50	185.50	161600
2017-12-27	186.62	187.69	185.75	186.30	187400
2017-12-28	188.81	189.03	186.49	186.90	226100
2017-12-29	187.70	188.98	187.51	188.92	304300
2018-01-02	183.64	188.87	182.99	188.87	563500
2018-01-03	186.44	186.91	182.74	184.50	479000
2018-01-04	188.13	189.41	186.50	187.24	431700
2018-01-05	188.63	188.94	185.97	188.94	391000
2018-01-08	185.57	188.53	185.29	188.02	551800
2018-01-09	184.05	187.21	183.99	184.89	436400
2018-01-10	186.61	187.56	183.55	183.73	394300
2018-01-11	189.02	190.16	186.63	186.93	365300
2018-01-12	190.20	190.32	187.18	189.11	278000
2018-01-16	188.97	191.81	188.72	191.38	370500
2018-01-17	191.72	191.91	188.70	189.94	265900
2018-01-18	189.38	192.66	189.18	191.33	312600
2018-01-19	190.54	191.34	189.53	189.88	259100
2018-01-22	195.54	200.06	195.07	195.12	477000
2018-01-23	196.51	196.64	192.50	195.18	446500
2018-01-24	196.78	198.25	196.00	196.81	321100
2018-01-25	195.91	197.25	195.17	196.76	288700
2018-01-26	194.48	196.05	191.54	196.05	294800
2018-01-29	194.12	194.91	191.10	194.45	253800
2018-01-30	192.95	195.50	191.91	193.66	291300
2018-01-31	194.95	195.61	193.02	193.33	419600
2018-02-01	195.24	196.52	193.50	194.07	296000
2018-02-02	194.79	197.35	194.54	194.54	346100
2018-02-05	191.24	196.64	190.30	193.68	493400
2018-02-06	205.57	206.14	191.71	191.71	942000
2018-02-07	209.28	212.66	205.49	205.56	669200
2018-02-08	204.50	209.89	204.50	208.69	514100
2018-02-09	203.40	206.49	201.41	206.49	510700
2018-02-12	203.16	207.19	201.43	204.93	472300
2018-02-13	202.06	202.88	200.56	202.88	388600
2018-02-14	205.80	206.37	201.42	201.50	280200
2018-02-15	205.63	207.54	203.65	206.58	368400
2018-02-16	206.37	207.16	203.91	205.08	283300
2018-02-20	206.37	207.84	204.13	206.29	373400
2018-02-21	203.55	207.84	203.41	206.28	375600
2018-02-22	203.09	206.54	203.01	204.33	382300
2018-02-23	206.09	206.26	200.65	203.33	257100
2018-02-26	204.98	206.70	203.71	206.70	335900
2018-02-27	206.30	207.80	204.31	205.52	367300
2018-02-28	203.80	207.86	203.80	207.39	286100
2018-03-01	202.23	206.10	201.90	204.68	315200
2018-03-02	202.75	202.98	201.05	201.34	226300
2018-03-05	215.77	216.61	206.20	207.84	506500
2018-03-06	217.18	217.84	212.61	215.41	423100
2018-03-07	217.92	218.41	214.84	215.42	350500
2018-03-08	219.41	219.72	216.34	217.77	322600
2018-03-09	223.93	224.63	218.43	220.45	400200
2018-03-12	222.88	224.56	222.01	223.61	263600
2018-03-13	223.21	223.80	221.73	223.80	185000
2018-03-14	222.02	224.47	221.10	223.70	279400
2018-03-15	221.16	223.37	220.56	222.92	283100
2018-03-16	222.89	224.79	221.16	221.16	559800
2018-03-19	223.98	224.55	222.02	222.71	219300
2018-03-20	221.92	224.37	221.80	224.37	211200
2018-03-21	221.35	225.86	218.83	221.23	151800
2018-03-22	215.98	220.79	215.88	219.87	275300
2018-03-23	212.00	218.32	212.00	216.81	352700
2018-03-26	215.26	215.39	212.12	214.27	228300
2018-03-27	213.77	217.68	212.92	216.20	220500
2018-03-28	220.28	221.02	214.32	214.38	361400
2018-03-29	218.99	221.40	218.89	221.40	329700
2018-04-02	216.94	221.25	214.59	219.80	293000
2018-04-03	219.18	221.09	217.68	218.35	267000
2018-04-04	220.22	220.51	216.17	217.25	282400
2018-04-05	218.62	221.67	218.43	221.67	240400
2018-04-06	216.80	219.06	215.04	217.32	249300
2018-04-09	219.86	223.31	216.25	218.00	316400
2018-04-10	218.46	222.47	217.72	221.63	286600
2018-04-11	221.70	222.40	217.38	218.04	259800
2018-04-12	213.73	222.77	212.24	221.70	517100
2018-04-13	212.48	214.61	211.46	213.94	219800
2018-04-16	213.96	215.39	212.29	213.50	280500
2018-04-17	210.98	215.68	209.44	215.40	396500
2018-04-18	207.95	212.49	207.43	211.62	407200
2018-04-19	206.65	208.28	206.18	207.50	436300
2018-04-20	210.61	210.73	206.99	207.45	458500
2018-04-23	209.22	212.04	208.63	210.61	175100
2018-04-24	208.61	210.90	207.03	209.21	236200
2018-04-25	205.02	208.39	204.19	208.12	376900
2018-04-26	197.75	202.62	195.79	202.62	743300
2018-04-27	201.85	203.12	197.87	198.66	363600
2018-04-30	198.40	202.31	198.38	201.59	243500
2018-05-01	198.59	198.77	196.59	198.17	220300
2018-05-02	194.56	199.15	193.83	198.34	375600
2018-05-03	192.84	195.16	189.87	194.47	553700
2018-05-04	194.00	195.35	190.16	190.16	209800
2018-05-07	193.17	194.67	192.33	194.32	199800
2018-05-08	193.71	194.39	190.93	192.84	390900
2018-05-09	194.37	194.81	192.42	193.71	240200
2018-05-10	194.58	195.91	194.05	194.74	227200
2018-05-11	194.66	195.39	193.65	194.34	164500
2018-05-14	193.48	194.71	193.08	194.66	308700
2018-05-15	194.43	194.52	192.51	193.13	315600
2018-05-16	195.33	195.52	193.71	194.45	223500
2018-05-17	194.24	195.37	192.49	195.25	234200
2018-05-18	193.17	195.69	192.98	193.84	312500
2018-05-21	195.20	196.20	194.00	194.23	263700
2018-05-22	195.30	196.45	194.78	195.00	199000
2018-05-23	193.17	195.33	192.55	195.10	224800
2018-05-24	193.16	193.77	191.93	193.42	315100
2018-05-25	193.94	194.58	192.29	192.72	178900
2018-05-29	192.72	193.57	191.27	193.06	446900
2018-05-30	193.40	194.04	192.60	193.41	222400
2018-05-31	193.21	193.77	191.20	193.05	487700
2018-06-01	193.75	195.21	193.12	195.21	179200
2018-06-04	194.40	195.11	193.39	193.77	122200
2018-06-05	194.26	194.46	192.96	194.12	166600
2018-06-06	195.62	195.68	192.95	194.55	182400
2018-06-07	197.31	197.52	194.88	196.16	145500
2018-06-08	197.52	198.12	195.88	197.42	188700
2018-06-11	195.94	198.85	195.45	197.78	145500
2018-06-12	194.92	196.27	194.00	195.62	207900
2018-06-13	194.97	197.11	194.34	195.72	147600
2018-06-14	193.82	195.60	193.19	194.96	225900
2018-06-15	194.33	195.62	192.56	193.64	525100
2018-06-18	194.46	195.78	193.14	194.71	232700
2018-06-19	196.59	197.12	193.96	193.96	220300
2018-06-20	197.36	198.16	196.11	196.65	273100
2018-06-21	196.11	197.96	194.76	197.19	214000
2018-06-22	197.25	197.49	195.37	196.98	382700
2018-06-25	199.54	200.23	197.04	197.22	208400
2018-06-26	197.16	200.02	196.53	199.20	295200
2018-06-27	196.15	198.50	194.48	196.83	465400
2018-06-28	198.52	199.27	195.87	196.38	242200
2018-06-29	197.66	199.45	196.61	198.37	282100
2018-07-02	194.81	198.52	194.07	197.90	297700
2018-07-03	194.15	196.78	193.33	195.40	164300
2018-07-05	197.80	197.92	194.95	195.18	229000
2018-07-06	197.64	199.54	196.72	197.66	171400
2018-07-09	201.54	202.18	198.28	198.38	170500
2018-07-10	200.87	202.12	199.74	202.12	206200
2018-07-11	200.46	201.56	199.68	200.31	149400
2018-07-12	199.69	202.09	198.86	201.54	128800
2018-07-13	198.58	199.92	197.89	199.92	157800
2018-07-16	201.69	201.90	198.45	199.17	251500
2018-07-17	201.63	202.17	200.24	202.17	171800
2018-07-18	202.67	203.32	200.92	201.95	243200
2018-07-19	200.93	202.62	200.40	202.30	171500
2018-07-20	192.80	193.39	188.58	193.39	647600
2018-07-23	193.18	193.86	189.99	191.17	392900
2018-07-24	191.65	193.20	190.70	193.10	287500
2018-07-25	191.77	193.13	188.85	190.57	314800
2018-07-26	194.89	195.59	191.96	192.29	339100
2018-07-27	193.98	197.01	193.65	194.77	291900
2018-07-30	191.88	196.80	191.35	193.70	334800
2018-07-31	187.26	187.75	182.68	186.10	659600
2018-08-01	188.56	189.43	185.49	185.63	724700
2018-08-02	188.64	191.20	187.87	188.16	395700
2018-08-03	189.26	189.39	186.32	188.01	262800
2018-08-06	187.73	192.14	186.99	189.69	271700
2018-08-07	187.26	188.39	186.17	187.91	271700
2018-08-08	186.22	187.68	186.05	186.66	173600
2018-08-09	184.56	186.60	184.33	186.40	174200
2018-08-10	184.53	185.51	181.85	183.70	293600
2018-08-13	184.31	185.34	183.49	184.16	285200
2018-08-14	184.09	184.97	182.77	183.69	229500
2018-08-15	185.42	187.02	183.58	183.58	198500
2018-08-16	186.53	189.50	185.87	185.87	222800
2018-08-17	187.30	188.14	185.98	186.25	257100
2018-08-20	189.01	189.59	187.30	187.65	209900
2018-08-21	188.91	189.67	188.28	188.60	217500
2018-08-22	188.66	189.64	188.14	188.79	207700
2018-08-23	188.75	189.12	187.43	188.63	249800
2018-08-24	189.40	190.04	188.86	188.86	156700
2018-08-27	190.81	191.83	189.55	189.55	227400
2018-08-28	190.77	191.92	190.30	190.83	203100
2018-08-29	191.12	191.71	189.37	191.11	246600
2018-08-30	190.75	191.00	188.87	191.00	242900
2018-08-31	191.26	191.53	189.54	190.34	265500
2018-09-04	191.12	191.45	189.53	190.99	238300
2018-09-05	190.73	191.82	189.54	189.69	340300
2018-09-06	189.18	191.19	188.96	190.29	374000
2018-09-07	185.89	189.47	185.52	189.47	797600
2018-09-10	181.01	186.11	178.48	186.11	499700
2018-09-11	181.59	183.64	178.29	180.37	395400
2018-09-12	184.61	185.88	181.73	182.00	437900
2018-09-13	190.37	191.00	185.21	185.62	394700
2018-09-14	192.69	193.06	189.87	190.64	217000
2018-09-17	192.59	193.32	191.17	193.15	219300
2018-09-18	194.72	195.13	192.24	192.95	244400
2018-09-19	198.02	198.88	194.94	194.94	346200
2018-09-20	199.87	200.21	198.14	198.18	217500
2018-09-21	201.10	201.87	198.26	201.53	379200
2018-09-24	197.32	200.72	195.48	200.64	349000
2018-09-25	197.59	198.69	195.63	197.68	194900
2018-09-26	196.50	198.85	195.69	197.56	202000
2018-09-27	196.84	198.01	195.47	196.35	149600
2018-09-28	197.08	198.39	194.39	196.53	226200
2018-10-01	193.55	197.74	193.12	196.83	256700
2018-10-02	195.92	197.95	193.35	194.73	250900
2018-10-03	194.92	197.51	194.83	196.42	223300
2018-10-04	195.71	196.69	194.31	195.77	271400
2018-10-05	195.78	197.95	194.88	195.06	169900
2018-10-08	195.99	196.82	194.46	195.71	200200
2018-10-09	197.98	198.20	195.28	196.22	253500
2018-10-10	187.82	197.37	187.61	195.70	334400
2018-10-11	185.46	191.36	185.27	187.48	344300
2018-10-12	183.73	187.61	179.99	187.61	253100
2018-10-15	185.05	186.92	183.65	184.21	162200
2018-10-16	185.81	187.33	184.58	186.10	132900
2018-10-17	186.33	187.10	183.45	185.77	219200
2018-10-18	182.12	186.55	181.41	185.72	238000
2018-10-19	186.48	187.62	180.81	181.44	358300
2018-10-22	183.42	187.70	183.28	186.57	214700
2018-10-23	181.11	183.63	180.12	181.23	237800
2018-10-24	176.91	180.30	176.77	180.02	269400
2018-10-25	179.04	180.91	177.58	177.67	179500
2018-10-26	176.86	179.23	175.89	177.61	250300
2018-10-29	178.10	180.41	176.49	177.90	312200
2018-10-30	189.34	190.08	181.35	188.33	516700
2018-10-31	187.93	191.55	185.55	190.37	486200
2018-11-01	189.58	192.42	187.27	187.97	340500
2018-11-02	189.18	192.90	187.18	190.48	236800
2018-11-05	190.94	193.44	190.15	190.54	245400
2018-11-06	192.80	193.96	189.84	191.09	225900
2018-11-07	193.28	194.02	189.18	192.77	234600
2018-11-08	191.99	193.07	190.68	191.55	203700
2018-11-09	190.83	192.85	189.44	192.02	193100
2018-11-12	184.45	190.84	184.18	190.84	236800
2018-11-13	184.77	187.10	184.20	185.09	237900
2018-11-14	183.01	186.26	181.51	185.27	282600
2018-11-15	185.03	185.18	181.75	182.84	410000
2018-11-16	186.70	186.71	183.73	184.02	261900
2018-11-19	186.16	187.43	184.95	186.50	288000
2018-11-20	185.89	186.28	183.46	184.95	328400
2018-11-21	185.03	187.30	184.89	186.21	348100
2018-11-23	184.81	186.71	182.25	183.44	138900
2018-11-26	187.36	188.41	186.01	186.43	306000
2018-11-27	185.10	186.82	183.71	185.38	232900
2018-11-28	186.81	187.89	185.19	185.68	302600
2018-11-29	189.88	191.23	185.72	185.72	300900
2018-11-30	191.57	192.85	189.63	189.63	474500
2018-12-03	193.58	194.64	190.95	193.23	226700
2018-12-04	191.93	195.22	190.67	193.55	349200
2018-12-06	194.47	194.86	188.38	189.22	460600
2018-12-07	197.43	200.33	194.39	194.39	573600
2018-12-10	198.55	199.22	195.84	197.54	277800
2018-12-11	192.11	200.71	191.66	199.90	400600
2018-12-12	189.79	195.66	189.69	193.61	485800
2018-12-13	187.82	191.55	186.96	190.37	360900
2018-12-14	185.73	188.02	185.07	186.39	339500
2018-12-17	187.86	189.77	184.09	185.52	408900
2018-12-18	189.48	192.89	188.57	188.97	457100
2018-12-19	189.91	192.95	187.90	190.18	269400
2018-12-20	186.53	189.15	184.93	188.72	368500
2018-12-21	183.97	190.25	183.51	186.42	467000
2018-12-24	177.49	183.62	177.45	183.62	113600
2018-12-26	181.36	181.42	173.46	176.92	234200
2018-12-27	185.33	185.37	178.40	179.37	264100
2018-12-28	186.35	188.56	184.89	186.14	192800
2018-12-31	187.84	187.88	185.48	186.45	213400
2019-01-02	184.31	186.08	182.84	185.06	204400
2019-01-03	180.12	183.07	179.49	183.06	288300
2019-01-04	185.39	185.80	181.31	181.31	258700
2019-01-07	182.33	185.96	182.32	184.54	301800
2019-01-08	184.08	184.10	176.70	181.39	471500
2019-01-09	182.87	186.40	182.56	184.74	305300
2019-01-10	184.98	185.11	181.84	182.81	268400
2019-01-11	183.88	184.76	182.83	184.76	268900
2019-01-14	184.32	185.12	182.83	182.83	375800
2019-01-15	185.88	186.22	183.88	184.39	282900
2019-01-16	183.50	186.11	182.66	185.83	364100
2019-01-17	185.75	185.75	182.57	182.57	259400
2019-01-18	186.92	187.28	185.29	186.20	229200
2019-01-22	185.18	188.99	183.70	187.22	232100
2019-01-23	187.71	187.79	185.22	186.33	297400
2019-01-24	186.08	189.55	185.92	187.73	221300
2019-01-25	184.10	187.10	181.08	185.27	411100
2019-01-28	184.84	184.96	182.53	182.53	174000
2019-01-29	184.70	185.59	183.97	184.89	198100
2019-01-30	189.15	190.23	185.19	185.19	276500
2019-01-31	188.96	189.16	184.14	188.53	280300
2019-02-01	191.75	191.84	188.53	189.49	196200
2019-02-04	189.48	191.73	188.34	191.73	243200
2019-02-05	190.16	191.16	187.98	189.31	213400
2019-02-06	191.76	192.05	189.31	190.12	208100
2019-02-07	191.93	192.48	189.35	191.29	227400
2019-02-08	191.33	192.29	188.02	191.14	212500
2019-02-11	190.10	191.73	188.34	191.73	266700
2019-02-12	183.21	185.25	179.43	185.25	834300
2019-02-13	185.01	186.30	183.15	183.84	470700
2019-02-14	184.64	186.16	182.61	184.45	285500
2019-02-15	187.13	188.31	185.38	186.27	275600
2019-02-19	189.41	190.10	185.99	186.34	252800
2019-02-20	191.20	191.50	189.02	189.05	185100
2019-02-21	192.20	193.24	190.49	191.17	235000
2019-02-22	193.15	193.95	191.74	193.11	197400
2019-02-25	192.54	194.55	191.93	193.34	320600
2019-02-26	192.20	194.04	191.94	192.30	225600
2019-02-27	193.48	194.05	191.46	192.06	255800
2019-02-28	195.05	195.21	192.44	193.94	231900
2019-03-01	194.43	196.37	192.76	195.50	210000
2019-03-04	193.99	195.65	191.95	194.21	209400
2019-03-05	193.60	195.24	193.47	193.93	298200
2019-03-06	192.80	195.66	192.78	194.22	251100
2019-03-07	189.35	192.69	189.32	192.69	256600
2019-03-08	188.17	189.30	187.43	187.96	281700
2019-03-11	189.17	190.52	187.92	188.49	285400
2019-03-12	189.43	191.21	189.25	189.77	330000
2019-03-13	189.50	191.31	189.36	189.66	275100
2019-03-14	190.11	190.78	189.33	189.72	220000
2019-03-15	190.14	192.42	189.39	189.67	595900
2019-03-18	191.30	192.27	190.90	190.90	239100
2019-03-19	190.00	192.51	189.65	191.63	181600
2019-03-20	183.98	190.11	183.72	189.66	375900
2019-03-21	187.04	187.50	182.40	183.27	223100
2019-03-22	186.62	188.71	186.38	186.42	345800
2019-03-25	186.45	187.48	185.87	186.77	246900
2019-03-26	187.04	187.72	186.32	187.29	220800
2019-03-27	186.32	188.45	186.17	187.15	217000
2019-03-28	186.95	187.24	184.91	184.91	246200
2019-03-29	187.46	187.76	186.31	187.28	215500
2019-04-01	188.65	189.62	187.61	188.00	232000
2019-04-02	186.53	189.02	186.53	188.91	237900
2019-04-03	187.61	187.72	186.10	187.63	246800
2019-04-04	186.88	188.76	186.57	187.61	166900
2019-04-05	187.76	187.89	186.76	186.85	197400
2019-04-08	189.18	190.17	187.31	187.98	227200
2019-04-09	186.36	189.22	185.64	189.22	313300
2019-04-10	188.20	188.23	185.91	186.23	330100
2019-04-11	192.62	193.25	188.93	189.16	363300
2019-04-12	196.47	197.12	193.84	194.00	330500
2019-04-15	196.36	197.88	195.28	197.88	202700
2019-04-16	199.04	199.56	196.43	196.43	226700
2019-04-17	198.51	199.51	197.49	199.50	199400
2019-04-18	198.81	199.90	198.07	198.43	238900
2019-04-22	198.35	198.77	197.41	198.22	121700
2019-04-23	199.45	200.25	197.96	198.96	238500
2019-04-24	200.76	201.70	199.39	199.44	222500
2019-04-25	198.34	200.43	196.95	199.92	282900
2019-04-26	200.26	200.70	197.10	197.95	270000
2019-04-29	200.78	202.37	200.51	200.51	193700
2019-04-30	204.42	204.58	200.11	200.97	324000
2019-05-01	205.25	207.35	204.51	204.51	294400
2019-05-02	205.54	207.52	204.48	205.63	268000
2019-05-03	207.16	207.42	205.14	206.17	294800
2019-05-06	206.41	207.87	204.86	204.86	296000
2019-05-07	214.31	216.62	207.57	208.00	598000
2019-05-08	209.97	216.17	209.75	214.46	572500
2019-05-09	213.24	214.04	207.89	209.48	342800
2019-05-10	215.91	216.09	212.30	212.30	285800
2019-05-13	214.02	215.22	212.14	213.20	372300
2019-05-14	215.66	217.01	213.77	213.77	337500
2019-05-15	215.50	216.71	213.71	214.63	297900
2019-05-16	216.50	218.46	215.84	215.84	426600
2019-05-17	215.50	216.78	214.58	215.31	997600
2019-05-20	216.58	218.28	214.50	215.50	428600
2019-05-21	216.42	219.38	214.97	217.24	399400
2019-05-22	217.29	217.39	215.24	215.84	370200
2019-05-23	218.40	218.48	215.24	216.49	378700
2019-05-24	216.93	219.60	216.36	218.81	323000
2019-05-28	213.04	217.93	212.79	216.85	1058900
2019-05-29	213.54	213.84	210.86	213.12	403600
2019-05-30	214.23	214.84	212.99	213.79	290100
2019-05-31	216.19	217.23	213.10	213.94	341300
2019-06-03	219.91	220.12	215.35	215.99	448400
2019-06-04	216.72	220.18	215.71	219.89	395200
2019-06-05	221.12	221.35	215.95	217.20	294400
2019-06-06	220.77	221.86	219.20	220.63	411100
2019-06-07	220.54	222.22	220.18	221.40	251700
2019-06-10	220.12	221.55	219.42	220.97	311700
2019-06-11	217.40	221.41	215.57	221.07	324300
2019-06-12	218.47	219.03	216.81	217.53	247500
2019-06-13	218.32	219.83	216.93	218.67	282900
2019-06-14	219.15	219.67	218.05	218.92	245400
2019-06-17	218.37	220.36	218.16	219.68	237400
2019-06-18	218.35	219.70	217.65	218.88	273400
2019-06-19	219.94	220.19	218.09	218.87	226200
2019-06-20	220.46	220.83	217.45	219.78	235900
2019-06-21	218.36	221.05	218.15	221.01	395100
2019-06-24	219.55	222.07	218.28	218.80	204400
2019-06-25	219.37	220.61	218.96	219.82	264800
2019-06-26	212.06	220.31	211.69	219.64	395000
2019-06-27	213.31	214.48	211.04	211.66	320000
2019-06-28	215.77	217.24	213.65	213.98	439600
2019-07-01	218.65	218.79	215.85	216.18	335200
2019-07-02	219.22	220.83	217.77	219.62	221200
2019-07-03	222.56	222.91	219.77	219.77	189700
2019-07-05	222.17	222.67	220.36	222.19	172800
2019-07-08	222.17	222.93	221.05	221.58	220200
2019-07-09	224.68	224.74	221.73	222.09	320100
2019-07-10	225.45	226.98	224.23	224.95	235000
2019-07-11	224.23	226.62	223.14	225.54	204500
2019-07-12	224.97	225.44	223.20	224.69	157000
2019-07-15	225.47	227.40	224.44	225.34	215400
2019-07-16	222.83	225.83	221.58	225.50	300500
2019-07-17	219.29	222.21	218.02	222.21	387400
2019-07-18	220.03	220.91	218.55	219.53	212200
2019-07-19	219.98	222.10	218.32	220.72	286100
2019-07-22	221.21	222.12	219.71	220.24	195900
2019-07-23	221.03	221.98	219.38	221.12	154200
2019-07-24	222.59	223.26	221.07	221.32	196900
2019-07-25	223.05	224.73	222.22	222.28	210100
2019-07-26	226.54	226.55	222.12	223.00	208700
2019-07-29	224.16	227.21	223.33	226.41	272200
2019-07-30	219.70	227.27	218.85	225.40	576400
2019-07-31	215.30	220.67	213.92	219.03	336000
2019-08-01	213.28	216.39	212.96	215.26	298700
2019-08-02	212.22	213.96	210.48	212.97	245700
2019-08-05	208.76	212.61	207.43	210.80	389400
2019-08-06	213.73	214.57	207.26	208.52	329900
2019-08-07	216.66	218.11	210.97	211.87	340400
2019-08-08	219.63	219.82	217.16	217.16	272300
2019-08-09	219.83	220.96	218.39	219.12	154900
2019-08-12	218.27	221.56	217.59	219.56	205400
2019-08-13	220.53	220.68	217.60	218.87	237200
2019-08-14	215.23	220.65	215.00	218.92	317300
2019-08-15	215.39	216.75	214.55	215.55	184900
2019-08-16	217.61	218.17	215.64	216.30	169900
2019-08-19	218.16	219.83	217.31	219.12	190100
2019-08-20	215.43	217.67	215.25	217.67	177700
2019-08-21	216.35	217.08	214.65	216.17	121800
2019-08-22	217.22	218.71	215.75	217.13	184700
2019-08-23	213.76	219.01	213.03	216.26	261800
2019-08-26	215.76	215.87	213.41	214.68	160400
2019-08-27	214.34	217.02	213.92	216.89	301800
2019-08-28	209.07	214.14	205.32	213.23	325600
2019-08-29	209.40	210.99	204.34	209.69	312600
2019-08-30	205.90	210.18	202.14	209.84	621600
2019-09-03	212.22	216.80	207.13	208.25	463900
2019-09-04	216.34	216.42	211.41	211.41	300900
2019-09-05	218.43	220.07	217.48	217.88	326800
2019-09-06	218.65	220.23	217.68	218.67	270200
2019-09-09	221.09	221.17	218.36	219.69	282200
2019-09-10	220.43	221.34	218.41	221.34	342000
2019-09-11	223.76	223.82	220.08	220.27	303000
2019-09-12	221.02	224.66	217.62	223.97	553800
2019-09-13	225.14	225.73	220.73	221.60	351000
2019-09-16	223.88	224.24	221.22	223.39	228700
2019-09-17	228.70	228.75	223.40	223.40	472700
2019-09-18	229.85	230.20	227.40	228.36	333300
2019-09-19	230.32	231.83	229.16	230.30	469200
2019-09-20	232.26	232.36	229.84	230.95	572600
2019-09-23	232.70	233.42	230.44	230.93	297500
2019-09-24	234.25	236.17	232.68	233.23	464100
2019-09-25	231.00	234.34	230.65	233.17	309200
2019-09-26	233.90	234.41	231.01	231.35	214700
2019-09-27	233.56	234.93	232.09	234.93	320300
2019-09-30	233.66	235.41	232.64	233.85	212300
2019-10-01	231.69	234.15	231.54	233.94	229000
2019-10-02	227.61	233.03	226.68	231.66	326900
2019-10-03	226.21	227.74	224.96	227.52	311600
2019-10-04	228.05	228.43	225.60	226.46	351000
2019-10-07	223.62	227.46	223.51	227.32	281500
2019-10-08	219.93	222.75	219.61	222.75	378600
2019-10-09	219.95	221.02	219.37	220.84	191800
2019-10-10	219.09	221.74	218.11	219.39	270600
2019-10-11	219.97	222.13	218.82	220.65	282100
2019-10-14	220.07	220.35	218.09	219.75	249400
2019-10-15	220.88	223.82	220.53	220.82	183300
2019-10-16	221.92	223.69	216.22	219.62	274900
2019-10-17	219.06	222.10	218.97	222.10	162300
2019-10-18	220.48	222.10	218.76	218.76	226300
2019-10-21	222.18	223.45	220.80	221.74	151800
2019-10-22	218.22	221.48	215.66	221.48	285000
2019-10-23	218.92	220.10	218.18	218.44	247800
2019-10-24	219.24	220.30	217.82	219.12	155000
2019-10-25	218.29	220.02	217.08	219.01	141800
2019-10-28	216.91	219.43	216.32	218.72	301100
2019-10-29	225.01	225.44	215.78	219.12	504000
2019-10-30	223.53	225.68	219.99	225.33	246400
2019-10-31	225.76	226.04	221.76	223.42	258500
2019-11-01	227.74	228.08	225.95	226.27	222800
2019-11-04	226.93	229.70	226.64	228.44	281600
2019-11-05	227.59	228.39	225.94	227.52	306700
2019-11-06	229.79	230.16	226.44	226.85	268100
2019-11-07	231.47	231.82	229.25	229.86	230100
2019-11-08	233.01	233.13	230.37	230.91	200500
2019-11-11	234.16	234.89	232.10	232.10	220800
2019-11-12	236.87	237.17	233.29	233.29	277800
2019-11-13	234.38	236.15	233.95	235.86	228300
2019-11-14	235.78	235.96	234.01	234.85	198400
2019-11-15	234.61	236.05	233.91	235.54	199800
2019-11-18	234.85	235.52	234.06	234.28	208800
2019-11-19	234.48	234.86	232.70	234.28	321800
2019-11-20	235.08	236.30	233.75	233.75	178900
2019-11-21	234.55	236.70	233.82	235.53	252600
2019-11-22	234.66	235.19	232.89	233.48	269000
2019-11-25	236.94	237.60	234.25	234.25	301400
2019-11-26	239.18	239.33	236.75	237.14	457600
2019-11-27	239.52	240.82	238.52	239.70	331700
2019-11-29	238.20	240.10	237.82	239.02	177800
2019-12-02	236.05	239.01	235.72	239.01	278500
2019-12-03	234.78	235.63	233.32	234.58	226300
2019-12-04	236.26	237.00	234.46	234.58	213500
2019-12-05	237.06	237.25	235.73	236.28	193700
2019-12-06	237.54	238.96	236.58	237.97	169300
2019-12-09	239.85	239.92	236.35	237.60	176400
2019-12-10	238.73	240.07	238.10	240.07	344500
2019-12-11	239.36	239.36	236.76	238.55	229000
2019-12-12	242.94	243.50	239.54	239.54	183500
2019-12-13	242.59	243.90	241.77	242.66	195200
2019-12-16	244.10	244.86	241.93	243.66	236500
2019-12-17	246.43	246.98	243.74	244.09	247700
2019-12-18	243.87	247.29	243.23	246.35	207900
2019-12-19	243.37	244.93	242.51	243.59	258000
2019-12-20	244.90	246.82	244.17	244.59	385700
2019-12-23	241.56	246.16	240.60	246.16	261800
2019-12-24	242.44	242.49	239.35	241.14	74000
2019-12-26	242.51	243.21	241.65	242.38	127400
2019-12-27	243.78	243.83	241.65	242.46	172400
2019-12-30	245.05	245.70	242.99	244.37	202400
2019-12-31	244.51	245.77	244.17	245.04	136000
2020-01-02	245.67	245.80	242.79	245.45	181300
2020-01-03	244.86	245.77	243.29	243.29	162400
2020-01-06	244.29	245.31	243.32	244.73	265200
2020-01-07	242.15	244.33	242.03	243.64	244300
2020-01-08	241.42	244.83	241.41	242.81	225700
2020-01-09	243.98	244.54	241.64	241.64	193800
2020-01-10	242.74	244.89	241.62	243.75	220700
2020-01-13	243.73	244.38	242.50	242.50	158700
2020-01-14	242.58	244.08	241.55	241.55	203400
2020-01-15	243.36	244.28	241.15	242.28	206700
2020-01-16	245.03	245.90	244.11	244.63	264200
2020-01-17	247.28	248.58	246.11	246.11	205900
2020-01-21	247.30	248.14	246.11	247.30	398400
2020-01-22	248.18	248.26	246.32	247.47	561600
2020-01-23	248.11	248.31	244.06	246.41	336400
2020-01-24	244.96	249.05	243.31	248.07	258800
2020-01-27	240.84	243.44	240.79	242.38	173900
2020-01-28	243.01	244.53	241.91	241.91	214900
2020-01-29	242.55	244.10	241.67	243.03	192500
2020-01-30	244.55	244.74	240.18	241.18	214100
2020-01-31	244.27	246.30	243.64	243.77	454200
2020-02-03	246.94	248.31	244.35	244.75	288100
2020-02-04	245.17	249.36	245.17	248.62	236400
2020-02-05	250.22	250.22	246.10	246.41	344900
2020-02-06	247.70	251.07	247.53	250.78	374300
2020-02-07	249.58	252.47	246.87	246.87	229100
2020-02-10	252.49	252.57	248.87	249.14	215100
2020-02-11	257.58	259.94	251.06	254.04	411900
2020-02-12	254.08	257.86	251.64	257.86	243300
2020-02-13	257.71	257.72	253.51	253.51	233900
2020-02-14	257.34	259.58	255.83	257.95	209700
2020-02-18	255.95	256.66	253.64	256.58	205900
2020-02-19	256.65	257.76	255.72	257.23	243700
2020-02-20	254.31	256.19	251.93	255.25	160500
2020-02-21	256.00	256.09	253.46	253.84	235000
2020-02-24	249.99	253.87	248.33	252.21	593100
2020-02-25	246.02	250.50	245.24	249.46	438500
2020-02-26	241.32	248.24	241.32	247.40	349000
2020-02-27	231.24	242.32	231.23	238.90	354000
2020-02-28	218.93	227.73	213.94	226.85	676700
2020-03-02	228.01	229.73	218.81	219.05	771700
2020-03-03	223.84	231.40	221.91	228.00	439400
2020-03-04	237.93	238.11	225.67	226.97	302700
2020-03-05	227.15	233.10	224.51	232.39	304400
2020-03-06	223.91	225.22	217.74	220.22	334200
2020-03-09	207.35	214.83	197.08	197.08	513300
2020-03-10	213.78	214.53	203.86	214.16	397600
2020-03-11	202.67	211.36	199.06	207.38	497200
2020-03-12	178.55	188.37	178.55	188.27	625900
2020-03-13	189.46	190.50	178.51	187.48	704200
2020-03-16	162.36	183.13	151.59	162.67	803600
2020-03-17	176.07	176.96	160.39	166.03	605600
2020-03-18	167.78	169.74	153.06	163.22	625400
2020-03-19	166.47	175.88	157.18	166.22	624600
2020-03-20	173.06	179.63	160.03	168.04	654800
2020-03-23	152.89	168.93	149.51	168.93	796000
2020-03-24	165.00	168.74	158.37	161.69	398100
2020-03-25	155.44	167.58	154.76	165.82	708500
2020-03-26	173.67	174.43	153.69	159.06	693900
2020-03-27	168.30	173.32	163.09	165.70	418400
2020-03-30	176.48	178.48	164.65	168.00	341000
2020-03-31	171.08	175.80	168.81	174.37	353300
2020-04-01	161.14	165.28	157.12	159.61	438100
2020-04-02	166.86	168.63	157.95	160.69	524400
2020-04-03	158.28	167.55	157.08	164.63	384800
2020-04-06	168.86	169.91	164.03	166.16	340500
2020-04-07	170.04	179.54	169.51	176.36	374900
2020-04-08	175.86	177.60	168.10	171.70	302900
2020-04-09	188.75	189.20	177.83	178.16	330900
2020-04-13	179.72	186.87	179.47	186.87	230000
2020-04-14	180.59	185.78	178.06	184.62	322800
2020-04-15	169.84	176.48	169.43	174.81	258200
2020-04-16	166.39	170.00	165.10	168.84	378300
2020-04-17	174.57	175.97	170.79	171.99	498100
2020-04-20	169.39	173.45	167.36	171.22	293500
2020-04-21	159.68	166.37	158.70	164.37	489700
2020-04-22	159.48	164.21	156.84	162.98	547300
2020-04-23	157.45	161.44	157.21	160.77	340000
2020-04-24	151.87	158.29	150.75	158.29	512800
2020-04-27	156.23	157.11	151.84	151.84	432600
2020-04-28	159.72	163.08	157.14	160.07	348200
2020-04-29	163.99	166.14	161.46	164.25	238900
2020-04-30	153.93	161.09	153.87	161.09	285600
2020-05-01	146.71	150.63	146.00	150.63	322800
2020-05-04	144.76	145.74	142.01	144.77	312100
2020-05-05	149.11	152.81	145.23	146.27	748200
2020-05-06	146.23	150.36	145.44	150.36	360600
2020-05-07	154.55	158.36	147.38	148.06	618700
2020-05-08	157.19	158.31	153.52	157.39	312100
2020-05-11	159.14	159.76	152.75	155.59	473000
2020-05-12	152.93	159.75	152.92	158.91	375700
2020-05-13	146.01	151.37	144.77	151.37	491100
2020-05-14	143.78	145.81	139.87	143.04	470700
2020-05-15	150.20	150.98	139.90	142.17	1087600
2020-05-18	160.36	161.51	155.50	156.14	741700
2020-05-19	165.69	168.15	159.47	160.32	675000
2020-05-20	177.13	178.72	167.43	167.86	760300
2020-05-21	183.16	183.49	176.13	176.31	571100
2020-05-22	182.87	183.22	178.71	182.49	376000
2020-05-26	182.14	191.25	181.72	191.25	540000
2020-05-27	181.91	188.40	178.44	188.40	637400
2020-05-28	183.21	185.66	181.09	184.18	342400
2020-05-29	177.74	181.12	175.64	181.12	535400
2020-06-01	173.59	178.43	173.34	177.86	439700
2020-06-02	184.59	186.11	172.08	174.43	539100
2020-06-03	191.05	193.47	187.25	187.98	564600
2020-06-04	194.51	195.02	187.49	190.71	533400
2020-06-05	202.59	206.20	198.20	205.65	455200
2020-06-08	207.00	207.17	202.37	204.58	342200
2020-06-09	203.77	205.55	201.00	202.54	346500
2020-06-10	198.60	203.06	197.50	201.81	426800
2020-06-11	189.02	195.76	187.46	190.40	658600
2020-06-12	192.56	196.91	187.51	196.89	477400
2020-06-15	194.29	195.03	184.24	185.01	339800
2020-06-16	197.60	203.33	195.78	203.33	429400
2020-06-17	193.43	198.19	193.43	197.12	430900
2020-06-18	193.05	195.97	188.87	191.71	429500
2020-06-19	193.26	197.34	190.28	197.34	682900
2020-06-22	191.15	193.24	188.60	190.75	332300
2020-06-23	190.82	195.03	189.28	194.20	418100
2020-06-24	184.54	189.56	183.32	189.56	647500
2020-06-25	185.68	186.20	181.59	184.31	484300
2020-06-26	179.95	184.68	177.99	183.54	621300
2020-06-29	181.43	184.61	179.66	182.38	328200
2020-06-30	184.72	185.52	181.09	181.11	336600
2020-07-01	182.65	186.24	182.58	185.11	266200
2020-07-02	180.02	186.51	179.56	186.43	258100
2020-07-06	184.53	186.80	182.85	184.61	302600
2020-07-07	182.50	183.93	181.38	183.61	405100
2020-07-08	183.12	184.42	180.31	182.29	317900
2020-07-09	177.43	182.86	175.31	182.86	285900
2020-07-10	185.25	185.46	176.81	177.33	326400
2020-07-13	186.05	189.09	182.29	186.25	328000
2020-07-14	189.42	189.80	185.62	185.98	209200
2020-07-15	195.55	196.46	191.27	193.23	240300
2020-07-16	199.86	202.92	193.88	194.86	305200
2020-07-17	199.43	200.51	196.43	200.51	203100
2020-07-20	196.95	199.05	195.37	198.88	173700
2020-07-21	197.60	199.81	196.29	196.29	272300
2020-07-22	200.50	200.87	196.96	196.96	206500
2020-07-23	199.83	201.52	198.35	199.42	192900
2020-07-24	200.68	207.32	198.03	207.32	294900
2020-07-27	197.80	200.19	195.88	199.75	214800
2020-07-28	193.79	197.91	193.61	197.52	229100
2020-07-29	197.03	197.54	194.51	195.01	176700
2020-07-30	193.58	195.91	191.82	193.40	180500
2020-07-31	196.00	196.17	192.34	193.89	240100
2020-08-03	197.94	199.84	195.61	196.22	326900
2020-08-04	194.54	199.03	194.27	199.03	276600
2020-08-05	196.30	199.58	195.40	197.38	368700
2020-08-06	200.36	203.16	193.97	195.75	439100
2020-08-07	208.01	208.33	198.42	198.42	318600
2020-08-10	207.73	210.52	207.14	207.72	210100
2020-08-11	204.49	212.35	204.25	211.46	252100
2020-08-12	204.00	208.15	203.61	207.61	140500
2020-08-13	201.80	204.11	201.44	202.86	176600
2020-08-14	201.81	204.69	200.20	200.84	237300
2020-08-17	198.81	202.24	198.67	201.56	207500
2020-08-18	197.73	199.66	197.34	198.65	231800
2020-08-19	194.68	198.68	194.21	197.77	234500
2020-08-20	193.82	194.40	191.62	192.10	211900
2020-08-21	191.54	194.65	191.00	193.73	388100
2020-08-24	195.86	196.21	191.26	191.52	140400
2020-08-25	196.05	198.73	195.83	198.20	216100
2020-08-26	194.37	195.60	193.42	195.33	181300
2020-08-27	198.77	202.21	194.26	194.26	211600
2020-08-28	198.58	200.95	196.35	200.95	190700
2020-08-31	197.16	198.59	195.21	197.98	288200
2020-09-01	196.56	197.53	195.06	195.79	184500
2020-09-02	196.60	197.85	193.92	195.19	294900
2020-09-03	194.87	201.18	193.49	198.47	198800
2020-09-04	194.47	198.83	193.05	198.12	202400
2020-09-08	190.86	193.86	188.10	193.86	268200
2020-09-09	192.70	195.77	190.96	192.58	265200
2020-09-10	187.29	194.14	187.17	193.69	205800
2020-09-11	186.16	188.59	185.83	187.49	241000
2020-09-14	189.19	191.19	186.98	187.29	238900
2020-09-15	185.96	190.56	185.30	189.56	172500
2020-09-16	186.10	189.80	185.32	186.66	232200
2020-09-17	184.91	186.63	182.60	184.41	245500
2020-09-18	181.66	186.34	180.83	184.27	366700
2020-09-21	182.52	182.69	176.82	177.48	516100
2020-09-22	180.54	186.52	179.68	182.20	272300
2020-09-23	177.82	181.98	176.77	180.62	240400
2020-09-24	180.14	181.75	175.74	177.46	285400
2020-09-25	179.21	180.00	176.84	177.80	196400
2020-09-28	181.88	184.41	181.35	182.03	149100
2020-09-29	180.24	182.20	178.01	180.74	185600
2020-09-30	178.22	182.02	175.51	181.35	473700
2020-10-01	177.67	181.14	175.70	178.26	346700
2020-10-02	179.23	180.36	174.15	176.20	217500
2020-10-05	184.03	184.15	180.63	181.05	262200
2020-10-06	180.28	186.29	179.72	186.24	184400
2020-10-07	178.93	181.99	175.81	180.84	290000
2020-10-08	184.13	184.94	179.50	179.50	222100
2020-10-09	184.90	186.38	183.34	186.05	190500
2020-10-12	185.58	187.18	184.35	185.11	157300
2020-10-13	182.70	185.10	180.33	183.97	290600
2020-10-14	182.57	185.57	179.24	180.85	405100
2020-10-15	182.06	182.50	179.47	180.15	150700
2020-10-16	181.16	183.60	180.48	181.84	109700
2020-10-19	177.99	182.11	177.96	181.07	133300
2020-10-20	180.29	181.97	179.12	180.16	212900
2020-10-21	185.37	185.85	179.22	181.31	298100
2020-10-22	186.79	187.44	184.66	185.64	263200
2020-10-23	193.09	193.47	187.66	189.01	313700
2020-10-26	188.66	191.98	186.92	191.42	328200
2020-10-27	182.33	188.42	182.04	188.42	294000
2020-10-28	177.01	181.80	177.01	179.78	293700
2020-10-29	182.34	183.50	174.75	176.32	351000
2020-10-30	177.80	186.04	174.68	184.51	675900
2020-11-02	186.75	186.92	177.68	179.71	365400
2020-11-03	194.55	197.08	189.37	190.21	472400
2020-11-04	190.94	196.54	187.87	189.79	357200
2020-11-05	191.11	195.47	189.32	192.49	251800
2020-11-06	190.07	192.04	187.68	192.04	271300
2020-11-09	209.03	212.05	202.32	205.23	621000
2020-11-10	216.71	217.74	209.08	209.93	398100
2020-11-11	212.04	217.00	210.53	216.80	236200
2020-11-12	207.78	210.85	205.24	210.09	280600
2020-11-13	209.59	212.01	208.49	209.54	241600
2020-11-16	215.44	216.27	211.02	214.93	284100
2020-11-17	215.07	215.39	210.91	212.34	181700
2020-11-18	212.13	217.50	212.12	216.02	205700
2020-11-19	210.96	211.73	205.20	210.40	268600
2020-11-20	208.50	211.13	206.49	211.13	218400
2020-11-23	210.87	211.65	208.50	210.39	188900
2020-11-24	217.92	218.95	211.84	214.69	334400
2020-11-25	214.26	216.91	212.04	216.91	236200
2020-11-27	210.62	213.46	209.82	213.42	138500
2020-11-30	205.10	210.25	203.47	208.58	1072000
2020-12-01	209.57	212.38	207.90	209.92	271300
2020-12-02	211.10	211.41	207.70	208.65	210600
2020-12-03	211.26	212.64	210.10	210.64	202400
2020-12-04	213.14	214.46	211.78	211.78	263500
2020-12-07	209.22	211.19	208.22	211.14	230400
2020-12-08	213.24	213.74	209.47	211.55	293500
2020-12-09	214.38	215.06	210.61	213.96	251300
2020-12-10	214.22	215.35	211.95	212.69	229500
2020-12-11	210.40	215.46	210.38	212.15	196300
2020-12-14	208.66	213.83	208.16	212.64	247200
2020-12-15	211.90	212.66	207.82	209.58	201600
2020-12-16	211.99	214.28	210.97	212.32	242700
2020-12-17	213.62	214.34	211.51	212.13	291100
2020-12-18	211.23	215.19	209.51	213.62	466000
2020-12-21	208.15	210.75	203.95	210.75	220300
2020-12-22	207.24	209.16	206.66	207.51	173800
2020-12-23	208.52	211.27	208.00	208.63	133100
2020-12-24	208.18	208.86	205.51	208.50	77800
2020-12-28	209.64	211.44	208.75	209.58	172100
2020-12-29	208.32	210.78	207.02	210.78	127600
2020-12-30	209.26	209.84	207.62	208.79	128600
2020-12-31	212.64	212.93	207.72	209.58	118600
2021-01-04	207.21	214.30	206.00	213.47	165100
2021-01-05	205.50	208.64	204.91	207.19	158600
2021-01-06	217.69	218.48	208.44	208.59	309900
2021-01-07	219.25	219.66	216.42	219.14	259400
2021-01-08	217.08	219.70	214.39	219.19	209700
2021-01-11	215.52	217.76	214.31	216.19	215400
2021-01-12	217.49	219.74	216.32	216.74	163400
2021-01-13	216.41	219.57	215.22	216.82	162900
2021-01-14	213.65	217.71	212.68	217.71	197900
2021-01-15	210.02	213.53	209.47	211.95	268500
2021-01-19	211.42	212.63	208.68	209.53	235900
2021-01-20	214.91	215.33	210.06	210.44	179300
2021-01-21	210.56	216.14	210.52	214.82	178400
2021-01-22	207.95	208.99	204.75	208.67	229600
2021-01-25	207.34	211.09	205.41	206.45	186500
2021-01-26	206.36	210.21	205.11	207.32	266900
2021-01-27	198.87	203.90	198.49	203.51	308600
2021-01-28	197.21	200.59	196.64	200.59	290800
2021-01-29	191.74	195.95	190.43	195.95	316800
2021-02-01	192.12	193.64	190.49	193.39	254900
2021-02-02	194.50	197.32	192.28	194.24	294200
2021-02-03	194.65	195.98	192.19	193.48	177100
2021-02-04	200.69	201.73	193.14	196.07	272200
2021-02-05	199.30	203.23	198.86	201.76	201400
2021-02-08	204.56	204.77	199.16	199.84	236800
2021-02-09	211.69	218.38	207.29	207.29	430500
2021-02-10	213.19	214.73	210.02	212.32	238100
2021-02-11	222.51	222.58	213.59	214.07	365500
2021-02-12	221.23	224.94	218.60	221.28	305100
2021-02-16	218.41	222.35	217.03	222.35	260600
2021-02-17	220.48	221.70	217.60	219.12	177400
2021-02-18	218.83	221.01	218.08	218.57	158100
2021-02-19	217.38	220.13	215.82	220.13	351400
2021-02-22	219.66	221.00	215.53	216.47	298500
2021-02-23	218.00	223.07	217.02	220.71	299000
2021-02-24	222.30	225.33	218.77	218.92	207100
2021-02-25	217.08	223.61	216.19	223.61	221700
2021-02-26	219.66	221.52	214.91	216.98	391200
2021-03-01	220.41	224.20	218.47	222.20	205100
2021-03-02	219.76	222.13	218.72	220.08	186400
2021-03-03	220.04	222.50	218.09	218.09	271600
2021-03-04	217.72	223.43	216.52	218.98	222700
2021-03-05	224.28	225.69	218.38	220.17	219400
2021-03-08	228.04	230.73	224.82	225.43	240100
2021-03-09	224.51	229.69	223.19	226.14	320600
2021-03-10	227.30	229.60	223.66	224.07	206300
2021-03-11	226.57	227.81	223.87	225.49	192800
2021-03-12	229.66	230.89	227.73	228.85	216800
2021-03-15	232.52	233.09	227.43	228.70	206700
2021-03-16	231.56	231.95	228.38	229.51	184800
2021-03-17	229.65	233.60	227.27	233.60	225400
2021-03-18	230.26	234.02	229.04	231.87	209900
2021-03-19	224.67	230.08	224.52	230.08	450800
2021-03-22	222.89	224.03	220.97	223.24	242500
2021-03-23	220.58	223.13	220.06	221.85	282700
2021-03-24	222.04	224.99	221.88	224.37	378700
2021-03-25	226.52	227.44	221.17	222.27	314000
2021-03-26	228.62	228.82	226.67	228.48	178000
2021-03-29	232.22	233.81	229.13	229.78	458200
2021-03-30	232.40	234.81	231.62	232.84	288700
2021-03-31	226.48	232.45	226.31	232.35	281700
2021-04-01	229.50	229.98	224.46	224.99	235400
2021-04-05	229.40	231.58	228.22	231.09	341600
2021-04-06	231.75	232.88	228.76	228.76	262300
2021-04-07	233.74	234.11	230.67	231.75	256200
2021-04-08	231.50	232.68	229.98	232.18	266600
2021-04-09	232.84	233.23	230.93	232.55	185100
2021-04-12	233.03	233.22	229.64	232.57	262600
2021-04-13	234.03	234.54	230.10	232.79	241600
2021-04-14	237.12	238.03	233.86	234.19	244900
2021-04-15	240.18	240.61	237.03	237.45	208900
2021-04-16	239.54	242.02	238.81	241.53	228000
2021-04-19	241.28	241.54	238.68	240.91	162000
2021-04-20	239.84	242.19	238.61	240.74	327400
2021-04-21	244.60	244.75	239.84	239.84	189200
2021-04-22	241.74	243.73	241.12	243.38	220000
2021-04-23	243.85	245.58	242.09	242.44	169300
2021-04-26	243.10	246.06	242.72	244.12	226900
2021-04-27	244.06	245.28	242.65	244.01	188900
2021-04-28	243.21	246.15	242.49	246.15	311500
2021-04-29	249.00	249.25	241.98	243.41	655100
2021-04-30	253.11	254.93	248.13	249.55	462600
2021-05-03	248.65	257.06	248.37	255.16	393800
2021-05-04	249.88	253.60	248.10	248.75	441100
2021-05-05	249.60	251.31	243.84	249.60	300200
2021-05-06	249.79	251.28	246.86	251.13	276300
2021-05-07	249.59	250.41	246.35	246.92	296800
2021-05-10	249.33	252.06	249.21	250.62	332400
2021-05-11	242.71	248.46	241.92	248.22	319900
2021-05-12	239.85	244.63	239.47	244.10	307500
2021-05-13	247.64	248.69	238.60	238.60	222700
2021-05-14	248.07	248.91	245.85	247.44	191700
2021-05-17	248.69	249.70	244.03	247.80	335900
2021-05-18	248.14	248.87	244.25	247.20	400500
2021-05-19	246.03	247.50	243.58	247.05	324300
2021-05-20	245.32	246.92	243.74	246.48	252400
2021-05-21	241.54	247.45	241.07	245.50	276800
2021-05-24	240.88	242.95	239.89	242.60	388200
2021-05-25	233.91	240.66	232.96	240.66	592600
2021-05-26	234.15	235.90	233.21	234.36	495900
2021-05-27	238.96	239.01	234.35	235.89	1750000
2021-05-28	238.99	240.48	236.30	240.48	357000
2021-06-01	238.84	241.85	237.97	241.24	463100
2021-06-02	236.35	238.56	235.84	238.56	332300
2021-06-03	236.27	237.68	233.98	235.52	325200
2021-06-04	238.45	238.89	234.68	236.06	227200
2021-06-07	236.99	238.52	235.63	238.27	327800
2021-06-08	238.26	238.77	234.85	236.47	304100
2021-06-09	236.87	238.12	236.37	236.87	237400
2021-06-10	234.32	238.46	234.19	238.05	237500
2021-06-11	233.36	235.51	232.89	234.23	276200
2021-06-14	233.54	233.65	231.67	233.31	207600
2021-06-15	235.88	237.64	232.44	233.87	216400
2021-06-16	233.68	236.59	233.62	235.30	191400
2021-06-17	225.72	234.59	225.64	234.36	310000
2021-06-18	217.15	221.74	217.08	219.99	606000
2021-06-21	223.93	224.27	218.68	218.68	327700
2021-06-22	224.72	225.29	222.21	223.87	301900
2021-06-23	225.95	226.86	223.58	224.62	407500
2021-06-24	232.23	233.16	226.94	227.51	327500
2021-06-25	235.57	236.05	232.01	233.19	512600
2021-06-28	231.26	235.13	230.32	235.13	235800
2021-06-29	232.59	233.44	231.11	232.41	361700
2021-06-30	231.68	232.62	230.29	231.65	226000
2021-07-01	236.10	236.38	231.04	232.55	291800
2021-07-02	231.99	235.13	230.83	234.68	311100
2021-07-06	228.34	230.83	227.29	230.83	668700
2021-07-07	230.73	231.70	226.83	226.83	528400
2021-07-08	223.39	227.08	222.89	227.08	240900
2021-07-09	227.86	227.95	225.56	226.94	282300
2021-07-12	228.82	229.57	225.34	226.30	174900
2021-07-13	224.93	228.47	224.93	228.28	155300
2021-07-14	225.43	227.05	224.10	225.24	175000
2021-07-15	226.50	226.70	222.88	223.10	222700
2021-07-16	226.87	227.49	225.20	227.41	140200
2021-07-19	217.59	223.98	215.92	222.85	253900
2021-07-20	221.79	223.85	217.94	218.06	285800
2021-07-21	224.80	227.00	223.75	223.75	221900
2021-07-22	223.14	224.71	222.54	224.06	169200
2021-07-23	223.20	225.35	222.31	224.74	152900
2021-07-26	223.94	224.79	221.79	222.73	234700
2021-07-27	225.26	226.26	221.08	222.12	253200
2021-07-28	223.76	227.88	221.17	224.95	279600
2021-07-29	227.61	228.85	225.45	227.70	373500
2021-07-30	232.43	233.27	225.96	227.08	346400
2021-08-02	234.21	238.29	233.37	233.94	370300
2021-08-03	238.85	239.77	231.66	235.46	476900
2021-08-04	237.36	239.62	236.34	237.57	335700
2021-08-05	238.27	241.08	236.42	239.28	273300
2021-08-06	241.48	241.71	239.63	240.84	165800
2021-08-09	241.55	243.05	239.99	241.47	273800
2021-08-10	242.97	243.24	240.86	241.22	239100
2021-08-11	247.12	247.21	242.60	243.21	172400
2021-08-12	249.52	249.55	247.14	248.22	167000
2021-08-13	250.90	252.50	248.98	250.26	229100
2021-08-16	249.76	251.56	247.99	249.97	267800
2021-08-17	251.60	253.61	248.50	248.50	222000
2021-08-18	249.67	253.73	249.27	250.31	210000
2021-08-19	249.53	251.16	246.83	248.10	180500
2021-08-20	250.00	250.87	247.48	248.90	197800
2021-08-23	250.82	253.07	250.67	251.08	139200
2021-08-24	251.64	252.98	250.39	251.53	169400
2021-08-25	252.14	253.62	250.48	251.76	198600
2021-08-26	246.28	253.46	246.23	252.13	243900
2021-08-27	247.70	248.84	243.98	246.32	203500
2021-08-30	243.18	247.58	242.92	247.58	194700
2021-08-31	244.92	247.14	242.78	242.90	305500
2021-09-01	241.55	245.16	241.26	244.78	266700
2021-09-02	239.59	241.68	238.73	241.68	402700
2021-09-03	237.28	241.09	236.53	239.31	340600
2021-09-07	233.16	236.52	232.98	236.52	405200
2021-09-08	243.56	244.44	233.17	234.09	562000
2021-09-09	240.47	247.51	239.98	243.64	233200
2021-09-10	236.08	242.18	236.08	242.18	286900
2021-09-13	237.75	238.96	236.34	238.19	170700
2021-09-14	234.76	239.23	232.52	239.23	193600
2021-09-15	234.28	235.68	233.29	234.66	188700
2021-09-16	233.29	235.54	232.86	235.22	199900
2021-09-17	236.56	237.16	232.49	232.49	517500
2021-09-20	234.22	235.09	231.30	233.13	270200
2021-09-21	233.83	236.82	232.31	236.14	190100
2021-09-22	234.27	235.94	232.96	235.86	212300
2021-09-23	235.97	238.78	235.27	235.27	209500
2021-09-24	236.45	237.22	234.17	235.69	153200
2021-09-27	239.36	241.33	238.02	238.34	241200
2021-09-28	235.20	241.16	234.44	240.17	184500
2021-09-29	233.96	236.54	233.70	234.82	163500
2021-09-30	231.87	238.71	231.84	234.08	272900
2021-10-01	233.02	234.58	229.88	232.68	224000
2021-10-04	231.52	236.20	230.95	233.25	179000
2021-10-05	236.48	237.40	231.49	231.49	240300
2021-10-06	241.18	241.34	235.04	235.42	198500
2021-10-07	246.00	247.33	243.79	243.79	208100
2021-10-08	248.34	249.86	246.11	247.12	170800
2021-10-11	245.42	251.49	245.32	248.56	156900
2021-10-12	245.74	248.34	243.63	244.51	127000
2021-10-13	246.11	246.60	241.18	244.88	231000
2021-10-14	256.91	258.15	248.15	248.63	348000
2021-10-15	257.46	260.24	256.28	258.80	227200
2021-10-18	255.51	259.89	255.28	256.39	229600
2021-10-19	255.78	259.32	254.99	257.85	174600
2021-10-20	257.97	259.35	254.12	254.86	162400
2021-10-21	258.49	259.42	256.40	257.58	142100
2021-10-22	259.73	260.62	256.99	259.87	152100
2021-10-25	261.32	261.84	257.60	259.04	141200
2021-10-26	265.00	267.72	260.43	262.82	275300
2021-10-27	259.05	267.83	258.36	265.23	415300
2021-10-28	247.23	255.45	243.36	254.26	531600
2021-10-29	241.78	247.01	241.62	246.35	406500
2021-11-01	245.40	247.37	243.02	244.01	302400
2021-11-02	253.16	258.10	246.59	246.59	399600
2021-11-03	253.31	253.71	250.49	251.54	173500
2021-11-04	248.54	252.56	246.34	252.56	186200
2021-11-05	252.92	253.46	250.33	251.33	159700
2021-11-08	253.05	254.90	251.91	254.90	127200
2021-11-09	251.89	252.52	250.68	251.67	110800
2021-11-10	249.93	253.07	249.51	252.65	124400
2021-11-11	252.24	252.32	247.58	249.54	282700
2021-11-12	253.47	254.49	250.58	252.67	195700
2021-11-15	254.72	255.45	252.98	254.07	100200
2021-11-16	257.53	259.20	254.14	255.38	199700
2021-11-17	257.15	257.61	253.34	256.64	216600
2021-11-18	253.71	258.61	251.51	256.50	161300
2021-11-19	246.97	253.47	246.72	253.47	333900
2021-11-22	253.22	256.66	246.76	247.52	200000
2021-11-23	258.41	258.86	254.51	254.84	191800
2021-11-24	256.94	258.82	255.50	258.17	134700
2021-11-26	248.16	250.90	244.39	247.62	139800
2021-11-29	244.43	251.69	244.29	251.69	267200
2021-11-30	238.44	241.86	238.09	241.36	524900
2021-12-01	238.93	245.65	238.77	242.12	374600
2021-12-02	245.37	247.46	239.87	240.62	302800
2021-12-03	244.11	246.11	240.82	245.16	312900
2021-12-06	248.29	250.23	246.34	247.64	176700
2021-12-07	251.94	254.06	248.80	248.82	239400
2021-12-08	254.67	255.88	250.59	252.18	293200
2021-12-09	252.22	255.26	251.70	253.20	217400
2021-12-10	251.08	254.21	250.58	253.34	152700
2021-12-13	248.77	251.67	246.92	250.24	167600
2021-12-14	250.84	252.99	246.91	249.27	151200
2021-12-15	251.00	255.14	249.68	252.13	170500
2021-12-16	251.63	255.06	250.01	253.50	244400
2021-12-17	248.25	255.66	247.99	254.58	608000
2021-12-20	243.36	246.22	241.44	245.58	318800
2021-12-21	246.31	250.37	245.03	245.06	223700
2021-12-22	244.66	247.44	243.73	245.45	311600
2021-12-23	248.34	248.81	245.66	246.65	124200
2021-12-27	252.24	252.72	247.56	249.55	110600
2021-12-28	255.04	255.66	252.54	252.54	129700
2021-12-29	256.88	257.88	254.94	255.03	130100
2021-12-30	255.02	259.57	254.90	257.47	82600
2021-12-31	254.76	256.61	254.06	254.57	151400
2022-01-03	253.70	257.06	251.59	255.43	188200
2022-01-04	253.78	258.23	253.63	256.72	200400
2022-01-05	250.41	256.35	250.41	255.44	222400
2022-01-06	255.12	258.22	253.22	255.75	213900
2022-01-07	259.64	260.56	255.14	256.28	161800
2022-01-10	260.60	262.23	258.73	261.77	240300
2022-01-11	265.66	265.82	258.29	262.27	207200
2022-01-12	263.22	267.45	261.40	265.97	140000
2022-01-13	264.69	267.92	262.94	264.48	132500
2022-01-14	269.99	270.15	262.27	263.46	211900
2022-01-18	270.55	273.10	268.74	268.78	310600
2022-01-19	267.24	273.19	266.85	271.73	192800
2022-01-20	267.01	274.13	266.63	267.75	276200
2022-01-21	264.16	267.90	263.36	267.14	217700
2022-01-24	264.23	265.43	254.36	262.39	319700
2022-01-25	265.33	267.16	255.55	261.90	221000
2022-01-26	262.05	270.01	259.39	266.05	277000
2022-01-27	258.49	269.64	257.31	264.15	372900
2022-01-28	261.11	261.28	255.08	259.12	297800
2022-01-31	263.57	263.91	256.04	258.08	377000
2022-02-01	264.62	264.99	259.36	261.81	253500
2022-02-02	269.91	270.30	263.33	263.33	217000
2022-02-03	265.28	271.82	265.12	270.71	221800
2022-02-04	265.98	268.09	261.20	264.91	291300
2022-02-07	266.70	268.37	264.55	266.81	194900
2022-02-08	270.05	271.33	265.92	268.45	278300
2022-02-09	268.89	273.41	268.01	270.84	344800
2022-02-10	271.05	275.84	267.99	267.99	522800
2022-02-11	274.30	276.09	269.85	271.79	347100
2022-02-14	272.61	275.35	269.24	275.09	314100
2022-02-15	279.60	280.12	272.83	274.09	259900
2022-02-16	281.87	284.98	278.35	278.95	634800
2022-02-17	281.58	281.88	274.03	280.78	352600
2022-02-18	283.12	286.23	280.75	280.75	265500
2022-02-22	279.42	285.08	276.97	284.15	306100
2022-02-23	279.08	282.73	278.15	281.47	309400
2022-02-24	271.11	273.10	262.49	273.10	508800
2022-02-25	281.17	281.76	272.41	272.41	281300
2022-02-28	277.35	278.10	273.37	273.69	315800
2022-03-01	264.21	276.56	262.17	274.64	371200
2022-03-02	272.19	274.52	265.58	265.87	264000
2022-03-03	268.88	273.13	267.85	271.55	260300
2022-03-04	262.65	264.06	259.94	263.07	372300
2022-03-07	248.64	260.05	248.50	259.25	393500
2022-03-08	248.65	254.27	244.66	251.28	265800
2022-03-09	256.21	258.69	254.09	255.76	343800
2022-03-10	254.63	255.40	251.57	252.61	269200
2022-03-11	252.42	258.13	252.22	256.60	282200
2022-03-14	252.98	258.22	252.29	257.48	331100
2022-03-15	260.74	261.11	254.05	255.50	291000
2022-03-16	265.08	266.57	260.02	264.16	285500
2022-03-17	266.75	266.76	260.97	262.59	212900
2022-03-18	268.13	268.35	261.64	264.74	479500
2022-03-21	268.36	275.56	266.04	272.38	392800
2022-03-22	273.40	276.07	268.48	269.40	224300
2022-03-23	272.98	276.04	272.21	273.13	267700
2022-03-24	275.93	277.27	273.34	274.07	200600
2022-03-25	279.68	280.07	275.59	275.62	157400
2022-03-28	278.52	279.58	276.11	279.58	128700
2022-03-29	283.02	283.46	279.29	280.80	197300
2022-03-30	285.02	286.99	282.77	284.25	214600
2022-03-31	281.90	288.28	281.90	285.39	290800
2022-04-01	287.25	287.82	283.62	283.65	258400
2022-04-04	278.07	286.62	276.53	286.62	267500
2022-04-05	279.56	281.35	276.14	278.07	302500
2022-04-06	278.31	282.50	277.61	278.09	206700
2022-04-07	277.37	279.11	273.83	277.74	171800
2022-04-08	278.57	280.96	276.22	278.08	168500
2022-04-11	277.77	283.38	277.33	280.21	227200
2022-04-12	271.18	280.31	269.98	278.03	302900
2022-04-13	272.91	273.22	268.96	269.88	137200
2022-04-14	271.79	274.97	271.38	272.92	190100
2022-04-18	271.32	273.01	269.20	270.64	116000
2022-04-19	272.31	272.63	268.72	272.63	215800
2022-04-20	278.21	278.85	273.04	273.97	225700
2022-04-21	274.12	282.48	273.79	280.38	183500
2022-04-22	267.68	273.77	267.61	273.57	190100
2022-04-25	265.87	267.00	256.90	266.57	272700
2022-04-26	260.51	265.94	260.50	263.57	222400
2022-04-27	266.39	268.54	260.50	260.51	403900
2022-04-28	264.39	272.15	256.81	272.15	417100
2022-04-29	256.95	264.61	256.30	262.62	279000
2022-05-02	259.50	261.59	254.87	259.55	269600
2022-05-03	261.46	264.62	259.87	261.05	172000
2022-05-04	267.70	268.59	259.99	262.36	248100
2022-05-05	265.77	268.29	262.46	265.39	208800
2022-05-06	268.75	270.23	265.09	266.48	270300
2022-05-09	262.43	268.30	261.69	266.51	266600
2022-05-10	261.24	266.83	258.81	264.23	246100
2022-05-11	260.56	265.70	259.91	261.91	199900
2022-05-12	256.28	260.22	255.72	260.22	438200
2022-05-13	261.92	262.16	257.68	257.68	278400
2022-05-16	264.13	265.72	260.82	261.09	140300
2022-05-17	270.82	271.02	266.31	267.03	145200
2022-05-18	262.27	268.95	261.67	268.90	237900
2022-05-19	258.48	261.98	253.84	259.71	255600
2022-05-20	253.08	260.02	249.28	259.54	246900
2022-05-23	256.68	258.86	254.77	257.16	271700
2022-05-24	257.78	259.16	251.15	256.46	233000
2022-05-25	258.24	259.53	254.97	256.65	266900
2022-05-26	262.74	263.96	258.33	260.93	213200
2022-05-27	267.99	268.11	262.70	263.02	144500
2022-05-31	265.84	267.92	263.63	266.00	258100
2022-06-01	262.09	267.31	259.16	265.55	157400
2022-06-02	265.02	265.25	258.55	262.91	124800
2022-06-03	263.76	264.36	261.68	263.47	166300
2022-06-06	268.56	270.52	263.74	266.23	173100
2022-06-07	271.21	271.35	266.96	267.45	121300
2022-06-08	265.17	270.07	264.81	269.70	148200
2022-06-09	261.54	266.37	261.48	265.49	130400
2022-06-10	261.70	265.15	254.41	257.07	444500
2022-06-13	253.77	259.64	252.24	257.04	316600
2022-06-14	256.59	259.34	254.88	255.05	221000
2022-06-15	259.03	262.94	255.67	260.50	307000
2022-06-16	249.37	255.91	248.06	254.50	282500
2022-06-17	253.25	254.70	249.25	251.22	597700
2022-06-21	254.91	257.77	254.23	257.54	222700
2022-06-22	255.56	257.02	251.68	251.68	149300
2022-06-23	256.17	258.86	252.88	255.95	267900
2022-06-24	266.49	266.93	257.78	257.78	323800
2022-06-27	266.34	267.26	264.83	266.63	185200
2022-06-28	263.89	271.32	263.76	268.19	179100
2022-06-29	262.11	265.39	261.70	265.39	165800
2022-06-30	263.75	266.20	258.73	260.09	243500
2022-07-01	267.04	268.25	262.23	262.51	140700
2022-07-05	261.06	263.26	256.01	263.16	165300
2022-07-06	264.90	267.01	258.01	261.43	184600
2022-07-07	268.82	271.01	266.25	266.25	437300
2022-07-08	264.16	268.93	263.99	268.93	230500
2022-07-11	263.35	267.47	262.21	262.21	133000
2022-07-12	260.52	264.56	259.82	262.86	215100
2022-07-13	260.60	262.25	258.28	258.28	315800
2022-07-14	247.62	254.87	247.43	254.87	270100
2022-07-15	247.66	250.61	246.76	250.39	230000
2022-07-18	246.20	252.34	245.14	249.41	282200
2022-07-19	254.06	254.61	247.79	249.72	188400
2022-07-20	253.65	255.04	251.74	254.04	220300
2022-07-21	254.30	254.41	249.70	253.77	154600
2022-07-22	255.90	256.33	253.09	254.96	200600
2022-07-25	257.66	259.97	256.17	256.94	137200
2022-07-26	255.79	258.24	254.39	257.28	189700
2022-07-27	255.13	257.67	252.18	254.88	222300
2022-07-28	243.03	247.56	234.75	247.55	830700
2022-07-29	245.94	246.33	241.30	243.09	417800
2022-08-01	237.48	244.56	236.91	244.19	472300
2022-08-02	234.58	238.42	234.40	238.30	277900
2022-08-03	238.29	239.12	234.26	235.59	261000
2022-08-04	236.96	239.20	236.89	237.27	212000
2022-08-05	240.58	241.22	237.82	238.31	161100
2022-08-08	242.60	243.84	241.01	242.16	157100
2022-08-09	245.44	247.20	244.41	244.42	201200
2022-08-10	248.72	250.09	247.71	248.25	212100
2022-08-11	255.22	255.79	251.06	251.06	218900
2022-08-12	259.30	259.63	256.06	256.37	146300
2022-08-15	258.91	259.65	256.85	256.85	128400
2022-08-16	260.95	262.34	258.66	259.37	201600
2022-08-17	261.76	262.80	257.55	257.75	155400
2022-08-18	265.55	265.66	262.75	262.97	142900
2022-08-19	264.90	267.24	264.21	265.54	240800
2022-08-22	258.46	263.01	258.15	261.98	211800
2022-08-23	258.14	259.94	257.49	258.20	125200
2022-08-24	259.12	259.35	256.27	257.38	138000
2022-08-25	262.08	262.66	258.86	259.80	164500
2022-08-26	258.38	262.70	258.24	262.70	123900
2022-08-29	257.63	260.27	253.08	254.34	171100
2022-08-30	255.14	258.00	254.54	258.00	111500
2022-08-31	254.71	257.70	254.39	256.45	234500
2022-09-01	257.84	257.99	253.70	254.43	197100
2022-09-02	259.41	265.27	258.24	259.76	167800
2022-09-06	259.78	262.35	257.52	261.30	227500
2022-09-07	266.42	267.02	257.79	258.95	258400
2022-09-08	270.31	271.54	265.67	265.67	205800
2022-09-09	267.63	272.07	267.19	271.11	307700
2022-09-12	267.76	271.14	267.32	269.59	300600
2022-09-13	264.59	268.17	264.25	264.50	206800
2022-09-14	265.22	266.48	261.49	264.08	267900
2022-09-15	269.83	271.31	264.86	265.82	201300
2022-09-16	267.99	268.41	265.04	268.07	418400
2022-09-19	268.88	269.63	265.43	265.43	241900
2022-09-20	256.99	267.71	256.46	267.71	466600
2022-09-21	246.92	259.28	246.86	256.52	330700
2022-09-22	243.78	247.49	241.33	247.49	415100
2022-09-23	241.52	242.09	238.25	241.19	380100
2022-09-26	232.69	241.00	232.35	239.26	571600
2022-09-27	240.32	240.65	231.55	233.83	706300
2022-09-28	245.61	248.18	240.29	240.95	490800
2022-09-29	253.24	254.37	242.30	243.71	403200
2022-09-30	248.45	257.43	247.76	254.89	430100
2022-10-03	251.72	252.71	245.13	250.85	321000
2022-10-04	262.18	262.36	253.60	253.60	348200
2022-10-05	259.14	262.26	258.15	259.24	369900
2022-10-06	257.80	258.09	255.88	256.49	258200
2022-10-07	250.34	255.80	248.46	255.80	307900
2022-10-10	253.24	255.35	250.23	251.57	231200
2022-10-11	253.42	256.70	252.08	252.95	232400
2022-10-12	246.94	253.23	246.87	253.23	275100
2022-10-13	259.28	260.47	243.03	244.01	337600
2022-10-14	255.91	263.61	255.16	260.53	286700
2022-10-17	259.07	260.42	257.10	260.37	221600
2022-10-18	263.43	265.67	262.34	263.48	266200
2022-10-19	264.78	265.73	261.28	262.37	246200
2022-10-20	255.62	261.93	255.41	261.93	339800
2022-10-21	264.97	267.35	255.93	256.71	399000
2022-10-24	269.23	269.72	266.05	266.94	219800
2022-10-25	267.98	268.10	262.32	265.68	295900
2022-10-26	266.57	272.00	264.97	270.89	327700
2022-10-27	285.68	288.14	274.13	275.99	510100
2022-10-28	304.50	304.63	287.53	287.53	709800
2022-10-31	305.47	307.33	300.04	301.21	422700
2022-11-01	299.19	307.60	298.02	306.74	561400
2022-11-02	304.72	310.62	297.19	299.31	617900
2022-11-03	313.43	314.21	301.85	303.12	450300
2022-11-04	315.41	319.51	310.19	316.10	587400
2022-11-07	311.25	316.09	308.21	316.00	301600
2022-11-08	308.32	314.27	307.92	310.09	242600
2022-11-09	302.98	308.59	302.46	305.49	252400
2022-11-10	303.13	310.29	301.44	309.39	336800
2022-11-11	292.26	304.98	289.71	304.80	444200
2022-11-14	293.56	298.41	293.35	293.60	229900
2022-11-15	299.36	299.38	291.49	295.42	280100
2022-11-16	300.49	303.62	296.74	299.22	239800
2022-11-17	300.47	302.96	295.64	297.68	230000
2022-11-18	306.25	308.61	301.19	304.01	430000
2022-11-21	306.78	308.04	302.98	306.01	232900
2022-11-22	311.40	311.61	306.76	309.18	234800
2022-11-23	312.98	316.74	311.96	311.96	238100
2022-11-25	318.22	319.76	315.05	315.35	95300
2022-11-28	313.19	318.74	312.60	316.55	220000
2022-11-29	316.68	317.67	313.07	313.07	191900
2022-11-30	321.57	321.63	312.49	316.63	379200
2022-12-01	314.34	324.16	313.84	323.39	299300
2022-12-02	317.32	319.84	313.34	313.34	226600
2022-12-05	314.57	317.40	311.63	316.15	165900
2022-12-06	320.45	321.86	315.66	315.66	281100
2022-12-07	316.82	321.84	314.21	319.40	192800
2022-12-08	317.57	320.48	316.45	319.98	208900
2022-12-09	316.45	320.47	316.10	317.64	249200
2022-12-12	316.43	316.82	311.74	316.30	348300
2022-12-13	315.30	322.21	313.13	319.31	305300
2022-12-14	309.63	314.91	307.74	314.80	471500
2022-12-15	306.87	310.49	305.31	307.57	523600
2022-12-16	307.46	309.26	302.62	304.45	1190700
2022-12-19	306.76	310.62	304.31	307.52	219100
2022-12-20	311.17	313.43	308.91	308.91	239100
2022-12-21	318.99	319.16	311.97	313.28	227600
2022-12-22	316.68	319.89	312.82	317.86	261300
2022-12-23	318.69	319.82	314.17	316.46	158300
2022-12-27	319.80	321.98	318.29	319.08	135200
2022-12-28	317.77	322.27	317.71	320.77	137000
2022-12-29	318.64	320.41	316.82	320.41	121700
2022-12-30	315.22	318.25	313.02	316.44	151900
2023-01-03	317.23	321.19	313.81	314.76	248100
2023-01-04	324.57	324.84	319.00	319.00	287500
2023-01-05	325.57	327.72	321.68	324.29	301000
2023-01-06	334.38	335.03	327.60	328.24	381700
2023-01-09	335.60	339.51	331.41	333.61	372400
2023-01-10	341.56	341.86	335.23	337.13	279000
2023-01-11	335.68	344.15	334.67	342.13	305400
2023-01-12	332.67	338.24	332.33	335.67	297400
2023-01-13	335.81	338.24	330.63	330.89	362600
2023-01-17	329.88	337.07	328.85	336.02	322000
2023-01-18	328.74	331.45	327.20	331.09	185500
2023-01-19	327.80	329.72	325.69	327.63	246900
2023-01-20	321.93	329.16	319.72	329.16	310000
2023-01-23	322.49	324.69	320.36	323.46	156800
2023-01-24	326.86	327.12	318.16	320.67	222300
2023-01-25	333.84	335.06	325.88	326.22	194300
2023-01-26	339.75	340.44	333.55	334.61	186500
2023-01-27	333.99	341.71	332.74	339.41	151200
2023-01-30	330.11	336.16	329.87	333.97	138300
2023-01-31	332.75	333.29	327.55	331.08	161000
2023-02-01	339.07	341.98	329.29	330.90	322200
2023-02-02	324.89	337.99	322.58	337.99	445000
2023-02-03	325.80	325.96	319.37	324.57	242300
2023-02-06	329.04	329.43	324.55	325.81	244100
2023-02-07	337.93	338.92	325.56	327.45	310800
2023-02-08	339.79	344.47	332.85	336.30	406500
2023-02-09	360.13	375.86	354.68	366.16	729300
2023-02-10	361.10	361.31	353.33	360.80	311400
2023-02-13	363.49	367.41	362.54	362.54	195500
2023-02-14	361.27	365.18	360.87	363.92	201000
2023-02-15	365.84	365.96	358.48	360.64	248900
2023-02-16	361.93	366.87	361.26	364.16	241700
2023-02-17	368.01	369.27	361.71	361.71	307300
2023-02-21	363.24	367.76	361.92	367.30	260700
2023-02-22	361.38	365.74	360.06	362.48	207100
2023-02-23	362.31	366.10	361.62	361.62	259600
2023-02-24	367.46	368.05	359.70	361.41	239800
2023-02-27	362.66	368.88	361.49	368.26	199300
2023-02-28	365.37	367.49	363.50	363.79	274200
2023-03-01	371.91	374.34	364.70	364.70	343800
2023-03-02	364.81	372.35	363.29	370.39	331800
2023-03-03	364.23	365.02	361.79	364.26	196000
2023-03-06	362.86	366.27	361.61	363.90	337200
2023-03-07	364.65	367.59	361.40	363.72	168500
2023-03-08	363.60	366.11	359.88	366.11	239500
2023-03-09	350.32	362.09	349.52	361.36	354500
2023-03-10	339.61	349.35	337.49	348.85	566100
2023-03-13	329.37	334.54	322.71	332.32	565100
2023-03-14	341.29	344.95	333.90	335.42	439400
2023-03-15	323.48	333.87	317.02	332.60	520600
2023-03-16	338.65	343.19	321.48	321.98	371800
2023-03-17	319.45	336.60	317.71	336.60	779700
2023-03-20	332.55	335.60	321.46	322.96	373300
2023-03-21	338.17	343.50	336.65	339.66	198200
2023-03-22	330.64	338.56	330.54	337.62	329000
2023-03-23	326.74	332.02	323.93	330.75	198100
2023-03-24	329.64	329.83	319.97	323.38	306600
2023-03-27	334.33	338.54	331.73	334.38	252500
2023-03-28	338.29	339.82	333.55	333.55	212200
2023-03-29	343.21	344.51	339.89	342.12	196200
2023-03-30	340.42	344.49	337.43	344.07	233400
2023-03-31	342.25	343.85	338.36	341.65	251300
2023-04-03	346.01	347.36	341.57	341.57	166900
2023-04-04	342.77	348.06	337.11	348.06	148400
2023-04-05	347.01	347.76	341.03	341.03	269400
2023-04-06	346.15	350.83	345.88	347.91	252200
2023-04-10	348.68	350.44	347.59	347.78	183300
2023-04-11	347.28	349.23	346.62	349.05	160100
2023-04-12	349.50	350.18	346.15	347.75	196600
2023-04-13	346.74	349.10	344.85	347.49	268500
2023-04-14	343.39	348.32	339.98	347.55	246800
2023-04-17	347.78	347.79	341.42	342.76	232200
2023-04-18	353.37	353.91	347.84	348.87	226600
2023-04-19	357.85	357.97	352.98	354.38	270700
2023-04-20	359.06	360.84	356.71	357.79	307000
2023-04-21	354.30	357.71	351.11	356.31	340300
2023-04-24	354.94	358.36	353.72	354.77	188000
2023-04-25	353.70	355.56	352.31	353.26	181100
2023-04-26	352.69	355.52	351.03	351.43	240400
2023-04-27	357.40	357.45	350.01	352.78	247400
2023-04-28	361.35	362.96	353.87	355.07	249600
2023-05-01	363.59	365.22	359.69	360.28	365800
2023-05-02	365.17	371.37	346.05	346.05	527800
2023-05-03	359.48	366.33	358.26	364.28	350300
2023-05-04	355.18	359.75	350.86	359.47	335200
2023-05-05	358.86	365.41	358.03	358.03	378800
2023-05-08	366.34	366.98	360.93	360.93	288000
2023-05-09	366.01	367.43	363.43	366.75	399300
2023-05-10	368.98	370.32	362.60	367.99	269100
2023-05-11	370.05	370.43	365.65	368.30	141200
2023-05-12	368.88	373.55	366.18	373.12	187800
2023-05-15	366.37	370.84	362.37	370.84	141600
2023-05-16	361.73	366.65	360.76	365.44	118800
2023-05-17	352.75	357.46	350.03	350.83	2127700
2023-05-18	360.87	361.82	351.14	353.69	1568300
2023-05-19	359.89	365.11	359.38	363.18	723300
2023-05-22	345.57	358.74	341.53	358.59	722900
2023-05-23	348.93	360.86	344.92	350.85	862000
2023-05-24	345.51	348.02	339.86	347.67	450200
2023-05-25	344.10	347.47	340.49	345.11	340900
2023-05-26	334.64	344.14	334.37	344.14	344800
2023-05-30	337.52	339.56	332.57	334.62	375200
2023-05-31	326.58	339.72	322.73	336.17	885000
2023-06-01	326.02	327.47	319.43	326.67	422500
2023-06-02	329.57	331.56	325.64	326.45	442000
2023-06-05	328.99	332.88	326.88	332.19	602800
2023-06-06	335.70	335.85	328.57	330.59	365400
2023-06-07	335.16	336.24	332.65	335.00	315900
2023-06-08	328.15	335.70	328.11	334.34	258100
2023-06-09	330.97	332.52	326.79	327.16	332100
2023-06-12	325.30	333.11	325.02	330.76	392800
2023-06-13	332.74	333.61	325.06	325.06	320700
2023-06-14	327.63	334.08	327.30	331.74	247600
2023-06-15	330.65	331.85	326.87	328.09	242500
2023-06-16	338.43	338.90	331.47	332.63	587700
2023-06-20	338.80	340.97	333.33	340.41	342800
2023-06-21	337.94	341.60	337.78	340.99	281400
2023-06-22	339.46	340.59	336.44	339.64	245400
2023-06-23	332.00	339.34	330.10	337.98	518100
2023-06-26	326.53	333.96	325.09	333.19	532500
2023-06-27	324.55	328.96	322.17	326.94	315700
2023-06-28	319.71	323.86	318.00	323.86	469300
2023-06-29	326.24	327.52	319.76	321.09	475600
2023-06-30	328.35	330.48	325.66	327.57	549200
2023-07-03	328.36	329.64	321.90	327.23	150200
2023-07-05	326.21	327.47	320.46	327.47	284900
2023-07-06	327.79	329.19	325.55	325.55	349700
2023-07-07	337.40	341.22	330.58	333.12	406900
2023-07-10	333.34	337.99	330.96	335.97	151500
2023-07-11	337.92	338.43	332.46	335.02	177500
2023-07-12	338.70	340.72	334.96	339.56	239800
2023-07-13	339.76	340.35	337.41	338.07	240100
2023-07-14	338.72	339.67	334.97	339.51	211800
2023-07-17	344.83	347.61	338.96	338.96	227000
2023-07-18	343.89	347.25	342.31	343.47	171000
2023-07-19	343.11	347.60	342.07	342.07	204200
2023-07-20	350.63	352.01	345.50	345.50	270300
2023-07-21	352.46	359.43	348.57	353.10	290000
2023-07-24	355.48	358.58	351.09	351.89	276500
2023-07-25	352.08	356.14	351.73	355.35	243800
2023-07-26	350.34	359.46	348.69	353.01	355400
2023-07-27	343.70	369.78	338.75	365.85	580900
2023-07-28	344.96	350.25	340.32	346.98	371600
2023-07-31	346.26	349.39	344.25	345.19	323500
2023-08-01	345.03	349.36	343.45	346.94	257900
2023-08-02	345.34	347.24	343.84	346.48	218000
2023-08-03	347.98	350.61	343.65	344.81	216100
2023-08-04	341.26	348.37	340.53	346.55	206400
2023-08-07	344.50	348.32	341.26	344.01	148100
2023-08-08	332.38	343.90	332.16	341.75	323800
2023-08-09	344.81	346.58	333.93	334.53	287300
2023-08-10	344.43	351.95	343.48	348.30	203900
2023-08-11	341.95	345.66	339.48	342.63	189000
2023-08-14	341.70	344.06	339.88	342.88	168300
2023-08-15	340.86	343.96	336.73	339.86	200900
2023-08-16	340.88	344.36	338.60	340.79	146000
2023-08-17	333.47	345.94	331.98	344.14	144100
2023-08-18	334.63	338.27	332.17	332.17	164300
2023-08-21	334.82	337.20	329.79	334.29	133100
2023-08-22	333.09	335.13	331.32	333.33	132400
2023-08-23	338.67	339.68	333.13	334.02	167000
2023-08-24	343.93	345.04	337.04	338.58	231500
2023-08-25	338.93	344.81	338.42	344.19	182000
2023-08-28	337.85	340.85	335.33	340.85	171900
2023-08-29	345.63	346.09	337.37	338.16	198300
2023-08-30	348.37	354.34	344.92	344.92	275300
2023-08-31	346.43	349.88	345.79	348.46	245100
2023-09-01	350.38	353.38	347.99	348.99	190800
2023-09-05	347.37	353.25	347.16	349.93	280600
2023-09-06	351.83	352.37	346.57	346.57	255500
2023-09-07	352.71	358.26	350.35	353.43	363800
2023-09-08	356.05	357.13	352.00	355.86	256400
2023-09-11	362.92	364.76	358.06	358.06	303500
2023-09-12	361.42	365.76	359.12	363.65	282500
2023-09-13	360.33	364.68	357.04	363.06	235300
2023-09-14	365.15	365.60	361.78	364.09	239500
2023-09-15	364.22	366.81	363.02	363.02	396800
2023-09-18	370.89	371.52	361.53	364.20	335100
2023-09-19	375.00	375.81	370.05	371.77	444300
2023-09-20	378.24	379.36	374.51	376.49	388400
2023-09-21	378.71	380.90	377.12	377.98	453100
2023-09-22	378.06	380.85	377.57	378.45	404600
2023-09-25	375.06	379.49	372.68	376.45	269400
2023-09-26	372.53	376.46	370.35	373.12	345400
2023-09-27	368.33	373.17	363.05	373.17	649900
2023-09-28	368.11	372.62	366.20	369.74	320800
2023-09-29	358.64	367.33	357.68	367.33	339700
2023-10-02	362.45	362.52	356.24	359.01	221800
2023-10-03	359.14	363.44	355.67	362.39	207700
2023-10-04	371.78	372.89	360.09	360.09	338400
2023-10-05	373.51	375.29	370.02	370.02	304100
2023-10-06	378.04	380.58	372.01	376.57	319000
2023-10-09	376.40	378.10	372.16	376.26	241200
2023-10-10	371.80	377.67	370.76	377.67	198600
2023-10-11	378.74	379.43	374.37	374.63	237500
2023-10-12	380.07	384.74	377.14	382.67	196400
2023-10-13	384.41	385.90	380.61	382.84	237800
2023-10-16	391.07	391.79	385.97	385.97	256800
2023-10-17	393.73	395.92	392.43	392.43	261100
2023-10-18	392.00	396.34	391.15	393.41	290600
2023-10-19	387.76	393.96	387.54	391.28	350200
2023-10-20	382.13	388.84	380.73	387.88	389100
2023-10-23	375.39	383.26	374.90	381.56	349600
2023-10-24	383.17	383.98	373.98	374.35	481000
2023-10-25	382.78	391.88	380.79	383.39	541900
2023-10-26	369.78	390.37	367.76	385.97	673000
2023-10-27	372.06	376.86	365.31	369.71	648800
2023-10-30	378.87	379.45	372.92	374.96	323400
2023-10-31	381.75	383.96	379.40	380.46	420600
2023-11-01	388.28	389.37	381.76	384.04	392800
2023-11-02	368.64	386.28	366.26	386.06	825000
2023-11-03	371.89	375.47	365.48	368.55	351000
2023-11-06	369.35	375.11	366.31	372.72	477900
2023-11-07	370.52	372.58	368.60	369.35	247600
2023-11-08	367.90	373.06	366.50	371.42	270500
2023-11-09	366.84	372.99	363.24	369.84	420000
2023-11-10	371.19	372.16	365.34	367.13	274900
2023-11-13	372.32	372.95	368.41	372.18	368300
2023-11-14	379.37	387.38	373.99	373.99	662900
2023-11-15	376.34	384.05	374.12	381.42	401800
2023-11-16	385.31	385.67	378.92	379.19	444000
2023-11-17	382.40	389.09	382.11	385.51	334600
2023-11-20	385.68	387.83	380.14	380.82	368300
2023-11-21	392.72	402.16	390.17	390.17	413200
2023-11-22	393.70	394.13	389.27	391.09	325600
2023-11-24	399.72	403.26	396.27	396.27	143700
2023-11-27	400.05	401.46	397.79	400.03	256100
2023-11-28	393.67	404.12	393.57	404.12	412400
2023-11-29	389.88	393.30	386.04	392.97	332100
2023-11-30	397.83	399.69	389.87	389.87	1225300
2023-12-01	395.00	400.38	394.31	396.55	288300
2023-12-04	386.70	396.05	385.79	393.11	517400
2023-12-05	384.89	386.87	382.09	385.66	333500
2023-12-06	378.28	388.05	373.57	384.90	452000
2023-12-07	371.48	380.79	369.04	378.41	332200
2023-12-08	372.86	374.65	370.41	372.29	292500
2023-12-11	378.63	383.20	373.38	374.59	259700
2023-12-12	383.86	387.71	378.17	378.89	300200
2023-12-13	374.85	387.01	374.61	383.99	338600
2023-12-14	349.60	373.61	349.15	372.42	1173000
2023-12-15	345.05	352.45	342.34	347.28	935500
2023-12-18	352.53	357.27	346.31	348.86	697100
2023-12-19	353.68	357.57	351.52	352.35	483100
2023-12-20	345.74	355.62	345.71	352.76	388700
2023-12-21	346.55	347.86	341.84	345.32	395500
2023-12-22	342.69	349.14	342.50	346.91	277100
2023-12-26	340.40	344.86	338.86	343.95	355900
2023-12-27	339.83	341.65	337.81	339.16	377300
2023-12-28	341.69	343.25	339.16	339.16	214400
2023-12-29	342.63	343.48	340.18	341.54	210500
2024-01-02	350.45	351.01	344.00	344.01	409400
2024-01-03	352.68	357.43	350.10	351.54	605600
2024-01-04	356.30	358.90	352.80	355.03	541800
2024-01-05	359.90	360.02	353.89	359.34	529900
2024-01-08	360.96	363.38	353.35	360.35	437300
2024-01-09	357.09	360.72	351.41	360.72	343100
2024-01-10	359.02	359.10	353.38	354.06	415800
2024-01-11	362.77	363.46	358.19	359.47	316100
2024-01-12	358.96	366.29	358.92	363.70	346900
2024-01-16	357.79	361.53	356.26	359.52	316400
2024-01-17	353.89	361.23	353.07	357.01	294400
2024-01-18	357.49	358.01	350.19	351.79	261000
2024-01-19	362.26	365.72	359.71	361.02	340800
2024-01-22	363.09	365.53	359.92	361.71	271300
2024-01-23	363.37	364.76	360.27	362.72	252700
2024-01-24	363.39	366.51	362.41	362.41	331100
2024-01-25	364.90	366.47	358.05	364.47	274600
2024-01-26	367.99	368.16	364.27	365.17	254900
2024-01-29	365.82	367.88	364.18	367.01	337800
2024-01-30	367.97	368.23	365.47	365.95	288300
2024-01-31	373.04	376.47	370.27	370.95	344500
2024-02-01	366.69	370.33	364.24	370.31	368100
2024-02-02	369.53	371.72	368.12	369.43	392400
2024-02-05	369.98	372.39	367.03	368.98	250800
2024-02-06	368.84	372.46	368.25	371.04	294000
2024-02-07	372.05	374.31	368.68	370.23	429600
2024-02-08	343.58	353.70	333.11	348.71	1386200
2024-02-09	342.80	344.19	337.57	340.84	691500
2024-02-12	349.75	353.00	343.16	343.59	413700
2024-02-13	356.76	361.27	350.81	353.69	704900
2024-02-14	359.55	361.95	354.70	356.31	444300
2024-02-15	362.78	364.74	358.24	360.89	453300
2024-02-16	356.47	367.26	356.11	366.75	392000
2024-02-20	356.71	361.41	354.59	354.59	388300
2024-02-21	350.69	358.06	348.81	355.63	456700
2024-02-22	358.97	360.60	350.07	352.71	507000
2024-02-23	359.39	360.69	357.30	358.97	225500
2024-02-26	355.63	362.12	355.06	359.39	265900
2024-02-27	356.32	356.39	352.32	354.47	227900
2024-02-28	358.88	360.13	356.02	357.16	259300
2024-02-29	357.45	358.40	352.94	358.40	496900
2024-03-01	358.46	358.56	355.71	357.09	455300
2024-03-04	356.12	360.39	354.17	358.13	390300
2024-03-05	355.56	360.44	354.47	356.72	364300
2024-03-06	358.71	360.05	354.46	357.29	286000
2024-03-07	356.12	360.88	353.26	358.06	446900
2024-03-08	356.31	358.39	352.08	354.19	332600
2024-03-11	367.91	369.55	354.27	355.96	382500
2024-03-12	371.69	372.00	366.62	367.30	340900
2024-03-13	374.08	376.17	371.98	373.07	303000
2024-03-14	376.28	376.47	372.87	372.87	247900
2024-03-15	380.70	381.12	374.61	374.61	844900
2024-03-18	377.77	381.69	377.72	379.15	384200
2024-03-19	377.08	382.68	377.06	380.76	246300
2024-03-20	380.31	380.52	376.21	376.21	349600
2024-03-21	374.19	380.14	372.40	380.14	479900
2024-03-22	373.94	375.26	372.54	374.58	271800
2024-03-25	381.46	381.95	373.38	374.33	253200
2024-03-26	377.96	382.99	376.63	380.58	279600
2024-03-27	385.25	385.66	379.79	381.09	245600
2024-03-28	386.91	389.23	385.74	386.00	241500
2024-04-01	387.44	388.82	384.78	385.40	191400
2024-04-02	381.43	390.07	381.36	388.92	305500
2024-04-03	377.29	381.44	374.51	380.53	374500
2024-04-04	369.35	381.25	369.29	380.08	289900
2024-04-05	369.74	374.34	368.18	371.86	251900
2024-04-08	370.96	373.85	369.11	371.11	220200
2024-04-09	361.60	370.64	359.89	370.52	307600
2024-04-10	361.74	366.12	359.35	362.87	289200
2024-04-11	356.40	361.83	352.96	358.54	343000
2024-04-12	352.17	358.20	351.49	354.78	243700
2024-04-15	349.95	358.33	349.53	354.94	207000
2024-04-16	350.33	352.21	347.03	350.33	302900
2024-04-17	347.63	349.23	344.65	347.36	446700
2024-04-18	350.61	352.51	345.76	350.12	399200
2024-04-19	360.40	360.67	350.41	352.24	425200
2024-04-22	362.91	365.98	359.51	361.41	233600
2024-04-23	358.85	364.59	358.09	363.91	285000
2024-04-24	356.00	357.50	352.53	356.56	336000
2024-04-25	356.02	360.43	352.79	357.47	330800
2024-04-26	354.98	356.61	351.81	354.16	294100
2024-04-29	359.28	359.65	355.24	355.28	424700
2024-04-30	356.65	357.83	342.16	350.41	563300
2024-05-01	360.05	365.18	356.86	356.86	567000
2024-05-02	362.16	363.47	356.54	362.17	531400
2024-05-03	359.80	361.22	353.79	361.17	194900
2024-05-06	368.90	369.01	360.38	361.09	290900
2024-05-07	368.55	371.18	366.57	371.01	319800
2024-05-08	370.82	373.35	367.31	370.60	196100
2024-05-09	370.39	372.68	369.34	370.35	140400
2024-05-10	372.73	375.29	370.82	371.25	145200
2024-05-13	371.02	374.66	370.62	372.22	191900
2024-05-14	368.67	370.37	364.60	370.37	219400
2024-05-15	365.12	370.80	364.67	368.47	201300
2024-05-16	377.93	378.78	367.77	370.40	353000
2024-05-17	382.45	383.42	377.75	380.85	261200
2024-05-20	379.42	383.54	378.73	383.54	227200
2024-05-21	383.66	384.08	380.09	380.09	296400
2024-05-22	388.89	390.11	383.46	384.07	259100
2024-05-23	377.06	388.46	374.85	388.17	317100
2024-05-24	381.34	381.41	377.32	377.32	98800
2024-05-28	378.11	381.89	377.92	380.35	202700
2024-05-29	374.42	378.51	374.12	377.38	228300
2024-05-30	380.14	381.28	373.74	375.02	227000
2024-05-31	382.48	383.58	378.93	379.44	369800
2024-06-03	378.40	384.74	375.47	382.55	201500
2024-06-04	376.40	381.24	375.29	376.62	195000
2024-06-05	372.35	376.73	368.93	376.73	198600
2024-06-06	371.46	375.23	371.16	372.96	114600
2024-06-07	374.54	378.62	372.85	372.85	136300
2024-06-10	373.37	374.90	370.22	372.44	139600
2024-06-11	370.91	371.62	368.69	371.39	156700
2024-06-12	365.64	372.46	362.33	369.59	166100
2024-06-13	366.34	366.61	360.78	364.65	147800
2024-06-14	359.62	364.72	357.59	364.17	203700
2024-06-17	368.26	370.96	358.47	360.89	218700
2024-06-18	369.10	372.95	364.91	367.88	218400
2024-06-20	372.06	373.40	369.88	370.04	269200
2024-06-21	369.04	372.12	367.37	372.12	553300
2024-06-24	373.76	375.32	367.78	370.53	212200
2024-06-25	373.41	376.13	370.89	375.17	177300
2024-06-26	368.06	370.70	364.73	370.70	196600
2024-06-27	372.28	373.00	367.73	367.73	157500
2024-06-28	372.79	375.21	369.20	371.82	511200
2024-07-01	370.44	377.43	368.78	376.57	250000
2024-07-02	361.68	364.84	359.08	363.99	318000
2024-07-03	356.89	361.17	353.13	359.29	262600
2024-07-05	355.01	357.68	350.88	355.40	495200
2024-07-08	364.98	365.69	362.14	362.92	274700
2024-07-09	364.75	367.78	362.08	362.43	268900
2024-07-10	369.98	370.27	364.70	364.70	231700
2024-07-11	371.60	371.94	367.28	370.80	185000
2024-07-12	373.40	375.50	370.63	373.63	176100
2024-07-15	387.70	390.81	376.73	378.17	488800
2024-07-16	386.08	393.33	384.80	387.67	222000
2024-07-17	389.48	395.15	386.68	388.19	312500
2024-07-18	391.36	397.62	389.53	390.18	224400
2024-07-19	377.00	391.10	375.47	390.17	916800
2024-07-22	380.32	382.07	376.48	382.07	213500
2024-07-23	376.55	381.19	374.66	379.51	182900
2024-07-24	373.30	379.62	372.43	378.22	235800
2024-07-25	365.68	376.21	364.73	369.72	466600
2024-07-26	374.66	377.01	365.06	365.72	332500
2024-07-29	375.70	377.21	372.43	373.83	378300
2024-07-30	381.03	383.55	376.40	378.63	385000
2024-07-31	384.38	388.89	378.10	380.84	494500
2024-08-01	360.38	380.22	357.11	376.68	841500
2024-08-02	356.26	362.20	352.38	358.31	407900
2024-08-05	348.60	353.49	343.04	352.88	610800
2024-08-06	350.89	354.86	347.83	348.80	586800
2024-08-07	352.84	355.72	351.21	353.26	378200
2024-08-08	356.33	358.61	353.67	353.67	310300
2024-08-09	356.63	356.79	353.09	356.42	280700
2024-08-12	353.11	358.06	351.83	357.51	387100
2024-08-13	355.27	357.48	351.94	355.06	217700
2024-08-14	361.56	362.43	355.27	355.27	166600
2024-08-15	365.39	365.92	361.29	364.04	207500
2024-08-16	366.45	368.68	364.44	366.28	196800
2024-08-19	370.56	370.58	366.75	366.75	150700
2024-08-20	369.09	371.24	366.35	369.78	285200
2024-08-21	370.47	371.47	366.42	371.02	132200
2024-08-22	373.91	374.18	368.82	369.71	179600
2024-08-23	380.23	380.32	374.12	376.21	143200
2024-08-26	381.05	389.31	380.57	387.26	372000
2024-08-27	379.74	384.40	379.46	382.07	357500
2024-08-28	381.19	382.11	376.47	380.28	287800
2024-08-29	381.99	384.35	378.64	382.60	296900
2024-08-30	383.77	384.05	378.32	383.45	377400
2024-09-03	384.77	387.12	381.57	382.87	373300
2024-09-04	384.02	391.36	383.47	387.70	349300
2024-09-05	381.09	388.00	378.84	388.00	219200
2024-09-06	375.11	382.28	374.65	380.07	283200
2024-09-09	378.66	381.15	373.09	377.46	312600
2024-09-10	372.93	380.64	371.28	379.83	253300
2024-09-11	368.42	373.07	364.72	373.07	295200
2024-09-12	370.86	370.97	365.92	368.24	214800
2024-09-13	374.48	375.52	371.26	372.95	306200
2024-09-16	383.02	385.23	376.35	376.40	287600
2024-09-17	381.16	385.75	381.01	383.09	219600
2024-09-18	382.26	385.72	380.39	382.52	358200
2024-09-19	381.91	386.83	380.27	385.29	465100
2024-09-20	381.12	385.40	379.62	382.23	718000
2024-09-23	380.33	384.47	379.76	382.47	325600
2024-09-24	376.83	382.84	376.22	382.34	295100
2024-09-25	376.55	378.77	372.88	377.89	381900
2024-09-26	381.16	382.75	374.92	376.62	354500
2024-09-27	388.63	388.88	381.72	382.45	460400
2024-09-30	385.38	389.54	381.45	389.13	283200
2024-10-01	389.70	389.78	383.25	383.81	318000
2024-10-02	389.87	391.81	387.08	388.79	274400
2024-10-03	387.14	390.96	384.75	388.70	267500
2024-10-04	400.34	400.59	389.66	391.63	306000
2024-10-07	366.42	395.37	362.73	393.41	1130100
2024-10-08	367.58	374.73	364.42	369.21	988400
2024-10-09	382.49	385.54	363.29	364.89	892900
2024-10-10	387.38	395.49	384.56	394.13	460400
2024-10-11	387.47	392.52	386.11	390.22	301600
2024-10-14	392.10	393.33	383.27	388.34	366600
2024-10-15	381.85	395.20	381.50	391.83	333100
2024-10-16	379.71	385.00	377.76	381.79	359100
2024-10-17	379.62	383.17	376.60	382.85	493000
2024-10-18	377.90	383.36	376.07	382.04	1019600
2024-10-21	380.28	382.93	376.82	380.18	238700
2024-10-22	379.01	380.00	372.37	377.20	270200
2024-10-23	379.31	379.86	374.73	379.48	222800
2024-10-24	380.73	383.18	378.64	382.89	227600
2024-10-25	373.36	382.10	371.15	382.10	347600
2024-10-28	375.16	380.48	374.94	377.21	250600
2024-10-29	370.56	377.67	370.42	375.10	314700
2024-10-30	373.74	376.75	369.23	369.81	385100
2024-10-31	349.76	364.20	346.64	357.07	1032400
2024-11-01	345.19	351.24	344.35	347.86	552500
2024-11-04	342.02	346.93	341.08	345.22	373100
2024-11-05	348.77	348.97	341.66	342.02	492600
2024-11-06	360.56	366.18	353.08	366.18	414700
2024-11-07	356.09	363.91	355.26	363.91	463900
2024-11-08	362.23	364.17	360.18	364.17	408400
2024-11-11	363.34	365.43	360.00	365.43	525700
2024-11-12	362.64	364.14	360.49	361.24	397900
2024-11-13	364.58	366.95	359.87	361.65	341000
2024-11-14	360.47	363.91	358.61	362.10	350200
2024-11-15	365.22	366.39	361.31	362.41	355500
2024-11-18	367.18	367.30	360.68	360.68	234400
2024-11-19	364.34	365.71	360.96	361.95	320200
2024-11-20	370.67	371.27	364.02	365.33	418700
2024-11-21	378.81	381.81	369.64	373.29	446000
2024-11-22	382.60	384.48	380.02	380.02	519600
2024-11-25	383.68	386.31	380.79	385.21	1768600
2024-11-26	381.12	384.18	377.61	380.35	398000
2024-11-27	384.58	387.65	382.15	382.58	330900
2024-11-29	383.16	387.53	382.89	384.89	264900
2024-12-02	379.37	383.78	378.42	383.78	379600
2024-12-03	380.83	384.07	377.17	379.74	579100
2024-12-04	374.47	381.66	373.57	381.66	340800
2024-12-05	370.45	375.94	370.31	375.94	404500
2024-12-06	367.18	370.73	364.49	369.63	257800
2024-12-09	363.99	370.99	363.46	365.48	364200
2024-12-10	358.33	363.17	353.36	362.87	325200
2024-12-11	358.23	358.93	354.94	358.76	328300
2024-12-12	358.50	363.45	357.33	361.28	298400
2024-12-13	358.69	361.34	357.85	361.34	288900
2024-12-16	353.71	360.95	352.93	360.95	348600
2024-12-17	351.03	352.08	348.41	350.59	379800
2024-12-18	344.37	355.36	344.16	351.20	505100
2024-12-19	345.39	347.98	343.80	343.93	410700
2024-12-20	352.59	355.60	342.16	342.54	772200
2024-12-23	355.27	355.65	349.69	349.73	301400
2024-12-24	358.26	358.26	353.78	355.22	84500
2024-12-26	358.02	359.38	356.03	357.76	145900
2024-12-27	355.86	358.84	354.27	355.19	191000
2024-12-30	355.59	356.83	351.37	355.02	206300
2024-12-31	358.34	359.53	356.34	357.42	274600
2025-01-02	359.20	362.81	355.47	361.02	321400
2025-01-03	360.99	361.62	356.45	360.85	292600
2025-01-06	357.56	366.37	356.95	360.85	354400
2025-01-07	366.80	368.81	358.63	358.88	318500
2025-01-08	364.24	364.99	357.39	363.04	354800
2025-01-10	349.50	361.21	349.30	358.36	612100
2025-01-13	347.69	352.63	346.96	349.53	296600
2025-01-14	354.27	354.72	345.18	346.02	316800
2025-01-15	353.82	359.10	351.91	359.10	319400
2025-01-16	356.15	358.95	353.94	354.45	323300
2025-01-17	358.06	361.69	356.14	358.53	370700
2025-01-21	360.19	365.53	358.32	358.99	408400
2025-01-22	359.58	363.18	358.65	360.90	321700
2025-01-23	359.12	362.46	357.43	359.97	396300
2025-01-24	360.99	363.82	359.75	359.75	282900
2025-01-27	368.76	368.99	363.48	363.99	345000
2025-01-28	363.29	367.77	357.15	365.07	694200
2025-01-29	347.52	361.58	347.36	358.42	829700
2025-01-30	348.09	353.17	344.70	344.70	536800
2025-01-31	343.56	348.00	341.93	343.60	560300
2025-02-03	341.35	344.05	337.13	340.38	589100
2025-02-04	337.84	347.35	332.68	337.03	768700
2025-02-05	335.96	338.74	331.53	336.57	653400
2025-02-06	332.48	339.42	332.13	337.13	400000
2025-02-07	334.19	336.28	329.27	332.67	560100
2025-02-10	329.68	336.92	329.48	334.27	447500
2025-02-11	331.82	335.24	323.65	329.70	468800
2025-02-12	327.81	331.84	326.85	331.01	372800
2025-02-13	331.60	332.04	326.56	328.53	273600
2025-02-14	328.91	331.59	327.85	331.34	398900
2025-02-18	334.34	335.34	329.67	330.30	419000
2025-02-19	332.47	334.59	327.30	333.66	394900
2025-02-20	334.37	335.31	330.28	331.90	414200
2025-02-21	333.31	337.42	331.31	334.78	407800
2025-02-24	337.05	338.42	334.65	334.85	398700
2025-02-25	339.30	342.38	338.01	338.01	406000
2025-02-26	339.68	342.64	338.48	339.17	328800
2025-02-27	343.46	345.71	340.86	340.86	330900
2025-02-28	349.21	349.67	344.54	345.55	503700
2025-03-03	352.05	353.99	348.39	351.69	432600
2025-03-04	351.33	357.83	349.65	351.70	541800
2025-03-05	354.57	357.60	348.68	352.27	581000
2025-03-06	359.41	360.19	350.21	352.46	424600
2025-03-07	359.63	362.60	357.46	358.23	359700
2025-03-10	353.14	360.58	347.76	350.97	568200
2025-03-11	350.17	354.50	347.71	354.50	489900
2025-03-12	343.80	350.43	341.51	350.43	414500
2025-03-13	345.62	350.40	343.94	345.22	430600
2025-03-14	354.58	355.53	347.12	347.66	353300
2025-03-17	362.94	366.81	354.38	354.52	528000
2025-03-18	357.53	365.23	357.04	363.44	340900
2025-03-19	354.15	358.69	353.52	355.77	467200
2025-03-20	352.74	356.01	352.42	353.50	405600
2025-03-21	350.37	354.18	350.13	351.14	1348600
2025-03-24	357.04	358.34	350.37	352.89	463800
2025-03-25	360.14	361.68	355.75	358.91	300600
2025-03-26	364.03	366.86	361.78	361.95	206700
2025-03-27	365.37	366.79	360.37	365.83	268300
2025-03-28	359.88	368.06	358.36	366.42	253500
2025-03-31	361.22	364.33	356.59	360.59	324900
2025-04-01	363.28	365.09	358.77	362.16	243500
2025-04-02	363.21	363.46	359.18	361.84	199000
2025-04-03	359.66	361.49	355.42	358.00	337500
2025-04-04	335.06	354.86	333.23	351.71	682900
2025-04-07	324.54	334.64	318.14	327.24	602000
2025-04-08	330.11	343.84	325.61	335.50	406500
2025-04-09	346.35	348.01	322.38	324.76	387400
2025-04-10	339.41	344.72	333.22	343.94	361900
2025-04-11	347.51	349.24	335.21	345.05	383700
2025-04-14	350.97	356.94	349.73	352.34	337100
2025-04-15	347.81	352.92	342.90	342.90	292700
2025-04-16	345.58	352.44	345.08	349.70	344200
2025-04-17	347.89	349.99	344.56	347.05	355900
2025-04-21	340.88	347.23	338.38	346.82	318800
2025-04-22	355.12	355.92	345.26	346.02	305300
2025-04-23	354.13	357.66	351.88	355.57	393700
2025-04-24	353.12	354.42	348.30	351.43	357500
2025-04-25	351.10	355.34	345.99	353.00	256100
2025-04-28	352.96	354.71	350.77	351.10	354700
2025-04-29	357.20	357.83	352.37	353.70	379600
2025-04-30	356.74	357.85	349.22	357.85	386800
2025-05-01	335.42	348.84	323.11	323.11	645000
2025-05-02	346.36	347.76	338.30	340.01	366800
2025-05-05	345.34	347.74	342.28	344.81	402800
2025-05-06	342.61	348.44	342.55	344.84	410800
2025-05-07	340.06	345.68	337.91	343.39	572100
2025-05-08	345.19	349.90	340.32	341.85	544800
2025-05-09	346.02	347.89	344.57	347.12	325200
2025-05-12	345.78	352.70	340.66	348.51	529700
2025-05-13	344.14	348.80	343.98	344.79	419600
2025-05-14	339.02	345.42	338.91	344.72	568000
2025-05-15	341.89	342.72	337.98	340.08	649800
2025-05-16	346.05	347.66	341.01	341.91	417200
2025-05-19	345.55	347.18	344.19	346.17	280200
2025-05-20	345.49	347.30	344.35	346.45	536500
2025-05-21	338.55	345.78	337.60	345.25	484000
2025-05-22	334.34	338.03	333.58	338.02	386800
2025-05-23	333.99	335.46	329.41	333.10	421500
2025-05-27	341.76	341.81	334.02	336.88	356500
2025-05-28	335.59	342.40	335.17	340.97	423900
2025-05-29	346.35	346.35	336.00	336.86	582000
2025-05-30	347.19	349.27	343.03	344.45	630800
2025-06-02	351.74	351.84	343.54	343.96	296000
2025-06-03	351.22	353.00	345.63	350.88	379700
2025-06-04	344.78	351.44	344.52	350.44	326400
2025-06-05	343.82	346.27	338.51	346.27	343700
2025-06-06	346.18	348.62	344.17	348.62	186100
2025-06-09	340.62	346.98	332.52	346.20	365100
2025-06-10	336.29	339.91	335.00	339.85	303500
2025-06-11	335.30	338.17	334.00	337.97	284900
2025-06-12	339.82	339.87	333.51	333.51	311300
2025-06-13	334.61	338.05	333.73	334.62	430400
2025-06-16	339.13	340.59	335.61	337.39	328100
2025-06-17	333.02	338.02	330.16	337.83	525000
2025-06-18	332.90	335.34	331.17	332.19	486600
2025-06-20	337.30	340.00	334.00	334.02	1196900
2025-06-23	341.82	342.60	337.25	338.09	399400
2025-06-24	340.83	343.42	338.91	342.13	484200
2025-06-25	336.44	339.57	334.48	339.49	273300
2025-06-26	339.41	343.23	336.29	337.56	216100
2025-06-27	336.78	341.00	335.11	337.32	499500
2025-06-30	339.85	341.11	335.00	337.04	387500
2025-07-01	340.87	342.41	337.08	340.11	554300
2025-07-02	334.03	340.95	330.19	340.95	473300
2025-07-03	337.48	338.08	333.90	335.54	295300
2025-07-07	334.06	339.00	332.23	338.24	243600
2025-07-08	341.42	342.79	330.00	332.84	520400
2025-07-09	340.19	345.00	339.54	344.14	282600
2025-07-10	340.45	341.00	337.89	338.75	300700
2025-07-11	339.35	340.74	336.71	337.50	294100
2025-07-14	341.05	342.90	337.32	338.00	334700
2025-07-15	330.27	340.95	330.23	339.37	325000
2025-07-16	331.91	334.75	328.76	331.53	298800
2025-07-17	334.00	334.30	329.50	330.35	211100
2025-07-18	333.07	335.43	332.48	334.36	269600
2025-07-21	329.97	334.21	329.68	332.58	313600
2025-07-22	337.02	338.00	330.95	331.75	312700
2025-07-23	335.87	339.72	333.57	339.37	210600
2025-07-24	331.89	337.30	331.65	333.10	238100
2025-07-25	336.86	336.98	331.74	332.07	189700
2025-07-28	331.35	337.30	330.51	335.38	198400
2025-07-29	332.28	335.69	330.51	333.87	271500
2025-07-30	332.56	335.53	328.43	330.51	575300
2025-07-31	335.80	350.87	335.13	341.12	702500
2025-08-01	331.34	341.96	327.99	334.80	318700
2025-08-04	326.04	333.40	325.00	332.36	506200
2025-08-05	327.92	330.54	325.15	328.90	420500
2025-08-06	328.49	331.80	325.73	330.14	326900
2025-08-07	328.15	330.12	325.63	329.34	263000
2025-08-08	329.80	332.56	328.30	330.00	245600
2025-08-11	330.40	330.62	328.36	329.50	227600
2025-08-12	328.21	332.23	326.49	331.69	281100
2025-08-13	336.76	336.95	328.54	328.54	314300
2025-08-14	337.12	337.87	334.68	336.01	260800
2025-08-15	331.84	338.75	330.87	338.59	356000
2025-08-18	331.97	333.69	330.00	330.91	176400
2025-08-19	337.79	338.08	332.62	333.28	193000
2025-08-20	343.52	344.60	338.27	338.27	305200
2025-08-21	348.06	349.24	344.00	344.00	385000
2025-08-22	343.94	352.76	343.23	350.88	260300
2025-08-25	341.32	343.51	340.36	342.70	202500
2025-08-26	338.72	341.61	337.81	340.22	278700
2025-08-27	343.34	345.75	337.53	339.31	252100
2025-08-28	339.88	344.02	338.51	342.71	224600
2025-08-29	341.88	344.81	341.31	341.31	220900
2025-09-02	345.35	346.00	339.93	341.52	445400
2025-09-03	348.53	349.74	341.10	342.00	507900
2025-09-04	345.26	351.76	344.93	350.00	341600
2025-09-05	340.00	345.27	339.39	343.60	195400
2025-09-08	339.58	340.30	334.65	338.79	298600
2025-09-09	340.61	341.82	338.85	339.76	332400
2025-09-10	340.03	341.30	335.90	338.94	274000
2025-09-11	348.44	349.15	338.50	340.93	320400
2025-09-12	349.37	352.45	347.66	349.51	487600
2025-09-15	339.84	353.47	339.61	348.50	317700
2025-09-16	330.63	336.86	327.35	334.77	386400
2025-09-17	333.65	338.77	330.00	331.28	397000
2025-09-18	334.75	336.15	332.50	333.03	332200
2025-09-19	335.38	337.01	332.27	335.76	1062700
2025-09-22	334.83	336.08	332.65	333.00	295500
2025-09-23	337.93	340.32	334.68	336.72	302300
2025-09-24	345.54	346.72	333.89	337.87	428200
2025-09-25	345.21	349.15	341.95	344.70	409900
2025-09-26	349.11	351.95	343.97	347.56	359900
2025-09-29	345.49	348.86	343.29	348.86	346800
2025-09-30	350.23	350.95	344.50	345.73	234300
2025-10-01	353.53	356.29	348.30	351.35	230900
2025-10-02	351.05	355.05	348.63	350.06	196700
2025-10-03	356.85	358.95	350.44	350.44	247500
2025-10-06	361.56	364.61	358.87	360.00	252500
2025-10-07	364.86	368.07	361.88	364.39	299900
2025-10-08	360.00	368.29	359.46	366.97	290100
2025-10-09	351.77	362.06	349.36	361.65	372000
2025-10-10	346.69	356.14	346.64	352.86	272600
2025-10-13	351.02	351.09	343.95	344.77	257800
2025-10-14	356.74	356.98	347.96	351.18	242600
2025-10-15	348.55	358.53	345.73	354.53	304200
2025-10-16	340.85	346.28	338.93	342.99	355700
2025-10-17	349.13	352.62	340.78	340.78	463900
2025-10-20	350.95	352.70	347.41	350.13	250000
2025-10-21	349.16	351.14	348.31	350.05	186000
2025-10-22	348.42	353.58	346.98	349.29	231700
2025-10-23	349.27	352.23	346.77	349.55	212000
2025-10-24	348.94	350.39	345.64	349.61	152000
2025-10-27	343.98	349.96	343.27	348.67	234100
2025-10-28	304.91	325.10	302.44	325.10	1557700
2025-10-29	309.45	314.32	304.60	307.00	711200
2025-10-30	309.18	314.40	307.15	311.63	672600
2025-10-31	314.52	317.00	309.05	312.79	638000
2025-11-03	313.45	317.56	309.87	311.85	484800
2025-11-04	317.69	318.44	312.00	313.53	396200
2025-11-05	321.99	324.37	318.44	318.78	448760
