Date	Close	High	Low	Open	Volume
	ENB	ENB	ENB	ENB	ENB
1984-03-15	0.26	0.27	0.26	0.26	1314
1984-03-16	0.26	0.26	0.26	0.26	0
1984-03-19	0.26	0.26	0.26	0.26	0
1984-03-20	0.26	0.26	0.26	0.26	0
1984-03-21	0.25	0.26	0.25	0.26	5254
1984-03-22	0.25	0.25	0.25	0.25	0
1984-03-23	0.25	0.25	0.25	0.25	0
1984-03-26	0.25	0.25	0.25	0.25	0
1984-03-27	0.25	0.25	0.25	0.25	0
1984-03-28	0.25	0.25	0.25	0.25	0
1984-03-29	0.25	0.25	0.25	0.25	0
1984-03-30	0.25	0.25	0.25	0.25	0
1984-04-02	0.25	0.26	0.25	0.25	6568
1984-04-03	0.25	0.25	0.25	0.25	0
1984-04-04	0.25	0.25	0.25	0.25	0
1984-04-05	0.25	0.25	0.25	0.25	0
1984-04-06	0.25	0.25	0.25	0.25	0
1984-04-09	0.25	0.25	0.25	0.25	0
1984-04-10	0.25	0.25	0.25	0.25	0
1984-04-11	0.25	0.25	0.25	0.25	0
1984-04-12	0.25	0.25	0.25	0.25	0
1984-04-13	0.25	0.25	0.25	0.25	0
1984-04-16	0.25	0.25	0.25	0.25	0
1984-04-17	0.25	0.25	0.25	0.25	0
1984-04-18	0.25	0.25	0.25	0.25	0
1984-04-19	0.25	0.25	0.25	0.25	0
1984-04-23	0.25	0.25	0.25	0.25	0
1984-04-24	0.25	0.25	0.25	0.25	0
1984-04-25	0.24	0.25	0.24	0.25	10509
1984-04-26	0.24	0.25	0.24	0.24	3941
1984-04-27	0.24	0.24	0.24	0.24	0
1984-04-30	0.24	0.24	0.24	0.24	0
1984-05-01	0.24	0.24	0.24	0.24	0
1984-05-02	0.24	0.24	0.24	0.24	0
1984-05-03	0.24	0.24	0.24	0.24	0
1984-05-04	0.24	0.24	0.24	0.24	0
1984-05-07	0.24	0.24	0.24	0.24	0
1984-05-08	0.22	0.24	0.22	0.24	2627
1984-05-09	0.22	0.22	0.22	0.22	0
1984-05-10	0.24	0.25	0.24	0.24	26272
1984-05-11	0.24	0.25	0.24	0.24	3941
1984-05-14	0.24	0.25	0.24	0.24	36781
1984-05-15	0.24	0.25	0.24	0.24	105088
1984-05-16	0.24	0.25	0.24	0.24	1314
1984-05-17	0.24	0.25	0.24	0.24	204922
1984-05-18	0.25	0.25	0.25	0.25	170768
1984-05-21	0.24	0.25	0.24	0.25	2627
1984-05-22	0.23	0.25	0.23	0.24	156318
1984-05-23	0.23	0.25	0.23	0.23	10509
1984-05-24	0.23	0.23	0.23	0.23	0
1984-05-25	0.23	0.24	0.23	0.23	91952
1984-05-29	0.23	0.24	0.23	0.23	24958
1984-05-30	0.23	0.23	0.23	0.23	0
1984-05-31	0.23	0.23	0.23	0.23	0
1984-06-01	0.24	0.25	0.24	0.24	52544
1984-06-04	0.24	0.24	0.24	0.24	0
1984-06-05	0.24	0.24	0.24	0.24	0
1984-06-06	0.24	0.24	0.24	0.24	0
1984-06-07	0.24	0.24	0.24	0.24	0
1984-06-08	0.24	0.24	0.24	0.24	0
1984-06-11	0.24	0.24	0.24	0.24	0
1984-06-12	0.24	0.24	0.24	0.24	0
1984-06-13	0.24	0.24	0.24	0.24	0
1984-06-14	0.24	0.25	0.24	0.24	1314
1984-06-15	0.24	0.24	0.24	0.24	0
1984-06-18	0.24	0.25	0.24	0.24	13136
1984-06-19	0.24	0.25	0.24	0.24	44662
1984-06-20	0.24	0.24	0.24	0.24	0
1984-06-21	0.24	0.24	0.24	0.24	0
1984-06-22	0.25	0.26	0.25	0.25	9195
1984-06-25	0.25	0.25	0.25	0.25	0
1984-06-26	0.25	0.25	0.25	0.25	0
1984-06-27	0.25	0.26	0.25	0.25	7882
1984-06-28	0.25	0.25	0.25	0.25	0
1984-06-29	0.25	0.27	0.25	0.25	5254
1984-07-02	0.25	0.25	0.25	0.25	0
1984-07-03	0.25	0.25	0.25	0.25	0
1984-07-05	0.25	0.25	0.25	0.25	0
1984-07-06	0.25	0.25	0.25	0.25	0
1984-07-09	0.25	0.25	0.25	0.25	0
1984-07-10	0.25	0.25	0.25	0.25	0
1984-07-11	0.25	0.25	0.25	0.25	0
1984-07-12	0.25	0.25	0.25	0.25	0
1984-07-13	0.25	0.26	0.25	0.25	1314
1984-07-16	0.26	0.27	0.26	0.26	49917
1984-07-17	0.26	0.27	0.26	0.26	13136
1984-07-18	0.26	0.26	0.26	0.26	0
1984-07-19	0.26	0.26	0.26	0.26	0
1984-07-20	0.26	0.26	0.26	0.26	0
1984-07-23	0.26	0.26	0.26	0.26	0
1984-07-24	0.26	0.26	0.26	0.26	0
1984-07-25	0.26	0.26	0.26	0.26	0
1984-07-26	0.26	0.26	0.26	0.26	0
1984-07-27	0.26	0.26	0.26	0.26	0
1984-07-30	0.26	0.26	0.26	0.26	0
1984-07-31	0.26	0.26	0.26	0.26	0
1984-08-01	0.26	0.26	0.26	0.26	0
1984-08-02	0.26	0.26	0.26	0.26	0
1984-08-03	0.26	0.26	0.26	0.26	0
1984-08-06	0.26	0.26	0.26	0.26	0
1984-08-07	0.26	0.26	0.26	0.26	0
1984-08-08	0.26	0.26	0.26	0.26	0
1984-08-09	0.26	0.26	0.26	0.26	0
1984-08-10	0.28	0.28	0.28	0.28	18390
1984-08-13	0.28	0.28	0.28	0.28	0
1984-08-14	0.28	0.28	0.28	0.28	0
1984-08-15	0.28	0.28	0.28	0.28	0
1984-08-16	0.28	0.28	0.28	0.28	0
1984-08-17	0.28	0.28	0.28	0.28	0
1984-08-20	0.28	0.28	0.28	0.28	0
1984-08-21	0.28	0.28	0.28	0.28	0
1984-08-22	0.28	0.28	0.28	0.28	0
1984-08-23	0.28	0.28	0.28	0.28	0
1984-08-24	0.28	0.28	0.28	0.28	0
1984-08-27	0.28	0.28	0.28	0.28	0
1984-08-28	0.28	0.28	0.28	0.28	0
1984-08-29	0.28	0.29	0.28	0.28	18390
1984-08-30	0.28	0.29	0.28	0.28	1314
1984-08-31	0.28	0.29	0.28	0.28	40722
1984-09-04	0.29	0.30	0.29	0.29	28899
1984-09-05	0.29	0.29	0.29	0.29	0
1984-09-06	0.28	0.29	0.28	0.29	3941
1984-09-07	0.28	0.29	0.28	0.28	2627
1984-09-10	0.28	0.28	0.28	0.28	0
1984-09-11	0.28	0.28	0.28	0.28	0
1984-09-12	0.28	0.28	0.28	0.28	0
1984-09-13	0.28	0.29	0.28	0.28	5254
1984-09-14	0.28	0.28	0.28	0.28	0
1984-09-17	0.28	0.28	0.28	0.28	0
1984-09-18	0.29	0.30	0.29	0.29	1314
1984-09-19	0.29	0.29	0.29	0.29	0
1984-09-20	0.29	0.29	0.29	0.29	0
1984-09-21	0.29	0.29	0.29	0.29	0
1984-09-24	0.29	0.29	0.29	0.29	0
1984-09-25	0.29	0.29	0.29	0.29	0
1984-09-26	0.29	0.29	0.29	0.29	0
1984-09-27	0.29	0.29	0.29	0.29	0
1984-09-28	0.29	0.29	0.29	0.29	0
1984-10-01	0.29	0.29	0.29	0.29	0
1984-10-02	0.29	0.29	0.29	0.29	0
1984-10-03	0.29	0.29	0.29	0.29	0
1984-10-04	0.29	0.29	0.29	0.29	0
1984-10-05	0.28	0.29	0.28	0.29	32840
1984-10-08	0.28	0.28	0.28	0.28	0
1984-10-09	0.28	0.28	0.28	0.28	0
1984-10-10	0.28	0.28	0.28	0.28	0
1984-10-11	0.28	0.28	0.28	0.28	0
1984-10-12	0.28	0.28	0.28	0.28	0
1984-10-15	0.28	0.28	0.28	0.28	0
1984-10-16	0.27	0.28	0.27	0.28	0
1984-10-17	0.27	0.27	0.27	0.27	0
1984-10-18	0.27	0.27	0.27	0.27	0
1984-10-19	0.27	0.27	0.27	0.27	0
1984-10-22	0.28	0.29	0.28	0.28	5254
1984-10-23	0.28	0.28	0.28	0.28	0
1984-10-24	0.28	0.28	0.28	0.28	0
1984-10-25	0.28	0.28	0.28	0.28	0
1984-10-26	0.28	0.28	0.28	0.28	0
1984-10-29	0.28	0.28	0.28	0.28	0
1984-10-30	0.28	0.28	0.28	0.28	0
1984-10-31	0.28	0.28	0.28	0.28	0
1984-11-01	0.28	0.29	0.28	0.28	6568
1984-11-02	0.28	0.28	0.28	0.28	0
1984-11-05	0.28	0.29	0.28	0.28	2627
1984-11-06	0.28	0.29	0.28	0.28	18390
1984-11-07	0.28	0.28	0.28	0.28	0
1984-11-08	0.28	0.28	0.28	0.28	0
1984-11-09	0.28	0.28	0.28	0.28	0
1984-11-12	0.28	0.29	0.28	0.28	1314
1984-11-13	0.28	0.29	0.28	0.28	1314
1984-11-14	0.28	0.28	0.28	0.28	0
1984-11-15	0.28	0.29	0.28	0.28	23645
1984-11-16	0.28	0.29	0.28	0.28	40722
1984-11-19	0.28	0.28	0.28	0.28	0
1984-11-20	0.28	0.29	0.28	0.28	0
1984-11-21	0.28	0.29	0.28	0.28	1314
1984-11-23	0.28	0.28	0.28	0.28	0
1984-11-26	0.28	0.28	0.28	0.28	0
1984-11-27	0.28	0.28	0.28	0.28	0
1984-11-28	0.28	0.28	0.28	0.28	0
1984-11-29	0.28	0.28	0.28	0.28	0
1984-11-30	0.28	0.28	0.28	0.28	0
1984-12-03	0.28	0.28	0.28	0.28	0
1984-12-04	0.28	0.28	0.28	0.28	0
1984-12-05	0.28	0.28	0.28	0.28	0
1984-12-06	0.28	0.28	0.28	0.28	0
1984-12-07	0.28	0.28	0.28	0.28	0
1984-12-10	0.28	0.28	0.28	0.28	0
1984-12-11	0.29	0.30	0.29	0.29	23645
1984-12-12	0.29	0.29	0.29	0.29	0
1984-12-13	0.29	0.29	0.29	0.29	0
1984-12-14	0.30	0.31	0.30	0.30	3941
1984-12-17	0.30	0.30	0.30	0.30	0
1984-12-18	0.31	0.32	0.31	0.31	53858
1984-12-19	0.31	0.32	0.31	0.31	14450
1984-12-20	0.31	0.32	0.31	0.31	10509
1984-12-21	0.31	0.32	0.31	0.31	1314
1984-12-24	0.31	0.31	0.31	0.31	0
1984-12-26	0.31	0.31	0.31	0.31	0
1984-12-27	0.31	0.31	0.31	0.31	0
1984-12-28	0.30	0.31	0.30	0.31	1314
1984-12-31	0.30	0.31	0.30	0.30	3941
1985-01-02	0.30	0.31	0.30	0.30	1314
1985-01-03	0.30	0.30	0.30	0.30	0
1985-01-04	0.30	0.31	0.30	0.30	1314
1985-01-07	0.30	0.31	0.30	0.30	2627
1985-01-08	0.30	0.30	0.30	0.30	0
1985-01-09	0.30	0.30	0.30	0.30	0
1985-01-10	0.30	0.30	0.30	0.30	0
1985-01-11	0.30	0.30	0.30	0.30	0
1985-01-14	0.30	0.30	0.30	0.30	0
1985-01-15	0.30	0.31	0.30	0.30	1314
1985-01-16	0.30	0.30	0.30	0.30	0
1985-01-17	0.30	0.31	0.30	0.30	2627
1985-01-18	0.30	0.30	0.30	0.30	0
1985-01-21	0.30	0.30	0.30	0.30	0
1985-01-22	0.30	0.31	0.30	0.30	0
1985-01-23	0.30	0.31	0.30	0.30	2627
1985-01-24	0.30	0.31	0.30	0.30	6568
1985-01-25	0.30	0.30	0.30	0.30	0
1985-01-28	0.30	0.30	0.30	0.30	0
1985-01-29	0.30	0.31	0.30	0.30	1314
1985-01-30	0.30	0.30	0.30	0.30	0
1985-01-31	0.30	0.31	0.30	0.30	1314
1985-02-01	0.30	0.30	0.30	0.30	0
1985-02-04	0.30	0.31	0.30	0.30	3941
1985-02-05	0.30	0.30	0.30	0.30	0
1985-02-06	0.30	0.30	0.30	0.30	0
1985-02-07	0.30	0.30	0.30	0.30	3941
1985-02-08	0.29	0.30	0.29	0.30	7882
1985-02-11	0.29	0.30	0.29	0.29	0
1985-02-12	0.29	0.29	0.29	0.29	0
1985-02-13	0.29	0.29	0.29	0.29	0
1985-02-14	0.29	0.31	0.29	0.29	2627
1985-02-15	0.29	0.30	0.29	0.29	2627
1985-02-19	0.29	0.29	0.29	0.29	0
1985-02-20	0.29	0.29	0.29	0.29	0
1985-02-21	0.29	0.29	0.29	0.29	64366
1985-02-22	0.29	0.29	0.29	0.29	0
1985-02-25	0.28	0.29	0.28	0.29	3941
1985-02-26	0.28	0.28	0.28	0.28	0
1985-02-27	0.28	0.29	0.28	0.28	13136
1985-02-28	0.28	0.28	0.28	0.28	0
1985-03-01	0.28	0.28	0.28	0.28	0
1985-03-04	0.28	0.28	0.28	0.28	0
1985-03-05	0.28	0.29	0.28	0.28	26272
1985-03-06	0.28	0.28	0.28	0.28	0
1985-03-07	0.28	0.28	0.28	0.28	0
1985-03-08	0.29	0.30	0.29	0.29	68307
1985-03-11	0.29	0.30	0.29	0.29	66994
1985-03-12	0.29	0.29	0.29	0.29	0
1985-03-13	0.29	0.30	0.29	0.29	1314
1985-03-14	0.29	0.30	0.29	0.29	0
1985-03-15	0.30	0.31	0.30	0.30	1314
1985-03-18	0.30	0.30	0.30	0.30	0
1985-03-19	0.30	0.31	0.30	0.30	2627
1985-03-20	0.30	0.30	0.30	0.30	0
1985-03-21	0.31	0.32	0.31	0.31	3941
1985-03-22	0.31	0.32	0.31	0.31	1314
1985-03-25	0.31	0.32	0.31	0.31	6568
1985-03-26	0.31	0.31	0.31	0.31	0
1985-03-27	0.31	0.31	0.31	0.31	0
1985-03-28	0.32	0.33	0.32	0.32	44662
1985-03-29	0.31	0.32	0.31	0.32	1314
1985-04-01	0.31	0.32	0.31	0.31	40722
1985-04-02	0.31	0.32	0.31	0.31	2627
1985-04-03	0.31	0.31	0.31	0.31	0
1985-04-04	0.31	0.31	0.31	0.31	0
1985-04-08	0.31	0.31	0.31	0.31	0
1985-04-09	0.30	0.31	0.30	0.31	49917
1985-04-10	0.30	0.30	0.30	0.30	0
1985-04-11	0.30	0.30	0.30	0.30	0
1985-04-12	0.30	0.30	0.30	0.30	0
1985-04-15	0.31	0.32	0.31	0.31	3941
1985-04-16	0.31	0.32	0.31	0.31	2627
1985-04-17	0.31	0.31	0.31	0.31	0
1985-04-18	0.31	0.32	0.31	0.31	1314
1985-04-19	0.31	0.31	0.31	0.31	0
1985-04-22	0.31	0.31	0.31	0.31	0
1985-04-23	0.31	0.31	0.31	0.31	0
1985-04-24	0.31	0.31	0.31	0.31	0
1985-04-25	0.31	0.31	0.31	0.31	0
1985-04-26	0.31	0.31	0.31	0.31	0
1985-04-29	0.31	0.31	0.31	0.31	0
1985-04-30	0.31	0.32	0.31	0.31	53858
1985-05-01	0.31	0.31	0.31	0.31	0
1985-05-02	0.31	0.31	0.31	0.31	0
1985-05-03	0.31	0.32	0.31	0.31	0
1985-05-06	0.31	0.31	0.31	0.31	0
1985-05-07	0.31	0.31	0.31	0.31	0
1985-05-08	0.32	0.32	0.32	0.32	1314
1985-05-09	0.31	0.32	0.31	0.32	1314
1985-05-10	0.31	0.32	0.31	0.31	0
1985-05-13	0.31	0.31	0.31	0.31	0
1985-05-14	0.31	0.31	0.31	0.31	0
1985-05-15	0.32	0.33	0.32	0.32	18390
1985-05-16	0.32	0.32	0.32	0.32	0
1985-05-17	0.32	0.32	0.32	0.32	0
1985-05-20	0.33	0.33	0.33	0.33	18390
1985-05-21	0.33	0.33	0.33	0.33	0
1985-05-22	0.33	0.33	0.33	0.33	0
1985-05-23	0.33	0.33	0.33	0.33	0
1985-05-24	0.33	0.33	0.33	0.33	0
1985-05-28	0.33	0.33	0.33	0.33	0
1985-05-29	0.33	0.33	0.33	0.33	0
1985-05-30	0.33	0.33	0.33	0.33	0
1985-05-31	0.33	0.33	0.33	0.33	0
1985-06-03	0.33	0.33	0.33	0.33	0
1985-06-04	0.35	0.35	0.34	0.34	2627
1985-06-05	0.35	0.35	0.35	0.35	0
1985-06-06	0.35	0.35	0.35	0.35	0
1985-06-07	0.35	0.35	0.35	0.35	0
1985-06-10	0.35	0.35	0.35	0.35	0
1985-06-11	0.35	0.35	0.35	0.35	0
1985-06-12	0.35	0.35	0.35	0.35	0
1985-06-13	0.35	0.35	0.35	0.35	0
1985-06-14	0.35	0.35	0.35	0.35	0
1985-06-17	0.35	0.35	0.34	0.35	39408
1985-06-18	0.35	0.35	0.35	0.35	0
1985-06-19	0.35	0.35	0.35	0.35	0
1985-06-20	0.35	0.35	0.35	0.35	0
1985-06-21	0.35	0.35	0.35	0.35	0
1985-06-24	0.36	0.36	0.36	0.36	2627
1985-06-25	0.36	0.36	0.36	0.36	0
1985-06-26	0.36	0.36	0.36	0.36	0
1985-06-27	0.36	0.36	0.36	0.36	0
1985-06-28	0.35	0.35	0.35	0.35	236448
1985-07-01	0.35	0.35	0.35	0.35	0
1985-07-02	0.35	0.35	0.35	0.35	0
1985-07-03	0.36	0.36	0.36	0.36	5254
1985-07-05	0.36	0.36	0.36	0.36	0
1985-07-08	0.36	0.36	0.36	0.36	2627
1985-07-09	0.36	0.36	0.36	0.36	0
1985-07-10	0.36	0.36	0.36	0.36	0
1985-07-11	0.36	0.36	0.36	0.36	0
1985-07-12	0.36	0.36	0.36	0.36	0
1985-07-15	0.36	0.36	0.36	0.36	0
1985-07-16	0.37	0.37	0.36	0.36	103774
1985-07-17	0.37	0.37	0.37	0.37	0
1985-07-18	0.37	0.37	0.37	0.37	0
1985-07-19	0.37	0.37	0.37	0.37	0
1985-07-22	0.37	0.37	0.37	0.37	0
1985-07-23	0.37	0.37	0.37	0.37	0
1985-07-24	0.37	0.37	0.37	0.37	13136
1985-07-25	0.37	0.37	0.37	0.37	11822
1985-07-26	0.36	0.36	0.36	0.36	3941
1985-07-29	0.36	0.36	0.36	0.36	0
1985-07-30	0.36	0.36	0.36	0.36	0
1985-07-31	0.36	0.36	0.36	0.36	0
1985-08-01	0.37	0.37	0.37	0.37	70934
1985-08-02	0.37	0.37	0.37	0.37	0
1985-08-05	0.37	0.37	0.37	0.37	0
1985-08-06	0.37	0.37	0.37	0.37	0
1985-08-07	0.37	0.37	0.37	0.37	0
1985-08-08	0.37	0.37	0.36	0.37	2627
1985-08-09	0.37	0.37	0.37	0.37	76189
1985-08-12	0.37	0.37	0.36	0.37	18390
1985-08-13	0.37	0.37	0.37	0.37	0
1985-08-14	0.37	0.37	0.37	0.37	0
1985-08-15	0.36	0.36	0.36	0.36	2627
1985-08-16	0.36	0.36	0.36	0.36	0
1985-08-19	0.36	0.36	0.36	0.36	0
1985-08-20	0.36	0.36	0.36	0.36	47290
1985-08-21	0.36	0.36	0.36	0.36	0
1985-08-22	0.36	0.36	0.36	0.36	0
1985-08-23	0.36	0.36	0.36	0.36	0
1985-08-26	0.36	0.36	0.36	0.36	0
1985-08-27	0.36	0.36	0.36	0.36	0
1985-08-28	0.36	0.36	0.36	0.36	0
1985-08-29	0.36	0.36	0.36	0.36	0
1985-08-30	0.35	0.35	0.35	0.35	9195
1985-09-03	0.35	0.35	0.35	0.35	0
1985-09-04	0.36	0.36	0.35	0.35	5254
1985-09-05	0.36	0.36	0.36	0.36	0
1985-09-06	0.36	0.36	0.36	0.36	0
1985-09-09	0.36	0.36	0.36	0.36	24958
1985-09-10	0.36	0.36	0.36	0.36	77502
1985-09-11	0.36	0.36	0.36	0.36	0
1985-09-12	0.36	0.36	0.36	0.36	0
1985-09-13	0.35	0.36	0.35	0.36	64366
1985-09-16	0.36	0.36	0.36	0.36	13136
1985-09-17	0.36	0.36	0.36	0.36	0
1985-09-18	0.36	0.36	0.36	0.36	0
1985-09-19	0.36	0.36	0.36	0.36	0
1985-09-20	0.36	0.36	0.36	0.36	0
1985-09-23	0.38	0.38	0.38	0.38	48603
1985-09-24	0.37	0.37	0.37	0.37	52544
1985-09-25	0.37	0.37	0.37	0.37	0
1985-09-26	0.37	0.37	0.37	0.37	0
1985-09-30	0.37	0.37	0.37	0.37	0
1985-10-01	0.36	0.36	0.36	0.36	3941
1985-10-02	0.36	0.36	0.36	0.36	0
1985-10-03	0.36	0.36	0.36	0.36	0
1985-10-04	0.36	0.36	0.36	0.36	0
1985-10-07	0.36	0.36	0.36	0.36	0
1985-10-08	0.36	0.36	0.36	0.36	14450
1985-10-09	0.36	0.36	0.36	0.36	0
1985-10-10	0.36	0.36	0.36	0.36	0
1985-10-11	0.36	0.36	0.36	0.36	0
1985-10-14	0.35	0.35	0.35	0.35	1314
1985-10-15	0.35	0.35	0.35	0.35	0
1985-10-16	0.35	0.35	0.35	0.35	0
1985-10-17	0.35	0.35	0.35	0.35	0
1985-10-18	0.35	0.35	0.35	0.35	0
1985-10-21	0.35	0.35	0.35	0.35	0
1985-10-22	0.35	0.35	0.35	0.35	0
1985-10-23	0.35	0.35	0.35	0.35	0
1985-10-24	0.35	0.35	0.35	0.35	0
1985-10-25	0.36	0.36	0.36	0.36	17077
1985-10-28	0.36	0.36	0.36	0.36	0
1985-10-29	0.36	0.36	0.36	0.36	0
1985-10-30	0.36	0.36	0.36	0.36	0
1985-10-31	0.36	0.36	0.36	0.36	0
1985-11-01	0.37	0.37	0.37	0.37	21018
1985-11-04	0.37	0.37	0.37	0.37	0
1985-11-05	0.37	0.37	0.37	0.37	0
1985-11-06	0.37	0.37	0.37	0.37	0
1985-11-07	0.37	0.37	0.37	0.37	0
1985-11-08	0.37	0.37	0.37	0.37	0
1985-11-11	0.37	0.37	0.37	0.37	0
1985-11-12	0.37	0.37	0.37	0.37	0
1985-11-13	0.37	0.37	0.37	0.37	0
1985-11-14	0.37	0.37	0.37	0.37	0
1985-11-15	0.39	0.39	0.39	0.39	1314
1985-11-18	0.39	0.39	0.39	0.39	0
1985-11-19	0.38	0.38	0.38	0.38	5254
1985-11-20	0.38	0.38	0.38	0.38	0
1985-11-21	0.37	0.37	0.37	0.37	273229
1985-11-22	0.37	0.37	0.37	0.37	0
1985-11-25	0.38	0.38	0.38	0.38	11822
1985-11-26	0.38	0.38	0.38	0.38	0
1985-11-27	0.38	0.38	0.38	0.38	1314
1985-11-29	0.38	0.38	0.38	0.38	0
1985-12-02	0.38	0.38	0.38	0.38	0
1985-12-03	0.37	0.37	0.37	0.37	1314
1985-12-04	0.37	0.37	0.37	0.37	0
1985-12-05	0.38	0.38	0.37	0.37	2627
1985-12-06	0.38	0.38	0.38	0.38	0
1985-12-09	0.37	0.37	0.37	0.37	11822
1985-12-10	0.37	0.37	0.37	0.37	0
1985-12-11	0.36	0.36	0.36	0.36	3941
1985-12-12	0.35	0.36	0.35	0.36	21018
1985-12-13	0.36	0.36	0.36	0.36	2627
1985-12-16	0.36	0.36	0.36	0.36	7882
1985-12-17	0.36	0.36	0.36	0.36	0
1985-12-18	0.36	0.36	0.36	0.36	0
1985-12-19	0.36	0.36	0.36	0.36	187845
1985-12-20	0.36	0.36	0.36	0.36	0
1985-12-23	0.36	0.36	0.36	0.36	0
1985-12-24	0.36	0.36	0.36	0.36	0
1985-12-26	0.36	0.36	0.36	0.36	0
1985-12-27	0.36	0.36	0.36	0.36	0
1985-12-30	0.36	0.36	0.36	0.36	0
1985-12-31	0.36	0.36	0.36	0.36	0
1986-01-02	0.35	0.35	0.35	0.35	2627
1986-01-03	0.36	0.36	0.36	0.36	3941
1986-01-06	0.35	0.35	0.35	0.35	1314
1986-01-07	0.35	0.35	0.35	0.35	0
1986-01-08	0.35	0.35	0.35	0.35	0
1986-01-09	0.35	0.35	0.35	0.35	1314
1986-01-10	0.35	0.35	0.35	0.35	0
1986-01-13	0.35	0.35	0.35	0.35	0
1986-01-14	0.35	0.35	0.35	0.35	0
1986-01-15	0.35	0.35	0.35	0.35	0
1986-01-16	0.35	0.35	0.35	0.35	0
1986-01-17	0.35	0.35	0.35	0.35	6568
1986-01-20	0.35	0.35	0.35	0.35	0
1986-01-21	0.35	0.35	0.35	0.35	0
1986-01-22	0.35	0.35	0.35	0.35	0
1986-01-23	0.35	0.35	0.35	0.35	0
1986-01-24	0.35	0.35	0.35	0.35	0
1986-01-27	0.35	0.35	0.35	0.35	7882
1986-01-28	0.35	0.35	0.35	0.35	13136
1986-01-29	0.35	0.35	0.35	0.35	0
1986-01-30	0.35	0.35	0.35	0.35	0
1986-01-31	0.34	0.34	0.34	0.34	1314
1986-02-03	0.34	0.34	0.34	0.34	0
1986-02-04	0.34	0.34	0.34	0.34	0
1986-02-05	0.31	0.31	0.31	0.31	1314
1986-02-06	0.31	0.31	0.31	0.31	187845
1986-02-07	0.31	0.31	0.31	0.31	57798
1986-02-10	0.31	0.31	0.31	0.31	32840
1986-02-11	0.32	0.32	0.32	0.32	18390
1986-02-12	0.32	0.32	0.32	0.32	2627
1986-02-13	0.32	0.32	0.32	0.32	0
1986-02-14	0.32	0.32	0.32	0.32	0
1986-02-18	0.32	0.32	0.32	0.32	0
1986-02-19	0.32	0.32	0.32	0.32	0
1986-02-20	0.32	0.32	0.32	0.32	0
1986-02-21	0.32	0.32	0.32	0.32	0
1986-02-24	0.32	0.32	0.32	0.32	0
1986-02-25	0.32	0.32	0.32	0.32	0
1986-02-26	0.32	0.32	0.32	0.32	0
1986-02-27	0.32	0.32	0.32	0.32	0
1986-02-28	0.32	0.32	0.32	0.32	0
1986-03-03	0.32	0.32	0.32	0.32	0
1986-03-04	0.32	0.32	0.32	0.32	5254
1986-03-05	0.32	0.32	0.32	0.32	0
1986-03-06	0.32	0.32	0.32	0.32	9195
1986-03-07	0.32	0.32	0.32	0.32	15763
1986-03-10	0.32	0.32	0.32	0.32	0
1986-03-11	0.32	0.32	0.32	0.32	2627
1986-03-12	0.33	0.33	0.33	0.33	6568
1986-03-13	0.33	0.33	0.33	0.33	0
1986-03-14	0.33	0.33	0.33	0.33	0
1986-03-17	0.33	0.33	0.33	0.33	0
1986-03-18	0.34	0.34	0.34	0.34	3941
1986-03-19	0.34	0.35	0.34	0.34	304755
1986-03-20	0.34	0.34	0.34	0.34	0
1986-03-21	0.34	0.34	0.34	0.34	0
1986-03-24	0.34	0.34	0.34	0.34	2627
1986-03-25	0.33	0.33	0.33	0.33	7882
1986-03-26	0.33	0.33	0.33	0.33	0
1986-03-27	0.33	0.33	0.33	0.33	1314
1986-03-31	0.34	0.34	0.34	0.34	28899
1986-04-01	0.37	0.38	0.35	0.35	419038
1986-04-02	0.37	0.37	0.37	0.37	0
1986-04-03	0.36	0.36	0.36	0.36	5254
1986-04-04	0.37	0.37	0.37	0.37	2627
1986-04-07	0.37	0.37	0.37	0.37	0
1986-04-08	0.36	0.36	0.36	0.36	19704
1986-04-09	0.37	0.37	0.37	0.37	13136
1986-04-10	0.37	0.37	0.37	0.37	2627
1986-04-11	0.38	0.38	0.37	0.37	19704
1986-04-14	0.38	0.38	0.38	0.38	0
1986-04-15	0.38	0.38	0.38	0.38	0
1986-04-16	0.38	0.38	0.38	0.38	0
1986-04-17	0.38	0.38	0.38	0.38	0
1986-04-18	0.38	0.38	0.38	0.38	0
1986-04-21	0.37	0.37	0.37	0.37	13136
1986-04-22	0.37	0.37	0.37	0.37	0
1986-04-23	0.37	0.37	0.37	0.37	6568
1986-04-24	0.36	0.36	0.36	0.36	1314
1986-04-25	0.36	0.36	0.36	0.36	0
1986-04-28	0.36	0.36	0.36	0.36	0
1986-04-29	0.36	0.36	0.36	0.36	0
1986-04-30	0.36	0.36	0.36	0.36	0
1986-05-01	0.36	0.36	0.36	0.36	0
1986-05-02	0.37	0.37	0.37	0.37	5254
1986-05-05	0.37	0.37	0.37	0.37	0
1986-05-06	0.37	0.37	0.37	0.37	0
1986-05-07	0.37	0.37	0.37	0.37	0
1986-05-08	0.37	0.37	0.37	0.37	0
1986-05-09	0.37	0.37	0.37	0.37	0
1986-05-12	0.36	0.36	0.36	0.36	1314
1986-05-13	0.36	0.36	0.36	0.36	0
1986-05-14	0.36	0.36	0.36	0.36	0
1986-05-15	0.37	0.37	0.37	0.37	1314
1986-05-16	0.37	0.37	0.37	0.37	0
1986-05-19	0.37	0.37	0.37	0.37	0
1986-05-20	0.37	0.37	0.37	0.37	0
1986-05-21	0.37	0.37	0.37	0.37	0
1986-05-22	0.38	0.38	0.38	0.38	26272
1986-05-23	0.38	0.38	0.38	0.38	0
1986-05-27	0.38	0.38	0.37	0.38	7882
1986-05-28	0.37	0.37	0.37	0.37	1314
1986-05-29	0.37	0.37	0.37	0.37	0
1986-05-30	0.37	0.37	0.37	0.37	0
1986-06-02	0.37	0.37	0.37	0.37	0
1986-06-03	0.37	0.37	0.37	0.37	0
1986-06-04	0.37	0.37	0.37	0.37	0
1986-06-05	0.37	0.37	0.37	0.37	2627
1986-06-06	0.37	0.37	0.37	0.37	0
1986-06-09	0.37	0.37	0.37	0.37	0
1986-06-10	0.36	0.36	0.36	0.36	1314
1986-06-11	0.36	0.36	0.36	0.36	0
1986-06-12	0.36	0.36	0.36	0.36	0
1986-06-13	0.36	0.36	0.36	0.36	0
1986-06-16	0.38	0.38	0.38	0.38	1314
1986-06-17	0.38	0.38	0.38	0.38	0
1986-06-18	0.38	0.38	0.38	0.38	0
1986-06-19	0.38	0.38	0.38	0.38	0
1986-06-20	0.38	0.38	0.38	0.38	0
1986-06-23	0.37	0.37	0.37	0.37	52544
1986-06-24	0.37	0.37	0.37	0.37	42035
1986-06-25	0.37	0.37	0.37	0.37	0
1986-06-26	0.37	0.37	0.37	0.37	0
1986-06-27	0.37	0.37	0.37	0.37	0
1986-06-30	0.36	0.36	0.36	0.36	5254
1986-07-01	0.36	0.36	0.36	0.36	0
1986-07-02	0.36	0.36	0.36	0.36	0
1986-07-03	0.37	0.37	0.37	0.37	3941
1986-07-07	0.37	0.37	0.37	0.37	0
1986-07-08	0.36	0.36	0.36	0.36	1314
1986-07-09	0.36	0.36	0.36	0.36	0
1986-07-10	0.37	0.37	0.37	0.37	5254
1986-07-11	0.37	0.37	0.37	0.37	0
1986-07-14	0.37	0.37	0.37	0.37	0
1986-07-15	0.37	0.37	0.37	0.37	0
1986-07-16	0.37	0.37	0.37	0.37	0
1986-07-17	0.36	0.36	0.36	0.36	55171
1986-07-18	0.36	0.36	0.36	0.36	3941
1986-07-21	0.36	0.36	0.35	0.36	111656
1986-07-22	0.35	0.35	0.35	0.35	11822
1986-07-23	0.35	0.35	0.35	0.35	0
1986-07-24	0.35	0.35	0.35	0.35	65680
1986-07-25	0.35	0.35	0.35	0.35	0
1986-07-28	0.35	0.35	0.35	0.35	1314
1986-07-29	0.35	0.35	0.35	0.35	0
1986-07-30	0.35	0.35	0.35	0.35	0
1986-07-31	0.35	0.35	0.35	0.35	0
1986-08-01	0.35	0.35	0.35	0.35	0
1986-08-04	0.32	0.33	0.32	0.33	14450
1986-08-05	0.33	0.33	0.33	0.33	1314
1986-08-06	0.33	0.33	0.33	0.33	2627
1986-08-07	0.33	0.33	0.33	0.33	0
1986-08-08	0.33	0.33	0.33	0.33	0
1986-08-11	0.33	0.33	0.33	0.33	0
1986-08-12	0.33	0.33	0.33	0.33	0
1986-08-13	0.33	0.33	0.33	0.33	5254
1986-08-14	0.33	0.33	0.33	0.33	76189
1986-08-15	0.32	0.32	0.32	0.32	21018
1986-08-18	0.32	0.32	0.32	0.32	0
1986-08-19	0.32	0.32	0.32	0.32	0
1986-08-20	0.32	0.32	0.32	0.32	0
1986-08-21	0.33	0.33	0.33	0.33	43349
1986-08-22	0.33	0.33	0.33	0.33	0
1986-08-25	0.33	0.33	0.33	0.33	0
1986-08-26	0.33	0.33	0.33	0.33	0
1986-08-27	0.33	0.33	0.33	0.33	10509
1986-08-28	0.33	0.33	0.33	0.33	0
1986-08-29	0.33	0.33	0.33	0.33	0
1986-09-02	0.35	0.35	0.34	0.34	5254
1986-09-03	0.35	0.35	0.35	0.35	0
1986-09-04	0.35	0.35	0.34	0.35	51230
1986-09-05	0.35	0.35	0.34	0.35	28899
1986-09-08	0.35	0.35	0.35	0.35	0
1986-09-09	0.35	0.35	0.35	0.35	10509
1986-09-10	0.35	0.35	0.35	0.35	0
1986-09-11	0.35	0.35	0.35	0.35	105088
1986-09-12	0.35	0.35	0.35	0.35	0
1986-09-15	0.35	0.35	0.35	0.35	0
1986-09-16	0.35	0.35	0.35	0.35	0
1986-09-17	0.35	0.35	0.35	0.35	0
1986-09-18	0.35	0.35	0.35	0.35	0
1986-09-19	0.35	0.35	0.35	0.35	0
1986-09-22	0.35	0.35	0.35	0.35	0
1986-09-23	0.35	0.35	0.35	0.35	0
1986-09-24	0.34	0.34	0.34	0.34	9195
1986-09-25	0.34	0.34	0.34	0.34	0
1986-09-26	0.34	0.34	0.34	0.34	0
1986-09-29	0.34	0.34	0.34	0.34	0
1986-09-30	0.34	0.34	0.34	0.34	0
1986-10-01	0.34	0.34	0.34	0.34	0
1986-10-02	0.34	0.34	0.34	0.34	0
1986-10-03	0.34	0.34	0.34	0.34	0
1986-10-06	0.34	0.34	0.34	0.34	45976
1986-10-07	0.34	0.34	0.34	0.34	0
1986-10-08	0.34	0.34	0.34	0.34	0
1986-10-09	0.35	0.35	0.34	0.34	26272
1986-10-10	0.35	0.35	0.35	0.35	0
1986-10-13	0.35	0.35	0.35	0.35	0
1986-10-14	0.35	0.35	0.35	0.35	0
1986-10-15	0.34	0.34	0.34	0.34	1314
1986-10-16	0.35	0.35	0.34	0.34	35467
1986-10-17	0.35	0.35	0.35	0.35	0
1986-10-20	0.35	0.35	0.35	0.35	0
1986-10-21	0.34	0.34	0.34	0.34	6568
1986-10-22	0.34	0.34	0.34	0.34	0
1986-10-23	0.33	0.33	0.33	0.33	2627
1986-10-24	0.33	0.33	0.33	0.33	1314
1986-10-27	0.33	0.33	0.33	0.33	0
1986-10-28	0.33	0.33	0.33	0.33	17077
1986-10-29	0.34	0.34	0.34	0.34	1314
1986-10-30	0.34	0.34	0.34	0.34	0
1986-10-31	0.34	0.34	0.34	0.34	0
1986-11-03	0.32	0.32	0.32	0.32	40722
1986-11-04	0.32	0.32	0.32	0.32	0
1986-11-05	0.33	0.33	0.33	0.33	19704
1986-11-06	0.33	0.33	0.33	0.33	0
1986-11-07	0.33	0.33	0.33	0.33	0
1986-11-10	0.33	0.33	0.33	0.33	0
1986-11-11	0.33	0.33	0.33	0.33	0
1986-11-12	0.33	0.33	0.33	0.33	3941
1986-11-13	0.33	0.33	0.33	0.33	0
1986-11-14	0.33	0.33	0.33	0.33	2627
1986-11-17	0.33	0.33	0.33	0.33	0
1986-11-18	0.33	0.33	0.33	0.33	0
1986-11-19	0.33	0.33	0.33	0.33	0
1986-11-20	0.33	0.33	0.33	0.33	0
1986-11-21	0.33	0.33	0.33	0.33	0
1986-11-24	0.33	0.33	0.33	0.33	0
1986-11-25	0.33	0.33	0.33	0.33	0
1986-11-26	0.33	0.33	0.33	0.33	0
1986-11-28	0.33	0.33	0.33	0.33	0
1986-12-01	0.33	0.33	0.33	0.33	0
1986-12-02	0.33	0.33	0.33	0.33	0
1986-12-03	0.33	0.33	0.33	0.33	13136
1986-12-04	0.33	0.33	0.33	0.33	0
1986-12-05	0.33	0.33	0.33	0.33	3941
1986-12-08	0.33	0.33	0.33	0.33	0
1986-12-09	0.33	0.33	0.33	0.33	0
1986-12-10	0.33	0.33	0.33	0.33	0
1986-12-11	0.33	0.33	0.33	0.33	1314
1986-12-12	0.33	0.33	0.33	0.33	6568
1986-12-15	0.33	0.33	0.33	0.33	0
1986-12-16	0.33	0.33	0.33	0.33	1314
1986-12-17	0.33	0.33	0.33	0.33	0
1986-12-18	0.32	0.32	0.32	0.32	3941
1986-12-19	0.33	0.33	0.32	0.32	47290
1986-12-22	0.33	0.33	0.33	0.33	27586
1986-12-23	0.33	0.33	0.33	0.33	2627
1986-12-24	0.33	0.33	0.33	0.33	0
1986-12-26	0.34	0.34	0.34	0.34	1314
1986-12-29	0.34	0.34	0.33	0.34	15763
1986-12-30	0.33	0.33	0.33	0.33	6568
1986-12-31	0.33	0.33	0.33	0.33	0
1987-01-02	0.33	0.33	0.33	0.33	0
1987-01-05	0.34	0.34	0.34	0.34	10509
1987-01-06	0.34	0.35	0.34	0.34	5254
1987-01-07	0.34	0.34	0.34	0.34	0
1987-01-08	0.34	0.34	0.34	0.34	0
1987-01-09	0.36	0.36	0.35	0.35	2627
1987-01-12	0.37	0.37	0.37	0.37	15763
1987-01-13	0.37	0.37	0.37	0.37	0
1987-01-14	0.37	0.37	0.37	0.37	1314
1987-01-15	0.37	0.37	0.37	0.37	2627
1987-01-16	0.37	0.37	0.37	0.37	0
1987-01-19	0.37	0.37	0.37	0.37	0
1987-01-20	0.37	0.37	0.37	0.37	9195
1987-01-21	0.37	0.38	0.37	0.37	3941
1987-01-22	0.37	0.37	0.37	0.37	0
1987-01-23	0.38	0.38	0.38	0.38	21018
1987-01-26	0.38	0.38	0.38	0.38	0
1987-01-27	0.39	0.39	0.39	0.39	23645
1987-01-28	0.39	0.39	0.38	0.39	2627
1987-01-29	0.38	0.38	0.38	0.38	11822
1987-01-30	0.40	0.40	0.39	0.39	35467
1987-02-02	0.40	0.40	0.40	0.40	2627
1987-02-03	0.40	0.40	0.40	0.40	0
1987-02-04	0.40	0.41	0.40	0.40	14450
1987-02-05	0.41	0.41	0.41	0.41	97206
1987-02-06	0.42	0.42	0.41	0.41	11822
1987-02-09	0.42	0.42	0.42	0.42	0
1987-02-10	0.41	0.41	0.41	0.41	47290
1987-02-11	0.41	0.41	0.41	0.41	0
1987-02-12	0.40	0.40	0.40	0.40	32840
1987-02-13	0.39	0.39	0.39	0.39	18390
1987-02-17	0.39	0.39	0.39	0.39	3941
1987-02-18	0.39	0.39	0.39	0.39	1314
1987-02-19	0.40	0.40	0.40	0.40	31526
1987-02-20	0.40	0.40	0.40	0.40	0
1987-02-23	0.40	0.40	0.40	0.40	0
1987-02-24	0.39	0.39	0.39	0.39	5254
1987-02-25	0.39	0.39	0.39	0.39	1314
1987-02-26	0.38	0.38	0.38	0.38	5254
1987-02-27	0.38	0.38	0.38	0.38	0
1987-03-02	0.38	0.38	0.38	0.38	0
1987-03-03	0.38	0.38	0.38	0.38	5254
1987-03-04	0.38	0.38	0.38	0.38	0
1987-03-05	0.38	0.38	0.38	0.38	0
1987-03-06	0.38	0.38	0.38	0.38	0
1987-03-09	0.38	0.38	0.38	0.38	0
1987-03-10	0.40	0.40	0.40	0.40	1314
1987-03-11	0.40	0.40	0.40	0.40	0
1987-03-12	0.41	0.41	0.41	0.41	27586
1987-03-13	0.41	0.41	0.41	0.41	47290
1987-03-16	0.41	0.41	0.41	0.41	0
1987-03-17	0.42	0.42	0.42	0.42	6568
1987-03-18	0.42	0.43	0.42	0.42	11822
1987-03-19	0.43	0.43	0.43	0.43	9195
1987-03-20	0.44	0.44	0.44	0.44	5254
1987-03-23	0.44	0.44	0.44	0.44	0
1987-03-24	0.44	0.44	0.44	0.44	0
1987-03-25	0.43	0.43	0.43	0.43	5254
1987-03-26	0.43	0.43	0.43	0.43	0
1987-03-27	0.43	0.43	0.43	0.43	0
1987-03-30	0.43	0.43	0.43	0.43	0
1987-03-31	0.42	0.42	0.42	0.42	5254
1987-04-01	0.42	0.42	0.42	0.42	0
1987-04-02	0.43	0.43	0.43	0.43	6568
1987-04-03	0.43	0.43	0.43	0.43	0
1987-04-06	0.43	0.43	0.43	0.43	0
1987-04-07	0.43	0.43	0.43	0.43	0
1987-04-08	0.43	0.43	0.43	0.43	0
1987-04-09	0.43	0.43	0.43	0.43	0
1987-04-10	0.43	0.43	0.43	0.43	0
1987-04-13	0.44	0.44	0.44	0.44	5254
1987-04-14	0.44	0.44	0.44	0.44	2627
1987-04-15	0.44	0.44	0.44	0.44	0
1987-04-16	0.44	0.44	0.44	0.44	0
1987-04-20	0.44	0.44	0.44	0.44	81443
1987-04-21	0.44	0.44	0.44	0.44	1314
1987-04-22	0.44	0.44	0.44	0.44	0
1987-04-23	0.43	0.43	0.43	0.43	10509
1987-04-24	0.43	0.43	0.43	0.43	0
1987-04-27	0.43	0.43	0.43	0.43	5254
1987-04-28	0.43	0.43	0.43	0.43	0
1987-04-29	0.43	0.43	0.43	0.43	0
1987-04-30	0.43	0.43	0.43	0.43	0
1987-05-01	0.43	0.43	0.43	0.43	0
1987-05-04	0.43	0.43	0.43	0.43	0
1987-05-05	0.41	0.41	0.41	0.41	7882
1987-05-06	0.41	0.41	0.41	0.41	0
1987-05-07	0.41	0.41	0.41	0.41	0
1987-05-08	0.41	0.41	0.41	0.41	0
1987-05-11	0.42	0.42	0.42	0.42	21018
1987-05-12	0.42	0.43	0.42	0.42	14450
1987-05-13	0.42	0.42	0.42	0.42	0
1987-05-14	0.42	0.42	0.42	0.42	0
1987-05-15	0.44	0.44	0.44	0.44	9195
1987-05-18	0.44	0.44	0.44	0.44	1314
1987-05-19	0.44	0.44	0.44	0.44	6568
1987-05-20	0.44	0.44	0.44	0.44	0
1987-05-21	0.44	0.44	0.44	0.44	0
1987-05-22	0.44	0.44	0.44	0.44	1314
1987-05-26	0.44	0.44	0.44	0.44	0
1987-05-27	0.44	0.44	0.44	0.44	0
1987-05-28	0.44	0.44	0.44	0.44	0
1987-05-29	0.44	0.44	0.44	0.44	0
1987-06-01	0.42	0.42	0.42	0.42	18390
1987-06-02	0.42	0.42	0.42	0.42	0
1987-06-03	0.42	0.42	0.42	0.42	0
1987-06-04	0.42	0.42	0.42	0.42	0
1987-06-05	0.42	0.42	0.42	0.42	0
1987-06-08	0.42	0.42	0.42	0.42	0
1987-06-09	0.42	0.42	0.42	0.42	0
1987-06-10	0.43	0.43	0.43	0.43	9195
1987-06-11	0.43	0.43	0.43	0.43	9195
1987-06-12	0.43	0.43	0.43	0.43	0
1987-06-15	0.43	0.43	0.43	0.43	0
1987-06-16	0.43	0.43	0.43	0.43	0
1987-06-17	0.43	0.43	0.43	0.43	0
1987-06-18	0.43	0.43	0.43	0.43	0
1987-06-19	0.44	0.44	0.44	0.44	26272
1987-06-22	0.44	0.44	0.44	0.44	1314
1987-06-23	0.44	0.44	0.44	0.44	0
1987-06-24	0.44	0.44	0.44	0.44	0
1987-06-25	0.44	0.44	0.44	0.44	0
1987-06-26	0.44	0.45	0.44	0.44	105088
1987-06-29	0.44	0.44	0.44	0.44	0
1987-06-30	0.44	0.44	0.44	0.44	0
1987-07-01	0.44	0.44	0.44	0.44	0
1987-07-02	0.44	0.44	0.44	0.44	0
1987-07-06	0.46	0.46	0.46	0.46	19704
1987-07-07	0.46	0.46	0.46	0.46	0
1987-07-08	0.46	0.46	0.46	0.46	0
1987-07-09	0.46	0.46	0.46	0.46	6568
1987-07-10	0.47	0.47	0.47	0.47	2627
1987-07-13	0.47	0.47	0.47	0.47	2627
1987-07-14	0.47	0.47	0.47	0.47	2627
1987-07-15	0.47	0.47	0.47	0.47	0
1987-07-16	0.47	0.47	0.47	0.47	0
1987-07-17	0.49	0.49	0.48	0.48	2627
1987-07-20	0.49	0.49	0.49	0.49	0
1987-07-21	0.49	0.49	0.49	0.49	0
1987-07-22	0.48	0.48	0.48	0.48	6568
1987-07-23	0.48	0.48	0.48	0.48	2627
1987-07-24	0.48	0.48	0.48	0.48	0
1987-07-27	0.47	0.47	0.47	0.47	40722
1987-07-28	0.47	0.47	0.47	0.47	0
1987-07-29	0.47	0.47	0.47	0.47	0
1987-07-30	0.46	0.46	0.46	0.46	1314
1987-07-31	0.46	0.46	0.46	0.46	0
1987-08-03	0.46	0.46	0.46	0.46	38094
1987-08-04	0.46	0.46	0.46	0.46	0
1987-08-05	0.46	0.46	0.46	0.46	0
1987-08-06	0.47	0.47	0.47	0.47	43349
1987-08-07	0.47	0.47	0.47	0.47	0
1987-08-10	0.47	0.47	0.47	0.47	0
1987-08-11	0.47	0.47	0.47	0.47	7882
1987-08-12	0.47	0.47	0.47	0.47	0
1987-08-13	0.48	0.48	0.48	0.48	32840
1987-08-14	0.48	0.48	0.48	0.48	0
1987-08-17	0.48	0.48	0.48	0.48	0
1987-08-18	0.48	0.48	0.48	0.48	3941
1987-08-19	0.48	0.49	0.48	0.48	24958
1987-08-20	0.48	0.48	0.48	0.48	0
1987-08-21	0.49	0.49	0.49	0.49	1314
1987-08-24	0.49	0.49	0.49	0.49	0
1987-08-25	0.49	0.49	0.49	0.49	0
1987-08-26	0.48	0.48	0.48	0.48	1314
1987-08-27	0.48	0.48	0.48	0.48	1314
1987-08-28	0.48	0.48	0.48	0.48	0
1987-08-31	0.48	0.48	0.48	0.48	42035
1987-09-01	0.48	0.48	0.48	0.48	0
1987-09-02	0.48	0.48	0.48	0.48	0
1987-09-03	0.48	0.48	0.48	0.48	0
1987-09-04	0.48	0.48	0.48	0.48	0
1987-09-08	0.47	0.48	0.47	0.48	10509
1987-09-09	0.47	0.47	0.46	0.47	3941
1987-09-10	0.47	0.47	0.47	0.47	0
1987-09-11	0.47	0.47	0.47	0.47	0
1987-09-14	0.47	0.47	0.47	0.47	0
1987-09-15	0.47	0.47	0.47	0.47	0
1987-09-16	0.47	0.47	0.47	0.47	0
1987-09-17	0.46	0.46	0.46	0.46	5254
1987-09-18	0.46	0.46	0.46	0.46	0
1987-09-21	0.46	0.46	0.46	0.46	0
1987-09-22	0.45	0.45	0.45	0.45	6568
1987-09-23	0.45	0.45	0.45	0.45	0
1987-09-24	0.45	0.45	0.45	0.45	5254
1987-09-25	0.45	0.45	0.45	0.45	0
1987-09-28	0.45	0.45	0.45	0.45	2627
1987-09-29	0.45	0.45	0.45	0.45	0
1987-09-30	0.45	0.45	0.45	0.45	45976
1987-10-01	0.45	0.45	0.45	0.45	0
1987-10-02	0.45	0.45	0.45	0.45	0
1987-10-05	0.45	0.45	0.45	0.45	0
1987-10-06	0.45	0.45	0.45	0.45	0
1987-10-07	0.45	0.45	0.44	0.45	7882
1987-10-08	0.45	0.45	0.45	0.45	0
1987-10-09	0.43	0.43	0.43	0.43	6568
1987-10-12	0.42	0.42	0.42	0.42	10509
1987-10-13	0.43	0.43	0.43	0.43	90638
1987-10-14	0.43	0.43	0.43	0.43	0
1987-10-15	0.42	0.42	0.42	0.42	7882
1987-10-16	0.42	0.42	0.42	0.42	0
1987-10-19	0.41	0.41	0.41	0.41	14450
1987-10-20	0.41	0.41	0.41	0.41	0
1987-10-21	0.41	0.41	0.41	0.41	0
1987-10-22	0.41	0.41	0.41	0.41	0
1987-10-23	0.41	0.41	0.41	0.41	0
1987-10-26	0.41	0.41	0.41	0.41	0
1987-10-27	0.38	0.38	0.38	0.38	1314
1987-10-28	0.38	0.38	0.38	0.38	0
1987-10-29	0.38	0.38	0.38	0.38	0
1987-10-30	0.37	0.37	0.37	0.37	82757
1987-11-02	0.37	0.37	0.37	0.37	0
1987-11-03	0.37	0.37	0.37	0.37	0
1987-11-04	0.37	0.37	0.37	0.37	0
1987-11-05	0.37	0.37	0.37	0.37	0
1987-11-06	0.37	0.37	0.37	0.37	0
1987-11-09	0.37	0.37	0.37	0.37	0
1987-11-10	0.37	0.37	0.37	0.37	0
1987-11-11	0.37	0.37	0.37	0.37	0
1987-11-12	0.37	0.37	0.37	0.37	0
1987-11-13	0.37	0.37	0.37	0.37	0
1987-11-16	0.37	0.37	0.37	0.37	0
1987-11-17	0.36	0.36	0.36	0.36	2627
1987-11-18	0.36	0.36	0.36	0.36	0
1987-11-19	0.37	0.37	0.37	0.37	69621
1987-11-20	0.37	0.37	0.37	0.37	0
1987-11-23	0.36	0.36	0.36	0.36	13136
1987-11-24	0.36	0.36	0.36	0.36	0
1987-11-25	0.36	0.36	0.36	0.36	0
1987-11-27	0.37	0.37	0.37	0.37	9195
1987-11-30	0.38	0.38	0.38	0.38	5254
1987-12-01	0.38	0.38	0.38	0.38	0
1987-12-02	0.38	0.38	0.38	0.38	0
1987-12-03	0.38	0.38	0.38	0.38	0
1987-12-04	0.38	0.38	0.38	0.38	0
1987-12-07	0.38	0.38	0.38	0.38	0
1987-12-08	0.37	0.37	0.37	0.37	1314
1987-12-09	0.37	0.37	0.37	0.37	0
1987-12-10	0.37	0.37	0.37	0.37	1314
1987-12-11	0.37	0.37	0.37	0.37	0
1987-12-14	0.37	0.37	0.37	0.37	0
1987-12-15	0.37	0.37	0.37	0.37	0
1987-12-16	0.37	0.37	0.37	0.37	0
1987-12-17	0.37	0.37	0.37	0.37	0
1987-12-18	0.37	0.37	0.37	0.37	0
1987-12-21	0.39	0.39	0.39	0.39	17077
1987-12-22	0.39	0.39	0.39	0.39	11822
1987-12-23	0.39	0.39	0.39	0.39	0
1987-12-24	0.39	0.39	0.39	0.39	0
1987-12-28	0.39	0.39	0.39	0.39	0
1987-12-29	0.39	0.39	0.39	0.39	0
1987-12-30	0.39	0.39	0.39	0.39	0
1987-12-31	0.39	0.39	0.38	0.39	7882
1988-01-04	0.39	0.39	0.39	0.39	0
1988-01-05	0.40	0.40	0.39	0.39	28899
1988-01-06	0.40	0.40	0.40	0.40	6568
1988-01-07	0.40	0.40	0.40	0.40	0
1988-01-08	0.40	0.40	0.40	0.40	2627
1988-01-11	0.40	0.40	0.40	0.40	0
1988-01-12	0.40	0.40	0.40	0.40	0
1988-01-13	0.40	0.40	0.40	0.40	0
1988-01-14	0.40	0.40	0.40	0.40	0
1988-01-15	0.40	0.40	0.40	0.40	0
1988-01-18	0.40	0.40	0.40	0.40	0
1988-01-19	0.40	0.40	0.40	0.40	0
1988-01-20	0.38	0.38	0.38	0.38	2627
1988-01-21	0.38	0.38	0.38	0.38	0
1988-01-22	0.38	0.38	0.38	0.38	0
1988-01-25	0.38	0.38	0.38	0.38	0
1988-01-26	0.39	0.39	0.39	0.39	1314
1988-01-27	0.39	0.39	0.39	0.39	0
1988-01-28	0.39	0.39	0.39	0.39	0
1988-01-29	0.39	0.39	0.39	0.39	0
1988-02-01	0.39	0.39	0.39	0.39	0
1988-02-02	0.39	0.39	0.39	0.39	0
1988-02-03	0.39	0.39	0.39	0.39	0
1988-02-04	0.39	0.39	0.39	0.39	0
1988-02-05	0.39	0.39	0.39	0.39	0
1988-02-08	0.39	0.39	0.39	0.39	0
1988-02-09	0.39	0.39	0.39	0.39	0
1988-02-10	0.38	0.38	0.38	0.38	2627
1988-02-11	0.38	0.38	0.38	0.38	0
1988-02-12	0.38	0.38	0.38	0.38	0
1988-02-16	0.38	0.38	0.38	0.38	0
1988-02-17	0.42	0.42	0.42	0.42	24958
1988-02-18	0.42	0.42	0.42	0.42	0
1988-02-19	0.42	0.42	0.42	0.42	0
1988-02-22	0.42	0.42	0.42	0.42	0
1988-02-23	0.42	0.42	0.42	0.42	0
1988-02-24	0.42	0.42	0.42	0.42	0
1988-02-25	0.42	0.42	0.42	0.42	0
1988-02-26	0.42	0.42	0.42	0.42	0
1988-02-29	0.42	0.42	0.42	0.42	15763
1988-03-01	0.42	0.42	0.42	0.42	0
1988-03-02	0.41	0.41	0.41	0.41	13136
1988-03-03	0.41	0.41	0.41	0.41	1314
1988-03-04	0.41	0.41	0.41	0.41	5254
1988-03-07	0.41	0.41	0.41	0.41	0
1988-03-08	0.41	0.41	0.41	0.41	0
1988-03-09	0.41	0.41	0.41	0.41	0
1988-03-10	0.42	0.42	0.42	0.42	13136
1988-03-11	0.42	0.42	0.42	0.42	0
1988-03-14	0.43	0.43	0.43	0.43	13136
1988-03-15	0.43	0.43	0.43	0.43	0
1988-03-16	0.43	0.43	0.43	0.43	0
1988-03-17	0.43	0.43	0.43	0.43	0
1988-03-18	0.43	0.43	0.42	0.43	7882
1988-03-21	0.42	0.42	0.42	0.42	3941
1988-03-22	0.42	0.42	0.42	0.42	0
1988-03-23	0.42	0.42	0.42	0.42	0
1988-03-24	0.42	0.42	0.42	0.42	0
1988-03-25	0.42	0.42	0.42	0.42	0
1988-03-28	0.42	0.42	0.42	0.42	0
1988-03-29	0.42	0.42	0.42	0.42	3941
1988-03-30	0.42	0.42	0.42	0.42	0
1988-03-31	0.42	0.42	0.42	0.42	6568
1988-04-04	0.42	0.42	0.42	0.42	0
1988-04-05	0.43	0.43	0.43	0.43	5254
1988-04-06	0.43	0.43	0.43	0.43	0
1988-04-07	0.43	0.43	0.43	0.43	0
1988-04-08	0.43	0.43	0.43	0.43	0
1988-04-11	0.43	0.43	0.43	0.43	0
1988-04-12	0.43	0.43	0.43	0.43	0
1988-04-13	0.43	0.43	0.43	0.43	0
1988-04-14	0.43	0.43	0.43	0.43	0
1988-04-15	0.43	0.43	0.43	0.43	0
1988-04-18	0.43	0.43	0.43	0.43	0
1988-04-19	0.46	0.46	0.45	0.45	47290
1988-04-20	0.46	0.46	0.46	0.46	0
1988-04-21	0.46	0.46	0.46	0.46	9195
1988-04-22	0.46	0.46	0.46	0.46	65680
1988-04-25	0.46	0.46	0.46	0.46	262720
1988-04-26	0.46	0.46	0.46	0.46	91952
1988-04-27	0.46	0.46	0.46	0.46	14450
1988-04-28	0.46	0.46	0.46	0.46	0
1988-04-29	0.46	0.46	0.46	0.46	0
1988-05-02	0.46	0.46	0.46	0.46	0
1988-05-03	0.46	0.46	0.46	0.46	0
1988-05-04	0.46	0.46	0.46	0.46	0
1988-05-05	0.46	0.46	0.46	0.46	0
1988-05-06	0.46	0.46	0.46	0.46	0
1988-05-09	0.46	0.46	0.46	0.46	0
1988-05-10	0.46	0.46	0.46	0.46	0
1988-05-11	0.45	0.45	0.44	0.45	27586
1988-05-12	0.45	0.45	0.45	0.45	0
1988-05-13	0.45	0.45	0.45	0.45	0
1988-05-16	0.46	0.46	0.45	0.45	27586
1988-05-17	0.46	0.46	0.46	0.46	0
1988-05-18	0.45	0.45	0.45	0.45	21018
1988-05-19	0.45	0.45	0.45	0.45	6568
1988-05-20	0.45	0.45	0.45	0.45	0
1988-05-23	0.45	0.45	0.45	0.45	0
1988-05-24	0.45	0.45	0.45	0.45	0
1988-05-25	0.45	0.45	0.45	0.45	0
1988-05-26	0.45	0.45	0.45	0.45	0
1988-05-27	0.45	0.45	0.45	0.45	0
1988-05-31	0.45	0.45	0.45	0.45	0
1988-06-01	0.45	0.45	0.45	0.45	0
1988-06-02	0.45	0.45	0.45	0.45	0
1988-06-03	0.45	0.45	0.45	0.45	0
1988-06-06	0.45	0.45	0.45	0.45	0
1988-06-07	0.45	0.45	0.45	0.45	0
1988-06-08	0.45	0.45	0.45	0.45	0
1988-06-09	0.45	0.45	0.45	0.45	0
1988-06-10	0.45	0.45	0.45	0.45	3941
1988-06-13	0.46	0.46	0.46	0.46	1314
1988-06-14	0.46	0.46	0.45	0.46	105088
1988-06-15	0.46	0.46	0.46	0.46	0
1988-06-16	0.46	0.46	0.46	0.46	0
1988-06-17	0.46	0.46	0.46	0.46	131360
1988-06-20	0.45	0.46	0.45	0.46	72248
1988-06-21	0.46	0.46	0.46	0.46	72248
1988-06-22	0.45	0.45	0.45	0.45	2627
1988-06-23	0.46	0.46	0.46	0.46	21018
1988-06-24	0.46	0.46	0.46	0.46	0
1988-06-27	0.45	0.45	0.45	0.45	1314
1988-06-28	0.45	0.45	0.45	0.45	0
1988-06-29	0.45	0.45	0.45	0.45	6568
1988-06-30	0.45	0.45	0.45	0.45	57798
1988-07-01	0.45	0.45	0.45	0.45	0
1988-07-05	0.45	0.45	0.45	0.45	0
1988-07-06	0.44	0.44	0.44	0.44	3941
1988-07-07	0.44	0.44	0.44	0.44	0
1988-07-08	0.44	0.44	0.44	0.44	0
1988-07-11	0.44	0.44	0.44	0.44	0
1988-07-12	0.44	0.44	0.44	0.44	0
1988-07-13	0.44	0.44	0.44	0.44	0
1988-07-14	0.45	0.45	0.45	0.45	6568
1988-07-15	0.46	0.46	0.46	0.46	21018
1988-07-18	0.46	0.47	0.46	0.46	7882
1988-07-19	0.46	0.46	0.46	0.46	0
1988-07-20	0.46	0.46	0.46	0.46	0
1988-07-21	0.47	0.47	0.47	0.47	6568
1988-07-22	0.46	0.47	0.46	0.47	2627
1988-07-25	0.46	0.46	0.46	0.46	2627
1988-07-26	0.46	0.46	0.46	0.46	0
1988-07-27	0.46	0.46	0.46	0.46	0
1988-07-28	0.46	0.46	0.46	0.46	0
1988-07-29	0.46	0.46	0.46	0.46	1314
1988-08-01	0.46	0.46	0.46	0.46	0
1988-08-02	0.46	0.46	0.46	0.46	0
1988-08-03	0.46	0.46	0.46	0.46	0
1988-08-04	0.46	0.46	0.46	0.46	0
1988-08-05	0.46	0.46	0.46	0.46	0
1988-08-08	0.46	0.46	0.46	0.46	5254
1988-08-09	0.46	0.46	0.46	0.46	18390
1988-08-10	0.45	0.45	0.45	0.45	6568
1988-08-11	0.45	0.45	0.45	0.45	0
1988-08-12	0.45	0.45	0.45	0.45	0
1988-08-15	0.45	0.45	0.45	0.45	6568
1988-08-16	0.45	0.45	0.45	0.45	0
1988-08-17	0.45	0.45	0.45	0.45	34154
1988-08-18	0.45	0.45	0.45	0.45	10509
1988-08-19	0.45	0.45	0.45	0.45	13136
1988-08-22	0.45	0.45	0.45	0.45	0
1988-08-23	0.45	0.45	0.45	0.45	13136
1988-08-24	0.45	0.45	0.45	0.45	0
1988-08-25	0.45	0.45	0.45	0.45	7882
1988-08-26	0.45	0.45	0.45	0.45	0
1988-08-29	0.45	0.45	0.45	0.45	0
1988-08-30	0.45	0.45	0.45	0.45	0
1988-08-31	0.45	0.45	0.45	0.45	0
1988-09-01	0.44	0.44	0.44	0.44	3941
1988-09-02	0.44	0.44	0.44	0.44	0
1988-09-06	0.44	0.44	0.44	0.44	0
1988-09-07	0.44	0.44	0.44	0.44	0
1988-09-08	0.45	0.45	0.45	0.45	13136
1988-09-09	0.45	0.45	0.45	0.45	0
1988-09-12	0.44	0.44	0.44	0.44	6568
1988-09-13	0.44	0.44	0.44	0.44	0
1988-09-14	0.44	0.44	0.44	0.44	0
1988-09-15	0.44	0.44	0.44	0.44	15763
1988-09-16	0.44	0.44	0.44	0.44	1314
1988-09-19	0.44	0.44	0.44	0.44	0
1988-09-20	0.44	0.44	0.44	0.44	2627
1988-09-21	0.44	0.44	0.44	0.44	0
1988-09-22	0.44	0.44	0.44	0.44	0
1988-09-23	0.44	0.44	0.44	0.44	0
1988-09-26	0.44	0.44	0.44	0.44	0
1988-09-27	0.44	0.44	0.44	0.44	0
1988-09-28	0.44	0.44	0.44	0.44	0
1988-09-29	0.44	0.44	0.44	0.44	0
1988-09-30	0.44	0.44	0.44	0.44	0
1988-10-03	0.44	0.44	0.44	0.44	0
1988-10-04	0.44	0.44	0.44	0.44	6568
1988-10-05	0.44	0.44	0.44	0.44	0
1988-10-06	0.44	0.44	0.44	0.44	0
1988-10-07	0.44	0.44	0.44	0.44	0
1988-10-10	0.44	0.44	0.44	0.44	0
1988-10-11	0.44	0.44	0.44	0.44	0
1988-10-12	0.44	0.44	0.44	0.44	0
1988-10-13	0.43	0.43	0.43	0.43	2627
1988-10-14	0.43	0.43	0.43	0.43	0
1988-10-17	0.43	0.43	0.43	0.43	0
1988-10-18	0.43	0.43	0.43	0.43	0
1988-10-19	0.43	0.43	0.43	0.43	0
1988-10-20	0.41	0.41	0.41	0.41	1314
1988-10-21	0.41	0.41	0.41	0.41	0
1988-10-24	0.41	0.41	0.41	0.41	3941
1988-10-25	0.41	0.41	0.41	0.41	0
1988-10-26	0.41	0.41	0.41	0.41	111656
1988-10-27	0.41	0.41	0.41	0.41	0
1988-10-28	0.41	0.41	0.41	0.41	0
1988-10-31	0.41	0.42	0.41	0.41	18390
1988-11-01	0.41	0.41	0.41	0.41	105088
1988-11-02	0.41	0.41	0.41	0.41	78816
1988-11-03	0.41	0.42	0.41	0.41	17077
1988-11-04	0.41	0.41	0.41	0.41	65680
1988-11-07	0.40	0.40	0.40	0.40	2627
1988-11-08	0.40	0.40	0.40	0.40	0
1988-11-09	0.40	0.40	0.40	0.40	0
1988-11-10	0.39	0.40	0.39	0.40	6568
1988-11-11	0.39	0.39	0.39	0.39	7882
1988-11-14	0.40	0.40	0.39	0.39	24958
1988-11-15	0.39	0.39	0.39	0.39	39408
1988-11-16	0.39	0.39	0.39	0.39	1314
1988-11-17	0.40	0.40	0.40	0.40	78816
1988-11-18	0.40	0.40	0.40	0.40	0
1988-11-21	0.40	0.40	0.40	0.40	52544
1988-11-22	0.40	0.40	0.40	0.40	0
1988-11-23	0.40	0.40	0.40	0.40	0
1988-11-25	0.40	0.40	0.40	0.40	0
1988-11-28	0.40	0.40	0.40	0.40	0
1988-11-29	0.40	0.40	0.40	0.40	0
1988-11-30	0.40	0.40	0.40	0.40	0
1988-12-01	0.42	0.42	0.41	0.41	45976
1988-12-02	0.41	0.41	0.41	0.41	2627
1988-12-05	0.41	0.41	0.41	0.41	0
1988-12-06	0.41	0.41	0.41	0.41	0
1988-12-07	0.41	0.41	0.41	0.41	13136
1988-12-08	0.41	0.41	0.41	0.41	1314
1988-12-09	0.41	0.41	0.41	0.41	3941
1988-12-12	0.41	0.41	0.41	0.41	0
1988-12-13	0.41	0.41	0.41	0.41	0
1988-12-14	0.41	0.41	0.41	0.41	0
1988-12-15	0.41	0.41	0.41	0.41	0
1988-12-16	0.41	0.41	0.41	0.41	1314
1988-12-19	0.42	0.42	0.42	0.42	18390
1988-12-20	0.42	0.42	0.42	0.42	0
1988-12-21	0.42	0.42	0.42	0.42	0
1988-12-22	0.42	0.42	0.42	0.42	0
1988-12-23	0.42	0.42	0.42	0.42	0
1988-12-27	0.42	0.42	0.42	0.42	0
1988-12-28	0.42	0.42	0.42	0.42	0
1988-12-29	0.42	0.42	0.42	0.42	0
1988-12-30	0.42	0.42	0.42	0.42	0
1989-01-03	0.42	0.42	0.42	0.42	0
1989-01-04	0.42	0.42	0.42	0.42	47290
1989-01-05	0.42	0.42	0.42	0.42	0
1989-01-06	0.42	0.42	0.42	0.42	1314
1989-01-09	0.42	0.42	0.42	0.42	17077
1989-01-10	0.42	0.42	0.42	0.42	253525
1989-01-11	0.42	0.42	0.42	0.42	0
1989-01-12	0.42	0.42	0.42	0.42	0
1989-01-13	0.42	0.42	0.42	0.42	0
1989-01-16	0.43	0.43	0.43	0.43	10509
1989-01-17	0.43	0.43	0.43	0.43	2627
1989-01-18	0.44	0.44	0.44	0.44	9195
1989-01-19	0.44	0.44	0.44	0.44	0
1989-01-20	0.45	0.45	0.45	0.45	13136
1989-01-23	0.45	0.45	0.45	0.45	0
1989-01-24	0.45	0.45	0.45	0.45	0
1989-01-25	0.45	0.45	0.45	0.45	0
1989-01-26	0.45	0.45	0.45	0.45	0
1989-01-27	0.44	0.44	0.44	0.44	5254
1989-01-30	0.45	0.45	0.45	0.45	1314
1989-01-31	0.45	0.45	0.45	0.45	3941
1989-02-01	0.45	0.45	0.45	0.45	0
1989-02-02	0.45	0.45	0.45	0.45	0
1989-02-03	0.46	0.46	0.46	0.46	10509
1989-02-06	0.45	0.46	0.45	0.46	2627
1989-02-07	0.45	0.45	0.45	0.45	0
1989-02-08	0.45	0.45	0.45	0.45	0
1989-02-09	0.45	0.45	0.45	0.45	0
1989-02-10	0.45	0.45	0.45	0.45	0
1989-02-13	0.44	0.44	0.44	0.44	2627
1989-02-14	0.44	0.44	0.44	0.44	15763
1989-02-15	0.45	0.45	0.45	0.45	2627
1989-02-16	0.44	0.44	0.44	0.44	6568
1989-02-17	0.44	0.44	0.44	0.44	0
1989-02-21	0.44	0.44	0.44	0.44	0
1989-02-22	0.44	0.44	0.44	0.44	1314
1989-02-23	0.44	0.44	0.44	0.44	0
1989-02-24	0.44	0.44	0.44	0.44	5254
1989-02-27	0.44	0.44	0.44	0.44	0
1989-02-28	0.44	0.44	0.44	0.44	5254
1989-03-01	0.44	0.44	0.44	0.44	0
1989-03-02	0.44	0.44	0.44	0.44	0
1989-03-03	0.44	0.44	0.44	0.44	0
1989-03-06	0.44	0.44	0.44	0.44	0
1989-03-07	0.45	0.45	0.45	0.45	3941
1989-03-08	0.45	0.45	0.45	0.45	23645
1989-03-09	0.44	0.45	0.44	0.45	5254
1989-03-10	0.44	0.44	0.44	0.44	0
1989-03-13	0.44	0.44	0.44	0.44	0
1989-03-14	0.44	0.44	0.44	0.44	0
1989-03-15	0.44	0.44	0.44	0.44	0
1989-03-16	0.44	0.44	0.44	0.44	0
1989-03-17	0.44	0.44	0.44	0.44	0
1989-03-20	0.44	0.44	0.44	0.44	0
1989-03-21	0.44	0.44	0.44	0.44	0
1989-03-22	0.44	0.44	0.44	0.44	0
1989-03-23	0.44	0.44	0.44	0.44	0
1989-03-27	0.44	0.44	0.44	0.44	0
1989-03-28	0.44	0.44	0.44	0.44	1314
1989-03-29	0.44	0.44	0.44	0.44	0
1989-03-30	0.44	0.44	0.44	0.44	0
1989-03-31	0.44	0.44	0.44	0.44	0
1989-04-03	0.44	0.44	0.44	0.44	0
1989-04-04	0.44	0.44	0.44	0.44	0
1989-04-05	0.44	0.44	0.44	0.44	0
1989-04-06	0.44	0.44	0.44	0.44	0
1989-04-07	0.44	0.44	0.44	0.44	0
1989-04-10	0.45	0.45	0.45	0.45	13136
1989-04-11	0.45	0.45	0.45	0.45	0
1989-04-12	0.45	0.45	0.45	0.45	0
1989-04-13	0.45	0.45	0.45	0.45	0
1989-04-14	0.45	0.45	0.45	0.45	0
1989-04-17	0.45	0.45	0.45	0.45	26272
1989-04-18	0.45	0.45	0.45	0.45	0
1989-04-19	0.45	0.45	0.45	0.45	0
1989-04-20	0.45	0.45	0.45	0.45	1314
1989-04-21	0.45	0.45	0.45	0.45	0
1989-04-24	0.45	0.45	0.45	0.45	0
1989-04-25	0.46	0.46	0.45	0.45	7882
1989-04-26	0.46	0.46	0.45	0.46	61739
1989-04-27	0.46	0.46	0.46	0.46	0
1989-04-28	0.46	0.46	0.46	0.46	0
1989-05-01	0.46	0.46	0.46	0.46	0
1989-05-02	0.46	0.46	0.46	0.46	0
1989-05-03	0.46	0.46	0.46	0.46	0
1989-05-04	0.46	0.46	0.46	0.46	0
1989-05-05	0.46	0.46	0.46	0.46	0
1989-05-08	0.46	0.46	0.46	0.46	0
1989-05-09	0.46	0.46	0.46	0.46	0
1989-05-10	0.46	0.46	0.46	0.46	0
1989-05-11	0.46	0.46	0.46	0.46	0
1989-05-12	0.44	0.44	0.44	0.44	19704
1989-05-15	0.44	0.44	0.44	0.44	5254
1989-05-16	0.44	0.44	0.44	0.44	0
1989-05-17	0.44	0.44	0.44	0.44	0
1989-05-18	0.44	0.44	0.44	0.44	0
1989-05-19	0.44	0.44	0.44	0.44	0
1989-05-22	0.45	0.45	0.45	0.45	15763
1989-05-23	0.45	0.45	0.45	0.45	0
1989-05-24	0.45	0.45	0.45	0.45	0
1989-05-25	0.45	0.45	0.45	0.45	0
1989-05-26	0.45	0.45	0.45	0.45	0
1989-05-30	0.45	0.45	0.45	0.45	0
1989-05-31	0.45	0.45	0.45	0.45	0
1989-06-01	0.45	0.45	0.45	0.45	0
1989-06-02	0.46	0.46	0.46	0.46	19704
1989-06-05	0.46	0.46	0.46	0.46	0
1989-06-06	0.46	0.46	0.46	0.46	0
1989-06-07	0.47	0.47	0.47	0.47	31526
1989-06-08	0.47	0.47	0.47	0.47	0
1989-06-09	0.47	0.47	0.47	0.47	3941
1989-06-12	0.47	0.47	0.47	0.47	5254
1989-06-13	0.47	0.47	0.47	0.47	0
1989-06-14	0.47	0.47	0.47	0.47	0
1989-06-15	0.47	0.47	0.47	0.47	0
1989-06-16	0.47	0.47	0.47	0.47	0
1989-06-19	0.47	0.47	0.47	0.47	5254
1989-06-20	0.47	0.47	0.47	0.47	14450
1989-06-21	0.47	0.47	0.47	0.47	11822
1989-06-22	0.47	0.47	0.47	0.47	0
1989-06-23	0.47	0.47	0.47	0.47	0
1989-06-26	0.47	0.47	0.47	0.47	0
1989-06-27	0.47	0.47	0.47	0.47	0
1989-06-28	0.47	0.47	0.47	0.47	0
1989-06-29	0.47	0.47	0.47	0.47	47290
1989-06-30	0.47	0.47	0.47	0.47	0
1989-07-03	0.47	0.47	0.47	0.47	0
1989-07-05	0.47	0.48	0.47	0.47	23645
1989-07-06	0.47	0.47	0.47	0.47	0
1989-07-07	0.47	0.47	0.47	0.47	0
1989-07-10	0.47	0.47	0.47	0.47	0
1989-07-11	0.48	0.48	0.48	0.48	6568
1989-07-12	0.48	0.48	0.48	0.48	6568
1989-07-13	0.47	0.47	0.47	0.47	3941
1989-07-14	0.48	0.48	0.48	0.48	14450
1989-07-17	0.48	0.48	0.48	0.48	0
1989-07-18	0.48	0.48	0.48	0.48	0
1989-07-19	0.48	0.48	0.48	0.48	44662
1989-07-20	0.48	0.48	0.48	0.48	0
1989-07-21	0.48	0.48	0.48	0.48	21018
1989-07-24	0.48	0.48	0.48	0.48	0
1989-07-25	0.48	0.48	0.48	0.48	0
1989-07-26	0.48	0.48	0.48	0.48	9195
1989-07-27	0.48	0.48	0.48	0.48	0
1989-07-28	0.49	0.49	0.49	0.49	1314
1989-07-31	0.49	0.49	0.49	0.49	0
1989-08-01	0.49	0.49	0.49	0.49	0
1989-08-02	0.49	0.49	0.49	0.49	6568
1989-08-03	0.49	0.49	0.49	0.49	0
1989-08-04	0.49	0.49	0.49	0.49	0
1989-08-07	0.49	0.49	0.49	0.49	0
1989-08-08	0.49	0.49	0.49	0.49	5254
1989-08-09	0.50	0.50	0.50	0.50	7882
1989-08-10	0.50	0.50	0.50	0.50	0
1989-08-11	0.50	0.50	0.50	0.50	0
1989-08-14	0.49	0.49	0.49	0.49	7882
1989-08-15	0.48	0.48	0.48	0.48	27586
1989-08-16	0.48	0.48	0.48	0.48	0
1989-08-17	0.48	0.48	0.48	0.48	0
1989-08-18	0.48	0.48	0.48	0.48	0
1989-08-21	0.48	0.48	0.48	0.48	0
1989-08-22	0.48	0.48	0.48	0.48	11822
1989-08-23	0.48	0.48	0.48	0.48	1314
1989-08-24	0.48	0.48	0.48	0.48	0
1989-08-25	0.48	0.48	0.48	0.48	0
1989-08-28	0.48	0.48	0.48	0.48	0
1989-08-29	0.48	0.48	0.48	0.48	0
1989-08-30	0.48	0.48	0.48	0.48	0
1989-08-31	0.48	0.48	0.48	0.48	6568
1989-09-01	0.48	0.48	0.48	0.48	0
1989-09-05	0.48	0.48	0.48	0.48	0
1989-09-06	0.48	0.48	0.48	0.48	0
1989-09-07	0.48	0.48	0.48	0.48	0
1989-09-08	0.48	0.48	0.48	0.48	0
1989-09-11	0.47	0.47	0.47	0.47	1314
1989-09-12	0.47	0.47	0.47	0.47	0
1989-09-13	0.47	0.47	0.47	0.47	1314
1989-09-14	0.47	0.47	0.47	0.47	0
1989-09-15	0.47	0.47	0.47	0.47	0
1989-09-18	0.46	0.46	0.46	0.46	1314
1989-09-19	0.47	0.47	0.47	0.47	27586
1989-09-20	0.47	0.47	0.47	0.47	0
1989-09-21	0.47	0.47	0.47	0.47	0
1989-09-22	0.47	0.47	0.47	0.47	0
1989-09-25	0.47	0.47	0.47	0.47	0
1989-09-26	0.47	0.47	0.47	0.47	23645
1989-09-27	0.47	0.47	0.47	0.47	0
1989-09-28	0.47	0.47	0.47	0.47	1314
1989-09-29	0.47	0.47	0.47	0.47	0
1989-10-02	0.47	0.47	0.47	0.47	0
1989-10-03	0.47	0.47	0.47	0.47	0
1989-10-04	0.47	0.47	0.47	0.47	0
1989-10-05	0.47	0.47	0.47	0.47	0
1989-10-06	0.47	0.47	0.47	0.47	0
1989-10-09	0.48	0.48	0.48	0.48	1314
1989-10-10	0.48	0.48	0.48	0.48	0
1989-10-11	0.48	0.48	0.48	0.48	0
1989-10-12	0.48	0.48	0.48	0.48	0
1989-10-13	0.48	0.48	0.48	0.48	0
1989-10-16	0.48	0.48	0.48	0.48	0
1989-10-17	0.48	0.48	0.48	0.48	27586
1989-10-18	0.48	0.48	0.48	0.48	0
1989-10-19	0.48	0.48	0.48	0.48	3941
1989-10-20	0.48	0.48	0.48	0.48	0
1989-10-23	0.48	0.48	0.48	0.48	0
1989-10-24	0.48	0.48	0.48	0.48	0
1989-10-25	0.48	0.48	0.48	0.48	0
1989-10-26	0.48	0.48	0.48	0.48	42035
1989-10-27	0.48	0.48	0.48	0.48	42035
1989-10-30	0.48	0.48	0.48	0.48	0
1989-10-31	0.48	0.48	0.48	0.48	0
1989-11-01	0.48	0.48	0.48	0.48	982573
1989-11-02	0.47	0.47	0.47	0.47	15763
1989-11-03	0.47	0.47	0.47	0.47	14450
1989-11-06	0.47	0.47	0.47	0.47	0
1989-11-07	0.47	0.47	0.47	0.47	0
1989-11-08	0.47	0.47	0.47	0.47	0
1989-11-09	0.47	0.47	0.47	0.47	11822
1989-11-10	0.47	0.47	0.47	0.47	11822
1989-11-13	0.47	0.47	0.47	0.47	0
1989-11-14	0.47	0.47	0.47	0.47	0
1989-11-15	0.47	0.47	0.47	0.47	0
1989-11-16	0.47	0.47	0.47	0.47	0
1989-11-17	0.46	0.46	0.46	0.46	2627
1989-11-20	0.46	0.46	0.46	0.46	0
1989-11-21	0.44	0.44	0.44	0.44	1314
1989-11-22	0.44	0.44	0.44	0.44	13136
1989-11-24	0.44	0.44	0.44	0.44	2627
1989-11-27	0.43	0.43	0.43	0.43	1314
1989-11-28	0.43	0.43	0.43	0.43	2627
1989-11-29	0.43	0.43	0.43	0.43	0
1989-11-30	0.43	0.43	0.43	0.43	0
1989-12-01	0.44	0.44	0.44	0.44	6568
1989-12-04	0.44	0.44	0.44	0.44	0
1989-12-05	0.44	0.44	0.44	0.44	0
1989-12-06	0.44	0.44	0.44	0.44	0
1989-12-07	0.44	0.44	0.44	0.44	1314
1989-12-08	0.44	0.44	0.44	0.44	31526
1989-12-11	0.44	0.44	0.44	0.44	0
1989-12-12	0.45	0.45	0.44	0.44	264034
1989-12-13	0.45	0.45	0.45	0.45	0
1989-12-14	0.45	0.45	0.45	0.45	0
1989-12-15	0.45	0.45	0.45	0.45	0
1989-12-18	0.44	0.44	0.44	0.44	2627
1989-12-19	0.44	0.44	0.44	0.44	35467
1989-12-20	0.44	0.44	0.44	0.44	0
1989-12-21	0.44	0.44	0.44	0.44	0
1989-12-22	0.44	0.44	0.44	0.44	0
1989-12-26	0.44	0.44	0.44	0.44	0
1989-12-27	0.44	0.44	0.44	0.44	0
1989-12-28	0.44	0.44	0.44	0.44	0
1989-12-29	0.44	0.44	0.44	0.44	0
1990-01-02	0.44	0.44	0.44	0.44	2627
1990-01-03	0.44	0.44	0.44	0.44	0
1990-01-04	0.44	0.44	0.44	0.44	1314
1990-01-05	0.44	0.44	0.44	0.44	0
1990-01-08	0.44	0.44	0.44	0.44	2627
1990-01-09	0.44	0.44	0.44	0.44	0
1990-01-10	0.44	0.44	0.44	0.44	0
1990-01-11	0.44	0.44	0.44	0.44	0
1990-01-12	0.45	0.45	0.44	0.44	7882
1990-01-15	0.45	0.45	0.45	0.45	0
1990-01-16	0.44	0.44	0.44	0.44	2627
1990-01-17	0.44	0.44	0.44	0.44	18390
1990-01-18	0.44	0.44	0.44	0.44	0
1990-01-19	0.44	0.44	0.44	0.44	0
1990-01-22	0.44	0.44	0.44	0.44	56485
1990-01-23	0.44	0.44	0.44	0.44	0
1990-01-24	0.44	0.44	0.44	0.44	0
1990-01-25	0.44	0.44	0.44	0.44	0
1990-01-26	0.44	0.44	0.44	0.44	0
1990-01-29	0.44	0.44	0.44	0.44	0
1990-01-30	0.44	0.44	0.44	0.44	0
1990-01-31	0.44	0.44	0.43	0.44	6568
1990-02-01	0.44	0.44	0.44	0.44	0
1990-02-02	0.44	0.44	0.44	0.44	0
1990-02-05	0.44	0.44	0.44	0.44	0
1990-02-06	0.45	0.45	0.45	0.45	9195
1990-02-07	0.45	0.45	0.45	0.45	0
1990-02-08	0.45	0.45	0.45	0.45	0
1990-02-09	0.45	0.45	0.45	0.45	0
1990-02-12	0.45	0.45	0.45	0.45	0
1990-02-13	0.45	0.45	0.45	0.45	0
1990-02-14	0.45	0.45	0.45	0.45	0
1990-02-15	0.45	0.45	0.45	0.45	0
1990-02-16	0.45	0.45	0.45	0.45	0
1990-02-20	0.45	0.45	0.45	0.45	0
1990-02-21	0.45	0.45	0.45	0.45	0
1990-02-22	0.45	0.45	0.45	0.45	0
1990-02-23	0.45	0.45	0.45	0.45	5254
1990-02-26	0.45	0.45	0.45	0.45	0
1990-02-27	0.45	0.45	0.45	0.45	0
1990-02-28	0.45	0.45	0.45	0.45	0
1990-03-01	0.45	0.45	0.45	0.45	0
1990-03-02	0.45	0.45	0.45	0.45	14450
1990-03-05	0.45	0.45	0.45	0.45	0
1990-03-06	0.45	0.45	0.45	0.45	0
1990-03-07	0.46	0.46	0.46	0.46	19704
1990-03-08	0.46	0.46	0.46	0.46	0
1990-03-09	0.46	0.46	0.46	0.46	0
1990-03-12	0.46	0.46	0.46	0.46	0
1990-03-13	0.46	0.46	0.46	0.46	45976
1990-03-14	0.46	0.46	0.46	0.46	0
1990-03-15	0.46	0.46	0.46	0.46	35467
1990-03-16	0.46	0.46	0.46	0.46	0
1990-03-19	0.46	0.46	0.46	0.46	31526
1990-03-20	0.46	0.46	0.46	0.46	0
1990-03-21	0.46	0.46	0.46	0.46	0
1990-03-22	0.46	0.46	0.46	0.46	0
1990-03-23	0.46	0.46	0.46	0.46	1314
1990-03-26	0.46	0.46	0.46	0.46	0
1990-03-27	0.47	0.47	0.47	0.47	1314
1990-03-28	0.47	0.47	0.47	0.47	0
1990-03-29	0.47	0.47	0.47	0.47	3941
1990-03-30	0.47	0.47	0.47	0.47	3941
1990-04-02	0.48	0.48	0.48	0.48	78816
1990-04-03	0.48	0.48	0.48	0.48	0
1990-04-04	0.48	0.48	0.48	0.48	0
1990-04-05	0.48	0.48	0.48	0.48	0
1990-04-06	0.48	0.48	0.48	0.48	0
1990-04-09	0.48	0.48	0.48	0.48	1314
1990-04-10	0.48	0.48	0.48	0.48	0
1990-04-11	0.48	0.48	0.48	0.48	0
1990-04-12	0.48	0.48	0.48	0.48	0
1990-04-16	0.48	0.48	0.48	0.48	0
1990-04-17	0.48	0.48	0.48	0.48	0
1990-04-18	0.47	0.47	0.47	0.47	13136
1990-04-19	0.47	0.47	0.47	0.47	0
1990-04-20	0.47	0.47	0.47	0.47	0
1990-04-23	0.47	0.47	0.47	0.47	0
1990-04-24	0.44	0.45	0.44	0.45	3941
1990-04-25	0.44	0.44	0.44	0.44	0
1990-04-26	0.44	0.44	0.44	0.44	0
1990-04-27	0.44	0.44	0.44	0.44	0
1990-04-30	0.44	0.44	0.44	0.44	0
1990-05-01	0.44	0.44	0.44	0.44	0
1990-05-02	0.44	0.44	0.44	0.44	0
1990-05-03	0.44	0.44	0.44	0.44	0
1990-05-04	0.44	0.44	0.44	0.44	0
1990-05-07	0.44	0.44	0.44	0.44	0
1990-05-08	0.44	0.44	0.44	0.44	0
1990-05-09	0.44	0.44	0.44	0.44	0
1990-05-10	0.44	0.44	0.44	0.44	0
1990-05-11	0.47	0.47	0.47	0.47	2627
1990-05-14	0.47	0.47	0.47	0.47	0
1990-05-15	0.46	0.47	0.46	0.47	22331
1990-05-16	0.46	0.46	0.46	0.46	6568
1990-05-17	0.46	0.46	0.46	0.46	0
1990-05-18	0.46	0.46	0.46	0.46	1314
1990-05-21	0.46	0.46	0.46	0.46	3941
1990-05-22	0.46	0.46	0.46	0.46	9195
1990-05-23	0.46	0.46	0.46	0.46	0
1990-05-24	0.46	0.46	0.46	0.46	0
1990-05-25	0.46	0.46	0.46	0.46	0
1990-05-29	0.46	0.46	0.46	0.46	0
1990-05-30	0.46	0.47	0.46	0.46	2627
1990-05-31	0.46	0.46	0.46	0.46	0
1990-06-01	0.46	0.46	0.46	0.46	0
1990-06-04	0.46	0.46	0.46	0.46	0
1990-06-05	0.46	0.46	0.46	0.46	0
1990-06-06	0.46	0.46	0.46	0.46	0
1990-06-07	0.46	0.46	0.46	0.46	0
1990-06-08	0.46	0.46	0.46	0.46	0
1990-06-11	0.46	0.46	0.46	0.46	0
1990-06-12	0.46	0.46	0.46	0.46	0
1990-06-13	0.47	0.47	0.47	0.47	2627
1990-06-14	0.47	0.47	0.47	0.47	0
1990-06-15	0.48	0.48	0.48	0.48	105088
1990-06-18	0.48	0.48	0.48	0.48	0
1990-06-19	0.48	0.48	0.48	0.48	7882
1990-06-20	0.48	0.48	0.48	0.48	0
1990-06-21	0.48	0.48	0.48	0.48	0
1990-06-22	0.49	0.49	0.49	0.49	6568
1990-06-25	0.49	0.49	0.49	0.49	2627
1990-06-26	0.49	0.49	0.49	0.49	0
1990-06-27	0.49	0.49	0.49	0.49	0
1990-06-28	0.49	0.49	0.49	0.49	0
1990-06-29	0.49	0.49	0.49	0.49	0
1990-07-02	0.49	0.49	0.49	0.49	0
1990-07-03	0.49	0.49	0.49	0.49	0
1990-07-05	0.49	0.49	0.49	0.49	0
1990-07-06	0.49	0.49	0.49	0.49	0
1990-07-09	0.49	0.49	0.49	0.49	0
1990-07-10	0.49	0.49	0.49	0.49	0
1990-07-11	0.49	0.49	0.49	0.49	0
1990-07-12	0.50	0.50	0.50	0.50	1314
1990-07-13	0.50	0.50	0.50	0.50	0
1990-07-16	0.50	0.50	0.50	0.50	5254
1990-07-17	0.50	0.50	0.50	0.50	0
1990-07-18	0.50	0.50	0.50	0.50	0
1990-07-19	0.50	0.50	0.50	0.50	0
1990-07-20	0.49	0.49	0.49	0.49	5254
1990-07-23	0.49	0.49	0.49	0.49	7882
1990-07-24	0.50	0.50	0.50	0.50	6568
1990-07-25	0.50	0.50	0.50	0.50	0
1990-07-26	0.49	0.49	0.49	0.49	7882
1990-07-27	0.49	0.49	0.49	0.49	0
1990-07-30	0.49	0.49	0.49	0.49	0
1990-07-31	0.49	0.49	0.49	0.49	0
1990-08-01	0.50	0.50	0.50	0.50	1314
1990-08-02	0.50	0.50	0.50	0.50	0
1990-08-03	0.50	0.50	0.50	0.50	0
1990-08-06	0.50	0.50	0.50	0.50	0
1990-08-07	0.50	0.50	0.50	0.50	2627
1990-08-08	0.50	0.50	0.50	0.50	0
1990-08-09	0.50	0.50	0.50	0.50	60426
1990-08-10	0.50	0.50	0.50	0.50	0
1990-08-13	0.50	0.50	0.50	0.50	1314
1990-08-14	0.51	0.51	0.51	0.51	34154
1990-08-15	0.51	0.51	0.51	0.51	0
1990-08-16	0.51	0.51	0.51	0.51	0
1990-08-17	0.51	0.51	0.51	0.51	1314
1990-08-20	0.50	0.50	0.50	0.50	9195
1990-08-21	0.50	0.50	0.50	0.50	0
1990-08-22	0.50	0.50	0.50	0.50	0
1990-08-23	0.50	0.50	0.50	0.50	0
1990-08-24	0.50	0.50	0.50	0.50	0
1990-08-27	0.50	0.50	0.50	0.50	0
1990-08-28	0.50	0.50	0.50	0.50	0
1990-08-29	0.50	0.50	0.50	0.50	0
1990-08-30	0.50	0.50	0.50	0.50	0
1990-08-31	0.49	0.50	0.49	0.50	53858
1990-09-04	0.49	0.49	0.49	0.49	0
1990-09-05	0.49	0.49	0.49	0.49	0
1990-09-06	0.50	0.50	0.50	0.50	6568
1990-09-07	0.50	0.50	0.50	0.50	0
1990-09-10	0.50	0.50	0.50	0.50	0
1990-09-11	0.50	0.50	0.50	0.50	6568
1990-09-12	0.50	0.50	0.50	0.50	0
1990-09-13	0.50	0.50	0.50	0.50	0
1990-09-14	0.50	0.50	0.50	0.50	0
1990-09-17	0.50	0.50	0.50	0.50	0
1990-09-18	0.49	0.49	0.49	0.49	132674
1990-09-19	0.49	0.49	0.49	0.49	0
1990-09-20	0.49	0.49	0.49	0.49	26272
1990-09-21	0.50	0.50	0.50	0.50	135301
1990-09-24	0.50	0.50	0.50	0.50	0
1990-09-25	0.49	0.49	0.49	0.49	18390
1990-09-26	0.50	0.50	0.49	0.49	5254
1990-09-27	0.50	0.50	0.50	0.50	0
1990-09-28	0.50	0.50	0.49	0.49	17077
1990-10-01	0.50	0.50	0.50	0.50	0
1990-10-02	0.50	0.50	0.50	0.50	0
1990-10-03	0.50	0.50	0.50	0.50	0
1990-10-04	0.50	0.50	0.50	0.50	0
1990-10-05	0.49	0.49	0.49	0.49	6568
1990-10-08	0.49	0.49	0.49	0.49	0
1990-10-09	0.49	0.49	0.49	0.49	0
1990-10-10	0.49	0.49	0.49	0.49	0
1990-10-11	0.49	0.49	0.49	0.49	0
1990-10-12	0.49	0.49	0.49	0.49	0
1990-10-15	0.49	0.49	0.49	0.49	0
1990-10-16	0.49	0.49	0.49	0.49	18390
1990-10-17	0.49	0.49	0.49	0.49	0
1990-10-18	0.49	0.49	0.49	0.49	0
1990-10-19	0.49	0.49	0.49	0.49	0
1990-10-22	0.49	0.49	0.49	0.49	11822
1990-10-23	0.50	0.50	0.49	0.49	34154
1990-10-24	0.49	0.49	0.49	0.49	10509
1990-10-25	0.49	0.49	0.49	0.49	0
1990-10-26	0.49	0.49	0.49	0.49	0
1990-10-29	0.49	0.49	0.49	0.49	0
1990-10-30	0.49	0.49	0.49	0.49	0
1990-10-31	0.49	0.49	0.49	0.49	0
1990-11-01	0.49	0.49	0.49	0.49	0
1990-11-02	0.49	0.49	0.49	0.49	0
1990-11-05	0.50	0.50	0.50	0.50	2627200
1990-11-06	0.50	0.50	0.50	0.50	0
1990-11-07	0.50	0.50	0.50	0.50	0
1990-11-08	0.50	0.50	0.50	0.50	0
1990-11-09	0.49	0.49	0.49	0.49	22331
1990-11-12	0.49	0.49	0.49	0.49	0
1990-11-13	0.49	0.49	0.49	0.49	0
1990-11-14	0.49	0.49	0.49	0.49	1314
1990-11-15	0.49	0.49	0.49	0.49	0
1990-11-16	0.49	0.50	0.49	0.50	3941
1990-11-19	0.49	0.50	0.49	0.50	2627
1990-11-20	0.50	0.50	0.50	0.50	1314
1990-11-21	0.48	0.50	0.48	0.50	5254
1990-11-23	0.49	0.50	0.49	0.50	2627
1990-11-26	0.49	0.49	0.49	0.49	0
1990-11-27	0.50	0.50	0.50	0.50	1314
1990-11-28	0.50	0.50	0.50	0.50	0
1990-11-29	0.50	0.50	0.50	0.50	0
1990-11-30	0.49	0.49	0.49	0.49	13136
1990-12-03	0.50	0.50	0.49	0.49	53858
1990-12-04	0.50	0.50	0.50	0.50	0
1990-12-05	0.50	0.50	0.50	0.50	0
1990-12-06	0.50	0.50	0.50	0.50	0
1990-12-07	0.48	0.49	0.48	0.48	2627
1990-12-10	0.48	0.48	0.48	0.48	0
1990-12-11	0.48	0.48	0.48	0.48	0
1990-12-12	0.48	0.48	0.48	0.48	6568
1990-12-13	0.48	0.48	0.48	0.48	1314
1990-12-14	0.48	0.48	0.48	0.48	0
1990-12-17	0.48	0.48	0.48	0.48	0
1990-12-18	0.48	0.48	0.48	0.48	0
1990-12-19	0.48	0.48	0.48	0.48	0
1990-12-20	0.48	0.48	0.48	0.48	0
1990-12-21	0.48	0.48	0.48	0.48	118224
1990-12-24	0.48	0.48	0.48	0.48	0
1990-12-26	0.48	0.48	0.48	0.48	2627
1990-12-27	0.49	0.49	0.48	0.48	45976
1990-12-28	0.48	0.48	0.48	0.48	7882
1990-12-31	0.48	0.48	0.48	0.48	0
1991-01-02	0.49	0.49	0.49	0.49	57798
1991-01-03	0.49	0.49	0.49	0.49	0
1991-01-04	0.49	0.49	0.49	0.49	0
1991-01-07	0.49	0.49	0.49	0.49	0
1991-01-08	0.49	0.49	0.49	0.49	0
1991-01-09	0.49	0.49	0.49	0.49	0
1991-01-10	0.50	0.50	0.49	0.50	10509
1991-01-11	0.50	0.50	0.50	0.50	0
1991-01-14	0.48	0.48	0.48	0.48	44662
1991-01-15	0.48	0.48	0.48	0.48	36781
1991-01-16	0.48	0.48	0.48	0.48	0
1991-01-17	0.48	0.48	0.48	0.48	0
1991-01-18	0.48	0.48	0.48	0.48	0
1991-01-21	0.48	0.48	0.48	0.48	0
1991-01-22	0.47	0.47	0.47	0.47	14450
1991-01-23	0.47	0.47	0.47	0.47	0
1991-01-24	0.47	0.47	0.47	0.47	0
1991-01-25	0.47	0.47	0.47	0.47	0
1991-01-28	0.47	0.47	0.47	0.47	0
1991-01-29	0.47	0.47	0.47	0.47	0
1991-01-30	0.47	0.48	0.47	0.48	5254
1991-01-31	0.48	0.48	0.48	0.48	6568
1991-02-01	0.48	0.48	0.48	0.48	0
1991-02-04	0.47	0.47	0.47	0.47	1314
1991-02-05	0.47	0.47	0.47	0.47	0
1991-02-06	0.47	0.47	0.47	0.47	5254
1991-02-07	0.47	0.47	0.47	0.47	7882
1991-02-08	0.47	0.47	0.47	0.47	0
1991-02-11	0.48	0.48	0.48	0.48	1314
1991-02-12	0.48	0.49	0.48	0.48	5254
1991-02-13	0.48	0.48	0.48	0.48	0
1991-02-14	0.48	0.48	0.48	0.48	0
1991-02-15	0.49	0.49	0.49	0.49	3941
1991-02-19	0.49	0.49	0.49	0.49	9195
1991-02-20	0.49	0.49	0.49	0.49	131360
1991-02-21	0.49	0.50	0.49	0.49	455819
1991-02-22	0.49	0.49	0.49	0.49	0
1991-02-25	0.50	0.50	0.49	0.49	5254
1991-02-26	0.50	0.50	0.50	0.50	0
1991-02-27	0.49	0.49	0.49	0.49	158946
1991-02-28	0.49	0.49	0.49	0.49	0
1991-03-01	0.49	0.49	0.49	0.49	0
1991-03-04	0.49	0.49	0.49	0.49	0
1991-03-05	0.49	0.49	0.49	0.49	23645
1991-03-06	0.50	0.50	0.49	0.49	2627
1991-03-07	0.50	0.50	0.50	0.50	7882
1991-03-08	0.50	0.50	0.50	0.50	0
1991-03-11	0.49	0.49	0.49	0.49	13136
1991-03-12	0.49	0.49	0.49	0.49	0
1991-03-13	0.49	0.49	0.49	0.49	0
1991-03-14	0.49	0.49	0.49	0.49	0
1991-03-15	0.49	0.49	0.49	0.49	0
1991-03-18	0.50	0.50	0.50	0.50	2627
1991-03-19	0.50	0.50	0.50	0.50	0
1991-03-20	0.50	0.50	0.50	0.50	0
1991-03-21	0.50	0.50	0.50	0.50	1314
1991-03-22	0.50	0.50	0.50	0.50	0
1991-03-25	0.50	0.50	0.50	0.50	0
1991-03-26	0.49	0.50	0.49	0.49	21018
1991-03-27	0.50	0.50	0.50	0.50	17077
1991-03-28	0.50	0.50	0.50	0.50	0
1991-04-01	0.49	0.49	0.49	0.49	15763
1991-04-02	0.49	0.49	0.49	0.49	2627
1991-04-03	0.49	0.49	0.49	0.49	0
1991-04-04	0.49	0.49	0.49	0.49	1314
1991-04-05	0.49	0.50	0.49	0.49	210176
1991-04-08	0.49	0.49	0.49	0.49	2627
1991-04-09	0.49	0.49	0.49	0.49	0
1991-04-10	0.49	0.49	0.49	0.49	0
1991-04-11	0.50	0.50	0.50	0.50	3941
1991-04-12	0.50	0.50	0.50	0.50	0
1991-04-15	0.50	0.50	0.50	0.50	0
1991-04-16	0.48	0.49	0.48	0.48	2627
1991-04-17	0.48	0.48	0.48	0.48	9195
1991-04-18	0.48	0.48	0.48	0.48	14450
1991-04-19	0.48	0.48	0.48	0.48	11822
1991-04-22	0.48	0.48	0.48	0.48	0
1991-04-23	0.49	0.49	0.49	0.49	2627
1991-04-24	0.49	0.49	0.48	0.48	44662
1991-04-25	0.49	0.49	0.49	0.49	0
1991-04-26	0.49	0.49	0.49	0.49	0
1991-04-29	0.49	0.49	0.49	0.49	0
1991-04-30	0.48	0.48	0.48	0.48	3941
1991-05-01	0.48	0.48	0.48	0.48	0
1991-05-02	0.48	0.48	0.48	0.48	0
1991-05-03	0.48	0.48	0.48	0.48	2627
1991-05-06	0.49	0.49	0.49	0.49	0
1991-05-07	0.49	0.49	0.49	0.49	0
1991-05-08	0.49	0.49	0.49	0.49	0
1991-05-09	0.50	0.50	0.50	0.50	0
1991-05-10	0.50	0.50	0.50	0.50	0
1991-05-13	0.49	0.49	0.49	0.49	2400
1991-05-14	0.49	0.49	0.49	0.49	0
1991-05-15	0.49	0.49	0.49	0.49	0
1991-05-16	0.49	0.49	0.49	0.49	0
1991-05-17	0.49	0.49	0.49	0.49	0
1991-05-20	0.49	0.49	0.49	0.49	0
1991-05-21	0.49	0.49	0.49	0.49	80000
1991-05-22	0.49	0.49	0.49	0.49	7200
1991-05-23	0.49	0.49	0.49	0.49	5600
1991-05-24	0.49	0.49	0.49	0.49	0
1991-05-28	0.49	0.49	0.49	0.49	0
1991-05-29	0.49	0.49	0.49	0.49	0
1991-05-30	0.49	0.49	0.49	0.49	0
1991-05-31	0.49	0.49	0.49	0.49	0
1991-06-03	0.49	0.49	0.49	0.49	0
1991-06-04	0.49	0.49	0.49	0.49	0
1991-06-05	0.49	0.49	0.49	0.49	0
1991-06-06	0.49	0.49	0.49	0.49	0
1991-06-07	0.49	0.49	0.49	0.49	0
1991-06-10	0.49	0.49	0.49	0.49	0
1991-06-11	0.50	0.50	0.50	0.50	33600
1991-06-12	0.51	0.51	0.51	0.51	33600
1991-06-13	0.51	0.51	0.51	0.51	0
1991-06-14	0.51	0.51	0.51	0.51	0
1991-06-17	0.51	0.51	0.51	0.51	0
1991-06-18	0.51	0.51	0.51	0.51	0
1991-06-19	0.51	0.51	0.51	0.51	0
1991-06-20	0.51	0.51	0.51	0.51	0
1991-06-21	0.52	0.52	0.51	0.51	8000
1991-06-24	0.52	0.52	0.52	0.52	0
1991-06-25	0.51	0.51	0.51	0.51	8800
1991-06-26	0.51	0.51	0.51	0.51	0
1991-06-27	0.51	0.51	0.51	0.51	0
1991-06-28	0.51	0.51	0.51	0.51	0
1991-07-01	0.51	0.51	0.51	0.51	0
1991-07-02	0.52	0.52	0.52	0.52	4000
1991-07-03	0.52	0.52	0.52	0.52	0
1991-07-05	0.52	0.52	0.52	0.52	0
1991-07-08	0.52	0.52	0.52	0.52	0
1991-07-09	0.52	0.52	0.52	0.52	0
1991-07-10	0.51	0.51	0.51	0.51	16800
1991-07-11	0.51	0.51	0.51	0.51	0
1991-07-12	0.51	0.51	0.51	0.51	800
1991-07-15	0.51	0.51	0.51	0.51	0
1991-07-16	0.51	0.51	0.51	0.51	0
1991-07-17	0.51	0.51	0.51	0.51	4000
1991-07-18	0.51	0.51	0.51	0.51	0
1991-07-19	0.51	0.51	0.51	0.51	0
1991-07-22	0.51	0.51	0.51	0.51	0
1991-07-23	0.51	0.51	0.51	0.51	0
1991-07-24	0.51	0.51	0.51	0.51	0
1991-07-25	0.51	0.51	0.51	0.51	0
1991-07-26	0.51	0.51	0.51	0.51	0
1991-07-29	0.51	0.51	0.51	0.51	0
1991-07-30	0.51	0.51	0.51	0.51	0
1991-07-31	0.51	0.51	0.51	0.51	0
1991-08-01	0.53	0.53	0.51	0.51	37600
1991-08-02	0.51	0.51	0.51	0.51	21600
1991-08-05	0.51	0.51	0.51	0.51	4000
1991-08-06	0.51	0.51	0.51	0.51	0
1991-08-07	0.51	0.51	0.51	0.51	0
1991-08-08	0.51	0.51	0.51	0.51	0
1991-08-09	0.51	0.51	0.51	0.51	0
1991-08-12	0.52	0.52	0.51	0.51	7200
1991-08-13	0.52	0.52	0.52	0.52	0
1991-08-14	0.52	0.52	0.52	0.52	0
1991-08-15	0.52	0.52	0.52	0.52	0
1991-08-16	0.52	0.52	0.52	0.52	0
1991-08-19	0.52	0.52	0.52	0.52	0
1991-08-20	0.52	0.52	0.52	0.52	0
1991-08-21	0.52	0.52	0.52	0.52	0
1991-08-22	0.52	0.52	0.52	0.52	0
1991-08-23	0.52	0.52	0.52	0.52	0
1991-08-26	0.52	0.52	0.52	0.52	4000
1991-08-27	0.52	0.52	0.52	0.52	0
1991-08-28	0.55	0.55	0.53	0.55	1600
1991-08-29	0.52	0.52	0.52	0.52	1600
1991-08-30	0.52	0.52	0.52	0.52	0
1991-09-03	0.53	0.53	0.53	0.53	1600
1991-09-04	0.53	0.53	0.53	0.53	0
1991-09-05	0.53	0.53	0.53	0.53	0
1991-09-06	0.52	0.52	0.52	0.52	800
1991-09-09	0.53	0.53	0.53	0.53	1600
1991-09-10	0.53	0.53	0.53	0.53	0
1991-09-11	0.53	0.53	0.53	0.53	0
1991-09-12	0.53	0.53	0.53	0.53	0
1991-09-13	0.53	0.53	0.53	0.53	0
1991-09-16	0.52	0.53	0.52	0.52	3200
1991-09-17	0.52	0.52	0.52	0.52	0
1991-09-18	0.52	0.52	0.52	0.52	25600
1991-09-19	0.52	0.52	0.52	0.52	0
1991-09-20	0.52	0.52	0.52	0.52	0
1991-09-23	0.52	0.52	0.52	0.52	0
1991-09-24	0.52	0.52	0.52	0.52	1600
1991-09-25	0.52	0.52	0.52	0.52	5600
1991-09-26	0.54	0.54	0.54	0.54	5600
1991-09-27	0.54	0.54	0.54	0.54	0
1991-09-30	0.55	0.55	0.55	0.55	4800
1991-10-01	0.54	0.54	0.54	0.54	800
1991-10-02	0.54	0.54	0.54	0.54	0
1991-10-03	0.54	0.54	0.54	0.54	0
1991-10-04	0.54	0.54	0.54	0.54	0
1991-10-07	0.54	0.54	0.54	0.54	0
1991-10-08	0.54	0.54	0.54	0.54	0
1991-10-09	0.54	0.54	0.54	0.54	0
1991-10-10	0.54	0.54	0.54	0.54	0
1991-10-11	0.54	0.54	0.54	0.54	0
1991-10-14	0.54	0.54	0.54	0.54	0
1991-10-15	0.54	0.55	0.53	0.53	28800
1991-10-16	0.54	0.54	0.54	0.54	0
1991-10-17	0.55	0.57	0.54	0.57	24800
1991-10-18	0.54	0.55	0.54	0.54	1600
1991-10-21	0.54	0.54	0.54	0.54	16000
1991-10-22	0.54	0.54	0.54	0.54	0
1991-10-23	0.54	0.54	0.54	0.54	0
1991-10-24	0.54	0.54	0.54	0.54	0
1991-10-25	0.56	0.56	0.56	0.56	19200
1991-10-28	0.56	0.56	0.56	0.56	0
1991-10-29	0.54	0.55	0.54	0.54	40000
1991-10-30	0.54	0.54	0.54	0.54	0
1991-10-31	0.54	0.56	0.54	0.54	6400
1991-11-01	0.54	0.54	0.54	0.54	0
1991-11-04	0.54	0.54	0.54	0.54	0
1991-11-05	0.54	0.54	0.54	0.54	0
1991-11-06	0.54	0.54	0.54	0.54	0
1991-11-07	0.54	0.54	0.54	0.54	0
1991-11-08	0.55	0.55	0.55	0.55	0
1991-11-11	0.55	0.55	0.55	0.55	0
1991-11-12	0.55	0.55	0.55	0.55	0
1991-11-13	0.55	0.55	0.55	0.55	0
1991-11-14	0.57	0.57	0.57	0.57	33600
1991-11-15	0.57	0.57	0.57	0.57	0
1991-11-18	0.57	0.57	0.57	0.57	0
1991-11-19	0.57	0.57	0.57	0.57	0
1991-11-20	0.57	0.57	0.57	0.57	0
1991-11-21	0.57	0.57	0.57	0.57	0
1991-11-22	0.57	0.57	0.57	0.57	0
1991-11-25	0.57	0.57	0.57	0.57	0
1991-11-26	0.57	0.57	0.57	0.57	0
1991-11-27	0.57	0.57	0.57	0.57	0
1991-11-29	0.57	0.57	0.57	0.57	0
1991-12-02	0.57	0.57	0.57	0.57	0
1991-12-03	0.57	0.57	0.57	0.57	0
1991-12-04	0.56	0.56	0.56	0.56	1600
1991-12-05	0.56	0.56	0.56	0.56	0
1991-12-06	0.56	0.56	0.56	0.56	0
1991-12-09	0.56	0.56	0.56	0.56	0
1991-12-10	0.56	0.56	0.56	0.56	0
1991-12-11	0.56	0.56	0.56	0.56	0
1991-12-12	0.56	0.56	0.56	0.56	0
1991-12-13	0.56	0.56	0.56	0.56	0
1991-12-16	0.56	0.56	0.56	0.56	0
1991-12-17	0.57	0.57	0.57	0.57	800
1991-12-18	0.57	0.57	0.57	0.57	0
1991-12-19	0.57	0.57	0.57	0.57	0
1991-12-20	0.57	0.57	0.57	0.57	0
1991-12-23	0.57	0.57	0.57	0.57	0
1991-12-24	0.57	0.57	0.57	0.57	0
1991-12-26	0.57	0.57	0.57	0.57	0
1991-12-27	0.57	0.57	0.57	0.57	0
1991-12-30	0.59	0.59	0.57	0.57	14400
1991-12-31	0.59	0.59	0.59	0.59	3200
1992-01-02	0.59	0.59	0.59	0.59	0
1992-01-03	0.59	0.59	0.59	0.59	0
1992-01-06	0.59	0.59	0.59	0.59	16000
1992-01-07	0.59	0.59	0.59	0.59	0
1992-01-08	0.59	0.59	0.59	0.59	0
1992-01-09	0.50	0.51	0.50	0.51	4800
1992-01-10	0.49	0.51	0.49	0.51	1600
1992-01-13	0.49	0.50	0.49	0.50	8000
1992-01-14	0.49	0.49	0.49	0.49	0
1992-01-15	0.49	0.49	0.49	0.49	3200
1992-01-16	0.49	0.49	0.49	0.49	0
1992-01-17	0.49	0.49	0.49	0.49	0
1992-01-20	0.51	0.51	0.51	0.51	800
1992-01-21	0.51	0.51	0.51	0.51	0
1992-01-22	0.51	0.51	0.51	0.51	0
1992-01-23	0.51	0.51	0.51	0.51	0
1992-01-24	0.49	0.51	0.49	0.51	5600
1992-01-27	0.51	0.51	0.49	0.49	16800
1992-01-28	0.51	0.51	0.51	0.51	0
1992-01-29	0.51	0.51	0.51	0.51	0
1992-01-30	0.51	0.51	0.51	0.51	800
1992-01-31	0.50	0.50	0.50	0.50	800
1992-02-03	0.49	0.49	0.49	0.49	1600
1992-02-04	0.49	0.49	0.49	0.49	0
1992-02-05	0.49	0.49	0.49	0.49	0
1992-02-06	0.49	0.49	0.49	0.49	0
1992-02-07	0.51	0.51	0.51	0.51	800
1992-02-10	0.52	0.52	0.52	0.52	0
1992-02-11	0.52	0.52	0.52	0.52	0
1992-02-12	0.52	0.52	0.52	0.52	0
1992-02-13	0.49	0.49	0.49	0.49	1600
1992-02-14	0.49	0.49	0.49	0.49	0
1992-02-18	0.50	0.50	0.49	0.49	4800
1992-02-19	0.50	0.50	0.50	0.50	800
1992-02-20	0.50	0.50	0.50	0.50	0
1992-02-21	0.50	0.50	0.50	0.50	0
1992-02-24	0.50	0.50	0.50	0.50	0
1992-02-25	0.50	0.50	0.50	0.50	55200
1992-02-26	0.50	0.50	0.50	0.50	0
1992-02-27	0.50	0.50	0.50	0.50	0
1992-02-28	0.50	0.50	0.50	0.50	0
1992-03-02	0.52	0.52	0.52	0.52	3200
1992-03-03	0.52	0.52	0.52	0.52	0
1992-03-04	0.52	0.52	0.52	0.52	0
1992-03-05	0.52	0.52	0.52	0.52	0
1992-03-06	0.52	0.52	0.52	0.52	0
1992-03-09	0.52	0.52	0.52	0.52	0
1992-03-10	0.52	0.52	0.52	0.52	0
1992-03-11	0.52	0.52	0.52	0.52	0
1992-03-12	0.52	0.52	0.52	0.52	0
1992-03-13	0.45	0.45	0.45	0.45	800
1992-03-16	0.45	0.45	0.45	0.45	800
1992-03-17	0.45	0.45	0.45	0.45	0
1992-03-18	0.45	0.45	0.45	0.45	0
1992-03-19	0.45	0.45	0.45	0.45	3200
1992-03-20	0.45	0.45	0.45	0.45	0
1992-03-23	0.45	0.45	0.45	0.45	0
1992-03-24	0.45	0.45	0.45	0.45	0
1992-03-25	0.45	0.45	0.45	0.45	3200
1992-03-26	0.45	0.45	0.45	0.45	0
1992-03-27	0.45	0.46	0.45	0.46	4800
1992-03-30	0.45	0.45	0.45	0.45	0
1992-03-31	0.46	0.46	0.46	0.46	8000
1992-04-01	0.46	0.46	0.46	0.46	0
1992-04-02	0.44	0.44	0.44	0.44	1600
1992-04-03	0.45	0.45	0.45	0.45	800
1992-04-06	0.45	0.45	0.45	0.45	0
1992-04-07	0.44	0.44	0.44	0.44	8000
1992-04-08	0.44	0.44	0.44	0.44	800
1992-04-09	0.44	0.44	0.44	0.44	0
1992-04-10	0.44	0.45	0.44	0.44	11200
1992-04-13	0.46	0.46	0.46	0.46	1600
1992-04-14	0.46	0.46	0.46	0.46	0
1992-04-15	0.46	0.46	0.46	0.46	0
1992-04-16	0.46	0.46	0.46	0.46	0
1992-04-20	0.46	0.46	0.46	0.46	0
1992-04-21	0.46	0.46	0.46	0.46	0
1992-04-22	0.44	0.44	0.44	0.44	800
1992-04-23	0.44	0.44	0.44	0.44	0
1992-04-24	0.45	0.45	0.45	0.45	16000
1992-04-27	0.46	0.46	0.45	0.46	24800
1992-04-28	0.45	0.46	0.45	0.46	16000
1992-04-29	0.46	0.46	0.46	0.46	800
1992-04-30	0.46	0.46	0.46	0.46	0
1992-05-01	0.46	0.46	0.45	0.45	8000
1992-05-04	0.46	0.46	0.46	0.46	4000
1992-05-05	0.46	0.46	0.46	0.46	0
1992-05-06	0.44	0.44	0.44	0.44	88000
1992-05-07	0.44	0.44	0.44	0.44	0
1992-05-08	0.44	0.44	0.44	0.44	0
1992-05-11	0.45	0.45	0.45	0.45	0
1992-05-12	0.45	0.45	0.45	0.45	0
1992-05-13	0.45	0.45	0.45	0.45	3200
1992-05-14	0.45	0.45	0.45	0.45	0
1992-05-15	0.45	0.45	0.45	0.45	0
1992-05-18	0.45	0.45	0.45	0.45	0
1992-05-19	0.45	0.45	0.45	0.45	0
1992-05-20	0.46	0.46	0.46	0.46	800
1992-05-21	0.46	0.46	0.46	0.46	0
1992-05-22	0.46	0.46	0.46	0.46	0
1992-05-26	0.46	0.46	0.46	0.46	0
1992-05-27	0.46	0.46	0.46	0.46	0
1992-05-28	0.46	0.46	0.46	0.46	0
1992-05-29	0.46	0.46	0.46	0.46	0
1992-06-01	0.46	0.46	0.46	0.46	0
1992-06-02	0.45	0.45	0.45	0.45	800
1992-06-03	0.44	0.45	0.44	0.45	1600
1992-06-04	0.44	0.44	0.44	0.44	1600
1992-06-05	0.44	0.44	0.44	0.44	0
1992-06-08	0.44	0.44	0.44	0.44	0
1992-06-09	0.44	0.44	0.44	0.44	800
1992-06-10	0.44	0.44	0.44	0.44	0
1992-06-11	0.46	0.46	0.46	0.46	1600
1992-06-12	0.45	0.45	0.45	0.45	800
1992-06-15	0.47	0.47	0.47	0.47	1600
1992-06-16	0.47	0.47	0.47	0.47	0
1992-06-17	0.47	0.47	0.47	0.47	2400
1992-06-18	0.47	0.47	0.47	0.47	0
1992-06-19	0.47	0.47	0.47	0.47	0
1992-06-22	0.47	0.47	0.47	0.47	0
1992-06-23	0.47	0.47	0.47	0.47	0
1992-06-24	0.47	0.47	0.47	0.47	0
1992-06-25	0.47	0.47	0.47	0.47	0
1992-06-26	0.45	0.45	0.45	0.45	4800
1992-06-29	0.45	0.45	0.45	0.45	4800
1992-06-30	0.45	0.45	0.45	0.45	800
1992-07-01	0.45	0.45	0.45	0.45	0
1992-07-02	0.45	0.45	0.45	0.45	0
1992-07-06	0.47	0.47	0.47	0.47	800
1992-07-07	0.45	0.45	0.45	0.45	116000
1992-07-08	0.45	0.45	0.45	0.45	0
1992-07-09	0.46	0.46	0.45	0.46	4800
1992-07-10	0.45	0.47	0.45	0.47	12000
1992-07-13	0.47	0.47	0.47	0.47	2400
1992-07-14	0.47	0.47	0.46	0.47	16800
1992-07-15	0.47	0.47	0.47	0.47	0
1992-07-16	0.47	0.47	0.47	0.47	0
1992-07-17	0.47	0.47	0.46	0.47	5600
1992-07-20	0.45	0.45	0.45	0.45	1600
1992-07-21	0.46	0.46	0.46	0.46	41600
1992-07-22	0.46	0.46	0.46	0.46	800
1992-07-23	0.46	0.46	0.46	0.46	0
1992-07-24	0.46	0.46	0.46	0.46	0
1992-07-27	0.46	0.46	0.46	0.46	0
1992-07-28	0.46	0.46	0.46	0.46	0
1992-07-29	0.46	0.46	0.46	0.46	0
1992-07-30	0.46	0.46	0.46	0.46	0
1992-07-31	0.47	0.47	0.47	0.47	1600
1992-08-03	0.47	0.47	0.47	0.47	36800
1992-08-04	0.47	0.47	0.47	0.47	3200
1992-08-05	0.47	0.47	0.47	0.47	0
1992-08-06	0.47	0.47	0.47	0.47	0
1992-08-07	0.47	0.47	0.47	0.47	0
1992-08-10	0.48	0.48	0.47	0.47	23200
1992-08-11	0.47	0.47	0.47	0.47	19200
1992-08-12	0.47	0.47	0.47	0.47	0
1992-08-13	0.47	0.47	0.47	0.47	0
1992-08-14	0.47	0.47	0.47	0.47	8000
1992-08-17	0.47	0.47	0.47	0.47	0
1992-08-18	0.47	0.47	0.47	0.47	0
1992-08-19	0.47	0.47	0.47	0.47	0
1992-08-20	0.47	0.47	0.47	0.47	0
1992-08-21	0.47	0.47	0.47	0.47	0
1992-08-24	0.47	0.47	0.47	0.47	8000
1992-08-25	0.47	0.47	0.47	0.47	0
1992-08-26	0.47	0.47	0.47	0.47	0
1992-08-27	0.47	0.47	0.47	0.47	0
1992-08-28	0.47	0.47	0.47	0.47	0
1992-08-31	0.47	0.47	0.47	0.47	0
1992-09-01	0.47	0.47	0.47	0.47	8000
1992-09-02	0.47	0.47	0.47	0.47	0
1992-09-03	0.48	0.48	0.47	0.47	16000
1992-09-04	0.48	0.48	0.48	0.48	0
1992-09-08	0.48	0.48	0.48	0.48	0
1992-09-09	0.48	0.48	0.48	0.48	0
1992-09-10	0.48	0.48	0.48	0.48	0
1992-09-11	0.48	0.48	0.48	0.48	0
1992-09-14	0.48	0.48	0.48	0.48	0
1992-09-15	0.47	0.47	0.47	0.47	1600
1992-09-16	0.47	0.47	0.47	0.47	0
1992-09-17	0.47	0.47	0.47	0.47	0
1992-09-18	0.48	0.48	0.48	0.48	800
1992-09-21	0.47	0.47	0.47	0.47	9600
1992-09-22	0.47	0.47	0.47	0.47	0
1992-09-23	0.47	0.47	0.47	0.47	4000
1992-09-24	0.46	0.46	0.46	0.46	4000
1992-09-25	0.46	0.47	0.45	0.47	8800
1992-09-28	0.46	0.46	0.46	0.46	0
1992-09-29	0.46	0.46	0.46	0.46	0
1992-09-30	0.45	0.45	0.45	0.45	2400
1992-10-01	0.45	0.45	0.45	0.45	800
1992-10-02	0.45	0.45	0.44	0.45	4800
1992-10-05	0.44	0.44	0.44	0.44	3200
1992-10-06	0.44	0.44	0.44	0.44	0
1992-10-07	0.44	0.44	0.44	0.44	0
1992-10-08	0.45	0.45	0.45	0.45	800
1992-10-09	0.45	0.45	0.44	0.45	19200
1992-10-12	0.45	0.45	0.45	0.45	5600
1992-10-13	0.45	0.45	0.45	0.45	12000
1992-10-14	0.45	0.45	0.45	0.45	1600
1992-10-15	0.44	0.45	0.44	0.45	51200
1992-10-16	0.44	0.44	0.44	0.44	0
1992-10-19	0.44	0.44	0.44	0.44	3200
1992-10-20	0.44	0.44	0.44	0.44	0
1992-10-21	0.45	0.45	0.45	0.45	24000
1992-10-22	0.45	0.45	0.45	0.45	0
1992-10-23	0.44	0.45	0.44	0.44	16000
1992-10-26	0.44	0.45	0.43	0.45	51200
1992-10-27	0.45	0.45	0.45	0.45	1600
1992-10-28	0.44	0.44	0.44	0.44	16000
1992-10-29	0.44	0.44	0.44	0.44	20800
1992-10-30	0.44	0.45	0.43	0.43	5600
1992-11-02	0.44	0.44	0.44	0.44	0
1992-11-03	0.44	0.44	0.44	0.44	0
1992-11-04	0.45	0.46	0.45	0.46	4000
1992-11-05	0.45	0.45	0.45	0.45	0
1992-11-06	0.47	0.47	0.47	0.47	1600
1992-11-09	0.45	0.45	0.45	0.45	113600
1992-11-10	0.45	0.45	0.45	0.45	4800
1992-11-11	0.45	0.45	0.45	0.45	0
1992-11-12	0.45	0.45	0.45	0.45	0
1992-11-13	0.44	0.45	0.44	0.45	28800
1992-11-16	0.43	0.44	0.43	0.44	31200
1992-11-17	0.43	0.44	0.43	0.44	6400
1992-11-18	0.43	0.44	0.43	0.44	3200
1992-11-19	0.41	0.42	0.41	0.42	4800
1992-11-20	0.43	0.43	0.41	0.43	4800
1992-11-23	0.42	0.43	0.41	0.43	32800
1992-11-24	0.41	0.42	0.40	0.42	28800
1992-11-25	0.41	0.42	0.40	0.41	84000
1992-11-27	0.41	0.41	0.41	0.41	800
1992-11-30	0.40	0.40	0.40	0.40	16000
1992-12-01	0.41	0.41	0.41	0.41	107200
1992-12-02	0.41	0.41	0.41	0.41	0
1992-12-03	0.41	0.41	0.41	0.41	1600
1992-12-04	0.43	0.43	0.42	0.43	4800
1992-12-07	0.42	0.42	0.42	0.42	3200
1992-12-08	0.42	0.43	0.42	0.43	4800
1992-12-09	0.42	0.42	0.42	0.42	0
1992-12-10	0.42	0.42	0.42	0.42	0
1992-12-11	0.42	0.43	0.42	0.43	3200
1992-12-14	0.43	0.43	0.41	0.43	8000
1992-12-15	0.43	0.43	0.43	0.43	0
1992-12-16	0.41	0.41	0.40	0.41	67200
1992-12-17	0.41	0.41	0.39	0.39	3200
1992-12-18	0.40	0.40	0.40	0.40	800
1992-12-21	0.40	0.40	0.40	0.40	24000
1992-12-22	0.41	0.42	0.40	0.40	981600
1992-12-23	0.41	0.41	0.40	0.40	10400
1992-12-24	0.41	0.41	0.41	0.41	0
1992-12-28	0.41	0.41	0.41	0.41	0
1992-12-29	0.42	0.42	0.42	0.42	2400
1992-12-30	0.43	0.43	0.41	0.41	4000
1992-12-31	0.41	0.43	0.41	0.43	44000
1993-01-04	0.41	0.41	0.41	0.41	0
1993-01-05	0.40	0.41	0.40	0.40	40000
1993-01-06	0.40	0.40	0.40	0.40	0
1993-01-07	0.43	0.43	0.43	0.43	800
1993-01-08	0.43	0.43	0.43	0.43	1600
1993-01-11	0.42	0.42	0.42	0.42	3200
1993-01-12	0.41	0.42	0.40	0.42	68800
1993-01-13	0.41	0.41	0.41	0.41	20000
1993-01-14	0.41	0.41	0.41	0.41	5600
1993-01-15	0.41	0.41	0.40	0.40	6400
1993-01-18	0.41	0.41	0.41	0.41	0
1993-01-19	0.41	0.41	0.41	0.41	4000
1993-01-20	0.41	0.41	0.40	0.41	7200
1993-01-21	0.41	0.41	0.41	0.41	32800
1993-01-22	0.41	0.41	0.40	0.40	133600
1993-01-25	0.42	0.42	0.42	0.42	16000
1993-01-26	0.43	0.43	0.42	0.42	7200
1993-01-27	0.43	0.44	0.42	0.42	5600
1993-01-28	0.45	0.45	0.45	0.45	2400
1993-01-29	0.45	0.45	0.45	0.45	1600
1993-02-01	0.46	0.46	0.46	0.46	2400
1993-02-02	0.47	0.47	0.44	0.44	2400
1993-02-03	0.44	0.47	0.44	0.47	20800
1993-02-04	0.46	0.46	0.46	0.46	13600
1993-02-05	0.46	0.46	0.45	0.45	8000
1993-02-08	0.45	0.47	0.45	0.47	18400
1993-02-09	0.45	0.45	0.44	0.45	27200
1993-02-10	0.45	0.45	0.45	0.45	1600
1993-02-11	0.46	0.47	0.45	0.46	76000
1993-02-12	0.45	0.45	0.45	0.45	13600
1993-02-16	0.45	0.46	0.45	0.46	6400
1993-02-17	0.46	0.46	0.46	0.46	5600
1993-02-18	0.44	0.46	0.44	0.46	43200
1993-02-19	0.43	0.45	0.43	0.45	19200
1993-02-22	0.45	0.45	0.45	0.45	7200
1993-02-23	0.45	0.45	0.44	0.44	36800
1993-02-24	0.44	0.44	0.44	0.44	5600
1993-02-25	0.48	0.48	0.46	0.46	11200
1993-02-26	0.47	0.47	0.46	0.46	4800
1993-03-01	0.48	0.48	0.48	0.48	5600
1993-03-02	0.48	0.48	0.47	0.48	11200
1993-03-03	0.49	0.49	0.48	0.48	5600
1993-03-04	0.49	0.49	0.48	0.49	8000
1993-03-05	0.48	0.50	0.48	0.49	18400
1993-03-08	0.50	0.50	0.49	0.50	8000
1993-03-09	0.50	0.50	0.50	0.50	6400
1993-03-10	0.48	0.50	0.48	0.50	2400
1993-03-11	0.48	0.48	0.48	0.48	0
1993-03-12	0.50	0.50	0.49	0.50	10400
1993-03-15	0.49	0.50	0.48	0.50	73600
1993-03-16	0.49	0.49	0.49	0.49	0
1993-03-17	0.50	0.50	0.50	0.50	18400
1993-03-18	0.50	0.50	0.50	0.50	3200
1993-03-19	0.49	0.50	0.48	0.48	5600
1993-03-22	0.49	0.50	0.49	0.50	8000
1993-03-23	0.49	0.49	0.49	0.49	0
1993-03-24	0.49	0.49	0.49	0.49	0
1993-03-25	0.49	0.49	0.49	0.49	0
1993-03-26	0.49	0.49	0.49	0.49	0
1993-03-29	0.49	0.49	0.49	0.49	0
1993-03-30	0.48	0.48	0.48	0.48	800
1993-03-31	0.48	0.48	0.48	0.48	0
1993-04-01	0.48	0.48	0.48	0.48	1600
1993-04-02	0.49	0.50	0.49	0.50	4000
1993-04-05	0.49	0.49	0.49	0.49	0
1993-04-06	0.49	0.49	0.49	0.49	2400
1993-04-07	0.50	0.50	0.49	0.49	3200
1993-04-08	0.48	0.48	0.48	0.48	3200
1993-04-12	0.50	0.50	0.48	0.48	122400
1993-04-13	0.51	0.51	0.51	0.51	28000
1993-04-14	0.51	0.51	0.51	0.51	0
1993-04-15	0.51	0.51	0.51	0.51	0
1993-04-16	0.51	0.51	0.51	0.51	0
1993-04-19	0.49	0.49	0.49	0.49	8000
1993-04-20	0.50	0.50	0.50	0.50	7200
1993-04-21	0.51	0.51	0.51	0.51	3200
1993-04-22	0.50	0.50	0.50	0.50	8000
1993-04-23	0.50	0.50	0.50	0.50	8000
1993-04-26	0.50	0.50	0.50	0.50	10400
1993-04-27	0.52	0.52	0.52	0.52	8000
1993-04-28	0.52	0.52	0.52	0.52	0
1993-04-29	0.52	0.52	0.52	0.52	0
1993-04-30	0.52	0.52	0.52	0.52	0
1993-05-03	0.52	0.52	0.52	0.52	0
1993-05-04	0.52	0.52	0.52	0.52	4800
1993-05-05	0.50	0.52	0.50	0.52	27200
1993-05-06	0.52	0.52	0.52	0.52	1600
1993-05-07	0.52	0.52	0.50	0.50	6400
1993-05-10	0.52	0.52	0.52	0.52	0
1993-05-11	0.54	0.54	0.54	0.54	0
1993-05-12	0.54	0.54	0.54	0.54	32000
1993-05-13	0.54	0.54	0.54	0.54	0
1993-05-14	0.54	0.54	0.52	0.52	3200
1993-05-17	0.54	0.54	0.54	0.54	2400
1993-05-18	0.54	0.54	0.54	0.54	800
1993-05-19	0.54	0.54	0.54	0.54	0
1993-05-20	0.53	0.53	0.53	0.53	7200
1993-05-21	0.55	0.55	0.55	0.55	2400
1993-05-24	0.54	0.54	0.53	0.54	7200
1993-05-25	0.54	0.54	0.54	0.54	3200
1993-05-26	0.54	0.54	0.54	0.54	2400
1993-05-27	0.53	0.53	0.53	0.53	8000
1993-05-28	0.53	0.53	0.53	0.53	0
1993-06-01	0.53	0.53	0.53	0.53	0
1993-06-02	0.53	0.53	0.53	0.53	0
1993-06-03	0.53	0.53	0.53	0.53	0
1993-06-04	0.54	0.54	0.54	0.54	6400
1993-06-07	0.54	0.54	0.54	0.54	0
1993-06-08	0.53	0.54	0.52	0.54	20000
1993-06-09	0.52	0.52	0.52	0.52	800
1993-06-10	0.52	0.52	0.52	0.52	0
1993-06-11	0.52	0.52	0.52	0.52	0
1993-06-14	0.52	0.52	0.52	0.52	0
1993-06-15	0.53	0.53	0.53	0.53	10400
1993-06-16	0.53	0.53	0.53	0.53	0
1993-06-17	0.53	0.53	0.53	0.53	0
1993-06-18	0.53	0.53	0.53	0.53	0
1993-06-21	0.51	0.54	0.51	0.54	11200
1993-06-22	0.51	0.51	0.51	0.51	0
1993-06-23	0.51	0.51	0.51	0.51	3200
1993-06-24	0.54	0.54	0.54	0.54	2400
1993-06-25	0.54	0.54	0.54	0.54	0
1993-06-28	0.54	0.54	0.54	0.54	4800
1993-06-29	0.53	0.54	0.52	0.54	8800
1993-06-30	0.53	0.53	0.52	0.52	8000
1993-07-01	0.54	0.54	0.52	0.52	74400
1993-07-02	0.54	0.54	0.54	0.54	8000
1993-07-06	0.55	0.55	0.54	0.54	87200
1993-07-07	0.56	0.56	0.56	0.56	20800
1993-07-08	0.55	0.57	0.55	0.55	32800
1993-07-09	0.57	0.57	0.57	0.57	800
1993-07-12	0.57	0.57	0.55	0.55	5600
1993-07-13	0.56	0.57	0.55	0.57	9600
1993-07-14	0.57	0.57	0.55	0.57	30400
1993-07-15	0.57	0.57	0.57	0.57	0
1993-07-16	0.57	0.57	0.57	0.57	800
1993-07-19	0.57	0.57	0.57	0.57	0
1993-07-20	0.57	0.57	0.57	0.57	0
1993-07-21	0.57	0.57	0.57	0.57	0
1993-07-22	0.57	0.57	0.57	0.57	0
1993-07-23	0.56	0.56	0.56	0.56	8000
1993-07-26	0.56	0.56	0.56	0.56	800
1993-07-27	0.57	0.57	0.56	0.56	4800
1993-07-28	0.57	0.57	0.56	0.57	2400
1993-07-29	0.56	0.56	0.56	0.56	9600
1993-07-30	0.56	0.56	0.56	0.56	0
1993-08-02	0.56	0.56	0.56	0.56	0
1993-08-03	0.56	0.56	0.56	0.56	1600
1993-08-04	0.57	0.57	0.57	0.57	1600
1993-08-05	0.57	0.57	0.57	0.57	8800
1993-08-06	0.59	0.59	0.59	0.59	3200
1993-08-09	0.57	0.57	0.57	0.57	4800
1993-08-10	0.58	0.58	0.57	0.57	2400
1993-08-11	0.58	0.58	0.58	0.58	0
1993-08-12	0.56	0.58	0.56	0.58	37600
1993-08-13	0.56	0.56	0.56	0.56	0
1993-08-16	0.55	0.55	0.55	0.55	8000
1993-08-17	0.55	0.55	0.55	0.55	0
1993-08-18	0.55	0.55	0.55	0.55	0
1993-08-19	0.55	0.55	0.55	0.55	63200
1993-08-20	0.55	0.57	0.55	0.55	124000
1993-08-23	0.54	0.54	0.54	0.54	100800
1993-08-24	0.57	0.57	0.57	0.57	800
1993-08-25	0.54	0.57	0.54	0.54	13600
1993-08-26	0.57	0.57	0.54	0.54	8800
1993-08-27	0.54	0.54	0.54	0.54	800
1993-08-30	0.54	0.54	0.54	0.54	0
1993-08-31	0.53	0.54	0.53	0.54	1600
1993-09-01	0.54	0.54	0.52	0.52	4000
1993-09-02	0.54	0.54	0.54	0.54	1600
1993-09-03	0.54	0.54	0.52	0.52	4800
1993-09-07	0.54	0.54	0.54	0.54	0
1993-09-08	0.54	0.54	0.54	0.54	0
1993-09-09	0.53	0.54	0.52	0.52	9600
1993-09-10	0.54	0.54	0.54	0.54	800
1993-09-13	0.53	0.53	0.52	0.52	8000
1993-09-14	0.55	0.55	0.55	0.55	1600
1993-09-15	0.52	0.52	0.52	0.52	7200
1993-09-16	0.52	0.52	0.52	0.52	0
1993-09-17	0.52	0.52	0.52	0.52	0
1993-09-20	0.54	0.54	0.54	0.54	4000
1993-09-21	0.54	0.54	0.54	0.54	0
1993-09-22	0.52	0.52	0.52	0.52	800
1993-09-23	0.54	0.54	0.54	0.54	4000
1993-09-24	0.54	0.54	0.54	0.54	7200
1993-09-27	0.54	0.54	0.54	0.54	0
1993-09-28	0.54	0.54	0.54	0.54	0
1993-09-29	0.55	0.55	0.55	0.55	4000
1993-09-30	0.55	0.55	0.55	0.55	0
1993-10-01	0.55	0.55	0.55	0.55	16000
1993-10-04	0.53	0.53	0.53	0.53	14400
1993-10-05	0.54	0.54	0.54	0.54	8000
1993-10-06	0.54	0.54	0.54	0.54	0
1993-10-07	0.54	0.54	0.54	0.54	6400
1993-10-08	0.53	0.53	0.52	0.52	4000
1993-10-11	0.54	0.54	0.54	0.54	1600
1993-10-12	0.54	0.54	0.54	0.54	0
1993-10-13	0.54	0.54	0.52	0.52	3200
1993-10-14	0.54	0.54	0.54	0.54	0
1993-10-15	0.54	0.54	0.54	0.54	0
1993-10-18	0.55	0.55	0.55	0.55	1600
1993-10-19	0.55	0.56	0.55	0.56	2400
1993-10-20	0.56	0.56	0.55	0.55	32800
1993-10-21	0.57	0.57	0.57	0.57	16800
1993-10-22	0.56	0.57	0.56	0.57	3200
1993-10-25	0.55	0.55	0.55	0.55	800
1993-10-26	0.58	0.58	0.56	0.58	1600
1993-10-27	0.55	0.55	0.55	0.55	4000
1993-10-28	0.55	0.57	0.54	0.57	48000
1993-10-29	0.55	0.55	0.55	0.55	0
1993-11-01	0.57	0.57	0.57	0.57	5600
1993-11-02	0.57	0.57	0.57	0.57	8000
1993-11-03	0.57	0.57	0.57	0.57	16000
1993-11-04	0.57	0.57	0.57	0.57	0
1993-11-05	0.57	0.57	0.57	0.57	1600
1993-11-08	0.58	0.58	0.58	0.58	0
1993-11-09	0.58	0.58	0.58	0.58	0
1993-11-10	0.59	0.59	0.57	0.57	44000
1993-11-11	0.59	0.59	0.59	0.59	0
1993-11-12	0.58	0.58	0.58	0.58	800
1993-11-15	0.58	0.58	0.58	0.58	8000
1993-11-16	0.58	0.59	0.58	0.59	15200
1993-11-17	0.59	0.59	0.59	0.59	800
1993-11-18	0.59	0.59	0.59	0.59	0
1993-11-19	0.57	0.57	0.57	0.57	8000
1993-11-22	0.58	0.58	0.57	0.58	20800
1993-11-23	0.58	0.58	0.58	0.58	0
1993-11-24	0.59	0.60	0.59	0.60	20800
1993-11-26	0.59	0.59	0.59	0.59	2400
1993-11-29	0.59	0.59	0.59	0.59	1600
1993-11-30	0.59	0.60	0.59	0.60	6400
1993-12-01	0.60	0.60	0.60	0.60	14400
1993-12-02	0.60	0.60	0.59	0.59	6400
1993-12-03	0.59	0.59	0.59	0.59	2400
1993-12-06	0.61	0.61	0.59	0.59	28000
1993-12-07	0.60	0.60	0.60	0.60	3200
1993-12-08	0.60	0.60	0.60	0.60	0
1993-12-09	0.61	0.61	0.60	0.60	4000
1993-12-10	0.61	0.61	0.61	0.61	0
1993-12-13	0.61	0.62	0.60	0.62	17600
1993-12-14	0.60	0.60	0.60	0.60	4000
1993-12-15	0.60	0.60	0.60	0.60	4000
1993-12-16	0.60	0.60	0.60	0.60	0
1993-12-17	0.60	0.60	0.60	0.60	0
1993-12-20	0.60	0.60	0.60	0.60	0
1993-12-21	0.62	0.62	0.59	0.59	12800
1993-12-22	0.62	0.62	0.62	0.62	0
1993-12-23	0.62	0.63	0.61	0.62	24000
1993-12-27	0.62	0.62	0.62	0.62	0
1993-12-28	0.63	0.63	0.61	0.61	8000
1993-12-29	0.61	0.61	0.61	0.61	800
1993-12-30	0.61	0.61	0.61	0.61	0
1993-12-31	0.60	0.60	0.60	0.60	4000
1994-01-03	0.60	0.60	0.60	0.60	0
1994-01-04	0.60	0.60	0.60	0.60	800
1994-01-05	0.60	0.60	0.60	0.60	0
1994-01-06	0.60	0.60	0.60	0.60	1600
1994-01-07	0.60	0.60	0.60	0.60	0
1994-01-10	0.63	0.63	0.63	0.63	800
1994-01-11	0.60	0.60	0.60	0.60	4000
1994-01-12	0.62	0.62	0.62	0.62	1600
1994-01-13	0.60	0.60	0.60	0.60	2400
1994-01-14	0.60	0.60	0.60	0.60	0
1994-01-17	0.60	0.60	0.60	0.60	0
1994-01-18	0.60	0.62	0.60	0.60	6400
1994-01-19	0.63	0.63	0.62	0.62	2400
1994-01-20	0.63	0.63	0.63	0.63	0
1994-01-21	0.63	0.63	0.63	0.63	0
1994-01-24	0.63	0.63	0.63	0.63	0
1994-01-25	0.63	0.63	0.63	0.63	3200
1994-01-26	0.61	0.62	0.61	0.61	12800
1994-01-27	0.63	0.63	0.63	0.63	8000
1994-01-28	0.63	0.63	0.63	0.63	8000
1994-01-31	0.63	0.63	0.63	0.63	0
1994-02-01	0.63	0.63	0.63	0.63	4000
1994-02-02	0.63	0.63	0.63	0.63	0
1994-02-03	0.63	0.63	0.63	0.63	0
1994-02-04	0.63	0.64	0.63	0.64	17600
1994-02-07	0.66	0.66	0.66	0.66	800
1994-02-08	0.64	0.64	0.64	0.64	1600
1994-02-09	0.64	0.64	0.64	0.64	0
1994-02-10	0.64	0.64	0.64	0.64	0
1994-02-11	0.64	0.64	0.64	0.64	0
1994-02-14	0.62	0.64	0.62	0.64	36800
1994-02-15	0.61	0.61	0.61	0.61	8000
1994-02-16	0.60	0.60	0.60	0.60	8000
1994-02-17	0.62	0.62	0.62	0.62	19200
1994-02-18	0.62	0.62	0.62	0.62	0
1994-02-22	0.62	0.62	0.62	0.62	800
1994-02-23	0.62	0.62	0.62	0.62	0
1994-02-24	0.60	0.60	0.60	0.60	800
1994-02-25	0.60	0.60	0.60	0.60	0
1994-02-28	0.63	0.63	0.62	0.62	29600
1994-03-01	0.63	0.63	0.63	0.63	0
1994-03-02	0.63	0.63	0.63	0.63	0
1994-03-03	0.62	0.62	0.62	0.62	8000
1994-03-04	0.62	0.62	0.62	0.62	0
1994-03-07	0.60	0.60	0.60	0.60	2400
1994-03-08	0.62	0.62	0.62	0.62	4800
1994-03-09	0.62	0.62	0.62	0.62	4800
1994-03-10	0.62	0.62	0.60	0.60	2400
1994-03-11	0.60	0.60	0.60	0.60	78400
1994-03-14	0.61	0.61	0.61	0.61	13600
1994-03-15	0.61	0.61	0.61	0.61	0
1994-03-16	0.61	0.61	0.61	0.61	0
1994-03-17	0.61	0.61	0.61	0.61	0
1994-03-18	0.61	0.61	0.61	0.61	0
1994-03-21	0.61	0.61	0.61	0.61	0
1994-03-22	0.61	0.61	0.61	0.61	0
1994-03-23	0.61	0.61	0.61	0.61	0
1994-03-24	0.61	0.61	0.61	0.61	0
1994-03-25	0.61	0.61	0.61	0.61	0
1994-03-28	0.61	0.61	0.61	0.61	0
1994-03-29	0.61	0.61	0.61	0.61	0
1994-03-30	0.58	0.60	0.58	0.60	3200
1994-03-31	0.58	0.58	0.58	0.58	0
1994-04-04	0.57	0.57	0.57	0.57	16000
1994-04-05	0.57	0.57	0.57	0.57	0
1994-04-06	0.56	0.56	0.56	0.56	1600
1994-04-07	0.57	0.57	0.57	0.57	2400
1994-04-08	0.59	0.59	0.59	0.59	4000
1994-04-11	0.58	0.58	0.57	0.57	6400
1994-04-12	0.60	0.60	0.59	0.60	35200
1994-04-13	0.61	0.61	0.61	0.61	12800
1994-04-14	0.58	0.58	0.58	0.58	800
1994-04-15	0.58	0.58	0.58	0.58	0
1994-04-18	0.57	0.57	0.57	0.57	32000
1994-04-19	0.57	0.57	0.57	0.57	0
1994-04-20	0.55	0.55	0.55	0.55	800
1994-04-21	0.57	0.57	0.57	0.57	8800
1994-04-22	0.58	0.58	0.56	0.56	16000
1994-04-25	0.58	0.58	0.58	0.58	0
1994-04-26	0.58	0.58	0.58	0.58	0
1994-04-28	0.58	0.58	0.58	0.58	0
1994-04-29	0.57	0.57	0.57	0.57	3200
1994-05-02	0.57	0.57	0.57	0.57	0
1994-05-03	0.57	0.57	0.57	0.57	1600
1994-05-04	0.57	0.57	0.57	0.57	8000
1994-05-05	0.57	0.57	0.57	0.57	800
1994-05-06	0.55	0.56	0.55	0.56	2400
1994-05-09	0.55	0.55	0.55	0.55	0
1994-05-10	0.55	0.55	0.55	0.55	0
1994-05-11	0.56	0.56	0.56	0.56	0
1994-05-12	0.59	0.59	0.59	0.59	800
1994-05-13	0.59	0.59	0.59	0.59	0
1994-05-16	0.59	0.59	0.59	0.59	0
1994-05-17	0.59	0.59	0.59	0.59	0
1994-05-18	0.59	0.59	0.59	0.59	0
1994-05-19	0.59	0.59	0.59	0.59	0
1994-05-20	0.59	0.59	0.59	0.59	0
1994-05-23	0.59	0.59	0.59	0.59	0
1994-05-24	0.59	0.59	0.59	0.59	0
1994-05-25	0.59	0.59	0.59	0.59	0
1994-05-26	0.59	0.59	0.59	0.59	0
1994-05-27	0.59	0.59	0.59	0.59	0
1994-05-31	0.59	0.59	0.59	0.59	0
1994-06-01	0.59	0.59	0.59	0.59	0
1994-06-02	0.59	0.59	0.59	0.59	0
1994-06-03	0.56	0.56	0.56	0.56	72800
1994-06-06	0.56	0.56	0.56	0.56	0
1994-06-07	0.56	0.56	0.56	0.56	0
1994-06-08	0.56	0.56	0.56	0.56	1600
1994-06-09	0.56	0.56	0.56	0.56	0
1994-06-10	0.58	0.58	0.58	0.58	800
1994-06-13	0.55	0.56	0.55	0.56	23200
1994-06-14	0.56	0.57	0.56	0.57	3200
1994-06-15	0.54	0.55	0.54	0.55	20000
1994-06-16	0.54	0.54	0.54	0.54	0
1994-06-17	0.53	0.55	0.53	0.55	1600
1994-06-20	0.52	0.52	0.52	0.52	23200
1994-06-21	0.52	0.52	0.52	0.52	0
1994-06-22	0.52	0.52	0.52	0.52	0
1994-06-23	0.53	0.53	0.53	0.53	8000
1994-06-24	0.53	0.53	0.53	0.53	0
1994-06-27	0.53	0.53	0.53	0.53	0
1994-06-28	0.53	0.53	0.53	0.53	0
1994-06-29	0.53	0.53	0.53	0.53	0
1994-06-30	0.53	0.53	0.53	0.53	0
1994-07-01	0.53	0.53	0.53	0.53	0
1994-07-05	0.56	0.56	0.55	0.56	52000
1994-07-06	0.56	0.56	0.56	0.56	0
1994-07-07	0.56	0.56	0.54	0.54	6400
1994-07-08	0.55	0.56	0.55	0.56	12800
1994-07-11	0.55	0.55	0.55	0.55	0
1994-07-12	0.55	0.55	0.55	0.55	800
1994-07-13	0.57	0.57	0.55	0.57	40000
1994-07-14	0.57	0.57	0.57	0.57	6400
1994-07-15	0.57	0.57	0.57	0.57	0
1994-07-18	0.57	0.57	0.57	0.57	0
1994-07-19	0.57	0.57	0.57	0.57	0
1994-07-20	0.56	0.56	0.55	0.55	54400
1994-07-21	0.56	0.56	0.56	0.56	0
1994-07-22	0.56	0.56	0.56	0.56	0
1994-07-25	0.56	0.56	0.55	0.55	1600
1994-07-26	0.56	0.56	0.56	0.56	0
1994-07-27	0.56	0.56	0.56	0.56	0
1994-07-28	0.56	0.56	0.56	0.56	0
1994-07-29	0.56	0.56	0.56	0.56	0
1994-08-01	0.56	0.56	0.56	0.56	0
1994-08-02	0.55	0.55	0.55	0.55	3200
1994-08-03	0.57	0.58	0.55	0.55	48000
1994-08-04	0.58	0.59	0.56	0.56	25600
1994-08-05	0.58	0.58	0.58	0.58	0
1994-08-08	0.58	0.58	0.58	0.58	0
1994-08-09	0.58	0.58	0.58	0.58	0
1994-08-10	0.58	0.58	0.58	0.58	0
1994-08-11	0.58	0.58	0.58	0.58	0
1994-08-12	0.58	0.58	0.58	0.58	0
1994-08-15	0.59	0.59	0.59	0.59	0
1994-08-16	0.59	0.59	0.59	0.59	0
1994-08-17	0.57	0.57	0.57	0.57	3200
1994-08-18	0.57	0.57	0.57	0.57	0
1994-08-19	0.57	0.57	0.57	0.57	0
1994-08-22	0.57	0.57	0.57	0.57	0
1994-08-23	0.57	0.57	0.56	0.56	11200
1994-08-24	0.57	0.57	0.57	0.57	0
1994-08-25	0.56	0.56	0.55	0.55	8000
1994-08-26	0.56	0.56	0.56	0.56	0
1994-08-29	0.56	0.56	0.56	0.56	0
1994-08-30	0.55	0.55	0.55	0.55	800
1994-08-31	0.55	0.55	0.55	0.55	0
1994-09-01	0.55	0.55	0.55	0.55	0
1994-09-02	0.57	0.57	0.55	0.55	12000
1994-09-06	0.57	0.57	0.57	0.57	0
1994-09-07	0.57	0.57	0.57	0.57	0
1994-09-08	0.57	0.57	0.57	0.57	0
1994-09-09	0.57	0.57	0.57	0.57	0
1994-09-12	0.57	0.58	0.57	0.58	2400
1994-09-13	0.57	0.57	0.57	0.57	0
1994-09-14	0.57	0.57	0.57	0.57	0
1994-09-15	0.57	0.57	0.57	0.57	0
1994-09-16	0.58	0.58	0.58	0.58	10400
1994-09-19	0.58	0.58	0.57	0.57	16000
1994-09-20	0.58	0.58	0.58	0.58	0
1994-09-21	0.58	0.58	0.58	0.58	0
1994-09-22	0.58	0.58	0.58	0.58	0
1994-09-23	0.58	0.58	0.58	0.58	0
1994-09-26	0.57	0.57	0.57	0.57	5600
1994-09-27	0.57	0.57	0.57	0.57	0
1994-09-28	0.57	0.57	0.57	0.57	0
1994-09-29	0.58	0.58	0.57	0.57	11200
1994-09-30	0.58	0.58	0.58	0.58	0
1994-10-03	0.58	0.58	0.58	0.58	0
1994-10-04	0.57	0.57	0.57	0.57	40000
1994-10-05	0.57	0.57	0.57	0.57	1600
1994-10-06	0.57	0.57	0.57	0.57	2400
1994-10-07	0.57	0.57	0.57	0.57	0
1994-10-10	0.57	0.57	0.57	0.57	0
1994-10-11	0.57	0.57	0.57	0.57	0
1994-10-12	0.57	0.57	0.57	0.57	4000
1994-10-13	0.57	0.57	0.57	0.57	0
1994-10-14	0.57	0.57	0.57	0.57	800
1994-10-17	0.57	0.57	0.57	0.57	5600
1994-10-18	0.56	0.56	0.56	0.56	3200
1994-10-19	0.56	0.56	0.56	0.56	0
1994-10-20	0.56	0.56	0.56	0.56	0
1994-10-21	0.56	0.57	0.56	0.56	12000
1994-10-24	0.56	0.56	0.56	0.56	0
1994-10-25	0.57	0.57	0.57	0.57	5600
1994-10-26	0.57	0.57	0.57	0.57	0
1994-10-27	0.57	0.57	0.57	0.57	0
1994-10-28	0.57	0.57	0.57	0.57	11200
1994-10-31	0.57	0.57	0.57	0.57	8000
1994-11-01	0.57	0.57	0.57	0.57	5600
1994-11-02	0.57	0.57	0.57	0.57	0
1994-11-03	0.57	0.57	0.57	0.57	5600
1994-11-04	0.57	0.57	0.57	0.57	0
1994-11-07	0.57	0.57	0.55	0.57	29600
1994-11-08	0.57	0.57	0.57	0.57	800
1994-11-09	0.57	0.57	0.57	0.57	0
1994-11-10	0.57	0.57	0.57	0.57	3200
1994-11-11	0.57	0.57	0.57	0.57	0
1994-11-14	0.57	0.57	0.57	0.57	0
1994-11-15	0.57	0.57	0.57	0.57	8000
1994-11-16	0.56	0.57	0.56	0.57	40800
1994-11-17	0.55	0.55	0.55	0.55	8000
1994-11-18	0.55	0.55	0.55	0.55	0
1994-11-21	0.55	0.55	0.55	0.55	8000
1994-11-22	0.55	0.55	0.55	0.55	8000
1994-11-23	0.55	0.55	0.55	0.55	0
1994-11-25	0.55	0.55	0.55	0.55	0
1994-11-28	0.57	0.57	0.57	0.57	4000
1994-11-29	0.56	0.56	0.55	0.56	8000
1994-11-30	0.56	0.56	0.56	0.56	0
1994-12-01	0.54	0.54	0.54	0.54	1600
1994-12-02	0.54	0.54	0.54	0.54	2400
1994-12-05	0.54	0.54	0.54	0.54	4000
1994-12-06	0.54	0.54	0.54	0.54	4000
1994-12-07	0.54	0.55	0.54	0.55	6400
1994-12-08	0.54	0.54	0.54	0.54	0
1994-12-09	0.54	0.54	0.54	0.54	0
1994-12-12	0.54	0.54	0.54	0.54	0
1994-12-13	0.54	0.54	0.54	0.54	0
1994-12-14	0.55	0.55	0.54	0.54	16000
1994-12-15	0.54	0.54	0.54	0.54	4000
1994-12-16	0.54	0.54	0.54	0.54	0
1994-12-19	0.54	0.54	0.54	0.54	0
1994-12-20	0.54	0.54	0.54	0.54	5600
1994-12-21	0.54	0.54	0.54	0.54	0
1994-12-22	0.57	0.57	0.57	0.57	800
1994-12-23	0.55	0.55	0.55	0.55	800
1994-12-27	0.55	0.55	0.55	0.55	800
1994-12-28	0.55	0.55	0.55	0.55	1600
1994-12-29	0.55	0.55	0.55	0.55	0
1994-12-30	0.56	0.56	0.55	0.55	17600
1995-01-03	0.56	0.56	0.56	0.56	0
1995-01-04	0.56	0.56	0.56	0.56	0
1995-01-05	0.56	0.56	0.56	0.56	0
1995-01-06	0.57	0.59	0.56	0.56	7200
1995-01-09	0.57	0.57	0.57	0.57	0
1995-01-10	0.57	0.58	0.57	0.58	22400
1995-01-11	0.57	0.57	0.57	0.57	0
1995-01-12	0.56	0.56	0.55	0.55	89600
1995-01-13	0.56	0.56	0.56	0.56	0
1995-01-16	0.56	0.56	0.56	0.56	0
1995-01-17	0.56	0.56	0.56	0.56	0
1995-01-18	0.54	0.56	0.54	0.56	7200
1995-01-19	0.55	0.55	0.55	0.55	16000
1995-01-20	0.53	0.55	0.53	0.55	32000
1995-01-23	0.52	0.52	0.52	0.52	12800
1995-01-24	0.52	0.52	0.52	0.52	21600
1995-01-25	0.52	0.52	0.52	0.52	1600
1995-01-26	0.52	0.52	0.52	0.52	0
1995-01-27	0.52	0.52	0.52	0.52	800
1995-01-30	0.52	0.52	0.52	0.52	0
1995-01-31	0.52	0.52	0.52	0.52	0
1995-02-01	0.54	0.54	0.54	0.54	8800
1995-02-02	0.54	0.54	0.54	0.54	0
1995-02-03	0.54	0.54	0.54	0.54	0
1995-02-06	0.57	0.57	0.57	0.57	16000
1995-02-07	0.57	0.57	0.57	0.57	8000
1995-02-08	0.57	0.57	0.57	0.57	0
1995-02-09	0.57	0.57	0.57	0.57	0
1995-02-10	0.57	0.57	0.57	0.57	0
1995-02-13	0.56	0.56	0.56	0.56	88000
1995-02-14	0.56	0.56	0.56	0.56	0
1995-02-15	0.57	0.57	0.57	0.57	16000
1995-02-16	0.56	0.56	0.56	0.56	6400
1995-02-17	0.55	0.55	0.55	0.55	4800
1995-02-21	0.55	0.55	0.55	0.55	0
1995-02-22	0.57	0.57	0.56	0.56	91200
1995-02-23	0.59	0.59	0.58	0.58	11200
1995-02-24	0.59	0.59	0.58	0.58	16000
1995-02-27	0.59	0.59	0.59	0.59	0
1995-02-28	0.59	0.59	0.59	0.59	0
1995-03-01	0.59	0.59	0.59	0.59	0
1995-03-02	0.59	0.59	0.59	0.59	0
1995-03-03	0.59	0.59	0.59	0.59	8000
1995-03-06	0.59	0.59	0.59	0.59	0
1995-03-07	0.57	0.57	0.57	0.57	16000
1995-03-08	0.57	0.57	0.57	0.57	0
1995-03-09	0.57	0.57	0.57	0.57	0
1995-03-10	0.57	0.57	0.57	0.57	0
1995-03-13	0.58	0.58	0.58	0.58	2400
1995-03-14	0.58	0.58	0.58	0.58	2400
1995-03-15	0.58	0.58	0.58	0.58	0
1995-03-16	0.59	0.59	0.59	0.59	16000
1995-03-17	0.58	0.58	0.58	0.58	8000
1995-03-20	0.60	0.60	0.59	0.60	16000
1995-03-21	0.60	0.60	0.60	0.60	0
1995-03-22	0.60	0.60	0.60	0.60	0
1995-03-23	0.60	0.60	0.60	0.60	0
1995-03-24	0.59	0.59	0.59	0.59	10400
1995-03-27	0.59	0.59	0.59	0.59	0
1995-03-28	0.59	0.59	0.59	0.59	1600
1995-03-29	0.60	0.60	0.60	0.60	1600
1995-03-30	0.60	0.60	0.60	0.60	18400
1995-03-31	0.60	0.60	0.60	0.60	0
1995-04-03	0.60	0.60	0.60	0.60	2400
1995-04-04	0.62	0.62	0.60	0.60	7200
1995-04-05	0.61	0.61	0.61	0.61	1600
1995-04-06	0.61	0.61	0.61	0.61	0
1995-04-07	0.61	0.61	0.61	0.61	0
1995-04-10	0.59	0.62	0.59	0.62	19200
1995-04-11	0.59	0.59	0.59	0.59	0
1995-04-12	0.59	0.59	0.59	0.59	0
1995-04-13	0.59	0.59	0.59	0.59	0
1995-04-17	0.62	0.62	0.62	0.62	20000
1995-04-18	0.63	0.63	0.63	0.63	4000
1995-04-19	0.61	0.61	0.61	0.61	3200
1995-04-20	0.62	0.62	0.62	0.62	8000
1995-04-21	0.62	0.62	0.62	0.62	0
1995-04-24	0.62	0.62	0.62	0.62	1600
1995-04-25	0.63	0.63	0.62	0.62	5600
1995-04-26	0.62	0.62	0.62	0.62	2400
1995-04-27	0.62	0.62	0.62	0.62	0
1995-04-28	0.62	0.62	0.62	0.62	0
1995-05-01	0.62	0.62	0.62	0.62	0
1995-05-02	0.62	0.62	0.62	0.62	8000
1995-05-03	0.62	0.62	0.62	0.62	0
1995-05-04	0.63	0.63	0.63	0.63	4000
1995-05-05	0.63	0.63	0.63	0.63	0
1995-05-08	0.63	0.63	0.63	0.63	0
1995-05-09	0.63	0.63	0.63	0.63	0
1995-05-10	0.63	0.63	0.63	0.63	0
1995-05-11	0.63	0.63	0.63	0.63	0
1995-05-12	0.63	0.63	0.63	0.63	0
1995-05-15	0.63	0.63	0.63	0.63	0
1995-05-16	0.63	0.63	0.63	0.63	0
1995-05-17	0.64	0.64	0.63	0.63	3200
1995-05-18	0.64	0.64	0.64	0.64	0
1995-05-19	0.64	0.64	0.64	0.64	0
1995-05-22	0.65	0.65	0.65	0.65	1600
1995-05-23	0.65	0.65	0.65	0.65	0
1995-05-24	0.65	0.65	0.65	0.65	0
1995-05-25	0.65	0.65	0.65	0.65	0
1995-05-26	0.63	0.63	0.63	0.63	8000
1995-05-30	0.63	0.63	0.62	0.62	12800
1995-05-31	0.62	0.63	0.62	0.62	28800
1995-06-01	0.62	0.62	0.62	0.62	0
1995-06-02	0.62	0.62	0.62	0.62	1600
1995-06-05	0.62	0.62	0.62	0.62	0
1995-06-06	0.62	0.62	0.62	0.62	0
1995-06-07	0.62	0.62	0.62	0.62	0
1995-06-08	0.62	0.62	0.62	0.62	0
1995-06-09	0.62	0.62	0.62	0.62	0
1995-06-12	0.62	0.62	0.62	0.62	0
1995-06-13	0.62	0.62	0.62	0.62	0
1995-06-14	0.63	0.63	0.63	0.63	88000
1995-06-15	0.63	0.63	0.63	0.63	3200
1995-06-16	0.63	0.63	0.63	0.63	0
1995-06-19	0.63	0.63	0.63	0.63	0
1995-06-20	0.63	0.63	0.63	0.63	1600
1995-06-21	0.63	0.63	0.63	0.63	0
1995-06-22	0.63	0.63	0.63	0.63	0
1995-06-23	0.63	0.63	0.63	0.63	2400
1995-06-26	0.63	0.63	0.63	0.63	0
1995-06-27	0.63	0.63	0.63	0.63	0
1995-06-28	0.63	0.63	0.63	0.63	0
1995-06-29	0.63	0.63	0.63	0.63	0
1995-06-30	0.63	0.63	0.62	0.62	1600
1995-07-03	0.62	0.62	0.62	0.62	800
1995-07-05	0.63	0.63	0.63	0.63	44800
1995-07-06	0.63	0.63	0.63	0.63	800
1995-07-07	0.63	0.63	0.63	0.63	0
1995-07-10	0.66	0.66	0.64	0.64	9600
1995-07-11	0.66	0.66	0.66	0.66	0
1995-07-12	0.63	0.63	0.63	0.63	6400
1995-07-13	0.63	0.63	0.63	0.63	0
1995-07-14	0.63	0.63	0.63	0.63	0
1995-07-17	0.63	0.63	0.63	0.63	0
1995-07-18	0.64	0.64	0.64	0.64	4000
1995-07-19	0.64	0.64	0.64	0.64	0
1995-07-20	0.64	0.64	0.64	0.64	0
1995-07-21	0.64	0.64	0.64	0.64	5600
1995-07-24	0.64	0.64	0.64	0.64	0
1995-07-25	0.63	0.63	0.63	0.63	16000
1995-07-26	0.63	0.63	0.63	0.63	5600
1995-07-27	0.63	0.63	0.63	0.63	0
1995-07-28	0.62	0.62	0.62	0.62	6400
1995-07-31	0.62	0.62	0.62	0.62	0
1995-08-01	0.62	0.62	0.62	0.62	0
1995-08-02	0.62	0.63	0.62	0.63	11200
1995-08-03	0.64	0.64	0.64	0.64	8800
1995-08-04	0.64	0.64	0.64	0.64	8800
1995-08-07	0.64	0.64	0.64	0.64	0
1995-08-08	0.64	0.64	0.64	0.64	0
1995-08-09	0.64	0.64	0.64	0.64	8000
1995-08-10	0.64	0.64	0.64	0.64	0
1995-08-11	0.65	0.65	0.65	0.65	12000
1995-08-14	0.65	0.65	0.65	0.65	0
1995-08-15	0.65	0.65	0.65	0.65	0
1995-08-16	0.65	0.65	0.65	0.65	0
1995-08-17	0.65	0.66	0.65	0.66	19200
1995-08-18	0.65	0.65	0.65	0.65	0
1995-08-21	0.67	0.67	0.65	0.65	3200
1995-08-22	0.66	0.67	0.65	0.67	16000
1995-08-23	0.66	0.66	0.66	0.66	0
1995-08-24	0.66	0.66	0.66	0.66	0
1995-08-25	0.66	0.66	0.66	0.66	0
1995-08-28	0.66	0.66	0.66	0.66	0
1995-08-29	0.66	0.66	0.66	0.66	0
1995-08-30	0.66	0.66	0.66	0.66	0
1995-08-31	0.66	0.66	0.66	0.66	0
1995-09-01	0.66	0.66	0.66	0.66	1600
1995-09-05	0.66	0.66	0.66	0.66	0
1995-09-06	0.68	0.69	0.68	0.69	18400
1995-09-07	0.68	0.68	0.68	0.68	0
1995-09-08	0.68	0.68	0.68	0.68	8800
1995-09-11	0.68	0.68	0.68	0.68	19200
1995-09-12	0.67	0.67	0.67	0.67	1600
1995-09-13	0.67	0.67	0.67	0.67	8000
1995-09-14	0.67	0.67	0.67	0.67	0
1995-09-15	0.67	0.67	0.67	0.67	4000
1995-09-18	0.66	0.67	0.66	0.67	20000
1995-09-19	0.66	0.66	0.66	0.66	4000
1995-09-20	0.66	0.66	0.66	0.66	0
1995-09-21	0.65	0.65	0.65	0.65	2400
1995-09-22	0.66	0.66	0.66	0.66	2400
1995-09-25	0.65	0.65	0.65	0.65	800
1995-09-26	0.65	0.65	0.65	0.65	0
1995-09-27	0.65	0.65	0.65	0.65	0
1995-09-28	0.65	0.65	0.65	0.65	0
1995-09-29	0.65	0.65	0.65	0.65	0
1995-10-02	0.66	0.66	0.66	0.66	4000
1995-10-03	0.69	0.69	0.67	0.68	28000
1995-10-04	0.70	0.70	0.70	0.70	9600
1995-10-05	0.70	0.70	0.70	0.70	8000
1995-10-06	0.70	0.70	0.70	0.70	0
1995-10-09	0.70	0.70	0.70	0.70	2400
1995-10-10	0.70	0.70	0.70	0.70	0
1995-10-11	0.71	0.71	0.71	0.71	8000
1995-10-12	0.71	0.71	0.71	0.71	0
1995-10-13	0.71	0.71	0.71	0.71	800
1995-10-16	0.71	0.71	0.71	0.71	800
1995-10-17	0.71	0.71	0.71	0.71	0
1995-10-18	0.71	0.71	0.71	0.71	0
1995-10-19	0.71	0.71	0.71	0.71	0
1995-10-20	0.71	0.71	0.71	0.71	0
1995-10-23	0.69	0.70	0.69	0.70	11200
1995-10-24	0.66	0.67	0.66	0.67	16000
1995-10-25	0.66	0.66	0.66	0.66	0
1995-10-26	0.66	0.67	0.66	0.66	14400
1995-10-27	0.66	0.66	0.66	0.66	0
1995-10-30	0.69	0.69	0.66	0.66	19200
1995-10-31	0.72	0.72	0.70	0.70	5600
1995-11-01	0.70	0.73	0.70	0.73	3200
1995-11-02	0.70	0.70	0.70	0.70	7200
1995-11-03	0.70	0.70	0.70	0.70	5600
1995-11-06	0.71	0.71	0.71	0.71	800
1995-11-07	0.71	0.71	0.71	0.71	800
1995-11-08	0.71	0.71	0.70	0.70	4800
1995-11-09	0.71	0.71	0.71	0.71	0
1995-11-10	0.71	0.71	0.71	0.71	8800
1995-11-13	0.71	0.71	0.71	0.71	0
1995-11-14	0.71	0.71	0.71	0.71	0
1995-11-15	0.73	0.73	0.73	0.73	1600
1995-11-16	0.73	0.73	0.73	0.73	0
1995-11-17	0.74	0.74	0.74	0.74	0
1995-11-20	0.74	0.74	0.74	0.74	0
1995-11-21	0.73	0.73	0.73	0.73	4800
1995-11-22	0.73	0.73	0.73	0.73	0
1995-11-24	0.73	0.73	0.73	0.73	0
1995-11-27	0.73	0.73	0.73	0.73	0
1995-11-28	0.73	0.73	0.73	0.73	0
1995-11-29	0.73	0.73	0.73	0.73	0
1995-11-30	0.73	0.73	0.73	0.73	0
1995-12-01	0.72	0.72	0.72	0.72	8000
1995-12-04	0.72	0.72	0.72	0.72	0
1995-12-05	0.71	0.71	0.71	0.71	4000
1995-12-06	0.72	0.72	0.72	0.72	1600
1995-12-07	0.71	0.72	0.71	0.72	39200
1995-12-08	0.72	0.72	0.71	0.71	9600
1995-12-11	0.70	0.70	0.70	0.70	4000
1995-12-12	0.70	0.70	0.70	0.70	4000
1995-12-13	0.70	0.70	0.70	0.70	3200
1995-12-14	0.69	0.69	0.69	0.69	5600
1995-12-15	0.68	0.70	0.68	0.70	45600
1995-12-18	0.68	0.68	0.68	0.68	0
1995-12-19	0.68	0.68	0.68	0.68	0
1995-12-20	0.68	0.68	0.68	0.68	0
1995-12-21	0.68	0.68	0.68	0.68	0
1995-12-22	0.68	0.68	0.68	0.68	0
1995-12-26	0.68	0.68	0.68	0.68	0
1995-12-27	0.68	0.68	0.68	0.68	0
1995-12-28	0.68	0.68	0.68	0.68	0
1995-12-29	0.68	0.68	0.68	0.68	0
1996-01-02	0.68	0.68	0.68	0.68	0
1996-01-03	0.72	0.72	0.72	0.72	16000
1996-01-04	0.72	0.72	0.72	0.72	0
1996-01-05	0.72	0.72	0.72	0.72	0
1996-01-08	0.72	0.72	0.72	0.72	0
1996-01-09	0.72	0.72	0.72	0.72	0
1996-01-10	0.72	0.72	0.72	0.72	0
1996-01-11	0.72	0.72	0.72	0.72	0
1996-01-12	0.71	0.71	0.71	0.71	4800
1996-01-15	0.71	0.71	0.71	0.71	3200
1996-01-16	0.72	0.72	0.71	0.71	3200
1996-01-17	0.72	0.72	0.72	0.72	0
1996-01-18	0.73	0.73	0.73	0.73	1600
1996-01-19	0.72	0.72	0.72	0.72	1600
1996-01-22	0.72	0.72	0.72	0.72	1600
1996-01-23	0.72	0.72	0.72	0.72	0
1996-01-24	0.73	0.73	0.73	0.73	1600
1996-01-25	0.73	0.73	0.73	0.73	0
1996-01-26	0.73	0.73	0.73	0.73	0
1996-01-29	0.73	0.73	0.73	0.73	0
1996-01-30	0.73	0.73	0.73	0.73	0
1996-01-31	0.73	0.73	0.73	0.73	0
1996-02-01	0.72	0.72	0.72	0.72	6400
1996-02-02	0.73	0.73	0.73	0.73	5600
1996-02-05	0.73	0.73	0.73	0.73	0
1996-02-06	0.75	0.75	0.75	0.75	5600
1996-02-07	0.74	0.74	0.74	0.74	2400
1996-02-08	0.74	0.74	0.74	0.74	0
1996-02-09	0.75	0.75	0.74	0.74	4000
1996-02-12	0.74	0.74	0.74	0.74	12000
1996-02-13	0.74	0.74	0.74	0.74	0
1996-02-14	0.76	0.76	0.76	0.76	3200
1996-02-15	0.76	0.76	0.76	0.76	0
1996-02-16	0.74	0.75	0.74	0.75	14400
1996-02-20	0.74	0.74	0.74	0.74	8000
1996-02-21	0.74	0.74	0.74	0.74	3200
1996-02-22	0.74	0.74	0.74	0.74	2400
1996-02-23	0.74	0.74	0.74	0.74	0
1996-02-26	0.74	0.74	0.74	0.74	0
1996-02-27	0.74	0.74	0.74	0.74	0
1996-02-28	0.74	0.74	0.74	0.74	0
1996-02-29	0.74	0.74	0.74	0.74	0
1996-03-01	0.74	0.74	0.74	0.74	0
1996-03-04	0.74	0.74	0.74	0.74	0
1996-03-05	0.74	0.74	0.73	0.73	16000
1996-03-06	0.74	0.74	0.73	0.73	16800
1996-03-07	0.73	0.73	0.73	0.73	1600
1996-03-08	0.73	0.73	0.73	0.73	0
1996-03-11	0.74	0.74	0.74	0.74	1600
1996-03-12	0.76	0.76	0.76	0.76	800
1996-03-13	0.76	0.76	0.76	0.76	0
1996-03-14	0.76	0.76	0.76	0.76	0
1996-03-15	0.76	0.76	0.76	0.76	0
1996-03-18	0.76	0.76	0.76	0.76	0
1996-03-19	0.72	0.72	0.72	0.72	1600
1996-03-20	0.72	0.72	0.72	0.72	0
1996-03-21	0.72	0.72	0.72	0.72	0
1996-03-22	0.72	0.72	0.72	0.72	0
1996-03-25	0.72	0.72	0.72	0.72	800
1996-03-26	0.72	0.72	0.72	0.72	0
1996-03-27	0.72	0.72	0.72	0.72	0
1996-03-28	0.72	0.72	0.72	0.72	0
1996-03-29	0.74	0.75	0.73	0.73	54400
1996-04-01	0.75	0.75	0.74	0.74	9600
1996-04-02	0.75	0.75	0.75	0.75	5600
1996-04-03	0.75	0.75	0.75	0.75	8000
1996-04-04	0.74	0.74	0.74	0.74	800
1996-04-08	0.75	0.75	0.75	0.75	800
1996-04-09	0.75	0.75	0.75	0.75	0
1996-04-10	0.74	0.74	0.74	0.74	4000
1996-04-11	0.76	0.76	0.75	0.75	10400
1996-04-12	0.76	0.76	0.76	0.76	0
1996-04-15	0.76	0.76	0.76	0.76	0
1996-04-16	0.76	0.76	0.76	0.76	0
1996-04-17	0.76	0.76	0.76	0.76	0
1996-04-18	0.76	0.76	0.76	0.76	0
1996-04-19	0.76	0.76	0.76	0.76	0
1996-04-22	0.76	0.76	0.76	0.76	0
1996-04-23	0.76	0.76	0.76	0.76	0
1996-04-24	0.76	0.76	0.76	0.76	0
1996-04-25	0.76	0.76	0.76	0.76	0
1996-04-26	0.76	0.76	0.76	0.76	0
1996-04-29	0.76	0.76	0.76	0.76	0
1996-04-30	0.76	0.76	0.76	0.76	0
1996-05-01	0.76	0.76	0.76	0.76	0
1996-05-02	0.76	0.76	0.76	0.76	0
1996-05-03	0.76	0.76	0.76	0.76	10400
1996-05-06	0.76	0.76	0.76	0.76	0
1996-05-07	0.76	0.76	0.76	0.76	0
1996-05-08	0.76	0.76	0.76	0.76	0
1996-05-09	0.76	0.76	0.76	0.76	256000
1996-05-10	0.76	0.76	0.76	0.76	400000
1996-05-13	0.77	0.77	0.77	0.77	800
1996-05-14	0.77	0.77	0.77	0.77	0
1996-05-15	0.77	0.77	0.77	0.77	0
1996-05-16	0.77	0.77	0.77	0.77	0
1996-05-17	0.76	0.76	0.76	0.76	800
1996-05-20	0.76	0.76	0.76	0.76	0
1996-05-21	0.77	0.77	0.77	0.77	800
1996-05-22	0.77	0.77	0.77	0.77	0
1996-05-23	0.77	0.77	0.77	0.77	0
1996-05-24	0.78	0.78	0.78	0.78	6400
1996-05-28	0.78	0.78	0.78	0.78	0
1996-05-29	0.78	0.78	0.78	0.78	0
1996-05-30	0.78	0.78	0.78	0.78	0
1996-05-31	0.78	0.78	0.78	0.78	0
1996-06-03	0.78	0.78	0.78	0.78	0
1996-06-04	0.79	0.79	0.78	0.78	56000
1996-06-05	0.79	0.79	0.79	0.79	16000
1996-06-06	0.79	0.79	0.79	0.79	7200
1996-06-07	0.80	0.80	0.80	0.80	800
1996-06-10	0.80	0.80	0.80	0.80	800
1996-06-11	0.80	0.80	0.80	0.80	0
1996-06-12	0.79	0.79	0.79	0.79	800
1996-06-13	0.79	0.79	0.79	0.79	32000
1996-06-14	0.79	0.79	0.79	0.79	800
1996-06-17	0.79	0.79	0.79	0.79	0
1996-06-18	0.78	0.78	0.78	0.78	40800
1996-06-19	0.79	0.79	0.78	0.78	29600
1996-06-20	0.79	0.79	0.79	0.79	0
1996-06-21	0.80	0.80	0.79	0.79	44800
1996-06-24	0.80	0.80	0.80	0.80	4000
1996-06-25	0.80	0.80	0.80	0.80	0
1996-06-26	0.80	0.80	0.80	0.80	5600
1996-06-27	0.78	0.80	0.78	0.80	24000
1996-06-28	0.79	0.79	0.79	0.79	8000
1996-07-01	0.79	0.79	0.79	0.79	0
1996-07-02	0.79	0.79	0.79	0.79	5600
1996-07-03	0.81	0.81	0.79	0.79	14400
1996-07-05	0.81	0.81	0.81	0.81	0
1996-07-08	0.80	0.80	0.80	0.80	8000
1996-07-09	0.81	0.81	0.81	0.81	12800
1996-07-10	0.81	0.81	0.81	0.81	124800
1996-07-11	0.81	0.81	0.81	0.81	0
1996-07-12	0.81	0.81	0.81	0.81	0
1996-07-15	0.81	0.81	0.81	0.81	4000
1996-07-16	0.80	0.80	0.80	0.80	16000
1996-07-17	0.81	0.81	0.81	0.81	176000
1996-07-18	0.83	0.83	0.83	0.83	320800
1996-07-19	0.83	0.83	0.83	0.83	0
1996-07-22	0.83	0.83	0.83	0.83	0
1996-07-23	0.83	0.83	0.83	0.83	3200
1996-07-24	0.82	0.83	0.82	0.82	11200
1996-07-25	0.81	0.82	0.81	0.82	11200
1996-07-26	0.81	0.81	0.81	0.81	56000
1996-07-29	0.81	0.81	0.81	0.81	800
1996-07-30	0.81	0.81	0.81	0.81	800
1996-07-31	0.81	0.81	0.81	0.81	3200
1996-08-01	0.81	0.81	0.81	0.81	8000
1996-08-02	0.82	0.82	0.82	0.82	8000
1996-08-05	0.82	0.82	0.82	0.82	0
1996-08-06	0.83	0.83	0.83	0.83	4800
1996-08-07	0.83	0.83	0.83	0.83	30400
1996-08-08	0.83	0.83	0.83	0.83	4800
1996-08-09	0.82	0.83	0.82	0.83	6400
1996-08-12	0.83	0.84	0.83	0.83	33600
1996-08-13	0.85	0.85	0.84	0.84	8000
1996-08-14	0.85	0.85	0.85	0.85	20800
1996-08-15	0.85	0.85	0.85	0.85	0
1996-08-16	0.87	0.87	0.87	0.87	8000
1996-08-19	0.86	0.86	0.86	0.86	5600
1996-08-20	0.87	0.87	0.87	0.87	1600
1996-08-21	0.85	0.85	0.85	0.85	4000
1996-08-22	0.85	0.85	0.85	0.85	3200
1996-08-23	0.87	0.87	0.86	0.86	15200
1996-08-26	0.87	0.87	0.87	0.87	24000
1996-08-27	0.86	0.87	0.86	0.87	57600
1996-08-28	0.86	0.86	0.86	0.86	0
1996-08-29	0.86	0.86	0.86	0.86	0
1996-08-30	0.86	0.86	0.86	0.86	0
1996-09-03	0.86	0.86	0.86	0.86	0
1996-09-04	0.85	0.85	0.85	0.85	2400
1996-09-05	0.85	0.85	0.85	0.85	0
1996-09-06	0.85	0.85	0.85	0.85	4000
1996-09-09	0.85	0.85	0.85	0.85	0
1996-09-10	0.85	0.85	0.85	0.85	0
1996-09-11	0.85	0.85	0.85	0.85	0
1996-09-12	0.86	0.86	0.86	0.86	4000
1996-09-13	0.87	0.87	0.87	0.87	16000
1996-09-16	0.87	0.87	0.87	0.87	3200
1996-09-17	0.87	0.87	0.87	0.87	800
1996-09-18	0.86	0.87	0.86	0.87	11200
1996-09-19	0.86	0.86	0.86	0.86	0
1996-09-20	0.86	0.86	0.86	0.86	1600
1996-09-23	0.86	0.86	0.86	0.86	0
1996-09-24	0.86	0.86	0.86	0.86	0
1996-09-25	0.86	0.86	0.86	0.86	0
1996-09-26	0.86	0.86	0.86	0.86	1600
1996-09-27	0.87	0.87	0.86	0.86	24000
1996-09-30	0.87	0.87	0.87	0.87	0
1996-10-01	0.87	0.87	0.87	0.87	2400
1996-10-02	0.87	0.87	0.87	0.87	3200
1996-10-03	0.87	0.87	0.87	0.87	1600
1996-10-04	0.87	0.87	0.87	0.87	0
1996-10-07	0.87	0.87	0.87	0.87	504800
1996-10-08	0.87	0.87	0.87	0.87	56800
1996-10-09	0.87	0.88	0.87	0.88	41600
1996-10-10	0.87	0.87	0.87	0.87	0
1996-10-11	0.87	0.87	0.87	0.87	0
1996-10-14	0.87	0.87	0.87	0.87	0
1996-10-15	0.87	0.87	0.87	0.87	0
1996-10-16	0.87	0.87	0.87	0.87	16000
1996-10-17	0.87	0.87	0.87	0.87	1600
1996-10-18	0.88	0.89	0.88	0.89	5600
1996-10-21	0.89	0.89	0.89	0.89	1600
1996-10-22	0.88	0.88	0.88	0.88	1600
1996-10-23	0.88	0.88	0.88	0.88	0
1996-10-24	0.89	0.90	0.89	0.90	4800
1996-10-25	0.90	0.90	0.89	0.90	5600
1996-10-28	0.91	0.91	0.91	0.91	18400
1996-10-29	0.93	0.94	0.91	0.91	60800
1996-10-30	0.95	0.95	0.94	0.94	12000
1996-10-31	0.97	0.98	0.95	0.96	80000
1996-11-01	0.96	0.98	0.96	0.98	72000
1996-11-04	0.96	0.96	0.96	0.96	0
1996-11-05	0.98	0.99	0.97	0.97	56800
1996-11-06	0.99	0.99	0.98	0.98	74400
1996-11-07	0.98	0.99	0.97	0.99	98400
1996-11-08	0.98	0.98	0.98	0.98	0
1996-11-11	0.99	0.99	0.99	0.99	16800
1996-11-12	1.00	1.01	1.00	1.00	14400
1996-11-13	1.00	1.02	1.00	1.02	37600
1996-11-14	0.99	0.99	0.99	0.99	16000
1996-11-15	1.00	1.00	1.00	1.00	3200
1996-11-18	1.00	1.00	1.00	1.00	0
1996-11-19	0.98	0.98	0.98	0.98	12800
1996-11-20	0.99	0.99	0.97	0.97	8000
1996-11-21	0.99	0.99	0.99	0.99	0
1996-11-22	0.97	0.99	0.97	0.99	17600
1996-11-25	0.98	0.98	0.98	0.98	2400
1996-11-26	0.96	0.96	0.95	0.96	100000
1996-11-27	0.96	0.96	0.96	0.96	10400
1996-11-29	0.96	0.96	0.96	0.96	8000
1996-12-02	0.96	0.96	0.96	0.96	8000
1996-12-03	0.97	0.97	0.97	0.97	5600
1996-12-04	0.98	0.98	0.98	0.98	30400
1996-12-05	0.96	0.97	0.96	0.96	16000
1996-12-06	0.93	0.95	0.93	0.95	19200
1996-12-09	0.95	0.95	0.95	0.95	33600
1996-12-10	0.96	0.96	0.95	0.95	20000
1996-12-11	0.93	0.95	0.93	0.95	36000
1996-12-12	0.93	0.93	0.93	0.93	0
1996-12-13	0.94	0.94	0.93	0.93	8800
1996-12-16	0.92	0.93	0.92	0.93	16000
1996-12-17	0.92	0.92	0.92	0.92	0
1996-12-18	0.92	0.92	0.92	0.92	4000
1996-12-19	0.92	0.92	0.92	0.92	0
1996-12-20	0.92	0.92	0.92	0.92	8000
1996-12-23	0.92	0.92	0.92	0.92	0
1996-12-24	0.93	0.93	0.93	0.93	4000
1996-12-26	0.93	0.93	0.93	0.93	0
1996-12-27	0.93	0.93	0.93	0.93	0
1996-12-30	0.93	0.93	0.93	0.93	12000
1996-12-31	0.94	0.94	0.94	0.94	4000
1997-01-02	0.94	0.94	0.94	0.94	4000
1997-01-03	0.94	0.94	0.94	0.94	1600
1997-01-06	0.94	0.94	0.94	0.94	0
1997-01-07	0.95	0.95	0.95	0.95	12800
1997-01-08	0.96	0.96	0.96	0.96	32800
1997-01-09	0.97	0.97	0.97	0.97	5600
1997-01-10	0.98	0.98	0.97	0.97	56000
1997-01-13	0.97	0.98	0.97	0.98	161600
1997-01-14	0.97	0.97	0.97	0.97	5600
1997-01-15	0.98	0.98	0.98	0.98	8000
1997-01-16	0.99	0.99	0.99	0.99	1600
1997-01-17	0.98	0.98	0.97	0.97	8000
1997-01-20	0.98	0.98	0.98	0.98	800
1997-01-21	0.98	0.98	0.98	0.98	0
1997-01-22	0.98	0.98	0.98	0.98	0
1997-01-23	0.98	0.98	0.98	0.98	0
1997-01-24	0.98	0.98	0.98	0.98	2400
1997-01-27	0.97	0.97	0.97	0.97	1600
1997-01-28	0.98	0.98	0.98	0.98	84000
1997-01-29	0.98	0.98	0.98	0.98	800
1997-01-30	0.97	0.97	0.97	0.97	8000
1997-01-31	0.97	0.97	0.97	0.97	0
1997-02-03	0.97	0.97	0.97	0.97	16000
1997-02-04	1.00	1.00	0.98	0.98	53600
1997-02-05	0.99	0.99	0.99	0.99	4000
1997-02-06	0.99	0.99	0.99	0.99	0
1997-02-07	1.00	1.00	0.99	1.00	140000
1997-02-10	1.01	1.01	1.00	1.00	33600
1997-02-11	1.01	1.01	1.01	1.01	4000
1997-02-12	1.01	1.02	1.00	1.02	39200
1997-02-13	1.01	1.01	1.01	1.01	0
1997-02-14	1.00	1.01	1.00	1.00	90400
1997-02-18	1.00	1.00	1.00	1.00	36000
1997-02-19	1.00	1.00	1.00	1.00	49600
1997-02-20	1.01	1.01	1.01	1.01	1600
1997-02-21	1.01	1.01	1.01	1.01	0
1997-02-24	1.00	1.00	1.00	1.00	1600
1997-02-25	0.99	1.00	0.99	1.00	18400
1997-02-26	0.99	0.99	0.99	0.99	0
1997-02-27	0.99	0.99	0.99	0.99	4800
1997-02-28	0.98	0.98	0.97	0.98	8800
1997-03-03	0.97	0.97	0.97	0.97	125600
1997-03-04	0.97	0.97	0.96	0.97	20800
1997-03-05	0.97	0.97	0.97	0.97	4800
1997-03-06	0.97	0.97	0.97	0.97	4000
1997-03-07	0.97	0.98	0.97	0.97	43200
1997-03-10	0.97	0.98	0.97	0.98	2400
1997-03-11	0.96	0.98	0.96	0.98	20800
1997-03-12	0.98	0.98	0.98	0.98	1600
1997-03-13	0.97	0.97	0.97	0.97	4000
1997-03-14	0.96	0.97	0.96	0.97	12800
1997-03-17	0.96	0.96	0.96	0.96	14400
1997-03-18	0.97	0.97	0.97	0.97	5600
1997-03-19	0.96	0.96	0.96	0.96	800
1997-03-20	0.96	0.96	0.96	0.96	0
1997-03-21	0.96	0.96	0.95	0.96	14400
1997-03-24	0.98	0.98	0.98	0.98	24000
1997-03-25	0.98	0.99	0.98	0.99	19200
1997-03-26	0.99	0.99	0.99	0.99	4000
1997-03-27	0.97	0.98	0.97	0.98	88000
1997-03-31	0.97	0.97	0.96	0.97	32800
1997-04-01	0.96	0.97	0.95	0.95	14400
1997-04-02	0.96	0.97	0.95	0.96	86400
1997-04-03	0.95	0.95	0.95	0.95	5600
1997-04-04	0.95	0.95	0.95	0.95	0
1997-04-07	0.96	0.96	0.95	0.95	12800
1997-04-08	0.96	0.96	0.96	0.96	8000
1997-04-09	0.96	0.96	0.96	0.96	0
1997-04-10	0.95	0.96	0.95	0.96	59200
1997-04-11	0.95	0.95	0.95	0.95	5600
1997-04-14	0.93	0.94	0.92	0.94	163200
1997-04-15	0.94	0.94	0.93	0.93	24000
1997-04-16	0.95	0.95	0.93	0.93	36800
1997-04-17	0.96	0.96	0.96	0.96	28000
1997-04-18	0.96	0.96	0.96	0.96	0
1997-04-21	0.97	0.97	0.97	0.97	28000
1997-04-22	0.97	0.98	0.97	0.97	60800
1997-04-23	0.97	0.97	0.97	0.97	0
1997-04-24	0.97	0.97	0.97	0.97	0
1997-04-25	0.97	0.97	0.97	0.97	0
1997-04-28	0.97	0.97	0.97	0.97	33600
1997-04-29	0.97	0.97	0.97	0.97	1600
1997-04-30	0.97	0.97	0.97	0.97	0
1997-05-01	1.01	1.02	0.98	0.98	104800
1997-05-02	1.01	1.02	1.01	1.01	9600
1997-05-05	1.02	1.02	1.02	1.02	45600
1997-05-06	1.02	1.03	1.02	1.03	20000
1997-05-07	1.02	1.03	1.02	1.03	21600
1997-05-08	1.02	1.02	1.02	1.02	0
1997-05-09	1.02	1.02	1.02	1.02	0
1997-05-12	1.03	1.03	1.02	1.02	6400
1997-05-13	1.03	1.03	1.03	1.03	0
1997-05-14	1.05	1.05	1.05	1.05	9600
1997-05-15	1.06	1.06	1.06	1.06	4000
1997-05-16	1.06	1.06	1.06	1.06	0
1997-05-19	1.06	1.06	1.06	1.06	0
1997-05-20	1.05	1.06	1.04	1.06	33600
1997-05-21	1.06	1.06	1.06	1.06	800
1997-05-22	1.06	1.06	1.06	1.06	0
1997-05-23	1.06	1.06	1.06	1.06	25600
1997-05-27	1.06	1.06	1.06	1.06	4000
1997-05-28	1.06	1.07	1.06	1.07	16000
1997-05-29	1.07	1.07	1.07	1.07	4000
1997-05-30	1.07	1.07	1.07	1.07	0
1997-06-02	1.07	1.07	1.07	1.07	0
1997-06-03	1.06	1.07	1.06	1.06	48800
1997-06-04	1.06	1.06	1.05	1.06	29600
1997-06-05	1.05	1.05	1.05	1.05	9600
1997-06-06	1.06	1.06	1.06	1.06	3200
1997-06-09	1.06	1.06	1.06	1.06	0
1997-06-10	1.06	1.06	1.06	1.06	16000
1997-06-11	1.05	1.05	1.05	1.05	4000
1997-06-12	1.05	1.05	1.05	1.05	0
1997-06-13	1.06	1.06	1.05	1.05	8000
1997-06-16	1.07	1.07	1.06	1.07	21600
1997-06-17	1.06	1.06	1.06	1.06	1600
1997-06-18	1.05	1.06	1.05	1.06	20000
1997-06-19	1.07	1.07	1.06	1.07	40000
1997-06-20	1.07	1.07	1.07	1.07	0
1997-06-23	1.10	1.10	1.08	1.08	23200
1997-06-24	1.10	1.10	1.10	1.10	0
1997-06-25	1.08	1.08	1.08	1.08	4000
1997-06-26	1.08	1.08	1.08	1.08	0
1997-06-27	1.12	1.12	1.10	1.10	3200
1997-06-30	1.12	1.12	1.12	1.12	0
1997-07-01	1.13	1.13	1.13	1.13	5600
1997-07-02	1.18	1.18	1.13	1.13	56000
1997-07-03	1.19	1.19	1.18	1.18	5600
1997-07-07	1.18	1.18	1.18	1.18	800
1997-07-08	1.18	1.18	1.18	1.18	0
1997-07-09	1.21	1.21	1.21	1.21	2400
1997-07-10	1.21	1.21	1.21	1.21	3200
1997-07-11	1.21	1.21	1.21	1.21	0
1997-07-14	1.21	1.21	1.21	1.21	0
1997-07-15	1.21	1.21	1.20	1.21	27200
1997-07-16	1.22	1.23	1.22	1.23	3200
1997-07-17	1.22	1.22	1.22	1.22	0
1997-07-18	1.22	1.22	1.22	1.22	0
1997-07-21	1.22	1.22	1.22	1.22	800
1997-07-22	1.22	1.22	1.22	1.22	0
1997-07-23	1.23	1.24	1.23	1.24	4000
1997-07-24	1.24	1.24	1.24	1.24	16000
1997-07-25	1.22	1.22	1.21	1.21	35200
1997-07-28	1.22	1.22	1.21	1.21	17600
1997-07-29	1.22	1.22	1.22	1.22	0
1997-07-30	1.28	1.28	1.21	1.21	32000
1997-07-31	1.29	1.29	1.28	1.29	8800
1997-08-01	1.27	1.30	1.27	1.30	12000
1997-08-04	1.30	1.31	1.29	1.29	32000
1997-08-05	1.28	1.29	1.28	1.28	8800
1997-08-06	1.28	1.29	1.28	1.29	52800
1997-08-07	1.28	1.28	1.28	1.28	0
1997-08-08	1.26	1.27	1.26	1.27	16000
1997-08-11	1.25	1.28	1.24	1.26	20800
1997-08-12	1.23	1.24	1.21	1.24	20000
1997-08-13	1.24	1.24	1.24	1.24	4000
1997-08-14	1.24	1.24	1.23	1.23	4800
1997-08-15	1.24	1.26	1.24	1.26	3200
1997-08-18	1.24	1.24	1.24	1.24	0
1997-08-19	1.23	1.23	1.23	1.23	8000
1997-08-20	1.26	1.26	1.26	1.26	800
1997-08-21	1.22	1.26	1.22	1.25	17600
1997-08-22	1.22	1.22	1.22	1.22	9600
1997-08-25	1.22	1.22	1.22	1.22	0
1997-08-26	1.22	1.22	1.22	1.22	0
1997-08-27	1.22	1.22	1.22	1.22	0
1997-08-28	1.22	1.22	1.22	1.22	0
1997-08-29	1.22	1.22	1.22	1.22	1600
1997-09-02	1.24	1.24	1.21	1.21	20800
1997-09-03	1.26	1.26	1.23	1.23	33600
1997-09-04	1.26	1.26	1.26	1.26	0
1997-09-05	1.28	1.28	1.28	1.28	4800
1997-09-08	1.28	1.28	1.28	1.28	0
1997-09-09	1.30	1.30	1.28	1.28	10400
1997-09-10	1.31	1.31	1.31	1.31	8000
1997-09-11	1.31	1.31	1.31	1.31	0
1997-09-12	1.30	1.31	1.30	1.31	29600
1997-09-15	1.30	1.30	1.30	1.30	0
1997-09-16	1.32	1.33	1.32	1.33	2400
1997-09-17	1.33	1.33	1.33	1.33	1600
1997-09-18	1.33	1.33	1.33	1.33	0
1997-09-19	1.32	1.32	1.31	1.31	5600
1997-09-22	1.32	1.32	1.31	1.31	6400
1997-09-23	1.32	1.32	1.31	1.31	4800
1997-09-24	1.32	1.32	1.32	1.32	0
1997-09-25	1.34	1.34	1.32	1.34	13600
1997-09-26	1.36	1.36	1.36	1.36	16000
1997-09-29	1.35	1.36	1.35	1.36	5600
1997-09-30	1.36	1.38	1.36	1.38	4000
1997-10-01	1.34	1.34	1.34	1.34	4000
1997-10-02	1.35	1.35	1.34	1.34	3200
1997-10-03	1.37	1.37	1.37	1.37	800
1997-10-06	1.34	1.37	1.34	1.37	3200
1997-10-07	1.34	1.34	1.34	1.34	0
1997-10-08	1.34	1.37	1.34	1.37	24800
1997-10-09	1.34	1.34	1.34	1.34	2400
1997-10-10	1.36	1.36	1.36	1.36	800
1997-10-13	1.36	1.36	1.36	1.36	0
1997-10-14	1.36	1.36	1.36	1.36	0
1997-10-15	1.34	1.36	1.34	1.34	8800
1997-10-16	1.34	1.34	1.34	1.34	0
1997-10-17	1.34	1.34	1.34	1.34	0
1997-10-20	1.34	1.34	1.34	1.34	0
1997-10-21	1.36	1.36	1.36	1.36	800
1997-10-22	1.36	1.36	1.36	1.36	0
1997-10-23	1.36	1.36	1.36	1.36	0
1997-10-24	1.34	1.34	1.34	1.34	8000
1997-10-27	1.34	1.34	1.34	1.34	0
1997-10-28	1.30	1.30	1.26	1.28	32800
1997-10-29	1.29	1.32	1.29	1.32	18400
1997-10-30	1.29	1.29	1.26	1.28	18400
1997-10-31	1.29	1.29	1.28	1.28	4000
1997-11-03	1.29	1.29	1.28	1.28	3200
1997-11-04	1.32	1.32	1.31	1.31	12000
1997-11-05	1.34	1.34	1.33	1.33	13600
1997-11-06	1.37	1.37	1.37	1.37	8000
1997-11-07	1.36	1.36	1.36	1.36	2400
1997-11-10	1.36	1.36	1.36	1.36	0
1997-11-11	1.36	1.36	1.36	1.36	0
1997-11-12	1.34	1.34	1.34	1.34	800
1997-11-13	1.34	1.34	1.34	1.34	0
1997-11-14	1.34	1.35	1.34	1.35	8000
1997-11-17	1.38	1.38	1.34	1.34	8800
1997-11-18	1.44	1.44	1.38	1.40	30400
1997-11-19	1.41	1.41	1.41	1.41	4000
1997-11-20	1.42	1.42	1.42	1.42	4000
1997-11-21	1.41	1.41	1.41	1.41	8000
1997-11-24	1.41	1.41	1.41	1.41	0
1997-11-25	1.48	1.48	1.48	1.48	4800
1997-11-26	1.48	1.48	1.48	1.48	0
1997-11-28	1.48	1.48	1.48	1.48	800
1997-12-01	1.53	1.54	1.50	1.51	24000
1997-12-02	1.52	1.53	1.52	1.53	8000
1997-12-03	1.50	1.51	1.50	1.51	17600
1997-12-04	1.48	1.48	1.48	1.48	4800
1997-12-05	1.49	1.49	1.49	1.49	1600
1997-12-08	1.50	1.52	1.50	1.50	14400
1997-12-09	1.53	1.54	1.52	1.52	24000
1997-12-10	1.54	1.54	1.51	1.51	5600
1997-12-11	1.53	1.53	1.53	1.53	4000
1997-12-12	1.55	1.55	1.54	1.54	20000
1997-12-15	1.52	1.53	1.52	1.53	20800
1997-12-16	1.51	1.52	1.51	1.52	11200
1997-12-17	1.53	1.54	1.52	1.52	32000
1997-12-18	1.53	1.53	1.53	1.53	0
1997-12-19	1.53	1.53	1.53	1.53	0
1997-12-22	1.53	1.53	1.53	1.53	0
1997-12-23	1.54	1.54	1.54	1.54	16000
1997-12-24	1.54	1.54	1.54	1.54	0
1997-12-26	1.54	1.54	1.54	1.54	0
1997-12-29	1.54	1.55	1.54	1.55	8800
1997-12-30	1.57	1.57	1.55	1.55	41600
1997-12-31	1.56	1.56	1.56	1.56	8000
1998-01-02	1.60	1.60	1.60	1.60	4000
1998-01-05	1.59	1.60	1.57	1.57	24800
1998-01-06	1.57	1.57	1.57	1.57	4000
1998-01-07	1.58	1.62	1.58	1.61	84800
1998-01-08	1.58	1.59	1.58	1.59	11200
1998-01-09	1.55	1.59	1.55	1.59	36000
1998-01-12	1.51	1.53	1.48	1.49	39200
1998-01-13	1.51	1.51	1.51	1.51	0
1998-01-14	1.53	1.53	1.52	1.52	4800
1998-01-15	1.52	1.52	1.51	1.51	10400
1998-01-16	1.52	1.52	1.52	1.52	0
1998-01-20	1.52	1.52	1.52	1.52	0
1998-01-21	1.52	1.52	1.52	1.52	3200
1998-01-22	1.52	1.52	1.52	1.52	8000
1998-01-23	1.52	1.52	1.52	1.52	0
1998-01-26	1.53	1.55	1.53	1.54	13600
1998-01-27	1.58	1.58	1.54	1.54	18400
1998-01-28	1.58	1.58	1.58	1.58	0
1998-01-29	1.56	1.59	1.55	1.59	16000
1998-01-30	1.56	1.56	1.56	1.56	0
1998-02-02	1.56	1.56	1.56	1.56	0
1998-02-03	1.56	1.56	1.56	1.56	0
1998-02-04	1.56	1.56	1.56	1.56	0
1998-02-05	1.59	1.60	1.58	1.58	16000
1998-02-06	1.58	1.60	1.58	1.60	10400
1998-02-09	1.63	1.63	1.63	1.63	8000
1998-02-10	1.63	1.63	1.63	1.63	0
1998-02-11	1.65	1.65	1.65	1.65	0
1998-02-12	1.61	1.63	1.61	1.63	12800
1998-02-13	1.61	1.61	1.61	1.61	30400
1998-02-17	1.59	1.59	1.59	1.59	1600
1998-02-18	1.59	1.59	1.59	1.59	3200
1998-02-19	1.60	1.61	1.60	1.61	12800
1998-02-20	1.59	1.59	1.59	1.59	2400
1998-02-23	1.57	1.59	1.57	1.59	16800
1998-02-24	1.58	1.58	1.57	1.57	80000
1998-02-25	1.58	1.58	1.58	1.58	0
1998-02-26	1.58	1.58	1.58	1.58	0
1998-02-27	1.58	1.58	1.58	1.58	0
1998-03-02	1.59	1.59	1.59	1.59	22400
1998-03-03	1.59	1.59	1.59	1.59	0
1998-03-04	1.59	1.59	1.59	1.59	0
1998-03-05	1.58	1.58	1.58	1.58	12000
1998-03-06	1.59	1.59	1.58	1.58	32800
1998-03-09	1.58	1.58	1.58	1.58	10400
1998-03-10	1.58	1.58	1.58	1.58	5600
1998-03-11	1.57	1.59	1.57	1.58	17600
1998-03-12	1.56	1.57	1.56	1.56	80800
1998-03-13	1.52	1.56	1.52	1.56	151200
1998-03-16	1.51	1.51	1.50	1.50	8000
1998-03-17	1.51	1.51	1.51	1.51	6400
1998-03-18	1.54	1.54	1.52	1.52	28000
1998-03-19	1.53	1.54	1.53	1.54	17600
1998-03-20	1.51	1.52	1.51	1.52	20000
1998-03-23	1.52	1.52	1.52	1.52	2400
1998-03-24	1.55	1.55	1.55	1.55	800
1998-03-25	1.55	1.55	1.55	1.55	0
1998-03-26	1.55	1.55	1.55	1.55	4000
1998-03-27	1.55	1.55	1.55	1.55	0
1998-03-30	1.55	1.55	1.55	1.55	0
1998-03-31	1.57	1.57	1.57	1.57	2400
1998-04-01	1.57	1.57	1.57	1.57	0
1998-04-02	1.57	1.57	1.57	1.57	0
1998-04-03	1.56	1.56	1.55	1.55	32000
1998-04-06	1.55	1.55	1.55	1.55	8000
1998-04-07	1.54	1.54	1.54	1.54	5600
1998-04-08	1.52	1.53	1.52	1.53	41600
1998-04-09	1.52	1.52	1.52	1.52	0
1998-04-13	1.50	1.50	1.50	1.50	2400
1998-04-14	1.48	1.49	1.48	1.49	5600
1998-04-15	1.48	1.48	1.46	1.48	10400
1998-04-16	1.48	1.48	1.47	1.47	2400
1998-04-17	1.50	1.50	1.50	1.50	4000
1998-04-20	1.54	1.54	1.54	1.54	4000
1998-04-21	1.54	1.54	1.54	1.54	0
1998-04-22	1.54	1.54	1.54	1.54	0
1998-04-23	1.54	1.54	1.54	1.54	0
1998-04-24	1.51	1.51	1.51	1.51	3200
1998-04-27	1.51	1.51	1.51	1.51	800
1998-04-28	1.54	1.54	1.51	1.51	18400
1998-04-29	1.51	1.51	1.51	1.51	144000
1998-04-30	1.52	1.52	1.52	1.52	2400
1998-05-01	1.52	1.52	1.52	1.52	0
1998-05-04	1.55	1.55	1.54	1.54	7200
1998-05-05	1.55	1.55	1.54	1.54	11200
1998-05-06	1.54	1.54	1.54	1.54	8000
1998-05-07	1.51	1.54	1.51	1.54	8800
1998-05-08	1.51	1.51	1.51	1.51	0
1998-05-11	1.55	1.55	1.55	1.55	800
1998-05-12	1.55	1.55	1.55	1.55	0
1998-05-13	1.57	1.57	1.57	1.57	0
1998-05-14	1.54	1.54	1.54	1.54	4800
1998-05-15	1.55	1.55	1.55	1.55	4000
1998-05-18	1.54	1.54	1.53	1.53	40000
1998-05-19	1.54	1.54	1.54	1.54	0
1998-05-20	1.55	1.55	1.54	1.55	40800
1998-05-21	1.55	1.55	1.55	1.55	0
1998-05-22	1.55	1.55	1.55	1.55	0
1998-05-26	1.53	1.53	1.53	1.53	4000
1998-05-27	1.52	1.52	1.50	1.50	42400
1998-05-28	1.53	1.53	1.53	1.53	6400
1998-05-29	1.55	1.55	1.54	1.54	8800
1998-06-01	1.55	1.55	1.55	1.55	0
1998-06-02	1.54	1.54	1.54	1.54	3200
1998-06-03	1.54	1.54	1.54	1.54	0
1998-06-04	1.54	1.54	1.54	1.54	4000
1998-06-05	1.56	1.58	1.56	1.56	9600
1998-06-08	1.56	1.56	1.56	1.56	8000
1998-06-09	1.57	1.58	1.57	1.58	2400
1998-06-10	1.56	1.58	1.56	1.56	16000
1998-06-11	1.58	1.58	1.58	1.58	10400
1998-06-12	1.56	1.56	1.56	1.56	800
1998-06-15	1.58	1.58	1.56	1.56	12000
1998-06-16	1.56	1.56	1.56	1.56	42400
1998-06-17	1.56	1.56	1.56	1.56	4000
1998-06-18	1.56	1.56	1.56	1.56	0
1998-06-19	1.56	1.56	1.56	1.56	0
1998-06-22	1.56	1.56	1.56	1.56	0
1998-06-23	1.57	1.57	1.55	1.55	1600
1998-06-24	1.57	1.57	1.57	1.57	0
1998-06-25	1.61	1.61	1.58	1.58	12800
1998-06-26	1.60	1.60	1.58	1.60	28000
1998-06-29	1.60	1.60	1.60	1.60	0
1998-06-30	1.61	1.61	1.61	1.61	800
1998-07-01	1.61	1.61	1.61	1.61	0
1998-07-02	1.61	1.63	1.61	1.62	27200
1998-07-06	1.61	1.61	1.61	1.61	0
1998-07-07	1.65	1.66	1.64	1.64	20000
1998-07-08	1.67	1.67	1.66	1.66	8000
1998-07-09	1.67	1.67	1.67	1.67	0
1998-07-10	1.67	1.67	1.67	1.67	0
1998-07-13	1.67	1.67	1.67	1.67	0
1998-07-14	1.67	1.68	1.67	1.68	40800
1998-07-15	1.65	1.65	1.65	1.65	4800
1998-07-16	1.65	1.65	1.65	1.65	0
1998-07-17	1.64	1.64	1.64	1.64	8800
1998-07-20	1.64	1.64	1.62	1.62	28000
1998-07-21	1.64	1.65	1.64	1.65	6400
1998-07-22	1.60	1.61	1.60	1.61	2400
1998-07-23	1.60	1.61	1.60	1.61	8000
1998-07-24	1.60	1.60	1.60	1.60	0
1998-07-27	1.60	1.60	1.59	1.59	48000
1998-07-28	1.59	1.60	1.59	1.60	8000
1998-07-29	1.57	1.58	1.57	1.58	1600
1998-07-30	1.56	1.56	1.56	1.56	1600
1998-07-31	1.58	1.58	1.58	1.58	2400
1998-08-03	1.58	1.58	1.57	1.58	12000
1998-08-04	1.49	1.56	1.49	1.56	32000
1998-08-05	1.49	1.49	1.49	1.49	0
1998-08-06	1.49	1.49	1.49	1.49	0
1998-08-07	1.49	1.49	1.49	1.49	4800
1998-08-10	1.50	1.50	1.50	1.50	16000
1998-08-11	1.42	1.42	1.42	1.42	1600
1998-08-12	1.44	1.44	1.44	1.44	0
1998-08-13	1.48	1.48	1.48	1.48	6400
1998-08-14	1.48	1.48	1.48	1.48	0
1998-08-17	1.48	1.48	1.48	1.48	2400
1998-08-18	1.51	1.51	1.50	1.50	8000
1998-08-19	1.52	1.52	1.51	1.51	14400
1998-08-20	1.54	1.56	1.53	1.53	18400
1998-08-21	1.53	1.53	1.53	1.53	4800
1998-08-24	1.53	1.53	1.53	1.53	0
1998-08-25	1.45	1.48	1.45	1.48	17600
1998-08-26	1.43	1.43	1.43	1.43	5600
1998-08-27	1.38	1.39	1.38	1.39	12000
1998-08-28	1.38	1.38	1.38	1.38	0
1998-08-31	1.35	1.37	1.35	1.37	5600
1998-09-01	1.37	1.38	1.36	1.37	40800
1998-09-02	1.40	1.40	1.40	1.40	8000
1998-09-03	1.40	1.40	1.40	1.40	0
1998-09-04	1.46	1.46	1.42	1.42	12800
1998-09-08	1.47	1.48	1.46	1.46	12000
1998-09-09	1.50	1.50	1.46	1.46	11200
1998-09-10	1.50	1.50	1.50	1.50	0
1998-09-11	1.50	1.50	1.50	1.50	0
1998-09-14	1.50	1.50	1.50	1.50	0
1998-09-15	1.50	1.50	1.50	1.50	0
1998-09-16	1.49	1.49	1.49	1.49	4800
1998-09-17	1.45	1.47	1.45	1.47	3200
1998-09-18	1.47	1.47	1.47	1.47	5600
1998-09-21	1.46	1.46	1.44	1.44	12000
1998-09-22	1.49	1.49	1.48	1.48	4000
1998-09-23	1.53	1.53	1.50	1.50	28800
1998-09-24	1.53	1.53	1.53	1.53	0
1998-09-25	1.52	1.52	1.52	1.52	9600
1998-09-28	1.56	1.56	1.56	1.56	6400
1998-09-29	1.57	1.60	1.55	1.58	24000
1998-09-30	1.51	1.53	1.51	1.53	26400
1998-10-01	1.46	1.51	1.46	1.51	8800
1998-10-02	1.46	1.46	1.46	1.46	0
1998-10-05	1.45	1.45	1.45	1.45	8000
1998-10-06	1.47	1.47	1.46	1.46	16800
1998-10-07	1.52	1.53	1.51	1.51	62400
1998-10-08	1.50	1.50	1.50	1.50	800
1998-10-09	1.50	1.50	1.50	1.50	4000
1998-10-12	1.50	1.50	1.50	1.50	0
1998-10-13	1.50	1.50	1.50	1.50	0
1998-10-14	1.50	1.50	1.50	1.50	0
1998-10-15	1.52	1.53	1.52	1.53	19200
1998-10-16	1.54	1.54	1.54	1.54	19200
1998-10-19	1.55	1.55	1.52	1.52	2400
1998-10-20	1.55	1.55	1.55	1.55	0
1998-10-21	1.55	1.57	1.55	1.57	5600
1998-10-22	1.55	1.55	1.55	1.55	0
1998-10-23	1.55	1.55	1.55	1.55	0
1998-10-26	1.55	1.55	1.55	1.55	0
1998-10-27	1.55	1.55	1.55	1.55	0
1998-10-28	1.55	1.55	1.55	1.55	2400
1998-10-29	1.55	1.55	1.55	1.55	0
1998-10-30	1.56	1.56	1.56	1.56	8800
1998-11-02	1.59	1.59	1.59	1.59	1600
1998-11-03	1.58	1.58	1.57	1.57	4000
1998-11-04	1.59	1.61	1.59	1.61	25600
1998-11-05	1.57	1.57	1.57	1.57	800
1998-11-06	1.58	1.59	1.58	1.58	32800
1998-11-09	1.58	1.58	1.58	1.58	0
1998-11-10	1.58	1.58	1.58	1.58	800
1998-11-11	1.58	1.58	1.58	1.58	2400
1998-11-12	1.56	1.56	1.56	1.56	32800
1998-11-13	1.56	1.56	1.56	1.56	0
1998-11-16	1.56	1.56	1.56	1.56	1600
1998-11-17	1.60	1.60	1.60	1.60	800
1998-11-18	1.62	1.62	1.62	1.62	3200
1998-11-19	1.66	1.66	1.63	1.63	24800
1998-11-20	1.66	1.66	1.66	1.66	4000
1998-11-23	1.66	1.66	1.66	1.66	0
1998-11-24	1.64	1.66	1.64	1.66	6400
1998-11-25	1.65	1.66	1.63	1.63	4800
1998-11-27	1.68	1.68	1.65	1.65	4800
1998-11-30	1.65	1.66	1.65	1.66	26400
1998-12-01	1.64	1.64	1.64	1.64	4000
1998-12-02	1.64	1.66	1.64	1.66	2400
1998-12-03	1.64	1.64	1.64	1.64	0
1998-12-04	1.64	1.64	1.64	1.64	0
1998-12-07	1.64	1.64	1.64	1.64	0
1998-12-08	1.64	1.64	1.64	1.64	0
1998-12-09	1.64	1.64	1.64	1.64	0
1998-12-10	1.64	1.64	1.64	1.64	0
1998-12-11	1.64	1.64	1.64	1.64	3200
1998-12-14	1.64	1.64	1.64	1.64	1600
1998-12-15	1.65	1.65	1.64	1.64	8800
1998-12-16	1.65	1.65	1.65	1.65	0
1998-12-17	1.62	1.63	1.62	1.63	8000
1998-12-18	1.61	1.62	1.61	1.61	40000
1998-12-21	1.63	1.63	1.63	1.63	28000
1998-12-22	1.63	1.63	1.63	1.63	0
1998-12-23	1.64	1.64	1.64	1.64	1600
1998-12-24	1.64	1.64	1.64	1.64	0
1998-12-28	1.64	1.64	1.64	1.64	0
1998-12-29	1.64	1.64	1.64	1.64	2400
1998-12-30	1.63	1.63	1.63	1.63	1600
1998-12-31	1.68	1.68	1.67	1.67	4000
1999-01-04	1.67	1.68	1.67	1.68	6400
1999-01-05	1.66	1.66	1.64	1.64	40000
1999-01-06	1.69	1.69	1.68	1.68	3200
1999-01-07	1.69	1.69	1.69	1.69	0
1999-01-08	1.69	1.70	1.69	1.69	8800
1999-01-11	1.69	1.69	1.69	1.69	0
1999-01-12	1.71	1.71	1.71	1.71	800
1999-01-13	1.64	1.64	1.64	1.64	5600
1999-01-14	1.66	1.68	1.66	1.67	4800
1999-01-15	1.66	1.66	1.66	1.66	0
1999-01-19	1.66	1.66	1.66	1.66	0
1999-01-20	1.64	1.66	1.64	1.66	3200
1999-01-21	1.64	1.64	1.64	1.64	0
1999-01-22	1.64	1.64	1.64	1.64	0
1999-01-25	1.64	1.64	1.64	1.64	0
1999-01-26	1.69	1.69	1.68	1.68	8800
1999-01-27	1.69	1.69	1.69	1.69	12000
1999-01-28	1.69	1.69	1.69	1.69	0
1999-01-29	1.69	1.69	1.69	1.69	0
1999-02-01	1.69	1.69	1.69	1.69	17600
1999-02-02	1.69	1.69	1.69	1.69	800
1999-02-03	1.64	1.65	1.64	1.64	121600
1999-02-04	1.64	1.64	1.64	1.64	0
1999-02-05	1.66	1.66	1.65	1.65	7200
1999-02-08	1.65	1.65	1.65	1.65	800
1999-02-09	1.65	1.65	1.65	1.65	800
1999-02-10	1.67	1.68	1.67	1.68	14400
1999-02-11	1.67	1.67	1.67	1.67	0
1999-02-12	1.67	1.67	1.67	1.67	0
1999-02-16	1.67	1.67	1.67	1.67	0
1999-02-17	1.67	1.67	1.67	1.67	0
1999-02-18	1.70	1.70	1.69	1.69	4000
1999-02-19	1.72	1.72	1.71	1.71	5600
1999-02-22	1.73	1.73	1.73	1.73	4000
1999-02-23	1.76	1.76	1.76	1.76	800
1999-02-24	1.79	1.79	1.79	1.79	800
1999-02-25	1.74	1.74	1.74	1.74	12000
1999-02-26	1.72	1.75	1.72	1.74	12800
1999-03-01	1.71	1.73	1.71	1.73	16000
1999-03-02	1.70	1.71	1.70	1.71	5600
1999-03-03	1.67	1.68	1.67	1.68	9600
1999-03-04	1.66	1.66	1.66	1.66	8000
1999-03-05	1.69	1.69	1.69	1.69	800
1999-03-08	1.76	1.76	1.73	1.73	26400
1999-03-09	1.77	1.77	1.77	1.77	800
1999-03-10	1.77	1.77	1.77	1.77	0
1999-03-11	1.77	1.77	1.77	1.77	0
1999-03-12	1.72	1.74	1.72	1.74	80000
1999-03-15	1.70	1.71	1.70	1.70	56000
1999-03-16	1.69	1.69	1.69	1.69	3200
1999-03-17	1.69	1.69	1.69	1.69	1600
1999-03-18	1.67	1.68	1.67	1.67	23200
1999-03-19	1.67	1.67	1.67	1.67	0
1999-03-22	1.65	1.65	1.65	1.65	9600
1999-03-23	1.65	1.65	1.65	1.65	0
1999-03-24	1.67	1.67	1.67	1.67	22400
1999-03-25	1.67	1.67	1.67	1.67	0
1999-03-26	1.66	1.66	1.65	1.65	5600
1999-03-29	1.66	1.66	1.66	1.66	800
1999-03-30	1.66	1.66	1.66	1.66	0
1999-03-31	1.66	1.66	1.66	1.66	2400
1999-04-01	1.67	1.68	1.67	1.68	2400
1999-04-05	1.67	1.67	1.67	1.67	54400
1999-04-06	1.67	1.67	1.67	1.67	0
1999-04-07	1.67	1.67	1.67	1.67	0
1999-04-08	1.65	1.67	1.65	1.67	17600
1999-04-09	1.65	1.65	1.65	1.65	4000
1999-04-12	1.63	1.65	1.63	1.65	26400
1999-04-13	1.63	1.63	1.63	1.63	0
1999-04-14	1.63	1.63	1.63	1.63	0
1999-04-15	1.62	1.62	1.62	1.62	1600
1999-04-16	1.64	1.64	1.63	1.63	2400
1999-04-19	1.59	1.61	1.59	1.61	2400
1999-04-20	1.59	1.59	1.59	1.59	0
1999-04-21	1.58	1.58	1.58	1.58	800
1999-04-22	1.61	1.61	1.61	1.61	2400
1999-04-23	1.61	1.61	1.61	1.61	0
1999-04-26	1.64	1.67	1.64	1.67	2400
1999-04-27	1.65	1.65	1.65	1.65	800
1999-04-28	1.65	1.65	1.65	1.65	0
1999-04-29	1.68	1.69	1.66	1.68	84000
1999-04-30	1.70	1.72	1.68	1.69	28000
1999-05-03	1.76	1.76	1.74	1.74	154400
1999-05-04	1.76	1.76	1.75	1.76	27200
1999-05-05	1.76	1.77	1.76	1.76	22400
1999-05-06	1.83	1.84	1.74	1.76	10000
1999-05-07	1.75	1.83	1.75	1.83	7200
1999-05-10	1.76	1.76	1.70	1.70	9600
1999-05-11	1.76	1.76	1.72	1.72	27600
1999-05-12	1.71	1.74	1.71	1.74	12800
1999-05-13	1.70	1.70	1.70	1.70	400
1999-05-14	1.66	1.70	1.66	1.70	1600
1999-05-17	1.66	1.66	1.65	1.65	3200
1999-05-18	1.70	1.71	1.70	1.71	9200
1999-05-19	1.70	1.70	1.70	1.70	0
1999-05-20	1.72	1.72	1.72	1.72	800
1999-05-21	1.72	1.73	1.72	1.73	2000
1999-05-24	1.65	1.69	1.65	1.69	6400
1999-05-25	1.70	1.72	1.69	1.72	19600
1999-05-26	1.70	1.70	1.70	1.70	0
1999-05-27	1.70	1.70	1.69	1.69	2000
1999-05-28	1.72	1.72	1.69	1.72	22800
1999-06-01	1.75	1.77	1.74	1.77	16400
1999-06-02	1.76	1.76	1.76	1.76	800
1999-06-03	1.76	1.76	1.76	1.76	0
1999-06-04	1.76	1.78	1.76	1.77	41200
1999-06-07	1.76	1.76	1.76	1.76	0
1999-06-08	1.78	1.78	1.76	1.76	2000
1999-06-09	1.78	1.78	1.78	1.78	0
1999-06-10	1.78	1.78	1.78	1.78	0
1999-06-11	1.77	1.77	1.77	1.77	400
1999-06-14	1.77	1.79	1.76	1.79	12800
1999-06-15	1.77	1.77	1.77	1.77	4000
1999-06-16	1.76	1.76	1.73	1.73	4000
1999-06-17	1.79	1.79	1.79	1.79	800
1999-06-18	1.76	1.76	1.72	1.72	1600
1999-06-21	1.72	1.72	1.72	1.72	1200
1999-06-22	1.74	1.82	1.74	1.82	3600
1999-06-23	1.74	1.74	1.74	1.74	0
1999-06-24	1.72	1.72	1.72	1.72	4000
1999-06-25	1.72	1.72	1.72	1.72	14000
1999-06-28	1.72	1.72	1.72	1.72	0
1999-06-29	1.69	1.70	1.69	1.70	6000
1999-06-30	1.72	1.72	1.68	1.68	38000
1999-07-01	1.78	1.78	1.73	1.73	9600
1999-07-02	1.73	1.78	1.73	1.77	30000
1999-07-06	1.68	1.72	1.68	1.72	31600
1999-07-07	1.71	1.71	1.69	1.69	8000
1999-07-08	1.71	1.71	1.71	1.71	0
1999-07-09	1.72	1.72	1.72	1.72	9600
1999-07-12	1.72	1.72	1.72	1.72	0
1999-07-13	1.66	1.66	1.66	1.66	2000
1999-07-14	1.66	1.66	1.66	1.66	0
1999-07-15	1.66	1.66	1.66	1.66	0
1999-07-16	1.66	1.66	1.66	1.66	400
1999-07-19	1.69	1.69	1.69	1.69	400
1999-07-20	1.69	1.69	1.69	1.69	0
1999-07-21	1.64	1.64	1.64	1.64	1600
1999-07-22	1.63	1.63	1.63	1.63	2000
1999-07-23	1.61	1.63	1.61	1.63	2400
1999-07-26	1.62	1.62	1.62	1.62	2000
1999-07-27	1.61	1.63	1.61	1.63	4400
1999-07-28	1.66	1.67	1.63	1.63	2400
1999-07-29	1.61	1.61	1.61	1.61	800
1999-07-30	1.64	1.64	1.64	1.64	800
1999-08-02	1.64	1.64	1.64	1.64	0
1999-08-03	1.68	1.68	1.66	1.66	32400
1999-08-04	1.65	1.65	1.64	1.65	40000
1999-08-05	1.65	1.65	1.65	1.65	0
1999-08-06	1.65	1.65	1.65	1.65	0
1999-08-09	1.61	1.61	1.61	1.61	1200
1999-08-10	1.59	1.62	1.59	1.62	2800
1999-08-11	1.66	1.66	1.66	1.66	800
1999-08-12	1.66	1.66	1.66	1.66	0
1999-08-13	1.66	1.66	1.66	1.66	0
1999-08-16	1.60	1.73	1.60	1.73	14000
1999-08-17	1.60	1.60	1.60	1.60	0
1999-08-18	1.63	1.63	1.63	1.63	6400
1999-08-19	1.63	1.64	1.63	1.64	4000
1999-08-20	1.64	1.64	1.64	1.64	800
1999-08-23	1.64	1.64	1.64	1.64	0
1999-08-24	1.65	1.65	1.65	1.65	400
1999-08-25	1.65	1.65	1.65	1.65	800
1999-08-26	1.66	1.66	1.64	1.64	6000
1999-08-27	1.67	1.67	1.65	1.65	6400
1999-08-30	1.67	1.67	1.67	1.67	0
1999-08-31	1.63	1.63	1.60	1.60	44400
1999-09-01	1.63	1.63	1.63	1.63	0
1999-09-02	1.61	1.61	1.61	1.61	4000
1999-09-03	1.59	1.60	1.59	1.60	5600
1999-09-07	1.59	1.59	1.59	1.59	0
1999-09-08	1.58	1.59	1.58	1.58	11600
1999-09-09	1.65	1.65	1.65	1.65	800
1999-09-10	1.64	1.65	1.63	1.65	263200
1999-09-13	1.65	1.66	1.65	1.65	81200
1999-09-14	1.62	1.62	1.62	1.62	400
1999-09-15	1.62	1.63	1.62	1.63	69200
1999-09-16	1.62	1.62	1.62	1.62	400
1999-09-17	1.58	1.59	1.58	1.59	11600
1999-09-20	1.58	1.58	1.58	1.58	0
1999-09-21	1.56	1.56	1.56	1.56	1600
1999-09-22	1.56	1.56	1.56	1.56	0
1999-09-23	1.56	1.56	1.56	1.56	3600
1999-09-24	1.56	1.56	1.56	1.56	0
1999-09-27	1.56	1.56	1.56	1.56	0
1999-09-28	1.60	1.60	1.59	1.59	1200
1999-09-29	1.65	1.65	1.65	1.65	400
1999-09-30	1.65	1.65	1.65	1.65	0
1999-10-01	1.63	1.63	1.61	1.61	2400
1999-10-04	1.63	1.63	1.63	1.63	0
1999-10-05	1.64	1.65	1.64	1.65	1200
1999-10-06	1.60	1.60	1.60	1.60	4000
1999-10-07	1.61	1.61	1.61	1.61	1600
1999-10-08	1.65	1.65	1.61	1.61	1600
1999-10-11	1.65	1.65	1.65	1.65	0
1999-10-12	1.58	1.62	1.58	1.62	28400
1999-10-13	1.56	1.58	1.55	1.58	24800
1999-10-14	1.56	1.56	1.56	1.56	0
1999-10-15	1.56	1.56	1.56	1.56	0
1999-10-18	1.53	1.53	1.53	1.53	400
1999-10-19	1.53	1.53	1.53	1.53	0
1999-10-20	1.53	1.53	1.53	1.53	0
1999-10-21	1.59	1.59	1.59	1.59	800
1999-10-22	1.59	1.59	1.59	1.59	0
1999-10-25	1.59	1.59	1.59	1.59	0
1999-10-26	1.59	1.59	1.59	1.59	0
1999-10-27	1.59	1.59	1.59	1.59	0
1999-10-28	1.59	1.59	1.59	1.59	0
1999-10-29	1.63	1.63	1.59	1.59	11600
1999-11-01	1.63	1.63	1.63	1.63	0
1999-11-02	1.63	1.63	1.63	1.63	0
1999-11-03	1.61	1.61	1.61	1.61	1200
1999-11-04	1.57	1.57	1.57	1.57	800
1999-11-05	1.57	1.57	1.57	1.57	0
1999-11-08	1.56	1.56	1.55	1.55	2400
1999-11-09	1.56	1.56	1.56	1.56	1200
1999-11-10	1.56	1.56	1.56	1.56	0
1999-11-11	1.56	1.56	1.56	1.56	400
1999-11-12	1.61	1.61	1.59	1.59	1600
1999-11-15	1.61	1.61	1.61	1.61	0
1999-11-16	1.64	1.64	1.58	1.58	12000
1999-11-17	1.62	1.62	1.62	1.62	800
1999-11-18	1.62	1.62	1.62	1.62	0
1999-11-19	1.62	1.62	1.62	1.62	0
1999-11-22	1.58	1.58	1.58	1.58	800
1999-11-23	1.57	1.57	1.57	1.57	8000
1999-11-24	1.65	1.65	1.58	1.58	13200
1999-11-26	1.65	1.65	1.65	1.65	0
1999-11-29	1.58	1.58	1.58	1.58	800
1999-11-30	1.58	1.58	1.58	1.58	0
1999-12-01	1.55	1.55	1.55	1.55	400
1999-12-02	1.60	1.60	1.60	1.60	4000
1999-12-03	1.60	1.60	1.60	1.60	18400
1999-12-06	1.60	1.60	1.60	1.60	0
1999-12-07	1.56	1.56	1.56	1.56	3600
1999-12-08	1.53	1.54	1.53	1.54	3600
1999-12-09	1.53	1.53	1.53	1.53	4800
1999-12-10	1.55	1.55	1.55	1.55	2000
1999-12-13	1.51	1.52	1.51	1.52	26400
1999-12-14	1.51	1.51	1.51	1.51	0
1999-12-15	1.54	1.54	1.50	1.50	16400
1999-12-16	1.54	1.54	1.50	1.50	62000
1999-12-17	1.53	1.59	1.52	1.59	28400
1999-12-20	1.57	1.57	1.57	1.57	400
1999-12-21	1.57	1.57	1.57	1.57	400
1999-12-22	1.54	1.57	1.54	1.57	8000
1999-12-23	1.54	1.54	1.54	1.54	0
1999-12-27	1.50	1.50	1.49	1.50	17200
1999-12-28	1.49	1.49	1.49	1.49	2800
1999-12-29	1.59	1.59	1.56	1.57	4400
1999-12-30	1.59	1.59	1.59	1.59	0
1999-12-31	1.55	1.55	1.55	1.55	800
2000-01-03	1.51	1.55	1.51	1.55	6400
2000-01-04	1.50	1.53	1.50	1.51	243600
2000-01-05	1.52	1.54	1.51	1.51	17200
2000-01-06	1.54	1.54	1.51	1.51	3200
2000-01-07	1.58	1.58	1.55	1.55	11200
2000-01-10	1.58	1.58	1.58	1.58	0
2000-01-11	1.51	1.51	1.51	1.51	2800
2000-01-12	1.53	1.53	1.49	1.50	22800
2000-01-13	1.53	1.53	1.53	1.53	0
2000-01-14	1.41	1.49	1.41	1.49	17600
2000-01-18	1.41	1.41	1.41	1.41	0
2000-01-19	1.35	1.41	1.35	1.37	4000
2000-01-20	1.37	1.38	1.35	1.38	18400
2000-01-21	1.35	1.36	1.25	1.33	122000
2000-01-24	1.35	1.36	1.23	1.36	16000
2000-01-25	1.34	1.35	1.31	1.31	10800
2000-01-26	1.43	1.45	1.36	1.36	46800
2000-01-27	1.38	1.38	1.33	1.36	6400
2000-01-28	1.39	1.39	1.39	1.39	5200
2000-01-31	1.49	1.49	1.44	1.44	17600
2000-02-01	1.49	1.49	1.49	1.49	400
2000-02-02	1.39	1.39	1.39	1.39	800
2000-02-03	1.36	1.36	1.36	1.36	2000
2000-02-04	1.38	1.40	1.37	1.40	50800
2000-02-07	1.39	1.39	1.39	1.39	17600
2000-02-08	1.39	1.39	1.39	1.39	0
2000-02-09	1.45	1.45	1.39	1.39	4400
2000-02-10	1.43	1.49	1.42	1.49	21600
2000-02-11	1.45	1.48	1.43	1.48	4400
2000-02-14	1.42	1.42	1.42	1.42	400
2000-02-15	1.45	1.45	1.43	1.44	1600
2000-02-16	1.45	1.45	1.45	1.45	0
2000-02-17	1.47	1.47	1.47	1.47	3200
2000-02-18	1.42	1.42	1.42	1.42	400
2000-02-22	1.41	1.41	1.41	1.41	800
2000-02-23	1.41	1.41	1.41	1.41	0
2000-02-24	1.42	1.43	1.42	1.43	9600
2000-02-25	1.44	1.45	1.44	1.45	3600
2000-02-28	1.47	1.47	1.47	1.47	4000
2000-02-29	1.45	1.45	1.44	1.44	3200
2000-03-01	1.43	1.43	1.43	1.43	800
2000-03-02	1.38	1.41	1.38	1.40	2400
2000-03-03	1.47	1.47	1.38	1.38	9200
2000-03-06	1.53	1.55	1.49	1.49	17600
2000-03-07	1.46	1.55	1.46	1.55	4400
2000-03-08	1.46	1.46	1.46	1.46	0
2000-03-09	1.41	1.46	1.41	1.46	3600
2000-03-10	1.39	1.41	1.39	1.41	2000
2000-03-13	1.41	1.45	1.41	1.45	4000
2000-03-14	1.46	1.46	1.41	1.41	22800
2000-03-15	1.46	1.46	1.46	1.46	0
2000-03-16	1.46	1.46	1.46	1.46	0
2000-03-17	1.53	1.53	1.48	1.49	9600
2000-03-20	1.45	1.45	1.45	1.45	800
2000-03-21	1.53	1.53	1.41	1.41	8000
2000-03-22	1.53	1.53	1.53	1.53	0
2000-03-23	1.56	1.56	1.54	1.54	1600
2000-03-24	1.56	1.56	1.56	1.56	0
2000-03-27	1.56	1.56	1.56	1.56	0
2000-03-28	1.56	1.56	1.56	1.56	0
2000-03-29	1.57	1.57	1.57	1.57	2400
2000-03-30	1.57	1.57	1.57	1.57	0
2000-03-31	1.61	1.61	1.59	1.59	1600
2000-04-03	1.62	1.65	1.62	1.62	4800
2000-04-04	1.62	1.62	1.62	1.62	0
2000-04-05	1.62	1.71	1.51	1.51	15200
2000-04-06	1.62	1.62	1.62	1.62	0
2000-04-07	1.62	1.62	1.62	1.62	0
2000-04-10	1.73	1.73	1.71	1.71	2800
2000-04-11	1.73	1.73	1.73	1.73	0
2000-04-12	1.72	1.73	1.61	1.61	7600
2000-04-13	1.77	1.77	1.75	1.75	3600
2000-04-14	1.77	1.77	1.77	1.77	800
2000-04-17	1.69	1.69	1.59	1.61	9600
2000-04-18	1.69	1.69	1.69	1.69	0
2000-04-19	1.66	1.67	1.65	1.65	24800
2000-04-20	1.62	1.65	1.62	1.65	3600
2000-04-24	1.59	1.62	1.57	1.57	20000
2000-04-25	1.59	1.59	1.59	1.59	0
2000-04-26	1.59	1.59	1.59	1.59	0
2000-04-27	1.65	1.65	1.65	1.65	1200
2000-04-28	1.71	1.71	1.71	1.71	1600
2000-05-01	1.61	1.61	1.61	1.61	800
2000-05-02	1.74	1.74	1.68	1.68	13200
2000-05-03	1.73	1.73	1.62	1.62	2000
2000-05-04	1.78	1.78	1.76	1.76	12000
2000-05-05	1.77	1.77	1.77	1.77	10400
2000-05-08	1.79	1.79	1.77	1.77	2800
2000-05-09	1.74	1.74	1.74	1.74	400
2000-05-10	1.75	1.75	1.69	1.69	12800
2000-05-11	1.75	1.75	1.75	1.75	0
2000-05-12	1.75	1.75	1.75	1.75	0
2000-05-15	1.69	1.69	1.69	1.69	4000
2000-05-16	1.69	1.69	1.69	1.69	0
2000-05-17	1.69	1.69	1.69	1.69	0
2000-05-18	1.65	1.67	1.65	1.67	1200
2000-05-19	1.65	1.65	1.65	1.65	0
2000-05-22	1.53	1.53	1.53	1.53	2000
2000-05-23	1.68	1.68	1.65	1.65	2400
2000-05-24	1.71	1.73	1.71	1.73	1200
2000-05-25	1.74	1.74	1.74	1.74	800
2000-05-26	1.74	1.74	1.74	1.74	0
2000-05-30	1.78	1.78	1.72	1.72	3600
2000-05-31	1.82	1.82	1.77	1.77	12000
2000-06-01	1.80	1.82	1.77	1.82	14000
2000-06-02	1.83	1.83	1.77	1.77	14800
2000-06-05	1.84	1.84	1.83	1.83	2400
2000-06-06	1.84	1.84	1.84	1.84	0
2000-06-07	1.84	1.84	1.84	1.84	0
2000-06-08	1.83	1.83	1.83	1.83	4800
2000-06-09	1.83	1.83	1.83	1.83	0
2000-06-12	1.80	1.83	1.80	1.83	13200
2000-06-13	1.83	1.83	1.83	1.83	800
2000-06-14	1.79	1.84	1.79	1.84	3600
2000-06-15	1.79	1.79	1.79	1.79	2400
2000-06-16	1.79	1.79	1.79	1.79	0
2000-06-19	1.79	1.79	1.79	1.79	0
2000-06-20	1.79	1.79	1.79	1.79	0
2000-06-21	1.76	1.76	1.76	1.76	2400
2000-06-22	1.76	1.76	1.76	1.76	0
2000-06-23	1.68	1.72	1.68	1.72	8400
2000-06-26	1.71	1.71	1.69	1.69	55200
2000-06-27	1.64	1.71	1.64	1.69	48800
2000-06-28	1.77	1.77	1.67	1.67	57200
2000-06-29	1.67	1.75	1.67	1.75	800
2000-06-30	1.62	1.69	1.61	1.68	55600
2000-07-03	1.62	1.62	1.62	1.62	0
2000-07-05	1.62	1.62	1.62	1.62	0
2000-07-06	1.62	1.62	1.62	1.62	0
2000-07-07	1.74	1.74	1.74	1.74	4000
2000-07-10	1.75	1.75	1.72	1.72	4400
2000-07-11	1.75	1.75	1.75	1.75	0
2000-07-12	1.75	1.75	1.75	1.75	800
2000-07-13	1.72	1.72	1.72	1.72	3200
2000-07-14	1.72	1.72	1.72	1.72	0
2000-07-17	1.75	1.75	1.75	1.75	5200
2000-07-18	1.75	1.75	1.75	1.75	0
2000-07-19	1.76	1.77	1.76	1.77	1200
2000-07-20	1.80	1.80	1.79	1.79	800
2000-07-21	1.78	1.79	1.78	1.79	12800
2000-07-24	1.78	1.78	1.78	1.78	0
2000-07-25	1.74	1.75	1.74	1.75	8800
2000-07-26	1.74	1.74	1.73	1.73	4800
2000-07-27	1.74	1.74	1.74	1.74	0
2000-07-28	1.74	1.74	1.74	1.74	0
2000-07-31	1.74	1.74	1.74	1.74	4800
2000-08-01	1.74	1.74	1.74	1.74	400
2000-08-02	1.74	1.74	1.74	1.74	0
2000-08-03	1.75	1.77	1.75	1.75	5200
2000-08-04	1.75	1.75	1.75	1.75	0
2000-08-07	1.79	1.79	1.74	1.74	3200
2000-08-08	1.79	1.79	1.79	1.79	0
2000-08-09	1.77	1.77	1.77	1.77	8000
2000-08-10	1.78	1.81	1.78	1.79	13600
2000-08-11	1.78	1.78	1.78	1.78	0
2000-08-14	1.78	1.78	1.78	1.78	0
2000-08-15	1.78	1.78	1.78	1.78	0
2000-08-16	1.85	1.85	1.78	1.78	6000
2000-08-17	1.88	1.89	1.86	1.86	11600
2000-08-18	1.90	1.91	1.89	1.91	3200
2000-08-21	1.89	1.89	1.89	1.89	1600
2000-08-22	1.88	1.88	1.88	1.88	400
2000-08-23	1.85	1.88	1.85	1.86	5200
2000-08-24	1.86	1.86	1.86	1.86	12000
2000-08-25	1.87	1.87	1.87	1.87	4000
2000-08-28	1.89	1.89	1.89	1.89	800
2000-08-29	1.80	1.89	1.80	1.89	2800
2000-08-30	1.83	1.83	1.83	1.83	800
2000-08-31	1.84	1.85	1.81	1.81	12800
2000-09-01	1.84	1.84	1.84	1.84	0
2000-09-05	1.84	1.84	1.84	1.84	0
2000-09-06	1.84	1.84	1.84	1.84	0
2000-09-07	1.78	1.78	1.78	1.78	3200
2000-09-08	1.83	1.83	1.80	1.80	2800
2000-09-11	1.83	1.83	1.83	1.83	0
2000-09-12	1.86	1.86	1.84	1.84	5600
2000-09-13	1.82	1.86	1.80	1.86	24800
2000-09-14	1.82	1.82	1.78	1.78	100000
2000-09-15	1.87	1.87	1.82	1.82	16800
2000-09-18	1.87	1.87	1.87	1.87	0
2000-09-19	1.86	1.87	1.86	1.86	3200
2000-09-20	1.84	1.84	1.83	1.83	4800
2000-09-21	1.84	1.84	1.84	1.84	0
2000-09-22	1.83	1.83	1.74	1.74	3600
2000-09-25	1.82	1.82	1.82	1.82	4000
2000-09-26	1.82	1.82	1.82	1.82	0
2000-09-27	1.82	1.82	1.82	1.82	0
2000-09-28	1.85	1.85	1.83	1.83	15600
2000-09-29	1.85	1.85	1.85	1.85	0
2000-10-02	1.82	1.86	1.82	1.86	3200
2000-10-03	1.82	1.82	1.82	1.82	0
2000-10-04	1.78	1.84	1.78	1.84	6000
2000-10-05	1.78	1.78	1.78	1.78	0
2000-10-06	1.90	1.90	1.77	1.77	11200
2000-10-09	1.76	1.76	1.76	1.76	1600
2000-10-10	1.90	1.90	1.90	1.90	17600
2000-10-11	1.94	1.94	1.92	1.92	4400
2000-10-12	1.90	1.91	1.84	1.84	2800
2000-10-13	1.90	1.90	1.90	1.90	0
2000-10-16	1.90	1.90	1.90	1.90	800
2000-10-17	1.85	1.92	1.85	1.91	8800
2000-10-18	1.90	1.90	1.86	1.86	3200
2000-10-19	1.89	1.90	1.89	1.90	5200
2000-10-20	1.87	1.87	1.86	1.86	3200
2000-10-23	1.90	1.90	1.88	1.88	2000
2000-10-24	1.94	1.95	1.94	1.94	10400
2000-10-25	2.04	2.22	1.99	1.99	10000
2000-10-26	2.06	2.06	1.94	1.94	10000
2000-10-27	2.06	2.06	2.06	2.06	400
2000-10-30	2.09	2.09	2.09	2.09	400
2000-10-31	2.12	2.15	2.09	2.09	8000
2000-11-01	2.09	2.13	2.07	2.13	6000
2000-11-02	2.17	2.17	2.02	2.03	4000
2000-11-03	2.06	2.08	2.06	2.08	2400
2000-11-06	2.05	2.05	2.05	2.05	400
2000-11-07	2.05	2.05	2.05	2.05	0
2000-11-08	2.05	2.05	2.05	2.05	800
2000-11-09	2.05	2.05	2.05	2.05	0
2000-11-10	2.05	2.05	2.05	2.05	5600
2000-11-13	2.08	2.08	2.03	2.03	1200
2000-11-14	2.08	2.08	2.08	2.08	0
2000-11-15	2.07	2.07	2.03	2.03	1200
2000-11-16	2.07	2.07	2.07	2.07	0
2000-11-17	2.08	2.10	2.08	2.09	3200
2000-11-20	2.08	2.09	2.06	2.09	28800
2000-11-21	2.10	2.10	2.08	2.08	8400
2000-11-22	2.10	2.10	2.10	2.10	0
2000-11-24	2.10	2.10	2.10	2.10	0
2000-11-27	2.08	2.09	2.06	2.09	5200
2000-11-28	2.08	2.08	2.08	2.08	0
2000-11-29	2.13	2.13	2.06	2.06	5600
2000-11-30	2.16	2.16	2.06	2.06	4000
2000-12-01	2.12	2.12	2.12	2.12	2800
2000-12-04	2.13	2.13	2.11	2.11	8800
2000-12-05	2.13	2.17	2.11	2.17	10400
2000-12-06	2.13	2.13	2.13	2.13	0
2000-12-07	2.11	2.11	2.11	2.11	400
2000-12-08	2.30	2.30	2.16	2.16	6400
2000-12-11	2.21	2.35	2.21	2.35	4800
2000-12-12	2.21	2.21	2.21	2.21	400
2000-12-13	2.21	2.21	2.21	2.21	0
2000-12-14	2.21	2.21	2.21	2.21	0
2000-12-15	2.19	2.23	2.15	2.18	51600
2000-12-18	2.17	2.24	2.17	2.22	2800
2000-12-19	2.23	2.25	2.21	2.23	17600
2000-12-20	2.18	2.29	2.18	2.25	13600
2000-12-21	2.16	2.26	2.16	2.26	13200
2000-12-22	2.20	2.24	2.17	2.24	7200
2000-12-26	2.24	2.24	2.24	2.24	4000
2000-12-27	2.31	2.31	2.24	2.24	2000
2000-12-28	2.26	2.31	2.26	2.31	800
2000-12-29	2.34	2.36	2.32	2.32	2000
2001-01-02	2.34	2.34	2.29	2.29	3200
2001-01-03	2.27	2.29	2.20	2.29	6400
2001-01-04	2.13	2.27	2.13	2.27	8000
2001-01-05	2.15	2.15	2.11	2.13	5600
2001-01-08	2.13	2.13	2.10	2.12	4800
2001-01-09	2.09	2.09	2.07	2.08	3600
2001-01-10	2.04	2.05	2.04	2.05	16800
2001-01-11	2.01	2.03	2.01	2.03	19200
2001-01-12	1.96	1.98	1.96	1.98	4400
2001-01-16	1.98	1.98	1.98	1.98	400
2001-01-17	1.96	1.99	1.94	1.99	31600
2001-01-18	1.86	1.92	1.84	1.92	45200
2001-01-19	1.89	1.96	1.82	1.96	41600
2001-01-22	1.95	1.98	1.93	1.98	26800
2001-01-23	2.01	2.01	1.97	1.97	18800
2001-01-24	2.06	2.07	2.02	2.07	44000
2001-01-25	2.06	2.06	2.06	2.06	0
2001-01-26	2.06	2.06	2.05	2.06	61600
2001-01-29	2.05	2.09	2.05	2.09	2000
2001-01-30	2.01	2.11	1.98	2.11	6400
2001-01-31	2.02	2.03	2.01	2.01	8000
2001-02-01	2.04	2.04	2.01	2.02	3600
2001-02-02	2.09	2.09	2.05	2.05	10400
2001-02-05	2.14	2.14	2.09	2.09	24400
2001-02-06	2.14	2.15	2.14	2.14	11600
2001-02-07	2.13	2.16	2.03	2.16	3600
2001-02-08	2.10	2.14	2.09	2.14	10800
2001-02-09	2.10	2.10	2.10	2.10	800
2001-02-12	2.10	2.10	2.10	2.10	0
2001-02-13	2.09	2.10	2.07	2.09	5600
2001-02-14	2.09	2.09	2.09	2.09	0
2001-02-15	2.07	2.08	2.05	2.08	6000
2001-02-16	2.07	2.07	2.05	2.05	37600
2001-02-20	2.06	2.07	2.03	2.03	18400
2001-02-21	2.07	2.07	2.06	2.06	2800
2001-02-22	2.13	2.14	2.09	2.09	3200
2001-02-23	2.14	2.14	2.12	2.12	3600
2001-02-26	2.15	2.15	2.14	2.14	4000
2001-02-27	2.16	2.16	2.15	2.15	2400
2001-02-28	2.18	2.18	2.16	2.17	59200
2001-03-01	2.20	2.23	2.18	2.19	10800
2001-03-02	2.20	2.20	2.20	2.20	800
2001-03-05	2.30	2.30	2.21	2.23	42000
2001-03-06	2.27	2.30	2.26	2.30	10000
2001-03-07	2.24	2.33	2.22	2.33	8400
2001-03-08	2.19	2.22	2.17	2.22	17600
2001-03-09	2.19	2.19	2.17	2.17	8400
2001-03-12	2.15	2.16	2.15	2.16	1200
2001-03-13	2.15	2.16	2.15	2.16	1600
2001-03-14	2.11	2.16	2.11	2.16	8800
2001-03-15	2.08	2.10	2.08	2.10	1600
2001-03-16	2.21	2.21	2.21	2.21	400
2001-03-19	2.21	2.21	2.21	2.21	0
2001-03-20	2.21	2.22	2.21	2.22	5600
2001-03-21	2.17	2.23	2.17	2.23	1200
2001-03-22	2.18	2.18	2.07	2.16	36000
2001-03-23	2.21	2.21	2.18	2.18	2400
2001-03-26	2.21	2.21	2.21	2.21	0
2001-03-27	2.17	2.21	2.17	2.21	7600
2001-03-28	2.15	2.15	2.09	2.15	4000
2001-03-29	2.18	2.19	2.15	2.15	11600
2001-03-30	2.21	2.21	2.18	2.18	10000
2001-04-02	2.22	2.22	2.20	2.22	1600
2001-04-03	2.22	2.22	2.22	2.22	2000
2001-04-04	2.19	2.25	2.19	2.25	4400
2001-04-05	2.22	2.22	2.20	2.21	2000
2001-04-06	2.24	2.25	2.24	2.25	4400
2001-04-09	2.21	2.24	2.21	2.24	8800
2001-04-10	2.24	2.24	2.24	2.24	34000
2001-04-11	2.16	2.23	2.16	2.23	17600
2001-04-12	2.10	2.14	2.09	2.14	15600
2001-04-16	2.04	2.10	2.04	2.10	7200
2001-04-17	2.05	2.07	2.03	2.04	11600
2001-04-18	2.05	2.05	1.99	2.03	3200
2001-04-19	2.04	2.09	2.03	2.09	9600
2001-04-20	2.01	2.02	2.01	2.02	10800
2001-04-23	2.04	2.06	2.02	2.06	6000
2001-04-24	2.08	2.09	2.06	2.09	4400
2001-04-25	2.08	2.10	2.06	2.10	20400
2001-04-26	2.07	2.09	2.07	2.09	800
2001-04-27	2.03	2.08	2.02	2.08	23600
2001-04-30	2.06	2.07	2.05	2.07	13200
2001-05-01	2.04	2.05	2.01	2.01	6800
2001-05-02	1.97	2.03	1.97	2.03	24800
2001-05-03	1.95	1.97	1.93	1.97	18800
2001-05-04	1.94	1.95	1.93	1.95	4800
2001-05-07	1.95	1.98	1.94	1.98	12000
2001-05-08	1.94	1.94	1.93	1.93	14400
2001-05-09	1.97	1.98	1.95	1.98	14000
2001-05-10	1.95	1.97	1.95	1.97	22800
2001-05-11	1.96	1.96	1.91	1.91	47600
2001-05-14	2.01	2.01	1.97	1.97	20000
2001-05-15	2.04	2.04	2.01	2.01	6800
2001-05-16	2.10	2.10	2.08	2.08	13200
2001-05-17	2.09	2.16	2.09	2.16	50000
2001-05-18	2.09	2.11	2.09	2.10	21600
2001-05-21	2.09	2.09	2.09	2.09	0
2001-05-22	2.09	2.09	2.04	2.06	22400
2001-05-23	2.09	2.09	2.09	2.09	0
2001-05-24	2.09	2.09	2.09	2.09	0
2001-05-25	2.07	2.10	2.07	2.09	9600
2001-05-29	2.12	2.12	2.10	2.10	13200
2001-05-30	2.15	2.20	2.13	2.16	116000
2001-05-31	2.17	2.20	2.15	2.18	72800
2001-06-01	2.17	2.20	2.16	2.19	11600
2001-06-04	2.19	2.19	2.14	2.17	11600
2001-06-05	2.15	2.19	2.15	2.19	12400
2001-06-06	2.17	2.19	2.17	2.19	24400
2001-06-07	2.15	2.16	2.14	2.16	4800
2001-06-08	2.20	2.20	2.17	2.17	2800
2001-06-11	2.19	2.20	2.18	2.20	13200
2001-06-12	2.23	2.23	2.14	2.14	42000
2001-06-13	2.22	2.23	2.22	2.23	800
2001-06-14	2.19	2.19	2.19	2.19	4400
2001-06-15	2.22	2.26	2.16	2.16	80400
2001-06-18	2.19	2.21	2.18	2.21	20800
2001-06-19	2.21	2.21	2.19	2.19	4800
2001-06-20	2.21	2.23	2.20	2.21	20400
2001-06-21	2.27	2.28	2.23	2.23	11600
2001-06-22	2.19	2.29	2.19	2.29	14000
2001-06-25	2.25	2.25	2.24	2.24	4000
2001-06-26	2.20	2.24	2.16	2.24	8800
2001-06-27	2.23	2.23	2.22	2.22	800
2001-06-28	2.21	2.21	2.16	2.16	1600
2001-06-29	2.28	2.28	2.18	2.23	140400
2001-07-02	2.23	2.23	2.19	2.19	7200
2001-07-03	2.26	2.31	2.21	2.27	172000
2001-07-05	2.21	2.26	2.21	2.25	42000
2001-07-06	2.20	2.20	2.18	2.19	23200
2001-07-09	2.20	2.21	2.19	2.20	5600
2001-07-10	2.20	2.23	2.20	2.23	8000
2001-07-11	2.22	2.22	2.16	2.18	6800
2001-07-12	2.20	2.20	2.19	2.20	9200
2001-07-13	2.23	2.23	2.23	2.23	29600
2001-07-16	2.20	2.23	2.20	2.23	19200
2001-07-17	2.23	2.23	2.20	2.20	14000
2001-07-18	2.23	2.24	2.21	2.22	48400
2001-07-19	2.21	2.22	2.21	2.22	4800
2001-07-20	2.22	2.22	2.21	2.21	15200
2001-07-23	2.20	2.20	2.20	2.20	400
2001-07-24	2.21	2.21	2.21	2.21	1600
2001-07-25	2.19	2.20	2.18	2.19	26800
2001-07-26	2.17	2.20	2.17	2.20	50400
2001-07-27	2.22	2.22	2.17	2.17	114800
2001-07-30	2.22	2.24	2.22	2.23	78000
2001-07-31	2.23	2.23	2.15	2.15	35600
2001-08-01	2.23	2.25	2.22	2.25	11200
2001-08-02	2.22	2.23	2.20	2.20	166400
2001-08-03	2.23	2.24	2.21	2.21	22800
2001-08-06	2.22	2.22	2.21	2.21	9600
2001-08-07	2.28	2.28	2.21	2.21	38000
2001-08-08	2.30	2.31	2.30	2.31	7600
2001-08-09	2.28	2.30	2.28	2.30	97600
2001-08-10	2.30	2.32	2.29	2.29	57200
2001-08-13	2.26	2.30	2.26	2.30	2400
2001-08-14	2.22	2.27	2.22	2.26	115200
2001-08-15	2.28	2.29	2.23	2.23	36400
2001-08-16	2.27	2.29	2.23	2.28	26800
2001-08-17	2.25	2.25	2.23	2.23	22400
2001-08-20	2.24	2.26	2.24	2.25	11600
2001-08-21	2.25	2.27	2.24	2.27	14000
2001-08-22	2.28	2.28	2.26	2.26	34000
2001-08-23	2.25	2.28	2.25	2.27	26400
2001-08-24	2.26	2.27	2.25	2.25	4400
2001-08-27	2.24	2.26	2.24	2.26	5600
2001-08-28	2.23	2.25	2.23	2.25	10400
2001-08-29	2.22	2.24	2.22	2.23	2800
2001-08-30	2.28	2.30	2.23	2.30	26400
2001-08-31	2.26	2.30	2.26	2.30	22800
2001-09-04	2.25	2.28	2.25	2.26	6800
2001-09-05	2.26	2.26	2.24	2.26	26000
2001-09-06	2.26	2.32	2.25	2.32	59200
2001-09-07	2.25	2.25	2.24	2.25	4000
2001-09-10	2.25	2.25	2.24	2.24	53200
2001-09-17	2.29	2.29	2.23	2.23	104000
2001-09-18	2.24	2.30	2.23	2.23	15200
2001-09-19	2.24	2.28	2.21	2.21	23600
2001-09-20	2.23	2.26	2.19	2.24	39200
2001-09-21	2.32	2.33	2.26	2.26	75200
2001-09-24	2.29	2.34	2.26	2.34	54000
2001-09-25	2.24	2.28	2.24	2.28	25200
2001-09-26	2.24	2.26	2.22	2.26	28000
2001-09-27	2.19	2.32	2.19	2.32	33600
2001-09-28	2.30	2.30	2.25	2.25	10800
2001-10-01	2.30	2.31	2.29	2.31	4000
2001-10-02	2.36	2.36	2.32	2.32	5600
2001-10-03	2.31	2.34	2.31	2.34	23200
2001-10-04	2.24	2.34	2.24	2.34	82000
2001-10-05	2.34	2.39	2.27	2.27	47600
2001-10-08	2.34	2.34	2.34	2.34	2400
2001-10-09	2.26	2.30	2.25	2.30	25600
2001-10-10	2.31	2.31	2.28	2.28	13200
2001-10-11	2.45	2.45	2.37	2.37	80000
2001-10-12	2.42	2.43	2.39	2.39	69600
2001-10-15	2.43	2.43	2.40	2.42	61600
2001-10-16	2.42	2.43	2.42	2.43	24400
2001-10-17	2.40	2.44	2.40	2.42	14000
2001-10-18	2.36	2.40	2.31	2.40	22800
2001-10-19	2.36	2.38	2.29	2.30	11200
2001-10-22	2.35	2.35	2.35	2.35	16000
2001-10-23	2.38	2.41	2.35	2.35	27600
2001-10-24	2.40	2.41	2.39	2.41	12000
2001-10-25	2.40	2.40	2.37	2.38	29200
2001-10-26	2.34	2.40	2.34	2.40	74800
2001-10-29	2.32	2.40	2.31	2.40	59200
2001-10-30	2.40	2.43	2.32	2.32	116400
2001-10-31	2.39	2.41	2.39	2.40	64800
2001-11-01	2.39	2.40	2.37	2.38	49600
2001-11-02	2.40	2.42	2.39	2.39	26400
2001-11-05	2.42	2.42	2.40	2.40	50400
2001-11-06	2.39	2.41	2.38	2.41	39600
2001-11-07	2.40	2.41	2.38	2.39	49600
2001-11-08	2.42	2.43	2.41	2.41	44400
2001-11-09	2.39	2.42	2.38	2.42	21200
2001-11-12	2.38	2.39	2.35	2.39	20000
2001-11-13	2.37	2.41	2.37	2.38	42800
2001-11-14	2.36	2.37	2.36	2.37	30400
2001-11-15	2.34	2.37	2.34	2.36	51200
2001-11-16	2.43	2.43	2.31	2.34	76400
2001-11-19	2.38	2.44	2.38	2.41	45600
2001-11-20	2.34	2.40	2.30	2.40	338800
2001-11-21	2.30	2.34	2.29	2.33	40000
2001-11-23	2.32	2.33	2.31	2.31	12400
2001-11-26	2.31	2.34	2.30	2.34	36400
2001-11-27	2.34	2.36	2.32	2.32	33200
2001-11-28	2.35	2.35	2.34	2.34	20800
2001-11-29	2.40	2.40	2.35	2.35	62000
2001-11-30	2.43	2.43	2.40	2.40	41200
2001-12-03	2.45	2.47	2.43	2.43	46000
2001-12-04	2.46	2.47	2.44	2.47	32400
2001-12-05	2.43	2.45	2.42	2.45	25200
2001-12-06	2.37	2.43	2.37	2.43	28400
2001-12-07	2.34	2.38	2.34	2.38	12400
2001-12-10	2.31	2.34	2.29	2.34	46000
2001-12-11	2.26	2.32	2.25	2.32	30400
2001-12-12	2.28	2.28	2.26	2.26	14400
2001-12-13	2.27	2.27	2.26	2.27	5600
2001-12-14	2.32	2.32	2.27	2.27	14800
2001-12-17	2.38	2.38	2.32	2.32	66400
2001-12-18	2.29	2.38	2.29	2.38	32800
2001-12-19	2.31	2.31	2.25	2.27	39600
2001-12-20	2.28	2.30	2.27	2.30	26400
2001-12-21	2.34	2.34	2.28	2.28	26800
2001-12-24	2.28	2.33	2.27	2.33	52800
2001-12-26	2.27	2.27	2.27	2.27	4000
2001-12-27	2.35	2.35	2.27	2.27	64800
2001-12-28	2.35	2.38	2.35	2.35	40400
2001-12-31	2.35	2.36	2.35	2.36	10400
2002-01-02	2.28	2.34	2.27	2.34	74400
2002-01-03	2.27	2.28	2.26	2.27	57200
2002-01-04	2.27	2.28	2.27	2.27	37200
2002-01-07	2.26	2.28	2.25	2.28	26000
2002-01-08	2.27	2.28	2.27	2.27	7200
2002-01-09	2.28	2.29	2.27	2.27	5600
2002-01-10	2.28	2.28	2.26	2.28	11600
2002-01-11	2.30	2.30	2.28	2.29	16800
2002-01-14	2.31	2.32	2.29	2.30	42000
2002-01-15	2.32	2.32	2.30	2.30	11600
2002-01-16	2.29	2.31	2.28	2.31	48800
2002-01-17	2.25	2.29	2.25	2.29	48000
2002-01-18	2.24	2.26	2.24	2.24	38000
2002-01-22	2.24	2.25	2.24	2.24	7600
2002-01-23	2.26	2.26	2.25	2.25	5600
2002-01-24	2.26	2.27	2.26	2.27	25200
2002-01-25	2.25	2.25	2.25	2.25	22800
2002-01-28	2.28	2.31	2.27	2.27	56000
2002-01-29	2.27	2.34	2.26	2.29	46800
2002-01-30	2.33	2.33	2.27	2.27	89200
2002-01-31	2.36	2.37	2.32	2.32	51200
2002-02-01	2.38	2.40	2.36	2.37	40400
2002-02-04	2.38	2.40	2.37	2.37	35200
2002-02-05	2.34	2.37	2.33	2.37	44800
2002-02-06	2.36	2.36	2.33	2.33	13600
2002-02-07	2.33	2.35	2.32	2.35	35200
2002-02-08	2.35	2.35	2.33	2.34	44400
2002-02-11	2.41	2.41	2.37	2.37	27600
2002-02-12	2.37	2.41	2.36	2.41	114800
2002-02-13	2.36	2.37	2.36	2.37	10000
2002-02-14	2.38	2.39	2.37	2.37	36400
2002-02-15	2.39	2.40	2.38	2.38	7200
2002-02-19	2.39	2.39	2.38	2.39	37200
2002-02-20	2.41	2.41	2.39	2.39	73600
2002-02-21	2.47	2.47	2.41	2.41	101200
2002-02-22	2.41	2.46	2.40	2.46	42000
2002-02-25	2.37	2.39	2.36	2.39	49200
2002-02-26	2.40	2.42	2.34	2.36	44400
2002-02-27	2.45	2.46	2.41	2.41	20000
2002-02-28	2.46	2.53	2.44	2.46	108000
2002-03-01	2.46	2.47	2.46	2.46	10800
2002-03-04	2.41	2.46	2.39	2.46	76000
2002-03-05	2.40	2.40	2.40	2.40	15600
2002-03-06	2.41	2.42	2.39	2.40	22000
2002-03-07	2.41	2.42	2.41	2.42	24000
2002-03-08	2.41	2.41	2.40	2.41	12000
2002-03-11	2.49	2.51	2.40	2.41	72000
2002-03-12	2.47	2.49	2.47	2.49	34800
2002-03-13	2.43	2.47	2.42	2.47	48400
2002-03-14	2.44	2.46	2.44	2.44	23200
2002-03-15	2.43	2.43	2.42	2.43	16400
2002-03-18	2.54	2.54	2.44	2.44	81200
2002-03-19	2.53	2.55	2.52	2.54	29600
2002-03-20	2.46	2.54	2.46	2.52	106800
2002-03-21	2.44	2.47	2.42	2.46	73600
2002-03-22	2.52	2.53	2.45	2.45	121200
2002-03-25	2.48	2.52	2.45	2.52	43600
2002-03-26	2.51	2.52	2.47	2.48	34000
2002-03-27	2.45	2.51	2.45	2.51	29200
2002-03-28	2.45	2.46	2.45	2.45	14400
2002-04-01	2.45	2.46	2.43	2.45	30800
2002-04-02	2.44	2.44	2.41	2.44	23200
2002-04-03	2.46	2.47	2.44	2.44	9600
2002-04-04	2.43	2.47	2.43	2.46	70400
2002-04-05	2.41	2.43	2.41	2.43	12800
2002-04-08	2.40	2.40	2.38	2.40	49200
2002-04-09	2.37	2.40	2.37	2.40	28800
2002-04-10	2.41	2.41	2.38	2.38	40800
2002-04-11	2.43	2.45	2.39	2.43	33200
2002-04-12	2.48	2.49	2.43	2.43	25200
2002-04-15	2.48	2.49	2.47	2.48	48400
2002-04-16	2.48	2.49	2.47	2.49	20400
2002-04-17	2.46	2.48	2.44	2.48	26000
2002-04-18	2.46	2.46	2.45	2.46	19200
2002-04-19	2.50	2.52	2.47	2.47	74400
2002-04-22	2.50	2.51	2.50	2.51	13200
2002-04-23	2.50	2.50	2.48	2.49	34000
2002-04-24	2.51	2.51	2.46	2.50	49200
2002-04-25	2.53	2.53	2.51	2.51	13200
2002-04-26	2.53	2.54	2.51	2.52	11600
2002-04-29	2.54	2.55	2.54	2.54	13200
2002-04-30	2.55	2.55	2.53	2.54	25200
2002-05-01	2.57	2.58	2.55	2.55	34000
2002-05-02	2.58	2.58	2.57	2.57	10800
2002-05-03	2.62	2.64	2.57	2.57	47600
2002-05-06	2.63	2.63	2.60	2.62	18800
2002-05-07	2.62	2.63	2.61	2.63	10400
2002-05-08	2.59	2.62	2.59	2.62	12800
2002-05-09	2.60	2.60	2.58	2.58	13200
2002-05-10	2.61	2.63	2.60	2.61	24800
2002-05-13	2.63	2.65	2.62	2.62	19200
2002-05-14	2.64	2.64	2.63	2.63	18000
2002-05-15	2.66	2.68	2.66	2.66	29600
2002-05-16	2.72	2.73	2.67	2.67	87200
2002-05-17	2.74	2.75	2.72	2.72	22000
2002-05-20	2.74	2.74	2.72	2.72	6000
2002-05-21	2.77	2.78	2.74	2.74	40400
2002-05-22	2.80	2.82	2.77	2.77	112000
2002-05-23	2.78	2.80	2.76	2.80	39600
2002-05-24	2.78	2.79	2.77	2.78	12800
2002-05-28	2.80	2.81	2.75	2.76	119200
2002-05-29	2.79	2.80	2.78	2.79	16800
2002-05-30	2.76	2.79	2.75	2.79	48400
2002-05-31	2.76	2.77	2.73	2.75	33200
2002-06-03	2.69	2.75	2.69	2.75	52800
2002-06-04	2.72	2.72	2.69	2.69	20800
2002-06-05	2.73	2.74	2.68	2.71	63600
2002-06-06	2.76	2.79	2.74	2.74	39200
2002-06-07	2.77	2.78	2.76	2.76	22800
2002-06-10	2.69	2.77	2.68	2.77	82000
2002-06-11	2.66	2.71	2.64	2.70	93200
2002-06-12	2.73	2.73	2.66	2.66	62400
2002-06-13	2.68	2.74	2.66	2.74	20400
2002-06-14	2.63	2.67	2.60	2.67	23600
2002-06-17	2.69	2.69	2.63	2.63	19200
2002-06-18	2.72	2.72	2.69	2.70	20400
2002-06-19	2.72	2.74	2.72	2.72	16400
2002-06-20	2.72	2.74	2.70	2.74	21600
2002-06-21	2.70	2.71	2.67	2.70	94800
2002-06-24	2.69	2.70	2.66	2.69	50400
2002-06-25	2.68	2.71	2.68	2.70	110800
2002-06-26	2.74	2.74	2.66	2.66	184800
2002-06-27	2.81	2.81	2.73	2.75	70000
2002-06-28	2.78	2.80	2.75	2.80	31600
2002-07-01	2.75	2.77	2.74	2.77	9200
2002-07-02	2.75	2.75	2.73	2.75	36800
2002-07-03	2.84	2.85	2.74	2.75	104400
2002-07-05	2.87	2.87	2.84	2.84	36800
2002-07-08	2.84	2.86	2.83	2.86	58400
2002-07-09	2.80	2.84	2.79	2.83	44400
2002-07-10	2.83	2.85	2.76	2.80	52800
2002-07-11	2.79	2.82	2.78	2.82	118000
2002-07-12	2.72	2.80	2.71	2.80	86400
2002-07-15	2.67	2.72	2.56	2.72	458800
2002-07-16	2.61	2.64	2.60	2.63	162000
2002-07-17	2.63	2.64	2.60	2.60	104000
2002-07-18	2.62	2.64	2.62	2.62	45600
2002-07-19	2.60	2.64	2.60	2.61	35600
2002-07-22	2.54	2.59	2.53	2.56	53600
2002-07-23	2.51	2.56	2.51	2.53	172800
2002-07-24	2.59	2.66	2.43	2.47	150800
2002-07-25	2.58	2.61	2.56	2.57	64000
2002-07-26	2.55	2.56	2.53	2.56	94000
2002-07-29	2.56	2.60	2.53	2.56	148000
2002-07-30	2.59	2.65	2.55	2.56	141600
2002-07-31	2.56	2.60	2.56	2.59	55600
2002-08-01	2.55	2.57	2.54	2.56	91600
2002-08-02	2.60	2.61	2.56	2.56	36800
2002-08-05	2.58	2.61	2.57	2.61	45600
2002-08-06	2.64	2.72	2.58	2.58	292800
2002-08-07	2.68	2.71	2.67	2.67	84800
2002-08-08	2.70	2.71	2.64	2.66	136800
2002-08-09	2.69	2.73	2.68	2.71	100000
2002-08-12	2.66	2.68	2.66	2.68	80000
2002-08-13	2.62	2.66	2.61	2.66	114800
2002-08-14	2.70	2.70	2.63	2.63	79600
2002-08-15	2.71	2.71	2.68	2.68	28400
2002-08-16	2.65	2.68	2.65	2.68	34400
2002-08-19	2.64	2.64	2.63	2.64	240800
2002-08-20	2.65	2.66	2.63	2.63	43200
2002-08-21	2.68	2.68	2.65	2.65	296000
2002-08-22	2.65	2.68	2.63	2.68	229600
2002-08-23	2.63	2.66	2.63	2.66	116800
2002-08-26	2.66	2.66	2.61	2.61	19200
2002-08-27	2.65	2.67	2.63	2.66	26800
2002-08-28	2.65	2.66	2.63	2.64	31600
2002-08-29	2.65	2.65	2.63	2.64	24000
2002-08-30	2.64	2.65	2.63	2.64	28000
2002-09-03	2.65	2.65	2.63	2.65	40800
2002-09-04	2.62	2.64	2.60	2.64	74000
2002-09-05	2.61	2.63	2.60	2.61	49600
2002-09-06	2.59	2.62	2.59	2.61	52800
2002-09-09	2.61	2.62	2.60	2.60	36400
2002-09-10	2.60	2.60	2.59	2.60	21600
2002-09-11	2.58	2.60	2.58	2.60	6400
2002-09-12	2.51	2.59	2.51	2.59	74400
2002-09-13	2.52	2.52	2.51	2.51	63600
2002-09-16	2.56	2.58	2.51	2.52	29600
2002-09-17	2.58	2.59	2.56	2.57	60800
2002-09-18	2.57	2.58	2.56	2.57	40400
2002-09-19	2.56	2.57	2.53	2.56	34800
2002-09-20	2.57	2.57	2.53	2.55	100000
2002-09-23	2.49	2.58	2.43	2.58	224400
2002-09-24	2.48	2.49	2.43	2.44	239600
2002-09-25	2.58	2.58	2.48	2.50	385600
2002-09-26	2.61	2.61	2.58	2.58	482800
2002-09-27	2.63	2.63	2.61	2.61	145200
2002-09-30	2.62	2.63	2.61	2.62	47600
2002-10-01	2.62	2.63	2.59	2.61	90400
2002-10-02	2.63	2.63	2.60	2.61	96400
2002-10-03	2.61	2.63	2.61	2.63	99200
2002-10-04	2.61	2.64	2.61	2.62	66000
2002-10-07	2.60	2.63	2.59	2.63	42000
2002-10-08	2.58	2.62	2.58	2.60	207600
2002-10-09	2.48	2.58	2.45	2.58	238400
2002-10-10	2.47	2.48	2.46	2.46	56000
2002-10-11	2.53	2.54	2.48	2.48	58400
2002-10-14	2.56	2.56	2.55	2.55	17200
2002-10-15	2.54	2.60	2.51	2.58	138400
2002-10-16	2.61	2.61	2.50	2.50	94000
2002-10-17	2.64	2.64	2.57	2.61	152400
2002-10-18	2.66	2.66	2.60	2.63	80800
2002-10-21	2.65	2.65	2.62	2.64	64000
2002-10-22	2.64	2.66	2.63	2.64	22400
2002-10-23	2.68	2.68	2.64	2.64	24800
2002-10-24	2.66	2.68	2.65	2.68	29600
2002-10-25	2.68	2.68	2.65	2.66	20800
2002-10-28	2.66	2.69	2.65	2.68	125200
2002-10-29	2.61	2.66	2.61	2.66	47200
2002-10-30	2.59	2.62	2.58	2.62	91200
2002-10-31	2.57	2.62	2.56	2.59	98800
2002-11-01	2.59	2.59	2.51	2.54	43600
2002-11-04	2.59	2.63	2.57	2.59	75600
2002-11-05	2.62	2.63	2.55	2.57	338000
2002-11-06	2.60	2.64	2.58	2.64	86800
2002-11-07	2.56	2.63	2.56	2.62	92400
2002-11-08	2.60	2.60	2.56	2.57	55600
2002-11-11	2.60	2.60	2.57	2.59	22800
2002-11-12	2.61	2.63	2.60	2.60	68400
2002-11-13	2.60	2.61	2.59	2.61	35200
2002-11-14	2.60	2.61	2.57	2.59	39600
2002-11-15	2.63	2.64	2.59	2.59	42000
2002-11-18	2.62	2.67	2.61	2.66	56400
2002-11-19	2.62	2.63	2.60	2.63	102000
2002-11-20	2.62	2.62	2.60	2.61	24800
2002-11-21	2.60	2.63	2.60	2.62	66000
2002-11-22	2.55	2.60	2.54	2.60	156800
2002-11-25	2.55	2.58	2.54	2.56	47200
2002-11-26	2.50	2.55	2.50	2.55	34400
2002-11-27	2.53	2.54	2.50	2.50	17200
2002-11-29	2.51	2.53	2.50	2.52	21200
2002-12-02	2.48	2.50	2.44	2.50	67200
2002-12-03	2.42	2.48	2.41	2.47	127600
2002-12-04	2.45	2.45	2.41	2.42	46800
2002-12-05	2.48	2.48	2.44	2.45	80400
2002-12-06	2.48	2.49	2.48	2.48	60800
2002-12-09	2.51	2.53	2.49	2.50	93600
2002-12-10	2.52	2.52	2.48	2.50	57600
2002-12-11	2.52	2.53	2.50	2.52	22800
2002-12-12	2.48	2.51	2.47	2.50	70000
2002-12-13	2.48	2.51	2.47	2.48	68000
2002-12-16	2.49	2.49	2.46	2.48	49200
2002-12-17	2.52	2.52	2.50	2.50	37600
2002-12-18	2.49	2.52	2.45	2.52	164800
2002-12-19	2.48	2.49	2.48	2.49	148800
2002-12-20	2.47	2.49	2.46	2.49	62000
2002-12-23	2.49	2.50	2.48	2.48	90400
2002-12-24	2.48	2.50	2.48	2.49	80000
2002-12-26	2.47	2.48	2.45	2.48	41600
2002-12-27	2.47	2.47	2.46	2.47	119200
2002-12-30	2.47	2.47	2.44	2.46	69200
2002-12-31	2.47	2.53	2.46	2.46	76000
2003-01-02	2.51	2.52	2.48	2.49	88800
2003-01-03	2.53	2.55	2.52	2.53	156800
2003-01-06	2.56	2.58	2.54	2.54	157200
2003-01-07	2.55	2.56	2.55	2.55	158800
2003-01-08	2.53	2.57	2.52	2.56	351600
2003-01-09	2.55	2.55	2.53	2.53	81600
2003-01-10	2.54	2.55	2.51	2.55	82400
2003-01-13	2.51	2.55	2.51	2.53	108000
2003-01-14	2.51	2.53	2.51	2.51	135600
2003-01-15	2.53	2.54	2.51	2.51	90400
2003-01-16	2.52	2.54	2.51	2.54	106400
2003-01-17	2.49	2.53	2.49	2.52	134800
2003-01-21	2.51	2.52	2.50	2.50	119200
2003-01-22	2.53	2.54	2.51	2.51	87200
2003-01-23	2.56	2.57	2.55	2.55	46000
2003-01-24	2.56	2.57	2.55	2.57	70400
2003-01-27	2.55	2.58	2.54	2.55	68800
2003-01-28	2.59	2.60	2.55	2.55	36800
2003-01-29	2.59	2.61	2.56	2.56	54800
2003-01-30	2.54	2.59	2.53	2.59	42800
2003-01-31	2.52	2.54	2.50	2.53	122400
2003-02-03	2.53	2.54	2.53	2.53	62800
2003-02-04	2.49	2.53	2.49	2.53	94800
2003-02-05	2.48	2.49	2.47	2.48	175600
2003-02-06	2.49	2.49	2.47	2.48	38800
2003-02-07	2.48	2.49	2.48	2.48	30000
2003-02-10	2.48	2.49	2.46	2.49	174000
2003-02-11	2.49	2.50	2.46	2.47	104000
2003-02-12	2.49	2.53	2.49	2.52	79600
2003-02-13	2.54	2.54	2.50	2.50	62800
2003-02-14	2.53	2.54	2.52	2.52	46800
2003-02-18	2.52	2.53	2.50	2.52	48400
2003-02-19	2.50	2.52	2.50	2.52	70800
2003-02-20	2.54	2.55	2.51	2.51	114400
2003-02-21	2.53	2.54	2.52	2.54	37200
2003-02-24	2.55	2.57	2.54	2.54	118400
2003-02-25	2.56	2.56	2.53	2.56	69600
2003-02-26	2.57	2.58	2.55	2.56	44400
2003-02-27	2.61	2.62	2.58	2.58	130400
2003-02-28	2.64	2.64	2.60	2.61	91600
2003-03-03	2.62	2.66	2.61	2.65	64000
2003-03-04	2.64	2.66	2.63	2.63	96400
2003-03-05	2.69	2.69	2.65	2.65	102400
2003-03-06	2.69	2.69	2.68	2.69	28400
2003-03-07	2.71	2.71	2.68	2.68	60400
2003-03-10	2.71	2.73	2.69	2.72	71600
2003-03-11	2.71	2.71	2.70	2.70	26400
2003-03-12	2.70	2.71	2.69	2.70	22400
2003-03-13	2.69	2.71	2.68	2.71	52400
2003-03-14	2.72	2.72	2.69	2.69	75600
2003-03-17	2.74	2.74	2.71	2.74	56000
2003-03-18	2.75	2.75	2.71	2.74	121600
2003-03-19	2.74	2.75	2.73	2.75	41600
2003-03-20	2.74	2.76	2.74	2.74	58000
2003-03-21	2.72	2.74	2.70	2.72	123600
2003-03-24	2.70	2.74	2.70	2.74	34400
2003-03-25	2.77	2.77	2.69	2.71	80800
2003-03-26	2.75	2.77	2.74	2.76	93600
2003-03-27	2.71	2.73	2.69	2.73	201200
2003-03-28	2.71	2.73	2.70	2.73	15600
2003-03-31	2.75	2.77	2.71	2.71	23200
2003-04-01	2.74	2.76	2.73	2.76	54000
2003-04-02	2.76	2.77	2.75	2.75	48000
2003-04-03	2.75	2.77	2.74	2.77	22000
2003-04-04	2.75	2.76	2.75	2.75	14800
2003-04-07	2.77	2.77	2.73	2.74	26800
2003-04-08	2.77	2.77	2.76	2.77	11200
2003-04-09	2.75	2.76	2.74	2.76	37600
2003-04-10	2.78	2.79	2.75	2.75	20800
2003-04-11	2.77	2.78	2.77	2.78	21600
2003-04-14	2.78	2.79	2.76	2.77	26000
2003-04-15	2.78	2.81	2.77	2.78	40400
2003-04-16	2.72	2.79	2.72	2.79	84800
2003-04-17	2.77	2.77	2.73	2.73	18000
2003-04-21	2.76	2.78	2.76	2.77	36400
2003-04-22	2.77	2.79	2.75	2.78	52000
2003-04-23	2.73	2.78	2.73	2.78	71600
2003-04-24	2.75	2.76	2.72	2.72	22000
2003-04-25	2.74	2.77	2.74	2.76	22400
2003-04-28	2.78	2.79	2.76	2.76	35600
2003-04-29	2.78	2.79	2.77	2.77	13600
2003-04-30	2.81	2.82	2.79	2.80	67600
2003-05-01	2.86	2.86	2.82	2.82	61200
2003-05-02	2.87	2.88	2.83	2.86	22400
2003-05-05	2.90	2.90	2.88	2.88	43200
2003-05-06	2.95	2.96	2.90	2.90	115600
2003-05-07	2.93	2.97	2.92	2.94	56000
2003-05-08	2.95	2.95	2.93	2.94	70800
2003-05-09	2.98	2.99	2.96	2.96	128800
2003-05-12	2.99	3.01	2.99	2.99	76800
2003-05-13	3.07	3.07	2.99	2.99	44000
2003-05-14	3.10	3.11	3.08	3.09	29600
2003-05-15	3.11	3.12	3.09	3.10	27600
2003-05-16	3.20	3.22	3.16	3.16	376400
2003-05-19	3.21	3.22	3.20	3.20	20400
2003-05-20	3.27	3.27	3.19	3.22	101600
2003-05-21	3.27	3.27	3.24	3.26	41600
2003-05-22	3.23	3.27	3.22	3.27	103600
2003-05-23	3.23	3.23	3.18	3.22	58000
2003-05-27	3.23	3.26	3.20	3.23	54800
2003-05-28	3.14	3.20	3.14	3.20	104000
2003-05-29	3.18	3.18	3.13	3.13	64400
2003-05-30	3.19	3.21	3.18	3.18	30400
2003-06-02	3.17	3.19	3.15	3.19	69600
2003-06-03	3.17	3.18	3.12	3.17	43600
2003-06-04	3.21	3.21	3.18	3.18	44000
2003-06-05	3.24	3.25	3.22	3.22	26400
2003-06-06	3.24	3.26	3.24	3.25	117200
2003-06-09	3.23	3.24	3.23	3.24	13200
2003-06-10	3.30	3.30	3.22	3.23	48400
2003-06-11	3.31	3.31	3.27	3.31	65200
2003-06-12	3.36	3.37	3.31	3.31	42000
2003-06-13	3.39	3.40	3.35	3.39	50000
2003-06-16	3.41	3.41	3.36	3.39	33600
2003-06-17	3.43	3.43	3.40	3.41	11600
2003-06-18	3.43	3.44	3.42	3.43	32800
2003-06-19	3.41	3.42	3.36	3.42	120800
2003-06-20	3.38	3.40	3.35	3.39	67200
2003-06-23	3.33	3.37	3.32	3.37	36000
2003-06-24	3.33	3.35	3.29	3.33	30000
2003-06-25	3.34	3.35	3.33	3.34	21200
2003-06-26	3.25	3.33	3.24	3.33	93600
2003-06-27	3.29	3.30	3.23	3.25	275200
2003-06-30	3.33	3.33	3.26	3.28	156000
2003-07-01	3.32	3.33	3.32	3.33	800
2003-07-02	3.40	3.41	3.31	3.31	51600
2003-07-03	3.42	3.43	3.38	3.39	39200
2003-07-07	3.41	3.41	3.36	3.38	54400
2003-07-08	3.34	3.39	3.33	3.39	74000
2003-07-09	3.35	3.35	3.33	3.33	39600
2003-07-10	3.33	3.33	3.31	3.32	8400
2003-07-11	3.35	3.36	3.33	3.33	44800
2003-07-14	3.38	3.38	3.35	3.35	6400
2003-07-15	3.34	3.34	3.33	3.33	14800
2003-07-16	3.34	3.36	3.33	3.34	17600
2003-07-17	3.33	3.33	3.32	3.32	10400
2003-07-18	3.31	3.31	3.29	3.31	18000
2003-07-21	3.33	3.33	3.30	3.30	28000
2003-07-22	3.29	3.32	3.29	3.32	35200
2003-07-23	3.34	3.34	3.31	3.31	15600
2003-07-24	3.37	3.40	3.34	3.35	48800
2003-07-25	3.40	3.43	3.38	3.38	41200
2003-07-28	3.43	3.45	3.41	3.41	100400
2003-07-29	3.39	3.45	3.39	3.45	26800
2003-07-30	3.36	3.38	3.35	3.38	42800
2003-07-31	3.35	3.37	3.33	3.35	75600
2003-08-01	3.35	3.38	3.35	3.35	24000
2003-08-04	3.35	3.36	3.32	3.36	19200
2003-08-05	3.33	3.33	3.30	3.32	25600
2003-08-06	3.31	3.33	3.25	3.27	344400
2003-08-07	3.33	3.34	3.30	3.30	11600
2003-08-08	3.37	3.38	3.33	3.33	12000
2003-08-11	3.47	3.48	3.38	3.39	44000
2003-08-12	3.49	3.50	3.46	3.48	40800
2003-08-13	3.52	3.53	3.51	3.52	37200
2003-08-14	3.50	3.51	3.49	3.51	26400
2003-08-15	3.49	3.49	3.49	3.49	17200
2003-08-18	3.48	3.50	3.48	3.49	10800
2003-08-19	3.46	3.46	3.45	3.46	11200
2003-08-20	3.46	3.46	3.45	3.45	3600
2003-08-21	3.46	3.47	3.45	3.45	21200
2003-08-22	3.46	3.46	3.44	3.44	7600
2003-08-25	3.46	3.47	3.46	3.47	6800
2003-08-26	3.52	3.52	3.47	3.47	28000
2003-08-27	3.46	3.47	3.45	3.47	13600
2003-08-28	3.46	3.47	3.44	3.45	89200
2003-08-29	3.48	3.48	3.46	3.46	2400
2003-09-02	3.47	3.49	3.44	3.46	70400
2003-09-03	3.54	3.54	3.49	3.49	24800
2003-09-04	3.54	3.57	3.50	3.57	12800
2003-09-05	3.53	3.54	3.51	3.54	6400
2003-09-08	3.47	3.50	3.46	3.50	37600
2003-09-09	3.45	3.47	3.45	3.46	29600
2003-09-10	3.46	3.48	3.46	3.46	8800
2003-09-11	3.43	3.44	3.42	3.44	59600
2003-09-12	3.42	3.45	3.42	3.43	7600
2003-09-15	3.43	3.44	3.40	3.40	56800
2003-09-16	3.45	3.45	3.43	3.44	8400
2003-09-17	3.48	3.49	3.44	3.44	15200
2003-09-18	3.45	3.48	3.43	3.48	19600
2003-09-19	3.48	3.54	3.48	3.51	30800
2003-09-22	3.43	3.48	3.43	3.48	27200
2003-09-23	3.45	3.45	3.41	3.43	56000
2003-09-24	3.43	3.45	3.43	3.43	15600
2003-09-25	3.38	3.41	3.37	3.40	31200
2003-09-26	3.37	3.37	3.37	3.37	3200
2003-09-29	3.38	3.38	3.38	3.38	8000
2003-09-30	3.37	3.40	3.36	3.39	96800
2003-10-01	3.37	3.38	3.37	3.38	31200
2003-10-02	3.40	3.42	3.39	3.39	25600
2003-10-03	3.40	3.41	3.40	3.41	2800
2003-10-06	3.48	3.48	3.40	3.40	25600
2003-10-07	3.50	3.52	3.50	3.50	30000
2003-10-08	3.49	3.51	3.47	3.50	43200
2003-10-09	3.47	3.49	3.46	3.49	86800
2003-10-10	3.55	3.56	3.49	3.49	61600
2003-10-13	3.58	3.58	3.55	3.55	28000
2003-10-14	3.57	3.57	3.56	3.57	55600
2003-10-15	3.57	3.57	3.56	3.57	7200
2003-10-16	3.62	3.62	3.59	3.59	32000
2003-10-17	3.63	3.64	3.63	3.63	20400
2003-10-20	3.63	3.65	3.62	3.63	14800
2003-10-21	3.65	3.67	3.63	3.63	15600
2003-10-22	3.69	3.70	3.67	3.67	33200
2003-10-23	3.67	3.68	3.67	3.68	16400
2003-10-24	3.64	3.67	3.64	3.67	24800
2003-10-27	3.65	3.65	3.64	3.64	16400
2003-10-28	3.67	3.68	3.64	3.64	26000
2003-10-29	3.73	3.74	3.66	3.71	21200
2003-10-30	3.67	3.76	3.66	3.74	113600
2003-10-31	3.71	3.73	3.63	3.63	62800
2003-11-03	3.69	3.72	3.64	3.72	34800
2003-11-04	3.75	3.75	3.69	3.69	45600
2003-11-05	3.74	3.77	3.73	3.75	38800
2003-11-06	3.72	3.75	3.71	3.74	25600
2003-11-07	3.79	3.79	3.74	3.74	30000
2003-11-10	3.85	3.85	3.79	3.80	54800
2003-11-11	3.84	3.84	3.83	3.83	10000
2003-11-12	3.88	3.91	3.88	3.89	26400
2003-11-13	3.89	3.91	3.89	3.89	12000
2003-11-14	3.88	3.90	3.87	3.90	18400
2003-11-17	3.85	3.89	3.85	3.88	15600
2003-11-18	3.83	3.86	3.83	3.85	12800
2003-11-19	3.86	3.87	3.84	3.84	13200
2003-11-20	3.93	3.95	3.87	3.87	65200
2003-11-21	3.94	3.95	3.93	3.93	63200
2003-11-24	3.89	3.92	3.89	3.92	34000
2003-11-25	3.91	3.92	3.90	3.90	49600
2003-11-26	3.93	3.94	3.92	3.92	31200
2003-11-28	3.92	3.93	3.91	3.93	3600
2003-12-01	3.84	3.85	3.77	3.85	74000
2003-12-02	3.86	3.88	3.83	3.83	23600
2003-12-03	3.90	3.92	3.87	3.87	21600
2003-12-04	3.82	3.90	3.82	3.89	68000
2003-12-05	3.85	3.86	3.83	3.83	8400
2003-12-08	3.88	3.90	3.86	3.86	13600
2003-12-09	3.85	3.88	3.84	3.88	28000
2003-12-10	3.83	3.86	3.78	3.86	64800
2003-12-11	3.83	3.83	3.76	3.76	48000
2003-12-12	3.88	3.89	3.84	3.84	100000
2003-12-15	3.87	3.91	3.87	3.90	16000
2003-12-16	3.87	3.89	3.86	3.89	33600
2003-12-17	3.85	3.85	3.81	3.82	12400
2003-12-18	3.81	3.82	3.78	3.82	46400
2003-12-19	3.78	3.82	3.77	3.82	42000
2003-12-22	3.86	3.86	3.80	3.80	53200
2003-12-23	3.83	3.87	3.83	3.87	10800
2003-12-24	3.92	3.92	3.81	3.81	22400
2003-12-26	3.91	3.93	3.62	3.91	2800
2003-12-29	3.93	3.93	3.91	3.91	7200
2003-12-30	3.94	3.97	3.93	3.95	20000
2003-12-31	3.95	3.95	3.94	3.95	4000
2004-01-02	4.00	4.00	3.94	3.94	36400
2004-01-05	3.98	4.02	3.97	4.02	65200
2004-01-06	3.97	3.98	3.91	3.98	51600
2004-01-07	3.97	3.98	3.97	3.97	26000
2004-01-08	3.99	4.00	3.98	3.98	20400
2004-01-09	4.03	4.03	4.01	4.01	29600
2004-01-12	4.00	4.02	3.99	4.00	8000
2004-01-13	4.00	4.03	4.00	4.01	11200
2004-01-14	3.95	3.99	3.94	3.99	16400
2004-01-15	3.97	3.97	3.92	3.93	12800
2004-01-16	3.95	3.97	3.92	3.97	30400
2004-01-20	3.91	3.95	3.90	3.95	24800
2004-01-21	3.84	3.89	3.83	3.89	72000
2004-01-22	3.86	3.87	3.85	3.86	24800
2004-01-23	3.81	3.84	3.79	3.84	40400
2004-01-26	3.81	3.84	3.81	3.84	24800
2004-01-27	3.84	3.92	3.82	3.82	50000
2004-01-28	3.77	3.82	3.76	3.82	23600
2004-01-29	3.71	3.78	3.70	3.78	42800
2004-01-30	3.67	3.73	3.63	3.73	58800
2004-02-02	3.69	3.72	3.65	3.66	30800
2004-02-03	3.65	3.69	3.64	3.69	38400
2004-02-04	3.63	3.65	3.60	3.60	13200
2004-02-05	3.61	3.64	3.61	3.64	16800
2004-02-06	3.67	3.67	3.65	3.65	32000
2004-02-09	3.70	3.71	3.67	3.67	34400
2004-02-10	3.70	3.74	3.69	3.73	72400
2004-02-11	3.73	3.77	3.71	3.72	66000
2004-02-12	3.70	3.74	3.70	3.73	39600
2004-02-13	3.72	3.76	3.70	3.74	38400
2004-02-17	3.77	3.80	3.75	3.78	22400
2004-02-18	3.71	3.77	3.71	3.77	25600
2004-02-19	3.70	3.72	3.69	3.70	52800
2004-02-20	3.67	3.70	3.64	3.70	54000
2004-02-23	3.67	3.68	3.67	3.67	71600
2004-02-24	3.69	3.72	3.69	3.69	183200
2004-02-25	3.67	3.70	3.66	3.69	86000
2004-02-26	3.66	3.68	3.65	3.65	42000
2004-02-27	3.75	3.77	3.67	3.68	152800
2004-03-01	3.74	3.79	3.70	3.75	54800
2004-03-02	3.75	3.80	3.75	3.76	65600
2004-03-03	3.82	3.82	3.74	3.74	32000
2004-03-04	3.84	3.85	3.82	3.82	34800
2004-03-05	3.87	3.88	3.86	3.86	26400
2004-03-08	3.88	3.88	3.86	3.86	24800
2004-03-09	3.95	3.96	3.88	3.88	76400
2004-03-10	3.94	3.97	3.91	3.92	64800
2004-03-11	3.91	3.92	3.89	3.91	43600
2004-03-12	3.82	3.88	3.77	3.88	62400
2004-03-15	3.81	3.85	3.78	3.85	44000
2004-03-16	3.89	3.94	3.82	3.82	47600
2004-03-17	3.95	3.95	3.87	3.88	84400
2004-03-18	3.98	3.98	3.95	3.95	33200
2004-03-19	3.96	3.99	3.96	3.97	19600
2004-03-22	3.94	3.97	3.94	3.96	152800
2004-03-23	3.95	3.95	3.88	3.94	229200
2004-03-24	3.90	3.93	3.85	3.93	56000
2004-03-25	3.96	3.97	3.90	3.90	33600
2004-03-26	3.97	4.01	3.94	3.99	107200
2004-03-29	3.98	4.00	3.95	3.97	76400
2004-03-30	3.97	3.99	3.95	3.98	70000
2004-03-31	3.92	3.96	3.91	3.96	46800
2004-04-01	3.91	3.93	3.90	3.93	77600
2004-04-02	3.92	3.96	3.88	3.91	123200
2004-04-05	3.94	3.95	3.90	3.91	72400
2004-04-06	3.96	3.97	3.92	3.94	22800
2004-04-07	3.98	3.98	3.93	3.97	36000
2004-04-08	3.89	3.91	3.88	3.91	26000
2004-04-12	3.86	3.89	3.86	3.89	77600
2004-04-13	3.80	3.85	3.80	3.85	31200
2004-04-14	3.67	3.76	3.65	3.76	78800
2004-04-15	3.64	3.66	3.59	3.66	73200
2004-04-16	3.60	3.64	3.59	3.62	58400
2004-04-19	3.61	3.62	3.59	3.59	38000
2004-04-20	3.58	3.61	3.58	3.60	36400
2004-04-21	3.60	3.61	3.59	3.60	16800
2004-04-22	3.61	3.62	3.60	3.60	17600
2004-04-23	3.59	3.60	3.57	3.59	36000
2004-04-26	3.60	3.61	3.59	3.60	20000
2004-04-27	3.56	3.61	3.53	3.60	309200
2004-04-28	3.44	3.51	3.42	3.51	169200
2004-04-29	3.54	3.54	3.48	3.48	73200
2004-04-30	3.52	3.54	3.46	3.53	73600
2004-05-03	3.56	3.56	3.51	3.51	52400
2004-05-04	3.66	3.67	3.60	3.60	90800
2004-05-05	3.66	3.66	3.63	3.64	35200
2004-05-06	3.71	3.72	3.64	3.67	66000
2004-05-07	3.66	3.71	3.62	3.71	76800
2004-05-10	3.59	3.63	3.59	3.63	62800
2004-05-11	3.66	3.67	3.56	3.59	45600
2004-05-12	3.67	3.68	3.60	3.65	28400
2004-05-13	3.66	3.70	3.63	3.70	20400
2004-05-14	3.64	3.64	3.62	3.64	22000
2004-05-17	3.57	3.63	3.56	3.63	52400
2004-05-18	3.55	3.57	3.54	3.56	18000
2004-05-19	3.54	3.61	3.54	3.60	20400
2004-05-20	3.54	3.58	3.53	3.54	21200
2004-05-21	3.59	3.60	3.54	3.55	20800
2004-05-24	3.61	3.61	3.54	3.58	21200
2004-05-25	3.59	3.63	3.55	3.63	59600
2004-05-26	3.62	3.64	3.62	3.64	29600
2004-05-27	3.65	3.67	3.63	3.65	18000
2004-05-28	3.57	3.64	3.56	3.64	30800
2004-06-01	3.52	3.58	3.50	3.58	60400
2004-06-02	3.47	3.55	3.47	3.55	38400
2004-06-03	3.50	3.52	3.49	3.50	24000
2004-06-04	3.56	3.57	3.54	3.54	40800
2004-06-07	3.61	3.62	3.58	3.58	36800
2004-06-08	3.51	3.59	3.49	3.59	277600
2004-06-09	3.46	3.52	3.46	3.50	234400
2004-06-10	3.50	3.52	3.44	3.48	70000
2004-06-14	3.45	3.49	3.43	3.49	30800
2004-06-15	3.49	3.50	3.43	3.48	73200
2004-06-16	3.54	3.54	3.48	3.49	36400
2004-06-17	3.49	3.55	3.47	3.53	60400
2004-06-18	3.58	3.58	3.51	3.51	34400
2004-06-21	3.55	3.60	3.55	3.60	17200
2004-06-22	3.56	3.60	3.56	3.60	86800
2004-06-23	3.57	3.60	3.57	3.60	14400
2004-06-24	3.63	3.63	3.60	3.60	74400
2004-06-25	3.57	3.62	3.56	3.62	23200
2004-06-28	3.54	3.59	3.54	3.59	19600
2004-06-29	3.56	3.56	3.54	3.54	33600
2004-06-30	3.57	3.58	3.55	3.56	15200
2004-07-01	3.59	3.59	3.57	3.57	4800
2004-07-02	3.62	3.63	3.58	3.58	18800
2004-07-06	3.66	3.68	3.65	3.66	64000
2004-07-07	3.66	3.68	3.65	3.66	80400
2004-07-08	3.65	3.67	3.61	3.67	31200
2004-07-09	3.67	3.67	3.62	3.64	76000
2004-07-12	3.62	3.68	3.61	3.67	14000
2004-07-13	3.61	3.66	3.58	3.60	44400
2004-07-14	3.62	3.63	3.61	3.63	2800
2004-07-15	3.56	3.61	3.56	3.61	10000
2004-07-16	3.56	3.62	3.55	3.59	29200
2004-07-19	3.64	3.65	3.56	3.57	54800
2004-07-20	3.65	3.65	3.61	3.61	52400
2004-07-21	3.65	3.66	3.63	3.65	90800
2004-07-22	3.67	3.69	3.66	3.66	170400
2004-07-23	3.66	3.70	3.64	3.67	81600
2004-07-26	3.61	3.66	3.59	3.66	42400
2004-07-27	3.63	3.66	3.60	3.60	20800
2004-07-28	3.66	3.66	3.61	3.63	37200
2004-07-29	3.72	3.74	3.66	3.66	112400
2004-07-30	3.69	3.73	3.69	3.73	74800
2004-08-02	3.69	3.69	3.69	3.69	2400
2004-08-03	3.73	3.74	3.70	3.70	14000
2004-08-04	3.74	3.75	3.71	3.71	13200
2004-08-05	3.70	3.74	3.70	3.73	18800
2004-08-06	3.70	3.71	3.66	3.71	30800
2004-08-09	3.77	3.77	3.74	3.74	26800
2004-08-10	3.81	3.82	3.76	3.77	43200
2004-08-11	3.88	3.88	3.76	3.76	50400
2004-08-12	3.84	3.86	3.84	3.86	27600
2004-08-13	3.92	3.92	3.86	3.86	28400
2004-08-16	3.91	3.93	3.88	3.93	26000
2004-08-17	3.94	3.94	3.91	3.92	24800
2004-08-18	3.86	3.92	3.85	3.92	38400
2004-08-19	3.94	3.95	3.81	3.82	60800
2004-08-20	3.91	3.92	3.88	3.92	55200
2004-08-23	3.80	3.91	3.80	3.90	68800
2004-08-24	3.83	3.86	3.81	3.85	27200
2004-08-25	3.82	3.85	3.80	3.81	45600
2004-08-26	3.83	3.84	3.80	3.81	66800
2004-08-27	3.83	3.87	3.83	3.84	24000
2004-08-30	3.82	3.83	3.79	3.83	18800
2004-08-31	3.93	3.93	3.80	3.80	127200
2004-09-01	3.96	3.97	3.92	3.93	47200
2004-09-02	3.96	3.98	3.94	3.98	36400
2004-09-03	3.96	3.97	3.89	3.95	77600
2004-09-07	4.01	4.01	3.93	3.96	72800
2004-09-08	4.02	4.05	3.97	3.99	36400
2004-09-09	4.00	4.04	3.96	4.00	44800
2004-09-10	4.01	4.04	4.00	4.01	23600
2004-09-13	4.02	4.05	3.96	3.97	53600
2004-09-14	4.00	4.01	3.98	4.01	41200
2004-09-15	3.96	4.01	3.96	3.98	17600
2004-09-16	4.02	4.03	3.99	3.99	23600
2004-09-17	4.02	4.02	3.97	3.98	31200
2004-09-20	4.00	4.04	3.99	4.03	63200
2004-09-21	4.07	4.07	3.99	4.00	286400
2004-09-22	4.08	4.09	4.05	4.07	53600
2004-09-23	4.03	4.10	4.01	4.07	38400
2004-09-24	4.07	4.09	4.04	4.06	46800
2004-09-27	3.97	4.07	3.97	4.07	42000
2004-09-28	4.02	4.03	3.99	4.00	38400
2004-09-29	4.01	4.03	3.97	4.00	34800
2004-09-30	4.11	4.13	4.01	4.01	50000
2004-10-01	4.14	4.14	4.08	4.09	91200
2004-10-04	4.14	4.16	4.10	4.11	112400
2004-10-05	4.08	4.12	4.08	4.12	194800
2004-10-06	4.06	4.07	4.02	4.07	97200
2004-10-07	4.04	4.09	4.04	4.06	134000
2004-10-08	4.06	4.12	4.06	4.08	129600
2004-10-11	4.08	4.08	4.06	4.06	5600
2004-10-12	4.08	4.09	4.07	4.09	108400
2004-10-13	4.13	4.14	4.04	4.06	117600
2004-10-14	4.14	4.18	4.13	4.14	289600
2004-10-15	4.11	4.14	4.10	4.14	303600
2004-10-18	4.07	4.11	4.07	4.10	42400
2004-10-19	4.06	4.10	4.06	4.07	27200
2004-10-20	4.09	4.13	4.07	4.07	26400
2004-10-21	4.12	4.13	4.10	4.10	70400
2004-10-22	4.13	4.15	4.10	4.11	49600
2004-10-25	4.17	4.17	4.12	4.17	55200
2004-10-26	4.18	4.19	4.13	4.17	39200
2004-10-27	4.15	4.19	4.15	4.18	170800
2004-10-28	4.20	4.20	4.15	4.16	68400
2004-10-29	4.29	4.29	4.20	4.20	135200
2004-11-01	4.22	4.24	4.19	4.24	154800
2004-11-02	4.19	4.21	4.18	4.21	216400
2004-11-03	4.23	4.26	4.22	4.22	45600
2004-11-04	4.22	4.27	4.21	4.26	92400
2004-11-05	4.27	4.27	4.24	4.25	39600
2004-11-08	4.29	4.29	4.26	4.27	169600
2004-11-09	4.26	4.28	4.25	4.27	82400
2004-11-10	4.29	4.31	4.27	4.29	30400
2004-11-11	4.35	4.36	4.29	4.29	12800
2004-11-12	4.40	4.42	4.36	4.37	39200
2004-11-15	4.40	4.42	4.37	4.40	72800
2004-11-16	4.41	4.42	4.40	4.40	54000
2004-11-17	4.47	4.50	4.46	4.49	110000
2004-11-18	4.48	4.52	4.46	4.52	395600
2004-11-19	4.64	4.64	4.50	4.50	110400
2004-11-22	4.65	4.66	4.63	4.64	80400
2004-11-23	4.65	4.67	4.64	4.65	99200
2004-11-24	4.71	4.72	4.66	4.66	90800
2004-11-26	4.75	4.75	4.72	4.73	34000
2004-11-29	4.77	4.77	4.71	4.73	133200
2004-11-30	4.84	4.87	4.74	4.74	146800
2004-12-01	4.82	4.85	4.78	4.78	95200
2004-12-02	4.83	4.84	4.78	4.82	135200
2004-12-03	4.76	4.83	4.75	4.82	139600
2004-12-06	4.72	4.75	4.72	4.75	51200
2004-12-07	4.69	4.72	4.63	4.67	137200
2004-12-08	4.68	4.69	4.62	4.68	497200
2004-12-09	4.62	4.69	4.62	4.68	84800
2004-12-10	4.58	4.62	4.56	4.58	252800
2004-12-13	4.55	4.61	4.54	4.57	250000
2004-12-14	4.60	4.60	4.52	4.55	156400
2004-12-15	4.79	4.82	4.60	4.60	138400
2004-12-16	4.76	4.77	4.72	4.74	109600
2004-12-17	4.74	4.77	4.72	4.74	133600
2004-12-20	4.78	4.78	4.74	4.76	165600
2004-12-21	4.80	4.82	4.78	4.79	82000
2004-12-22	4.76	4.81	4.74	4.78	78400
2004-12-23	4.83	4.83	4.76	4.77	84400
2004-12-27	4.89	4.89	4.84	4.84	16400
2004-12-28	4.93	4.94	4.88	4.90	65600
2004-12-29	4.84	4.93	4.84	4.93	106400
2004-12-30	4.90	4.92	4.84	4.84	84000
2004-12-31	4.97	4.99	4.92	4.92	100400
2005-01-03	4.94	4.96	4.93	4.93	33600
2005-01-04	4.86	4.91	4.81	4.91	96800
2005-01-05	4.73	4.82	4.73	4.82	94800
2005-01-06	4.71	4.73	4.70	4.72	80800
2005-01-07	4.81	4.82	4.63	4.75	167200
2005-01-10	4.81	4.84	4.80	4.82	115600
2005-01-11	4.85	4.87	4.81	4.81	114400
2005-01-12	4.92	4.95	4.90	4.90	66800
2005-01-13	4.89	4.92	4.89	4.92	132800
2005-01-14	4.83	4.86	4.81	4.82	204000
2005-01-18	4.80	4.84	4.78	4.84	450400
2005-01-19	4.81	4.81	4.79	4.80	180000
2005-01-20	4.79	4.80	4.76	4.80	71600
2005-01-21	4.90	4.90	4.80	4.81	70800
2005-01-24	4.83	4.87	4.82	4.87	83200
2005-01-25	4.78	4.82	4.77	4.81	165200
2005-01-26	4.95	4.97	4.81	4.81	257200
2005-01-27	4.99	5.03	4.91	4.91	295600
2005-01-28	5.04	5.04	4.98	4.99	192800
2005-01-31	5.06	5.06	4.97	5.04	174400
2005-02-01	5.18	5.23	5.02	5.03	193200
2005-02-02	5.13	5.16	5.10	5.15	103200
2005-02-03	5.13	5.13	5.09	5.11	89600
2005-02-04	5.12	5.12	5.05	5.11	132000
2005-02-07	5.08	5.09	5.05	5.05	78000
2005-02-08	5.10	5.13	5.06	5.08	64000
2005-02-09	5.15	5.16	5.08	5.08	107600
2005-02-10	5.16	5.20	5.13	5.14	84400
2005-02-11	5.13	5.20	5.13	5.16	80400
2005-02-14	5.22	5.22	5.13	5.14	68000
2005-02-15	5.26	5.28	5.20	5.21	201600
2005-02-16	5.21	5.28	5.20	5.28	207200
2005-02-17	5.21	5.23	5.21	5.22	98800
2005-02-18	5.19	5.20	5.16	5.20	113600
2005-02-22	5.14	5.18	5.12	5.18	125600
2005-02-23	5.05	5.07	5.03	5.07	144000
2005-02-24	4.98	5.01	4.92	5.01	173600
2005-02-25	5.06	5.08	4.95	4.98	166000
2005-02-28	4.99	5.14	4.99	5.12	144800
2005-03-01	5.05	5.16	5.01	5.01	133600
2005-03-02	5.19	5.19	5.06	5.10	187200
2005-03-03	5.18	5.18	5.13	5.17	162800
2005-03-04	5.23	5.26	5.20	5.21	116400
2005-03-07	5.16	5.23	5.16	5.23	116000
2005-03-08	5.29	5.30	5.21	5.21	96400
2005-03-09	5.25	5.31	5.21	5.30	109200
2005-03-10	5.16	5.27	5.16	5.25	102800
2005-03-11	5.17	5.21	5.14	5.17	114400
2005-03-14	5.18	5.20	5.16	5.17	82400
2005-03-15	5.22	5.24	5.19	5.21	116000
2005-03-16	5.19	5.27	5.19	5.24	98800
2005-03-17	5.26	5.28	5.21	5.22	171600
2005-03-18	5.25	5.27	5.19	5.23	115200
2005-03-21	5.17	5.27	5.17	5.23	92400
2005-03-22	5.12	5.22	5.12	5.20	116000
2005-03-23	5.05	5.12	5.01	5.08	156800
2005-03-24	5.01	5.08	4.98	5.06	121600
2005-03-28	4.98	5.01	4.92	5.01	189600
2005-03-29	5.00	5.07	4.99	4.99	108000
2005-03-30	5.05	5.08	4.97	5.01	102800
2005-03-31	5.18	5.20	5.07	5.10	98400
2005-04-01	5.11	5.18	5.11	5.18	107200
2005-04-04	5.18	5.21	5.07	5.09	87600
2005-04-05	5.21	5.21	5.16	5.18	110400
2005-04-06	5.25	5.25	5.18	5.19	99200
2005-04-07	5.24	5.31	5.22	5.25	134000
2005-04-08	5.21	5.24	5.21	5.23	109200
2005-04-11	5.22	5.25	5.21	5.23	150400
2005-04-12	5.20	5.22	5.18	5.21	136400
2005-04-13	5.12	5.19	5.12	5.19	106000
2005-04-14	5.16	5.18	5.12	5.13	174800
2005-04-15	5.13	5.25	5.13	5.17	119600
2005-04-18	5.12	5.14	5.09	5.13	120800
2005-04-19	5.16	5.16	5.10	5.13	93600
2005-04-20	5.08	5.15	5.06	5.13	212400
2005-04-21	5.11	5.14	5.05	5.07	98000
2005-04-22	5.10	5.15	5.10	5.11	114000
2005-04-25	5.09	5.16	5.08	5.10	178400
2005-04-26	5.09	5.14	5.07	5.10	90800
2005-04-27	5.04	5.10	5.04	5.10	114800
2005-04-28	5.03	5.10	4.99	5.03	135600
2005-04-29	5.08	5.10	5.04	5.06	125600
2005-05-02	5.12	5.14	5.08	5.08	63200
2005-05-03	5.14	5.15	5.11	5.11	93200
2005-05-04	5.20	5.21	5.14	5.14	66800
2005-05-05	5.18	5.33	5.17	5.22	236800
2005-05-06	5.24	5.26	5.19	5.20	168000
2005-05-09	5.38	5.40	5.28	5.34	732000
2005-05-10	5.40	5.44	5.33	5.39	384400
2005-05-11	5.34	5.40	5.31	5.40	333600
2005-05-12	5.34	5.37	5.31	5.37	244400
2005-05-13	5.20	5.30	5.19	5.30	211200
2005-05-16	5.29	5.29	5.19	5.23	175600
2005-05-17	5.31	5.32	5.27	5.29	151200
2005-05-18	5.43	5.47	5.33	5.34	179200
2005-05-19	5.43	5.46	5.38	5.43	396400
2005-05-20	5.44	5.46	5.39	5.45	112400
2005-05-23	5.44	5.48	5.44	5.47	85600
2005-05-24	5.44	5.50	5.42	5.44	150000
2005-05-25	5.42	5.44	5.40	5.43	82800
2005-05-26	5.41	5.41	5.36	5.41	113200
2005-05-27	5.53	5.53	5.41	5.41	67200
2005-05-31	5.44	5.58	5.42	5.57	243400
2005-06-01	5.46	5.48	5.37	5.47	216800
2005-06-02	5.36	5.46	5.34	5.46	147200
2005-06-03	5.50	5.51	5.38	5.39	118200
2005-06-06	5.46	5.59	5.44	5.59	150400
2005-06-07	5.41	5.50	5.39	5.47	126600
2005-06-08	5.43	5.51	5.43	5.43	88800
2005-06-09	5.41	5.45	5.35	5.43	145000
2005-06-10	5.45	5.55	5.42	5.42	107000
2005-06-13	5.45	5.49	5.39	5.48	115000
2005-06-14	5.47	5.48	5.39	5.43	87600
2005-06-15	5.51	5.57	5.48	5.54	77800
2005-06-16	5.56	5.60	5.50	5.54	197600
2005-06-17	5.62	5.68	5.57	5.57	212400
2005-06-20	5.71	5.78	5.62	5.65	270200
2005-06-21	5.64	5.74	5.62	5.71	152000
2005-06-22	5.75	5.75	5.65	5.65	221200
2005-06-23	5.71	5.78	5.67	5.73	98800
2005-06-24	5.63	5.81	5.63	5.71	171600
2005-06-27	5.78	5.83	5.65	5.65	198600
2005-06-28	5.83	5.97	5.73	5.79	166800
2005-06-29	5.88	5.88	5.72	5.86	93200
2005-06-30	5.79	5.89	5.77	5.88	89800
2005-07-01	5.95	6.07	5.84	5.84	96200
2005-07-05	5.79	5.85	5.71	5.79	380000
2005-07-06	5.90	5.95	5.79	5.79	225000
2005-07-07	5.94	6.04	5.87	5.91	212400
2005-07-08	5.98	5.99	5.93	5.97	148200
2005-07-11	5.95	6.01	5.92	5.97	343200
2005-07-12	6.05	6.07	5.96	6.01	151800
2005-07-13	5.98	6.05	5.96	6.03	128000
2005-07-14	5.87	6.05	5.86	6.02	142400
2005-07-15	5.84	5.89	5.75	5.89	220200
2005-07-18	5.80	5.89	5.79	5.89	193400
2005-07-19	5.82	5.82	5.74	5.79	160600
2005-07-20	5.76	5.87	5.71	5.82	232600
2005-07-21	5.76	5.88	5.76	5.76	178200
2005-07-22	5.78	5.82	5.74	5.78	91600
2005-07-25	5.83	5.84	5.75	5.81	205600
2005-07-26	5.77	5.82	5.74	5.82	96400
2005-07-27	5.86	5.86	5.71	5.75	151400
2005-07-28	5.82	5.84	5.77	5.78	148400
2005-07-29	5.86	5.89	5.76	5.81	159800
2005-08-01	5.84	5.86	5.82	5.84	88600
2005-08-02	6.02	6.15	6.01	6.08	333800
2005-08-03	6.02	6.06	5.93	6.05	198200
2005-08-04	6.08	6.12	6.04	6.06	175400
2005-08-05	5.99	6.08	5.97	6.08	125400
2005-08-08	5.99	6.08	5.96	6.03	214000
2005-08-09	5.95	6.03	5.89	6.02	227000
2005-08-10	5.98	5.99	5.94	5.95	209800
2005-08-11	5.98	6.06	5.96	6.02	123800
2005-08-12	6.02	6.03	5.96	5.98	106000
2005-08-15	5.96	6.03	5.94	6.03	185600
2005-08-16	5.85	5.97	5.81	5.97	201000
2005-08-17	5.84	5.89	5.78	5.81	123600
2005-08-18	5.75	5.84	5.74	5.84	229000
2005-08-19	5.81	5.82	5.77	5.77	87400
2005-08-22	5.82	5.84	5.80	5.84	106000
2005-08-23	5.87	5.91	5.83	5.85	99000
2005-08-24	5.96	5.97	5.88	5.88	89400
2005-08-25	5.98	6.02	5.91	5.97	811000
2005-08-26	5.80	5.98	5.80	5.97	756200
2005-08-29	5.90	5.92	5.70	5.82	233000
2005-08-30	5.97	5.97	5.84	5.90	902600
2005-08-31	6.06	6.11	5.96	5.98	973000
2005-09-01	6.06	6.17	6.04	6.06	241400
2005-09-02	6.20	6.24	5.99	6.05	937800
2005-09-06	6.23	6.26	6.20	6.24	1226200
2005-09-07	6.11	6.23	6.07	6.22	1699200
2005-09-08	6.02	6.14	6.00	6.11	1419600
2005-09-09	6.27	6.27	6.06	6.08	1949600
2005-09-12	6.25	6.45	6.21	6.45	2001600
2005-09-13	6.28	6.31	6.21	6.25	1815000
2005-09-14	6.29	6.32	6.25	6.29	1256600
2005-09-15	6.38	6.39	6.24	6.28	1391200
2005-09-16	6.48	6.52	6.39	6.40	344600
2005-09-19	6.65	6.68	6.57	6.67	317000
2005-09-20	6.56	6.68	6.52	6.68	395000
2005-09-21	6.56	6.66	6.54	6.61	212400
2005-09-22	6.47	6.62	6.46	6.61	333600
2005-09-23	6.65	6.66	6.38	6.48	302800
2005-09-26	6.63	6.70	6.55	6.66	223800
2005-09-27	6.63	6.65	6.59	6.63	161800
2005-09-28	6.51	6.66	6.48	6.66	322800
2005-09-29	6.49	6.55	6.43	6.52	410600
2005-09-30	6.54	6.59	6.49	6.49	246200
2005-10-03	6.48	6.58	6.46	6.58	189600
2005-10-04	6.39	6.51	6.38	6.51	245800
2005-10-05	6.21	6.40	6.19	6.40	270200
2005-10-06	6.15	6.23	5.94	6.18	582400
2005-10-07	6.18	6.28	6.06	6.20	391200
2005-10-10	6.20	6.25	6.15	6.21	125800
2005-10-11	6.14	6.21	6.10	6.20	291800
2005-10-12	6.20	6.27	6.17	6.27	496400
2005-10-13	5.99	6.17	5.93	6.15	617800
2005-10-14	6.00	6.03	5.95	6.00	358800
2005-10-17	6.03	6.14	5.99	6.08	332200
2005-10-18	5.90	5.97	5.87	5.97	356600
2005-10-19	5.97	5.97	5.81	5.90	332600
2005-10-20	5.93	6.00	5.88	5.99	407000
2005-10-21	5.95	6.00	5.77	5.88	331400
2005-10-24	6.04	6.06	5.90	5.95	299800
2005-10-25	6.13	6.18	6.06	6.07	282200
2005-10-26	6.06	6.17	6.03	6.13	262600
2005-10-27	6.13	6.18	6.02	6.06	239800
2005-10-28	6.11	6.21	6.10	6.17	170600
2005-10-31	6.29	6.40	6.25	6.34	851400
2005-11-01	6.25	6.31	6.21	6.29	290600
2005-11-02	6.30	6.32	6.23	6.26	201000
2005-11-03	6.23	6.40	6.22	6.36	406600
2005-11-04	6.37	6.40	6.21	6.21	193200
2005-11-07	6.22	6.39	6.20	6.39	197000
2005-11-08	6.20	6.24	6.15	6.20	181600
2005-11-09	6.25	6.28	6.15	6.20	187200
2005-11-10	6.21	6.40	6.17	6.40	455800
2005-11-11	6.26	6.29	6.15	6.25	169200
2005-11-14	6.22	6.29	6.18	6.24	188000
2005-11-15	6.18	6.24	6.16	6.17	318000
2005-11-16	6.21	6.24	6.17	6.20	127800
2005-11-17	6.24	6.26	6.20	6.24	242800
2005-11-18	6.27	6.29	6.24	6.24	142000
2005-11-21	6.28	6.31	6.24	6.28	212400
2005-11-22	6.34	6.36	6.24	6.31	323600
2005-11-23	6.44	6.44	6.33	6.35	419200
2005-11-25	6.71	6.84	6.65	6.81	293600
2005-11-28	6.59	6.77	6.55	6.74	306200
2005-11-29	6.59	6.67	6.58	6.58	132400
2005-11-30	6.42	6.63	6.39	6.63	170600
2005-12-01	6.40	6.44	6.31	6.40	319600
2005-12-02	6.42	6.46	6.33	6.40	173200
2005-12-05	6.41	6.48	6.41	6.42	136200
2005-12-06	6.47	6.54	6.42	6.43	219600
2005-12-07	6.38	6.49	6.38	6.48	135600
2005-12-08	6.31	6.46	6.31	6.42	244600
2005-12-09	6.32	6.40	6.32	6.32	129800
2005-12-12	6.37	6.41	6.36	6.37	133800
2005-12-13	6.40	6.45	6.39	6.40	126800
2005-12-14	6.41	6.48	6.40	6.43	124400
2005-12-15	6.42	6.46	6.37	6.41	202400
2005-12-16	6.45	6.51	6.42	6.46	134800
2005-12-19	6.43	6.50	6.37	6.49	148200
2005-12-20	6.41	6.45	6.37	6.43	127800
2005-12-21	6.45	6.48	6.39	6.41	111600
2005-12-22	6.49	6.51	6.44	6.46	381400
2005-12-23	6.51	6.56	6.46	6.46	121800
2005-12-27	6.40	6.55	6.36	6.54	85800
2005-12-28	6.52	6.52	6.46	6.46	113200
2005-12-29	6.49	6.53	6.46	6.52	109600
2005-12-30	6.46	6.49	6.42	6.49	76200
2006-01-03	6.59	6.62	6.44	6.46	276600
2006-01-04	6.54	6.61	6.53	6.58	206200
2006-01-05	6.40	6.51	6.37	6.51	153400
2006-01-06	6.37	6.40	6.32	6.40	222200
2006-01-09	6.27	6.34	6.27	6.34	183600
2006-01-10	6.38	6.40	6.25	6.27	173800
2006-01-11	6.39	6.42	6.38	6.38	139800
2006-01-12	6.34	6.40	6.30	6.39	133400
2006-01-13	6.38	6.40	6.34	6.34	102800
2006-01-17	6.32	6.41	6.30	6.40	175800
2006-01-18	6.22	6.29	6.16	6.29	215200
2006-01-19	6.28	6.29	6.16	6.23	149800
2006-01-20	6.32	6.37	6.29	6.31	106000
2006-01-23	6.44	6.44	6.30	6.30	252400
2006-01-24	6.53	6.54	6.41	6.43	465600
2006-01-25	6.58	6.61	6.54	6.56	625400
2006-01-26	6.53	6.59	6.48	6.57	884800
2006-01-27	6.56	6.61	6.53	6.53	92000
2006-01-30	6.56	6.61	6.54	6.56	152000
2006-01-31	6.56	6.59	6.53	6.56	294000
2006-02-01	6.54	6.58	6.53	6.56	371000
2006-02-02	6.49	6.61	6.48	6.54	257600
2006-02-03	6.54	6.55	6.41	6.49	225200
2006-02-06	6.56	6.57	6.50	6.55	184800
2006-02-07	6.56	6.56	6.48	6.56	309000
2006-02-08	6.53	6.56	6.47	6.54	346400
2006-02-09	6.58	6.67	6.57	6.57	215000
2006-02-10	6.48	6.58	6.45	6.58	329400
2006-02-13	6.43	6.51	6.38	6.49	358600
2006-02-14	6.49	6.51	6.42	6.42	275000
2006-02-15	6.38	6.49	6.30	6.49	887600
2006-02-16	6.41	6.41	6.25	6.26	501600
2006-02-17	6.49	6.51	6.41	6.45	595400
2006-02-21	6.57	6.57	6.46	6.47	370000
2006-02-22	6.60	6.62	6.55	6.57	123800
2006-02-23	6.56	6.61	6.47	6.58	161800
2006-02-24	6.54	6.58	6.52	6.55	170200
2006-02-27	6.56	6.58	6.52	6.52	77600
2006-02-28	6.56	6.57	6.52	6.56	327600
2006-03-01	6.49	6.55	6.47	6.54	414000
2006-03-02	6.41	6.53	6.39	6.53	419200
2006-03-03	6.48	6.49	6.37	6.39	234000
2006-03-06	6.39	6.51	6.36	6.51	727800
2006-03-07	6.35	6.39	6.30	6.35	569400
2006-03-08	6.31	6.32	6.27	6.31	345000
2006-03-09	6.27	6.35	6.26	6.31	153800
2006-03-10	6.28	6.33	6.22	6.27	126000
2006-03-13	6.29	6.31	6.24	6.28	87600
2006-03-14	6.37	6.39	6.28	6.28	328600
2006-03-15	6.37	6.39	6.31	6.37	122600
2006-03-16	6.48	6.48	6.37	6.38	152800
2006-03-17	6.29	6.48	6.28	6.48	207800
2006-03-20	6.22	6.33	6.21	6.27	122800
2006-03-21	6.15	6.21	6.14	6.21	266400
2006-03-22	6.15	6.17	6.06	6.13	154200
2006-03-23	6.15	6.20	6.07	6.14	138000
2006-03-24	6.15	6.22	6.13	6.15	160800
2006-03-27	6.03	6.10	6.00	6.10	431400
2006-03-28	6.02	6.05	6.00	6.00	125800
2006-03-29	6.03	6.08	6.00	6.00	179200
2006-03-30	6.20	6.20	6.07	6.07	451800
2006-03-31	6.01	6.17	5.96	6.17	298000
2006-04-03	5.92	6.01	5.89	5.98	296800
2006-04-04	5.92	5.97	5.84	5.91	213200
2006-04-05	5.94	5.97	5.89	5.92	213800
2006-04-06	5.97	5.99	5.94	5.96	123400
2006-04-07	5.99	6.00	5.97	5.97	872000
2006-04-10	6.04	6.06	5.96	6.00	160600
2006-04-11	6.07	6.07	6.00	6.04	189400
2006-04-12	6.06	6.07	6.03	6.07	147400
2006-04-13	6.04	6.07	6.01	6.07	93800
2006-04-17	6.07	6.11	6.06	6.06	160200
2006-04-18	6.19	6.19	6.13	6.16	366400
2006-04-19	6.26	6.30	6.18	6.18	520200
2006-04-20	6.14	6.26	6.12	6.23	175200
2006-04-21	6.10	6.18	6.08	6.18	546600
2006-04-24	6.12	6.14	6.08	6.09	259600
2006-04-25	6.11	6.15	6.10	6.12	99200
2006-04-26	6.20	6.22	6.15	6.15	130800
2006-04-27	6.21	6.25	6.15	6.20	121800
2006-04-28	6.21	6.22	6.15	6.21	268600
2006-05-01	6.20	6.22	6.17	6.19	118400
2006-05-02	6.24	6.26	6.16	6.24	142800
2006-05-03	6.27	6.32	6.22	6.28	222200
2006-05-04	6.21	6.27	6.19	6.25	179800
2006-05-05	6.28	6.28	6.21	6.25	119600
2006-05-08	6.27	6.28	6.22	6.27	430200
2006-05-09	6.26	6.34	6.25	6.28	222800
2006-05-10	6.31	6.32	6.22	6.25	191200
2006-05-11	6.20	6.32	6.19	6.32	123600
2006-05-12	6.15	6.21	6.13	6.19	173600
2006-05-15	6.21	6.24	6.10	6.10	504600
2006-05-16	6.26	6.30	6.24	6.24	210000
2006-05-17	6.11	6.24	6.08	6.24	157200
2006-05-18	6.11	6.15	6.06	6.06	1062600
2006-05-19	6.10	6.19	6.02	6.11	69600
2006-05-22	6.13	6.17	6.02	6.12	114200
2006-05-23	6.03	6.15	6.03	6.15	120000
2006-05-24	5.99	6.03	5.93	6.01	244200
2006-05-25	6.25	6.25	6.03	6.03	1328800
2006-05-26	6.23	6.26	6.16	6.26	824800
2006-05-30	6.40	6.45	6.26	6.26	223600
2006-05-31	6.64	6.72	6.52	6.55	1425200
2006-06-01	6.64	6.65	6.56	6.64	933400
2006-06-02	6.65	6.70	6.64	6.69	608400
2006-06-05	6.56	6.67	6.55	6.67	397600
2006-06-06	6.45	6.56	6.42	6.52	525600
2006-06-07	6.31	6.56	6.30	6.56	267600
2006-06-08	6.32	6.33	6.19	6.30	412200
2006-06-09	6.42	6.47	6.41	6.44	235800
2006-06-12	6.42	6.51	6.39	6.46	241400
2006-06-13	6.23	6.44	6.21	6.40	299400
2006-06-14	6.27	6.32	6.22	6.24	175600
2006-06-15	6.33	6.35	6.20	6.25	502800
2006-06-16	6.31	6.36	6.29	6.35	327000
2006-06-19	6.29	6.31	6.25	6.31	260000
2006-06-20	6.26	6.33	6.24	6.33	160800
2006-06-21	6.24	6.32	6.23	6.30	209800
2006-06-22	6.16	6.24	6.13	6.23	166200
2006-06-23	6.25	6.27	6.09	6.12	1399400
2006-06-26	6.31	6.34	6.19	6.19	1493200
2006-06-27	6.24	6.30	6.23	6.30	1349600
2006-06-28	6.29	6.32	6.24	6.26	276200
2006-06-29	6.43	6.46	6.32	6.32	1363600
2006-06-30	6.42	6.48	6.40	6.43	320600
2006-07-03	6.46	6.47	6.37	6.40	61800
2006-07-05	6.52	6.53	6.43	6.48	1309000
2006-07-06	6.49	6.56	6.47	6.51	252200
2006-07-07	6.61	6.65	6.52	6.57	786000
2006-07-10	6.55	6.63	6.49	6.61	727600
2006-07-11	6.59	6.60	6.51	6.51	203600
2006-07-12	6.55	6.58	6.54	6.58	718200
2006-07-13	6.54	6.60	6.53	6.56	451200
2006-07-14	6.56	6.58	6.53	6.57	224400
2006-07-17	6.44	6.54	6.42	6.54	464000
2006-07-18	6.42	6.49	6.40	6.46	172400
2006-07-19	6.43	6.45	6.37	6.41	161600
2006-07-20	6.42	6.48	6.40	6.40	187600
2006-07-21	6.46	6.47	6.39	6.42	161400
2006-07-24	6.53	6.55	6.45	6.48	129200
2006-07-25	6.60	6.64	6.55	6.55	281200
2006-07-26	6.75	6.78	6.58	6.58	254000
2006-07-27	6.68	6.87	6.66	6.78	307200
2006-07-28	6.73	6.81	6.69	6.69	234000
2006-07-31	6.73	6.83	6.72	6.76	360600
2006-08-01	6.80	6.81	6.63	6.70	243400
2006-08-02	6.85	6.90	6.78	6.81	295000
2006-08-03	6.82	6.87	6.79	6.80	396800
2006-08-04	6.81	6.84	6.76	6.82	416200
2006-08-07	6.80	6.90	6.77	6.82	157200
2006-08-08	6.84	6.93	6.79	6.85	272600
2006-08-09	6.85	6.94	6.80	6.86	224800
2006-08-10	6.90	6.90	6.77	6.78	272000
2006-08-11	6.77	6.90	6.75	6.88	226400
2006-08-14	6.66	6.79	6.64	6.77	201600
2006-08-15	6.73	6.76	6.66	6.69	178400
2006-08-16	6.73	6.87	6.71	6.79	237800
2006-08-17	6.75	6.76	6.66	6.70	242800
2006-08-18	6.67	6.74	6.64	6.71	231000
2006-08-21	6.75	6.76	6.70	6.72	150600
2006-08-22	6.78	6.83	6.73	6.75	129800
2006-08-23	6.91	6.91	6.80	6.80	235200
2006-08-24	6.87	6.93	6.82	6.93	189200
2006-08-25	6.89	6.96	6.88	6.90	216000
2006-08-28	7.02	7.06	6.87	6.88	309800
2006-08-29	7.03	7.04	6.97	7.02	263600
2006-08-30	6.98	7.03	6.94	7.03	175800
2006-08-31	6.98	7.00	6.95	6.99	113200
2006-09-01	6.99	7.04	6.95	6.97	155000
2006-09-05	6.95	6.95	6.91	6.94	171600
2006-09-06	6.78	6.95	6.75	6.93	315400
2006-09-07	6.69	6.75	6.59	6.65	260600
2006-09-08	6.64	6.70	6.61	6.70	133800
2006-09-11	6.60	6.64	6.50	6.59	321400
2006-09-12	6.67	6.67	6.57	6.57	247200
2006-09-13	6.71	6.72	6.59	6.66	161800
2006-09-14	6.74	6.81	6.70	6.70	185200
2006-09-15	6.81	6.85	6.73	6.73	282600
2006-09-18	6.87	6.93	6.78	6.78	340400
2006-09-19	6.80	6.93	6.77	6.86	239400
2006-09-20	6.77	6.86	6.75	6.84	215000
2006-09-21	6.80	6.88	6.76	6.76	188200
2006-09-22	6.74	6.84	6.69	6.84	177600
2006-09-25	6.84	6.87	6.73	6.73	236000
2006-09-26	6.80	6.86	6.80	6.81	121600
2006-09-27	6.88	6.89	6.78	6.80	205200
2006-09-28	6.93	6.96	6.85	6.92	203400
2006-09-29	6.84	6.88	6.80	6.88	191000
2006-10-02	6.86	6.89	6.79	6.81	197000
2006-10-03	6.77	6.83	6.74	6.80	160200
2006-10-04	6.75	6.77	6.69	6.77	153600
2006-10-05	6.69	6.80	6.67	6.80	232800
2006-10-06	6.67	6.73	6.62	6.68	237200
2006-10-09	6.62	6.69	6.58	6.63	74800
2006-10-10	6.58	6.69	6.55	6.63	271800
2006-10-11	6.45	6.59	6.42	6.56	365400
2006-10-12	6.55	6.59	6.44	6.44	266000
2006-10-13	6.55	6.56	6.47	6.55	301600
2006-10-16	6.55	6.57	6.50	6.54	146800
2006-10-17	6.58	6.58	6.48	6.56	155000
2006-10-18	6.58	6.63	6.52	6.58	146800
2006-10-19	6.71	6.73	6.59	6.61	199800
2006-10-20	6.76	6.78	6.72	6.76	148800
2006-10-23	6.78	6.84	6.73	6.74	162400
2006-10-24	6.84	6.84	6.69	6.75	155600
2006-10-25	6.92	6.95	6.79	6.81	368400
2006-10-26	6.92	6.97	6.86	6.90	184800
2006-10-27	6.96	7.00	6.92	6.92	306200
2006-10-30	6.98	7.00	6.95	6.97	167400
2006-10-31	7.17	7.17	6.96	6.98	296600
2006-11-01	7.10	7.24	6.99	7.03	329000
2006-11-02	7.25	7.37	7.07	7.09	392600
2006-11-03	7.21	7.30	7.10	7.29	369400
2006-11-06	7.17	7.28	7.15	7.17	294800
2006-11-07	7.30	7.32	7.25	7.26	225600
2006-11-08	7.38	7.41	7.24	7.24	205800
2006-11-09	7.37	7.43	7.32	7.38	233000
2006-11-10	7.28	7.39	7.26	7.37	456200
2006-11-13	7.22	7.29	7.18	7.29	476800
2006-11-14	7.22	7.32	7.19	7.21	253000
2006-11-15	7.43	7.43	7.15	7.17	304200
2006-11-16	7.25	7.34	7.22	7.27	242600
2006-11-17	7.29	7.36	7.23	7.30	349600
2006-11-20	7.33	7.40	7.27	7.32	273400
2006-11-21	7.45	7.50	7.30	7.33	237600
2006-11-22	7.45	7.49	7.39	7.45	208800
2006-11-24	7.52	7.56	7.49	7.49	71800
2006-11-27	7.52	7.53	7.43	7.53	266200
2006-11-28	7.57	7.62	7.42	7.46	316400
2006-11-29	7.52	7.61	7.46	7.58	284200
2006-11-30	7.52	7.53	7.43	7.51	286000
2006-12-01	7.42	7.54	7.37	7.52	374400
2006-12-04	7.54	7.56	7.44	7.44	288200
2006-12-05	7.57	7.60	7.52	7.55	180600
2006-12-06	7.55	7.58	7.46	7.52	218800
2006-12-07	7.60	7.65	7.55	7.57	202000
2006-12-08	7.62	7.65	7.55	7.65	290800
2006-12-11	7.55	7.60	7.53	7.60	139000
2006-12-12	7.62	7.68	7.48	7.50	206800
2006-12-13	7.52	7.67	7.49	7.59	244400
2006-12-14	7.45	7.51	7.39	7.51	362200
2006-12-15	7.37	7.46	7.35	7.42	243600
2006-12-18	7.33	7.37	7.28	7.33	1555200
2006-12-19	7.33	7.38	7.27	7.34	1269000
2006-12-20	7.38	7.45	7.35	7.35	220000
2006-12-21	7.32	7.38	7.30	7.33	193000
2006-12-22	7.27	7.34	7.23	7.34	131600
2006-12-26	7.25	7.30	7.24	7.26	67600
2006-12-27	7.28	7.33	7.21	7.23	185200
2006-12-28	7.39	7.39	7.27	7.27	167400
2006-12-29	7.33	7.38	7.30	7.30	134800
2007-01-03	7.40	7.55	7.30	7.32	580200
2007-01-04	7.40	7.50	7.36	7.39	364800
2007-01-05	7.22	7.40	7.16	7.40	431600
2007-01-08	7.21	7.25	7.19	7.22	178000
2007-01-09	7.16	7.19	7.06	7.18	916400
2007-01-10	7.17	7.19	7.08	7.12	513000
2007-01-11	7.15	7.20	7.12	7.12	415200
2007-01-12	7.17	7.28	7.15	7.15	255400
2007-01-16	7.09	7.18	7.07	7.10	287600
2007-01-17	7.00	7.03	6.98	7.01	356400
2007-01-18	6.96	7.03	6.94	7.00	261200
2007-01-19	6.97	7.00	6.95	6.95	176800
2007-01-22	6.91	6.97	6.90	6.94	218600
2007-01-23	6.95	6.96	6.89	6.89	402400
2007-01-24	6.94	6.94	6.89	6.92	245200
2007-01-25	6.92	6.99	6.92	6.99	328800
2007-01-26	6.99	7.00	6.92	6.94	161600
2007-01-29	6.94	7.01	6.94	6.98	152600
2007-01-30	6.97	6.98	6.94	6.95	108800
2007-01-31	6.87	6.96	6.87	6.94	281800
2007-02-01	6.97	6.97	6.90	6.91	183200
2007-02-02	6.86	6.88	6.81	6.87	495200
2007-02-05	6.86	6.88	6.81	6.81	338400
2007-02-06	6.83	6.86	6.83	6.84	354400
2007-02-07	6.81	6.86	6.78	6.85	299800
2007-02-08	6.89	6.89	6.78	6.82	229400
2007-02-09	6.95	7.01	6.86	6.90	375200
2007-02-12	6.96	7.00	6.95	6.97	297800
2007-02-13	7.07	7.08	7.01	7.01	291400
2007-02-14	7.07	7.08	7.03	7.07	169600
2007-02-15	7.05	7.08	7.03	7.06	267000
2007-02-16	7.03	7.07	7.01	7.03	131400
2007-02-20	7.01	7.02	6.97	7.00	152200
2007-02-21	7.04	7.05	7.02	7.03	103800
2007-02-22	6.99	7.06	6.96	7.06	252400
2007-02-23	7.02	7.06	6.99	7.00	180600
2007-02-26	7.05	7.08	7.00	7.04	220600
2007-02-27	6.86	7.04	6.78	7.04	391000
2007-02-28	6.82	6.86	6.75	6.85	398800
2007-03-01	6.92	6.94	6.69	6.77	437000
2007-03-02	6.79	6.90	6.78	6.82	436600
2007-03-05	6.65	6.77	6.65	6.71	328800
2007-03-06	6.76	6.80	6.73	6.73	301000
2007-03-07	6.77	6.79	6.73	6.75	247200
2007-03-08	6.82	6.86	6.74	6.74	341000
2007-03-09	6.93	6.99	6.87	6.87	260000
2007-03-12	6.96	6.97	6.90	6.95	164200
2007-03-13	6.85	6.99	6.83	6.96	256800
2007-03-14	6.83	6.86	6.72	6.83	225800
2007-03-15	6.82	6.90	6.79	6.88	173400
2007-03-16	6.94	6.95	6.80	6.81	344200
2007-03-19	6.94	6.98	6.88	6.98	226600
2007-03-20	7.10	7.10	6.96	6.96	323800
2007-03-21	7.19	7.20	7.09	7.11	255800
2007-03-22	7.19	7.24	7.18	7.19	151000
2007-03-23	7.20	7.22	7.18	7.19	154400
2007-03-26	7.14	7.20	7.11	7.20	222000
2007-03-27	7.04	7.11	7.03	7.08	434400
2007-03-28	7.07	7.08	7.01	7.05	418600
2007-03-29	7.09	7.12	7.04	7.06	224000
2007-03-30	7.02	7.16	6.96	7.12	407800
2007-04-02	7.01	7.05	6.97	7.01	274600
2007-04-03	6.98	7.03	6.97	7.03	145600
2007-04-04	6.99	7.01	6.94	6.94	167800
2007-04-05	6.98	7.01	6.95	7.00	278200
2007-04-09	6.97	7.01	6.94	6.97	210400
2007-04-10	6.90	7.01	6.89	6.98	384800
2007-04-11	6.95	6.97	6.91	6.93	246400
2007-04-12	7.00	7.01	6.95	6.95	194000
2007-04-13	6.99	7.02	6.96	7.00	124800
2007-04-16	7.01	7.06	7.00	7.03	189000
2007-04-17	7.00	7.04	6.97	7.03	225400
2007-04-18	7.09	7.10	7.00	7.00	402400
2007-04-19	7.03	7.08	7.02	7.05	212600
2007-04-20	7.15	7.16	7.05	7.06	217600
2007-04-23	7.19	7.20	7.12	7.17	522800
2007-04-24	7.16	7.23	7.13	7.19	318600
2007-04-25	7.18	7.25	7.16	7.19	268600
2007-04-26	7.15	7.22	7.12	7.17	255600
2007-04-27	7.13	7.16	7.11	7.16	128800
2007-04-30	7.09	7.16	7.07	7.14	324400
2007-05-01	7.13	7.14	6.99	7.10	242600
2007-05-02	7.21	7.21	7.10	7.14	262000
2007-05-03	7.21	7.26	7.17	7.22	253000
2007-05-04	7.31	7.31	7.22	7.25	332800
2007-05-07	7.31	7.34	7.28	7.31	229200
2007-05-08	7.29	7.33	7.25	7.28	183600
2007-05-09	7.33	7.41	7.23	7.27	1301000
2007-05-10	7.29	7.35	7.27	7.31	362600
2007-05-11	7.33	7.34	7.26	7.27	424600
2007-05-14	7.31	7.35	7.27	7.32	278400
2007-05-15	7.38	7.42	7.32	7.33	222200
2007-05-16	7.35	7.42	7.34	7.40	735400
2007-05-17	7.34	7.37	7.31	7.36	536200
2007-05-18	7.38	7.38	7.33	7.37	223000
2007-05-21	7.48	7.48	7.39	7.39	233200
2007-05-22	7.48	7.49	7.43	7.46	713800
2007-05-23	7.50	7.54	7.48	7.52	548600
2007-05-24	7.42	7.51	7.40	7.50	423000
2007-05-25	7.50	7.56	7.48	7.48	366000
2007-05-29	7.53	7.56	7.47	7.49	292200
2007-05-30	7.68	7.69	7.49	7.52	593200
2007-05-31	7.71	7.77	7.68	7.72	416200
2007-06-01	7.77	7.79	7.68	7.74	296200
2007-06-04	7.81	7.83	7.71	7.76	469600
2007-06-05	7.69	7.83	7.64	7.81	595400
2007-06-06	7.56	7.74	7.54	7.74	347800
2007-06-07	7.33	7.59	7.32	7.55	744000
2007-06-08	7.43	7.43	7.31	7.32	334000
2007-06-11	7.38	7.44	7.38	7.41	226200
2007-06-12	7.30	7.39	7.29	7.37	383000
2007-06-13	7.36	7.36	7.25	7.27	747200
2007-06-14	7.38	7.46	7.32	7.35	345600
2007-06-15	7.42	7.49	7.33	7.39	394600
2007-06-18	7.40	7.42	7.36	7.42	305600
2007-06-19	7.40	7.43	7.34	7.40	354800
2007-06-20	7.35	7.38	7.32	7.35	274000
2007-06-21	7.28	7.33	7.25	7.31	333400
2007-06-22	7.25	7.27	7.18	7.27	614600
2007-06-25	7.25	7.29	7.20	7.20	482400
2007-06-26	7.18	7.30	7.17	7.26	622200
2007-06-27	7.26	7.26	7.12	7.17	687400
2007-06-28	7.29	7.35	7.28	7.34	241000
2007-06-29	7.32	7.32	7.24	7.30	227600
2007-07-02	7.31	7.34	7.30	7.31	124000
2007-07-03	7.30	7.38	7.30	7.37	182200
2007-07-05	7.54	7.57	7.37	7.37	471200
2007-07-06	7.53	7.58	7.51	7.57	268400
2007-07-09	7.50	7.56	7.50	7.55	192000
2007-07-10	7.53	7.57	7.48	7.50	281200
2007-07-11	7.50	7.50	7.43	7.49	296200
2007-07-12	7.65	7.65	7.52	7.53	344200
2007-07-13	7.70	7.70	7.62	7.64	225600
2007-07-16	7.61	7.72	7.60	7.67	252200
2007-07-17	7.68	7.71	7.63	7.63	233400
2007-07-18	7.88	7.88	7.68	7.68	545200
2007-07-19	7.87	7.94	7.86	7.88	276000
2007-07-20	7.90	8.00	7.89	7.90	247800
2007-07-23	7.98	8.02	7.91	7.91	255800
2007-07-24	7.97	8.05	7.94	7.94	437400
2007-07-25	7.95	8.02	7.89	7.95	354000
2007-07-26	7.76	7.85	7.66	7.85	599400
2007-07-27	7.42	7.69	7.42	7.66	660200
2007-07-30	7.53	7.56	7.39	7.52	360600
2007-07-31	7.67	7.70	7.57	7.62	693600
2007-08-01	7.63	7.70	7.47	7.62	321000
2007-08-02	7.68	7.74	7.57	7.70	424200
2007-08-03	7.41	7.64	7.41	7.62	414000
2007-08-06	7.43	7.77	7.15	7.53	336200
2007-08-07	7.37	7.48	7.29	7.46	530400
2007-08-08	7.41	7.54	7.33	7.45	941000
2007-08-09	7.61	7.62	7.23	7.26	938800
2007-08-10	7.75	7.81	7.55	7.55	703000
2007-08-13	7.49	7.79	7.48	7.76	373000
2007-08-14	7.23	7.45	7.18	7.43	539800
2007-08-15	7.16	7.27	7.12	7.22	400600
2007-08-16	7.07	7.23	6.83	7.21	668600
2007-08-17	7.16	7.32	7.08	7.28	607800
2007-08-20	7.19	7.24	7.08	7.20	562800
2007-08-21	7.15	7.20	7.12	7.19	252400
2007-08-22	7.16	7.32	7.12	7.23	408600
2007-08-23	7.23	7.28	7.16	7.22	384800
2007-08-24	7.32	7.34	7.23	7.30	268400
2007-08-27	7.21	7.31	7.21	7.31	249000
2007-08-28	7.08	7.19	7.06	7.16	245600
2007-08-29	7.27	7.29	7.15	7.15	245800
2007-08-30	7.29	7.35	7.19	7.22	201400
2007-08-31	7.36	7.46	7.36	7.43	262600
2007-09-04	7.42	7.46	7.34	7.39	330800
2007-09-05	7.41	7.49	7.34	7.34	442200
2007-09-06	7.35	7.42	7.31	7.41	198400
2007-09-07	7.38	7.39	7.26	7.33	276400
2007-09-10	7.31	7.38	7.30	7.36	215400
2007-09-11	7.46	7.48	7.35	7.38	299000
2007-09-12	7.49	7.51	7.45	7.51	199400
2007-09-13	7.59	7.62	7.49	7.50	208800
2007-09-14	7.64	7.69	7.56	7.58	260800
2007-09-17	7.59	7.70	7.54	7.66	209800
2007-09-18	7.79	7.79	7.59	7.64	388000
2007-09-19	7.72	7.84	7.67	7.81	823800
2007-09-20	7.81	7.88	7.79	7.87	1010600
2007-09-21	7.92	7.96	7.82	7.86	1245200
2007-09-24	8.04	8.07	7.91	7.97	398600
2007-09-25	7.98	8.07	7.96	8.03	201800
2007-09-26	8.05	8.05	7.92	7.98	353400
2007-09-27	7.97	8.06	7.90	8.06	278800
2007-09-28	8.01	8.08	8.00	8.03	247200
2007-10-01	8.09	8.15	8.02	8.02	229200
2007-10-02	8.01	8.09	7.93	8.06	316200
2007-10-03	8.07	8.12	8.01	8.04	240400
2007-10-04	8.15	8.17	8.06	8.10	243000
2007-10-05	8.36	8.39	8.25	8.28	293200
2007-10-08	8.41	8.43	8.35	8.41	188400
2007-10-09	8.36	8.41	8.21	8.34	355600
2007-10-10	8.39	8.39	8.30	8.36	188800
2007-10-11	8.45	8.53	8.39	8.42	348800
2007-10-12	8.51	8.56	8.41	8.48	439000
2007-10-15	8.40	8.53	8.35	8.51	276800
2007-10-16	8.34	8.43	8.34	8.42	205800
2007-10-17	8.51	8.52	8.40	8.40	303600
2007-10-18	8.52	8.55	8.49	8.50	432000
2007-10-19	8.38	8.52	8.37	8.52	224000
2007-10-22	8.48	8.50	8.28	8.28	329600
2007-10-23	8.52	8.60	8.50	8.60	701000
2007-10-24	8.50	8.55	8.39	8.51	318800
2007-10-25	8.68	8.71	8.53	8.56	578800
2007-10-26	8.89	8.89	8.70	8.72	562000
2007-10-29	9.04	9.05	8.86	8.91	395200
2007-10-30	9.10	9.14	8.96	9.02	488400
2007-10-31	9.35	9.46	9.15	9.17	1110800
2007-11-01	9.37	9.42	9.25	9.31	425000
2007-11-02	9.46	9.57	9.33	9.47	431800
2007-11-05	9.43	9.46	9.05	9.05	309600
2007-11-06	9.64	9.68	9.43	9.51	312800
2007-11-07	9.27	9.61	9.22	9.61	380800
2007-11-08	9.20	9.30	9.01	9.30	858400
2007-11-09	9.03	9.22	8.99	9.22	759400
2007-11-12	8.74	8.95	8.71	8.95	304000
2007-11-13	8.62	8.88	8.53	8.84	684000
2007-11-14	8.54	8.67	8.51	8.66	654800
2007-11-15	8.30	8.53	8.26	8.53	643600
2007-11-16	8.32	8.36	8.21	8.35	626400
2007-11-19	8.08	8.27	8.08	8.27	566400
2007-11-20	8.14	8.14	8.01	8.07	625000
2007-11-21	8.08	8.18	7.99	7.99	1372400
2007-11-23	8.11	8.18	8.09	8.16	527200
2007-11-26	8.08	8.26	8.04	8.04	1090400
2007-11-27	8.09	8.14	7.97	8.02	833000
2007-11-28	8.33	8.33	8.09	8.15	1053600
2007-11-29	8.12	8.23	8.05	8.21	1359200
2007-11-30	8.21	8.25	8.15	8.18	686200
2007-12-03	8.24	8.29	8.17	8.29	679400
2007-12-04	8.21	8.27	8.09	8.27	475000
2007-12-05	8.45	8.48	8.19	8.19	476800
2007-12-06	8.44	8.51	8.41	8.48	332200
2007-12-07	8.50	8.58	8.40	8.40	292000
2007-12-10	8.55	8.56	8.47	8.48	188200
2007-12-11	8.34	8.54	8.32	8.48	316400
2007-12-12	8.38	8.48	8.32	8.46	315000
2007-12-13	8.36	8.39	8.19	8.33	397200
2007-12-14	8.31	8.39	8.28	8.36	267200
2007-12-17	8.46	8.47	8.31	8.33	430000
2007-12-18	8.46	8.59	8.44	8.59	379800
2007-12-19	8.61	8.68	8.49	8.54	329600
2007-12-20	8.65	8.70	8.61	8.64	357200
2007-12-21	8.69	8.73	8.56	8.69	261200
2007-12-24	8.80	8.81	8.73	8.78	103200
2007-12-26	9.17	9.23	8.76	8.76	535000
2007-12-27	8.82	9.10	8.82	9.10	554800
2007-12-28	8.96	8.99	8.86	8.96	508400
2007-12-31	8.91	8.97	8.88	8.96	793600
2008-01-02	8.93	8.97	8.84	8.90	1175600
2008-01-03	8.88	8.97	8.86	8.92	610400
2008-01-04	8.75	8.86	8.69	8.82	526000
2008-01-07	8.70	8.81	8.64	8.71	683000
2008-01-08	8.61	8.76	8.57	8.76	601400
2008-01-09	8.82	8.82	8.57	8.79	740400
2008-01-10	8.76	8.86	8.61	8.72	597000
2008-01-11	8.60	8.69	8.59	8.64	482200
2008-01-14	8.64	8.65	8.58	8.65	476600
2008-01-15	8.47	8.63	8.44	8.60	408000
2008-01-16	8.41	8.47	8.34	8.40	459400
2008-01-17	8.32	8.51	8.27	8.43	585800
2008-01-18	8.19	8.45	8.12	8.26	470800
2008-01-22	8.23	8.25	7.84	7.86	751400
2008-01-23	8.20	8.21	7.95	8.07	892600
2008-01-24	8.26	8.37	8.14	8.20	473200
2008-01-25	8.32	8.41	8.21	8.41	725800
2008-01-28	8.40	8.41	8.23	8.23	366000
2008-01-29	8.61	8.66	8.47	8.52	509000
2008-01-30	8.60	8.80	8.39	8.63	965200
2008-01-31	8.77	8.80	8.40	8.43	1418000
2008-02-01	8.89	8.90	8.78	8.85	697000
2008-02-04	8.95	8.96	8.76	8.96	367600
2008-02-05	8.77	8.91	8.76	8.91	688000
2008-02-06	8.74	8.88	8.68	8.86	448000
2008-02-07	8.65	8.72	8.51	8.68	844200
2008-02-08	8.68	8.78	8.61	8.72	591000
2008-02-11	8.90	8.91	8.61	8.65	576200
2008-02-12	8.97	9.01	8.91	8.95	460000
2008-02-13	9.03	9.11	8.98	9.11	376000
2008-02-14	8.95	9.04	8.94	9.00	401000
2008-02-15	8.90	9.00	8.83	8.96	301400
2008-02-19	8.84	8.91	8.81	8.87	701200
2008-02-20	9.07	9.09	8.83	8.87	832000
2008-02-21	8.95	9.14	8.87	9.14	511800
2008-02-22	9.00	9.00	8.83	8.97	607000
2008-02-25	9.03	9.20	8.98	9.00	914400
2008-02-26	9.17	9.29	9.03	9.08	793000
2008-02-27	9.27	9.39	9.16	9.21	644800
2008-02-28	9.53	9.56	9.24	9.24	725800
2008-02-29	9.15	9.59	9.08	9.59	699400
2008-03-03	9.19	9.21	9.07	9.21	748000
2008-03-04	9.15	9.17	9.03	9.10	929000
2008-03-05	9.44	9.44	9.20	9.20	910400
2008-03-06	9.42	9.49	9.38	9.49	747000
2008-03-07	9.31	9.49	9.25	9.28	512200
2008-03-10	9.15	9.32	9.10	9.29	659400
2008-03-11	9.43	9.44	9.30	9.33	680800
2008-03-12	9.29	9.53	9.26	9.47	523800
2008-03-13	9.32	9.35	9.24	9.29	1055800
2008-03-14	9.21	9.33	9.02	9.33	825600
2008-03-17	8.91	9.12	8.79	8.99	588600
2008-03-18	9.00	9.05	8.84	9.05	693400
2008-03-19	8.56	9.07	8.54	9.04	725400
2008-03-20	8.75	8.90	8.42	8.46	683600
2008-03-24	8.78	8.85	8.69	8.69	476600
2008-03-25	9.03	9.08	8.84	8.84	698800
2008-03-26	9.01	9.05	8.96	9.00	848600
2008-03-27	9.19	9.28	9.05	9.10	1069600
2008-03-28	9.26	9.38	9.24	9.24	783800
2008-03-31	9.14	9.30	8.97	9.15	679200
2008-04-01	9.09	9.16	8.96	9.14	349800
2008-04-02	9.23	9.28	9.13	9.20	658600
2008-04-03	9.32	9.44	9.25	9.25	534400
2008-04-04	9.33	9.39	9.25	9.27	1033400
2008-04-07	9.31	9.46	9.31	9.37	1055800
2008-04-08	9.30	9.36	9.19	9.19	688200
2008-04-09	9.21	9.30	9.15	9.30	590200
2008-04-10	9.24	9.24	9.09	9.22	619600
2008-04-11	9.08	9.18	9.05	9.13	262600
2008-04-14	9.18	9.25	9.05	9.05	313600
2008-04-15	9.22	9.29	9.18	9.22	380200
2008-04-16	9.41	9.44	9.31	9.39	379400
2008-04-17	9.30	9.39	9.26	9.34	291200
2008-04-18	9.41	9.47	9.31	9.47	274600
2008-04-21	9.39	9.46	9.34	9.41	368000
2008-04-22	9.41	9.47	9.29	9.31	244000
2008-04-23	9.32	9.37	9.25	9.29	261600
2008-04-24	9.28	9.34	9.21	9.28	263600
2008-04-25	9.22	9.37	9.17	9.35	444400
2008-04-28	9.32	9.35	9.25	9.25	325800
2008-04-29	9.14	9.38	9.13	9.38	271400
2008-04-30	9.15	9.25	9.04	9.09	415600
2008-05-01	9.02	9.12	8.94	9.11	293800
2008-05-02	9.10	9.17	9.03	9.07	301200
2008-05-05	9.08	9.20	9.06	9.14	353600
2008-05-06	9.26	9.29	9.05	9.09	287800
2008-05-07	9.48	9.56	9.30	9.32	420600
2008-05-08	9.45	9.51	9.37	9.40	360600
2008-05-09	9.71	9.77	9.52	9.53	579800
2008-05-12	9.79	9.80	9.61	9.74	267200
2008-05-13	9.71	9.80	9.66	9.80	297600
2008-05-14	9.83	9.87	9.77	9.79	261400
2008-05-15	9.90	9.93	9.78	9.85	331600
2008-05-16	9.95	10.02	9.88	10.00	233400
2008-05-19	9.96	10.01	9.89	9.89	188400
2008-05-20	10.22	10.27	9.98	9.98	469600
2008-05-21	10.21	10.34	10.17	10.27	285000
2008-05-22	10.22	10.29	10.18	10.27	284200
2008-05-23	10.22	10.29	10.11	10.17	351200
2008-05-27	9.92	10.16	9.82	10.16	1053400
2008-05-28	10.05	10.14	9.87	9.87	445400
2008-05-29	10.15	10.28	10.12	10.15	403400
2008-05-30	9.98	10.17	9.91	10.12	858800
2008-06-02	10.04	10.04	9.83	9.89	519200
2008-06-03	10.09	10.46	10.03	10.10	1694600
2008-06-04	10.08	10.18	9.98	10.14	747200
2008-06-05	10.01	10.08	9.91	10.08	627400
2008-06-06	10.03	10.15	10.02	10.06	399400
2008-06-09	9.98	10.13	9.94	9.99	597600
2008-06-10	9.75	9.94	9.68	9.89	880000
2008-06-11	9.81	9.89	9.76	9.76	444800
2008-06-12	9.66	9.81	9.64	9.80	581800
2008-06-13	9.69	9.73	9.60	9.60	443400
2008-06-16	9.78	9.82	9.72	9.77	643600
2008-06-17	9.99	10.02	9.77	9.78	398200
2008-06-18	10.14	10.15	9.93	9.94	501000
2008-06-19	9.95	10.16	9.91	10.15	709600
2008-06-20	9.86	10.01	9.83	9.97	418000
2008-06-23	9.96	10.06	9.88	9.99	794600
2008-06-24	9.76	9.90	9.70	9.86	468200
2008-06-25	9.85	9.90	9.69	9.84	441600
2008-06-26	9.75	9.89	9.64	9.87	406600
2008-06-27	9.61	10.12	9.57	10.12	633800
2008-06-30	9.66	9.83	9.60	9.73	856800
2008-07-01	9.76	9.85	9.54	9.56	299800
2008-07-02	9.62	9.95	9.59	9.86	825600
2008-07-03	9.53	9.68	9.30	9.60	511600
2008-07-07	9.20	9.45	9.14	9.45	926800
2008-07-08	9.15	9.17	9.02	9.17	699400
2008-07-09	9.12	9.30	9.11	9.22	588200
2008-07-10	9.23	9.29	9.10	9.18	464400
2008-07-11	9.37	9.40	9.15	9.17	680000
2008-07-14	9.72	9.83	9.40	9.40	879400
2008-07-15	9.48	9.69	9.43	9.67	721200
2008-07-16	9.51	9.59	9.34	9.43	654000
2008-07-17	9.34	9.67	9.19	9.57	718800
2008-07-18	9.36	9.57	9.33	9.43	616800
2008-07-21	9.51	9.60	9.47	9.47	808400
2008-07-22	9.72	9.73	9.49	9.49	682800
2008-07-23	9.56	9.69	9.47	9.64	611200
2008-07-24	9.46	9.75	9.40	9.56	665600
2008-07-25	9.49	9.57	9.38	9.53	546600
2008-07-28	9.40	9.62	9.38	9.51	420400
2008-07-29	9.45	9.49	9.23	9.35	660200
2008-07-30	9.60	9.65	9.35	9.52	833800
2008-07-31	9.82	10.03	9.48	9.54	1273000
2008-08-01	9.61	9.89	9.54	9.88	1187000
2008-08-04	9.54	9.66	9.46	9.62	496400
2008-08-05	9.46	9.57	9.33	9.46	952200
2008-08-06	9.40	9.54	9.37	9.40	843400
2008-08-07	9.48	9.58	9.40	9.40	648200
2008-08-08	9.33	9.39	9.22	9.37	492600
2008-08-11	9.34	9.34	9.15	9.28	521400
2008-08-12	9.33	9.44	9.27	9.41	628800
2008-08-13	9.18	9.29	9.08	9.26	946400
2008-08-14	9.24	9.26	9.08	9.13	610600
2008-08-15	9.10	9.24	9.04	9.24	472800
2008-08-18	9.19	9.25	9.11	9.19	347600
2008-08-19	9.23	9.36	9.12	9.14	535800
2008-08-20	9.26	9.34	9.19	9.21	700000
2008-08-21	9.49	9.54	9.22	9.36	445200
2008-08-22	9.43	9.53	9.39	9.40	367800
2008-08-25	9.42	9.44	9.36	9.42	404000
2008-08-26	9.37	9.43	9.29	9.34	863800
2008-08-27	9.54	9.56	9.40	9.42	546600
2008-08-28	9.53	9.58	9.37	9.57	527600
2008-08-29	9.45	9.51	9.42	9.45	669600
2008-09-02	9.26	9.41	9.24	9.41	624000
2008-09-03	9.20	9.30	8.93	9.30	815200
2008-09-04	8.85	9.24	8.83	9.22	1122200
2008-09-05	8.72	8.90	8.64	8.90	1011800
2008-09-08	8.82	9.15	8.69	9.15	873000
2008-09-09	8.44	8.92	8.32	8.84	1827800
2008-09-10	8.43	8.63	8.35	8.42	1197400
2008-09-11	8.40	8.41	8.24	8.40	1017000
2008-09-12	8.51	8.59	8.37	8.37	966600
2008-09-15	8.54	8.62	8.20	8.37	1599600
2008-09-16	8.76	8.81	8.34	8.42	2379600
2008-09-17	8.60	8.78	8.51	8.65	1870200
2008-09-18	8.89	9.04	8.62	8.69	2495400
2008-09-19	9.06	9.20	8.70	8.70	1680000
2008-09-22	8.99	9.30	8.98	8.98	1369400
2008-09-23	8.96	9.15	8.85	9.01	1597200
2008-09-24	8.79	9.06	8.77	8.99	1393000
2008-09-25	8.79	8.85	8.68	8.85	1627200
2008-09-26	8.85	8.88	8.67	8.73	1487200
2008-09-29	8.32	8.73	8.11	8.68	3086800
2008-09-30	8.59	8.72	8.37	8.37	2174000
2008-10-01	8.69	8.75	8.41	8.41	2082000
2008-10-02	8.51	8.65	8.34	8.55	2448400
2008-10-03	8.19	8.77	8.13	8.58	3554400
2008-10-06	7.82	8.04	7.35	8.02	2730600
2008-10-07	7.49	8.25	7.49	8.25	2200000
2008-10-08	7.56	7.71	7.14	7.14	3249800
2008-10-09	6.96	7.75	6.84	7.56	1903600
2008-10-10	6.72	6.87	5.93	6.55	3797200
2008-10-13	7.69	7.70	6.98	6.99	336600
2008-10-14	7.42	8.27	7.18	7.86	3756200
2008-10-15	6.56	7.30	6.53	7.09	3072600
2008-10-16	6.73	6.73	6.22	6.55	3061000
2008-10-17	7.05	7.25	6.48	6.54	2441200
2008-10-20	7.64	7.64	7.08	7.08	2025000
2008-10-21	7.49	7.64	7.32	7.44	2025400
2008-10-22	7.07	7.38	6.85	7.36	1723200
2008-10-23	7.05	7.21	6.67	6.91	1841600
2008-10-24	6.81	6.90	6.33	6.58	1593200
2008-10-27	6.55	6.92	6.52	6.71	1305800
2008-10-28	6.91	6.95	6.41	6.67	1288000
2008-10-29	7.29	7.55	6.98	7.04	1581800
2008-10-30	7.75	7.79	7.37	7.54	1466000
2008-10-31	7.80	7.96	7.47	7.78	1459800
2008-11-03	7.87	7.93	7.74	7.86	1046200
2008-11-04	8.30	8.38	8.10	8.12	1083600
2008-11-05	8.09	8.42	8.03	8.30	1428200
2008-11-06	7.73	8.14	7.58	8.03	1573000
2008-11-07	7.73	7.96	7.60	7.91	1359400
2008-11-10	7.70	7.93	7.57	7.77	1015000
2008-11-11	7.65	7.78	7.52	7.56	1084600
2008-11-12	7.23	7.63	7.19	7.63	1237800
2008-11-13	7.48	7.48	6.88	7.33	2466600
2008-11-14	7.31	7.53	7.26	7.35	1896000
2008-11-17	7.25	7.51	7.21	7.28	1293800
2008-11-18	6.87	7.16	6.68	7.07	1906000
2008-11-19	6.48	6.94	6.47	6.86	2065600
2008-11-20	6.05	6.48	6.04	6.42	2417200
2008-11-21	6.49	6.52	5.98	6.21	2960800
2008-11-24	6.74	6.88	6.49	6.59	1824600
2008-11-25	6.79	7.02	6.63	6.94	1803000
2008-11-26	6.74	6.78	6.54	6.69	1633000
2008-11-28	6.73	6.73	6.63	6.68	684000
2008-12-01	6.88	7.06	6.74	6.85	2462000
2008-12-02	6.64	6.93	6.52	6.90	2198400
2008-12-03	6.83	6.87	6.44	6.54	2972400
2008-12-04	6.75	6.98	6.67	6.83	2327800
2008-12-05	6.81	6.83	6.52	6.61	2399600
2008-12-08	7.17	7.26	7.01	7.08	1577400
2008-12-09	6.91	7.21	6.89	7.01	2001800
2008-12-10	7.04	7.15	6.88	7.12	1552600
2008-12-11	7.14	7.39	7.02	7.02	1503800
2008-12-12	7.26	7.29	6.98	6.98	2191200
2008-12-15	7.26	7.39	7.15	7.29	1650600
2008-12-16	7.53	7.55	7.29	7.29	1697800
2008-12-17	7.40	7.59	7.33	7.48	1351200
2008-12-18	7.41	7.59	7.27	7.47	1954800
2008-12-19	7.36	7.51	7.31	7.31	1569000
2008-12-22	7.33	7.48	7.16	7.46	1585200
2008-12-23	7.29	7.42	7.20	7.36	1275800
2008-12-24	7.29	7.35	7.20	7.35	493600
2008-12-26	7.30	7.36	7.13	7.27	917400
2008-12-29	7.19	7.34	7.13	7.34	1859600
2008-12-30	7.33	7.34	7.12	7.21	1561200
2008-12-31	7.38	7.40	7.19	7.32	1577600
2009-01-02	7.56	7.62	7.36	7.40	1133000
2009-01-05	7.67	7.78	7.59	7.59	1247400
2009-01-06	7.61	7.82	7.59	7.80	1183600
2009-01-07	7.48	7.69	7.42	7.63	961600
2009-01-08	7.74	7.74	7.42	7.52	1043000
2009-01-09	7.55	7.67	7.50	7.66	824000
2009-01-12	7.34	7.53	7.30	7.51	684400
2009-01-13	7.41	7.44	7.24	7.34	1210800
2009-01-14	7.25	7.34	7.20	7.26	935600
2009-01-15	7.32	7.37	7.10	7.25	1411200
2009-01-16	7.37	7.40	7.21	7.37	1566400
2009-01-20	7.15	7.42	7.11	7.41	1887200
2009-01-21	7.26	7.27	6.98	7.21	1609200
2009-01-22	7.14	7.21	6.98	7.12	1705000
2009-01-23	7.24	7.29	6.99	6.99	1319600
2009-01-26	7.39	7.45	7.28	7.34	963000
2009-01-27	7.41	7.46	7.29	7.38	1017400
2009-01-28	7.58	7.67	7.50	7.57	956800
2009-01-29	7.57	7.71	7.53	7.59	1387400
2009-01-30	7.46	7.56	7.30	7.56	1549600
2009-02-02	7.42	7.46	7.28	7.36	1007400
2009-02-03	7.56	7.58	7.39	7.39	1966200
2009-02-04	7.63	7.74	7.52	7.54	1588000
2009-02-05	7.65	7.72	7.55	7.62	1133200
2009-02-06	7.81	7.88	7.49	7.56	1690000
2009-02-09	7.91	8.02	7.84	7.88	1182000
2009-02-10	7.67	7.95	7.60	7.87	1296000
2009-02-11	7.66	7.75	7.57	7.63	2004200
2009-02-12	7.68	7.68	7.50	7.61	1324400
2009-02-13	7.69	7.91	7.63	7.91	1223800
2009-02-17	7.37	7.57	7.31	7.57	1448400
2009-02-18	7.30	7.41	7.23	7.41	1127400
2009-02-19	7.46	7.50	7.34	7.40	1214800
2009-02-20	7.39	7.64	7.22	7.28	2124800
2009-02-23	7.06	7.47	7.03	7.42	1790400
2009-02-24	7.04	7.20	6.90	7.06	2353800
2009-02-25	6.98	7.08	6.84	7.01	2402200
2009-02-26	7.11	7.23	6.99	7.07	1447200
2009-02-27	6.83	6.98	6.79	6.94	2044000
2009-03-02	6.55	6.75	6.45	6.71	1612200
2009-03-03	6.40	6.64	6.37	6.57	2254800
2009-03-04	6.64	6.71	6.45	6.57	1969200
2009-03-05	6.41	6.56	6.34	6.49	1187600
2009-03-06	6.46	6.60	6.35	6.43	1670600
2009-03-09	6.43	6.53	6.30	6.37	1242600
2009-03-10	6.60	6.70	6.49	6.49	860200
2009-03-11	6.59	6.65	6.53	6.64	891400
2009-03-12	6.70	6.73	6.54	6.57	728600
2009-03-13	6.71	6.77	6.63	6.71	1039800
2009-03-16	6.85	6.99	6.70	6.72	947600
2009-03-17	7.23	7.23	6.75	6.81	1433400
2009-03-18	7.21	7.28	7.00	7.22	1242000
2009-03-19	7.13	7.40	7.10	7.32	1267400
2009-03-20	7.08	7.22	7.07	7.13	944200
2009-03-23	7.29	7.33	7.19	7.26	1294000
2009-03-24	7.00	7.24	6.96	7.18	1911600
2009-03-25	7.00	7.11	6.91	7.07	2112800
2009-03-26	6.96	7.10	6.89	7.00	2010200
2009-03-27	6.73	6.96	6.69	6.96	1638400
2009-03-30	6.47	6.57	6.41	6.54	1256800
2009-03-31	6.60	6.66	6.50	6.56	1368800
2009-04-01	6.61	6.63	6.50	6.51	1584800
2009-04-02	6.78	6.86	6.74	6.77	997200
2009-04-03	6.81	6.84	6.75	6.78	1490200
2009-04-06	6.76	6.81	6.65	6.79	1267000
2009-04-07	6.70	6.75	6.67	6.70	976800
2009-04-08	6.79	6.79	6.66	6.66	1087400
2009-04-09	6.82	6.94	6.76	6.90	686600
2009-04-13	6.84	6.87	6.76	6.81	780800
2009-04-14	6.79	6.85	6.78	6.84	689800
2009-04-15	6.86	6.87	6.75	6.76	775200
2009-04-16	6.90	6.94	6.83	6.88	608400
2009-04-17	7.03	7.07	6.86	6.86	639800
2009-04-20	6.79	6.92	6.76	6.91	670800
2009-04-21	6.85	6.87	6.71	6.71	600800
2009-04-22	6.84	6.94	6.79	6.81	725400
2009-04-23	6.92	6.92	6.80	6.84	761600
2009-04-24	6.99	7.04	6.95	6.98	553200
2009-04-27	6.98	7.07	6.95	6.99	503200
2009-04-28	6.93	7.00	6.91	6.96	590800
2009-04-29	7.02	7.10	6.93	6.93	597200
2009-04-30	7.07	7.20	7.04	7.09	788200
2009-05-01	7.28	7.30	7.07	7.12	590800
2009-05-04	7.51	7.51	7.30	7.34	642400
2009-05-05	7.45	7.55	7.42	7.52	573400
2009-05-06	7.55	7.59	7.45	7.57	842200
2009-05-07	7.31	7.63	7.27	7.63	738000
2009-05-08	7.33	7.44	7.26	7.43	927000
2009-05-11	7.48	7.48	7.25	7.30	747600
2009-05-12	7.42	7.50	7.35	7.50	994400
2009-05-13	7.20	7.43	7.20	7.36	1034200
2009-05-14	7.31	7.36	7.23	7.25	1141800
2009-05-15	7.26	7.38	7.24	7.30	729800
2009-05-18	7.44	7.46	7.30	7.30	595800
2009-05-19	7.48	7.55	7.42	7.46	734200
2009-05-20	7.66	7.71	7.57	7.57	825000
2009-05-21	7.62	7.66	7.54	7.62	554200
2009-05-22	7.72	7.81	7.68	7.71	697000
2009-05-26	7.86	7.86	7.63	7.64	576200
2009-05-27	7.84	7.94	7.83	7.88	1393800
2009-05-28	7.96	8.00	7.83	7.88	936600
2009-05-29	8.22	8.24	8.07	8.08	684000
2009-06-01	8.20	8.29	8.18	8.23	591600
2009-06-02	8.35	8.37	8.17	8.17	850600
2009-06-03	8.11	8.28	8.10	8.19	547000
2009-06-04	8.31	8.34	8.14	8.15	507600
2009-06-05	8.07	8.27	8.01	8.26	729000
2009-06-08	8.17	8.21	7.97	8.07	608600
2009-06-09	8.23	8.32	8.20	8.22	622000
2009-06-10	8.16	8.26	8.07	8.26	615200
2009-06-11	8.34	8.42	8.23	8.24	992800
2009-06-12	8.28	8.32	8.17	8.28	690200
2009-06-15	8.09	8.24	7.97	8.24	825800
2009-06-16	8.00	8.21	7.94	8.20	448000
2009-06-17	7.89	7.94	7.71	7.94	861000
2009-06-18	7.86	7.93	7.82	7.89	394600
2009-06-19	7.95	8.00	7.88	7.88	611400
2009-06-22	7.67	7.95	7.67	7.95	656400
2009-06-23	7.79	7.79	7.60	7.69	659200
2009-06-24	7.93	7.95	7.78	7.79	586000
2009-06-25	8.11	8.15	7.90	7.92	744800
2009-06-26	8.14	8.20	8.05	8.08	561600
2009-06-29	8.10	8.13	8.03	8.08	424600
2009-06-30	8.04	8.17	7.97	8.11	582400
2009-07-01	8.11	8.20	8.10	8.15	360600
2009-07-02	8.03	8.16	8.03	8.09	323000
2009-07-06	7.99	8.00	7.88	8.00	368800
2009-07-07	7.71	8.02	7.70	7.91	785400
2009-07-08	7.71	7.82	7.59	7.70	920000
2009-07-09	7.90	7.96	7.77	7.82	848400
2009-07-10	7.82	7.90	7.77	7.86	353200
2009-07-13	7.86	7.88	7.70	7.77	406800
2009-07-14	8.03	8.05	7.88	7.96	351200
2009-07-15	8.25	8.31	8.13	8.13	514800
2009-07-16	8.32	8.34	8.21	8.22	479200
2009-07-17	8.35	8.40	8.32	8.38	928600
2009-07-20	8.34	8.51	8.34	8.51	1054000
2009-07-21	8.32	8.48	8.28	8.47	467400
2009-07-22	8.33	8.42	8.33	8.35	460800
2009-07-23	8.44	8.50	8.36	8.40	546400
2009-07-24	8.46	8.50	8.41	8.49	543800
2009-07-27	8.44	8.55	8.39	8.48	434800
2009-07-28	8.45	8.49	8.33	8.44	574200
2009-07-29	8.43	8.46	8.36	8.44	446600
2009-07-30	8.67	8.69	8.46	8.48	453400
2009-07-31	9.00	9.05	8.68	8.68	962200
2009-08-03	8.97	9.07	8.95	9.05	521600
2009-08-04	9.10	9.17	9.01	9.02	684400
2009-08-05	9.07	9.15	9.01	9.07	631600
2009-08-06	8.92	9.05	8.87	9.05	418800
2009-08-07	8.99	9.02	8.87	9.02	509200
2009-08-10	8.89	8.95	8.84	8.93	547400
2009-08-11	8.67	8.84	8.64	8.76	449200
2009-08-12	8.82	8.86	8.63	8.63	368400
2009-08-13	8.81	8.90	8.75	8.83	319000
2009-08-14	8.81	8.88	8.70	8.88	306600
2009-08-17	8.66	8.69	8.56	8.65	450200
2009-08-18	8.78	8.79	8.61	8.63	1172200
2009-08-19	8.81	8.82	8.59	8.61	353800
2009-08-20	8.80	8.82	8.75	8.77	239200
2009-08-21	8.82	8.90	8.79	8.88	393800
2009-08-24	8.89	8.96	8.84	8.96	490800
2009-08-25	8.79	9.11	8.76	8.96	510200
2009-08-26	8.71	8.77	8.66	8.77	325200
2009-08-27	8.76	8.79	8.58	8.69	338200
2009-08-28	8.74	8.84	8.69	8.82	313800
2009-08-31	8.69	8.73	8.55	8.62	398400
2009-09-01	8.62	8.75	8.54	8.71	443000
2009-09-02	8.49	8.59	8.48	8.59	403400
2009-09-03	8.56	8.68	8.54	8.57	438800
2009-09-04	8.73	8.75	8.62	8.62	270200
2009-09-08	8.80	8.92	8.77	8.92	445000
2009-09-09	8.71	8.85	8.66	8.83	311200
2009-09-10	8.72	8.74	8.67	8.71	350800
2009-09-11	8.76	8.77	8.67	8.73	326800
2009-09-14	8.86	8.87	8.66	8.68	245400
2009-09-15	9.00	9.00	8.87	8.88	344800
2009-09-16	8.91	9.03	8.87	9.02	515000
2009-09-17	8.86	8.99	8.82	8.93	422400
2009-09-18	8.89	8.90	8.79	8.83	566400
2009-09-21	8.84	8.86	8.71	8.79	489400
2009-09-22	8.90	8.92	8.80	8.92	417600
2009-09-23	8.97	9.11	8.87	8.87	549200
2009-09-24	8.86	9.04	8.76	9.00	540400
2009-09-25	8.79	8.95	8.79	8.90	394600
2009-09-28	8.94	8.98	8.79	8.80	324600
2009-09-29	8.89	8.96	8.85	8.91	518800
2009-09-30	9.07	9.10	8.87	9.00	699600
2009-10-01	8.82	9.11	8.80	9.11	461800
2009-10-02	8.81	8.86	8.69	8.79	529200
2009-10-05	8.96	8.99	8.75	8.75	437200
2009-10-06	9.08	9.13	8.97	9.04	423600
2009-10-07	9.16	9.16	9.00	9.09	396000
2009-10-08	9.37	9.39	9.22	9.23	530400
2009-10-09	9.58	9.62	9.37	9.37	735600
2009-10-12	9.53	9.66	9.51	9.64	278200
2009-10-13	9.66	9.68	9.57	9.59	565000
2009-10-14	9.72	9.88	9.71	9.76	740800
2009-10-15	9.64	9.77	9.61	9.65	487000
2009-10-16	9.57	9.60	9.50	9.58	468200
2009-10-19	9.67	9.69	9.51	9.61	595000
2009-10-20	9.56	9.63	9.50	9.63	374800
2009-10-21	9.50	9.65	9.50	9.50	429000
2009-10-22	9.47	9.53	9.37	9.53	585800
2009-10-23	9.36	9.44	9.29	9.44	423400
2009-10-26	9.16	9.41	9.11	9.35	506000
2009-10-27	9.12	9.19	9.06	9.18	607600
2009-10-28	9.01	9.14	8.95	9.06	705800
2009-10-29	9.09	9.12	8.96	9.05	657200
2009-10-30	9.07	9.16	8.95	9.01	884000
2009-11-02	9.07	9.14	8.97	9.03	751800
2009-11-03	9.14	9.17	8.95	9.05	610200
2009-11-04	9.38	9.48	9.30	9.30	720000
2009-11-05	9.47	9.47	9.34	9.41	533800
2009-11-06	9.28	9.46	9.24	9.36	486400
2009-11-09	9.55	9.55	9.45	9.48	502600
2009-11-10	9.60	9.63	9.48	9.50	574800
2009-11-11	9.66	9.70	9.61	9.65	464600
2009-11-12	9.56	9.67	9.54	9.63	321400
2009-11-13	9.72	9.72	9.57	9.61	336000
2009-11-16	9.77	9.82	9.73	9.78	326400
2009-11-17	9.89	9.92	9.66	9.71	514800
2009-11-18	9.91	10.06	9.86	9.91	570800
2009-11-19	9.75	9.91	9.69	9.87	426600
2009-11-20	9.74	9.79	9.65	9.66	446600
2009-11-23	9.89	10.00	9.85	9.86	831600
2009-11-24	9.80	9.89	9.75	9.85	433200
2009-11-25	10.11	10.11	9.88	9.88	600800
2009-11-27	9.98	10.01	9.68	9.91	210200
2009-11-30	10.08	10.10	9.99	10.02	485400
2009-12-01	10.48	10.55	10.35	10.38	918200
2009-12-02	10.37	10.48	10.30	10.48	679400
2009-12-03	10.34	10.45	10.07	10.07	634400
2009-12-04	10.21	10.53	10.19	10.45	741000
2009-12-07	10.42	10.46	10.16	10.20	595000
2009-12-08	10.44	10.47	10.26	10.35	493000
2009-12-09	10.60	10.60	10.32	10.41	516200
2009-12-10	10.74	10.74	10.61	10.64	542200
2009-12-11	10.76	10.94	10.68	10.73	573600
2009-12-14	10.76	10.78	10.67	10.72	455800
2009-12-15	10.74	10.78	10.71	10.72	268800
2009-12-16	10.78	10.89	10.74	10.74	304800
2009-12-17	10.63	10.76	10.51	10.76	557600
2009-12-18	10.66	10.77	10.56	10.67	586000
2009-12-21	10.52	10.89	10.51	10.70	614200
2009-12-22	10.55	10.61	10.51	10.57	517600
2009-12-23	10.62	10.74	10.59	10.63	497600
2009-12-24	10.63	10.68	10.49	10.63	237800
2009-12-28	10.69	10.74	10.62	10.71	247000
2009-12-29	10.83	10.87	10.76	10.76	303400
2009-12-30	10.80	10.81	10.71	10.76	172600
2009-12-31	10.89	10.96	10.87	10.87	334400
2010-01-04	10.88	11.05	10.78	11.05	718200
2010-01-05	11.00	11.01	10.88	10.90	815000
2010-01-06	10.81	11.14	10.75	11.06	1211200
2010-01-07	10.75	10.84	10.59	10.79	829600
2010-01-08	10.82	10.86	10.73	10.80	911200
2010-01-11	10.73	10.91	10.67	10.91	1110200
2010-01-12	10.66	10.71	10.62	10.67	536600
2010-01-13	10.68	10.70	10.62	10.68	493800
2010-01-14	10.66	10.71	10.64	10.66	513200
2010-01-15	10.68	10.70	10.60	10.69	404200
2010-01-19	10.68	10.77	10.66	10.73	559600
2010-01-20	10.70	10.71	10.52	10.63	1190400
2010-01-21	10.65	10.71	10.50	10.68	660200
2010-01-22	10.38	10.60	10.34	10.60	625800
2010-01-25	10.43	10.59	10.28	10.59	413400
2010-01-26	10.31	10.40	10.21	10.35	584400
2010-01-27	10.31	10.33	10.24	10.26	451400
2010-01-28	10.32	10.45	10.22	10.40	431400
2010-01-29	10.24	10.38	10.19	10.32	440400
2010-02-01	10.30	10.35	10.20	10.25	485200
2010-02-02	10.46	10.51	10.29	10.35	444600
2010-02-03	10.59	10.66	10.45	10.46	488400
2010-02-04	10.39	10.48	10.34	10.48	610800
2010-02-05	10.33	10.52	10.18	10.45	876600
2010-02-08	10.22	10.35	10.22	10.30	388400
2010-02-09	10.36	10.39	10.20	10.31	434600
2010-02-10	10.37	10.40	10.25	10.38	407800
2010-02-11	10.50	10.53	10.38	10.41	1020600
2010-02-12	10.57	10.59	10.43	10.43	799200
2010-02-16	10.65	10.72	10.54	10.71	864000
2010-02-17	10.72	10.74	10.63	10.68	999800
2010-02-18	10.64	10.75	10.63	10.71	1436200
2010-02-19	10.59	10.67	10.55	10.55	892800
2010-02-22	10.54	10.69	10.53	10.59	534000
2010-02-23	10.40	10.55	10.36	10.55	796800
2010-02-24	10.44	10.45	10.38	10.39	317000
2010-02-25	10.48	10.49	10.29	10.32	363200
2010-02-26	10.53	10.55	10.40	10.48	369000
2010-03-01	10.78	10.80	10.56	10.59	470800
2010-03-02	10.74	10.84	10.73	10.83	368000
2010-03-03	10.82	10.86	10.78	10.78	445800
2010-03-04	10.88	10.93	10.81	10.82	774600
2010-03-05	10.99	11.06	10.93	10.96	433200
2010-03-08	11.07	11.11	11.00	11.06	362400
2010-03-09	11.19	11.21	11.09	11.09	546600
2010-03-10	11.17	11.22	11.10	11.16	404800
2010-03-11	11.22	11.22	11.08	11.12	256800
2010-03-12	11.31	11.31	11.22	11.27	381600
2010-03-15	11.33	11.35	11.22	11.26	332400
2010-03-16	11.47	11.48	11.30	11.36	283800
2010-03-17	11.50	11.59	11.47	11.51	373200
2010-03-18	11.44	11.62	11.39	11.51	417600
2010-03-19	11.35	11.49	11.23	11.35	476000
2010-03-22	11.35	11.41	11.20	11.23	275400
2010-03-23	11.54	11.61	11.37	11.37	425200
2010-03-24	11.37	11.53	11.34	11.50	248000
2010-03-25	11.41	11.50	11.37	11.45	321400
2010-03-26	11.26	11.40	11.16	11.37	352200
2010-03-29	11.33	11.34	11.22	11.34	343800
2010-03-30	11.40	11.44	11.35	11.37	339000
2010-03-31	11.36	11.52	11.34	11.46	316000
2010-04-01	11.51	11.57	11.39	11.46	230800
2010-04-05	11.56	11.60	11.54	11.59	294200
2010-04-06	11.63	11.65	11.56	11.57	177000
2010-04-07	11.60	11.68	11.55	11.64	357800
2010-04-08	11.70	11.75	11.50	11.56	338000
2010-04-09	11.74	11.81	11.63	11.67	302800
2010-04-12	11.79	11.85	11.67	11.75	243400
2010-04-13	11.82	11.85	11.63	11.82	380800
2010-04-14	11.88	11.95	11.76	11.86	316400
2010-04-15	11.90	12.04	11.88	11.94	285200
2010-04-16	11.60	11.89	11.46	11.86	617400
2010-04-19	11.75	11.75	11.55	11.58	383200
2010-04-20	11.95	12.14	11.86	11.86	627800
2010-04-21	11.88	12.01	11.79	12.00	474000
2010-04-22	11.82	11.90	11.79	11.86	377600
2010-04-23	12.02	12.04	11.73	11.77	395600
2010-04-26	12.00	12.16	11.98	12.02	740400
2010-04-27	11.78	12.05	11.73	12.01	496400
2010-04-28	11.61	11.80	11.51	11.80	701600
2010-04-29	11.63	11.73	11.58	11.70	450000
2010-04-30	11.49	11.70	11.47	11.70	604000
2010-05-03	11.74	11.76	11.49	11.59	598000
2010-05-04	11.37	11.62	11.30	11.38	973600
2010-05-05	11.16	11.26	10.97	11.20	718400
2010-05-06	10.93	11.21	10.23	11.06	1308800
2010-05-07	11.04	11.10	10.59	10.87	1677000
2010-05-10	11.31	11.71	11.20	11.71	743200
2010-05-11	11.47	11.67	11.31	11.31	1039200
2010-05-12	11.56	11.70	11.48	11.63	562800
2010-05-13	11.57	11.71	11.54	11.59	435800
2010-05-14	11.24	11.53	11.14	11.46	604600
2010-05-17	11.09	11.31	10.92	11.22	778600
2010-05-18	10.99	11.22	10.92	11.18	627000
2010-05-19	10.88	11.00	10.64	10.85	864400
2010-05-20	10.53	10.73	10.42	10.60	961000
2010-05-21	10.72	10.72	10.31	10.42	1247800
2010-05-24	10.57	10.73	10.56	10.68	389200
2010-05-25	10.46	10.47	10.21	10.33	980400
2010-05-26	10.42	10.66	10.40	10.52	916600
2010-05-27	10.73	10.80	10.55	10.64	611800
2010-05-28	10.76	10.88	10.66	10.77	1276400
2010-06-01	10.63	10.95	10.63	10.76	1063800
2010-06-02	11.06	11.07	10.67	10.67	1048400
2010-06-03	11.31	11.45	11.07	11.07	1566600
2010-06-04	10.95	11.15	10.90	11.12	1137200
2010-06-07	10.96	11.16	10.95	11.00	865000
2010-06-08	11.14	11.16	10.92	11.05	805600
2010-06-09	11.14	11.29	11.10	11.24	906800
2010-06-10	11.36	11.38	11.25	11.31	732000
2010-06-11	11.32	11.37	11.22	11.30	654000
2010-06-14	11.44	11.61	11.38	11.43	904000
2010-06-15	11.69	11.70	11.47	11.49	441200
2010-06-16	11.65	11.73	11.60	11.64	571600
2010-06-17	11.63	11.68	11.47	11.65	1074400
2010-06-18	11.57	11.71	11.57	11.66	692800
2010-06-21	11.67	11.81	11.63	11.74	442600
2010-06-22	11.55	11.75	11.53	11.67	730600
2010-06-23	11.41	11.48	11.29	11.47	620600
2010-06-24	11.28	11.36	11.17	11.32	622000
2010-06-25	11.36	11.42	11.23	11.28	720600
2010-06-28	11.47	11.54	11.40	11.43	734800
2010-06-29	11.04	11.29	11.00	11.28	696800
2010-06-30	11.18	11.31	10.94	10.96	820400
2010-07-01	11.06	11.21	10.96	11.21	358800
2010-07-02	11.16	11.25	11.07	11.07	613600
2010-07-06	11.29	11.43	11.18	11.26	619600
2010-07-07	11.68	11.69	11.28	11.30	615000
2010-07-08	11.72	11.82	11.64	11.77	493600
2010-07-09	11.82	11.88	11.75	11.80	375800
2010-07-12	11.80	11.91	11.70	11.81	408800
2010-07-13	11.82	11.97	11.76	11.94	516000
2010-07-14	11.83	11.90	11.78	11.83	455600
2010-07-15	11.81	11.84	11.63	11.82	435200
2010-07-16	11.63	11.73	11.54	11.71	502800
2010-07-19	11.69	11.73	11.58	11.66	378800
2010-07-20	11.94	11.94	11.58	11.61	514800
2010-07-21	11.79	12.05	11.69	11.99	525200
2010-07-22	11.99	12.09	11.91	11.91	369400
2010-07-23	12.03	12.04	11.93	11.98	352200
2010-07-26	12.05	12.13	12.02	12.13	425800
2010-07-27	11.94	12.12	11.91	12.02	490000
2010-07-28	11.67	11.84	11.65	11.82	600600
2010-07-29	11.50	11.59	11.34	11.59	2584400
2010-07-30	11.67	11.74	11.21	11.32	2194600
2010-08-02	11.88	11.96	11.79	11.79	359400
2010-08-03	12.04	12.15	11.80	11.80	736200
2010-08-04	12.11	12.22	12.05	12.08	829800
2010-08-05	12.21	12.27	12.11	12.13	464200
2010-08-06	12.10	12.22	12.01	12.10	384000
2010-08-09	12.04	12.15	12.00	12.14	357400
2010-08-10	12.02	12.05	11.79	11.85	497400
2010-08-11	11.66	11.90	11.59	11.82	393400
2010-08-12	11.72	11.80	11.45	11.53	511400
2010-08-13	11.81	11.88	11.67	11.71	359000
2010-08-16	11.61	11.74	11.56	11.74	408800
2010-08-17	11.98	12.06	11.74	11.80	584600
2010-08-18	12.05	12.13	11.85	12.00	484400
2010-08-19	11.94	12.08	11.85	12.02	453600
2010-08-20	11.93	11.93	11.75	11.84	342600
2010-08-23	11.99	12.08	11.95	11.97	353400
2010-08-24	11.93	12.04	11.77	11.80	515800
2010-08-25	12.01	12.04	11.81	11.90	612200
2010-08-26	11.95	12.12	11.91	12.03	366400
2010-08-27	12.18	12.24	11.80	11.95	586600
2010-08-30	12.04	12.27	12.01	12.19	440200
2010-08-31	12.03	12.16	11.96	11.97	630800
2010-09-01	12.29	12.36	12.11	12.18	502200
2010-09-02	12.38	12.39	12.24	12.35	570000
2010-09-03	12.40	12.59	12.33	12.49	458200
2010-09-07	12.33	12.40	12.25	12.39	365000
2010-09-08	12.38	12.50	12.33	12.40	358000
2010-09-09	12.36	12.48	12.33	12.46	299400
2010-09-10	12.26	12.32	11.93	11.93	785200
2010-09-13	12.19	12.32	12.08	12.32	867400
2010-09-14	12.26	12.36	12.14	12.14	622200
2010-09-15	12.27	12.33	12.18	12.21	467800
2010-09-16	12.21	12.25	12.12	12.25	343000
2010-09-17	12.13	12.27	12.01	12.24	648600
2010-09-20	12.11	12.18	12.04	12.08	732400
2010-09-21	12.17	12.30	11.99	12.12	598400
2010-09-22	12.16	12.28	12.03	12.17	412600
2010-09-23	11.99	12.11	11.93	12.09	538400
2010-09-24	12.32	12.32	12.10	12.17	564800
2010-09-27	12.27	12.39	12.26	12.33	438200
2010-09-28	12.40	12.44	12.12	12.25	456000
2010-09-29	12.46	12.49	12.38	12.44	359800
2010-09-30	12.65	12.70	12.54	12.60	868200
2010-10-01	12.80	12.87	12.65	12.69	656400
2010-10-04	12.80	12.81	12.73	12.78	537200
2010-10-05	13.03	13.06	12.85	12.89	677600
2010-10-06	13.04	13.11	12.99	13.06	422600
2010-10-07	13.01	13.02	12.92	13.02	458600
2010-10-08	13.06	13.09	12.93	13.01	275000
2010-10-11	13.11	13.19	13.01	13.12	178800
2010-10-12	13.07	13.11	13.01	13.10	409600
2010-10-13	13.17	13.24	13.14	13.21	343800
2010-10-14	13.10	13.21	13.03	13.19	390400
2010-10-15	13.22	13.27	13.02	13.14	453000
2010-10-18	13.23	13.27	13.09	13.11	410600
2010-10-19	13.06	13.15	12.91	13.05	588600
2010-10-20	13.15	13.16	13.00	13.08	383800
2010-10-21	13.22	13.31	13.15	13.18	428400
2010-10-22	13.10	13.26	13.04	13.24	253000
2010-10-25	13.20	13.30	13.11	13.19	304600
2010-10-26	13.17	13.27	13.07	13.13	450000
2010-10-27	13.14	13.15	12.95	13.07	424000
2010-10-28	13.20	13.29	13.15	13.18	250200
2010-10-29	13.40	13.40	13.16	13.18	313200
2010-11-01	13.37	13.54	13.31	13.44	463600
2010-11-02	13.47	13.55	13.41	13.47	316000
2010-11-03	13.48	13.52	13.30	13.42	409800
2010-11-04	13.67	13.76	13.58	13.59	490800
2010-11-05	13.62	13.77	13.59	13.68	435600
2010-11-08	13.59	13.60	13.46	13.57	383800
2010-11-09	13.55	13.72	13.51	13.66	434800
2010-11-10	13.42	13.60	13.35	13.55	732400
2010-11-11	13.31	13.40	13.18	13.37	466600
2010-11-12	13.17	13.27	13.04	13.27	619600
2010-11-15	13.41	13.45	13.24	13.25	395800
2010-11-16	13.21	13.30	13.15	13.30	515800
2010-11-17	13.27	13.33	13.17	13.18	283400
2010-11-18	13.53	13.58	13.36	13.39	454800
2010-11-19	13.69	13.75	13.44	13.52	519000
2010-11-22	13.66	13.71	13.58	13.64	394000
2010-11-23	13.55	13.67	13.51	13.57	455000
2010-11-24	13.68	13.73	13.62	13.68	224600
2010-11-26	13.63	13.64	13.41	13.52	233000
2010-11-29	13.61	13.62	13.43	13.53	299200
2010-11-30	13.57	13.59	13.42	13.46	485800
2010-12-01	13.83	13.91	13.71	13.71	580200
2010-12-02	13.91	14.10	13.90	13.96	741200
2010-12-03	13.83	13.94	13.75	13.90	486600
2010-12-06	13.76	13.82	13.69	13.80	374800
2010-12-07	13.63	13.84	13.60	13.83	601400
2010-12-08	13.52	13.69	13.47	13.66	505200
2010-12-09	13.39	13.60	13.32	13.57	613600
2010-12-10	13.29	13.48	13.21	13.40	772200
2010-12-13	13.49	13.57	13.36	13.36	374000
2010-12-14	13.44	13.58	13.40	13.51	580200
2010-12-15	13.52	13.53	13.36	13.45	506000
2010-12-16	13.47	13.57	13.38	13.54	411800
2010-12-17	13.40	13.43	13.20	13.41	713200
2010-12-20	13.28	13.39	13.25	13.35	441600
2010-12-21	13.41	13.43	13.25	13.31	522800
2010-12-22	13.45	13.49	13.40	13.46	202800
2010-12-23	13.54	13.56	13.44	13.45	194000
2010-12-27	13.46	13.53	13.43	13.53	125800
2010-12-28	13.58	13.61	13.49	13.53	150000
2010-12-29	13.67	13.72	13.60	13.71	274600
2010-12-30	13.78	13.82	13.68	13.72	329000
2010-12-31	13.75	13.82	13.72	13.77	316400
2011-01-03	13.78	13.90	13.71	13.83	231000
2011-01-04	13.61	13.93	13.56	13.87	529600
2011-01-05	13.51	13.69	13.50	13.61	570600
2011-01-06	13.40	13.57	13.30	13.55	544600
2011-01-07	13.50	13.52	13.38	13.44	462400
2011-01-10	13.42	13.58	13.27	13.47	815000
2011-01-11	13.65	13.70	13.47	13.50	469000
2011-01-12	13.63	13.74	13.60	13.72	311400
2011-01-13	13.61	13.67	13.51	13.64	273400
2011-01-14	13.77	13.83	13.50	13.62	479200
2011-01-18	13.71	13.82	13.66	13.75	295000
2011-01-19	13.58	13.73	13.53	13.73	307000
2011-01-20	13.48	13.54	13.38	13.50	533000
2011-01-21	13.65	13.76	13.56	13.58	563000
2011-01-24	13.80	13.81	13.59	13.65	342600
2011-01-25	13.73	13.81	13.63	13.76	485600
2011-01-26	13.94	14.02	13.73	13.79	471200
2011-01-27	14.07	14.08	13.93	13.94	517800
2011-01-28	13.99	14.10	13.92	14.05	647200
2011-01-31	14.12	14.20	13.96	14.02	668200
2011-02-01	14.43	14.44	14.18	14.18	593400
2011-02-02	14.43	14.57	14.37	14.45	1399600
2011-02-03	14.16	14.41	14.02	14.40	904600
2011-02-04	14.17	14.33	14.06	14.26	447400
2011-02-07	14.18	14.23	14.13	14.23	267400
2011-02-08	14.09	14.23	14.04	14.22	576800
2011-02-09	14.11	14.18	14.07	14.15	413400
2011-02-10	14.08	14.09	13.97	14.08	608600
2011-02-11	14.39	14.41	14.02	14.11	535400
2011-02-14	14.31	14.39	14.27	14.27	435400
2011-02-15	14.30	14.35	14.24	14.29	348600
2011-02-16	14.33	14.39	14.30	14.34	278200
2011-02-17	14.33	14.35	14.28	14.35	366600
2011-02-18	14.33	14.36	14.27	14.32	376000
2011-02-22	14.20	14.29	14.12	14.28	697200
2011-02-23	14.22	14.29	14.15	14.19	733200
2011-02-24	14.26	14.39	14.21	14.29	574800
2011-02-25	14.49	14.55	14.34	14.38	552400
2011-02-28	14.72	14.74	14.58	14.58	439600
2011-03-01	14.72	14.80	14.65	14.71	568600
2011-03-02	14.76	14.80	14.66	14.69	447600
2011-03-03	14.77	14.84	14.61	14.75	385200
2011-03-04	14.76	14.84	14.66	14.79	322200
2011-03-07	14.62	14.83	14.52	14.79	496600
2011-03-08	14.62	14.69	14.53	14.68	414800
2011-03-09	14.49	14.65	14.43	14.59	454000
2011-03-10	14.35	14.44	14.20	14.44	603000
2011-03-11	14.58	14.67	14.19	14.23	647000
2011-03-14	14.65	14.68	14.48	14.48	448400
2011-03-15	14.39	14.49	14.16	14.20	584400
2011-03-16	14.31	14.52	14.20	14.33	687400
2011-03-17	14.33	14.52	14.25	14.48	431400
2011-03-18	14.41	14.53	14.35	14.44	501200
2011-03-21	14.70	14.74	14.57	14.58	743000
2011-03-22	14.94	15.05	14.69	14.74	716000
2011-03-23	14.80	14.95	14.72	14.88	448000
2011-03-24	14.82	14.92	14.79	14.86	806800
2011-03-25	14.97	15.11	14.94	14.99	1432400
2011-03-28	14.80	15.07	14.79	15.02	673400
2011-03-29	14.95	15.03	14.80	14.81	711800
2011-03-30	15.07	15.19	15.05	15.12	1037400
2011-03-31	15.10	15.17	15.01	15.13	656600
2011-04-01	15.35	15.49	15.22	15.22	617800
2011-04-04	15.44	15.50	15.37	15.38	446200
2011-04-05	15.38	15.53	15.36	15.47	426200
2011-04-06	15.45	15.56	15.33	15.50	459800
2011-04-07	15.32	15.50	15.27	15.45	487200
2011-04-08	15.35	15.46	15.26	15.43	457600
2011-04-11	15.27	15.46	15.20	15.41	639200
2011-04-12	15.16	15.29	15.01	15.24	692000
2011-04-13	15.35	15.52	15.18	15.23	758600
2011-04-14	15.37	15.43	15.19	15.25	378800
2011-04-15	15.53	15.58	15.38	15.38	310200
2011-04-18	15.32	15.38	15.18	15.34	533200
2011-04-19	15.61	15.64	15.37	15.38	576000
2011-04-20	15.80	15.81	15.69	15.73	477400
2011-04-21	15.75	15.97	15.68	15.88	366200
2011-04-25	15.85	15.87	15.68	15.77	350800
2011-04-26	15.90	16.01	15.87	15.88	427600
2011-04-27	16.12	16.15	15.82	15.95	679600
2011-04-28	15.83	16.05	15.82	16.02	562200
2011-04-29	15.95	15.96	15.73	15.81	848000
2011-05-02	16.17	16.32	15.95	16.03	704400
2011-05-03	15.96	16.14	15.85	16.13	763800
2011-05-04	15.75	15.94	15.59	15.94	652400
2011-05-05	15.50	15.62	15.34	15.62	668400
2011-05-06	15.42	15.79	15.30	15.77	942400
2011-05-09	15.57	15.58	15.35	15.47	685400
2011-05-10	15.76	15.77	15.50	15.62	546600
2011-05-11	15.53	15.82	15.48	15.82	718200
2011-05-12	15.50	15.55	15.25	15.47	952000
2011-05-13	15.46	15.50	15.21	15.48	1480200
2011-05-16	15.43	15.52	15.35	15.52	1004200
2011-05-17	15.59	15.62	15.37	15.39	766600
2011-05-18	15.88	15.93	15.52	15.58	700400
2011-05-19	16.04	16.05	15.90	15.90	612400
2011-05-20	16.02	16.19	15.82	15.97	916200
2011-05-23	15.79	15.82	15.65	15.77	447400
2011-05-24	15.94	16.04	15.86	16.00	795400
2011-05-25	16.10	16.15	15.87	15.89	563400
2011-05-26	16.16	16.16	15.95	16.08	478200
2011-05-27	16.32	16.37	16.08	16.18	730600
2011-05-31	16.67	16.68	16.38	16.38	1599400
2011-06-01	16.21	16.71	16.15	16.59	800600
2011-06-02	16.02	16.18	15.77	16.14	1783300
2011-06-03	16.00	16.05	15.64	15.76	837200
2011-06-06	15.67	15.99	15.58	15.96	1030600
2011-06-07	15.58	15.84	15.46	15.74	2100700
2011-06-08	15.55	15.70	15.38	15.56	1069100
2011-06-09	15.48	15.63	15.42	15.62	808400
2011-06-10	15.36	15.47	15.17	15.43	894300
2011-06-13	15.50	15.59	15.37	15.37	669700
2011-06-14	15.77	15.84	15.58	15.61	628700
2011-06-15	15.46	15.82	15.32	15.64	748800
2011-06-16	15.28	15.51	15.20	15.42	555700
2011-06-17	15.35	15.58	15.24	15.31	696300
2011-06-20	15.41	15.49	15.14	15.28	459400
2011-06-21	15.65	15.78	15.50	15.56	476300
2011-06-22	15.60	15.74	15.56	15.58	407800
2011-06-23	15.52	15.58	15.24	15.42	498800
2011-06-24	15.33	15.53	15.31	15.53	376300
2011-06-27	15.52	15.56	15.22	15.29	443100
2011-06-28	15.83	15.93	15.55	15.56	611700
2011-06-29	15.91	16.02	15.85	16.02	694500
2011-06-30	16.09	16.13	15.82	16.03	743200
2011-07-01	16.16	16.24	16.02	16.05	278000
2011-07-05	16.25	16.47	16.22	16.35	538000
2011-07-06	16.22	16.35	16.16	16.29	289500
2011-07-07	16.37	16.50	16.29	16.33	522500
2011-07-08	16.33	16.42	16.16	16.25	364200
2011-07-11	16.00	16.15	15.86	16.15	477100
2011-07-12	16.02	16.20	15.89	15.98	374200
2011-07-13	16.08	16.38	16.05	16.13	383200
2011-07-14	16.03	16.31	15.96	16.18	336600
2011-07-15	16.17	16.28	16.07	16.09	560300
2011-07-18	15.99	16.09	15.90	16.08	369200
2011-07-19	16.18	16.30	16.10	16.19	436200
2011-07-20	16.20	16.27	16.18	16.20	229500
2011-07-21	16.36	16.53	16.24	16.29	373400
2011-07-22	16.43	16.49	16.32	16.41	288900
2011-07-25	16.49	16.64	16.38	16.38	335200
2011-07-26	16.32	16.57	16.21	16.56	499500
2011-07-27	16.04	16.35	15.98	16.21	672500
2011-07-28	16.23	16.42	15.95	16.01	539600
2011-07-29	16.30	16.36	15.90	16.06	782400
2011-08-01	16.32	16.60	16.15	16.58	372800
2011-08-02	16.12	16.31	16.05	16.31	938300
2011-08-03	15.94	16.10	15.71	16.09	792800
2011-08-04	15.25	15.73	15.06	15.58	1263700
2011-08-05	15.04	15.36	14.45	15.25	1398900
2011-08-08	14.31	14.75	14.12	14.37	1127800
2011-08-09	15.15	15.18	14.19	14.27	1403600
2011-08-10	14.95	15.28	14.77	15.04	1121100
2011-08-11	15.80	15.88	14.99	15.02	846500
2011-08-12	15.95	16.07	15.70	15.88	703300
2011-08-15	16.06	16.17	15.97	16.10	633200
2011-08-16	15.91	15.98	15.71	15.93	644900
2011-08-17	16.06	16.28	15.96	15.97	439400
2011-08-18	15.51	15.89	15.39	15.68	727300
2011-08-19	15.55	15.74	15.26	15.29	691500
2011-08-22	15.38	15.90	15.32	15.89	740200
2011-08-23	15.91	15.98	15.32	15.53	619400
2011-08-24	16.17	16.23	15.85	15.89	862400
2011-08-25	16.11	16.30	16.03	16.24	531500
2011-08-26	16.07	16.23	15.68	16.03	720300
2011-08-29	16.26	16.31	16.08	16.25	540200
2011-08-30	16.24	16.32	16.11	16.19	518600
2011-08-31	16.52	16.58	16.29	16.32	504200
2011-09-01	16.61	16.74	16.46	16.50	482400
2011-09-02	16.42	16.61	16.28	16.29	673500
2011-09-06	16.28	16.32	15.71	15.91	566300
2011-09-07	16.41	16.50	16.29	16.40	329300
2011-09-08	16.48	16.64	16.32	16.32	388700
2011-09-09	15.95	16.35	15.91	16.35	569200
2011-09-12	15.91	15.99	15.61	15.76	682600
2011-09-13	15.94	15.98	15.79	15.96	498700
2011-09-14	15.90	16.02	15.67	15.92	586400
2011-09-15	16.08	16.17	15.95	16.10	651900
2011-09-16	15.94	16.25	15.94	16.13	783600
2011-09-19	15.89	15.95	15.59	15.74	910700
2011-09-20	16.01	16.20	15.78	15.92	591700
2011-09-21	15.55	16.04	15.54	15.95	644500
2011-09-22	15.35	15.72	14.95	15.69	1117400
2011-09-23	15.42	15.59	15.17	15.17	589900
2011-09-26	15.71	15.74	15.14	15.28	536600
2011-09-27	15.93	16.30	15.82	15.95	553800
2011-09-28	15.89	16.17	15.85	15.93	485900
2011-09-29	16.01	16.12	15.71	16.09	574000
2011-09-30	15.95	16.19	15.69	15.75	763900
2011-10-03	15.45	15.83	15.36	15.72	985600
2011-10-04	15.80	15.81	14.86	15.24	1500000
2011-10-05	15.61	15.91	15.50	15.82	797100
2011-10-06	15.96	16.02	15.49	15.53	559500
2011-10-07	16.11	16.21	15.91	16.15	497100
2011-10-10	16.49	16.49	16.24	16.26	311300
2011-10-11	16.56	16.61	16.28	16.36	395600
2011-10-12	16.70	16.99	16.62	16.79	678300
2011-10-13	16.62	16.68	16.36	16.55	589000
2011-10-14	16.79	16.89	16.54	16.79	618800
2011-10-17	16.77	16.94	16.70	16.82	463800
2011-10-18	17.20	17.29	16.80	16.85	977700
2011-10-19	17.02	17.33	16.95	17.25	807900
2011-10-20	17.27	17.35	16.85	17.00	666000
2011-10-21	17.49	17.57	17.14	17.49	753500
2011-10-24	17.51	17.65	17.36	17.50	701000
2011-10-25	17.24	17.48	17.21	17.34	581300
2011-10-26	17.52	17.58	17.10	17.35	582100
2011-10-27	17.52	17.84	17.43	17.81	955000
2011-10-28	17.38	17.59	17.33	17.35	1029700
2011-10-31	17.34	17.66	17.32	17.34	681200
2011-11-01	16.81	17.01	16.75	16.96	764300
2011-11-02	16.97	17.07	16.76	16.95	657000
2011-11-03	17.44	17.50	16.95	16.97	635200
2011-11-04	17.28	17.40	17.13	17.29	472300
2011-11-07	17.45	17.53	17.31	17.31	666500
2011-11-08	17.47	17.63	17.34	17.45	654300
2011-11-09	17.15	17.41	17.13	17.22	494000
2011-11-10	17.08	17.30	16.86	17.29	798300
2011-11-11	17.46	17.50	17.18	17.23	522400
2011-11-14	17.33	17.53	17.20	17.37	387400
2011-11-15	17.18	17.28	17.08	17.25	391300
2011-11-16	17.17	17.43	16.94	16.98	763000
2011-11-17	17.57	17.68	17.28	17.37	1159700
2011-11-18	17.73	18.13	17.68	17.68	1063700
2011-11-21	17.57	17.69	17.37	17.58	833000
2011-11-22	17.34	17.58	17.28	17.54	721300
2011-11-23	17.33	17.51	17.16	17.21	666800
2011-11-25	16.77	16.94	16.69	16.78	464500
2011-11-28	16.98	17.27	16.90	17.06	594200
2011-11-29	17.41	17.49	17.06	17.09	957800
2011-11-30	17.75	17.91	17.46	17.91	814600
2011-12-01	17.76	17.94	17.68	17.74	692900
2011-12-02	17.50	17.88	17.42	17.87	706500
2011-12-05	17.34	17.68	17.24	17.60	598900
2011-12-06	17.41	17.54	17.24	17.37	424900
2011-12-07	17.83	17.92	17.32	17.40	826900
2011-12-08	17.83	18.03	17.67	17.80	859300
2011-12-09	18.13	18.24	17.76	17.79	1037600
2011-12-12	17.96	18.10	17.80	18.03	749000
2011-12-13	17.71	18.17	17.62	18.01	1063200
2011-12-14	17.50	17.74	17.36	17.55	858500
2011-12-15	17.58	17.76	17.50	17.66	490700
2011-12-16	17.43	17.69	17.40	17.60	782000
2011-12-19	17.67	17.81	17.53	17.63	660900
2011-12-20	18.11	18.22	17.79	17.88	843700
2011-12-21	18.35	18.37	17.93	18.18	726200
2011-12-22	18.65	18.71	18.25	18.34	767800
2011-12-23	18.55	18.75	18.50	18.71	529200
2011-12-27	18.83	18.83	18.52	18.52	292200
2011-12-28	18.48	18.83	18.42	18.81	707700
2011-12-29	18.63	18.67	18.39	18.47	669900
2011-12-30	18.82	18.85	18.57	18.61	659400
2012-01-03	18.78	19.15	18.66	19.02	920000
2012-01-04	18.54	18.83	18.50	18.71	1135000
2012-01-05	18.72	18.78	18.51	18.57	887200
2012-01-06	18.53	18.76	18.48	18.74	672900
2012-01-09	18.49	18.60	18.39	18.60	471800
2012-01-10	18.51	18.64	18.46	18.58	462700
2012-01-11	18.19	18.55	18.15	18.45	592800
2012-01-12	17.84	18.17	17.75	18.11	858300
2012-01-13	17.92	17.94	17.32	17.61	866500
2012-01-17	18.00	18.10	17.90	17.95	561700
2012-01-18	18.15	18.23	17.90	17.90	617700
2012-01-19	18.22	18.30	18.16	18.28	298500
2012-01-20	18.20	18.25	18.07	18.22	700900
2012-01-23	18.41	18.48	18.31	18.33	394500
2012-01-24	18.28	18.32	18.18	18.27	383600
2012-01-25	18.64	18.66	18.18	18.18	531000
2012-01-26	18.54	18.77	18.40	18.77	367200
2012-01-27	18.69	18.92	18.36	18.45	684800
2012-01-30	18.73	18.77	18.52	18.59	406100
2012-01-31	18.90	18.92	18.65	18.84	541100
2012-02-01	19.15	19.17	18.92	19.02	694500
2012-02-02	19.16	19.32	19.01	19.14	616600
2012-02-03	19.49	19.49	19.23	19.27	454500
2012-02-06	19.42	19.47	19.29	19.37	300700
2012-02-07	19.61	19.64	19.25	19.37	501800
2012-02-08	19.75	19.76	19.45	19.65	576100
2012-02-09	19.73	19.84	19.61	19.77	327000
2012-02-10	19.61	19.68	19.43	19.65	390900
2012-02-13	19.64	19.77	19.53	19.72	535800
2012-02-14	19.84	19.86	19.53	19.55	680900
2012-02-15	19.75	19.95	19.53	19.93	498800
2012-02-16	19.96	19.97	19.60	19.67	515900
2012-02-17	19.12	19.75	19.09	19.75	1561200
2012-02-21	19.58	19.73	19.13	19.28	736800
2012-02-22	19.54	19.75	19.43	19.62	497700
2012-02-23	19.76	19.80	19.44	19.58	591800
2012-02-24	19.46	19.73	19.45	19.71	532300
2012-02-27	19.67	19.81	19.33	19.41	581300
2012-02-28	19.70	19.78	19.48	19.76	506800
2012-02-29	19.57	19.83	19.44	19.70	1128200
2012-03-01	19.67	19.69	19.56	19.62	599800
2012-03-02	19.63	19.73	19.51	19.69	448800
2012-03-05	19.56	19.58	19.21	19.21	659900
2012-03-06	19.15	19.42	19.13	19.32	760100
2012-03-07	19.32	19.44	19.03	19.10	773100
2012-03-08	19.57	19.62	19.32	19.41	408300
2012-03-09	19.73	19.77	19.62	19.63	488600
2012-03-12	19.75	19.83	19.56	19.65	415400
2012-03-13	19.86	19.86	19.69	19.80	378200
2012-03-14	19.56	19.91	19.43	19.87	482900
2012-03-15	19.57	19.71	19.37	19.45	434500
2012-03-16	19.45	19.66	19.40	19.62	428800
2012-03-19	19.42	19.55	19.35	19.39	623300
2012-03-20	19.27	19.40	19.17	19.40	603300
2012-03-21	19.03	19.07	18.66	18.86	1350800
2012-03-22	19.23	19.24	18.75	18.78	813500
2012-03-23	19.24	19.27	19.14	19.24	526600
2012-03-26	19.54	19.56	19.22	19.26	732200
2012-03-27	19.58	19.70	19.52	19.58	365000
2012-03-28	19.83	19.83	19.49	19.60	772900
2012-03-29	19.71	19.79	19.48	19.79	1291100
2012-03-30	19.69	19.87	19.63	19.75	473300
2012-04-02	20.00	20.01	19.73	19.74	444700
2012-04-03	20.01	20.12	19.87	19.96	507600
2012-04-04	20.02	20.09	19.68	19.84	646100
2012-04-05	20.09	20.12	19.83	19.93	437700
2012-04-09	20.06	20.16	19.79	19.87	575900
2012-04-10	19.42	20.03	19.38	19.90	879600
2012-04-11	19.64	19.70	19.43	19.44	464900
2012-04-12	19.72	19.78	19.54	19.68	442500
2012-04-13	19.61	19.71	19.46	19.66	365000
2012-04-16	19.56	19.78	19.48	19.64	321300
2012-04-17	19.91	20.14	19.73	19.76	656400
2012-04-18	19.83	20.02	19.71	19.91	480600
2012-04-19	19.97	20.01	19.75	19.79	355800
2012-04-20	20.22	20.30	20.06	20.11	588200
2012-04-23	20.19	20.34	19.92	20.08	638100
2012-04-24	20.04	20.20	19.98	20.20	429400
2012-04-25	20.48	20.48	20.15	20.22	464100
2012-04-26	20.74	20.77	20.47	20.54	354900
2012-04-27	20.93	20.96	20.81	20.81	467200
2012-04-30	21.23	21.24	20.76	20.80	657100
2012-05-01	21.23	21.32	21.11	21.27	640700
2012-05-02	21.05	21.16	20.88	21.09	723800
2012-05-03	20.73	21.12	20.69	21.07	543600
2012-05-04	20.36	20.62	20.30	20.60	898300
2012-05-07	20.38	20.38	20.20	20.30	646800
2012-05-08	20.16	20.32	19.97	20.30	736600
2012-05-09	20.12	20.37	19.78	19.79	897300
2012-05-10	20.54	20.56	20.17	20.21	714100
2012-05-11	20.52	20.72	20.42	20.52	497200
2012-05-14	20.44	20.53	20.19	20.27	558700
2012-05-15	20.29	20.46	20.23	20.44	472400
2012-05-16	20.18	20.41	20.15	20.28	473800
2012-05-17	20.09	20.30	20.00	20.25	579100
2012-05-18	20.00	20.33	19.97	20.29	751700
2012-05-21	20.41	20.42	20.02	20.20	419500
2012-05-22	20.55	20.73	20.24	20.25	810400
2012-05-23	20.38	20.41	19.99	20.38	587000
2012-05-24	20.34	20.45	20.09	20.36	476900
2012-05-25	20.12	20.29	20.05	20.26	397300
2012-05-29	20.41	20.55	20.19	20.26	465200
2012-05-30	20.14	20.42	20.12	20.24	447700
2012-05-31	20.13	20.29	19.86	20.16	687600
2012-06-01	19.43	19.54	19.23	19.43	1121600
2012-06-04	19.30	19.39	19.17	19.39	707100
2012-06-05	19.37	19.40	19.22	19.31	618400
2012-06-06	19.56	19.58	19.33	19.41	928200
2012-06-07	19.54	19.73	19.52	19.71	451800
2012-06-08	19.37	19.43	19.11	19.41	840300
2012-06-11	19.47	19.55	19.27	19.47	1167700
2012-06-12	19.65	19.66	19.34	19.51	458200
2012-06-13	19.63	19.71	19.49	19.55	344800
2012-06-14	19.67	19.75	19.53	19.70	396600
2012-06-15	19.64	19.68	19.48	19.63	686600
2012-06-18	19.52	19.64	19.42	19.59	644600
2012-06-19	20.09	20.24	19.57	19.58	581300
2012-06-20	20.18	20.32	20.04	20.05	783800
2012-06-21	19.77	20.17	19.72	20.17	802500
2012-06-22	19.97	20.00	19.74	19.93	490300
2012-06-25	19.83	19.86	19.67	19.75	622200
2012-06-26	19.81	19.91	19.62	19.91	514000
2012-06-27	19.89	19.99	19.75	19.82	371500
2012-06-28	20.00	20.06	19.58	19.74	420900
2012-06-29	20.38	20.49	20.23	20.37	438500
2012-07-02	20.60	20.65	20.35	20.39	296900
2012-07-03	20.54	20.95	20.47	20.63	688700
2012-07-05	20.19	20.47	20.14	20.41	764900
2012-07-06	20.17	20.25	20.00	20.11	429000
2012-07-09	20.19	20.19	19.96	20.13	490100
2012-07-10	20.06	20.25	19.96	20.19	401500
2012-07-11	20.48	20.55	19.98	19.98	537700
2012-07-12	20.45	20.47	20.20	20.26	329300
2012-07-13	20.44	20.74	20.43	20.48	450400
2012-07-16	20.35	20.48	20.31	20.37	465100
2012-07-17	20.66	20.67	20.28	20.62	760800
2012-07-18	20.75	20.80	20.53	20.62	495100
2012-07-19	20.91	20.93	20.58	20.76	507800
2012-07-20	20.72	20.87	20.69	20.69	552500
2012-07-23	20.65	20.69	20.09	20.41	533400
2012-07-24	20.70	20.77	20.59	20.61	407900
2012-07-25	20.90	20.97	20.69	20.73	487300
2012-07-26	21.26	21.30	21.01	21.18	542000
2012-07-27	21.40	21.46	21.20	21.33	781300
2012-07-30	21.30	21.39	21.25	21.31	854000
2012-07-31	20.86	21.25	20.79	21.16	832700
2012-08-01	20.56	20.99	20.53	20.84	801400
2012-08-02	20.23	20.58	20.16	20.43	796000
2012-08-03	20.31	20.58	20.25	20.34	652300
2012-08-06	20.43	20.53	20.26	20.35	316100
2012-08-07	20.45	20.66	20.39	20.50	524200
2012-08-08	20.14	20.47	20.07	20.47	784900
2012-08-09	20.21	20.27	20.01	20.09	610200
2012-08-10	20.46	20.48	20.06	20.21	833500
2012-08-13	20.35	20.54	20.19	20.41	718800
2012-08-14	20.41	20.45	20.25	20.34	472900
2012-08-15	20.50	20.54	20.34	20.37	1359800
2012-08-16	20.53	20.56	20.33	20.46	802300
2012-08-17	20.54	20.55	20.43	20.43	442300
2012-08-20	20.45	20.56	20.40	20.46	230800
2012-08-21	20.42	20.63	20.41	20.51	389500
2012-08-22	20.51	20.54	20.26	20.35	418400
2012-08-23	20.42	20.53	20.32	20.52	402200
2012-08-24	20.54	20.63	20.36	20.43	348000
2012-08-27	20.36	20.74	20.30	20.57	427400
2012-08-28	20.15	20.56	20.14	20.46	581000
2012-08-29	20.39	20.41	20.15	20.16	411100
2012-08-30	20.10	20.40	20.02	20.31	388300
2012-08-31	20.26	20.30	20.02	20.20	479500
2012-09-04	19.91	20.15	19.81	20.06	641800
2012-09-05	20.04	20.05	19.60	19.84	467700
2012-09-06	20.29	20.32	20.00	20.07	574900
2012-09-07	20.39	20.43	20.15	20.34	586600
2012-09-10	20.14	20.45	20.11	20.36	332600
2012-09-11	20.22	20.32	20.03	20.23	534600
2012-09-12	20.25	20.31	20.10	20.25	263600
2012-09-13	20.48	20.54	20.15	20.28	420700
2012-09-14	20.31	20.61	20.20	20.61	1065800
2012-09-17	20.43	20.51	20.23	20.31	550800
2012-09-18	20.34	20.49	20.29	20.41	590600
2012-09-19	20.19	20.35	20.07	20.35	502400
2012-09-20	20.07	20.30	20.01	20.05	377700
2012-09-21	20.08	20.13	19.99	20.12	400100
2012-09-24	20.03	20.16	19.92	19.97	383600
2012-09-25	20.18	20.27	20.06	20.07	473600
2012-09-26	20.26	20.44	20.09	20.13	623700
2012-09-27	20.28	20.34	20.10	20.31	601300
2012-09-28	20.06	20.21	19.96	20.13	650500
2012-10-01	20.22	20.49	20.17	20.17	414700
2012-10-02	20.33	20.37	20.15	20.25	517600
2012-10-03	20.49	20.50	20.25	20.31	667100
2012-10-04	21.01	21.15	20.73	20.77	1154500
2012-10-05	21.16	21.31	21.09	21.19	832300
2012-10-08	21.22	21.24	21.07	21.16	344200
2012-10-09	20.95	21.32	20.88	21.27	1219700
2012-10-10	20.68	21.01	20.59	20.91	580700
2012-10-11	20.57	20.77	20.50	20.76	439200
2012-10-12	20.49	20.66	20.40	20.56	532600
2012-10-15	20.61	20.71	20.46	20.54	484400
2012-10-16	20.71	20.76	20.57	20.63	404700
2012-10-17	20.90	20.94	20.66	20.77	405500
2012-10-18	20.75	21.03	20.73	20.90	690200
2012-10-19	20.48	20.74	20.44	20.74	587400
2012-10-22	20.35	20.43	20.18	20.42	341300
2012-10-23	20.17	20.30	19.98	20.28	501200
2012-10-24	20.11	20.36	19.99	20.26	397200
2012-10-25	20.19	20.43	20.14	20.29	287300
2012-10-26	20.30	20.38	20.17	20.21	605200
2012-10-31	20.44	20.50	20.32	20.35	550300
2012-11-01	20.58	20.68	20.34	20.52	367200
2012-11-02	20.47	20.77	20.37	20.64	424800
2012-11-05	20.59	20.62	20.43	20.53	697600
2012-11-06	20.79	20.80	20.58	20.68	597100
2012-11-07	20.32	20.76	20.29	20.74	749900
2012-11-08	20.12	20.43	20.12	20.42	484700
2012-11-09	20.21	20.29	20.09	20.21	458100
2012-11-12	20.16	20.27	20.14	20.26	434600
2012-11-13	20.11	20.29	20.08	20.14	343500
2012-11-14	19.86	20.18	19.85	20.10	422800
2012-11-15	19.84	19.89	19.50	19.85	630300
2012-11-16	19.97	20.05	19.75	19.79	722400
2012-11-19	20.08	20.29	19.96	20.20	522600
2012-11-20	20.03	20.13	19.84	20.06	675600
2012-11-21	20.17	20.21	20.01	20.02	392600
2012-11-23	20.40	20.47	20.17	20.31	252900
2012-11-26	20.48	20.66	20.30	20.40	904900
2012-11-27	20.54	20.60	20.35	20.51	428200
2012-11-28	20.79	20.88	20.42	20.54	663800
2012-11-29	20.89	20.91	20.72	20.87	387100
2012-11-30	20.86	20.91	20.80	20.86	1024200
2012-12-03	20.73	21.03	20.65	20.97	730200
2012-12-04	20.73	20.85	20.60	20.78	504200
2012-12-05	20.88	20.98	20.73	20.73	463100
2012-12-06	20.89	21.02	20.86	20.92	346900
2012-12-07	21.70	21.92	21.07	21.11	1502500
2012-12-10	21.89	21.90	21.63	21.81	553000
2012-12-11	22.01	22.04	21.80	21.82	421400
2012-12-12	22.22	22.29	22.02	22.06	762700
2012-12-13	22.06	22.38	22.01	22.15	936600
2012-12-14	22.04	22.09	21.89	21.99	743300
2012-12-17	22.19	22.21	22.05	22.06	467000
2012-12-18	22.35	22.39	22.17	22.22	2211100
2012-12-19	22.30	22.38	22.20	22.31	1087600
2012-12-20	22.24	22.35	22.07	22.26	663400
2012-12-21	22.18	22.22	22.06	22.18	387700
2012-12-24	22.20	22.29	22.13	22.19	241300
2012-12-26	22.08	22.24	21.99	22.23	220600
2012-12-27	22.15	22.15	21.97	22.08	341500
2012-12-28	22.08	22.22	22.00	22.09	418400
2012-12-31	22.43	22.44	22.07	22.10	565200
2013-01-02	22.62	22.83	22.45	22.81	608000
2013-01-03	22.55	22.69	22.44	22.68	584400
2013-01-04	22.63	22.68	22.51	22.59	424900
2013-01-07	22.61	22.74	22.51	22.57	2334400
2013-01-08	22.69	22.71	22.51	22.55	695600
2013-01-09	22.45	22.70	22.33	22.68	634200
2013-01-10	22.94	22.98	22.51	22.62	544700
2013-01-11	23.16	23.18	22.88	22.97	652300
2013-01-14	23.17	23.23	23.06	23.16	638500
2013-01-15	23.19	23.21	23.03	23.05	508200
2013-01-16	22.99	23.12	22.94	23.05	442000
2013-01-17	23.07	23.12	23.00	23.01	473600
2013-01-18	23.06	23.07	22.91	22.99	464400
2013-01-22	22.85	23.01	22.74	22.97	851000
2013-01-23	22.74	22.89	22.70	22.87	748400
2013-01-24	22.71	22.78	22.61	22.64	746400
2013-01-25	22.73	22.75	22.66	22.72	716600
2013-01-28	22.92	22.95	22.72	22.78	1535600
2013-01-29	23.03	23.12	22.98	22.99	491000
2013-01-30	22.85	23.09	22.77	23.01	454600
2013-01-31	22.65	22.96	22.65	22.81	754500
2013-02-01	22.98	23.08	22.80	22.80	364300
2013-02-04	23.11	23.11	22.78	22.97	499300
2013-02-05	23.11	23.21	23.06	23.09	966300
2013-02-06	23.18	23.22	23.04	23.04	449000
2013-02-07	23.19	23.22	23.07	23.18	1353000
2013-02-08	23.06	23.17	22.95	23.05	627700
2013-02-11	23.03	23.09	22.85	22.96	393500
2013-02-12	23.06	23.17	23.00	23.03	573400
2013-02-13	23.04	23.13	22.96	23.10	336400
2013-02-14	23.02	23.39	22.82	22.95	616600
2013-02-15	23.02	23.11	22.78	22.82	759000
2013-02-19	23.09	23.20	22.90	22.90	536400
2013-02-20	22.98	23.10	22.87	23.06	731800
2013-02-21	22.94	23.01	22.71	22.96	673400
2013-02-22	22.93	22.94	22.69	22.71	448400
2013-02-25	22.63	22.98	22.62	22.89	537400
2013-02-26	22.78	22.81	22.56	22.78	560100
2013-02-27	23.21	23.22	22.64	22.68	854300
2013-02-28	23.24	23.24	23.05	23.13	686200
2013-03-01	23.31	23.37	23.12	23.18	739500
2013-03-04	23.53	23.53	23.18	23.27	717400
2013-03-05	23.31	23.61	23.18	23.60	947600
2013-03-06	23.41	23.48	23.24	23.35	702700
2013-03-07	23.36	23.55	23.16	23.42	601900
2013-03-08	23.30	23.54	23.17	23.53	565900
2013-03-11	23.45	23.45	23.25	23.26	452200
2013-03-12	23.37	23.45	23.19	23.45	373600
2013-03-13	23.25	23.45	23.16	23.41	586700
2013-03-14	23.58	23.62	23.13	23.35	828500
2013-03-15	23.90	23.93	23.40	23.55	1157500
2013-03-18	23.75	23.80	23.58	23.65	859000
2013-03-19	23.78	23.85	23.58	23.65	700800
2013-03-20	23.94	23.96	23.79	23.91	603500
2013-03-21	23.86	24.03	23.81	23.96	1257700
2013-03-22	23.90	24.08	23.80	23.82	806600
2013-03-25	23.91	24.12	23.68	24.03	676700
2013-03-26	24.27	24.28	23.86	23.97	822200
2013-03-27	24.11	24.20	23.92	24.16	801800
2013-03-28	24.27	24.32	23.95	24.13	946200
2013-04-01	24.42	24.50	24.15	24.28	757600
2013-04-02	24.55	24.67	24.34	24.34	767700
2013-04-03	23.99	24.63	23.94	24.63	959500
2013-04-04	23.90	24.19	23.67	23.97	1001600
2013-04-05	23.23	23.46	23.06	23.46	3875900
2013-04-08	23.38	23.48	23.15	23.17	741400
2013-04-09	23.68	23.78	23.37	23.45	659100
2013-04-10	23.82	23.86	23.61	23.76	620000
2013-04-11	23.89	23.90	23.65	23.79	879100
2013-04-12	23.79	23.83	23.67	23.80	1083500
2013-04-15	23.47	23.77	23.42	23.76	1066300
2013-04-16	23.74	23.76	23.35	23.48	1056100
2013-04-17	23.58	23.77	23.46	23.70	980400
2013-04-18	23.59	23.71	23.45	23.69	715900
2013-04-19	23.47	23.58	23.31	23.54	1176400
2013-04-22	23.56	23.67	23.32	23.50	573600
2013-04-23	23.62	23.67	23.41	23.66	508600
2013-04-24	23.87	23.87	23.56	23.67	481800
2013-04-25	23.96	24.03	23.80	23.88	552600
2013-04-26	23.93	24.04	23.81	23.85	574400
2013-04-29	24.33	24.34	24.00	24.04	1006800
2013-04-30	24.82	24.82	24.13	24.30	1444800
2013-05-01	24.38	25.25	24.27	25.11	984900
2013-05-02	24.38	24.55	24.23	24.38	481800
2013-05-03	24.47	24.69	24.37	24.46	431700
2013-05-06	24.56	24.65	24.28	24.60	530100
2013-05-07	24.68	24.80	24.54	24.55	520500
2013-05-08	24.77	24.97	24.58	24.77	674000
2013-05-09	24.39	24.84	24.25	24.76	786300
2013-05-10	24.48	24.57	24.30	24.34	507200
2013-05-13	24.41	24.67	24.32	24.59	421000
2013-05-14	24.47	24.52	24.16	24.17	505300
2013-05-15	24.56	24.68	24.33	24.43	972800
2013-05-16	24.58	24.74	24.53	24.53	437900
2013-05-17	24.58	24.71	24.26	24.35	701400
2013-05-20	24.56	24.64	24.46	24.58	185800
2013-05-21	24.84	25.04	24.49	24.56	669000
2013-05-22	24.57	25.04	24.53	24.97	602300
2013-05-23	24.54	24.63	24.36	24.48	497200
2013-05-24	24.63	24.64	24.35	24.39	354300
2013-05-28	24.17	24.48	24.04	24.45	1011300
2013-05-29	23.29	23.60	23.05	23.53	1867100
2013-05-30	23.03	23.42	22.99	23.29	1182100
2013-05-31	22.69	23.01	22.53	22.90	2352000
2013-06-03	22.77	22.82	22.41	22.75	1308000
2013-06-04	22.68	22.88	22.60	22.71	1170300
2013-06-05	22.41	22.71	22.41	22.63	1061800
2013-06-06	22.36	22.49	22.21	22.49	1232800
2013-06-07	22.60	22.60	22.27	22.45	1169500
2013-06-10	22.93	22.95	22.46	22.49	1037700
2013-06-11	22.75	22.86	22.56	22.86	758400
2013-06-12	22.55	22.96	22.53	22.85	1091600
2013-06-13	23.06	23.13	22.42	22.53	1042600
2013-06-14	23.03	23.15	22.83	22.95	1399300
2013-06-17	23.20	23.33	23.12	23.20	532600
2013-06-18	23.51	23.61	23.32	23.32	782000
2013-06-19	22.88	23.54	22.74	23.48	1102000
2013-06-20	21.98	22.51	21.86	22.49	1940900
2013-06-21	21.83	21.97	21.64	21.95	2359600
2013-06-24	21.36	21.53	20.84	21.47	2224300
2013-06-25	21.97	21.99	21.41	21.43	1792500
2013-06-26	22.08	22.23	21.92	22.20	1704100
2013-06-27	22.02	22.24	21.89	22.23	817700
2013-06-28	22.09	22.24	21.88	22.01	870700
2013-07-01	22.18	22.36	22.12	22.24	426300
2013-07-02	22.32	22.50	22.00	22.04	1487900
2013-07-03	22.05	22.29	21.93	22.21	831200
2013-07-05	22.03	22.15	21.81	22.15	1568100
2013-07-08	22.18	22.24	21.94	22.07	832400
2013-07-09	22.62	22.65	22.13	22.32	785800
2013-07-10	22.52	22.67	22.39	22.63	559200
2013-07-11	23.08	23.16	22.86	22.93	1310200
2013-07-12	23.21	23.26	23.04	23.16	757100
2013-07-15	23.16	23.30	23.08	23.27	362400
2013-07-16	23.28	23.32	23.16	23.23	633000
2013-07-17	23.50	23.54	23.19	23.25	1183600
2013-07-18	23.57	23.69	23.48	23.49	1393600
2013-07-19	23.57	23.63	23.48	23.48	686800
2013-07-22	23.75	23.81	23.60	23.60	1114600
2013-07-23	23.82	23.91	23.82	23.85	888500
2013-07-24	23.54	23.99	23.40	23.87	1243600
2013-07-25	23.64	23.70	23.44	23.56	563500
2013-07-26	23.38	23.64	23.17	23.64	843400
2013-07-29	23.55	23.60	23.39	23.40	509100
2013-07-30	23.32	23.68	23.28	23.52	636200
2013-07-31	23.34	23.58	23.27	23.41	930500
2013-08-01	23.44	23.55	23.33	23.51	928700
2013-08-02	23.41	23.49	23.20	23.43	558200
2013-08-05	23.23	23.41	23.16	23.40	303900
2013-08-06	23.06	23.20	22.91	23.20	926900
2013-08-07	22.61	22.90	22.53	22.81	590600
2013-08-08	22.81	22.81	22.53	22.67	1231600
2013-08-09	22.61	22.77	22.59	22.72	850200
2013-08-12	22.57	22.72	22.45	22.56	1561800
2013-08-13	22.37	22.63	22.25	22.56	936700
2013-08-14	22.22	22.35	22.16	22.29	1083200
2013-08-15	22.23	22.28	22.11	22.18	1005500
2013-08-16	22.30	22.52	22.11	22.11	528700
2013-08-19	21.94	22.32	21.90	22.31	831000
2013-08-20	21.90	22.02	21.78	21.79	527600
2013-08-21	21.95	22.15	21.57	21.89	1785300
2013-08-22	21.56	21.94	21.55	21.91	1394800
2013-08-23	21.70	21.76	21.52	21.62	812700
2013-08-26	21.47	21.69	21.42	21.69	989300
2013-08-27	21.44	21.46	21.22	21.38	623200
2013-08-28	21.43	21.52	21.31	21.40	810200
2013-08-29	21.63	21.63	21.34	21.40	604100
2013-08-30	21.65	21.71	21.59	21.65	1062700
2013-09-03	21.48	22.01	21.38	22.00	849100
2013-09-04	21.56	21.64	21.48	21.53	615200
2013-09-05	21.74	21.74	21.59	21.64	827800
2013-09-06	21.98	22.10	21.88	22.00	640900
2013-09-09	22.03	22.12	21.94	22.11	629600
2013-09-10	22.07	22.12	21.84	22.08	971100
2013-09-11	21.76	22.09	21.66	22.09	783400
2013-09-12	21.71	21.75	21.53	21.74	763200
2013-09-13	21.58	21.76	21.55	21.73	1115000
2013-09-16	21.81	21.94	21.72	21.72	783600
2013-09-17	21.86	22.04	21.77	21.79	675600
2013-09-18	22.08	22.14	21.75	21.87	666000
2013-09-19	22.38	22.40	22.09	22.14	505600
2013-09-20	22.24	22.56	22.12	22.42	726100
2013-09-23	22.21	22.36	22.13	22.29	384400
2013-09-24	22.30	22.35	22.11	22.22	518400
2013-09-25	22.00	22.46	21.96	22.32	1228300
2013-09-26	22.05	22.18	21.93	22.04	873900
2013-09-27	22.02	22.09	21.94	22.04	431600
2013-09-30	22.07	22.27	21.92	21.95	1089100
2013-10-01	21.73	22.21	21.67	22.08	1402800
2013-10-02	21.77	21.86	21.52	21.68	1713400
2013-10-03	21.61	21.80	21.59	21.80	1257500
2013-10-04	21.54	21.72	21.45	21.58	913000
2013-10-07	21.66	21.79	21.37	21.41	1559900
2013-10-08	21.56	21.80	21.46	21.63	772000
2013-10-09	21.53	21.73	21.49	21.54	1484800
2013-10-10	21.74	21.80	21.62	21.62	589100
2013-10-11	21.94	22.00	21.73	21.83	407100
2013-10-14	21.78	21.88	21.72	21.83	438300
2013-10-15	21.67	21.94	21.55	21.88	667700
2013-10-16	21.91	21.92	21.73	21.75	452600
2013-10-17	22.04	22.10	21.79	21.90	932600
2013-10-18	22.29	22.40	22.07	22.10	731300
2013-10-21	22.36	22.36	22.16	22.25	843500
2013-10-22	22.51	22.65	22.38	22.48	452100
2013-10-23	22.29	22.50	22.27	22.42	722800
2013-10-24	22.51	22.57	22.31	22.33	672300
2013-10-25	22.41	22.50	22.20	22.50	614800
2013-10-28	22.46	22.58	22.39	22.46	467200
2013-10-29	22.58	22.65	22.42	22.51	637300
2013-10-30	22.60	22.65	22.51	22.57	586700
2013-10-31	22.94	22.98	22.64	22.71	1713600
2013-11-01	22.97	23.03	22.87	22.96	671700
2013-11-04	23.08	23.09	22.85	22.92	925000
2013-11-05	23.04	23.04	22.83	22.95	1455600
2013-11-06	23.61	23.63	23.04	23.04	1179800
2013-11-07	23.39	23.68	23.34	23.68	817900
2013-11-08	23.14	23.27	22.95	23.21	619600
2013-11-11	23.10	23.20	23.03	23.14	323900
2013-11-12	23.06	23.13	22.99	23.08	401600
2013-11-13	22.96	23.15	22.88	23.12	493300
2013-11-14	22.96	23.01	22.71	22.88	739500
2013-11-15	23.06	23.06	22.86	22.97	451800
2013-11-18	22.85	23.14	22.79	23.10	504700
2013-11-19	22.44	22.84	22.39	22.79	653200
2013-11-20	22.40	22.45	22.26	22.42	1113100
2013-11-21	22.31	22.45	22.26	22.38	600600
2013-11-22	22.44	22.49	22.16	22.31	411700
2013-11-25	22.61	22.64	22.27	22.33	453600
2013-11-26	22.67	22.79	22.56	22.66	735100
2013-11-27	21.96	22.60	21.96	22.55	1020700
2013-11-29	22.01	22.16	21.83	21.86	266900
2013-12-02	21.90	21.91	21.68	21.85	905600
2013-12-03	21.80	21.93	21.71	21.77	1340000
2013-12-04	21.56	21.70	21.29	21.70	1539300
2013-12-05	21.82	21.83	21.43	21.62	1763700
2013-12-06	22.01	22.02	21.62	21.70	1030700
2013-12-09	22.02	22.08	21.74	22.02	973700
2013-12-10	22.02	22.10	21.91	21.94	720600
2013-12-11	21.81	22.03	21.72	22.03	1051100
2013-12-12	21.93	21.97	21.66	21.69	872400
2013-12-13	22.03	22.10	21.72	21.96	1023600
2013-12-16	22.16	22.23	22.02	22.10	1323000
2013-12-17	22.08	22.16	21.99	22.11	693500
2013-12-18	22.37	22.48	22.02	22.02	1135100
2013-12-19	22.63	22.70	22.17	22.32	699400
2013-12-20	22.67	22.83	22.59	22.68	963200
2013-12-23	22.83	22.99	22.70	22.84	766600
2013-12-24	22.98	23.04	22.93	23.00	440000
2013-12-26	23.16	23.19	23.04	23.10	452500
2013-12-27	22.90	23.16	22.86	23.02	990700
2013-12-30	23.10	23.10	22.87	22.93	586300
2013-12-31	23.26	23.34	23.09	23.12	535700
2014-01-02	23.04	23.30	22.97	23.20	626900
2014-01-03	23.06	23.15	23.00	23.10	664900
2014-01-06	22.83	23.02	22.69	23.00	631800
2014-01-07	22.83	23.10	22.75	22.75	1462000
2014-01-08	22.97	23.04	22.62	22.76	1887000
2014-01-09	23.13	23.40	22.73	22.91	3321900
2014-01-10	23.06	23.19	22.92	23.09	1302900
2014-01-13	22.91	23.10	22.78	23.02	1218700
2014-01-14	22.64	22.90	22.56	22.90	843000
2014-01-15	22.56	22.72	22.49	22.69	745300
2014-01-16	22.77	22.78	22.52	22.63	672100
2014-01-17	22.72	22.91	22.65	22.73	600900
2014-01-21	22.67	22.81	22.57	22.71	915200
2014-01-22	22.69	22.81	22.63	22.77	773900
2014-01-23	22.64	22.70	22.52	22.57	869500
2014-01-24	22.40	22.64	22.36	22.56	1043200
2014-01-27	22.37	22.60	22.34	22.41	1312800
2014-01-28	22.24	22.31	22.14	22.24	849400
2014-01-29	22.07	22.26	22.05	22.19	1306900
2014-01-30	22.20	22.27	22.10	22.17	920300
2014-01-31	22.36	22.47	21.92	21.98	922000
2014-02-03	22.20	22.61	22.16	22.58	839400
2014-02-04	22.06	22.29	22.01	22.26	610400
2014-02-05	22.03	22.07	21.90	22.01	1297900
2014-02-06	22.26	22.27	21.87	22.02	610300
2014-02-07	22.44	22.48	22.23	22.37	431800
2014-02-10	22.44	22.50	22.30	22.47	487400
2014-02-11	22.59	22.71	22.34	22.40	596200
2014-02-12	22.86	22.95	22.69	22.70	660900
2014-02-13	23.14	23.30	22.77	22.82	960900
2014-02-14	23.34	23.38	22.97	22.98	817000
2014-02-18	23.25	23.46	23.20	23.31	1022500
2014-02-19	22.98	23.19	22.93	23.15	1319500
2014-02-20	23.03	23.05	22.78	22.83	1131100
2014-02-21	23.03	23.12	22.86	22.92	841200
2014-02-24	23.01	23.10	22.95	23.09	615000
2014-02-25	22.93	23.04	22.91	23.03	508600
2014-02-26	22.73	22.99	22.71	22.99	691800
2014-02-27	22.64	22.73	22.54	22.73	847400
2014-02-28	22.69	22.86	22.61	22.66	722200
2014-03-03	22.68	22.76	22.47	22.51	606600
2014-03-04	23.66	23.75	22.82	22.85	1253100
2014-03-05	23.72	23.75	23.54	23.61	845400
2014-03-06	23.74	23.78	23.57	23.77	1090400
2014-03-07	23.51	23.71	23.44	23.64	630800
2014-03-10	23.64	23.67	23.47	23.47	650000
2014-03-11	23.67	23.67	23.46	23.63	815900
2014-03-12	23.86	23.87	23.51	23.54	672300
2014-03-13	23.68	24.00	23.68	23.97	1162600
2014-03-14	23.74	23.77	23.53	23.61	969100
2014-03-17	23.92	23.98	23.74	23.76	654200
2014-03-18	24.04	24.15	23.93	23.93	978600
2014-03-19	23.73	24.00	23.51	23.96	986000
2014-03-20	23.75	23.79	23.44	23.64	597800
2014-03-21	23.90	23.98	23.75	23.75	903000
2014-03-24	24.04	24.06	23.86	23.93	454400
2014-03-25	23.93	24.09	23.81	24.06	499800
2014-03-26	24.01	24.11	23.94	23.95	491700
2014-03-27	24.22	24.32	24.00	24.05	566500
2014-03-28	24.30	24.30	24.15	24.15	548000
2014-03-31	24.41	24.45	24.33	24.33	441100
2014-04-01	24.85	24.86	24.35	24.39	864500
2014-04-02	24.96	25.03	24.72	24.87	980400
2014-04-03	24.63	25.01	24.59	24.98	812900
2014-04-04	24.75	24.93	24.61	24.75	735400
2014-04-07	24.66	24.87	24.64	24.66	593100
2014-04-08	25.00	25.05	24.62	24.74	546100
2014-04-09	25.18	25.24	24.98	24.98	644600
2014-04-10	25.07	25.20	24.99	25.06	842600
2014-04-11	25.00	25.18	24.94	24.96	494800
2014-04-14	24.88	25.06	24.74	25.05	733200
2014-04-15	24.77	24.98	24.64	24.73	1493500
2014-04-16	25.14	25.23	24.83	24.83	821900
2014-04-17	25.19	25.35	25.04	25.19	1061000
2014-04-21	25.18	25.29	24.97	25.05	720300
2014-04-22	25.26	25.43	25.15	25.28	611400
2014-04-23	25.22	25.34	25.21	25.21	450200
2014-04-24	25.31	25.45	25.19	25.34	486600
2014-04-25	25.45	25.45	25.22	25.28	635500
2014-04-28	25.55	25.58	25.39	25.52	536800
2014-04-29	25.86	25.89	25.62	25.65	540600
2014-04-30	25.90	25.95	25.75	25.87	998800
2014-05-01	26.08	26.26	25.88	25.89	828800
2014-05-02	26.00	26.10	25.85	26.04	527900
2014-05-05	25.98	26.08	25.87	25.96	589300
2014-05-06	26.11	26.15	25.97	26.07	557400
2014-05-07	26.27	26.33	25.82	26.15	943000
2014-05-08	26.10	26.42	26.06	26.26	554300
2014-05-09	25.79	26.08	25.72	25.95	547600
2014-05-12	25.80	25.90	25.65	25.87	900600
2014-05-13	25.73	26.00	25.60	25.95	830200
2014-05-14	25.76	25.85	25.71	25.72	573100
2014-05-15	25.75	25.95	25.70	25.80	794700
2014-05-16	25.86	25.90	25.73	25.81	656500
2014-05-19	25.78	25.88	25.73	25.87	220500
2014-05-20	25.80	25.87	25.64	25.66	314200
2014-05-21	26.12	26.15	25.73	25.79	431300
2014-05-22	26.03	26.23	26.03	26.12	330200
2014-05-23	26.04	26.14	25.86	26.11	360600
2014-05-27	25.81	26.00	25.66	25.90	512800
2014-05-28	25.75	25.85	25.57	25.85	734900
2014-05-29	25.52	25.88	25.36	25.88	1256400
2014-05-30	25.65	25.74	25.30	25.53	1011000
2014-06-02	25.68	25.75	25.50	25.55	454200
2014-06-03	25.69	25.81	25.63	25.64	623300
2014-06-04	25.56	25.65	25.30	25.59	1124800
2014-06-05	25.50	25.63	25.34	25.57	626900
2014-06-06	25.33	25.56	25.30	25.56	1078000
2014-06-09	25.17	25.44	25.10	25.31	1363900
2014-06-10	25.10	25.15	25.03	25.11	534000
2014-06-11	25.11	25.41	25.10	25.14	849200
2014-06-12	25.25	25.26	24.98	25.19	719100
2014-06-13	25.39	25.50	25.20	25.21	540100
2014-06-16	25.66	25.69	25.41	25.47	434000
2014-06-17	25.81	25.88	25.72	25.74	423100
2014-06-18	25.57	26.03	25.29	26.00	867500
2014-06-19	25.35	25.48	25.14	25.32	2512300
2014-06-20	25.51	25.58	25.33	25.51	1045800
2014-06-23	25.48	25.59	25.40	25.57	479600
2014-06-24	25.44	25.56	25.31	25.43	504100
2014-06-25	25.49	25.57	25.36	25.48	716900
2014-06-26	25.50	25.59	25.30	25.56	706600
2014-06-27	25.62	25.62	25.35	25.39	655800
2014-06-30	25.64	25.71	25.51	25.53	586300
2014-07-01	25.80	25.87	25.62	25.68	608800
2014-07-02	25.75	25.87	25.58	25.68	628800
2014-07-03	25.78	25.80	25.67	25.77	348100
2014-07-07	25.53	25.69	25.32	25.66	649500
2014-07-08	25.48	25.56	25.27	25.47	709100
2014-07-09	25.74	25.77	25.37	25.42	627700
2014-07-10	25.73	25.77	25.50	25.56	876400
2014-07-11	25.43	25.66	25.39	25.64	427400
2014-07-14	25.68	25.72	25.42	25.46	577400
2014-07-15	25.67	25.69	25.51	25.63	405700
2014-07-16	25.99	26.04	25.60	25.69	681000
2014-07-17	26.24	26.35	25.88	25.94	1108800
2014-07-18	26.42	26.61	26.20	26.30	668200
2014-07-21	26.51	26.55	26.20	26.41	520200
2014-07-22	26.81	26.88	26.46	26.46	1055200
2014-07-23	27.33	27.39	26.75	26.80	973500
2014-07-24	27.66	27.67	27.28	27.29	1041300
2014-07-25	27.55	27.66	27.50	27.57	865600
2014-07-28	27.57	27.63	27.41	27.51	733000
2014-07-29	27.38	27.66	27.37	27.53	845500
2014-07-30	27.14	27.35	26.92	27.35	697100
2014-07-31	26.45	27.14	26.42	27.11	1519900
2014-08-01	26.65	26.78	26.28	26.33	1238300
2014-08-04	26.81	26.89	26.54	26.72	642100
2014-08-05	26.40	26.75	26.28	26.63	1173000
2014-08-06	26.46	26.66	26.25	26.32	968900
2014-08-07	26.31	26.54	26.12	26.47	538100
2014-08-08	26.32	26.57	26.07	26.10	541000
2014-08-11	26.46	26.72	26.44	26.50	1015300
2014-08-12	26.46	26.53	26.29	26.44	489700
2014-08-13	26.65	26.73	26.35	26.69	444200
2014-08-14	26.72	26.85	26.61	26.75	438900
2014-08-15	26.86	26.95	26.46	26.83	1002900
2014-08-18	26.89	27.07	26.88	26.94	527900
2014-08-19	27.05	27.14	26.85	26.85	665000
2014-08-20	27.36	27.38	26.99	27.04	762900
2014-08-21	27.29	27.51	27.25	27.46	1278200
2014-08-22	27.09	27.34	27.05	27.30	1804000
2014-08-25	27.14	27.26	27.04	27.16	1127100
2014-08-26	27.02	27.23	26.97	27.14	546000
2014-08-27	27.39	27.41	27.13	27.19	883200
2014-08-28	27.32	27.45	27.16	27.41	760000
2014-08-29	27.10	27.32	26.95	27.29	974000
2014-09-02	27.33	27.37	26.99	27.05	786500
2014-09-03	27.53	27.61	27.32	27.32	844700
2014-09-04	27.46	27.69	27.34	27.65	783500
2014-09-05	27.59	27.66	27.28	27.47	975400
2014-09-08	27.45	27.54	27.32	27.45	874800
2014-09-09	27.79	27.90	27.29	27.38	1161700
2014-09-10	27.72	27.92	27.50	27.82	698100
2014-09-11	27.50	27.78	27.38	27.58	581100
2014-09-12	27.02	27.40	26.94	27.40	845300
2014-09-15	26.86	27.04	26.58	27.03	700700
2014-09-16	27.13	27.31	26.77	26.85	561600
2014-09-17	26.80	27.43	26.75	27.41	1193700
2014-09-18	27.41	27.42	26.70	26.92	1342400
2014-09-19	28.01	28.24	27.45	27.50	1663900
2014-09-22	27.40	27.86	27.36	27.78	1048600
2014-09-23	27.07	27.43	27.00	27.17	814100
2014-09-24	26.70	27.05	26.54	26.97	1181300
2014-09-25	25.97	26.66	25.96	26.66	1988800
2014-09-26	26.22	26.34	25.70	25.92	811900
2014-09-29	26.24	26.33	25.74	26.09	1093400
2014-09-30	26.03	26.33	25.92	26.07	1986800
2014-10-01	25.79	26.22	25.65	26.01	1987600
2014-10-02	25.49	25.83	24.73	25.83	2058700
2014-10-03	25.34	25.53	25.15	25.43	1725100
2014-10-06	25.53	25.64	25.34	25.52	957700
2014-10-07	25.23	25.56	25.21	25.42	801800
2014-10-08	25.23	25.32	24.70	25.23	983300
2014-10-09	24.79	25.22	24.66	25.20	1712000
2014-10-10	24.40	24.78	24.08	24.71	1603800
2014-10-13	23.67	24.65	23.66	24.35	1090100
2014-10-14	23.39	24.21	23.28	23.76	1516900
2014-10-15	23.79	23.87	22.91	23.24	1638200
2014-10-16	24.53	24.83	23.41	23.55	1837500
2014-10-17	24.58	24.75	24.29	24.70	1356400
2014-10-20	24.86	24.93	24.37	24.57	1014700
2014-10-21	25.29	25.30	24.92	25.08	891100
2014-10-22	24.68	25.44	24.65	25.18	1384200
2014-10-23	25.30	25.46	24.87	24.87	1117100
2014-10-24	25.45	25.57	25.19	25.41	815600
2014-10-27	25.31	25.52	25.15	25.32	580000
2014-10-28	25.92	25.96	25.31	25.47	967500
2014-10-29	25.74	26.10	25.45	26.05	1135500
2014-10-30	25.70	25.96	25.60	25.67	883200
2014-10-31	25.74	26.16	25.60	25.63	1136600
2014-11-03	25.46	25.76	25.40	25.70	1386100
2014-11-04	24.91	25.51	24.72	25.43	1421200
2014-11-05	24.85	25.14	24.75	25.04	1052700
2014-11-06	24.54	24.97	24.47	24.77	1076900
2014-11-07	24.96	25.12	24.65	24.67	1148000
2014-11-10	24.69	25.33	24.60	25.33	899600
2014-11-11	25.04	25.05	24.44	24.70	1187400
2014-11-12	25.09	25.23	24.85	25.03	1070600
2014-11-13	24.87	25.29	24.76	25.11	1086100
2014-11-14	24.83	25.02	24.79	24.95	548400
2014-11-17	24.70	25.01	24.66	24.69	1099300
2014-11-18	24.88	25.09	24.79	24.82	869100
2014-11-19	25.17	25.28	24.88	25.03	1188900
2014-11-20	25.41	25.55	25.08	25.16	813700
2014-11-21	25.50	25.75	25.41	25.68	682700
2014-11-24	25.44	25.76	25.40	25.47	743600
2014-11-25	25.71	25.97	25.45	25.54	1154600
2014-11-26	26.09	26.25	25.52	25.76	1303300
2014-11-28	25.16	25.41	25.06	25.34	716800
2014-12-01	25.09	25.47	24.79	25.27	1343200
2014-12-02	25.27	25.45	24.95	25.02	1219400
2014-12-03	26.20	26.25	25.28	25.38	1149800
2014-12-04	28.90	31.30	28.66	30.03	7128700
2014-12-05	27.99	28.91	27.90	28.21	2655800
2014-12-08	26.81	27.85	26.57	27.50	2520300
2014-12-09	27.06	27.08	26.50	26.73	2135100
2014-12-10	26.26	26.87	25.83	26.75	2158400
2014-12-11	26.27	26.90	26.11	26.11	1194000
2014-12-12	25.69	26.41	25.49	26.05	1073500
2014-12-15	25.55	26.28	25.20	25.69	1055300
2014-12-16	25.68	26.19	25.45	25.45	1202000
2014-12-17	25.94	26.21	25.37	25.71	1585500
2014-12-18	26.45	27.03	25.94	26.65	962200
2014-12-19	27.24	27.38	26.41	26.63	1580500
2014-12-22	27.36	27.46	26.81	27.10	1000300
2014-12-23	27.62	27.84	27.39	27.60	757100
2014-12-24	27.71	27.80	27.42	27.63	371800
2014-12-26	27.90	28.04	27.71	27.74	446500
2014-12-29	28.05	28.34	27.78	27.90	1027000
2014-12-30	28.13	28.24	27.76	27.99	619600
2014-12-31	28.14	28.37	27.75	28.04	795400
2015-01-02	28.11	28.33	27.92	27.93	737000
2015-01-05	27.04	28.07	26.98	27.86	1259500
2015-01-06	25.91	26.87	25.67	26.87	1496400
2015-01-07	25.69	26.24	25.55	26.24	1313100
2015-01-08	25.97	26.23	25.80	26.17	1522200
2015-01-09	25.58	26.15	25.55	25.96	1450900
2015-01-12	24.98	25.46	24.87	25.38	1471200
2015-01-13	24.48	25.21	24.22	25.02	1491300
2015-01-14	24.63	24.77	24.08	24.27	1281000
2015-01-15	24.64	24.93	24.35	24.93	1396300
2015-01-16	25.86	25.89	24.49	24.60	1537000
2015-01-20	25.80	26.10	25.06	25.78	1891200
2015-01-21	26.56	26.59	25.74	25.75	1559500
2015-01-22	27.10	27.33	26.53	26.62	1168100
2015-01-23	27.20	27.45	27.12	27.12	818700
2015-01-26	27.40	27.69	27.01	27.19	730100
2015-01-27	27.65	27.81	27.24	27.30	790400
2015-01-28	26.91	27.76	26.90	27.67	824600
2015-01-29	26.75	27.45	26.42	26.87	972200
2015-01-30	26.50	26.91	25.99	26.25	948400
2015-02-02	27.24	27.30	26.76	27.15	713200
2015-02-03	27.81	28.10	27.26	27.51	1262700
2015-02-04	27.35	27.61	26.83	27.51	1092200
2015-02-05	27.78	27.89	27.62	27.66	1173100
2015-02-06	26.74	27.87	26.43	27.81	1278700
2015-02-09	26.70	27.23	26.56	26.90	927900
2015-02-10	26.66	26.76	26.07	26.70	707900
2015-02-11	26.84	27.10	26.44	26.53	760800
2015-02-12	27.36	27.62	27.12	27.17	731000
2015-02-13	27.24	27.65	27.22	27.60	492600
2015-02-17	27.57	27.85	27.36	27.37	542400
2015-02-18	27.37	27.51	27.06	27.33	480500
2015-02-19	27.22	27.42	27.01	27.06	732000
2015-02-20	27.17	27.42	26.98	27.18	734000
2015-02-23	26.85	27.11	26.69	26.99	789000
2015-02-24	26.69	26.88	26.48	26.81	1154400
2015-02-25	26.27	26.99	26.19	26.82	949900
2015-02-26	25.38	26.06	25.34	26.06	1344900
2015-02-27	25.63	25.96	25.41	25.45	1348500
2015-03-02	25.60	25.85	25.52	25.64	854900
2015-03-03	25.63	25.85	25.39	25.74	1251700
2015-03-04	25.55	25.63	25.33	25.51	1203500
2015-03-05	25.65	25.77	25.50	25.55	1039500
2015-03-06	25.84	25.94	25.48	25.51	1621700
2015-03-09	25.55	26.30	25.54	26.00	795100
2015-03-10	25.06	25.45	25.01	25.27	588900
2015-03-11	25.15	25.23	24.83	25.07	571600
2015-03-12	25.56	25.60	25.11	25.34	906500
2015-03-13	25.49	25.56	25.17	25.34	805300
2015-03-16	25.74	25.86	25.38	25.53	614500
2015-03-17	26.50	26.62	25.68	25.74	1309800
2015-03-18	27.22	27.33	26.24	26.35	927400
2015-03-19	26.37	26.93	26.35	26.87	685900
2015-03-20	26.73	27.03	26.57	26.72	1015500
2015-03-23	26.73	27.10	26.51	26.89	770800
2015-03-24	27.39	27.50	26.59	26.80	1215700
2015-03-25	27.54	27.66	27.39	27.46	1279300
2015-03-26	27.03	27.84	26.96	27.63	624900
2015-03-27	26.75	27.12	26.44	27.03	842900
2015-03-30	26.67	27.22	26.60	26.73	726200
2015-03-31	26.76	26.96	26.28	26.46	788100
2015-04-01	26.26	26.82	26.20	26.72	806600
2015-04-02	26.61	26.68	26.23	26.23	534100
2015-04-06	27.15	27.24	26.73	26.79	1174000
2015-04-07	27.35	27.79	27.09	27.13	1162300
2015-04-08	27.25	27.74	27.23	27.48	1247300
2015-04-09	27.58	27.72	27.23	27.24	678400
2015-04-10	27.78	27.83	27.51	27.56	387600
2015-04-13	27.81	28.07	27.69	27.83	620400
2015-04-14	28.29	28.56	28.05	28.08	1340400
2015-04-15	28.83	28.89	28.38	28.38	687500
2015-04-16	29.16	29.36	28.45	28.81	1111900
2015-04-17	29.23	29.30	28.90	29.12	752700
2015-04-20	29.43	29.85	29.15	29.27	992000
2015-04-21	29.18	29.48	28.95	29.37	819200
2015-04-22	29.43	29.51	28.95	29.26	578700
2015-04-23	29.64	29.98	29.15	29.27	1156400
2015-04-24	29.70	29.88	29.57	29.68	737400
2015-04-27	30.00	30.03	29.59	29.82	649000
2015-04-28	29.71	29.99	29.57	29.90	615300
2015-04-29	29.42	29.76	29.26	29.60	639600
2015-04-30	28.88	29.24	28.78	29.18	1352300
2015-05-01	28.77	28.95	28.57	28.69	862800
2015-05-04	29.01	29.03	28.77	28.79	792400
2015-05-05	28.67	29.18	28.45	29.11	711300
2015-05-06	27.99	28.64	27.79	28.64	1464200
2015-05-07	27.85	27.87	27.34	27.85	796200
2015-05-08	28.36	28.38	27.77	27.95	1236800
2015-05-11	28.37	28.56	28.15	28.35	775300
2015-05-12	28.49	28.74	28.21	28.42	726300
2015-05-13	28.35	28.90	28.22	28.77	550700
2015-05-14	28.02	28.59	27.95	28.47	633800
2015-05-15	28.55	28.59	27.65	27.95	739500
2015-05-18	28.39	28.55	28.30	28.54	294800
2015-05-19	27.97	28.34	27.78	28.17	734200
2015-05-20	27.82	28.18	27.67	28.04	709400
2015-05-21	28.42	28.53	27.87	27.93	650600
2015-05-22	28.03	28.37	28.01	28.30	579600
2015-05-26	27.08	27.30	26.86	27.21	1346600
2015-05-27	26.94	27.10	26.73	26.98	1027500
2015-05-28	27.02	27.03	26.71	26.75	733600
2015-05-29	26.64	26.90	26.48	26.90	860200
2015-06-01	26.83	27.19	26.64	26.77	824500
2015-06-02	27.16	27.27	26.95	27.04	874800
2015-06-03	26.93	27.21	26.88	27.07	701300
2015-06-04	26.31	26.81	26.22	26.74	1008700
2015-06-05	26.12	26.39	25.96	26.11	843600
2015-06-08	25.25	26.06	25.07	26.04	1546600
2015-06-09	25.55	25.76	25.19	25.37	811300
2015-06-10	25.77	26.15	25.74	25.92	720200
2015-06-11	25.59	25.79	25.55	25.74	473300
2015-06-12	25.18	25.36	24.96	25.32	1443900
2015-06-15	25.18	25.33	24.98	25.06	1128600
2015-06-16	25.10	25.31	24.87	25.12	605400
2015-06-17	25.24	25.30	24.87	25.16	637000
2015-06-18	25.27	25.42	25.12	25.30	712200
2015-06-19	25.99	26.13	25.01	25.02	1717500
2015-06-22	26.51	26.63	25.94	25.94	1434200
2015-06-23	26.84	26.89	26.49	26.50	1154400
2015-06-24	27.13	27.23	26.70	26.70	1147300
2015-06-25	26.98	27.29	26.92	27.11	1098800
2015-06-26	26.75	26.84	26.41	26.83	1409000
2015-06-29	26.01	26.35	25.87	26.35	843500
2015-06-30	26.01	26.14	25.72	26.05	1061100
2015-07-01	25.72	26.05	25.62	26.05	917500
2015-07-02	26.07	26.17	25.34	25.75	885700
2015-07-06	25.30	25.71	25.22	25.50	750000
2015-07-07	25.66	25.69	24.81	25.20	1010600
2015-07-08	25.43	25.73	25.26	25.41	851600
2015-07-09	25.12	25.79	25.06	25.70	944500
2015-07-10	25.29	25.45	25.01	25.41	713500
2015-07-13	25.64	25.79	25.36	25.57	678000
2015-07-14	25.37	25.57	25.22	25.56	673800
2015-07-15	25.17	25.56	25.00	25.22	670300
2015-07-16	25.47	25.58	25.05	25.29	481300
2015-07-17	25.50	25.61	25.25	25.57	860100
2015-07-20	24.92	25.56	24.80	25.56	642600
2015-07-21	24.75	25.10	24.60	24.98	695900
2015-07-22	23.78	24.55	23.67	24.55	1244700
2015-07-23	23.58	23.89	23.46	23.85	1047800
2015-07-24	23.67	23.80	23.42	23.47	953400
2015-07-27	23.37	23.58	23.24	23.57	711300
2015-07-28	23.81	23.86	23.11	23.40	1235200
2015-07-29	23.83	24.09	23.66	23.82	927600
2015-07-30	24.05	24.08	23.71	23.80	716400
2015-07-31	24.22	24.78	24.10	24.41	1467200
2015-08-03	23.82	24.13	23.78	24.05	488900
2015-08-04	24.26	24.72	24.00	24.08	1242300
2015-08-05	24.00	24.84	23.92	24.55	1436100
2015-08-06	23.99	24.12	23.69	24.00	1566000
2015-08-07	23.65	23.95	23.56	23.82	932700
2015-08-10	23.99	24.10	23.53	23.73	925400
2015-08-11	23.81	23.85	23.46	23.69	868300
2015-08-12	23.92	23.94	23.62	23.85	1024500
2015-08-13	23.59	23.88	23.42	23.78	745000
2015-08-14	23.93	24.02	23.60	23.66	624700
2015-08-17	23.92	23.98	23.57	23.69	668500
2015-08-18	23.71	23.94	23.46	23.90	950400
2015-08-19	23.06	23.64	23.04	23.54	1547100
2015-08-20	22.35	22.88	22.33	22.78	1868700
2015-08-21	22.23	22.54	22.12	22.17	2096100
2015-08-24	21.37	22.17	20.76	21.15	2439300
2015-08-25	21.24	22.04	21.20	21.91	1686400
2015-08-26	21.48	21.70	21.03	21.69	1734600
2015-08-27	22.49	22.68	21.67	21.88	1963000
2015-08-28	22.74	22.86	22.26	22.31	1401300
2015-08-31	23.11	23.25	22.00	22.62	1554100
2015-09-01	22.38	22.78	22.25	22.63	1388600
2015-09-02	22.30	22.62	21.84	22.55	1478400
2015-09-03	22.88	23.02	22.28	22.33	1458600
2015-09-04	22.67	22.78	22.50	22.53	1141000
2015-09-08	22.85	23.08	22.74	22.92	1243000
2015-09-09	22.65	23.24	22.58	22.90	1174000
2015-09-10	22.56	22.90	22.51	22.66	847700
2015-09-11	21.96	22.36	21.89	22.33	1059900
2015-09-14	21.44	21.95	21.43	21.93	1415900
2015-09-15	21.35	21.64	21.22	21.45	2160200
2015-09-16	22.07	22.12	21.44	21.55	1534600
2015-09-17	21.89	22.20	21.77	22.03	1417600
2015-09-18	21.77	22.18	21.62	21.69	1077500
2015-09-21	22.37	22.46	21.76	21.88	971700
2015-09-22	22.17	22.26	21.95	21.99	1258500
2015-09-23	21.71	22.30	21.71	22.23	881100
2015-09-24	21.47	21.58	21.26	21.47	1372200
2015-09-25	21.59	21.85	21.54	21.68	868100
2015-09-28	20.89	21.58	20.70	21.38	1563500
2015-09-29	20.27	20.98	19.92	20.88	1881900
2015-09-30	20.82	20.84	20.21	20.50	1608900
2015-10-01	20.95	21.44	20.69	21.05	1411700
2015-10-02	21.81	21.82	20.88	20.92	1015400
2015-10-05	23.20	23.24	22.10	22.14	1691900
2015-10-06	23.34	23.57	23.09	23.24	1346400
2015-10-07	23.98	24.11	23.55	23.62	1533000
2015-10-08	24.06	24.20	23.52	23.98	1315000
2015-10-09	23.93	24.25	23.75	24.25	1391400
2015-10-12	23.80	23.98	23.60	23.88	611100
2015-10-13	23.98	24.13	23.53	23.58	1845400
2015-10-14	24.18	24.25	23.84	24.05	1593100
2015-10-15	24.59	24.75	24.08	24.17	1195600
2015-10-16	24.58	24.76	24.55	24.63	794800
2015-10-19	24.18	24.39	23.97	24.31	1460900
2015-10-20	24.56	24.68	24.02	24.15	1298100
2015-10-21	24.40	24.74	24.35	24.53	1483500
2015-10-22	24.48	24.66	24.27	24.51	1883000
2015-10-23	24.22	24.59	24.04	24.55	1058100
2015-10-26	23.70	24.30	23.70	24.25	857000
2015-10-27	23.24	23.53	23.05	23.46	1264900
2015-10-28	24.18	24.26	23.27	23.41	1181100
2015-10-29	24.30	24.38	23.92	24.11	898000
2015-10-30	23.93	24.44	23.93	24.32	1545400
2015-11-02	23.84	24.12	23.66	23.79	1069400
2015-11-03	24.05	24.13	23.57	23.89	1803700
2015-11-04	23.32	24.11	23.11	24.09	1694100
2015-11-05	22.51	23.20	22.47	23.07	1596100
2015-11-06	21.81	22.21	21.31	22.21	1823200
2015-11-09	21.29	22.02	21.18	21.82	1318800
2015-11-10	21.17	21.40	20.92	21.11	1161700
2015-11-11	21.16	21.24	20.77	21.16	1525900
2015-11-12	20.75	20.98	20.67	20.87	2268800
2015-11-13	20.50	20.83	20.36	20.67	2076200
2015-11-16	20.98	20.99	20.43	20.45	1718500
2015-11-17	21.10	21.27	20.75	20.96	1397600
2015-11-18	21.34	21.50	20.99	21.16	1361000
2015-11-19	21.11	21.45	21.07	21.34	1305300
2015-11-20	20.58	21.19	20.51	21.19	1429900
2015-11-23	20.49	20.97	20.38	20.38	1977300
2015-11-24	20.70	20.89	20.54	20.54	1458800
2015-11-25	20.47	20.85	20.40	20.71	1146200
2015-11-27	20.01	20.20	19.71	19.91	1152000
2015-11-30	20.06	20.16	19.76	19.95	1493400
2015-12-01	20.42	20.45	20.01	20.07	1537200
2015-12-02	20.03	20.58	19.88	20.26	1666300
2015-12-03	19.44	20.29	19.38	20.15	1326900
2015-12-04	19.08	19.32	18.91	19.29	2076500
2015-12-07	17.55	18.69	17.34	18.67	2905500
2015-12-08	17.44	17.72	17.07	17.20	3746300
2015-12-09	18.01	18.40	17.66	17.74	3435600
2015-12-10	18.06	18.35	17.78	17.93	1649200
2015-12-11	17.10	17.85	17.03	17.78	2941300
2015-12-14	16.93	17.12	16.52	16.99	2389100
2015-12-15	17.50	17.67	17.24	17.24	2176900
2015-12-16	18.07	18.16	17.44	17.50	2717000
2015-12-17	17.80	18.14	17.75	18.10	4800400
2015-12-18	17.74	18.06	17.72	17.84	4500500
2015-12-21	17.64	17.87	17.43	17.86	2738700
2015-12-22	18.10	18.18	17.63	17.66	2563600
2015-12-23	18.95	18.96	18.31	18.44	2002200
2015-12-24	18.97	19.19	18.91	19.07	760900
2015-12-28	18.67	18.74	18.52	18.66	912900
2015-12-29	18.88	19.19	18.71	19.04	1386100
2015-12-30	18.57	18.83	18.35	18.61	1007300
2015-12-31	18.78	18.82	18.38	18.45	1490900
2016-01-04	18.62	18.66	18.18	18.46	1963800
2016-01-05	18.61	18.63	18.29	18.53	1957700
2016-01-06	17.92	18.28	17.78	18.15	2323500
2016-01-07	17.54	18.00	17.41	17.58	1478600
2016-01-08	17.94	18.20	17.55	17.57	1469400
2016-01-11	17.62	18.10	17.41	18.06	1237500
2016-01-12	17.68	18.07	17.21	17.84	1947600
2016-01-13	16.87	18.05	16.60	17.94	1304900
2016-01-14	17.64	17.70	16.96	17.04	2647100
2016-01-15	17.15	17.29	16.56	16.72	1699000
2016-01-19	17.13	17.35	16.70	17.19	2425600
2016-01-20	16.09	16.77	15.52	16.61	3299600
2016-01-21	17.69	17.74	16.16	16.26	3914700
2016-01-22	18.93	18.97	18.07	18.40	2790600
2016-01-25	17.85	19.09	17.84	18.70	2128500
2016-01-26	18.44	18.64	17.78	18.21	1568000
2016-01-27	18.20	18.77	17.75	18.41	1421300
2016-01-28	18.70	19.12	18.36	18.91	1425700
2016-01-29	19.58	19.64	18.76	19.08	1265100
2016-02-01	19.09	19.22	18.72	19.19	1091700
2016-02-02	18.60	18.72	18.18	18.45	1208300
2016-02-03	19.66	19.72	18.52	19.21	1510600
2016-02-04	19.62	20.08	19.50	19.64	1251100
2016-02-05	19.18	19.49	19.05	19.45	1284800
2016-02-08	18.86	18.95	18.30	18.84	1520300
2016-02-09	18.24	18.79	17.94	18.56	1707100
2016-02-10	17.86	18.35	17.81	18.20	1960500
2016-02-11	17.66	18.00	17.30	17.57	1889400
2016-02-12	18.26	18.74	18.01	18.09	1314300
2016-02-16	18.65	18.79	17.98	18.74	1355400
2016-02-17	19.01	19.30	18.64	19.07	1419800
2016-02-18	18.38	19.31	18.21	19.31	2371900
2016-02-19	17.95	18.27	17.56	18.24	1637700
2016-02-22	18.28	18.76	18.24	18.51	1589300
2016-02-23	17.78	18.17	17.68	18.16	1458700
2016-02-24	18.04	18.11	16.97	17.46	1224300
2016-02-25	19.30	19.31	17.12	17.65	9846100
2016-02-26	19.90	20.24	19.52	19.57	3367900
2016-02-29	20.23	20.29	19.88	19.90	2341600
2016-03-01	20.08	20.65	19.94	20.02	1847100
2016-03-02	19.91	20.08	19.56	20.00	1180200
2016-03-03	20.24	20.36	19.76	19.93	1624800
2016-03-04	21.02	21.08	20.28	20.39	1781400
2016-03-07	21.57	21.59	20.94	20.99	1725600
2016-03-08	21.27	21.63	21.25	21.41	2305000
2016-03-09	21.87	21.93	21.37	21.42	2120300
2016-03-10	21.82	22.01	21.46	21.84	1636500
2016-03-11	22.17	22.24	21.76	22.12	1218000
2016-03-14	21.56	21.94	21.49	21.85	1056300
2016-03-15	21.46	21.53	20.95	21.30	935800
2016-03-16	21.97	22.07	21.46	21.61	1508200
2016-03-17	22.37	22.57	22.21	22.28	1220400
2016-03-18	21.75	22.42	21.47	22.35	2069900
2016-03-21	21.69	21.85	21.27	21.73	1049400
2016-03-22	21.81	21.98	21.58	21.61	1070500
2016-03-23	21.35	21.87	21.21	21.84	818200
2016-03-24	21.46	21.63	20.94	21.03	931300
2016-03-28	21.65	21.67	21.25	21.54	848900
2016-03-29	21.54	21.59	21.19	21.37	1172400
2016-03-30	22.16	22.38	21.81	21.83	1040500
2016-03-31	22.29	22.51	22.16	22.16	861400
2016-04-01	21.73	22.12	21.62	22.09	662200
2016-04-04	21.73	21.97	21.62	21.81	548300
2016-04-05	21.23	21.55	21.20	21.49	669300
2016-04-06	21.69	21.73	21.29	21.34	631500
2016-04-07	21.59	21.70	21.37	21.48	617300
2016-04-08	22.32	22.37	22.02	22.10	842900
2016-04-11	22.41	22.73	22.40	22.49	896300
2016-04-12	23.04	23.25	22.26	22.34	1225100
2016-04-13	23.26	23.29	22.93	23.12	762200
2016-04-14	23.24	23.34	23.00	23.32	570000
2016-04-15	23.20	23.22	22.90	23.01	1210800
2016-04-18	23.70	23.71	22.65	22.65	1093900
2016-04-19	24.23	24.25	23.75	23.89	826900
2016-04-20	24.24	24.57	24.06	24.22	1045100
2016-04-21	24.15	24.34	24.03	24.13	655000
2016-04-22	24.34	24.41	24.11	24.27	1044600
2016-04-25	23.97	24.41	23.86	24.32	802800
2016-04-26	23.81	24.36	23.77	24.17	1229200
2016-04-27	24.02	24.21	23.74	24.03	1176000
2016-04-28	24.00	24.38	23.78	23.91	633400
2016-04-29	23.79	24.16	23.77	23.91	952200
2016-05-02	23.67	23.78	23.52	23.68	934800
2016-05-03	23.15	23.48	23.04	23.37	898500
2016-05-04	22.67	23.27	22.38	23.04	813800
2016-05-05	22.40	23.04	22.34	23.03	1318800
2016-05-06	22.50	22.61	22.13	22.23	1018100
2016-05-09	22.06	22.49	22.00	22.40	870500
2016-05-10	22.91	23.05	22.25	22.34	783800
2016-05-11	22.80	22.98	22.52	22.96	1168400
2016-05-12	23.29	23.64	23.12	23.54	1063200
2016-05-13	23.13	23.54	23.03	23.15	892300
2016-05-16	23.43	23.65	23.26	23.26	966400
2016-05-17	23.66	24.04	23.30	23.33	908000
2016-05-18	23.27	23.81	23.10	23.53	708300
2016-05-19	23.00	23.02	22.54	22.83	815800
2016-05-20	23.32	23.36	23.05	23.05	750200
2016-05-23	23.08	23.29	23.01	23.17	397900
2016-05-24	23.32	23.52	23.12	23.34	894700
2016-05-25	23.68	23.76	23.36	23.48	736400
2016-05-26	23.52	23.98	23.45	23.97	634500
2016-05-27	23.42	23.61	23.11	23.34	758800
2016-05-31	23.09	23.47	22.91	23.24	1129200
2016-06-01	23.24	23.31	22.86	23.09	730800
2016-06-02	23.41	23.48	23.04	23.05	648800
2016-06-03	23.76	23.86	23.50	23.65	543000
2016-06-06	24.28	24.37	23.83	23.90	715000
2016-06-07	24.71	24.92	24.42	24.42	891700
2016-06-08	24.62	25.11	24.50	25.03	705400
2016-06-09	24.56	24.63	24.32	24.32	444000
2016-06-10	24.27	24.61	24.12	24.32	610800
2016-06-13	24.48	24.57	23.99	24.04	947400
2016-06-14	24.03	24.60	23.81	24.39	1321300
2016-06-15	23.86	24.11	23.75	23.81	904000
2016-06-16	23.52	23.61	23.23	23.52	1330900
2016-06-17	23.80	23.89	23.60	23.67	2540400
2016-06-20	24.31	24.45	24.03	24.19	1305000
2016-06-21	24.50	24.62	24.16	24.25	932400
2016-06-22	24.52	24.74	24.46	24.59	987800
2016-06-23	24.91	24.93	24.76	24.84	1120400
2016-06-24	24.04	24.47	23.46	24.26	1769100
2016-06-27	23.77	23.83	23.38	23.74	1417800
2016-06-28	23.95	24.11	23.65	23.92	581400
2016-06-29	24.36	24.40	24.16	24.21	757300
2016-06-30	24.52	24.57	24.13	24.38	1016800
2016-07-01	25.11	25.17	24.51	24.52	952400
2016-07-05	24.39	24.97	24.27	24.79	1051100
2016-07-06	24.41	24.51	24.03	24.27	1187300
2016-07-07	23.96	24.76	23.82	24.72	1348800
2016-07-08	23.92	24.23	23.89	24.11	1184700
2016-07-11	24.07	24.15	23.86	23.92	850100
2016-07-12	24.61	24.64	24.25	24.45	749100
2016-07-13	24.37	24.74	24.28	24.58	1338500
2016-07-14	24.19	24.70	24.18	24.59	1316000
2016-07-15	24.14	24.31	23.97	24.29	868400
2016-07-18	24.29	24.31	23.79	24.03	895300
2016-07-19	24.23	24.25	23.94	24.15	784300
2016-07-20	23.75	24.23	23.65	23.89	999200
2016-07-21	23.55	23.74	23.38	23.72	1347300
2016-07-22	23.25	23.64	23.13	23.60	671900
2016-07-25	22.82	23.15	22.80	23.07	1064500
2016-07-26	22.74	22.91	22.33	22.76	1350900
2016-07-27	22.42	22.89	22.33	22.75	1471900
2016-07-28	22.62	22.71	22.38	22.45	1272900
2016-07-29	23.81	23.84	22.54	22.62	1402200
2016-08-01	23.16	23.56	23.05	23.51	1024400
2016-08-02	23.39	23.66	23.25	23.48	1384700
2016-08-03	23.48	23.51	23.10	23.37	1868100
2016-08-04	23.90	23.97	23.48	23.49	763000
2016-08-05	23.91	24.04	23.75	23.85	730600
2016-08-08	24.30	24.36	23.97	24.05	497300
2016-08-09	24.12	24.43	24.08	24.30	949100
2016-08-10	24.08	24.35	24.02	24.30	581200
2016-08-11	24.51	24.54	24.16	24.37	596000
2016-08-12	24.45	24.69	24.38	24.62	417600
2016-08-15	24.42	24.80	24.36	24.64	684300
2016-08-16	24.42	24.51	24.14	24.46	609500
2016-08-17	24.28	24.36	24.16	24.31	759000
2016-08-18	24.74	24.80	24.33	24.36	570900
2016-08-19	24.33	24.60	24.30	24.58	594300
2016-08-22	23.95	24.16	23.86	24.04	873000
2016-08-23	24.27	24.33	23.96	24.03	1466000
2016-08-24	23.79	24.19	23.76	24.12	617000
2016-08-25	23.39	23.79	23.34	23.79	954900
2016-08-26	23.36	23.77	23.22	23.54	680900
2016-08-29	23.15	23.34	23.00	23.30	627100
2016-08-30	23.13	23.20	22.92	23.12	710700
2016-08-31	23.08	23.12	22.60	23.03	1178800
2016-09-01	23.13	23.19	22.91	22.94	1341200
2016-09-02	23.96	23.96	23.29	23.36	1416300
2016-09-06	25.17	25.89	24.00	24.04	26350500
2016-09-07	25.55	25.62	25.16	25.26	10071400
2016-09-08	26.73	26.75	25.76	25.81	10533800
2016-09-09	26.03	26.33	25.94	26.31	5601800
2016-09-12	26.35	26.45	25.68	25.80	4446600
2016-09-13	25.27	26.03	25.21	26.03	4758000
2016-09-14	25.47	25.73	25.06	25.21	2571100
2016-09-15	25.67	25.81	25.44	25.52	2620900
2016-09-16	25.82	26.02	25.33	25.48	4122900
2016-09-19	25.69	26.04	25.62	26.04	2251900
2016-09-20	25.49	25.88	25.48	25.73	2538900
2016-09-21	25.83	25.88	25.51	25.66	2559200
2016-09-22	25.71	26.25	25.69	26.18	2840000
2016-09-23	25.54	25.80	25.48	25.62	2585100
2016-09-26	25.26	25.59	25.25	25.57	2053600
2016-09-27	25.20	25.27	24.98	25.13	2569800
2016-09-28	25.85	25.93	25.12	25.26	2429200
2016-09-29	25.62	26.03	25.54	25.89	2044800
2016-09-30	25.85	26.21	25.81	25.86	2685000
2016-10-03	25.73	26.08	25.64	25.88	1550500
2016-10-04	25.38	25.80	25.20	25.76	2204200
2016-10-05	25.28	25.72	25.20	25.71	1781400
2016-10-06	25.10	25.31	24.94	25.29	2195500
2016-10-07	25.12	25.23	24.92	25.19	1162700
2016-10-10	25.47	25.48	25.17	25.33	781900
2016-10-11	25.30	25.45	25.17	25.45	1905300
2016-10-12	25.54	25.59	25.07	25.18	2335900
2016-10-13	25.76	25.95	25.24	25.39	2072600
2016-10-14	25.71	25.99	25.64	25.95	1600500
2016-10-17	25.72	25.85	25.59	25.72	776300
2016-10-18	25.90	25.99	25.70	25.98	2769600
2016-10-19	26.17	26.35	25.87	26.01	2887300
2016-10-20	25.66	26.02	25.62	26.00	1878400
2016-10-21	25.77	25.86	25.51	25.52	1639000
2016-10-24	25.42	25.77	25.32	25.74	2064500
2016-10-25	25.40	25.51	25.35	25.47	1977600
2016-10-26	25.49	25.61	25.13	25.29	1921200
2016-10-27	25.80	25.82	25.42	25.61	2534400
2016-10-28	25.48	25.87	25.40	25.68	2793300
2016-10-31	25.23	25.50	25.19	25.41	2515500
2016-11-01	25.09	25.43	24.82	25.43	4149800
2016-11-02	24.36	24.93	24.19	24.93	3693700
2016-11-03	24.01	24.50	23.64	24.44	3444300
2016-11-04	24.07	24.14	23.72	23.84	3115100
2016-11-07	24.93	24.95	24.24	24.32	2432500
2016-11-08	25.08	25.21	24.78	24.86	1724800
2016-11-09	24.86	25.03	24.48	24.68	3992900
2016-11-10	24.82	25.09	24.70	24.94	3027600
2016-11-11	24.01	24.70	23.95	24.62	3577000
2016-11-14	23.56	24.15	23.42	24.02	2998800
2016-11-15	24.25	24.34	23.81	23.82	2411500
2016-11-16	24.37	24.44	24.14	24.16	1793500
2016-11-17	24.73	24.80	24.42	24.51	3092300
2016-11-18	24.93	24.97	24.67	24.71	2035800
2016-11-21	25.60	25.63	25.23	25.27	1602600
2016-11-22	25.47	25.79	25.29	25.75	1933700
2016-11-23	25.34	25.46	25.23	25.28	1227700
2016-11-25	25.24	25.25	25.09	25.16	908000
2016-11-28	25.23	25.40	25.07	25.40	2256100
2016-11-29	24.87	25.04	24.50	24.94	2168800
2016-11-30	24.80	25.49	24.77	25.32	3485300
2016-12-01	24.41	25.21	24.37	25.18	2435200
2016-12-02	24.65	24.78	24.44	24.50	2086200
2016-12-05	24.69	24.86	24.55	24.80	1882500
2016-12-06	24.62	24.67	24.37	24.58	2510400
2016-12-07	24.87	24.87	24.48	24.59	2532000
2016-12-08	24.88	25.01	24.75	24.89	2115400
2016-12-09	24.80	24.97	24.70	24.97	1547800
2016-12-12	24.84	25.28	24.81	25.16	2377000
2016-12-13	25.32	25.37	24.90	25.00	2010900
2016-12-14	24.64	25.32	24.57	25.23	2009700
2016-12-15	24.73	24.80	24.40	24.49	2683900
2016-12-16	25.36	25.37	24.72	24.91	2796600
2016-12-19	25.11	25.35	24.97	25.35	1682200
2016-12-20	24.93	25.26	24.90	25.26	1164800
2016-12-21	24.91	25.19	24.84	24.87	2060600
2016-12-22	25.23	25.27	24.85	24.88	1374500
2016-12-23	25.11	25.33	25.07	25.16	899500
2016-12-27	25.24	25.36	25.08	25.20	567700
2016-12-28	24.81	25.18	24.80	25.10	1140200
2016-12-29	24.91	25.04	24.77	24.81	897000
2016-12-30	24.85	25.01	24.78	25.00	1020200
2017-01-03	25.10	25.29	24.96	25.09	2125000
2017-01-04	25.27	25.50	25.11	25.30	2373500
2017-01-05	25.57	25.61	25.29	25.33	2339600
2017-01-06	25.73	25.74	25.46	25.65	1598500
2017-01-09	25.63	25.85	25.45	25.66	2084800
2017-01-10	25.26	25.70	25.23	25.70	2280400
2017-01-11	25.44	25.53	25.17	25.29	1698700
2017-01-12	25.42	25.65	25.32	25.63	1626500
2017-01-13	25.53	25.55	25.23	25.39	1431400
2017-01-17	25.88	26.03	25.65	25.74	2534500
2017-01-18	25.47	25.91	25.41	25.80	1911700
2017-01-19	25.14	25.47	25.04	25.43	1756000
2017-01-20	25.32	25.57	25.19	25.28	1607200
2017-01-23	25.18	25.38	25.17	25.27	2160500
2017-01-24	25.80	25.85	25.20	25.31	2155400
2017-01-25	26.10	26.25	25.89	25.96	1761500
2017-01-26	26.18	26.27	26.03	26.18	2451900
2017-01-27	25.39	26.12	25.30	26.10	4765600
2017-01-30	25.06	25.52	25.00	25.46	2933200
2017-01-31	25.13	25.33	25.01	25.33	2124600
2017-02-01	24.94	25.23	24.65	25.09	2981400
2017-02-02	25.40	25.41	24.91	25.05	1616200
2017-02-03	25.85	25.88	25.35	25.44	1923200
2017-02-06	25.41	25.79	25.22	25.72	2205400
2017-02-07	24.93	25.35	24.90	25.27	2178500
2017-02-08	25.25	25.29	24.59	24.89	2803400
2017-02-09	25.30	25.55	25.14	25.36	2469600
2017-02-10	25.46	25.64	25.34	25.49	3031000
2017-02-13	25.74	25.75	25.38	25.53	2390700
2017-02-14	25.78	25.85	25.60	25.74	2500900
2017-02-15	25.50	25.78	25.49	25.72	2440000
2017-02-16	25.19	25.60	25.04	25.60	10279900
2017-02-17	25.04	25.14	24.80	25.13	5436500
2017-02-21	25.18	25.26	24.98	25.06	3606600
2017-02-22	25.13	25.14	24.96	25.09	3860000
2017-02-23	24.86	25.13	24.57	25.03	30720700
2017-02-24	24.64	25.00	24.57	24.72	36541600
2017-02-27	24.79	25.38	24.74	24.95	151262600
2017-02-28	24.95	25.23	24.83	24.87	42288500
2017-03-01	24.70	25.13	24.68	25.05	15759300
2017-03-02	24.54	24.80	24.50	24.58	7287300
2017-03-03	24.41	24.58	24.34	24.48	6756100
2017-03-06	24.52	24.66	24.28	24.48	6704000
2017-03-07	24.94	24.95	24.55	24.60	5890900
2017-03-08	24.55	25.04	24.52	24.73	8899400
2017-03-09	24.43	24.67	24.19	24.39	7555600
2017-03-10	24.64	24.80	24.50	24.61	5251000
2017-03-13	24.55	24.76	24.52	24.63	5822400
2017-03-14	24.03	24.45	23.99	24.45	5095600
2017-03-15	24.64	24.66	24.24	24.28	7367700
2017-03-16	24.86	24.99	24.72	24.77	4991400
2017-03-17	24.55	25.01	24.55	24.80	5035800
2017-03-20	24.32	24.61	24.17	24.48	4172100
2017-03-21	24.13	24.66	24.07	24.52	5273600
2017-03-22	24.63	24.71	24.05	24.05	4917900
2017-03-23	24.33	24.64	24.32	24.57	4609600
2017-03-24	24.38	24.52	24.27	24.39	4098200
2017-03-27	24.57	24.62	24.13	24.26	4896300
2017-03-28	24.82	25.01	24.57	24.60	3435500
2017-03-29	24.97	25.07	24.66	24.82	3338500
2017-03-30	24.61	25.11	24.61	25.08	2587000
2017-03-31	24.94	25.04	24.66	24.66	3363800
2017-04-03	24.70	24.99	24.42	24.93	2909900
2017-04-04	24.84	24.88	24.48	24.57	2684100
2017-04-05	24.73	25.11	24.72	24.89	2201200
2017-04-06	25.13	25.17	24.77	24.83	2684700
2017-04-07	25.25	25.31	25.16	25.16	2284400
2017-04-10	25.48	25.56	25.31	25.31	4150200
2017-04-11	25.15	25.43	25.06	25.43	2317200
2017-04-12	25.34	25.38	25.11	25.14	2345100
2017-04-13	25.19	25.44	25.13	25.41	2311700
2017-04-17	25.41	25.59	25.22	25.26	2693500
2017-04-18	25.13	25.28	24.91	25.20	2836200
2017-04-19	24.82	25.17	24.70	25.10	2656500
2017-04-20	24.95	25.11	24.77	24.83	2786400
2017-04-21	24.99	25.04	24.72	24.87	2539800
2017-04-24	25.20	25.40	25.13	25.17	3266200
2017-04-25	25.26	25.35	25.11	25.12	2870000
2017-04-26	24.83	25.29	24.83	25.17	3220400
2017-04-27	24.72	25.12	24.51	25.11	3419200
2017-04-28	24.71	24.80	24.54	24.78	2203600
2017-05-01	24.49	24.72	24.35	24.72	2014900
2017-05-02	24.74	24.79	24.48	24.54	2800800
2017-05-03	24.70	24.92	24.63	24.64	2064400
2017-05-04	24.14	24.70	24.04	24.59	3017300
2017-05-05	24.70	24.70	24.08	24.20	2704600
2017-05-08	24.79	24.81	24.53	24.77	1748200
2017-05-09	24.58	24.79	24.38	24.70	2914200
2017-05-10	24.64	24.86	24.49	24.73	2886000
2017-05-11	24.12	24.55	23.95	24.42	3632400
2017-05-12	24.14	24.33	24.08	24.12	1973400
2017-05-15	24.11	24.55	24.08	24.37	2831100
2017-05-16	23.89	24.32	23.88	24.28	3176900
2017-05-17	23.32	23.80	23.26	23.76	4227900
2017-05-18	23.38	23.41	23.06	23.27	3419600
2017-05-19	23.85	23.89	23.42	23.53	2815700
2017-05-22	23.95	23.97	23.71	23.91	2259100
2017-05-23	23.92	24.12	23.88	24.05	2845100
2017-05-24	24.02	24.08	23.77	23.95	2654400
2017-05-25	23.68	24.05	23.61	24.02	2090200
2017-05-26	23.48	23.77	23.45	23.72	1980500
2017-05-30	23.29	23.44	23.20	23.43	2240300
2017-05-31	23.21	23.37	23.15	23.21	3660900
2017-06-01	23.47	23.60	23.20	23.24	2225900
2017-06-02	23.54	23.64	23.44	23.53	2218600
2017-06-05	23.49	23.68	23.42	23.50	2335000
2017-06-06	23.85	23.89	23.34	23.37	2662600
2017-06-07	23.57	23.93	23.35	23.82	2568400
2017-06-08	23.08	23.44	22.99	23.35	17156900
2017-06-09	23.32	23.39	23.15	23.15	16193700
2017-06-12	23.04	23.50	23.02	23.35	5418000
2017-06-13	23.27	23.30	23.20	23.24	14015900
2017-06-14	22.70	23.39	22.68	23.38	5115600
2017-06-15	22.85	22.95	22.52	22.54	6112300
2017-06-16	23.44	23.45	22.85	22.85	3777200
2017-06-19	23.29	23.55	23.24	23.48	2509900
2017-06-20	22.74	23.14	22.70	23.11	2596700
2017-06-21	22.91	23.12	22.67	22.75	3008000
2017-06-22	23.51	23.56	22.89	22.94	4316600
2017-06-23	23.71	23.79	23.23	23.24	3501300
2017-06-26	23.86	23.97	23.67	23.85	2429700
2017-06-27	24.12	24.24	23.85	23.95	4424900
2017-06-28	24.32	24.40	24.15	24.27	3716800
2017-06-29	24.06	24.30	23.98	24.21	2038100
2017-06-30	23.99	24.24	23.82	24.17	2286300
2017-07-03	24.19	24.27	24.10	24.12	806200
2017-07-05	23.85	24.08	23.59	24.05	2317500
2017-07-06	23.91	24.13	23.77	23.86	2845500
2017-07-07	23.99	23.99	23.58	23.93	1772500
2017-07-10	23.97	24.11	23.79	23.96	1355000
2017-07-11	23.79	23.96	23.62	23.91	1506200
2017-07-12	24.14	24.46	23.93	24.05	2456800
2017-07-13	24.17	24.24	23.91	24.13	1537300
2017-07-14	24.62	24.68	24.21	24.27	1779600
2017-07-17	24.50	24.77	24.47	24.65	1571700
2017-07-18	24.62	24.75	24.34	24.75	1600300
2017-07-19	25.04	25.14	24.68	24.73	3325000
2017-07-20	25.25	25.37	25.13	25.16	2284300
2017-07-21	25.20	25.29	24.94	25.27	1633100
2017-07-24	25.15	25.29	24.92	25.22	1323500
2017-07-25	25.12	25.50	24.96	25.24	1984700
2017-07-26	25.15	25.32	24.97	25.16	1717200
2017-07-27	24.79	25.18	24.47	25.18	2168800
2017-07-28	24.77	24.91	24.68	24.77	2230000
2017-07-31	24.99	25.14	24.82	24.89	1752500
2017-08-01	25.09	25.30	24.58	24.99	1880600
2017-08-02	25.19	25.28	24.93	24.97	1891500
2017-08-03	25.17	25.28	24.98	25.21	2571400
2017-08-04	25.03	25.26	24.96	25.14	1452200
2017-08-07	25.02	25.06	24.93	24.97	1341200
2017-08-08	24.61	25.09	24.44	24.99	2204300
2017-08-09	24.47	24.65	24.38	24.57	1493200
2017-08-10	24.05	24.52	24.01	24.49	2423400
2017-08-11	24.08	24.24	24.01	24.15	2015900
2017-08-14	24.28	24.48	24.15	24.16	1736200
2017-08-15	23.93	24.31	23.92	24.18	1613700
2017-08-16	23.89	24.15	23.81	23.99	1652400
2017-08-17	23.87	23.98	23.79	23.89	1278700
2017-08-18	24.04	24.11	23.82	24.00	1480300
2017-08-21	23.97	24.07	23.87	24.07	1433600
2017-08-22	24.34	24.43	24.06	24.06	1499700
2017-08-23	24.87	25.00	24.24	24.25	2159300
2017-08-24	24.94	25.04	24.82	24.92	1425500
2017-08-25	24.64	25.01	24.61	25.00	1642300
2017-08-28	24.34	24.70	24.28	24.70	1474500
2017-08-29	24.26	24.26	24.00	24.23	2188900
2017-08-30	24.09	24.17	23.90	24.16	1537000
2017-08-31	24.39	24.43	24.00	24.21	2064100
2017-09-01	24.67	24.76	24.49	24.54	1581100
2017-09-05	24.53	24.84	24.34	24.77	1774400
2017-09-06	24.89	25.11	24.53	24.58	2286900
2017-09-07	24.79	25.03	24.76	25.00	1778300
2017-09-08	24.72	24.83	24.63	24.83	1786800
2017-09-11	24.92	24.96	24.70	24.72	1741600
2017-09-12	24.98	25.03	24.75	24.97	2478300
2017-09-13	24.98	25.12	24.95	25.03	1862700
2017-09-14	25.09	25.13	24.89	24.97	1157900
2017-09-15	25.09	25.20	24.95	25.05	1846100
2017-09-18	24.98	25.25	24.89	25.07	2128900
2017-09-19	25.14	25.21	24.94	25.06	1298600
2017-09-20	25.20	25.45	25.04	25.19	1766600
2017-09-21	25.28	25.35	25.15	25.19	1452400
2017-09-22	25.03	25.38	24.95	25.31	1657900
2017-09-25	25.15	25.23	24.87	25.07	1517500
2017-09-26	25.14	25.19	24.96	25.15	1727400
2017-09-27	25.15	25.20	24.96	25.14	1955400
2017-09-28	25.33	25.42	25.15	25.25	1942800
2017-09-29	25.52	25.56	25.26	25.28	2085900
2017-10-02	25.47	25.62	25.37	25.47	1458800
2017-10-03	25.60	25.68	25.38	25.47	2222800
2017-10-04	25.50	25.66	25.48	25.61	2184000
2017-10-05	25.30	25.53	25.26	25.46	1825900
2017-10-06	25.20	25.28	24.92	25.24	1805900
2017-10-09	25.08	25.25	25.05	25.20	761700
2017-10-10	25.23	25.42	25.19	25.29	1209200
2017-10-11	25.44	25.47	25.19	25.19	1359100
2017-10-12	25.31	25.45	25.23	25.31	1671700
2017-10-13	25.31	25.45	25.29	25.42	1179200
2017-10-16	25.32	25.36	25.19	25.25	1008000
2017-10-17	25.19	25.32	25.03	25.30	1568900
2017-10-18	24.68	25.22	24.61	25.22	1885300
2017-10-19	24.60	24.83	24.48	24.58	2989000
2017-10-20	23.98	24.55	23.97	24.54	3889400
2017-10-23	23.82	24.13	23.72	24.06	2386600
2017-10-24	23.70	24.02	23.64	23.88	2844300
2017-10-25	23.18	23.73	23.07	23.72	3476900
2017-10-26	23.15	23.31	23.06	23.20	2882800
2017-10-27	23.43	23.47	22.93	23.11	3080600
2017-10-30	23.53	23.72	23.45	23.47	1860900
2017-10-31	23.46	23.61	23.39	23.47	2442200
2017-11-01	23.37	23.67	23.37	23.40	2767800
2017-11-02	22.39	23.31	22.34	23.31	5013100
2017-11-03	22.38	22.64	22.26	22.63	2784400
2017-11-06	22.46	22.51	22.27	22.46	2575800
2017-11-07	22.39	22.45	22.28	22.41	3236500
2017-11-08	22.44	22.51	22.37	22.51	2899200
2017-11-09	22.35	22.41	22.28	22.41	2299600
2017-11-10	22.25	22.35	22.16	22.35	2128700
2017-11-13	22.09	22.18	21.96	22.18	2393800
2017-11-14	21.62	22.16	21.52	22.14	6841900
2017-11-15	21.34	21.58	21.26	21.48	4243600
2017-11-16	21.33	21.47	21.29	21.38	2755500
2017-11-17	21.73	21.75	21.30	21.33	5705800
2017-11-20	22.17	22.28	21.79	21.89	4260600
2017-11-21	22.75	22.79	22.29	22.38	4647100
2017-11-22	22.86	23.04	22.72	22.95	4806100
2017-11-24	22.97	23.19	22.93	23.12	1691600
2017-11-27	22.42	23.06	22.40	23.06	3280800
2017-11-28	22.41	22.62	22.36	22.53	1806000
2017-11-29	22.02	22.40	21.90	22.35	3064500
2017-11-30	23.31	23.90	22.96	23.47	6969400
2017-12-01	23.67	23.71	23.36	23.56	5912100
2017-12-04	23.68	23.77	23.57	23.75	3287900
2017-12-05	23.73	23.79	23.66	23.71	2246700
2017-12-06	23.58	23.82	23.50	23.74	2288500
2017-12-07	23.77	23.81	23.42	23.50	1943300
2017-12-08	23.70	23.84	23.51	23.82	1613800
2017-12-11	23.83	23.97	23.61	23.79	2355300
2017-12-12	23.72	23.95	23.64	23.82	1977500
2017-12-13	23.88	23.96	23.61	23.61	3589500
2017-12-14	23.90	24.16	23.84	23.85	3843700
2017-12-15	23.93	24.11	23.86	23.92	2798100
2017-12-18	24.15	24.35	24.07	24.09	2887800
2017-12-19	24.00	24.25	23.97	24.19	2355200
2017-12-20	23.82	24.07	23.75	24.04	2054100
2017-12-21	23.90	24.02	23.56	23.79	2057200
2017-12-22	23.88	23.92	23.69	23.87	1613100
2017-12-26	23.98	24.09	23.84	23.89	939400
2017-12-27	24.05	24.11	23.90	23.97	1528300
2017-12-28	24.24	24.26	24.01	24.07	1518500
2017-12-29	24.18	24.34	24.11	24.31	1824700
2018-01-02	24.81	24.86	24.22	24.33	2464100
2018-01-03	24.98	25.03	24.68	24.90	1839000
2018-01-04	25.20	25.22	25.03	25.09	2025700
2018-01-05	25.18	25.47	25.09	25.37	2499700
2018-01-08	25.18	25.26	25.09	25.19	1497000
2018-01-09	24.87	25.28	24.86	25.28	1726200
2018-01-10	24.21	24.94	24.10	24.81	3758400
2018-01-11	24.41	24.45	24.14	24.32	2389100
2018-01-12	24.56	24.65	24.39	24.52	2462500
2018-01-16	24.59	24.77	24.51	24.76	1842800
2018-01-17	24.61	24.72	24.31	24.69	1711100
2018-01-18	24.55	24.62	24.34	24.60	1741300
2018-01-19	24.35	24.57	24.29	24.53	2028300
2018-01-22	24.50	24.50	24.29	24.43	2593200
2018-01-23	24.41	24.55	24.32	24.46	2757300
2018-01-24	24.42	24.60	24.31	24.56	2396700
2018-01-25	23.87	24.64	23.77	24.52	2478800
2018-01-26	23.61	23.93	23.54	23.90	2959800
2018-01-29	23.23	23.53	23.22	23.53	3563600
2018-01-30	22.75	23.25	22.73	23.15	3237500
2018-01-31	22.64	22.83	22.50	22.83	2326600
2018-02-01	22.17	22.70	22.14	22.64	3740500
2018-02-02	21.45	22.01	21.42	22.01	5280300
2018-02-05	21.25	21.66	21.15	21.36	5824000
2018-02-06	21.66	21.76	20.78	21.17	5080800
2018-02-07	21.73	21.81	21.45	21.77	3326600
2018-02-08	21.23	21.83	21.23	21.83	4223600
2018-02-09	21.03	21.44	20.56	21.31	4121000
2018-02-12	21.47	21.57	21.10	21.24	2968300
2018-02-13	21.65	21.72	21.21	21.37	2318000
2018-02-14	21.53	21.60	21.23	21.48	4396200
2018-02-15	21.69	22.13	21.37	21.67	4973400
2018-02-16	21.51	21.92	21.48	21.82	3346200
2018-02-20	21.39	21.73	21.36	21.44	3189100
2018-02-21	21.41	21.74	21.37	21.44	2882400
2018-02-22	21.01	21.48	21.00	21.47	2820600
2018-02-23	21.19	21.24	20.98	21.15	3100000
2018-02-26	21.29	21.31	21.05	21.20	2647900
2018-02-27	20.71	21.32	20.68	21.25	2758500
2018-02-28	19.97	20.82	19.97	20.76	3344900
2018-03-01	19.97	20.12	19.75	19.96	3830900
2018-03-02	19.76	19.90	19.65	19.85	2890900
2018-03-05	19.82	19.87	19.60	19.65	2617100
2018-03-06	19.94	20.00	19.86	19.97	2077500
2018-03-07	19.73	19.92	19.58	19.87	2486500
2018-03-08	20.01	20.02	19.71	19.79	1779100
2018-03-09	20.09	20.13	19.83	20.13	2976200
2018-03-12	20.50	20.54	20.02	20.07	2267200
2018-03-13	20.64	20.77	20.44	20.60	2380400
2018-03-14	20.77	21.10	20.76	20.78	3616500
2018-03-15	19.75	20.85	19.23	20.85	10937000
2018-03-16	19.80	20.22	19.67	19.85	10581700
2018-03-19	19.27	19.85	19.13	19.80	4724800
2018-03-20	18.79	19.40	18.73	19.36	3736100
2018-03-21	19.54	19.63	18.64	18.82	5241800
2018-03-22	19.23	19.38	19.03	19.36	3596700
2018-03-23	18.77	19.43	18.73	19.33	3651100
2018-03-26	18.80	18.97	18.54	18.86	4365900
2018-03-27	19.11	19.50	18.74	18.91	5110700
2018-03-28	19.06	19.23	18.96	18.99	3091900
2018-03-29	19.75	19.78	19.03	19.08	3688100
2018-04-02	19.20	19.72	18.99	19.72	2702200
2018-04-03	19.03	19.31	18.69	19.31	3386500
2018-04-04	19.39	19.50	18.59	18.84	4441500
2018-04-05	19.77	19.92	19.30	19.43	5973000
2018-04-06	19.60	19.96	19.47	19.72	2744900
2018-04-09	19.85	19.97	19.56	19.68	3710200
2018-04-10	20.14	20.35	20.03	20.07	2755600
2018-04-11	20.02	20.21	20.01	20.10	2307900
2018-04-12	20.05	20.21	19.99	20.03	1629600
2018-04-13	20.12	20.30	19.96	20.09	2240000
2018-04-16	20.46	20.61	20.10	20.18	2068800
2018-04-17	20.70	21.08	20.55	20.68	3252100
2018-04-18	20.78	21.10	20.71	20.77	2928400
2018-04-19	20.07	20.89	20.00	20.89	4518600
2018-04-20	19.59	20.09	19.57	20.07	4633700
2018-04-23	19.46	19.60	19.40	19.56	3514500
2018-04-24	18.45	19.30	18.37	19.28	10069000
2018-04-25	18.37	18.63	18.20	18.36	5645800
2018-04-26	18.47	18.60	18.44	18.50	3731400
2018-04-27	18.70	18.70	18.44	18.57	5449300
2018-04-30	19.00	19.10	18.63	18.67	3919300
2018-05-01	19.22	19.28	18.98	18.99	2685300
2018-05-02	19.25	19.48	19.20	19.24	2231700
2018-05-03	19.40	19.50	19.11	19.31	2713200
2018-05-04	19.70	19.73	19.26	19.29	2548100
2018-05-07	19.81	19.97	19.71	19.77	2427800
2018-05-08	19.58	19.79	19.48	19.78	3607200
2018-05-09	20.15	20.23	19.95	20.10	3605400
2018-05-10	20.79	21.17	20.58	20.76	4529800
2018-05-11	21.19	21.22	20.80	20.87	3715300
2018-05-14	21.20	21.42	21.15	21.38	3370300
2018-05-15	21.08	21.14	20.91	21.05	3253200
2018-05-16	20.85	21.17	20.82	21.13	3313600
2018-05-17	21.04	21.14	20.84	20.91	5733500
2018-05-18	20.50	20.96	20.29	20.93	5835600
2018-05-21	20.36	20.59	20.28	20.58	3328800
2018-05-22	20.13	20.73	20.04	20.54	5220900
2018-05-23	20.26	20.31	19.87	20.01	5085300
2018-05-24	20.13	20.24	20.05	20.17	3333800
2018-05-25	19.92	19.99	19.78	19.99	2963400
2018-05-29	19.51	19.87	19.36	19.84	3693100
2018-05-30	19.85	19.89	19.48	19.55	4629700
2018-05-31	19.81	19.85	19.64	19.77	4568400
2018-06-01	19.59	19.88	19.55	19.88	4706300
2018-06-04	19.87	20.00	19.68	19.68	3536700
2018-06-05	20.08	20.15	19.78	19.80	3805000
2018-06-06	19.75	20.26	19.72	20.19	4954700
2018-06-07	19.95	20.03	19.76	19.80	3605200
2018-06-08	19.98	20.03	19.80	19.99	2715200
2018-06-11	20.57	20.66	19.89	19.98	3318500
2018-06-12	20.70	20.71	20.47	20.59	2792900
2018-06-13	20.66	20.89	20.52	20.74	3531400
2018-06-14	20.79	20.94	20.64	20.69	2925400
2018-06-15	20.42	20.77	20.40	20.63	4135100
2018-06-18	20.60	20.60	20.33	20.40	4541500
2018-06-19	20.21	20.49	20.13	20.40	3763800
2018-06-20	20.24	20.40	20.19	20.31	3612300
2018-06-21	19.93	20.26	19.86	20.22	2852600
2018-06-22	20.23	20.29	20.06	20.21	3566100
2018-06-25	19.94	20.17	19.89	20.11	3321400
2018-06-26	20.50	20.57	19.99	20.01	4409800
2018-06-27	20.20	20.64	20.14	20.61	4543600
2018-06-28	21.11	21.44	20.22	20.29	8951300
2018-06-29	22.76	23.02	21.98	22.03	17696700
2018-07-02	22.32	22.64	22.15	22.64	4649200
2018-07-03	22.44	22.69	22.31	22.44	2126500
2018-07-05	22.38	23.06	22.30	22.95	3828800
2018-07-06	22.70	22.76	22.16	22.33	3220300
2018-07-09	22.61	22.77	22.47	22.77	3100400
2018-07-10	22.82	22.84	22.53	22.61	2738400
2018-07-11	22.58	22.76	22.43	22.63	2118900
2018-07-12	22.84	22.88	22.42	22.70	3692400
2018-07-13	22.69	22.83	22.64	22.76	2384000
2018-07-16	22.54	22.65	22.43	22.63	2275500
2018-07-17	22.00	22.47	21.98	22.47	3331300
2018-07-18	21.81	21.95	21.68	21.93	2748000
2018-07-19	22.47	22.58	22.02	22.14	7930200
2018-07-20	22.07	22.70	22.00	22.70	3656900
2018-07-23	22.03	22.10	21.84	22.10	2112200
2018-07-24	22.19	22.28	22.05	22.14	2685900
2018-07-25	22.28	22.44	22.13	22.36	3282400
2018-07-26	22.41	22.50	22.08	22.14	2382900
2018-07-27	22.28	22.67	22.21	22.34	2496900
2018-07-30	22.51	22.58	22.31	22.39	1818300
2018-07-31	22.59	22.72	22.42	22.52	2875600
2018-08-01	22.48	22.58	22.31	22.42	1929400
2018-08-02	22.60	22.65	22.14	22.33	2635900
2018-08-03	22.92	23.09	22.69	22.74	4120600
2018-08-06	23.28	23.32	22.98	22.98	1828500
2018-08-07	22.87	23.27	22.74	23.27	4444700
2018-08-08	22.81	22.91	22.57	22.91	2053000
2018-08-09	23.07	23.09	22.75	22.80	2275300
2018-08-10	22.88	23.08	22.84	22.98	3022600
2018-08-13	22.76	22.93	22.70	22.85	2286300
2018-08-14	22.64	22.72	22.52	22.72	2011600
2018-08-15	22.37	22.53	21.99	22.53	1941000
2018-08-16	22.25	22.52	22.23	22.47	1999400
2018-08-17	22.97	23.00	22.39	22.46	3958000
2018-08-20	23.09	23.18	22.83	22.93	2179800
2018-08-21	22.88	23.25	22.88	23.13	1797800
2018-08-22	23.07	23.10	22.93	22.94	1528500
2018-08-23	22.95	23.14	22.89	22.96	1633400
2018-08-24	22.66	22.87	22.52	22.77	9491700
2018-08-27	22.69	22.76	22.55	22.70	3211900
2018-08-28	22.32	22.87	22.30	22.83	4517500
2018-08-29	22.25	22.40	22.17	22.39	3124600
2018-08-30	22.16	22.28	21.99	22.14	3368900
2018-08-31	21.79	22.09	21.71	22.02	3101200
2018-09-04	21.75	22.02	21.63	21.69	3101600
2018-09-05	22.08	22.10	21.50	21.72	3303300
2018-09-06	21.84	22.14	21.69	22.09	1943900
2018-09-07	21.69	21.81	21.35	21.76	2279100
2018-09-10	21.52	21.84	21.50	21.75	1835400
2018-09-11	21.88	21.92	21.47	21.53	2715600
2018-09-12	21.78	21.98	21.70	21.89	1786800
2018-09-13	21.76	21.88	21.68	21.84	2303500
2018-09-14	21.61	21.79	21.49	21.73	1797600
2018-09-17	21.86	22.07	21.62	21.67	2233000
2018-09-18	22.02	22.03	21.65	21.81	4054500
2018-09-19	22.07	22.10	21.77	22.05	3353800
2018-09-20	21.93	22.18	21.83	22.15	3609000
2018-09-21	21.95	22.12	21.79	21.99	4864500
2018-09-24	21.56	22.13	21.55	22.04	3157800
2018-09-25	21.12	21.64	21.10	21.63	3241200
2018-09-26	20.67	21.08	20.60	21.05	4542000
2018-09-27	20.67	20.81	20.64	20.73	3464700
2018-09-28	20.59	20.80	20.50	20.73	4145000
2018-10-01	21.15	21.26	20.75	20.77	2900600
2018-10-02	21.27	21.36	20.95	21.10	3298500
2018-10-03	21.54	21.63	21.17	21.30	3993700
2018-10-04	21.61	21.67	21.39	21.46	4150300
2018-10-05	21.49	21.68	21.40	21.59	3658200
2018-10-08	21.49	21.65	21.40	21.47	2192100
2018-10-09	21.49	21.64	21.33	21.45	2193900
2018-10-10	20.83	21.42	20.82	21.41	3755800
2018-10-11	20.30	20.79	20.24	20.72	5462000
2018-10-12	20.39	20.58	20.13	20.48	4115200
2018-10-15	20.61	20.83	20.39	20.43	2368400
2018-10-16	21.29	21.38	20.63	20.75	3540600
2018-10-17	20.66	21.24	20.63	21.24	4481100
2018-10-18	20.64	20.84	20.56	20.63	3402800
2018-10-19	20.84	21.10	20.65	20.66	4712400
2018-10-22	20.53	20.97	20.50	20.91	2599700
2018-10-23	20.61	20.69	19.96	20.40	4368200
2018-10-24	20.10	20.69	20.08	20.57	2740600
2018-10-25	19.89	20.36	19.82	20.33	4381500
2018-10-26	19.93	20.07	19.24	19.73	4909500
2018-10-29	19.44	20.14	19.26	20.03	4067400
2018-10-30	19.43	19.55	19.11	19.42	5399700
2018-10-31	19.84	19.99	19.54	19.62	5865800
2018-11-01	20.19	20.21	19.82	19.95	4197300
2018-11-02	20.03	20.41	19.73	20.41	4472500
2018-11-05	20.61	20.68	20.03	20.17	4791000
2018-11-06	21.12	21.15	20.79	20.82	7229100
2018-11-07	21.15	21.47	20.89	21.28	5172100
2018-11-08	20.98	21.21	20.84	21.12	3590400
2018-11-09	20.93	21.26	20.55	20.82	6466400
2018-11-12	20.96	21.14	20.87	20.99	4513800
2018-11-13	20.80	21.13	20.66	20.99	5108900
2018-11-14	20.54	20.89	20.29	20.72	4955900
2018-11-15	20.61	20.79	20.38	20.52	3468500
2018-11-16	20.72	20.79	20.50	20.64	3763600
2018-11-19	21.23	21.35	20.62	20.62	4526000
2018-11-20	21.07	21.30	20.78	21.04	6520100
2018-11-21	21.37	21.54	21.01	21.05	5527200
2018-11-23	20.44	21.12	20.43	21.09	3583600
2018-11-26	20.62	21.07	20.56	20.89	4704300
2018-11-27	20.43	20.73	20.40	20.59	5166400
2018-11-28	20.66	20.72	20.19	20.46	5740000
2018-11-29	21.12	21.30	20.72	20.72	6912300
2018-11-30	20.90	21.05	20.65	21.03	7078700
2018-12-03	21.36	21.42	21.17	21.26	5235200
2018-12-04	20.98	21.61	20.97	21.36	4003200
2018-12-06	20.64	20.79	20.13	20.77	8552200
2018-12-07	20.39	20.85	20.30	20.85	5384400
2018-12-10	20.05	20.30	19.75	20.20	5455300
2018-12-11	20.11	20.56	19.94	20.49	6432000
2018-12-12	20.28	20.47	20.22	20.36	7032200
2018-12-13	20.61	20.80	20.29	20.30	8038800
2018-12-14	20.40	20.69	20.37	20.54	14916600
2018-12-17	19.92	20.54	19.83	20.36	9143900
2018-12-18	19.62	20.06	19.48	20.03	10794400
2018-12-19	20.00	20.34	19.67	19.72	13327700
2018-12-20	19.83	20.52	19.57	20.06	11148600
2018-12-21	19.64	20.18	19.61	19.82	11301600
2018-12-24	18.66	19.60	18.65	19.52	4935000
2018-12-26	19.32	19.34	18.40	18.74	6684600
2018-12-27	19.41	19.41	18.74	19.36	6909000
2018-12-28	19.74	19.87	19.41	19.51	7434200
2018-12-31	19.85	19.95	19.63	19.85	4469900
2019-01-02	20.17	20.36	19.50	19.63	3921500
2019-01-03	20.27	20.40	19.93	20.15	4681500
2019-01-04	20.83	20.86	20.49	20.55	4488500
2019-01-07	21.40	21.48	20.92	21.07	6377400
2019-01-08	21.84	21.99	21.59	21.62	5769100
2019-01-09	22.02	22.20	21.83	22.02	5275500
2019-01-10	22.16	22.20	21.81	22.01	4913700
2019-01-11	22.06	22.13	21.88	22.07	3425000
2019-01-14	22.22	22.27	21.90	21.94	3837100
2019-01-15	22.73	22.80	22.29	22.32	5425800
2019-01-16	22.73	22.80	22.56	22.71	3643000
2019-01-17	22.78	22.91	22.47	22.57	2647200
2019-01-18	23.05	23.13	22.87	22.87	2836600
2019-01-22	22.77	23.07	22.68	22.94	5241500
2019-01-23	22.74	22.93	22.52	22.91	3252500
2019-01-24	22.73	22.80	22.51	22.77	2482300
2019-01-25	23.05	23.05	22.78	22.95	2561800
2019-01-28	23.03	23.05	22.77	22.78	2494600
2019-01-29	23.28	23.33	23.01	23.08	3646800
2019-01-30	23.33	23.49	23.17	23.37	2836600
2019-01-31	23.38	23.56	23.30	23.43	2607700
2019-02-01	23.63	23.72	23.44	23.47	3625200
2019-02-04	23.91	23.91	23.38	23.54	2937500
2019-02-05	24.03	24.07	23.81	23.90	3424300
2019-02-06	23.91	24.07	23.89	23.95	1907300
2019-02-07	23.66	23.84	23.28	23.83	2783200
2019-02-08	23.05	23.56	22.89	23.56	4585300
2019-02-11	23.18	23.29	22.92	23.02	2670000
2019-02-12	22.78	23.38	22.74	23.38	5270100
2019-02-13	22.93	23.01	22.84	22.92	4259100
2019-02-14	23.16	23.34	22.81	23.00	3724200
2019-02-15	23.23	23.52	23.18	23.40	4122500
2019-02-19	23.54	23.62	23.14	23.16	3889800
2019-02-20	23.81	23.81	23.59	23.59	5390900
2019-02-21	23.98	24.06	23.64	23.73	6267000
2019-02-22	24.01	24.13	23.76	24.07	3891700
2019-02-25	23.92	24.08	23.74	24.06	4247300
2019-02-26	24.16	24.23	23.88	23.90	3527200
2019-02-27	24.17	24.32	23.96	24.13	2863000
2019-02-28	23.99	24.21	23.93	24.14	3965200
2019-03-01	24.16	24.29	24.02	24.04	3887600
2019-03-04	22.74	23.21	22.59	23.21	11012400
2019-03-05	23.10	23.13	22.74	22.74	5222200
2019-03-06	23.40	23.44	23.08	23.09	3321200
2019-03-07	23.65	23.65	23.28	23.48	6438800
2019-03-08	23.31	23.48	23.17	23.48	4889500
2019-03-11	23.67	23.79	23.35	23.35	3409400
2019-03-12	23.85	23.99	23.67	23.67	2360900
2019-03-13	23.98	24.08	23.84	23.95	2879900
2019-03-14	24.03	24.09	23.88	23.92	2194900
2019-03-15	23.69	24.04	23.66	24.00	3294400
2019-03-18	23.92	23.92	23.68	23.71	5167700
2019-03-19	24.03	24.20	23.96	23.97	2958300
2019-03-20	24.02	24.27	23.82	24.03	3300100
2019-03-21	23.86	24.06	23.78	23.94	4527400
2019-03-22	23.75	23.83	23.57	23.78	2611100
2019-03-25	23.68	23.69	23.42	23.62	2377100
2019-03-26	23.73	24.01	23.65	23.77	2156200
2019-03-27	23.78	23.90	23.47	23.71	2430900
2019-03-28	23.76	23.83	23.59	23.75	2034300
2019-03-29	23.52	23.92	23.51	23.92	4112700
2019-04-01	23.61	23.68	23.25	23.66	4125900
2019-04-02	23.75	23.83	23.62	23.67	2549700
2019-04-03	23.90	23.92	23.65	23.71	2870300
2019-04-04	23.89	24.01	23.73	23.87	2598300
2019-04-05	23.97	23.97	23.73	23.85	2235500
2019-04-08	24.06	24.11	23.90	24.01	2296700
2019-04-09	23.90	24.10	23.82	24.09	2768800
2019-04-10	23.85	24.01	23.83	23.95	1934900
2019-04-11	24.11	24.16	23.80	23.81	1795500
2019-04-12	24.30	24.30	24.06	24.25	1924800
2019-04-15	24.17	24.34	24.14	24.34	2607600
2019-04-16	24.07	24.26	24.05	24.22	1590900
2019-04-17	24.08	24.26	23.95	24.15	3310200
2019-04-18	24.12	24.14	23.93	24.08	2285800
2019-04-22	24.21	24.30	24.09	24.17	3766800
2019-04-23	24.43	24.44	24.05	24.16	2650700
2019-04-24	24.54	24.62	24.35	24.41	3482000
2019-04-25	24.51	24.58	24.21	24.56	3659900
2019-04-26	24.26	24.53	24.11	24.53	3565900
2019-04-29	24.20	24.32	24.01	24.30	1564400
2019-04-30	23.96	24.27	23.86	24.23	2836300
2019-05-01	23.89	24.10	23.83	23.99	8509200
2019-05-02	23.55	23.87	23.42	23.87	3077000
2019-05-03	23.77	23.81	23.56	23.59	2232100
2019-05-06	23.84	23.86	23.54	23.54	2302700
2019-05-07	23.71	23.84	23.57	23.68	2144100
2019-05-08	23.82	23.97	23.69	23.73	2109300
2019-05-09	23.71	23.94	23.61	23.78	2244200
2019-05-10	23.90	24.13	23.53	24.03	4505400
2019-05-13	24.17	24.18	23.76	23.92	3534700
2019-05-14	23.99	24.26	23.98	24.24	2686300
2019-05-15	24.14	24.25	23.91	23.96	2696800
2019-05-16	24.39	24.50	24.21	24.23	3175400
2019-05-17	24.71	24.73	24.32	24.36	3104400
2019-05-20	24.59	24.75	24.45	24.73	1534300
2019-05-21	24.73	24.84	24.50	24.71	4496700
2019-05-22	24.52	24.71	24.42	24.66	1673300
2019-05-23	24.35	24.42	24.07	24.24	2380500
2019-05-24	24.67	24.72	24.36	24.46	1984500
2019-05-28	24.69	25.04	24.69	24.78	4508300
2019-05-29	24.44	24.80	24.23	24.68	4035600
2019-05-30	24.21	24.58	24.19	24.51	3996100
2019-05-31	24.27	24.27	23.84	24.05	3623900
2019-06-03	23.19	24.46	23.11	24.40	8848300
2019-06-04	23.52	23.56	23.18	23.28	6093000
2019-06-05	23.42	23.65	23.38	23.63	3604700
2019-06-06	23.32	23.55	23.22	23.51	4058600
2019-06-07	23.38	23.52	23.36	23.43	3149500
2019-06-10	23.30	23.61	23.15	23.57	3950000
2019-06-11	22.89	23.38	22.89	23.37	6891000
2019-06-12	22.50	22.86	22.40	22.78	6725800
2019-06-13	22.59	22.68	22.48	22.57	3634100
2019-06-14	22.70	22.78	22.45	22.48	3146600
2019-06-17	22.54	22.76	22.44	22.61	2448800
2019-06-18	22.77	22.86	22.58	22.65	3527300
2019-06-19	22.99	23.04	22.79	22.84	2351200
2019-06-20	23.32	23.44	23.17	23.30	3278500
2019-06-21	23.15	23.36	23.11	23.26	3855700
2019-06-24	23.11	23.28	23.07	23.18	1674500
2019-06-25	22.94	23.15	22.93	23.11	1894300
2019-06-26	23.08	23.15	22.84	23.03	1989300
2019-06-27	23.40	23.44	23.01	23.09	3923100
2019-06-28	23.75	23.77	23.40	23.42	4183700
2019-07-01	23.81	24.01	23.73	23.91	3005000
2019-07-02	23.67	23.88	23.60	23.73	2838500
2019-07-03	23.86	23.88	23.65	23.68	1491800
2019-07-05	23.96	23.97	23.73	23.91	1999900
2019-07-08	23.69	23.94	23.67	23.90	2111600
2019-07-09	24.07	24.11	23.55	23.57	2178100
2019-07-10	24.19	24.30	24.13	24.15	1976700
2019-07-11	24.29	24.36	24.12	24.13	2090900
2019-07-12	24.04	24.35	23.98	24.35	1774600
2019-07-15	23.90	24.13	23.80	24.07	1408400
2019-07-16	23.67	23.85	23.52	23.84	2088100
2019-07-17	23.77	23.87	23.69	23.77	2432000
2019-07-18	23.89	23.94	23.62	23.77	2346500
2019-07-19	23.59	23.85	23.58	23.80	1428000
2019-07-22	23.52	23.66	23.48	23.57	2392200
2019-07-23	23.32	23.57	23.30	23.57	1753400
2019-07-24	23.03	23.33	22.98	23.30	1621200
2019-07-25	22.09	23.10	22.01	23.10	5906700
2019-07-26	22.12	22.38	22.07	22.22	3354300
2019-07-29	21.97	22.24	21.93	22.24	3511900
2019-07-30	21.94	22.07	21.82	21.98	2708600
2019-07-31	21.98	22.28	21.84	22.09	2374000
2019-08-01	22.15	22.30	21.62	21.96	3482700
2019-08-02	22.05	22.38	21.97	22.19	2807800
2019-08-05	21.68	21.88	21.45	21.79	5449700
2019-08-06	21.57	21.93	21.38	21.76	4462300
2019-08-07	22.07	22.13	21.22	21.43	4607200
2019-08-08	22.34	22.42	21.94	22.19	3274600
2019-08-09	22.26	22.48	22.17	22.34	2520400
2019-08-12	22.19	22.36	22.10	22.32	2021800
2019-08-13	22.63	22.68	22.03	22.08	3037000
2019-08-14	21.92	22.58	21.84	22.30	2305100
2019-08-15	22.14	22.25	21.82	21.88	2097500
2019-08-16	22.50	22.52	22.22	22.31	2437100
2019-08-19	22.56	22.79	22.54	22.66	4217100
2019-08-20	22.30	22.61	22.24	22.47	3048000
2019-08-21	22.65	22.77	22.41	22.41	3001800
2019-08-22	22.34	22.74	22.31	22.62	5500200
2019-08-23	21.82	22.34	21.75	22.20	3948800
2019-08-26	22.01	22.14	21.95	22.03	2747600
2019-08-27	22.02	22.19	21.93	22.04	2311300
2019-08-28	22.09	22.28	22.00	22.09	3517300
2019-08-29	22.30	22.36	22.17	22.27	2755600
2019-08-30	22.39	22.53	22.30	22.41	2667800
2019-09-03	22.40	22.54	22.14	22.27	8815100
2019-09-04	22.52	22.76	22.50	22.55	5509500
2019-09-05	22.80	22.95	22.66	22.66	3166400
2019-09-06	22.98	23.03	22.78	22.81	3029100
2019-09-09	23.02	23.12	22.93	23.09	2500100
2019-09-10	23.23	23.31	23.00	23.05	2153300
2019-09-11	23.27	23.39	23.17	23.29	1991400
2019-09-12	23.22	23.37	23.06	23.22	1831300
2019-09-13	23.35	23.50	23.22	23.27	1780300
2019-09-16	23.53	23.81	23.48	23.71	2611200
2019-09-17	23.59	23.64	23.47	23.50	1994800
2019-09-18	23.55	23.82	23.55	23.67	3038900
2019-09-19	23.56	23.80	23.48	23.74	2189800
2019-09-20	23.65	23.77	23.56	23.62	3976000
2019-09-23	23.52	23.69	23.45	23.66	2230400
2019-09-24	23.67	23.80	23.58	23.62	2909700
2019-09-25	23.63	23.68	23.49	23.62	2181300
2019-09-26	23.91	23.95	23.60	23.62	2177600
2019-09-27	24.12	24.13	23.87	23.98	3685300
2019-09-30	23.48	24.17	23.45	24.08	5205000
2019-10-01	23.52	23.61	23.22	23.47	2619200
2019-10-02	22.85	23.43	22.84	23.40	8913800
2019-10-03	22.99	23.04	22.61	22.83	3829900
2019-10-04	23.29	23.31	23.05	23.05	2392300
2019-10-07	23.29	23.35	23.09	23.23	1448500
2019-10-08	23.27	23.36	23.12	23.13	2634000
2019-10-09	23.54	23.56	23.31	23.33	2459200
2019-10-10	23.86	23.92	23.62	23.69	3056700
2019-10-11	24.03	24.24	24.02	24.12	2464600
2019-10-14	23.84	24.00	23.73	23.94	1236500
2019-10-15	23.88	24.00	23.70	23.82	3888000
2019-10-16	23.88	23.98	23.83	23.84	2796000
2019-10-17	23.92	24.00	23.77	23.96	2101900
2019-10-18	24.16	24.26	23.92	23.96	5128900
2019-10-21	24.23	24.26	24.14	24.18	4719000
2019-10-22	24.27	24.49	24.24	24.30	4221400
2019-10-23	24.47	24.55	24.28	24.30	2699600
2019-10-24	24.49	24.55	24.32	24.52	1643900
2019-10-25	24.41	24.45	24.35	24.36	1848100
2019-10-28	24.52	24.65	24.46	24.46	2933700
2019-10-29	24.38	24.51	24.33	24.47	2029400
2019-10-30	24.38	24.42	24.23	24.42	2031300
2019-10-31	24.37	24.40	24.21	24.39	2112400
2019-11-01	24.67	24.67	24.41	24.42	1996800
2019-11-04	24.68	24.78	24.57	24.70	6333400
2019-11-05	24.71	24.87	24.52	24.72	3707000
2019-11-06	24.70	24.86	24.63	24.70	4267900
2019-11-07	24.58	24.81	24.54	24.81	2672400
2019-11-08	25.07	25.35	24.59	24.66	5525500
2019-11-11	25.27	25.36	25.10	25.13	3195800
2019-11-12	25.60	25.66	25.28	25.32	6254100
2019-11-13	25.92	25.94	25.53	25.59	4450100
2019-11-14	25.61	25.93	25.45	25.93	4007200
2019-11-15	25.92	25.94	25.56	25.64	2250800
2019-11-18	25.84	25.96	25.78	25.91	6972300
2019-11-19	25.54	25.80	25.37	25.79	3577000
2019-11-20	25.60	25.62	25.33	25.44	2728200
2019-11-21	25.64	25.64	25.47	25.61	2293900
2019-11-22	25.40	25.70	25.39	25.65	2627000
2019-11-25	25.65	25.73	25.43	25.51	2525600
2019-11-26	25.61	25.70	25.55	25.63	2027800
2019-11-27	25.77	25.77	25.45	25.63	2176400
2019-11-29	25.80	25.81	25.64	25.78	970600
2019-12-02	25.68	25.80	25.46	25.75	2141700
2019-12-03	25.78	25.81	25.49	25.58	2534900
2019-12-04	25.98	26.06	25.90	25.93	4817400
2019-12-05	26.12	26.15	25.96	26.06	2275500
2019-12-06	26.15	26.29	26.06	26.07	2366600
2019-12-09	26.34	26.41	26.14	26.15	5405800
2019-12-10	26.28	26.65	26.26	26.36	6797800
2019-12-11	26.24	26.41	26.17	26.36	2748800
2019-12-12	25.98	26.25	25.96	26.15	2469800
2019-12-13	26.01	26.03	25.79	25.99	3082700
2019-12-16	26.23	26.38	26.12	26.18	3302500
2019-12-17	26.16	26.38	26.14	26.28	3090500
2019-12-18	26.53	26.61	26.27	26.30	3686900
2019-12-19	26.55	26.59	26.42	26.49	2517800
2019-12-20	26.76	26.82	26.49	26.51	2772500
2019-12-23	26.87	26.88	26.68	26.80	1841000
2019-12-24	26.86	26.89	26.74	26.85	939000
2019-12-26	26.93	27.04	26.81	26.86	855700
2019-12-27	26.88	27.06	26.83	27.00	1366700
2019-12-30	26.85	26.93	26.74	26.91	2332900
2019-12-31	27.00	27.04	26.84	26.85	1876600
2020-01-02	26.96	27.14	26.86	27.02	2094200
2020-01-03	26.91	26.99	26.77	26.95	1824700
2020-01-06	27.16	27.21	26.92	26.95	2216800
2020-01-07	26.98	27.11	26.86	27.07	4846400
2020-01-08	27.10	27.16	26.90	26.94	2442800
2020-01-09	27.05	27.08	26.76	27.08	3075300
2020-01-10	27.12	27.16	26.93	27.05	2724500
2020-01-13	27.34	27.35	26.93	27.14	2852700
2020-01-14	27.31	27.43	27.20	27.42	1971200
2020-01-15	27.29	27.45	27.21	27.35	2580000
2020-01-16	27.49	27.52	27.31	27.35	2532100
2020-01-17	27.51	27.61	27.43	27.50	1851000
2020-01-21	27.66	27.78	27.60	27.61	5723100
2020-01-22	27.73	27.80	27.56	27.69	2820500
2020-01-23	27.84	27.88	27.57	27.73	2566600
2020-01-24	27.87	27.95	27.77	27.90	2537500
2020-01-27	27.72	27.76	27.50	27.52	2361100
2020-01-28	27.90	27.92	27.74	27.80	2440000
2020-01-29	27.93	27.99	27.82	27.93	1890300
2020-01-30	28.01	28.01	27.52	27.82	2676400
2020-01-31	27.61	27.85	27.48	27.80	4494900
2020-02-03	27.88	28.01	27.55	27.59	6058500
2020-02-04	28.00	28.44	27.93	28.07	8601100
2020-02-05	28.39	28.43	28.17	28.22	3757800
2020-02-06	28.59	28.66	28.36	28.40	5705800
2020-02-07	28.64	28.92	28.43	28.48	7870200
2020-02-10	28.91	28.92	28.62	28.65	6112200
2020-02-11	29.04	29.30	28.99	29.06	3259200
2020-02-12	29.24	29.26	29.00	29.22	3149800
2020-02-13	28.94	29.27	28.90	29.14	3550500
2020-02-14	29.06	29.10	28.43	28.59	4147800
2020-02-18	28.62	28.91	28.43	28.71	5690800
2020-02-19	28.91	28.95	28.64	28.66	3643100
2020-02-20	28.76	28.98	28.64	28.90	2777300
2020-02-21	28.84	28.98	28.55	28.58	2224600
2020-02-24	28.13	28.21	27.57	27.99	5013100
2020-02-25	27.46	28.35	27.36	28.20	5178900
2020-02-26	27.01	27.52	26.88	27.00	6319300
2020-02-27	25.94	26.36	25.54	26.33	9300200
2020-02-28	25.78	25.79	24.43	25.13	9498200
2020-03-02	26.31	26.36	25.50	25.98	6644000
2020-03-03	26.05	26.81	25.98	26.61	6161000
2020-03-04	26.74	26.84	26.40	26.57	4073700
2020-03-05	26.51	26.69	26.07	26.24	4512900
2020-03-06	26.19	26.27	25.50	25.83	6471400
2020-03-09	21.52	23.11	18.60	22.51	9757400
2020-03-10	22.27	23.13	20.52	23.10	9997300
2020-03-11	21.48	22.12	21.30	21.65	8807900
2020-03-12	17.88	20.00	17.62	19.71	10726800
2020-03-13	21.30	21.34	17.71	20.15	9964700
2020-03-16	18.81	20.15	17.78	18.02	6878400
2020-03-17	18.46	20.83	18.26	18.99	8159000
2020-03-18	16.47	17.98	15.54	17.24	9806500
2020-03-19	17.11	17.51	15.73	16.41	8099400
2020-03-20	17.65	19.21	17.40	17.66	9287700
2020-03-23	16.35	17.89	16.08	17.30	11320300
2020-03-24	18.54	18.62	17.35	17.35	11207100
2020-03-25	19.66	21.12	18.60	19.11	11164300
2020-03-26	20.48	21.11	19.73	19.96	8738000
2020-03-27	19.11	19.88	19.00	19.84	6093500
2020-03-30	19.42	19.46	18.20	18.87	5628300
2020-03-31	20.03	20.09	19.15	19.85	8370200
2020-04-01	18.74	19.44	18.53	19.27	6441600
2020-04-02	18.93	20.15	18.88	19.30	10258200
2020-04-03	19.25	19.46	18.86	19.31	7078600
2020-04-06	19.73	20.22	19.53	20.22	6060900
2020-04-07	19.39	20.61	19.35	20.61	7134900
2020-04-08	19.53	19.77	19.35	19.51	5947200
2020-04-09	19.77	20.16	19.53	19.86	9870700
2020-04-13	19.77	20.19	19.50	20.08	6217000
2020-04-14	20.32	20.36	19.79	19.94	6469400
2020-04-15	19.55	19.79	19.37	19.77	4304700
2020-04-16	19.63	19.95	19.51	19.56	5667400
2020-04-17	20.25	20.28	19.84	19.97	5829800
2020-04-20	20.19	20.74	19.50	19.65	8263200
2020-04-21	19.37	19.76	19.37	19.54	6291600
2020-04-22	19.73	19.89	19.50	19.89	4562100
2020-04-23	19.88	20.06	19.68	19.97	5068400
2020-04-24	20.12	20.21	19.86	19.98	2884500
2020-04-27	20.43	20.48	19.92	20.11	2856600
2020-04-28	20.93	21.16	20.54	20.79	4171000
2020-04-29	22.02	22.16	21.36	21.36	3964400
2020-04-30	21.13	21.98	21.08	21.93	4055100
2020-05-01	20.57	20.94	20.49	20.66	3357000
2020-05-04	20.74	20.85	20.30	20.40	3743900
2020-05-05	21.08	21.44	20.95	21.23	3234200
2020-05-06	21.06	21.27	20.96	21.07	4712800
2020-05-07	21.95	22.41	21.65	21.69	8451400
2020-05-08	22.07	22.42	21.94	22.30	5744400
2020-05-11	22.69	22.76	21.85	21.92	6525900
2020-05-12	22.20	22.98	22.19	22.73	8124800
2020-05-13	21.52	22.36	21.31	22.20	4229300
2020-05-14	21.50	21.51	20.51	21.20	5208100
2020-05-15	21.88	21.90	21.24	21.62	3854900
2020-05-18	22.45	22.86	22.45	22.71	2866600
2020-05-19	22.51	22.87	22.47	22.57	3695400
2020-05-20	22.47	22.94	22.30	22.94	2559800
2020-05-21	22.11	22.52	21.83	22.45	2784400
2020-05-22	22.08	22.13	21.61	21.89	3016500
2020-05-26	22.25	22.66	22.11	22.61	3109300
2020-05-27	22.56	22.60	21.90	22.49	2848600
2020-05-28	22.69	23.06	22.59	22.67	3177900
2020-05-29	22.77	22.90	22.22	22.61	3468500
2020-06-01	23.15	23.33	22.75	22.85	2963700
2020-06-02	23.38	23.55	23.20	23.31	2859100
2020-06-03	23.35	23.76	23.34	23.52	2757600
2020-06-04	22.96	23.29	22.87	23.22	2969500
2020-06-05	23.39	23.77	23.37	23.57	3001000
2020-06-08	23.78	23.85	23.53	23.71	4530400
2020-06-09	23.17	23.62	23.17	23.59	3551800
2020-06-10	22.64	23.31	22.63	23.31	3253500
2020-06-11	21.36	22.01	21.27	21.98	5794600
2020-06-12	21.76	22.04	21.38	21.93	7329400
2020-06-15	21.83	22.07	21.15	21.21	3110900
2020-06-16	22.52	22.62	22.09	22.46	3420900
2020-06-17	22.13	22.58	22.09	22.53	2479700
2020-06-18	22.31	22.42	21.93	22.02	2373600
2020-06-19	21.82	22.67	21.82	22.57	3564100
2020-06-22	21.77	21.94	21.47	21.82	2498500
2020-06-23	21.70	22.03	21.66	22.03	3065900
2020-06-24	21.12	21.59	20.92	21.55	3131500
2020-06-25	21.27	21.46	20.96	21.01	3486000
2020-06-26	20.79	21.19	20.72	21.19	4066200
2020-06-29	21.25	21.29	20.87	20.92	3107000
2020-06-30	21.34	21.41	20.97	21.20	3627700
2020-07-01	21.20	21.67	21.13	21.34	1735100
2020-07-02	21.49	21.81	21.44	21.50	1909500
2020-07-06	21.39	21.87	21.20	21.87	2536700
2020-07-07	21.01	21.44	21.00	21.12	3283700
2020-07-08	21.12	21.29	20.94	21.06	2285100
2020-07-09	20.76	21.17	20.65	21.17	2898100
2020-07-10	20.77	20.93	20.68	20.79	2619200
2020-07-13	20.84	21.04	20.71	20.80	2968200
2020-07-14	21.46	21.48	20.63	20.77	2861400
2020-07-15	21.74	21.89	21.62	21.83	2922000
2020-07-16	21.57	21.88	21.56	21.64	2335300
2020-07-17	21.51	21.74	21.42	21.61	2134000
2020-07-20	21.43	21.75	21.43	21.57	2583900
2020-07-21	21.72	22.10	21.63	21.64	2741400
2020-07-22	22.06	22.07	21.62	21.75	2631000
2020-07-23	21.93	22.13	21.81	21.97	2467100
2020-07-24	21.95	22.00	21.81	21.92	1785600
2020-07-27	21.97	22.04	21.80	22.01	3861000
2020-07-28	22.16	22.36	21.92	22.00	3431100
2020-07-29	22.90	22.91	22.28	22.40	4575500
2020-07-30	22.59	22.86	22.30	22.77	2858600
2020-07-31	22.45	22.66	22.11	22.63	2646200
2020-08-03	22.29	22.52	22.26	22.49	1722900
2020-08-04	23.14	23.17	22.31	22.43	3588200
2020-08-05	23.05	23.43	22.91	23.35	3598100
2020-08-06	23.20	23.31	22.96	23.04	2117100
2020-08-07	23.15	23.19	22.91	23.15	1891700
2020-08-10	23.50	23.53	23.22	23.27	2436700
2020-08-11	23.52	23.88	23.50	23.74	3213200
2020-08-12	23.84	24.03	23.74	23.81	4696700
2020-08-13	23.48	23.93	23.36	23.93	4455000
2020-08-14	23.48	23.73	23.33	23.36	2157700
2020-08-17	23.51	23.61	23.38	23.58	2270100
2020-08-18	23.56	23.78	23.48	23.53	3034900
2020-08-19	23.43	23.73	23.41	23.63	1994200
2020-08-20	23.43	23.56	23.16	23.33	2124800
2020-08-21	23.44	23.47	23.21	23.36	1615100
2020-08-24	23.43	23.63	23.34	23.53	2013600
2020-08-25	23.35	23.57	23.15	23.46	2682600
2020-08-26	22.97	23.40	22.92	23.40	2196700
2020-08-27	23.17	23.30	22.98	23.00	2482300
2020-08-28	23.26	23.36	23.13	23.30	2039800
2020-08-31	22.88	23.35	22.86	23.31	2584400
2020-09-01	23.04	23.13	22.78	22.89	2675600
2020-09-02	23.26	23.53	23.07	23.08	2607000
2020-09-03	22.91	23.38	22.81	23.16	2709900
2020-09-04	22.56	23.06	22.48	22.97	4279800
2020-09-08	22.23	22.54	22.08	22.26	3270300
2020-09-09	22.67	22.86	22.38	22.51	2716900
2020-09-10	22.18	22.81	22.17	22.71	2506100
2020-09-11	22.28	22.43	22.13	22.29	1892200
2020-09-14	22.08	22.47	22.07	22.37	3198000
2020-09-15	22.11	22.62	22.09	22.23	2657600
2020-09-16	22.11	22.47	22.07	22.29	2447700
2020-09-17	22.03	22.07	21.73	21.95	2554300
2020-09-18	21.79	21.96	21.73	21.88	2450700
2020-09-21	21.48	21.59	20.98	21.58	3570700
2020-09-22	21.80	21.87	21.51	21.53	2911700
2020-09-23	21.08	21.84	21.07	21.77	3033500
2020-09-24	21.18	21.35	20.77	21.01	2748900
2020-09-25	21.43	21.48	21.01	21.15	2293700
2020-09-28	21.49	21.78	21.40	21.58	2332900
2020-09-29	21.11	21.45	21.00	21.44	2273300
2020-09-30	20.86	21.29	20.86	21.18	3594500
2020-10-01	20.75	21.04	20.66	20.88	3465100
2020-10-02	20.69	20.83	20.33	20.36	3010600
2020-10-05	21.11	21.14	20.78	20.93	2235200
2020-10-06	20.69	21.33	20.63	21.32	4050900
2020-10-07	20.87	20.93	20.64	20.75	3667100
2020-10-08	21.66	21.67	20.96	20.98	2876800
2020-10-09	21.31	21.84	21.30	21.73	2641400
2020-10-12	21.21	21.55	21.08	21.37	1725900
2020-10-13	21.16	21.34	21.15	21.20	2751300
2020-10-14	21.03	21.34	20.98	21.16	3494900
2020-10-15	20.91	20.94	20.61	20.83	3445500
2020-10-16	21.04	21.13	20.79	21.01	5088000
2020-10-19	20.76	21.21	20.75	21.13	2323300
2020-10-20	20.77	20.94	20.73	20.76	3016900
2020-10-21	20.66	20.82	20.63	20.72	3019200
2020-10-22	20.98	21.01	20.58	20.63	2883100
2020-10-23	20.66	21.18	20.58	21.11	4086200
2020-10-26	20.36	20.58	20.15	20.58	3897700
2020-10-27	20.23	20.45	20.16	20.31	2444100
2020-10-28	19.68	20.06	19.65	19.95	5253800
2020-10-29	19.69	19.78	19.27	19.57	4594900
2020-10-30	19.69	19.74	19.40	19.60	4977400
2020-11-02	19.64	19.89	19.50	19.89	5229100
2020-11-03	19.80	19.99	19.75	19.93	4192700
2020-11-04	19.90	20.57	19.70	20.00	4556300
2020-11-05	20.28	20.54	20.07	20.20	4262200
2020-11-06	19.60	20.53	19.60	20.41	5552800
2020-11-09	20.68	21.21	20.53	20.73	7425100
2020-11-10	21.73	21.73	20.88	20.98	10340500
2020-11-11	21.77	22.03	21.53	21.98	8775200
2020-11-12	21.11	21.67	20.77	21.67	12909500
2020-11-13	20.73	21.34	20.70	21.30	9546000
2020-11-16	21.14	21.26	21.02	21.06	5454200
2020-11-17	21.65	21.66	20.88	21.11	4377200
2020-11-18	21.21	21.76	21.21	21.70	6456300
2020-11-19	21.25	21.27	20.98	21.07	3661500
2020-11-20	21.33	21.38	21.13	21.24	3480900
2020-11-23	21.84	21.89	21.49	21.62	3737200
2020-11-24	22.84	22.94	22.22	22.25	5671000
2020-11-25	23.21	23.23	22.78	22.84	5536600
2020-11-27	23.24	23.31	23.09	23.19	2035300
2020-11-30	22.76	23.63	22.69	23.45	5594200
2020-12-01	22.86	23.29	22.72	23.16	4440100
2020-12-02	23.46	23.48	22.78	22.78	4163900
2020-12-03	23.87	24.09	23.51	23.51	4436000
2020-12-04	24.34	24.45	24.11	24.18	4870200
2020-12-07	24.27	24.34	23.73	24.24	3905000
2020-12-08	24.37	24.64	24.25	24.34	4489000
2020-12-09	24.47	24.66	24.31	24.58	4935600
2020-12-10	24.96	25.00	24.51	24.58	3803300
2020-12-11	24.87	24.88	24.63	24.82	2506500
2020-12-14	24.32	25.01	24.29	24.98	5127100
2020-12-15	24.58	24.72	24.29	24.45	3866500
2020-12-16	24.26	24.58	24.14	24.56	3163400
2020-12-17	24.17	24.42	24.05	24.40	2659900
2020-12-18	23.91	24.35	23.83	24.29	3957100
2020-12-21	23.58	23.59	23.05	23.45	5845000
2020-12-22	23.26	23.65	23.23	23.64	3497600
2020-12-23	23.41	23.63	23.29	23.35	3823000
2020-12-24	23.48	23.51	23.29	23.43	1734900
2020-12-28	23.19	23.67	23.07	23.56	3652100
2020-12-29	23.21	23.57	23.21	23.43	3466900
2020-12-30	23.32	23.51	23.17	23.22	3087700
2020-12-31	23.33	23.50	23.32	23.35	3332900
2021-01-04	23.32	23.77	23.17	23.59	7452200
2021-01-05	24.31	24.40	23.40	23.44	6660800
2021-01-06	24.05	24.48	23.83	24.47	7235000
2021-01-07	24.58	24.64	23.82	24.11	5741900
2021-01-08	24.32	24.79	24.12	24.72	4710500
2021-01-11	24.24	24.29	23.91	24.07	3499900
2021-01-12	24.59	24.66	24.24	24.40	3321600
2021-01-13	25.23	25.27	24.58	24.64	7385100
2021-01-14	25.96	26.02	25.26	25.33	9020900
2021-01-15	25.72	25.91	25.34	25.91	6243400
2021-01-19	25.58	25.82	25.15	25.53	7188800
2021-01-20	25.93	25.98	25.63	25.72	2636300
2021-01-21	25.56	26.00	25.48	25.93	2652800
2021-01-22	25.28	25.37	25.10	25.15	3113600
2021-01-25	25.22	25.34	25.01	25.27	3518600
2021-01-26	25.42	25.52	25.14	25.37	2925200
2021-01-27	24.68	25.23	24.65	25.15	3796700
2021-01-28	24.80	24.94	24.49	24.72	3760800
2021-01-29	24.50	24.84	24.37	24.66	3766900
2021-02-01	24.69	24.90	24.45	24.69	3011300
2021-02-02	25.12	25.25	24.90	25.00	3180600
2021-02-03	25.42	25.54	25.07	25.19	4610400
2021-02-04	25.72	25.74	25.20	25.47	6425300
2021-02-05	25.65	25.91	25.52	25.90	3608200
2021-02-08	26.12	26.20	25.76	25.89	3148900
2021-02-09	26.06	26.15	25.85	26.14	6875100
2021-02-10	26.31	26.36	26.11	26.20	3747000
2021-02-11	26.06	26.39	25.85	26.37	8688300
2021-02-12	25.68	25.87	25.47	25.80	17432900
2021-02-16	25.82	26.10	25.75	25.95	7801000
2021-02-17	25.64	25.94	25.53	25.79	3908100
2021-02-18	25.60	25.69	25.31	25.58	5103100
2021-02-19	25.75	25.80	25.50	25.67	3429200
2021-02-22	26.04	26.24	25.63	25.82	6994000
2021-02-23	26.46	26.47	25.68	26.13	6009800
2021-02-24	26.56	26.68	26.19	26.47	6556400
2021-02-25	25.98	26.73	25.98	26.64	11199500
2021-02-26	25.12	25.86	25.09	25.80	5362800
2021-03-01	25.81	25.99	25.36	25.56	4601500
2021-03-02	26.01	26.18	25.83	25.88	3744200
2021-03-03	26.10	26.33	25.64	26.01	5702300
2021-03-04	26.15	26.53	25.92	26.15	6994700
2021-03-05	26.33	26.50	26.04	26.39	6656400
2021-03-08	26.63	26.70	26.25	26.36	3885500
2021-03-09	26.46	26.87	26.44	26.73	3503600
2021-03-10	26.67	26.82	26.48	26.56	5795900
2021-03-11	26.99	27.07	26.76	26.87	5395200
2021-03-12	27.05	27.16	26.88	26.99	7976800
2021-03-15	27.19	27.22	26.96	27.11	3364700
2021-03-16	27.08	27.18	26.83	27.16	3699300
2021-03-17	27.21	27.31	26.82	26.93	2941600
2021-03-18	26.62	27.13	26.54	26.95	3275900
2021-03-19	26.94	27.05	26.43	26.68	3579500
2021-03-22	26.94	27.09	26.88	26.96	4577800
2021-03-23	26.89	27.12	26.68	26.79	4486200
2021-03-24	27.35	27.52	26.93	26.99	4238800
2021-03-25	27.25	27.34	26.88	27.31	3932500
2021-03-26	27.54	27.60	27.32	27.43	4183600
2021-03-29	27.63	27.71	27.35	27.56	5303900
2021-03-30	27.22	27.44	27.17	27.37	3624000
2021-03-31	27.04	27.31	26.90	27.28	3754900
2021-04-01	27.36	27.37	26.99	27.27	2385200
2021-04-05	27.47	27.48	27.21	27.43	2384000
2021-04-06	27.31	27.50	27.24	27.48	2694800
2021-04-07	27.29	27.48	27.22	27.31	2204200
2021-04-08	27.57	27.57	27.09	27.17	3188000
2021-04-09	27.40	27.62	27.28	27.59	2726100
2021-04-12	27.28	27.57	27.18	27.43	2203100
2021-04-13	27.28	27.42	27.17	27.37	2947500
2021-04-14	27.55	27.67	27.34	27.37	2639000
2021-04-15	27.71	27.71	27.53	27.63	2242800
2021-04-16	27.72	27.86	27.54	27.86	5010700
2021-04-19	27.77	27.92	27.64	27.82	2643200
2021-04-20	27.34	27.74	27.28	27.67	3869100
2021-04-21	27.73	27.76	27.15	27.15	2313000
2021-04-22	27.49	27.75	27.48	27.71	3314100
2021-04-23	27.55	27.68	27.36	27.68	2387600
2021-04-26	27.62	27.66	27.51	27.54	2674800
2021-04-27	27.98	28.03	27.58	27.68	2828800
2021-04-28	28.34	28.45	28.01	28.09	4432800
2021-04-29	28.65	28.70	28.43	28.57	2819000
2021-04-30	28.65	28.71	28.39	28.60	3162500
2021-05-03	28.80	28.93	28.64	28.80	2648500
2021-05-04	28.96	28.98	28.75	28.90	3023800
2021-05-05	29.67	29.74	29.09	29.13	6473000
2021-05-06	29.56	29.79	29.38	29.69	3247200
2021-05-07	29.46	29.50	28.63	29.27	5228900
2021-05-10	29.75	29.97	29.55	29.62	8271000
2021-05-11	29.61	29.80	29.40	29.51	5079000
2021-05-12	29.59	30.03	29.34	29.35	5741600
2021-05-13	29.02	29.50	28.80	29.28	8903100
2021-05-14	29.44	29.64	29.26	29.30	5452500
2021-05-17	29.31	29.57	29.21	29.41	6655700
2021-05-18	29.37	29.47	29.09	29.37	7421500
2021-05-19	28.69	29.15	28.60	29.14	7241400
2021-05-20	29.17	29.26	28.63	28.79	4019700
2021-05-21	29.18	29.41	29.02	29.34	2754300
2021-05-24	29.40	29.49	29.18	29.29	2367900
2021-05-25	29.06	29.42	29.05	29.35	3013100
2021-05-26	29.17	29.25	29.03	29.08	3185800
2021-05-27	29.21	29.36	29.11	29.21	4397800
2021-05-28	29.09	29.35	29.03	29.28	6133600
2021-06-01	29.23	29.47	29.17	29.42	5671100
2021-06-02	29.40	29.43	29.28	29.40	6121400
2021-06-03	29.20	29.40	29.13	29.31	4881700
2021-06-04	29.52	29.53	29.28	29.34	6985400
2021-06-07	29.87	29.91	29.57	29.59	2997100
2021-06-08	29.95	30.14	29.88	30.00	5018100
2021-06-09	30.06	30.17	29.94	30.06	3742900
2021-06-10	30.05	30.27	29.88	30.24	3801200
2021-06-11	29.99	30.15	29.95	30.08	3436200
2021-06-14	30.77	30.79	30.02	30.05	13202400
2021-06-15	30.82	30.95	30.63	30.86	3646500
2021-06-16	30.76	31.09	30.64	30.90	3384200
2021-06-17	30.55	30.85	30.27	30.76	4149300
2021-06-18	29.93	30.32	29.81	30.26	4793500
2021-06-21	30.24	30.35	29.95	30.16	2991600
2021-06-22	30.24	30.32	29.83	30.26	3059400
2021-06-23	30.11	30.47	30.11	30.38	3872400
2021-06-24	30.30	30.33	30.05	30.21	2240600
2021-06-25	30.42	30.49	30.27	30.41	1935900
2021-06-28	30.11	30.37	30.05	30.37	5008300
2021-06-29	30.11	30.20	30.03	30.12	3598000
2021-06-30	30.27	30.39	30.07	30.18	2418000
2021-07-01	30.53	30.70	30.36	30.42	2058100
2021-07-02	30.76	30.76	30.40	30.53	2606100
2021-07-06	30.39	30.67	30.05	30.66	2423100
2021-07-07	30.36	30.55	30.25	30.35	2597500
2021-07-08	30.11	30.24	29.87	30.05	2415900
2021-07-09	30.42	30.45	30.15	30.24	1992200
2021-07-12	30.35	30.44	30.21	30.30	1802900
2021-07-13	30.16	30.23	30.08	30.22	2044500
2021-07-14	29.89	30.24	29.81	30.24	2616700
2021-07-15	29.64	29.87	29.56	29.78	2550500
2021-07-16	29.54	29.86	29.50	29.71	2136300
2021-07-19	28.57	29.10	28.24	28.96	6808900
2021-07-20	28.68	28.78	28.22	28.51	5691900
2021-07-21	29.18	29.34	28.95	29.00	2534700
2021-07-22	29.24	29.37	29.03	29.25	2122000
2021-07-23	29.34	29.36	29.17	29.31	1884700
2021-07-26	29.40	29.71	29.20	29.34	3233600
2021-07-27	29.46	29.53	29.25	29.38	2343500
2021-07-28	29.74	29.83	29.37	29.49	3698700
2021-07-29	29.96	30.08	29.84	29.99	4311700
2021-07-30	29.74	30.08	29.49	29.99	5534500
2021-08-02	29.53	30.25	29.52	29.87	2551600
2021-08-03	29.83	29.86	29.27	29.57	2244400
2021-08-04	29.62	29.90	29.53	29.69	2757800
2021-08-05	29.86	29.98	29.75	29.77	1748000
2021-08-06	29.89	29.96	29.73	29.93	1955300
2021-08-09	29.66	29.93	29.56	29.82	7116200
2021-08-10	30.07	30.12	29.74	29.79	4365300
2021-08-11	30.45	30.48	30.11	30.21	4079100
2021-08-12	30.12	30.49	30.07	30.45	6972500
2021-08-13	30.12	30.27	29.87	30.06	3603800
2021-08-16	30.14	30.21	29.80	30.04	3373800
2021-08-17	29.74	30.09	29.52	30.08	4895300
2021-08-18	29.35	29.78	29.35	29.75	4067600
2021-08-19	28.68	29.02	28.49	28.99	4707600
2021-08-20	29.09	29.10	28.51	28.58	3438700
2021-08-23	29.77	29.78	29.39	29.47	3711400
2021-08-24	29.98	30.10	29.72	29.86	2536800
2021-08-25	30.08	30.18	29.82	30.00	1940800
2021-08-26	29.92	30.15	29.83	29.98	3186100
2021-08-27	30.31	30.38	29.95	29.98	3044100
2021-08-30	30.38	30.50	30.28	30.39	4433500
2021-08-31	30.21	30.32	29.82	30.27	6028800
2021-09-01	30.34	30.45	30.21	30.21	3305500
2021-09-02	30.61	30.61	30.41	30.51	3152200
2021-09-03	30.77	30.80	30.52	30.64	3838100
2021-09-07	30.71	30.90	30.61	30.75	4225000
2021-09-08	31.06	31.12	30.69	30.71	3916000
2021-09-09	30.81	31.11	30.76	30.98	3016900
2021-09-10	30.59	31.05	30.54	30.98	1777500
2021-09-13	30.85	31.06	30.75	30.75	2792800
2021-09-14	30.59	31.08	30.55	31.04	2307900
2021-09-15	30.95	31.01	30.67	30.79	2280600
2021-09-16	30.79	30.98	30.71	30.89	2520800
2021-09-17	30.48	30.79	30.40	30.68	4366700
2021-09-20	29.88	30.21	29.64	29.98	5784400
2021-09-21	30.15	30.42	30.03	30.18	3339300
2021-09-22	30.38	30.64	30.25	30.41	2989400
2021-09-23	30.81	30.95	30.45	30.58	2184500
2021-09-24	30.77	30.87	30.65	30.68	1745300
2021-09-27	31.05	31.18	30.81	30.90	3411400
2021-09-28	30.59	31.13	30.49	31.08	5392400
2021-09-29	30.61	30.87	30.45	30.63	2672700
2021-09-30	30.59	30.88	30.51	30.72	2748600
2021-10-01	30.76	30.85	30.46	30.68	2477200
2021-10-04	31.07	31.34	30.85	30.95	3933300
2021-10-05	30.88	31.31	30.82	31.21	4109000
2021-10-06	31.17	31.19	30.50	30.68	5535400
2021-10-07	31.36	31.48	31.21	31.22	4557300
2021-10-08	31.80	31.89	31.34	31.52	6659600
2021-10-11	31.78	32.12	31.54	32.09	3618500
2021-10-12	32.16	32.31	31.74	31.77	3680600
2021-10-13	32.37	32.37	31.98	32.07	6563400
2021-10-14	32.69	32.81	32.48	32.62	3051100
2021-10-15	32.71	32.88	32.68	32.85	4235200
2021-10-18	32.78	33.03	32.69	32.81	4799000
2021-10-19	32.97	33.13	32.85	32.89	4955900
2021-10-20	33.19	33.21	32.86	33.02	4844200
2021-10-21	32.68	33.10	32.64	33.01	3863000
2021-10-22	32.90	32.91	32.67	32.75	2732900
2021-10-25	32.79	32.97	32.55	32.97	6530000
2021-10-26	32.72	33.05	32.71	32.87	2869900
2021-10-27	32.41	32.83	32.41	32.58	4496200
2021-10-28	32.50	32.54	32.15	32.41	4154700
2021-10-29	32.17	32.47	32.07	32.47	3021100
2021-11-01	32.59	32.61	32.22	32.28	2584400
2021-11-02	32.38	32.49	32.27	32.44	2522400
2021-11-03	32.40	32.43	32.15	32.20	3201800
2021-11-04	32.23	32.84	32.07	32.83	4682300
2021-11-05	33.28	33.32	32.44	32.60	6164400
2021-11-08	32.54	33.31	32.49	33.30	6833100
2021-11-09	32.51	32.83	32.47	32.64	7698400
2021-11-10	32.44	32.71	32.36	32.53	7472800
2021-11-11	32.13	32.41	32.11	32.41	4944700
2021-11-12	31.56	32.20	31.52	32.19	5861100
2021-11-15	31.58	31.83	31.43	31.71	7428500
2021-11-16	31.50	31.75	31.44	31.56	7000900
2021-11-17	31.41	31.85	31.28	31.48	3058200
2021-11-18	31.30	31.41	31.13	31.40	5583700
2021-11-19	31.02	31.11	30.70	31.05	7536500
2021-11-22	30.83	30.99	30.69	30.98	5315900
2021-11-23	31.09	31.16	30.83	30.93	5339200
2021-11-24	31.16	31.32	30.93	31.02	5300700
2021-11-26	30.45	30.64	30.22	30.59	4829400
2021-11-29	29.84	30.72	29.74	30.56	8629800
2021-11-30	29.32	29.60	29.07	29.60	7314100
2021-12-01	28.95	29.83	28.95	29.82	5997400
2021-12-02	29.20	29.48	28.80	28.95	5622700
2021-12-03	29.12	29.48	29.06	29.45	4700800
2021-12-06	29.58	29.59	29.20	29.54	9964700
2021-12-07	30.23	30.37	29.98	30.13	7525900
2021-12-08	30.04	30.36	29.90	30.31	5961000
2021-12-09	29.51	29.92	29.47	29.87	8717000
2021-12-10	29.52	29.77	29.47	29.64	5376400
2021-12-13	29.33	29.62	29.26	29.59	4195600
2021-12-14	29.19	29.41	29.09	29.30	4388700
2021-12-15	28.96	29.18	28.84	29.12	11975500
2021-12-16	29.17	29.50	29.16	29.34	10060200
2021-12-17	28.84	29.09	28.66	28.81	7510300
2021-12-20	28.81	28.93	28.28	28.52	12504400
2021-12-21	29.20	29.39	29.02	29.09	13365300
2021-12-22	29.37	29.42	29.02	29.16	4154900
2021-12-23	29.68	29.84	29.46	29.49	4629800
2021-12-27	30.02	30.04	29.57	29.76	2577700
2021-12-28	29.91	30.13	29.87	30.05	2269100
2021-12-29	29.98	30.04	29.77	29.91	3079800
2021-12-30	30.19	30.27	30.02	30.02	3304700
2021-12-31	30.52	30.56	30.21	30.28	3780100
2022-01-03	30.64	30.87	30.51	30.56	2991900
2022-01-04	30.44	30.98	30.41	30.92	4043700
2022-01-05	30.74	31.12	30.59	30.62	4792200
2022-01-06	31.26	31.26	30.66	30.77	5823900
2022-01-07	31.69	31.74	30.78	31.01	6350000
2022-01-10	31.82	31.83	31.44	31.69	4223800
2022-01-11	32.29	32.30	31.80	32.02	3511800
2022-01-12	32.56	32.57	32.26	32.41	4374900
2022-01-13	32.61	32.87	32.55	32.65	4158700
2022-01-14	32.54	32.63	32.23	32.55	4243100
2022-01-18	32.94	33.00	32.56	32.73	7259000
2022-01-19	32.91	33.05	32.48	33.01	7149400
2022-01-20	32.62	32.99	32.62	32.80	7449700
2022-01-21	31.87	32.49	31.55	32.41	10735400
2022-01-24	31.42	31.51	30.48	31.08	10400200
2022-01-25	32.04	32.12	31.19	31.24	6235600
2022-01-26	32.23	32.68	31.98	32.37	5572800
2022-01-27	32.17	32.68	31.98	32.48	4875400
2022-01-28	32.41	32.44	31.98	32.05	3652200
2022-01-31	33.01	33.13	32.34	32.35	4388600
2022-02-01	33.23	33.33	32.83	32.94	4590800
2022-02-02	33.65	33.76	33.26	33.26	4595500
2022-02-03	33.53	33.73	33.33	33.47	3769600
2022-02-04	33.48	33.77	33.36	33.51	3690400
2022-02-07	33.88	33.99	33.55	33.65	5976600
2022-02-08	33.38	34.05	33.36	33.89	4831900
2022-02-09	33.54	33.67	33.43	33.43	3024400
2022-02-10	33.47	33.90	33.41	33.47	5458300
2022-02-11	34.05	34.15	33.45	33.71	10721100
2022-02-14	32.88	33.70	32.62	33.56	12542400
2022-02-15	32.76	32.92	32.39	32.65	5537100
2022-02-16	33.03	33.20	32.65	32.91	3990600
2022-02-17	32.93	33.09	32.76	32.95	5485300
2022-02-18	32.67	32.97	32.64	32.87	3298900
2022-02-22	32.74	33.03	32.26	32.98	4440600
2022-02-23	32.95	33.10	32.75	32.92	4544100
2022-02-24	32.91	32.96	32.31	32.53	5902800
2022-02-25	33.80	33.80	33.01	33.08	6693000
2022-02-28	34.26	34.31	33.53	33.56	7063900
2022-03-01	34.41	34.95	34.09	34.45	7982300
2022-03-02	35.22	35.41	34.56	34.72	6455700
2022-03-03	35.24	35.52	35.06	35.06	4100100
2022-03-04	35.50	35.61	34.95	35.06	10678200
2022-03-07	35.10	35.80	35.06	35.68	5694000
2022-03-08	34.80	35.31	34.63	35.30	7389400
2022-03-09	34.99	35.26	34.48	34.53	4347800
2022-03-10	35.26	35.33	34.80	35.13	4377900
2022-03-11	35.27	35.51	35.12	35.22	3941100
2022-03-14	34.84	35.22	34.53	35.22	5296400
2022-03-15	34.95	35.00	34.20	34.41	4182700
2022-03-16	34.92	35.27	34.49	34.99	3452600
2022-03-17	35.50	35.69	35.11	35.12	4174100
2022-03-18	35.57	35.68	35.25	35.56	3581200
2022-03-21	35.90	36.06	35.63	35.70	5271800
2022-03-22	35.87	36.17	35.71	36.01	3489600
2022-03-23	35.75	36.04	35.74	36.02	3479900
2022-03-24	36.02	36.08	35.83	35.93	2507900
2022-03-25	36.78	36.79	36.02	36.02	4348100
2022-03-28	36.45	36.48	36.08	36.40	2843400
2022-03-29	36.60	36.71	36.06	36.17	3017600
2022-03-30	36.77	36.83	36.52	36.75	2645000
2022-03-31	36.56	36.89	36.53	36.60	3393400
2022-04-01	36.81	36.91	36.53	36.67	2629500
2022-04-04	36.99	37.14	36.79	36.93	2556900
2022-04-05	36.90	37.62	36.89	37.13	2678700
2022-04-06	36.92	37.17	36.75	36.99	3161300
2022-04-07	36.60	36.95	36.15	36.92	4742300
2022-04-08	37.06	37.19	36.63	36.63	3397500
2022-04-11	36.57	37.02	36.44	36.97	3352000
2022-04-12	36.60	37.01	36.58	36.78	2671000
2022-04-13	36.79	36.89	36.52	36.73	3234400
2022-04-14	36.67	36.94	36.58	36.73	2507500
2022-04-18	36.64	36.82	36.52	36.75	2710800
2022-04-19	36.83	36.92	36.51	36.62	2229900
2022-04-20	37.15	37.33	36.86	36.97	2776000
2022-04-21	36.74	37.46	36.71	37.24	2994700
2022-04-22	35.59	36.68	35.52	36.51	3875400
2022-04-25	35.03	35.25	34.26	34.91	5380800
2022-04-26	34.72	35.17	34.69	34.95	3496300
2022-04-27	34.76	35.04	34.46	34.87	3196000
2022-04-28	35.39	35.60	34.81	34.98	3375200
2022-04-29	34.62	35.59	34.53	35.49	4433700
2022-05-02	34.45	34.68	34.00	34.51	3682000
2022-05-03	34.80	35.14	34.50	34.52	3833600
2022-05-04	35.85	35.95	34.94	35.18	4975400
2022-05-05	35.37	36.15	35.02	36.02	5089500
2022-05-06	36.04	36.25	35.15	36.18	5652100
2022-05-09	34.41	35.74	34.31	35.74	6738500
2022-05-10	34.07	35.03	33.67	34.78	5777200
2022-05-11	34.22	35.06	34.15	34.45	8063600
2022-05-12	34.39	34.40	33.85	34.10	9391100
2022-05-13	35.28	35.51	34.73	34.81	5070600
2022-05-16	35.92	36.13	35.35	35.45	4430600
2022-05-17	36.17	36.29	35.90	36.18	3357800
2022-05-18	35.64	36.34	35.48	36.23	3345100
2022-05-19	35.80	36.05	35.26	35.26	3893700
2022-05-20	35.89	36.18	35.32	36.01	3489400
2022-05-23	36.18	36.56	36.01	36.15	2436600
2022-05-24	36.24	36.36	35.67	36.26	3557800
2022-05-25	36.34	36.49	36.08	36.24	2752000
2022-05-26	36.94	37.06	36.36	36.38	2836600
2022-05-27	37.22	37.42	37.01	37.05	5710900
2022-05-31	37.18	37.63	37.10	37.40	4054800
2022-06-01	37.02	37.58	36.99	37.49	5981700
2022-06-02	37.81	37.90	36.95	37.06	3471500
2022-06-03	37.71	38.00	37.63	37.79	2500700
2022-06-06	37.96	38.08	37.80	37.87	2543600
2022-06-07	38.29	38.35	37.85	38.05	2514800
2022-06-08	38.01	38.41	37.77	38.34	2485200
2022-06-09	37.20	37.89	37.17	37.85	2797400
2022-06-10	36.70	37.00	36.42	37.00	3133200
2022-06-13	35.45	36.05	35.24	35.93	5480600
2022-06-14	34.60	35.65	34.37	35.58	5778400
2022-06-15	34.39	34.83	33.66	34.64	4820400
2022-06-16	33.01	33.84	32.91	33.83	5365500
2022-06-17	32.62	33.00	31.75	32.74	8219800
2022-06-21	33.43	33.69	33.12	33.21	3835700
2022-06-22	33.23	33.48	32.42	32.69	3945500
2022-06-23	32.87	33.43	32.65	33.30	5005300
2022-06-24	33.66	33.77	32.98	33.22	3209900
2022-06-27	33.98	34.21	33.76	33.81	3246800
2022-06-28	34.27	34.75	34.09	34.56	3369200
2022-06-29	34.19	34.60	34.03	34.56	3219700
2022-06-30	34.05	34.09	33.60	33.89	3173700
2022-07-01	34.37	34.45	33.70	34.10	2826700
2022-07-05	33.39	33.85	32.54	33.84	4152000
2022-07-06	33.26	33.48	32.57	33.07	3410800
2022-07-07	33.84	33.96	33.54	33.74	2903200
2022-07-08	33.99	34.20	33.65	33.94	2189100
2022-07-11	33.92	33.99	33.48	33.66	2342000
2022-07-12	33.63	33.81	33.39	33.54	2191200
2022-07-13	33.55	33.77	33.25	33.36	3760100
2022-07-14	33.11	33.15	32.26	32.78	3958000
2022-07-15	33.51	33.66	33.22	33.54	2467400
2022-07-18	34.21	34.48	33.94	33.98	2869600
2022-07-19	34.77	34.85	34.38	34.42	2989200
2022-07-20	34.71	34.79	34.39	34.74	2201000
2022-07-21	34.61	34.64	34.15	34.22	2368700
2022-07-22	34.57	34.95	34.39	34.74	1819300
2022-07-25	35.46	35.47	34.74	34.81	2604800
2022-07-26	35.31	35.64	35.17	35.47	2895700
2022-07-27	35.93	36.08	35.30	35.45	3041800
2022-07-28	36.02	36.18	35.57	36.18	2829000
2022-07-29	36.20	36.43	35.86	36.22	2818300
2022-08-01	35.88	35.96	35.38	35.83	2318200
2022-08-02	35.44	36.10	35.42	36.05	3288100
2022-08-03	35.58	35.67	35.28	35.61	2276400
2022-08-04	34.85	35.52	34.79	35.47	2976900
2022-08-05	34.46	34.54	34.17	34.40	3746900
2022-08-08	34.97	35.08	34.68	34.72	2265000
2022-08-09	34.98	35.31	34.89	35.15	2375300
2022-08-10	35.35	35.53	35.10	35.26	2491500
2022-08-11	35.68	35.92	35.53	35.62	6281000
2022-08-12	35.60	35.72	35.38	35.65	6153100
2022-08-15	34.95	35.09	34.71	34.92	2939100
2022-08-16	35.34	35.38	34.93	34.98	2975800
2022-08-17	35.02	35.18	34.91	35.18	2251200
2022-08-18	35.45	35.56	35.16	35.26	2893000
2022-08-19	35.41	35.47	35.13	35.38	1685000
2022-08-22	35.16	35.32	34.99	35.25	2217300
2022-08-23	35.77	35.83	35.25	35.40	2334200
2022-08-24	36.09	36.17	35.69	35.70	2232800
2022-08-25	36.31	36.33	36.01	36.24	2010900
2022-08-26	35.65	36.45	35.61	36.42	2478000
2022-08-29	35.94	36.08	35.50	35.64	2131200
2022-08-30	34.89	35.81	34.85	35.81	2922700
2022-08-31	33.72	34.55	33.72	34.54	5438200
2022-09-01	33.55	33.63	33.22	33.54	4516800
2022-09-02	33.82	34.23	33.63	33.97	4400800
2022-09-06	33.40	34.06	33.35	33.91	2898500
2022-09-07	33.69	33.72	32.92	33.01	2118000
2022-09-08	33.65	33.71	33.22	33.58	2751900
2022-09-09	34.21	34.28	33.96	34.08	2116600
2022-09-12	35.12	35.21	34.59	34.59	2904700
2022-09-13	34.35	34.84	34.19	34.66	2947700
2022-09-14	34.53	35.00	34.38	34.44	2676900
2022-09-15	34.26	34.48	34.08	34.31	2785700
2022-09-16	33.54	33.90	33.27	33.88	3032600
2022-09-19	33.83	33.84	32.96	33.04	2214800
2022-09-20	33.31	33.65	33.00	33.58	2617300
2022-09-21	32.84	33.59	32.84	33.54	2596100
2022-09-22	32.78	33.18	32.69	33.09	2372700
2022-09-23	31.11	32.23	31.04	32.18	6415200
2022-09-26	30.44	31.14	30.21	30.91	6395800
2022-09-27	30.69	31.08	30.48	30.74	4170600
2022-09-28	31.48	31.57	30.54	30.79	4427500
2022-09-29	30.84	31.31	30.55	31.31	3841400
2022-09-30	30.35	31.05	30.31	30.80	3497900
2022-10-03	31.46	31.71	30.93	31.06	4794300
2022-10-04	32.25	32.40	31.85	31.86	4071300
2022-10-05	31.85	32.19	31.41	31.93	3509500
2022-10-06	30.43	31.60	30.25	31.59	5749000
2022-10-07	30.31	30.71	30.13	30.43	4580100
2022-10-10	29.79	30.63	29.78	30.43	3109200
2022-10-11	29.48	29.94	29.37	29.64	4520900
2022-10-12	29.14	29.41	29.10	29.31	3452700
2022-10-13	30.38	30.53	28.65	28.72	6052200
2022-10-14	29.44	30.56	29.36	30.43	3693500
2022-10-17	30.30	30.58	29.77	29.86	3140600
2022-10-18	30.55	30.82	30.07	30.61	4212400
2022-10-19	30.51	30.65	30.26	30.52	2260700
2022-10-20	30.41	30.90	30.27	30.72	2549300
2022-10-21	30.99	31.16	30.27	30.43	3044000
2022-10-24	30.84	31.19	30.79	30.99	2282400
2022-10-25	31.20	31.23	30.66	30.84	2442000
2022-10-26	31.60	31.87	31.29	31.38	3039300
2022-10-27	31.95	32.32	31.80	31.97	2905200
2022-10-28	31.95	32.03	31.66	31.91	3251000
2022-10-31	31.87	32.06	31.61	31.74	2826100
2022-11-01	31.84	32.56	31.81	32.43	8027300
2022-11-02	31.66	32.47	31.63	31.93	3072700
2022-11-03	31.92	32.14	31.20	31.33	3011400
2022-11-04	32.89	33.36	32.48	32.73	4245800
2022-11-07	32.67	32.85	32.37	32.85	7784200
2022-11-08	32.84	32.91	32.34	32.65	3514800
2022-11-09	32.13	32.91	32.05	32.73	2968200
2022-11-10	33.47	33.52	32.70	32.76	2833600
2022-11-11	34.21	34.37	33.71	33.80	7643000
2022-11-14	33.37	34.27	33.31	34.26	7562500
2022-11-15	33.55	33.85	33.41	33.85	3008400
2022-11-16	33.60	33.75	33.44	33.56	2957100
2022-11-17	33.51	33.57	33.16	33.21	2790600
2022-11-18	33.53	33.56	33.24	33.32	2064000
2022-11-21	33.41	33.44	32.91	33.22	2843800
2022-11-22	34.08	34.28	33.67	33.67	3280600
2022-11-23	34.45	34.48	33.91	33.97	2855600
2022-11-25	34.69	35.00	34.55	34.55	1341800
2022-11-28	34.24	34.64	34.14	34.32	2298200
2022-11-29	33.96	34.42	33.95	34.33	3407200
2022-11-30	34.31	34.70	33.81	34.34	4728100
2022-12-01	34.04	34.58	33.96	34.51	3321000
2022-12-02	33.75	34.02	33.57	33.83	3040400
2022-12-05	33.17	33.93	33.11	33.81	2565300
2022-12-06	32.73	33.31	32.58	33.06	2712300
2022-12-07	32.63	32.99	32.54	32.73	2415900
2022-12-08	32.60	32.99	32.44	32.98	2131400
2022-12-09	32.52	32.80	32.41	32.41	2247500
2022-12-12	32.70	32.71	32.40	32.53	17834100
2022-12-13	33.08	33.44	32.94	33.13	5438000
2022-12-14	33.00	33.32	32.79	33.06	3887300
2022-12-15	32.35	32.83	32.15	32.83	3369400
2022-12-16	31.89	32.09	31.59	31.96	4599200
2022-12-19	31.50	32.10	31.35	32.06	8478000
2022-12-20	31.99	32.16	31.55	31.62	3547500
2022-12-21	32.65	32.69	32.24	32.34	5296100
2022-12-22	32.27	32.60	31.77	32.54	2970600
2022-12-23	32.82	32.86	32.35	32.41	2215200
2022-12-27	32.96	33.00	32.71	32.78	1586400
2022-12-28	32.25	33.03	32.21	32.92	2305100
2022-12-29	32.63	32.73	32.29	32.34	1686400
2022-12-30	32.49	32.69	32.41	32.46	1948000
2023-01-03	32.44	32.65	32.17	32.34	2926300
2023-01-04	33.05	33.27	32.54	32.54	4101900
2023-01-05	32.92	33.08	32.63	32.93	2282800
2023-01-06	33.67	33.79	33.10	33.19	3519400
2023-01-09	34.07	34.19	33.96	34.01	2397500
2023-01-10	34.06	34.21	33.77	34.21	2209600
2023-01-11	34.33	34.40	34.04	34.21	1871600
2023-01-12	34.84	34.90	34.33	34.55	2613000
2023-01-13	34.70	34.94	34.51	34.70	3010600
2023-01-17	34.64	34.76	34.54	34.58	2359600
2023-01-18	34.23	34.99	34.20	34.75	2219400
2023-01-19	34.39	34.52	34.07	34.11	1893100
2023-01-20	34.79	34.83	34.14	34.43	2506200
2023-01-23	34.80	34.95	34.60	34.90	2152200
2023-01-24	34.51	34.78	34.19	34.78	4284700
2023-01-25	33.63	34.36	33.49	34.26	4082000
2023-01-26	33.78	33.98	33.60	33.93	2652200
2023-01-27	33.94	34.11	33.68	33.77	2957800
2023-01-30	33.68	34.01	33.67	33.91	2255400
2023-01-31	34.05	34.06	33.58	33.67	3256100
2023-02-01	33.84	34.19	33.50	34.11	4433900
2023-02-02	33.73	34.09	33.67	33.97	3428000
2023-02-03	33.72	33.88	33.47	33.57	3110400
2023-02-06	33.65	33.87	33.36	33.68	2610500
2023-02-07	33.86	34.06	33.49	33.62	2677900
2023-02-08	32.86	33.63	32.72	33.58	5168700
2023-02-09	32.67	33.22	32.58	32.93	3608600
2023-02-10	33.73	33.78	32.82	32.90	3695700
2023-02-13	33.99	34.01	33.62	33.72	6664500
2023-02-14	33.60	33.88	33.34	33.83	4916400
2023-02-15	33.38	33.46	33.12	33.26	4033700
2023-02-16	33.08	33.38	32.79	32.95	3683400
2023-02-17	32.86	33.01	32.52	32.81	3549000
2023-02-21	32.17	32.72	32.13	32.53	2912600
2023-02-22	31.93	32.49	31.71	32.13	6886000
2023-02-23	31.98	32.38	31.76	32.36	5627900
2023-02-24	31.95	31.97	31.59	31.68	3461000
2023-02-27	32.12	32.51	32.06	32.15	3031000
2023-02-28	31.70	32.18	31.69	32.14	3960300
2023-03-01	32.11	32.25	31.72	31.77	4163000
2023-03-02	32.66	32.70	31.99	32.19	3546000
2023-03-03	32.83	32.92	32.58	32.62	3125900
2023-03-06	32.79	32.90	32.65	32.86	2930600
2023-03-07	32.38	32.83	32.14	32.83	5539600
2023-03-08	32.43	32.61	32.25	32.32	2870100
2023-03-09	32.09	32.85	32.03	32.52	4133500
2023-03-10	31.97	32.36	31.76	32.25	3853700
2023-03-13	32.30	32.46	31.61	31.70	7196500
2023-03-14	32.31	32.79	32.00	32.43	3487900
2023-03-15	30.91	31.71	30.50	31.71	7605200
2023-03-16	31.27	31.27	30.55	30.66	5294000
2023-03-17	30.89	31.26	30.68	31.20	4391300
2023-03-20	31.38	31.56	30.87	30.88	4530000
2023-03-21	31.32	31.77	31.22	31.58	3545900
2023-03-22	30.93	31.68	30.89	31.46	4797800
2023-03-23	30.79	31.35	30.64	31.05	4219500
2023-03-24	31.03	31.05	30.26	30.47	3257800
2023-03-27	31.11	31.26	30.92	31.25	2328000
2023-03-28	31.03	31.30	30.94	31.05	4916700
2023-03-29	31.96	31.98	31.36	31.38	4070100
2023-03-30	32.17	32.31	32.00	32.25	3176500
2023-03-31	32.23	32.49	32.09	32.21	2693200
2023-04-03	32.96	32.99	32.59	32.79	3854700
2023-04-04	32.85	33.06	32.55	32.99	2451300
2023-04-05	33.16	33.23	32.84	32.92	2201500
2023-04-06	32.93	33.23	32.88	33.23	1853900
2023-04-10	33.01	33.03	32.69	32.88	2942100
2023-04-11	33.46	33.49	32.94	33.03	2571900
2023-04-12	33.54	33.86	33.48	33.54	3325400
2023-04-13	33.83	33.94	33.50	33.56	1910100
2023-04-14	33.83	33.97	33.70	33.80	1740400
2023-04-17	33.83	33.86	33.61	33.82	2343500
2023-04-18	33.75	33.99	33.63	33.87	1585800
2023-04-19	33.59	33.72	33.50	33.58	1640800
2023-04-20	33.26	33.50	33.18	33.37	1951500
2023-04-21	33.21	33.36	33.08	33.30	1914900
2023-04-24	33.30	33.38	33.03	33.21	3774700
2023-04-25	33.15	33.54	33.07	33.13	2665000
2023-04-26	33.05	33.25	32.91	33.16	2995100
2023-04-27	33.21	33.48	33.03	33.03	3476900
2023-04-28	33.59	33.64	33.12	33.18	2291200
2023-05-01	33.42	33.71	33.37	33.44	1957600
2023-05-02	32.58	33.29	32.42	33.29	4680100
2023-05-03	32.83	33.21	32.37	32.37	3631100
2023-05-04	33.18	33.34	32.60	32.87	4856100
2023-05-05	33.72	33.94	33.53	33.76	3219800
2023-05-08	33.50	34.05	33.45	33.87	3065400
2023-05-09	33.66	33.80	33.35	33.45	2483100
2023-05-10	33.55	33.98	33.32	33.92	2205200
2023-05-11	33.35	33.44	33.05	33.42	5698500
2023-05-12	33.02	33.50	32.95	33.35	4798300
2023-05-15	33.20	33.27	32.83	33.15	3046100
2023-05-16	31.90	33.18	31.89	33.02	5731500
2023-05-17	31.95	32.17	31.84	32.04	3258100
2023-05-18	31.83	31.92	31.46	31.79	3984600
2023-05-19	31.86	32.08	31.72	31.93	2756500
2023-05-22	31.68	31.91	31.60	31.80	3637400
2023-05-23	31.54	31.79	31.44	31.77	3350000
2023-05-24	31.44	31.64	31.33	31.51	3621300
2023-05-25	30.85	31.32	30.76	31.32	5058200
2023-05-26	30.82	31.10	30.80	30.99	5139400
2023-05-30	30.59	31.03	30.58	30.82	3060000
2023-05-31	30.24	30.49	30.17	30.42	3746700
2023-06-01	31.12	31.29	30.45	30.46	5705000
2023-06-02	32.16	32.21	31.38	31.53	6272300
2023-06-05	32.05	32.49	32.05	32.40	4150400
2023-06-06	32.37	32.41	31.89	31.90	2124700
2023-06-07	32.56	32.64	32.34	32.38	2424600
2023-06-08	32.84	32.84	32.49	32.65	2100900
2023-06-09	32.59	32.93	32.50	32.90	2384800
2023-06-12	32.22	32.47	32.06	32.46	2153100
2023-06-13	32.23	32.67	32.22	32.47	2516600
2023-06-14	31.67	32.55	31.63	32.30	5108100
2023-06-15	32.00	32.30	31.56	31.78	3052900
2023-06-16	32.20	32.32	32.07	32.10	3619000
2023-06-20	31.69	32.16	31.54	32.08	4296800
2023-06-21	31.73	31.86	31.39	31.62	3516000
2023-06-22	31.52	31.64	31.43	31.56	2499200
2023-06-23	31.09	31.37	31.07	31.36	2225500
2023-06-26	31.66	31.79	31.07	31.08	3631900
2023-06-27	31.56	31.74	31.37	31.63	2164600
2023-06-28	31.55	31.59	31.23	31.37	2288800
2023-06-29	31.79	31.81	31.52	31.58	2138600
2023-06-30	31.92	31.97	31.79	31.92	2262100
2023-07-03	32.06	32.15	31.92	32.03	975500
2023-07-05	31.61	32.08	31.50	32.04	4743700
2023-07-06	31.17	31.44	30.99	31.44	3821700
2023-07-07	31.29	31.45	30.98	31.01	3615900
2023-07-10	31.07	31.28	31.02	31.26	2604400
2023-07-11	31.26	31.33	31.10	31.22	2664900
2023-07-12	31.66	31.74	31.40	31.55	3628200
2023-07-13	32.07	32.10	31.70	31.79	2274500
2023-07-14	31.60	32.04	31.59	31.96	2287500
2023-07-17	31.34	31.68	31.33	31.63	2246200
2023-07-18	31.47	31.62	31.25	31.36	5157200
2023-07-19	31.65	31.76	31.56	31.62	1992500
2023-07-20	32.02	32.03	31.64	31.69	4198800
2023-07-21	32.13	32.23	31.92	32.04	2359400
2023-07-24	32.41	32.56	32.20	32.32	5791900
2023-07-25	32.19	32.41	31.99	32.37	6047400
2023-07-26	32.10	32.11	31.76	31.95	4907900
2023-07-27	31.59	32.15	31.54	32.04	4951200
2023-07-28	31.29	31.74	31.15	31.65	9124200
2023-07-31	31.62	31.75	31.43	31.47	6830800
2023-08-01	31.24	31.46	31.14	31.43	3495000
2023-08-02	31.10	31.15	30.73	31.06	7539800
2023-08-03	30.92	31.18	30.82	31.14	4943900
2023-08-04	30.88	31.37	30.82	31.07	7061600
2023-08-07	30.92	31.21	30.70	30.95	3300700
2023-08-08	30.95	30.95	30.41	30.81	5321700
2023-08-09	31.35	31.51	31.09	31.21	4331800
2023-08-10	31.31	31.70	31.21	31.48	3939100
2023-08-11	31.55	31.68	31.28	31.36	11639500
2023-08-14	31.14	31.69	31.00	31.54	8211200
2023-08-15	30.37	31.07	30.35	30.99	5024700
2023-08-16	30.28	30.54	30.20	30.28	6004300
2023-08-17	30.50	30.71	30.39	30.44	4529200
2023-08-18	30.51	30.58	30.27	30.40	4599600
2023-08-21	30.38	30.72	30.23	30.58	4603800
2023-08-22	30.01	30.51	29.98	30.36	2894600
2023-08-23	30.13	30.21	29.71	29.86	2672900
2023-08-24	29.90	30.20	29.89	29.95	3402800
2023-08-25	30.09	30.20	29.95	29.99	3588800
2023-08-28	30.35	30.47	30.17	30.18	6003200
2023-08-29	30.67	30.72	30.29	30.44	2587100
2023-08-30	30.85	31.01	30.80	30.83	2861500
2023-08-31	30.69	31.01	30.69	30.97	4711900
2023-09-01	31.07	31.21	30.88	30.88	6126700
2023-09-05	30.87	31.17	30.86	31.10	4631900
2023-09-06	29.05	29.50	28.78	29.09	36119700
2023-09-07	29.06	29.25	28.87	29.11	9020300
2023-09-08	29.34	29.53	29.16	29.25	7588100
2023-09-11	29.49	29.74	29.47	29.57	4700800
2023-09-12	29.87	29.88	29.56	29.62	7742600
2023-09-13	30.02	30.16	29.81	30.05	8158200
2023-09-14	30.90	30.92	30.27	30.39	8015300
2023-09-15	30.70	30.93	30.54	30.80	7581100
2023-09-18	30.64	30.87	30.44	30.86	3994400
2023-09-19	30.58	31.00	30.39	30.84	4509600
2023-09-20	30.58	31.01	30.51	30.53	3838100
2023-09-21	30.01	30.58	30.00	30.50	6155000
2023-09-22	30.20	30.38	29.99	30.13	4442500
2023-09-25	30.15	30.26	29.91	30.14	7060500
2023-09-26	29.47	29.97	29.45	29.96	5223400
2023-09-27	29.42	29.72	29.10	29.66	8275000
2023-09-28	29.34	29.51	29.19	29.42	3824600
2023-09-29	29.04	29.61	29.01	29.53	5026600
2023-10-02	27.99	29.01	27.72	28.99	10210700
2023-10-03	27.62	27.86	27.29	27.78	9044600
2023-10-04	27.45	27.57	27.15	27.50	4984000
2023-10-05	27.78	27.88	27.27	27.29	3936600
2023-10-06	27.84	27.88	27.36	27.63	3681400
2023-10-09	28.32	28.41	28.06	28.18	3129700
2023-10-10	28.36	28.42	28.05	28.30	5041400
2023-10-11	28.70	28.75	28.34	28.39	2911400
2023-10-12	28.48	28.83	28.17	28.83	4227300
2023-10-13	28.63	28.78	28.39	28.76	4612300
2023-10-16	29.00	29.08	28.59	28.79	4061700
2023-10-17	28.51	28.89	28.37	28.69	7698000
2023-10-18	28.15	28.48	27.94	28.48	7221100
2023-10-19	28.07	28.33	27.88	28.09	8209400
2023-10-20	27.84	28.01	27.68	28.00	7050100
2023-10-23	28.10	28.22	27.53	27.76	9783300
2023-10-24	28.11	28.29	27.95	28.25	6477000
2023-10-25	28.22	28.33	27.84	27.98	6242100
2023-10-26	27.99	28.22	27.89	28.05	4770400
2023-10-27	27.46	28.17	27.39	28.13	5452200
2023-10-30	27.87	27.98	27.53	27.67	4424000
2023-10-31	28.03	28.09	27.71	27.89	4714500
2023-11-01	28.34	28.40	27.94	28.15	7240000
2023-11-02	29.32	29.45	28.56	28.57	6862900
2023-11-03	29.60	29.89	29.39	29.66	11494500
2023-11-06	29.61	29.84	29.55	29.79	4267000
2023-11-07	29.43	29.60	29.27	29.36	4131000
2023-11-08	29.36	29.60	29.22	29.28	3760900
2023-11-09	29.19	29.68	29.18	29.49	3174700
2023-11-10	29.22	29.43	28.96	29.32	3319500
2023-11-13	29.58	29.61	29.13	29.22	7615200
2023-11-14	29.67	30.04	29.58	30.01	13770200
2023-11-15	29.79	30.06	29.67	29.71	4784400
2023-11-16	29.34	29.82	29.22	29.68	9590000
2023-11-17	30.04	30.15	29.55	29.63	7474100
2023-11-20	30.04	30.19	29.96	30.05	9946300
2023-11-21	30.20	30.29	29.95	30.05	5787700
2023-11-22	30.26	30.31	29.88	29.97	6390700
2023-11-24	30.53	30.62	30.29	30.30	1684600
2023-11-27	30.27	30.47	30.19	30.38	9124500
2023-11-28	30.45	30.66	30.32	30.37	4345600
2023-11-29	30.78	30.95	30.63	30.63	4881500
2023-11-30	31.10	31.18	30.69	30.89	4976600
2023-12-01	31.37	31.51	31.10	31.10	7287800
2023-12-04	31.35	31.48	31.13	31.18	10479000
2023-12-05	31.29	31.47	31.23	31.28	4526300
2023-12-06	31.10	31.47	31.09	31.34	4025100
2023-12-07	31.03	31.20	30.97	31.20	2905100
2023-12-08	31.14	31.18	30.98	31.10	3169300
2023-12-11	31.20	31.27	31.06	31.17	3911400
2023-12-12	30.93	31.32	30.71	31.19	3926700
2023-12-13	31.64	31.70	30.87	31.00	8110200
2023-12-14	31.71	32.10	31.61	31.95	7858100
2023-12-15	31.55	31.75	31.41	31.62	5660400
2023-12-18	31.67	31.91	31.57	31.85	3783900
2023-12-19	32.03	32.16	31.72	31.74	3457100
2023-12-20	31.52	32.20	31.52	32.10	5787900
2023-12-21	31.94	31.95	31.64	31.66	4596800
2023-12-22	32.16	32.30	31.99	32.04	3414500
2023-12-26	32.39	32.54	32.15	32.19	2395000
2023-12-27	32.38	32.57	32.25	32.33	3133500
2023-12-28	32.18	32.53	32.10	32.32	3418100
2023-12-29	32.12	32.22	32.05	32.18	3506600
2024-01-02	32.37	32.39	32.06	32.13	4183500
2024-01-03	32.52	32.63	32.26	32.27	3128500
2024-01-04	32.55	32.90	32.52	32.68	5765200
2024-01-05	32.73	32.98	32.57	32.69	2642700
2024-01-08	33.18	33.24	32.53	32.73	4590900
2024-01-09	32.73	33.14	32.72	33.10	2962400
2024-01-10	32.91	33.02	32.71	32.76	5880800
2024-01-11	32.66	33.02	32.46	32.96	3650800
2024-01-12	32.85	33.11	32.80	33.07	2857700
2024-01-16	32.68	33.13	32.60	32.77	4141900
2024-01-17	32.18	32.48	32.08	32.42	6574600
2024-01-18	31.92	32.35	31.84	32.14	7443800
2024-01-19	32.09	32.17	31.78	31.92	6381400
2024-01-22	31.93	32.18	31.85	32.10	8502700
2024-01-23	31.95	32.15	31.87	31.94	5420900
2024-01-24	31.66	32.22	31.62	32.22	5627800
2024-01-25	31.83	31.90	31.71	31.81	8512500
2024-01-26	32.02	32.12	31.79	31.85	4115900
2024-01-29	32.06	32.08	31.79	32.02	4097400
2024-01-30	32.09	32.18	31.82	31.96	6881800
2024-01-31	31.66	32.25	31.62	32.10	5385500
2024-02-01	31.98	32.17	31.70	31.81	4457300
2024-02-02	31.48	31.85	31.23	31.81	5092100
2024-02-05	30.84	31.36	30.81	31.36	6262600
2024-02-06	30.91	31.14	30.78	30.87	3344000
2024-02-07	30.70	31.06	30.63	30.95	6189200
2024-02-08	30.63	30.76	30.48	30.68	6682400
2024-02-09	30.53	30.82	30.28	30.78	6800800
2024-02-12	31.11	31.21	30.47	30.62	9441600
2024-02-13	30.49	31.08	30.20	31.00	14184100
2024-02-14	30.32	30.82	30.24	30.61	14366400
2024-02-15	30.94	31.03	30.31	30.34	4848200
2024-02-16	31.31	31.39	30.90	30.90	5510100
2024-02-20	31.33	31.53	31.11	31.16	10087900
2024-02-21	31.66	31.69	31.33	31.35	6901700
2024-02-22	31.75	31.80	31.47	31.65	13236000
2024-02-23	31.66	31.73	31.43	31.69	5722500
2024-02-26	31.29	31.64	31.20	31.62	9690900
2024-02-27	31.38	31.63	31.30	31.50	3920900
2024-02-28	31.28	31.38	31.16	31.30	3099800
2024-02-29	31.31	31.47	31.24	31.29	8208900
2024-03-01	31.66	31.74	31.27	31.31	5218800
2024-03-04	31.59	31.75	31.47	31.66	3683500
2024-03-05	31.64	31.87	31.57	31.60	3956100
2024-03-06	31.89	32.21	31.82	31.90	4422700
2024-03-07	32.48	32.54	32.10	32.14	6232700
2024-03-08	32.61	32.71	32.48	32.67	4889500
2024-03-11	32.77	32.78	32.50	32.62	3646600
2024-03-12	32.83	32.87	32.64	32.75	3505900
2024-03-13	32.88	33.12	32.85	32.98	2594400
2024-03-14	32.45	32.92	32.28	32.92	3952600
2024-03-15	32.31	32.55	32.28	32.37	3791000
2024-03-18	32.31	32.36	32.16	32.31	5164200
2024-03-19	32.52	32.61	32.19	32.27	2761000
2024-03-20	32.83	32.84	32.31	32.39	3625000
2024-03-21	32.56	32.96	32.51	32.78	3466400
2024-03-22	32.25	32.57	32.18	32.51	3118200
2024-03-25	32.70	32.75	32.36	32.41	4290100
2024-03-26	32.43	32.76	32.39	32.75	2572100
2024-03-27	32.74	32.74	32.24	32.43	5966700
2024-03-28	32.91	32.99	32.71	32.80	3883700
2024-04-01	32.60	32.95	32.51	32.95	4721300
2024-04-02	32.61	32.70	32.38	32.65	4438100
2024-04-03	32.56	32.81	32.43	32.64	3739600
2024-04-04	32.42	32.66	32.26	32.61	3854500
2024-04-05	32.16	32.31	31.96	32.30	3643900
2024-04-08	32.06	32.29	31.95	32.22	3246000
2024-04-09	32.13	32.20	31.94	32.09	3295800
2024-04-10	31.42	31.86	31.19	31.85	6514400
2024-04-11	31.43	31.51	31.04	31.49	4349100
2024-04-12	31.10	31.66	30.87	31.41	4923000
2024-04-15	30.70	31.34	30.58	31.16	4758800
2024-04-16	29.99	30.61	29.98	30.58	8660800
2024-04-17	30.32	30.38	29.89	30.15	7825400
2024-04-18	30.84	30.89	30.34	30.37	7831900
2024-04-19	31.71	31.77	30.86	30.87	10628100
2024-04-22	32.16	32.18	31.50	31.76	12530500
2024-04-23	32.22	32.32	32.01	32.09	12397900
2024-04-24	32.44	32.50	32.04	32.26	8010300
2024-04-25	32.99	33.07	32.12	32.24	10012100
2024-04-26	32.59	33.07	32.54	32.98	4385200
2024-04-29	32.71	32.76	32.47	32.73	9231500
2024-04-30	32.33	32.64	32.33	32.64	8323800
2024-05-01	32.38	32.67	32.11	32.36	7581800
2024-05-02	33.13	33.18	32.52	32.65	5114800
2024-05-03	33.06	33.61	33.00	33.36	4208000
2024-05-06	33.36	33.47	33.24	33.26	4022000
2024-05-07	33.51	33.59	33.42	33.51	4422200
2024-05-08	33.87	34.15	33.30	33.37	5838000
2024-05-09	33.99	34.15	33.93	33.96	4940300
2024-05-10	34.39	34.91	34.25	34.61	6880200
2024-05-13	34.42	34.67	34.21	34.64	12823500
2024-05-14	34.26	34.47	33.99	34.19	11445100
2024-05-15	34.26	34.49	34.07	34.36	7338400
2024-05-16	34.05	34.28	33.91	34.12	5709200
2024-05-17	34.04	34.18	33.93	34.14	7893600
2024-05-20	34.06	34.16	34.00	34.04	2704600
2024-05-21	34.06	34.21	33.83	34.07	7873200
2024-05-22	33.91	34.11	33.80	33.96	6600400
2024-05-23	33.31	34.05	33.24	33.97	6789600
2024-05-24	33.56	33.68	33.44	33.49	3053300
2024-05-28	33.44	33.68	33.34	33.59	4506100
2024-05-29	33.05	33.34	32.97	33.34	3301300
2024-05-30	33.12	33.36	33.02	33.15	3430500
2024-05-31	33.88	33.92	33.10	33.31	5358600
2024-06-03	33.74	33.90	33.65	33.66	4811700
2024-06-04	33.37	33.59	33.18	33.55	4853700
2024-06-05	33.60	33.63	33.41	33.52	4871200
2024-06-06	33.52	33.78	33.41	33.44	4191700
2024-06-07	33.12	33.35	33.07	33.34	4015000
2024-06-10	33.04	33.17	32.96	33.17	4519100
2024-06-11	32.85	32.95	32.69	32.95	4648900
2024-06-12	33.02	33.34	32.94	33.19	5115900
2024-06-13	32.76	32.95	32.67	32.91	3019100
2024-06-14	32.53	32.65	32.41	32.63	6904200
2024-06-17	32.28	32.48	32.18	32.43	3358600
2024-06-18	32.23	32.41	32.16	32.28	5755300
2024-06-20	32.18	32.40	32.05	32.22	4787900
2024-06-21	32.14	32.30	32.05	32.28	4597300
2024-06-24	32.53	32.61	32.12	32.23	5119800
2024-06-25	32.42	32.57	32.27	32.53	5242400
2024-06-26	32.73	32.79	32.15	32.30	4978600
2024-06-27	32.66	32.81	32.57	32.81	3579600
2024-06-28	32.96	33.02	32.71	32.76	4374200
2024-07-01	32.67	33.26	32.66	33.03	3513700
2024-07-02	33.17	33.22	32.78	32.80	4763200
2024-07-03	33.24	33.56	33.17	33.30	2220400
2024-07-05	32.98	33.31	32.91	33.28	2954500
2024-07-08	32.77	33.00	32.69	32.98	2843400
2024-07-09	32.77	32.80	32.51	32.74	2650400
2024-07-10	33.13	33.14	32.73	32.79	2303900
2024-07-11	33.16	33.30	33.09	33.20	3930100
2024-07-12	33.43	33.53	33.12	33.30	2917700
2024-07-15	33.15	33.54	33.11	33.53	3119800
2024-07-16	33.35	33.45	33.05	33.26	2857600
2024-07-17	33.56	33.69	33.26	33.26	5535600
2024-07-18	33.59	33.76	33.40	33.49	5934600
2024-07-19	33.84	33.98	33.41	33.49	6508400
2024-07-22	34.03	34.12	33.80	33.92	6790900
2024-07-23	33.77	34.04	33.74	34.01	4664800
2024-07-24	33.87	34.07	33.68	33.76	3602000
2024-07-25	33.65	34.00	33.64	33.83	3503100
2024-07-26	33.95	34.07	33.69	33.84	3064500
2024-07-29	33.97	34.14	33.87	34.03	3556400
2024-07-30	34.46	34.54	33.98	34.00	5288500
2024-07-31	34.66	34.80	34.50	34.66	4627200
2024-08-01	34.82	34.86	34.46	34.72	5788500
2024-08-02	35.16	35.20	34.38	34.54	10451300
2024-08-05	34.55	34.91	33.80	34.04	5973800
2024-08-06	35.45	35.59	34.30	34.63	7570200
2024-08-07	35.61	35.96	35.39	35.60	5357000
2024-08-08	35.87	35.94	35.57	35.67	3912100
2024-08-09	35.98	36.07	35.62	35.88	3740300
2024-08-12	36.17	36.30	35.99	36.11	3232000
2024-08-13	36.46	36.57	36.12	36.18	4966100
2024-08-14	36.62	36.79	36.40	36.58	7695100
2024-08-15	36.34	36.58	36.21	36.57	4102300
2024-08-16	36.46	36.50	36.26	36.38	3323400
2024-08-19	36.86	36.94	36.46	36.51	8183500
2024-08-20	36.79	36.96	36.72	36.84	5534800
2024-08-21	36.74	37.05	36.70	36.93	2678600
2024-08-22	36.78	36.82	36.60	36.74	6150000
2024-08-23	37.36	37.42	36.98	37.03	5943900
2024-08-26	37.58	37.73	37.46	37.49	3815900
2024-08-27	37.37	37.65	37.37	37.48	2744200
2024-08-28	37.09	37.35	37.00	37.25	2715700
2024-08-29	37.27	37.33	37.02	37.20	2006900
2024-08-30	37.85	37.98	37.14	37.32	4767400
2024-09-03	37.87	37.99	37.36	37.65	3452900
2024-09-04	38.07	38.31	37.85	37.87	3164400
2024-09-05	38.11	38.45	38.08	38.19	3443100
2024-09-06	38.05	38.40	37.87	38.05	3555700
2024-09-09	38.43	38.45	38.10	38.14	2731800
2024-09-10	37.93	38.46	37.72	38.44	2978600
2024-09-11	37.91	37.95	37.46	37.89	2823200
2024-09-12	38.14	38.16	37.89	38.04	2331900
2024-09-13	38.37	38.43	38.14	38.14	2604200
2024-09-16	38.79	38.82	38.48	38.52	3943600
2024-09-17	38.46	38.84	38.40	38.77	2372100
2024-09-18	38.17	38.55	38.15	38.46	3381700
2024-09-19	38.05	38.48	37.83	38.30	3931300
2024-09-20	38.17	38.22	37.81	37.96	3648100
2024-09-23	38.51	38.55	38.14	38.25	2640100
2024-09-24	38.49	38.70	38.38	38.63	2339800
2024-09-25	38.71	38.76	38.55	38.60	2713600
2024-09-26	38.42	38.76	38.18	38.65	3079600
2024-09-27	38.35	38.55	38.23	38.44	2622100
2024-09-30	38.26	38.41	37.99	38.28	3013400
2024-10-01	38.76	38.76	38.18	38.34	3082000
2024-10-02	38.68	38.95	38.42	38.81	2236800
2024-10-03	38.39	38.60	38.14	38.57	2914200
2024-10-04	38.70	38.72	38.27	38.42	2297000
2024-10-07	38.46	38.71	38.27	38.63	2509800
2024-10-08	38.26	38.35	38.04	38.30	3267600
2024-10-09	38.52	38.61	38.03	38.12	2155700
2024-10-10	38.51	38.69	38.31	38.55	1909800
2024-10-11	38.69	38.78	38.46	38.49	2390500
2024-10-14	38.77	38.86	38.60	38.63	1922300
2024-10-15	38.90	38.92	38.36	38.63	2607700
2024-10-16	39.39	39.43	38.86	38.95	2269200
2024-10-17	39.42	39.60	39.08	39.11	3930900
2024-10-18	39.55	39.56	39.20	39.35	2380400
2024-10-21	39.13	39.72	39.02	39.54	2903100
2024-10-22	39.05	39.13	38.82	38.95	2714000
2024-10-23	38.83	38.97	38.65	38.86	2655300
2024-10-24	38.75	39.08	38.52	38.77	2875700
2024-10-25	38.57	38.88	38.44	38.79	3119500
2024-10-28	38.50	38.66	38.30	38.39	2519100
2024-10-29	38.06	38.50	37.80	38.50	2809800
2024-10-30	38.24	38.29	37.91	38.11	2371100
2024-10-31	38.06	38.34	37.98	38.18	6129200
2024-11-01	38.08	38.52	37.53	38.42	4900500
2024-11-04	38.46	38.67	38.17	38.20	5882600
2024-11-05	38.67	38.72	38.27	38.72	4890100
2024-11-06	39.12	39.19	38.75	38.95	5974000
2024-11-07	39.96	40.14	39.26	39.38	4509900
2024-11-08	39.88	40.04	39.69	39.88	4583000
2024-11-11	40.30	40.41	39.87	40.01	2601300
2024-11-12	39.74	40.51	39.49	40.51	4038700
2024-11-13	40.03	40.11	39.56	39.77	3733400
2024-11-14	40.59	40.80	40.08	40.26	5627700
2024-11-15	40.35	40.47	40.08	40.47	5556400
2024-11-18	40.71	40.88	40.30	40.31	4072800
2024-11-19	41.11	41.21	40.51	40.66	3345000
2024-11-20	40.93	41.11	40.59	41.06	3051200
2024-11-21	41.60	41.66	40.91	40.95	3764900
2024-11-22	41.38	41.80	41.33	41.53	4554000
2024-11-25	41.08	41.66	40.99	41.52	7654900
2024-11-26	40.85	41.00	40.47	40.85	4560300
2024-11-27	41.04	41.09	40.66	40.81	4078600
2024-11-29	41.50	41.63	40.92	40.99	2648400
2024-12-02	41.48	41.58	40.83	41.39	8445800
2024-12-03	41.60	41.98	41.56	41.75	4350300
2024-12-04	41.74	42.11	41.56	41.89	5658800
2024-12-05	42.01	42.22	41.60	41.61	5538100
2024-12-06	41.27	41.96	41.25	41.96	4658100
2024-12-09	40.51	41.62	40.51	41.45	5077800
2024-12-10	40.47	40.68	40.30	40.61	3598000
2024-12-11	40.50	40.88	40.43	40.64	8932000
2024-12-12	40.22	40.48	40.13	40.47	4346500
2024-12-13	40.09	40.27	39.93	40.22	2345900
2024-12-16	39.73	40.11	39.58	40.07	3380400
2024-12-17	39.60	39.72	39.32	39.47	2535000
2024-12-18	38.74	39.55	38.74	39.55	4402100
2024-12-19	38.94	39.34	38.71	38.96	4677300
2024-12-20	39.57	39.62	38.60	38.79	3981700
2024-12-23	39.98	39.99	39.23	39.52	3696900
2024-12-24	40.05	40.08	39.81	39.94	988600
2024-12-26	39.98	40.16	39.88	39.99	1320400
2024-12-27	40.00	40.12	39.73	39.76	1792300
2024-12-30	40.29	40.37	39.67	39.81	2186700
2024-12-31	40.59	40.61	40.29	40.36	1646600
2025-01-02	41.11	41.12	40.64	40.80	3086300
2025-01-03	41.22	41.54	41.11	41.22	2971200
2025-01-06	41.12	41.57	41.03	41.47	2475900
2025-01-07	41.74	41.89	41.36	41.40	2662000
2025-01-08	42.11	42.18	41.63	41.71	2738500
2025-01-10	41.59	42.14	41.32	42.09	4845900
2025-01-13	41.52	42.10	41.42	41.64	4283300
2025-01-14	42.16	42.18	41.33	41.42	2999400
2025-01-15	42.40	42.80	42.37	42.47	2861200
2025-01-16	42.12	42.29	41.74	42.24	4936700
2025-01-17	42.58	42.95	41.97	41.97	7092300
2025-01-21	43.34	43.79	42.53	42.67	7521900
2025-01-22	42.82	43.42	42.80	43.39	4318400
2025-01-23	42.91	43.05	42.57	42.73	5113200
2025-01-24	43.10	43.25	42.73	42.98	2028000
2025-01-27	42.76	43.09	42.32	42.89	4020200
2025-01-28	42.53	43.14	42.33	42.86	3230900
2025-01-29	42.34	42.68	42.24	42.43	2702600
2025-01-30	42.57	42.88	42.18	42.57	3308600
2025-01-31	41.36	42.62	41.25	42.57	6187400
2025-02-03	41.06	41.41	38.73	39.75	5272400
2025-02-04	41.82	42.18	41.58	41.58	3380500
2025-02-05	42.02	42.53	41.83	41.83	3917700
2025-02-06	42.28	42.62	41.87	42.18	3545500
2025-02-07	42.52	42.61	41.88	42.28	2561200
2025-02-10	42.86	43.03	42.40	42.62	2769400
2025-02-11	43.28	43.35	42.52	42.81	2810300
2025-02-12	43.14	43.42	42.86	42.94	9647900
2025-02-13	43.48	43.72	43.12	43.28	3658200
2025-02-14	41.82	44.03	41.81	43.79	5863200
2025-02-18	41.51	41.98	40.76	41.85	8369400
2025-02-19	41.08	41.62	40.82	41.55	6078500
2025-02-20	40.76	41.08	40.54	41.03	5547100
2025-02-21	40.56	40.92	40.32	40.53	6522300
2025-02-24	40.33	40.85	40.25	40.60	5421200
2025-02-25	40.44	40.59	39.92	40.19	6925500
2025-02-26	40.53	40.90	40.27	40.48	3435300
2025-02-27	40.51	40.84	40.15	40.62	2348500
2025-02-28	41.49	41.54	40.45	40.59	4436900
2025-03-03	41.43	42.09	41.10	41.72	4910700
2025-03-04	40.34	41.26	40.17	40.58	5819200
2025-03-05	41.25	41.55	40.53	40.53	4822500
2025-03-06	40.39	41.07	40.33	41.01	3527000
2025-03-07	40.78	41.02	40.20	40.33	3144900
2025-03-10	41.44	41.46	40.45	40.69	4298200
2025-03-11	41.07	41.56	40.87	41.46	4451500
2025-03-12	41.30	41.75	40.94	41.07	3363200
2025-03-13	41.31	41.66	40.90	41.55	2511200
2025-03-14	41.58	41.71	41.16	41.35	2044300
2025-03-17	42.23	42.25	41.66	41.68	3082400
2025-03-18	42.15	42.39	41.70	42.26	2832300
2025-03-19	42.48	42.64	41.98	42.04	1913900
2025-03-20	42.94	42.95	42.20	42.33	1884200
2025-03-21	42.59	42.88	42.31	42.82	3269800
2025-03-24	42.97	43.19	42.52	42.67	2600000
2025-03-25	43.13	43.36	42.83	43.13	2792700
2025-03-26	43.22	43.50	43.05	43.30	2623700
2025-03-27	43.07	43.39	42.94	43.20	1707200
2025-03-28	43.17	43.33	42.86	43.06	2281500
2025-03-31	43.02	43.42	42.83	43.15	3803300
2025-04-01	43.27	43.36	42.54	43.02	2390600
2025-04-02	43.83	43.85	42.94	43.18	2239500
2025-04-03	44.02	44.78	43.44	43.44	5855100
2025-04-04	42.09	43.45	41.88	43.14	8368400
2025-04-07	40.73	41.87	38.57	38.84	7363200
2025-04-08	39.89	41.70	39.42	41.56	5119500
2025-04-09	40.55	40.87	38.64	39.52	6115000
2025-04-10	40.60	40.80	39.64	40.49	5464300
2025-04-11	41.98	42.15	40.91	40.92	4538900
2025-04-14	42.74	42.84	42.04	42.41	3589500
2025-04-15	42.99	43.27	42.70	42.84	3214300
2025-04-16	43.27	43.63	43.07	43.20	3982900
2025-04-17	44.05	44.49	43.47	43.50	4781000
2025-04-21	43.68	44.29	43.33	44.03	3450200
2025-04-22	44.31	44.67	43.71	43.94	4460100
2025-04-23	44.28	44.66	43.88	44.37	4194200
2025-04-24	45.01	45.07	44.25	44.52	5078300
2025-04-25	44.85	45.12	44.64	44.95	3620900
2025-04-28	45.28	45.34	44.64	44.90	2553000
2025-04-29	45.28	45.49	45.20	45.23	2397400
2025-04-30	45.33	45.50	44.85	45.18	3312400
2025-05-01	45.13	45.71	45.00	45.25	3166800
2025-05-02	45.50	45.57	45.12	45.56	3025200
2025-05-05	45.23	45.56	44.85	45.48	2395200
2025-05-06	44.82	45.59	44.73	45.25	2821200
2025-05-07	45.33	45.57	44.80	44.81	2548400
2025-05-08	44.45	45.68	44.43	45.41	3833000
2025-05-09	44.76	45.26	44.28	45.07	4541900
2025-05-12	43.25	44.89	42.59	44.66	7929600
2025-05-13	43.27	43.60	43.06	43.49	11784900
2025-05-14	43.56	43.61	43.03	43.40	3895100
2025-05-15	44.28	44.29	43.48	43.55	3617500
2025-05-16	44.21	44.40	44.14	44.28	4018600
2025-05-19	44.30	44.31	43.93	43.98	1903900
2025-05-20	44.96	45.14	44.24	44.24	4096300
2025-05-21	44.92	45.38	44.40	45.32	5951900
2025-05-22	44.53	45.15	44.38	45.10	4923500
2025-05-23	45.41	45.41	44.51	44.57	5087200
2025-05-27	45.39	45.80	45.36	45.41	5139100
2025-05-28	44.92	45.35	44.88	45.22	4268100
2025-05-29	45.20	45.24	44.83	44.95	2533500
2025-05-30	45.82	45.91	45.13	45.20	4106200
2025-06-02	46.49	46.56	45.69	45.89	4190800
2025-06-03	46.40	46.77	46.36	46.62	3102600
2025-06-04	46.00	46.75	46.00	46.51	3839100
2025-06-05	46.21	46.34	46.01	46.28	2231700
2025-06-06	45.86	46.25	45.75	46.11	2656700
2025-06-09	45.17	45.84	45.13	45.75	3472300
2025-06-10	45.20	45.53	44.92	45.25	3741100
2025-06-11	45.22	45.40	44.96	45.40	3003900
2025-06-12	46.15	46.15	45.35	45.50	3059000
2025-06-13	46.01	46.22	45.71	46.10	3064100
2025-06-16	45.31	46.38	45.20	46.14	3338900
2025-06-17	45.32	45.57	45.22	45.47	2513900
2025-06-18	44.34	45.44	44.05	45.44	4810400
2025-06-20	44.15	44.55	44.04	44.53	6126300
2025-06-23	44.29	44.76	44.11	44.14	3023100
2025-06-24	44.40	44.54	44.04	44.24	2151300
2025-06-25	43.85	44.31	43.65	44.26	3699000
2025-06-26	44.44	44.57	43.88	44.12	2709900
2025-06-27	44.15	44.69	43.80	44.36	4598700
2025-06-30	44.68	44.72	43.89	44.09	3618900
2025-07-01	44.28	44.60	43.99	44.43	3517400
2025-07-02	44.15	44.41	43.50	44.34	4229700
2025-07-03	44.11	44.31	43.99	44.15	1487300
2025-07-07	43.52	43.99	43.33	43.92	3691600
2025-07-08	43.57	43.68	43.32	43.40	2828400
2025-07-09	43.17	43.73	43.16	43.73	2812500
2025-07-10	43.86	43.90	42.97	43.17	5151400
2025-07-11	43.92	43.99	43.50	43.86	4989500
2025-07-14	44.57	44.62	43.74	43.97	3285500
2025-07-15	44.63	44.72	43.95	44.52	4307200
2025-07-16	44.61	44.85	44.14	44.71	5524100
2025-07-17	44.13	44.51	43.99	44.21	3239200
2025-07-18	44.45	44.67	44.21	44.36	2634200
2025-07-21	43.96	44.64	43.91	44.52	4263100
2025-07-22	44.56	44.60	44.06	44.06	5254800
2025-07-23	44.84	45.16	44.66	44.85	5878900
2025-07-24	44.82	44.94	44.43	44.76	5344700
2025-07-25	44.33	44.79	44.31	44.76	4604300
2025-07-28	44.00	44.37	43.95	44.36	2854200
2025-07-29	44.44	44.51	43.95	44.02	2759800
2025-07-30	44.34	44.60	44.24	44.38	2642900
2025-07-31	44.65	44.83	44.16	44.24	3490100
2025-08-01	45.55	45.55	44.47	45.15	4571200
2025-08-04	45.96	46.02	45.43	45.45	2464700
2025-08-05	46.08	46.75	45.91	45.99	4258600
2025-08-06	46.34	46.38	45.70	46.25	4017400
2025-08-07	46.41	46.54	46.02	46.35	3222000
2025-08-08	46.32	46.67	46.32	46.41	2387100
2025-08-11	46.82	46.94	46.30	46.37	3756900
2025-08-12	46.65	46.94	46.41	46.84	3968200
2025-08-13	47.00	47.20	46.62	46.72	10222200
2025-08-14	47.50	47.53	46.90	47.03	3570100
2025-08-15	47.04	47.65	46.93	47.49	4289900
2025-08-18	46.67	47.04	46.67	46.99	2543000
2025-08-19	47.19	47.32	46.50	46.65	3366700
2025-08-20	48.03	48.20	47.33	47.35	4189500
2025-08-21	47.94	48.16	47.77	47.79	3823700
2025-08-22	47.97	48.29	47.90	47.98	5030200
2025-08-25	47.60	47.96	47.59	47.93	4696200
2025-08-26	47.44	47.85	47.09	47.69	3285700
2025-08-27	47.61	47.83	47.25	47.49	3359600
2025-08-28	47.81	47.95	47.41	47.65	2754100
2025-08-29	48.34	48.59	47.80	47.89	3529500
2025-09-02	48.30	48.45	47.94	48.00	3762200
2025-09-03	48.32	48.51	47.97	48.25	2880100
2025-09-04	48.16	48.57	48.09	48.46	2616100
2025-09-05	48.26	48.43	47.96	48.33	2668600
2025-09-08	48.32	48.68	48.04	48.41	2125500
2025-09-09	48.33	48.64	48.13	48.16	2634800
2025-09-10	48.59	48.64	48.33	48.35	2876700
2025-09-11	48.81	48.82	48.44	48.68	1972400
2025-09-12	49.10	49.11	48.74	48.74	2011500
2025-09-15	49.06	49.16	48.74	49.10	2052300
2025-09-16	48.89	49.21	48.87	49.15	4127500
2025-09-17	49.11	49.36	48.90	48.91	3646000
2025-09-18	49.12	49.22	48.68	48.99	2307400
2025-09-19	49.46	49.55	49.04	49.35	3096100
2025-09-22	49.19	49.60	49.19	49.49	3258600
2025-09-23	49.60	49.82	49.02	49.26	3391500
2025-09-24	49.98	50.15	49.54	49.54	4209300
2025-09-25	49.57	50.12	49.30	49.95	3944900
2025-09-26	49.59	49.99	49.43	49.82	3213000
2025-09-29	49.72	49.84	49.41	49.60	2410900
2025-09-30	50.46	50.50	49.62	49.62	3686700
2025-10-01	49.59	50.54	49.38	50.42	5176300
2025-10-02	49.70	50.00	49.46	49.76	3771000
2025-10-03	50.07	50.40	49.39	49.66	2570700
2025-10-06	49.77	50.18	49.45	50.12	3407800
2025-10-07	49.45	49.85	49.27	49.83	2812300
2025-10-08	49.03	49.70	48.78	49.70	3484500
2025-10-09	47.99	49.00	47.94	48.94	3495300
2025-10-10	47.69	48.14	47.62	48.12	3335200
2025-10-13	47.74	47.97	47.46	47.69	1597000
2025-10-14	47.52	47.78	47.24	47.62	2374000
2025-10-15	47.61	47.97	47.39	47.40	2272000
2025-10-16	47.21	47.73	47.16	47.62	4134300
2025-10-17	47.08	47.27	46.74	47.25	2787300
2025-10-20	47.21	47.45	47.02	47.20	2233800
2025-10-21	47.27	47.31	46.87	47.17	2794100
2025-10-22	47.71	47.88	47.27	47.30	3227000
2025-10-23	47.18	47.92	47.17	47.80	3953600
2025-10-24	46.91	47.31	46.77	47.23	3508000
2025-10-27	47.27	47.30	46.73	46.98	3229700
2025-10-28	47.09	47.48	47.01	47.29	3751600
2025-10-29	46.67	47.26	46.54	47.02	4137500
2025-10-30	46.98	47.19	46.64	46.74	3569900
2025-10-31	46.62	46.97	46.55	46.95	3649100
2025-11-03	46.62	46.72	46.21	46.70	5886600
2025-11-04	46.39	46.57	46.01	46.39	4551900
2025-11-05	46.56	46.94	46.26	46.27	4718922
