Date	Close	High	Low	Open	Volume
	IMO	IMO	IMO	IMO	IMO
1980-03-17	1.39	1.47	1.38	1.38	634500
1980-03-18	1.46	1.47	1.37	1.39	1112400
1980-03-19	1.50	1.53	1.48	1.48	585900
1980-03-20	1.46	1.50	1.46	1.50	283500
1980-03-21	1.39	1.44	1.39	1.44	387900
1980-03-24	1.34	1.39	1.34	1.39	262800
1980-03-25	1.32	1.37	1.30	1.34	360900
1980-03-26	1.29	1.35	1.29	1.32	491400
1980-03-27	1.24	1.26	1.10	1.26	1010700
1980-03-28	1.27	1.29	1.24	1.24	600300
1980-03-31	1.27	1.29	1.25	1.27	286200
1980-04-01	1.27	1.28	1.27	1.27	67500
1980-04-02	1.26	1.27	1.26	1.27	362700
1980-04-03	1.24	1.25	1.22	1.25	234900
1980-04-07	1.21	1.23	1.21	1.23	322200
1980-04-08	1.27	1.27	1.22	1.22	223200
1980-04-09	1.37	1.37	1.28	1.28	539100
1980-04-10	1.43	1.45	1.40	1.40	1183500
1980-04-11	1.40	1.42	1.40	1.42	191700
1980-04-14	1.37	1.39	1.37	1.39	181800
1980-04-15	1.31	1.37	1.31	1.37	303300
1980-04-16	1.27	1.32	1.25	1.31	434700
1980-04-17	1.23	1.25	1.21	1.25	374400
1980-04-18	1.24	1.26	1.24	1.24	372600
1980-04-21	1.22	1.25	1.22	1.24	145800
1980-04-22	1.32	1.33	1.24	1.24	471600
1980-04-23	1.33	1.36	1.33	1.33	396900
1980-04-24	1.32	1.34	1.31	1.33	238500
1980-04-25	1.28	1.32	1.26	1.32	346500
1980-04-28	1.26	1.29	1.26	1.28	315000
1980-04-29	1.27	1.28	1.26	1.26	231300
1980-04-30	1.27	1.29	1.27	1.27	264600
1980-05-01	1.26	1.27	1.26	1.27	485100
1980-05-02	1.24	1.26	1.24	1.26	171900
1980-05-05	1.23	1.25	1.23	1.24	115200
1980-05-06	1.25	1.27	1.23	1.23	369000
1980-05-07	1.24	1.27	1.24	1.25	333000
1980-05-08	1.21	1.23	1.21	1.23	107100
1980-05-09	1.14	1.21	1.14	1.21	433800
1980-05-12	1.12	1.13	1.11	1.13	243000
1980-05-13	1.12	1.12	1.10	1.12	327600
1980-05-14	1.14	1.14	1.13	1.13	1047600
1980-05-15	1.12	1.16	1.11	1.14	973800
1980-05-16	1.14	1.14	1.11	1.12	721800
1980-05-19	1.15	1.15	1.14	1.14	252900
1980-05-20	1.16	1.16	1.14	1.15	1034100
1980-05-21	1.21	1.21	1.18	1.18	1241100
1980-05-22	1.23	1.23	1.21	1.21	716400
1980-05-23	1.25	1.26	1.23	1.23	937800
1980-05-27	1.24	1.28	1.24	1.25	972000
1980-05-28	1.23	1.26	1.21	1.24	807300
1980-05-29	1.20	1.26	1.19	1.23	941400
1980-05-30	1.21	1.22	1.17	1.20	860400
1980-06-02	1.21	1.22	1.20	1.21	631800
1980-06-03	1.16	1.22	1.16	1.21	682200
1980-06-04	1.22	1.22	1.16	1.16	826200
1980-06-05	1.22	1.25	1.22	1.22	1725300
1980-06-06	1.25	1.26	1.21	1.22	2187000
1980-06-09	1.26	1.27	1.25	1.25	2052900
1980-06-10	1.31	1.32	1.27	1.27	2605500
1980-06-11	1.38	1.39	1.34	1.34	2894400
1980-06-12	1.35	1.39	1.34	1.38	1104300
1980-06-13	1.38	1.40	1.35	1.35	1071000
1980-06-16	1.35	1.37	1.33	1.37	1062000
1980-06-17	1.36	1.36	1.34	1.35	543600
1980-06-18	1.35	1.36	1.33	1.36	767700
1980-06-19	1.33	1.37	1.33	1.35	2490300
1980-06-20	1.34	1.35	1.31	1.33	432900
1980-06-23	1.34	1.35	1.33	1.34	215100
1980-06-24	1.37	1.37	1.34	1.34	723600
1980-06-25	1.43	1.44	1.37	1.37	1422000
1980-06-26	1.43	1.47	1.43	1.43	1566000
1980-06-27	1.47	1.48	1.42	1.43	1803600
1980-06-30	1.42	1.48	1.40	1.47	551700
1980-07-01	1.42	1.42	1.38	1.42	338400
1980-07-02	1.46	1.46	1.42	1.42	804600
1980-07-03	1.51	1.52	1.47	1.47	2825100
1980-07-07	1.52	1.53	1.48	1.51	610200
1980-07-08	1.48	1.52	1.47	1.52	526500
1980-07-09	1.48	1.50	1.48	1.48	668700
1980-07-10	1.44	1.48	1.44	1.48	390600
1980-07-11	1.44	1.44	1.41	1.44	419400
1980-07-14	1.46	1.46	1.44	1.44	250200
1980-07-15	1.42	1.46	1.39	1.46	379800
1980-07-16	1.42	1.44	1.41	1.42	184500
1980-07-17	1.43	1.45	1.43	1.43	415800
1980-07-18	1.43	1.45	1.41	1.43	264600
1980-07-21	1.44	1.44	1.41	1.43	265500
1980-07-22	1.42	1.45	1.42	1.44	370800
1980-07-23	1.43	1.43	1.41	1.42	1672200
1980-07-24	1.44	1.46	1.43	1.43	761400
1980-07-25	1.42	1.44	1.42	1.44	199800
1980-07-28	1.42	1.43	1.40	1.42	209700
1980-07-29	1.40	1.41	1.40	1.41	329400
1980-07-30	1.40	1.44	1.40	1.40	545400
1980-07-31	1.39	1.39	1.35	1.39	1192500
1980-08-01	1.35	1.39	1.33	1.39	1359000
1980-08-04	1.33	1.34	1.32	1.34	440100
1980-08-05	1.31	1.33	1.31	1.33	558000
1980-08-06	1.32	1.32	1.30	1.31	779400
1980-08-07	1.32	1.33	1.32	1.32	983700
1980-08-08	1.33	1.37	1.32	1.32	1377000
1980-08-11	1.35	1.35	1.32	1.33	370800
1980-08-12	1.34	1.36	1.34	1.35	569700
1980-08-13	1.34	1.35	1.33	1.34	499500
1980-08-14	1.33	1.35	1.33	1.34	284400
1980-08-15	1.32	1.34	1.32	1.33	519300
1980-08-18	1.30	1.33	1.30	1.32	394200
1980-08-19	1.29	1.31	1.29	1.30	534600
1980-08-20	1.34	1.34	1.29	1.29	387000
1980-08-21	1.32	1.35	1.31	1.34	814500
1980-08-22	1.36	1.38	1.34	1.34	693900
1980-08-25	1.37	1.38	1.36	1.36	234000
1980-08-26	1.34	1.36	1.34	1.36	534600
1980-08-27	1.34	1.35	1.33	1.34	307800
1980-08-28	1.30	1.33	1.29	1.33	529200
1980-08-29	1.29	1.30	1.28	1.30	315900
1980-09-02	1.31	1.31	1.29	1.29	441000
1980-09-03	1.32	1.32	1.30	1.31	303300
1980-09-04	1.30	1.33	1.28	1.32	369900
1980-09-05	1.28	1.30	1.27	1.30	199800
1980-09-08	1.27	1.29	1.27	1.28	326700
1980-09-09	1.27	1.27	1.25	1.27	569700
1980-09-10	1.27	1.28	1.26	1.27	351000
1980-09-11	1.29	1.29	1.27	1.27	151200
1980-09-12	1.29	1.31	1.29	1.29	216000
1980-09-15	1.27	1.30	1.27	1.29	306000
1980-09-16	1.27	1.28	1.26	1.27	181800
1980-09-17	1.24	1.27	1.24	1.27	304200
1980-09-18	1.25	1.27	1.24	1.24	614700
1980-09-19	1.19	1.24	1.19	1.24	1145700
1980-09-22	1.21	1.21	1.10	1.19	1337400
1980-09-23	1.28	1.31	1.24	1.24	1834200
1980-09-24	1.37	1.38	1.31	1.31	2914200
1980-09-25	1.35	1.42	1.32	1.37	1412100
1980-09-26	1.32	1.35	1.30	1.35	723600
1980-09-29	1.29	1.35	1.29	1.32	694800
1980-09-30	1.28	1.31	1.27	1.29	1146600
1980-10-01	1.32	1.32	1.27	1.28	727200
1980-10-02	1.33	1.36	1.31	1.32	1750500
1980-10-03	1.32	1.36	1.32	1.33	1595700
1980-10-06	1.35	1.35	1.33	1.33	493200
1980-10-07	1.33	1.36	1.32	1.35	448200
1980-10-08	1.32	1.35	1.30	1.33	492300
1980-10-09	1.29	1.32	1.27	1.32	711000
1980-10-10	1.29	1.31	1.29	1.29	214200
1980-10-13	1.34	1.34	1.29	1.29	373500
1980-10-14	1.34	1.36	1.32	1.34	405900
1980-10-15	1.40	1.40	1.36	1.36	913500
1980-10-16	1.38	1.45	1.37	1.40	1915200
1980-10-17	1.37	1.40	1.36	1.38	575100
1980-10-20	1.37	1.39	1.34	1.37	492300
1980-10-21	1.38	1.39	1.36	1.37	674100
1980-10-22	1.37	1.39	1.37	1.38	679500
1980-10-23	1.32	1.37	1.32	1.37	623700
1980-10-24	1.33	1.33	1.30	1.32	551700
1980-10-27	1.32	1.33	1.31	1.33	389700
1980-10-28	1.34	1.34	1.31	1.32	481500
1980-10-29	1.24	1.35	1.21	1.34	1101600
1980-10-30	1.16	1.20	1.12	1.20	2085300
1980-10-31	1.15	1.15	1.10	1.15	3131100
1980-11-03	1.15	1.16	1.14	1.15	1064700
1980-11-05	1.06	1.16	1.04	1.15	1681200
1980-11-06	1.02	1.06	0.99	1.06	1489500
1980-11-07	1.06	1.07	1.01	1.02	1106100
1980-11-10	1.02	1.06	1.01	1.06	834300
1980-11-11	1.05	1.05	1.02	1.02	548100
1980-11-12	1.00	1.04	0.98	1.04	1662300
1980-11-13	1.06	1.06	1.02	1.02	1375200
1980-11-14	1.06	1.08	1.04	1.06	739800
1980-11-17	1.08	1.08	1.03	1.06	464400
1980-11-18	1.11	1.11	1.07	1.08	755100
1980-11-19	1.09	1.12	1.09	1.11	1257300
1980-11-20	1.14	1.14	1.10	1.10	958500
1980-11-21	1.12	1.16	1.12	1.14	664200
1980-11-24	1.11	1.12	1.09	1.12	536400
1980-11-25	1.11	1.12	1.10	1.11	337500
1980-11-26	1.11	1.13	1.11	1.11	584100
1980-11-28	1.14	1.14	1.11	1.11	717300
1980-12-01	1.10	1.14	1.10	1.14	351000
1980-12-02	1.11	1.11	1.08	1.10	525600
1980-12-03	1.08	1.11	1.07	1.11	372600
1980-12-04	1.06	1.08	1.06	1.08	317700
1980-12-05	1.04	1.05	1.00	1.05	777600
1980-12-08	1.00	1.03	0.99	1.03	496800
1980-12-09	1.00	1.02	0.99	1.00	1028700
1980-12-10	0.97	1.00	0.97	1.00	315900
1980-12-11	0.96	0.96	0.92	0.96	1259100
1980-12-12	0.96	0.98	0.95	0.96	336600
1980-12-15	0.95	0.98	0.95	0.96	383400
1980-12-16	0.96	0.96	0.94	0.95	537300
1980-12-17	0.96	0.96	0.95	0.96	426600
1980-12-18	0.97	0.99	0.96	0.96	657000
1980-12-19	1.00	1.02	0.98	0.98	201600
1980-12-22	1.04	1.04	1.00	1.00	488700
1980-12-23	1.04	1.05	1.00	1.04	294300
1980-12-24	1.07	1.08	1.04	1.04	296100
1980-12-26	1.05	1.06	1.05	1.06	70200
1980-12-29	1.03	1.06	1.03	1.05	401400
1980-12-30	1.02	1.04	1.01	1.03	460800
1980-12-31	1.00	1.02	1.00	1.02	575100
1981-01-02	1.03	1.03	1.01	1.01	94500
1981-01-05	1.07	1.07	1.03	1.03	295200
1981-01-06	1.05	1.08	1.03	1.07	379800
1981-01-07	1.03	1.04	1.00	1.04	549900
1981-01-08	1.01	1.03	1.00	1.03	425700
1981-01-09	1.00	1.02	1.00	1.01	270900
1981-01-12	1.02	1.03	1.01	1.01	187200
1981-01-13	1.02	1.02	1.01	1.02	87300
1981-01-14	1.02	1.02	1.01	1.02	103500
1981-01-15	1.05	1.06	1.01	1.02	217800
1981-01-16	1.07	1.09	1.06	1.06	350100
1981-01-19	1.09	1.09	1.08	1.08	238500
1981-01-20	1.11	1.11	1.07	1.09	332100
1981-01-21	1.09	1.10	1.08	1.10	362700
1981-01-22	1.09	1.10	1.08	1.09	319500
1981-01-23	1.08	1.09	1.08	1.09	112500
1981-01-26	1.08	1.09	1.07	1.08	363600
1981-01-27	1.07	1.08	1.06	1.08	385200
1981-01-28	1.08	1.09	1.07	1.07	293400
1981-01-29	1.09	1.11	1.07	1.08	465300
1981-01-30	1.09	1.09	1.08	1.09	242100
1981-02-02	1.06	1.09	1.06	1.09	640800
1981-02-03	1.04	1.05	1.04	1.05	255600
1981-02-04	1.04	1.06	1.04	1.04	169200
1981-02-05	1.04	1.04	1.04	1.04	72900
1981-02-06	1.04	1.06	1.03	1.04	333900
1981-02-09	1.03	1.05	1.03	1.04	324900
1981-02-10	1.03	1.03	1.02	1.03	170100
1981-02-11	1.02	1.02	1.01	1.02	107100
1981-02-12	1.02	1.02	1.02	1.02	100800
1981-02-13	1.00	1.01	1.00	1.01	225900
1981-02-17	1.00	1.00	1.00	1.00	105300
1981-02-18	1.00	1.01	1.00	1.00	116100
1981-02-19	0.99	1.00	0.99	1.00	168300
1981-02-20	0.98	0.99	0.97	0.99	55800
1981-02-23	1.00	1.00	0.98	0.98	99900
1981-02-24	0.98	0.99	0.97	0.99	229500
1981-02-25	0.97	0.99	0.96	0.98	632700
1981-02-26	0.95	0.97	0.95	0.97	361800
1981-02-27	0.94	0.95	0.94	0.95	318600
1981-03-02	0.94	0.95	0.93	0.94	332100
1981-03-03	0.96	0.96	0.94	0.94	614700
1981-03-04	0.96	0.96	0.95	0.96	245700
1981-03-05	0.94	0.95	0.94	0.95	100800
1981-03-06	0.93	0.95	0.93	0.94	72900
1981-03-09	0.94	0.95	0.93	0.93	226800
1981-03-10	0.94	0.95	0.94	0.94	65700
1981-03-11	0.94	0.94	0.94	0.94	134100
1981-03-12	0.98	0.98	0.94	0.94	389700
1981-03-13	0.98	1.00	0.96	0.98	193500
1981-03-16	0.99	1.00	0.97	0.98	119700
1981-03-17	0.98	1.00	0.98	0.99	181800
1981-03-18	0.98	0.99	0.97	0.98	1039500
1981-03-19	0.98	1.00	0.97	0.98	880200
1981-03-20	0.99	0.99	0.98	0.98	518400
1981-03-23	0.99	1.00	0.99	0.99	141300
1981-03-24	1.02	1.02	0.99	0.99	244800
1981-03-25	1.06	1.06	1.03	1.03	318600
1981-03-26	1.03	1.06	1.02	1.06	1852200
1981-03-27	0.99	1.03	0.99	1.03	806400
1981-03-30	1.01	1.01	0.99	0.99	148500
1981-03-31	1.01	1.02	1.01	1.01	97200
1981-04-01	1.04	1.04	1.01	1.01	338400
1981-04-02	1.09	1.11	1.06	1.06	567900
1981-04-03	1.08	1.09	1.07	1.09	242100
1981-04-06	1.06	1.08	1.05	1.08	227700
1981-04-07	1.06	1.06	1.05	1.06	154800
1981-04-08	1.04	1.06	1.04	1.06	218700
1981-04-09	1.06	1.06	1.04	1.04	135000
1981-04-10	1.06	1.08	1.06	1.06	196200
1981-04-13	1.05	1.06	1.05	1.06	296100
1981-04-14	1.03	1.05	1.03	1.05	205200
1981-04-15	1.03	1.04	1.03	1.03	138600
1981-04-16	1.08	1.08	1.03	1.03	663300
1981-04-20	1.08	1.08	1.06	1.08	180000
1981-04-21	1.06	1.07	1.06	1.07	318600
1981-04-22	1.06	1.06	1.05	1.06	458100
1981-04-23	1.04	1.06	1.04	1.06	308700
1981-04-24	1.02	1.04	1.02	1.04	242100
1981-04-27	1.03	1.03	1.01	1.02	143100
1981-04-28	1.01	1.03	1.00	1.03	266400
1981-04-29	1.00	1.01	1.00	1.01	52200
1981-04-30	1.00	1.02	1.00	1.00	189900
1981-05-01	1.00	1.01	0.99	1.00	108900
1981-05-04	0.98	1.03	0.98	1.00	90900
1981-05-05	0.99	0.99	0.97	0.98	255600
1981-05-06	1.02	1.02	0.99	0.99	207900
1981-05-07	1.06	1.06	1.01	1.02	435600
1981-05-08	1.09	1.09	1.06	1.06	445500
1981-05-11	1.06	1.08	1.06	1.08	185400
1981-05-12	1.06	1.06	1.05	1.06	92700
1981-05-13	1.07	1.07	1.06	1.06	324000
1981-05-14	1.12	1.14	1.10	1.10	1661400
1981-05-15	1.12	1.14	1.11	1.12	410400
1981-05-18	1.11	1.12	1.10	1.12	196200
1981-05-19	1.11	1.11	1.10	1.11	296100
1981-05-20	1.10	1.11	1.10	1.11	142200
1981-05-21	1.11	1.11	1.10	1.10	111600
1981-05-22	1.13	1.13	1.11	1.11	279900
1981-05-26	1.11	1.13	1.11	1.13	182700
1981-05-27	1.12	1.12	1.11	1.11	113400
1981-05-28	1.10	1.11	1.10	1.11	216900
1981-05-29	1.08	1.10	1.07	1.10	1040400
1981-06-01	1.05	1.06	1.05	1.06	527400
1981-06-02	1.06	1.06	1.04	1.05	589500
1981-06-03	1.06	1.06	1.03	1.06	602100
1981-06-04	1.06	1.06	1.05	1.06	270900
1981-06-05	1.05	1.06	1.05	1.06	142200
1981-06-08	1.05	1.05	1.04	1.05	103500
1981-06-09	1.05	1.06	1.05	1.05	272700
1981-06-10	1.05	1.06	1.05	1.05	158400
1981-06-11	1.04	1.08	1.04	1.05	447300
1981-06-12	1.06	1.08	1.06	1.06	482400
1981-06-15	1.06	1.07	1.06	1.06	72900
1981-06-16	1.06	1.06	1.05	1.06	199800
1981-06-17	1.09	1.09	1.06	1.06	265500
1981-06-18	1.09	1.11	1.09	1.09	200700
1981-06-19	1.10	1.11	1.09	1.09	161100
1981-06-22	1.09	1.10	1.09	1.10	77400
1981-06-23	1.10	1.11	1.09	1.09	167400
1981-06-24	1.10	1.10	1.10	1.10	104400
1981-06-25	1.12	1.14	1.09	1.10	632700
1981-06-26	1.12	1.13	1.11	1.12	132300
1981-06-29	1.10	1.12	1.10	1.12	116100
1981-06-30	1.09	1.10	1.09	1.10	109800
1981-07-01	1.08	1.09	1.08	1.09	77400
1981-07-02	1.08	1.08	1.08	1.08	132300
1981-07-06	1.07	1.09	1.07	1.08	150300
1981-07-07	1.07	1.07	1.07	1.07	66600
1981-07-08	1.07	1.07	1.07	1.07	42300
1981-07-09	1.04	1.06	1.03	1.06	117900
1981-07-10	1.05	1.05	1.04	1.04	81900
1981-07-13	1.02	1.04	1.02	1.04	56700
1981-07-14	1.03	1.03	1.02	1.02	105300
1981-07-15	1.05	1.06	1.04	1.04	99000
1981-07-16	1.13	1.15	1.04	1.05	254700
1981-07-17	1.11	1.13	1.10	1.13	330300
1981-07-20	1.10	1.11	1.10	1.11	217800
1981-07-21	1.08	1.10	1.08	1.10	129600
1981-07-22	1.10	1.11	1.08	1.08	360000
1981-07-23	1.13	1.13	1.10	1.10	131400
1981-07-24	1.12	1.15	1.12	1.13	541800
1981-07-27	1.11	1.13	1.11	1.12	225000
1981-07-28	1.07	1.11	1.07	1.11	157500
1981-07-29	1.06	1.07	1.06	1.07	95400
1981-07-30	1.05	1.06	1.04	1.06	119700
1981-07-31	1.06	1.07	1.05	1.05	169200
1981-08-03	1.04	1.06	1.04	1.06	53100
1981-08-04	1.04	1.04	1.03	1.04	33300
1981-08-05	1.08	1.09	1.04	1.04	247500
1981-08-06	1.10	1.11	1.09	1.09	595800
1981-08-07	1.09	1.10	1.09	1.10	74700
1981-08-10	1.09	1.09	1.07	1.09	353700
1981-08-11	1.08	1.08	1.07	1.08	149400
1981-08-12	1.08	1.10	1.08	1.08	396900
1981-08-13	1.09	1.09	1.08	1.08	65700
1981-08-14	1.11	1.11	1.09	1.09	366300
1981-08-17	1.09	1.10	1.09	1.10	127800
1981-08-18	1.09	1.10	1.09	1.09	125100
1981-08-19	1.08	1.09	1.08	1.09	105300
1981-08-20	1.09	1.09	1.08	1.08	127800
1981-08-21	1.07	1.09	1.07	1.09	81900
1981-08-24	1.05	1.06	1.04	1.06	167400
1981-08-25	1.04	1.05	1.02	1.05	472500
1981-08-26	1.03	1.05	1.03	1.04	240300
1981-08-27	1.02	1.03	1.01	1.03	184500
1981-08-28	1.06	1.07	1.03	1.03	318600
1981-08-31	1.07	1.09	1.06	1.06	165600
1981-09-01	1.11	1.11	1.06	1.07	587700
1981-09-02	1.09	1.16	1.09	1.11	1116900
1981-09-03	1.02	1.09	1.01	1.09	1873800
1981-09-04	1.01	1.02	1.00	1.02	1159200
1981-09-08	0.98	1.00	0.97	1.00	99000
1981-09-09	0.96	0.99	0.95	0.98	708300
1981-09-10	0.96	0.96	0.95	0.96	139500
1981-09-11	0.98	0.98	0.95	0.96	82800
1981-09-14	0.95	0.98	0.95	0.98	73800
1981-09-15	0.93	0.96	0.93	0.95	146700
1981-09-16	0.88	0.92	0.87	0.92	273600
1981-09-17	0.84	0.89	0.83	0.88	447300
1981-09-18	0.83	0.84	0.82	0.84	280800
1981-09-21	0.84	0.84	0.81	0.83	141300
1981-09-22	0.85	0.87	0.84	0.84	71100
1981-09-23	0.84	0.85	0.81	0.85	65700
1981-09-24	0.84	0.84	0.83	0.84	293400
1981-09-25	0.79	0.83	0.75	0.83	275400
1981-09-28	0.81	0.82	0.74	0.79	325800
1981-09-29	0.81	0.82	0.80	0.81	137700
1981-09-30	0.79	0.81	0.79	0.81	73800
1981-10-01	0.82	0.82	0.79	0.79	494100
1981-10-02	0.82	0.83	0.81	0.82	324000
1981-10-05	0.83	0.84	0.83	0.83	438300
1981-10-06	0.83	0.84	0.82	0.83	93600
1981-10-07	0.83	0.83	0.82	0.83	406800
1981-10-08	0.83	0.84	0.82	0.83	387000
1981-10-09	0.84	0.84	0.84	0.84	556200
1981-10-12	0.83	0.84	0.83	0.84	48600
1981-10-13	0.82	0.83	0.82	0.83	281700
1981-10-14	0.79	0.82	0.79	0.82	126000
1981-10-15	0.81	0.82	0.79	0.79	110700
1981-10-16	0.81	0.82	0.81	0.81	49500
1981-10-19	0.80	0.81	0.80	0.81	69300
1981-10-20	0.79	0.81	0.79	0.80	100800
1981-10-21	0.78	0.79	0.77	0.79	132300
1981-10-22	0.81	0.81	0.76	0.78	91800
1981-10-23	0.78	0.80	0.78	0.80	86400
1981-10-26	0.77	0.78	0.77	0.78	52200
1981-10-27	0.79	0.79	0.77	0.77	81000
1981-10-28	0.78	0.79	0.78	0.79	90900
1981-10-29	0.78	0.79	0.78	0.78	59400
1981-10-30	0.79	0.79	0.78	0.78	61200
1981-11-02	0.82	0.83	0.79	0.79	194400
1981-11-03	0.85	0.85	0.83	0.83	381600
1981-11-04	0.83	0.85	0.83	0.85	130500
1981-11-05	0.83	0.84	0.83	0.83	259200
1981-11-06	0.84	0.84	0.83	0.83	188100
1981-11-09	0.84	0.84	0.83	0.84	107100
1981-11-10	0.83	0.85	0.83	0.84	527400
1981-11-11	0.83	0.84	0.81	0.83	299700
1981-11-12	0.83	0.83	0.82	0.83	203400
1981-11-13	0.80	0.83	0.79	0.83	521100
1981-11-16	0.79	0.80	0.78	0.80	244800
1981-11-17	0.79	0.80	0.79	0.79	167400
1981-11-18	0.79	0.79	0.79	0.79	25200
1981-11-19	0.81	0.81	0.79	0.79	49500
1981-11-20	0.83	0.83	0.80	0.81	148500
1981-11-23	0.81	0.83	0.81	0.83	190800
1981-11-24	0.82	0.82	0.81	0.81	434700
1981-11-25	0.82	0.83	0.82	0.82	184500
1981-11-27	0.86	0.87	0.84	0.84	608400
1981-11-30	0.89	0.89	0.85	0.86	436500
1981-12-01	0.88	0.89	0.87	0.89	130500
1981-12-02	0.85	0.88	0.85	0.88	531900
1981-12-03	0.85	0.86	0.84	0.85	138600
1981-12-04	0.86	0.87	0.86	0.86	257400
1981-12-07	0.85	0.87	0.85	0.86	526500
1981-12-08	0.82	0.85	0.82	0.85	1105200
1981-12-09	0.82	0.83	0.82	0.82	68400
1981-12-10	0.81	0.83	0.81	0.82	160200
1981-12-11	0.80	0.82	0.80	0.81	76500
1981-12-14	0.79	0.79	0.79	0.79	83700
1981-12-15	0.78	0.79	0.78	0.79	182700
1981-12-16	0.78	0.79	0.77	0.78	103500
1981-12-17	0.77	0.78	0.77	0.78	48600
1981-12-18	0.78	0.79	0.77	0.77	94500
1981-12-21	0.78	0.79	0.78	0.78	105300
1981-12-22	0.78	0.79	0.78	0.78	171900
1981-12-23	0.80	0.81	0.78	0.78	431100
1981-12-24	0.79	0.80	0.79	0.80	76500
1981-12-28	0.78	0.79	0.78	0.79	46800
1981-12-29	0.78	0.79	0.78	0.78	136800
1981-12-30	0.78	0.79	0.77	0.78	143100
1981-12-31	0.78	0.79	0.78	0.78	130500
1982-01-04	0.79	0.79	0.78	0.78	27000
1982-01-05	0.79	0.79	0.79	0.79	52200
1982-01-06	0.77	0.79	0.77	0.79	83700
1982-01-07	0.77	0.77	0.76	0.77	28800
1982-01-08	0.79	0.79	0.77	0.77	162000
1982-01-11	0.78	0.78	0.78	0.78	124200
1982-01-12	0.78	0.78	0.77	0.78	173700
1982-01-13	0.77	0.79	0.77	0.78	174600
1982-01-14	0.77	0.78	0.77	0.77	54000
1982-01-15	0.78	0.78	0.77	0.77	39600
1982-01-18	0.78	0.78	0.77	0.78	29700
1982-01-19	0.78	0.78	0.78	0.78	84600
1982-01-20	0.73	0.77	0.73	0.77	481500
1982-01-21	0.67	0.73	0.66	0.73	3977100
1982-01-22	0.66	0.67	0.66	0.67	720900
1982-01-25	0.67	0.67	0.65	0.66	252000
1982-01-26	0.65	0.67	0.65	0.67	391500
1982-01-27	0.66	0.66	0.64	0.65	343800
1982-01-28	0.71	0.71	0.67	0.67	117000
1982-01-29	0.71	0.71	0.69	0.71	81000
1982-02-01	0.68	0.70	0.68	0.70	72900
1982-02-02	0.69	0.70	0.67	0.68	41400
1982-02-03	0.69	0.70	0.69	0.69	69300
1982-02-04	0.69	0.69	0.69	0.69	110700
1982-02-05	0.67	0.69	0.67	0.69	34200
1982-02-08	0.66	0.68	0.66	0.67	307800
1982-02-09	0.64	0.66	0.64	0.66	191700
1982-02-10	0.65	0.65	0.64	0.64	64800
1982-02-11	0.65	0.65	0.65	0.65	79200
1982-02-12	0.65	0.65	0.65	0.65	81900
1982-02-16	0.66	0.66	0.64	0.65	335700
1982-02-17	0.65	0.66	0.65	0.66	99000
1982-02-18	0.66	0.67	0.65	0.65	81000
1982-02-19	0.67	0.68	0.66	0.66	522000
1982-02-22	0.67	0.69	0.67	0.67	144000
1982-02-23	0.66	0.67	0.66	0.67	63000
1982-02-24	0.66	0.67	0.66	0.66	403200
1982-02-25	0.66	0.66	0.66	0.66	507600
1982-02-26	0.65	0.65	0.65	0.65	306000
1982-03-01	0.66	0.66	0.64	0.65	159300
1982-03-02	0.66	0.66	0.65	0.66	285300
1982-03-03	0.65	0.65	0.65	0.65	85500
1982-03-04	0.65	0.65	0.64	0.65	126900
1982-03-05	0.63	0.64	0.63	0.64	61200
1982-03-08	0.63	0.66	0.63	0.63	169200
1982-03-09	0.62	0.63	0.61	0.63	347400
1982-03-10	0.63	0.64	0.62	0.62	119700
1982-03-11	0.62	0.63	0.62	0.63	89100
1982-03-12	0.60	0.61	0.59	0.61	116100
1982-03-15	0.61	0.61	0.60	0.60	57600
1982-03-16	0.60	0.60	0.60	0.60	8100
1982-03-17	0.62	0.62	0.61	0.61	164700
1982-03-18	0.63	0.63	0.62	0.62	125100
1982-03-19	0.63	0.64	0.62	0.63	120600
1982-03-22	0.66	0.66	0.63	0.63	81900
1982-03-23	0.66	0.67	0.65	0.66	115200
1982-03-24	0.65	0.66	0.65	0.66	106200
1982-03-25	0.64	0.65	0.63	0.65	270900
1982-03-26	0.63	0.63	0.63	0.63	147600
1982-03-29	0.63	0.63	0.62	0.63	38700
1982-03-30	0.63	0.63	0.62	0.63	50400
1982-03-31	0.63	0.63	0.61	0.63	117900
1982-04-01	0.63	0.63	0.62	0.63	363600
1982-04-02	0.63	0.63	0.62	0.63	36000
1982-04-05	0.63	0.63	0.62	0.63	53100
1982-04-06	0.63	0.63	0.62	0.63	67500
1982-04-07	0.62	0.63	0.62	0.63	85500
1982-04-08	0.66	0.66	0.62	0.62	578700
1982-04-12	0.69	0.70	0.66	0.66	711900
1982-04-13	0.71	0.73	0.69	0.69	738900
1982-04-14	0.71	0.72	0.70	0.71	273600
1982-04-15	0.69	0.71	0.69	0.71	133200
1982-04-16	0.69	0.69	0.68	0.69	77400
1982-04-19	0.69	0.69	0.67	0.69	114300
1982-04-20	0.69	0.69	0.69	0.69	39600
1982-04-21	0.68	0.69	0.68	0.69	55800
1982-04-22	0.68	0.69	0.68	0.68	273600
1982-04-23	0.68	0.68	0.67	0.68	54000
1982-04-26	0.68	0.68	0.67	0.68	119700
1982-04-27	0.68	0.69	0.68	0.68	164700
1982-04-28	0.68	0.68	0.67	0.68	59400
1982-04-29	0.67	0.68	0.67	0.68	45900
1982-04-30	0.66	0.67	0.66	0.67	138600
1982-05-03	0.67	0.67	0.66	0.66	89100
1982-05-04	0.67	0.68	0.67	0.67	73800
1982-05-05	0.67	0.67	0.67	0.67	22500
1982-05-06	0.67	0.68	0.66	0.67	75600
1982-05-07	0.68	0.68	0.66	0.67	638100
1982-05-10	0.69	0.69	0.67	0.68	196200
1982-05-11	0.72	0.72	0.69	0.69	96300
1982-05-12	0.70	0.72	0.70	0.72	81000
1982-05-13	0.69	0.71	0.69	0.70	116100
1982-05-14	0.69	0.71	0.69	0.69	570600
1982-05-17	0.69	0.69	0.69	0.69	102600
1982-05-18	0.68	0.69	0.68	0.69	30600
1982-05-19	0.69	0.69	0.67	0.68	33300
1982-05-20	0.68	0.68	0.68	0.68	15300
1982-05-21	0.68	0.69	0.68	0.68	45900
1982-05-24	0.68	0.68	0.68	0.68	18000
1982-05-25	0.69	0.69	0.68	0.68	653400
1982-05-26	0.69	0.69	0.68	0.69	105300
1982-05-27	0.69	0.69	0.68	0.69	153000
1982-05-28	0.75	0.75	0.68	0.69	159300
1982-06-01	0.69	0.71	0.69	0.71	882000
1982-06-02	0.69	0.69	0.68	0.69	157500
1982-06-03	0.69	0.69	0.68	0.69	103500
1982-06-04	0.67	0.68	0.67	0.68	63000
1982-06-07	0.67	0.67	0.66	0.67	69300
1982-06-08	0.66	0.67	0.66	0.67	25200
1982-06-09	0.66	0.66	0.65	0.66	117900
1982-06-10	0.67	0.67	0.65	0.66	139500
1982-06-11	0.68	0.68	0.67	0.67	253800
1982-06-14	0.67	0.68	0.67	0.68	60300
1982-06-15	0.66	0.66	0.65	0.66	255600
1982-06-16	0.65	0.66	0.64	0.66	198900
1982-06-17	0.64	0.64	0.63	0.64	158400
1982-06-18	0.64	0.64	0.63	0.64	45900
1982-06-21	0.64	0.64	0.64	0.64	100800
1982-06-22	0.67	0.67	0.64	0.64	235800
1982-06-23	0.69	0.69	0.66	0.67	77400
1982-06-24	0.70	0.71	0.69	0.69	162900
1982-06-25	0.68	0.69	0.67	0.69	189000
1982-06-28	0.68	0.68	0.67	0.68	22500
1982-06-29	0.65	0.65	0.65	0.65	54000
1982-06-30	0.65	0.65	0.65	0.65	44100
1982-07-01	0.65	0.65	0.64	0.65	20700
1982-07-02	0.65	0.65	0.65	0.65	84600
1982-07-06	0.65	0.65	0.64	0.65	171000
1982-07-07	0.65	0.65	0.64	0.65	70200
1982-07-08	0.64	0.64	0.63	0.64	436500
1982-07-09	0.65	0.65	0.64	0.64	32400
1982-07-12	0.65	0.65	0.65	0.65	51300
1982-07-13	0.64	0.65	0.64	0.65	70200
1982-07-14	0.65	0.65	0.64	0.64	134100
1982-07-15	0.65	0.65	0.64	0.65	318600
1982-07-16	0.68	0.69	0.64	0.65	96300
1982-07-19	0.69	0.69	0.68	0.68	516600
1982-07-20	0.70	0.70	0.69	0.69	113400
1982-07-21	0.70	0.71	0.70	0.70	96300
1982-07-22	0.69	0.69	0.69	0.69	83700
1982-07-23	0.72	0.72	0.70	0.70	202500
1982-07-26	0.73	0.73	0.72	0.72	89100
1982-07-27	0.72	0.72	0.72	0.72	75600
1982-07-28	0.72	0.72	0.72	0.72	26100
1982-07-29	0.72	0.72	0.71	0.72	105300
1982-07-30	0.71	0.72	0.71	0.72	41400
1982-08-02	0.71	0.71	0.71	0.71	72900
1982-08-03	0.72	0.73	0.71	0.71	80100
1982-08-04	0.72	0.72	0.72	0.72	28800
1982-08-05	0.74	0.74	0.72	0.72	369000
1982-08-06	0.73	0.74	0.73	0.74	171000
1982-08-09	0.72	0.72	0.71	0.72	67500
1982-08-10	0.72	0.72	0.72	0.72	142200
1982-08-11	0.72	0.73	0.72	0.72	55800
1982-08-12	0.72	0.73	0.71	0.72	318600
1982-08-13	0.73	0.74	0.72	0.72	133200
1982-08-16	0.74	0.74	0.73	0.73	156600
1982-08-17	0.76	0.76	0.73	0.74	162900
1982-08-18	0.78	0.79	0.76	0.76	546300
1982-08-19	0.78	0.79	0.76	0.78	166500
1982-08-20	0.82	0.82	0.78	0.78	306000
1982-08-23	0.81	0.81	0.80	0.81	90900
1982-08-24	0.82	0.83	0.82	0.82	422100
1982-08-25	0.82	0.82	0.81	0.82	95400
1982-08-26	0.82	0.87	0.82	0.82	327600
1982-08-27	0.83	0.83	0.81	0.82	194400
1982-08-30	0.84	0.84	0.81	0.83	119700
1982-08-31	0.87	0.88	0.84	0.84	306900
1982-09-01	0.84	0.87	0.84	0.87	175500
1982-09-02	0.85	0.87	0.84	0.84	127800
1982-09-03	0.88	0.89	0.87	0.87	624600
1982-09-07	0.85	0.87	0.84	0.87	165600
1982-09-08	0.84	0.85	0.84	0.85	168300
1982-09-09	0.83	0.84	0.82	0.84	99000
1982-09-10	0.81	0.82	0.80	0.82	149400
1982-09-13	0.81	0.81	0.80	0.81	117000
1982-09-14	0.82	0.83	0.82	0.82	180000
1982-09-15	0.84	0.84	0.82	0.82	108000
1982-09-16	0.85	0.85	0.84	0.84	854100
1982-09-17	0.86	0.87	0.85	0.85	232200
1982-09-20	0.87	0.87	0.86	0.86	363600
1982-09-21	0.90	0.90	0.87	0.87	268200
1982-09-22	0.86	0.90	0.86	0.90	164700
1982-09-23	0.86	0.87	0.85	0.86	65700
1982-09-24	0.85	0.86	0.85	0.86	80100
1982-09-27	0.84	0.85	0.84	0.85	34200
1982-09-28	0.84	0.84	0.83	0.84	50400
1982-09-29	0.84	0.84	0.82	0.84	214200
1982-09-30	0.82	0.83	0.82	0.83	225000
1982-10-01	0.82	0.82	0.81	0.82	69300
1982-10-04	0.81	0.82	0.81	0.82	56700
1982-10-05	0.83	0.83	0.81	0.81	112500
1982-10-06	0.86	0.86	0.82	0.83	95400
1982-10-07	0.88	0.90	0.88	0.88	426600
1982-10-08	0.90	0.90	0.88	0.88	231300
1982-10-11	0.91	0.92	0.90	0.90	179100
1982-10-12	0.95	0.96	0.92	0.92	870300
1982-10-13	0.98	0.98	0.94	0.95	500400
1982-10-14	0.93	0.98	0.92	0.98	375300
1982-10-15	0.93	0.93	0.91	0.93	331200
1982-10-18	0.95	0.96	0.93	0.93	139500
1982-10-19	0.96	0.99	0.96	0.96	1047600
1982-10-20	0.96	0.97	0.95	0.96	460800
1982-10-21	0.98	0.99	0.97	0.97	342000
1982-10-22	0.98	0.98	0.97	0.98	91800
1982-10-25	0.94	0.96	0.94	0.96	133200
1982-10-26	0.90	0.93	0.90	0.93	334800
1982-10-27	0.94	0.95	0.90	0.90	188100
1982-10-28	0.92	0.93	0.92	0.93	69300
1982-10-29	0.93	0.93	0.92	0.92	77400
1982-11-01	0.93	0.93	0.92	0.93	99900
1982-11-02	0.95	0.95	0.93	0.93	423000
1982-11-03	0.95	0.95	0.94	0.95	148500
1982-11-04	0.96	0.97	0.96	0.96	405900
1982-11-05	0.96	0.96	0.95	0.96	323100
1982-11-08	0.94	0.95	0.94	0.95	72900
1982-11-09	0.95	0.95	0.94	0.94	116100
1982-11-10	0.94	0.96	0.94	0.95	181800
1982-11-11	0.94	0.94	0.92	0.94	107100
1982-11-12	0.91	0.93	0.91	0.93	219600
1982-11-15	0.90	0.90	0.89	0.90	285300
1982-11-16	0.90	0.90	0.88	0.90	353700
1982-11-17	0.90	0.90	0.89	0.90	115200
1982-11-18	0.90	0.90	0.88	0.90	515700
1982-11-19	0.90	0.90	0.90	0.90	185400
1982-11-22	0.88	0.90	0.87	0.90	405000
1982-11-23	0.86	0.88	0.86	0.88	88200
1982-11-24	0.85	0.86	0.85	0.86	57600
1982-11-26	0.84	0.84	0.83	0.84	182700
1982-11-29	0.82	0.83	0.82	0.83	57600
1982-11-30	0.84	0.84	0.82	0.82	207900
1982-12-01	0.83	0.84	0.83	0.84	337500
1982-12-02	0.82	0.83	0.82	0.83	82800
1982-12-03	0.83	0.83	0.82	0.82	113400
1982-12-06	0.81	0.82	0.81	0.82	46800
1982-12-07	0.82	0.82	0.81	0.81	108000
1982-12-08	0.79	0.81	0.79	0.81	83700
1982-12-09	0.78	0.79	0.78	0.79	134100
1982-12-10	0.79	0.79	0.78	0.78	222300
1982-12-13	0.79	0.80	0.79	0.79	109800
1982-12-14	0.80	0.81	0.79	0.79	101700
1982-12-15	0.79	0.79	0.79	0.79	68400
1982-12-16	0.78	0.79	0.78	0.79	26100
1982-12-17	0.78	0.79	0.77	0.78	119700
1982-12-20	0.78	0.79	0.77	0.78	71100
1982-12-21	0.78	0.78	0.77	0.78	115200
1982-12-22	0.77	0.79	0.77	0.78	51300
1982-12-23	0.77	0.77	0.77	0.77	27900
1982-12-27	0.77	0.77	0.77	0.77	19800
1982-12-28	0.78	0.78	0.77	0.77	77400
1982-12-29	0.81	0.81	0.78	0.78	143100
1982-12-30	0.84	0.84	0.82	0.82	413100
1982-12-31	0.85	0.85	0.84	0.84	80100
1983-01-03	0.84	0.85	0.84	0.85	24300
1983-01-04	0.84	0.84	0.83	0.84	36900
1983-01-05	0.86	0.86	0.85	0.85	66600
1983-01-06	0.90	0.91	0.87	0.87	192600
1983-01-07	0.93	0.94	0.90	0.90	117000
1983-01-10	0.93	0.93	0.91	0.93	44100
1983-01-11	0.93	0.94	0.93	0.93	88200
1983-01-12	0.90	0.92	0.90	0.92	36900
1983-01-13	0.87	0.90	0.87	0.90	31500
1983-01-14	0.88	0.89	0.87	0.87	81900
1983-01-17	0.90	0.90	0.87	0.88	32400
1983-01-18	0.90	0.90	0.89	0.90	484200
1983-01-19	0.89	0.90	0.89	0.90	57600
1983-01-20	0.89	0.90	0.89	0.89	314100
1983-01-21	0.88	0.88	0.88	0.88	18000
1983-01-24	0.84	0.86	0.83	0.86	108000
1983-01-25	0.81	0.84	0.81	0.84	48600
1983-01-26	0.80	0.82	0.80	0.81	81000
1983-01-27	0.79	0.80	0.79	0.80	55800
1983-01-28	0.79	0.81	0.79	0.79	194400
1983-01-31	0.80	0.80	0.79	0.79	45000
1983-02-01	0.79	0.80	0.79	0.80	136800
1983-02-02	0.79	0.80	0.79	0.79	25200
1983-02-03	0.79	0.79	0.79	0.79	43200
1983-02-04	0.80	0.80	0.79	0.79	64800
1983-02-07	0.83	0.83	0.79	0.80	151200
1983-02-08	0.84	0.85	0.84	0.84	154800
1983-02-09	0.84	0.85	0.84	0.84	40500
1983-02-10	0.85	0.85	0.84	0.84	106200
1983-02-11	0.87	0.87	0.85	0.85	45900
1983-02-14	0.87	0.87	0.86	0.87	50400
1983-02-15	0.89	0.89	0.87	0.87	273600
1983-02-16	0.89	0.90	0.88	0.89	315900
1983-02-17	0.88	0.88	0.88	0.88	30600
1983-02-18	0.87	0.87	0.86	0.87	34200
1983-02-22	0.81	0.84	0.81	0.84	164700
1983-02-23	0.82	0.82	0.79	0.81	66600
1983-02-24	0.85	0.85	0.81	0.82	120600
1983-02-25	0.84	0.86	0.84	0.85	303300
1983-02-28	0.83	0.84	0.83	0.84	61200
1983-03-01	0.84	0.84	0.83	0.83	67500
1983-03-02	0.85	0.85	0.84	0.84	44100
1983-03-03	0.87	0.87	0.85	0.85	411300
1983-03-04	0.86	0.86	0.85	0.86	30600
1983-03-07	0.85	0.86	0.85	0.86	92700
1983-03-08	0.85	0.85	0.84	0.85	49500
1983-03-09	0.87	0.87	0.85	0.85	90000
1983-03-10	0.88	0.89	0.88	0.88	254700
1983-03-11	0.87	0.88	0.87	0.88	75600
1983-03-14	0.87	0.87	0.86	0.87	131400
1983-03-15	0.86	0.87	0.86	0.87	35100
1983-03-16	0.85	0.86	0.85	0.86	83700
1983-03-17	0.84	0.85	0.84	0.85	36000
1983-03-18	0.85	0.85	0.84	0.84	54900
1983-03-21	0.84	0.84	0.84	0.84	19800
1983-03-22	0.84	0.85	0.84	0.84	81000
1983-03-23	0.84	0.84	0.83	0.84	50400
1983-03-24	0.84	0.84	0.84	0.84	12600
1983-03-25	0.84	0.84	0.83	0.84	14400
1983-03-28	0.83	0.83	0.83	0.83	72900
1983-03-29	0.83	0.84	0.83	0.83	98100
1983-03-30	0.84	0.84	0.83	0.83	108000
1983-03-31	0.86	0.87	0.85	0.85	173700
1983-04-04	0.87	0.87	0.86	0.86	180900
1983-04-05	0.88	0.88	0.87	0.87	216000
1983-04-06	0.88	0.89	0.88	0.88	540000
1983-04-07	0.91	0.91	0.88	0.88	241200
1983-04-08	0.93	0.93	0.91	0.91	140400
1983-04-11	0.94	0.94	0.92	0.93	70200
1983-04-12	0.98	0.99	0.94	0.94	231300
1983-04-13	0.97	0.99	0.97	0.98	189000
1983-04-14	0.98	0.98	0.97	0.97	72900
1983-04-15	0.99	1.01	0.98	0.98	178200
1983-04-18	0.99	0.99	0.99	0.99	24300
1983-04-19	1.00	1.00	0.98	0.99	236700
1983-04-20	1.00	1.00	0.99	1.00	136800
1983-04-21	1.00	1.01	1.00	1.00	189900
1983-04-22	1.00	1.00	0.99	1.00	46800
1983-04-25	1.00	1.03	1.00	1.00	269100
1983-04-26	1.01	1.01	0.98	1.00	73800
1983-04-27	1.01	1.04	1.01	1.01	168300
1983-04-28	1.05	1.05	1.01	1.01	195300
1983-04-29	1.04	1.05	1.03	1.05	317700
1983-05-02	1.04	1.05	1.03	1.04	351000
1983-05-03	1.05	1.06	1.03	1.04	342900
1983-05-04	1.06	1.07	1.05	1.05	347400
1983-05-05	1.09	1.10	1.06	1.06	258300
1983-05-06	1.08	1.09	1.07	1.09	85500
1983-05-09	1.06	1.07	1.06	1.07	77400
1983-05-10	1.08	1.08	1.06	1.06	132300
1983-05-11	1.06	1.08	1.06	1.08	99900
1983-05-12	1.06	1.06	1.06	1.06	15300
1983-05-13	1.09	1.09	1.06	1.06	60300
1983-05-16	1.09	1.10	1.07	1.09	597600
1983-05-17	1.07	1.09	1.07	1.09	243000
1983-05-18	1.06	1.07	1.06	1.07	45000
1983-05-19	1.02	1.06	1.02	1.06	586800
1983-05-20	1.02	1.02	1.01	1.02	184500
1983-05-23	1.01	1.01	1.00	1.01	225900
1983-05-24	1.03	1.03	1.01	1.01	251100
1983-05-25	1.03	1.03	1.03	1.03	131400
1983-05-26	1.04	1.05	1.03	1.03	117000
1983-05-27	1.04	1.04	1.02	1.04	31500
1983-05-31	1.04	1.04	1.03	1.04	117000
1983-06-01	1.02	1.04	1.01	1.04	199800
1983-06-02	1.02	1.04	1.01	1.02	306900
1983-06-03	1.04	1.04	1.02	1.02	148500
1983-06-06	1.02	1.03	1.02	1.03	85500
1983-06-07	1.02	1.03	1.01	1.02	244800
1983-06-08	1.01	1.02	1.01	1.02	110700
1983-06-09	1.00	1.01	1.00	1.01	224100
1983-06-10	1.00	1.00	0.99	1.00	319500
1983-06-13	0.98	1.00	0.98	1.00	99900
1983-06-14	0.99	0.99	0.98	0.98	41400
1983-06-15	1.00	1.00	0.98	0.99	257400
1983-06-16	1.02	1.02	1.00	1.00	270900
1983-06-17	1.05	1.05	1.04	1.04	310500
1983-06-20	1.06	1.06	1.04	1.05	227700
1983-06-21	1.06	1.07	1.06	1.06	262800
1983-06-22	1.10	1.11	1.06	1.06	557100
1983-06-23	1.08	1.10	1.08	1.10	266400
1983-06-24	1.10	1.11	1.08	1.08	187200
1983-06-27	1.08	1.11	1.08	1.10	42300
1983-06-28	1.06	1.07	1.06	1.07	40500
1983-06-29	1.06	1.07	1.05	1.06	73800
1983-06-30	1.06	1.07	1.06	1.06	420300
1983-07-01	1.08	1.08	1.06	1.06	96300
1983-07-05	1.06	1.07	1.06	1.07	125100
1983-07-06	1.14	1.14	1.06	1.06	97200
1983-07-07	1.11	1.13	1.11	1.13	184500
1983-07-08	1.12	1.13	1.11	1.11	90000
1983-07-11	1.16	1.16	1.12	1.12	174600
1983-07-12	1.12	1.16	1.11	1.16	225000
1983-07-13	1.11	1.11	1.10	1.11	49500
1983-07-14	1.14	1.14	1.12	1.12	43200
1983-07-15	1.14	1.15	1.14	1.14	63000
1983-07-18	1.16	1.16	1.14	1.14	149400
1983-07-19	1.17	1.18	1.16	1.16	188100
1983-07-20	1.18	1.18	1.17	1.17	67500
1983-07-21	1.17	1.19	1.16	1.18	247500
1983-07-22	1.17	1.17	1.16	1.17	24300
1983-07-25	1.15	1.16	1.14	1.16	146700
1983-07-26	1.16	1.16	1.14	1.15	115200
1983-07-27	1.16	1.17	1.16	1.16	48600
1983-07-28	1.15	1.16	1.15	1.16	165600
1983-07-29	1.13	1.15	1.13	1.15	274500
1983-08-01	1.13	1.13	1.12	1.13	71100
1983-08-02	1.12	1.13	1.11	1.13	81900
1983-08-03	1.12	1.12	1.12	1.12	11700
1983-08-04	1.11	1.12	1.10	1.12	146700
1983-08-05	1.11	1.11	1.10	1.11	31500
1983-08-08	1.09	1.10	1.09	1.10	29700
1983-08-09	1.09	1.09	1.08	1.09	28800
1983-08-10	1.10	1.10	1.08	1.09	63000
1983-08-11	1.09	1.10	1.09	1.10	68400
1983-08-12	1.08	1.09	1.07	1.09	390600
1983-08-15	1.09	1.10	1.09	1.09	189000
1983-08-16	1.09	1.09	1.08	1.09	20700
1983-08-17	1.11	1.11	1.10	1.10	230400
1983-08-18	1.11	1.11	1.11	1.11	17100
1983-08-19	1.11	1.11	1.10	1.11	12600
1983-08-22	1.14	1.14	1.12	1.12	513000
1983-08-23	1.15	1.15	1.14	1.14	206100
1983-08-24	1.14	1.15	1.14	1.15	101700
1983-08-25	1.13	1.14	1.13	1.14	18900
1983-08-26	1.14	1.14	1.13	1.13	423900
1983-08-29	1.13	1.13	1.12	1.13	28800
1983-08-30	1.15	1.15	1.13	1.13	67500
1983-08-31	1.15	1.15	1.14	1.15	186300
1983-09-01	1.15	1.16	1.15	1.15	92700
1983-09-02	1.17	1.17	1.15	1.15	117000
1983-09-06	1.19	1.19	1.16	1.17	257400
1983-09-07	1.21	1.21	1.18	1.19	76500
1983-09-08	1.21	1.21	1.19	1.21	127800
1983-09-09	1.20	1.20	1.19	1.20	147600
1983-09-12	1.19	1.21	1.19	1.20	65700
1983-09-13	1.18	1.18	1.18	1.18	10800
1983-09-14	1.19	1.19	1.17	1.18	79200
1983-09-15	1.18	1.19	1.18	1.19	266400
1983-09-16	1.17	1.17	1.17	1.17	34200
1983-09-19	1.21	1.21	1.17	1.17	632700
1983-09-20	1.21	1.22	1.20	1.21	933300
1983-09-21	1.21	1.22	1.21	1.21	340200
1983-09-22	1.22	1.22	1.20	1.21	48600
1983-09-23	1.21	1.21	1.21	1.21	90900
1983-09-26	1.20	1.21	1.20	1.21	19800
1983-09-27	1.17	1.19	1.17	1.19	60300
1983-09-28	1.16	1.17	1.15	1.17	784800
1983-09-29	1.15	1.16	1.15	1.16	612900
1983-09-30	1.15	1.15	1.14	1.15	352800
1983-10-03	1.14	1.14	1.14	1.14	77400
1983-10-04	1.13	1.15	1.13	1.14	480600
1983-10-05	1.10	1.12	1.09	1.12	521100
1983-10-06	1.09	1.10	1.09	1.10	633600
1983-10-07	1.10	1.11	1.09	1.09	565200
1983-10-10	1.11	1.11	1.10	1.10	89100
1983-10-11	1.11	1.11	1.10	1.11	166500
1983-10-12	1.12	1.12	1.10	1.11	128700
1983-10-13	1.13	1.13	1.12	1.12	49500
1983-10-14	1.12	1.13	1.11	1.13	96300
1983-10-17	1.11	1.12	1.11	1.12	144000
1983-10-18	1.10	1.11	1.10	1.11	354600
1983-10-19	1.08	1.09	1.08	1.09	63000
1983-10-20	1.08	1.08	1.08	1.08	27900
1983-10-21	1.07	1.08	1.07	1.08	47700
1983-10-24	1.07	1.07	1.06	1.07	11700
1983-10-25	1.06	1.07	1.06	1.07	36900
1983-10-26	1.04	1.06	1.04	1.06	26100
1983-10-27	1.03	1.03	1.02	1.03	27000
1983-10-28	1.01	1.03	1.01	1.03	18900
1983-10-31	1.00	1.01	1.00	1.01	60300
1983-11-01	1.01	1.01	1.00	1.00	110700
1983-11-02	1.02	1.03	1.01	1.01	85500
1983-11-03	1.03	1.04	1.02	1.02	126000
1983-11-04	1.02	1.03	1.02	1.03	127800
1983-11-07	1.03	1.03	1.03	1.03	56700
1983-11-08	1.04	1.05	1.03	1.03	37800
1983-11-09	1.08	1.08	1.04	1.04	82800
1983-11-10	1.08	1.09	1.08	1.08	624600
1983-11-11	1.08	1.08	1.07	1.08	14400
1983-11-14	1.07	1.08	1.07	1.08	43200
1983-11-15	1.07	1.07	1.07	1.07	61200
1983-11-16	1.08	1.08	1.06	1.07	38700
1983-11-17	1.07	1.08	1.07	1.08	32400
1983-11-18	1.07	1.07	1.07	1.07	18900
1983-11-21	1.07	1.08	1.07	1.07	25200
1983-11-22	1.06	1.07	1.06	1.07	77400
1983-11-23	1.07	1.07	1.06	1.06	164700
1983-11-25	1.07	1.07	1.06	1.07	69300
1983-11-28	1.07	1.07	1.07	1.07	90000
1983-11-29	1.11	1.11	1.08	1.08	24300
1983-11-30	1.11	1.13	1.11	1.11	133200
1983-12-01	1.15	1.15	1.11	1.11	115200
1983-12-02	1.13	1.15	1.13	1.15	182700
1983-12-05	1.15	1.15	1.13	1.13	452700
1983-12-06	1.12	1.14	1.12	1.14	189900
1983-12-07	1.12	1.12	1.12	1.12	9900
1983-12-08	1.11	1.12	1.11	1.12	198000
1983-12-09	1.09	1.12	1.08	1.11	77400
1983-12-12	1.09	1.09	1.09	1.09	40500
1983-12-13	1.10	1.10	1.09	1.09	42300
1983-12-14	1.09	1.09	1.09	1.09	105300
1983-12-15	1.08	1.09	1.08	1.09	12600
1983-12-16	1.09	1.09	1.08	1.08	37800
1983-12-19	1.06	1.08	1.06	1.08	306900
1983-12-20	1.04	1.06	1.04	1.06	54900
1983-12-21	1.06	1.06	1.04	1.04	96300
1983-12-22	1.07	1.07	1.06	1.06	117000
1983-12-23	1.07	1.07	1.06	1.07	54900
1983-12-27	1.07	1.07	1.06	1.07	50400
1983-12-28	1.07	1.08	1.07	1.07	133200
1983-12-29	1.08	1.08	1.07	1.07	293400
1983-12-30	1.09	1.09	1.08	1.08	121500
1984-01-03	1.09	1.09	1.08	1.09	1063800
1984-01-04	1.08	1.08	1.07	1.08	150300
1984-01-05	1.09	1.10	1.07	1.08	111600
1984-01-06	1.10	1.10	1.09	1.09	47700
1984-01-09	1.08	1.09	1.07	1.09	506700
1984-01-10	1.07	1.08	1.07	1.08	36900
1984-01-11	1.07	1.08	1.06	1.07	103500
1984-01-12	1.07	1.07	1.06	1.07	15300
1984-01-13	1.07	1.07	1.06	1.07	14400
1984-01-16	1.06	1.06	1.06	1.06	131400
1984-01-17	1.06	1.06	1.05	1.06	18000
1984-01-18	1.06	1.06	1.04	1.06	209700
1984-01-19	1.08	1.08	1.06	1.06	126900
1984-01-20	1.08	1.08	1.07	1.08	55800
1984-01-23	1.07	1.07	1.07	1.07	31500
1984-01-24	1.06	1.07	1.06	1.07	112500
1984-01-25	1.06	1.08	1.06	1.06	139500
1984-01-26	1.07	1.07	1.06	1.06	41400
1984-01-27	1.07	1.07	1.07	1.07	36000
1984-01-30	1.07	1.08	1.07	1.07	26100
1984-01-31	1.06	1.08	1.06	1.07	32400
1984-02-01	1.06	1.07	1.06	1.06	20700
1984-02-02	1.06	1.06	1.06	1.06	14400
1984-02-03	1.08	1.08	1.06	1.06	196200
1984-02-06	1.08	1.08	1.07	1.08	94500
1984-02-07	1.08	1.08	1.06	1.08	223200
1984-02-08	1.07	1.09	1.07	1.08	122400
1984-02-09	1.07	1.07	1.06	1.07	45900
1984-02-10	1.07	1.07	1.06	1.07	57600
1984-02-13	1.05	1.06	1.05	1.06	517500
1984-02-14	1.05	1.05	1.04	1.05	125100
1984-02-15	1.05	1.05	1.04	1.05	20700
1984-02-16	1.05	1.05	1.05	1.05	7200
1984-02-17	1.03	1.04	1.03	1.04	30600
1984-02-21	1.03	1.03	1.01	1.03	85500
1984-02-22	1.04	1.04	1.03	1.03	7200
1984-02-23	1.04	1.05	1.04	1.04	72900
1984-02-24	1.05	1.06	1.04	1.04	133200
1984-02-27	1.08	1.08	1.05	1.05	188100
1984-02-28	1.08	1.08	1.07	1.08	55800
1984-02-29	1.10	1.13	1.08	1.08	720900
1984-03-01	1.10	1.10	1.09	1.10	235800
1984-03-02	1.11	1.11	1.10	1.10	1061100
1984-03-05	1.11	1.11	1.10	1.11	57600
1984-03-06	1.09	1.10	1.09	1.10	43200
1984-03-07	1.08	1.09	1.08	1.09	70200
1984-03-08	1.08	1.08	1.08	1.08	39600
1984-03-09	1.08	1.08	1.08	1.08	76500
1984-03-12	1.08	1.08	1.08	1.08	63000
1984-03-13	1.09	1.09	1.09	1.09	36900
1984-03-14	1.09	1.10	1.09	1.09	31500
1984-03-15	1.09	1.09	1.09	1.09	71100
1984-03-16	1.11	1.11	1.10	1.10	122400
1984-03-19	1.10	1.10	1.10	1.10	36900
1984-03-20	1.11	1.11	1.09	1.10	62100
1984-03-21	1.11	1.12	1.11	1.11	56700
1984-03-22	1.11	1.11	1.11	1.11	9000
1984-03-23	1.10	1.11	1.10	1.11	9900
1984-03-26	1.10	1.10	1.09	1.10	29700
1984-03-27	1.08	1.09	1.08	1.09	16200
1984-03-28	1.10	1.10	1.08	1.08	78300
1984-03-29	1.11	1.11	1.10	1.10	6300
1984-03-30	1.11	1.11	1.11	1.11	28800
1984-04-02	1.11	1.11	1.10	1.11	114300
1984-04-03	1.10	1.10	1.09	1.10	36900
1984-04-04	1.09	1.10	1.09	1.10	9000
1984-04-05	1.08	1.08	1.07	1.08	14400
1984-04-06	1.08	1.08	1.08	1.08	2700
1984-04-09	1.08	1.08	1.07	1.08	35100
1984-04-10	1.09	1.10	1.09	1.09	33300
1984-04-11	1.09	1.09	1.09	1.09	34200
1984-04-12	1.11	1.11	1.09	1.09	115200
1984-04-13	1.11	1.11	1.10	1.11	308700
1984-04-16	1.10	1.10	1.10	1.10	22500
1984-04-17	1.11	1.11	1.10	1.10	15300
1984-04-18	1.11	1.11	1.11	1.11	117000
1984-04-19	1.12	1.12	1.11	1.11	124200
1984-04-23	1.12	1.12	1.12	1.12	39600
1984-04-24	1.14	1.14	1.12	1.12	188100
1984-04-25	1.14	1.15	1.13	1.14	63000
1984-04-26	1.13	1.14	1.13	1.14	34200
1984-04-27	1.13	1.13	1.13	1.13	282600
1984-04-30	1.12	1.14	1.12	1.13	22500
1984-05-01	1.11	1.11	1.11	1.11	6300
1984-05-02	1.11	1.11	1.11	1.11	3600
1984-05-03	1.12	1.12	1.11	1.11	102600
1984-05-04	1.12	1.12	1.12	1.12	286200
1984-05-07	1.11	1.11	1.11	1.11	34200
1984-05-08	1.11	1.11	1.11	1.11	10800
1984-05-09	1.10	1.11	1.10	1.11	7200
1984-05-10	1.09	1.09	1.08	1.09	54000
1984-05-11	1.08	1.08	1.08	1.08	55800
1984-05-14	1.08	1.08	1.08	1.08	9000
1984-05-15	1.07	1.08	1.07	1.08	52200
1984-05-16	1.09	1.09	1.07	1.07	114300
1984-05-17	1.09	1.09	1.09	1.09	54900
1984-05-18	1.09	1.10	1.09	1.09	24300
1984-05-21	1.09	1.09	1.09	1.09	39600
1984-05-22	1.09	1.09	1.09	1.09	10800
1984-05-23	1.09	1.09	1.09	1.09	22500
1984-05-24	1.07	1.08	1.07	1.08	21600
1984-05-25	1.06	1.06	1.06	1.06	41400
1984-05-29	1.07	1.07	1.07	1.07	44100
1984-05-30	1.07	1.07	1.06	1.07	171900
1984-05-31	1.09	1.09	1.06	1.07	139500
1984-06-01	1.09	1.09	1.09	1.09	189900
1984-06-04	1.10	1.10	1.09	1.09	8100
1984-06-05	1.07	1.09	1.07	1.09	26100
1984-06-06	1.07	1.07	1.07	1.07	19800
1984-06-07	1.08	1.08	1.08	1.08	2700
1984-06-08	1.07	1.08	1.07	1.08	13500
1984-06-11	1.06	1.08	1.06	1.07	34200
1984-06-12	1.06	1.06	1.05	1.06	248400
1984-06-13	1.06	1.06	1.05	1.06	36900
1984-06-14	1.05	1.05	1.05	1.05	25200
1984-06-15	1.04	1.05	1.04	1.05	24300
1984-06-18	1.03	1.03	1.03	1.03	81900
1984-06-19	1.03	1.03	1.03	1.03	59400
1984-06-20	1.02	1.02	1.02	1.02	64800
1984-06-21	1.01	1.02	1.01	1.02	46800
1984-06-22	1.01	1.01	1.01	1.01	19800
1984-06-25	1.01	1.01	1.01	1.01	9000
1984-06-26	1.00	1.00	1.00	1.00	333900
1984-06-27	0.97	0.99	0.97	0.99	20700
1984-06-28	0.96	0.97	0.96	0.97	81900
1984-06-29	0.95	0.97	0.95	0.96	288900
1984-07-02	0.97	0.97	0.95	0.95	103500
1984-07-03	0.97	0.97	0.97	0.97	74700
1984-07-05	0.97	0.97	0.96	0.97	85500
1984-07-06	0.97	0.97	0.96	0.97	128700
1984-07-09	0.97	0.97	0.97	0.97	61200
1984-07-10	0.97	0.97	0.97	0.97	25200
1984-07-11	0.96	0.97	0.96	0.97	176400
1984-07-12	0.95	0.96	0.95	0.96	26100
1984-07-13	0.95	0.95	0.95	0.95	11700
1984-07-16	0.95	0.95	0.95	0.95	28800
1984-07-17	0.95	0.95	0.95	0.95	31500
1984-07-18	0.93	0.95	0.93	0.95	1757700
1984-07-19	0.93	0.93	0.93	0.93	17100
1984-07-20	0.94	0.94	0.93	0.93	86400
1984-07-23	0.93	0.94	0.93	0.94	25200
1984-07-24	0.95	0.95	0.94	0.94	36000
1984-07-25	0.95	0.95	0.94	0.95	73800
1984-07-26	0.95	0.95	0.95	0.95	6300
1984-07-27	0.95	0.96	0.95	0.95	30600
1984-07-30	0.96	0.96	0.95	0.95	22500
1984-07-31	0.95	0.96	0.95	0.96	150300
1984-08-01	0.96	0.96	0.95	0.95	50400
1984-08-02	0.98	0.98	0.95	0.96	32400
1984-08-03	1.02	1.02	1.00	1.00	136800
1984-08-06	1.02	1.03	1.01	1.02	113400
1984-08-07	1.03	1.03	1.01	1.02	198900
1984-08-08	1.04	1.04	1.03	1.03	186300
1984-08-09	1.06	1.06	1.03	1.04	455400
1984-08-10	1.09	1.10	1.07	1.07	191700
1984-08-13	1.08	1.08	1.08	1.08	54900
1984-08-14	1.08	1.09	1.08	1.08	106200
1984-08-15	1.07	1.09	1.07	1.08	198900
1984-08-16	1.08	1.08	1.07	1.07	300600
1984-08-17	1.08	1.08	1.08	1.08	150300
1984-08-20	1.07	1.08	1.07	1.08	55800
1984-08-21	1.09	1.09	1.07	1.07	149400
1984-08-22	1.11	1.11	1.09	1.09	161100
1984-08-23	1.13	1.13	1.10	1.11	66600
1984-08-24	1.13	1.13	1.13	1.13	5400
1984-08-27	1.13	1.13	1.13	1.13	26100
1984-08-28	1.16	1.16	1.12	1.13	293400
1984-08-29	1.20	1.21	1.17	1.17	376200
1984-08-30	1.18	1.21	1.18	1.20	188100
1984-08-31	1.18	1.19	1.18	1.18	138600
1984-09-04	1.17	1.19	1.17	1.18	151200
1984-09-05	1.16	1.18	1.15	1.17	304200
1984-09-06	1.17	1.17	1.16	1.16	311400
1984-09-07	1.15	1.17	1.15	1.17	970200
1984-09-10	1.16	1.16	1.14	1.15	186300
1984-09-11	1.15	1.16	1.15	1.16	293400
1984-09-12	1.15	1.15	1.15	1.15	38700
1984-09-13	1.17	1.17	1.15	1.15	720900
1984-09-14	1.18	1.18	1.17	1.17	452700
1984-09-17	1.17	1.18	1.17	1.18	179100
1984-09-18	1.18	1.19	1.18	1.18	156600
1984-09-19	1.20	1.20	1.18	1.18	910800
1984-09-20	1.21	1.21	1.19	1.20	669600
1984-09-21	1.21	1.21	1.20	1.21	614700
1984-09-24	1.19	1.20	1.18	1.20	339300
1984-09-25	1.19	1.19	1.18	1.19	333900
1984-09-26	1.19	1.20	1.19	1.19	176400
1984-09-27	1.19	1.20	1.19	1.19	174600
1984-09-28	1.21	1.21	1.19	1.19	652500
1984-10-01	1.21	1.21	1.21	1.21	79200
1984-10-02	1.22	1.22	1.20	1.21	828900
1984-10-03	1.22	1.22	1.21	1.22	279900
1984-10-04	1.22	1.22	1.22	1.22	188100
1984-10-05	1.21	1.22	1.21	1.22	162900
1984-10-08	1.21	1.21	1.21	1.21	8100
1984-10-09	1.21	1.21	1.21	1.21	85500
1984-10-10	1.21	1.21	1.20	1.21	215100
1984-10-11	1.21	1.21	1.21	1.21	153900
1984-10-12	1.23	1.23	1.21	1.21	53100
1984-10-15	1.23	1.24	1.23	1.23	238500
1984-10-16	1.21	1.22	1.21	1.22	270900
1984-10-17	1.16	1.21	1.16	1.21	698400
1984-10-18	1.14	1.14	1.11	1.14	1143000
1984-10-19	1.11	1.13	1.10	1.13	295200
1984-10-22	1.12	1.12	1.10	1.11	144900
1984-10-23	1.14	1.14	1.12	1.12	139500
1984-10-24	1.16	1.16	1.16	1.16	362700
1984-10-25	1.17	1.17	1.16	1.16	181800
1984-10-26	1.17	1.17	1.16	1.17	64800
1984-10-29	1.17	1.18	1.16	1.17	77400
1984-10-30	1.19	1.19	1.17	1.17	180000
1984-10-31	1.18	1.19	1.18	1.19	195300
1984-11-01	1.18	1.19	1.18	1.18	102600
1984-11-02	1.18	1.18	1.17	1.18	225900
1984-11-05	1.20	1.20	1.18	1.18	243000
1984-11-06	1.23	1.24	1.21	1.21	273600
1984-11-07	1.21	1.24	1.21	1.23	213300
1984-11-08	1.21	1.21	1.21	1.21	103500
1984-11-09	1.21	1.21	1.21	1.21	183600
1984-11-12	1.21	1.21	1.21	1.21	40500
1984-11-13	1.22	1.22	1.21	1.21	32400
1984-11-14	1.22	1.22	1.22	1.22	56700
1984-11-15	1.23	1.23	1.22	1.22	25200
1984-11-16	1.23	1.23	1.22	1.23	117900
1984-11-19	1.22	1.23	1.22	1.23	184500
1984-11-20	1.25	1.25	1.23	1.23	242100
1984-11-21	1.25	1.26	1.25	1.25	184500
1984-11-23	1.24	1.25	1.24	1.25	76500
1984-11-26	1.22	1.24	1.22	1.24	153000
1984-11-27	1.19	1.21	1.17	1.21	288900
1984-11-28	1.17	1.19	1.17	1.19	121500
1984-11-29	1.17	1.17	1.16	1.17	76500
1984-11-30	1.17	1.17	1.16	1.17	351900
1984-12-03	1.16	1.16	1.16	1.16	69300
1984-12-04	1.17	1.17	1.17	1.17	31500
1984-12-05	1.18	1.18	1.17	1.17	127800
1984-12-06	1.19	1.20	1.18	1.18	222300
1984-12-07	1.20	1.21	1.20	1.20	63900
1984-12-10	1.21	1.21	1.20	1.20	160200
1984-12-11	1.21	1.21	1.20	1.21	180000
1984-12-12	1.18	1.20	1.18	1.20	41400
1984-12-13	1.17	1.17	1.17	1.17	50400
1984-12-14	1.16	1.17	1.16	1.17	29700
1984-12-17	1.17	1.17	1.16	1.16	63000
1984-12-18	1.18	1.18	1.17	1.17	252900
1984-12-19	1.18	1.20	1.18	1.18	294300
1984-12-20	1.17	1.18	1.17	1.18	238500
1984-12-21	1.17	1.17	1.17	1.17	70200
1984-12-24	1.16	1.17	1.16	1.17	15300
1984-12-26	1.16	1.16	1.16	1.16	9900
1984-12-27	1.16	1.16	1.16	1.16	18900
1984-12-28	1.17	1.17	1.16	1.16	36900
1984-12-31	1.17	1.17	1.17	1.17	15300
1985-01-02	1.18	1.18	1.16	1.17	45900
1985-01-03	1.18	1.18	1.17	1.18	37800
1985-01-04	1.17	1.17	1.17	1.17	321300
1985-01-07	1.17	1.17	1.17	1.17	239400
1985-01-08	1.14	1.16	1.14	1.16	107100
1985-01-09	1.12	1.13	1.12	1.13	131400
1985-01-10	1.12	1.12	1.11	1.12	212400
1985-01-11	1.11	1.11	1.11	1.11	36900
1985-01-14	1.11	1.11	1.11	1.11	99000
1985-01-15	1.11	1.12	1.11	1.11	63900
1985-01-16	1.11	1.11	1.11	1.11	504900
1985-01-17	1.11	1.11	1.11	1.11	444600
1985-01-18	1.12	1.12	1.11	1.11	42300
1985-01-21	1.17	1.17	1.12	1.12	435600
1985-01-22	1.19	1.19	1.17	1.17	328500
1985-01-23	1.20	1.21	1.19	1.19	1205100
1985-01-24	1.21	1.21	1.20	1.20	534600
1985-01-25	1.22	1.22	1.20	1.21	270000
1985-01-28	1.24	1.24	1.21	1.22	561600
1985-01-29	1.24	1.24	1.23	1.24	153000
1985-01-30	1.26	1.26	1.25	1.25	369000
1985-01-31	1.25	1.26	1.25	1.26	414900
1985-02-01	1.25	1.25	1.24	1.25	218700
1985-02-04	1.25	1.25	1.24	1.25	249300
1985-02-05	1.26	1.27	1.26	1.26	963000
1985-02-06	1.29	1.31	1.26	1.26	1305000
1985-02-07	1.31	1.31	1.29	1.29	520200
1985-02-08	1.30	1.32	1.30	1.31	614700
1985-02-11	1.29	1.30	1.28	1.30	479700
1985-02-12	1.28	1.29	1.28	1.29	354600
1985-02-13	1.30	1.30	1.28	1.28	459000
1985-02-14	1.30	1.31	1.30	1.30	214200
1985-02-15	1.30	1.30	1.30	1.30	128700
1985-02-19	1.28	1.29	1.28	1.29	74700
1985-02-20	1.27	1.28	1.27	1.28	83700
1985-02-21	1.25	1.25	1.23	1.25	352800
1985-02-22	1.21	1.24	1.21	1.24	1663200
1985-02-25	1.18	1.19	1.18	1.19	35100
1985-02-26	1.19	1.19	1.18	1.18	88200
1985-02-27	1.21	1.21	1.19	1.19	387000
1985-02-28	1.22	1.22	1.21	1.21	135900
1985-03-01	1.26	1.26	1.22	1.22	206100
1985-03-04	1.28	1.28	1.26	1.26	188100
1985-03-05	1.30	1.30	1.28	1.28	398700
1985-03-06	1.27	1.29	1.27	1.29	54000
1985-03-07	1.27	1.28	1.27	1.27	93600
1985-03-08	1.27	1.27	1.27	1.27	85500
1985-03-11	1.27	1.27	1.27	1.27	105300
1985-03-12	1.28	1.28	1.27	1.27	32400
1985-03-13	1.27	1.27	1.27	1.27	4500
1985-03-14	1.28	1.28	1.27	1.27	154800
1985-03-15	1.28	1.28	1.28	1.28	12600
1985-03-18	1.29	1.30	1.27	1.28	122400
1985-03-19	1.32	1.32	1.31	1.31	110700
1985-03-20	1.32	1.32	1.31	1.32	46800
1985-03-21	1.33	1.33	1.32	1.32	46800
1985-03-22	1.34	1.34	1.32	1.33	118800
1985-03-25	1.33	1.33	1.32	1.33	88200
1985-03-26	1.33	1.33	1.32	1.33	67500
1985-03-27	1.35	1.36	1.33	1.33	191700
1985-03-28	1.39	1.41	1.37	1.37	851400
1985-03-29	1.39	1.40	1.38	1.39	459000
1985-04-01	1.39	1.40	1.39	1.39	22500
1985-04-02	1.38	1.40	1.38	1.39	65700
1985-04-03	1.37	1.38	1.37	1.38	13500
1985-04-04	1.38	1.38	1.37	1.37	252900
1985-04-08	1.39	1.39	1.38	1.38	183600
1985-04-09	1.43	1.44	1.39	1.39	1089900
1985-04-10	1.45	1.47	1.44	1.44	833400
1985-04-11	1.44	1.46	1.44	1.45	76500
1985-04-12	1.45	1.45	1.44	1.44	383400
1985-04-15	1.45	1.46	1.45	1.45	211500
1985-04-16	1.44	1.45	1.43	1.45	961200
1985-04-17	1.46	1.46	1.44	1.44	823500
1985-04-18	1.47	1.47	1.45	1.46	634500
1985-04-19	1.46	1.46	1.46	1.46	136800
1985-04-22	1.46	1.47	1.46	1.46	594000
1985-04-23	1.46	1.46	1.46	1.46	159300
1985-04-24	1.45	1.46	1.45	1.46	47700
1985-04-25	1.46	1.46	1.45	1.45	27000
1985-04-26	1.44	1.46	1.44	1.46	436500
1985-04-29	1.43	1.44	1.43	1.44	150300
1985-04-30	1.43	1.43	1.42	1.43	170100
1985-05-01	1.42	1.43	1.42	1.43	415800
1985-05-02	1.39	1.40	1.39	1.40	488700
1985-05-03	1.39	1.40	1.38	1.39	676800
1985-05-06	1.40	1.40	1.38	1.39	71100
1985-05-07	1.39	1.39	1.39	1.39	18900
1985-05-08	1.35	1.38	1.35	1.38	229500
1985-05-09	1.35	1.36	1.33	1.35	60300
1985-05-10	1.37	1.37	1.35	1.35	135900
1985-05-13	1.36	1.37	1.36	1.37	430200
1985-05-14	1.37	1.37	1.36	1.36	633600
1985-05-15	1.37	1.37	1.37	1.37	199800
1985-05-16	1.40	1.40	1.37	1.37	64800
1985-05-17	1.40	1.41	1.40	1.40	707400
1985-05-20	1.41	1.41	1.40	1.40	257400
1985-05-21	1.40	1.40	1.39	1.40	132300
1985-05-22	1.38	1.39	1.38	1.39	15300
1985-05-23	1.36	1.38	1.36	1.38	211500
1985-05-24	1.37	1.37	1.36	1.36	23400
1985-05-28	1.39	1.40	1.38	1.38	387900
1985-05-29	1.39	1.40	1.38	1.39	586800
1985-05-30	1.40	1.40	1.39	1.39	66600
1985-05-31	1.42	1.42	1.39	1.40	343800
1985-06-03	1.42	1.43	1.42	1.42	275400
1985-06-04	1.40	1.40	1.39	1.40	171000
1985-06-05	1.39	1.40	1.39	1.40	147600
1985-06-06	1.36	1.39	1.33	1.39	342900
1985-06-07	1.31	1.35	1.30	1.35	405000
1985-06-10	1.32	1.32	1.30	1.31	71100
1985-06-11	1.32	1.32	1.31	1.32	412200
1985-06-12	1.32	1.32	1.31	1.32	57600
1985-06-13	1.31	1.31	1.31	1.31	9000
1985-06-14	1.32	1.32	1.31	1.31	271800
1985-06-17	1.32	1.32	1.32	1.32	7200
1985-06-18	1.30	1.32	1.29	1.32	288900
1985-06-19	1.28	1.29	1.27	1.29	90900
1985-06-20	1.28	1.28	1.28	1.28	147600
1985-06-21	1.30	1.30	1.27	1.28	747000
1985-06-24	1.30	1.30	1.29	1.30	67500
1985-06-25	1.29	1.31	1.29	1.30	47700
1985-06-26	1.28	1.28	1.28	1.28	98100
1985-06-27	1.29	1.29	1.28	1.28	96300
1985-06-28	1.29	1.30	1.28	1.29	702000
1985-07-01	1.30	1.30	1.29	1.29	467100
1985-07-02	1.31	1.32	1.30	1.30	570600
1985-07-03	1.32	1.33	1.31	1.31	76500
1985-07-05	1.34	1.34	1.32	1.32	82800
1985-07-08	1.34	1.34	1.33	1.34	128700
1985-07-09	1.34	1.35	1.33	1.34	124200
1985-07-10	1.36	1.36	1.34	1.34	156600
1985-07-11	1.37	1.37	1.36	1.36	1071000
1985-07-12	1.37	1.37	1.37	1.37	225000
1985-07-15	1.38	1.39	1.37	1.37	13500
1985-07-16	1.37	1.37	1.37	1.37	176400
1985-07-17	1.42	1.42	1.38	1.38	459900
1985-07-18	1.41	1.42	1.41	1.42	141300
1985-07-19	1.40	1.42	1.39	1.41	85500
1985-07-22	1.38	1.39	1.37	1.39	252000
1985-07-23	1.36	1.37	1.36	1.37	324900
1985-07-24	1.35	1.35	1.34	1.35	858600
1985-07-25	1.33	1.34	1.33	1.34	758700
1985-07-26	1.34	1.34	1.32	1.33	423000
1985-07-29	1.33	1.34	1.32	1.34	180000
1985-07-30	1.33	1.33	1.33	1.33	129600
1985-07-31	1.33	1.33	1.33	1.33	221400
1985-08-01	1.33	1.33	1.32	1.33	22500
1985-08-02	1.33	1.33	1.33	1.33	197100
1985-08-05	1.33	1.33	1.33	1.33	145800
1985-08-06	1.32	1.33	1.32	1.33	10800
1985-08-07	1.31	1.32	1.31	1.32	160200
1985-08-08	1.32	1.32	1.30	1.31	100800
1985-08-09	1.32	1.32	1.31	1.32	60300
1985-08-12	1.32	1.33	1.32	1.32	343800
1985-08-13	1.35	1.36	1.33	1.33	627300
1985-08-14	1.39	1.39	1.36	1.36	229500
1985-08-15	1.39	1.40	1.39	1.39	386100
1985-08-16	1.38	1.39	1.38	1.39	149400
1985-08-19	1.38	1.38	1.38	1.38	9000
1985-08-20	1.37	1.38	1.37	1.38	60300
1985-08-21	1.37	1.38	1.37	1.37	135900
1985-08-22	1.37	1.37	1.37	1.37	91800
1985-08-23	1.40	1.40	1.38	1.38	126900
1985-08-26	1.40	1.41	1.40	1.40	20700
1985-08-27	1.39	1.40	1.39	1.40	244800
1985-08-28	1.42	1.43	1.40	1.40	288900
1985-08-29	1.43	1.44	1.43	1.43	106200
1985-08-30	1.43	1.44	1.43	1.43	5400
1985-09-03	1.42	1.43	1.42	1.43	66600
1985-09-04	1.42	1.43	1.42	1.42	123300
1985-09-05	1.40	1.41	1.40	1.41	218700
1985-09-06	1.40	1.40	1.39	1.40	27000
1985-09-09	1.39	1.41	1.39	1.40	189900
1985-09-10	1.39	1.39	1.39	1.39	96300
1985-09-11	1.36	1.39	1.36	1.39	99000
1985-09-12	1.35	1.36	1.35	1.36	126900
1985-09-13	1.33	1.34	1.33	1.34	204300
1985-09-16	1.33	1.33	1.31	1.33	244800
1985-09-17	1.29	1.32	1.29	1.32	257400
1985-09-18	1.30	1.30	1.28	1.29	154800
1985-09-19	1.32	1.32	1.30	1.30	424800
1985-09-20	1.32	1.32	1.32	1.32	68400
1985-09-23	1.33	1.33	1.33	1.33	9900
1985-09-24	1.31	1.33	1.31	1.33	82800
1985-09-25	1.31	1.31	1.30	1.31	50400
1985-09-26	1.32	1.32	1.30	1.31	20700
1985-09-30	1.35	1.35	1.35	1.35	724500
1985-10-01	1.37	1.37	1.35	1.35	1026000
1985-10-02	1.37	1.37	1.37	1.37	146700
1985-10-03	1.38	1.38	1.36	1.37	612000
1985-10-04	1.37	1.37	1.37	1.37	267300
1985-10-07	1.35	1.36	1.34	1.36	135000
1985-10-08	1.34	1.35	1.34	1.35	64800
1985-10-09	1.34	1.34	1.34	1.34	11700
1985-10-10	1.33	1.34	1.33	1.34	209700
1985-10-11	1.35	1.35	1.33	1.33	192600
1985-10-14	1.37	1.37	1.36	1.36	95400
1985-10-15	1.36	1.37	1.35	1.37	83700
1985-10-16	1.37	1.37	1.36	1.36	105300
1985-10-17	1.37	1.37	1.37	1.37	84600
1985-10-18	1.36	1.37	1.36	1.37	99000
1985-10-21	1.36	1.37	1.36	1.36	332100
1985-10-22	1.36	1.37	1.36	1.36	289800
1985-10-23	1.36	1.37	1.36	1.36	496800
1985-10-24	1.36	1.37	1.36	1.36	396000
1985-10-25	1.36	1.36	1.36	1.36	9000
1985-10-28	1.35	1.36	1.35	1.36	42300
1985-10-29	1.36	1.36	1.35	1.35	284400
1985-10-30	1.35	1.36	1.35	1.36	360000
1985-10-31	1.35	1.35	1.35	1.35	9900
1985-11-01	1.36	1.36	1.35	1.35	180900
1985-11-04	1.35	1.36	1.35	1.36	77400
1985-11-05	1.35	1.35	1.35	1.35	18000
1985-11-06	1.35	1.35	1.34	1.35	25200
1985-11-07	1.35	1.36	1.35	1.35	52200
1985-11-08	1.40	1.40	1.36	1.36	763200
1985-11-11	1.40	1.40	1.39	1.40	327600
1985-11-12	1.40	1.41	1.39	1.40	291600
1985-11-13	1.41	1.41	1.40	1.40	1080000
1985-11-14	1.42	1.42	1.41	1.41	96300
1985-11-15	1.42	1.42	1.41	1.42	207900
1985-11-18	1.43	1.43	1.42	1.42	358200
1985-11-19	1.42	1.43	1.42	1.43	190800
1985-11-20	1.42	1.42	1.41	1.42	118800
1985-11-21	1.43	1.43	1.42	1.42	318600
1985-11-22	1.43	1.43	1.42	1.43	153900
1985-11-25	1.42	1.42	1.40	1.42	216000
1985-11-26	1.43	1.43	1.42	1.42	194400
1985-11-27	1.42	1.43	1.42	1.43	101700
1985-11-29	1.45	1.45	1.42	1.42	1008900
1985-12-02	1.43	1.45	1.42	1.45	395100
1985-12-03	1.43	1.43	1.43	1.43	66600
1985-12-04	1.43	1.44	1.43	1.43	226800
1985-12-05	1.44	1.44	1.42	1.43	603900
1985-12-06	1.44	1.44	1.43	1.44	114300
1985-12-09	1.39	1.43	1.39	1.43	1464300
1985-12-10	1.34	1.39	1.34	1.39	1080000
1985-12-11	1.33	1.34	1.32	1.34	276300
1985-12-12	1.35	1.36	1.33	1.33	472500
1985-12-13	1.36	1.37	1.35	1.35	756000
1985-12-16	1.37	1.38	1.36	1.36	432900
1985-12-17	1.37	1.37	1.36	1.37	145800
1985-12-18	1.37	1.37	1.36	1.37	1082700
1985-12-19	1.35	1.37	1.34	1.37	242100
1985-12-20	1.34	1.34	1.33	1.34	375300
1985-12-23	1.33	1.33	1.33	1.33	77400
1985-12-24	1.32	1.32	1.32	1.32	4500
1985-12-26	1.32	1.32	1.32	1.32	17100
1985-12-27	1.33	1.33	1.32	1.32	33300
1985-12-30	1.33	1.33	1.32	1.33	120600
1985-12-31	1.33	1.33	1.33	1.33	83700
1986-01-02	1.35	1.35	1.33	1.33	1132200
1986-01-03	1.35	1.35	1.34	1.35	457200
1986-01-06	1.33	1.34	1.33	1.34	41400
1986-01-07	1.33	1.34	1.33	1.33	247500
1986-01-08	1.34	1.34	1.33	1.33	171000
1986-01-09	1.32	1.33	1.32	1.33	490500
1986-01-10	1.30	1.33	1.29	1.32	268200
1986-01-13	1.29	1.29	1.29	1.29	7200
1986-01-14	1.29	1.29	1.28	1.29	24300
1986-01-15	1.31	1.31	1.29	1.29	18900
1986-01-16	1.32	1.32	1.31	1.31	238500
1986-01-17	1.29	1.32	1.27	1.32	154800
1986-01-20	1.24	1.28	1.24	1.28	594000
1986-01-21	1.22	1.24	1.21	1.24	401400
1986-01-22	1.19	1.21	1.19	1.21	597600
1986-01-23	1.20	1.21	1.17	1.19	116100
1986-01-24	1.21	1.22	1.20	1.20	271800
1986-01-27	1.21	1.22	1.21	1.21	238500
1986-01-28	1.21	1.21	1.20	1.21	223200
1986-01-29	1.22	1.23	1.21	1.21	713700
1986-01-30	1.20	1.22	1.20	1.22	59400
1986-01-31	1.18	1.19	1.17	1.19	133200
1986-02-03	1.14	1.17	1.14	1.17	120600
1986-02-04	1.08	1.12	1.08	1.12	599400
1986-02-05	1.08	1.08	1.07	1.08	1172700
1986-02-06	1.11	1.12	1.09	1.09	1288800
1986-02-07	1.11	1.12	1.11	1.11	545400
1986-02-10	1.11	1.12	1.11	1.11	1255500
1986-02-11	1.11	1.11	1.11	1.11	894600
1986-02-12	1.11	1.12	1.11	1.11	217800
1986-02-13	1.10	1.11	1.10	1.11	322200
1986-02-14	1.10	1.11	1.10	1.10	88200
1986-02-18	1.12	1.12	1.10	1.10	502200
1986-02-19	1.11	1.12	1.11	1.12	348300
1986-02-20	1.12	1.12	1.11	1.11	246600
1986-02-21	1.12	1.13	1.12	1.12	1230300
1986-02-24	1.13	1.14	1.12	1.12	658800
1986-02-25	1.16	1.19	1.13	1.13	918000
1986-02-26	1.18	1.19	1.17	1.17	81900
1986-02-27	1.17	1.18	1.16	1.18	327600
1986-02-28	1.15	1.16	1.14	1.16	588600
1986-03-03	1.15	1.16	1.14	1.15	167400
1986-03-04	1.16	1.16	1.15	1.15	109800
1986-03-05	1.16	1.17	1.16	1.16	262800
1986-03-06	1.18	1.19	1.17	1.17	354600
1986-03-07	1.17	1.19	1.17	1.18	279000
1986-03-10	1.18	1.18	1.17	1.17	118800
1986-03-11	1.20	1.21	1.18	1.18	47700
1986-03-12	1.24	1.24	1.21	1.21	317700
1986-03-13	1.21	1.25	1.21	1.24	312300
1986-03-14	1.21	1.21	1.21	1.21	174600
1986-03-17	1.22	1.22	1.21	1.21	92700
1986-03-18	1.23	1.24	1.22	1.22	585900
1986-03-19	1.20	1.23	1.20	1.23	974700
1986-03-20	1.20	1.21	1.20	1.20	205200
1986-03-21	1.28	1.28	1.20	1.20	189000
1986-03-24	1.21	1.25	1.21	1.25	91800
1986-03-25	1.21	1.22	1.21	1.21	189900
1986-03-26	1.23	1.24	1.21	1.21	71100
1986-03-27	1.24	1.25	1.22	1.23	279000
1986-03-31	1.23	1.23	1.22	1.23	104400
1986-04-01	1.18	1.20	1.16	1.20	396000
1986-04-02	1.21	1.21	1.19	1.19	477000
1986-04-03	1.21	1.22	1.21	1.21	313200
1986-04-04	1.21	1.21	1.21	1.21	87300
1986-04-07	1.23	1.23	1.21	1.21	154800
1986-04-08	1.22	1.24	1.22	1.23	164700
1986-04-09	1.22	1.23	1.22	1.22	54000
1986-04-10	1.22	1.23	1.21	1.22	50400
1986-04-11	1.22	1.22	1.20	1.22	51300
1986-04-14	1.21	1.22	1.21	1.22	91800
1986-04-15	1.23	1.23	1.22	1.22	558900
1986-04-16	1.22	1.22	1.21	1.22	177300
1986-04-17	1.22	1.22	1.21	1.22	186300
1986-04-18	1.21	1.21	1.21	1.21	47700
1986-04-21	1.15	1.20	1.13	1.20	463500
1986-04-22	1.10	1.14	1.10	1.14	1005300
1986-04-23	1.11	1.11	1.08	1.10	816300
1986-04-24	1.13	1.13	1.11	1.11	204300
1986-04-25	1.13	1.14	1.12	1.13	979200
1986-04-28	1.12	1.13	1.12	1.13	269100
1986-04-29	1.12	1.13	1.12	1.12	97200
1986-04-30	1.11	1.12	1.11	1.12	146700
1986-05-01	1.11	1.11	1.11	1.11	247500
1986-05-02	1.11	1.12	1.10	1.11	1662300
1986-05-05	1.12	1.12	1.11	1.11	1219500
1986-05-06	1.13	1.13	1.11	1.12	83700
1986-05-07	1.13	1.13	1.12	1.13	138600
1986-05-08	1.12	1.14	1.12	1.13	1245600
1986-05-09	1.12	1.13	1.11	1.12	973800
1986-05-12	1.14	1.14	1.11	1.12	1886400
1986-05-13	1.15	1.17	1.14	1.14	1445400
1986-05-14	1.15	1.16	1.15	1.15	459000
1986-05-15	1.15	1.16	1.15	1.15	39600
1986-05-16	1.15	1.15	1.14	1.15	69300
1986-05-19	1.14	1.15	1.14	1.15	30600
1986-05-20	1.15	1.16	1.14	1.14	234000
1986-05-21	1.14	1.15	1.14	1.15	144000
1986-05-22	1.15	1.15	1.14	1.14	87300
1986-05-23	1.15	1.16	1.15	1.15	119700
1986-05-27	1.15	1.15	1.15	1.15	120600
1986-05-28	1.13	1.14	1.12	1.14	102600
1986-05-29	1.11	1.13	1.11	1.13	107100
1986-05-30	1.11	1.12	1.11	1.11	425700
1986-06-02	1.07	1.11	1.06	1.11	684000
1986-06-03	1.04	1.07	1.02	1.07	558000
1986-06-04	1.04	1.06	1.04	1.04	231300
1986-06-05	1.03	1.04	1.02	1.04	224100
1986-06-06	1.02	1.02	1.01	1.02	229500
1986-06-09	1.01	1.02	1.01	1.02	74700
1986-06-10	1.00	1.02	0.99	1.01	432900
1986-06-11	1.02	1.02	1.00	1.00	316800
1986-06-12	1.02	1.02	1.02	1.02	71100
1986-06-13	1.03	1.03	1.03	1.03	118800
1986-06-16	1.02	1.03	1.02	1.03	218700
1986-06-17	1.02	1.03	1.02	1.02	384300
1986-06-18	1.02	1.02	1.02	1.02	275400
1986-06-19	1.02	1.02	1.02	1.02	234000
1986-06-20	1.02	1.03	1.02	1.02	164700
1986-06-23	1.05	1.05	1.02	1.02	272700
1986-06-24	1.04	1.05	1.03	1.05	310500
1986-06-25	1.04	1.04	1.03	1.04	78300
1986-06-26	1.02	1.04	1.02	1.04	182700
1986-06-27	1.00	1.02	1.00	1.02	254700
1986-06-30	1.00	1.01	1.00	1.00	801900
1986-07-01	1.00	1.01	1.00	1.00	359100
1986-07-02	1.00	1.00	1.00	1.00	325800
1986-07-03	0.98	1.00	0.98	1.00	81900
1986-07-07	0.93	0.98	0.92	0.98	376200
1986-07-08	0.93	0.94	0.92	0.93	929700
1986-07-09	0.95	0.95	0.94	0.94	340200
1986-07-10	0.95	0.95	0.95	0.95	69300
1986-07-11	0.97	0.97	0.95	0.95	82800
1986-07-14	0.94	0.97	0.94	0.97	270000
1986-07-15	0.94	0.94	0.93	0.94	109800
1986-07-16	0.95	0.95	0.94	0.94	161100
1986-07-17	0.95	0.95	0.94	0.95	135000
1986-07-18	0.95	0.95	0.95	0.95	116100
1986-07-21	0.96	0.96	0.95	0.95	36000
1986-07-22	0.96	0.98	0.95	0.95	423900
1986-07-23	0.98	0.98	0.95	0.96	561600
1986-07-24	0.97	0.99	0.97	0.99	93600
1986-07-25	0.97	0.98	0.96	0.97	61200
1986-07-28	0.98	0.99	0.97	0.98	105300
1986-07-29	0.97	0.98	0.97	0.98	326700
1986-07-30	0.98	0.98	0.97	0.97	325800
1986-07-31	0.98	1.00	0.98	0.99	153900
1986-08-01	0.98	0.99	0.97	0.99	422100
1986-08-04	0.98	0.98	0.96	0.97	232200
1986-08-05	1.03	1.07	1.03	1.03	2399400
1986-08-06	1.04	1.05	1.03	1.03	882000
1986-08-07	1.06	1.06	1.04	1.04	1433700
1986-08-08	1.06	1.07	1.06	1.06	391500
1986-08-11	1.06	1.07	1.06	1.07	128700
1986-08-12	1.07	1.07	1.06	1.06	734400
1986-08-13	1.07	1.07	1.07	1.07	346500
1986-08-14	1.09	1.10	1.07	1.07	1090800
1986-08-15	1.10	1.10	1.08	1.09	1149300
1986-08-18	1.13	1.13	1.10	1.10	657900
1986-08-19	1.11	1.12	1.11	1.12	304200
1986-08-20	1.12	1.12	1.11	1.11	1026900
1986-08-21	1.12	1.12	1.11	1.11	715500
1986-08-22	1.12	1.13	1.12	1.13	972000
1986-08-25	1.12	1.13	1.12	1.12	1473300
1986-08-26	1.13	1.14	1.12	1.13	821700
1986-08-27	1.16	1.16	1.14	1.14	1717200
1986-08-28	1.16	1.16	1.15	1.16	1436400
1986-08-29	1.15	1.16	1.15	1.16	106200
1986-09-02	1.14	1.16	1.14	1.16	152100
1986-09-03	1.16	1.16	1.15	1.16	404100
1986-09-04	1.20	1.20	1.17	1.17	906300
1986-09-05	1.21	1.23	1.21	1.21	1674900
1986-09-08	1.21	1.21	1.21	1.21	1188900
1986-09-09	1.25	1.25	1.21	1.21	4051800
1986-09-10	1.24	1.25	1.23	1.25	2841300
1986-09-11	1.23	1.24	1.21	1.23	2125800
1986-09-12	1.23	1.24	1.21	1.22	1936800
1986-09-15	1.22	1.23	1.21	1.22	412200
1986-09-16	1.19	1.22	1.19	1.22	134100
1986-09-17	1.19	1.20	1.17	1.19	712800
1986-09-18	1.19	1.20	1.19	1.19	187200
1986-09-19	1.20	1.20	1.18	1.19	576900
1986-09-22	1.22	1.24	1.19	1.20	2426400
1986-09-23	1.24	1.24	1.22	1.22	426600
1986-09-24	1.25	1.25	1.23	1.23	557100
1986-09-25	1.22	1.24	1.22	1.24	132300
1986-09-26	1.22	1.23	1.22	1.23	748800
1986-09-29	1.21	1.22	1.21	1.21	505800
1986-09-30	1.21	1.22	1.21	1.21	2055600
1986-10-01	1.20	1.21	1.20	1.21	600300
1986-10-02	1.20	1.20	1.20	1.20	188100
1986-10-03	1.19	1.20	1.19	1.20	146700
1986-10-06	1.18	1.19	1.18	1.18	33300
1986-10-07	1.20	1.21	1.19	1.19	370800
1986-10-08	1.21	1.22	1.20	1.20	1355400
1986-10-09	1.21	1.22	1.21	1.21	1879200
1986-10-10	1.21	1.21	1.20	1.21	1286100
1986-10-13	1.22	1.22	1.21	1.21	225900
1986-10-14	1.19	1.21	1.18	1.21	1611900
1986-10-15	1.19	1.19	1.18	1.19	908100
1986-10-16	1.19	1.19	1.18	1.18	795600
1986-10-17	1.19	1.19	1.18	1.18	419400
1986-10-20	1.19	1.19	1.19	1.19	143100
1986-10-21	1.17	1.19	1.17	1.19	525600
1986-10-22	1.18	1.18	1.17	1.17	419400
1986-10-23	1.19	1.19	1.18	1.18	167400
1986-10-24	1.18	1.19	1.18	1.18	310500
1986-10-27	1.18	1.19	1.18	1.19	658800
1986-10-28	1.18	1.18	1.18	1.18	148500
1986-10-29	1.19	1.19	1.17	1.17	221400
1986-10-30	1.21	1.21	1.17	1.19	969300
1986-10-31	1.22	1.23	1.21	1.21	693000
1986-11-03	1.23	1.23	1.23	1.23	609300
1986-11-04	1.23	1.23	1.22	1.23	1534500
1986-11-05	1.23	1.24	1.23	1.23	509400
1986-11-06	1.24	1.25	1.24	1.24	363600
1986-11-07	1.25	1.25	1.24	1.25	102600
1986-11-10	1.25	1.26	1.25	1.25	558000
1986-11-11	1.27	1.27	1.26	1.26	1241100
1986-11-12	1.29	1.29	1.27	1.27	1598400
1986-11-13	1.28	1.29	1.28	1.29	406800
1986-11-14	1.27	1.28	1.26	1.27	332100
1986-11-17	1.26	1.27	1.26	1.26	164700
1986-11-18	1.26	1.27	1.26	1.27	215100
1986-11-19	1.24	1.26	1.24	1.25	281700
1986-11-20	1.24	1.24	1.23	1.24	416700
1986-11-21	1.25	1.25	1.24	1.25	533700
1986-11-24	1.24	1.25	1.23	1.24	1179000
1986-11-25	1.25	1.25	1.24	1.25	269100
1986-11-26	1.22	1.24	1.21	1.24	367200
1986-11-28	1.23	1.23	1.22	1.22	14400
1986-12-01	1.24	1.24	1.23	1.23	714600
1986-12-02	1.25	1.25	1.24	1.24	551700
1986-12-03	1.26	1.26	1.25	1.25	329400
1986-12-04	1.26	1.27	1.26	1.26	558900
1986-12-05	1.26	1.27	1.26	1.26	243900
1986-12-08	1.27	1.27	1.26	1.26	48600
1986-12-09	1.25	1.27	1.25	1.27	173700
1986-12-10	1.26	1.26	1.25	1.26	99900
1986-12-11	1.28	1.29	1.26	1.26	4696200
1986-12-12	1.30	1.32	1.28	1.28	840600
1986-12-15	1.32	1.33	1.31	1.31	1317600
1986-12-16	1.32	1.33	1.31	1.33	2138400
1986-12-17	1.29	1.31	1.29	1.31	892800
1986-12-18	1.31	1.32	1.29	1.29	520200
1986-12-19	1.32	1.33	1.31	1.31	1355400
1986-12-22	1.35	1.36	1.33	1.33	1468800
1986-12-23	1.35	1.35	1.34	1.35	165600
1986-12-24	1.35	1.36	1.35	1.35	968400
1986-12-26	1.36	1.36	1.35	1.35	266400
1986-12-29	1.36	1.37	1.36	1.36	570600
1986-12-30	1.36	1.36	1.36	1.36	107100
1986-12-31	1.36	1.36	1.35	1.36	278100
1987-01-02	1.34	1.36	1.33	1.35	2596500
1987-01-05	1.34	1.35	1.33	1.33	649800
1987-01-06	1.36	1.37	1.35	1.35	410400
1987-01-07	1.37	1.38	1.36	1.36	1296900
1987-01-08	1.38	1.38	1.37	1.37	439200
1987-01-09	1.40	1.40	1.38	1.38	629100
1987-01-12	1.44	1.45	1.41	1.41	1481400
1987-01-13	1.44	1.45	1.44	1.44	1547100
1987-01-14	1.43	1.44	1.42	1.43	344700
1987-01-15	1.42	1.43	1.40	1.43	943200
1987-01-16	1.39	1.41	1.39	1.41	998100
1987-01-19	1.41	1.41	1.39	1.39	4085100
1987-01-20	1.41	1.42	1.40	1.40	1154700
1987-01-21	1.43	1.43	1.41	1.41	305100
1987-01-22	1.46	1.46	1.43	1.43	860400
1987-01-23	1.48	1.48	1.46	1.46	2190600
1987-01-26	1.47	1.47	1.45	1.47	891000
1987-01-27	1.49	1.50	1.48	1.48	432900
1987-01-28	1.49	1.50	1.49	1.50	378900
1987-01-29	1.53	1.54	1.50	1.50	1649700
1987-01-30	1.54	1.55	1.53	1.53	1563300
1987-02-02	1.55	1.56	1.54	1.54	636300
1987-02-03	1.56	1.56	1.55	1.56	510300
1987-02-04	1.64	1.64	1.56	1.56	1165500
1987-02-05	1.64	1.68	1.64	1.65	1537200
1987-02-06	1.64	1.66	1.64	1.64	1290600
1987-02-09	1.62	1.64	1.62	1.64	565200
1987-02-10	1.59	1.61	1.58	1.61	866700
1987-02-11	1.61	1.61	1.59	1.59	1834200
1987-02-12	1.58	1.61	1.58	1.61	1513800
1987-02-13	1.57	1.57	1.56	1.57	2798100
1987-02-17	1.59	1.59	1.57	1.57	1404000
1987-02-18	1.60	1.61	1.59	1.60	1668600
1987-02-19	1.57	1.59	1.56	1.59	2209500
1987-02-20	1.57	1.58	1.56	1.57	900000
1987-02-23	1.54	1.56	1.54	1.56	770400
1987-02-24	1.52	1.54	1.52	1.54	712800
1987-02-25	1.47	1.50	1.46	1.47	765900
1987-02-26	1.49	1.49	1.45	1.47	1216800
1987-02-27	1.50	1.50	1.49	1.49	1164600
1987-03-02	1.52	1.52	1.50	1.50	583200
1987-03-03	1.56	1.56	1.52	1.52	1621800
1987-03-04	1.61	1.61	1.58	1.58	539100
1987-03-05	1.64	1.64	1.61	1.61	628200
1987-03-06	1.64	1.65	1.64	1.65	386100
1987-03-09	1.64	1.64	1.63	1.64	367200
1987-03-10	1.65	1.65	1.63	1.63	651600
1987-03-11	1.68	1.68	1.66	1.66	695700
1987-03-12	1.72	1.72	1.68	1.68	419400
1987-03-13	1.76	1.77	1.73	1.73	656100
1987-03-16	1.78	1.78	1.76	1.76	391500
1987-03-17	1.88	1.89	1.78	1.78	810900
1987-03-18	1.95	1.95	1.90	1.90	1145700
1987-03-19	1.91	1.94	1.90	1.94	594900
1987-03-20	1.87	1.91	1.87	1.91	441900
1987-03-23	1.88	1.89	1.87	1.87	308700
1987-03-24	1.87	1.88	1.85	1.88	307800
1987-03-25	1.85	1.87	1.85	1.87	547200
1987-03-26	1.84	1.87	1.84	1.85	490500
1987-03-27	1.85	1.86	1.85	1.86	814500
1987-03-30	1.85	1.86	1.85	1.85	557100
1987-03-31	1.85	1.85	1.85	1.85	425700
1987-04-01	1.85	1.85	1.85	1.85	828000
1987-04-02	1.94	1.94	1.87	1.87	1079100
1987-04-03	1.99	1.99	1.94	1.94	827100
1987-04-06	2.01	2.02	2.00	2.00	786600
1987-04-07	2.04	2.05	2.01	2.01	1418400
1987-04-08	1.99	2.04	1.99	2.04	559800
1987-04-09	1.92	2.00	1.91	2.00	781200
1987-04-10	1.93	1.93	1.90	1.91	587700
1987-04-13	1.91	1.93	1.91	1.93	389700
1987-04-14	1.85	1.90	1.85	1.90	661500
1987-04-15	1.83	1.84	1.81	1.84	678600
1987-04-16	1.86	1.86	1.83	1.83	112500
1987-04-20	1.86	1.88	1.86	1.86	235800
1987-04-21	1.85	1.85	1.83	1.85	665100
1987-04-22	1.84	1.85	1.83	1.85	503100
1987-04-23	1.81	1.83	1.80	1.83	193500
1987-04-24	1.81	1.82	1.80	1.82	435600
1987-04-27	1.75	1.81	1.74	1.81	187200
1987-04-28	1.75	1.78	1.75	1.76	765000
1987-04-29	1.76	1.77	1.75	1.75	1523700
1987-04-30	1.77	1.77	1.76	1.77	231300
1987-05-01	1.74	1.77	1.74	1.76	130500
1987-05-04	1.73	1.74	1.73	1.74	668700
1987-05-05	1.77	1.77	1.73	1.73	969300
1987-05-06	1.86	1.86	1.78	1.78	1115100
1987-05-07	1.90	1.90	1.87	1.87	1303200
1987-05-08	1.95	1.96	1.91	1.91	1876500
1987-05-11	1.97	1.99	1.96	1.96	1526400
1987-05-12	2.00	2.00	1.96	1.96	1076400
1987-05-13	2.06	2.06	2.01	2.01	489600
1987-05-14	2.04	2.08	2.03	2.07	399600
1987-05-15	2.01	2.03	2.01	2.03	1053900
1987-05-18	2.03	2.04	2.01	2.01	368100
1987-05-19	2.00	2.03	1.99	2.03	551700
1987-05-20	1.95	1.98	1.95	1.98	856800
1987-05-21	1.95	1.98	1.95	1.95	367200
1987-05-22	1.91	1.95	1.89	1.95	402300
1987-05-26	1.89	1.90	1.87	1.89	422100
1987-05-27	1.87	1.90	1.86	1.89	907200
1987-05-28	1.85	1.88	1.85	1.88	488700
1987-05-29	1.85	1.85	1.83	1.85	154800
1987-06-01	1.84	1.85	1.84	1.85	189000
1987-06-02	1.86	1.86	1.83	1.83	310500
1987-06-03	1.88	1.88	1.86	1.87	1418400
1987-06-04	1.87	1.89	1.87	1.89	588600
1987-06-05	1.87	1.88	1.86	1.88	286200
1987-06-08	1.88	1.89	1.86	1.86	598500
1987-06-09	1.91	1.92	1.89	1.89	554400
1987-06-10	1.92	1.92	1.91	1.92	1238400
1987-06-11	1.93	1.93	1.92	1.92	913500
1987-06-12	1.95	1.96	1.93	1.93	349200
1987-06-15	1.95	1.96	1.94	1.95	68400
1987-06-16	1.90	1.94	1.90	1.94	162000
1987-06-17	1.92	1.92	1.90	1.90	135900
1987-06-18	1.94	1.94	1.91	1.91	86400
1987-06-19	2.00	2.00	1.94	1.94	798300
1987-06-22	1.97	2.00	1.96	2.00	232200
1987-06-23	1.94	1.96	1.94	1.96	229500
1987-06-24	1.93	1.94	1.92	1.93	397800
1987-06-25	1.93	1.94	1.92	1.92	164700
1987-06-26	1.94	1.95	1.93	1.93	100800
1987-06-29	2.02	2.02	1.95	1.95	895500
1987-06-30	2.01	2.02	2.01	2.02	511200
1987-07-01	2.03	2.03	2.01	2.01	234900
1987-07-02	2.03	2.05	2.03	2.04	513000
1987-07-06	2.09	2.09	2.03	2.03	838800
1987-07-07	2.11	2.13	2.09	2.10	521100
1987-07-08	2.14	2.15	2.12	2.12	746100
1987-07-09	2.09	2.14	2.09	2.14	628200
1987-07-10	2.08	2.10	2.08	2.09	464400
1987-07-13	2.10	2.10	2.09	2.09	629100
1987-07-14	2.10	2.11	2.09	2.10	470700
1987-07-15	2.11	2.11	2.10	2.10	643500
1987-07-16	2.12	2.14	2.11	2.11	1018800
1987-07-17	2.10	2.13	2.10	2.13	422100
1987-07-20	2.09	2.11	2.09	2.11	309600
1987-07-21	2.07	2.08	2.06	2.08	383400
1987-07-22	2.03	2.07	2.02	2.06	297900
1987-07-23	2.02	2.03	1.99	2.03	882900
1987-07-24	2.05	2.05	2.02	2.03	1126800
1987-07-27	2.06	2.06	2.03	2.04	892800
1987-07-28	2.14	2.14	2.07	2.07	1071000
1987-07-29	2.17	2.17	2.15	2.16	1031400
1987-07-30	2.15	2.18	2.15	2.17	240300
1987-07-31	2.16	2.18	2.15	2.15	250200
1987-08-03	2.24	2.25	2.19	2.20	1003500
1987-08-04	2.20	2.25	2.20	2.25	422100
1987-08-05	2.23	2.23	2.18	2.18	1096200
1987-08-06	2.21	2.22	2.19	2.22	231300
1987-08-07	2.13	2.19	2.11	2.19	660600
1987-08-10	2.12	2.14	2.11	2.13	1044000
1987-08-11	2.12	2.13	2.12	2.12	867600
1987-08-12	2.16	2.16	2.13	2.13	745200
1987-08-13	2.20	2.20	2.16	2.16	345600
1987-08-14	2.18	2.22	2.18	2.22	1270800
1987-08-17	2.15	2.18	2.14	2.18	312300
1987-08-18	2.08	2.14	2.07	2.14	292500
1987-08-19	2.10	2.10	2.07	2.09	1059300
1987-08-20	2.12	2.12	2.11	2.11	291600
1987-08-21	2.14	2.15	2.13	2.13	307800
1987-08-24	2.11	2.13	2.10	2.13	270000
1987-08-25	2.13	2.13	2.11	2.11	565200
1987-08-26	2.13	2.14	2.12	2.13	164700
1987-08-27	2.11	2.13	2.11	2.13	584100
1987-08-28	2.09	2.11	2.09	2.11	473400
1987-08-31	2.11	2.11	2.09	2.10	167400
1987-09-01	2.13	2.15	2.11	2.11	470700
1987-09-02	2.11	2.13	2.11	2.13	179100
1987-09-03	2.09	2.12	2.09	2.12	91800
1987-09-04	2.10	2.11	2.08	2.08	72900
1987-09-08	2.05	2.10	2.03	2.10	638100
1987-09-09	2.01	2.05	2.01	2.05	1030500
1987-09-10	1.99	2.02	1.99	2.01	954900
1987-09-11	2.03	2.03	2.01	2.01	819000
1987-09-14	2.04	2.04	2.03	2.03	300600
1987-09-15	2.03	2.04	2.03	2.03	168300
1987-09-16	2.08	2.08	2.02	2.03	224100
1987-09-17	2.06	2.07	2.05	2.07	285300
1987-09-18	2.06	2.06	2.05	2.06	943200
1987-09-21	2.04	2.06	2.04	2.06	829800
1987-09-22	2.03	2.04	2.01	2.04	326700
1987-09-23	2.06	2.06	2.03	2.03	511200
1987-09-24	2.07	2.07	2.06	2.06	498600
1987-09-25	2.08	2.09	2.07	2.07	432000
1987-09-28	2.14	2.15	2.09	2.10	191700
1987-09-29	2.13	2.17	2.13	2.15	135000
1987-09-30	2.10	2.13	2.10	2.13	457200
1987-10-01	2.11	2.11	2.10	2.10	123300
1987-10-02	2.11	2.12	2.10	2.12	1559700
1987-10-05	2.12	2.12	2.09	2.11	643500
1987-10-06	2.16	2.16	2.12	2.12	1728000
1987-10-07	2.14	2.16	2.13	2.16	1814400
1987-10-08	2.13	2.15	2.13	2.14	107100
1987-10-09	2.11	2.13	2.11	2.13	216900
1987-10-12	2.10	2.12	2.10	2.12	47700
1987-10-13	2.08	2.10	2.08	2.10	124200
1987-10-14	2.08	2.08	2.07	2.08	52200
1987-10-15	2.03	2.07	2.03	2.07	225900
1987-10-16	2.00	2.03	1.99	2.03	253800
1987-10-19	1.86	1.94	1.86	1.94	583200
1987-10-20	1.63	1.80	1.52	1.80	651600
1987-10-21	1.83	1.88	1.82	1.83	1586700
1987-10-22	1.72	1.72	1.65	1.70	576000
1987-10-23	1.76	1.77	1.67	1.67	668700
1987-10-26	1.62	1.72	1.62	1.69	589500
1987-10-27	1.67	1.67	1.62	1.62	888300
1987-10-28	1.63	1.68	1.61	1.62	1058400
1987-10-29	1.65	1.65	1.63	1.63	621000
1987-10-30	1.80	1.80	1.69	1.69	720900
1987-11-02	1.76	1.78	1.76	1.78	179100
1987-11-03	1.69	1.72	1.69	1.71	321300
1987-11-04	1.67	1.70	1.67	1.67	312300
1987-11-05	1.66	1.67	1.65	1.67	1360800
1987-11-06	1.66	1.67	1.66	1.67	495900
1987-11-09	1.60	1.65	1.59	1.65	1108800
1987-11-10	1.55	1.58	1.55	1.58	1553400
1987-11-11	1.56	1.57	1.55	1.56	392400
1987-11-12	1.58	1.59	1.58	1.58	233100
1987-11-13	1.55	1.58	1.55	1.58	418500
1987-11-16	1.54	1.57	1.54	1.57	327600
1987-11-17	1.50	1.54	1.48	1.54	261900
1987-11-18	1.48	1.50	1.46	1.50	971100
1987-11-19	1.39	1.47	1.39	1.47	460800
1987-11-20	1.40	1.41	1.36	1.36	1932300
1987-11-23	1.44	1.44	1.39	1.39	559800
1987-11-24	1.51	1.51	1.47	1.47	792000
1987-11-25	1.50	1.51	1.49	1.50	417600
1987-11-27	1.51	1.52	1.49	1.49	197100
1987-11-30	1.47	1.49	1.45	1.49	502200
1987-12-01	1.46	1.47	1.43	1.46	355500
1987-12-02	1.48	1.48	1.45	1.45	493200
1987-12-03	1.47	1.50	1.46	1.48	565200
1987-12-04	1.45	1.48	1.45	1.47	1105200
1987-12-07	1.48	1.50	1.47	1.47	722700
1987-12-08	1.52	1.53	1.50	1.51	359100
1987-12-09	1.56	1.57	1.52	1.52	641700
1987-12-10	1.54	1.58	1.51	1.51	504000
1987-12-11	1.57	1.57	1.54	1.54	207000
1987-12-14	1.53	1.56	1.52	1.56	1413900
1987-12-15	1.52	1.55	1.51	1.54	1024200
1987-12-16	1.46	1.53	1.45	1.52	626400
1987-12-17	1.45	1.48	1.45	1.45	414900
1987-12-18	1.51	1.52	1.47	1.47	396900
1987-12-21	1.52	1.52	1.48	1.50	986400
1987-12-22	1.51	1.53	1.50	1.53	431100
1987-12-23	1.55	1.56	1.52	1.52	1213200
1987-12-24	1.57	1.57	1.56	1.56	1049400
1987-12-28	1.56	1.57	1.55	1.56	148500
1987-12-29	1.57	1.58	1.56	1.56	305100
1987-12-30	1.59	1.60	1.57	1.57	764100
1987-12-31	1.61	1.61	1.58	1.58	295200
1988-01-04	1.63	1.63	1.59	1.60	540900
1988-01-05	1.65	1.68	1.64	1.66	418500
1988-01-06	1.69	1.69	1.65	1.66	898200
1988-01-07	1.70	1.70	1.67	1.67	179100
1988-01-08	1.69	1.71	1.69	1.70	1368000
1988-01-11	1.67	1.70	1.67	1.69	612000
1988-01-12	1.62	1.66	1.59	1.66	743400
1988-01-13	1.62	1.63	1.61	1.61	577800
1988-01-14	1.61	1.62	1.60	1.61	432900
1988-01-15	1.65	1.66	1.64	1.65	346500
1988-01-18	1.66	1.67	1.65	1.65	254700
1988-01-19	1.66	1.67	1.66	1.67	395100
1988-01-20	1.64	1.65	1.63	1.65	448200
1988-01-21	1.63	1.63	1.61	1.63	103500
1988-01-22	1.62	1.64	1.61	1.64	303300
1988-01-25	1.62	1.62	1.59	1.61	435600
1988-01-26	1.55	1.60	1.55	1.60	999900
1988-01-27	1.56	1.57	1.54	1.56	1428300
1988-01-28	1.56	1.57	1.55	1.57	388800
1988-01-29	1.58	1.58	1.56	1.56	351000
1988-02-01	1.59	1.60	1.58	1.58	675900
1988-02-02	1.59	1.59	1.58	1.58	898200
1988-02-03	1.59	1.60	1.59	1.59	610200
1988-02-04	1.63	1.63	1.59	1.59	1217700
1988-02-05	1.65	1.66	1.63	1.63	141300
1988-02-08	1.62	1.65	1.62	1.65	704700
1988-02-09	1.64	1.64	1.62	1.62	576000
1988-02-10	1.63	1.64	1.63	1.64	231300
1988-02-11	1.64	1.65	1.63	1.64	647100
1988-02-12	1.69	1.69	1.65	1.65	1188900
1988-02-16	1.72	1.72	1.69	1.69	448200
1988-02-17	1.74	1.76	1.72	1.72	505800
1988-02-18	1.71	1.74	1.71	1.74	122400
1988-02-19	1.74	1.74	1.71	1.71	445500
1988-02-22	1.75	1.76	1.74	1.75	505800
1988-02-23	1.75	1.75	1.74	1.75	159300
1988-02-24	1.74	1.76	1.73	1.75	466200
1988-02-25	1.71	1.74	1.70	1.74	810000
1988-02-26	1.70	1.71	1.69	1.70	437400
1988-02-29	1.71	1.71	1.69	1.70	259200
1988-03-01	1.71	1.72	1.70	1.72	855000
1988-03-02	1.73	1.74	1.71	1.72	597600
1988-03-03	1.72	1.74	1.72	1.73	410400
1988-03-04	1.72	1.73	1.71	1.72	384300
1988-03-07	1.69	1.72	1.69	1.71	306000
1988-03-08	1.70	1.71	1.69	1.70	387000
1988-03-09	1.72	1.73	1.70	1.70	1024200
1988-03-10	1.71	1.74	1.71	1.72	1046700
1988-03-11	1.71	1.72	1.70	1.72	696600
1988-03-14	1.71	1.71	1.70	1.71	240300
1988-03-15	1.70	1.71	1.69	1.71	298800
1988-03-16	1.69	1.71	1.68	1.70	408600
1988-03-17	1.70	1.70	1.69	1.70	813600
1988-03-18	1.70	1.71	1.70	1.70	1004400
1988-03-21	1.72	1.73	1.71	1.71	924300
1988-03-22	1.73	1.73	1.72	1.72	1029600
1988-03-23	1.74	1.75	1.73	1.73	2576700
1988-03-24	1.75	1.75	1.74	1.75	715500
1988-03-25	1.74	1.75	1.74	1.74	488700
1988-03-28	1.74	1.75	1.74	1.74	612900
1988-03-29	1.78	1.78	1.74	1.74	1085400
1988-03-30	1.80	1.82	1.78	1.78	1212300
1988-03-31	1.80	1.80	1.79	1.79	493200
1988-04-04	1.80	1.81	1.79	1.79	469800
1988-04-05	1.81	1.82	1.80	1.80	1955700
1988-04-06	1.81	1.82	1.81	1.81	1721700
1988-04-07	1.80	1.81	1.78	1.81	679500
1988-04-08	1.79	1.80	1.78	1.80	595800
1988-04-11	1.86	1.88	1.81	1.81	1193400
1988-04-12	1.92	1.92	1.87	1.87	889200
1988-04-13	1.89	1.92	1.89	1.91	646200
1988-04-14	1.87	1.89	1.85	1.87	692100
1988-04-15	1.87	1.87	1.85	1.87	824400
1988-04-18	1.91	1.91	1.88	1.88	485100
1988-04-19	1.87	1.92	1.87	1.91	674100
1988-04-20	1.82	1.86	1.81	1.86	386100
1988-04-21	1.79	1.81	1.78	1.81	979200
1988-04-22	1.80	1.80	1.79	1.79	465300
1988-04-25	1.81	1.81	1.80	1.80	385200
1988-04-26	1.81	1.82	1.81	1.81	798300
1988-04-27	1.81	1.84	1.81	1.82	1753200
1988-04-28	1.81	1.82	1.80	1.80	159300
1988-04-29	1.82	1.82	1.81	1.81	133200
1988-05-02	1.79	1.80	1.78	1.80	231300
1988-05-03	1.80	1.80	1.79	1.79	219600
1988-05-04	1.78	1.81	1.78	1.81	649800
1988-05-05	1.80	1.80	1.78	1.78	388800
1988-05-06	1.82	1.82	1.79	1.79	780300
1988-05-09	1.79	1.82	1.78	1.81	898200
1988-05-10	1.79	1.80	1.79	1.80	200700
1988-05-11	1.77	1.79	1.76	1.79	302400
1988-05-12	1.77	1.79	1.77	1.78	83700
1988-05-13	1.77	1.78	1.77	1.77	155700
1988-05-16	1.77	1.78	1.77	1.77	639000
1988-05-17	1.76	1.77	1.76	1.77	337500
1988-05-18	1.74	1.76	1.74	1.76	638100
1988-05-19	1.74	1.74	1.72	1.73	657900
1988-05-20	1.74	1.74	1.74	1.74	219600
1988-05-23	1.72	1.73	1.72	1.73	253800
1988-05-24	1.73	1.73	1.72	1.72	284400
1988-05-25	1.72	1.74	1.72	1.72	189900
1988-05-26	1.72	1.72	1.71	1.71	486900
1988-05-27	1.68	1.72	1.68	1.72	842400
1988-05-31	1.71	1.71	1.68	1.68	298800
1988-06-01	1.74	1.74	1.71	1.72	574200
1988-06-02	1.72	1.74	1.72	1.74	384300
1988-06-03	1.73	1.73	1.72	1.73	233100
1988-06-06	1.73	1.73	1.72	1.73	229500
1988-06-07	1.72	1.73	1.72	1.72	288900
1988-06-08	1.75	1.75	1.73	1.73	345600
1988-06-09	1.78	1.78	1.75	1.76	1525500
1988-06-10	1.79	1.80	1.78	1.78	212400
1988-06-13	1.77	1.78	1.76	1.78	224100
1988-06-14	1.77	1.79	1.77	1.78	202500
1988-06-15	1.78	1.78	1.77	1.77	230400
1988-06-16	1.76	1.79	1.76	1.78	384300
1988-06-17	1.76	1.77	1.75	1.75	450000
1988-06-20	1.76	1.78	1.76	1.76	153000
1988-06-21	1.77	1.77	1.76	1.76	178200
1988-06-22	1.77	1.79	1.76	1.76	380700
1988-06-23	1.78	1.78	1.76	1.78	558000
1988-06-24	1.76	1.77	1.76	1.77	736200
1988-06-27	1.74	1.75	1.74	1.75	127800
1988-06-28	1.77	1.78	1.75	1.75	297000
1988-06-29	1.76	1.79	1.76	1.77	482400
1988-06-30	1.73	1.76	1.72	1.76	921600
1988-07-01	1.73	1.73	1.72	1.73	237600
1988-07-05	1.73	1.73	1.71	1.72	534600
1988-07-06	1.74	1.75	1.74	1.74	129600
1988-07-07	1.76	1.78	1.76	1.76	953100
1988-07-08	1.76	1.77	1.76	1.77	246600
1988-07-11	1.75	1.76	1.75	1.76	268200
1988-07-12	1.74	1.75	1.73	1.75	145800
1988-07-13	1.74	1.74	1.73	1.74	152100
1988-07-14	1.74	1.74	1.73	1.74	47700
1988-07-15	1.75	1.75	1.74	1.74	70200
1988-07-18	1.76	1.76	1.74	1.75	215100
1988-07-19	1.76	1.77	1.76	1.77	255600
1988-07-20	1.77	1.78	1.77	1.77	78300
1988-07-21	1.78	1.78	1.78	1.78	81900
1988-07-22	1.77	1.78	1.77	1.78	64800
1988-07-25	1.77	1.78	1.76	1.78	96300
1988-07-26	1.76	1.77	1.76	1.76	85500
1988-07-27	1.75	1.77	1.75	1.76	181800
1988-07-28	1.75	1.75	1.74	1.75	37800
1988-07-29	1.79	1.79	1.75	1.75	193500
1988-08-01	1.79	1.80	1.79	1.79	150300
1988-08-02	1.80	1.80	1.79	1.79	253800
1988-08-03	1.80	1.81	1.79	1.79	557100
1988-08-04	1.78	1.80	1.78	1.80	315900
1988-08-05	1.79	1.79	1.78	1.79	227700
1988-08-08	1.79	1.80	1.79	1.80	82800
1988-08-09	1.76	1.78	1.76	1.78	348300
1988-08-10	1.71	1.74	1.71	1.74	133200
1988-08-11	1.71	1.72	1.70	1.72	686700
1988-08-12	1.70	1.70	1.70	1.70	216000
1988-08-15	1.69	1.71	1.69	1.71	235800
1988-08-16	1.69	1.69	1.68	1.68	131400
1988-08-17	1.67	1.68	1.65	1.68	290700
1988-08-18	1.67	1.68	1.66	1.66	126000
1988-08-19	1.67	1.68	1.67	1.68	76500
1988-08-22	1.66	1.67	1.65	1.67	109800
1988-08-23	1.64	1.67	1.64	1.66	465300
1988-08-24	1.64	1.64	1.64	1.64	304200
1988-08-25	1.64	1.65	1.64	1.65	423000
1988-08-26	1.65	1.66	1.65	1.65	18000
1988-08-29	1.67	1.67	1.66	1.66	206100
1988-08-30	1.65	1.67	1.65	1.67	151200
1988-08-31	1.66	1.66	1.65	1.65	236700
1988-09-01	1.65	1.66	1.64	1.65	558900
1988-09-02	1.65	1.67	1.64	1.66	588600
1988-09-06	1.65	1.65	1.64	1.65	164700
1988-09-07	1.64	1.64	1.63	1.64	621000
1988-09-08	1.62	1.64	1.61	1.64	1172700
1988-09-09	1.59	1.61	1.59	1.61	287100
1988-09-12	1.58	1.58	1.57	1.58	114300
1988-09-13	1.58	1.58	1.57	1.58	1291500
1988-09-14	1.59	1.59	1.58	1.58	1456200
1988-09-15	1.59	1.59	1.58	1.59	810000
1988-09-16	1.58	1.58	1.58	1.58	661500
1988-09-19	1.59	1.59	1.58	1.58	20700
1988-09-20	1.59	1.59	1.58	1.59	1145700
1988-09-21	1.59	1.59	1.58	1.59	719100
1988-09-22	1.59	1.59	1.59	1.59	91800
1988-09-23	1.59	1.60	1.59	1.59	234900
1988-09-26	1.60	1.60	1.59	1.59	251100
1988-09-27	1.60	1.61	1.60	1.60	200700
1988-09-28	1.59	1.60	1.59	1.60	111600
1988-09-29	1.60	1.60	1.59	1.60	153900
1988-09-30	1.58	1.60	1.58	1.60	324900
1988-10-03	1.57	1.58	1.56	1.57	844200
1988-10-04	1.57	1.58	1.57	1.57	675900
1988-10-05	1.57	1.57	1.56	1.57	765900
1988-10-06	1.57	1.58	1.56	1.56	1161900
1988-10-07	1.58	1.59	1.58	1.58	783900
1988-10-10	1.59	1.59	1.58	1.58	1464300
1988-10-11	1.60	1.60	1.58	1.58	362700
1988-10-12	1.60	1.61	1.60	1.60	1039500
1988-10-13	1.61	1.62	1.60	1.60	864900
1988-10-14	1.61	1.63	1.61	1.62	977400
1988-10-17	1.61	1.62	1.61	1.62	100800
1988-10-18	1.62	1.62	1.61	1.62	677700
1988-10-19	1.63	1.64	1.62	1.62	465300
1988-10-20	1.63	1.64	1.63	1.63	434700
1988-10-21	1.63	1.64	1.63	1.64	442800
1988-10-24	1.62	1.64	1.62	1.64	415800
1988-10-25	1.60	1.62	1.60	1.62	843300
1988-10-26	1.60	1.61	1.60	1.60	1305900
1988-10-27	1.58	1.59	1.58	1.59	315000
1988-10-28	1.59	1.60	1.58	1.58	45900
1988-10-31	1.58	1.58	1.57	1.58	3182400
1988-11-01	1.55	1.57	1.55	1.57	1280700
1988-11-02	1.54	1.57	1.53	1.55	922500
1988-11-03	1.52	1.54	1.52	1.54	701100
1988-11-04	1.48	1.52	1.48	1.52	871200
1988-11-07	1.45	1.47	1.45	1.47	686700
1988-11-08	1.47	1.47	1.46	1.46	408600
1988-11-09	1.48	1.48	1.46	1.47	277200
1988-11-10	1.48	1.48	1.47	1.48	405900
1988-11-11	1.47	1.48	1.47	1.48	485100
1988-11-14	1.45	1.46	1.45	1.46	493200
1988-11-15	1.46	1.46	1.46	1.46	139500
1988-11-16	1.44	1.46	1.44	1.46	282600
1988-11-17	1.40	1.44	1.40	1.44	719100
1988-11-18	1.42	1.42	1.40	1.40	128700
1988-11-21	1.46	1.46	1.44	1.44	698400
1988-11-22	1.50	1.50	1.49	1.49	1359900
1988-11-23	1.51	1.52	1.50	1.50	364500
1988-11-25	1.56	1.56	1.54	1.54	671400
1988-11-28	1.56	1.57	1.56	1.56	299700
1988-11-29	1.55	1.57	1.55	1.56	944100
1988-11-30	1.55	1.56	1.55	1.56	923400
1988-12-01	1.55	1.56	1.55	1.55	519300
1988-12-02	1.55	1.55	1.55	1.55	352800
1988-12-05	1.55	1.55	1.55	1.55	333900
1988-12-06	1.55	1.56	1.55	1.55	452700
1988-12-07	1.55	1.55	1.55	1.55	226800
1988-12-08	1.55	1.56	1.55	1.55	279900
1988-12-09	1.55	1.55	1.55	1.55	612900
1988-12-12	1.54	1.55	1.54	1.54	170100
1988-12-13	1.52	1.53	1.52	1.53	315000
1988-12-14	1.52	1.53	1.52	1.52	46800
1988-12-15	1.51	1.52	1.51	1.52	208800
1988-12-16	1.53	1.53	1.51	1.51	118800
1988-12-19	1.55	1.56	1.53	1.53	139500
1988-12-20	1.57	1.58	1.56	1.56	244800
1988-12-21	1.58	1.60	1.58	1.59	492300
1988-12-22	1.58	1.58	1.57	1.58	252900
1988-12-23	1.59	1.60	1.58	1.58	97200
1988-12-27	1.60	1.60	1.59	1.59	110700
1988-12-28	1.61	1.61	1.59	1.59	70200
1988-12-29	1.62	1.62	1.60	1.61	236700
1988-12-30	1.62	1.62	1.62	1.62	72900
1989-01-03	1.62	1.62	1.62	1.62	293400
1989-01-04	1.64	1.64	1.62	1.62	166500
1989-01-05	1.69	1.69	1.65	1.65	299700
1989-01-06	1.72	1.73	1.69	1.69	676800
1989-01-09	1.77	1.80	1.74	1.74	2350800
1989-01-10	1.75	1.77	1.75	1.77	717300
1989-01-11	1.74	1.75	1.74	1.74	591300
1989-01-12	1.76	1.78	1.74	1.74	1154700
1989-01-13	1.76	1.76	1.75	1.76	272700
1989-01-16	1.76	1.76	1.76	1.76	297900
1989-01-17	1.75	1.76	1.75	1.76	123300
1989-01-18	1.75	1.76	1.75	1.75	126900
1989-01-19	1.75	1.76	1.74	1.75	69300
1989-01-20	1.71	1.73	1.69	1.73	496800
1989-01-23	1.66	1.70	1.66	1.70	1284300
1989-01-24	1.63	1.66	1.63	1.66	950400
1989-01-25	1.63	1.63	1.62	1.63	1648800
1989-01-26	1.64	1.65	1.63	1.63	1359900
1989-01-27	1.64	1.65	1.63	1.65	366300
1989-01-30	1.64	1.65	1.64	1.64	843300
1989-01-31	1.63	1.64	1.63	1.64	876600
1989-02-01	1.64	1.64	1.63	1.63	951300
1989-02-02	1.64	1.65	1.64	1.64	219600
1989-02-03	1.64	1.66	1.64	1.65	198000
1989-02-06	1.64	1.65	1.64	1.64	475200
1989-02-07	1.64	1.65	1.63	1.64	314100
1989-02-08	1.64	1.65	1.63	1.64	329400
1989-02-09	1.62	1.63	1.62	1.63	92700
1989-02-10	1.62	1.63	1.62	1.63	608400
1989-02-13	1.62	1.62	1.62	1.62	131400
1989-02-14	1.63	1.63	1.62	1.62	251100
1989-02-15	1.65	1.65	1.63	1.63	956700
1989-02-16	1.64	1.65	1.63	1.65	332100
1989-02-17	1.63	1.64	1.63	1.63	467100
1989-02-21	1.61	1.62	1.61	1.62	402300
1989-02-22	1.59	1.61	1.59	1.61	302400
1989-02-23	1.59	1.59	1.58	1.59	583200
1989-02-24	1.59	1.60	1.58	1.60	201600
1989-02-27	1.61	1.61	1.59	1.59	222300
1989-02-28	1.60	1.61	1.59	1.61	441900
1989-03-01	1.59	1.60	1.59	1.60	18270900
1989-03-02	1.63	1.63	1.59	1.60	835200
1989-03-03	1.65	1.65	1.63	1.63	1323000
1989-03-06	1.65	1.66	1.63	1.65	773100
1989-03-07	1.66	1.66	1.65	1.66	973800
1989-03-08	1.68	1.68	1.65	1.65	873900
1989-03-09	1.70	1.72	1.68	1.68	809100
1989-03-10	1.70	1.71	1.70	1.70	777600
1989-03-13	1.74	1.74	1.70	1.70	931500
1989-03-14	1.76	1.78	1.75	1.76	971100
1989-03-15	1.79	1.79	1.76	1.76	1081800
1989-03-16	1.80	1.82	1.80	1.80	2402100
1989-03-17	1.79	1.80	1.78	1.80	917100
1989-03-20	1.79	1.79	1.78	1.79	493200
1989-03-21	1.79	1.80	1.78	1.79	1399500
1989-03-22	1.77	1.80	1.77	1.79	2052000
1989-03-23	1.72	1.77	1.72	1.77	1226700
1989-03-27	1.73	1.73	1.70	1.71	1341900
1989-03-28	1.71	1.74	1.71	1.74	1066500
1989-03-29	1.72	1.72	1.71	1.71	298800
1989-03-30	1.74	1.74	1.72	1.72	398700
1989-03-31	1.75	1.76	1.74	1.74	1109700
1989-04-03	1.76	1.77	1.76	1.76	713700
1989-04-04	1.75	1.76	1.75	1.76	661500
1989-04-05	1.75	1.76	1.75	1.75	680400
1989-04-06	1.74	1.75	1.74	1.75	564300
1989-04-07	1.75	1.75	1.74	1.75	449100
1989-04-10	1.75	1.76	1.74	1.76	1532700
1989-04-11	1.75	1.75	1.74	1.75	208800
1989-04-12	1.74	1.75	1.74	1.75	228600
1989-04-13	1.71	1.73	1.71	1.73	357300
1989-04-14	1.73	1.73	1.70	1.71	921600
1989-04-17	1.74	1.74	1.72	1.72	1875600
1989-04-18	1.76	1.76	1.75	1.75	1645200
1989-04-19	1.78	1.79	1.76	1.76	1767600
1989-04-20	1.78	1.79	1.77	1.78	990900
1989-04-21	1.82	1.83	1.79	1.79	1202400
1989-04-24	1.79	1.82	1.79	1.82	969300
1989-04-25	1.78	1.80	1.77	1.80	1062900
1989-04-26	1.78	1.79	1.78	1.78	242100
1989-04-27	1.78	1.78	1.76	1.77	522000
1989-04-28	1.80	1.81	1.78	1.78	529200
1989-05-01	1.80	1.80	1.80	1.80	158400
1989-05-02	1.80	1.82	1.80	1.80	418500
1989-05-03	1.79	1.80	1.79	1.79	476100
1989-05-04	1.79	1.79	1.79	1.79	416700
1989-05-05	1.78	1.79	1.78	1.79	187200
1989-05-08	1.77	1.78	1.77	1.78	317700
1989-05-09	1.77	1.77	1.77	1.77	474300
1989-05-10	1.76	1.77	1.75	1.77	179100
1989-05-11	1.77	1.77	1.75	1.76	237600
1989-05-12	1.76	1.78	1.76	1.77	177300
1989-05-15	1.78	1.78	1.76	1.76	110700
1989-05-16	1.80	1.81	1.78	1.78	240300
1989-05-17	1.81	1.81	1.80	1.80	424800
1989-05-18	1.82	1.82	1.81	1.81	461700
1989-05-19	1.82	1.84	1.82	1.82	918900
1989-05-22	1.82	1.83	1.82	1.82	138600
1989-05-23	1.80	1.82	1.80	1.82	558900
1989-05-24	1.75	1.76	1.71	1.72	891900
1989-05-25	1.77	1.78	1.76	1.76	650700
1989-05-26	1.79	1.79	1.77	1.78	720900
1989-05-30	1.78	1.79	1.78	1.79	463500
1989-05-31	1.79	1.80	1.79	1.79	315900
1989-06-01	1.79	1.80	1.79	1.79	321300
1989-06-02	1.79	1.80	1.78	1.80	187200
1989-06-05	1.79	1.80	1.79	1.79	568800
1989-06-06	1.78	1.80	1.78	1.79	846900
1989-06-07	1.78	1.78	1.77	1.78	344700
1989-06-08	1.78	1.78	1.77	1.78	267300
1989-06-09	1.78	1.78	1.78	1.78	757800
1989-06-12	1.77	1.78	1.77	1.78	183600
1989-06-13	1.76	1.77	1.75	1.77	95400
1989-06-14	1.76	1.77	1.76	1.77	288900
1989-06-15	1.75	1.76	1.75	1.76	228600
1989-06-16	1.76	1.76	1.75	1.76	205200
1989-06-19	1.76	1.77	1.76	1.76	194400
1989-06-20	1.75	1.76	1.75	1.76	144000
1989-06-21	1.77	1.77	1.75	1.75	183600
1989-06-22	1.78	1.78	1.76	1.77	135900
1989-06-23	1.79	1.80	1.78	1.78	216000
1989-06-26	1.78	1.79	1.78	1.79	57600
1989-06-27	1.81	1.82	1.78	1.78	436500
1989-06-28	1.88	1.90	1.81	1.81	532800
1989-06-29	1.90	1.91	1.89	1.89	1134900
1989-06-30	1.86	1.89	1.86	1.89	243000
1989-07-03	1.86	1.86	1.86	1.86	198000
1989-07-05	1.88	1.88	1.86	1.87	128700
1989-07-06	1.88	1.88	1.88	1.88	114300
1989-07-07	1.89	1.89	1.88	1.88	468000
1989-07-10	1.91	1.92	1.89	1.89	199800
1989-07-11	1.94	1.94	1.92	1.92	185400
1989-07-12	1.93	1.93	1.92	1.93	181800
1989-07-13	1.93	1.93	1.92	1.92	90900
1989-07-14	1.92	1.93	1.92	1.93	88200
1989-07-17	1.92	1.93	1.91	1.92	119700
1989-07-18	1.92	1.93	1.91	1.91	263700
1989-07-19	1.93	1.94	1.92	1.92	891900
1989-07-20	1.94	1.94	1.93	1.93	612900
1989-07-21	1.95	1.96	1.93	1.93	1071000
1989-07-24	1.94	1.95	1.94	1.95	962100
1989-07-25	1.93	1.94	1.93	1.93	1554300
1989-07-26	1.93	1.93	1.92	1.92	271800
1989-07-27	1.93	1.93	1.93	1.93	257400
1989-07-28	1.92	1.93	1.91	1.93	340200
1989-07-31	1.91	1.91	1.91	1.91	157500
1989-08-01	1.91	1.92	1.91	1.92	455400
1989-08-02	1.89	1.91	1.88	1.91	182700
1989-08-03	1.89	1.89	1.88	1.89	117000
1989-08-04	1.88	1.88	1.87	1.88	91800
1989-08-07	1.90	1.90	1.87	1.87	221400
1989-08-08	1.89	1.89	1.87	1.89	139500
1989-08-09	1.90	1.91	1.90	1.90	1309500
1989-08-10	1.94	1.94	1.89	1.90	1169100
1989-08-11	1.92	1.93	1.92	1.93	1058400
1989-08-14	1.91	1.92	1.91	1.92	126900
1989-08-15	1.91	1.91	1.90	1.90	69300
1989-08-16	1.90	1.92	1.90	1.91	801000
1989-08-17	1.88	1.90	1.87	1.90	504000
1989-08-18	1.88	1.88	1.88	1.88	237600
1989-08-21	1.88	1.89	1.88	1.89	208800
1989-08-22	1.86	1.86	1.85	1.86	481500
1989-08-23	1.86	1.86	1.85	1.85	316800
1989-08-24	1.87	1.87	1.86	1.87	319500
1989-08-25	1.86	1.87	1.86	1.87	290700
1989-08-28	1.88	1.88	1.85	1.86	535500
1989-08-29	1.87	1.88	1.87	1.87	680400
1989-08-30	1.88	1.88	1.87	1.87	325800
1989-08-31	1.88	1.89	1.88	1.89	507600
1989-09-01	1.89	1.90	1.88	1.88	1372500
1989-09-05	1.91	1.91	1.90	1.90	489600
1989-09-06	1.92	1.93	1.91	1.91	576900
1989-09-07	1.93	1.93	1.93	1.93	508500
1989-09-08	1.93	1.93	1.91	1.93	1154700
1989-09-11	1.93	1.93	1.92	1.93	581400
1989-09-12	1.98	1.99	1.94	1.94	531000
1989-09-13	2.01	2.03	1.99	1.99	1278900
1989-09-14	1.99	2.01	1.99	2.01	1173600
1989-09-15	1.99	2.00	1.99	1.99	525600
1989-09-18	1.98	1.99	1.98	1.98	431100
1989-09-19	1.98	1.99	1.98	1.98	85500
1989-09-20	1.99	1.99	1.98	1.98	346500
1989-09-21	1.99	1.99	1.98	1.99	416700
1989-09-22	1.99	1.99	1.99	1.99	45000
1989-09-25	1.99	1.99	1.99	1.99	72000
1989-09-26	1.99	1.99	1.99	1.99	180000
1989-09-27	2.00	2.00	1.99	1.99	272700
1989-09-28	2.01	2.02	1.99	1.99	486900
1989-09-29	2.04	2.04	2.02	2.02	496800
1989-10-02	2.06	2.07	2.04	2.04	225000
1989-10-03	2.10	2.11	2.07	2.07	408600
1989-10-04	2.16	2.16	2.11	2.11	495900
1989-10-05	2.15	2.16	2.15	2.15	288000
1989-10-06	2.15	2.17	2.15	2.15	876600
1989-10-09	2.15	2.15	2.15	2.15	9000
1989-10-10	2.15	2.16	2.14	2.14	303300
1989-10-11	2.15	2.15	2.14	2.14	614700
1989-10-12	2.15	2.15	2.14	2.15	39600
1989-10-13	2.12	2.15	2.12	2.15	434700
1989-10-16	2.08	2.08	2.05	2.05	246600
1989-10-17	2.07	2.08	2.06	2.08	675000
1989-10-18	2.13	2.13	2.08	2.08	542700
1989-10-19	2.14	2.14	2.13	2.14	435600
1989-10-20	2.14	2.16	2.14	2.15	389700
1989-10-23	2.07	2.15	2.07	2.15	496800
1989-10-24	2.06	2.08	2.04	2.08	313200
1989-10-25	2.07	2.07	2.04	2.04	899100
1989-10-26	2.05	2.07	2.05	2.06	320400
1989-10-27	2.05	2.06	2.04	2.06	188100
1989-10-30	2.05	2.05	2.05	2.05	45000
1989-10-31	2.06	2.06	2.05	2.05	378000
1989-11-01	2.07	2.07	2.06	2.06	423900
1989-11-02	2.05	2.07	2.05	2.06	176400
1989-11-03	2.04	2.05	2.04	2.05	171900
1989-11-06	2.04	2.05	2.04	2.04	388800
1989-11-07	2.04	2.04	2.03	2.03	292500
1989-11-08	2.05	2.06	2.04	2.04	351900
1989-11-09	2.08	2.08	2.05	2.05	99900
1989-11-10	2.07	2.08	2.07	2.07	34200
1989-11-13	2.05	2.06	2.05	2.06	354600
1989-11-14	2.04	2.05	2.04	2.05	435600
1989-11-15	2.05	2.06	2.05	2.05	134100
1989-11-16	2.06	2.07	2.05	2.05	135000
1989-11-17	2.07	2.07	2.07	2.07	309600
1989-11-20	2.06	2.07	2.06	2.07	779400
1989-11-21	2.06	2.07	2.06	2.06	231300
1989-11-22	2.07	2.08	2.06	2.07	1145700
1989-11-24	2.09	2.09	2.08	2.08	109800
1989-11-27	2.09	2.10	2.08	2.08	46800
1989-11-28	2.07	2.09	2.06	2.09	568800
1989-11-29	2.04	2.06	2.04	2.06	117000
1989-11-30	2.04	2.04	2.01	2.04	266400
1989-12-01	2.04	2.05	2.04	2.04	707400
1989-12-04	2.04	2.04	2.03	2.04	430200
1989-12-05	2.04	2.04	2.03	2.04	794700
1989-12-06	2.05	2.05	2.04	2.04	1204200
1989-12-07	2.07	2.08	2.05	2.05	542700
1989-12-08	2.06	2.07	2.06	2.07	108000
1989-12-11	2.07	2.07	2.06	2.06	251100
1989-12-12	2.15	2.16	2.08	2.08	504000
1989-12-13	2.19	2.20	2.17	2.17	278100
1989-12-14	2.17	2.19	2.17	2.19	133200
1989-12-15	2.18	2.18	2.18	2.18	215100
1989-12-18	2.17	2.18	2.17	2.17	876600
1989-12-19	2.15	2.17	2.15	2.16	243900
1989-12-20	2.16	2.16	2.14	2.16	268200
1989-12-21	2.17	2.17	2.16	2.16	647100
1989-12-22	2.18	2.20	2.17	2.17	77400
1989-12-26	2.19	2.20	2.18	2.18	23400
1989-12-27	2.21	2.22	2.19	2.20	191700
1989-12-28	2.21	2.22	2.21	2.21	23400
1989-12-29	2.21	2.22	2.21	2.22	63900
1990-01-02	2.23	2.24	2.21	2.21	94500
1990-01-03	2.21	2.25	2.21	2.25	382500
1990-01-04	2.18	2.21	2.18	2.21	576000
1990-01-05	2.19	2.20	2.18	2.18	160200
1990-01-08	2.16	2.19	2.16	2.18	337500
1990-01-09	2.16	2.18	2.15	2.17	1356300
1990-01-10	2.14	2.16	2.14	2.16	47700
1990-01-11	2.15	2.17	2.15	2.15	203400
1990-01-12	2.12	2.15	2.12	2.15	1317600
1990-01-15	2.13	2.14	2.11	2.11	242100
1990-01-16	2.13	2.13	2.11	2.11	195300
1990-01-17	2.13	2.15	2.12	2.12	871200
1990-01-18	2.12	2.14	2.11	2.11	523800
1990-01-19	2.11	2.13	2.10	2.13	504000
1990-01-22	2.07	2.11	2.07	2.11	182700
1990-01-23	2.05	2.08	2.03	2.08	210600
1990-01-24	2.01	2.01	1.97	1.99	212400
1990-01-25	2.01	2.01	2.00	2.01	443700
1990-01-26	2.01	2.02	2.00	2.00	680400
1990-01-29	2.02	2.03	2.02	2.02	446400
1990-01-30	2.01	2.03	2.01	2.02	60300
1990-01-31	2.06	2.06	2.01	2.01	348300
1990-02-01	2.08	2.09	2.07	2.07	210600
1990-02-02	2.08	2.09	2.08	2.08	335700
1990-02-05	2.07	2.08	2.07	2.08	117900
1990-02-06	2.08	2.09	2.07	2.07	146700
1990-02-07	2.08	2.09	2.08	2.09	108900
1990-02-08	2.11	2.11	2.07	2.07	946800
1990-02-09	2.15	2.16	2.12	2.12	639900
1990-02-12	2.14	2.16	2.13	2.16	154800
1990-02-13	2.15	2.15	2.13	2.14	412200
1990-02-14	2.15	2.15	2.15	2.15	339300
1990-02-15	2.16	2.17	2.15	2.15	105300
1990-02-16	2.17	2.18	2.16	2.17	250200
1990-02-20	2.15	2.16	2.15	2.16	86400
1990-02-21	2.11	2.12	2.11	2.11	462600
1990-02-22	2.11	2.12	2.11	2.12	1204200
1990-02-23	2.11	2.11	2.09	2.09	263700
1990-02-26	2.12	2.13	2.11	2.11	747900
1990-02-27	2.13	2.14	2.12	2.12	414900
1990-02-28	2.15	2.15	2.14	2.14	228600
1990-03-01	2.15	2.16	2.14	2.16	414000
1990-03-02	2.15	2.16	2.14	2.14	374400
1990-03-05	2.14	2.16	2.14	2.16	255600
1990-03-06	2.14	2.15	2.14	2.14	306000
1990-03-07	2.14	2.15	2.13	2.14	445500
1990-03-08	2.14	2.14	2.13	2.14	610200
1990-03-09	2.13	2.14	2.13	2.14	216900
1990-03-12	2.12	2.13	2.12	2.12	128700
1990-03-13	2.11	2.12	2.10	2.12	421200
1990-03-14	2.11	2.11	2.10	2.11	321300
1990-03-15	2.11	2.11	2.10	2.11	261000
1990-03-16	2.11	2.12	2.11	2.12	146700
1990-03-19	2.10	2.10	2.09	2.10	252000
1990-03-20	2.10	2.11	2.10	2.10	209700
1990-03-21	2.11	2.11	2.10	2.10	233100
1990-03-22	2.11	2.11	2.11	2.11	544500
1990-03-23	2.14	2.15	2.11	2.11	328500
1990-03-26	2.13	2.15	2.13	2.15	481500
1990-03-27	2.13	2.13	2.12	2.12	426600
1990-03-28	2.13	2.13	2.13	2.13	214200
1990-03-29	2.13	2.13	2.12	2.12	179100
1990-03-30	2.13	2.15	2.12	2.12	418500
1990-04-02	2.13	2.13	2.11	2.12	577800
1990-04-03	2.17	2.17	2.14	2.14	916200
1990-04-04	2.14	2.17	2.14	2.17	1399500
1990-04-05	2.15	2.15	2.14	2.14	318600
1990-04-06	2.15	2.15	2.14	2.14	423000
1990-04-09	2.14	2.15	2.14	2.15	71100
1990-04-10	2.11	2.14	2.11	2.13	429300
1990-04-11	2.05	2.10	2.05	2.10	362700
1990-04-12	2.07	2.07	2.05	2.05	740700
1990-04-16	2.05	2.06	2.05	2.06	199800
1990-04-17	2.02	2.04	2.02	2.04	78300
1990-04-18	2.03	2.03	2.02	2.03	805500
1990-04-19	1.97	2.02	1.97	2.02	217800
1990-04-20	1.99	2.03	1.97	1.97	312300
1990-04-23	1.99	2.00	1.99	1.99	195300
1990-04-24	2.00	2.01	2.00	2.00	138600
1990-04-25	2.01	2.01	1.99	1.99	21600
1990-04-26	2.00	2.01	2.00	2.01	302400
1990-04-27	1.98	2.00	1.98	2.00	129600
1990-04-30	1.99	1.99	1.98	1.98	53100
1990-05-01	2.00	2.00	1.98	1.98	300600
1990-05-02	2.00	2.00	2.00	2.00	37800
1990-05-03	2.03	2.03	2.01	2.01	503100
1990-05-04	2.03	2.04	2.03	2.03	9900
1990-05-07	2.06	2.07	2.03	2.03	206100
1990-05-08	2.05	2.06	2.05	2.06	27900
1990-05-09	2.05	2.05	2.04	2.04	374400
1990-05-10	2.06	2.07	2.05	2.05	41400
1990-05-11	2.06	2.07	2.05	2.07	396000
1990-05-14	2.07	2.08	2.06	2.06	608400
1990-05-15	2.05	2.06	2.04	2.06	234900
1990-05-16	2.04	2.05	2.04	2.05	192600
1990-05-17	2.06	2.06	2.05	2.05	378000
1990-05-18	2.07	2.08	2.05	2.05	286200
1990-05-21	2.07	2.08	2.07	2.08	392400
1990-05-22	2.05	2.08	2.05	2.07	1199700
1990-05-23	2.04	2.05	2.04	2.05	488700
1990-05-24	2.01	2.04	2.01	2.04	118800
1990-05-25	2.01	2.02	2.01	2.02	117900
1990-05-29	2.03	2.03	2.01	2.03	2411100
1990-05-30	2.03	2.05	2.03	2.03	885600
1990-05-31	1.99	2.04	1.99	2.04	25613100
1990-06-01	1.99	2.01	1.99	2.00	747900
1990-06-04	1.99	1.99	1.98	1.99	807300
1990-06-05	1.99	2.00	1.98	1.99	670500
1990-06-06	1.97	1.99	1.97	1.98	183600
1990-06-07	1.95	1.96	1.94	1.96	287100
1990-06-08	1.94	1.95	1.94	1.95	74700
1990-06-11	1.95	1.95	1.94	1.95	121500
1990-06-12	1.97	1.97	1.95	1.95	1197000
1990-06-13	1.99	1.99	1.98	1.98	922500
1990-06-14	2.00	2.00	1.99	1.99	721800
1990-06-15	1.99	2.00	1.98	1.99	529200
1990-06-18	1.98	1.98	1.98	1.98	435600
1990-06-19	1.97	1.98	1.97	1.98	771300
1990-06-20	1.96	1.97	1.96	1.97	240300
1990-06-21	1.95	1.96	1.94	1.96	755100
1990-06-22	1.95	1.96	1.94	1.94	239400
1990-06-25	1.93	1.95	1.93	1.95	99000
1990-06-26	1.93	1.94	1.92	1.93	270900
1990-06-27	1.90	1.92	1.88	1.92	265500
1990-06-28	1.91	1.91	1.90	1.90	1466100
1990-06-29	1.92	1.92	1.90	1.90	164700
1990-07-02	1.92	1.92	1.92	1.92	147600
1990-07-03	1.92	1.92	1.91	1.92	103500
1990-07-05	1.91	1.92	1.91	1.92	55800
1990-07-06	1.91	1.91	1.90	1.90	209700
1990-07-09	1.88	1.90	1.88	1.90	490500
1990-07-10	1.89	1.89	1.88	1.88	261900
1990-07-11	1.90	1.90	1.89	1.89	354600
1990-07-12	1.94	1.94	1.90	1.90	816300
1990-07-13	1.97	1.98	1.95	1.95	654300
1990-07-16	2.03	2.03	1.98	1.98	338400
1990-07-17	2.00	2.02	2.00	2.02	131400
1990-07-18	2.03	2.03	2.01	2.01	184500
1990-07-19	2.04	2.05	2.02	2.02	730800
1990-07-20	2.06	2.08	2.05	2.05	236700
1990-07-23	2.04	2.06	2.01	2.06	340200
1990-07-24	2.09	2.09	2.05	2.05	1025100
1990-07-25	2.10	2.10	2.08	2.09	525600
1990-07-26	2.09	2.09	2.08	2.09	266400
1990-07-27	2.11	2.12	2.09	2.09	251100
1990-07-30	2.14	2.15	2.11	2.11	378900
1990-07-31	2.18	2.18	2.15	2.15	685800
1990-08-01	2.18	2.19	2.18	2.18	479700
1990-08-02	2.25	2.28	2.25	2.25	4460400
1990-08-03	2.27	2.31	2.25	2.25	2307600
1990-08-06	2.36	2.36	2.31	2.31	1034100
1990-08-07	2.32	2.35	2.29	2.35	1390500
1990-08-08	2.27	2.30	2.27	2.29	1152900
1990-08-09	2.29	2.31	2.27	2.27	918900
1990-08-10	2.29	2.31	2.29	2.29	1638900
1990-08-13	2.26	2.32	2.26	2.30	259200
1990-08-14	2.28	2.29	2.27	2.27	2025000
1990-08-15	2.28	2.29	2.27	2.27	706500
1990-08-16	2.28	2.28	2.27	2.27	381600
1990-08-17	2.33	2.33	2.29	2.29	1122300
1990-08-20	2.33	2.34	2.32	2.33	303300
1990-08-21	2.38	2.41	2.34	2.34	459900
1990-08-22	2.40	2.41	2.38	2.38	1594800
1990-08-23	2.37	2.44	2.36	2.42	3575700
1990-08-24	2.33	2.37	2.33	2.37	2645100
1990-08-27	2.27	2.31	2.27	2.31	75600
1990-08-28	2.29	2.31	2.27	2.27	465300
1990-08-29	2.30	2.30	2.29	2.29	399600
1990-08-30	2.29	2.29	2.28	2.29	228600
1990-08-31	2.26	2.28	2.26	2.26	205200
1990-09-04	2.27	2.28	2.27	2.27	657900
1990-09-05	2.30	2.30	2.29	2.29	2183400
1990-09-06	2.30	2.33	2.30	2.31	2029500
1990-09-07	2.26	2.29	2.25	2.27	640800
1990-09-10	2.27	2.28	2.24	2.24	340200
1990-09-11	2.27	2.28	2.27	2.27	455400
1990-09-12	2.27	2.27	2.26	2.27	282600
1990-09-13	2.26	2.26	2.25	2.26	227700
1990-09-14	2.26	2.26	2.26	2.26	337500
1990-09-17	2.30	2.30	2.27	2.27	250200
1990-09-18	2.29	2.30	2.29	2.30	15300
1990-09-19	2.30	2.30	2.28	2.29	350100
1990-09-20	2.30	2.31	2.30	2.30	31500
1990-09-21	2.32	2.32	2.30	2.31	172800
1990-09-24	2.38	2.38	2.31	2.31	631800
1990-09-25	2.40	2.40	2.39	2.39	291600
1990-09-26	2.38	2.40	2.38	2.40	573300
1990-09-27	2.34	2.37	2.34	2.37	321300
1990-09-28	2.36	2.36	2.33	2.33	121500
1990-10-01	2.32	2.35	2.32	2.35	195300
1990-10-02	2.31	2.31	2.31	2.31	384300
1990-10-03	2.32	2.32	2.30	2.31	1538100
1990-10-04	2.32	2.32	2.31	2.31	14400
1990-10-05	2.32	2.32	2.31	2.32	198000
1990-10-08	2.30	2.32	2.30	2.31	470700
1990-10-09	2.29	2.32	2.29	2.31	520200
1990-10-10	2.28	2.29	2.28	2.29	247500
1990-10-11	2.23	2.28	2.22	2.28	1593000
1990-10-12	2.23	2.23	2.22	2.23	265500
1990-10-15	2.20	2.22	2.19	2.22	1021500
1990-10-16	2.19	2.20	2.19	2.20	290700
1990-10-17	2.18	2.18	2.17	2.18	366300
1990-10-18	2.21	2.21	2.16	2.18	260100
1990-10-19	2.22	2.24	2.22	2.24	304200
1990-10-22	2.19	2.22	2.18	2.22	411300
1990-10-23	2.17	2.20	2.17	2.20	261900
1990-10-24	2.18	2.18	2.17	2.17	260100
1990-10-25	2.21	2.21	2.19	2.19	242100
1990-10-26	2.20	2.24	2.20	2.22	190800
1990-10-29	2.19	2.20	2.18	2.20	77400
1990-10-30	2.18	2.20	2.17	2.17	305100
1990-10-31	2.19	2.19	2.17	2.18	45000
1990-11-01	2.23	2.23	2.20	2.20	162000
1990-11-02	2.23	2.23	2.22	2.22	98100
1990-11-05	2.24	2.24	2.23	2.23	302400
1990-11-06	2.22	2.24	2.21	2.23	525600
1990-11-07	2.17	2.22	2.17	2.21	10173600
1990-11-08	2.16	2.16	2.14	2.16	173700
1990-11-09	2.15	2.17	2.14	2.16	10018800
1990-11-12	2.14	2.15	2.14	2.14	178200
1990-11-13	2.15	2.15	2.14	2.14	54000
1990-11-14	2.16	2.17	2.15	2.16	220500
1990-11-15	2.16	2.16	2.15	2.16	188100
1990-11-16	2.16	2.16	2.15	2.16	83700
1990-11-19	2.13	2.15	2.13	2.15	36900
1990-11-20	2.13	2.13	2.13	2.13	2700
1990-11-21	2.13	2.13	2.13	2.13	6300
1990-11-23	2.12	2.13	2.11	2.13	1527300
1990-11-26	2.12	2.12	2.11	2.12	379800
1990-11-27	2.12	2.13	2.11	2.13	336600
1990-11-28	2.12	2.12	2.11	2.11	28800
1990-11-29	2.12	2.13	2.11	2.11	164700
1990-11-30	2.14	2.14	2.12	2.12	657000
1990-12-03	2.15	2.15	2.15	2.15	39995100
1990-12-04	2.15	2.16	2.15	2.15	698400
1990-12-05	2.16	2.16	2.15	2.15	19800
1990-12-06	2.15	2.15	2.14	2.15	391500
1990-12-07	2.15	2.15	2.14	2.15	198900
1990-12-10	2.14	2.15	2.14	2.14	243000
1990-12-11	2.14	2.14	2.13	2.14	198000
1990-12-12	2.14	2.15	2.14	2.14	163800
1990-12-13	2.12	2.14	2.12	2.14	906300
1990-12-14	2.09	2.11	2.09	2.11	301500
1990-12-17	2.08	2.09	2.08	2.08	652500
1990-12-18	2.09	2.11	2.08	2.09	367200
1990-12-19	2.09	2.09	2.09	2.09	95400
1990-12-20	2.09	2.11	2.09	2.09	310500
1990-12-21	2.08	2.09	2.07	2.09	198000
1990-12-24	2.05	2.07	2.05	2.07	63900
1990-12-26	2.05	2.06	2.05	2.05	637200
1990-12-27	2.05	2.06	2.05	2.05	292500
1990-12-28	2.08	2.08	2.05	2.05	322200
1990-12-31	2.11	2.11	2.08	2.08	142200
1991-01-02	2.10	2.11	2.10	2.10	2700
1991-01-03	2.10	2.11	2.10	2.10	280800
1991-01-04	2.10	2.10	2.08	2.09	578700
1991-01-07	2.10	2.10	2.08	2.09	118800
1991-01-08	2.13	2.13	2.11	2.11	102600
1991-01-09	2.09	2.13	2.09	2.12	401400
1991-01-10	2.09	2.11	2.09	2.10	198900
1991-01-11	2.07	2.08	2.07	2.08	372600
1991-01-14	2.08	2.08	2.07	2.08	300600
1991-01-15	2.10	2.10	2.08	2.08	312300
1991-01-16	2.09	2.12	2.09	2.09	340200
1991-01-17	2.06	2.07	2.06	2.07	146700
1991-01-18	2.05	2.06	2.04	2.06	367200
1991-01-21	2.04	2.05	2.03	2.05	175500
1991-01-22	2.04	2.05	2.04	2.05	73800
1991-01-23	2.03	2.04	2.03	2.03	306000
1991-01-24	2.06	2.06	2.04	2.04	145800
1991-01-25	2.07	2.07	2.05	2.05	197100
1991-01-28	2.05	2.08	2.05	2.08	130500
1991-01-29	2.04	2.05	2.04	2.05	71100
1991-01-30	2.02	2.04	2.01	2.04	471600
1991-01-31	2.03	2.03	2.02	2.02	905400
1991-02-01	2.02	2.04	2.02	2.03	580500
1991-02-04	2.02	2.03	2.02	2.02	123300
1991-02-05	2.02	2.03	2.01	2.03	63000
1991-02-06	2.06	2.06	2.01	2.02	528300
1991-02-07	2.11	2.12	2.07	2.07	1139400
1991-02-08	2.13	2.14	2.11	2.11	264600
1991-02-11	2.19	2.19	2.14	2.14	816300
1991-02-12	2.19	2.19	2.18	2.18	88200
1991-02-13	2.18	2.19	2.18	2.18	715500
1991-02-14	2.15	2.19	2.15	2.18	256500
1991-02-15	2.12	2.16	2.11	2.16	246600
1991-02-19	2.12	2.12	2.12	2.12	1340100
1991-02-20	2.12	2.12	2.11	2.11	103500
1991-02-21	2.12	2.13	2.11	2.13	702000
1991-02-22	2.12	2.14	2.12	2.12	512100
1991-02-25	2.12	2.12	2.11	2.11	42300
1991-02-26	2.13	2.14	2.12	2.12	260100
1991-02-27	2.14	2.16	2.14	2.14	460800
1991-02-28	2.16	2.18	2.14	2.14	1290600
1991-03-01	2.16	2.17	2.10	2.15	433800
1991-03-04	2.17	2.17	2.15	2.16	30477600
1991-03-05	2.17	2.18	2.16	2.16	222300
1991-03-06	2.18	2.19	2.18	2.18	289800
1991-03-07	2.17	2.19	2.17	2.19	5400
1991-03-08	2.16	2.17	2.16	2.16	551700
1991-03-11	2.14	2.15	2.12	2.15	103500
1991-03-12	2.14	2.14	2.13	2.13	151200
1991-03-13	2.13	2.14	2.13	2.14	126000
1991-03-14	2.13	2.13	2.13	2.13	1581300
1991-03-15	2.06	2.11	2.06	2.11	991800
1991-03-18	2.06	2.06	2.05	2.06	392400
1991-03-19	2.07	2.08	2.07	2.07	1802700
1991-03-20	2.07	2.07	2.05	2.06	815400
1991-03-21	2.05	2.06	2.04	2.06	1269000
1991-03-22	2.00	2.03	1.99	2.03	2094300
1991-03-25	2.00	2.00	1.98	1.99	444600
1991-03-26	2.00	2.02	1.99	2.00	1095300
1991-03-27	1.97	1.99	1.97	1.99	1441800
1991-03-28	1.96	1.97	1.96	1.96	645300
1991-04-01	1.94	1.95	1.92	1.95	633600
1991-04-02	1.94	1.94	1.92	1.93	477000
1991-04-03	1.95	1.96	1.94	1.94	766800
1991-04-04	1.95	1.96	1.93	1.94	670500
1991-04-05	1.94	1.96	1.93	1.96	1269900
1991-04-08	1.94	1.94	1.92	1.93	176400
1991-04-09	1.95	1.95	1.94	1.94	383400
1991-04-10	1.93	1.95	1.93	1.94	57600
1991-04-11	1.96	1.96	1.93	1.94	287100
1991-04-12	1.96	1.97	1.96	1.96	427500
1991-04-15	1.99	1.99	1.97	1.97	1021500
1991-04-16	2.01	2.02	1.98	1.98	526500
1991-04-17	2.02	2.03	2.01	2.02	226800
1991-04-18	2.01	2.01	2.00	2.01	143100
1991-04-19	2.00	2.00	1.99	1.99	13500
1991-04-22	1.99	2.00	1.98	2.00	669600
1991-04-23	2.00	2.02	2.00	2.00	677700
1991-04-24	2.02	2.03	2.01	2.01	351900
1991-04-25	2.03	2.04	2.01	2.02	1088100
1991-04-26	2.05	2.06	2.01	2.02	144900
1991-04-29	2.06	2.06	2.05	2.05	252900
1991-04-30	2.05	2.07	2.05	2.06	834300
1991-05-01	2.07	2.07	2.05	2.06	57600
1991-05-02	2.06	2.09	2.06	2.08	257400
1991-05-03	2.05	2.05	2.05	2.05	286200
1991-05-06	2.05	2.05	2.05	2.05	4500
1991-05-07	2.06	2.06	2.05	2.05	37800
1991-05-08	2.04	2.06	2.03	2.06	463500
1991-05-09	2.02	2.04	2.02	2.04	575100
1991-05-10	2.03	2.03	2.02	2.03	189900
1991-05-13	2.02	2.03	2.01	2.02	305100
1991-05-14	2.00	2.01	2.00	2.01	493200
1991-05-15	1.98	1.99	1.97	1.99	19800
1991-05-16	1.98	1.99	1.98	1.98	176400
1991-05-17	1.98	1.98	1.98	1.98	19800
1991-05-20	1.98	1.98	1.97	1.97	4500
1991-05-21	1.96	1.98	1.96	1.98	2087100
1991-05-22	1.97	1.97	1.96	1.96	353700
1991-05-23	1.95	1.97	1.95	1.97	119700
1991-05-24	1.96	1.96	1.95	1.95	37800
1991-05-28	1.97	1.98	1.96	1.97	257400
1991-05-29	1.99	1.99	1.95	1.96	1076400
1991-05-30	2.05	2.05	1.98	1.98	147600
1991-05-31	2.00	2.05	1.99	2.04	1044900
1991-06-03	1.99	2.01	1.99	2.00	29653200
1991-06-04	2.00	2.00	1.98	1.99	308700
1991-06-05	2.00	2.01	2.00	2.00	243900
1991-06-06	2.01	2.02	2.00	2.00	18900
1991-06-07	2.04	2.05	2.01	2.01	362700
1991-06-10	2.06	2.07	2.04	2.04	290700
1991-06-11	2.05	2.07	2.05	2.06	405000
1991-06-12	2.05	2.06	2.05	2.06	185400
1991-06-13	2.05	2.06	2.05	2.05	55800
1991-06-14	2.05	2.07	2.05	2.05	59400
1991-06-17	2.06	2.07	2.05	2.05	83700
1991-06-18	2.08	2.08	2.05	2.05	61200
1991-06-19	2.07	2.08	2.06	2.07	127800
1991-06-20	2.08	2.09	2.08	2.08	61200
1991-06-21	2.10	2.11	2.09	2.09	55800
1991-06-24	2.05	2.09	2.05	2.09	42300
1991-06-25	2.04	2.06	2.04	2.05	134100
1991-06-26	2.04	2.05	2.04	2.05	379800
1991-06-27	2.02	2.04	2.02	2.04	90900
1991-06-28	1.98	2.01	1.98	2.01	195300
1991-07-01	1.98	1.98	1.98	1.98	27900
1991-07-02	1.93	1.98	1.92	1.98	74700
1991-07-03	1.91	1.92	1.91	1.92	113400
1991-07-05	1.94	1.94	1.92	1.92	99900
1991-07-08	1.96	1.96	1.93	1.93	58500
1991-07-09	1.99	2.00	1.96	1.96	63000
1991-07-10	2.01	2.03	1.99	1.99	82800
1991-07-11	2.00	2.01	2.00	2.01	96300
1991-07-12	2.00	2.01	2.00	2.01	26100
1991-07-15	2.01	2.01	2.00	2.00	253800
1991-07-16	2.03	2.03	2.02	2.02	969300
1991-07-17	2.04	2.04	2.02	2.03	335700
1991-07-18	2.07	2.08	2.04	2.04	138600
1991-07-19	2.05	2.08	2.05	2.07	57600
1991-07-22	2.03	2.07	2.03	2.07	47700
1991-07-23	2.02	2.02	2.00	2.02	216000
1991-07-24	1.98	2.01	1.97	2.01	854100
1991-07-25	1.97	1.98	1.96	1.97	553500
1991-07-26	1.95	1.98	1.95	1.98	372600
1991-07-29	1.93	1.95	1.93	1.94	527400
1991-07-30	1.94	1.94	1.92	1.93	764100
1991-07-31	1.93	1.94	1.93	1.94	188100
1991-08-01	1.94	1.94	1.92	1.92	324000
1991-08-02	1.93	1.93	1.93	1.93	117000
1991-08-05	1.92	1.92	1.92	1.92	51300
1991-08-06	1.92	1.93	1.92	1.92	441900
1991-08-07	1.91	1.92	1.91	1.91	255600
1991-08-08	1.91	1.91	1.90	1.90	1417500
1991-08-09	1.90	1.91	1.90	1.91	434700
1991-08-12	1.90	1.91	1.90	1.90	91800
1991-08-13	1.94	1.95	1.91	1.91	513900
1991-08-14	1.98	1.98	1.94	1.94	284400
1991-08-15	1.96	1.96	1.96	1.96	511200
1991-08-16	1.97	1.97	1.95	1.95	200700
1991-08-19	1.95	1.96	1.94	1.94	32400
1991-08-20	1.97	1.97	1.95	1.95	609300
1991-08-21	1.99	1.99	1.98	1.98	126000
1991-08-22	1.99	2.00	1.99	1.99	437400
1991-08-23	2.00	2.00	1.99	2.00	155700
1991-08-26	1.99	2.00	1.99	1.99	86400
1991-08-27	2.00	2.00	2.00	2.00	63000
1991-08-28	2.00	2.00	1.99	2.00	138600
1991-08-29	2.01	2.01	2.01	2.01	36900
1991-08-30	2.03	2.03	2.01	2.01	72000
1991-09-03	2.05	2.05	2.03	2.03	60300
1991-09-04	2.05	2.05	2.04	2.04	225900
1991-09-05	2.04	2.04	2.04	2.04	34200
1991-09-06	2.04	2.05	2.04	2.04	162900
1991-09-09	2.04	2.04	2.03	2.04	21600
1991-09-10	2.02	2.04	2.02	2.04	1062900
1991-09-11	2.02	2.03	2.02	2.03	178200
1991-09-12	2.02	2.02	2.02	2.02	73800
1991-09-13	2.02	2.02	2.01	2.02	299700
1991-09-16	2.02	2.02	2.01	2.01	387900
1991-09-17	2.00	2.02	2.00	2.00	195300
1991-09-18	1.99	2.00	1.99	1.99	34200
1991-09-19	2.00	2.00	1.99	1.99	288000
1991-09-20	1.98	2.00	1.97	2.00	361800
1991-09-23	1.99	1.99	1.99	1.99	144900
1991-09-24	2.03	2.03	2.00	2.00	54900
1991-09-25	2.03	2.04	2.03	2.03	55800
1991-09-26	2.04	2.05	2.03	2.03	29700
1991-09-27	2.03	2.04	2.03	2.04	284400
1991-09-30	2.01	2.04	2.01	2.03	832500
1991-10-01	1.98	2.01	1.98	2.01	888300
1991-10-02	1.97	1.98	1.97	1.98	11700
1991-10-03	1.94	1.97	1.92	1.97	154800
1991-10-04	1.94	1.94	1.93	1.93	82800
1991-10-07	1.93	1.93	1.93	1.93	24300
1991-10-08	1.94	1.95	1.94	1.94	96300
1991-10-09	1.96	1.96	1.95	1.95	210600
1991-10-10	1.96	1.97	1.95	1.95	159300
1991-10-11	1.96	1.97	1.96	1.96	140400
1991-10-14	1.96	1.97	1.95	1.97	804600
1991-10-15	1.96	1.98	1.96	1.97	493200
1991-10-16	1.95	1.96	1.95	1.96	402300
1991-10-17	1.95	1.96	1.94	1.94	591300
1991-10-18	1.95	1.95	1.94	1.95	531900
1991-10-21	1.94	1.95	1.94	1.94	494100
1991-10-22	1.92	1.94	1.92	1.92	180900
1991-10-23	1.94	1.94	1.92	1.93	53100
1991-10-24	1.92	1.95	1.91	1.95	447300
1991-10-25	1.91	1.92	1.91	1.92	51300
1991-10-28	1.92	1.93	1.92	1.92	313200
1991-10-29	1.93	1.94	1.92	1.92	1027800
1991-10-30	1.93	1.93	1.92	1.92	721800
1991-10-31	1.94	1.94	1.92	1.92	53100
1991-11-01	1.94	1.94	1.92	1.92	207000
1991-11-04	1.90	1.93	1.90	1.93	423900
1991-11-05	1.90	1.90	1.88	1.90	216900
1991-11-06	1.91	1.91	1.90	1.90	154800
1991-11-07	1.90	1.91	1.89	1.91	414000
1991-11-08	1.89	1.90	1.89	1.89	94500
1991-11-11	1.87	1.88	1.87	1.88	313200
1991-11-12	1.88	1.88	1.88	1.88	36900
1991-11-13	1.86	1.87	1.86	1.87	329400
1991-11-14	1.84	1.86	1.84	1.86	252900
1991-11-15	1.82	1.85	1.82	1.84	149400
1991-11-18	1.80	1.82	1.79	1.82	362700
1991-11-19	1.79	1.80	1.78	1.80	95400
1991-11-20	1.76	1.78	1.75	1.78	118800
1991-11-21	1.74	1.76	1.74	1.76	22500
1991-11-22	1.69	1.73	1.69	1.73	64800
1991-11-25	1.71	1.71	1.69	1.70	95400
1991-11-26	1.71	1.72	1.70	1.71	128700
1991-11-27	1.70	1.71	1.69	1.71	119700
1991-11-29	1.70	1.70	1.69	1.69	36000
1991-12-02	1.70	1.71	1.69	1.69	27900
1991-12-03	1.68	1.70	1.67	1.70	96300
1991-12-04	1.62	1.67	1.61	1.67	333900
1991-12-05	1.64	1.64	1.61	1.61	681300
1991-12-06	1.69	1.70	1.64	1.64	92700
1991-12-09	1.65	1.68	1.65	1.68	27000
1991-12-10	1.64	1.64	1.63	1.64	68400
1991-12-11	1.61	1.63	1.60	1.63	462600
1991-12-12	1.50	1.59	1.45	1.59	501300
1991-12-13	1.49	1.52	1.48	1.50	250200
1991-12-16	1.50	1.50	1.49	1.50	170100
1991-12-17	1.51	1.52	1.50	1.50	181800
1991-12-18	1.49	1.51	1.49	1.51	261900
1991-12-19	1.49	1.50	1.47	1.49	153900
1991-12-20	1.48	1.50	1.48	1.50	288000
1991-12-23	1.49	1.49	1.48	1.48	355500
1991-12-24	1.50	1.51	1.49	1.49	67500
1991-12-26	1.50	1.50	1.49	1.49	50400
1991-12-27	1.52	1.53	1.51	1.51	198900
1991-12-30	1.52	1.55	1.52	1.52	427500
1991-12-31	1.50	1.51	1.49	1.51	268200
1992-01-02	1.50	1.53	1.50	1.50	308700
1992-01-03	1.52	1.53	1.51	1.52	291600
1992-01-06	1.51	1.52	1.50	1.52	184500
1992-01-07	1.51	1.51	1.50	1.50	125100
1992-01-08	1.49	1.50	1.48	1.50	291600
1992-01-09	1.48	1.49	1.47	1.47	396000
1992-01-10	1.45	1.47	1.44	1.47	284400
1992-01-13	1.43	1.45	1.43	1.45	525600
1992-01-14	1.44	1.44	1.42	1.43	279000
1992-01-15	1.48	1.48	1.45	1.45	661500
1992-01-16	1.53	1.53	1.49	1.49	259200
1992-01-17	1.55	1.55	1.52	1.52	371700
1992-01-20	1.53	1.55	1.52	1.55	71100
1992-01-21	1.50	1.52	1.50	1.52	41400
1992-01-22	1.50	1.51	1.49	1.49	147600
1992-01-23	1.54	1.54	1.51	1.51	35100
1992-01-24	1.48	1.54	1.48	1.54	408600
1992-01-27	1.45	1.49	1.45	1.49	537300
1992-01-28	1.46	1.47	1.46	1.47	111600
1992-01-29	1.49	1.49	1.47	1.47	754200
1992-01-30	1.50	1.50	1.50	1.50	31500
1992-01-31	1.51	1.52	1.50	1.50	32400
1992-02-03	1.52	1.53	1.51	1.51	304200
1992-02-04	1.53	1.54	1.53	1.53	538200
1992-02-05	1.54	1.54	1.52	1.54	71100
1992-02-06	1.50	1.54	1.50	1.54	292500
1992-02-07	1.53	1.53	1.50	1.50	539100
1992-02-10	1.51	1.53	1.51	1.52	342000
1992-02-11	1.50	1.51	1.50	1.51	811800
1992-02-12	1.51	1.51	1.50	1.50	1251000
1992-02-13	1.55	1.56	1.51	1.51	970200
1992-02-14	1.57	1.58	1.57	1.57	423900
1992-02-18	1.54	1.57	1.53	1.57	245700
1992-02-19	1.54	1.54	1.53	1.53	600300
1992-02-20	1.54	1.55	1.54	1.54	10800
1992-02-21	1.54	1.54	1.53	1.54	66600
1992-02-24	1.54	1.54	1.52	1.54	70200
1992-02-25	1.54	1.55	1.54	1.55	103500
1992-02-26	1.54	1.54	1.53	1.53	1061100
1992-02-27	1.54	1.54	1.53	1.54	28800
1992-02-28	1.51	1.53	1.51	1.53	894600
1992-03-02	1.52	1.52	1.51	1.51	252900
1992-03-03	1.52	1.52	1.52	1.52	35100
1992-03-04	1.53	1.54	1.53	1.53	382500
1992-03-05	1.52	1.53	1.52	1.53	169200
1992-03-06	1.52	1.53	1.51	1.53	33300
1992-03-09	1.50	1.51	1.50	1.51	61200
1992-03-10	1.50	1.51	1.50	1.50	225900
1992-03-11	1.48	1.50	1.47	1.50	140400
1992-03-12	1.47	1.48	1.47	1.48	81900
1992-03-13	1.48	1.48	1.47	1.47	92700
1992-03-16	1.47	1.48	1.46	1.48	47700
1992-03-17	1.47	1.47	1.46	1.47	108000
1992-03-18	1.47	1.47	1.46	1.47	43200
1992-03-19	1.46	1.47	1.46	1.46	106200
1992-03-20	1.47	1.47	1.46	1.47	77400
1992-03-23	1.46	1.46	1.46	1.46	353700
1992-03-24	1.44	1.46	1.44	1.46	71100
1992-03-25	1.44	1.44	1.44	1.44	481500
1992-03-26	1.42	1.44	1.42	1.44	148500
1992-03-27	1.41	1.42	1.41	1.42	330300
1992-03-30	1.40	1.42	1.40	1.42	270900
1992-03-31	1.40	1.41	1.40	1.40	361800
1992-04-01	1.41	1.41	1.40	1.41	31500
1992-04-02	1.46	1.46	1.43	1.43	169200
1992-04-03	1.46	1.46	1.44	1.45	37800
1992-04-06	1.49	1.49	1.47	1.48	189900
1992-04-07	1.46	1.48	1.46	1.48	125100
1992-04-08	1.45	1.46	1.45	1.46	40500
1992-04-09	1.46	1.47	1.46	1.46	194400
1992-04-10	1.46	1.47	1.46	1.47	148500
1992-04-13	1.47	1.47	1.46	1.46	55800
1992-04-14	1.47	1.48	1.47	1.47	35100
1992-04-15	1.47	1.47	1.47	1.47	37800
1992-04-16	1.47	1.47	1.47	1.47	5400
1992-04-20	1.47	1.48	1.47	1.47	36900
1992-04-21	1.47	1.48	1.47	1.48	226800
1992-04-22	1.46	1.46	1.45	1.46	50400
1992-04-23	1.45	1.46	1.45	1.46	13500
1992-04-24	1.47	1.47	1.46	1.46	1072800
1992-04-27	1.46	1.47	1.45	1.47	767700
1992-04-28	1.46	1.46	1.45	1.46	609300
1992-04-29	1.46	1.46	1.45	1.45	42300
1992-04-30	1.47	1.48	1.47	1.47	280800
1992-05-01	1.47	1.49	1.47	1.48	149400
1992-05-04	1.47	1.48	1.46	1.46	145800
1992-05-05	1.50	1.50	1.48	1.48	116100
1992-05-06	1.51	1.52	1.50	1.50	109800
1992-05-07	1.53	1.53	1.51	1.51	227700
1992-05-08	1.53	1.53	1.53	1.53	39600
1992-05-11	1.54	1.54	1.52	1.52	135000
1992-05-12	1.56	1.57	1.54	1.54	220500
1992-05-13	1.57	1.57	1.56	1.57	117000
1992-05-14	1.56	1.56	1.54	1.56	27000
1992-05-15	1.55	1.56	1.55	1.55	32400
1992-05-18	1.55	1.56	1.55	1.55	120600
1992-05-19	1.56	1.58	1.56	1.56	183600
1992-05-20	1.56	1.57	1.56	1.57	57600
1992-05-21	1.55	1.56	1.55	1.56	62100
1992-05-22	1.54	1.54	1.54	1.54	24300
1992-05-26	1.63	1.63	1.59	1.59	239400
1992-05-27	1.65	1.66	1.64	1.64	281700
1992-05-28	1.65	1.65	1.64	1.64	126900
1992-05-29	1.64	1.65	1.64	1.65	101700
1992-06-01	1.65	1.65	1.64	1.64	84600
1992-06-02	1.65	1.65	1.65	1.65	18000
1992-06-03	1.69	1.69	1.65	1.65	117900
1992-06-04	1.74	1.74	1.70	1.70	142200
1992-06-05	1.74	1.75	1.73	1.74	288000
1992-06-08	1.74	1.75	1.74	1.74	31500
1992-06-09	1.72	1.74	1.71	1.74	93600
1992-06-10	1.70	1.71	1.69	1.71	1236600
1992-06-11	1.71	1.73	1.71	1.71	55800
1992-06-12	1.71	1.72	1.71	1.71	53100
1992-06-15	1.70	1.71	1.70	1.71	10800
1992-06-16	1.69	1.70	1.69	1.70	15300
1992-06-17	1.67	1.69	1.66	1.69	63900
1992-06-18	1.68	1.68	1.67	1.67	672300
1992-06-19	1.67	1.68	1.67	1.68	118800
1992-06-22	1.66	1.67	1.66	1.67	1305000
1992-06-23	1.66	1.66	1.66	1.66	117900
1992-06-24	1.64	1.66	1.64	1.66	448200
1992-06-25	1.62	1.64	1.61	1.64	360000
1992-06-26	1.62	1.62	1.61	1.61	25200
1992-06-29	1.63	1.63	1.62	1.62	13500
1992-06-30	1.63	1.63	1.62	1.63	74700
1992-07-01	1.63	1.63	1.61	1.61	45900
1992-07-02	1.63	1.63	1.62	1.62	59400
1992-07-06	1.64	1.65	1.64	1.64	21600
1992-07-07	1.63	1.64	1.63	1.64	8100
1992-07-08	1.64	1.64	1.63	1.63	34200
1992-07-09	1.64	1.64	1.64	1.64	62100
1992-07-10	1.65	1.66	1.64	1.65	88200
1992-07-13	1.65	1.66	1.64	1.64	136800
1992-07-14	1.67	1.67	1.65	1.65	197100
1992-07-15	1.67	1.68	1.67	1.68	56700
1992-07-16	1.68	1.68	1.67	1.67	5400
1992-07-17	1.66	1.68	1.66	1.68	54000
1992-07-20	1.65	1.65	1.65	1.65	63000
1992-07-21	1.64	1.65	1.64	1.64	215100
1992-07-22	1.67	1.67	1.64	1.64	352800
1992-07-23	1.66	1.66	1.65	1.66	963000
1992-07-24	1.65	1.66	1.65	1.66	67500
1992-07-27	1.66	1.66	1.65	1.66	26100
1992-07-28	1.66	1.66	1.66	1.66	434700
1992-07-29	1.65	1.66	1.65	1.66	1316700
1992-07-30	1.66	1.66	1.66	1.66	31500
1992-07-31	1.68	1.68	1.66	1.66	63900
1992-08-03	1.68	1.69	1.68	1.68	38700
1992-08-04	1.68	1.68	1.68	1.68	18000
1992-08-05	1.66	1.68	1.66	1.68	50400
1992-08-06	1.66	1.66	1.66	1.66	88200
1992-08-07	1.66	1.67	1.66	1.66	65700
1992-08-10	1.66	1.67	1.66	1.67	52200
1992-08-11	1.67	1.67	1.66	1.66	48600
1992-08-12	1.65	1.68	1.65	1.68	175500
1992-08-13	1.67	1.67	1.66	1.66	279000
1992-08-14	1.68	1.68	1.66	1.66	33300
1992-08-17	1.70	1.70	1.69	1.69	72000
1992-08-18	1.71	1.72	1.69	1.69	72000
1992-08-19	1.71	1.72	1.71	1.72	63900
1992-08-20	1.72	1.73	1.71	1.71	29700
1992-08-21	1.72	1.72	1.72	1.72	0
1992-08-24	1.72	1.72	1.71	1.71	57600
1992-08-25	1.71	1.72	1.71	1.72	42300
1992-08-26	1.73	1.73	1.72	1.72	37800
1992-08-27	1.73	1.73	1.72	1.72	49500
1992-08-28	1.73	1.73	1.72	1.72	147600
1992-08-31	1.73	1.73	1.73	1.73	42300
1992-09-01	1.72	1.73	1.72	1.73	135000
1992-09-02	1.75	1.75	1.73	1.73	288900
1992-09-03	1.78	1.79	1.77	1.77	179100
1992-09-04	1.79	1.79	1.79	1.79	38700
1992-09-08	1.79	1.79	1.78	1.79	9000
1992-09-09	1.77	1.79	1.77	1.78	971100
1992-09-10	1.76	1.77	1.76	1.77	279900
1992-09-11	1.76	1.76	1.75	1.75	60300
1992-09-14	1.76	1.76	1.76	1.76	36000
1992-09-15	1.75	1.75	1.75	1.75	513900
1992-09-16	1.72	1.74	1.72	1.74	127800
1992-09-17	1.73	1.73	1.72	1.72	2700
1992-09-18	1.73	1.74	1.73	1.73	60300
1992-09-21	1.71	1.73	1.71	1.72	180000
1992-09-22	1.71	1.72	1.71	1.71	62100
1992-09-23	1.70	1.72	1.70	1.72	272700
1992-09-24	1.68	1.70	1.68	1.70	1352700
1992-09-25	1.66	1.67	1.66	1.67	54000
1992-09-28	1.65	1.65	1.65	1.65	32400
1992-09-29	1.61	1.63	1.61	1.63	589500
1992-09-30	1.55	1.61	1.55	1.61	983700
1992-10-01	1.57	1.57	1.55	1.55	2157300
1992-10-02	1.57	1.57	1.57	1.57	59400
1992-10-05	1.57	1.57	1.54	1.57	476100
1992-10-06	1.58	1.58	1.57	1.57	191700
1992-10-07	1.56	1.58	1.56	1.58	1548000
1992-10-08	1.58	1.58	1.57	1.57	822600
1992-10-09	1.57	1.59	1.57	1.59	1092600
1992-10-12	1.57	1.57	1.57	1.57	8100
1992-10-13	1.59	1.59	1.58	1.58	383400
1992-10-14	1.59	1.59	1.58	1.59	491400
1992-10-15	1.57	1.58	1.56	1.58	1108800
1992-10-16	1.57	1.57	1.56	1.57	89100
1992-10-19	1.58	1.58	1.56	1.56	32400
1992-10-20	1.60	1.60	1.58	1.58	413100
1992-10-21	1.62	1.63	1.60	1.60	297900
1992-10-22	1.62	1.63	1.62	1.62	191700
1992-10-23	1.62	1.63	1.62	1.62	58500
1992-10-26	1.63	1.63	1.61	1.62	287100
1992-10-27	1.62	1.64	1.62	1.63	672300
1992-10-28	1.59	1.61	1.59	1.61	34200
1992-10-29	1.59	1.60	1.59	1.60	7200
1992-10-30	1.57	1.59	1.57	1.59	37800
1992-11-02	1.59	1.60	1.57	1.58	302400
1992-11-03	1.59	1.59	1.58	1.59	36900
1992-11-04	1.57	1.59	1.57	1.59	141300
1992-11-05	1.56	1.57	1.56	1.57	10800
1992-11-06	1.54	1.56	1.54	1.56	27000
1992-11-09	1.54	1.54	1.53	1.54	203400
1992-11-10	1.54	1.54	1.54	1.54	36900
1992-11-11	1.55	1.56	1.54	1.54	316800
1992-11-12	1.56	1.58	1.56	1.57	346500
1992-11-13	1.54	1.56	1.54	1.56	157500
1992-11-16	1.52	1.54	1.52	1.54	285300
1992-11-17	1.50	1.53	1.50	1.52	111600
1992-11-18	1.49	1.50	1.48	1.49	66600
1992-11-19	1.51	1.52	1.50	1.50	59400
1992-11-20	1.52	1.54	1.52	1.52	124200
1992-11-23	1.53	1.54	1.52	1.52	226800
1992-11-24	1.53	1.54	1.52	1.52	114300
1992-11-25	1.51	1.52	1.51	1.52	504000
1992-11-27	1.50	1.51	1.50	1.51	189000
1992-11-30	1.47	1.48	1.47	1.48	32400
1992-12-01	1.43	1.48	1.41	1.48	351000
1992-12-02	1.43	1.45	1.43	1.45	81000
1992-12-03	1.46	1.46	1.43	1.43	120600
1992-12-04	1.47	1.48	1.46	1.46	298800
1992-12-07	1.46	1.48	1.46	1.48	45000
1992-12-08	1.45	1.47	1.45	1.47	231300
1992-12-09	1.46	1.46	1.45	1.46	251100
1992-12-10	1.46	1.46	1.45	1.46	407700
1992-12-11	1.47	1.47	1.46	1.46	115200
1992-12-14	1.47	1.47	1.46	1.46	56700
1992-12-15	1.46	1.46	1.43	1.43	684900
1992-12-16	1.45	1.45	1.44	1.45	27900
1992-12-17	1.45	1.45	1.45	1.45	10800
1992-12-18	1.45	1.46	1.45	1.45	389700
1992-12-21	1.46	1.46	1.45	1.45	335700
1992-12-22	1.45	1.46	1.45	1.46	419400
1992-12-23	1.46	1.47	1.45	1.45	746100
1992-12-24	1.45	1.45	1.45	1.45	26100
1992-12-28	1.45	1.45	1.44	1.44	133200
1992-12-29	1.43	1.45	1.43	1.45	146700
1992-12-30	1.44	1.44	1.43	1.43	1372500
1992-12-31	1.45	1.45	1.43	1.45	1176300
1993-01-04	1.45	1.45	1.45	1.45	1275300
1993-01-05	1.45	1.45	1.45	1.45	597600
1993-01-06	1.45	1.45	1.45	1.45	3200400
1993-01-07	1.43	1.45	1.43	1.45	1888200
1993-01-08	1.43	1.44	1.42	1.43	1143900
1993-01-11	1.45	1.45	1.43	1.43	558900
1993-01-12	1.45	1.45	1.44	1.45	376200
1993-01-13	1.46	1.46	1.44	1.44	490500
1993-01-14	1.46	1.46	1.46	1.46	210600
1993-01-15	1.47	1.47	1.46	1.46	196200
1993-01-18	1.47	1.47	1.46	1.47	201600
1993-01-19	1.46	1.47	1.46	1.47	359100
1993-01-20	1.46	1.47	1.46	1.46	287100
1993-01-21	1.46	1.46	1.46	1.46	240300
1993-01-22	1.50	1.50	1.47	1.47	326700
1993-01-25	1.53	1.54	1.51	1.51	133200
1993-01-26	1.54	1.55	1.54	1.55	199800
1993-01-27	1.52	1.54	1.52	1.54	769500
1993-01-28	1.55	1.55	1.53	1.53	47700
1993-01-29	1.54	1.55	1.54	1.55	122400
1993-02-01	1.53	1.55	1.53	1.55	152100
1993-02-02	1.54	1.54	1.52	1.53	662400
1993-02-03	1.55	1.55	1.54	1.54	314100
1993-02-04	1.53	1.55	1.53	1.55	317700
1993-02-05	1.55	1.55	1.54	1.54	49500
1993-02-08	1.56	1.57	1.54	1.54	1752300
1993-02-09	1.56	1.57	1.55	1.56	810900
1993-02-10	1.57	1.57	1.56	1.57	60300
1993-02-11	1.58	1.59	1.58	1.58	363600
1993-02-12	1.58	1.58	1.57	1.57	342900
1993-02-16	1.58	1.59	1.58	1.58	252000
1993-02-17	1.55	1.57	1.55	1.57	1728900
1993-02-18	1.56	1.57	1.55	1.55	267300
1993-02-19	1.58	1.58	1.56	1.56	964800
1993-02-22	1.58	1.58	1.58	1.58	584100
1993-02-23	1.58	1.58	1.58	1.58	187200
1993-02-24	1.58	1.58	1.58	1.58	2439900
1993-02-25	1.59	1.59	1.58	1.58	256500
1993-02-26	1.59	1.60	1.59	1.59	100800
1993-03-01	1.58	1.59	1.58	1.58	276300
1993-03-02	1.60	1.60	1.59	1.60	270000
1993-03-03	1.64	1.64	1.59	1.60	216000
1993-03-04	1.63	1.64	1.61	1.64	445500
1993-03-05	1.63	1.64	1.63	1.63	199800
1993-03-08	1.65	1.66	1.64	1.64	990900
1993-03-09	1.69	1.69	1.66	1.66	745200
1993-03-10	1.72	1.72	1.69	1.69	562500
1993-03-11	1.74	1.76	1.74	1.75	920700
1993-03-12	1.74	1.74	1.73	1.73	738000
1993-03-15	1.74	1.75	1.74	1.75	259200
1993-03-16	1.73	1.75	1.73	1.75	387900
1993-03-17	1.72	1.74	1.72	1.74	61200
1993-03-18	1.74	1.74	1.72	1.72	17100
1993-03-19	1.76	1.77	1.74	1.74	97200
1993-03-22	1.76	1.76	1.76	1.76	121500
1993-03-23	1.75	1.78	1.75	1.78	183600
1993-03-24	1.75	1.76	1.75	1.75	166500
1993-03-25	1.75	1.76	1.75	1.76	310500
1993-03-26	1.76	1.76	1.76	1.76	320400
1993-03-29	1.75	1.76	1.75	1.76	311400
1993-03-30	1.75	1.75	1.75	1.75	368100
1993-03-31	1.75	1.76	1.75	1.75	231300
1993-04-01	1.74	1.76	1.74	1.76	389700
1993-04-02	1.75	1.75	1.74	1.74	45000
1993-04-05	1.76	1.76	1.74	1.74	74700
1993-04-06	1.80	1.80	1.78	1.78	40500
1993-04-07	1.78	1.80	1.77	1.80	429300
1993-04-08	1.78	1.80	1.78	1.78	282600
1993-04-12	1.76	1.78	1.76	1.78	558900
1993-04-13	1.76	1.78	1.76	1.78	150300
1993-04-14	1.76	1.77	1.76	1.76	136800
1993-04-15	1.76	1.76	1.76	1.76	227700
1993-04-16	1.76	1.76	1.75	1.75	13500
1993-04-19	1.79	1.79	1.78	1.78	366300
1993-04-20	1.78	1.79	1.76	1.78	976500
1993-04-21	1.78	1.79	1.78	1.79	77400
1993-04-22	1.76	1.79	1.76	1.76	432900
1993-04-23	1.76	1.78	1.76	1.77	83700
1993-04-26	1.74	1.77	1.74	1.76	162000
1993-04-27	1.71	1.74	1.71	1.74	65700
1993-04-28	1.71	1.71	1.70	1.71	69300
1993-04-29	1.72	1.72	1.71	1.72	169200
1993-04-30	1.71	1.72	1.70	1.72	205200
1993-05-03	1.69	1.71	1.69	1.71	272700
1993-05-04	1.69	1.70	1.69	1.70	90900
1993-05-05	1.70	1.71	1.69	1.69	40500
1993-05-06	1.72	1.72	1.71	1.71	18000
1993-05-07	1.74	1.74	1.72	1.72	205200
1993-05-10	1.76	1.76	1.75	1.75	92700
1993-05-11	1.74	1.75	1.74	1.75	81000
1993-05-12	1.72	1.74	1.72	1.73	34200
1993-05-13	1.72	1.74	1.72	1.72	51300
1993-05-14	1.72	1.73	1.72	1.72	169200
1993-05-17	1.72	1.72	1.71	1.72	290700
1993-05-18	1.70	1.72	1.70	1.72	224100
1993-05-19	1.69	1.69	1.69	1.69	22500
1993-05-20	1.70	1.71	1.70	1.71	321300
1993-05-21	1.69	1.71	1.69	1.71	131400
1993-05-24	1.68	1.68	1.68	1.68	350100
1993-05-25	1.70	1.70	1.69	1.69	784800
1993-05-26	1.72	1.72	1.70	1.70	57600
1993-05-27	1.74	1.74	1.71	1.71	328500
1993-05-28	1.73	1.74	1.73	1.73	359100
1993-06-01	1.75	1.76	1.73	1.73	582300
1993-06-02	1.75	1.76	1.74	1.74	1665900
1993-06-03	1.76	1.76	1.76	1.76	602100
1993-06-04	1.76	1.77	1.76	1.76	51300
1993-06-07	1.77	1.77	1.76	1.76	28800
1993-06-08	1.77	1.77	1.76	1.76	669600
1993-06-09	1.79	1.79	1.76	1.76	646200
1993-06-10	1.80	1.81	1.79	1.79	176400
1993-06-11	1.77	1.79	1.77	1.79	89100
1993-06-14	1.79	1.79	1.78	1.78	114300
1993-06-15	1.78	1.79	1.77	1.78	385200
1993-06-16	1.76	1.77	1.76	1.77	137700
1993-06-17	1.78	1.80	1.76	1.76	2189700
1993-06-18	1.76	1.78	1.76	1.78	463500
1993-06-21	1.75	1.76	1.75	1.76	325800
1993-06-22	1.73	1.75	1.73	1.75	15300
1993-06-23	1.73	1.74	1.72	1.74	490500
1993-06-24	1.74	1.74	1.73	1.73	32400
1993-06-25	1.73	1.74	1.73	1.73	34200
1993-06-28	1.74	1.74	1.72	1.72	248400
1993-06-29	1.74	1.75	1.74	1.74	87300
1993-06-30	1.73	1.74	1.73	1.74	27900
1993-07-01	1.72	1.72	1.72	1.72	27900
1993-07-02	1.74	1.74	1.73	1.73	261000
1993-07-06	1.72	1.73	1.72	1.73	189000
1993-07-07	1.66	1.71	1.66	1.70	461700
1993-07-08	1.65	1.66	1.65	1.66	146700
1993-07-09	1.67	1.69	1.65	1.65	897300
1993-07-12	1.69	1.70	1.67	1.67	405000
1993-07-13	1.69	1.70	1.69	1.69	473400
1993-07-14	1.67	1.67	1.67	1.67	313200
1993-07-15	1.63	1.66	1.61	1.66	63900
1993-07-16	1.63	1.63	1.61	1.61	292500
1993-07-19	1.60	1.63	1.59	1.63	580500
1993-07-20	1.62	1.62	1.61	1.61	356400
1993-07-21	1.62	1.62	1.60	1.60	584100
1993-07-22	1.61	1.63	1.61	1.62	684900
1993-07-23	1.61	1.61	1.60	1.61	477000
1993-07-26	1.63	1.63	1.60	1.60	252900
1993-07-27	1.63	1.63	1.62	1.62	45900
1993-07-28	1.62	1.63	1.62	1.62	90000
1993-07-29	1.62	1.63	1.62	1.62	349200
1993-07-30	1.63	1.64	1.63	1.63	188100
1993-08-02	1.62	1.63	1.62	1.63	491400
1993-08-03	1.62	1.63	1.62	1.63	136800
1993-08-04	1.62	1.63	1.62	1.63	20700
1993-08-05	1.62	1.63	1.61	1.61	82800
1993-08-06	1.60	1.60	1.59	1.60	651600
1993-08-09	1.60	1.60	1.59	1.60	118800
1993-08-10	1.60	1.62	1.60	1.60	115200
1993-08-11	1.61	1.63	1.60	1.60	88200
1993-08-12	1.65	1.65	1.62	1.62	392400
1993-08-13	1.65	1.66	1.65	1.66	191700
1993-08-16	1.65	1.66	1.65	1.66	86400
1993-08-17	1.65	1.66	1.65	1.65	213300
1993-08-18	1.68	1.69	1.65	1.65	1028700
1993-08-19	1.72	1.72	1.69	1.69	946800
1993-08-20	1.73	1.74	1.72	1.72	435600
1993-08-23	1.73	1.74	1.73	1.73	532800
1993-08-24	1.77	1.78	1.74	1.74	527400
1993-08-25	1.77	1.78	1.76	1.77	207900
1993-08-26	1.80	1.81	1.78	1.78	264600
1993-08-27	1.77	1.80	1.77	1.80	483300
1993-08-30	1.80	1.80	1.78	1.78	206100
1993-08-31	1.80	1.81	1.78	1.78	1939500
1993-09-01	1.78	1.80	1.78	1.80	2005200
1993-09-02	1.78	1.78	1.77	1.78	773100
1993-09-03	1.77	1.78	1.76	1.78	435600
1993-09-07	1.74	1.78	1.73	1.78	372600
1993-09-08	1.72	1.75	1.71	1.74	743400
1993-09-09	1.71	1.72	1.71	1.72	248400
1993-09-10	1.70	1.72	1.70	1.71	732600
1993-09-13	1.70	1.70	1.69	1.70	657000
1993-09-14	1.70	1.70	1.68	1.69	1330200
1993-09-15	1.72	1.72	1.71	1.72	648000
1993-09-16	1.71	1.72	1.71	1.72	110700
1993-09-17	1.70	1.70	1.69	1.70	360900
1993-09-20	1.68	1.70	1.68	1.70	99900
1993-09-21	1.66	1.69	1.65	1.68	706500
1993-09-22	1.66	1.66	1.64	1.65	208800
1993-09-23	1.64	1.67	1.64	1.65	714600
1993-09-24	1.65	1.65	1.65	1.65	314100
1993-09-27	1.67	1.68	1.66	1.66	243900
1993-09-28	1.67	1.68	1.67	1.67	54900
1993-09-29	1.67	1.67	1.65	1.67	637200
1993-09-30	1.70	1.70	1.67	1.67	728100
1993-10-01	1.75	1.75	1.71	1.71	1006200
1993-10-04	1.74	1.75	1.73	1.75	234000
1993-10-05	1.72	1.74	1.72	1.74	754200
1993-10-06	1.72	1.73	1.72	1.72	374400
1993-10-07	1.72	1.73	1.72	1.73	513900
1993-10-08	1.72	1.72	1.71	1.72	411300
1993-10-11	1.72	1.73	1.72	1.73	94500
1993-10-12	1.76	1.76	1.72	1.72	207900
1993-10-13	1.76	1.76	1.75	1.76	68400
1993-10-14	1.77	1.77	1.75	1.75	892800
1993-10-15	1.77	1.77	1.77	1.77	692100
1993-10-18	1.77	1.77	1.77	1.77	198000
1993-10-19	1.77	1.77	1.77	1.77	104400
1993-10-20	1.74	1.77	1.74	1.77	1392300
1993-10-21	1.76	1.77	1.74	1.75	432000
1993-10-22	1.77	1.77	1.76	1.76	320400
1993-10-25	1.74	1.75	1.72	1.75	727200
1993-10-26	1.72	1.72	1.71	1.72	534600
1993-10-27	1.73	1.73	1.72	1.72	609300
1993-10-28	1.74	1.74	1.73	1.74	149400
1993-10-29	1.75	1.75	1.74	1.74	684900
1993-11-01	1.78	1.78	1.75	1.75	361800
1993-11-02	1.79	1.79	1.78	1.79	1069200
1993-11-03	1.81	1.82	1.78	1.78	586800
1993-11-04	1.79	1.81	1.79	1.80	106200
1993-11-05	1.78	1.79	1.77	1.79	146700
1993-11-08	1.77	1.77	1.76	1.77	128700
1993-11-09	1.75	1.77	1.75	1.77	31500
1993-11-10	1.73	1.75	1.73	1.75	261000
1993-11-11	1.72	1.73	1.72	1.73	90900
1993-11-12	1.72	1.72	1.71	1.72	2061900
1993-11-15	1.70	1.74	1.70	1.74	127800
1993-11-16	1.67	1.71	1.67	1.71	357300
1993-11-17	1.68	1.68	1.67	1.67	215100
1993-11-18	1.67	1.68	1.67	1.68	203400
1993-11-19	1.67	1.67	1.66	1.67	270900
1993-11-22	1.65	1.67	1.64	1.67	345600
1993-11-23	1.63	1.65	1.63	1.64	745200
1993-11-24	1.64	1.64	1.63	1.63	276300
1993-11-26	1.63	1.63	1.62	1.63	114300
1993-11-29	1.61	1.62	1.60	1.62	363600
1993-11-30	1.61	1.63	1.61	1.62	619200
1993-12-01	1.63	1.63	1.60	1.62	658800
1993-12-02	1.65	1.65	1.62	1.62	600300
1993-12-03	1.63	1.65	1.63	1.64	369000
1993-12-06	1.65	1.65	1.63	1.63	41400
1993-12-07	1.65	1.65	1.64	1.65	57600
1993-12-08	1.63	1.65	1.62	1.65	125100
1993-12-09	1.63	1.63	1.57	1.62	85500
1993-12-10	1.62	1.63	1.61	1.63	63000
1993-12-13	1.62	1.62	1.61	1.61	72000
1993-12-14	1.61	1.62	1.60	1.62	280800
1993-12-15	1.59	1.62	1.59	1.62	94500
1993-12-16	1.59	1.59	1.58	1.58	89100
1993-12-17	1.59	1.59	1.59	1.59	128700
1993-12-20	1.60	1.60	1.57	1.59	312300
1993-12-21	1.60	1.60	1.59	1.60	108000
1993-12-22	1.60	1.61	1.59	1.61	1044900
1993-12-23	1.61	1.61	1.60	1.61	149400
1993-12-27	1.60	1.62	1.59	1.62	242100
1993-12-28	1.63	1.63	1.60	1.60	670500
1993-12-29	1.61	1.63	1.61	1.63	246600
1993-12-30	1.60	1.62	1.59	1.60	486900
1993-12-31	1.62	1.62	1.59	1.59	468000
1994-01-03	1.64	1.64	1.62	1.63	231300
1994-01-04	1.65	1.65	1.63	1.64	111600
1994-01-05	1.64	1.65	1.63	1.64	996300
1994-01-06	1.64	1.66	1.63	1.65	536400
1994-01-07	1.66	1.66	1.63	1.65	267300
1994-01-10	1.66	1.66	1.66	1.66	67500
1994-01-11	1.67	1.67	1.66	1.66	1193400
1994-01-12	1.68	1.68	1.67	1.68	1735200
1994-01-13	1.69	1.69	1.67	1.68	483300
1994-01-14	1.69	1.69	1.69	1.69	461700
1994-01-17	1.68	1.69	1.68	1.69	64800
1994-01-18	1.68	1.69	1.68	1.68	169200
1994-01-19	1.69	1.69	1.68	1.68	543600
1994-01-20	1.72	1.72	1.69	1.69	137700
1994-01-21	1.72	1.72	1.71	1.72	89100
1994-01-24	1.71	1.71	1.70	1.71	49500
1994-01-25	1.68	1.71	1.67	1.71	99000
1994-01-26	1.68	1.68	1.66	1.68	63900
1994-01-27	1.70	1.70	1.69	1.69	369000
1994-01-28	1.68	1.69	1.65	1.69	51300
1994-01-31	1.67	1.69	1.66	1.69	339300
1994-02-01	1.71	1.71	1.67	1.68	287100
1994-02-02	1.71	1.71	1.70	1.71	620100
1994-02-03	1.71	1.71	1.70	1.71	195300
1994-02-04	1.66	1.71	1.66	1.71	197100
1994-02-07	1.67	1.67	1.64	1.66	95400
1994-02-08	1.66	1.67	1.66	1.67	102600
1994-02-09	1.66	1.66	1.65	1.66	114300
1994-02-10	1.66	1.66	1.65	1.66	97200
1994-02-11	1.64	1.66	1.63	1.65	406800
1994-02-14	1.62	1.62	1.61	1.62	696600
1994-02-15	1.60	1.62	1.59	1.62	391500
1994-02-16	1.60	1.61	1.60	1.60	912600
1994-02-17	1.61	1.62	1.60	1.61	528300
1994-02-18	1.61	1.62	1.61	1.62	123300
1994-02-22	1.65	1.65	1.62	1.62	417600
1994-02-23	1.65	1.66	1.64	1.66	1309500
1994-02-24	1.65	1.65	1.63	1.65	782100
1994-02-25	1.66	1.67	1.64	1.65	763200
1994-02-28	1.68	1.69	1.67	1.68	504000
1994-03-01	1.67	1.69	1.66	1.69	400500
1994-03-02	1.66	1.67	1.65	1.67	552600
1994-03-03	1.66	1.67	1.66	1.66	189900
1994-03-04	1.66	1.67	1.66	1.67	289800
1994-03-07	1.66	1.66	1.66	1.66	41400
1994-03-08	1.66	1.67	1.66	1.66	146700
1994-03-09	1.66	1.67	1.66	1.66	37800
1994-03-10	1.66	1.66	1.64	1.66	299700
1994-03-11	1.65	1.65	1.64	1.65	162900
1994-03-14	1.65	1.65	1.64	1.65	65700
1994-03-15	1.64	1.65	1.64	1.65	31500
1994-03-16	1.64	1.64	1.64	1.64	72000
1994-03-17	1.66	1.66	1.64	1.65	116100
1994-03-18	1.64	1.65	1.64	1.65	85500
1994-03-21	1.65	1.65	1.64	1.64	179100
1994-03-22	1.67	1.67	1.64	1.64	377100
1994-03-23	1.70	1.70	1.67	1.67	103500
1994-03-24	1.69	1.71	1.68	1.69	207000
1994-03-25	1.67	1.70	1.66	1.68	527400
1994-03-28	1.64	1.67	1.63	1.67	336600
1994-03-29	1.62	1.64	1.61	1.64	249300
1994-03-30	1.59	1.62	1.59	1.62	87300
1994-03-31	1.58	1.59	1.56	1.59	518400
1994-04-04	1.53	1.56	1.52	1.56	194400
1994-04-05	1.53	1.56	1.53	1.53	574200
1994-04-06	1.53	1.53	1.52	1.53	186300
1994-04-07	1.55	1.56	1.53	1.54	307800
1994-04-08	1.58	1.58	1.56	1.56	218700
1994-04-11	1.59	1.60	1.58	1.58	607500
1994-04-12	1.59	1.60	1.58	1.59	97200
1994-04-13	1.59	1.60	1.59	1.59	122400
1994-04-14	1.62	1.64	1.60	1.60	691200
1994-04-15	1.65	1.65	1.62	1.62	907200
1994-04-18	1.64	1.66	1.63	1.64	572400
1994-04-19	1.64	1.65	1.64	1.64	495000
1994-04-20	1.66	1.68	1.66	1.68	1070100
1994-04-21	1.67	1.67	1.66	1.67	198000
1994-04-22	1.67	1.68	1.67	1.68	673200
1994-04-25	1.70	1.70	1.67	1.67	1036800
1994-04-26	1.72	1.74	1.72	1.74	181800
1994-04-28	1.68	1.72	1.68	1.72	767700
1994-04-29	1.68	1.68	1.66	1.68	302400
1994-05-02	1.68	1.70	1.68	1.68	1559700
1994-05-03	1.66	1.68	1.66	1.68	652500
1994-05-04	1.65	1.66	1.64	1.66	324900
1994-05-05	1.64	1.66	1.64	1.66	748800
1994-05-06	1.63	1.63	1.60	1.63	295200
1994-05-09	1.60	1.64	1.60	1.64	1188900
1994-05-10	1.62	1.62	1.62	1.62	483300
1994-05-11	1.61	1.62	1.60	1.62	95400
1994-05-12	1.60	1.61	1.60	1.60	2250000
1994-05-13	1.62	1.62	1.61	1.61	1054800
1994-05-16	1.62	1.63	1.62	1.62	1406700
1994-05-17	1.62	1.62	1.61	1.62	216000
1994-05-18	1.62	1.62	1.61	1.62	1224000
1994-05-19	1.61	1.62	1.60	1.61	517500
1994-05-20	1.60	1.62	1.59	1.62	802800
1994-05-23	1.62	1.64	1.60	1.60	359100
1994-05-24	1.61	1.62	1.61	1.62	1130400
1994-05-25	1.60	1.61	1.59	1.61	675900
1994-05-26	1.60	1.60	1.59	1.60	267300
1994-05-27	1.63	1.63	1.61	1.62	926100
1994-05-31	1.66	1.66	1.63	1.63	162000
1994-06-01	1.65	1.66	1.63	1.65	474300
1994-06-02	1.67	1.67	1.64	1.64	767700
1994-06-03	1.67	1.67	1.66	1.66	666000
1994-06-06	1.67	1.68	1.66	1.66	545400
1994-06-07	1.67	1.68	1.66	1.68	394200
1994-06-08	1.64	1.68	1.64	1.68	432000
1994-06-09	1.65	1.65	1.64	1.65	358200
1994-06-10	1.65	1.66	1.64	1.65	321300
1994-06-13	1.64	1.65	1.63	1.65	305100
1994-06-14	1.64	1.64	1.63	1.64	50400
1994-06-15	1.62	1.63	1.60	1.63	447300
1994-06-16	1.61	1.62	1.59	1.61	513900
1994-06-17	1.61	1.62	1.61	1.62	189000
1994-06-20	1.60	1.60	1.59	1.60	253800
1994-06-21	1.57	1.60	1.56	1.60	384300
1994-06-22	1.60	1.60	1.58	1.58	321300
1994-06-23	1.58	1.59	1.58	1.59	404100
1994-06-24	1.57	1.58	1.57	1.57	112500
1994-06-27	1.58	1.58	1.56	1.58	316800
1994-06-28	1.58	1.59	1.57	1.58	514800
1994-06-29	1.57	1.58	1.57	1.58	531900
1994-06-30	1.58	1.58	1.58	1.58	63000
1994-07-01	1.58	1.58	1.57	1.58	166500
1994-07-05	1.58	1.60	1.58	1.59	609300
1994-07-06	1.58	1.59	1.58	1.59	557100
1994-07-07	1.62	1.62	1.58	1.59	1945800
1994-07-08	1.61	1.62	1.60	1.62	315900
1994-07-11	1.62	1.63	1.60	1.61	558000
1994-07-12	1.62	1.63	1.62	1.62	1432800
1994-07-13	1.62	1.62	1.62	1.62	1009800
1994-07-14	1.59	1.62	1.59	1.62	808200
1994-07-15	1.59	1.59	1.58	1.59	704700
1994-07-18	1.58	1.60	1.58	1.60	656100
1994-07-19	1.60	1.60	1.58	1.58	2453400
1994-07-20	1.60	1.61	1.60	1.61	497700
1994-07-21	1.60	1.63	1.59	1.60	1416600
1994-07-22	1.63	1.63	1.59	1.59	722700
1994-07-25	1.62	1.64	1.62	1.62	360900
1994-07-26	1.61	1.63	1.60	1.62	228600
1994-07-27	1.59	1.60	1.59	1.60	357300
1994-07-28	1.60	1.61	1.59	1.59	386100
1994-07-29	1.62	1.62	1.60	1.61	445500
1994-08-01	1.61	1.62	1.61	1.61	216000
1994-08-02	1.60	1.62	1.60	1.61	960300
1994-08-03	1.62	1.63	1.62	1.62	314100
1994-08-04	1.62	1.64	1.62	1.63	222300
1994-08-05	1.60	1.62	1.60	1.62	839700
1994-08-08	1.60	1.61	1.60	1.60	426600
1994-08-09	1.63	1.63	1.61	1.61	171000
1994-08-10	1.62	1.63	1.61	1.63	1026000
1994-08-11	1.62	1.62	1.61	1.62	215100
1994-08-12	1.61	1.62	1.61	1.62	166500
1994-08-15	1.61	1.62	1.61	1.62	143100
1994-08-16	1.61	1.61	1.60	1.61	63900
1994-08-17	1.61	1.62	1.60	1.62	422100
1994-08-18	1.61	1.61	1.60	1.61	116100
1994-08-19	1.61	1.61	1.60	1.60	351900
1994-08-22	1.61	1.62	1.60	1.60	368100
1994-08-23	1.63	1.64	1.60	1.60	149400
1994-08-24	1.65	1.66	1.63	1.64	429300
1994-08-25	1.65	1.65	1.64	1.65	506700
1994-08-26	1.66	1.66	1.66	1.66	126000
1994-08-29	1.69	1.71	1.66	1.66	182700
1994-08-30	1.70	1.70	1.69	1.69	468000
1994-08-31	1.69	1.71	1.69	1.71	92700
1994-09-01	1.71	1.71	1.69	1.70	239400
1994-09-02	1.72	1.73	1.71	1.72	819900
1994-09-06	1.74	1.74	1.71	1.72	279000
1994-09-07	1.75	1.76	1.74	1.76	318600
1994-09-08	1.76	1.77	1.74	1.76	882900
1994-09-09	1.76	1.76	1.76	1.76	369900
1994-09-12	1.76	1.76	1.76	1.76	173700
1994-09-13	1.78	1.78	1.76	1.76	520200
1994-09-14	1.77	1.78	1.76	1.78	853200
1994-09-15	1.78	1.78	1.77	1.77	426600
1994-09-16	1.80	1.80	1.78	1.78	491400
1994-09-19	1.81	1.81	1.79	1.80	124200
1994-09-20	1.78	1.81	1.78	1.80	498600
1994-09-21	1.78	1.79	1.77	1.78	587700
1994-09-22	1.75	1.78	1.74	1.78	356400
1994-09-23	1.76	1.76	1.75	1.75	428400
1994-09-26	1.75	1.77	1.75	1.76	118800
1994-09-27	1.75	1.76	1.74	1.76	205200
1994-09-28	1.75	1.76	1.74	1.75	242100
1994-09-29	1.74	1.75	1.74	1.75	233100
1994-09-30	1.76	1.76	1.74	1.74	536400
1994-10-03	1.79	1.80	1.76	1.76	1093500
1994-10-04	1.78	1.84	1.78	1.80	1486800
1994-10-05	1.82	1.82	1.77	1.78	533700
1994-10-06	1.86	1.87	1.82	1.82	1861200
1994-10-07	1.90	1.91	1.86	1.86	2974500
1994-10-10	1.89	1.91	1.89	1.90	357300
1994-10-11	1.88	1.89	1.87	1.89	1577700
1994-10-12	1.88	1.88	1.86	1.88	915300
1994-10-13	1.87	1.89	1.86	1.88	474300
1994-10-14	1.86	1.86	1.85	1.86	407700
1994-10-17	1.88	1.88	1.86	1.86	300600
1994-10-18	1.85	1.87	1.85	1.87	1478700
1994-10-19	1.84	1.86	1.84	1.86	1879200
1994-10-20	1.88	1.88	1.84	1.85	3150900
1994-10-21	1.86	1.86	1.85	1.86	1486800
1994-10-24	1.85	1.86	1.85	1.85	1026000
1994-10-25	1.85	1.85	1.84	1.84	1528200
1994-10-26	1.86	1.86	1.85	1.85	1632600
1994-10-27	1.91	1.91	1.86	1.86	1881900
1994-10-28	1.93	1.94	1.90	1.90	3353400
1994-10-31	1.96	1.96	1.93	1.94	2569500
1994-11-01	1.94	1.95	1.93	1.95	814500
1994-11-02	1.94	1.95	1.93	1.94	1319400
1994-11-03	1.93	1.95	1.93	1.93	744300
1994-11-04	1.92	1.94	1.92	1.93	534600
1994-11-07	1.93	1.93	1.91	1.91	624600
1994-11-08	1.93	1.94	1.93	1.93	175500
1994-11-09	1.96	1.96	1.93	1.94	708300
1994-11-10	1.95	1.96	1.95	1.96	2174400
1994-11-11	1.91	1.94	1.91	1.93	1174500
1994-11-14	1.89	1.92	1.89	1.92	306900
1994-11-15	1.87	1.89	1.87	1.88	828900
1994-11-16	1.88	1.89	1.86	1.86	721800
1994-11-17	1.88	1.89	1.87	1.88	747000
1994-11-18	1.86	1.88	1.86	1.87	378900
1994-11-21	1.84	1.86	1.84	1.86	526500
1994-11-22	1.85	1.85	1.84	1.84	244800
1994-11-23	1.84	1.85	1.84	1.85	1292400
1994-11-25	1.85	1.85	1.84	1.85	154800
1994-11-28	1.83	1.86	1.83	1.86	1491300
1994-11-29	1.84	1.84	1.83	1.84	990900
1994-11-30	1.84	1.85	1.83	1.83	233100
1994-12-01	1.87	1.88	1.85	1.85	2095200
1994-12-02	1.87	1.87	1.86	1.86	1573200
1994-12-05	1.86	1.87	1.86	1.87	1466100
1994-12-06	1.83	1.86	1.83	1.86	367200
1994-12-07	1.82	1.83	1.81	1.83	444600
1994-12-08	1.79	1.81	1.79	1.81	738900
1994-12-09	1.78	1.79	1.77	1.79	441000
1994-12-12	1.77	1.78	1.76	1.78	540000
1994-12-13	1.77	1.78	1.77	1.77	36900
1994-12-14	1.77	1.78	1.77	1.77	1119600
1994-12-15	1.79	1.79	1.77	1.79	247500
1994-12-16	1.79	1.80	1.78	1.80	215100
1994-12-19	1.79	1.79	1.78	1.78	728100
1994-12-20	1.80	1.81	1.80	1.80	394200
1994-12-21	1.82	1.83	1.80	1.80	1342800
1994-12-22	1.83	1.83	1.81	1.82	2464200
1994-12-23	1.84	1.84	1.83	1.83	408600
1994-12-27	1.84	1.84	1.83	1.84	144900
1994-12-28	1.83	1.84	1.83	1.84	586800
1994-12-29	1.83	1.83	1.82	1.83	117000
1994-12-30	1.83	1.83	1.83	1.83	189000
1995-01-03	1.82	1.83	1.82	1.83	62100
1995-01-04	1.83	1.83	1.81	1.81	443700
1995-01-05	1.83	1.83	1.82	1.83	344700
1995-01-06	1.81	1.83	1.80	1.82	590400
1995-01-09	1.79	1.81	1.78	1.81	669600
1995-01-10	1.80	1.80	1.79	1.79	1026900
1995-01-11	1.79	1.81	1.79	1.81	190800
1995-01-12	1.80	1.80	1.79	1.80	975600
1995-01-13	1.79	1.81	1.77	1.79	1599300
1995-01-16	1.79	1.79	1.78	1.78	296100
1995-01-17	1.79	1.79	1.78	1.79	699300
1995-01-18	1.79	1.79	1.77	1.79	1930500
1995-01-19	1.79	1.80	1.79	1.79	1203300
1995-01-20	1.81	1.82	1.79	1.79	999900
1995-01-23	1.83	1.83	1.80	1.82	1769400
1995-01-24	1.82	1.83	1.81	1.83	1405800
1995-01-25	1.85	1.86	1.81	1.81	876600
1995-01-26	1.85	1.86	1.83	1.86	276300
1995-01-27	1.83	1.84	1.83	1.84	531000
1995-01-30	1.82	1.83	1.81	1.83	299700
1995-01-31	1.82	1.83	1.81	1.81	329400
1995-02-01	1.83	1.83	1.83	1.83	278100
1995-02-02	1.83	1.83	1.82	1.83	378900
1995-02-03	1.83	1.84	1.83	1.83	320400
1995-02-06	1.84	1.85	1.84	1.85	342000
1995-02-07	1.84	1.85	1.83	1.85	196200
1995-02-08	1.84	1.84	1.83	1.84	44100
1995-02-09	1.83	1.84	1.82	1.83	140400
1995-02-10	1.82	1.83	1.82	1.83	167400
1995-02-13	1.81	1.83	1.81	1.83	535500
1995-02-14	1.82	1.82	1.81	1.82	315900
1995-02-15	1.83	1.83	1.81	1.81	1537200
1995-02-16	1.81	1.83	1.81	1.83	504900
1995-02-17	1.82	1.82	1.81	1.81	242100
1995-02-21	1.83	1.83	1.82	1.82	181800
1995-02-22	1.85	1.86	1.84	1.84	1528200
1995-02-23	1.86	1.86	1.85	1.85	218700
1995-02-24	1.84	1.85	1.83	1.84	172800
1995-02-27	1.86	1.86	1.83	1.84	558000
1995-02-28	1.88	1.88	1.86	1.86	229500
1995-03-01	1.86	1.88	1.86	1.88	1314900
1995-03-02	1.83	1.85	1.81	1.85	508500
1995-03-03	1.83	1.85	1.83	1.84	81000
1995-03-06	1.86	1.87	1.85	1.85	488700
1995-03-07	1.88	1.88	1.86	1.87	295200
1995-03-08	1.92	1.92	1.89	1.90	513900
1995-03-09	1.93	1.94	1.92	1.92	3078900
1995-03-10	1.93	1.94	1.93	1.94	118800
1995-03-13	1.95	1.95	1.93	1.94	276300
1995-03-14	1.96	1.96	1.94	1.96	287100
1995-03-15	1.97	1.98	1.97	1.97	444600
1995-03-16	1.95	1.97	1.94	1.97	143100
1995-03-17	1.95	1.97	1.92	1.94	889200
1995-03-20	1.98	1.98	1.97	1.97	418500
1995-03-21	1.98	1.99	1.97	1.97	564300
1995-03-22	1.97	1.99	1.97	1.98	209700
1995-03-23	1.99	1.99	1.97	1.97	565200
1995-03-24	1.99	2.00	1.97	1.99	402300
1995-03-27	2.01	2.01	1.99	1.99	623700
1995-03-28	2.00	2.01	1.99	2.01	1659600
1995-03-29	2.02	2.02	1.99	1.99	474300
1995-03-30	2.03	2.04	2.02	2.02	1176300
1995-03-31	2.00	2.01	1.99	2.01	279000
1995-04-03	1.99	2.00	1.99	1.99	729000
1995-04-04	2.01	2.01	2.00	2.00	303300
1995-04-05	2.01	2.03	2.01	2.01	1372500
1995-04-06	2.04	2.04	2.01	2.01	1037700
1995-04-07	2.02	2.04	2.01	2.03	1398600
1995-04-10	2.04	2.04	2.01	2.01	252900
1995-04-11	1.99	2.04	1.99	2.04	832500
1995-04-12	2.00	2.01	2.00	2.01	2086200
1995-04-13	2.00	2.00	1.99	1.99	726300
1995-04-17	2.00	2.01	2.00	2.00	340200
1995-04-18	1.99	2.00	1.98	2.00	331200
1995-04-19	1.99	2.00	1.99	1.99	603000
1995-04-20	1.99	2.00	1.99	2.00	3845700
1995-04-21	1.99	2.00	1.98	2.00	2533500
1995-04-24	2.00	2.01	1.97	1.98	722700
1995-04-25	2.01	2.01	2.00	2.00	1230300
1995-04-26	2.01	2.01	2.00	2.01	495900
1995-04-27	2.01	2.01	2.00	2.00	767700
1995-04-28	2.01	2.01	1.99	2.01	666900
1995-05-01	2.06	2.06	2.01	2.01	4554000
1995-05-02	2.04	2.07	2.04	2.06	669600
1995-05-03	2.04	2.05	2.03	2.04	523800
1995-05-04	2.06	2.06	2.03	2.04	1448100
1995-05-05	2.08	2.08	2.06	2.07	686700
1995-05-08	2.06	2.08	2.06	2.08	588600
1995-05-09	2.07	2.07	2.06	2.06	268200
1995-05-10	2.07	2.08	2.06	2.07	719100
1995-05-11	2.08	2.09	2.06	2.06	1075500
1995-05-12	2.10	2.10	2.08	2.08	831600
1995-05-15	2.12	2.12	2.09	2.11	1668600
1995-05-16	2.15	2.15	2.12	2.13	2440800
1995-05-17	2.13	2.15	2.13	2.15	1761300
1995-05-18	2.12	2.13	2.12	2.13	594900
1995-05-19	2.12	2.12	2.11	2.12	607500
1995-05-22	2.13	2.13	2.11	2.12	382500
1995-05-23	2.15	2.17	2.12	2.12	1143900
1995-05-24	2.13	2.17	2.12	2.15	833400
1995-05-25	2.13	2.14	2.12	2.13	2274300
1995-05-26	2.14	2.15	2.13	2.14	1170900
1995-05-30	2.21	2.22	2.16	2.16	2474100
1995-05-31	2.21	2.22	2.20	2.21	1188000
1995-06-01	2.19	2.21	2.19	2.21	368100
1995-06-02	2.18	2.19	2.17	2.19	353700
1995-06-05	2.18	2.18	2.17	2.18	795600
1995-06-06	2.17	2.18	2.17	2.17	875700
1995-06-07	2.16	2.17	2.16	2.16	524700
1995-06-08	2.17	2.17	2.15	2.16	456300
1995-06-09	2.15	2.17	2.15	2.17	410400
1995-06-12	2.15	2.17	2.15	2.15	297900
1995-06-13	2.14	2.17	2.14	2.15	288000
1995-06-14	2.14	2.14	2.13	2.14	452700
1995-06-15	2.14	2.15	2.14	2.14	277200
1995-06-16	2.14	2.14	2.14	2.14	338400
1995-06-19	2.15	2.15	2.14	2.15	364500
1995-06-20	2.15	2.15	2.14	2.15	710100
1995-06-21	2.11	2.15	2.10	2.14	1937700
1995-06-22	2.07	2.11	2.07	2.11	790200
1995-06-23	2.05	2.07	2.05	2.06	1253700
1995-06-26	2.05	2.07	2.05	2.06	635400
1995-06-27	2.05	2.07	2.05	2.05	995400
1995-06-28	2.08	2.09	2.05	2.05	469800
1995-06-29	2.08	2.09	2.07	2.08	448200
1995-06-30	2.11	2.12	2.08	2.08	629100
1995-07-03	2.10	2.11	2.09	2.11	459000
1995-07-05	2.09	2.11	2.08	2.11	810900
1995-07-06	2.07	2.09	2.06	2.09	832500
1995-07-07	2.06	2.07	2.05	2.07	598500
1995-07-10	2.08	2.09	2.07	2.07	1226700
1995-07-11	2.07	2.08	2.07	2.07	1128600
1995-07-12	2.07	2.08	2.07	2.07	2657700
1995-07-13	2.07	2.08	2.07	2.08	136800
1995-07-14	2.08	2.09	2.07	2.07	1016100
1995-07-17	2.08	2.09	2.05	2.09	569700
1995-07-18	2.07	2.08	2.07	2.08	820800
1995-07-19	2.05	2.08	2.04	2.07	786600
1995-07-20	2.01	2.05	2.01	2.05	1423800
1995-07-21	2.01	2.02	2.00	2.02	689400
1995-07-24	2.04	2.04	2.01	2.02	3037500
1995-07-25	2.05	2.10	2.04	2.05	2261700
1995-07-26	2.05	2.05	2.04	2.05	909900
1995-07-27	2.06	2.06	2.05	2.05	2454300
1995-07-28	2.04	2.05	2.04	2.05	790200
1995-07-31	2.04	2.05	2.03	2.04	3511800
1995-08-01	2.04	2.05	2.04	2.05	1574100
1995-08-02	2.06	2.07	2.05	2.05	740700
1995-08-03	2.07	2.07	2.06	2.06	547200
1995-08-04	2.08	2.08	2.07	2.07	341100
1995-08-07	2.07	2.09	2.07	2.08	423900
1995-08-08	2.05	2.08	2.04	2.07	440100
1995-08-09	2.05	2.05	2.04	2.05	472500
1995-08-10	2.04	2.05	2.04	2.05	675900
1995-08-11	2.02	2.04	2.02	2.04	614700
1995-08-14	2.05	2.05	2.02	2.02	243000
1995-08-15	2.05	2.05	2.03	2.05	416700
1995-08-16	2.05	2.05	2.04	2.05	836100
1995-08-17	2.05	2.05	2.03	2.05	742500
1995-08-18	2.02	2.04	2.02	2.04	6840900
1995-08-21	2.02	2.02	2.00	2.01	882900
1995-08-22	2.03	2.04	2.02	2.02	1391400
1995-08-23	2.04	2.05	2.02	2.02	522900
1995-08-24	2.07	2.07	2.03	2.04	466200
1995-08-25	2.08	2.10	2.07	2.07	746100
1995-08-28	2.09	2.09	2.07	2.07	469800
1995-08-29	2.08	2.09	2.07	2.09	385200
1995-08-30	2.08	2.11	2.07	2.11	585000
1995-08-31	2.06	2.08	2.06	2.07	482400
1995-09-01	2.09	2.09	2.06	2.07	492300
1995-09-05	2.12	2.12	2.08	2.09	620100
1995-09-06	2.12	2.15	2.12	2.12	895500
1995-09-07	2.12	2.12	2.11	2.12	254700
1995-09-08	2.13	2.13	2.12	2.12	205200
1995-09-11	2.12	2.13	2.12	2.13	150300
1995-09-12	2.12	2.12	2.12	2.12	303300
1995-09-13	2.10	2.12	2.10	2.12	497700
1995-09-14	2.10	2.10	2.08	2.09	369900
1995-09-15	2.10	2.12	2.10	2.10	746100
1995-09-18	2.10	2.11	2.10	2.10	456300
1995-09-19	2.10	2.11	2.10	2.10	395100
1995-09-20	2.13	2.13	2.10	2.10	431100
1995-09-21	2.10	2.13	2.10	2.13	206100
1995-09-22	2.10	2.10	2.10	2.10	217800
1995-09-25	2.12	2.12	2.09	2.10	589500
1995-09-26	2.12	2.12	2.11	2.11	231300
1995-09-27	2.12	2.12	2.11	2.12	298800
1995-09-28	2.13	2.14	2.10	2.12	750600
1995-09-29	2.15	2.15	2.12	2.13	1313100
1995-10-02	2.10	2.14	2.10	2.13	1493100
1995-10-03	2.07	2.10	2.06	2.10	1161900
1995-10-04	2.05	2.06	2.04	2.05	1811700
1995-10-05	2.05	2.06	2.04	2.05	717300
1995-10-06	2.02	2.05	2.02	2.05	657000
1995-10-09	2.04	2.04	2.01	2.03	452700
1995-10-10	2.04	2.04	2.01	2.02	723600
1995-10-11	2.04	2.05	2.04	2.04	288000
1995-10-12	2.04	2.05	2.04	2.04	448200
1995-10-13	2.05	2.06	2.04	2.04	1743300
1995-10-16	2.07	2.07	2.05	2.06	271800
1995-10-17	2.06	2.07	2.05	2.07	613800
1995-10-18	2.06	2.07	2.05	2.06	1416600
1995-10-19	2.09	2.10	2.05	2.05	627300
1995-10-20	2.07	2.08	2.05	2.08	324900
1995-10-23	2.05	2.07	2.04	2.07	2630700
1995-10-24	2.04	2.05	2.04	2.05	2503800
1995-10-25	2.05	2.05	2.03	2.04	1175400
1995-10-26	2.07	2.07	2.04	2.04	2003400
1995-10-27	2.08	2.09	2.06	2.07	351000
1995-10-30	2.08	2.10	2.07	2.09	593100
1995-10-31	2.10	2.12	2.10	2.11	1337400
1995-11-01	2.08	2.10	2.08	2.10	207900
1995-11-02	2.11	2.12	2.08	2.08	389700
1995-11-03	2.12	2.12	2.11	2.11	678600
1995-11-06	2.10	2.12	2.10	2.11	288000
1995-11-07	2.09	2.12	2.08	2.11	1012500
1995-11-08	2.10	2.10	2.09	2.10	519300
1995-11-09	2.08	2.10	2.07	2.10	2479500
1995-11-10	2.08	2.09	2.07	2.08	1399500
1995-11-13	2.11	2.11	2.07	2.07	244800
1995-11-14	2.07	2.10	2.07	2.10	346500
1995-11-15	2.05	2.07	2.05	2.06	1741500
1995-11-16	2.05	2.06	2.04	2.05	824400
1995-11-17	2.07	2.11	2.05	2.06	1150200
1995-11-20	2.05	2.08	2.05	2.08	566100
1995-11-21	2.02	2.05	2.01	2.05	1611900
1995-11-22	2.05	2.06	2.02	2.02	751500
1995-11-24	2.06	2.06	2.05	2.05	429300
1995-11-27	2.03	2.06	2.03	2.06	1311300
1995-11-28	2.05	2.05	2.02	2.03	1117800
1995-11-29	2.02	2.05	2.02	2.05	669600
1995-11-30	2.04	2.05	2.03	2.04	3324600
1995-12-01	2.02	2.04	2.02	2.03	1261800
1995-12-04	2.03	2.03	2.01	2.02	357300
1995-12-05	2.02	2.04	2.02	2.03	608400
1995-12-06	1.99	2.03	1.99	2.02	1006200
1995-12-07	1.99	1.99	1.98	1.99	275400
1995-12-08	1.99	2.00	1.97	1.99	310500
1995-12-11	2.05	2.05	1.99	1.99	789300
1995-12-12	2.03	2.07	2.03	2.05	367200
1995-12-13	2.04	2.04	2.02	2.03	335700
1995-12-14	2.05	2.05	2.03	2.04	738000
1995-12-15	2.06	2.08	2.04	2.05	420300
1995-12-18	2.05	2.06	2.04	2.06	248400
1995-12-19	2.05	2.06	2.04	2.05	864000
1995-12-20	2.05	2.07	2.02	2.04	1622700
1995-12-21	2.06	2.06	2.05	2.05	667800
1995-12-22	2.07	2.07	2.06	2.06	493200
1995-12-26	2.07	2.08	2.07	2.07	351000
1995-12-27	2.07	2.07	2.07	2.07	262800
1995-12-28	2.08	2.09	2.07	2.07	306000
1995-12-29	2.11	2.11	2.09	2.09	411300
1996-01-02	2.14	2.14	2.11	2.12	990000
1996-01-03	2.16	2.18	2.15	2.15	1265400
1996-01-04	2.15	2.15	2.15	2.15	170100
1996-01-05	2.15	2.15	2.13	2.15	1561500
1996-01-08	2.15	2.16	2.15	2.16	107100
1996-01-09	2.15	2.16	2.15	2.16	483300
1996-01-10	2.11	2.15	2.11	2.15	898200
1996-01-11	2.10	2.13	2.09	2.12	2005200
1996-01-12	2.10	2.10	2.10	2.10	151200
1996-01-15	2.07	2.10	2.07	2.09	635400
1996-01-16	2.07	2.07	2.06	2.07	167400
1996-01-17	2.07	2.07	2.07	2.07	358200
1996-01-18	2.07	2.08	2.06	2.07	531000
1996-01-19	2.07	2.08	2.07	2.07	1002600
1996-01-22	2.06	2.07	2.05	2.07	739800
1996-01-23	2.05	2.06	2.04	2.06	1395000
1996-01-24	2.08	2.08	2.05	2.05	1052100
1996-01-25	2.07	2.08	2.07	2.07	1342800
1996-01-26	2.07	2.08	2.07	2.07	182700
1996-01-29	2.08	2.08	2.07	2.07	961200
1996-01-30	2.10	2.11	2.07	2.08	3067200
1996-01-31	2.12	2.13	2.10	2.10	395100
1996-02-01	2.15	2.17	2.13	2.13	2068200
1996-02-02	2.15	2.16	2.15	2.15	854100
1996-02-05	2.16	2.16	2.15	2.15	241200
1996-02-06	2.17	2.17	2.15	2.16	842400
1996-02-07	2.17	2.17	2.16	2.17	1437300
1996-02-08	2.18	2.18	2.15	2.17	1262700
1996-02-09	2.19	2.19	2.17	2.18	1298700
1996-02-12	2.19	2.20	2.18	2.19	328500
1996-02-13	2.19	2.20	2.18	2.18	587700
1996-02-14	2.18	2.19	2.18	2.19	980100
1996-02-15	2.18	2.18	2.18	2.18	290700
1996-02-16	2.19	2.19	2.17	2.18	429300
1996-02-20	2.21	2.21	2.18	2.19	1279800
1996-02-21	2.19	2.20	2.18	2.20	685800
1996-02-22	2.20	2.21	2.19	2.20	460800
1996-02-23	2.15	2.20	2.14	2.19	1064700
1996-02-26	2.16	2.16	2.15	2.16	251100
1996-02-27	2.15	2.16	2.15	2.15	552600
1996-02-28	2.16	2.17	2.15	2.16	747900
1996-02-29	2.16	2.18	2.16	2.17	544500
1996-03-01	2.16	2.18	2.16	2.17	264600
1996-03-04	2.16	2.18	2.15	2.16	534600
1996-03-05	2.17	2.18	2.16	2.16	237600
1996-03-06	2.18	2.18	2.17	2.18	592200
1996-03-07	2.16	2.19	2.16	2.19	897300
1996-03-08	2.13	2.16	2.13	2.15	328500
1996-03-11	2.16	2.16	2.12	2.12	125100
1996-03-12	2.15	2.16	2.14	2.16	277200
1996-03-13	2.17	2.17	2.15	2.15	897300
1996-03-14	2.19	2.20	2.16	2.17	800100
1996-03-15	2.19	2.19	2.18	2.18	1260000
1996-03-18	2.20	2.21	2.19	2.20	1277100
1996-03-19	2.21	2.22	2.20	2.20	823500
1996-03-20	2.21	2.23	2.21	2.21	755100
1996-03-21	2.21	2.22	2.18	2.21	527400
1996-03-22	2.18	2.20	2.18	2.18	1067400
1996-03-25	2.19	2.20	2.18	2.19	376200
1996-03-26	2.22	2.23	2.19	2.19	3394800
1996-03-27	2.30	2.31	2.23	2.23	1514700
1996-03-28	2.30	2.30	2.28	2.30	776700
1996-03-29	2.34	2.38	2.33	2.33	2212200
1996-04-01	2.35	2.37	2.34	2.34	1827000
1996-04-02	2.35	2.37	2.34	2.35	4166100
1996-04-03	2.35	2.35	2.35	2.35	805500
1996-04-04	2.36	2.37	2.35	2.35	1854900
1996-04-08	2.35	2.36	2.34	2.36	297900
1996-04-09	2.39	2.41	2.36	2.36	1518300
1996-04-10	2.41	2.42	2.38	2.38	1085400
1996-04-11	2.44	2.45	2.41	2.41	751500
1996-04-12	2.41	2.45	2.41	2.44	729000
1996-04-15	2.44	2.44	2.40	2.41	741600
1996-04-16	2.41	2.44	2.41	2.44	484200
1996-04-17	2.42	2.42	2.41	2.41	415800
1996-04-18	2.41	2.44	2.41	2.44	523800
1996-04-19	2.41	2.44	2.41	2.43	972000
1996-04-22	2.41	2.41	2.40	2.40	194400
1996-04-23	2.38	2.41	2.38	2.41	2206800
1996-04-24	2.37	2.39	2.36	2.38	1611000
1996-04-25	2.35	2.36	2.34	2.36	1467900
1996-04-26	2.38	2.38	2.33	2.35	298800
1996-04-29	2.41	2.41	2.38	2.38	1503000
1996-04-30	2.40	2.41	2.39	2.41	287100
1996-05-01	2.38	2.40	2.38	2.40	225900
1996-05-02	2.36	2.38	2.36	2.38	135000
1996-05-03	2.35	2.37	2.35	2.35	287100
1996-05-06	2.33	2.35	2.33	2.35	180000
1996-05-07	2.33	2.35	2.33	2.33	306000
1996-05-08	2.32	2.33	2.30	2.32	499500
1996-05-09	2.34	2.34	2.31	2.31	1208700
1996-05-10	2.39	2.41	2.36	2.37	1605600
1996-05-13	2.47	2.47	2.41	2.41	1396800
1996-05-14	2.50	2.53	2.50	2.53	1260000
1996-05-15	2.52	2.53	2.51	2.51	1493100
1996-05-16	2.48	2.52	2.47	2.51	669600
1996-05-17	2.50	2.50	2.47	2.48	450900
1996-05-20	2.54	2.54	2.47	2.48	1264500
1996-05-21	2.53	2.55	2.51	2.55	922500
1996-05-22	2.53	2.53	2.51	2.53	449100
1996-05-23	2.53	2.53	2.53	2.53	506700
1996-05-24	2.53	2.54	2.53	2.54	261000
1996-05-28	2.55	2.55	2.53	2.54	593100
1996-05-29	2.58	2.58	2.55	2.55	1824300
1996-05-30	2.61	2.61	2.58	2.59	915300
1996-05-31	2.61	2.61	2.60	2.61	1016100
1996-06-03	2.60	2.61	2.59	2.61	1366200
1996-06-04	2.58	2.60	2.56	2.59	355500
1996-06-05	2.51	2.58	2.49	2.57	1440000
1996-06-06	2.49	2.50	2.49	2.50	353700
1996-06-07	2.49	2.49	2.48	2.49	442800
1996-06-10	2.49	2.51	2.48	2.49	420300
1996-06-11	2.43	2.48	2.43	2.48	693900
1996-06-12	2.43	2.43	2.41	2.43	369900
1996-06-13	2.43	2.43	2.42	2.43	117900
1996-06-14	2.44	2.46	2.43	2.43	233100
1996-06-17	2.43	2.43	2.42	2.43	105300
1996-06-18	2.43	2.45	2.43	2.44	417600
1996-06-19	2.49	2.52	2.41	2.43	991800
1996-06-20	2.47	2.49	2.47	2.49	837000
1996-06-21	2.44	2.48	2.44	2.48	630000
1996-06-24	2.46	2.47	2.44	2.44	417600
1996-06-25	2.53	2.57	2.53	2.55	1799100
1996-06-26	2.51	2.53	2.50	2.53	904500
1996-06-27	2.52	2.52	2.49	2.49	1028700
1996-06-28	2.53	2.53	2.51	2.52	1202400
1996-07-01	2.56	2.57	2.52	2.53	1065600
1996-07-02	2.55	2.56	2.54	2.56	2250900
1996-07-03	2.55	2.56	2.55	2.55	481500
1996-07-05	2.53	2.55	2.52	2.55	114300
1996-07-08	2.52	2.54	2.52	2.53	421200
1996-07-09	2.55	2.55	2.52	2.52	313200
1996-07-10	2.55	2.55	2.53	2.54	531900
1996-07-11	2.53	2.55	2.52	2.55	257400
1996-07-12	2.52	2.53	2.50	2.53	685800
1996-07-15	2.49	2.52	2.49	2.52	328500
1996-07-16	2.43	2.48	2.40	2.48	1613700
1996-07-17	2.49	2.49	2.41	2.46	660600
1996-07-18	2.49	2.51	2.49	2.51	736200
1996-07-19	2.52	2.52	2.49	2.50	891000
1996-07-22	2.50	2.52	2.49	2.52	702000
1996-07-23	2.50	2.51	2.49	2.50	836100
1996-07-24	2.49	2.49	2.48	2.49	1806300
1996-07-25	2.51	2.51	2.49	2.50	2087100
1996-07-26	2.53	2.53	2.51	2.51	1703700
1996-07-29	2.55	2.55	2.52	2.53	1271700
1996-07-30	2.55	2.55	2.54	2.55	2755800
1996-07-31	2.50	2.55	2.50	2.54	386100
1996-08-01	2.53	2.53	2.50	2.50	658800
1996-08-02	2.52	2.54	2.51	2.53	218700
1996-08-05	2.50	2.52	2.50	2.52	148500
1996-08-06	2.49	2.51	2.49	2.51	179100
1996-08-07	2.48	2.49	2.47	2.49	568800
1996-08-08	2.50	2.50	2.47	2.48	334800
1996-08-09	2.52	2.52	2.49	2.50	1349100
1996-08-12	2.54	2.55	2.52	2.52	259200
1996-08-13	2.55	2.55	2.54	2.54	279900
1996-08-14	2.52	2.55	2.52	2.55	491400
1996-08-15	2.53	2.53	2.52	2.52	261000
1996-08-16	2.55	2.55	2.53	2.53	317700
1996-08-19	2.62	2.63	2.58	2.58	1498500
1996-08-20	2.65	2.68	2.61	2.62	1296900
1996-08-21	2.63	2.67	2.60	2.67	640800
1996-08-22	2.61	2.63	2.61	2.63	780300
1996-08-23	2.59	2.61	2.59	2.61	513000
1996-08-26	2.62	2.63	2.59	2.59	371700
1996-08-27	2.61	2.65	2.61	2.63	590400
1996-08-28	2.60	2.62	2.60	2.61	474300
1996-08-29	2.61	2.63	2.61	2.61	271800
1996-08-30	2.60	2.62	2.60	2.62	413100
1996-09-03	2.65	2.66	2.60	2.60	718200
1996-09-04	2.61	2.65	2.59	2.65	726300
1996-09-05	2.59	2.61	2.59	2.61	223200
1996-09-06	2.58	2.60	2.58	2.60	344700
1996-09-09	2.58	2.59	2.55	2.59	810000
1996-09-10	2.59	2.60	2.58	2.58	326700
1996-09-11	2.60	2.61	2.58	2.58	768600
1996-09-12	2.64	2.67	2.61	2.62	1233900
1996-09-13	2.64	2.66	2.64	2.66	361800
1996-09-16	2.60	2.64	2.60	2.64	552600
1996-09-17	2.56	2.63	2.55	2.60	1936800
1996-09-18	2.58	2.58	2.56	2.56	477000
1996-09-19	2.59	2.59	2.57	2.57	323100
1996-09-20	2.58	2.61	2.58	2.59	335700
1996-09-23	2.58	2.58	2.57	2.58	741600
1996-09-24	2.59	2.59	2.58	2.59	313200
1996-09-25	2.60	2.61	2.58	2.58	558900
1996-09-26	2.58	2.61	2.58	2.59	654300
1996-09-27	2.56	2.59	2.56	2.58	1106100
1996-09-30	2.58	2.58	2.55	2.56	509400
1996-10-01	2.56	2.58	2.55	2.57	808200
1996-10-02	2.55	2.57	2.55	2.56	1095300
1996-10-03	2.57	2.58	2.55	2.56	596700
1996-10-04	2.61	2.63	2.58	2.58	559800
1996-10-07	2.65	2.65	2.61	2.61	368100
1996-10-08	2.66	2.68	2.64	2.64	548100
1996-10-09	2.66	2.67	2.64	2.66	214200
1996-10-10	2.66	2.67	2.65	2.65	281700
1996-10-11	2.63	2.67	2.63	2.67	258300
1996-10-14	2.66	2.66	2.64	2.64	222300
1996-10-15	2.66	2.68	2.65	2.67	239400
1996-10-16	2.67	2.68	2.65	2.66	404100
1996-10-17	2.68	2.68	2.66	2.67	289800
1996-10-18	2.74	2.74	2.68	2.68	770400
1996-10-21	2.77	2.78	2.74	2.74	966600
1996-10-22	2.74	2.80	2.74	2.77	728100
1996-10-23	2.71	2.74	2.71	2.74	345600
1996-10-24	2.67	2.71	2.67	2.71	302400
1996-10-25	2.70	2.71	2.67	2.67	691200
1996-10-28	2.68	2.71	2.67	2.71	709200
1996-10-29	2.64	2.69	2.64	2.66	946800
1996-10-30	2.62	2.65	2.62	2.64	477000
1996-10-31	2.67	2.67	2.63	2.63	960300
1996-11-01	2.67	2.69	2.66	2.67	2074500
1996-11-04	2.68	2.68	2.66	2.67	950400
1996-11-05	2.66	2.68	2.66	2.68	1145700
1996-11-06	2.68	2.68	2.66	2.67	376200
1996-11-07	2.67	2.68	2.66	2.68	449100
1996-11-08	2.68	2.68	2.67	2.68	184500
1996-11-11	2.69	2.69	2.68	2.68	245700
1996-11-12	2.71	2.73	2.68	2.68	697500
1996-11-13	2.69	2.70	2.68	2.70	428400
1996-11-14	2.68	2.69	2.68	2.69	191700
1996-11-15	2.67	2.68	2.66	2.68	596700
1996-11-18	2.67	2.68	2.66	2.67	1169100
1996-11-19	2.70	2.71	2.68	2.68	830700
1996-11-20	2.71	2.72	2.70	2.71	985500
1996-11-21	2.71	2.72	2.70	2.71	440100
1996-11-22	2.74	2.74	2.71	2.71	1268100
1996-11-25	2.77	2.77	2.74	2.75	802800
1996-11-26	2.81	2.82	2.77	2.77	601200
1996-11-27	2.79	2.84	2.76	2.81	2066400
1996-11-29	2.78	2.79	2.78	2.78	425700
1996-12-02	2.81	2.81	2.78	2.78	305100
1996-12-03	2.80	2.85	2.80	2.83	676800
1996-12-04	2.78	2.81	2.78	2.80	1525500
1996-12-05	2.78	2.78	2.77	2.78	263700
1996-12-06	2.75	2.76	2.71	2.73	450000
1996-12-09	2.77	2.78	2.76	2.77	504900
1996-12-10	2.75	2.78	2.75	2.78	1753200
1996-12-11	2.70	2.72	2.69	2.72	482400
1996-12-12	2.67	2.71	2.67	2.71	374400
1996-12-13	2.63	2.67	2.61	2.66	1197900
1996-12-16	2.69	2.69	2.65	2.65	445500
1996-12-17	2.65	2.69	2.64	2.69	270000
1996-12-18	2.66	2.67	2.65	2.65	681300
1996-12-19	2.69	2.70	2.67	2.67	206100
1996-12-20	2.70	2.72	2.68	2.69	1746900
1996-12-23	2.75	2.75	2.68	2.68	599400
1996-12-24	2.77	2.79	2.75	2.75	225000
1996-12-26	2.76	2.77	2.76	2.77	145800
1996-12-27	2.82	2.82	2.76	2.76	306900
1996-12-30	2.88	2.91	2.82	2.82	588600
1996-12-31	2.88	2.90	2.88	2.88	805500
1997-01-02	2.88	2.88	2.82	2.88	654300
1997-01-03	2.77	2.86	2.77	2.85	1084500
1997-01-06	2.81	2.83	2.77	2.78	1069200
1997-01-07	2.85	2.85	2.81	2.81	340200
1997-01-08	2.88	2.88	2.85	2.85	780300
1997-01-09	2.87	2.89	2.87	2.88	496800
1997-01-10	2.89	2.90	2.87	2.87	1068300
1997-01-13	2.89	2.91	2.89	2.90	307800
1997-01-14	2.89	2.90	2.85	2.88	482400
1997-01-15	2.95	2.95	2.89	2.89	739800
1997-01-16	2.99	3.00	2.95	2.96	1152900
1997-01-17	3.00	3.01	2.99	3.00	539100
1997-01-20	2.97	3.00	2.96	2.98	296100
1997-01-21	2.95	2.98	2.94	2.96	444600
1997-01-22	2.92	2.96	2.91	2.96	734400
1997-01-23	2.89	2.92	2.89	2.91	864900
1997-01-24	2.89	2.90	2.88	2.90	355500
1997-01-27	2.91	2.92	2.89	2.89	504900
1997-01-28	2.93	2.96	2.91	2.91	972900
1997-01-29	2.95	2.96	2.91	2.93	430200
1997-01-30	2.94	2.95	2.93	2.95	422100
1997-01-31	2.95	2.95	2.91	2.94	983700
1997-02-03	2.97	2.98	2.95	2.95	743400
1997-02-04	2.94	2.97	2.94	2.96	478800
1997-02-05	2.95	2.97	2.94	2.94	792900
1997-02-06	2.94	2.95	2.94	2.95	333000
1997-02-07	2.94	2.94	2.93	2.94	2624400
1997-02-10	2.91	2.94	2.91	2.94	1128600
1997-02-11	2.92	2.92	2.91	2.91	1459800
1997-02-12	2.91	2.93	2.91	2.92	1176300
1997-02-13	2.91	2.92	2.91	2.91	307800
1997-02-14	2.91	2.93	2.91	2.91	660600
1997-02-18	2.90	2.91	2.89	2.90	270900
1997-02-19	2.87	2.90	2.87	2.90	242100
1997-02-20	2.74	2.87	2.73	2.85	1045800
1997-02-21	2.79	2.82	2.72	2.72	838800
1997-02-24	2.82	2.84	2.78	2.78	1089000
1997-02-25	2.81	2.83	2.81	2.82	499500
1997-02-26	2.77	2.81	2.75	2.81	1521000
1997-02-27	2.77	2.79	2.76	2.78	2965500
1997-02-28	2.73	2.76	2.72	2.76	790200
1997-03-03	2.72	2.73	2.70	2.72	765000
1997-03-04	2.76	2.76	2.73	2.73	877500
1997-03-05	2.79	2.79	2.76	2.77	391500
1997-03-06	2.80	2.81	2.79	2.79	764100
1997-03-07	2.81	2.82	2.79	2.80	805500
1997-03-10	2.83	2.83	2.81	2.82	264600
1997-03-11	2.84	2.85	2.83	2.83	409500
1997-03-12	2.89	2.89	2.83	2.84	690300
1997-03-13	2.87	2.90	2.87	2.87	499500
1997-03-14	2.90	2.90	2.86	2.87	305100
1997-03-17	2.88	2.90	2.87	2.90	181800
1997-03-18	2.89	2.90	2.88	2.89	165600
1997-03-19	2.87	2.90	2.86	2.90	571500
1997-03-20	2.86	2.88	2.86	2.87	112500
1997-03-21	2.86	2.86	2.86	2.86	119700
1997-03-24	2.87	2.88	2.86	2.86	610200
1997-03-25	2.91	2.92	2.88	2.88	504000
1997-03-26	2.91	2.93	2.90	2.90	1173600
1997-03-27	2.91	2.93	2.90	2.93	169200
1997-03-31	2.90	2.91	2.88	2.90	351000
1997-04-01	2.88	2.91	2.88	2.91	474300
1997-04-02	2.84	2.90	2.84	2.89	523800
1997-04-03	2.83	2.84	2.80	2.84	673200
1997-04-04	2.79	2.83	2.79	2.83	727200
1997-04-07	2.80	2.83	2.79	2.81	290700
1997-04-08	2.79	2.80	2.76	2.80	487800
1997-04-09	2.81	2.81	2.79	2.79	166500
1997-04-10	2.81	2.82	2.80	2.81	120600
1997-04-11	2.77	2.81	2.77	2.81	135900
1997-04-14	2.79	2.79	2.76	2.77	474300
1997-04-15	2.79	2.80	2.79	2.79	96300
1997-04-16	2.78	2.79	2.78	2.79	274500
1997-04-17	2.80	2.83	2.78	2.79	511200
1997-04-18	2.81	2.81	2.79	2.80	257400
1997-04-21	2.79	2.82	2.79	2.82	646200
1997-04-22	2.76	2.81	2.74	2.79	880200
1997-04-23	2.76	2.77	2.76	2.76	1216800
1997-04-24	2.76	2.78	2.76	2.76	440100
1997-04-25	2.73	2.77	2.72	2.76	666000
1997-04-28	2.73	2.75	2.72	2.73	288000
1997-04-29	2.77	2.77	2.73	2.73	472500
1997-04-30	2.83	2.84	2.76	2.77	869400
1997-05-01	2.85	2.87	2.83	2.83	1426500
1997-05-02	2.87	2.88	2.85	2.85	305100
1997-05-05	2.90	2.90	2.86	2.89	396000
1997-05-06	2.88	2.90	2.88	2.89	717300
1997-05-07	2.86	2.88	2.86	2.88	239400
1997-05-08	2.86	2.87	2.86	2.86	314100
1997-05-09	2.86	2.87	2.85	2.86	243000
1997-05-12	2.88	2.89	2.86	2.86	612900
1997-05-13	2.90	2.92	2.88	2.89	468000
1997-05-14	2.90	2.91	2.90	2.90	257400
1997-05-15	2.91	2.91	2.89	2.90	648900
1997-05-16	2.91	2.93	2.91	2.92	607500
1997-05-19	2.91	2.92	2.90	2.92	129600
1997-05-20	2.94	2.94	2.92	2.92	318600
1997-05-21	2.94	2.96	2.93	2.94	486900
1997-05-22	2.94	2.95	2.93	2.93	272700
1997-05-23	2.98	2.98	2.94	2.94	198900
1997-05-27	2.99	3.00	2.99	3.00	427500
1997-05-28	2.98	3.00	2.98	2.98	285300
1997-05-29	3.01	3.01	2.98	2.99	5708700
1997-05-30	3.06	3.06	3.00	3.00	595800
1997-06-02	3.11	3.12	3.06	3.06	411300
1997-06-03	3.15	3.17	3.11	3.11	612900
1997-06-04	3.15	3.15	3.14	3.15	251100
1997-06-05	3.14	3.16	3.13	3.14	744300
1997-06-06	3.13	3.15	3.13	3.13	634500
1997-06-09	3.12	3.13	3.12	3.13	120600
1997-06-10	3.12	3.13	3.12	3.12	378900
1997-06-11	3.11	3.12	3.10	3.12	260100
1997-06-12	3.12	3.12	3.10	3.10	225000
1997-06-13	3.17	3.17	3.12	3.13	460800
1997-06-16	3.23	3.23	3.17	3.17	573300
1997-06-17	3.25	3.25	3.20	3.21	756000
1997-06-18	3.24	3.24	3.23	3.24	613800
1997-06-19	3.22	3.25	3.21	3.24	542700
1997-06-20	3.20	3.22	3.19	3.21	263700
1997-06-23	3.20	3.20	3.19	3.20	471600
1997-06-24	3.17	3.21	3.17	3.20	405000
1997-06-25	3.22	3.22	3.17	3.17	633600
1997-06-26	3.22	3.25	3.22	3.24	279900
1997-06-27	3.22	3.24	3.22	3.23	258300
1997-06-30	3.23	3.23	3.21	3.22	117900
1997-07-01	3.20	3.23	3.20	3.23	476100
1997-07-02	3.26	3.26	3.21	3.21	189900
1997-07-03	3.28	3.29	3.27	3.27	75600
1997-07-07	3.30	3.30	3.29	3.29	207000
1997-07-08	3.30	3.31	3.29	3.30	268200
1997-07-09	3.32	3.35	3.31	3.31	429300
1997-07-10	3.29	3.31	3.29	3.31	191700
1997-07-11	3.26	3.30	3.26	3.30	234900
1997-07-14	3.25	3.26	3.24	3.26	236700
1997-07-15	3.21	3.24	3.20	3.24	302400
1997-07-16	3.19	3.21	3.19	3.21	362700
1997-07-17	3.19	3.20	3.18	3.19	454500
1997-07-18	3.17	3.19	3.16	3.19	390600
1997-07-21	3.11	3.15	3.10	3.15	454500
1997-07-22	3.11	3.12	3.08	3.11	694800
1997-07-23	3.13	3.16	3.12	3.12	687600
1997-07-24	3.13	3.17	3.13	3.13	459900
1997-07-25	3.16	3.17	3.14	3.14	117000
1997-07-28	3.14	3.17	3.13	3.15	477900
1997-07-29	3.24	3.24	3.13	3.15	360900
1997-07-30	3.26	3.26	3.23	3.24	1206000
1997-07-31	3.29	3.30	3.25	3.25	543600
1997-08-01	3.27	3.29	3.25	3.29	527400
1997-08-04	3.33	3.33	3.26	3.26	234000
1997-08-05	3.39	3.40	3.32	3.32	563400
1997-08-06	3.40	3.40	3.38	3.39	275400
1997-08-07	3.39	3.40	3.38	3.40	390600
1997-08-08	3.38	3.39	3.36	3.37	879300
1997-08-11	3.38	3.39	3.37	3.38	216000
1997-08-12	3.38	3.40	3.38	3.39	157500
1997-08-13	3.37	3.38	3.36	3.38	228600
1997-08-14	3.37	3.38	3.37	3.37	199800
1997-08-15	3.26	3.36	3.26	3.36	447300
1997-08-18	3.28	3.28	3.25	3.25	287100
1997-08-19	3.31	3.31	3.28	3.30	258300
1997-08-20	3.35	3.35	3.31	3.32	338400
1997-08-21	3.36	3.36	3.34	3.35	620100
1997-08-22	3.42	3.42	3.33	3.35	929700
1997-08-25	3.46	3.47	3.43	3.43	1103400
1997-08-26	3.46	3.47	3.46	3.46	323100
1997-08-27	3.48	3.48	3.46	3.47	535500
1997-08-28	3.48	3.49	3.47	3.47	1011600
1997-08-29	3.47	3.48	3.47	3.48	620100
1997-09-02	3.51	3.51	3.47	3.48	316800
1997-09-03	3.53	3.54	3.51	3.51	7194600
1997-09-04	3.54	3.55	3.52	3.52	730800
1997-09-05	3.55	3.56	3.54	3.55	357300
1997-09-08	3.58	3.58	3.55	3.55	137700
1997-09-09	3.62	3.62	3.58	3.58	374400
1997-09-10	3.54	3.62	3.54	3.61	1015200
1997-09-11	3.49	3.53	3.49	3.53	333900
1997-09-12	3.45	3.47	3.43	3.46	1053000
1997-09-15	3.48	3.49	3.45	3.45	550800
1997-09-16	3.55	3.55	3.48	3.48	324900
1997-09-17	3.56	3.56	3.55	3.55	380700
1997-09-18	3.60	3.60	3.55	3.55	68400
1997-09-19	3.61	3.61	3.59	3.60	262800
1997-09-22	3.67	3.67	3.61	3.61	285300
1997-09-23	3.67	3.68	3.66	3.67	337500
1997-09-24	3.68	3.71	3.68	3.68	192600
1997-09-25	3.60	3.67	3.60	3.67	176400
1997-09-26	3.64	3.65	3.59	3.61	664200
1997-09-29	3.64	3.66	3.64	3.64	234000
1997-09-30	3.65	3.66	3.64	3.64	63900
1997-10-01	3.70	3.70	3.65	3.66	214200
1997-10-02	3.74	3.75	3.72	3.72	261000
1997-10-03	3.78	3.79	3.75	3.75	241200
1997-10-06	3.89	3.89	3.80	3.80	217800
1997-10-07	4.13	4.14	3.90	3.90	1529100
1997-10-08	3.95	4.12	3.94	4.12	2113200
1997-10-09	3.95	4.00	3.86	3.89	1088100
1997-10-10	3.87	3.93	3.86	3.93	2072700
1997-10-13	3.87	3.88	3.86	3.87	648000
1997-10-14	3.92	3.93	3.86	3.86	488700
1997-10-15	3.85	3.93	3.85	3.92	447300
1997-10-16	3.89	3.91	3.86	3.87	1026900
1997-10-17	3.95	3.95	3.88	3.89	350100
1997-10-20	3.97	3.97	3.94	3.94	1182600
1997-10-21	4.03	4.05	3.97	3.98	348300
1997-10-22	3.99	4.02	3.97	4.02	317700
1997-10-23	3.97	4.01	3.96	4.01	408600
1997-10-24	3.94	3.99	3.93	3.97	296100
1997-10-27	3.76	3.92	3.76	3.92	1309500
1997-10-28	3.81	3.81	3.50	3.51	516600
1997-10-29	3.89	3.92	3.81	3.81	149400
1997-10-30	3.93	3.95	3.82	3.83	125100
1997-10-31	3.95	3.96	3.91	3.93	317700
1997-11-03	4.01	4.04	3.97	3.97	225000
1997-11-04	4.07	4.08	4.02	4.02	186300
1997-11-05	4.04	4.05	4.03	4.05	96300
1997-11-06	4.05	4.05	4.02	4.04	145800
1997-11-07	4.03	4.03	4.00	4.00	428400
1997-11-10	4.06	4.08	4.03	4.03	273600
1997-11-11	4.07	4.09	4.05	4.05	327600
1997-11-12	4.05	4.06	4.03	4.06	108900
1997-11-13	4.01	4.05	3.99	4.05	140400
1997-11-14	4.03	4.03	4.01	4.01	144000
1997-11-17	4.03	4.04	4.01	4.04	713700
1997-11-18	4.03	4.05	4.03	4.04	290700
1997-11-19	4.00	4.02	4.00	4.02	201600
1997-11-20	3.99	4.01	3.98	4.00	451800
1997-11-21	4.01	4.01	3.98	3.98	313200
1997-11-24	3.99	3.99	3.99	3.99	134100
1997-11-25	3.99	3.99	3.97	3.99	894600
1997-11-26	3.95	3.98	3.95	3.98	1179900
1997-11-28	3.81	3.81	3.78	3.78	827100
1997-12-01	3.72	3.79	3.70	3.79	751500
1997-12-02	3.74	3.75	3.69	3.71	355500
1997-12-03	3.78	3.78	3.72	3.72	377100
1997-12-04	3.79	3.80	3.78	3.78	432900
1997-12-05	3.87	3.87	3.77	3.77	408600
1997-12-08	3.92	3.96	3.85	3.85	375300
1997-12-09	3.91	3.94	3.91	3.93	238500
1997-12-10	3.89	3.91	3.87	3.89	543600
1997-12-11	3.88	3.89	3.87	3.89	367200
1997-12-12	3.94	3.95	3.89	3.89	845100
1997-12-15	3.95	3.95	3.93	3.94	392400
1997-12-16	4.00	4.00	3.95	3.95	280800
1997-12-17	4.01	4.02	3.97	4.02	382500
1997-12-18	4.01	4.03	4.01	4.02	358200
1997-12-19	3.97	3.98	3.95	3.98	1523700
1997-12-22	4.09	4.09	3.96	3.97	657900
1997-12-23	4.05	4.09	4.02	4.09	756900
1997-12-24	4.09	4.09	4.03	4.03	151200
1997-12-26	4.06	4.08	4.05	4.08	56700
1997-12-29	4.09	4.10	4.06	4.06	272700
1997-12-30	4.09	4.10	4.09	4.09	154800
1997-12-31	4.09	4.13	4.09	4.10	117900
1998-01-02	4.07	4.11	4.04	4.09	423000
1998-01-05	4.05	4.06	4.02	4.05	1318500
1998-01-06	3.95	3.99	3.92	3.98	4290300
1998-01-07	3.91	3.92	3.89	3.91	891000
1998-01-08	3.86	3.88	3.85	3.87	820800
1998-01-09	3.77	3.85	3.75	3.85	1821600
1998-01-12	3.72	3.73	3.59	3.62	1222200
1998-01-13	3.70	3.76	3.69	3.71	874800
1998-01-14	3.73	3.73	3.71	3.71	1018800
1998-01-15	3.69	3.72	3.67	3.72	344700
1998-01-16	3.78	3.78	3.69	3.69	505800
1998-01-20	3.81	3.82	3.79	3.80	508500
1998-01-21	3.78	3.83	3.77	3.81	727200
1998-01-22	3.71	3.78	3.70	3.77	550800
1998-01-23	3.64	3.69	3.59	3.69	1427400
1998-01-26	3.65	3.65	3.58	3.60	1615500
1998-01-27	3.73	3.73	3.63	3.63	1761300
1998-01-28	3.72	3.73	3.65	3.71	1202400
1998-01-29	3.76	3.77	3.72	3.72	1107900
1998-01-30	3.71	3.77	3.71	3.77	1068300
1998-02-02	3.73	3.75	3.73	3.73	207900
1998-02-03	3.73	3.75	3.71	3.74	396000
1998-02-04	3.74	3.76	3.73	3.74	1055700
1998-02-05	3.71	3.74	3.71	3.71	809100
1998-02-06	3.73	3.75	3.72	3.72	308700
1998-02-09	3.75	3.75	3.72	3.72	593100
1998-02-10	3.79	3.80	3.75	3.75	301500
1998-02-11	3.77	3.81	3.77	3.79	418500
1998-02-12	3.79	3.80	3.77	3.77	193500
1998-02-13	3.75	3.78	3.75	3.78	139500
1998-02-17	3.73	3.75	3.71	3.73	314100
1998-02-18	3.75	3.75	3.71	3.71	396000
1998-02-19	3.77	3.77	3.75	3.75	324900
1998-02-20	3.76	3.76	3.75	3.75	408600
1998-02-23	3.72	3.75	3.72	3.75	644400
1998-02-24	3.73	3.74	3.71	3.71	668700
1998-02-25	3.73	3.75	3.73	3.74	275400
1998-02-26	3.80	3.81	3.75	3.75	316800
1998-02-27	3.81	3.82	3.79	3.80	333000
1998-03-02	3.81	3.82	3.78	3.79	416700
1998-03-03	3.79	3.81	3.76	3.81	346500
1998-03-04	3.79	3.80	3.78	3.80	251100
1998-03-05	3.81	3.83	3.77	3.78	441000
1998-03-06	3.83	3.85	3.81	3.81	492300
1998-03-09	3.74	3.81	3.74	3.81	256500
1998-03-10	3.70	3.73	3.68	3.73	488700
1998-03-11	3.68	3.72	3.68	3.70	431100
1998-03-12	3.68	3.69	3.66	3.69	289800
1998-03-13	3.59	3.68	3.59	3.67	585000
1998-03-16	3.54	3.57	3.51	3.57	788400
1998-03-17	3.48	3.54	3.47	3.54	779400
1998-03-18	3.51	3.51	3.45	3.47	1110600
1998-03-19	3.54	3.60	3.53	3.55	714600
1998-03-20	3.57	3.59	3.55	3.55	1123200
1998-03-23	3.72	3.73	3.68	3.68	1856700
1998-03-24	3.66	3.71	3.66	3.71	331200
1998-03-25	3.70	3.70	3.64	3.66	471600
1998-03-26	3.70	3.72	3.70	3.70	414900
1998-03-27	3.72	3.73	3.69	3.69	662400
1998-03-30	3.68	3.72	3.68	3.72	111600
1998-03-31	3.66	3.68	3.64	3.68	163800
1998-04-01	3.66	3.67	3.65	3.65	443700
1998-04-02	3.61	3.66	3.61	3.66	311400
1998-04-03	3.64	3.66	3.64	3.64	237600
1998-04-06	3.60	3.65	3.59	3.64	300600
1998-04-07	3.59	3.59	3.57	3.58	307800
1998-04-08	3.56	3.61	3.56	3.59	299700
1998-04-09	3.53	3.57	3.51	3.57	426600
1998-04-13	3.48	3.55	3.48	3.52	1385100
1998-04-14	3.54	3.55	3.47	3.48	405000
1998-04-15	3.55	3.56	3.52	3.56	494100
1998-04-16	3.55	3.56	3.53	3.55	109800
1998-04-17	3.60	3.60	3.55	3.57	254700
1998-04-20	3.55	3.61	3.55	3.60	253800
1998-04-21	3.53	3.56	3.53	3.55	241200
1998-04-22	3.55	3.56	3.54	3.54	118800
1998-04-23	3.60	3.60	3.55	3.55	153900
1998-04-24	3.60	3.66	3.59	3.60	870300
1998-04-27	3.55	3.59	3.53	3.59	369000
1998-04-28	3.54	3.57	3.54	3.57	246600
1998-04-29	3.57	3.58	3.54	3.54	135900
1998-04-30	3.57	3.60	3.57	3.57	242100
1998-05-01	3.61	3.61	3.56	3.57	507600
1998-05-04	3.59	3.62	3.57	3.61	325800
1998-05-05	3.56	3.59	3.56	3.59	152100
1998-05-06	3.57	3.57	3.57	3.57	203400
1998-05-07	3.56	3.59	3.56	3.56	222300
1998-05-08	3.58	3.58	3.55	3.57	261000
1998-05-11	3.60	3.61	3.57	3.57	243000
1998-05-12	3.71	3.73	3.61	3.62	679500
1998-05-13	3.66	3.73	3.64	3.72	426600
1998-05-14	3.69	3.70	3.64	3.66	210600
1998-05-15	3.56	3.68	3.56	3.68	383400
1998-05-18	3.51	3.60	3.50	3.58	323100
1998-05-19	3.53	3.57	3.48	3.52	613800
1998-05-20	3.51	3.53	3.51	3.52	329400
1998-05-21	3.53	3.53	3.48	3.53	845100
1998-05-22	3.72	3.72	3.53	3.53	831600
1998-05-26	3.70	3.76	3.70	3.75	1118700
1998-05-27	3.68	3.68	3.61	3.61	381900
1998-05-28	3.70	3.72	3.67	3.72	237600
1998-05-29	3.63	3.70	3.61	3.70	272100
1998-06-01	3.62	3.63	3.59	3.63	120900
1998-06-02	3.57	3.63	3.55	3.60	341100
1998-06-03	3.52	3.57	3.51	3.56	163200
1998-06-04	3.65	3.66	3.51	3.52	144600
1998-06-05	3.65	3.66	3.61	3.65	151200
1998-06-08	3.57	3.65	3.57	3.65	132600
1998-06-09	3.56	3.59	3.54	3.57	83700
1998-06-10	3.43	3.52	3.40	3.50	135300
1998-06-11	3.38	3.45	3.34	3.45	215100
1998-06-12	3.50	3.50	3.39	3.43	231900
1998-06-15	3.37	3.43	3.35	3.43	144900
1998-06-16	3.45	3.46	3.38	3.38	440400
1998-06-17	3.54	3.54	3.45	3.45	903000
1998-06-18	3.48	3.52	3.45	3.52	204900
1998-06-19	3.41	3.48	3.38	3.48	90300
1998-06-22	3.44	3.44	3.35	3.39	163500
1998-06-23	3.45	3.48	3.43	3.44	101700
1998-06-24	3.48	3.48	3.43	3.48	212700
1998-06-25	3.45	3.48	3.43	3.48	1021500
1998-06-26	3.46	3.49	3.44	3.46	214500
1998-06-29	3.50	3.52	3.45	3.45	137400
1998-06-30	3.41	3.51	3.41	3.48	185400
1998-07-01	3.40	3.45	3.39	3.44	57300
1998-07-02	3.43	3.46	3.40	3.40	186900
1998-07-06	3.45	3.50	3.44	3.49	630300
1998-07-07	3.49	3.50	3.45	3.45	74100
1998-07-08	3.40	3.50	3.40	3.49	252600
1998-07-09	3.35	3.43	3.34	3.39	209100
1998-07-10	3.34	3.37	3.34	3.37	92700
1998-07-13	3.29	3.37	3.27	3.37	214500
1998-07-14	3.35	3.38	3.29	3.29	136200
1998-07-15	3.38	3.40	3.34	3.35	198900
1998-07-16	3.46	3.46	3.34	3.34	344100
1998-07-17	3.52	3.59	3.48	3.48	572100
1998-07-20	3.52	3.55	3.48	3.52	468300
1998-07-21	3.56	3.57	3.50	3.50	223800
1998-07-22	3.49	3.55	3.48	3.55	263100
1998-07-23	3.41	3.49	3.41	3.49	203700
1998-07-24	3.41	3.45	3.33	3.45	259500
1998-07-27	3.40	3.44	3.38	3.39	227400
1998-07-28	3.33	3.39	3.33	3.38	393000
1998-07-29	3.33	3.35	3.28	3.33	168000
1998-07-30	3.32	3.34	3.30	3.32	239400
1998-07-31	3.26	3.33	3.26	3.30	97800
1998-08-03	3.18	3.28	3.16	3.28	102000
1998-08-04	3.18	3.28	3.18	3.27	169200
1998-08-05	3.19	3.24	3.19	3.21	146700
1998-08-06	3.05	3.19	3.01	3.19	349800
1998-08-07	3.13	3.17	3.02	3.07	638100
1998-08-10	3.03	3.13	3.03	3.13	158400
1998-08-11	2.88	3.01	2.85	3.01	306600
1998-08-12	3.03	3.10	2.95	2.96	167700
1998-08-13	3.01	3.11	3.01	3.03	94800
1998-08-14	3.08	3.08	2.99	3.06	208200
1998-08-17	3.13	3.13	3.03	3.03	237900
1998-08-18	3.22	3.23	3.14	3.16	136200
1998-08-19	3.21	3.23	3.21	3.23	200700
1998-08-20	3.28	3.30	3.18	3.18	159600
1998-08-21	3.23	3.26	3.16	3.26	198900
1998-08-24	3.26	3.26	3.18	3.22	186000
1998-08-25	3.26	3.28	3.23	3.23	142800
1998-08-26	3.11	3.17	3.11	3.16	232200
1998-08-27	2.86	2.96	2.84	2.96	201300
1998-08-28	2.93	2.95	2.85	2.90	182100
1998-08-31	2.80	2.97	2.78	2.97	265500
1998-09-01	2.73	2.83	2.70	2.81	310800
1998-09-02	2.75	2.79	2.70	2.75	215100
1998-09-03	2.85	2.85	2.65	2.75	244800
1998-09-04	3.01	3.05	2.88	2.88	168900
1998-09-08	2.99	3.07	2.97	3.05	210300
1998-09-09	2.93	3.00	2.90	2.95	337500
1998-09-10	2.93	2.95	2.85	2.91	266400
1998-09-11	2.97	2.97	2.90	2.93	420900
1998-09-14	3.05	3.10	3.04	3.05	111300
1998-09-15	3.02	3.10	3.00	3.00	421500
1998-09-16	2.94	3.07	2.91	3.05	252900
1998-09-17	2.88	2.97	2.83	2.88	666000
1998-09-18	2.83	2.86	2.76	2.85	1220400
1998-09-21	2.83	2.84	2.78	2.78	161100
1998-09-22	2.83	2.85	2.79	2.85	1319400
1998-09-23	2.97	2.97	2.85	2.88	537300
1998-09-24	3.06	3.12	3.05	3.05	260700
1998-09-25	3.02	3.05	2.99	3.05	998400
1998-09-28	3.11	3.11	3.02	3.02	581400
1998-09-29	3.12	3.15	3.10	3.10	328500
1998-09-30	3.02	3.10	3.02	3.10	52500
1998-10-01	2.96	3.01	2.93	3.00	109800
1998-10-02	3.02	3.04	2.90	2.97	244800
1998-10-05	3.07	3.07	2.91	3.01	84600
1998-10-06	3.00	3.07	3.00	3.07	51900
1998-10-07	3.09	3.09	3.02	3.05	180000
1998-10-08	3.01	3.02	2.95	3.00	115800
1998-10-09	3.09	3.09	3.00	3.01	199200
1998-10-12	3.05	3.09	3.02	3.07	58200
1998-10-13	3.04	3.09	3.00	3.02	1152000
1998-10-14	3.01	3.05	3.01	3.01	1036500
1998-10-15	3.07	3.09	3.01	3.01	51600
1998-10-16	3.06	3.11	3.01	3.11	84600
1998-10-19	3.04	3.10	3.02	3.10	125700
1998-10-20	3.06	3.09	3.02	3.02	120000
1998-10-21	3.05	3.07	3.00	3.07	159300
1998-10-22	3.04	3.09	3.01	3.01	796800
1998-10-23	3.05	3.09	3.02	3.02	75900
1998-10-26	3.06	3.12	3.00	3.07	897300
1998-10-27	3.05	3.17	3.02	3.06	1325700
1998-10-28	3.06	3.09	3.02	3.02	606900
1998-10-29	3.07	3.09	3.04	3.09	866400
1998-10-30	3.12	3.15	3.09	3.09	1946700
1998-11-02	3.19	3.21	3.14	3.14	180600
1998-11-03	3.22	3.25	3.19	3.19	433500
1998-11-04	3.26	3.32	3.22	3.25	1230000
1998-11-05	3.30	3.30	3.20	3.23	356100
1998-11-06	3.28	3.30	3.25	3.27	149100
1998-11-09	3.38	3.40	3.27	3.28	335700
1998-11-10	3.47	3.53	3.40	3.40	369000
1998-11-11	3.51	3.51	3.45	3.50	535800
1998-11-12	3.51	3.56	3.50	3.51	162300
1998-11-13	3.52	3.54	3.47	3.53	114600
1998-11-16	3.45	3.51	3.43	3.48	176400
1998-11-17	3.42	3.43	3.32	3.43	102300
1998-11-18	3.45	3.46	3.40	3.40	83400
1998-11-19	3.48	3.50	3.45	3.45	130800
1998-11-20	3.50	3.52	3.48	3.48	86400
1998-11-23	3.48	3.51	3.46	3.48	145200
1998-11-24	3.43	3.50	3.42	3.50	153600
1998-11-25	3.35	3.46	3.32	3.43	138600
1998-11-27	3.71	3.78	3.65	3.65	228900
1998-11-30	3.63	3.72	3.61	3.68	461100
1998-12-01	3.66	3.66	3.46	3.57	464100
1998-12-02	3.50	3.63	3.47	3.63	148500
1998-12-03	3.52	3.55	3.48	3.48	181200
1998-12-04	3.66	3.66	3.53	3.53	222600
1998-12-07	3.55	3.63	3.53	3.62	55200
1998-12-08	3.52	3.56	3.51	3.56	107400
1998-12-09	3.46	3.53	3.45	3.51	99300
1998-12-10	3.27	3.43	3.26	3.43	221700
1998-12-11	3.36	3.36	3.27	3.27	211500
1998-12-14	3.47	3.47	3.32	3.33	107100
1998-12-15	3.40	3.48	3.40	3.48	89400
1998-12-16	3.52	3.52	3.42	3.45	217500
1998-12-17	3.38	3.51	3.32	3.51	230100
1998-12-18	3.40	3.43	3.36	3.36	200100
1998-12-21	3.40	3.43	3.32	3.40	146700
1998-12-22	3.27	3.41	3.23	3.41	313800
1998-12-23	3.22	3.30	3.16	3.30	451500
1998-12-24	3.21	3.22	3.18	3.18	36000
1998-12-28	3.16	3.25	3.11	3.25	138000
1998-12-29	3.20	3.22	3.17	3.22	69900
1998-12-30	3.18	3.21	3.17	3.21	136800
1998-12-31	3.22	3.27	3.18	3.18	200100
1999-01-04	3.22	3.23	3.16	3.21	407100
1999-01-05	3.28	3.30	3.18	3.21	294000
1999-01-06	3.42	3.46	3.31	3.31	230100
1999-01-07	3.51	3.51	3.41	3.42	302100
1999-01-08	3.47	3.56	3.47	3.56	222900
1999-01-11	3.45	3.53	3.45	3.47	205200
1999-01-12	3.35	3.45	3.31	3.42	183900
1999-01-13	3.27	3.31	3.21	3.23	115200
1999-01-14	3.18	3.28	3.18	3.27	128400
1999-01-15	3.28	3.28	3.21	3.22	131400
1999-01-19	3.15	3.23	3.15	3.18	144000
1999-01-20	3.06	3.16	3.06	3.15	113700
1999-01-21	3.25	3.26	3.03	3.03	210000
1999-01-22	3.11	3.20	3.08	3.20	103500
1999-01-25	3.08	3.15	3.01	3.13	212400
1999-01-26	3.03	3.12	3.02	3.08	149100
1999-01-27	3.05	3.07	3.02	3.03	142200
1999-01-28	3.05	3.06	3.02	3.03	136800
1999-01-29	3.02	3.06	3.02	3.03	214200
1999-02-01	3.06	3.13	3.06	3.11	226500
1999-02-02	2.98	3.08	2.97	3.08	126600
1999-02-03	3.00	3.02	2.97	2.98	113400
1999-02-04	3.07	3.10	3.05	3.05	189000
1999-02-05	3.07	3.08	3.00	3.06	151800
1999-02-08	3.01	3.10	3.01	3.07	143100
1999-02-09	2.93	3.03	2.91	2.98	141000
1999-02-10	3.10	3.10	2.93	2.93	117300
1999-02-11	3.08	3.13	3.08	3.12	130500
1999-02-12	3.11	3.11	3.05	3.08	92100
1999-02-16	3.13	3.21	3.08	3.18	159900
1999-02-17	3.06	3.08	3.05	3.07	242400
1999-02-18	3.07	3.08	3.05	3.07	51900
1999-02-19	2.97	3.08	2.96	3.08	130800
1999-02-22	2.97	2.98	2.94	2.94	169800
1999-02-23	2.97	3.01	2.91	2.98	126300
1999-02-24	2.97	3.01	2.96	2.98	123000
1999-02-25	3.06	3.07	2.96	2.97	196200
1999-02-26	3.10	3.12	3.06	3.06	87300
1999-03-01	3.12	3.15	3.08	3.08	243600
1999-03-02	3.13	3.17	3.13	3.13	114600
1999-03-03	3.17	3.17	3.11	3.15	156000
1999-03-04	3.27	3.28	3.20	3.20	191700
1999-03-05	3.44	3.50	3.36	3.36	287100
1999-03-08	3.51	3.58	3.46	3.46	189000
1999-03-09	3.45	3.49	3.35	3.49	151200
1999-03-10	3.55	3.55	3.49	3.50	161400
1999-03-11	3.51	3.60	3.51	3.58	124500
1999-03-12	3.56	3.63	3.55	3.56	201300
1999-03-15	3.61	3.65	3.59	3.61	218100
1999-03-16	3.51	3.58	3.47	3.56	166200
1999-03-17	3.59	3.60	3.54	3.55	125700
1999-03-18	3.65	3.68	3.60	3.60	185700
1999-03-19	3.73	3.87	3.63	3.66	1125600
1999-03-22	3.84	3.92	3.78	3.78	562200
1999-03-23	3.79	3.85	3.75	3.85	216000
1999-03-24	3.85	3.87	3.79	3.83	145200
1999-03-25	3.94	3.94	3.82	3.83	238500
1999-03-26	3.94	3.96	3.88	3.93	118500
1999-03-29	3.94	3.98	3.92	3.96	354600
1999-03-30	3.85	3.92	3.85	3.89	221700
1999-03-31	3.88	3.88	3.75	3.84	222600
1999-04-01	3.87	3.91	3.83	3.91	236400
1999-04-05	3.99	4.01	3.87	3.91	356400
1999-04-06	3.89	3.98	3.88	3.97	123000
1999-04-07	3.82	3.87	3.79	3.85	157200
1999-04-08	3.88	3.88	3.80	3.80	110100
1999-04-09	3.94	3.97	3.87	3.87	138300
1999-04-12	3.88	3.94	3.88	3.91	156900
1999-04-13	3.89	3.96	3.84	3.88	113100
1999-04-14	3.87	3.91	3.87	3.87	78900
1999-04-15	3.96	3.97	3.88	3.88	256200
1999-04-16	4.06	4.15	3.97	3.98	642000
1999-04-19	4.06	4.18	4.04	4.06	258000
1999-04-20	4.12	4.13	3.97	4.02	123600
1999-04-21	4.16	4.18	4.08	4.11	201300
1999-04-22	4.20	4.21	4.11	4.16	305700
1999-04-23	4.21	4.21	4.11	4.17	238200
1999-04-26	4.11	4.21	4.11	4.20	200700
1999-04-27	4.13	4.16	4.07	4.10	111900
1999-04-28	4.29	4.29	4.12	4.18	654000
1999-04-29	4.30	4.34	4.29	4.29	125400
1999-04-30	4.24	4.34	4.21	4.34	131400
1999-05-03	4.31	4.35	4.20	4.20	115500
1999-05-04	4.22	4.27	4.17	4.26	138300
1999-05-05	4.22	4.25	4.12	4.22	213300
1999-05-06	4.18	4.24	4.13	4.21	189600
1999-05-07	4.16	4.16	4.08	4.10	203700
1999-05-10	4.12	4.13	4.07	4.08	202200
1999-05-11	4.15	4.16	4.10	4.10	140100
1999-05-12	4.12	4.13	4.06	4.12	100200
1999-05-13	4.10	4.10	4.02	4.07	196200
1999-05-14	3.94	4.10	3.94	4.06	112200
1999-05-17	3.94	3.96	3.84	3.93	177600
1999-05-18	3.84	3.93	3.83	3.93	72000
1999-05-19	3.98	4.07	3.83	3.83	203700
1999-05-20	3.97	3.99	3.93	3.98	138900
1999-05-21	3.99	4.04	3.97	3.97	150300
1999-05-24	3.85	4.03	3.85	4.03	196200
1999-05-25	3.84	3.92	3.84	3.89	106800
1999-05-26	3.89	3.93	3.84	3.88	94800
1999-05-27	3.87	3.92	3.87	3.91	93600
1999-05-28	3.79	3.88	3.78	3.83	114300
1999-06-01	3.84	3.84	3.79	3.79	123600
1999-06-02	3.87	3.88	3.82	3.84	240600
1999-06-03	3.89	3.92	3.89	3.91	155400
1999-06-04	3.91	3.91	3.85	3.87	138600
1999-06-07	3.91	3.93	3.84	3.91	151500
1999-06-08	3.73	3.88	3.73	3.88	103500
1999-06-09	3.66	3.74	3.65	3.74	230400
1999-06-10	3.66	3.70	3.65	3.68	196800
1999-06-11	3.73	3.78	3.68	3.69	368400
1999-06-14	3.85	3.89	3.77	3.79	164400
1999-06-15	3.92	3.96	3.87	3.87	225600
1999-06-16	3.93	3.96	3.92	3.96	223800
1999-06-17	3.94	3.96	3.91	3.91	222300
1999-06-18	3.84	3.92	3.83	3.91	414300
1999-06-21	3.84	3.84	3.75	3.84	113400
1999-06-22	3.78	3.84	3.77	3.82	189600
1999-06-23	3.79	3.82	3.74	3.80	216300
1999-06-24	3.79	3.82	3.77	3.79	141900
1999-06-25	3.88	3.91	3.80	3.80	197400
1999-06-28	3.82	3.88	3.82	3.88	136500
1999-06-29	3.79	3.80	3.78	3.80	152100
1999-06-30	3.88	3.92	3.80	3.80	118800
1999-07-01	3.91	3.93	3.83	3.91	72300
1999-07-02	3.92	3.93	3.88	3.92	113700
1999-07-06	4.02	4.05	3.98	3.98	522600
1999-07-07	3.96	4.01	3.94	3.98	118500
1999-07-08	4.01	4.06	4.00	4.01	432600
1999-07-09	3.96	4.02	3.96	4.00	316500
1999-07-12	3.98	4.00	3.97	4.00	85800
1999-07-13	3.93	3.98	3.93	3.98	92700
1999-07-14	4.05	4.05	3.94	3.94	307500
1999-07-15	4.15	4.15	4.02	4.05	195300
1999-07-16	4.15	4.15	4.10	4.15	43200
1999-07-19	4.17	4.19	4.15	4.15	147600
1999-07-20	4.10	4.19	4.05	4.19	97200
1999-07-21	4.01	4.06	3.96	4.05	79200
1999-07-22	3.94	3.97	3.92	3.96	74700
1999-07-23	3.93	3.93	3.89	3.93	66300
1999-07-26	3.94	3.94	3.84	3.93	202500
1999-07-27	3.93	3.96	3.88	3.93	198600
1999-07-28	3.93	3.94	3.91	3.93	141300
1999-07-29	3.97	3.97	3.85	3.89	103200
1999-07-30	4.07	4.07	3.97	3.97	181500
1999-08-02	4.01	4.03	4.00	4.02	64800
1999-08-03	4.01	4.06	4.01	4.01	130500
1999-08-04	4.06	4.07	4.02	4.05	33000
1999-08-05	4.07	4.12	4.06	4.07	157200
1999-08-06	4.10	4.11	4.05	4.06	122700
1999-08-09	4.11	4.15	4.06	4.15	95700
1999-08-10	4.10	4.11	4.06	4.10	87900
1999-08-11	4.20	4.23	4.10	4.10	171300
1999-08-12	4.26	4.29	4.20	4.20	190500
1999-08-13	4.26	4.29	4.23	4.29	58500
1999-08-16	4.14	4.28	4.14	4.28	288600
1999-08-17	4.28	4.29	4.17	4.17	167100
1999-08-18	4.32	4.34	4.24	4.24	331800
1999-08-19	4.24	4.32	4.23	4.30	102900
1999-08-20	4.33	4.33	4.24	4.25	121500
1999-08-23	4.34	4.41	4.30	4.38	164700
1999-08-24	4.35	4.38	4.28	4.38	118800
1999-08-25	4.34	4.41	4.32	4.35	101100
1999-08-26	4.32	4.34	4.23	4.34	320100
1999-08-27	4.34	4.37	4.32	4.32	183900
1999-08-30	4.32	4.35	4.29	4.32	73200
1999-08-31	4.38	4.41	4.32	4.33	317400
1999-09-01	4.50	4.51	4.38	4.41	190200
1999-09-02	4.43	4.46	4.41	4.42	109200
1999-09-03	4.37	4.46	4.33	4.46	145500
1999-09-07	4.33	4.37	4.30	4.35	977700
1999-09-08	4.26	4.32	4.24	4.32	203700
1999-09-09	4.38	4.39	4.29	4.29	303900
1999-09-10	4.39	4.52	4.37	4.47	337800
1999-09-13	4.48	4.50	4.39	4.39	60300
1999-09-14	4.52	4.55	4.46	4.48	165900
1999-09-15	4.48	4.52	4.46	4.50	140700
1999-09-16	4.39	4.47	4.38	4.47	125100
1999-09-17	4.38	4.42	4.35	4.37	173700
1999-09-20	4.34	4.35	4.28	4.34	107100
1999-09-21	4.24	4.35	4.24	4.29	140400
1999-09-22	4.21	4.26	4.16	4.24	194700
1999-09-23	4.26	4.28	4.20	4.21	222000
1999-09-24	4.13	4.28	4.13	4.25	246300
1999-09-27	4.25	4.29	4.10	4.10	184500
1999-09-28	4.19	4.25	4.15	4.21	229500
1999-09-29	4.25	4.28	4.20	4.25	210000
1999-09-30	4.30	4.37	4.24	4.28	331200
1999-10-01	4.34	4.35	4.25	4.29	188400
1999-10-04	4.29	4.34	4.29	4.34	145800
1999-10-05	4.32	4.38	4.29	4.29	243600
1999-10-06	4.32	4.34	4.29	4.33	154200
1999-10-07	4.30	4.34	4.26	4.29	176700
1999-10-08	4.26	4.29	4.19	4.19	231900
1999-10-11	4.26	4.28	4.22	4.26	83700
1999-10-12	4.30	4.30	4.22	4.26	538800
1999-10-13	4.28	4.34	4.26	4.32	184200
1999-10-14	4.37	4.37	4.28	4.28	279000
1999-10-15	4.37	4.39	4.29	4.29	230100
1999-10-18	4.73	4.73	4.33	4.33	573900
1999-10-19	4.61	4.68	4.55	4.65	221400
1999-10-20	4.65	4.65	4.53	4.60	185400
1999-10-21	4.65	4.65	4.53	4.61	153600
1999-10-22	4.83	4.94	4.64	4.64	283800
1999-10-25	4.66	4.78	4.66	4.78	368700
1999-10-26	4.69	4.73	4.69	4.72	48600
1999-10-27	4.63	4.69	4.63	4.69	125700
1999-10-28	4.61	4.66	4.57	4.64	313200
1999-10-29	4.83	4.88	4.65	4.65	276900
1999-11-01	4.84	4.88	4.78	4.78	243900
1999-11-02	4.94	4.99	4.84	4.86	276300
1999-11-03	4.96	4.99	4.92	4.96	97800
1999-11-04	4.92	4.96	4.88	4.96	278700
1999-11-05	4.87	4.94	4.81	4.94	463500
1999-11-08	4.88	4.94	4.83	4.88	152400
1999-11-09	4.90	4.95	4.87	4.91	266100
1999-11-10	4.97	4.97	4.86	4.87	361200
1999-11-11	4.95	4.97	4.92	4.97	92400
1999-11-12	4.97	4.99	4.94	4.94	142200
1999-11-15	4.96	4.97	4.94	4.95	70200
1999-11-16	5.00	5.00	4.92	4.99	98700
1999-11-17	5.01	5.01	4.94	5.00	140700
1999-11-18	4.97	5.05	4.95	5.00	472500
1999-11-19	4.90	4.97	4.88	4.97	101100
1999-11-22	4.92	4.96	4.86	4.94	251100
1999-11-23	4.90	4.94	4.81	4.86	221100
1999-11-24	4.95	4.96	4.88	4.90	245700
1999-11-26	4.90	4.91	4.90	4.90	14400
1999-11-29	4.90	4.90	4.85	4.89	124800
1999-11-30	4.89	4.90	4.82	4.87	131400
1999-12-01	5.03	5.03	4.91	4.94	209100
1999-12-02	4.92	5.07	4.89	5.03	315900
1999-12-03	4.87	4.90	4.65	4.77	698700
1999-12-06	4.72	4.81	4.65	4.81	183300
1999-12-07	4.65	4.79	4.61	4.72	156900
1999-12-08	4.51	4.59	4.35	4.56	244500
1999-12-09	4.65	4.73	4.52	4.55	149700
1999-12-10	4.55	4.60	4.46	4.59	144600
1999-12-13	4.52	4.55	4.51	4.55	58800
1999-12-14	4.47	4.52	4.44	4.49	52200
1999-12-15	4.81	4.81	4.51	4.51	241500
1999-12-16	4.79	4.81	4.62	4.78	158400
1999-12-17	4.65	4.82	4.65	4.77	148200
1999-12-20	4.61	4.62	4.53	4.59	149400
1999-12-21	4.52	4.66	4.51	4.61	89100
1999-12-22	4.49	4.53	4.47	4.49	179400
1999-12-23	4.59	4.59	4.47	4.51	184800
1999-12-27	4.48	4.66	4.44	4.61	195300
1999-12-28	4.44	4.49	4.38	4.48	82800
1999-12-29	4.55	4.62	4.49	4.49	89100
1999-12-30	4.53	4.57	4.48	4.56	102000
1999-12-31	4.51	4.59	4.51	4.56	36000
2000-01-03	4.36	4.43	4.13	4.40	106500
2000-01-04	4.38	4.38	4.29	4.31	107700
2000-01-05	4.52	4.57	4.32	4.32	120900
2000-01-06	4.57	4.57	4.47	4.47	144300
2000-01-07	4.66	4.69	4.49	4.52	247800
2000-01-10	4.75	4.85	4.69	4.69	148200
2000-01-11	4.74	4.75	4.64	4.75	159000
2000-01-12	4.75	4.79	4.64	4.70	125400
2000-01-13	4.75	4.83	4.69	4.83	431100
2000-01-14	4.62	4.75	4.56	4.75	168600
2000-01-18	4.86	4.87	4.74	4.78	392700
2000-01-19	4.77	4.83	4.61	4.83	96300
2000-01-20	4.79	4.83	4.74	4.79	138300
2000-01-21	4.77	4.90	4.75	4.85	234000
2000-01-24	4.77	4.89	4.70	4.79	476700
2000-01-25	4.81	4.87	4.72	4.81	390900
2000-01-26	4.68	4.79	4.66	4.78	139200
2000-01-27	4.48	4.70	4.48	4.66	318900
2000-01-28	4.46	4.49	4.38	4.49	271800
2000-01-31	4.17	4.39	4.17	4.35	422400
2000-02-01	4.27	4.30	4.16	4.16	620700
2000-02-02	4.27	4.34	4.26	4.32	275400
2000-02-03	4.30	4.43	4.23	4.30	188400
2000-02-04	4.12	4.31	4.10	4.29	157200
2000-02-07	4.17	4.18	4.12	4.12	300900
2000-02-08	4.09	4.23	4.06	4.17	359100
2000-02-09	4.00	4.16	3.99	4.14	177900
2000-02-10	4.00	4.05	3.91	4.01	150300
2000-02-11	4.03	4.05	4.00	4.03	122700
2000-02-14	4.00	4.14	4.00	4.05	756900
2000-02-15	4.13	4.19	4.04	4.05	153300
2000-02-16	4.19	4.23	4.17	4.18	189900
2000-02-17	4.12	4.30	4.12	4.30	223500
2000-02-18	3.97	4.18	3.96	4.09	152700
2000-02-22	3.93	3.99	3.89	3.97	132300
2000-02-23	3.93	3.97	3.89	3.97	127200
2000-02-24	3.96	4.00	3.92	3.92	128700
2000-02-25	3.96	4.00	3.95	3.95	66000
2000-02-28	3.97	4.03	3.91	3.91	162300
2000-02-29	3.92	4.01	3.89	4.00	286800
2000-03-01	3.99	3.99	3.92	3.96	189000
2000-03-02	3.98	4.05	3.98	4.04	564000
2000-03-03	4.05	4.07	3.95	3.95	157500
2000-03-06	4.08	4.12	3.99	4.03	315300
2000-03-07	4.13	4.28	3.96	4.05	703200
2000-03-08	3.99	4.21	3.90	4.21	483300
2000-03-09	3.95	4.00	3.92	4.00	74400
2000-03-10	3.86	3.96	3.83	3.92	88800
2000-03-13	3.90	3.95	3.78	3.78	216600
2000-03-14	4.05	4.09	3.84	3.84	198900
2000-03-15	4.29	4.32	4.05	4.13	701400
2000-03-16	4.36	4.40	4.19	4.34	135600
2000-03-17	4.19	4.45	4.19	4.37	302400
2000-03-20	4.23	4.29	4.13	4.13	303600
2000-03-21	4.23	4.32	4.17	4.21	293700
2000-03-22	4.17	4.25	4.17	4.21	77700
2000-03-23	4.16	4.24	4.12	4.12	114000
2000-03-24	4.11	4.20	4.04	4.15	173700
2000-03-27	4.16	4.20	4.12	4.19	195900
2000-03-28	4.15	4.21	4.13	4.21	114300
2000-03-29	4.21	4.21	4.07	4.13	417000
2000-03-30	4.48	4.48	4.24	4.28	595500
2000-03-31	4.41	4.49	4.34	4.46	255000
2000-04-03	4.59	4.66	4.42	4.44	276900
2000-04-04	4.58	4.66	4.40	4.63	447300
2000-04-05	4.66	4.70	4.50	4.63	335100
2000-04-06	4.67	4.74	4.62	4.65	245400
2000-04-07	4.59	4.70	4.55	4.69	378000
2000-04-10	4.61	4.62	4.55	4.55	151800
2000-04-11	4.65	4.66	4.58	4.62	111000
2000-04-12	4.73	4.74	4.63	4.66	213000
2000-04-13	4.75	4.75	4.67	4.67	154200
2000-04-14	4.61	4.74	4.55	4.70	192000
2000-04-17	4.58	4.61	4.38	4.42	258600
2000-04-18	4.67	4.70	4.51	4.55	569400
2000-04-19	4.83	4.83	4.67	4.69	257400
2000-04-20	4.91	5.00	4.74	4.79	234300
2000-04-24	4.84	4.90	4.82	4.86	60300
2000-04-25	4.95	4.95	4.77	4.90	157200
2000-04-26	4.95	5.02	4.92	4.95	181500
2000-04-27	4.98	4.99	4.86	4.94	39000
2000-04-28	4.95	5.02	4.94	4.95	187200
2000-05-01	4.86	4.95	4.83	4.95	158700
2000-05-02	4.92	4.92	4.71	4.71	504000
2000-05-03	5.12	5.19	4.87	4.87	384900
2000-05-04	4.95	5.08	4.94	5.08	222900
2000-05-05	5.05	5.11	4.94	5.00	166500
2000-05-08	5.24	5.30	5.00	5.00	218100
2000-05-09	5.27	5.29	5.16	5.24	257700
2000-05-10	5.48	5.48	5.25	5.28	178200
2000-05-11	5.52	5.53	5.40	5.53	267600
2000-05-12	5.53	5.53	5.40	5.46	234600
2000-05-15	5.49	5.53	5.45	5.53	382200
2000-05-16	5.23	5.42	5.16	5.42	218100
2000-05-17	5.19	5.27	5.07	5.27	216600
2000-05-18	5.08	5.19	5.07	5.19	134700
2000-05-19	4.94	5.13	4.88	5.13	470700
2000-05-22	5.13	5.30	4.96	4.99	202200
2000-05-23	4.90	4.98	4.82	4.98	278400
2000-05-24	4.90	5.00	4.84	4.95	203400
2000-05-25	4.90	4.92	4.83	4.92	182100
2000-05-26	4.90	5.03	4.84	4.86	188100
2000-05-30	5.13	5.17	5.00	5.00	231600
2000-05-31	5.20	5.28	5.13	5.15	254400
2000-06-01	5.49	5.49	5.25	5.25	690600
2000-06-02	5.52	5.60	5.29	5.41	439200
2000-06-05	5.25	5.53	5.23	5.53	122700
2000-06-06	5.12	5.31	5.12	5.28	150300
2000-06-07	5.20	5.20	5.08	5.15	192900
2000-06-08	5.20	5.27	5.17	5.23	84600
2000-06-09	5.09	5.23	5.09	5.23	36000
2000-06-12	5.33	5.33	5.19	5.20	422400
2000-06-13	5.41	5.49	5.31	5.39	253500
2000-06-14	5.24	5.35	5.24	5.33	181200
2000-06-15	5.28	5.29	5.16	5.25	276900
2000-06-16	5.37	5.39	5.28	5.28	194400
2000-06-19	5.23	5.39	5.20	5.39	122400
2000-06-20	5.25	5.39	5.21	5.21	188700
2000-06-21	5.32	5.36	5.20	5.28	227100
2000-06-22	5.20	5.28	5.20	5.28	63300
2000-06-23	5.21	5.24	5.09	5.23	174900
2000-06-26	5.07	5.23	5.07	5.17	225300
2000-06-27	5.19	5.20	5.09	5.09	188400
2000-06-28	5.21	5.31	5.16	5.16	345000
2000-06-29	5.06	5.20	5.06	5.16	180000
2000-06-30	5.17	5.21	5.09	5.09	174600
2000-07-03	5.15	5.23	5.12	5.17	24600
2000-07-05	4.91	5.08	4.90	5.02	473400
2000-07-06	4.92	4.95	4.91	4.94	296400
2000-07-07	5.08	5.11	4.88	4.88	193200
2000-07-10	5.17	5.24	5.04	5.04	377100
2000-07-11	5.31	5.39	5.19	5.19	164100
2000-07-12	5.49	5.49	5.27	5.36	316200
2000-07-13	5.29	5.47	5.27	5.47	167400
2000-07-14	5.23	5.29	5.21	5.21	269400
2000-07-17	5.31	5.31	5.20	5.20	37500
2000-07-18	5.39	5.41	5.23	5.23	450600
2000-07-19	5.35	5.39	5.27	5.35	135600
2000-07-20	5.16	5.28	5.16	5.24	204600
2000-07-21	5.03	5.17	4.95	5.17	394200
2000-07-24	5.08	5.12	4.99	4.99	248400
2000-07-25	5.16	5.20	5.08	5.08	282300
2000-07-26	5.19	5.25	5.13	5.13	147600
2000-07-27	5.28	5.28	5.17	5.20	659700
2000-07-28	5.19	5.31	5.15	5.27	149100
2000-07-31	5.21	5.23	5.11	5.13	153300
2000-08-01	4.96	5.20	4.95	5.20	246900
2000-08-02	5.09	5.12	5.00	5.04	181800
2000-08-03	5.03	5.13	5.03	5.09	99600
2000-08-04	5.07	5.15	5.06	5.08	137400
2000-08-07	5.23	5.23	5.03	5.07	72900
2000-08-08	5.07	5.17	5.04	5.17	78300
2000-08-09	5.02	5.15	5.02	5.12	303000
2000-08-10	5.08	5.12	5.03	5.03	197100
2000-08-11	5.08	5.13	5.04	5.12	79500
2000-08-14	5.04	5.09	4.99	5.07	368400
2000-08-15	5.12	5.17	5.07	5.09	152700
2000-08-16	5.09	5.15	5.07	5.12	212100
2000-08-17	5.12	5.23	5.09	5.20	654600
2000-08-18	5.13	5.20	5.11	5.17	338100
2000-08-21	5.13	5.15	5.12	5.13	52200
2000-08-22	5.08	5.17	5.07	5.16	79800
2000-08-23	5.29	5.31	5.09	5.09	303000
2000-08-24	5.28	5.40	5.25	5.28	375600
2000-08-25	5.36	5.41	5.32	5.41	231600
2000-08-28	5.37	5.41	5.35	5.36	185700
2000-08-29	5.37	5.40	5.35	5.35	147300
2000-08-30	5.36	5.46	5.36	5.44	180600
2000-08-31	5.31	5.43	5.31	5.38	96000
2000-09-01	5.42	5.44	5.38	5.43	74400
2000-09-05	5.59	5.59	5.48	5.48	469500
2000-09-06	5.72	5.72	5.55	5.59	276000
2000-09-07	5.70	5.80	5.67	5.72	332100
2000-09-08	5.62	5.67	5.55	5.63	114600
2000-09-11	5.71	5.72	5.56	5.62	189900
2000-09-12	5.87	5.88	5.72	5.72	319200
2000-09-13	5.78	5.87	5.75	5.86	115800
2000-09-14	5.72	5.79	5.71	5.79	85200
2000-09-15	5.92	5.95	5.72	5.72	223500
2000-09-18	5.92	5.95	5.87	5.91	172500
2000-09-19	5.84	5.92	5.79	5.92	277800
2000-09-20	5.79	5.91	5.78	5.87	147000
2000-09-21	5.68	5.76	5.66	5.74	162000
2000-09-22	5.62	5.66	5.51	5.51	211800
2000-09-25	5.37	5.56	5.33	5.51	347400
2000-09-26	5.38	5.44	5.30	5.39	593400
2000-09-27	5.39	5.41	5.33	5.39	189600
2000-09-28	5.43	5.56	5.34	5.39	170400
2000-09-29	5.58	5.58	5.47	5.48	106500
2000-10-02	5.51	5.58	5.44	5.55	219300
2000-10-03	5.56	5.56	5.46	5.53	87300
2000-10-04	5.50	5.56	5.47	5.56	167100
2000-10-05	5.34	5.50	5.34	5.50	75000
2000-10-06	5.31	5.36	5.25	5.34	102900
2000-10-09	5.37	5.37	5.26	5.28	18300
2000-10-10	5.39	5.47	5.34	5.37	127200
2000-10-11	5.43	5.50	5.36	5.36	95700
2000-10-12	5.59	5.66	5.43	5.43	160200
2000-10-13	5.54	5.56	5.46	5.50	136200
2000-10-16	5.39	5.53	5.39	5.52	94500
2000-10-17	5.46	5.49	5.37	5.38	94800
2000-10-18	5.31	5.46	5.19	5.42	96000
2000-10-19	5.20	5.42	5.18	5.31	138600
2000-10-20	5.29	5.34	5.18	5.18	150300
2000-10-23	5.32	5.35	5.27	5.35	69000
2000-10-24	5.31	5.35	5.29	5.31	69300
2000-10-25	5.46	5.51	5.24	5.25	493200
2000-10-26	5.45	5.49	5.35	5.47	160800
2000-10-27	5.46	5.53	5.35	5.35	144000
2000-10-30	5.29	5.40	5.29	5.40	90300
2000-10-31	5.40	5.40	5.22	5.24	301500
2000-11-01	5.48	5.48	5.38	5.40	55800
2000-11-02	5.44	5.44	5.38	5.38	106500
2000-11-03	5.41	5.47	5.36	5.40	63300
2000-11-06	5.31	5.37	5.30	5.37	30900
2000-11-07	5.37	5.41	5.33	5.33	18900
2000-11-08	5.23	5.36	5.19	5.36	156600
2000-11-09	5.27	5.36	5.21	5.29	150000
2000-11-10	5.22	5.30	5.19	5.22	45300
2000-11-13	5.34	5.34	5.13	5.20	95100
2000-11-14	5.40	5.40	5.26	5.26	73500
2000-11-15	5.37	5.42	5.35	5.38	36000
2000-11-16	5.43	5.43	5.33	5.38	70500
2000-11-17	5.35	5.43	5.35	5.40	48900
2000-11-20	5.36	5.37	5.31	5.35	104400
2000-11-21	5.46	5.47	5.28	5.32	155100
2000-11-22	5.51	5.53	5.39	5.39	125100
2000-11-24	5.56	5.56	5.50	5.50	29400
2000-11-27	5.58	5.64	5.55	5.61	131100
2000-11-28	5.54	5.63	5.54	5.63	35700
2000-11-29	5.50	5.57	5.43	5.57	143700
2000-11-30	5.44	5.58	5.39	5.52	444000
2000-12-01	5.65	5.65	5.46	5.46	105900
2000-12-04	5.89	5.90	5.57	5.60	380400
2000-12-05	5.68	5.87	5.66	5.71	180600
2000-12-06	5.56	5.65	5.51	5.65	161400
2000-12-07	5.55	5.59	5.47	5.58	82500
2000-12-08	5.59	5.59	5.51	5.55	98400
2000-12-11	5.65	5.65	5.52	5.57	75600
2000-12-12	5.66	5.68	5.59	5.62	81900
2000-12-13	5.51	5.69	5.51	5.65	149400
2000-12-14	5.53	5.65	5.50	5.52	109500
2000-12-15	5.60	5.66	5.53	5.54	59700
2000-12-18	5.69	5.69	5.58	5.60	78000
2000-12-19	5.60	5.75	5.54	5.66	169800
2000-12-20	5.48	5.62	5.45	5.45	101700
2000-12-21	5.57	5.57	5.39	5.48	99300
2000-12-22	5.62	5.66	5.60	5.63	66300
2000-12-26	5.85	5.86	5.60	5.63	101400
2000-12-27	5.57	5.82	5.53	5.77	211200
2000-12-28	5.68	5.70	5.52	5.57	129900
2000-12-29	5.67	5.69	5.62	5.68	67500
2001-01-02	5.68	5.69	5.62	5.69	164400
2001-01-03	5.52	5.59	5.50	5.59	77700
2001-01-04	5.40	5.48	5.38	5.48	132300
2001-01-05	5.38	5.50	5.31	5.34	155400
2001-01-08	5.30	5.44	5.25	5.34	134100
2001-01-09	5.10	5.29	4.99	5.29	204600
2001-01-10	5.03	5.12	4.99	5.12	188100
2001-01-11	5.07	5.11	4.97	5.08	245400
2001-01-12	5.02	5.11	4.96	5.10	417000
2001-01-16	5.04	5.17	5.01	5.17	175800
2001-01-17	4.99	5.04	4.98	5.01	97200
2001-01-18	4.89	4.99	4.87	4.95	408900
2001-01-19	4.99	5.02	4.88	4.91	420600
2001-01-22	5.02	5.04	4.98	5.03	168900
2001-01-23	5.12	5.15	5.01	5.04	571200
2001-01-24	5.02	5.12	5.01	5.09	144000
2001-01-25	5.04	5.09	5.00	5.00	281700
2001-01-26	5.15	5.16	5.01	5.01	149700
2001-01-29	5.13	5.17	5.11	5.17	182700
2001-01-30	5.08	5.15	5.08	5.14	270600
2001-01-31	5.08	5.14	5.06	5.11	379500
2001-02-01	5.12	5.13	5.05	5.12	199200
2001-02-02	5.14	5.19	5.11	5.15	262500
2001-02-05	5.25	5.28	5.16	5.16	408600
2001-02-06	5.24	5.28	5.14	5.25	337200
2001-02-07	5.26	5.29	5.16	5.21	93900
2001-02-08	5.28	5.31	5.25	5.29	147300
2001-02-09	5.30	5.33	5.22	5.22	257100
2001-02-12	5.31	5.34	5.24	5.34	117000
2001-02-13	5.28	5.31	5.23	5.30	48300
2001-02-14	5.25	5.29	5.17	5.25	136500
2001-02-15	5.30	5.32	5.17	5.27	285000
2001-02-16	5.32	5.37	5.19	5.30	229200
2001-02-20	5.26	5.39	5.25	5.35	87300
2001-02-21	5.16	5.30	5.15	5.27	62100
2001-02-22	5.24	5.31	5.15	5.16	175800
2001-02-23	5.14	5.30	5.12	5.27	116400
2001-02-26	5.21	5.22	5.14	5.18	110400
2001-02-27	5.23	5.26	5.19	5.21	28200
2001-02-28	5.29	5.29	5.17	5.17	102000
2001-03-01	5.41	5.42	5.28	5.33	140100
2001-03-02	5.52	5.54	5.37	5.41	133800
2001-03-05	5.58	5.61	5.52	5.52	104100
2001-03-06	5.55	5.60	5.51	5.58	64500
2001-03-07	5.59	5.60	5.50	5.51	72900
2001-03-08	5.57	5.63	5.56	5.62	81300
2001-03-09	5.58	5.60	5.53	5.55	107400
2001-03-12	5.60	5.60	5.49	5.55	164100
2001-03-13	5.41	5.56	5.40	5.56	164400
2001-03-14	5.30	5.41	5.29	5.41	119100
2001-03-15	5.27	5.31	5.17	5.30	160500
2001-03-16	5.17	5.25	5.17	5.25	54900
2001-03-19	5.16	5.25	5.13	5.23	128700
2001-03-20	5.16	5.26	5.16	5.21	119700
2001-03-21	5.15	5.18	5.11	5.18	51600
2001-03-22	5.11	5.16	5.08	5.11	174000
2001-03-23	5.11	5.14	5.10	5.12	96000
2001-03-26	5.21	5.35	5.16	5.16	255600
2001-03-27	5.27	5.30	5.21	5.21	87600
2001-03-28	5.27	5.30	5.18	5.27	69000
2001-03-29	5.12	5.25	5.09	5.25	67200
2001-03-30	5.31	5.32	5.08	5.08	78000
2001-04-02	5.26	5.40	5.24	5.35	115200
2001-04-03	5.26	5.33	5.14	5.31	198600
2001-04-04	5.32	5.36	5.25	5.28	126900
2001-04-05	5.39	5.43	5.36	5.36	66900
2001-04-06	5.46	5.46	5.32	5.39	122400
2001-04-09	5.53	5.53	5.44	5.46	93600
2001-04-10	5.64	5.64	5.52	5.55	91500
2001-04-11	5.45	5.65	5.43	5.65	156600
2001-04-12	5.51	5.51	5.41	5.47	168600
2001-04-16	5.60	5.60	5.45	5.46	59400
2001-04-17	5.61	5.68	5.57	5.65	134700
2001-04-18	5.62	5.63	5.49	5.63	95400
2001-04-19	5.65	5.70	5.61	5.61	228000
2001-04-20	5.76	5.78	5.65	5.67	143100
2001-04-23	5.82	5.86	5.78	5.83	186600
2001-04-24	5.65	5.87	5.56	5.81	684900
2001-04-25	5.77	5.79	5.68	5.68	146100
2001-04-26	6.06	6.07	5.78	5.80	466200
2001-04-27	6.08	6.12	6.04	6.06	440400
2001-04-30	5.98	6.13	5.91	6.11	272400
2001-05-01	5.80	5.95	5.73	5.95	171900
2001-05-02	5.67	5.82	5.63	5.82	310200
2001-05-03	5.68	5.70	5.56	5.67	105000
2001-05-04	5.78	5.80	5.69	5.70	271500
2001-05-07	5.79	5.83	5.74	5.78	78900
2001-05-08	5.82	5.86	5.77	5.80	132300
2001-05-09	5.95	5.95	5.82	5.82	132300
2001-05-10	5.87	6.01	5.87	5.98	204000
2001-05-11	5.96	5.96	5.87	5.92	93000
2001-05-14	5.95	6.01	5.92	5.93	17400
2001-05-15	5.98	6.00	5.92	6.00	82500
2001-05-16	5.98	6.03	5.89	6.01	181800
2001-05-17	6.00	6.02	5.90	6.00	255000
2001-05-18	6.03	6.05	5.94	5.94	214800
2001-05-21	6.07	6.11	6.00	6.06	76200
2001-05-22	5.96	5.99	5.93	5.99	165600
2001-05-23	5.90	5.98	5.87	5.96	92400
2001-05-24	5.88	5.94	5.87	5.90	194400
2001-05-25	5.84	5.95	5.83	5.83	90000
2001-05-29	5.99	6.04	5.93	5.99	238200
2001-05-30	5.84	5.99	5.80	5.99	128700
2001-05-31	5.87	5.90	5.78	5.87	221100
2001-06-01	5.90	5.91	5.70	5.88	252300
2001-06-04	5.92	5.94	5.81	5.92	249600
2001-06-05	6.01	6.04	5.94	6.04	157800
2001-06-06	5.86	6.02	5.86	6.01	170100
2001-06-07	5.85	5.89	5.85	5.89	200100
2001-06-08	5.85	5.91	5.84	5.85	120900
2001-06-11	5.82	5.94	5.80	5.89	139500
2001-06-12	5.93	5.93	5.78	5.86	155700
2001-06-13	5.90	5.97	5.85	5.97	65700
2001-06-14	5.89	5.91	5.84	5.91	168000
2001-06-15	5.84	5.91	5.80	5.80	328500
2001-06-18	5.85	5.89	5.83	5.88	707700
2001-06-19	5.90	5.96	5.86	5.90	665700
2001-06-20	5.96	5.98	5.87	5.91	554400
2001-06-21	5.79	5.97	5.73	5.97	894900
2001-06-22	5.86	5.88	5.72	5.79	213600
2001-06-25	5.87	5.87	5.83	5.86	356400
2001-06-26	5.86	5.89	5.81	5.81	76800
2001-06-27	5.74	5.83	5.74	5.83	2022600
2001-06-28	5.61	5.72	5.59	5.72	427500
2001-06-29	5.64	5.75	5.63	5.63	238200
2001-07-02	5.59	5.74	5.59	5.63	104100
2001-07-03	5.62	5.67	5.54	5.59	99000
2001-07-05	5.73	5.78	5.66	5.69	603300
2001-07-06	5.61	5.72	5.52	5.72	370500
2001-07-09	5.66	5.67	5.58	5.58	113400
2001-07-10	5.59	5.68	5.57	5.66	258600
2001-07-11	5.65	5.67	5.54	5.57	1927800
2001-07-12	5.61	5.65	5.58	5.65	1263900
2001-07-13	5.54	5.61	5.50	5.58	103500
2001-07-16	5.62	5.66	5.51	5.56	291300
2001-07-17	5.60	5.63	5.42	5.63	225000
2001-07-18	5.61	5.61	5.47	5.61	754800
2001-07-19	5.69	5.70	5.58	5.60	67200
2001-07-20	5.78	5.78	5.66	5.66	63900
2001-07-23	5.83	5.84	5.77	5.78	278100
2001-07-24	5.77	5.83	5.74	5.83	209100
2001-07-25	5.88	5.89	5.81	5.81	153300
2001-07-26	5.91	5.93	5.80	5.83	164400
2001-07-27	5.99	6.05	5.91	5.91	211500
2001-07-30	6.13	6.15	6.01	6.01	210600
2001-07-31	6.13	6.22	6.12	6.14	160200
2001-08-01	5.95	6.14	5.91	6.14	249900
2001-08-02	5.99	5.99	5.91	5.96	140100
2001-08-03	5.88	5.96	5.82	5.96	74100
2001-08-06	5.92	5.95	5.85	5.88	28200
2001-08-07	6.00	6.01	5.90	5.92	107700
2001-08-08	6.09	6.19	6.02	6.02	219600
2001-08-09	6.07	6.12	6.05	6.05	63000
2001-08-10	6.07	6.16	6.04	6.10	76500
2001-08-13	6.08	6.13	6.03	6.04	72000
2001-08-14	6.07	6.11	6.00	6.11	102900
2001-08-15	5.96	6.10	5.96	6.08	261300
2001-08-16	5.99	6.04	5.96	6.00	211200
2001-08-17	5.99	6.00	5.96	5.99	123600
2001-08-20	6.00	6.01	5.89	5.89	88500
2001-08-21	5.97	6.03	5.96	5.98	42000
2001-08-22	6.09	6.14	5.98	5.98	116100
2001-08-23	6.05	6.09	6.01	6.09	51000
2001-08-24	6.13	6.13	6.02	6.02	82800
2001-08-27	6.11	6.15	6.07	6.08	115200
2001-08-28	5.96	6.08	5.91	6.08	201300
2001-08-29	6.09	6.09	5.93	5.98	160800
2001-08-30	5.96	6.11	5.79	6.07	153000
2001-08-31	5.96	6.06	5.95	5.99	69000
2001-09-04	6.09	6.15	5.93	5.93	195600
2001-09-05	6.10	6.11	6.02	6.07	53400
2001-09-06	6.20	6.20	6.05	6.09	599700
2001-09-07	6.23	6.23	6.12	6.18	234600
2001-09-10	6.23	6.23	6.15	6.22	215100
2001-09-17	6.28	6.45	6.16	6.29	432600
2001-09-18	6.18	6.30	6.11	6.30	330000
2001-09-19	6.03	6.20	5.87	6.18	510300
2001-09-20	6.06	6.08	5.83	5.83	646500
2001-09-21	6.08	6.09	5.96	6.01	301800
2001-09-24	5.81	6.06	5.79	6.06	318000
2001-09-25	5.74	5.93	5.74	5.81	503400
2001-09-26	5.79	5.83	5.71	5.74	238500
2001-09-27	5.90	5.91	5.73	5.76	304500
2001-09-28	6.00	6.04	5.88	5.88	267600
2001-10-01	5.95	6.00	5.86	5.97	181800
2001-10-02	6.03	6.09	5.85	5.98	158700
2001-10-03	5.96	6.01	5.92	6.01	86400
2001-10-04	5.92	6.00	5.92	5.99	323100
2001-10-05	6.02	6.08	5.83	5.96	204000
2001-10-08	6.07	6.09	5.93	6.07	25200
2001-10-09	6.22	6.22	6.02	6.02	247800
2001-10-10	6.31	6.33	6.19	6.19	353400
2001-10-11	6.36	6.50	6.34	6.34	568500
2001-10-12	6.28	6.35	6.26	6.31	372000
2001-10-15	6.21	6.36	6.12	6.29	142200
2001-10-16	6.25	6.29	6.18	6.24	69900
2001-10-17	6.18	6.28	6.14	6.25	201300
2001-10-18	6.01	6.15	5.97	6.12	302100
2001-10-19	6.07	6.09	5.88	6.01	231000
2001-10-22	6.19	6.23	6.04	6.04	222900
2001-10-23	6.29	6.33	6.21	6.23	362100
2001-10-24	6.26	6.29	6.16	6.29	177000
2001-10-25	6.24	6.27	6.18	6.22	196500
2001-10-26	6.26	6.34	6.22	6.27	130500
2001-10-29	6.25	6.29	6.21	6.29	89400
2001-10-30	6.23	6.29	6.18	6.20	261300
2001-10-31	6.07	6.24	6.06	6.24	132300
2001-11-01	6.04	6.13	5.99	6.09	228900
2001-11-02	6.24	6.24	6.02	6.07	173700
2001-11-05	6.07	6.20	6.07	6.18	110400
2001-11-06	5.88	6.01	5.81	6.01	351300
2001-11-07	5.88	5.94	5.78	5.88	232200
2001-11-08	5.97	6.00	5.89	5.92	108600
2001-11-09	6.17	6.18	6.02	6.02	118200
2001-11-12	6.16	6.20	6.06	6.13	90600
2001-11-13	6.27	6.31	6.12	6.12	221100
2001-11-14	6.09	6.20	6.02	6.16	343800
2001-11-15	5.63	6.09	5.54	6.09	693600
2001-11-16	5.69	5.70	5.53	5.57	177300
2001-11-19	5.84	5.85	5.69	5.74	446700
2001-11-20	5.94	6.00	5.85	5.89	184500
2001-11-21	5.94	5.99	5.85	5.96	165900
2001-11-23	5.91	5.95	5.89	5.91	50700
2001-11-26	5.85	5.92	5.78	5.92	88500
2001-11-27	5.94	5.94	5.79	5.79	197400
2001-11-28	5.94	5.97	5.91	5.95	92400
2001-11-29	5.93	5.95	5.88	5.89	440400
2001-11-30	5.90	5.95	5.88	5.92	693000
2001-12-03	5.96	5.97	5.85	5.96	822000
2001-12-04	6.08	6.08	5.93	6.00	254100
2001-12-05	6.20	6.22	6.07	6.07	499200
2001-12-06	6.05	6.19	5.97	6.19	216000
2001-12-07	6.12	6.14	5.91	5.91	272100
2001-12-10	6.11	6.14	6.03	6.09	230700
2001-12-11	6.11	6.13	6.06	6.13	126600
2001-12-12	6.04	6.14	5.97	6.13	261600
2001-12-13	5.89	6.02	5.87	6.02	353700
2001-12-14	6.08	6.08	5.91	5.91	282900
2001-12-17	6.17	6.20	6.08	6.12	201300
2001-12-18	6.14	6.17	6.08	6.14	196800
2001-12-19	6.25	6.25	6.13	6.17	337800
2001-12-20	6.10	6.22	6.10	6.21	506100
2001-12-21	6.04	6.15	6.03	6.10	519900
2001-12-24	6.02	6.09	5.90	5.96	199500
2001-12-26	6.17	6.29	6.04	6.04	162900
2001-12-27	6.24	6.26	6.17	6.17	82500
2001-12-28	6.25	6.28	6.21	6.22	101100
2001-12-31	6.20	6.28	6.18	6.28	265800
2002-01-02	6.07	6.22	6.03	6.22	354300
2002-01-03	6.06	6.17	6.02	6.10	133200
2002-01-04	6.03	6.12	6.00	6.12	84300
2002-01-07	5.98	6.04	5.95	5.99	74400
2002-01-08	5.92	5.96	5.88	5.96	147900
2002-01-09	5.92	5.97	5.88	5.88	58800
2002-01-10	5.83	5.92	5.82	5.92	78300
2002-01-11	5.98	5.98	5.79	5.81	1288800
2002-01-14	5.89	5.97	5.88	5.97	136200
2002-01-15	5.95	6.00	5.89	5.89	260700
2002-01-16	5.86	5.95	5.81	5.95	116700
2002-01-17	5.83	5.90	5.83	5.87	141300
2002-01-18	5.83	5.84	5.78	5.78	33900
2002-01-22	5.77	5.83	5.74	5.83	144900
2002-01-23	5.81	5.86	5.78	5.78	126600
2002-01-24	5.87	5.89	5.76	5.79	144900
2002-01-25	5.92	5.95	5.83	5.83	247800
2002-01-28	5.84	5.86	5.78	5.86	143400
2002-01-29	5.83	5.88	5.81	5.88	160500
2002-01-30	5.81	5.83	5.76	5.82	88500
2002-01-31	5.96	5.97	5.80	5.85	298500
2002-02-01	5.96	5.96	5.89	5.95	212700
2002-02-04	5.94	6.00	5.92	5.95	90300
2002-02-05	5.87	5.94	5.86	5.89	84900
2002-02-06	5.84	5.87	5.77	5.87	339900
2002-02-07	5.77	5.86	5.76	5.86	218700
2002-02-08	5.78	5.82	5.77	5.79	305100
2002-02-11	5.89	5.92	5.77	5.81	163500
2002-02-12	5.86	5.90	5.84	5.84	37800
2002-02-13	5.93	5.95	5.86	5.87	60600
2002-02-14	5.90	6.01	5.87	5.91	447300
2002-02-15	5.97	6.00	5.92	5.95	96300
2002-02-19	5.97	5.97	5.92	5.93	166200
2002-02-20	5.98	6.00	5.95	6.00	108600
2002-02-21	6.08	6.14	5.98	5.98	162900
2002-02-22	6.07	6.13	6.03	6.12	204600
2002-02-25	6.11	6.11	6.04	6.09	132900
2002-02-26	6.13	6.16	6.11	6.11	177600
2002-02-27	6.20	6.23	6.08	6.10	293700
2002-02-28	6.27	6.34	6.22	6.22	290100
2002-03-01	6.40	6.42	6.24	6.27	157500
2002-03-04	6.53	6.58	6.45	6.45	259200
2002-03-05	6.42	6.63	6.42	6.56	291600
2002-03-06	6.55	6.56	6.38	6.45	97800
2002-03-07	6.54	6.63	6.51	6.61	291300
2002-03-08	6.42	6.63	6.40	6.63	247200
2002-03-11	6.42	6.50	6.37	6.45	204600
2002-03-12	6.45	6.45	6.36	6.42	164400
2002-03-13	6.48	6.51	6.43	6.47	157500
2002-03-14	6.47	6.49	6.44	6.49	180300
2002-03-15	6.50	6.59	6.49	6.52	206700
2002-03-18	6.62	6.72	6.52	6.52	170100
2002-03-19	6.62	6.66	6.57	6.64	386700
2002-03-20	6.68	6.75	6.58	6.62	124800
2002-03-21	6.70	6.79	6.66	6.72	230400
2002-03-22	6.58	6.70	6.57	6.69	177600
2002-03-25	6.56	6.60	6.53	6.53	67800
2002-03-26	6.57	6.61	6.54	6.54	36000
2002-03-27	6.63	6.67	6.55	6.60	193500
2002-03-28	6.68	6.69	6.61	6.63	69600
2002-04-01	6.75	6.79	6.71	6.71	81900
2002-04-02	6.81	6.85	6.77	6.79	328200
2002-04-03	6.70	6.78	6.61	6.75	151500
2002-04-04	6.62	6.71	6.60	6.69	84300
2002-04-05	6.55	6.69	6.55	6.62	122700
2002-04-08	6.64	6.66	6.60	6.66	101100
2002-04-09	6.50	6.61	6.48	6.61	129000
2002-04-10	6.57	6.61	6.53	6.53	124200
2002-04-11	6.57	6.59	6.52	6.59	115200
2002-04-12	6.31	6.54	6.31	6.52	139500
2002-04-15	6.48	6.49	6.36	6.36	163800
2002-04-16	6.55	6.57	6.50	6.51	60600
2002-04-17	6.55	6.64	6.55	6.60	149100
2002-04-18	6.62	6.63	6.51	6.58	120300
2002-04-19	6.70	6.74	6.53	6.60	288000
2002-04-22	6.69	6.72	6.64	6.68	79500
2002-04-23	6.53	6.67	6.49	6.66	244800
2002-04-24	6.50	6.57	6.43	6.55	184500
2002-04-25	6.65	6.69	6.50	6.53	294000
2002-04-26	6.70	6.70	6.64	6.68	414300
2002-04-29	6.66	6.68	6.58	6.68	190500
2002-04-30	6.63	6.66	6.56	6.64	176100
2002-05-01	6.72	6.72	6.61	6.63	161100
2002-05-02	6.68	6.70	6.59	6.69	140100
2002-05-03	6.81	6.83	6.63	6.65	434100
2002-05-06	6.72	6.77	6.66	6.77	257100
2002-05-07	6.71	6.80	6.68	6.73	218400
2002-05-08	6.92	6.92	6.72	6.72	191400
2002-05-09	6.90	6.94	6.88	6.94	124800
2002-05-10	6.97	6.99	6.93	6.94	100800
2002-05-13	6.96	7.07	6.94	6.94	87300
2002-05-14	7.03	7.03	6.94	7.00	115200
2002-05-15	7.01	7.07	7.00	7.00	138300
2002-05-16	7.10	7.10	7.01	7.02	68100
2002-05-17	7.13	7.13	7.05	7.09	64800
2002-05-20	7.00	7.11	6.99	7.11	114000
2002-05-21	7.03	7.07	6.98	7.02	372000
2002-05-22	7.02	7.02	6.89	7.00	140100
2002-05-23	7.07	7.11	6.99	6.99	71700
2002-05-24	7.02	7.08	7.01	7.05	59400
2002-05-28	6.99	7.13	6.94	7.11	158700
2002-05-29	6.90	6.95	6.84	6.95	216300
2002-05-30	6.80	6.89	6.79	6.87	198300
2002-05-31	6.75	6.87	6.74	6.81	209700
2002-06-03	6.69	6.75	6.66	6.72	72300
2002-06-04	6.64	6.68	6.63	6.66	307200
2002-06-05	6.56	6.60	6.53	6.60	219300
2002-06-06	6.57	6.60	6.53	6.55	75900
2002-06-07	6.57	6.57	6.50	6.53	72300
2002-06-10	6.49	6.60	6.46	6.58	72600
2002-06-11	6.43	6.47	6.42	6.46	66900
2002-06-12	6.47	6.50	6.43	6.46	158100
2002-06-13	6.51	6.61	6.47	6.47	147000
2002-06-14	6.50	6.52	6.42	6.52	74100
2002-06-17	6.69	6.71	6.55	6.55	144600
2002-06-18	6.69	6.74	6.62	6.71	117600
2002-06-19	6.62	6.72	6.59	6.72	124200
2002-06-20	6.64	6.79	6.64	6.67	134700
2002-06-21	6.64	6.68	6.60	6.60	70800
2002-06-24	6.80	6.84	6.68	6.69	137100
2002-06-25	6.82	6.90	6.80	6.82	200700
2002-06-26	6.81	6.85	6.77	6.77	147300
2002-06-27	6.84	6.87	6.77	6.83	106200
2002-06-28	7.04	7.04	6.76	6.80	132300
2002-07-01	6.93	7.01	6.82	7.01	100500
2002-07-02	6.84	6.96	6.83	6.95	76200
2002-07-03	6.81	6.82	6.70	6.81	106200
2002-07-05	6.84	6.85	6.76	6.83	92400
2002-07-08	6.90	6.96	6.86	6.86	80700
2002-07-09	6.93	6.95	6.86	6.94	91200
2002-07-10	6.79	6.94	6.79	6.92	207600
2002-07-11	6.68	6.80	6.56	6.80	238800
2002-07-12	6.56	6.68	6.55	6.66	56400
2002-07-15	6.52	6.58	6.45	6.56	174900
2002-07-16	6.51	6.52	6.44	6.48	110100
2002-07-17	6.39	6.50	6.38	6.50	165900
2002-07-18	6.18	6.36	6.12	6.33	408300
2002-07-19	6.10	6.18	6.09	6.14	184800
2002-07-22	5.78	6.06	5.72	6.06	333000
2002-07-23	5.65	5.86	5.64	5.73	223800
2002-07-24	5.87	5.87	5.41	5.41	705000
2002-07-25	5.82	5.87	5.73	5.84	240300
2002-07-26	5.83	5.85	5.73	5.85	101100
2002-07-29	5.87	5.94	5.85	5.89	317100
2002-07-30	5.98	6.04	5.86	5.88	151200
2002-07-31	6.16	6.19	5.96	5.96	93900
2002-08-01	5.96	6.10	5.93	6.10	123000
2002-08-02	6.06	6.08	5.95	5.98	133500
2002-08-05	5.93	6.05	5.93	6.05	33000
2002-08-06	6.09	6.09	5.90	5.92	582300
2002-08-07	6.09	6.12	5.99	6.10	62700
2002-08-08	6.13	6.15	6.02	6.03	123900
2002-08-09	6.21	6.22	6.09	6.14	183300
2002-08-12	6.17	6.21	6.15	6.16	172200
2002-08-13	6.09	6.18	6.06	6.15	99600
2002-08-14	6.09	6.20	5.99	6.14	233100
2002-08-15	6.13	6.16	6.10	6.14	128400
2002-08-16	6.14	6.15	6.08	6.11	91200
2002-08-19	6.13	6.16	6.10	6.11	111600
2002-08-20	6.23	6.34	6.14	6.16	270300
2002-08-21	6.23	6.31	6.18	6.27	110100
2002-08-22	6.34	6.35	6.21	6.21	75000
2002-08-23	6.22	6.35	6.20	6.33	43800
2002-08-26	6.35	6.38	6.14	6.24	129900
2002-08-27	6.36	6.44	6.30	6.37	131100
2002-08-28	6.40	6.40	6.24	6.31	191100
2002-08-29	6.42	6.44	6.36	6.38	102300
2002-08-30	6.42	6.43	6.40	6.42	44100
2002-09-03	6.33	6.43	6.29	6.43	144900
2002-09-04	6.35	6.36	6.25	6.33	143400
2002-09-05	6.39	6.49	6.31	6.38	141000
2002-09-06	6.43	6.51	6.42	6.42	84600
2002-09-09	6.38	6.43	6.32	6.39	83100
2002-09-10	6.42	6.45	6.36	6.38	89100
2002-09-11	6.39	6.41	6.38	6.39	52500
2002-09-12	6.33	6.39	6.32	6.39	45900
2002-09-13	6.47	6.50	6.35	6.35	57000
2002-09-16	6.61	6.62	6.44	6.49	188700
2002-09-17	6.43	6.59	6.40	6.54	139500
2002-09-18	6.44	6.49	6.42	6.45	136800
2002-09-19	6.36	6.46	6.35	6.46	44400
2002-09-20	6.42	6.45	6.36	6.36	53700
2002-09-23	6.38	6.46	6.34	6.38	141600
2002-09-24	6.39	6.46	6.32	6.35	200400
2002-09-25	6.42	6.44	6.33	6.36	235200
2002-09-26	6.45	6.45	6.39	6.42	69600
2002-09-27	6.47	6.47	6.37	6.39	192600
2002-09-30	6.59	6.66	6.39	6.43	211500
2002-10-01	6.56	6.63	6.51	6.54	92400
2002-10-02	6.50	6.54	6.47	6.50	202800
2002-10-03	6.47	6.53	6.44	6.45	97200
2002-10-04	6.41	6.55	6.34	6.55	119100
2002-10-07	6.37	6.50	6.35	6.46	56400
2002-10-08	6.33	6.39	6.29	6.35	148200
2002-10-09	6.23	6.33	6.22	6.30	128700
2002-10-10	6.33	6.33	6.20	6.26	139500
2002-10-11	6.36	6.41	6.24	6.31	85200
2002-10-14	6.42	6.42	6.32	6.34	50100
2002-10-15	6.37	6.46	6.34	6.40	125400
2002-10-16	6.30	6.36	6.23	6.34	248100
2002-10-17	6.38	6.40	6.30	6.30	67500
2002-10-18	6.41	6.42	6.32	6.37	72900
2002-10-21	6.44	6.50	6.34	6.39	85500
2002-10-22	6.28	6.45	6.23	6.42	90000
2002-10-23	6.45	6.45	6.22	6.22	105600
2002-10-24	6.29	6.45	6.26	6.42	111000
2002-10-25	6.23	6.25	6.22	6.23	82200
2002-10-28	6.21	6.29	6.21	6.28	92100
2002-10-29	6.13	6.23	6.05	6.23	188100
2002-10-30	6.13	6.16	6.05	6.12	221100
2002-10-31	6.15	6.18	6.12	6.13	187500
2002-11-01	6.13	6.18	6.09	6.14	78300
2002-11-04	6.16	6.18	6.10	6.10	111000
2002-11-05	6.15	6.17	6.08	6.13	96300
2002-11-06	6.20	6.21	6.12	6.16	81600
2002-11-07	6.17	6.20	6.14	6.20	48000
2002-11-08	6.25	6.25	6.14	6.15	70200
2002-11-11	6.19	6.22	6.17	6.22	47100
2002-11-12	6.27	6.31	6.19	6.26	112800
2002-11-13	6.25	6.31	6.22	6.25	138000
2002-11-14	6.26	6.26	6.21	6.23	33000
2002-11-15	6.25	6.33	6.21	6.22	101100
2002-11-18	6.33	6.40	6.26	6.29	123900
2002-11-19	6.32	6.34	6.30	6.31	40200
2002-11-20	6.36	6.39	6.32	6.32	129300
2002-11-21	6.35	6.42	6.33	6.38	89700
2002-11-22	6.28	6.34	6.26	6.34	52500
2002-11-25	6.30	6.35	6.28	6.30	77100
2002-11-26	6.29	6.34	6.28	6.28	32400
2002-11-27	6.34	6.38	6.29	6.29	94800
2002-11-29	6.44	6.46	6.44	6.44	36000
2002-12-02	6.45	6.45	6.39	6.43	39900
2002-12-03	6.51	6.52	6.46	6.47	69900
2002-12-04	6.52	6.59	6.51	6.52	195300
2002-12-05	6.49	6.55	6.42	6.55	98700
2002-12-06	6.51	6.56	6.46	6.47	56400
2002-12-09	6.49	6.57	6.48	6.53	60900
2002-12-10	6.59	6.59	6.40	6.47	102900
2002-12-11	6.60	6.64	6.54	6.54	222900
2002-12-12	6.62	6.63	6.58	6.63	64800
2002-12-13	6.52	6.63	6.47	6.63	131100
2002-12-16	6.60	6.62	6.51	6.55	123000
2002-12-17	6.70	6.71	6.59	6.60	188400
2002-12-18	6.68	6.70	6.65	6.65	127500
2002-12-19	6.68	6.70	6.65	6.70	99300
2002-12-20	6.60	6.65	6.53	6.65	261900
2002-12-23	6.61	6.64	6.58	6.62	261600
2002-12-24	6.64	6.70	6.64	6.68	98700
2002-12-26	6.55	6.62	6.53	6.61	86700
2002-12-27	6.53	6.55	6.51	6.53	38400
2002-12-30	6.56	6.60	6.54	6.58	59700
2002-12-31	6.57	6.62	6.51	6.53	274800
2003-01-02	6.64	6.65	6.54	6.55	112500
2003-01-03	6.66	6.67	6.63	6.67	36900
2003-01-06	6.72	6.72	6.67	6.68	90000
2003-01-07	6.59	6.71	6.59	6.69	182100
2003-01-08	6.56	6.61	6.52	6.61	81900
2003-01-09	6.62	6.65	6.56	6.56	130800
2003-01-10	6.58	6.64	6.57	6.57	142500
2003-01-13	6.57	6.66	6.47	6.60	90000
2003-01-14	6.53	6.59	6.52	6.56	50400
2003-01-15	6.56	6.61	6.50	6.54	86700
2003-01-16	6.68	6.71	6.58	6.58	120600
2003-01-17	6.63	6.67	6.62	6.67	74100
2003-01-21	6.63	6.71	6.61	6.70	97500
2003-01-22	6.70	6.77	6.65	6.65	190800
2003-01-23	6.80	6.81	6.69	6.70	198600
2003-01-24	6.78	6.81	6.71	6.81	211500
2003-01-27	6.67	6.76	6.66	6.76	110700
2003-01-28	6.64	6.70	6.61	6.70	78300
2003-01-29	6.70	6.71	6.54	6.66	277200
2003-01-30	6.70	6.75	6.66	6.66	116700
2003-01-31	6.77	6.78	6.65	6.69	144300
2003-02-03	6.85	6.90	6.79	6.79	248700
2003-02-04	6.88	6.88	6.82	6.85	98100
2003-02-05	6.80	6.87	6.79	6.85	141600
2003-02-06	6.86	6.87	6.78	6.80	95400
2003-02-07	6.91	6.92	6.86	6.86	344700
2003-02-10	6.86	6.89	6.78	6.89	100800
2003-02-11	6.89	6.91	6.80	6.84	115200
2003-02-12	6.91	6.91	6.89	6.89	135900
2003-02-13	6.98	7.00	6.93	6.93	255600
2003-02-14	7.01	7.02	6.97	6.97	136200
2003-02-18	7.06	7.12	6.96	6.97	103200
2003-02-19	7.02	7.07	6.97	7.03	251700
2003-02-20	7.18	7.18	7.05	7.05	557700
2003-02-21	7.15	7.23	7.13	7.17	633300
2003-02-24	7.21	7.25	7.15	7.15	213600
2003-02-25	7.20	7.25	7.17	7.21	188400
2003-02-26	7.20	7.24	7.17	7.20	201900
2003-02-27	7.31	7.32	7.20	7.20	578100
2003-02-28	7.33	7.38	7.31	7.35	225600
2003-03-03	7.30	7.38	7.28	7.35	132000
2003-03-04	7.26	7.38	7.26	7.33	159900
2003-03-05	7.36	7.36	7.26	7.29	157800
2003-03-06	7.33	7.36	7.29	7.34	171600
2003-03-07	7.34	7.34	7.30	7.32	186300
2003-03-10	7.29	7.37	7.27	7.34	176400
2003-03-11	7.37	7.37	7.31	7.34	153000
2003-03-12	7.33	7.37	7.30	7.37	266100
2003-03-13	7.28	7.33	7.26	7.28	158700
2003-03-14	7.25	7.28	7.18	7.23	462900
2003-03-17	7.33	7.33	7.27	7.30	171000
2003-03-18	7.28	7.28	7.21	7.28	201000
2003-03-19	7.17	7.28	7.15	7.26	208800
2003-03-20	7.26	7.26	7.15	7.15	193800
2003-03-21	7.14	7.28	7.13	7.28	166200
2003-03-24	7.18	7.26	7.14	7.14	85800
2003-03-25	7.22	7.25	7.18	7.20	149100
2003-03-26	7.25	7.28	7.24	7.26	126300
2003-03-27	7.37	7.38	7.27	7.27	162600
2003-03-28	7.39	7.42	7.35	7.37	151800
2003-03-31	7.41	7.41	7.31	7.39	101700
2003-04-01	7.34	7.42	7.30	7.42	96600
2003-04-02	7.31	7.34	7.26	7.32	202500
2003-04-03	7.23	7.28	7.16	7.26	254700
2003-04-04	7.13	7.20	7.07	7.20	218700
2003-04-07	7.07	7.08	7.00	7.05	211200
2003-04-08	7.15	7.16	7.08	7.08	157500
2003-04-09	7.09	7.18	7.05	7.18	53700
2003-04-10	7.16	7.19	7.07	7.08	226200
2003-04-11	7.19	7.19	7.12	7.12	164400
2003-04-14	7.19	7.22	7.10	7.16	108600
2003-04-15	7.21	7.28	7.15	7.15	96600
2003-04-16	7.12	7.18	7.08	7.17	71400
2003-04-17	7.19	7.26	7.12	7.12	68700
2003-04-21	7.15	7.21	7.15	7.19	359100
2003-04-22	7.03	7.18	7.02	7.17	341100
2003-04-23	6.98	7.04	6.96	7.01	385800
2003-04-24	6.94	6.96	6.90	6.94	465600
2003-04-25	6.98	7.03	6.94	6.95	84000
2003-04-28	6.97	7.03	6.94	6.99	97500
2003-04-29	6.95	6.98	6.91	6.95	129900
2003-04-30	6.98	7.02	6.94	6.97	616500
2003-05-01	7.05	7.07	7.02	7.03	211800
2003-05-02	7.09	7.10	7.05	7.05	210300
2003-05-05	7.17	7.19	7.11	7.11	139500
2003-05-06	7.28	7.33	7.18	7.18	206100
2003-05-07	7.23	7.26	7.22	7.26	117900
2003-05-08	7.26	7.28	7.23	7.28	58500
2003-05-09	7.34	7.41	7.24	7.28	123600
2003-05-12	7.41	7.46	7.36	7.36	91200
2003-05-13	7.40	7.44	7.33	7.37	212100
2003-05-14	7.45	7.45	7.39	7.40	198000
2003-05-15	7.41	7.47	7.40	7.46	69900
2003-05-16	7.49	7.53	7.45	7.45	93900
2003-05-19	7.44	7.52	7.42	7.51	20400
2003-05-20	7.57	7.58	7.50	7.54	149400
2003-05-21	7.58	7.60	7.52	7.58	85800
2003-05-22	7.52	7.56	7.49	7.55	96600
2003-05-23	7.54	7.56	7.49	7.55	160200
2003-05-27	7.59	7.60	7.51	7.55	72000
2003-05-28	7.62	7.68	7.56	7.57	110100
2003-05-29	7.72	7.72	7.63	7.64	99900
2003-05-30	7.76	7.78	7.70	7.70	132600
2003-06-02	7.79	7.93	7.79	7.81	154800
2003-06-03	7.83	7.86	7.75	7.77	57000
2003-06-04	7.84	7.93	7.84	7.87	53100
2003-06-05	7.89	7.92	7.84	7.87	63300
2003-06-06	7.83	7.89	7.83	7.88	68700
2003-06-09	7.80	7.86	7.77	7.86	116700
2003-06-10	7.90	7.90	7.76	7.79	91200
2003-06-11	8.06	8.06	7.91	7.92	140100
2003-06-12	8.06	8.08	8.04	8.07	111600
2003-06-13	7.96	8.06	7.91	8.02	100800
2003-06-16	8.05	8.05	7.94	7.98	77700
2003-06-17	8.01	8.07	7.99	8.04	128100
2003-06-18	8.04	8.05	7.99	8.05	168600
2003-06-19	7.95	8.01	7.89	8.01	234300
2003-06-20	7.79	7.96	7.79	7.96	109500
2003-06-23	7.86	7.88	7.77	7.82	100200
2003-06-24	7.88	7.91	7.82	7.89	67500
2003-06-25	8.02	8.05	7.91	7.91	171000
2003-06-26	7.92	8.03	7.92	8.03	94200
2003-06-27	8.00	8.01	7.96	7.97	56700
2003-06-30	8.10	8.12	8.00	8.00	134100
2003-07-01	8.01	8.12	8.00	8.12	54300
2003-07-02	7.96	8.10	7.93	8.04	111600
2003-07-03	8.09	8.10	7.98	7.98	102600
2003-07-07	8.03	8.12	8.02	8.12	78300
2003-07-08	7.82	8.03	7.79	8.03	150900
2003-07-09	7.79	7.82	7.74	7.81	143400
2003-07-10	7.72	7.78	7.67	7.78	120600
2003-07-11	7.75	7.77	7.71	7.74	48300
2003-07-14	7.83	7.88	7.75	7.75	74400
2003-07-15	7.83	7.85	7.77	7.81	240600
2003-07-16	7.80	7.88	7.80	7.84	308700
2003-07-17	7.81	7.82	7.74	7.80	120600
2003-07-18	7.82	7.84	7.71	7.77	68100
2003-07-21	7.92	7.93	7.81	7.81	90600
2003-07-22	7.84	7.89	7.80	7.88	79500
2003-07-23	7.93	7.93	7.80	7.81	101700
2003-07-24	7.88	7.97	7.87	7.94	56100
2003-07-25	8.08	8.11	7.92	7.93	116700
2003-07-28	8.06	8.08	8.01	8.08	67800
2003-07-29	7.99	8.09	7.99	8.04	129000
2003-07-30	7.90	7.96	7.86	7.96	196200
2003-07-31	7.87	7.92	7.72	7.92	213000
2003-08-01	7.86	7.93	7.86	7.90	92700
2003-08-04	7.77	7.87	7.77	7.81	45300
2003-08-05	7.86	7.88	7.79	7.79	92700
2003-08-06	7.87	7.92	7.79	7.88	128100
2003-08-07	7.98	7.98	7.87	7.87	75000
2003-08-08	7.96	7.98	7.94	7.94	115800
2003-08-11	8.15	8.16	7.98	7.98	127200
2003-08-12	8.19	8.20	8.12	8.13	105000
2003-08-13	8.20	8.25	8.15	8.19	211200
2003-08-14	8.25	8.25	8.14	8.18	84300
2003-08-15	8.25	8.25	8.25	8.25	3000
2003-08-18	8.29	8.42	8.25	8.29	140400
2003-08-19	8.24	8.29	8.20	8.29	61200
2003-08-20	8.30	8.32	8.21	8.23	94200
2003-08-21	8.36	8.40	8.28	8.28	185400
2003-08-22	8.35	8.46	8.31	8.38	73500
2003-08-25	8.36	8.41	8.35	8.39	52500
2003-08-26	8.28	8.35	8.20	8.35	63300
2003-08-27	8.31	8.32	8.21	8.23	141900
2003-08-28	8.33	8.37	8.30	8.35	138900
2003-08-29	8.41	8.41	8.31	8.31	36600
2003-09-02	8.61	8.64	8.41	8.46	289800
2003-09-03	8.73	8.75	8.61	8.64	135900
2003-09-04	8.88	8.90	8.71	8.76	394800
2003-09-05	8.95	9.00	8.87	8.90	292500
2003-09-08	9.02	9.03	8.90	8.97	156000
2003-09-09	8.97	9.04	8.93	9.04	191100
2003-09-10	9.02	9.06	8.88	8.88	242700
2003-09-11	8.94	9.02	8.90	9.02	134700
2003-09-12	8.87	8.98	8.85	8.91	88500
2003-09-15	8.87	8.87	8.77	8.84	94800
2003-09-16	8.79	8.98	8.79	8.93	183600
2003-09-17	8.77	8.90	8.75	8.90	128400
2003-09-18	8.63	8.76	8.57	8.76	152700
2003-09-19	8.61	8.71	8.61	8.62	247800
2003-09-22	8.62	8.69	8.57	8.58	378300
2003-09-23	8.56	8.63	8.55	8.62	255900
2003-09-24	8.83	8.90	8.65	8.65	190200
2003-09-25	8.76	8.88	8.74	8.78	113400
2003-09-26	8.69	8.72	8.64	8.72	56100
2003-09-29	8.70	8.71	8.64	8.64	118500
2003-09-30	8.69	8.76	8.59	8.70	144300
2003-10-01	8.94	8.94	8.69	8.69	432300
2003-10-02	8.90	8.97	8.86	8.92	206100
2003-10-03	8.92	8.93	8.87	8.90	147600
2003-10-06	9.01	9.01	8.90	8.94	217200
2003-10-07	9.16	9.19	9.01	9.01	714000
2003-10-08	9.16	9.22	9.11	9.16	362700
2003-10-09	9.10	9.19	9.06	9.16	157800
2003-10-10	9.29	9.36	9.12	9.12	262500
2003-10-13	9.34	9.37	9.31	9.32	63000
2003-10-14	9.49	9.53	9.28	9.32	250500
2003-10-15	9.37	9.49	9.35	9.49	191400
2003-10-16	9.39	9.41	9.34	9.34	106200
2003-10-17	9.37	9.40	9.32	9.37	143700
2003-10-20	9.41	9.42	9.35	9.40	1189500
2003-10-21	9.39	9.51	9.34	9.41	475200
2003-10-22	9.36	9.45	9.34	9.45	319200
2003-10-23	9.17	9.37	9.16	9.34	312000
2003-10-24	9.25	9.32	9.22	9.23	558000
2003-10-27	9.33	9.36	9.28	9.36	619200
2003-10-28	9.36	9.42	9.34	9.34	513900
2003-10-29	9.32	9.41	9.28	9.40	504300
2003-10-30	9.22	9.39	9.22	9.37	400500
2003-10-31	9.29	9.33	9.22	9.23	339900
2003-11-03	9.33	9.34	9.27	9.34	464400
2003-11-04	9.32	9.39	9.28	9.39	286500
2003-11-05	9.22	9.33	9.21	9.33	241800
2003-11-06	9.19	9.23	9.14	9.23	258600
2003-11-07	9.24	9.29	9.19	9.22	210900
2003-11-10	9.28	9.33	9.25	9.28	180300
2003-11-11	9.36	9.42	9.27	9.32	211800
2003-11-12	9.30	9.42	9.30	9.40	212400
2003-11-13	9.37	9.40	9.34	9.34	180300
2003-11-14	9.31	9.42	9.29	9.39	169500
2003-11-17	9.23	9.34	9.23	9.34	183000
2003-11-18	9.29	9.35	9.23	9.29	152700
2003-11-19	9.31	9.43	9.30	9.32	325800
2003-11-20	9.35	9.39	9.32	9.36	300600
2003-11-21	9.20	9.35	9.20	9.35	217500
2003-11-24	9.14	9.22	9.07	9.22	281700
2003-11-25	9.18	9.22	9.15	9.16	144000
2003-11-26	9.23	9.33	9.18	9.30	250500
2003-11-28	9.34	9.34	9.28	9.29	141600
2003-12-01	9.43	9.45	9.32	9.38	400200
2003-12-02	9.43	9.48	9.40	9.46	230400
2003-12-03	9.57	9.57	9.45	9.45	197100
2003-12-04	9.47	9.57	9.44	9.56	259200
2003-12-05	9.55	9.57	9.50	9.52	132600
2003-12-08	9.77	9.79	9.58	9.58	334800
2003-12-09	9.79	9.86	9.67	9.75	238500
2003-12-10	9.67	9.79	9.59	9.78	140100
2003-12-11	9.62	9.62	9.51	9.56	237300
2003-12-12	9.71	9.73	9.60	9.63	120600
2003-12-15	9.68	9.74	9.58	9.73	223200
2003-12-16	9.79	9.83	9.67	9.70	145500
2003-12-17	9.90	9.92	9.72	9.85	166200
2003-12-18	10.10	10.14	9.91	9.91	274200
2003-12-19	10.17	10.18	10.02	10.13	241500
2003-12-22	10.21	10.25	10.15	10.19	169500
2003-12-23	10.19	10.27	10.19	10.27	259200
2003-12-24	10.17	10.28	10.14	10.22	159300
2003-12-26	10.12	10.19	10.07	10.18	104100
2003-12-29	10.40	10.42	10.15	10.15	410400
2003-12-30	10.44	10.47	10.37	10.43	376500
2003-12-31	10.43	10.51	10.39	10.42	229500
2004-01-02	10.62	10.71	10.48	10.49	237000
2004-01-05	10.91	10.99	10.65	10.65	285900
2004-01-06	11.02	11.03	10.94	10.94	184800
2004-01-07	10.90	11.06	10.81	10.98	149100
2004-01-08	10.86	10.92	10.79	10.87	116700
2004-01-09	10.96	11.05	10.76	10.86	137100
2004-01-12	11.09	11.10	10.80	10.81	429600
2004-01-13	11.09	11.20	11.06	11.15	216000
2004-01-14	11.10	11.17	10.99	11.06	212700
2004-01-15	10.90	11.10	10.85	11.10	117900
2004-01-16	10.74	10.78	10.65	10.78	162600
2004-01-20	11.31	11.37	10.92	10.93	305100
2004-01-21	11.38	11.39	11.14	11.25	567900
2004-01-22	11.26	11.43	11.20	11.43	346500
2004-01-23	11.13	11.26	11.04	11.22	209700
2004-01-26	11.06	11.20	11.02	11.20	345000
2004-01-27	10.98	11.19	10.94	11.09	316500
2004-01-28	10.71	10.91	10.69	10.86	310500
2004-01-29	10.28	10.72	10.16	10.72	569400
2004-01-30	10.30	10.31	10.17	10.28	250500
2004-02-02	10.49	10.57	10.19	10.28	188100
2004-02-03	10.52	10.64	10.48	10.48	498600
2004-02-04	10.47	10.49	10.36	10.49	127500
2004-02-05	10.44	10.54	10.41	10.49	145200
2004-02-06	10.52	10.53	10.47	10.47	106200
2004-02-09	10.59	10.60	10.53	10.57	96600
2004-02-10	10.81	10.81	10.65	10.65	245700
2004-02-11	10.91	10.92	10.70	10.81	1074000
2004-02-12	10.86	10.96	10.81	10.92	127500
2004-02-13	10.82	10.99	10.79	10.94	105000
2004-02-17	10.95	11.02	10.93	10.99	136500
2004-02-18	10.83	10.99	10.83	10.99	189600
2004-02-19	10.69	10.81	10.68	10.81	310200
2004-02-20	10.56	10.67	10.53	10.67	220200
2004-02-23	10.58	10.60	10.50	10.56	162000
2004-02-24	10.71	10.76	10.54	10.58	139500
2004-02-25	10.62	10.73	10.61	10.73	447600
2004-02-26	10.68	10.70	10.55	10.65	330600
2004-02-27	10.76	10.79	10.68	10.70	184800
2004-03-01	11.02	11.02	10.89	10.89	275700
2004-03-02	11.10	11.32	11.04	11.04	489300
2004-03-03	11.02	11.07	10.93	11.07	152400
2004-03-04	10.90	11.08	10.88	11.08	188100
2004-03-05	11.05	11.07	10.74	10.85	421500
2004-03-08	10.96	11.07	10.94	11.05	212400
2004-03-09	10.88	11.05	10.87	10.96	165900
2004-03-10	10.48	10.88	10.47	10.88	362700
2004-03-11	10.52	10.57	10.33	10.46	324300
2004-03-12	10.64	10.65	10.36	10.53	151200
2004-03-15	10.54	10.62	10.47	10.62	184500
2004-03-16	10.52	10.70	10.45	10.54	175200
2004-03-17	10.58	10.66	10.43	10.51	216600
2004-03-18	10.45	10.61	10.39	10.59	200100
2004-03-19	10.35	10.53	10.35	10.47	231900
2004-03-22	10.29	10.33	10.21	10.29	339900
2004-03-23	10.29	10.32	10.22	10.28	276900
2004-03-24	10.09	10.32	10.08	10.29	257400
2004-03-25	10.14	10.14	9.99	10.12	352800
2004-03-26	10.21	10.27	10.17	10.19	235800
2004-03-29	10.35	10.36	10.25	10.25	158100
2004-03-30	10.65	10.71	10.34	10.34	244800
2004-03-31	10.58	10.68	10.56	10.64	190200
2004-04-01	10.59	10.70	10.54	10.54	207600
2004-04-02	10.74	10.76	10.58	10.59	252000
2004-04-05	10.92	10.96	10.69	10.71	263100
2004-04-06	10.89	10.98	10.81	10.92	139800
2004-04-07	10.93	10.99	10.77	10.85	86400
2004-04-08	10.85	10.88	10.79	10.85	186900
2004-04-12	10.98	11.03	10.85	10.88	142500
2004-04-13	10.97	11.12	10.92	10.92	339000
2004-04-14	10.68	10.88	10.60	10.88	227700
2004-04-15	10.59	10.70	10.56	10.67	271200
2004-04-16	10.59	10.66	10.58	10.59	162300
2004-04-19	10.60	10.63	10.55	10.58	130200
2004-04-20	10.42	10.61	10.42	10.58	137700
2004-04-21	10.27	10.40	10.24	10.38	213300
2004-04-22	10.61	10.61	10.26	10.26	207300
2004-04-23	10.70	10.74	10.53	10.62	222000
2004-04-26	10.76	10.91	10.73	10.73	230100
2004-04-27	10.74	10.87	10.73	10.76	182400
2004-04-28	10.42	10.57	10.32	10.48	279900
2004-04-29	10.28	10.58	10.19	10.40	235800
2004-04-30	10.35	10.42	10.18	10.26	130200
2004-05-03	10.52	10.55	10.34	10.34	247800
2004-05-04	10.77	10.79	10.58	10.58	159900
2004-05-05	10.96	10.96	10.67	10.71	219300
2004-05-06	10.93	11.00	10.80	10.96	198600
2004-05-07	10.62	10.91	10.62	10.91	165000
2004-05-10	10.32	10.44	10.26	10.44	318300
2004-05-11	10.33	10.40	10.29	10.29	161700
2004-05-12	10.44	10.45	10.20	10.27	202500
2004-05-13	10.50	10.50	10.33	10.46	175200
2004-05-14	10.53	10.59	10.45	10.47	81300
2004-05-17	10.49	10.70	10.48	10.62	129900
2004-05-18	10.49	10.63	10.45	10.47	110700
2004-05-19	10.53	10.71	10.46	10.62	139200
2004-05-20	10.37	10.63	10.32	10.52	128700
2004-05-21	10.30	10.43	10.27	10.38	93900
2004-05-24	10.45	10.45	10.21	10.29	69000
2004-05-25	10.55	10.58	10.39	10.42	194700
2004-05-26	10.54	10.65	10.51	10.59	138300
2004-05-27	10.52	10.60	10.47	10.55	123300
2004-05-28	10.36	10.50	10.36	10.50	126000
2004-06-01	10.60	10.62	10.38	10.45	214500
2004-06-02	10.55	10.63	10.51	10.59	119400
2004-06-03	10.52	10.64	10.44	10.63	143100
2004-06-04	10.48	10.64	10.45	10.55	128400
2004-06-07	10.68	10.71	10.48	10.50	99900
2004-06-08	10.65	10.72	10.61	10.72	159300
2004-06-09	10.44	10.63	10.44	10.63	47400
2004-06-10	10.51	10.59	10.41	10.48	99000
2004-06-14	10.40	10.45	10.35	10.41	98400
2004-06-15	10.50	10.61	10.40	10.40	249600
2004-06-16	10.47	10.55	10.42	10.50	598500
2004-06-17	10.63	10.66	10.45	10.48	430200
2004-06-18	10.79	10.85	10.66	10.66	459900
2004-06-21	10.85	10.90	10.79	10.82	233400
2004-06-22	10.96	11.04	10.88	10.88	240000
2004-06-23	10.96	11.03	10.83	10.95	359400
2004-06-24	11.05	11.13	11.01	11.01	206700
2004-06-25	11.06	11.07	10.99	11.01	274800
2004-06-28	10.91	11.09	10.88	11.09	144000
2004-06-29	10.94	11.00	10.89	10.90	44400
2004-06-30	11.10	11.12	10.96	10.96	109500
2004-07-01	11.13	11.14	11.02	11.12	36600
2004-07-02	11.20	11.24	11.13	11.17	81300
2004-07-06	11.26	11.31	11.21	11.23	113700
2004-07-07	11.36	11.39	11.29	11.31	137700
2004-07-08	11.43	11.47	11.30	11.38	88500
2004-07-09	11.45	11.53	11.37	11.47	88800
2004-07-12	11.31	11.43	11.31	11.43	68700
2004-07-13	11.19	11.26	11.12	11.26	97800
2004-07-14	11.37	11.39	11.23	11.23	65700
2004-07-15	11.22	11.41	11.22	11.34	58800
2004-07-16	11.32	11.51	11.27	11.30	62100
2004-07-19	11.41	11.45	11.28	11.28	87900
2004-07-20	11.31	11.43	11.24	11.34	103800
2004-07-21	11.31	11.38	11.26	11.31	126300
2004-07-22	11.33	11.43	11.22	11.31	106500
2004-07-23	11.24	11.37	11.19	11.28	85500
2004-07-26	11.12	11.23	11.08	11.19	259200
2004-07-27	11.14	11.15	11.06	11.09	188100
2004-07-28	11.38	11.44	11.13	11.13	170400
2004-07-29	11.55	11.60	11.30	11.38	306600
2004-07-30	11.73	11.80	11.55	11.55	254700
2004-08-02	11.67	11.78	11.64	11.76	67800
2004-08-03	11.83	11.89	11.77	11.81	148800
2004-08-04	11.53	11.88	11.51	11.77	326400
2004-08-05	11.47	11.55	11.45	11.51	211200
2004-08-06	11.31	11.51	11.30	11.47	206400
2004-08-09	11.21	11.33	11.21	11.27	143100
2004-08-10	11.12	11.30	11.11	11.22	153000
2004-08-11	11.05	11.14	10.97	11.07	132600
2004-08-12	10.96	11.18	10.96	11.14	145800
2004-08-13	11.24	11.32	11.06	11.06	185400
2004-08-16	11.38	11.43	11.19	11.26	142200
2004-08-17	11.24	11.38	11.18	11.38	189600
2004-08-18	11.26	11.40	11.22	11.23	112800
2004-08-19	11.50	11.50	11.26	11.27	77400
2004-08-20	11.44	11.53	11.42	11.48	108900
2004-08-23	11.08	11.40	11.00	11.40	174000
2004-08-24	10.97	11.08	10.93	11.07	231600
2004-08-25	10.96	10.99	10.79	10.92	153900
2004-08-26	11.09	11.10	10.84	10.86	248100
2004-08-27	11.14	11.14	11.07	11.11	110700
2004-08-30	11.02	11.17	11.02	11.14	106800
2004-08-31	11.18	11.18	10.93	10.99	126000
2004-09-01	11.33	11.37	11.18	11.18	113400
2004-09-02	11.43	11.49	11.35	11.39	90600
2004-09-03	11.44	11.45	11.33	11.37	67800
2004-09-07	11.50	11.50	11.41	11.44	136800
2004-09-08	11.45	11.47	11.38	11.39	201900
2004-09-09	11.48	11.55	11.36	11.41	95100
2004-09-10	11.23	11.46	11.21	11.46	169500
2004-09-13	11.36	11.40	11.22	11.22	130200
2004-09-14	11.41	11.48	11.34	11.34	105000
2004-09-15	11.50	11.53	11.34	11.41	195600
2004-09-16	11.58	11.59	11.43	11.46	157200
2004-09-17	11.57	11.64	11.50	11.50	75000
2004-09-20	11.63	11.74	11.53	11.53	174900
2004-09-21	11.91	11.94	11.62	11.67	180900
2004-09-22	11.92	12.00	11.88	11.94	115200
2004-09-23	11.82	11.93	11.81	11.93	64200
2004-09-24	11.91	11.95	11.81	11.83	109500
2004-09-27	11.92	12.00	11.91	11.97	193800
2004-09-28	12.25	12.25	11.94	11.94	86400
2004-09-29	12.17	12.29	12.11	12.29	120000
2004-09-30	12.32	12.44	12.18	12.20	140700
2004-10-01	12.45	12.49	12.30	12.31	203400
2004-10-04	12.42	12.47	12.25	12.34	101100
2004-10-05	12.61	12.67	12.45	12.45	126900
2004-10-06	12.86	12.86	12.61	12.61	96600
2004-10-07	12.81	12.99	12.79	12.85	90300
2004-10-08	12.87	12.95	12.85	12.91	68700
2004-10-11	12.83	12.91	12.79	12.86	108900
2004-10-12	12.91	12.96	12.81	12.83	331800
2004-10-13	12.79	12.79	12.62	12.79	243000
2004-10-14	12.92	13.02	12.84	12.84	397800
2004-10-15	13.08	13.12	12.87	12.93	204300
2004-10-18	12.98	13.17	12.94	13.10	221100
2004-10-19	13.17	13.20	12.73	12.77	150300
2004-10-20	13.50	13.56	13.24	13.27	115800
2004-10-21	13.72	13.73	13.40	13.54	201900
2004-10-22	13.96	13.99	13.74	13.76	187200
2004-10-25	14.06	14.23	13.93	14.02	272700
2004-10-26	13.97	14.06	13.90	14.02	304800
2004-10-27	13.86	14.11	13.79	13.98	321600
2004-10-28	13.57	13.85	13.56	13.85	382200
2004-10-29	13.83	13.86	13.66	13.66	350100
2004-11-01	13.63	13.88	13.58	13.83	186900
2004-11-02	13.57	13.62	13.50	13.51	169200
2004-11-03	13.83	13.85	13.66	13.79	246000
2004-11-04	13.67	13.81	13.63	13.79	188100
2004-11-05	13.69	13.76	13.57	13.68	129900
2004-11-08	13.65	13.71	13.55	13.69	103500
2004-11-09	13.68	13.73	13.53	13.53	102600
2004-11-10	13.95	14.01	13.60	13.67	105000
2004-11-11	13.92	13.99	13.85	13.85	138900
2004-11-12	14.17	14.18	13.87	13.87	105000
2004-11-15	13.84	14.15	13.81	14.15	167400
2004-11-16	13.93	13.97	13.87	13.87	75900
2004-11-17	14.01	14.07	13.93	13.99	88800
2004-11-18	13.84	13.92	13.80	13.86	108300
2004-11-19	14.11	14.11	13.88	13.88	54900
2004-11-22	14.27	14.27	14.16	14.16	114000
2004-11-23	14.46	14.57	14.29	14.29	103800
2004-11-24	14.54	14.57	14.41	14.51	53100
2004-11-26	14.84	14.87	14.67	14.70	41700
2004-11-29	14.80	14.87	14.64	14.87	65400
2004-11-30	14.61	14.78	14.60	14.78	120900
2004-12-01	14.58	14.68	14.23	14.56	292800
2004-12-02	14.26	14.49	14.01	14.49	302100
2004-12-03	14.41	14.47	14.11	14.15	158100
2004-12-06	14.17	14.37	14.17	14.37	132000
2004-12-07	13.71	14.12	13.69	14.12	310500
2004-12-08	13.67	13.75	13.35	13.48	273600
2004-12-09	13.68	13.78	13.56	13.73	124200
2004-12-10	13.39	13.65	13.36	13.62	155400
2004-12-13	13.59	13.59	13.31	13.43	193800
2004-12-14	13.56	13.64	13.45	13.64	148500
2004-12-15	13.66	13.76	13.50	13.61	174300
2004-12-16	13.49	13.64	13.46	13.59	131700
2004-12-17	13.53	13.69	13.48	13.48	108000
2004-12-20	13.72	13.72	13.46	13.58	92700
2004-12-21	13.88	13.89	13.70	13.74	117300
2004-12-22	13.65	13.91	13.61	13.91	148500
2004-12-23	13.71	13.74	13.65	13.65	58500
2004-12-27	13.65	13.74	13.61	13.73	84000
2004-12-28	13.74	13.74	13.61	13.65	73800
2004-12-29	14.05	14.07	13.74	13.74	179100
2004-12-30	14.16	14.21	14.00	14.06	195600
2004-12-31	14.19	14.22	14.11	14.16	91500
2005-01-03	13.87	13.92	13.82	13.86	221400
2005-01-04	13.72	13.82	13.63	13.81	167700
2005-01-05	13.32	13.74	13.32	13.72	125400
2005-01-06	13.42	13.46	13.25	13.32	189900
2005-01-07	13.30	13.49	13.10	13.48	191700
2005-01-10	13.59	13.62	13.41	13.41	255000
2005-01-11	13.67	13.75	13.59	13.59	149100
2005-01-12	14.00	14.04	13.81	13.84	149700
2005-01-13	14.09	14.09	13.86	13.86	96000
2005-01-14	13.93	13.96	13.85	13.89	80400
2005-01-18	14.21	14.24	13.83	13.88	364200
2005-01-19	13.90	14.23	13.89	14.13	157200
2005-01-20	13.78	13.83	13.65	13.77	126900
2005-01-21	14.05	14.06	13.77	13.79	63900
2005-01-24	14.12	14.22	14.07	14.10	61200
2005-01-25	14.38	14.41	13.99	14.02	248700
2005-01-26	14.46	14.59	14.26	14.26	216000
2005-01-27	14.57	14.57	14.39	14.52	116700
2005-01-28	14.42	14.51	14.31	14.51	119100
2005-01-31	14.76	14.76	14.25	14.38	196800
2005-02-01	15.06	15.17	14.84	14.84	239100
2005-02-02	15.11	15.11	14.87	15.06	206700
2005-02-03	15.53	15.54	14.98	15.07	214500
2005-02-04	15.67	15.68	15.28	15.45	205800
2005-02-07	15.19	15.60	15.18	15.60	90300
2005-02-08	15.01	15.25	14.97	15.13	150900
2005-02-09	15.35	15.35	14.97	14.98	120300
2005-02-10	15.97	16.05	15.39	15.40	192600
2005-02-11	16.27	16.29	15.88	15.92	265800
2005-02-14	16.21	16.32	16.13	16.29	94200
2005-02-15	16.04	16.23	15.99	16.18	96900
2005-02-16	16.17	16.33	15.85	16.01	302100
2005-02-17	16.17	16.40	16.12	16.25	120000
2005-02-18	16.47	16.49	16.15	16.15	121800
2005-02-22	17.01	17.01	16.71	16.71	315900
2005-02-23	17.06	17.12	16.76	16.97	213600
2005-02-24	17.17	17.17	16.98	16.98	127500
2005-02-25	17.32	17.51	16.97	17.17	218400
2005-02-28	17.36	18.16	17.22	17.59	371400
2005-03-01	17.34	17.58	17.29	17.34	159600
2005-03-02	17.50	17.51	17.26	17.26	197400
2005-03-03	17.82	17.84	17.47	17.47	204900
2005-03-04	18.27	18.36	17.96	17.98	376200
2005-03-07	17.91	18.29	17.89	18.27	261000
2005-03-08	18.13	18.17	17.75	17.91	273600
2005-03-09	17.84	18.33	17.84	18.20	223800
2005-03-10	17.21	17.84	17.13	17.84	269400
2005-03-11	17.25	17.49	17.14	17.21	140100
2005-03-14	17.36	17.42	16.96	17.26	126900
2005-03-15	17.53	17.70	17.35	17.45	111900
2005-03-16	17.77	17.85	17.44	17.48	169800
2005-03-17	18.14	18.16	17.85	17.89	209700
2005-03-18	18.29	18.51	18.14	18.14	186300
2005-03-21	18.01	18.29	17.77	18.29	377700
2005-03-22	17.91	18.19	17.91	18.06	172500
2005-03-23	17.32	17.57	17.14	17.50	210600
2005-03-24	17.36	17.52	17.28	17.40	95100
2005-03-28	17.23	17.25	16.97	17.20	187800
2005-03-29	17.82	17.93	17.28	17.28	297000
2005-03-30	17.62	17.85	17.47	17.76	162600
2005-03-31	18.26	18.27	17.74	17.74	193200
2005-04-01	18.74	18.92	18.05	18.38	280800
2005-04-04	18.90	19.12	18.54	18.74	371400
2005-04-05	18.61	18.91	18.48	18.90	259500
2005-04-06	18.61	18.61	18.22	18.41	298200
2005-04-07	18.72	19.15	18.49	18.66	264600
2005-04-08	18.30	18.76	18.25	18.56	243000
2005-04-11	18.25	18.34	17.99	18.08	214500
2005-04-12	17.91	18.34	17.75	18.26	300600
2005-04-13	17.49	17.74	17.38	17.53	348300
2005-04-14	17.47	17.67	17.44	17.45	146700
2005-04-15	17.43	17.60	17.32	17.41	221400
2005-04-18	17.24	17.45	17.11	17.28	281700
2005-04-19	17.96	17.96	17.27	17.27	162600
2005-04-20	17.99	18.22	17.80	17.92	303900
2005-04-21	17.73	17.94	17.56	17.88	305400
2005-04-22	17.67	18.01	17.62	17.67	161400
2005-04-25	18.02	18.02	17.59	17.74	137100
2005-04-26	17.70	17.91	17.69	17.77	102600
2005-04-27	17.39	17.68	17.38	17.68	107100
2005-04-28	16.81	17.35	16.79	17.35	224700
2005-04-29	16.94	17.01	16.30	16.81	583800
2005-05-02	16.78	16.97	16.66	16.66	303300
2005-05-03	16.72	16.78	16.58	16.69	162900
2005-05-04	16.82	16.89	16.69	16.76	217800
2005-05-05	16.90	16.97	16.86	16.86	133200
2005-05-06	16.96	17.02	16.87	17.02	175800
2005-05-09	16.85	17.02	16.67	16.99	178500
2005-05-10	16.94	17.06	16.83	16.83	210000
2005-05-11	16.62	16.82	16.54	16.77	133800
2005-05-12	16.15	16.62	15.92	16.62	275400
2005-05-13	15.86	16.05	15.83	15.94	188700
2005-05-16	15.63	15.71	15.55	15.68	411600
2005-05-17	16.22	16.22	15.51	15.52	333600
2005-05-18	15.98	16.36	15.91	16.25	164700
2005-05-19	16.31	16.33	15.92	15.92	145500
2005-05-20	16.10	16.33	16.05	16.33	101400
2005-05-23	16.37	16.38	15.88	15.90	82200
2005-05-24	16.50	16.52	16.31	16.34	67800
2005-05-25	16.69	16.72	16.43	16.52	100500
2005-05-26	16.68	16.72	16.57	16.69	75900
2005-05-27	17.18	17.24	16.70	16.70	143700
2005-05-31	17.01	17.27	16.91	17.16	230400
2005-06-01	17.17	17.19	16.85	16.96	107700
2005-06-02	17.04	17.34	17.02	17.05	87900
2005-06-03	17.30	17.38	17.05	17.08	101100
2005-06-06	17.53	17.61	17.38	17.38	147600
2005-06-07	17.63	17.67	17.45	17.51	132900
2005-06-08	18.00	18.08	17.56	17.58	184800
2005-06-09	18.57	18.62	17.96	17.99	154500
2005-06-10	18.63	18.81	18.52	18.52	137700
2005-06-13	18.92	18.95	18.49	18.52	197100
2005-06-14	19.07	19.08	18.70	18.70	105300
2005-06-15	19.30	19.42	19.19	19.24	129000
2005-06-16	19.36	19.43	19.25	19.30	153600
2005-06-17	19.20	19.76	19.17	19.43	228900
2005-06-20	20.19	20.21	19.20	19.20	342600
2005-06-21	19.54	20.19	19.49	20.19	239400
2005-06-22	20.08	20.08	19.56	19.56	239700
2005-06-23	19.72	20.48	19.61	20.09	273600
2005-06-24	19.77	19.97	19.65	19.77	256800
2005-06-27	20.23	20.39	19.64	19.71	286500
2005-06-28	20.06	20.39	19.91	20.23	230100
2005-06-29	20.22	20.35	19.76	19.79	235200
2005-06-30	20.04	20.31	19.97	20.09	110100
2005-07-01	20.45	20.64	20.04	20.04	99900
2005-07-05	20.68	20.93	20.04	20.21	296100
2005-07-06	20.65	21.06	20.54	20.78	199800
2005-07-07	20.75	20.89	20.49	20.49	104100
2005-07-08	21.09	21.35	20.92	20.96	163800
2005-07-11	21.57	21.59	20.73	20.86	197400
2005-07-12	21.63	21.92	21.57	21.70	209700
2005-07-13	21.50	21.64	21.28	21.63	117000
2005-07-14	20.25	21.42	20.16	21.42	611100
2005-07-15	20.45	20.50	20.22	20.25	228600
2005-07-18	20.44	20.50	20.05	20.41	218400
2005-07-19	20.69	20.69	20.41	20.50	141900
2005-07-20	20.08	20.81	19.98	20.81	230400
2005-07-21	19.97	20.42	19.86	20.11	238200
2005-07-22	20.24	20.26	19.82	19.97	196200
2005-07-25	20.17	20.45	19.96	20.00	201600
2005-07-26	20.10	20.15	19.89	19.98	134700
2005-07-27	20.69	20.82	19.99	19.99	237600
2005-07-28	20.54	20.70	20.32	20.69	123300
2005-07-29	20.51	20.83	20.45	20.69	164100
2005-08-01	20.91	20.91	20.64	20.69	53700
2005-08-02	21.60	21.96	21.12	21.14	381000
2005-08-03	21.85	22.15	21.66	21.66	249600
2005-08-04	22.79	22.79	21.85	21.85	322500
2005-08-05	22.57	23.03	22.42	22.73	348300
2005-08-08	22.84	23.36	22.63	22.63	257700
2005-08-09	22.74	22.85	22.50	22.79	202800
2005-08-10	22.84	22.97	22.61	22.71	232500
2005-08-11	22.81	23.05	22.76	22.95	143100
2005-08-12	22.86	23.05	22.83	22.87	125700
2005-08-15	22.67	23.07	22.49	22.85	239700
2005-08-16	22.39	22.53	21.98	22.31	226200
2005-08-17	21.79	22.69	21.61	22.11	270000
2005-08-18	21.53	21.74	21.07	21.65	402600
2005-08-19	21.85	21.92	21.68	21.68	187500
2005-08-22	21.87	22.16	21.74	22.00	150900
2005-08-23	22.08	22.16	21.89	21.89	140100
2005-08-24	22.96	23.01	22.12	22.12	241500
2005-08-25	23.24	23.34	22.82	22.85	220800
2005-08-26	23.12	23.69	23.12	23.26	319500
2005-08-29	23.12	23.75	22.95	23.70	283500
2005-08-30	23.71	23.92	22.99	22.99	250500
2005-08-31	24.47	24.83	23.51	23.51	456600
2005-09-01	25.07	25.32	24.56	24.60	337500
2005-09-02	24.70	24.99	24.43	24.59	300900
2005-09-06	24.80	24.82	24.18	24.53	317100
2005-09-07	25.32	25.38	24.68	24.69	316500
2005-09-08	25.57	25.87	25.40	25.42	338400
2005-09-09	26.36	26.38	25.74	25.74	207600
2005-09-12	25.93	26.23	25.64	26.12	277500
2005-09-13	25.36	25.93	25.34	25.93	439200
2005-09-14	26.15	26.17	25.34	25.41	399000
2005-09-15	26.09	26.10	25.71	25.92	240900
2005-09-16	26.14	26.52	25.92	26.05	234000
2005-09-19	26.73	26.80	26.40	26.48	369600
2005-09-20	27.04	27.04	26.41	26.78	329700
2005-09-21	27.70	28.20	27.35	27.35	512400
2005-09-22	27.15	28.31	26.82	28.22	399300
2005-09-23	26.77	26.87	26.46	26.82	302700
2005-09-26	27.44	27.46	26.05	26.07	367500
2005-09-27	27.30	27.45	27.01	27.38	197400
2005-09-28	27.82	28.02	26.97	27.44	216300
2005-09-29	27.50	28.05	27.34	28.05	219000
2005-09-30	27.75	27.99	27.46	27.50	150900
2005-10-03	27.85	28.16	27.66	27.91	263400
2005-10-04	27.15	27.95	27.07	27.85	229200
2005-10-05	25.23	27.15	25.10	27.15	617700
2005-10-06	23.61	24.31	23.29	24.06	847200
2005-10-07	23.86	24.25	23.65	23.85	1090500
2005-10-10	23.92	24.72	23.81	24.48	259200
2005-10-11	23.92	24.13	23.72	24.03	861000
2005-10-12	23.32	24.07	23.30	24.07	568200
2005-10-13	21.82	22.93	21.46	22.93	911700
2005-10-14	22.66	22.67	21.16	21.30	603900
2005-10-17	22.35	23.39	22.20	23.33	466500
2005-10-18	21.05	22.19	21.02	21.87	349500
2005-10-19	21.90	21.90	20.40	21.05	684600
2005-10-20	19.93	21.90	19.87	21.90	804900
2005-10-21	20.91	21.08	20.20	20.50	794100
2005-10-24	21.15	21.46	20.82	20.86	361800
2005-10-25	21.81	21.95	21.46	21.62	440700
2005-10-26	21.65	22.24	21.46	22.23	321600
2005-10-27	21.20	22.04	21.20	21.82	194700
2005-10-28	21.00	21.54	20.50	21.22	365700
2005-10-31	21.18	21.43	20.83	20.84	276300
2005-11-01	21.05	21.32	20.80	20.99	204000
2005-11-02	22.23	22.26	21.04	21.04	355800
2005-11-03	22.85	22.93	21.95	21.95	376800
2005-11-04	22.22	22.91	22.03	22.85	239100
2005-11-07	21.67	22.23	21.55	21.95	413400
2005-11-08	21.68	22.08	21.44	21.44	223800
2005-11-09	21.61	21.95	21.30	21.68	186600
2005-11-10	20.60	21.60	20.37	21.30	355500
2005-11-11	21.44	21.50	20.57	20.57	208500
2005-11-14	21.64	22.00	21.50	21.62	242400
2005-11-15	21.68	22.16	21.46	21.61	215400
2005-11-16	22.08	22.27	21.49	21.68	261900
2005-11-17	22.12	22.45	22.01	22.32	384300
2005-11-18	21.86	22.32	21.74	22.12	150900
2005-11-21	22.56	22.56	22.09	22.11	205200
2005-11-22	23.39	23.47	22.67	22.72	277800
2005-11-23	23.27	23.50	23.07	23.16	400200
2005-11-25	23.32	23.93	23.25	23.67	75600
2005-11-28	22.42	23.27	22.38	23.21	285900
2005-11-29	22.17	22.85	22.17	22.67	164100
2005-11-30	22.20	22.64	21.97	21.99	178200
2005-12-01	22.54	23.03	22.38	22.47	474600
2005-12-02	23.34	23.36	22.77	22.78	237600
2005-12-05	23.57	23.96	23.56	23.82	268500
2005-12-06	23.95	24.28	23.15	23.54	246300
2005-12-07	24.08	24.47	24.04	24.20	208800
2005-12-08	24.92	24.99	24.02	24.11	270600
2005-12-09	24.50	25.00	24.43	24.92	174000
2005-12-12	24.64	25.09	24.53	24.98	198600
2005-12-13	24.63	25.05	24.63	24.82	162000
2005-12-14	24.51	24.57	24.21	24.42	216300
2005-12-15	24.06	24.47	24.06	24.47	175800
2005-12-16	23.98	24.49	23.96	24.07	249900
2005-12-19	23.94	24.22	23.87	23.96	165000
2005-12-20	24.31	24.35	23.99	24.21	150600
2005-12-21	24.18	24.45	24.01	24.31	139500
2005-12-22	24.42	24.51	24.17	24.29	140400
2005-12-23	24.08	24.35	23.83	24.35	100200
2005-12-27	23.22	24.03	23.21	24.03	161100
2005-12-28	24.06	24.07	22.91	22.97	202200
2005-12-29	23.97	24.12	23.84	24.03	134400
2005-12-30	24.08	24.13	23.63	23.82	108900
2006-01-03	25.15	25.25	23.82	23.82	304200
2006-01-04	25.10	25.28	24.39	25.01	236700
2006-01-05	24.43	24.91	24.38	24.91	245100
2006-01-06	24.94	25.34	24.54	24.66	192600
2006-01-09	24.93	25.10	24.60	24.78	205200
2006-01-10	25.04	25.48	24.92	24.93	249900
2006-01-11	24.85	25.19	24.72	25.08	255000
2006-01-12	24.80	25.21	24.75	24.92	222000
2006-01-13	25.10	25.43	24.60	24.80	317100
2006-01-17	25.36	25.62	25.29	25.62	216900
2006-01-18	24.52	25.15	23.98	25.15	426000
2006-01-19	25.05	25.31	24.21	24.24	343800
2006-01-20	25.23	25.80	24.83	25.51	283500
2006-01-23	25.38	26.11	25.15	25.24	318000
2006-01-24	25.00	25.31	24.99	25.27	259800
2006-01-25	24.92	25.33	24.64	25.08	318600
2006-01-26	24.80	25.27	24.62	25.17	404700
2006-01-27	24.74	25.36	24.71	25.04	353400
2006-01-30	25.30	25.38	24.58	24.58	371400
2006-01-31	25.36	25.53	25.01	25.08	233400
2006-02-01	25.02	25.38	24.96	25.38	249300
2006-02-02	25.39	25.50	24.56	24.89	460800
2006-02-03	25.52	25.73	25.04	25.51	384300
2006-02-06	26.06	26.11	25.69	25.79	368100
2006-02-07	25.31	26.07	24.97	26.07	330600
2006-02-08	24.91	25.01	24.44	25.00	431400
2006-02-09	24.47	25.39	24.37	25.27	264900
2006-02-10	23.69	24.42	23.38	24.42	482700
2006-02-13	23.62	24.02	23.14	23.51	275100
2006-02-14	23.67	23.80	23.06	23.35	337200
2006-02-15	23.30	23.84	23.29	23.73	211800
2006-02-16	23.43	23.73	23.28	23.30	258900
2006-02-17	23.75	24.18	23.64	23.73	246300
2006-02-21	24.00	24.35	23.91	24.03	239400
2006-02-22	23.38	23.94	23.38	23.94	213000
2006-02-23	23.19	23.67	23.16	23.34	304500
2006-02-24	23.36	23.64	23.36	23.45	254700
2006-02-27	23.61	23.65	23.08	23.36	248400
2006-02-28	23.29	23.66	23.29	23.45	264000
2006-03-01	23.39	23.55	23.24	23.35	342900
2006-03-02	23.37	23.87	23.35	23.41	434100
2006-03-03	23.69	23.80	23.27	23.32	245700
2006-03-06	23.33	23.77	23.17	23.63	228900
2006-03-07	22.87	22.98	22.67	22.93	213600
2006-03-08	22.79	22.82	22.21	22.66	230400
2006-03-09	23.32	23.48	22.83	22.83	328200
2006-03-10	23.52	23.62	23.12	23.25	220500
2006-03-13	24.06	24.06	23.52	23.52	173400
2006-03-14	24.11	24.30	23.91	24.09	234600
2006-03-15	24.54	24.58	24.03	24.11	231300
2006-03-16	25.04	25.09	24.49	24.53	269700
2006-03-17	24.60	25.04	24.57	25.04	225600
2006-03-20	24.56	24.91	24.48	24.48	174900
2006-03-21	24.31	24.84	24.24	24.62	170700
2006-03-22	24.73	24.85	24.16	24.35	347400
2006-03-23	24.78	25.15	24.59	24.85	328800
2006-03-24	24.89	25.02	24.72	24.76	136200
2006-03-27	24.90	25.12	24.46	24.53	177900
2006-03-28	25.51	25.69	24.96	24.96	283500
2006-03-29	25.79	25.83	25.57	25.62	175800
2006-03-30	26.36	26.50	25.94	25.94	351000
2006-03-31	26.07	26.25	25.69	26.01	344400
2006-04-03	26.34	26.61	26.05	26.10	261000
2006-04-04	26.22	26.36	25.94	26.27	282000
2006-04-05	26.30	26.47	26.01	26.30	186900
2006-04-06	26.87	26.87	26.41	26.66	177900
2006-04-07	26.70	26.99	26.44	26.44	449700
2006-04-10	26.92	27.15	26.87	26.87	252600
2006-04-11	26.62	27.14	26.47	27.14	241200
2006-04-12	26.55	26.79	26.35	26.78	139500
2006-04-13	26.42	26.50	25.94	26.31	126900
2006-04-17	26.50	26.81	26.40	26.65	314400
2006-04-18	27.14	27.14	26.66	26.75	363900
2006-04-19	27.61	27.71	26.74	26.90	377700
2006-04-20	26.95	27.61	26.83	27.58	364500
2006-04-21	27.21	27.63	26.95	26.96	305700
2006-04-24	27.01	27.24	26.81	27.20	267600
2006-04-25	26.69	27.29	26.64	27.20	183900
2006-04-26	26.16	26.86	26.09	26.69	245700
2006-04-27	26.02	26.50	25.60	26.00	207000
2006-04-28	26.35	26.46	26.07	26.07	152100
2006-05-01	25.96	26.75	25.94	26.60	220800
2006-05-02	25.62	26.36	25.23	26.00	527100
2006-05-03	25.33	25.84	25.20	25.84	271800
2006-05-04	24.80	25.33	24.73	25.25	364200
2006-05-05	25.01	25.33	24.91	24.91	252300
2006-05-08	25.23	25.26	24.65	25.01	296700
2006-05-09	25.73	25.89	25.24	25.47	302400
2006-05-10	26.02	26.11	25.59	25.79	316800
2006-05-11	25.69	26.18	25.69	26.11	314400
2006-05-12	25.53	25.86	25.34	25.81	326100
2006-05-15	25.11	25.27	24.49	25.27	475500
2006-05-16	25.49	25.56	24.97	25.16	594300
2006-05-17	24.97	26.02	24.85	25.49	303000
2006-05-18	24.99	25.48	24.67	24.97	270600
2006-05-19	24.92	25.22	24.24	24.70	442500
2006-05-22	24.26	24.72	23.85	24.72	241800
2006-05-23	24.30	25.63	24.29	24.72	341400
2006-05-24	25.00	25.09	23.54	23.75	370800
2006-05-25	26.57	26.74	25.74	25.84	441300
2006-05-26	27.36	27.52	26.53	26.53	431400
2006-05-30	26.62	27.99	26.57	27.63	373900
2006-05-31	26.36	27.19	26.14	26.77	412200
2006-06-01	27.06	27.14	25.00	25.82	238900
2006-06-02	27.46	27.60	27.04	27.33	163100
2006-06-05	26.73	27.94	26.56	27.76	201700
2006-06-06	26.74	27.04	26.02	26.85	206700
2006-06-07	25.80	26.75	25.79	26.75	186200
2006-06-08	25.17	25.46	24.09	25.45	403900
2006-06-09	25.12	25.82	24.86	25.29	178100
2006-06-12	25.05	25.61	24.84	25.26	166600
2006-06-13	24.09	25.08	23.76	24.05	555400
2006-06-14	24.00	24.43	23.68	24.00	323100
2006-06-15	24.78	24.83	24.07	24.70	249800
2006-06-16	24.40	24.78	24.05	24.78	161500
2006-06-19	24.26	24.49	23.87	24.18	251200
2006-06-20	24.14	24.55	24.02	24.41	155400
2006-06-21	24.56	24.98	24.29	24.29	240600
2006-06-22	24.21	24.65	24.18	24.57	113200
2006-06-23	24.32	24.47	23.93	24.32	366700
2006-06-26	24.50	24.78	24.18	24.58	194100
2006-06-27	24.59	24.92	24.39	24.56	154700
2006-06-28	25.08	25.21	24.45	24.73	232200
2006-06-29	26.10	26.12	25.34	25.47	250700
2006-06-30	26.61	26.74	26.10	26.74	150400
2006-07-03	26.73	26.96	26.53	26.71	56300
2006-07-05	26.85	27.23	26.44	26.55	222700
2006-07-06	26.46	27.01	26.27	26.27	177100
2006-07-07	26.79	26.90	26.34	26.46	185400
2006-07-10	26.38	26.71	26.10	26.71	117700
2006-07-11	26.46	26.50	26.09	26.09	195500
2006-07-12	26.74	26.96	26.34	26.60	175700
2006-07-13	26.98	27.14	26.64	26.92	183600
2006-07-14	27.07	27.49	26.69	27.09	128600
2006-07-17	26.82	27.20	26.60	27.07	228100
2006-07-18	26.69	27.23	26.42	26.96	95600
2006-07-19	26.76	27.09	26.38	26.39	95300
2006-07-20	26.49	27.15	26.49	27.15	80200
2006-07-21	25.80	26.69	25.78	26.59	189900
2006-07-24	26.23	26.34	25.94	25.94	337200
2006-07-25	26.34	26.48	26.21	26.29	491100
2006-07-26	26.48	26.66	26.05	26.34	387400
2006-07-27	26.31	26.91	26.22	26.60	322200
2006-07-28	26.59	26.75	26.19	26.23	220800
2006-07-31	26.42	26.98	26.34	26.85	303900
2006-08-01	26.51	26.53	26.27	26.37	196100
2006-08-02	27.44	27.46	26.94	27.12	182400
2006-08-03	27.57	28.03	26.95	26.95	299300
2006-08-04	27.66	27.83	27.36	27.51	114700
2006-08-07	27.90	28.24	27.79	27.81	220800
2006-08-08	28.44	28.57	27.89	27.90	260200
2006-08-09	29.29	29.43	28.67	28.71	252200
2006-08-10	28.89	29.16	28.65	29.15	151000
2006-08-11	28.54	28.97	28.47	28.89	68700
2006-08-14	27.99	28.48	27.64	28.48	202400
2006-08-15	28.27	28.52	27.90	28.14	150400
2006-08-16	28.37	28.86	28.10	28.42	139800
2006-08-17	28.31	28.34	27.79	27.91	171100
2006-08-18	28.09	28.60	27.87	28.41	122000
2006-08-21	28.17	28.71	27.85	28.49	197700
2006-08-22	28.51	28.51	28.06	28.13	92200
2006-08-23	28.27	28.76	28.21	28.57	147200
2006-08-24	27.95	28.42	27.80	28.13	153900
2006-08-25	27.93	28.41	27.91	27.91	149200
2006-08-28	27.86	27.91	27.47	27.84	92300
2006-08-29	27.73	27.78	26.82	27.69	283000
2006-08-30	27.58	27.98	27.36	27.72	189800
2006-08-31	27.52	27.76	27.23	27.70	106900
2006-09-01	27.79	28.12	27.52	27.52	138500
2006-09-05	27.15	27.78	26.99	27.78	264700
2006-09-06	26.06	27.12	26.04	27.12	231900
2006-09-07	25.44	26.21	25.22	26.06	297300
2006-09-08	25.02	25.63	24.68	24.68	142300
2006-09-11	24.70	25.03	24.25	24.46	221700
2006-09-12	24.57	25.56	24.32	24.32	165000
2006-09-13	24.87	25.17	24.46	24.46	172900
2006-09-14	24.41	25.35	24.38	25.05	193800
2006-09-15	24.60	24.86	24.11	24.25	259800
2006-09-18	25.09	25.46	24.49	24.49	217900
2006-09-19	24.48	25.27	24.32	25.09	180300
2006-09-20	23.77	24.72	23.74	24.11	293500
2006-09-21	24.38	24.76	23.92	23.92	239500
2006-09-22	23.90	24.67	23.78	24.50	180100
2006-09-25	23.85	23.87	23.11	23.44	237700
2006-09-26	24.05	24.33	23.52	23.52	162700
2006-09-27	24.36	24.47	23.59	24.19	238600
2006-09-28	24.75	25.09	24.46	24.46	125600
2006-09-29	24.50	24.89	24.24	24.76	93600
2006-10-02	23.97	24.76	23.87	24.51	106400
2006-10-03	22.98	23.80	22.85	23.59	226600
2006-10-04	23.14	23.33	21.90	22.76	212500
2006-10-05	23.90	24.25	23.16	24.03	158800
2006-10-06	23.49	24.04	23.43	23.82	105800
2006-10-09	23.38	23.92	23.37	23.55	90100
2006-10-10	23.41	23.57	23.13	23.26	153500
2006-10-11	22.73	23.50	22.53	23.50	180800
2006-10-12	22.81	22.98	22.45	22.45	200600
2006-10-13	23.38	23.39	22.95	23.16	143200
2006-10-16	23.79	23.79	23.26	23.33	219600
2006-10-17	23.22	23.96	23.11	23.92	88300
2006-10-18	23.11	23.67	23.03	23.47	157500
2006-10-19	23.90	24.10	23.11	23.14	181800
2006-10-20	23.65	24.09	23.52	24.09	130000
2006-10-23	24.87	24.98	23.43	23.43	469300
2006-10-24	25.27	25.27	24.34	24.51	258700
2006-10-25	26.18	26.27	24.71	25.12	294100
2006-10-26	26.58	26.87	26.20	26.29	281000
2006-10-27	27.14	27.34	26.44	26.44	227700
2006-10-30	25.93	26.79	25.25	26.66	218900
2006-10-31	25.01	25.85	24.81	25.39	822500
2006-11-01	24.33	24.75	23.55	23.59	516600
2006-11-02	25.00	25.01	24.14	24.14	256300
2006-11-03	25.89	25.95	25.06	25.12	275000
2006-11-06	26.45	26.63	25.57	25.71	410600
2006-11-07	26.33	26.66	26.06	26.18	158600
2006-11-08	27.12	27.15	26.33	26.33	221700
2006-11-09	27.64	27.72	27.39	27.44	229600
2006-11-10	27.06	27.59	26.77	27.46	157100
2006-11-13	26.79	27.14	26.60	26.84	165400
2006-11-14	26.87	27.17	26.73	26.90	75200
2006-11-15	27.21	27.46	26.72	26.72	120700
2006-11-16	26.50	27.52	26.41	27.36	150400
2006-11-17	26.31	26.50	25.83	26.39	176900
2006-11-20	26.42	26.68	25.79	25.98	119300
2006-11-21	26.87	26.92	26.36	26.47	170500
2006-11-22	26.73	27.17	26.40	26.87	148100
2006-11-24	26.81	27.36	26.77	27.12	67800
2006-11-27	27.09	27.09	26.52	26.78	90400
2006-11-28	27.23	27.39	26.66	27.09	90900
2006-11-29	27.56	27.64	26.96	27.23	139900
2006-11-30	27.45	27.74	27.20	27.74	122800
2006-12-01	27.58	27.59	27.17	27.17	109500
2006-12-04	27.82	27.91	27.44	27.44	107300
2006-12-05	28.18	28.33	27.82	27.82	169400
2006-12-06	28.18	28.49	27.90	28.10	157000
2006-12-07	28.18	28.34	27.76	28.24	69300
2006-12-08	28.18	28.49	28.14	28.18	216200
2006-12-11	28.34	28.49	28.00	28.00	128200
2006-12-12	28.13	28.40	27.77	28.34	163300
2006-12-13	28.22	28.40	27.97	28.06	87000
2006-12-14	28.18	28.24	27.70	28.22	209800
2006-12-15	27.56	28.27	27.47	28.18	203800
2006-12-18	26.66	27.44	26.49	27.40	275700
2006-12-19	26.94	27.07	26.30	26.66	156300
2006-12-20	26.55	27.12	26.44	26.77	91100
2006-12-21	26.38	26.56	25.94	26.56	130200
2006-12-22	26.16	26.57	26.04	26.33	107100
2006-12-26	26.21	26.34	25.89	25.97	48800
2006-12-27	26.57	26.65	25.80	25.80	121200
2006-12-28	26.95	26.98	26.37	26.41	110500
2006-12-29	26.95	27.12	26.65	27.12	102900
2007-01-03	26.10	26.98	26.00	26.92	269800
2007-01-04	24.97	25.97	24.93	25.97	285500
2007-01-05	24.58	25.03	24.41	24.77	223500
2007-01-08	25.32	25.32	24.63	24.74	224100
2007-01-09	24.81	25.00	24.11	24.65	196000
2007-01-10	23.80	24.72	23.60	24.66	263500
2007-01-11	23.39	24.20	23.34	23.46	473600
2007-01-12	24.06	24.09	23.42	23.98	271900
2007-01-16	23.53	24.47	23.51	24.02	168000
2007-01-17	24.03	24.08	23.32	23.42	238400
2007-01-18	23.92	24.36	23.84	24.00	181800
2007-01-19	24.89	25.12	24.04	24.04	204800
2007-01-22	24.06	25.34	24.00	25.23	235000
2007-01-23	25.15	25.23	24.17	24.29	260800
2007-01-24	25.49	25.67	24.76	25.07	257000
2007-01-25	25.04	25.69	25.04	25.25	196700
2007-01-26	25.09	25.45	24.94	25.18	138500
2007-01-29	24.99	25.39	24.81	25.09	120000
2007-01-30	25.57	25.61	24.89	24.99	162600
2007-01-31	25.71	26.06	25.18	25.42	211500
2007-02-01	26.43	26.54	25.78	25.78	139900
2007-02-02	25.76	26.37	25.71	26.27	126300
2007-02-05	26.02	26.11	25.75	25.82	118900
2007-02-06	26.14	26.25	25.84	26.02	65400
2007-02-07	25.76	26.50	25.61	26.50	130400
2007-02-08	26.13	26.22	25.44	25.59	109500
2007-02-09	26.25	26.62	26.13	26.13	134200
2007-02-12	25.83	26.46	25.72	26.13	94600
2007-02-13	26.37	26.43	25.76	25.76	118500
2007-02-14	26.51	26.71	26.24	26.35	103200
2007-02-15	26.71	26.84	26.18	26.52	153300
2007-02-16	27.00	27.10	26.57	26.57	144000
2007-02-20	26.53	26.78	26.27	26.38	164300
2007-02-21	26.79	27.01	26.38	26.71	117500
2007-02-22	26.79	26.96	26.38	26.79	107700
2007-02-23	26.60	27.14	26.49	26.90	213500
2007-02-26	26.79	27.20	26.68	26.71	110400
2007-02-27	26.68	26.90	26.09	26.51	210200
2007-02-28	26.18	26.63	26.17	26.62	119900
2007-03-01	25.45	26.10	25.16	26.00	242600
2007-03-02	25.12	25.58	24.93	25.27	162600
2007-03-05	25.15	25.18	24.42	24.42	141400
2007-03-06	25.74	25.92	25.41	25.60	135600
2007-03-07	26.06	26.29	25.68	25.91	138800
2007-03-08	25.88	26.22	25.84	25.96	83700
2007-03-09	26.22	26.62	25.90	25.90	125500
2007-03-12	26.05	26.32	26.00	26.16	76500
2007-03-13	25.60	26.26	25.52	25.99	111600
2007-03-14	25.33	25.87	24.98	25.55	159800
2007-03-15	25.03	25.53	24.97	25.33	121600
2007-03-16	24.89	25.36	24.84	24.98	135600
2007-03-19	25.78	25.78	24.95	25.03	166900
2007-03-20	26.18	26.24	25.77	25.77	111900
2007-03-21	26.48	26.64	26.21	26.33	128600
2007-03-22	26.68	27.11	26.51	26.51	167900
2007-03-23	27.28	27.34	26.62	26.62	106800
2007-03-26	27.28	27.60	27.06	27.48	188900
2007-03-27	27.33	27.48	27.17	27.28	106900
2007-03-28	27.39	27.67	27.28	27.45	125300
2007-03-29	27.56	27.69	27.37	27.50	116200
2007-03-30	27.23	27.65	27.03	27.63	147000
2007-04-02	27.81	27.81	27.06	27.06	91500
2007-04-03	27.42	27.78	27.15	27.78	144400
2007-04-04	27.51	27.54	27.26	27.39	123400
2007-04-05	27.68	27.81	27.61	27.74	86900
2007-04-09	28.06	28.14	27.57	27.58	147100
2007-04-10	27.76	28.13	27.66	27.94	117100
2007-04-11	27.94	28.12	27.69	27.77	99600
2007-04-12	28.56	28.61	27.85	27.89	122400
2007-04-13	28.86	28.95	28.18	28.37	210000
2007-04-16	28.62	29.07	28.48	29.06	115900
2007-04-17	28.72	28.86	28.52	28.61	123600
2007-04-18	28.91	29.11	28.58	28.59	100500
2007-04-19	28.28	28.80	28.11	28.80	127300
2007-04-20	28.33	28.71	28.27	28.52	100100
2007-04-23	28.08	28.27	27.81	28.22	241300
2007-04-24	28.11	28.30	27.91	28.02	163900
2007-04-25	28.70	28.71	28.16	28.23	152700
2007-04-26	28.13	28.58	28.13	28.27	157400
2007-04-27	28.52	28.56	27.94	28.13	156600
2007-04-30	27.89	28.88	27.82	28.52	157500
2007-05-01	27.82	28.22	27.73	27.89	140500
2007-05-02	28.03	28.18	27.69	28.04	122700
2007-05-03	28.38	28.54	28.01	28.01	154400
2007-05-04	28.81	28.98	28.56	28.56	147500
2007-05-07	29.31	29.42	28.76	28.86	236900
2007-05-08	29.21	29.49	29.10	29.29	139900
2007-05-09	29.10	29.29	28.79	29.07	167500
2007-05-10	29.15	29.49	28.99	29.27	190300
2007-05-11	29.63	29.67	29.16	29.23	249600
2007-05-14	29.94	30.20	29.63	29.63	208100
2007-05-15	31.39	31.50	30.11	30.11	306400
2007-05-16	31.03	31.71	30.98	31.18	219500
2007-05-17	32.49	32.51	31.18	31.35	187200
2007-05-18	33.64	34.08	32.71	32.71	351600
2007-05-21	34.12	34.47	33.70	33.96	233800
2007-05-22	35.30	36.93	34.12	34.12	756000
2007-05-23	34.35	36.42	34.35	35.79	686900
2007-05-24	33.64	34.74	33.42	34.33	281100
2007-05-25	34.08	34.71	33.86	34.11	226400
2007-05-29	34.16	34.71	33.92	34.03	124000
2007-05-30	34.56	34.56	33.60	33.81	189200
2007-05-31	34.15	34.83	34.05	34.47	230700
2007-06-01	34.87	34.96	34.22	34.25	149600
2007-06-04	34.74	34.80	34.10	34.39	232800
2007-06-05	34.58	34.92	34.35	34.61	202200
2007-06-06	34.49	34.61	34.10	34.44	183200
2007-06-07	33.65	34.77	33.58	34.17	183300
2007-06-08	34.16	34.40	33.20	33.55	207500
2007-06-11	34.29	34.60	33.95	34.30	149000
2007-06-12	33.91	34.31	33.74	33.91	200700
2007-06-13	34.19	34.24	33.80	34.06	126500
2007-06-14	34.96	35.15	34.19	34.19	157200
2007-06-15	34.69	35.41	34.48	35.08	348600
2007-06-18	34.97	35.03	34.33	34.69	137800
2007-06-19	35.13	35.54	34.69	34.87	153000
2007-06-20	34.36	35.05	34.17	35.05	185700
2007-06-21	34.36	34.57	33.89	34.39	175600
2007-06-22	34.27	34.61	33.97	34.36	126400
2007-06-25	33.58	34.30	33.50	33.83	173300
2007-06-26	33.35	34.03	33.27	33.55	89700
2007-06-27	33.61	33.62	32.22	33.29	197100
2007-06-28	33.91	34.34	33.80	33.96	146000
2007-06-29	34.13	34.44	33.77	34.09	102800
2007-07-02	34.63	35.24	33.82	34.12	130100
2007-07-03	34.44	34.92	34.44	34.61	90800
2007-07-05	34.73	34.95	34.10	34.85	142300
2007-07-06	35.03	35.38	34.81	35.38	106400
2007-07-09	35.25	35.54	35.03	35.03	160800
2007-07-10	35.09	35.38	34.94	35.20	116100
2007-07-11	35.05	35.05	34.55	34.87	103900
2007-07-12	35.56	35.56	35.13	35.20	105600
2007-07-13	35.83	35.92	35.57	35.61	167100
2007-07-16	36.04	36.25	35.86	36.00	235300
2007-07-17	35.85	36.57	35.77	36.14	140700
2007-07-18	36.32	36.32	35.81	35.93	110700
2007-07-19	36.15	36.50	35.99	36.36	159100
2007-07-20	36.17	36.41	36.01	36.41	96600
2007-07-23	36.02	36.41	35.78	36.21	97400
2007-07-24	35.53	36.15	35.53	35.74	165400
2007-07-25	35.86	36.13	35.18	35.84	132400
2007-07-26	34.46	35.94	34.24	35.94	167800
2007-07-27	33.95	34.88	33.44	34.32	266000
2007-07-30	34.32	34.53	33.90	34.10	142000
2007-07-31	34.44	34.99	34.28	34.87	206600
2007-08-01	34.42	34.74	33.36	34.32	268700
2007-08-02	33.72	34.91	33.64	34.81	202000
2007-08-03	32.69	33.96	32.47	33.86	318800
2007-08-06	32.08	32.30	30.72	31.89	213400
2007-08-07	32.26	32.52	31.73	32.08	235900
2007-08-08	32.35	33.06	32.02	32.19	292300
2007-08-09	31.16	32.25	30.91	31.54	550500
2007-08-10	31.67	31.67	29.86	31.19	434600
2007-08-13	30.60	32.04	30.48	31.93	279500
2007-08-14	29.67	30.97	29.41	30.60	374700
2007-08-15	29.45	30.28	29.18	30.13	278500
2007-08-16	28.89	29.45	27.92	29.45	427400
2007-08-17	29.81	30.68	29.11	30.36	253900
2007-08-20	29.94	30.25	29.22	30.05	177800
2007-08-21	30.31	30.55	29.72	30.17	132200
2007-08-22	30.63	30.99	30.31	30.75	122500
2007-08-23	31.16	31.47	30.31	30.83	182100
2007-08-24	32.26	32.35	31.48	31.60	135900
2007-08-27	31.72	32.23	31.47	32.19	98000
2007-08-28	30.64	31.64	30.42	31.64	143400
2007-08-29	31.66	31.66	30.83	31.38	114000
2007-08-30	31.39	31.66	31.12	31.66	97700
2007-08-31	32.21	32.30	31.88	32.16	89900
2007-09-04	33.11	33.23	31.61	32.17	131800
2007-09-05	32.72	33.15	32.55	32.85	152100
2007-09-06	33.17	33.21	32.57	32.84	123200
2007-09-07	33.02	33.02	32.40	32.87	183200
2007-09-10	32.49	33.02	32.33	33.02	113000
2007-09-11	33.08	33.30	32.74	33.05	88100
2007-09-12	33.86	33.89	33.17	33.17	104200
2007-09-13	34.85	35.26	33.86	33.86	203200
2007-09-14	34.98	35.22	34.63	34.63	116200
2007-09-17	35.46	35.68	34.97	34.98	190000
2007-09-18	36.32	36.36	35.45	35.46	174900
2007-09-19	35.95	36.26	35.61	35.93	138200
2007-09-20	36.18	36.30	35.55	36.17	217200
2007-09-21	36.92	37.52	36.04	36.04	244300
2007-09-24	36.60	37.20	36.47	36.97	177600
2007-09-25	36.04	36.55	34.45	36.34	226500
2007-09-26	35.76	36.18	35.51	36.09	191200
2007-09-27	36.16	36.55	36.16	36.24	126100
2007-09-28	36.49	36.82	36.37	36.56	184000
2007-10-01	36.57	36.82	36.18	36.67	157900
2007-10-02	35.74	36.58	35.34	36.57	220200
2007-10-03	35.13	35.71	34.92	35.64	151300
2007-10-04	34.91	35.23	34.67	34.94	171400
2007-10-05	35.75	35.90	35.12	35.12	154100
2007-10-08	35.63	35.78	35.30	35.72	81000
2007-10-09	34.98	35.57	34.70	35.49	281500
2007-10-10	34.91	34.98	34.19	34.80	213000
2007-10-11	35.57	36.14	34.98	35.23	155600
2007-10-12	35.94	36.23	34.98	35.61	175800
2007-10-15	35.59	37.33	35.24	37.30	286700
2007-10-16	35.73	36.26	35.33	35.49	160000
2007-10-17	36.52	37.15	35.96	37.15	236100
2007-10-18	37.07	37.27	36.41	36.41	209500
2007-10-19	36.21	37.33	36.07	36.91	243000
2007-10-22	35.98	35.98	35.19	35.23	190600
2007-10-23	36.26	37.36	36.14	37.36	167600
2007-10-24	35.97	36.82	35.20	36.30	242100
2007-10-25	37.13	37.27	36.29	36.45	193400
2007-10-26	38.14	38.26	36.86	37.04	387300
2007-10-29	39.64	39.73	38.48	38.61	297800
2007-10-30	39.49	39.56	38.95	39.28	260100
2007-10-31	39.86	40.17	39.43	39.84	295100
2007-11-01	38.85	39.87	38.81	39.58	291900
2007-11-02	40.51	40.51	38.86	38.86	487700
2007-11-05	40.93	41.21	38.29	38.29	387400
2007-11-06	43.33	43.61	41.82	41.82	568300
2007-11-07	42.74	45.27	42.44	42.44	615400
2007-11-08	42.66	43.33	41.62	42.47	718600
2007-11-09	41.12	41.92	41.07	41.90	393800
2007-11-12	39.39	40.50	39.39	40.50	420600
2007-11-13	39.98	39.98	38.25	38.25	416100
2007-11-14	39.81	40.91	39.49	40.90	239300
2007-11-15	38.47	38.99	38.02	38.96	294500
2007-11-16	38.96	39.49	38.34	38.36	358400
2007-11-19	37.94	39.03	37.77	39.03	336300
2007-11-20	38.87	39.22	37.65	37.65	352600
2007-11-21	38.36	39.24	37.81	38.19	373300
2007-11-23	38.99	39.65	38.30	38.30	157800
2007-11-26	38.19	39.39	38.03	38.99	318000
2007-11-27	35.80	38.08	35.71	37.55	584100
2007-11-28	36.52	36.71	35.96	36.25	447600
2007-11-29	36.26	36.71	35.87	36.71	356500
2007-11-30	36.17	36.37	35.52	36.14	282000
2007-12-03	36.40	36.46	35.76	36.43	312300
2007-12-04	36.24	36.52	35.30	35.71	321700
2007-12-05	36.97	37.35	36.46	36.46	262100
2007-12-06	37.85	38.15	36.74	37.22	217900
2007-12-07	38.18	38.69	37.58	37.58	267200
2007-12-10	38.71	39.00	38.35	38.38	360600
2007-12-11	37.52	39.31	37.49	39.10	343500
2007-12-12	38.29	38.91	37.93	38.11	301200
2007-12-13	38.10	38.41	37.56	38.41	288500
2007-12-14	38.48	38.80	37.77	37.77	216200
2007-12-17	38.85	39.10	37.46	37.53	269600
2007-12-18	38.28	39.72	37.71	39.72	258400
2007-12-19	38.39	39.05	37.99	38.24	303000
2007-12-20	38.55	39.30	38.55	38.63	286900
2007-12-21	39.84	40.60	38.19	38.19	449400
2007-12-24	40.51	40.85	40.28	40.35	128500
2007-12-26	40.47	41.65	40.37	40.64	98500
2007-12-27	41.05	41.74	40.71	40.71	286300
2007-12-28	41.69	41.90	41.42	41.50	146900
2007-12-31	40.41	41.76	40.15	41.20	193700
2008-01-02	40.51	41.26	40.36	40.94	316900
2008-01-03	40.53	40.88	39.98	40.63	350100
2008-01-04	39.47	40.35	39.32	40.29	272500
2008-01-07	39.54	40.07	38.80	40.07	376400
2008-01-08	39.10	40.77	39.05	40.77	379000
2008-01-09	39.03	39.11	38.44	38.80	397300
2008-01-10	39.10	39.16	38.28	38.55	322800
2008-01-11	38.45	39.11	38.28	39.11	256100
2008-01-14	39.09	39.57	38.51	38.51	173000
2008-01-15	38.17	39.36	37.67	38.74	352100
2008-01-16	36.63	37.81	36.29	37.39	424000
2008-01-17	35.67	37.25	35.26	36.99	402500
2008-01-18	36.27	36.88	34.89	35.71	492900
2008-01-22	34.80	35.37	33.12	34.75	674900
2008-01-23	34.44	34.62	32.68	33.47	604800
2008-01-24	35.71	36.03	34.76	34.89	510100
2008-01-25	36.04	36.58	35.51	36.13	397700
2008-01-28	35.79	36.05	35.16	36.05	347900
2008-01-29	36.17	36.45	35.71	35.71	368400
2008-01-30	36.39	37.15	36.07	36.39	358600
2008-01-31	36.31	36.77	34.91	35.78	443300
2008-02-01	37.08	37.33	36.33	36.63	278700
2008-02-04	37.93	38.29	36.97	37.35	359700
2008-02-05	36.88	37.68	36.49	37.46	433700
2008-02-06	37.01	37.53	36.77	36.89	399400
2008-02-07	36.78	37.08	36.08	36.44	397800
2008-02-08	37.54	37.71	36.89	36.99	375000
2008-02-11	38.09	38.26	37.35	37.57	390000
2008-02-12	38.12	39.40	37.86	38.35	413000
2008-02-13	39.14	39.41	38.22	38.74	413200
2008-02-14	40.03	40.34	39.26	39.54	640100
2008-02-15	39.54	40.10	39.09	39.49	327100
2008-02-19	38.91	40.31	38.91	39.94	502000
2008-02-20	39.72	39.82	38.22	38.98	410500
2008-02-21	39.19	40.23	38.70	40.07	428100
2008-02-22	39.39	39.51	38.74	38.96	450900
2008-02-25	40.68	40.69	39.52	39.69	350400
2008-02-26	41.72	42.25	40.15	40.15	423200
2008-02-27	41.82	42.40	41.58	41.84	410100
2008-02-28	42.47	42.97	41.74	41.74	478100
2008-02-29	41.81	42.40	41.29	42.40	374900
2008-03-03	41.23	42.06	40.37	41.44	573900
2008-03-04	41.62	41.62	40.50	40.50	604000
2008-03-05	42.90	42.92	41.41	41.41	537300
2008-03-06	42.84	43.53	42.78	43.28	400700
2008-03-07	41.44	42.91	40.85	42.22	498000
2008-03-10	40.49	41.84	40.31	41.84	393300
2008-03-11	41.36	41.54	40.30	40.30	536200
2008-03-12	41.11	41.67	40.88	41.67	396700
2008-03-13	41.37	42.02	39.46	41.36	570000
2008-03-14	40.06	41.33	39.51	41.33	621700
2008-03-17	38.33	39.57	37.44	39.57	795500
2008-03-18	39.48	39.88	38.61	38.70	417900
2008-03-19	37.18	40.19	36.97	40.19	509400
2008-03-20	37.18	37.51	35.96	36.94	443800
2008-03-24	37.14	38.02	36.58	36.80	393100
2008-03-25	38.41	38.59	37.42	37.55	296100
2008-03-26	39.06	39.45	38.70	38.78	387800
2008-03-27	39.42	40.05	39.06	39.06	557000
2008-03-28	39.20	39.96	39.04	39.42	325800
2008-03-31	38.61	39.02	37.55	38.79	373700
2008-04-01	38.83	39.03	37.86	38.75	377100
2008-04-02	39.35	40.27	39.02	39.02	714500
2008-04-03	38.87	39.46	38.55	39.46	338200
2008-04-04	39.15	39.28	38.74	38.96	421600
2008-04-07	39.37	40.05	38.93	39.42	326300
2008-04-08	40.06	40.06	38.98	39.49	355100
2008-04-09	40.18	40.38	39.61	40.34	245600
2008-04-10	40.00	40.20	39.10	40.17	381700
2008-04-11	39.24	39.80	38.92	39.80	192100
2008-04-14	40.82	40.90	39.25	39.43	348600
2008-04-15	41.41	41.68	41.01	41.45	240900
2008-04-16	43.85	43.85	41.47	41.74	372100
2008-04-17	43.18	43.62	42.69	43.62	287800
2008-04-18	43.56	43.56	42.81	43.30	219200
2008-04-21	44.86	44.89	42.95	42.95	315100
2008-04-22	44.37	45.32	43.74	45.09	1295400
2008-04-23	43.78	44.43	43.50	44.13	355900
2008-04-24	41.53	43.73	41.27	43.33	678500
2008-04-25	42.29	42.54	41.53	41.82	330200
2008-04-28	42.37	43.03	42.34	42.53	218200
2008-04-29	42.18	43.03	41.97	42.06	315900
2008-04-30	43.25	44.27	42.69	42.69	492700
2008-05-01	42.23	42.83	41.51	42.83	348800
2008-05-02	40.93	42.49	40.31	41.38	399400
2008-05-05	41.02	41.55	40.50	41.10	550600
2008-05-06	42.85	42.85	40.70	40.70	423800
2008-05-07	43.11	43.64	42.71	43.16	457500
2008-05-08	43.11	43.30	42.43	42.86	423500
2008-05-09	42.69	43.39	42.63	43.00	319700
2008-05-12	43.62	43.62	42.15	43.11	310100
2008-05-13	42.87	43.42	42.40	42.86	304200
2008-05-14	42.38	43.02	42.21	42.74	274900
2008-05-15	42.03	42.78	40.94	42.38	449800
2008-05-16	42.17	42.73	41.78	42.52	470000
2008-05-19	43.17	43.32	42.12	42.49	134000
2008-05-20	45.60	45.60	43.08	43.62	616400
2008-05-21	45.06	46.61	44.94	45.80	651100
2008-05-22	44.65	45.62	43.99	44.81	354500
2008-05-23	44.21	45.31	43.84	44.78	347600
2008-05-27	42.80	43.87	42.49	43.83	250800
2008-05-28	42.74	42.78	41.72	42.22	229700
2008-05-29	42.23	43.46	42.13	42.85	395900
2008-05-30	42.89	43.66	42.36	42.54	276300
2008-06-02	43.88	44.09	42.27	42.69	434400
2008-06-03	42.51	44.31	42.34	44.31	488600
2008-06-04	42.08	42.84	41.92	42.36	336400
2008-06-05	43.39	43.52	41.78	42.18	459900
2008-06-06	44.07	45.00	43.29	44.11	471800
2008-06-09	44.14	45.28	43.88	44.70	386200
2008-06-10	42.97	44.30	42.26	43.23	372200
2008-06-11	43.12	43.71	42.00	42.84	362200
2008-06-12	42.00	43.29	41.86	43.29	269500
2008-06-13	42.01	42.16	41.32	41.81	349000
2008-06-16	41.81	42.80	41.66	42.18	341100
2008-06-17	41.78	42.26	41.45	41.63	270700
2008-06-18	42.06	42.08	41.27	41.45	261000
2008-06-19	41.09	42.38	40.79	42.07	391700
2008-06-20	40.74	41.36	40.36	41.15	388200
2008-06-23	41.32	41.50	40.47	40.54	336100
2008-06-24	40.38	41.49	40.13	41.49	267500
2008-06-25	40.48	40.93	39.39	40.52	417500
2008-06-26	40.21	41.01	39.61	40.48	368400
2008-06-27	40.35	40.75	39.87	40.51	420800
2008-06-30	40.75	41.08	40.14	40.55	475900
2008-07-01	40.57	41.29	40.04	40.70	133100
2008-07-02	40.26	42.10	40.02	40.41	690600
2008-07-03	39.17	40.47	38.98	40.44	458100
2008-07-07	38.08	39.19	37.53	39.04	803900
2008-07-08	36.96	37.78	36.32	37.78	724800
2008-07-09	37.68	39.35	36.96	36.96	690400
2008-07-10	38.53	38.53	37.39	38.05	486700
2008-07-11	38.18	39.51	37.67	37.67	644100
2008-07-14	39.05	39.33	38.26	38.81	455100
2008-07-15	37.40	39.23	37.35	38.60	617600
2008-07-16	36.61	37.85	35.98	37.36	746700
2008-07-17	35.59	37.20	35.11	36.47	617900
2008-07-18	35.82	36.62	35.20	35.34	451700
2008-07-21	36.79	37.01	35.43	35.85	342800
2008-07-22	36.54	36.79	35.80	36.23	437800
2008-07-23	35.58	36.67	35.25	36.30	585400
2008-07-24	35.04	36.55	34.80	35.33	564500
2008-07-25	36.28	36.34	34.61	35.45	429200
2008-07-28	36.48	37.61	36.10	36.28	406400
2008-07-29	36.46	36.79	35.83	36.48	384400
2008-07-30	37.31	37.62	35.89	36.39	480700
2008-07-31	36.21	37.66	36.11	37.66	542300
2008-08-01	36.83	37.14	35.93	35.93	408200
2008-08-04	35.31	37.56	34.93	36.92	292600
2008-08-05	34.49	35.31	33.92	35.31	746900
2008-08-06	34.61	35.53	34.13	34.13	678900
2008-08-07	34.20	34.77	34.01	34.60	659500
2008-08-08	33.38	33.67	32.77	33.63	477600
2008-08-11	32.97	33.82	32.19	33.08	441500
2008-08-12	33.61	33.90	32.74	33.35	671400
2008-08-13	34.51	34.51	32.75	33.23	676900
2008-08-14	34.08	34.68	33.78	34.25	480500
2008-08-15	33.56	34.00	33.11	33.78	526300
2008-08-18	34.06	34.35	31.95	33.56	667800
2008-08-19	34.78	35.28	33.18	34.06	617400
2008-08-20	36.65	36.88	34.91	35.12	586700
2008-08-21	38.58	38.98	36.93	36.96	747800
2008-08-22	37.91	38.53	37.47	38.53	593700
2008-08-25	37.29	38.13	36.92	37.42	490100
2008-08-26	38.15	38.36	36.21	36.21	356100
2008-08-27	38.59	39.21	37.78	38.51	399600
2008-08-28	38.43	39.16	37.85	39.16	350800
2008-08-29	37.94	38.72	37.56	38.67	345700
2008-09-02	34.97	37.01	34.69	37.01	716600
2008-09-03	34.14	35.26	33.48	33.68	722300
2008-09-04	33.03	34.51	32.52	34.14	616500
2008-09-05	32.64	33.20	31.70	32.55	664200
2008-09-08	31.99	33.82	31.85	32.82	662500
2008-09-09	30.32	31.89	30.27	30.68	1064400
2008-09-10	31.48	31.93	30.32	30.58	1022100
2008-09-11	31.75	32.06	30.29	31.09	1141400
2008-09-12	32.70	33.11	31.41	31.77	936000
2008-09-15	31.91	33.52	30.72	32.21	1495300
2008-09-16	31.99	32.51	30.95	31.17	1376900
2008-09-17	32.70	34.02	30.91	31.85	1439200
2008-09-18	32.12	35.29	31.23	33.36	1941900
2008-09-19	33.42	34.14	32.17	34.14	1297200
2008-09-22	33.11	34.67	32.05	32.05	1259400
2008-09-23	32.84	34.02	31.87	32.79	981800
2008-09-24	32.32	33.82	32.22	33.56	652200
2008-09-25	33.48	33.85	32.31	32.38	628000
2008-09-26	33.30	33.54	32.27	32.51	816600
2008-09-29	30.96	32.71	29.66	32.06	1157500
2008-09-30	31.59	32.63	31.52	31.52	726300
2008-10-01	31.81	32.38	30.32	30.32	839300
2008-10-02	29.81	31.70	29.66	31.70	817800
2008-10-03	28.37	30.70	27.81	28.72	1322500
2008-10-06	25.53	26.91	22.77	26.88	2270800
2008-10-07	23.48	26.80	23.20	25.21	1893500
2008-10-08	23.11	23.73	21.14	22.24	2247200
2008-10-09	21.37	26.08	20.68	23.15	1808800
2008-10-10	19.10	21.37	17.68	20.14	2774400
2008-10-13	22.95	22.97	20.08	20.29	757300
2008-10-14	23.05	27.51	22.07	24.15	2104600
2008-10-15	20.46	22.54	19.98	21.97	985900
2008-10-16	21.92	21.92	19.16	20.79	2037000
2008-10-17	22.71	23.54	20.83	21.15	1387600
2008-10-20	26.34	26.62	23.00	23.05	2623600
2008-10-21	24.12	26.19	24.07	26.19	1282000
2008-10-22	21.49	23.30	21.21	23.30	1220400
2008-10-23	22.11	23.36	21.01	21.18	1191400
2008-10-24	22.48	22.79	19.73	20.56	1061700
2008-10-27	20.91	22.62	20.47	21.93	868700
2008-10-28	22.99	23.43	20.13	21.54	1374800
2008-10-29	23.18	25.59	22.62	23.01	1515300
2008-10-30	25.41	25.96	23.92	23.92	1398400
2008-10-31	26.28	26.69	24.57	25.03	981800
2008-11-03	25.75	27.20	25.51	26.38	733500
2008-11-04	26.94	27.30	26.36	26.59	747400
2008-11-05	25.07	27.28	25.07	26.65	647200
2008-11-06	23.26	25.59	22.89	24.84	1298200
2008-11-07	23.88	24.32	23.20	23.20	1493600
2008-11-10	25.14	25.44	23.55	24.99	610400
2008-11-11	23.41	24.98	23.00	24.98	694000
2008-11-12	21.91	23.03	21.57	22.68	833800
2008-11-13	22.62	22.83	20.24	22.20	1293700
2008-11-14	22.14	23.55	21.46	21.68	1472900
2008-11-17	21.95	23.00	21.54	22.08	984300
2008-11-18	21.49	22.65	20.94	21.52	918500
2008-11-19	20.75	21.96	20.54	21.16	788200
2008-11-20	17.88	20.32	17.88	20.20	1473400
2008-11-21	20.00	20.54	17.81	17.81	1292600
2008-11-24	21.14	22.50	20.34	20.34	1037500
2008-11-25	23.13	23.33	21.50	21.50	1159500
2008-11-26	24.44	24.56	22.40	23.35	501600
2008-11-28	25.01	25.57	23.86	25.57	277200
2008-12-01	22.56	25.25	22.56	24.19	719100
2008-12-02	22.66	23.52	21.92	22.64	541200
2008-12-03	23.84	23.91	21.52	21.52	856900
2008-12-04	21.50	24.27	21.08	23.97	820300
2008-12-05	22.39	22.39	20.18	21.19	666000
2008-12-08	23.96	24.54	23.30	23.38	562300
2008-12-09	24.31	24.84	22.87	23.04	706400
2008-12-10	24.83	25.44	24.13	25.37	612500
2008-12-11	24.93	26.14	24.55	24.96	613400
2008-12-12	24.90	25.50	23.80	23.82	718200
2008-12-15	24.52	25.73	24.07	25.16	560400
2008-12-16	25.94	26.28	24.51	25.94	737600
2008-12-17	25.38	26.58	25.28	26.20	239500
2008-12-18	24.77	25.86	24.07	24.71	694000
2008-12-19	24.16	25.01	23.85	23.98	620000
2008-12-22	23.38	24.44	22.84	24.28	297500
2008-12-23	23.56	24.09	22.80	22.83	419300
2008-12-24	23.75	23.87	23.36	23.53	111900
2008-12-26	24.04	24.21	23.43	24.17	97900
2008-12-29	24.46	24.74	23.97	24.10	226100
2008-12-30	25.10	25.10	23.91	25.04	309500
2008-12-31	25.07	25.26	24.41	24.64	419200
2009-01-02	25.98	25.98	24.84	25.17	495800
2009-01-05	26.55	26.75	26.02	26.10	551500
2009-01-06	26.66	27.32	26.17	26.81	896300
2009-01-07	25.00	26.40	24.80	25.56	995700
2009-01-08	25.80	25.84	24.46	24.46	923300
2009-01-09	25.09	25.85	24.84	25.85	432100
2009-01-12	23.89	24.87	23.78	24.38	298500
2009-01-13	24.61	24.62	23.70	23.70	331800
2009-01-14	23.20	24.06	23.07	23.88	411900
2009-01-15	23.30	23.42	22.03	23.42	882100
2009-01-16	23.74	24.54	23.30	23.79	685400
2009-01-20	21.97	23.05	21.75	23.05	898200
2009-01-21	23.05	23.10	21.58	22.81	763000
2009-01-22	22.84	23.56	21.94	22.70	1086600
2009-01-23	23.42	23.89	22.18	22.23	730900
2009-01-26	24.26	24.88	23.91	24.16	1017800
2009-01-27	23.83	24.20	23.43	23.80	840300
2009-01-28	24.29	24.81	23.90	23.94	659300
2009-01-29	23.69	24.01	23.51	23.72	865500
2009-01-30	23.57	24.03	23.09	23.67	1053900
2009-02-02	23.32	23.67	22.96	23.09	1126400
2009-02-03	23.57	23.99	23.19	23.51	1300600
2009-02-04	23.51	24.06	23.17	23.70	938200
2009-02-05	23.94	24.00	23.20	24.00	850400
2009-02-06	24.13	24.67	23.05	23.27	1183700
2009-02-09	24.52	24.90	24.11	24.46	676300
2009-02-10	23.21	24.66	22.78	24.49	715600
2009-02-11	23.21	23.63	22.87	23.28	621300
2009-02-12	23.39	23.41	22.39	22.39	369700
2009-02-13	23.83	24.02	23.33	23.48	482700
2009-02-17	22.40	22.84	22.08	22.84	522300
2009-02-18	22.09	22.59	21.91	22.32	460700
2009-02-19	23.02	23.31	22.09	22.61	561100
2009-02-20	22.60	23.00	21.91	22.78	688100
2009-02-23	21.60	23.24	21.15	23.24	441400
2009-02-24	22.77	22.84	21.29	21.29	627300
2009-02-25	23.16	23.45	22.20	22.58	575800
2009-02-26	23.69	24.13	23.48	23.52	619200
2009-02-27	23.25	23.79	22.49	23.35	651800
2009-03-02	21.90	22.72	21.45	22.44	701600
2009-03-03	22.56	23.29	22.08	22.14	725000
2009-03-04	23.93	24.15	23.11	23.11	593000
2009-03-05	23.12	24.05	22.83	23.56	590400
2009-03-06	23.46	24.29	22.84	23.26	561900
2009-03-09	23.13	24.23	22.93	22.93	689200
2009-03-10	23.90	24.61	23.69	23.94	748400
2009-03-11	24.00	24.45	23.63	23.63	670600
2009-03-12	24.99	25.17	23.98	24.46	668700
2009-03-13	24.69	25.51	24.42	25.51	559100
2009-03-16	24.63	25.32	24.10	24.69	737100
2009-03-17	25.50	25.50	24.00	24.45	452100
2009-03-18	25.21	25.60	24.38	24.92	774100
2009-03-19	25.98	26.73	25.86	26.09	588000
2009-03-20	25.19	26.27	25.01	26.27	632400
2009-03-23	26.71	26.71	25.73	25.75	491300
2009-03-24	26.66	27.17	26.01	26.62	667300
2009-03-25	26.95	27.56	26.46	26.66	840700
2009-03-26	27.64	28.33	27.23	27.76	656500
2009-03-27	27.29	27.87	26.97	27.53	709500
2009-03-30	26.38	26.73	25.92	26.14	528200
2009-03-31	26.88	27.57	26.42	26.42	574400
2009-04-01	27.52	27.65	26.00	26.00	539700
2009-04-02	28.91	29.63	28.17	28.20	597700
2009-04-03	28.45	28.86	28.34	28.59	540400
2009-04-06	28.42	28.56	27.81	28.04	377300
2009-04-07	27.86	28.29	27.65	28.09	504800
2009-04-08	27.95	27.98	27.23	27.59	583900
2009-04-09	27.82	29.08	27.43	27.66	512300
2009-04-13	27.82	28.11	27.05	27.05	388300
2009-04-14	27.54	27.97	26.99	26.99	379900
2009-04-15	27.61	27.91	27.25	27.52	345700
2009-04-16	27.78	28.21	27.21	28.21	451700
2009-04-17	27.65	28.23	27.56	27.81	426000
2009-04-20	26.00	26.87	25.95	26.78	536500
2009-04-21	26.28	26.30	25.06	25.56	255400
2009-04-22	25.86	26.64	25.80	26.15	442400
2009-04-23	26.62	26.89	26.09	26.12	460600
2009-04-24	26.89	27.58	26.58	27.24	552500
2009-04-27	26.11	26.61	25.94	26.59	556700
2009-04-28	25.99	26.22	25.59	25.91	325600
2009-04-29	26.63	26.84	26.17	26.36	412900
2009-04-30	26.56	27.43	26.56	26.95	482500
2009-05-01	26.61	26.93	26.02	26.71	431300
2009-05-04	27.24	27.25	26.49	26.89	496100
2009-05-05	26.21	27.06	26.09	27.02	543300
2009-05-06	27.17	27.17	26.36	26.42	564800
2009-05-07	27.24	27.75	26.96	27.59	529400
2009-05-08	28.93	29.09	27.83	27.86	586600
2009-05-11	27.31	28.49	27.21	28.49	521900
2009-05-12	27.41	27.85	26.96	27.85	407000
2009-05-13	26.20	27.40	25.97	27.04	563200
2009-05-14	26.19	26.52	25.57	25.57	398200
2009-05-15	25.73	26.38	25.57	26.27	357700
2009-05-18	26.56	26.87	26.11	26.49	177200
2009-05-19	27.30	27.62	26.92	27.19	537900
2009-05-20	28.20	28.59	27.50	27.50	613500
2009-05-21	27.55	27.89	27.25	27.89	421900
2009-05-22	27.90	28.19	27.74	27.74	326300
2009-05-26	29.21	29.40	27.61	27.86	711900
2009-05-27	28.79	29.96	28.66	29.39	644600
2009-05-28	29.46	29.70	28.67	28.93	510900
2009-05-29	30.31	30.64	30.02	30.04	564000
2009-06-01	31.69	31.81	31.25	31.27	499500
2009-06-02	31.63	32.12	31.23	31.90	551100
2009-06-03	30.12	31.09	29.71	31.09	452200
2009-06-04	30.45	30.60	30.04	30.56	415300
2009-06-05	30.12	30.90	29.49	30.90	350600
2009-06-08	29.92	30.01	29.45	29.74	232600
2009-06-09	30.73	31.13	30.04	30.04	334300
2009-06-10	30.80	31.37	30.52	31.37	421900
2009-06-11	31.65	31.78	30.95	31.01	368200
2009-06-12	30.85	31.26	30.60	31.17	326900
2009-06-15	29.90	30.54	29.56	30.50	421300
2009-06-16	29.20	30.54	29.09	30.09	426200
2009-06-17	29.27	29.84	28.64	28.78	613300
2009-06-18	29.00	29.67	28.86	29.30	429300
2009-06-19	29.09	29.43	28.72	29.14	507700
2009-06-22	27.94	28.67	27.76	28.67	395500
2009-06-23	28.32	28.49	27.68	27.93	363500
2009-06-24	28.13	28.85	27.97	28.75	310200
2009-06-25	29.04	29.07	27.85	28.44	359500
2009-06-26	28.85	29.20	28.69	28.96	239800
2009-06-29	29.11	29.37	29.00	29.14	295300
2009-06-30	28.74	29.63	28.50	29.33	330600
2009-07-01	28.74	29.54	28.70	29.15	115200
2009-07-02	27.84	28.64	27.65	28.31	229200
2009-07-06	27.17	27.34	26.96	27.19	289800
2009-07-07	26.34	27.64	26.16	27.31	491600
2009-07-08	26.08	26.87	25.86	25.87	505900
2009-07-09	26.75	26.78	26.27	26.43	389000
2009-07-10	26.31	26.46	25.96	26.29	402000
2009-07-13	26.79	26.82	25.86	26.15	415000
2009-07-14	27.12	27.87	26.75	26.75	361900
2009-07-15	28.47	28.52	27.75	27.91	394500
2009-07-16	28.59	28.89	28.24	28.24	411400
2009-07-17	29.08	29.30	28.91	29.14	444400
2009-07-20	29.30	29.98	29.29	29.74	420600
2009-07-21	29.08	30.02	28.64	30.02	626100
2009-07-22	28.80	29.26	28.51	28.51	301700
2009-07-23	29.59	29.70	28.79	28.79	328600
2009-07-24	30.12	30.36	29.60	29.71	264300
2009-07-27	30.15	30.39	29.76	29.76	239200
2009-07-28	29.73	30.02	28.93	29.86	306500
2009-07-29	29.15	29.30	28.72	29.23	223300
2009-07-30	29.00	29.85	29.00	29.33	390600
2009-07-31	29.89	30.21	28.37	28.97	545100
2009-08-03	30.24	30.59	30.15	30.52	258900
2009-08-04	29.65	30.57	29.46	30.26	316700
2009-08-05	29.18	29.83	29.01	29.74	232100
2009-08-06	28.50	29.18	28.27	29.15	262500
2009-08-07	27.93	29.06	27.81	28.62	321100
2009-08-10	27.86	28.13	27.56	27.56	214500
2009-08-11	27.64	27.79	27.16	27.50	249500
2009-08-12	27.69	28.22	27.46	27.50	272300
2009-08-13	27.75	28.29	27.66	28.29	208800
2009-08-14	27.12	27.98	26.76	27.28	346600
2009-08-17	26.11	26.74	25.87	26.74	312600
2009-08-18	26.25	26.40	25.93	26.22	230000
2009-08-19	26.96	26.96	25.96	26.14	229500
2009-08-20	27.08	27.46	26.76	27.46	189600
2009-08-21	27.69	27.85	27.43	27.45	345100
2009-08-24	27.46	28.02	27.33	27.88	158400
2009-08-25	27.41	27.73	27.20	27.55	159000
2009-08-26	27.02	27.28	26.81	27.11	220800
2009-08-27	27.18	27.48	26.53	26.70	165700
2009-08-28	27.22	27.66	27.03	27.20	198200
2009-08-31	26.80	26.91	26.39	26.52	137800
2009-09-01	26.64	27.22	26.36	26.40	164100
2009-09-02	26.62	26.87	26.26	26.45	202700
2009-09-03	26.61	27.08	26.50	26.85	199300
2009-09-04	27.29	27.35	26.77	27.03	146000
2009-09-08	27.90	28.03	27.50	27.50	139800
2009-09-09	27.93	28.11	27.79	27.84	199300
2009-09-10	28.80	28.84	27.83	27.89	200600
2009-09-11	28.83	29.19	28.64	28.64	261900
2009-09-14	28.79	28.91	28.43	28.55	197100
2009-09-15	29.48	29.68	28.89	28.94	275800
2009-09-16	29.96	29.97	29.54	29.73	251700
2009-09-17	29.69	30.11	29.50	29.86	236200
2009-09-18	28.94	29.72	28.82	29.67	269700
2009-09-21	28.70	28.82	28.10	28.25	189600
2009-09-22	29.12	29.33	28.93	28.93	148700
2009-09-23	28.88	29.31	28.73	29.22	196100
2009-09-24	28.04	29.02	27.86	28.98	338900
2009-09-25	28.01	28.36	27.93	27.93	191800
2009-09-28	28.31	28.51	27.86	28.10	174400
2009-09-29	28.06	28.51	27.87	28.31	204700
2009-09-30	28.49	28.72	27.92	28.72	343700
2009-10-01	28.10	29.00	27.73	28.23	440700
2009-10-02	27.79	28.09	27.39	27.47	519000
2009-10-05	28.90	29.03	27.70	28.01	497200
2009-10-06	28.85	29.15	28.59	28.96	620400
2009-10-07	29.00	29.06	28.57	28.88	241100
2009-10-08	29.69	29.77	28.73	28.73	189800
2009-10-09	29.81	30.09	29.54	29.58	170700
2009-10-12	30.24	30.38	30.03	30.03	156000
2009-10-13	30.31	30.48	30.04	30.31	235300
2009-10-14	31.39	31.51	30.84	31.15	342100
2009-10-15	32.10	32.20	31.01	31.41	381900
2009-10-16	31.64	31.88	31.44	31.62	368400
2009-10-19	32.18	32.32	31.52	31.86	238800
2009-10-20	31.59	32.00	31.19	32.00	371200
2009-10-21	31.37	32.29	31.30	31.30	489100
2009-10-22	31.28	31.46	30.89	31.16	302400
2009-10-23	30.61	31.48	30.47	31.44	224200
2009-10-26	29.64	31.09	29.42	30.68	462400
2009-10-27	29.54	29.70	29.07	29.55	398500
2009-10-28	27.97	29.12	27.84	29.12	509500
2009-10-29	28.22	28.55	27.92	28.05	448500
2009-10-30	28.21	28.34	27.73	28.03	619100
2009-11-02	27.55	28.14	27.25	27.93	491900
2009-11-03	27.91	28.13	27.09	27.37	395700
2009-11-04	28.36	28.88	28.20	28.22	346400
2009-11-05	28.43	28.64	28.19	28.46	274100
2009-11-06	28.24	28.46	27.95	28.04	199500
2009-11-09	29.33	29.60	28.38	28.38	270300
2009-11-10	29.29	29.43	28.81	29.36	190900
2009-11-11	29.35	29.72	29.15	29.69	235600
2009-11-12	28.96	29.32	28.82	29.00	246800
2009-11-13	28.97	29.25	28.89	29.16	183000
2009-11-16	29.17	29.42	29.05	29.39	198500
2009-11-17	29.32	29.33	28.84	28.96	173400
2009-11-18	29.36	29.58	29.12	29.58	136200
2009-11-19	28.97	29.25	28.72	29.25	189600
2009-11-20	28.43	28.64	28.18	28.59	149000
2009-11-23	29.03	29.15	28.63	28.63	163600
2009-11-24	29.13	29.17	28.73	28.97	171700
2009-11-25	29.65	29.65	29.25	29.40	135700
2009-11-27	28.81	28.88	28.18	28.49	114500
2009-11-30	28.86	29.19	28.77	28.77	151900
2009-12-01	29.26	29.45	29.15	29.45	213400
2009-12-02	28.54	29.22	28.35	29.22	264500
2009-12-03	28.11	28.62	28.11	28.39	135000
2009-12-04	27.97	28.83	27.91	28.77	177600
2009-12-07	28.03	28.21	27.87	27.93	123300
2009-12-08	27.36	27.76	27.24	27.74	167200
2009-12-09	27.57	27.68	27.22	27.48	141000
2009-12-10	27.90	28.03	27.65	28.03	114800
2009-12-11	27.79	28.01	27.61	27.86	153900
2009-12-14	28.09	28.10	27.67	27.84	133300
2009-12-15	27.70	28.28	27.54	28.07	211200
2009-12-16	28.27	28.30	27.71	27.73	172800
2009-12-17	27.93	28.09	27.70	27.90	196300
2009-12-18	27.96	28.26	27.96	28.08	146900
2009-12-21	28.53	28.68	28.40	28.52	150500
2009-12-22	28.49	28.65	28.37	28.60	140300
2009-12-23	28.80	28.91	28.57	28.64	100500
2009-12-24	29.00	29.00	28.76	28.85	34400
2009-12-28	28.92	29.20	28.84	29.11	52700
2009-12-29	28.98	29.51	28.97	29.21	104500
2009-12-30	28.85	28.91	28.59	28.75	79900
2009-12-31	29.04	29.20	28.98	29.06	83400
2010-01-04	29.63	30.00	29.19	29.19	168800
2010-01-05	29.82	29.96	29.46	29.82	132200
2010-01-06	29.96	30.27	29.82	30.05	197900
2010-01-07	29.45	30.14	29.08	30.14	203200
2010-01-08	29.68	29.68	29.17	29.30	133300
2010-01-11	29.76	29.82	29.32	29.52	289100
2010-01-12	29.72	29.85	29.24	29.35	188800
2010-01-13	29.97	30.05	29.58	29.87	213100
2010-01-14	29.87	30.17	29.69	30.02	199100
2010-01-15	29.72	29.95	29.57	29.95	146900
2010-01-19	29.63	29.81	29.24	29.77	131600
2010-01-20	28.80	29.05	28.66	29.01	185200
2010-01-21	28.24	29.01	28.00	28.71	235200
2010-01-22	27.63	28.18	27.63	28.06	402300
2010-01-25	27.83	28.06	27.64	27.96	191800
2010-01-26	27.82	27.98	27.35	27.43	130400
2010-01-27	27.63	27.82	27.55	27.61	136300
2010-01-28	27.42	28.00	27.19	27.64	199000
2010-01-29	27.12	27.78	26.95	27.49	280300
2010-02-01	27.55	27.55	27.07	27.15	138000
2010-02-02	28.04	28.04	27.24	27.77	124800
2010-02-03	27.52	28.32	27.46	27.80	217900
2010-02-04	26.93	27.37	26.85	27.11	268300
2010-02-05	26.86	27.08	26.44	26.90	375300
2010-02-08	26.46	27.08	26.43	26.89	228600
2010-02-09	27.29	27.35	26.61	26.64	335700
2010-02-10	27.08	27.40	26.69	27.25	199200
2010-02-11	27.98	27.99	27.01	27.35	227800
2010-02-12	28.12	28.15	27.64	27.79	209800
2010-02-16	28.80	28.83	27.69	27.69	176300
2010-02-17	28.96	29.09	28.77	28.82	128900
2010-02-18	28.81	29.06	28.66	28.81	103700
2010-02-19	29.00	29.06	28.67	28.69	63600
2010-02-22	28.57	29.15	28.57	29.09	155900
2010-02-23	28.00	28.57	27.80	28.54	117900
2010-02-24	28.11	28.18	27.67	27.67	106900
2010-02-25	27.61	27.73	27.17	27.40	159200
2010-02-26	27.76	27.89	27.52	27.69	121800
2010-03-01	28.40	28.51	27.99	28.05	100600
2010-03-02	28.95	29.07	28.48	28.48	110600
2010-03-03	29.07	29.24	28.91	28.94	106400
2010-03-04	28.77	29.14	28.50	29.07	116900
2010-03-05	28.91	29.06	28.80	28.89	115300
2010-03-08	28.98	29.17	28.48	28.48	173100
2010-03-09	28.93	29.01	28.73	28.86	263600
2010-03-10	28.92	28.97	28.72	28.87	223100
2010-03-11	29.18	29.22	28.66	28.96	122800
2010-03-12	29.39	29.73	29.23	29.23	88900
2010-03-15	29.31	29.38	28.91	29.24	69400
2010-03-16	29.27	29.61	29.14	29.61	142400
2010-03-17	29.38	29.48	29.26	29.37	75100
2010-03-18	29.04	29.41	28.96	29.36	82600
2010-03-19	28.65	29.03	28.65	28.65	104200
2010-03-22	28.56	28.65	28.30	28.30	83200
2010-03-23	28.71	28.77	28.51	28.69	65200
2010-03-24	28.34	28.51	28.17	28.48	89800
2010-03-25	28.24	28.72	28.24	28.55	158500
2010-03-26	28.30	28.43	28.17	28.37	121200
2010-03-29	28.73	28.80	28.43	28.54	106300
2010-03-30	29.02	29.09	28.81	28.90	78200
2010-03-31	29.27	29.28	28.91	29.11	171500
2010-04-01	30.34	30.55	29.38	29.41	251700
2010-04-05	31.21	31.35	30.40	30.40	221200
2010-04-06	30.89	31.50	30.70	31.40	174400
2010-04-07	30.63	30.94	30.38	30.67	121600
2010-04-08	30.99	31.13	29.90	30.35	155700
2010-04-09	31.29	31.47	31.01	31.01	128200
2010-04-12	31.39	31.65	31.10	31.10	103400
2010-04-13	31.25	31.52	30.79	31.23	126900
2010-04-14	31.51	31.71	31.31	31.31	200100
2010-04-15	31.56	31.75	31.32	31.39	151100
2010-04-16	30.83	31.51	30.64	31.26	480600
2010-04-19	30.77	30.80	30.31	30.46	155600
2010-04-20	31.31	31.44	31.07	31.15	169800
2010-04-21	31.09	31.65	30.92	31.65	185500
2010-04-22	31.88	31.88	30.61	31.01	144400
2010-04-23	32.34	32.55	31.46	31.62	184700
2010-04-26	32.69	32.79	32.28	32.31	111300
2010-04-27	31.87	32.53	31.67	32.11	261300
2010-04-28	32.13	32.34	31.44	31.53	162900
2010-04-29	32.43	32.60	32.15	32.24	162600
2010-04-30	31.63	32.45	31.52	32.22	220600
2010-05-03	31.46	31.96	31.46	31.73	157000
2010-05-04	30.45	31.17	30.28	31.17	257700
2010-05-05	29.82	30.29	29.66	30.15	195600
2010-05-06	28.77	29.55	27.65	29.55	419800
2010-05-07	28.86	29.10	28.22	28.88	396800
2010-05-10	30.37	30.48	29.85	29.94	296100
2010-05-11	30.60	30.86	29.99	30.15	287800
2010-05-12	31.33	31.47	30.91	31.02	262600
2010-05-13	31.28	31.47	31.03	31.43	154200
2010-05-14	30.26	30.77	30.03	30.74	159200
2010-05-17	30.00	30.37	29.15	29.79	223100
2010-05-18	29.47	30.49	29.11	30.34	274400
2010-05-19	29.34	29.51	28.77	29.08	261200
2010-05-20	28.12	28.56	28.01	28.23	440700
2010-05-21	28.51	28.54	27.48	27.80	374000
2010-05-24	27.81	28.58	27.81	28.53	132400
2010-05-25	27.63	27.63	26.86	26.86	267000
2010-05-26	27.79	28.36	27.76	27.91	424400
2010-05-27	29.37	29.37	28.24	28.26	253000
2010-05-28	28.76	29.58	28.48	29.19	231600
2010-06-01	28.44	29.10	28.29	28.93	207400
2010-06-02	29.45	29.53	28.56	28.57	169400
2010-06-03	29.27	29.68	28.81	29.64	227100
2010-06-04	28.48	29.55	28.44	28.93	305900
2010-06-07	28.35	28.81	28.26	28.60	198100
2010-06-08	28.90	28.94	28.01	28.20	244900
2010-06-09	28.90	29.57	28.74	29.13	188600
2010-06-10	29.82	29.83	29.27	29.33	125800
2010-06-11	29.73	29.98	29.14	29.14	182300
2010-06-14	29.68	30.28	29.57	30.07	160500
2010-06-15	30.63	30.63	29.80	29.80	208000
2010-06-16	30.63	30.71	30.34	30.48	117200
2010-06-17	30.51	30.69	30.14	30.69	153700
2010-06-18	30.24	30.60	30.01	30.54	288200
2010-06-21	30.54	30.94	30.29	30.65	207200
2010-06-22	30.25	30.70	30.14	30.51	373400
2010-06-23	29.90	30.00	29.63	29.77	302000
2010-06-24	29.23	29.83	29.14	29.79	174100
2010-06-25	29.59	29.97	29.31	29.45	172900
2010-06-28	29.23	29.76	29.11	29.71	192300
2010-06-29	27.93	28.53	27.75	28.45	377200
2010-06-30	27.51	28.12	27.51	27.68	298700
2010-07-01	27.95	28.02	27.19	27.42	341600
2010-07-02	27.64	28.07	27.39	27.79	317500
2010-07-06	27.55	28.16	27.27	27.78	311800
2010-07-07	28.16	28.16	27.54	27.64	165300
2010-07-08	28.13	28.47	27.87	28.26	233000
2010-07-09	28.34	28.50	28.07	28.07	97200
2010-07-12	28.56	28.65	28.19	28.22	128100
2010-07-13	29.18	29.55	28.90	28.90	221600
2010-07-14	28.94	29.20	28.84	29.03	184100
2010-07-15	29.37	29.37	28.61	29.07	158500
2010-07-16	28.48	29.08	28.38	29.03	195600
2010-07-19	28.62	28.73	28.26	28.65	186800
2010-07-20	29.09	29.09	28.30	28.33	124200
2010-07-21	28.72	29.43	28.34	29.43	172600
2010-07-22	29.61	29.67	29.09	29.13	142600
2010-07-23	29.76	29.77	29.26	29.49	140500
2010-07-26	30.16	30.26	29.58	29.86	103000
2010-07-27	29.80	30.52	29.69	30.47	131400
2010-07-28	29.46	29.94	29.43	29.84	108400
2010-07-29	29.27	30.13	29.09	30.13	191600
2010-07-30	29.43	29.69	28.95	29.17	190900
2010-08-02	30.25	30.37	29.73	30.37	94700
2010-08-03	30.14	30.37	29.99	30.13	112400
2010-08-04	30.42	30.51	30.12	30.21	148100
2010-08-05	29.98	30.43	29.85	30.26	102300
2010-08-06	29.50	29.76	29.25	29.52	173500
2010-08-09	29.49	29.67	29.34	29.53	83000
2010-08-10	29.25	29.40	28.95	29.14	96600
2010-08-11	28.41	28.95	28.10	28.95	182200
2010-08-12	28.31	28.38	27.89	28.13	92500
2010-08-13	28.38	28.70	28.16	28.16	150400
2010-08-16	28.46	28.63	27.57	27.57	110700
2010-08-17	29.00	29.03	28.66	28.75	86900
2010-08-18	28.87	29.08	28.81	28.98	168100
2010-08-19	28.22	28.82	28.07	28.74	157300
2010-08-20	27.93	28.08	27.70	27.99	98100
2010-08-23	27.86	28.22	27.86	28.05	91500
2010-08-24	27.42	27.79	27.33	27.52	117200
2010-08-25	27.31	27.40	26.93	27.24	159400
2010-08-26	27.31	27.76	27.14	27.65	121100
2010-08-27	28.13	28.13	27.00	27.45	173600
2010-08-30	27.95	28.41	27.95	28.19	154100
2010-08-31	27.85	28.05	27.49	27.89	196300
2010-09-01	28.54	28.94	28.31	28.31	161800
2010-09-02	28.50	28.62	28.34	28.51	167800
2010-09-03	28.79	29.12	28.50	28.82	150300
2010-09-07	28.28	28.66	28.23	28.53	97100
2010-09-08	28.39	28.75	28.29	28.53	124300
2010-09-09	28.34	28.74	28.17	28.69	135200
2010-09-10	28.80	28.92	28.29	28.44	144600
2010-09-13	28.89	29.28	28.77	29.15	136000
2010-09-14	28.73	29.03	28.60	28.82	144900
2010-09-15	29.04	29.09	28.47	28.69	136600
2010-09-16	28.82	28.98	28.62	28.90	92400
2010-09-17	28.75	28.97	28.39	28.90	151600
2010-09-20	28.37	28.79	28.35	28.79	235000
2010-09-21	28.38	28.58	28.13	28.39	181600
2010-09-22	27.89	28.61	27.89	28.27	102400
2010-09-23	27.73	28.16	27.64	27.84	137200
2010-09-24	28.44	28.44	28.12	28.15	113600
2010-09-27	28.10	28.53	28.10	28.51	186100
2010-09-28	28.35	28.35	27.94	28.25	122900
2010-09-29	28.32	28.50	28.19	28.32	91600
2010-09-30	28.65	28.78	28.44	28.63	174500
2010-10-01	28.97	29.14	28.81	28.86	226200
2010-10-04	28.84	29.05	28.38	28.93	178500
2010-10-05	29.36	29.46	28.79	29.15	183300
2010-10-06	29.46	29.65	29.34	29.38	147900
2010-10-07	29.32	29.55	29.01	29.54	139200
2010-10-08	29.73	29.73	28.94	29.14	174800
2010-10-11	29.92	30.13	29.53	29.75	133600
2010-10-12	29.80	29.84	29.47	29.67	159400
2010-10-13	30.04	30.15	29.90	29.98	136000
2010-10-14	29.71	30.18	29.71	29.95	139500
2010-10-15	29.65	30.11	29.47	30.05	165800
2010-10-18	29.56	29.60	29.31	29.54	182500
2010-10-19	28.56	28.90	28.40	28.82	338300
2010-10-20	28.90	28.97	28.69	28.70	182200
2010-10-21	28.73	29.07	28.47	28.98	167500
2010-10-22	28.81	28.91	28.62	28.84	125900
2010-10-25	29.18	29.39	29.05	29.17	135100
2010-10-26	28.91	29.23	28.80	28.97	144700
2010-10-27	28.68	28.72	28.34	28.68	155700
2010-10-28	28.77	29.03	28.62	28.80	148300
2010-10-29	29.37	29.37	28.69	28.69	156400
2010-11-01	29.22	29.56	29.06	29.50	180500
2010-11-02	29.10	29.47	28.95	29.39	197100
2010-11-03	29.01	29.19	28.62	29.11	295100
2010-11-04	29.43	29.64	29.31	29.47	279600
2010-11-05	29.31	29.69	29.30	29.61	177100
2010-11-08	29.33	29.35	29.10	29.25	193900
2010-11-09	29.15	29.51	29.07	29.47	207200
2010-11-10	29.35	29.42	29.00	29.42	158400
2010-11-11	29.13	29.25	28.95	29.22	145600
2010-11-12	28.85	29.09	28.64	28.87	215200
2010-11-15	28.56	29.05	28.54	28.95	146900
2010-11-16	27.82	28.40	27.62	28.40	264900
2010-11-17	27.74	27.97	27.62	27.73	196600
2010-11-18	27.99	28.23	27.90	28.03	219700
2010-11-19	28.06	28.23	27.74	28.01	186000
2010-11-22	28.16	28.16	27.72	28.06	310500
2010-11-23	27.66	27.89	27.56	27.82	316100
2010-11-24	28.09	28.23	27.84	27.84	123800
2010-11-26	27.93	28.00	27.61	27.82	84500
2010-11-29	27.81	27.90	27.48	27.89	190600
2010-11-30	27.51	27.66	27.25	27.33	175200
2010-12-01	27.93	28.34	27.93	28.06	215000
2010-12-02	28.31	28.41	28.22	28.31	141200
2010-12-03	28.18	28.39	27.94	28.28	149100
2010-12-06	28.11	28.18	27.89	28.18	132300
2010-12-07	28.14	28.35	28.06	28.31	178800
2010-12-08	28.39	28.61	28.19	28.26	526100
2010-12-09	28.25	28.62	28.06	28.52	243200
2010-12-10	28.50	28.55	28.25	28.28	141700
2010-12-13	28.85	28.96	28.57	28.57	327400
2010-12-14	29.18	29.43	28.84	28.87	275000
2010-12-15	28.98	29.38	28.92	29.19	223000
2010-12-16	28.73	29.02	28.66	29.02	227200
2010-12-17	28.98	29.21	28.44	28.68	639000
2010-12-20	28.94	29.06	28.74	28.99	417800
2010-12-21	30.13	30.15	28.72	28.72	426800
2010-12-22	29.95	30.16	29.86	30.16	289500
2010-12-23	30.05	30.27	29.93	30.03	245200
2010-12-27	30.43	30.55	29.80	29.80	174600
2010-12-28	30.88	30.89	30.34	30.50	234800
2010-12-29	30.99	31.07	30.57	30.85	219500
2010-12-30	30.78	31.21	30.78	31.16	179600
2010-12-31	30.78	31.01	30.63	30.81	243200
2011-01-03	31.46	31.46	31.01	31.16	172400
2011-01-04	30.91	31.55	30.79	31.47	298700
2011-01-05	31.16	31.49	30.78	30.78	374800
2011-01-06	30.30	31.12	30.21	31.04	453700
2011-01-07	30.34	30.62	30.18	30.48	254700
2011-01-10	30.07	30.72	29.87	30.59	370000
2011-01-11	31.34	31.37	30.32	30.34	448900
2011-01-12	31.68	31.90	31.48	31.48	507000
2011-01-13	32.08	32.71	31.66	31.70	500500
2011-01-14	32.59	32.76	31.92	32.08	490100
2011-01-18	32.55	32.57	32.06	32.54	311900
2011-01-19	32.26	32.71	31.86	32.47	295600
2011-01-20	32.04	32.06	31.53	31.86	256800
2011-01-21	31.93	32.28	31.82	31.93	202200
2011-01-24	32.04	32.27	31.85	31.98	175800
2011-01-25	31.79	31.92	31.29	31.91	277500
2011-01-26	32.42	32.45	31.82	31.89	312900
2011-01-27	32.23	32.65	32.22	32.52	172200
2011-01-28	32.42	32.59	32.17	32.37	585200
2011-01-31	33.89	34.00	32.70	32.70	604900
2011-02-01	33.75	34.35	33.56	34.19	579100
2011-02-02	34.42	34.67	33.71	33.71	364800
2011-02-03	35.30	35.40	34.70	34.70	460000
2011-02-04	34.89	35.78	34.64	35.38	505900
2011-02-07	34.39	35.16	34.21	34.65	527300
2011-02-08	33.89	34.26	33.62	34.08	443300
2011-02-09	34.14	34.43	33.77	33.77	324600
2011-02-10	34.46	34.65	34.01	34.10	349500
2011-02-11	34.70	34.90	34.31	34.34	361500
2011-02-14	35.24	35.45	34.57	34.59	206300
2011-02-15	35.75	35.75	35.11	35.24	364100
2011-02-16	36.39	36.39	35.59	35.69	381900
2011-02-17	36.79	36.90	36.06	36.35	469300
2011-02-18	37.15	37.15	36.66	37.01	346600
2011-02-22	38.12	39.44	36.57	38.36	943900
2011-02-23	38.88	38.92	38.06	38.33	759500
2011-02-24	38.64	39.73	38.36	39.22	874300
2011-02-25	38.97	38.97	38.46	38.56	507400
2011-02-28	39.46	39.75	38.81	39.05	525200
2011-03-01	39.42	40.21	39.24	39.56	810000
2011-03-02	40.48	40.50	39.55	39.73	471600
2011-03-03	40.24	40.78	40.02	40.36	576800
2011-03-04	41.11	41.11	40.08	40.15	428500
2011-03-07	40.91	42.35	40.88	41.41	1704500
2011-03-08	40.15	41.59	40.02	41.13	657800
2011-03-09	40.04	40.26	39.68	40.16	538400
2011-03-10	38.84	39.70	38.69	39.51	571300
2011-03-11	39.02	39.37	38.23	38.46	385300
2011-03-14	38.61	38.98	38.20	38.48	442600
2011-03-15	37.92	38.14	36.67	36.67	472700
2011-03-16	38.43	39.23	37.66	37.74	965600
2011-03-17	39.59	39.74	38.97	39.19	360700
2011-03-18	38.61	40.00	38.61	39.98	436800
2011-03-21	39.41	39.95	39.13	39.50	259400
2011-03-22	39.28	39.60	39.03	39.42	153300
2011-03-23	38.78	39.61	38.72	39.11	389300
2011-03-24	38.26	39.16	38.08	39.07	691900
2011-03-25	38.83	39.06	38.42	38.42	285500
2011-03-28	38.27	39.08	38.23	38.86	284900
2011-03-29	39.20	39.32	38.26	38.27	304200
2011-03-30	39.06	39.99	39.03	39.41	319800
2011-03-31	38.88	39.72	38.79	39.38	338800
2011-04-01	39.98	40.38	39.34	39.40	335600
2011-04-04	40.51	40.51	39.79	40.05	228000
2011-04-05	41.01	41.11	40.43	40.53	338100
2011-04-06	40.40	41.24	40.40	41.17	358200
2011-04-07	40.71	40.97	40.37	40.53	325500
2011-04-08	41.86	41.87	41.20	41.28	465900
2011-04-11	40.48	41.87	40.24	41.87	336000
2011-04-12	39.60	40.05	38.96	40.05	411900
2011-04-13	39.63	40.33	39.22	40.08	318300
2011-04-14	39.51	39.70	39.23	39.44	298800
2011-04-15	39.38	39.48	39.12	39.12	249200
2011-04-18	38.55	38.96	37.87	38.85	364700
2011-04-19	39.13	39.42	38.81	39.16	349800
2011-04-20	39.75	39.99	39.34	39.51	361800
2011-04-21	40.41	40.64	39.90	39.90	502100
2011-04-25	39.92	40.68	39.51	40.48	200100
2011-04-26	39.72	40.24	39.63	40.02	240900
2011-04-27	40.34	40.39	38.99	39.85	589200
2011-04-28	40.05	40.35	39.03	40.02	414500
2011-04-29	40.24	40.28	39.42	39.86	383000
2011-05-02	39.53	40.72	39.38	40.28	461100
2011-05-03	38.66	39.56	38.12	39.55	317000
2011-05-04	37.96	38.50	37.24	38.45	461200
2011-05-05	36.83	37.25	36.51	37.22	706100
2011-05-06	36.73	37.85	36.14	37.27	634000
2011-05-09	37.08	37.36	36.43	36.91	347700
2011-05-10	37.16	37.59	36.96	37.19	340000
2011-05-11	36.06	37.07	35.83	36.91	360000
2011-05-12	35.87	36.19	35.26	35.82	468000
2011-05-13	35.55	35.97	35.07	35.97	390600
2011-05-16	35.22	35.93	35.00	35.45	410200
2011-05-17	35.40	35.55	34.83	35.02	736400
2011-05-18	36.37	36.70	35.29	35.33	440800
2011-05-19	36.43	36.87	36.00	36.61	313700
2011-05-20	36.57	36.85	35.68	36.05	525200
2011-05-23	35.23	36.10	34.78	35.78	444800
2011-05-24	36.14	36.44	35.46	35.60	616200
2011-05-25	36.65	36.89	35.78	35.87	375200
2011-05-26	37.26	37.40	36.34	36.45	545700
2011-05-27	37.18	37.85	36.99	37.33	487300
2011-05-31	37.83	38.28	37.29	38.11	453000
2011-06-01	36.38	38.00	36.38	37.78	529400
2011-06-02	35.86	36.62	35.48	36.45	490600
2011-06-03	36.03	36.24	34.84	35.20	441800
2011-06-06	35.45	36.27	35.32	36.08	386000
2011-06-07	35.63	36.17	35.55	35.67	441300
2011-06-08	35.55	36.01	35.44	35.55	470200
2011-06-09	35.59	35.93	35.43	35.74	363000
2011-06-10	35.13	35.45	34.65	35.45	411500
2011-06-13	34.80	35.18	34.29	34.90	403400
2011-06-14	35.69	35.93	35.11	35.13	479600
2011-06-15	34.92	35.74	34.65	35.35	455200
2011-06-16	34.78	35.08	34.45	34.82	319200
2011-06-17	34.53	35.21	34.24	35.01	438000
2011-06-20	34.14	34.48	34.00	34.13	625500
2011-06-21	34.70	34.74	34.19	34.37	1892200
2011-06-22	34.52	35.02	34.34	34.46	824700
2011-06-23	34.01	34.19	33.26	33.87	447100
2011-06-24	33.49	34.10	33.37	34.03	301700
2011-06-27	33.59	33.70	33.19	33.28	492600
2011-06-28	34.60	34.72	33.90	33.90	326500
2011-06-29	34.84	35.21	34.39	35.01	503700
2011-06-30	35.55	35.76	35.06	35.06	248800
2011-07-01	36.11	36.22	35.17	35.45	219300
2011-07-05	36.22	36.68	35.90	36.02	358300
2011-07-06	35.87	36.06	35.65	36.06	179300
2011-07-07	36.45	36.70	36.06	36.25	268700
2011-07-08	36.31	36.48	35.96	36.19	163000
2011-07-11	35.01	35.82	34.77	35.82	270800
2011-07-12	34.74	35.34	34.69	34.69	376100
2011-07-13	35.46	35.74	34.97	35.04	290600
2011-07-14	35.18	35.93	35.06	35.77	190000
2011-07-15	35.45	35.69	35.19	35.51	328200
2011-07-18	34.90	35.14	34.68	35.00	308700
2011-07-19	35.34	35.76	35.22	35.36	168900
2011-07-20	35.29	35.62	35.22	35.56	239200
2011-07-21	35.84	36.16	35.45	35.55	431300
2011-07-22	35.62	35.93	35.51	35.81	190500
2011-07-25	35.89	36.19	35.38	35.51	264500
2011-07-26	35.69	36.02	35.65	35.97	255400
2011-07-27	34.68	35.64	34.32	35.40	390100
2011-07-28	33.98	34.68	33.89	34.35	349800
2011-07-29	33.60	33.98	33.15	33.37	420800
2011-08-01	33.43	34.21	32.99	33.04	228700
2011-08-02	32.43	33.55	32.31	33.39	533100
2011-08-03	32.18	32.36	31.72	32.35	638600
2011-08-04	30.46	31.83	30.39	31.83	852400
2011-08-05	30.67	31.39	29.76	30.88	1117300
2011-08-08	29.26	30.07	29.08	29.25	938800
2011-08-09	30.75	30.88	29.24	29.91	1077500
2011-08-10	29.90	30.82	29.57	30.55	845400
2011-08-11	31.78	32.09	29.78	30.04	1273100
2011-08-12	31.98	32.43	31.69	32.24	515900
2011-08-15	32.39	32.80	32.12	32.29	294900
2011-08-16	31.99	32.28	31.77	32.01	290800
2011-08-17	32.29	32.82	32.07	32.26	245800
2011-08-18	30.48	31.31	30.10	31.20	466400
2011-08-19	29.90	30.89	29.84	30.10	408800
2011-08-22	29.92	30.91	29.76	30.73	601800
2011-08-23	30.48	30.71	29.97	30.26	582100
2011-08-24	30.94	31.21	30.23	30.52	537800
2011-08-25	30.17	31.50	30.11	31.23	410100
2011-08-26	29.97	30.23	29.58	29.94	534200
2011-08-29	30.49	30.65	30.07	30.49	366400
2011-08-30	30.88	31.07	30.23	30.46	576500
2011-08-31	31.36	31.89	31.05	31.17	573200
2011-09-01	31.55	31.85	31.15	31.63	867300
2011-09-02	30.61	31.08	30.51	30.78	456100
2011-09-06	29.84	29.94	28.94	29.64	381200
2011-09-07	30.75	30.88	30.16	30.26	325100
2011-09-08	30.16	30.81	30.11	30.58	301300
2011-09-09	29.16	29.74	28.88	29.64	374600
2011-09-12	28.89	29.12	28.51	28.76	420700
2011-09-13	28.98	29.12	28.74	28.93	393400
2011-09-14	29.44	29.77	28.76	29.00	417700
2011-09-15	29.78	29.93	29.54	29.88	374600
2011-09-16	29.51	29.87	29.44	29.75	251200
2011-09-19	28.86	29.15	28.56	28.89	294900
2011-09-20	29.00	29.30	28.67	29.04	303700
2011-09-21	28.39	29.12	28.39	28.97	435900
2011-09-22	27.16	27.46	26.41	27.46	596900
2011-09-23	27.14	27.35	26.80	27.00	325700
2011-09-26	27.77	27.85	26.95	27.25	431900
2011-09-27	28.77	29.54	28.47	28.58	468200
2011-09-28	27.26	28.79	27.26	28.72	388800
2011-09-29	27.88	28.08	27.34	27.81	347000
2011-09-30	27.63	27.87	27.02	27.10	419900
2011-10-03	25.56	27.19	25.56	27.14	901800
2011-10-04	26.18	26.28	24.62	25.32	988300
2011-10-05	27.39	28.42	26.04	26.32	1545800
2011-10-06	28.66	28.76	27.20	27.23	758500
2011-10-07	28.08	29.22	27.98	29.02	430200
2011-10-10	28.96	28.99	28.42	28.53	187000
2011-10-11	28.87	29.17	28.68	28.83	291900
2011-10-12	29.87	30.08	29.29	29.29	447500
2011-10-13	29.53	29.59	29.05	29.51	233000
2011-10-14	30.65	30.75	30.02	30.03	284900
2011-10-17	30.34	30.58	30.23	30.52	294900
2011-10-18	31.20	31.24	29.89	30.14	494500
2011-10-19	30.52	31.40	30.34	31.16	537800
2011-10-20	30.72	30.83	29.93	30.45	423400
2011-10-21	31.13	31.67	30.71	31.29	327000
2011-10-24	31.57	31.89	31.00	31.16	329900
2011-10-25	31.11	31.60	30.69	31.60	419200
2011-10-26	31.86	32.04	30.99	31.52	294300
2011-10-27	32.61	33.26	32.51	32.94	360000
2011-10-28	32.80	33.04	32.35	32.84	188900
2011-10-31	31.54	32.87	31.54	32.60	273300
2011-11-01	30.50	31.04	29.86	29.99	341600
2011-11-02	31.36	31.64	31.01	31.07	215900
2011-11-03	32.15	32.15	31.17	31.72	274700
2011-11-04	31.68	31.95	31.36	31.81	241300
2011-11-07	32.08	32.27	31.66	31.69	286400
2011-11-08	32.61	32.61	31.94	32.11	282100
2011-11-09	31.43	32.31	31.35	31.68	411300
2011-11-10	31.45	31.99	31.03	31.78	225100
2011-11-11	32.12	32.17	31.56	31.56	134500
2011-11-14	31.82	31.95	31.40	31.94	179600
2011-11-15	31.50	31.83	31.44	31.72	164300
2011-11-16	31.74	32.44	31.33	31.33	279000
2011-11-17	31.32	32.22	30.82	31.64	304200
2011-11-18	31.85	32.25	31.38	31.54	391200
2011-11-21	31.04	31.17	30.46	31.09	219100
2011-11-22	30.36	31.07	30.23	30.97	198300
2011-11-23	29.23	30.03	29.05	29.93	266200
2011-11-25	28.96	29.15	28.39	28.47	257800
2011-11-28	30.66	30.66	29.75	29.77	317100
2011-11-29	31.20	31.75	30.64	30.89	286000
2011-11-30	32.79	32.92	32.21	32.35	309000
2011-12-01	32.84	33.38	32.71	32.71	263200
2011-12-02	32.64	33.47	32.40	33.25	234200
2011-12-05	33.38	33.78	33.07	33.27	248500
2011-12-06	32.87	33.37	32.56	33.11	263400
2011-12-07	33.73	33.96	32.66	32.66	457000
2011-12-08	33.07	33.73	32.87	33.35	632300
2011-12-09	33.33	33.59	32.97	33.13	289100
2011-12-12	32.40	32.82	31.84	32.68	276400
2011-12-13	32.43	33.20	32.02	32.14	359600
2011-12-14	31.32	32.40	31.27	32.12	395300
2011-12-15	31.61	32.02	31.30	31.91	494800
2011-12-16	31.72	31.95	31.49	31.49	401300
2011-12-19	31.33	32.28	31.26	32.15	361000
2011-12-20	32.12	32.67	31.91	32.03	359200
2011-12-21	32.66	32.74	31.88	32.00	250300
2011-12-22	33.24	33.32	32.48	32.72	206000
2011-12-23	33.52	33.58	33.27	33.44	145100
2011-12-27	33.34	33.72	33.14	33.54	106200
2011-12-28	33.14	33.43	32.78	33.38	323400
2011-12-29	33.74	33.87	33.01	33.11	258800
2011-12-30	34.13	34.32	33.69	33.69	240900
2012-01-03	34.92	35.22	34.61	34.91	307600
2012-01-04	34.89	34.99	34.32	34.93	269400
2012-01-05	34.75	34.98	34.33	34.57	259200
2012-01-06	34.80	34.94	34.49	34.92	237600
2012-01-09	34.89	34.90	34.43	34.82	183600
2012-01-10	35.46	35.64	35.23	35.25	218500
2012-01-11	34.95	35.49	34.70	35.48	176400
2012-01-12	34.60	35.27	34.50	35.06	403200
2012-01-13	33.92	34.46	33.56	34.29	494300
2012-01-17	34.85	35.09	34.46	34.79	312700
2012-01-18	35.28	35.43	34.61	34.61	247000
2012-01-19	35.05	35.68	34.95	35.41	424600
2012-01-20	35.71	35.74	34.80	34.80	324100
2012-01-23	36.50	36.66	35.79	35.79	431700
2012-01-24	35.85	36.22	35.40	35.90	301100
2012-01-25	36.45	36.49	35.38	35.64	339000
2012-01-26	36.04	36.79	35.77	36.65	311800
2012-01-27	35.95	36.37	35.85	36.01	233100
2012-01-30	35.79	36.03	35.46	35.66	281000
2012-01-31	36.55	36.70	35.63	36.43	294500
2012-02-01	36.61	37.29	36.37	37.29	343900
2012-02-02	36.06	36.88	35.66	36.65	360700
2012-02-03	36.55	36.71	36.20	36.40	267100
2012-02-06	36.25	36.77	36.14	36.18	176200
2012-02-07	36.49	36.99	36.11	36.27	381100
2012-02-08	36.76	36.83	36.17	36.66	209800
2012-02-09	36.81	37.03	36.63	36.97	236400
2012-02-10	36.16	36.37	35.97	36.33	198100
2012-02-13	36.45	36.73	36.40	36.52	394400
2012-02-14	36.58	36.81	36.24	36.42	363500
2012-02-15	36.52	36.93	36.40	36.72	263900
2012-02-16	36.96	37.03	36.27	36.38	269200
2012-02-17	37.02	37.19	36.82	37.19	132100
2012-02-21	37.19	37.26	36.86	37.09	181200
2012-02-22	37.43	37.45	36.93	37.21	212900
2012-02-23	37.52	37.65	37.09	37.38	328000
2012-02-24	37.46	37.84	37.41	37.59	416000
2012-02-27	37.02	37.32	36.79	37.18	330600
2012-02-28	36.86	37.23	36.86	37.11	286900
2012-02-29	36.63	37.40	36.62	37.19	444000
2012-03-01	36.94	37.06	36.76	36.90	345200
2012-03-02	36.47	37.15	36.10	37.00	366400
2012-03-05	35.69	36.53	35.38	36.47	437200
2012-03-06	34.96	35.14	34.24	34.95	452900
2012-03-07	35.10	35.28	34.46	34.77	207300
2012-03-08	35.58	35.85	35.39	35.64	194500
2012-03-09	35.63	35.78	35.37	35.68	232900
2012-03-12	34.91	35.64	34.61	35.54	333300
2012-03-13	35.64	35.64	34.94	35.01	259700
2012-03-14	35.08	35.72	34.90	35.46	147000
2012-03-15	35.41	35.54	34.67	34.84	339400
2012-03-16	35.67	36.21	35.44	35.44	425900
2012-03-19	36.24	36.46	35.45	35.62	291300
2012-03-20	35.41	35.90	35.32	35.87	284600
2012-03-21	35.17	35.34	34.87	35.34	143800
2012-03-22	34.05	34.47	33.84	34.40	296000
2012-03-23	34.97	35.24	34.18	34.20	354200
2012-03-26	35.87	36.02	35.25	35.49	335200
2012-03-27	35.51	36.05	35.44	35.89	154000
2012-03-28	34.37	35.38	34.14	35.28	395000
2012-03-29	34.72	34.77	33.63	34.14	432200
2012-03-30	34.91	35.02	34.32	34.91	201000
2012-04-02	35.87	36.13	34.57	34.63	305500
2012-04-03	35.16	35.87	34.84	35.86	289700
2012-04-04	34.29	34.95	34.13	34.82	283800
2012-04-05	33.92	34.52	33.69	34.44	310000
2012-04-09	33.68	33.87	33.10	33.10	232000
2012-04-10	32.66	33.60	32.29	33.49	417800
2012-04-11	33.12	33.47	32.80	32.84	253900
2012-04-12	33.80	33.83	33.20	33.40	259200
2012-04-13	33.64	34.00	33.59	33.90	288500
2012-04-16	34.10	34.21	33.47	33.80	388200
2012-04-17	35.08	35.61	34.49	34.56	496300
2012-04-18	34.64	35.10	34.56	34.92	308700
2012-04-19	34.50	34.90	34.40	34.90	264000
2012-04-20	34.76	35.39	34.70	34.90	331100
2012-04-23	34.64	34.77	33.79	34.17	298400
2012-04-24	34.95	35.10	34.51	34.67	268900
2012-04-25	35.39	35.40	35.05	35.16	287600
2012-04-26	35.39	35.57	35.13	35.41	202300
2012-04-27	35.64	35.64	35.06	35.46	290100
2012-04-30	35.84	36.00	35.45	35.46	230900
2012-05-01	35.87	36.44	35.85	35.90	278000
2012-05-02	35.83	36.07	35.59	35.67	261600
2012-05-03	35.15	35.79	34.85	35.71	249600
2012-05-04	34.38	34.81	34.26	34.78	189400
2012-05-07	34.39	34.70	33.94	34.20	378900
2012-05-08	33.85	34.24	33.64	34.10	562900
2012-05-09	33.38	33.71	33.15	33.39	661800
2012-05-10	33.40	33.83	33.11	33.67	980000
2012-05-11	33.20	33.72	33.17	33.48	436400
2012-05-14	32.34	32.80	32.27	32.70	443400
2012-05-15	32.08	32.35	31.99	32.26	181700
2012-05-16	31.90	32.47	31.74	32.05	171100
2012-05-17	30.92	31.99	30.91	31.91	433200
2012-05-18	30.91	31.51	30.80	31.32	204400
2012-05-21	31.41	31.47	30.85	31.01	134800
2012-05-22	31.18	31.77	31.04	31.46	234900
2012-05-23	31.31	31.45	30.20	30.84	317000
2012-05-24	31.16	31.52	30.75	31.47	225200
2012-05-25	31.10	31.16	30.86	31.10	156000
2012-05-29	31.80	32.14	31.14	31.41	235600
2012-05-30	31.15	31.44	30.82	31.17	245400
2012-05-31	30.97	31.45	30.65	31.14	297100
2012-06-01	29.99	30.60	29.91	30.58	559700
2012-06-04	29.66	30.11	29.43	29.90	445100
2012-06-05	30.71	30.85	29.53	29.53	442000
2012-06-06	32.16	32.31	31.25	31.50	364100
2012-06-07	32.30	32.86	32.29	32.86	270800
2012-06-08	32.24	32.60	31.76	32.13	457300
2012-06-11	31.59	32.76	31.56	32.57	232600
2012-06-12	31.73	32.14	31.34	31.72	350300
2012-06-13	31.82	32.27	31.40	31.46	360000
2012-06-14	32.53	32.76	31.91	32.06	409000
2012-06-15	33.17	33.28	32.32	32.66	369700
2012-06-18	32.95	33.38	32.65	32.77	232200
2012-06-19	33.27	33.30	32.98	33.17	241500
2012-06-20	33.10	33.54	32.79	33.28	307600
2012-06-21	30.76	33.03	30.72	33.01	412600
2012-06-22	30.75	31.29	30.54	31.09	339600
2012-06-25	30.15	30.49	29.97	30.20	374700
2012-06-26	30.37	30.49	30.13	30.24	429000
2012-06-27	30.80	30.98	30.44	30.61	780100
2012-06-28	31.24	31.30	30.09	30.67	356400
2012-06-29	32.18	32.79	32.11	32.33	428100
2012-07-02	32.84	32.84	32.03	32.51	303700
2012-07-03	33.45	33.74	32.77	32.84	211100
2012-07-05	32.59	33.29	32.54	33.04	350100
2012-07-06	32.38	32.51	32.01	32.37	193700
2012-07-09	32.32	32.41	31.80	32.20	274000
2012-07-10	31.77	32.66	31.50	32.57	238400
2012-07-11	31.85	32.21	31.66	31.83	318200
2012-07-12	31.86	32.03	31.24	31.59	225400
2012-07-13	32.21	32.35	31.89	31.92	116500
2012-07-16	32.34	32.47	31.97	32.15	132100
2012-07-17	32.83	33.06	32.45	32.58	322200
2012-07-18	32.86	33.04	32.77	32.81	285000
2012-07-19	33.50	33.61	33.08	33.11	405800
2012-07-20	33.28	33.31	32.97	33.21	144600
2012-07-23	32.62	32.71	31.93	32.59	224000
2012-07-24	32.27	32.69	32.14	32.69	216700
2012-07-25	32.23	32.50	31.69	32.44	211600
2012-07-26	32.66	33.28	32.20	32.76	255000
2012-07-27	33.56	33.73	32.61	33.04	207300
2012-07-30	33.66	34.03	33.50	33.70	188700
2012-07-31	33.07	33.71	32.97	33.49	243400
2012-08-01	33.29	33.52	32.84	33.35	291800
2012-08-02	32.75	32.99	32.60	32.97	336700
2012-08-03	33.58	34.12	33.41	33.43	187800
2012-08-06	33.57	34.16	33.44	33.78	58000
2012-08-07	34.07	34.42	33.99	33.99	269500
2012-08-08	34.46	34.70	33.99	34.09	259600
2012-08-09	34.72	35.01	34.39	34.40	156600
2012-08-10	34.83	34.88	34.31	34.52	147800
2012-08-13	35.16	35.29	34.70	34.78	273900
2012-08-14	35.45	35.73	35.15	35.35	209400
2012-08-15	35.53	35.86	35.40	35.51	172300
2012-08-16	35.88	36.01	35.40	35.74	258200
2012-08-17	36.04	36.15	35.77	35.87	141700
2012-08-20	36.25	36.48	36.00	36.01	185600
2012-08-21	36.22	36.79	36.20	36.30	169800
2012-08-22	35.97	36.06	35.61	35.94	135600
2012-08-23	35.77	35.89	35.39	35.82	169900
2012-08-24	36.15	36.38	35.74	35.78	178900
2012-08-27	36.04	36.32	35.90	36.18	114300
2012-08-28	35.93	36.41	35.86	36.16	129500
2012-08-29	35.57	36.04	35.41	36.02	91300
2012-08-30	35.31	35.57	35.17	35.40	123300
2012-08-31	35.33	35.81	35.32	35.56	203900
2012-09-04	35.37	35.54	35.18	35.20	177900
2012-09-05	36.13	36.19	35.24	35.25	234300
2012-09-06	36.50	37.24	35.21	35.21	404300
2012-09-07	37.08	37.21	36.77	36.77	157000
2012-09-10	37.22	37.62	37.06	37.06	147300
2012-09-11	37.33	37.88	37.29	37.39	150600
2012-09-12	37.20	37.52	36.93	37.47	120700
2012-09-13	37.76	38.01	36.93	37.24	142900
2012-09-14	37.74	38.67	37.62	38.13	313200
2012-09-17	37.28	38.20	37.15	37.90	143900
2012-09-18	37.11	37.33	36.79	37.18	164700
2012-09-19	36.63	37.18	36.57	37.18	154100
2012-09-20	36.63	36.87	36.02	36.05	223900
2012-09-21	36.45	37.33	36.39	36.91	159800
2012-09-24	36.46	36.53	35.92	36.02	179000
2012-09-25	36.26	36.88	36.02	36.67	286900
2012-09-26	35.53	36.36	35.53	36.02	568100
2012-09-27	35.88	36.13	35.47	35.83	196600
2012-09-28	35.60	35.73	35.09	35.63	277400
2012-10-01	35.87	36.12	35.63	35.68	264400
2012-10-02	35.92	36.08	35.59	36.05	333200
2012-10-03	35.50	35.90	35.34	35.72	86700
2012-10-04	35.41	35.81	35.13	35.77	262500
2012-10-05	35.64	35.83	35.48	35.66	157500
2012-10-08	35.80	35.82	35.30	35.72	56500
2012-10-09	35.55	35.92	35.13	35.69	156900
2012-10-10	35.37	35.75	35.19	35.51	222100
2012-10-11	35.43	35.80	35.23	35.68	100900
2012-10-12	35.23	35.51	35.06	35.33	68300
2012-10-15	35.32	35.40	35.00	35.28	112200
2012-10-16	35.71	35.74	35.20	35.30	105000
2012-10-17	36.27	36.36	35.75	35.98	156300
2012-10-18	35.82	36.18	35.64	36.13	120900
2012-10-19	35.23	35.71	34.89	35.58	118900
2012-10-22	35.20	35.23	34.82	35.08	130300
2012-10-23	34.54	34.79	33.94	34.79	228200
2012-10-24	34.01	34.59	33.84	34.59	264100
2012-10-25	34.18	34.47	34.06	34.13	170300
2012-10-26	34.17	34.57	34.09	34.11	178300
2012-10-31	33.95	34.84	33.33	34.20	274300
2012-11-01	35.36	35.42	34.18	34.26	346300
2012-11-02	35.20	35.55	35.12	35.41	421400
2012-11-05	35.21	35.47	34.71	34.71	147500
2012-11-06	35.78	35.96	35.49	35.55	280900
2012-11-07	35.35	35.61	35.15	35.32	160500
2012-11-08	35.03	35.66	34.90	35.31	146600
2012-11-09	34.76	35.06	34.66	34.85	166800
2012-11-12	34.98	35.12	34.84	34.85	125400
2012-11-13	34.65	35.06	34.48	34.68	154700
2012-11-14	33.47	34.59	33.41	34.55	346400
2012-11-15	33.60	33.88	33.06	33.64	251000
2012-11-16	33.57	34.01	33.31	33.66	285000
2012-11-19	33.98	34.27	33.83	34.07	120700
2012-11-20	33.75	34.01	33.56	33.99	135800
2012-11-21	33.52	33.91	33.45	33.73	156600
2012-11-23	33.88	33.93	33.65	33.78	66000
2012-11-26	33.56	33.90	33.43	33.84	317500
2012-11-27	33.04	33.77	32.91	33.70	214600
2012-11-28	33.49	33.65	32.66	32.66	382600
2012-11-29	33.77	34.05	33.64	33.82	208200
2012-11-30	33.10	33.76	32.99	33.70	297700
2012-12-03	33.36	33.52	33.13	33.18	291700
2012-12-04	33.02	33.42	33.02	33.42	261100
2012-12-05	33.54	33.63	33.07	33.15	295200
2012-12-06	34.05	34.16	33.46	33.57	398100
2012-12-07	33.50	34.31	33.46	34.29	211400
2012-12-10	33.30	33.79	33.04	33.77	186100
2012-12-11	33.36	33.59	33.29	33.40	105500
2012-12-12	33.33	33.67	33.28	33.58	172600
2012-12-13	32.84	33.29	32.62	33.29	193800
2012-12-14	33.38	33.42	32.70	32.70	407600
2012-12-17	33.33	33.53	33.15	33.47	143900
2012-12-18	33.43	33.68	33.19	33.19	175100
2012-12-19	33.64	33.71	33.39	33.46	166600
2012-12-20	33.82	33.84	33.43	33.72	154900
2012-12-21	33.58	33.77	33.50	33.57	192900
2012-12-24	33.38	33.76	33.33	33.50	62400
2012-12-26	33.08	33.50	33.08	33.41	42900
2012-12-27	33.23	33.43	32.97	33.39	144800
2012-12-28	32.98	33.29	32.92	33.05	331900
2012-12-31	33.35	33.63	32.77	32.88	210700
2013-01-02	33.44	34.15	33.34	33.98	286400
2013-01-03	33.31	33.57	33.04	33.46	190300
2013-01-04	33.81	33.96	33.28	33.35	160700
2013-01-07	33.97	34.15	33.77	34.15	317800
2013-01-08	34.07	34.10	33.53	33.84	169300
2013-01-09	33.95	34.26	33.79	34.01	123900
2013-01-10	34.25	34.30	34.07	34.15	82200
2013-01-11	34.51	34.67	34.02	34.33	149800
2013-01-14	34.54	34.67	34.28	34.43	116900
2013-01-15	34.62	34.62	34.36	34.47	100200
2013-01-16	34.45	34.67	34.38	34.44	97200
2013-01-17	34.15	34.59	34.13	34.58	174600
2013-01-18	34.13	34.17	33.95	34.05	140900
2013-01-22	34.36	35.02	34.23	34.67	174900
2013-01-23	34.33	34.46	33.98	34.36	366900
2013-01-24	34.55	34.68	34.25	34.30	170800
2013-01-25	34.77	34.92	34.42	34.43	219100
2013-01-28	34.58	34.71	34.35	34.66	120400
2013-01-29	34.08	34.80	34.03	34.67	540000
2013-01-30	34.01	34.29	33.88	34.07	413400
2013-01-31	34.08	34.22	33.74	33.98	705500
2013-02-01	34.18	34.39	33.60	33.67	576000
2013-02-04	33.88	34.21	33.72	33.86	263200
2013-02-05	34.17	34.26	34.02	34.03	232200
2013-02-06	34.22	34.43	34.08	34.09	246100
2013-02-07	33.62	34.41	33.43	34.41	233700
2013-02-08	33.32	33.55	33.26	33.54	413100
2013-02-11	32.88	33.15	32.69	33.12	307600
2013-02-12	33.01	33.14	32.80	32.98	239500
2013-02-13	33.05	33.10	32.68	33.01	290700
2013-02-14	32.64	32.89	32.53	32.88	145500
2013-02-15	32.67	32.71	32.37	32.37	240500
2013-02-19	32.77	32.78	32.59	32.64	159200
2013-02-20	32.63	32.77	32.46	32.73	433300
2013-02-21	32.37	32.59	31.98	32.52	237000
2013-02-22	32.60	32.60	32.02	32.38	136000
2013-02-25	32.00	32.65	31.98	32.57	266100
2013-02-26	32.07	32.35	31.67	32.08	238700
2013-02-27	32.34	32.39	31.75	31.91	237000
2013-02-28	32.31	32.49	32.10	32.32	408800
2013-03-01	32.59	32.77	32.18	32.20	903400
2013-03-04	32.62	32.62	32.45	32.52	520600
2013-03-05	32.87	33.29	32.78	32.86	290400
2013-03-06	32.73	33.05	32.69	32.92	129200
2013-03-07	32.97	33.08	32.87	32.93	191300
2013-03-08	33.02	33.22	32.91	33.22	170000
2013-03-11	33.00	33.13	32.89	32.98	116400
2013-03-12	32.94	33.22	32.88	33.08	126700
2013-03-13	31.99	33.02	31.99	32.97	161000
2013-03-14	32.36	32.44	31.96	32.05	277600
2013-03-15	33.21	33.21	32.42	32.44	463800
2013-03-18	32.99	33.29	32.76	32.77	212400
2013-03-19	32.76	33.17	32.61	32.92	216600
2013-03-20	32.81	33.07	32.73	33.05	185100
2013-03-21	32.35	32.91	32.30	32.91	235600
2013-03-22	32.38	32.70	32.37	32.38	178200
2013-03-25	32.16	32.66	32.10	32.65	155300
2013-03-26	32.01	32.34	31.99	32.34	269400
2013-03-27	31.88	32.16	31.64	31.90	418900
2013-03-28	31.78	32.09	31.78	31.93	255800
2013-04-01	31.69	32.00	31.66	31.88	209100
2013-04-02	31.71	31.79	31.64	31.72	400200
2013-04-03	31.17	31.80	31.01	31.71	271600
2013-04-04	30.94	31.26	30.88	31.09	320800
2013-04-05	30.72	30.75	30.07	30.42	514000
2013-04-08	30.74	30.89	30.62	30.72	165700
2013-04-09	30.95	31.10	30.70	30.82	151100
2013-04-10	31.14	31.32	30.95	31.02	388900
2013-04-11	31.02	31.16	30.91	31.12	193500
2013-04-12	30.74	31.01	30.69	30.82	232200
2013-04-15	29.76	30.56	29.76	30.56	505700
2013-04-16	30.18	30.35	29.62	30.02	430900
2013-04-17	29.40	29.93	29.26	29.93	216500
2013-04-18	29.86	30.10	29.35	29.75	273300
2013-04-19	29.44	30.14	29.42	29.88	323300
2013-04-22	29.48	29.51	29.21	29.50	345200
2013-04-23	29.68	29.70	29.24	29.48	168800
2013-04-24	30.42	30.47	29.69	29.69	319800
2013-04-25	30.85	31.13	30.39	30.49	293800
2013-04-26	30.58	30.77	30.39	30.62	258600
2013-04-29	30.79	31.17	30.59	30.84	304900
2013-04-30	31.01	31.03	30.18	30.74	521300
2013-05-01	30.53	30.92	30.48	30.75	204400
2013-05-02	30.67	30.92	30.28	30.63	189800
2013-05-03	30.87	31.21	30.68	30.89	355700
2013-05-06	30.84	31.04	30.65	30.84	524400
2013-05-07	30.67	31.19	30.58	30.92	315200
2013-05-08	30.88	31.36	30.62	30.69	398700
2013-05-09	30.52	30.99	30.42	30.94	282100
2013-05-10	30.32	30.35	29.97	30.27	250300
2013-05-13	30.17	30.41	30.11	30.40	121300
2013-05-14	30.29	30.33	30.00	30.10	209700
2013-05-15	30.25	30.35	30.02	30.14	249100
2013-05-16	30.28	30.49	30.18	30.23	194000
2013-05-17	30.27	30.37	29.86	29.86	506800
2013-05-20	30.72	30.75	30.17	30.27	163500
2013-05-21	30.91	31.00	30.53	30.67	146500
2013-05-22	30.40	31.27	30.31	30.87	235400
2013-05-23	30.32	30.32	29.94	30.18	219800
2013-05-24	30.18	30.30	30.06	30.11	208100
2013-05-28	30.53	30.79	30.29	30.31	255000
2013-05-29	30.75	30.90	30.23	30.37	142500
2013-05-30	30.86	30.93	30.55	30.75	160000
2013-05-31	30.37	30.83	30.37	30.69	288600
2013-06-03	30.65	30.65	30.16	30.39	188200
2013-06-04	30.41	30.69	30.32	30.35	165800
2013-06-05	29.80	30.66	29.75	30.48	267600
2013-06-06	29.94	29.96	29.48	29.79	214400
2013-06-07	30.40	30.43	29.87	30.25	168100
2013-06-10	30.73	30.83	30.15	30.33	187200
2013-06-11	30.16	30.55	30.12	30.35	285000
2013-06-12	29.71	30.30	29.66	30.27	536300
2013-06-13	30.37	30.48	29.82	29.84	206200
2013-06-14	30.33	30.50	30.20	30.37	303700
2013-06-17	30.78	30.94	30.43	30.48	293500
2013-06-18	30.99	31.14	30.69	30.75	185800
2013-06-19	30.89	31.15	30.75	30.81	253300
2013-06-20	29.80	30.41	29.66	30.37	406200
2013-06-21	29.69	29.95	29.47	29.80	406300
2013-06-24	29.31	29.64	28.93	29.13	273600
2013-06-25	29.60	29.76	29.16	29.38	148500
2013-06-26	29.58	29.87	29.37	29.71	141900
2013-06-27	29.77	29.89	29.65	29.73	154000
2013-06-28	29.80	30.08	29.65	29.65	181300
2013-07-01	29.98	30.18	29.87	29.94	61900
2013-07-02	30.44	30.59	29.81	29.94	354600
2013-07-03	30.48	30.58	30.34	30.44	190400
2013-07-05	30.44	30.62	30.16	30.38	190700
2013-07-08	30.84	30.96	30.57	30.59	174800
2013-07-09	31.50	31.57	30.98	31.04	192800
2013-07-10	31.70	31.79	31.34	31.61	203900
2013-07-11	32.40	32.53	32.00	32.09	409800
2013-07-12	32.71	32.74	32.33	32.49	181000
2013-07-15	32.61	32.84	32.51	32.64	229900
2013-07-16	32.74	32.90	32.48	32.71	166900
2013-07-17	32.56	33.05	32.56	32.85	201800
2013-07-18	33.32	33.42	32.59	32.64	187700
2013-07-19	33.09	33.49	33.03	33.35	140700
2013-07-22	33.17	33.31	33.06	33.17	181700
2013-07-23	33.33	33.43	33.13	33.42	151900
2013-07-24	32.77	33.37	32.58	33.34	279200
2013-07-25	32.87	33.01	32.48	32.71	320600
2013-07-26	32.87	33.03	32.64	32.81	170300
2013-07-29	32.95	33.00	32.67	32.75	143500
2013-07-30	33.28	33.52	32.89	32.96	253400
2013-07-31	33.49	33.79	33.34	33.44	317800
2013-08-01	32.41	34.41	31.93	34.41	431700
2013-08-02	32.28	32.45	31.93	32.03	239400
2013-08-05	31.82	32.37	31.65	32.37	162600
2013-08-06	31.84	32.07	31.61	31.82	280600
2013-08-07	31.44	31.84	31.35	31.56	93800
2013-08-08	31.79	31.87	31.48	31.54	140000
2013-08-09	31.61	31.87	31.53	31.72	165200
2013-08-12	31.58	31.68	31.39	31.53	165400
2013-08-13	31.63	31.65	31.35	31.57	95100
2013-08-14	31.63	31.79	31.55	31.70	81700
2013-08-15	32.20	32.32	31.46	31.58	332800
2013-08-16	32.60	32.66	31.89	31.93	183800
2013-08-19	32.28	32.74	32.25	32.63	152800
2013-08-20	32.35	32.46	32.01	32.16	116200
2013-08-21	32.12	32.39	32.07	32.18	159700
2013-08-22	32.07	32.23	31.96	32.07	71600
2013-08-23	32.32	32.32	31.99	32.08	88100
2013-08-26	32.37	32.37	32.18	32.21	77700
2013-08-27	33.15	33.15	32.24	32.24	391400
2013-08-28	33.34	33.42	32.96	33.14	331600
2013-08-29	32.85	33.34	32.75	33.16	168700
2013-08-30	32.69	33.15	32.69	32.93	283100
2013-09-03	33.27	33.30	32.98	32.98	256700
2013-09-04	33.32	33.44	33.20	33.32	247800
2013-09-05	33.86	33.94	33.30	33.31	205400
2013-09-06	33.42	34.36	33.30	34.18	159400
2013-09-09	33.32	33.56	33.22	33.40	125100
2013-09-10	33.69	33.90	33.11	33.22	239400
2013-09-11	33.77	33.80	33.38	33.74	140300
2013-09-12	33.58	34.06	33.50	33.58	88300
2013-09-13	33.78	33.91	33.60	33.64	115100
2013-09-16	33.69	34.16	33.54	34.11	90300
2013-09-17	33.94	33.94	33.66	33.75	119800
2013-09-18	34.44	34.50	33.80	33.89	193900
2013-09-19	34.19	34.59	34.13	34.49	97500
2013-09-20	33.92	34.46	33.83	34.29	178600
2013-09-23	34.08	34.16	33.81	33.94	98100
2013-09-24	34.11	34.29	33.98	33.98	89700
2013-09-25	34.01	34.71	33.96	34.18	149300
2013-09-26	34.55	34.62	33.96	34.05	337600
2013-09-27	34.50	34.92	34.40	34.40	154200
2013-09-30	34.38	34.76	34.15	34.30	125600
2013-10-01	34.13	34.62	34.08	34.15	90800
2013-10-02	33.78	33.98	33.67	33.98	130800
2013-10-03	33.51	33.86	33.37	33.74	65300
2013-10-04	33.73	33.80	33.51	33.59	63600
2013-10-07	33.64	33.98	33.42	33.42	123000
2013-10-08	33.02	33.62	32.81	33.59	162100
2013-10-09	32.83	33.04	32.50	33.01	168100
2013-10-10	33.59	33.68	33.06	33.06	124500
2013-10-11	34.12	34.21	33.59	33.62	165500
2013-10-14	34.05	34.12	33.78	33.83	27200
2013-10-15	34.30	34.40	33.93	34.02	152500
2013-10-16	34.74	34.77	34.29	34.39	136200
2013-10-17	34.91	34.96	34.49	34.80	88600
2013-10-18	35.07	35.27	34.88	34.88	81300
2013-10-21	35.19	35.72	35.09	35.15	127400
2013-10-22	34.95	35.46	34.87	35.33	95400
2013-10-23	34.35	34.78	34.19	34.78	92700
2013-10-24	34.24	34.43	34.00	34.24	195200
2013-10-25	34.38	34.41	34.14	34.25	83200
2013-10-28	34.33	34.42	34.13	34.42	106500
2013-10-29	34.36	34.45	34.22	34.45	54100
2013-10-30	34.24	34.41	34.06	34.41	238300
2013-10-31	34.14	34.31	33.87	33.97	542300
2013-11-01	33.80	34.19	33.63	33.80	195700
2013-11-04	33.59	33.96	33.58	33.89	364600
2013-11-05	33.77	33.93	33.51	33.80	264800
2013-11-06	34.05	34.25	33.81	33.94	149100
2013-11-07	33.15	34.11	33.01	34.11	249900
2013-11-08	33.44	33.52	32.97	33.05	294100
2013-11-11	33.39	33.57	33.19	33.31	50300
2013-11-12	33.43	33.65	33.21	33.24	98700
2013-11-13	33.94	33.97	33.29	33.29	96800
2013-11-14	34.41	34.51	33.74	33.95	161700
2013-11-15	34.44	34.62	34.05	34.43	148100
2013-11-18	34.85	35.01	34.48	34.50	125600
2013-11-19	34.87	35.03	34.66	34.79	92300
2013-11-20	34.83	35.09	34.54	34.99	151800
2013-11-21	34.69	34.93	34.61	34.64	202900
2013-11-22	34.44	34.80	34.34	34.40	142800
2013-11-25	33.94	34.45	33.83	34.45	97800
2013-11-26	33.49	33.94	33.30	33.83	264700
2013-11-27	32.84	33.27	32.79	33.17	167500
2013-11-29	33.77	33.85	32.78	32.96	106200
2013-12-02	33.39	33.43	33.17	33.21	189200
2013-12-03	33.28	33.57	32.92	33.57	161600
2013-12-04	33.69	33.77	32.93	33.20	152700
2013-12-05	34.50	34.52	33.48	33.59	216700
2013-12-06	34.41	34.67	34.11	34.56	228200
2013-12-09	34.33	34.58	34.11	34.45	97500
2013-12-10	34.40	34.55	34.18	34.33	118200
2013-12-11	33.91	34.46	33.90	34.46	248700
2013-12-12	33.39	33.99	33.17	33.79	251300
2013-12-13	33.54	33.61	33.18	33.46	117900
2013-12-16	33.82	34.26	33.61	33.61	166700
2013-12-17	33.58	34.00	33.52	33.86	123400
2013-12-18	34.12	34.19	33.34	33.53	219000
2013-12-19	34.47	34.66	34.06	34.06	147800
2013-12-20	34.12	34.83	34.12	34.27	296600
2013-12-23	34.48	34.73	34.28	34.36	199400
2013-12-24	34.51	34.70	34.33	34.33	75300
2013-12-26	34.45	34.66	34.45	34.61	36100
2013-12-27	34.51	34.76	34.40	34.48	107000
2013-12-30	34.59	34.74	34.40	34.51	200600
2013-12-31	34.70	34.94	34.63	34.79	158200
2014-01-02	34.20	34.90	34.16	34.79	263200
2014-01-03	34.23	34.45	34.09	34.22	235400
2014-01-06	33.84	34.23	33.57	34.23	260000
2014-01-07	33.96	34.22	33.85	33.85	147100
2014-01-08	33.37	33.95	33.26	33.95	229200
2014-01-09	33.28	33.46	33.16	33.32	123000
2014-01-10	33.26	33.41	33.17	33.17	130300
2014-01-13	32.77	33.24	32.61	33.18	208700
2014-01-14	32.51	32.70	32.29	32.66	321800
2014-01-15	32.71	32.84	32.46	32.61	360900
2014-01-16	32.95	33.07	32.51	32.69	429500
2014-01-17	32.84	33.14	32.84	32.98	436400
2014-01-21	33.17	33.21	32.88	33.16	198700
2014-01-22	33.00	33.37	32.97	33.34	244600
2014-01-23	32.80	32.99	32.51	32.79	226400
2014-01-24	32.37	32.76	32.34	32.71	193800
2014-01-27	32.28	32.59	32.26	32.59	225800
2014-01-28	32.20	32.31	32.04	32.18	198200
2014-01-29	32.15	32.44	31.97	32.12	230900
2014-01-30	31.97	32.66	31.57	32.63	233200
2014-01-31	32.03	32.27	31.53	31.61	251200
2014-02-03	32.14	32.78	32.00	32.58	458900
2014-02-04	32.12	32.52	31.97	32.36	411400
2014-02-05	32.02	32.41	31.89	32.04	399000
2014-02-06	32.66	32.82	31.99	31.99	250200
2014-02-07	32.58	33.04	32.56	32.88	204000
2014-02-10	32.52	32.88	32.41	32.66	227100
2014-02-11	32.73	33.06	32.50	32.65	201000
2014-02-12	33.44	33.47	32.95	33.03	231300
2014-02-13	33.79	33.82	33.36	33.40	184600
2014-02-14	34.04	34.18	33.67	33.81	202200
2014-02-18	34.24	34.35	33.97	34.26	179100
2014-02-19	34.29	34.57	34.05	34.09	152200
2014-02-20	34.40	34.50	34.15	34.19	136400
2014-02-21	34.30	34.57	34.12	34.23	79400
2014-02-24	34.80	35.14	34.43	34.54	479200
2014-02-25	34.40	34.86	34.35	34.86	193500
2014-02-26	34.40	34.65	34.22	34.50	144300
2014-02-27	34.55	34.59	34.29	34.40	320800
2014-02-28	35.28	35.48	34.70	34.70	313300
2014-03-03	35.50	35.56	35.16	35.19	319600
2014-03-04	35.67	35.75	35.37	35.58	340300
2014-03-05	36.22	36.26	35.54	35.57	277000
2014-03-06	36.57	36.74	36.08	36.42	303300
2014-03-07	35.93	36.57	35.73	36.51	295500
2014-03-10	36.21	36.30	35.83	36.01	233100
2014-03-11	35.91	36.37	35.91	36.22	396400
2014-03-12	36.14	36.16	35.49	35.69	348200
2014-03-13	36.12	36.48	36.01	36.20	425500
2014-03-14	36.14	36.22	35.92	36.05	449100
2014-03-17	36.37	36.97	36.12	36.44	266900
2014-03-18	35.98	36.48	35.97	36.17	235600
2014-03-19	35.48	35.91	35.32	35.83	304500
2014-03-20	35.67	35.77	35.23	35.42	316200
2014-03-21	35.68	36.15	35.67	35.90	338600
2014-03-24	35.94	36.00	35.58	35.78	137800
2014-03-25	36.08	36.17	35.92	36.04	212100
2014-03-26	36.12	36.28	35.90	36.21	223800
2014-03-27	36.27	36.36	35.93	35.96	166600
2014-03-28	36.61	36.86	36.27	36.30	128300
2014-03-31	36.61	37.03	36.60	36.69	257300
2014-04-01	36.97	37.01	36.59	36.61	218400
2014-04-02	36.83	36.83	36.32	36.70	297600
2014-04-03	36.82	36.84	36.54	36.84	201100
2014-04-04	36.79	37.06	36.63	36.96	147300
2014-04-07	36.26	36.78	36.19	36.78	126000
2014-04-08	37.00	37.03	36.27	36.31	299400
2014-04-09	37.50	37.55	36.76	37.03	184000
2014-04-10	37.17	37.47	37.06	37.46	190800
2014-04-11	37.02	37.25	36.68	37.00	144100
2014-04-14	37.18	37.30	36.85	37.30	104300
2014-04-15	37.23	37.33	36.93	37.12	204800
2014-04-16	37.09	37.37	37.06	37.36	286500
2014-04-17	37.15	37.26	37.00	37.00	182300
2014-04-21	37.39	37.44	36.97	37.04	397900
2014-04-22	37.16	37.53	37.15	37.53	225500
2014-04-23	37.49	37.61	37.18	37.20	232000
2014-04-24	37.88	37.92	37.44	37.51	481000
2014-04-25	37.73	37.88	37.50	37.81	234100
2014-04-28	37.62	37.87	37.42	37.87	363400
2014-04-29	38.35	38.84	37.83	37.83	191500
2014-04-30	38.38	38.79	38.14	38.39	269700
2014-05-01	38.50	38.51	37.64	38.11	258200
2014-05-02	38.29	38.50	37.91	38.13	233100
2014-05-05	38.47	38.51	37.64	38.20	227400
2014-05-06	38.89	38.99	38.49	38.62	318700
2014-05-07	38.79	39.00	38.62	38.88	294900
2014-05-08	38.26	38.89	38.25	38.88	126000
2014-05-09	38.04	38.12	37.84	38.09	147100
2014-05-12	38.43	38.43	38.14	38.21	123800
2014-05-13	38.40	38.50	38.11	38.40	154200
2014-05-14	38.62	38.80	38.39	38.51	99300
2014-05-15	38.37	38.66	38.10	38.52	121600
2014-05-16	38.37	38.58	38.29	38.48	154300
2014-05-19	38.28	38.51	38.28	38.36	71800
2014-05-20	38.33	38.54	38.10	38.11	167500
2014-05-21	38.70	38.72	38.27	38.31	140800
2014-05-22	38.98	39.21	38.62	38.71	124700
2014-05-23	38.99	39.14	38.83	38.99	88000
2014-05-27	39.22	39.29	38.68	39.19	208600
2014-05-28	39.11	39.29	38.78	39.27	207100
2014-05-29	38.88	39.39	38.66	39.26	240700
2014-05-30	38.72	38.88	38.48	38.79	160900
2014-06-02	38.83	39.07	38.62	38.63	105600
2014-06-03	39.03	39.07	38.46	38.71	160000
2014-06-04	39.06	39.12	38.58	39.02	100800
2014-06-05	38.74	39.20	38.74	39.10	133100
2014-06-06	38.94	39.07	38.61	38.77	196600
2014-06-09	39.29	39.34	38.98	38.99	233700
2014-06-10	39.27	39.31	38.99	39.25	112400
2014-06-11	39.90	39.96	39.29	39.30	276400
2014-06-12	40.22	40.37	40.03	40.05	188500
2014-06-13	40.50	40.52	40.18	40.24	100600
2014-06-16	40.78	40.91	40.37	40.44	140500
2014-06-17	40.68	40.78	40.44	40.74	117300
2014-06-18	40.99	41.00	40.65	40.76	186400
2014-06-19	41.14	41.19	40.95	41.08	94000
2014-06-20	41.52	41.64	41.41	41.63	218500
2014-06-23	41.82	41.86	41.26	41.69	117100
2014-06-24	40.74	41.82	40.69	41.82	153300
2014-06-25	40.86	41.21	40.74	40.81	173200
2014-06-26	41.35	41.49	40.78	40.83	130400
2014-06-27	41.72	41.72	41.03	41.48	134400
2014-06-30	41.49	41.64	41.16	41.61	128000
2014-07-01	41.99	42.03	41.54	41.79	94500
2014-07-02	42.44	42.45	41.45	41.78	219400
2014-07-03	42.59	42.61	42.31	42.53	73400
2014-07-07	42.05	42.38	41.66	42.34	157600
2014-07-08	42.37	42.54	41.75	41.92	212500
2014-07-09	42.57	42.64	42.06	42.27	131100
2014-07-10	42.27	42.38	41.90	42.13	226600
2014-07-11	41.55	42.14	41.48	42.14	181300
2014-07-14	41.95	41.97	41.60	41.71	629900
2014-07-15	41.49	41.86	41.26	41.82	189200
2014-07-16	42.01	42.07	41.63	41.63	174700
2014-07-17	41.75	42.24	41.60	42.00	114200
2014-07-18	42.24	42.39	41.71	41.76	117100
2014-07-21	41.86	42.13	41.65	42.13	127600
2014-07-22	42.08	42.13	41.52	41.69	235200
2014-07-23	42.37	42.43	41.86	42.05	106900
2014-07-24	42.42	42.46	41.93	42.38	80500
2014-07-25	41.84	42.31	41.79	42.31	79600
2014-07-28	41.59	41.90	41.38	41.90	206900
2014-07-29	41.08	41.75	41.05	41.50	147200
2014-07-30	40.83	41.36	40.67	40.97	198400
2014-07-31	40.48	40.70	40.00	40.70	343400
2014-08-01	39.75	40.43	39.61	40.22	210400
2014-08-04	40.09	40.26	39.75	39.95	105000
2014-08-05	39.27	40.22	38.98	39.80	291000
2014-08-06	39.11	39.52	38.77	39.14	290100
2014-08-07	38.69	39.23	38.31	38.98	212200
2014-08-08	38.95	39.13	38.54	38.63	201300
2014-08-11	38.94	39.23	38.67	39.21	287300
2014-08-12	39.04	39.09	38.62	38.90	238300
2014-08-13	38.95	39.21	38.80	39.15	111400
2014-08-14	39.13	39.18	38.86	39.15	163900
2014-08-15	39.43	39.47	38.79	39.41	208200
2014-08-18	39.70	39.73	39.27	39.58	137000
2014-08-19	40.14	40.25	39.44	39.69	196100
2014-08-20	40.40	40.41	39.89	40.18	154100
2014-08-21	40.88	40.90	40.36	40.54	201800
2014-08-22	40.90	40.98	40.38	40.93	158900
2014-08-25	41.15	41.22	40.75	40.87	87600
2014-08-26	41.41	41.49	41.17	41.36	84300
2014-08-27	41.63	41.78	41.24	41.65	139300
2014-08-28	41.72	41.88	41.40	41.52	120400
2014-08-29	41.98	42.02	41.56	41.89	121600
2014-09-02	41.02	41.97	41.02	41.83	204600
2014-09-03	41.37	41.56	41.09	41.15	75200
2014-09-04	41.03	41.59	40.91	41.59	151000
2014-09-05	41.25	41.25	40.90	41.03	120800
2014-09-08	40.24	41.14	40.04	41.08	127700
2014-09-09	40.29	40.41	39.98	40.21	137700
2014-09-10	40.58	40.61	40.11	40.33	192300
2014-09-11	40.01	40.59	39.93	40.22	140200
2014-09-12	39.80	40.01	39.58	39.91	100800
2014-09-15	39.93	39.94	39.43	39.75	155200
2014-09-16	40.61	41.22	40.07	40.10	169700
2014-09-17	40.08	40.63	40.01	40.63	149400
2014-09-18	40.24	40.39	40.08	40.31	97700
2014-09-19	39.35	40.31	39.00	40.28	249000
2014-09-22	38.17	39.31	38.16	39.09	185900
2014-09-23	38.25	38.62	38.02	38.14	199200
2014-09-24	38.07	38.32	37.57	38.10	194600
2014-09-25	37.15	37.83	37.08	37.80	184500
2014-09-26	37.74	37.83	37.07	37.23	118400
2014-09-29	37.93	38.09	37.11	37.46	346800
2014-09-30	37.31	37.80	37.02	37.74	234400
2014-10-01	36.91	37.50	36.68	37.22	245000
2014-10-02	36.95	37.14	36.30	36.81	362300
2014-10-03	36.70	36.92	36.45	36.92	361200
2014-10-06	37.17	37.37	36.89	36.89	168000
2014-10-07	36.54	37.11	36.47	36.90	178200
2014-10-08	36.54	36.62	35.63	36.42	220600
2014-10-09	35.42	36.38	35.33	36.38	172800
2014-10-10	35.10	35.50	34.28	35.16	250200
2014-10-13	34.59	35.80	34.57	35.50	107600
2014-10-14	34.55	35.77	34.51	34.77	335500
2014-10-15	35.15	35.20	33.78	34.17	498200
2014-10-16	36.03	36.32	34.28	34.43	352700
2014-10-17	36.06	36.70	35.91	36.51	253000
2014-10-20	35.96	36.30	35.52	36.06	153500
2014-10-21	36.92	37.00	36.27	36.36	220600
2014-10-22	35.86	37.10	35.83	37.10	182300
2014-10-23	36.51	37.11	36.16	36.47	183100
2014-10-24	36.25	36.60	36.06	36.53	169500
2014-10-27	35.87	35.98	35.05	35.73	243900
2014-10-28	37.01	37.07	36.03	36.07	155100
2014-10-29	36.66	37.53	36.28	37.26	183700
2014-10-30	36.49	36.59	35.87	36.41	296700
2014-10-31	37.83	37.83	36.24	36.68	356800
2014-11-03	36.88	38.43	36.74	38.21	400700
2014-11-04	35.64	36.71	35.63	36.71	384000
2014-11-05	36.78	37.07	35.73	35.90	306900
2014-11-06	37.05	37.14	35.98	36.74	169000
2014-11-07	37.64	37.85	37.25	37.28	148500
2014-11-10	37.53	38.62	37.37	38.12	222100
2014-11-11	37.45	37.81	36.88	37.13	218500
2014-11-12	37.81	38.19	37.18	37.29	241500
2014-11-13	37.62	37.95	37.15	37.71	192300
2014-11-14	37.93	38.14	37.53	37.75	115700
2014-11-17	37.91	38.26	37.71	37.86	152500
2014-11-18	37.90	38.17	37.70	37.96	92800
2014-11-19	37.61	37.97	37.28	37.95	222200
2014-11-20	38.38	38.38	37.60	37.64	136700
2014-11-21	38.97	39.11	38.71	39.03	131000
2014-11-24	38.54	39.15	38.33	39.01	130100
2014-11-25	38.71	38.90	38.20	38.90	234400
2014-11-26	38.66	38.96	38.53	38.62	247500
2014-11-28	34.44	35.85	34.37	35.85	375800
2014-12-01	35.29	35.37	33.70	34.21	444500
2014-12-02	35.93	36.69	35.18	35.29	347400
2014-12-03	37.01	37.35	36.39	36.63	284000
2014-12-04	36.84	37.17	36.17	36.83	319100
2014-12-05	36.24	36.79	35.99	36.79	343400
2014-12-08	34.02	35.52	33.75	35.52	366300
2014-12-09	34.01	35.06	33.91	34.00	332700
2014-12-10	33.17	33.54	32.79	33.54	347500
2014-12-11	32.85	34.01	32.72	33.00	429900
2014-12-12	32.50	33.31	32.26	32.37	296300
2014-12-15	31.61	32.67	31.01	32.59	474600
2014-12-16	32.59	33.26	31.34	31.34	822000
2014-12-17	33.90	34.57	32.20	32.57	1562100
2014-12-18	34.11	35.14	33.31	34.79	606100
2014-12-19	35.05	35.36	33.80	34.01	1015100
2014-12-22	34.68	34.94	34.15	34.76	262100
2014-12-23	35.18	35.26	34.65	35.03	180800
2014-12-24	34.91	35.20	34.44	35.10	95100
2014-12-26	34.72	35.34	34.40	34.99	65200
2014-12-29	34.45	35.45	34.45	34.97	203800
2014-12-30	34.38	34.78	33.96	34.24	201500
2014-12-31	34.09	34.59	33.59	34.45	204700
2015-01-02	33.77	34.34	33.58	33.90	297500
2015-01-05	32.33	33.43	31.77	33.26	544000
2015-01-06	31.61	32.47	31.33	31.94	275200
2015-01-07	31.70	32.13	31.45	31.83	210300
2015-01-08	32.30	32.39	31.86	32.17	283900
2015-01-09	31.94	32.26	31.66	32.11	149800
2015-01-12	30.04	31.32	29.84	31.32	444400
2015-01-13	29.72	30.50	29.58	30.00	420000
2015-01-14	29.96	30.23	29.22	29.37	371000
2015-01-15	29.61	30.53	29.61	30.26	372100
2015-01-16	31.40	31.56	29.81	29.81	474900
2015-01-20	29.92	30.50	29.76	30.50	407200
2015-01-21	30.18	31.01	29.99	30.36	275100
2015-01-22	30.10	30.29	29.71	30.24	203100
2015-01-23	30.17	30.70	29.83	30.24	361500
2015-01-26	30.50	30.64	29.75	30.37	359700
2015-01-27	31.15	31.22	30.49	30.76	321200
2015-01-28	29.53	31.06	29.52	31.01	594300
2015-01-29	28.93	30.05	28.68	29.74	304800
2015-01-30	29.40	29.99	28.40	28.70	395000
2015-02-02	31.07	31.49	30.26	30.57	684700
2015-02-03	32.38	32.46	31.54	31.72	629500
2015-02-04	31.25	31.92	30.64	31.92	654700
2015-02-05	32.34	32.59	31.77	31.78	392300
2015-02-06	32.16	32.60	31.81	32.60	246600
2015-02-09	31.99	32.38	31.71	31.92	362100
2015-02-10	31.33	32.02	30.94	32.01	265300
2015-02-11	31.10	31.67	30.75	30.96	294400
2015-02-12	32.25	32.25	31.52	31.52	195400
2015-02-13	32.55	33.17	32.32	32.67	230800
2015-02-17	32.54	32.79	32.04	32.71	212000
2015-02-18	31.81	32.28	31.70	31.89	272000
2015-02-19	31.48	31.68	30.90	31.18	358300
2015-02-20	30.67	31.61	30.66	31.44	307100
2015-02-23	30.95	31.20	29.99	30.41	349900
2015-02-24	31.22	31.25	30.83	31.10	235100
2015-02-25	31.27	31.43	30.90	31.22	190800
2015-02-26	30.67	31.05	30.64	30.88	245900
2015-02-27	30.61	30.98	30.60	30.76	499500
2015-03-02	30.34	30.55	30.06	30.55	270300
2015-03-03	30.88	31.12	30.40	30.47	279300
2015-03-04	30.67	30.90	30.34	30.63	208900
2015-03-05	30.09	30.68	30.09	30.65	308500
2015-03-06	29.62	30.05	29.37	29.77	242200
2015-03-09	29.29	29.69	29.08	29.64	310000
2015-03-10	28.83	29.23	28.69	28.81	213700
2015-03-11	29.11	29.28	28.69	28.95	158600
2015-03-12	29.23	29.46	29.08	29.38	232000
2015-03-13	28.88	28.96	28.35	28.73	275700
2015-03-16	29.17	29.28	28.55	28.87	270700
2015-03-17	29.49	29.68	28.67	28.67	365700
2015-03-18	30.51	30.80	28.96	29.31	302100
2015-03-19	29.54	29.89	29.42	29.86	190800
2015-03-20	30.59	30.63	30.11	30.31	309900
2015-03-23	31.63	31.69	30.58	30.66	574400
2015-03-24	32.12	32.33	31.57	31.71	353500
2015-03-25	32.16	32.82	32.10	32.55	274900
2015-03-26	32.44	33.02	32.19	32.76	243900
2015-03-27	31.85	32.64	31.72	32.41	286900
2015-03-30	32.17	32.42	31.89	31.89	355000
2015-03-31	31.68	32.11	31.65	31.66	365600
2015-04-01	32.00	32.28	31.66	31.66	218900
2015-04-02	32.44	32.59	31.92	31.92	189100
2015-04-06	32.97	33.30	32.62	32.81	211200
2015-04-07	33.06	33.46	32.79	32.94	214600
2015-04-08	32.96	33.48	32.85	33.29	231500
2015-04-09	33.56	33.85	33.22	33.22	269600
2015-04-10	33.84	33.87	33.46	33.71	167100
2015-04-13	34.08	34.25	33.84	34.06	266800
2015-04-14	34.64	35.14	34.61	34.71	513000
2015-04-15	35.54	35.64	34.70	34.79	398700
2015-04-16	35.81	36.00	35.04	35.61	307600
2015-04-17	35.40	35.84	35.13	35.79	287000
2015-04-20	35.76	36.01	35.37	35.64	332900
2015-04-21	35.31	35.88	34.96	35.88	139800
2015-04-22	35.53	35.62	35.07	35.27	237300
2015-04-23	36.04	36.22	35.53	35.68	190000
2015-04-24	35.41	36.08	35.33	35.90	228900
2015-04-27	35.64	35.84	35.33	35.50	230100
2015-04-28	35.47	35.71	35.18	35.48	257200
2015-04-29	35.51	35.65	35.18	35.42	322200
2015-04-30	35.06	35.51	34.83	35.51	273100
2015-05-01	34.40	35.01	34.17	34.97	279300
2015-05-04	34.27	34.52	34.04	34.52	268400
2015-05-05	33.98	34.83	33.87	34.56	258600
2015-05-06	33.04	33.88	32.96	33.79	493600
2015-05-07	32.71	33.11	32.28	33.11	530600
2015-05-08	32.96	33.10	32.60	33.06	263200
2015-05-11	32.81	33.06	32.63	32.98	614100
2015-05-12	32.67	33.13	32.62	32.75	215500
2015-05-13	32.65	32.97	32.44	32.93	180900
2015-05-14	32.32	32.86	32.32	32.86	105600
2015-05-15	32.28	32.36	31.86	32.10	198600
2015-05-18	31.86	32.85	31.77	32.56	130000
2015-05-19	31.61	31.61	31.23	31.50	256600
2015-05-20	32.02	32.17	31.72	31.72	330800
2015-05-21	32.87	33.21	31.97	32.08	511700
2015-05-22	32.56	32.64	32.20	32.50	166000
2015-05-26	31.34	31.87	31.16	31.86	232900
2015-05-27	31.01	31.22	30.90	31.22	226500
2015-05-28	31.17	31.22	30.61	30.89	217000
2015-05-29	31.15	31.26	30.70	30.89	149300
2015-06-01	31.36	31.38	30.75	31.23	339600
2015-06-02	31.70	32.16	31.49	31.56	343600
2015-06-03	31.53	31.85	31.49	31.64	172000
2015-06-04	31.35	31.46	30.92	31.37	496300
2015-06-05	31.23	31.68	30.94	31.10	211700
2015-06-08	30.84	31.21	30.56	31.18	305800
2015-06-09	31.54	31.74	31.09	31.19	318500
2015-06-10	31.81	32.26	31.68	32.01	233600
2015-06-11	31.52	31.89	31.37	31.89	162700
2015-06-12	30.65	31.10	30.62	31.08	155700
2015-06-15	30.64	30.71	30.31	30.40	278700
2015-06-16	30.75	30.80	30.34	30.62	137900
2015-06-17	31.07	31.34	30.67	30.96	221600
2015-06-18	30.88	31.42	30.79	31.30	144200
2015-06-19	30.33	30.90	30.22	30.43	222400
2015-06-22	31.10	31.50	30.46	30.65	314100
2015-06-23	31.47	31.61	30.99	31.03	333300
2015-06-24	31.95	32.06	31.33	31.43	460900
2015-06-25	31.72	32.17	31.61	31.92	687500
2015-06-26	31.92	31.98	31.36	31.72	475300
2015-06-29	30.88	31.46	30.68	31.41	297700
2015-06-30	30.76	31.20	30.71	31.04	272400
2015-07-01	30.26	30.97	30.00	30.78	256500
2015-07-02	30.62	30.75	30.17	30.33	158900
2015-07-06	29.79	30.04	29.60	29.86	306700
2015-07-07	29.92	30.00	29.02	29.67	340300
2015-07-08	29.79	30.20	29.45	29.47	320400
2015-07-09	29.21	30.39	29.21	30.26	358300
2015-07-10	29.24	29.62	28.83	29.48	373600
2015-07-13	29.36	29.54	29.05	29.32	477600
2015-07-14	29.47	29.59	29.11	29.33	227300
2015-07-15	29.02	29.78	28.82	29.16	276500
2015-07-16	28.93	29.35	28.78	29.18	343800
2015-07-17	28.75	28.90	28.57	28.90	203800
2015-07-20	28.12	28.75	28.01	28.65	234500
2015-07-21	28.25	28.53	28.14	28.24	165400
2015-07-22	28.01	28.12	27.50	28.00	186000
2015-07-23	28.08	28.16	27.64	28.04	311300
2015-07-24	27.89	28.27	27.64	28.11	343900
2015-07-27	27.57	27.89	27.40	27.61	260900
2015-07-28	28.20	28.27	27.38	27.58	440500
2015-07-29	28.68	28.79	27.90	28.19	322100
2015-07-30	29.65	29.73	28.63	28.66	467600
2015-07-31	29.49	29.96	29.18	29.84	506900
2015-08-03	28.78	29.43	28.67	29.24	477400
2015-08-04	28.82	29.48	28.80	28.80	385200
2015-08-05	28.96	29.40	28.69	29.09	352900
2015-08-06	29.48	29.53	28.68	28.87	386200
2015-08-07	29.03	29.47	28.88	29.46	248000
2015-08-10	29.95	30.05	28.87	29.06	290300
2015-08-11	29.95	29.95	29.14	29.55	418800
2015-08-12	29.95	30.28	29.60	30.07	287500
2015-08-13	29.16	29.80	28.82	29.63	361700
2015-08-14	29.26	29.62	29.15	29.38	291300
2015-08-17	28.92	29.14	28.75	29.01	181700
2015-08-18	28.99	29.22	28.49	28.87	269800
2015-08-19	28.12	28.87	27.72	28.79	360600
2015-08-20	27.66	28.13	27.61	27.95	214200
2015-08-21	27.09	28.00	27.09	27.43	332500
2015-08-24	26.05	26.87	25.58	25.58	1214900
2015-08-25	25.30	26.94	25.25	26.76	873600
2015-08-26	25.32	25.93	25.16	25.76	1239400
2015-08-27	26.47	26.57	25.72	25.75	2114900
2015-08-28	27.46	27.79	25.96	25.96	673900
2015-08-31	28.08	28.27	26.11	27.08	625500
2015-09-01	26.88	27.56	26.66	27.34	434900
2015-09-02	26.84	27.21	25.92	27.08	523700
2015-09-03	26.47	27.59	26.33	26.79	665300
2015-09-04	26.35	26.58	25.97	25.98	284500
2015-09-08	26.69	26.99	26.38	26.69	229500
2015-09-09	25.94	27.14	25.88	26.75	287500
2015-09-10	26.10	26.36	25.66	25.96	213900
2015-09-11	25.38	25.90	25.36	25.80	253700
2015-09-14	24.96	25.35	24.73	25.35	445200
2015-09-15	24.50	25.56	24.45	25.14	584500
2015-09-16	25.64	25.71	24.81	24.81	661400
2015-09-17	25.80	26.24	25.06	25.60	553300
2015-09-18	25.48	25.74	25.02	25.61	408500
2015-09-21	25.94	26.15	25.43	25.61	398000
2015-09-22	25.68	25.82	25.34	25.56	277500
2015-09-23	24.80	25.99	24.77	25.82	347500
2015-09-24	24.80	24.87	24.25	24.27	519200
2015-09-25	24.99	25.12	24.70	25.08	402500
2015-09-28	24.58	24.91	24.56	24.78	301300
2015-09-29	24.91	25.21	24.59	24.64	235000
2015-09-30	25.26	25.58	24.73	25.08	366000
2015-10-01	24.90	26.02	24.71	25.88	393200
2015-10-02	25.43	25.50	24.78	24.78	347200
2015-10-05	25.90	26.21	25.67	25.81	513900
2015-10-06	26.93	27.03	25.88	25.93	366200
2015-10-07	26.84	27.85	26.65	27.25	493800
2015-10-08	27.76	27.92	26.73	26.86	352000
2015-10-09	28.17	28.28	27.77	27.83	408100
2015-10-12	27.53	28.01	27.17	27.82	455600
2015-10-13	27.38	27.85	27.06	27.27	281200
2015-10-14	27.79	27.94	27.37	27.37	249000
2015-10-15	27.68	27.85	27.26	27.60	223100
2015-10-16	27.63	27.97	27.37	27.80	298800
2015-10-19	26.56	27.45	26.43	27.37	395800
2015-10-20	26.75	27.14	26.35	26.65	249100
2015-10-21	26.50	26.70	26.28	26.56	275000
2015-10-22	26.76	27.09	26.55	26.67	490800
2015-10-23	26.52	26.85	26.30	26.53	258100
2015-10-26	26.52	26.74	26.34	26.44	700700
2015-10-27	26.05	26.48	25.94	26.22	554300
2015-10-28	26.56	26.81	26.14	26.19	469400
2015-10-29	26.77	26.93	26.42	26.51	479700
2015-10-30	26.57	26.93	26.41	26.89	697500
2015-11-02	26.68	26.77	26.51	26.58	599700
2015-11-03	27.44	27.49	26.65	26.79	550900
2015-11-04	27.08	27.49	26.84	27.23	668300
2015-11-05	27.00	27.42	26.93	26.95	748100
2015-11-06	26.22	26.87	26.11	26.66	816700
2015-11-09	25.76	26.62	25.47	26.20	470500
2015-11-10	25.93	25.95	25.46	25.60	215600
2015-11-11	25.54	26.14	25.44	25.90	248200
2015-11-12	24.99	25.56	24.90	25.12	237100
2015-11-13	24.81	25.17	24.61	24.82	208200
2015-11-16	25.56	25.64	24.78	24.83	208500
2015-11-17	25.70	25.90	25.26	25.59	260500
2015-11-18	25.57	26.09	25.30	25.80	470900
2015-11-19	25.48	25.77	25.18	25.44	222300
2015-11-20	25.06	25.61	25.01	25.38	160300
2015-11-23	25.32	25.74	24.78	24.90	293600
2015-11-24	25.99	26.33	25.54	25.60	316900
2015-11-25	25.74	26.06	25.50	25.80	493900
2015-11-27	25.42	25.57	25.27	25.47	72300
2015-11-30	25.91	26.06	25.50	25.51	470900
2015-12-01	26.16	26.40	26.00	26.00	231400
2015-12-02	25.52	26.24	25.43	25.84	286900
2015-12-03	25.70	25.98	25.57	25.74	214100
2015-12-04	25.11	25.56	24.83	25.36	260100
2015-12-07	23.98	24.66	23.85	24.66	286400
2015-12-08	23.88	24.19	23.49	23.58	288600
2015-12-09	24.04	24.87	23.84	23.86	208400
2015-12-10	24.06	24.51	23.77	23.81	181100
2015-12-11	23.22	23.69	23.15	23.63	282000
2015-12-14	23.83	23.89	22.97	23.17	338200
2015-12-15	24.30	24.55	23.98	23.98	288400
2015-12-16	24.55	24.75	23.95	24.10	479700
2015-12-17	24.43	24.58	24.14	24.36	416100
2015-12-18	24.97	25.43	24.24	24.30	398500
2015-12-21	24.75	25.31	24.55	24.87	241100
2015-12-22	25.22	25.27	24.37	24.83	299400
2015-12-23	26.32	26.42	25.52	25.52	314900
2015-12-24	26.32	26.50	26.12	26.29	85300
2015-12-28	26.15	26.35	25.64	25.81	246300
2015-12-29	26.38	26.71	26.13	26.41	331300
2015-12-30	26.01	26.36	25.77	26.23	165700
2015-12-31	26.07	26.25	25.82	25.82	155000
2016-01-04	25.77	26.19	25.48	25.90	369700
2016-01-05	25.70	25.88	25.26	25.55	343700
2016-01-06	24.87	25.35	24.77	25.12	235600
2016-01-07	24.12	24.79	24.02	24.21	234200
2016-01-08	23.99	24.26	23.54	24.14	262500
2016-01-11	23.23	24.21	23.13	24.13	561500
2016-01-12	23.33	23.58	22.49	23.48	735800
2016-01-13	22.57	23.75	22.34	23.58	282400
2016-01-14	23.55	23.72	22.68	22.70	361100
2016-01-15	23.00	23.07	22.27	22.73	417000
2016-01-19	21.84	22.74	21.48	22.50	578200
2016-01-20	21.24	21.55	20.48	21.14	679300
2016-01-21	21.74	22.08	21.01	21.27	697000
2016-01-22	23.27	23.37	22.39	22.39	775400
2016-01-25	22.16	23.20	22.11	22.97	460900
2016-01-26	23.19	23.39	22.50	22.77	277200
2016-01-27	23.14	23.78	22.69	23.12	489600
2016-01-28	24.53	24.65	23.61	23.87	573000
2016-01-29	24.54	24.75	24.06	24.61	417100
2016-02-01	24.03	24.22	23.41	24.12	299400
2016-02-02	23.45	23.57	22.66	22.85	622100
2016-02-03	24.64	24.65	23.04	24.09	608700
2016-02-04	25.46	25.52	24.82	24.87	544500
2016-02-05	25.17	25.56	24.77	25.20	626900
2016-02-08	25.04	25.24	24.28	24.45	323300
2016-02-09	24.51	24.90	24.13	24.66	581900
2016-02-10	23.83	24.58	23.79	24.29	335700
2016-02-11	23.34	23.85	22.82	23.35	379100
2016-02-12	23.78	24.18	23.40	23.73	397600
2016-02-16	23.73	24.34	23.44	24.29	299900
2016-02-17	24.79	24.82	23.90	24.18	354600
2016-02-18	24.63	25.15	24.34	25.13	246100
2016-02-19	24.71	24.83	24.01	24.15	364100
2016-02-22	25.07	25.49	24.91	25.11	357700
2016-02-23	24.77	25.04	24.20	24.81	301200
2016-02-24	25.09	25.21	23.88	23.94	335700
2016-02-25	25.25	25.35	24.61	25.03	206800
2016-02-26	25.31	25.92	25.07	25.76	241300
2016-02-29	25.54	25.89	25.26	25.40	240500
2016-03-01	25.77	25.97	25.40	25.74	238500
2016-03-02	26.02	26.06	25.08	25.58	289000
2016-03-03	26.27	26.57	25.88	25.96	296200
2016-03-04	26.65	26.71	26.23	26.39	272500
2016-03-07	27.00	27.34	26.64	26.70	337500
2016-03-08	26.63	26.97	26.32	26.88	265600
2016-03-09	26.80	27.34	26.72	26.97	275900
2016-03-10	26.30	26.95	26.02	26.74	306600
2016-03-11	26.99	27.05	26.66	26.88	206400
2016-03-14	26.86	27.00	26.56	26.71	243500
2016-03-15	27.55	27.66	26.58	26.59	347300
2016-03-16	27.78	27.88	27.23	27.74	1222600
2016-03-17	28.23	28.36	27.83	28.14	432900
2016-03-18	27.66	28.53	27.66	28.43	498400
2016-03-21	27.48	27.78	27.30	27.58	294700
2016-03-22	27.46	27.83	27.20	27.30	426500
2016-03-23	26.27	27.40	26.05	27.40	1213000
2016-03-24	26.52	26.68	25.74	25.76	450900
2016-03-28	26.71	26.74	26.35	26.52	272300
2016-03-29	26.64	26.80	26.10	26.27	289700
2016-03-30	26.81	27.29	26.65	26.92	321200
2016-03-31	26.86	27.25	26.73	26.73	269300
2016-04-01	26.25	26.43	25.92	26.38	353700
2016-04-04	25.34	26.33	25.24	26.14	382300
2016-04-05	24.86	25.25	24.76	24.85	444300
2016-04-06	25.31	25.38	24.82	24.94	442100
2016-04-07	24.87	25.11	24.79	25.10	469700
2016-04-08	25.28	25.79	25.20	25.67	450000
2016-04-11	24.89	25.78	24.54	25.51	1106700
2016-04-12	25.65	25.86	25.02	25.06	1009800
2016-04-13	25.34	25.82	25.24	25.69	276800
2016-04-14	25.40	25.64	25.28	25.40	299700
2016-04-15	25.03	25.32	24.98	25.08	218300
2016-04-18	25.42	25.53	24.54	24.56	187500
2016-04-19	26.01	26.16	25.49	25.64	223500
2016-04-20	26.14	26.57	25.65	25.88	283300
2016-04-21	25.61	26.26	25.49	26.19	223200
2016-04-22	25.77	26.23	25.57	25.75	183100
2016-04-25	26.10	26.12	25.49	25.62	218700
2016-04-26	26.62	26.84	26.25	26.31	372800
2016-04-27	26.63	27.03	26.46	26.79	279100
2016-04-28	26.94	27.39	26.22	26.61	363300
2016-04-29	26.52	27.25	26.52	27.00	300500
2016-05-02	26.04	26.68	25.80	26.66	389300
2016-05-03	25.47	25.69	25.26	25.64	375800
2016-05-04	25.27	25.73	25.08	25.58	322200
2016-05-05	25.05	26.03	24.99	26.02	428600
2016-05-06	25.68	25.82	24.83	24.89	338800
2016-05-09	25.10	25.51	24.88	25.51	342300
2016-05-10	25.76	25.89	25.20	25.27	209700
2016-05-11	25.42	25.86	25.11	25.58	261600
2016-05-12	25.20	25.90	25.08	25.64	277900
2016-05-13	24.92	25.28	24.88	25.15	166400
2016-05-16	25.65	25.68	25.22	25.22	204500
2016-05-17	25.58	25.98	25.48	25.57	286000
2016-05-18	25.38	25.68	25.24	25.47	311500
2016-05-19	25.01	25.15	24.63	25.15	289700
2016-05-20	25.12	25.34	24.98	25.08	242700
2016-05-23	24.83	25.11	24.83	24.97	86600
2016-05-24	25.33	25.63	25.18	25.19	211900
2016-05-25	25.90	25.95	25.46	25.55	116600
2016-05-26	26.04	26.39	25.90	26.10	130300
2016-05-27	26.06	26.14	25.68	25.88	166700
2016-05-31	25.60	26.11	25.45	25.94	180500
2016-06-01	25.68	25.68	25.26	25.60	192100
2016-06-02	25.51	25.60	25.15	25.39	139700
2016-06-03	25.92	25.97	25.60	25.69	131500
2016-06-06	26.46	26.46	26.04	26.05	156600
2016-06-07	27.05	27.11	26.46	26.46	253800
2016-06-08	26.23	27.53	26.10	27.39	246400
2016-06-09	25.74	26.33	25.70	25.87	180300
2016-06-10	25.23	25.81	25.17	25.58	214100
2016-06-13	25.04	25.39	24.90	25.10	161400
2016-06-14	24.95	25.37	24.93	24.93	218200
2016-06-15	24.79	25.20	24.75	24.78	163700
2016-06-16	24.70	24.88	24.24	24.49	123500
2016-06-17	24.93	25.09	24.79	24.92	171300
2016-06-20	25.38	25.55	25.18	25.37	132900
2016-06-21	25.40	25.58	25.10	25.24	306200
2016-06-22	25.07	25.52	24.88	25.52	122600
2016-06-23	25.58	25.69	25.25	25.38	118900
2016-06-24	24.52	24.88	24.33	24.35	220400
2016-06-27	23.94	24.45	23.84	24.21	155900
2016-06-28	24.35	24.67	24.08	24.39	108200
2016-06-29	25.01	25.12	24.54	24.54	143700
2016-06-30	25.47	25.59	24.90	24.92	200800
2016-07-01	25.62	25.76	25.44	25.60	117500
2016-07-05	25.50	25.80	25.35	25.38	146100
2016-07-06	25.58	25.63	25.07	25.43	121800
2016-07-07	25.42	25.93	25.38	25.83	217800
2016-07-08	25.26	25.73	25.21	25.57	127200
2016-07-11	25.44	25.59	25.26	25.30	119200
2016-07-12	25.94	26.11	25.77	25.78	133100
2016-07-13	25.72	26.09	25.68	25.84	137800
2016-07-14	25.97	26.16	25.84	25.95	139400
2016-07-15	25.89	26.08	25.84	25.99	113400
2016-07-18	26.13	26.17	25.59	25.81	77700
2016-07-19	25.67	26.02	25.51	26.02	138600
2016-07-20	25.75	25.90	25.47	25.55	106100
2016-07-21	25.63	25.87	25.58	25.70	61800
2016-07-22	25.66	25.75	25.37	25.66	65600
2016-07-25	24.80	25.43	24.75	25.43	124400
2016-07-26	24.81	25.04	24.54	24.64	97700
2016-07-27	24.63	25.05	24.54	24.80	119900
2016-07-28	24.74	24.85	24.51	24.65	133000
2016-07-29	24.77	25.03	24.46	24.58	130800
2016-08-01	23.72	24.64	23.62	24.38	238700
2016-08-02	23.99	24.75	23.64	24.38	289600
2016-08-03	24.48	24.52	23.83	23.99	118600
2016-08-04	24.63	24.87	24.38	24.38	131500
2016-08-05	24.47	24.51	24.25	24.51	78200
2016-08-08	24.81	25.00	24.60	24.63	141300
2016-08-09	25.01	25.21	24.90	24.96	88500
2016-08-10	25.03	25.34	24.85	25.15	89400
2016-08-11	25.45	25.59	25.05	25.06	102800
2016-08-12	25.65	25.77	25.44	25.48	74700
2016-08-15	25.56	25.86	25.25	25.83	114000
2016-08-16	25.54	25.80	25.33	25.54	118300
2016-08-17	25.33	25.42	25.11	25.36	96300
2016-08-18	25.64	25.76	25.42	25.48	78200
2016-08-19	25.43	25.55	25.24	25.29	91400
2016-08-22	25.38	25.44	24.99	25.18	126900
2016-08-23	25.61	25.71	25.25	25.29	197700
2016-08-24	25.65	25.75	25.38	25.38	83800
2016-08-25	25.18	25.60	25.14	25.60	94500
2016-08-26	24.88	25.43	24.68	25.43	202000
2016-08-29	24.82	25.08	24.77	24.88	150100
2016-08-30	24.99	25.01	24.79	24.79	136200
2016-08-31	24.68	24.91	24.46	24.83	134300
2016-09-01	24.77	24.81	24.41	24.54	85600
2016-09-02	25.45	25.49	24.88	24.88	121900
2016-09-06	25.63	25.71	25.52	25.54	68700
2016-09-07	25.56	25.75	25.31	25.73	53500
2016-09-08	25.45	25.88	25.38	25.60	173400
2016-09-09	24.78	25.15	24.57	25.07	149400
2016-09-12	24.65	24.92	24.36	24.60	159900
2016-09-13	24.03	24.36	23.77	24.32	140800
2016-09-14	24.08	24.46	23.80	23.99	163800
2016-09-15	24.25	24.32	24.04	24.21	71400
2016-09-16	24.21	24.23	23.89	23.90	254200
2016-09-19	24.33	24.47	24.25	24.43	147900
2016-09-20	24.17	24.57	24.17	24.26	181000
2016-09-21	24.28	24.38	23.85	24.35	308100
2016-09-22	24.86	25.06	24.63	24.71	767500
2016-09-23	24.38	24.90	24.21	24.68	166700
2016-09-26	24.35	24.77	24.30	24.56	254300
2016-09-27	24.16	24.47	24.09	24.12	207400
2016-09-28	25.11	25.26	24.35	24.37	540200
2016-09-29	25.56	26.05	24.92	25.17	652100
2016-09-30	25.37	25.84	25.34	25.76	378600
2016-10-03	25.55	25.60	25.17	25.40	125000
2016-10-04	25.35	25.84	25.25	25.59	95300
2016-10-05	26.05	26.13	25.51	25.67	153300
2016-10-06	26.41	26.59	25.91	26.13	177300
2016-10-07	26.06	26.41	25.71	26.37	131900
2016-10-10	26.55	26.59	26.25	26.31	61200
2016-10-11	26.37	26.59	26.31	26.31	117700
2016-10-12	26.31	26.55	26.03	26.21	80200
2016-10-13	26.62	26.72	25.96	26.11	176800
2016-10-14	26.26	26.73	26.22	26.73	173500
2016-10-17	26.23	26.35	26.06	26.24	114900
2016-10-18	26.34	26.47	26.24	26.39	72600
2016-10-19	26.55	26.82	26.48	26.59	137400
2016-10-20	26.45	26.60	26.14	26.41	83300
2016-10-21	26.52	26.65	26.01	26.22	84100
2016-10-24	26.80	27.14	26.48	26.82	346300
2016-10-25	26.62	27.13	26.59	26.82	175800
2016-10-26	26.43	26.65	26.26	26.37	156300
2016-10-27	27.14	27.37	26.51	26.63	213200
2016-10-28	26.25	26.97	26.18	26.86	180100
2016-10-31	26.31	26.66	26.20	26.20	242700
2016-11-01	26.73	26.77	26.43	26.56	234100
2016-11-02	26.41	26.77	26.35	26.48	124400
2016-11-03	26.46	26.58	26.31	26.39	104600
2016-11-04	26.14	26.45	26.04	26.25	254200
2016-11-07	26.46	26.56	26.22	26.22	102800
2016-11-08	26.49	26.77	26.30	26.39	151200
2016-11-09	26.60	26.64	26.14	26.30	78700
2016-11-10	26.27	26.55	26.17	26.32	181400
2016-11-11	25.74	26.07	25.60	26.07	108400
2016-11-14	25.92	26.03	25.40	25.74	149200
2016-11-15	26.81	26.89	26.05	26.21	108900
2016-11-16	26.75	26.99	26.49	26.69	171700
2016-11-17	26.69	27.16	26.67	27.03	180400
2016-11-18	26.82	26.93	26.60	26.66	91900
2016-11-21	27.48	27.48	27.06	27.32	162600
2016-11-22	27.64	27.73	27.35	27.54	138800
2016-11-23	27.28	27.41	27.21	27.39	87800
2016-11-25	27.03	27.36	26.83	27.18	40500
2016-11-28	26.86	27.42	26.80	27.17	154500
2016-11-29	26.66	26.70	26.22	26.49	145200
2016-11-30	27.80	28.10	27.41	27.41	276000
2016-12-01	27.56	28.30	27.49	28.28	153900
2016-12-02	27.29	27.59	27.19	27.51	151000
2016-12-05	27.61	27.73	27.29	27.50	136500
2016-12-06	28.17	28.33	27.39	27.39	216400
2016-12-07	28.31	28.38	28.01	28.18	126400
2016-12-08	28.40	28.42	27.94	28.35	127700
2016-12-09	28.53	28.66	28.39	28.40	186300
2016-12-12	29.46	29.71	29.04	29.04	223400
2016-12-13	29.61	29.85	29.50	29.65	162000
2016-12-14	28.74	29.69	28.66	29.62	156000
2016-12-15	28.82	28.92	28.36	28.50	113200
2016-12-16	29.20	29.42	28.88	28.98	202100
2016-12-19	28.85	29.31	28.78	29.31	152500
2016-12-20	29.04	29.16	28.82	28.84	166000
2016-12-21	29.08	29.48	28.87	28.87	121300
2016-12-22	28.90	29.09	28.80	29.00	145600
2016-12-23	28.37	28.83	28.30	28.69	166700
2016-12-27	28.26	28.73	27.32	27.54	62100
2016-12-28	28.23	28.51	28.18	28.18	87700
2016-12-29	28.31	28.48	28.17	28.18	86700
2016-12-30	28.16	28.65	28.10	28.21	115400
2017-01-03	28.38	28.69	28.18	28.48	170300
2017-01-04	28.54	28.56	28.33	28.44	79000
2017-01-05	28.26	28.49	28.12	28.19	127900
2017-01-06	28.32	28.43	28.06	28.16	163700
2017-01-09	28.07	28.31	27.94	28.20	133600
2017-01-10	27.94	28.34	27.91	28.23	122100
2017-01-11	28.03	28.10	27.65	28.05	136800
2017-01-12	27.89	28.18	27.80	28.18	84500
2017-01-13	27.84	27.97	27.79	27.92	68700
2017-01-17	27.99	28.17	27.86	27.97	121500
2017-01-18	27.26	28.05	27.22	27.92	138000
2017-01-19	26.96	27.33	26.82	27.12	148000
2017-01-20	27.01	27.36	26.96	27.15	154500
2017-01-23	26.75	27.08	26.59	27.08	290800
2017-01-24	27.12	27.12	26.43	26.43	298800
2017-01-25	27.39	27.46	27.10	27.20	305000
2017-01-26	27.04	27.51	26.89	27.51	212500
2017-01-27	26.87	27.22	26.78	27.08	194000
2017-01-30	26.42	27.00	26.39	27.00	378500
2017-01-31	26.64	26.81	26.35	26.81	413600
2017-02-01	26.75	26.82	26.48	26.78	420900
2017-02-02	26.69	26.93	26.48	26.86	168400
2017-02-03	26.68	27.01	26.45	26.83	172900
2017-02-06	26.29	26.80	26.16	26.76	147300
2017-02-07	25.96	26.22	25.83	26.15	205100
2017-02-08	26.03	26.14	25.66	25.86	134900
2017-02-09	26.18	26.43	26.09	26.35	144000
2017-02-10	26.43	26.56	26.31	26.42	159300
2017-02-13	26.27	26.49	26.05	26.49	182800
2017-02-14	26.32	26.35	26.02	26.31	107500
2017-02-15	26.47	26.47	26.20	26.34	265300
2017-02-16	26.57	26.64	26.35	26.38	233000
2017-02-17	26.51	26.67	26.20	26.27	161000
2017-02-21	26.62	26.62	26.40	26.59	176100
2017-02-22	26.31	26.35	26.03	26.21	242600
2017-02-23	26.44	26.69	26.31	26.67	254000
2017-02-24	25.55	26.51	25.37	26.51	398600
2017-02-27	25.87	25.87	25.44	25.71	311200
2017-02-28	25.34	25.67	25.31	25.67	283800
2017-03-01	25.13	25.52	24.96	25.52	633100
2017-03-02	25.08	25.19	24.90	24.97	277400
2017-03-03	25.00	25.14	24.87	25.04	374800
2017-03-06	25.08	25.11	24.81	24.88	198800
2017-03-07	25.15	25.21	24.94	25.20	256600
2017-03-08	24.59	25.23	24.56	25.00	258800
2017-03-09	24.90	25.03	24.43	24.52	328200
2017-03-10	24.82	25.21	24.53	25.21	425100
2017-03-13	24.86	24.88	24.56	24.87	231100
2017-03-14	24.52	24.75	24.42	24.69	190700
2017-03-15	24.99	25.05	24.51	24.57	470000
2017-03-16	25.22	25.32	24.98	24.98	305400
2017-03-17	25.14	25.49	25.05	25.29	249100
2017-03-20	25.00	25.17	24.86	25.10	264400
2017-03-21	24.90	25.42	24.82	25.27	267500
2017-03-22	25.24	25.27	24.61	24.85	201700
2017-03-23	25.06	25.24	24.87	25.20	213700
2017-03-24	25.10	25.25	24.97	25.21	151700
2017-03-27	24.95	25.16	24.92	24.97	173400
2017-03-28	25.49	25.56	24.87	25.07	206600
2017-03-29	25.34	25.41	25.00	25.39	353400
2017-03-30	24.85	25.42	24.77	25.37	342700
2017-03-31	24.80	24.97	24.73	24.91	382500
2017-04-03	24.66	24.81	24.50	24.70	433000
2017-04-04	24.99	25.03	24.47	24.63	249300
2017-04-05	24.61	24.92	24.43	24.66	546800
2017-04-06	24.71	24.90	24.61	24.74	276100
2017-04-07	24.66	24.85	24.55	24.85	237700
2017-04-10	25.16	25.32	24.75	24.90	451200
2017-04-11	25.09	25.23	24.86	25.08	250000
2017-04-12	25.08	25.31	24.94	25.11	192800
2017-04-13	24.42	25.14	24.39	25.14	220500
2017-04-17	24.78	24.93	24.47	24.47	210700
2017-04-18	24.58	24.84	24.45	24.64	149200
2017-04-19	24.14	24.66	24.08	24.56	225400
2017-04-20	24.18	24.35	24.04	24.29	289800
2017-04-21	24.38	24.40	23.99	24.17	241900
2017-04-24	24.42	24.71	24.42	24.71	216700
2017-04-25	24.81	24.86	24.38	24.42	246600
2017-04-26	24.51	24.98	24.50	24.88	318600
2017-04-27	23.92	24.50	23.66	24.50	407900
2017-04-28	23.64	24.12	23.60	24.12	420800
2017-05-01	23.52	23.92	23.43	23.92	322500
2017-05-02	23.40	23.74	23.25	23.63	259000
2017-05-03	23.50	23.74	23.34	23.42	259600
2017-05-04	23.07	23.43	22.91	23.43	349100
2017-05-05	23.42	23.47	22.92	23.12	282800
2017-05-08	23.46	23.56	23.29	23.34	243800
2017-05-09	23.37	23.51	23.09	23.51	265600
2017-05-10	23.63	23.76	23.31	23.60	404900
2017-05-11	23.45	23.62	23.39	23.51	246900
2017-05-12	23.56	23.67	23.36	23.51	263200
2017-05-15	23.78	24.00	23.77	23.89	267700
2017-05-16	23.49	23.99	23.43	23.93	227300
2017-05-17	23.05	23.51	23.02	23.48	210700
2017-05-18	23.03	23.29	22.86	23.03	217100
2017-05-19	23.57	23.65	23.07	23.07	180100
2017-05-22	23.60	23.75	23.45	23.75	81700
2017-05-23	23.62	23.86	23.58	23.72	189900
2017-05-24	23.52	23.53	23.06	23.30	377000
2017-05-25	23.24	23.66	23.13	23.43	281500
2017-05-26	23.42	23.46	23.20	23.26	300000
2017-05-30	23.35	23.42	23.21	23.32	269100
2017-05-31	23.08	23.33	23.03	23.14	281800
2017-06-01	23.12	23.46	23.03	23.16	268700
2017-06-02	22.91	23.02	22.84	22.91	155900
2017-06-05	22.82	22.98	22.71	22.91	196800
2017-06-06	23.03	23.09	22.79	22.84	179800
2017-06-07	22.60	23.16	22.53	23.04	315000
2017-06-08	22.80	22.85	22.59	22.69	253300
2017-06-09	23.05	23.08	22.78	22.89	343800
2017-06-12	23.52	23.55	22.98	23.16	418300
2017-06-13	23.72	23.86	23.55	23.65	434300
2017-06-14	23.63	23.86	23.58	23.73	445800
2017-06-15	23.66	23.73	23.44	23.45	306100
2017-06-16	24.45	24.45	23.60	23.78	424300
2017-06-19	24.25	24.51	24.18	24.23	238600
2017-06-20	23.77	23.96	23.57	23.88	187300
2017-06-21	23.64	23.99	23.42	23.78	270800
2017-06-22	23.67	23.95	23.59	23.74	553300
2017-06-23	24.10	24.12	23.54	23.77	380300
2017-06-26	23.77	24.22	23.73	24.20	256200
2017-06-27	23.93	24.00	23.72	23.93	369100
2017-06-28	24.31	24.40	23.93	24.09	198500
2017-06-29	24.00	24.34	23.82	24.31	286200
2017-06-30	23.82	24.12	23.69	24.12	269200
2017-07-03	24.17	24.20	23.92	23.96	64700
2017-07-05	23.29	23.68	22.89	23.64	314300
2017-07-06	23.06	23.51	22.99	23.51	327700
2017-07-07	22.93	23.10	22.72	22.99	223500
2017-07-10	22.91	22.96	22.71	22.81	175500
2017-07-11	23.33	23.38	22.90	23.20	317900
2017-07-12	23.94	24.03	23.42	23.42	389000
2017-07-13	23.84	24.00	23.72	24.00	210900
2017-07-14	23.84	23.93	23.65	23.89	181500
2017-07-17	23.79	24.04	23.69	23.69	102500
2017-07-18	23.86	23.95	23.65	23.95	144900
2017-07-19	24.43	24.49	23.95	23.95	178100
2017-07-20	24.26	24.62	24.18	24.53	173000
2017-07-21	23.93	24.26	23.73	24.26	280400
2017-07-24	24.01	24.06	23.86	24.06	99300
2017-07-25	24.17	24.35	23.90	24.24	218400
2017-07-26	24.23	24.48	24.14	24.34	148800
2017-07-27	24.21	24.30	23.92	24.30	170900
2017-07-28	23.67	24.56	23.59	23.91	392200
2017-07-31	23.38	23.64	23.20	23.48	227700
2017-08-01	23.33	23.53	22.93	23.37	254400
2017-08-02	23.88	24.06	23.16	23.27	366000
2017-08-03	23.64	23.95	23.47	23.75	334200
2017-08-04	23.83	23.92	23.51	23.51	243000
2017-08-07	23.77	23.83	23.61	23.67	95700
2017-08-08	23.91	24.00	23.58	23.64	254600
2017-08-09	23.85	24.08	23.74	23.86	306800
2017-08-10	23.42	23.98	23.42	23.86	367000
2017-08-11	23.48	23.67	23.46	23.59	232500
2017-08-14	23.20	23.64	23.15	23.57	167700
2017-08-15	23.07	23.15	22.89	23.09	178800
2017-08-16	23.26	23.38	23.05	23.11	230800
2017-08-17	23.16	23.39	23.11	23.11	163700
2017-08-18	23.42	23.49	23.17	23.23	182400
2017-08-21	23.15	23.42	23.04	23.30	241200
2017-08-22	23.41	23.48	23.15	23.15	154000
2017-08-23	23.57	23.71	22.98	22.98	338200
2017-08-24	23.73	23.84	23.42	23.42	129000
2017-08-25	23.89	23.98	23.73	23.88	126500
2017-08-28	23.82	24.07	23.80	24.07	282000
2017-08-29	23.87	23.89	23.63	23.75	150700
2017-08-30	23.97	24.16	23.64	23.78	232300
2017-08-31	24.23	24.30	23.84	24.06	284900
2017-09-01	24.77	24.80	24.32	24.32	208500
2017-09-05	24.72	24.90	24.58	24.81	234500
2017-09-06	25.10	25.24	24.53	24.83	174500
2017-09-07	25.26	25.29	25.07	25.07	180700
2017-09-08	25.14	25.32	25.12	25.13	201100
2017-09-11	25.42	25.47	25.06	25.18	353000
2017-09-12	25.54	25.64	25.27	25.36	105200
2017-09-13	25.59	25.64	25.45	25.63	280500
2017-09-14	25.51	25.54	25.10	25.13	414800
2017-09-15	25.54	25.67	25.36	25.62	330900
2017-09-18	25.60	25.70	25.40	25.53	204400
2017-09-19	25.78	25.82	25.59	25.67	121600
2017-09-20	25.62	25.88	25.49	25.78	167000
2017-09-21	25.94	26.03	25.50	25.50	245800
2017-09-22	25.95	26.17	25.83	26.00	218300
2017-09-25	26.25	26.36	26.02	26.15	214000
2017-09-26	26.13	26.28	25.83	26.08	163200
2017-09-27	26.23	26.27	26.05	26.05	193500
2017-09-28	26.07	26.36	26.04	26.15	175400
2017-09-29	26.19	26.36	25.93	25.93	209400
2017-10-02	26.13	26.14	25.90	25.90	161600
2017-10-03	26.27	26.38	26.08	26.24	162800
2017-10-04	26.00	26.20	25.93	26.20	126300
2017-10-05	25.81	26.00	25.75	25.89	123100
2017-10-06	25.69	25.69	25.49	25.66	163500
2017-10-09	25.58	25.82	25.53	25.79	54700
2017-10-10	26.00	26.24	25.88	25.91	213900
2017-10-11	25.95	26.25	25.86	25.86	119500
2017-10-12	25.48	25.78	25.41	25.78	166100
2017-10-13	25.79	25.87	25.58	25.78	146600
2017-10-16	25.86	25.95	25.63	25.64	116500
2017-10-17	26.16	26.19	25.72	25.74	160000
2017-10-18	26.05	26.32	25.86	25.86	162500
2017-10-19	26.00	26.13	25.80	25.80	186200
2017-10-20	25.67	25.99	25.46	25.94	246400
2017-10-23	25.40	25.73	25.38	25.73	124800
2017-10-24	25.42	25.49	25.31	25.43	157700
2017-10-25	25.36	25.51	25.22	25.39	154300
2017-10-26	25.45	25.63	25.33	25.42	562000
2017-10-27	26.17	26.23	24.60	24.60	507600
2017-10-30	26.43	26.55	24.60	24.60	199800
2017-10-31	26.55	26.69	26.33	26.40	278300
2017-11-01	26.43	26.86	26.22	26.59	293200
2017-11-02	25.07	25.54	24.89	24.89	809300
2017-11-03	25.60	25.62	25.28	25.28	356500
2017-11-06	25.73	25.83	25.31	25.77	415400
2017-11-07	25.70	25.77	25.51	25.74	242100
2017-11-08	25.88	26.05	25.68	25.78	237800
2017-11-09	26.24	26.35	25.70	25.88	199600
2017-11-10	26.27	26.38	25.95	26.18	127600
2017-11-13	25.93	26.19	25.79	26.18	142400
2017-11-14	25.68	26.07	25.62	26.07	146500
2017-11-15	25.54	25.68	25.45	25.48	119600
2017-11-16	25.59	25.75	25.50	25.56	192000
2017-11-17	25.62	25.76	25.42	25.72	131800
2017-11-20	25.25	25.60	25.21	25.59	156400
2017-11-21	25.37	25.51	25.27	25.27	143000
2017-11-22	25.61	25.68	25.43	25.43	111800
2017-11-24	25.55	25.69	25.52	25.69	42900
2017-11-27	25.27	25.48	25.21	25.34	121400
2017-11-28	25.40	25.60	25.13	25.23	159900
2017-11-29	25.22	25.40	25.06	25.34	166500
2017-11-30	25.47	25.69	25.32	25.37	175500
2017-12-01	25.68	26.23	25.66	25.66	230400
2017-12-04	25.64	25.94	25.59	25.79	216700
2017-12-05	25.71	25.90	25.52	25.52	185800
2017-12-06	25.54	25.89	25.50	25.61	182300
2017-12-07	25.43	25.64	25.33	25.48	107800
2017-12-08	25.30	25.57	25.24	25.57	555100
2017-12-11	25.16	25.45	25.09	25.19	172900
2017-12-12	25.15	25.39	25.04	25.14	226600
2017-12-13	24.71	25.40	24.65	25.12	446100
2017-12-14	24.47	24.80	24.33	24.80	341500
2017-12-15	24.30	24.75	24.22	24.68	249700
2017-12-18	24.44	24.79	24.31	24.33	181600
2017-12-19	24.67	24.82	24.39	24.39	311200
2017-12-20	24.45	24.61	24.29	24.59	240400
2017-12-21	24.69	24.81	24.41	24.41	215600
2017-12-22	24.86	24.96	24.54	24.77	294200
2017-12-26	25.05	25.19	24.82	24.84	124800
2017-12-27	25.31	25.33	24.98	24.98	138100
2017-12-28	25.61	25.65	25.32	25.39	167200
2017-12-29	25.68	25.80	25.59	25.65	109200
2018-01-02	26.00	26.01	25.64	25.73	396600
2018-01-03	26.03	26.14	25.83	26.00	368900
2018-01-04	26.21	26.27	25.97	26.12	230900
2018-01-05	26.08	26.41	26.03	26.24	184700
2018-01-08	26.18	26.67	26.15	26.67	345500
2018-01-09	26.13	26.35	26.10	26.32	198500
2018-01-10	26.07	26.26	25.97	26.26	175600
2018-01-11	25.85	26.27	25.80	25.94	346400
2018-01-12	25.66	25.91	25.56	25.74	224900
2018-01-16	25.89	26.06	25.74	25.88	457600
2018-01-17	26.47	26.58	25.85	26.04	333400
2018-01-18	26.17	26.49	26.09	26.49	554800
2018-01-19	26.03	26.17	25.81	26.17	402400
2018-01-22	26.46	26.46	25.70	25.70	235300
2018-01-23	26.78	26.90	26.42	26.55	421600
2018-01-24	26.79	27.01	26.50	26.92	573000
2018-01-25	26.07	27.01	25.99	26.92	388600
2018-01-26	26.10	26.33	26.03	26.03	219700
2018-01-29	26.17	26.25	25.88	25.99	707400
2018-01-30	25.36	26.14	25.34	25.97	240100
2018-01-31	25.89	26.10	25.68	25.68	418600
2018-02-01	25.96	26.08	25.72	25.72	579700
2018-02-02	24.62	25.57	24.59	25.08	702400
2018-02-05	23.38	24.36	23.28	24.21	817400
2018-02-06	23.70	23.73	23.14	23.19	734900
2018-02-07	23.26	23.68	23.19	23.68	485700
2018-02-08	22.91	23.33	22.85	23.20	1008300
2018-02-09	23.00	23.24	22.63	23.08	958700
2018-02-12	23.09	23.28	22.91	23.00	626500
2018-02-13	22.49	23.05	22.35	22.81	513800
2018-02-14	22.84	22.96	22.23	22.23	776100
2018-02-15	22.58	22.96	22.47	22.96	856900
2018-02-16	22.65	22.82	22.37	22.40	342400
2018-02-20	22.32	22.68	22.27	22.56	298600
2018-02-21	22.20	22.59	22.16	22.35	406600
2018-02-22	22.29	22.70	22.17	22.36	370600
2018-02-23	22.49	22.55	22.30	22.38	295500
2018-02-26	22.81	22.88	22.44	22.45	286100
2018-02-27	22.72	23.05	22.65	22.67	431200
2018-02-28	22.29	22.85	22.25	22.85	466600
2018-03-01	22.12	22.37	21.94	22.33	266900
2018-03-02	21.98	22.17	21.83	22.09	342300
2018-03-05	22.35	22.40	21.63	21.82	290100
2018-03-06	22.62	22.78	22.50	22.54	328800
2018-03-07	22.51	22.71	22.33	22.37	443000
2018-03-08	22.30	22.64	22.15	22.64	266700
2018-03-09	22.62	22.81	22.30	22.52	430600
2018-03-12	22.48	22.78	22.35	22.44	286200
2018-03-13	21.99	22.57	21.93	22.57	417500
2018-03-14	21.84	22.39	21.82	22.16	493600
2018-03-15	21.62	21.95	21.53	21.95	564300
2018-03-16	21.88	21.94	21.66	21.72	904900
2018-03-19	21.72	21.82	21.54	21.82	321200
2018-03-20	21.92	22.09	21.76	21.76	694200
2018-03-21	22.81	22.89	21.92	21.92	549800
2018-03-22	22.14	22.63	22.10	22.57	376500
2018-03-23	21.78	22.42	21.75	22.26	331000
2018-03-26	21.98	22.04	21.76	21.99	247700
2018-03-27	21.77	22.10	21.71	22.02	378200
2018-03-28	21.64	21.85	21.59	21.65	308100
2018-03-29	21.92	21.92	21.43	21.75	509700
2018-04-02	21.64	21.92	21.43	21.86	319400
2018-04-03	22.09	22.09	21.61	21.82	504200
2018-04-04	22.52	22.58	21.79	21.85	729600
2018-04-05	23.57	23.57	22.11	22.34	1692500
2018-04-06	23.09	23.57	22.89	23.50	524200
2018-04-09	23.13	23.34	22.86	23.34	412800
2018-04-10	23.50	23.69	23.33	23.54	352400
2018-04-11	23.66	23.71	23.39	23.53	292300
2018-04-12	24.08	24.20	23.58	23.76	288300
2018-04-13	24.34	24.48	24.12	24.29	223200
2018-04-16	24.34	24.52	24.28	24.45	240000
2018-04-17	24.35	24.43	24.28	24.28	241400
2018-04-18	24.66	24.72	24.38	24.67	260000
2018-04-19	24.57	24.79	24.45	24.53	258000
2018-04-20	24.35	24.53	24.28	24.49	189100
2018-04-23	24.55	24.72	24.11	24.31	216100
2018-04-24	24.20	24.48	23.82	23.82	273100
2018-04-25	24.74	24.76	23.94	24.05	364800
2018-04-26	24.90	24.94	24.63	24.74	383800
2018-04-27	25.44	26.01	25.20	25.56	526600
2018-04-30	25.75	26.06	25.44	25.85	415300
2018-05-01	25.31	25.91	25.03	25.91	468700
2018-05-02	25.67	25.86	25.30	25.30	203600
2018-05-03	25.35	25.79	25.33	25.50	189700
2018-05-04	25.67	25.74	25.11	25.35	225100
2018-05-07	25.90	26.68	25.77	25.97	349000
2018-05-08	26.02	26.07	25.22	25.87	223800
2018-05-09	26.39	26.71	26.24	26.39	268300
2018-05-10	26.83	26.88	26.54	26.64	194800
2018-05-11	26.85	27.04	26.75	26.88	156600
2018-05-14	27.29	27.39	26.92	26.92	198400
2018-05-15	27.07	27.22	26.89	27.22	139100
2018-05-16	26.99	27.18	26.87	26.87	251000
2018-05-17	27.09	27.21	26.88	27.16	406800
2018-05-18	27.05	27.12	26.86	26.97	174700
2018-05-21	27.24	27.34	27.06	27.06	46100
2018-05-22	27.12	27.75	27.04	27.13	246800
2018-05-23	26.82	27.16	26.72	27.16	556200
2018-05-24	26.68	26.94	26.36	26.66	211600
2018-05-25	26.13	26.31	26.04	26.26	135800
2018-05-29	26.68	26.78	25.98	25.98	273800
2018-05-30	27.44	27.58	26.67	26.67	215700
2018-05-31	27.15	27.47	26.80	27.08	380100
2018-06-01	27.15	27.38	27.02	27.11	197000
2018-06-04	26.87	27.48	26.76	27.16	208900
2018-06-05	26.65	26.87	26.46	26.65	230300
2018-06-06	26.42	26.98	26.35	26.78	508800
2018-06-07	27.30	27.35	26.47	26.47	382400
2018-06-08	27.29	27.40	27.09	27.24	267900
2018-06-11	27.66	27.83	27.06	27.17	282400
2018-06-12	27.34	27.74	27.34	27.59	1167000
2018-06-13	27.43	27.73	27.21	27.30	330600
2018-06-14	27.35	27.68	27.33	27.41	290500
2018-06-15	27.35	27.35	26.97	27.24	544200
2018-06-18	27.54	27.69	27.05	27.05	222800
2018-06-19	26.78	27.35	26.77	27.35	342400
2018-06-20	27.07	27.15	26.76	27.02	213200
2018-06-21	26.80	27.30	26.76	26.92	210800
2018-06-22	27.06	27.48	26.85	27.34	349700
2018-06-25	26.65	27.00	26.56	27.00	417500
2018-06-26	27.19	27.45	26.79	26.80	289500
2018-06-27	26.97	27.49	26.97	27.14	272900
2018-06-28	27.10	27.28	26.95	26.99	147600
2018-06-29	27.63	27.69	27.27	27.33	229500
2018-07-02	27.15	27.49	26.91	27.49	128400
2018-07-03	27.42	27.77	27.09	27.44	259200
2018-07-05	27.49	27.79	27.39	27.79	178000
2018-07-06	27.78	27.87	27.05	27.21	330300
2018-07-09	27.83	28.16	27.75	28.16	290200
2018-07-10	27.92	28.13	27.73	28.01	256300
2018-07-11	27.72	28.42	27.62	28.21	448900
2018-07-12	28.03	28.12	27.71	27.71	199300
2018-07-13	28.23	28.35	28.08	28.09	182900
2018-07-16	28.05	28.26	27.58	28.13	273600
2018-07-17	27.72	28.08	27.69	28.08	277100
2018-07-18	27.63	27.78	27.34	27.56	227900
2018-07-19	27.06	27.63	26.65	27.37	414400
2018-07-20	27.05	27.35	26.95	27.22	322300
2018-07-23	26.81	27.16	26.70	27.05	375900
2018-07-24	26.97	27.17	26.74	26.74	254700
2018-07-25	27.57	27.63	26.92	27.24	194500
2018-07-26	28.13	28.18	27.29	27.36	446500
2018-07-27	27.80	27.93	27.04	27.08	426700
2018-07-30	28.12	28.46	27.74	27.74	209500
2018-07-31	28.38	28.42	27.99	28.12	286900
2018-08-01	27.95	28.49	27.95	28.05	213100
2018-08-02	27.49	27.83	27.27	27.83	299800
2018-08-03	27.52	27.61	27.41	27.58	195600
2018-08-06	27.50	28.11	27.38	27.62	95200
2018-08-07	27.16	27.88	27.16	27.87	257900
2018-08-08	27.12	27.15	26.79	27.13	201600
2018-08-09	26.98	27.28	26.90	27.22	226200
2018-08-10	26.53	27.02	26.46	27.02	298400
2018-08-13	26.38	26.70	26.13	26.56	210000
2018-08-14	26.81	26.88	26.44	26.44	174500
2018-08-15	25.83	26.61	25.78	26.61	183500
2018-08-16	25.66	26.16	25.61	25.87	318700
2018-08-17	25.72	25.92	25.55	25.92	142900
2018-08-20	25.85	25.95	25.71	25.76	87500
2018-08-21	25.80	26.16	25.79	25.88	216600
2018-08-22	26.31	26.49	25.92	26.10	254200
2018-08-23	26.28	26.52	26.08	26.12	132900
2018-08-24	26.65	26.93	26.34	26.34	225400
2018-08-27	26.68	26.84	26.52	26.68	176500
2018-08-28	26.25	26.91	26.25	26.90	178300
2018-08-29	26.80	26.86	26.18	26.51	133100
2018-08-30	26.46	26.87	26.17	26.62	184500
2018-08-31	25.93	26.41	25.83	26.41	242200
2018-09-04	25.40	26.06	25.40	26.06	277200
2018-09-05	25.41	25.47	25.01	25.47	230000
2018-09-06	25.24	25.48	25.03	25.47	399100
2018-09-07	24.75	25.06	24.32	24.93	255200
2018-09-10	24.44	24.98	24.39	24.74	165700
2018-09-11	24.07	24.38	24.06	24.38	257200
2018-09-12	24.53	24.57	24.15	24.35	173300
2018-09-13	24.65	24.83	24.45	24.60	203900
2018-09-14	24.83	25.05	24.69	24.84	170600
2018-09-17	24.84	25.19	24.81	24.82	332200
2018-09-18	25.22	25.31	24.85	24.85	158800
2018-09-19	25.28	25.41	25.15	25.39	240100
2018-09-20	25.57	25.63	25.07	25.54	294000
2018-09-21	26.30	26.31	25.65	25.67	319900
2018-09-24	27.13	27.27	26.32	26.32	355500
2018-09-25	27.00	27.56	26.96	27.10	176600
2018-09-26	26.78	27.24	26.74	27.03	280700
2018-09-27	27.16	27.26	26.61	27.11	265300
2018-09-28	26.90	27.24	26.83	27.24	244700
2018-10-01	27.86	27.92	27.06	27.06	183200
2018-10-02	27.65	27.93	27.25	27.86	132800
2018-10-03	28.27	28.37	27.64	27.64	190000
2018-10-04	27.93	28.36	27.74	28.28	209400
2018-10-05	27.98	28.03	27.52	27.52	211900
2018-10-08	28.15	28.40	27.63	27.83	317500
2018-10-09	28.32	28.43	27.75	28.43	344800
2018-10-10	27.29	28.34	27.24	28.34	315400
2018-10-11	27.04	27.64	26.75	27.64	459300
2018-10-12	27.25	27.50	26.91	27.19	417500
2018-10-15	27.88	28.08	27.23	27.44	419400
2018-10-16	28.25	28.72	28.14	28.37	369800
2018-10-17	28.12	28.34	27.68	28.34	175100
2018-10-18	27.44	27.95	27.39	27.95	436400
2018-10-19	27.78	28.41	27.72	28.41	607400
2018-10-22	27.83	27.90	27.57	27.60	426200
2018-10-23	27.11	27.36	26.77	27.34	343500
2018-10-24	26.18	27.52	26.11	27.32	474100
2018-10-25	26.61	26.84	26.22	26.22	391100
2018-10-26	26.37	26.58	25.95	26.16	252700
2018-10-29	25.95	26.64	25.78	26.34	329600
2018-10-30	26.14	26.16	25.66	25.70	293000
2018-10-31	25.96	26.71	25.91	26.39	373300
2018-11-01	26.33	26.58	25.99	26.31	501800
2018-11-02	26.73	27.86	26.34	27.24	465100
2018-11-05	26.80	27.27	26.59	26.59	372200
2018-11-06	26.72	26.94	26.43	26.90	226500
2018-11-07	26.34	27.25	26.27	27.16	330600
2018-11-08	26.36	27.00	26.13	27.00	514000
2018-11-09	25.80	26.16	25.62	25.97	249000
2018-11-12	26.04	26.93	26.02	26.93	419600
2018-11-13	25.48	26.29	25.24	26.11	416800
2018-11-14	26.11	26.21	25.67	25.67	437700
2018-11-15	26.48	26.51	25.76	25.76	332200
2018-11-16	26.50	26.89	26.46	26.62	457300
2018-11-19	26.16	26.34	25.90	26.03	299000
2018-11-20	24.79	25.77	24.54	25.67	282900
2018-11-21	25.27	25.43	24.79	24.98	340700
2018-11-23	24.87	24.99	24.39	24.99	115000
2018-11-26	25.05	25.29	24.93	25.16	241500
2018-11-27	24.92	25.10	24.74	24.93	199400
2018-11-28	25.67	25.77	24.90	25.42	347000
2018-11-29	25.39	25.99	25.36	25.57	572400
2018-11-30	24.91	25.34	24.72	25.14	663200
2018-12-03	24.04	25.71	23.80	25.05	871000
2018-12-04	24.13	24.49	23.86	23.86	516600
2018-12-06	23.62	24.11	23.42	23.69	390600
2018-12-07	23.53	24.33	23.37	23.61	449500
2018-12-10	22.74	23.28	22.54	23.24	342000
2018-12-11	22.31	23.22	22.18	22.99	270100
2018-12-12	22.66	23.18	22.60	22.60	439300
2018-12-13	22.22	22.80	22.11	22.46	427900
2018-12-14	21.67	22.23	21.61	22.01	331300
2018-12-17	21.87	22.24	21.65	21.92	465400
2018-12-18	21.69	22.11	21.63	21.80	376900
2018-12-19	21.64	22.11	21.54	21.68	341800
2018-12-20	21.30	22.10	21.22	21.25	702800
2018-12-21	21.25	21.55	21.17	21.21	737300
2018-12-24	20.60	21.49	20.59	21.45	183800
2018-12-26	21.45	21.53	20.28	20.92	170400
2018-12-27	21.27	21.30	20.70	21.30	319800
2018-12-28	21.37	21.71	21.30	21.30	375500
2018-12-31	21.14	21.62	21.13	21.55	245800
2019-01-02	21.33	21.45	20.79	20.79	386100
2019-01-03	21.09	21.35	20.95	21.35	574800
2019-01-04	21.83	22.11	21.40	22.01	525500
2019-01-07	21.85	21.94	21.43	21.62	532400
2019-01-08	22.15	22.20	21.55	22.00	470000
2019-01-09	22.30	22.49	22.11	22.36	311300
2019-01-10	22.36	22.61	21.91	21.91	442800
2019-01-11	22.25	22.30	22.00	22.26	525700
2019-01-14	22.51	22.66	22.02	22.02	414200
2019-01-15	22.86	22.87	22.50	22.66	501300
2019-01-16	23.04	23.28	22.84	22.84	356800
2019-01-17	23.22	23.27	22.70	22.94	391800
2019-01-18	23.40	23.61	23.30	23.39	442100
2019-01-22	22.81	23.16	22.25	23.07	318600
2019-01-23	22.80	23.01	22.51	22.97	258100
2019-01-24	22.87	22.98	22.66	22.69	405600
2019-01-25	23.28	23.59	23.00	23.00	452800
2019-01-28	23.15	23.15	22.63	22.63	384200
2019-01-29	23.01	23.42	22.97	23.14	435900
2019-01-30	23.65	23.88	23.09	23.27	493400
2019-01-31	23.78	23.99	23.51	23.97	381500
2019-02-01	22.73	24.08	22.43	23.61	521800
2019-02-04	23.20	23.20	22.49	22.49	767700
2019-02-05	23.00	23.32	22.87	23.22	541500
2019-02-06	22.87	23.07	22.75	22.87	496700
2019-02-07	22.63	22.81	22.46	22.76	374300
2019-02-08	22.33	22.70	22.16	22.55	379700
2019-02-11	22.32	22.45	22.03	22.21	290200
2019-02-12	22.56	22.70	22.45	22.65	211000
2019-02-13	22.50	22.85	22.46	22.51	252700
2019-02-14	22.30	22.49	22.22	22.22	470900
2019-02-15	22.81	22.90	22.45	22.49	409600
2019-02-19	23.22	23.34	22.63	22.63	210200
2019-02-20	23.10	23.30	23.03	23.23	229800
2019-02-21	22.75	23.08	22.72	22.88	152700
2019-02-22	22.85	23.07	22.85	22.88	182200
2019-02-25	22.72	23.01	22.67	22.77	194800
2019-02-26	22.59	22.80	22.47	22.55	227200
2019-02-27	22.82	23.01	22.56	22.75	116300
2019-02-28	22.61	22.76	22.38	22.76	269000
2019-03-01	22.41	22.79	22.33	22.65	460100
2019-03-04	22.87	22.92	22.42	22.74	331900
2019-03-05	22.74	23.00	22.70	22.94	393500
2019-03-06	22.80	22.80	22.53	22.77	299900
2019-03-07	22.89	22.96	22.65	22.91	193800
2019-03-08	22.88	22.95	22.34	22.69	407600
2019-03-11	22.72	23.11	22.68	23.02	243600
2019-03-12	22.87	23.09	22.82	22.82	225300
2019-03-13	23.20	23.21	22.93	23.07	376700
2019-03-14	23.18	23.56	23.14	23.56	230000
2019-03-15	22.92	23.65	22.79	23.04	687300
2019-03-18	23.36	23.41	22.92	23.08	220900
2019-03-19	23.14	23.52	23.07	23.22	300000
2019-03-20	23.38	23.60	22.85	23.05	293400
2019-03-21	23.38	23.52	23.18	23.37	236500
2019-03-22	22.79	23.29	22.67	23.29	201600
2019-03-25	22.48	22.90	22.41	22.90	259700
2019-03-26	22.86	23.03	22.58	22.58	331600
2019-03-27	22.55	23.05	22.52	22.94	361800
2019-03-28	22.89	23.02	22.53	22.53	273000
2019-03-29	22.97	24.34	22.87	24.34	335900
2019-04-01	23.07	23.20	22.94	23.05	228900
2019-04-02	23.04	23.18	22.82	23.18	294300
2019-04-03	22.74	23.19	22.68	23.14	302500
2019-04-04	22.69	22.84	22.53	22.80	163700
2019-04-05	22.94	22.98	22.75	22.77	722400
2019-04-08	23.63	23.65	23.02	23.02	513800
2019-04-09	23.60	23.74	23.35	23.60	402500
2019-04-10	24.32	24.37	23.52	23.52	560100
2019-04-11	24.32	24.43	24.03	24.13	557800
2019-04-12	24.39	24.61	24.28	24.58	465200
2019-04-15	24.38	24.67	24.20	24.29	429600
2019-04-16	24.72	24.77	24.45	24.72	354700
2019-04-17	24.77	25.06	24.68	24.82	367200
2019-04-18	24.71	24.86	24.42	24.79	377600
2019-04-22	24.92	24.98	24.77	24.90	292300
2019-04-23	25.24	25.26	24.80	24.88	357100
2019-04-24	24.84	25.50	24.80	25.31	532100
2019-04-25	24.89	25.24	24.62	24.90	472400
2019-04-26	24.45	24.62	23.77	24.30	444800
2019-04-29	24.39	24.63	24.21	24.51	342900
2019-04-30	24.41	24.66	24.34	24.44	301500
2019-05-01	24.13	24.53	24.13	24.30	383200
2019-05-02	23.87	24.16	23.85	23.99	292300
2019-05-03	24.13	24.15	23.87	23.97	322900
2019-05-06	24.05	24.06	23.64	23.87	271500
2019-05-07	23.78	23.79	23.42	23.79	268700
2019-05-08	23.96	24.28	23.67	23.68	425800
2019-05-09	23.94	24.00	23.58	23.78	537300
2019-05-10	23.80	23.97	23.47	23.96	372300
2019-05-13	23.26	23.73	23.22	23.64	325500
2019-05-14	23.52	23.57	23.31	23.31	358600
2019-05-15	23.61	23.73	23.26	23.34	145900
2019-05-16	23.70	23.91	23.57	23.76	141700
2019-05-17	23.48	23.68	23.44	23.53	139300
2019-05-20	23.65	23.80	23.44	23.44	207800
2019-05-21	23.72	23.81	23.50	23.81	162600
2019-05-22	23.47	23.63	23.36	23.58	147400
2019-05-23	22.74	23.23	22.44	23.23	221500
2019-05-24	22.95	23.04	22.78	22.86	237200
2019-05-28	22.87	23.10	22.87	23.00	304900
2019-05-29	22.90	22.99	22.56	22.61	170000
2019-05-30	22.81	23.01	22.69	22.91	251900
2019-05-31	22.57	22.73	22.44	22.64	189400
2019-06-03	22.59	22.84	22.34	22.69	256900
2019-06-04	22.54	22.75	22.47	22.60	249200
2019-06-05	22.82	22.96	22.52	22.56	399200
2019-06-06	23.03	23.15	22.84	22.84	265200
2019-06-07	23.14	23.28	22.91	23.09	272900
2019-06-10	23.10	23.29	23.00	23.14	141900
2019-06-11	22.91	23.29	22.84	23.19	359400
2019-06-12	22.81	23.12	22.74	22.86	246200
2019-06-13	22.78	23.03	22.66	23.03	269500
2019-06-14	22.79	23.04	22.60	22.85	315400
2019-06-17	23.02	23.04	22.68	22.70	134900
2019-06-18	23.16	23.24	23.08	23.16	175600
2019-06-19	23.35	23.49	23.06	23.12	137300
2019-06-20	23.94	24.15	23.61	23.70	201000
2019-06-21	23.50	24.09	23.42	24.09	213500
2019-06-24	23.44	23.68	23.34	23.46	162600
2019-06-25	23.34	23.70	23.30	23.44	140700
2019-06-26	23.57	23.73	23.31	23.54	149400
2019-06-27	23.14	23.68	23.03	23.49	175000
2019-06-28	23.36	23.46	23.13	23.46	299400
2019-07-01	23.25	23.80	23.16	23.61	131900
2019-07-02	23.18	23.44	22.91	23.28	194200
2019-07-03	23.13	23.30	22.80	23.15	181500
2019-07-05	23.21	23.25	23.01	23.18	132800
2019-07-08	23.34	23.51	23.22	23.41	317200
2019-07-09	23.63	23.69	23.13	23.20	190200
2019-07-10	23.79	23.97	23.62	23.76	323000
2019-07-11	24.00	24.18	23.71	23.91	197900
2019-07-12	24.12	24.27	23.94	24.05	530900
2019-07-15	24.11	24.27	24.01	24.12	307200
2019-07-16	23.86	24.22	23.81	24.07	319300
2019-07-17	23.58	23.91	23.46	23.84	180300
2019-07-18	23.42	23.51	23.14	23.47	218000
2019-07-19	23.51	23.56	22.96	23.34	359000
2019-07-22	23.77	23.91	23.58	23.60	300800
2019-07-23	23.84	23.93	23.73	23.77	162100
2019-07-24	23.96	24.06	23.72	23.72	301900
2019-07-25	23.16	24.09	23.05	24.02	366800
2019-07-26	23.06	23.29	23.02	23.21	327600
2019-07-29	23.13	23.19	22.93	22.97	257200
2019-07-30	23.35	23.46	22.89	23.01	170700
2019-07-31	23.13	23.72	23.00	23.46	243000
2019-08-01	22.66	23.02	22.55	22.84	363800
2019-08-02	21.86	23.23	21.67	22.94	610400
2019-08-05	21.13	21.57	20.98	21.57	368800
2019-08-06	21.12	21.61	20.87	21.04	534300
2019-08-07	20.84	20.94	20.55	20.73	289600
2019-08-08	21.12	21.19	20.90	21.01	258800
2019-08-09	21.07	21.31	21.05	21.17	248800
2019-08-12	21.04	21.23	21.01	21.10	216500
2019-08-13	21.07	21.40	20.97	20.98	363200
2019-08-14	20.51	20.82	20.50	20.80	293900
2019-08-15	20.49	20.65	20.32	20.47	268600
2019-08-16	20.79	20.91	20.47	20.47	163100
2019-08-19	20.97	21.01	20.78	20.85	134600
2019-08-20	20.68	21.00	20.68	21.00	173600
2019-08-21	20.75	20.96	20.74	20.81	171200
2019-08-22	20.58	20.91	20.58	20.91	133000
2019-08-23	20.09	20.60	20.02	20.50	241900
2019-08-26	20.31	20.46	20.20	20.22	156500
2019-08-27	20.10	20.42	20.09	20.42	207300
2019-08-28	20.53	20.58	20.16	20.25	132400
2019-08-29	20.69	20.95	20.62	20.70	231100
2019-08-30	20.71	20.90	20.53	20.78	227900
2019-09-03	20.72	20.77	20.44	20.50	288900
2019-09-04	21.09	21.32	20.89	20.89	376200
2019-09-05	21.45	21.61	21.12	21.12	192000
2019-09-06	21.68	21.73	21.31	21.38	118700
2019-09-09	22.02	22.24	21.79	21.89	432100
2019-09-10	22.64	22.65	22.08	22.23	203700
2019-09-11	22.86	22.87	22.44	22.55	328700
2019-09-12	22.60	22.87	22.28	22.73	283700
2019-09-13	22.59	22.73	22.36	22.65	147100
2019-09-16	23.30	23.72	23.18	23.29	321800
2019-09-17	23.45	23.61	22.96	23.27	321500
2019-09-18	23.56	23.66	23.26	23.34	299000
2019-09-19	23.39	23.67	23.34	23.59	169300
2019-09-20	23.16	23.51	23.08	23.35	259000
2019-09-23	23.22	23.35	23.05	23.05	152200
2019-09-24	22.87	23.23	22.76	23.17	204400
2019-09-25	22.69	22.89	22.67	22.79	118700
2019-09-26	22.38	22.59	21.28	21.28	208700
2019-09-27	22.37	22.58	22.30	22.34	114900
2019-09-30	22.13	22.46	22.13	22.26	167300
2019-10-01	21.81	22.35	21.79	22.14	150600
2019-10-02	21.28	21.81	21.19	21.81	168300
2019-10-03	21.01	21.19	20.77	21.19	298500
2019-10-04	21.18	21.19	20.86	21.17	163000
2019-10-07	21.15	21.51	21.15	21.15	248400
2019-10-08	20.49	21.06	20.44	20.89	207500
2019-10-09	20.21	20.54	20.11	20.49	303400
2019-10-10	20.29	20.47	20.23	20.23	157900
2019-10-11	20.83	21.02	20.45	20.45	247500
2019-10-14	20.64	20.72	20.51	20.60	50500
2019-10-15	20.84	21.25	20.60	20.65	193500
2019-10-16	20.78	20.92	20.68	20.83	96000
2019-10-17	21.07	21.15	20.77	20.77	194700
2019-10-18	21.00	21.11	20.77	21.11	265900
2019-10-21	21.43	21.54	20.94	20.94	250100
2019-10-22	21.55	21.77	21.26	21.60	135400
2019-10-23	21.61	21.68	21.41	21.41	205500
2019-10-24	21.41	21.68	21.20	21.62	194400
2019-10-25	21.66	21.68	21.34	21.45	300100
2019-10-28	21.57	21.87	21.57	21.68	167200
2019-10-29	21.51	21.54	21.27	21.54	118900
2019-10-30	21.13	21.49	21.06	21.47	280600
2019-10-31	21.14	21.24	20.80	21.04	294600
2019-11-01	21.45	21.79	20.98	20.98	654200
2019-11-04	21.82	21.85	21.47	21.48	277100
2019-11-05	22.54	22.59	21.85	21.85	511800
2019-11-06	22.43	22.65	22.27	22.54	393100
2019-11-07	22.79	22.91	22.50	22.50	289400
2019-11-08	22.68	22.74	22.52	22.70	146600
2019-11-11	22.77	22.82	22.52	22.52	347900
2019-11-12	22.02	22.85	21.95	22.80	398000
2019-11-13	21.59	21.88	20.87	21.59	284700
2019-11-14	21.23	21.69	21.07	21.69	276800
2019-11-15	21.91	21.95	21.23	21.23	375600
2019-11-18	21.34	21.79	21.23	21.78	145900
2019-11-19	21.12	21.48	21.08	21.31	198100
2019-11-20	21.13	21.33	20.86	21.11	185400
2019-11-21	21.40	21.42	21.11	21.21	140100
2019-11-22	21.26	21.53	21.20	21.50	127700
2019-11-25	21.45	21.45	21.17	21.25	163200
2019-11-26	21.49	21.57	21.34	21.51	210000
2019-11-27	21.68	21.69	21.34	21.57	214000
2019-11-29	21.40	21.50	21.28	21.49	72100
2019-12-02	21.34	21.43	21.16	21.22	170300
2019-12-03	20.64	21.37	20.63	21.30	284900
2019-12-04	21.01	21.12	20.69	20.73	241000
2019-12-05	20.95	21.16	20.90	21.05	173200
2019-12-06	21.55	21.55	20.90	20.90	251200
2019-12-09	21.46	21.79	21.26	21.39	186000
2019-12-10	21.59	21.66	21.37	21.53	235300
2019-12-11	21.58	21.70	21.48	21.58	173400
2019-12-12	21.77	21.97	21.46	21.65	322500
2019-12-13	21.65	21.89	21.45	21.72	211800
2019-12-16	21.67	21.91	21.63	21.70	207300
2019-12-17	21.73	21.92	21.53	21.57	521200
2019-12-18	21.91	22.01	21.61	21.61	634800
2019-12-19	22.24	22.32	21.85	21.96	335700
2019-12-20	22.11	22.42	22.09	22.25	400800
2019-12-23	22.51	22.51	22.04	22.09	325900
2019-12-24	22.47	22.56	22.38	22.48	83500
2019-12-26	22.63	22.74	22.45	22.46	99500
2019-12-27	22.52	22.80	22.48	22.80	261000
2019-12-30	22.60	22.71	22.41	22.41	176700
2019-12-31	22.65	22.77	22.51	22.51	135300
2020-01-02	22.76	22.91	22.62	22.68	140900
2020-01-03	22.72	22.97	22.69	22.91	355100
2020-01-06	23.04	23.04	22.76	22.77	218400
2020-01-07	22.71	22.91	22.51	22.91	150300
2020-01-08	22.76	23.09	22.62	22.70	312900
2020-01-09	22.99	23.03	22.43	22.74	682800
2020-01-10	22.98	23.15	22.87	23.15	221800
2020-01-13	22.99	23.03	22.75	22.87	250300
2020-01-14	22.95	23.11	22.91	23.07	259200
2020-01-15	22.99	23.10	22.91	22.96	184000
2020-01-16	23.39	23.45	23.04	23.04	256200
2020-01-17	23.20	23.47	23.15	23.47	299100
2020-01-21	22.44	23.10	22.44	23.10	464800
2020-01-22	22.29	22.51	22.25	22.51	242300
2020-01-23	22.24	22.24	21.88	22.19	222300
2020-01-24	21.86	22.25	21.64	22.25	246100
2020-01-27	21.14	21.63	21.12	21.45	464400
2020-01-28	21.26	21.51	21.17	21.25	220600
2020-01-29	21.13	21.55	21.13	21.34	236700
2020-01-30	20.90	21.12	20.75	21.07	440600
2020-01-31	20.26	20.98	20.11	20.63	695800
2020-02-03	19.77	20.30	19.69	20.30	563600
2020-02-04	19.83	20.13	19.74	19.99	448800
2020-02-05	20.47	20.52	20.06	20.06	797200
2020-02-06	20.43	20.54	20.18	20.43	254400
2020-02-07	20.10	20.27	19.94	20.25	347800
2020-02-10	19.96	20.01	19.81	20.00	237700
2020-02-11	20.19	20.39	20.06	20.18	303000
2020-02-12	20.65	20.71	20.28	20.40	325200
2020-02-13	20.48	20.55	20.29	20.55	232000
2020-02-14	20.54	20.66	20.41	20.53	203600
2020-02-18	20.47	20.66	20.21	20.44	241900
2020-02-19	20.75	20.84	20.51	20.66	202800
2020-02-20	20.72	20.93	20.71	20.84	278600
2020-02-21	20.46	20.67	20.37	20.63	178100
2020-02-24	20.08	20.22	19.75	19.93	622000
2020-02-25	19.80	20.32	19.74	20.13	615200
2020-02-26	19.00	20.02	18.96	19.80	551000
2020-02-27	18.64	18.83	18.08	18.61	729100
2020-02-28	18.77	18.79	17.59	18.22	1754500
2020-03-02	19.37	19.40	18.66	18.95	1438000
2020-03-03	19.05	19.51	18.94	19.35	784000
2020-03-04	19.29	19.52	18.99	19.21	556600
2020-03-05	18.90	19.32	18.61	18.99	532500
2020-03-06	18.15	18.71	17.82	18.43	912000
2020-03-09	14.87	16.21	14.15	14.53	810800
2020-03-10	14.66	15.75	14.01	15.71	1011400
2020-03-11	12.57	14.46	12.50	14.27	1172000
2020-03-12	10.31	11.82	10.02	11.65	1215600
2020-03-13	11.12	11.13	9.97	10.70	855500
2020-03-16	9.38	10.69	9.06	10.69	1928600
2020-03-17	7.66	9.48	7.25	9.48	2154900
2020-03-18	6.75	7.24	6.07	7.24	1884000
2020-03-19	7.79	8.12	6.67	6.84	2007500
2020-03-20	7.76	8.65	7.62	7.99	3020600
2020-03-23	7.49	8.10	7.44	7.85	1918200
2020-03-24	8.47	8.52	7.86	7.86	1348400
2020-03-25	9.09	9.51	8.28	8.38	1644300
2020-03-26	8.84	9.78	8.76	9.02	1751600
2020-03-27	8.16	8.83	8.04	8.83	1299700
2020-03-30	9.05	9.15	7.44	7.47	1965200
2020-03-31	9.72	10.35	9.14	9.14	2526000
2020-04-01	9.49	10.12	8.89	9.36	2013800
2020-04-02	10.56	11.01	9.70	9.80	1753300
2020-04-03	10.34	11.24	9.96	11.24	1270100
2020-04-06	10.50	10.86	10.21	10.86	981000
2020-04-07	10.55	11.36	10.53	11.36	1211700
2020-04-08	11.13	11.16	10.57	10.57	1130800
2020-04-09	11.14	12.03	11.00	12.03	1589100
2020-04-13	10.91	11.54	10.88	11.54	697600
2020-04-14	10.80	11.17	10.62	10.90	1021800
2020-04-15	10.03	10.72	9.71	10.72	1069600
2020-04-16	9.69	10.28	9.64	10.21	798400
2020-04-17	10.59	10.61	9.60	9.91	1100500
2020-04-20	10.45	10.78	9.80	10.13	1124300
2020-04-21	10.58	10.62	9.81	10.19	1196700
2020-04-22	10.96	11.16	10.66	11.11	1301500
2020-04-23	11.17	11.74	11.13	11.31	909700
2020-04-24	11.33	11.68	11.12	11.68	782500
2020-04-27	11.59	11.73	11.00	11.43	1210400
2020-04-28	12.40	12.56	11.83	12.07	1062600
2020-04-29	14.07	14.10	12.90	12.90	1127300
2020-04-30	13.96	14.30	13.55	13.89	1895000
2020-05-01	13.34	13.84	13.03	13.43	1556500
2020-05-04	13.49	13.61	12.71	12.93	1861600
2020-05-05	13.09	14.57	13.06	14.11	1170700
2020-05-06	12.66	13.40	12.58	13.09	914400
2020-05-07	12.81	13.29	12.65	12.93	917400
2020-05-08	13.15	13.21	12.89	13.21	675200
2020-05-11	12.91	13.19	12.79	13.15	744200
2020-05-12	12.92	13.34	12.92	12.95	676400
2020-05-13	12.06	13.04	11.97	12.81	731100
2020-05-14	12.10	12.36	11.41	11.70	689000
2020-05-15	12.32	12.47	11.95	12.09	696700
2020-05-18	13.32	13.36	12.63	12.93	457500
2020-05-19	12.93	13.53	12.89	13.53	630500
2020-05-20	13.46	13.54	13.12	13.16	1994200
2020-05-21	13.38	13.71	13.03	13.69	864800
2020-05-22	13.15	13.41	12.96	13.41	558000
2020-05-26	13.91	13.96	13.42	13.69	903200
2020-05-27	14.26	14.28	13.69	14.28	590800
2020-05-28	13.83	14.34	13.78	14.30	519100
2020-05-29	13.46	13.84	13.26	13.84	823300
2020-06-01	14.13	14.17	13.28	13.46	677500
2020-06-02	14.57	14.65	13.95	13.95	713900
2020-06-03	14.92	14.98	14.61	14.80	531200
2020-06-04	15.15	15.25	14.58	14.84	539600
2020-06-05	16.11	16.25	15.75	15.85	1053600
2020-06-08	17.12	17.16	16.19	16.71	885700
2020-06-09	16.68	16.85	16.25	16.76	548400
2020-06-10	15.93	16.60	15.82	16.60	795700
2020-06-11	14.45	15.35	14.28	14.90	936500
2020-06-12	14.85	15.30	14.54	15.06	383600
2020-06-15	15.06	15.19	14.23	14.40	533500
2020-06-16	15.20	15.81	15.05	15.76	975800
2020-06-17	14.50	15.22	14.49	15.22	1908600
2020-06-18	14.39	14.87	14.32	14.50	709800
2020-06-19	14.03	14.76	13.94	14.72	1182100
2020-06-22	14.06	14.21	13.87	13.95	1987900
2020-06-23	14.32	14.60	14.12	14.48	573800
2020-06-24	13.70	14.11	13.52	14.09	714800
2020-06-25	13.70	14.22	13.46	13.46	1404500
2020-06-26	13.41	13.67	13.23	13.67	677200
2020-06-29	13.77	13.99	13.29	13.50	508300
2020-06-30	13.97	14.10	13.47	13.76	1021500
2020-07-01	13.59	14.28	13.50	14.08	390000
2020-07-02	13.83	14.30	13.67	13.90	426400
2020-07-06	14.10	14.21	13.77	14.07	652600
2020-07-07	13.80	14.15	13.78	14.10	465200
2020-07-08	13.45	14.03	13.40	13.74	519100
2020-07-09	13.02	13.67	12.82	13.67	781800
2020-07-10	13.39	13.40	12.98	13.04	415200
2020-07-13	13.44	13.57	13.24	13.33	586600
2020-07-14	14.09	14.12	13.30	13.52	539300
2020-07-15	14.48	14.60	14.26	14.36	372800
2020-07-16	14.30	14.59	14.20	14.47	227200
2020-07-17	14.15	14.51	14.06	14.51	287500
2020-07-20	13.92	14.32	13.86	14.08	434400
2020-07-21	15.15	15.29	14.19	14.19	649500
2020-07-22	14.77	15.06	14.54	15.06	597500
2020-07-23	14.59	14.76	14.31	14.69	542200
2020-07-24	14.54	14.74	14.45	14.65	351500
2020-07-27	14.75	14.85	14.38	14.59	397900
2020-07-28	14.22	14.75	14.17	14.69	393400
2020-07-29	14.63	14.65	14.07	14.32	371800
2020-07-30	14.21	14.37	13.82	14.32	431000
2020-07-31	13.60	14.36	13.47	14.01	577800
2020-08-03	13.71	13.92	13.46	13.60	310500
2020-08-04	14.28	14.52	13.72	13.72	607600
2020-08-05	14.53	15.35	14.52	15.02	528900
2020-08-06	14.41	14.75	14.36	14.56	351800
2020-08-07	14.14	14.28	14.01	14.28	612100
2020-08-10	14.54	14.57	14.19	14.27	440000
2020-08-11	14.70	15.41	14.61	14.80	648600
2020-08-12	15.03	15.19	14.83	14.86	332000
2020-08-13	14.88	15.16	14.78	15.00	583700
2020-08-14	14.83	14.85	14.63	14.75	889500
2020-08-17	14.91	14.95	14.72	14.93	278400
2020-08-18	14.68	15.08	14.65	14.82	273600
2020-08-19	14.53	14.77	14.52	14.64	387700
2020-08-20	14.42	14.59	14.28	14.40	299000
2020-08-21	14.14	14.38	14.06	14.38	583700
2020-08-24	14.81	14.81	14.28	14.28	373500
2020-08-25	14.88	15.05	14.67	15.01	267400
2020-08-26	14.63	14.88	14.50	14.88	382300
2020-08-27	14.54	14.69	14.21	14.64	434000
2020-08-28	14.71	14.75	14.48	14.56	366500
2020-08-31	14.30	14.73	14.30	14.71	583500
2020-09-01	14.40	14.76	14.17	14.25	524000
2020-09-02	13.93	14.45	13.86	14.33	668300
2020-09-03	14.03	14.37	13.86	13.91	420300
2020-09-04	14.07	14.28	13.93	14.21	408800
2020-09-08	13.06	13.79	13.03	13.66	578900
2020-09-09	13.22	13.42	13.10	13.22	435100
2020-09-10	12.78	13.30	12.76	13.25	459600
2020-09-11	12.84	12.90	12.62	12.82	399600
2020-09-14	12.68	12.91	12.53	12.91	479200
2020-09-15	12.67	13.00	12.62	12.77	370600
2020-09-16	12.91	13.14	12.66	12.76	899500
2020-09-17	12.61	12.76	12.45	12.76	484900
2020-09-18	12.32	12.65	12.26	12.65	717100
2020-09-21	11.65	12.08	11.53	12.05	391300
2020-09-22	11.67	11.97	11.53	11.67	236900
2020-09-23	11.11	11.74	11.06	11.74	463600
2020-09-24	11.13	11.31	10.86	11.12	471600
2020-09-25	10.81	11.06	10.71	11.05	428600
2020-09-28	10.98	11.19	10.94	11.00	599000
2020-09-29	10.60	11.02	10.39	11.02	526500
2020-09-30	10.52	10.79	10.50	10.66	548000
2020-10-01	10.15	10.68	10.05	10.49	805500
2020-10-02	10.28	10.35	9.82	9.90	892500
2020-10-05	10.46	10.58	10.20	10.48	884000
2020-10-06	10.40	10.78	10.29	10.66	470400
2020-10-07	10.62	10.71	10.40	10.43	505800
2020-10-08	11.29	11.36	10.76	10.80	520100
2020-10-09	11.08	11.52	10.99	11.43	383700
2020-10-12	10.93	11.08	10.87	11.03	301400
2020-10-13	10.92	11.15	10.83	10.94	399700
2020-10-14	10.94	11.30	10.92	11.02	439700
2020-10-15	10.99	11.05	10.57	10.73	589200
2020-10-16	10.93	11.13	10.68	10.99	400700
2020-10-19	10.99	11.28	10.86	11.09	563400
2020-10-20	11.37	11.42	11.00	11.13	473300
2020-10-21	11.14	11.36	11.01	11.34	568300
2020-10-22	11.59	11.60	11.03	11.21	407000
2020-10-23	11.84	11.88	11.59	11.70	833600
2020-10-26	11.53	11.70	11.33	11.42	585000
2020-10-27	11.41	11.59	11.32	11.50	513900
2020-10-28	10.90	11.18	10.79	11.11	423600
2020-10-29	11.02	11.09	10.52	10.76	589000
2020-10-30	11.73	11.80	10.94	11.01	993000
2020-11-02	12.28	12.46	11.56	11.56	1072800
2020-11-03	12.65	12.70	12.23	12.58	1274300
2020-11-04	12.49	12.91	12.33	12.67	534700
2020-11-05	12.54	12.94	12.46	12.46	600000
2020-11-06	12.43	12.82	12.40	12.58	689400
2020-11-09	14.59	14.86	13.37	13.52	867300
2020-11-10	14.88	14.88	14.32	14.80	534000
2020-11-11	14.96	15.15	14.76	15.01	424800
2020-11-12	14.26	14.79	14.10	14.74	407100
2020-11-13	14.16	14.74	14.06	14.30	802900
2020-11-16	14.99	15.03	14.54	14.54	757600
2020-11-17	15.22	15.24	14.48	14.80	1256000
2020-11-18	15.13	15.61	15.10	15.38	670600
2020-11-19	15.21	15.32	14.50	15.06	743500
2020-11-20	15.17	15.30	14.98	15.30	551200
2020-11-23	16.17	16.20	15.46	15.46	686300
2020-11-24	16.89	17.08	16.57	16.62	480000
2020-11-25	16.45	16.77	16.32	16.71	524600
2020-11-27	16.55	16.71	16.32	16.56	231300
2020-11-30	15.26	16.46	15.24	16.46	491500
2020-12-01	15.57	15.90	15.52	15.65	640900
2020-12-02	15.65	16.04	15.55	15.62	632700
2020-12-03	16.00	16.14	15.56	15.66	399500
2020-12-04	16.87	16.98	16.14	16.33	350400
2020-12-07	16.89	16.89	16.29	16.79	526500
2020-12-08	17.07	17.11	16.56	16.73	353200
2020-12-09	17.17	17.53	16.97	17.29	713600
2020-12-10	17.82	17.92	17.24	17.26	631900
2020-12-11	17.62	17.68	17.30	17.55	467400
2020-12-14	17.05	18.16	17.05	18.16	392100
2020-12-15	17.35	17.49	16.94	16.94	256200
2020-12-16	16.97	17.47	16.96	17.47	281100
2020-12-17	17.03	17.22	16.79	17.17	332700
2020-12-18	17.02	17.19	16.79	17.07	389500
2020-12-21	16.48	16.71	16.07	16.47	417400
2020-12-22	16.22	16.46	16.15	16.46	260500
2020-12-23	16.96	17.03	16.33	16.33	317600
2020-12-24	16.96	17.11	16.72	17.11	130200
2020-12-28	16.83	17.29	16.77	17.08	155300
2020-12-29	16.97	17.29	16.94	16.97	325100
2020-12-30	17.17	17.51	16.93	17.05	362300
2020-12-31	16.90	17.50	16.85	17.18	480200
2021-01-04	17.20	17.45	16.96	16.96	534300
2021-01-05	18.70	18.87	17.47	17.47	716400
2021-01-06	19.24	19.51	18.74	18.96	824900
2021-01-07	19.55	19.71	19.05	19.51	393500
2021-01-08	19.35	19.86	19.10	19.86	647400
2021-01-11	19.19	19.21	18.76	18.88	273800
2021-01-12	19.30	19.43	19.11	19.34	587300
2021-01-13	18.93	19.25	18.65	19.25	284100
2021-01-14	19.60	19.81	18.77	19.13	562400
2021-01-15	18.67	19.27	18.64	19.17	260400
2021-01-19	18.80	18.96	18.52	18.52	365300
2021-01-20	18.85	19.07	18.62	19.00	352200
2021-01-21	18.40	18.90	18.18	18.74	192200
2021-01-22	17.90	18.13	17.77	17.99	263700
2021-01-25	18.07	18.09	17.47	17.77	271300
2021-01-26	17.21	18.52	17.15	18.22	505900
2021-01-27	16.97	17.38	16.64	16.88	512700
2021-01-28	17.26	17.48	16.83	17.21	534800
2021-01-29	16.89	17.51	16.79	17.18	520700
2021-02-01	17.38	17.45	16.97	17.05	386900
2021-02-02	16.81	17.67	16.75	17.25	834900
2021-02-03	17.63	17.81	16.98	17.33	439900
2021-02-04	17.99	18.36	17.20	17.79	945400
2021-02-05	17.97	18.32	17.79	18.21	368100
2021-02-08	18.10	18.29	17.86	18.20	412000
2021-02-09	17.92	18.10	17.64	17.94	309100
2021-02-10	18.20	18.23	17.94	18.04	578800
2021-02-11	17.85	18.29	17.70	18.29	826500
2021-02-12	18.02	18.03	17.63	17.66	757900
2021-02-16	18.64	18.72	17.98	18.39	552100
2021-02-17	18.67	18.89	18.32	18.56	362700
2021-02-18	18.30	18.81	18.25	18.81	314100
2021-02-19	18.76	18.81	18.32	18.42	518500
2021-02-22	20.11	20.28	18.84	18.88	1026500
2021-02-23	20.13	20.49	19.65	20.24	454600
2021-02-24	20.61	20.82	20.00	20.24	524100
2021-02-25	20.14	20.78	20.09	20.67	399100
2021-02-26	19.51	19.93	19.31	19.93	470900
2021-03-01	19.74	20.15	19.70	19.88	568400
2021-03-02	19.81	20.27	19.81	20.12	609600
2021-03-03	20.34	20.74	19.95	20.06	668900
2021-03-04	20.58	21.01	20.09	20.38	1078700
2021-03-05	21.19	21.46	20.74	20.95	660400
2021-03-08	21.63	22.04	21.34	21.74	754900
2021-03-09	21.97	22.32	21.33	21.63	887700
2021-03-10	22.56	22.76	21.90	22.10	529700
2021-03-11	22.88	23.23	22.71	22.75	538100
2021-03-12	23.13	23.47	22.76	22.87	583200
2021-03-15	22.71	23.11	22.40	22.93	580200
2021-03-16	22.08	22.46	21.73	22.46	1083500
2021-03-17	22.22	22.25	21.82	21.90	692900
2021-03-18	21.20	22.14	21.01	22.10	641600
2021-03-19	21.34	21.53	20.87	21.12	768400
2021-03-22	21.02	21.57	21.01	21.42	411100
2021-03-23	20.37	21.18	20.35	20.65	1740100
2021-03-24	21.51	22.06	20.70	20.75	1118200
2021-03-25	21.72	21.76	20.92	21.37	988500
2021-03-26	22.10	22.56	21.85	21.98	622800
2021-03-29	22.12	22.36	21.73	21.92	1036200
2021-03-30	22.08	22.28	21.80	22.03	402400
2021-03-31	21.65	22.11	21.58	22.00	454100
2021-04-01	22.56	22.57	21.39	21.67	711700
2021-04-05	22.22	22.56	21.95	22.54	904400
2021-04-06	22.40	22.68	22.13	22.31	531900
2021-04-07	22.48	22.57	22.07	22.07	461000
2021-04-08	22.49	22.68	22.11	22.42	644900
2021-04-09	22.13	22.66	22.11	22.45	406100
2021-04-12	22.78	22.96	22.14	22.16	731300
2021-04-13	22.62	22.96	22.30	22.82	542700
2021-04-14	23.08	23.28	22.72	22.72	851600
2021-04-15	22.89	23.15	22.68	23.15	375300
2021-04-16	22.87	23.23	22.84	23.01	491300
2021-04-19	22.71	23.12	22.64	22.95	334900
2021-04-20	22.22	22.66	22.01	22.60	545100
2021-04-21	22.84	22.84	21.96	21.96	400100
2021-04-22	22.36	22.88	22.19	22.88	388700
2021-04-23	22.83	22.83	22.33	22.45	433500
2021-04-26	22.87	23.12	22.68	22.81	480600
2021-04-27	23.17	23.30	22.87	22.88	265000
2021-04-28	24.18	24.30	23.23	23.28	585100
2021-04-29	24.75	24.85	24.02	24.48	579200
2021-04-30	25.92	26.03	24.28	25.06	2177000
2021-05-03	27.32	27.34	26.06	26.38	1554900
2021-05-04	26.64	27.63	26.54	27.36	1095600
2021-05-05	27.29	27.39	26.86	26.86	1458500
2021-05-06	27.81	28.09	27.43	27.43	980500
2021-05-07	28.08	28.33	27.26	27.44	1715100
2021-05-10	27.76	28.59	27.76	28.31	945200
2021-05-11	27.75	27.99	26.81	26.81	1506800
2021-05-12	27.86	28.26	27.61	27.74	1159400
2021-05-13	28.27	28.51	27.34	27.64	1141200
2021-05-14	28.69	29.12	28.55	28.58	468500
2021-05-17	29.59	29.63	28.62	28.62	880300
2021-05-18	29.23	29.75	28.95	29.46	446000
2021-05-19	28.23	28.86	27.99	28.51	567100
2021-05-20	28.70	28.86	28.06	28.23	630000
2021-05-21	29.02	29.56	28.72	28.72	641000
2021-05-24	28.97	29.33	28.55	28.99	403900
2021-05-25	28.78	29.63	28.60	28.90	634800
2021-05-26	29.20	29.28	28.48	28.55	627800
2021-05-27	29.74	29.76	29.29	29.34	469700
2021-05-28	29.55	30.03	29.49	29.77	473100
2021-06-01	30.80	31.51	30.03	30.03	755900
2021-06-02	30.68	31.01	30.47	31.01	958100
2021-06-03	30.40	30.92	30.35	30.67	685500
2021-06-04	30.70	30.83	30.14	30.57	486300
2021-06-07	30.87	31.10	30.56	30.70	341200
2021-06-08	30.55	30.95	30.51	30.80	550800
2021-06-09	30.74	30.97	30.32	30.59	474000
2021-06-10	31.12	31.51	30.78	31.05	753600
2021-06-11	30.59	31.38	30.54	31.08	544900
2021-06-14	30.43	30.94	30.38	30.59	636100
2021-06-15	30.83	30.94	30.42	30.42	383500
2021-06-16	30.52	30.89	30.42	30.68	558600
2021-06-17	28.73	30.46	28.53	30.46	772500
2021-06-18	28.18	28.68	27.84	28.10	1018600
2021-06-21	29.35	29.53	28.16	28.39	544300
2021-06-22	29.23	29.61	28.97	29.23	827700
2021-06-23	29.23	29.85	29.20	29.77	536400
2021-06-24	29.26	29.33	28.91	29.13	659100
2021-06-25	29.09	29.60	29.07	29.40	521400
2021-06-28	27.58	29.00	27.54	29.00	810200
2021-06-29	27.13	27.89	27.07	27.63	463100
2021-06-30	27.40	27.68	27.11	27.15	661700
2021-07-01	28.21	28.52	27.99	27.99	489900
2021-07-02	27.84	28.17	27.46	28.17	561600
2021-07-06	26.94	27.58	26.68	27.58	812100
2021-07-07	26.58	27.25	26.51	26.76	408300
2021-07-08	25.59	26.17	25.28	26.17	1166400
2021-07-09	26.39	26.47	25.77	25.82	854500
2021-07-12	25.93	26.39	25.69	26.14	457200
2021-07-13	25.82	25.91	25.30	25.79	340900
2021-07-14	25.61	26.45	25.44	25.97	540500
2021-07-15	25.12	25.63	24.87	25.28	497700
2021-07-16	24.61	25.43	24.58	24.79	663300
2021-07-19	23.65	24.01	23.21	23.74	639300
2021-07-20	23.92	24.08	23.34	23.57	315600
2021-07-21	24.31	24.67	24.17	24.29	645100
2021-07-22	24.48	24.58	24.04	24.27	857500
2021-07-23	24.41	24.74	24.17	24.67	237200
2021-07-26	24.68	25.08	24.39	24.39	252400
2021-07-27	24.03	24.48	23.92	24.48	360000
2021-07-28	24.51	24.57	23.94	24.10	324000
2021-07-29	25.21	25.25	24.76	24.85	617100
2021-07-30	24.67	25.51	24.08	25.02	1018500
2021-08-02	24.64	25.63	24.60	24.79	195600
2021-08-03	25.11	25.58	24.21	24.57	665700
2021-08-04	23.86	24.72	23.85	24.72	554900
2021-08-05	24.35	24.53	23.93	23.95	274900
2021-08-06	24.49	24.59	24.23	24.55	225300
2021-08-09	24.12	24.21	23.79	24.13	226900
2021-08-10	24.77	24.78	24.12	24.16	233700
2021-08-11	24.97	24.97	24.54	24.54	280700
2021-08-12	24.88	25.11	24.55	24.90	308700
2021-08-13	24.58	25.11	24.55	25.11	296600
2021-08-16	23.81	24.24	23.66	24.24	392200
2021-08-17	23.32	23.93	23.19	23.67	305300
2021-08-18	22.94	23.46	22.91	23.30	263300
2021-08-19	22.06	22.48	21.57	22.48	543700
2021-08-20	22.30	22.38	21.75	21.96	438900
2021-08-23	23.23	23.39	22.75	22.98	427300
2021-08-24	23.56	23.68	23.30	23.41	303500
2021-08-25	23.71	23.72	23.39	23.56	351600
2021-08-26	23.53	23.94	23.34	23.49	542500
2021-08-27	24.17	24.22	23.72	23.82	378900
2021-08-30	23.79	24.36	23.71	24.36	284500
2021-08-31	23.78	23.92	23.52	23.66	267400
2021-09-01	23.75	23.97	23.61	23.78	354100
2021-09-02	24.90	25.11	23.97	24.06	509900
2021-09-03	24.85	25.21	24.71	24.95	273900
2021-09-07	24.38	24.77	24.32	24.61	319100
2021-09-08	24.20	24.74	24.03	24.59	286500
2021-09-09	24.48	24.65	23.94	23.94	323600
2021-09-10	24.39	25.09	24.35	24.92	209700
2021-09-13	25.71	25.85	24.70	24.70	431300
2021-09-14	25.28	25.97	25.14	25.88	433200
2021-09-15	25.99	26.19	25.66	25.73	316900
2021-09-16	25.40	25.96	25.35	25.86	293500
2021-09-17	24.64	25.61	24.60	25.21	828500
2021-09-20	24.09	24.38	23.67	23.69	573200
2021-09-21	24.94	25.18	24.08	24.44	683300
2021-09-22	26.31	26.70	24.90	25.34	423400
2021-09-23	26.99	27.07	26.54	26.67	364800
2021-09-24	27.32	27.42	26.57	26.78	239700
2021-09-27	27.94	28.20	27.75	28.01	403700
2021-09-28	28.02	28.47	27.68	28.47	372700
2021-09-29	28.59	28.66	27.91	28.26	382100
2021-09-30	28.67	28.92	28.11	28.48	292400
2021-10-01	29.54	29.72	28.76	28.94	281500
2021-10-04	30.06	30.40	29.65	29.81	317600
2021-10-05	30.16	30.70	30.15	30.40	245300
2021-10-06	29.66	29.79	29.16	29.66	201500
2021-10-07	30.26	30.38	29.40	29.62	310600
2021-10-08	31.08	31.25	30.53	30.57	475100
2021-10-11	31.21	31.93	31.16	31.68	120000
2021-10-12	31.01	31.30	30.69	31.25	621700
2021-10-13	30.78	30.86	30.38	30.86	609500
2021-10-14	31.05	31.47	31.05	31.18	933500
2021-10-15	31.46	31.82	31.33	31.42	925700
2021-10-18	31.25	31.94	31.19	31.64	711700
2021-10-19	31.19	31.48	30.96	31.42	919900
2021-10-20	31.71	31.94	31.03	31.12	321000
2021-10-21	31.23	31.61	30.86	31.58	326300
2021-10-22	31.73	31.81	31.27	31.27	427900
2021-10-25	32.75	32.85	31.94	32.04	634500
2021-10-26	32.95	33.38	32.53	32.96	433700
2021-10-27	32.14	33.10	32.09	32.70	427300
2021-10-28	33.23	33.25	31.88	32.14	491000
2021-10-29	30.78	33.43	30.64	33.43	1215800
2021-11-01	32.05	32.52	31.31	31.34	693400
2021-11-02	31.69	32.19	31.49	31.81	293600
2021-11-03	30.56	31.75	30.44	31.32	467700
2021-11-04	30.01	31.10	29.84	30.53	611100
2021-11-05	30.83	30.98	30.03	30.03	456700
2021-11-08	31.15	31.66	30.79	31.15	414600
2021-11-09	31.61	32.11	30.85	31.12	485800
2021-11-10	31.15	32.16	30.97	31.63	294400
2021-11-11	30.81	31.31	30.69	31.29	317500
2021-11-12	31.73	32.53	30.78	31.41	632900
2021-11-15	32.20	32.43	31.25	31.73	334800
2021-11-16	32.43	32.90	32.03	32.17	377300
2021-11-17	32.01	32.65	31.54	32.03	440200
2021-11-18	31.67	32.16	31.44	31.96	433300
2021-11-19	30.73	31.34	30.50	31.34	341000
2021-11-22	30.85	31.40	30.15	30.57	341500
2021-11-23	31.59	31.85	31.05	31.36	476100
2021-11-24	31.91	32.24	31.23	31.42	277700
2021-11-26	29.85	30.67	29.42	30.23	512800
2021-11-29	30.55	30.92	30.05	30.65	374800
2021-11-30	30.06	30.55	29.33	29.79	459700
2021-12-01	29.89	31.61	29.83	30.69	512400
2021-12-02	31.27	31.57	29.59	29.74	640200
2021-12-03	30.72	31.87	30.56	31.82	431400
2021-12-06	31.57	31.89	30.72	31.19	247900
2021-12-07	32.18	32.71	31.66	31.66	261100
2021-12-08	32.19	32.62	32.00	32.38	306600
2021-12-09	31.79	31.93	31.42	31.72	205500
2021-12-10	31.93	32.24	31.46	32.03	165000
2021-12-13	30.52	31.89	30.41	31.89	261600
2021-12-14	30.26	31.07	30.11	30.34	244300
2021-12-15	30.35	30.45	29.44	30.08	188400
2021-12-16	30.72	31.44	30.46	30.46	220900
2021-12-17	30.08	30.69	29.98	30.38	588600
2021-12-20	30.09	30.11	29.00	29.29	209900
2021-12-21	31.50	31.63	30.39	30.39	331400
2021-12-22	32.21	32.33	31.15	32.00	399900
2021-12-23	32.28	32.50	32.14	32.32	291100
2021-12-27	33.15	33.17	31.95	32.32	112700
2021-12-28	32.48	33.56	32.32	33.31	146800
2021-12-29	32.37	32.84	32.24	32.34	240700
2021-12-30	32.17	32.44	32.00	32.34	163600
2021-12-31	33.01	33.10	31.98	31.98	338900
2022-01-03	33.46	34.01	33.09	33.09	154100
2022-01-04	33.92	34.50	33.35	33.81	496900
2022-01-05	33.33	34.65	33.33	34.26	545300
2022-01-06	34.53	34.69	33.48	34.11	561200
2022-01-07	35.19	35.25	34.37	34.75	537300
2022-01-10	35.17	35.42	34.62	35.29	427200
2022-01-11	35.64	36.05	35.42	35.62	386100
2022-01-12	36.10	36.60	35.87	35.92	535400
2022-01-13	36.45	37.00	36.07	36.28	463000
2022-01-14	37.11	37.27	35.29	36.56	372200
2022-01-18	37.27	38.59	37.15	37.82	912900
2022-01-19	37.70	37.99	36.97	37.75	345900
2022-01-20	37.85	38.84	37.35	37.35	392300
2022-01-21	36.77	37.49	36.39	37.32	341000
2022-01-24	36.64	36.72	35.03	35.42	923300
2022-01-25	37.52	37.81	35.57	36.50	899900
2022-01-26	37.56	38.48	37.31	38.34	563100
2022-01-27	37.80	38.63	37.11	38.17	370500
2022-01-28	37.23	38.45	37.04	37.49	422400
2022-01-31	37.42	37.65	36.95	37.24	540600
2022-02-01	39.56	39.58	37.03	38.41	850500
2022-02-02	39.35	40.55	38.95	39.64	557300
2022-02-03	39.37	39.69	38.75	38.76	517400
2022-02-04	39.33	40.23	38.93	39.59	452200
2022-02-07	40.17	40.70	39.16	39.39	521000
2022-02-08	39.53	40.24	38.92	40.18	783600
2022-02-09	39.63	40.06	39.39	39.87	344100
2022-02-10	39.55	40.09	39.17	39.25	264600
2022-02-11	41.10	41.45	39.78	40.08	619900
2022-02-14	40.39	41.03	40.18	41.00	615900
2022-02-15	40.03	40.09	39.04	39.76	439700
2022-02-16	40.10	41.09	39.97	40.42	391800
2022-02-17	40.40	40.70	39.82	40.01	396000
2022-02-18	39.71	40.36	39.65	40.12	284300
2022-02-22	39.38	40.82	38.88	40.82	289000
2022-02-23	39.67	40.13	38.89	39.57	317300
2022-02-24	39.32	40.37	38.62	40.37	483600
2022-02-25	40.10	40.12	39.32	39.32	239700
2022-02-28	41.00	41.10	39.84	40.17	638500
2022-03-01	40.96	41.61	40.65	41.50	501800
2022-03-02	42.12	42.26	41.35	41.52	457800
2022-03-03	41.47	42.53	41.28	41.77	480400
2022-03-04	42.43	42.48	40.94	41.30	408100
2022-03-07	42.31	43.58	42.28	43.24	1078400
2022-03-08	41.28	43.90	40.74	43.90	1618200
2022-03-09	41.27	41.67	39.64	40.29	662700
2022-03-10	40.88	41.80	40.27	41.49	739300
2022-03-11	41.65	41.97	40.30	40.68	512500
2022-03-14	40.04	41.19	39.07	40.53	391800
2022-03-15	39.01	39.29	37.53	38.66	687400
2022-03-16	38.70	39.86	38.07	39.34	338100
2022-03-17	39.49	40.21	39.22	39.35	492600
2022-03-18	39.50	40.00	39.22	39.23	572700
2022-03-21	40.68	41.05	40.14	40.40	543300
2022-03-22	41.02	41.11	40.42	41.11	328700
2022-03-23	42.11	42.73	41.40	41.40	569100
2022-03-24	41.74	42.69	41.57	42.32	449000
2022-03-25	43.56	43.56	41.55	41.55	520500
2022-03-28	43.38	43.51	41.53	41.96	776800
2022-03-29	43.33	43.53	41.29	41.89	766800
2022-03-30	44.36	44.45	43.58	43.60	459500
2022-03-31	44.45	44.93	43.98	43.98	593200
2022-04-01	45.22	45.49	44.27	44.27	406700
2022-04-04	46.22	46.24	45.22	45.53	328100
2022-04-05	45.69	47.20	45.60	46.39	254000
2022-04-06	45.11	46.06	45.01	46.01	368700
2022-04-07	45.67	45.67	44.72	45.25	246500
2022-04-08	47.02	47.22	45.67	45.78	349900
2022-04-11	46.12	46.65	45.48	46.65	629700
2022-04-12	47.10	47.41	46.64	46.88	388100
2022-04-13	46.95	47.60	46.28	47.60	538900
2022-04-14	46.74	47.46	46.56	47.00	311400
2022-04-18	47.49	47.61	46.84	47.14	299400
2022-04-19	46.45	47.47	46.45	47.47	346200
2022-04-20	47.50	47.60	46.03	46.89	604900
2022-04-21	45.63	48.33	45.58	47.60	750800
2022-04-22	44.32	45.60	44.11	45.41	540900
2022-04-25	42.90	43.11	41.56	42.82	848400
2022-04-26	43.14	43.93	42.40	42.88	473500
2022-04-27	44.85	45.21	42.73	43.24	925400
2022-04-28	46.07	46.37	44.50	45.47	1491900
2022-04-29	46.12	47.58	45.34	46.89	1875300
2022-05-02	46.63	46.67	44.35	46.17	1298200
2022-05-03	48.82	48.87	46.59	46.89	776900
2022-05-04	48.87	49.81	47.94	49.21	856600
2022-05-05	48.30	49.46	47.14	49.25	700500
2022-05-06	48.53	48.87	47.33	48.49	566300
2022-05-09	44.86	47.86	44.52	47.86	759000
2022-05-10	44.42	46.18	43.62	45.54	747300
2022-05-11	43.99	45.94	43.91	45.19	562900
2022-05-12	43.70	43.88	42.28	43.62	738200
2022-05-13	45.78	46.08	44.19	44.25	818400
2022-05-16	46.65	47.06	45.88	45.88	577700
2022-05-17	46.68	47.50	46.22	47.50	420600
2022-05-18	46.05	47.41	45.49	47.01	573100
2022-05-19	46.88	47.66	45.25	45.25	440500
2022-05-20	47.86	48.10	46.82	47.24	501600
2022-05-23	48.97	50.00	48.06	48.33	466100
2022-05-24	48.48	49.34	48.14	48.53	543000
2022-05-25	49.33	49.62	48.41	48.41	357900
2022-05-26	49.77	50.88	49.48	49.68	430700
2022-05-27	51.43	51.91	49.79	49.83	621100
2022-05-31	51.01	53.01	50.50	52.58	727500
2022-06-01	51.59	52.00	50.47	51.16	504900
2022-06-02	50.89	51.94	50.67	51.16	803300
2022-06-03	51.23	51.46	50.47	50.47	991700
2022-06-06	51.53	51.92	51.03	51.40	799900
2022-06-07	52.95	53.02	51.11	51.39	716900
2022-06-08	53.39	53.51	52.75	53.31	783300
2022-06-09	52.00	53.17	51.90	53.17	440500
2022-06-10	50.06	51.59	49.34	51.59	652000
2022-06-13	50.14	52.18	48.11	52.18	1435400
2022-06-14	49.22	51.18	49.11	50.63	642600
2022-06-15	48.57	50.00	47.49	49.16	601900
2022-06-16	46.88	48.59	46.44	47.27	1021200
2022-06-17	44.83	46.82	43.88	46.42	1468200
2022-06-21	46.61	47.21	45.60	45.87	638100
2022-06-22	44.37	45.77	43.43	45.02	534900
2022-06-23	41.42	44.59	41.23	44.37	1093800
2022-06-24	43.33	43.72	41.67	41.96	787300
2022-06-27	44.71	45.03	43.04	43.91	479100
2022-06-28	45.56	46.48	45.17	46.04	718200
2022-06-29	43.90	46.85	43.82	46.43	512400
2022-06-30	43.55	43.61	42.24	42.72	412900
2022-07-01	43.62	44.56	42.72	43.98	465800
2022-07-05	41.17	43.46	40.14	43.01	859300
2022-07-06	39.34	41.79	39.06	40.91	1207200
2022-07-07	40.86	41.13	40.00	40.16	1046400
2022-07-08	41.01	41.49	40.32	41.43	643000
2022-07-11	40.33	41.07	40.01	40.69	548600
2022-07-12	39.43	40.03	38.95	39.36	898100
2022-07-13	39.20	40.12	38.83	38.86	702300
2022-07-14	37.55	38.43	36.93	37.97	1116900
2022-07-15	38.57	39.24	37.87	38.08	1076300
2022-07-18	39.35	40.37	38.75	38.75	764900
2022-07-19	41.58	41.68	39.25	39.36	911600
2022-07-20	41.85	41.98	40.64	41.31	631300
2022-07-21	40.77	41.20	39.95	41.05	548800
2022-07-22	39.89	41.24	39.78	40.84	495100
2022-07-25	41.13	41.60	40.39	40.39	529100
2022-07-26	40.98	41.82	40.53	41.61	340000
2022-07-27	42.00	42.08	40.78	40.84	461400
2022-07-28	42.62	42.85	41.56	42.47	731900
2022-07-29	44.35	45.14	43.20	43.21	1001200
2022-08-01	43.60	44.55	43.10	43.35	523100
2022-08-02	42.55	43.84	42.35	43.81	835600
2022-08-03	41.06	43.15	40.86	43.00	1065400
2022-08-04	38.69	40.92	38.56	40.92	1840300
2022-08-05	39.30	40.20	38.24	38.56	1188800
2022-08-08	39.08	39.67	38.97	39.14	1232900
2022-08-09	40.19	40.25	39.11	39.46	682400
2022-08-10	40.66	40.94	39.62	40.27	476100
2022-08-11	42.59	42.90	41.24	41.52	665200
2022-08-12	42.66	42.79	41.91	42.25	356600
2022-08-15	41.64	41.73	40.49	41.18	375000
2022-08-16	41.69	42.92	41.52	42.22	594800
2022-08-17	42.48	42.84	41.58	41.75	632400
2022-08-18	43.86	43.92	42.77	43.01	390300
2022-08-19	43.78	43.87	43.34	43.35	484200
2022-08-22	44.30	44.32	42.70	43.62	521900
2022-08-23	46.33	46.36	44.70	45.05	494600
2022-08-24	46.62	46.71	45.64	46.23	529300
2022-08-25	47.38	47.63	46.69	47.02	423800
2022-08-26	46.57	47.82	46.45	47.58	381200
2022-08-29	48.14	48.58	46.61	47.24	528800
2022-08-30	46.22	48.17	45.87	48.17	429800
2022-08-31	45.33	46.41	44.71	45.53	386800
2022-09-01	44.26	45.00	43.80	45.00	364500
2022-09-02	45.48	46.11	44.94	45.63	400800
2022-09-06	44.71	46.30	44.58	45.79	289200
2022-09-07	43.33	44.45	43.19	44.03	392900
2022-09-08	43.88	43.89	42.91	43.70	459500
2022-09-09	45.06	45.28	44.51	44.57	626400
2022-09-12	45.33	46.43	45.12	45.73	444100
2022-09-13	44.33	45.27	44.08	44.81	371700
2022-09-14	45.11	45.93	44.67	44.82	375400
2022-09-15	43.17	44.75	42.95	44.61	554000
2022-09-16	42.56	42.96	41.85	42.73	502000
2022-09-19	43.34	43.40	41.30	41.71	548700
2022-09-20	43.00	43.14	42.30	43.07	265000
2022-09-21	42.10	43.72	42.10	43.61	336000
2022-09-22	41.87	43.25	41.87	42.78	213300
2022-09-23	39.02	40.44	38.91	40.31	756800
2022-09-26	37.52	39.72	37.36	38.91	600200
2022-09-27	38.90	39.38	37.94	38.09	538500
2022-09-28	41.00	41.07	38.80	39.26	601200
2022-09-29	41.06	41.34	39.66	40.77	590300
2022-09-30	40.21	41.33	40.14	40.96	330300
2022-10-03	42.87	43.17	41.86	42.06	590300
2022-10-04	44.62	44.62	43.70	43.74	589600
2022-10-05	44.35	45.07	43.53	44.67	498500
2022-10-06	44.62	45.01	43.96	44.17	503800
2022-10-07	43.86	45.38	43.32	44.71	946200
2022-10-10	42.48	44.23	42.18	43.79	180700
2022-10-11	42.16	42.78	41.69	42.00	582700
2022-10-12	42.57	43.08	41.07	41.87	653300
2022-10-13	44.94	45.12	41.38	41.55	479400
2022-10-14	42.86	45.20	42.86	44.62	412500
2022-10-17	43.62	44.54	43.07	43.07	311600
2022-10-18	43.56	44.28	42.83	43.87	386000
2022-10-19	45.35	45.54	43.15	43.15	425100
2022-10-20	45.06	46.72	45.06	45.86	424300
2022-10-21	46.28	46.33	44.83	45.50	409600
2022-10-24	45.22	46.27	44.95	46.27	706000
2022-10-25	44.96	45.72	44.49	45.27	483700
2022-10-26	45.75	46.04	44.89	45.33	380000
2022-10-27	46.28	47.05	45.98	46.33	452900
2022-10-28	50.24	51.16	48.15	50.18	1209800
2022-10-31	50.63	51.30	49.48	50.30	752800
2022-11-01	51.21	52.66	51.13	52.59	781500
2022-11-02	50.66	51.67	50.58	51.33	523100
2022-11-03	52.48	52.80	50.13	50.48	536000
2022-11-04	53.16	54.82	52.77	53.69	513300
2022-11-07	52.96	53.61	52.49	53.20	279600
2022-11-08	52.65	53.35	52.64	53.02	402700
2022-11-09	51.13	52.36	50.79	51.77	471900
2022-11-10	52.90	53.09	51.62	52.12	272800
2022-11-11	53.78	54.21	53.35	53.82	284500
2022-11-14	52.62	53.87	52.57	53.78	344100
2022-11-15	53.16	53.37	52.21	52.74	324300
2022-11-16	52.62	53.07	52.28	52.65	264000
2022-11-17	52.68	52.68	51.49	51.89	225100
2022-11-18	52.47	52.87	51.21	51.78	389500
2022-11-21	51.97	52.41	50.08	52.41	609200
2022-11-22	53.54	53.54	52.12	52.93	307500
2022-11-23	53.29	53.36	52.59	52.90	239400
2022-11-25	53.27	53.54	52.85	53.54	94800
2022-11-28	52.23	53.00	51.56	52.11	293600
2022-11-29	53.30	53.60	52.43	52.92	407500
2022-11-30	53.02	54.29	52.78	54.05	417000
2022-12-01	52.56	53.72	52.31	53.45	299100
2022-12-02	52.28	53.26	52.14	52.63	269200
2022-12-05	49.90	52.72	49.90	51.93	665200
2022-12-06	48.42	50.24	48.33	49.49	764300
2022-12-07	49.00	49.44	48.33	48.44	1071500
2022-12-08	48.54	50.39	48.45	49.58	744100
2022-12-09	46.74	48.64	46.71	48.37	951400
2022-12-12	45.53	46.49	44.49	45.56	1495900
2022-12-13	46.02	46.67	45.27	46.27	852700
2022-12-14	45.47	46.34	44.95	46.34	509200
2022-12-15	44.29	45.26	43.97	45.12	669500
2022-12-16	43.70	43.79	42.66	43.63	632100
2022-12-19	43.80	44.23	43.25	44.21	720000
2022-12-20	43.92	44.26	43.51	43.94	848200
2022-12-21	44.84	44.95	43.74	44.62	814300
2022-12-22	43.75	45.85	43.04	45.01	471800
2022-12-23	45.12	45.13	43.91	43.95	488500
2022-12-27	45.85	45.99	45.04	45.53	236200
2022-12-28	44.62	45.79	44.16	45.79	302500
2022-12-29	45.35	45.55	44.54	44.60	253700
2022-12-30	45.56	45.70	45.01	45.08	215000
2023-01-03	43.23	45.38	42.95	45.38	320700
2023-01-04	43.09	43.80	42.42	42.76	359600
2023-01-05	43.54	43.85	42.54	42.76	328200
2023-01-06	45.15	45.35	44.02	44.16	472600
2023-01-09	44.80	46.14	44.23	46.13	654600
2023-01-10	44.66	45.05	43.81	44.80	315200
2023-01-11	44.29	45.56	44.24	45.39	357800
2023-01-12	45.13	45.61	44.55	44.82	494500
2023-01-13	45.95	46.03	44.85	45.11	321600
2023-01-17	46.40	46.73	45.71	46.45	467800
2023-01-18	45.82	47.35	45.75	46.93	466900
2023-01-19	47.47	47.79	45.34	45.34	528700
2023-01-20	47.70	47.89	46.90	47.57	414600
2023-01-23	48.11	48.42	47.47	47.95	350400
2023-01-24	48.62	48.92	47.34	48.06	409300
2023-01-25	48.70	48.79	47.75	48.42	466100
2023-01-26	50.52	50.56	48.67	49.36	428800
2023-01-27	51.00	51.43	50.43	50.74	535000
2023-01-30	49.27	51.34	49.23	50.80	488800
2023-01-31	51.18	51.28	48.59	48.59	753700
2023-02-01	49.42	51.15	49.30	50.77	589900
2023-02-02	47.58	49.88	47.10	49.88	429500
2023-02-03	47.08	48.33	46.51	47.65	644000
2023-02-06	46.66	47.39	45.90	47.08	363300
2023-02-07	47.92	47.99	46.76	46.93	303900
2023-02-08	48.39	48.86	47.77	47.88	322200
2023-02-09	48.34	49.18	48.21	48.39	306900
2023-02-10	50.27	50.40	48.88	49.12	333900
2023-02-13	49.90	50.20	49.34	49.80	306500
2023-02-14	49.45	50.08	48.87	49.69	340700
2023-02-15	48.74	49.08	48.33	48.69	536800
2023-02-16	48.11	48.94	47.97	48.66	470900
2023-02-17	46.92	47.54	46.54	47.35	376000
2023-02-21	47.05	47.60	46.37	46.37	333600
2023-02-22	46.04	47.12	45.83	46.97	264000
2023-02-23	46.56	47.05	45.99	46.60	262300
2023-02-24	46.71	46.73	45.25	46.36	289000
2023-02-27	47.39	47.43	46.56	47.16	374200
2023-02-28	46.13	47.81	46.04	47.81	410900
2023-03-01	47.25	47.35	45.99	46.22	668800
2023-03-02	48.22	48.31	46.91	47.17	337800
2023-03-03	48.55	48.91	47.27	47.57	333700
2023-03-06	48.84	48.91	47.89	48.67	271900
2023-03-07	47.86	48.92	47.71	48.76	392300
2023-03-08	48.07	48.83	47.54	47.54	365000
2023-03-09	47.66	49.34	47.59	48.42	499500
2023-03-10	47.17	48.63	46.99	47.54	432000
2023-03-13	45.60	46.71	44.97	45.36	659200
2023-03-14	44.85	46.36	44.17	45.66	516500
2023-03-15	43.00	43.54	42.00	43.20	904400
2023-03-16	43.08	43.54	41.90	41.93	549400
2023-03-17	42.18	42.98	41.60	42.67	912100
2023-03-20	43.84	43.89	42.25	42.25	495800
2023-03-21	44.90	45.60	44.45	44.85	405000
2023-03-22	44.42	45.63	44.37	45.12	409600
2023-03-23	43.62	45.44	43.25	44.73	451100
2023-03-24	43.54	43.73	42.55	42.55	374400
2023-03-27	44.58	44.72	43.79	43.89	579400
2023-03-28	45.87	46.60	44.37	44.37	416200
2023-03-29	47.18	47.66	46.35	46.43	434000
2023-03-30	47.21	47.94	46.49	47.84	446500
2023-03-31	47.80	48.13	47.19	47.28	345300
2023-04-03	51.10	51.27	49.50	49.52	428600
2023-04-04	50.90	51.35	50.13	51.05	344700
2023-04-05	50.78	51.03	49.61	50.77	395600
2023-04-06	50.41	51.08	50.16	50.65	482600
2023-04-10	50.65	51.09	50.20	50.42	320600
2023-04-11	51.49	51.61	50.79	50.99	296700
2023-04-12	51.99	52.57	51.09	51.36	320600
2023-04-13	52.11	52.48	51.88	52.22	266500
2023-04-14	52.58	52.58	51.52	51.55	393100
2023-04-17	52.26	52.83	51.93	52.56	278200
2023-04-18	51.40	52.57	51.33	52.12	314800
2023-04-19	50.68	51.09	50.03	50.92	450600
2023-04-20	50.13	50.57	49.68	50.56	414000
2023-04-21	49.94	50.36	49.44	50.29	287700
2023-04-24	50.04	50.59	49.73	49.73	379000
2023-04-25	48.58	49.73	48.25	49.32	268900
2023-04-26	47.86	48.74	47.51	48.44	271800
2023-04-27	48.13	48.68	47.42	47.42	376000
2023-04-28	47.91	48.80	46.23	48.80	944900
2023-05-01	47.13	48.41	46.87	47.92	572600
2023-05-02	43.74	46.81	43.58	46.74	670800
2023-05-03	43.00	43.66	42.72	43.48	526700
2023-05-04	41.82	43.35	41.82	43.00	937400
2023-05-05	43.86	44.31	42.95	42.95	959200
2023-05-08	44.01	44.79	43.89	44.13	1009200
2023-05-09	44.51	44.80	43.45	43.68	345100
2023-05-10	43.74	44.72	43.26	44.72	451800
2023-05-11	42.61	43.28	42.42	43.28	400100
2023-05-12	42.52	43.41	42.26	42.99	267100
2023-05-15	43.38	43.43	42.61	42.61	308600
2023-05-16	42.72	43.60	42.27	43.05	399700
2023-05-17	43.39	43.55	42.23	43.21	509000
2023-05-18	43.76	43.86	42.59	43.11	315800
2023-05-19	44.08	44.46	43.51	44.31	370300
2023-05-22	44.14	45.28	43.44	43.99	808600
2023-05-23	45.02	45.57	43.52	43.71	641800
2023-05-24	44.22	45.02	44.03	44.88	605200
2023-05-25	44.17	44.48	43.22	43.27	1170700
2023-05-26	44.20	45.03	43.80	44.36	459800
2023-05-30	43.84	43.94	43.14	43.43	425300
2023-05-31	42.74	43.54	42.56	43.54	418000
2023-06-01	44.18	44.36	42.66	42.66	301900
2023-06-02	45.54	45.68	44.57	44.57	285300
2023-06-05	45.36	46.26	44.72	45.89	446600
2023-06-06	46.18	46.19	44.79	44.88	412400
2023-06-07	47.09	47.36	46.28	46.55	404000
2023-06-08	47.18	47.41	46.33	46.98	613400
2023-06-09	47.67	47.83	46.70	47.14	656400
2023-06-12	46.73	47.53	46.52	47.05	574000
2023-06-13	47.57	48.37	47.45	47.46	422300
2023-06-14	47.16	48.53	46.69	48.53	531100
2023-06-15	47.48	48.03	47.16	47.17	405700
2023-06-16	47.16	48.01	46.75	47.62	424400
2023-06-20	46.44	46.88	45.61	46.88	430300
2023-06-21	47.36	47.53	46.15	46.15	400100
2023-06-22	46.46	46.87	46.13	46.73	274900
2023-06-23	45.54	46.09	45.44	45.83	263400
2023-06-26	47.45	47.71	45.71	46.16	580000
2023-06-27	47.27	47.93	46.93	47.49	554500
2023-06-28	47.84	47.97	46.66	47.31	316900
2023-06-29	48.28	48.47	47.76	47.86	267900
2023-06-30	48.52	48.92	48.39	48.78	301000
2023-07-03	48.47	48.86	48.35	48.68	176100
2023-07-05	48.62	49.00	48.37	48.83	256000
2023-07-06	46.57	48.24	46.22	48.24	496300
2023-07-07	46.75	47.29	46.38	46.59	1671400
2023-07-10	46.16	46.87	46.02	46.87	708300
2023-07-11	47.05	47.24	46.37	46.48	785900
2023-07-12	46.61	48.36	46.15	48.36	1058900
2023-07-13	47.61	47.71	46.65	46.65	710900
2023-07-14	46.45	47.74	46.28	47.74	499400
2023-07-17	46.19	46.65	45.80	46.47	697400
2023-07-18	46.75	47.27	46.02	46.11	785000
2023-07-19	45.98	47.26	45.77	46.86	840300
2023-07-20	47.02	47.05	46.22	46.26	979600
2023-07-21	48.19	48.23	46.80	47.31	448100
2023-07-24	49.69	50.00	48.47	48.53	340100
2023-07-25	49.58	49.85	49.21	49.55	290500
2023-07-26	49.52	49.91	48.70	49.00	293000
2023-07-27	48.89	49.74	48.59	49.35	624200
2023-07-28	51.27	51.71	48.75	48.75	975200
2023-07-31	51.14	52.07	50.92	51.45	468200
2023-08-01	50.72	50.99	49.82	50.90	595100
2023-08-02	49.59	50.47	49.09	50.47	692400
2023-08-03	49.60	50.30	48.87	49.60	644400
2023-08-04	50.36	50.97	49.75	49.75	496200
2023-08-07	49.98	51.11	49.87	51.11	230300
2023-08-08	51.22	51.30	49.17	49.28	566600
2023-08-09	51.41	52.01	51.16	51.69	575800
2023-08-10	51.82	52.43	51.60	51.82	435700
2023-08-11	52.64	52.79	51.78	51.94	524500
2023-08-14	52.45	52.45	51.61	52.38	450500
2023-08-15	51.31	52.45	51.23	51.90	472700
2023-08-16	51.49	52.07	51.21	51.39	392600
2023-08-17	52.55	52.95	52.06	52.20	368200
2023-08-18	53.33	53.43	51.86	52.09	531500
2023-08-21	53.05	54.01	52.62	53.50	258200
2023-08-22	52.70	53.58	52.60	53.08	226700
2023-08-23	52.51	52.98	51.79	52.40	234000
2023-08-24	51.87	52.60	51.86	52.45	188100
2023-08-25	52.39	52.70	51.63	52.29	736800
2023-08-28	52.80	53.24	52.50	52.50	544700
2023-08-29	53.58	53.64	52.40	52.82	255600
2023-08-30	54.07	54.33	53.89	53.92	220200
2023-08-31	54.37	54.56	54.01	54.32	338900
2023-09-01	55.28	55.58	54.65	54.95	303600
2023-09-05	55.12	55.97	54.95	55.63	296700
2023-09-06	55.43	55.76	54.82	55.08	750900
2023-09-07	54.83	55.76	54.82	54.91	286800
2023-09-08	55.27	55.83	55.05	55.15	253300
2023-09-11	54.95	56.21	54.88	55.73	312000
2023-09-12	55.90	56.04	55.23	55.40	245300
2023-09-13	55.46	56.36	55.11	55.91	348600
2023-09-14	57.02	57.12	56.10	56.10	335300
2023-09-15	56.40	57.32	56.31	56.79	453200
2023-09-18	56.09	57.04	56.01	56.90	238800
2023-09-19	55.84	56.86	55.32	56.76	158800
2023-09-20	55.47	56.49	55.44	55.84	217600
2023-09-21	55.06	55.81	54.99	55.33	688600
2023-09-22	55.75	56.55	55.61	55.67	302200
2023-09-25	57.53	57.68	55.41	55.52	505500
2023-09-26	57.56	58.10	57.05	57.05	306500
2023-09-27	59.54	59.93	58.32	58.36	617000
2023-09-28	59.41	60.20	59.03	59.97	389000
2023-09-29	58.79	59.62	58.65	59.62	369300
2023-10-02	57.25	58.88	56.96	58.88	254700
2023-10-03	57.07	57.19	56.22	57.14	391200
2023-10-04	54.60	56.38	54.41	56.33	633000
2023-10-05	54.18	54.92	53.80	54.07	859600
2023-10-06	54.69	55.55	53.90	54.03	444100
2023-10-09	57.27	57.54	55.62	55.92	738300
2023-10-10	57.63	57.69	56.36	57.23	455000
2023-10-11	57.54	57.79	56.50	57.01	475500
2023-10-12	57.83	58.52	57.43	58.25	773500
2023-10-13	57.94	58.99	57.76	58.90	528400
2023-10-16	58.26	58.66	57.54	58.35	544500
2023-10-17	58.28	59.22	57.75	57.86	524100
2023-10-18	58.23	58.78	58.02	58.45	368600
2023-10-19	58.21	58.69	57.47	57.80	431800
2023-10-20	57.09	58.42	56.91	58.42	458500
2023-10-23	56.01	56.91	55.86	56.49	499900
2023-10-24	55.27	56.13	55.21	56.13	411500
2023-10-25	56.02	56.21	54.83	55.01	714500
2023-10-26	56.13	56.15	54.58	55.48	818300
2023-10-27	55.03	59.35	53.64	59.35	975100
2023-10-30	55.16	56.16	54.45	55.58	627900
2023-10-31	54.40	55.57	53.68	55.52	761100
2023-11-01	55.37	56.31	54.67	54.80	607900
2023-11-02	55.90	56.41	55.00	55.64	827300
2023-11-03	54.87	56.25	54.75	55.84	572300
2023-11-06	54.63	55.49	54.59	55.06	567300
2023-11-07	53.44	54.49	53.33	54.48	822500
2023-11-08	52.28	53.15	51.09	52.76	1274600
2023-11-09	52.27	53.19	52.20	52.66	337100
2023-11-10	53.48	53.50	52.21	52.93	328400
2023-11-13	54.12	54.46	53.37	53.48	336700
2023-11-14	54.36	54.74	54.05	54.49	563100
2023-11-15	53.93	54.63	53.76	54.00	427000
2023-11-16	52.99	53.55	52.14	53.51	564100
2023-11-17	55.03	55.37	53.54	53.54	477300
2023-11-20	55.13	55.54	54.80	55.31	432200
2023-11-21	54.95	55.31	54.02	54.83	641500
2023-11-22	54.32	54.46	53.15	53.96	1037200
2023-11-24	54.98	55.58	54.53	54.53	149300
2023-11-27	54.72	55.18	54.47	54.55	358100
2023-11-28	55.05	55.94	54.78	54.93	500100
2023-11-29	54.82	55.57	54.65	55.33	330200
2023-11-30	54.13	55.74	54.08	55.17	564600
2023-12-01	54.81	55.68	54.05	54.05	384300
2023-12-04	54.81	55.03	54.25	54.42	388700
2023-12-05	54.32	55.31	54.29	54.50	1022100
2023-12-06	52.82	54.62	52.77	54.20	1822600
2023-12-07	51.63	53.58	50.91	53.58	623500
2023-12-08	53.20	53.75	51.69	52.34	412600
2023-12-11	52.23	52.47	51.34	52.35	1154600
2023-12-12	51.31	51.74	50.90	51.50	652200
2023-12-13	52.52	52.62	51.29	51.53	488700
2023-12-14	54.25	54.34	53.17	53.17	315700
2023-12-15	53.06	54.32	52.92	54.03	675500
2023-12-18	54.37	54.73	53.86	53.86	495600
2023-12-19	54.95	55.08	54.28	54.28	499400
2023-12-20	53.78	55.36	53.77	55.13	420200
2023-12-21	54.05	54.31	53.57	53.82	794100
2023-12-22	54.34	54.96	53.99	54.58	402000
2023-12-26	55.50	56.01	54.77	54.77	191500
2023-12-27	55.18	55.92	55.05	55.92	287000
2023-12-28	54.33	55.28	54.27	54.93	234700
2023-12-29	54.94	54.97	54.01	54.08	262700
2024-01-02	55.65	55.98	54.97	55.16	485100
2024-01-03	57.43	57.49	55.54	55.54	435600
2024-01-04	56.65	59.03	56.60	59.03	409500
2024-01-05	56.48	57.18	56.35	57.02	340400
2024-01-08	55.19	55.80	54.66	55.80	362100
2024-01-09	55.89	55.92	54.36	55.19	522700
2024-01-10	55.61	56.32	55.51	56.32	1120400
2024-01-11	56.00	56.18	55.23	55.98	495300
2024-01-12	55.84	57.30	55.75	56.96	271100
2024-01-16	55.35	56.09	55.03	55.91	617900
2024-01-17	53.13	54.76	52.44	54.76	673700
2024-01-18	53.39	53.71	52.85	53.19	611800
2024-01-19	53.68	53.71	52.99	53.45	530600
2024-01-22	52.97	53.76	52.71	53.76	841800
2024-01-23	52.90	53.75	52.80	52.87	374600
2024-01-24	53.33	53.63	52.59	53.20	848700
2024-01-25	54.56	54.73	53.55	53.68	438700
2024-01-26	55.01	55.15	53.89	54.51	400300
2024-01-29	54.92	55.21	54.03	54.87	323500
2024-01-30	56.58	56.75	54.65	54.65	305000
2024-01-31	55.42	56.53	55.27	56.53	223200
2024-02-01	54.93	56.65	54.72	56.25	303900
2024-02-02	54.23	56.99	53.94	55.23	658000
2024-02-05	54.18	54.95	53.63	53.94	489300
2024-02-06	55.28	55.68	54.14	54.34	570900
2024-02-07	54.92	55.70	54.30	55.24	325000
2024-02-08	56.52	56.67	54.68	54.68	509500
2024-02-09	55.99	57.03	55.63	56.81	289600
2024-02-12	57.41	57.71	56.10	56.10	473000
2024-02-13	56.29	57.30	55.74	57.30	349800
2024-02-14	56.59	57.24	56.25	56.54	485700
2024-02-15	58.04	58.47	56.57	56.57	406000
2024-02-16	57.55	58.33	57.41	57.85	313600
2024-02-20	56.74	57.72	56.30	57.64	549900
2024-02-21	58.55	58.63	56.39	56.90	576500
2024-02-22	59.15	59.30	58.01	58.08	372200
2024-02-23	59.19	59.51	58.50	58.75	341000
2024-02-26	60.10	60.30	58.88	59.08	476900
2024-02-27	60.53	60.84	60.07	60.19	380100
2024-02-28	59.63	60.68	59.56	60.68	250300
2024-02-29	60.05	60.61	59.04	59.93	493800
2024-03-01	61.54	61.91	60.59	60.67	371500
2024-03-04	60.35	62.09	60.33	62.09	318900
2024-03-05	61.20	61.54	60.24	60.31	338400
2024-03-06	61.79	62.59	61.44	62.11	422100
2024-03-07	62.40	62.75	61.54	61.62	381300
2024-03-08	62.25	62.67	61.91	62.67	433500
2024-03-11	63.43	63.52	61.52	61.84	436700
2024-03-12	63.95	64.50	63.35	63.59	464300
2024-03-13	64.96	65.25	64.02	64.58	359400
2024-03-14	65.54	65.81	64.90	65.81	188400
2024-03-15	65.19	66.29	65.05	65.85	383500
2024-03-18	65.45	65.71	64.92	65.55	343800
2024-03-19	65.12	65.77	64.92	65.30	242800
2024-03-20	65.04	65.29	64.51	65.06	318900
2024-03-21	65.37	65.58	64.76	65.21	190900
2024-03-22	65.48	65.65	65.01	65.37	171000
2024-03-25	66.77	67.16	65.41	65.75	367000
2024-03-26	66.38	67.21	66.02	67.21	228600
2024-03-27	66.42	66.62	65.72	66.04	324800
2024-03-28	66.89	67.25	66.56	67.25	451100
2024-04-01	67.58	67.75	66.15	66.97	469200
2024-04-02	68.67	68.84	67.11	68.41	419600
2024-04-03	70.05	70.11	68.50	68.95	516900
2024-04-04	69.65	70.36	69.51	70.26	350100
2024-04-05	70.56	70.86	69.53	70.06	492400
2024-04-08	70.84	71.11	69.87	70.63	276300
2024-04-09	70.22	71.00	69.76	71.00	430700
2024-04-10	71.48	71.87	69.75	70.14	477800
2024-04-11	68.90	72.16	68.60	71.54	534200
2024-04-12	67.66	69.90	67.55	69.55	512200
2024-04-15	66.36	67.96	66.12	67.96	377300
2024-04-16	67.35	67.38	65.45	66.08	377400
2024-04-17	67.00	68.23	66.60	67.32	182500
2024-04-18	66.28	67.58	65.84	67.32	346500
2024-04-19	67.19	67.90	65.83	66.50	328000
2024-04-22	68.16	68.56	66.64	67.02	242100
2024-04-23	68.22	68.45	67.77	67.85	280300
2024-04-24	68.34	68.90	67.72	68.03	208600
2024-04-25	68.96	69.15	67.35	68.39	382300
2024-04-26	68.41	69.06	67.02	68.70	710300
2024-04-29	68.85	69.04	67.77	67.89	324600
2024-04-30	66.71	68.54	66.46	68.48	342200
2024-05-01	65.20	66.90	64.63	66.57	422200
2024-05-02	65.86	66.29	65.38	65.70	357700
2024-05-03	65.84	66.34	65.05	66.34	272300
2024-05-06	66.92	67.72	66.55	66.66	203100
2024-05-07	66.83	67.22	66.54	66.79	237100
2024-05-08	67.25	67.58	66.35	66.69	325500
2024-05-09	67.76	68.44	67.36	67.36	296300
2024-05-10	67.58	68.48	67.22	68.44	340600
2024-05-13	67.36	68.19	66.98	68.19	284100
2024-05-14	66.81	67.44	66.66	66.80	499600
2024-05-15	66.97	67.35	65.31	67.35	456900
2024-05-16	67.00	67.52	66.70	66.76	147800
2024-05-17	67.76	67.77	66.58	67.49	249800
2024-05-20	67.45	68.09	67.27	67.49	133200
2024-05-21	67.32	67.68	66.66	67.23	462200
2024-05-22	65.83	67.33	65.44	67.14	285600
2024-05-23	65.77	66.91	65.44	66.04	285500
2024-05-24	66.80	67.38	66.30	66.52	234300
2024-05-28	68.45	68.59	66.80	66.80	266700
2024-05-29	66.89	68.76	66.39	68.49	318800
2024-05-30	67.00	67.80	66.72	66.81	298700
2024-05-31	68.21	68.36	66.72	67.54	715600
2024-06-03	64.79	68.72	64.36	68.54	504100
2024-06-04	63.41	64.47	62.20	64.47	583900
2024-06-05	63.36	64.10	63.18	63.54	281800
2024-06-06	64.05	64.09	63.15	63.39	414100
2024-06-07	62.99	64.12	62.85	63.77	214400
2024-06-10	64.09	64.20	62.92	62.92	299100
2024-06-11	63.91	64.31	62.82	63.58	244500
2024-06-12	63.99	65.10	63.73	64.60	329500
2024-06-13	62.76	64.02	61.93	63.79	323300
2024-06-14	62.57	62.67	61.62	62.67	361800
2024-06-17	62.85	62.91	61.64	62.62	454600
2024-06-18	63.74	64.29	62.87	62.93	335900
2024-06-20	64.96	65.75	64.16	64.33	310800
2024-06-21	64.15	64.64	63.74	64.64	437300
2024-06-24	66.94	67.18	64.50	64.75	745600
2024-06-25	66.67	67.17	66.36	66.86	351900
2024-06-26	65.95	66.89	65.72	66.67	245600
2024-06-27	67.27	67.27	66.38	66.49	369200
2024-06-28	66.45	67.97	66.22	67.94	574400
2024-07-01	65.56	67.27	65.54	66.68	310000
2024-07-02	66.90	67.31	66.06	66.15	540500
2024-07-03	67.79	68.46	66.79	66.79	192700
2024-07-05	66.96	68.79	66.79	68.19	350800
2024-07-08	66.42	66.79	66.03	66.32	479800
2024-07-09	65.90	66.51	65.41	65.80	259400
2024-07-10	67.20	67.41	65.90	66.16	296400
2024-07-11	68.30	68.30	66.60	66.99	337500
2024-07-12	68.58	69.05	68.29	68.36	327400
2024-07-15	69.53	70.39	68.16	69.16	450000
2024-07-16	68.72	68.98	68.00	68.93	383300
2024-07-17	68.83	69.79	68.33	68.90	288200
2024-07-18	68.10	69.28	67.64	69.28	301700
2024-07-19	67.60	68.31	67.23	68.24	282400
2024-07-22	68.33	68.48	67.02	67.21	199300
2024-07-23	67.49	68.33	67.07	68.33	215800
2024-07-24	68.26	68.38	67.13	67.37	309800
2024-07-25	68.74	68.82	67.30	68.01	344400
2024-07-26	69.16	69.31	68.01	68.59	239900
2024-07-29	67.24	69.46	66.30	69.46	509500
2024-07-30	67.81	68.13	66.99	66.99	310000
2024-07-31	69.67	70.08	68.68	69.26	253200
2024-08-01	67.29	70.18	66.50	70.18	352300
2024-08-02	66.24	67.19	64.47	65.88	1024900
2024-08-05	65.94	66.12	63.05	64.16	305800
2024-08-06	66.54	67.49	64.89	65.94	669400
2024-08-07	67.62	68.37	67.38	67.78	496600
2024-08-08	69.75	70.42	67.74	67.78	706300
2024-08-09	70.44	70.52	68.89	70.02	428600
2024-08-12	73.14	73.50	70.84	70.90	572400
2024-08-13	73.30	73.43	72.07	72.79	442800
2024-08-14	73.81	73.99	73.14	73.23	273400
2024-08-15	74.61	75.28	74.13	74.25	255600
2024-08-16	74.62	75.38	74.28	74.39	203100
2024-08-19	73.96	75.00	73.85	74.79	332900
2024-08-20	72.40	73.84	72.02	73.84	252000
2024-08-21	72.68	73.57	72.28	72.57	146000
2024-08-22	72.68	73.56	72.59	72.97	154400
2024-08-23	74.16	74.33	73.31	73.46	175600
2024-08-26	75.19	75.65	74.56	74.67	271500
2024-08-27	73.93	75.17	73.91	75.17	241700
2024-08-28	73.59	74.11	73.19	73.57	343000
2024-08-29	74.35	74.93	73.85	74.06	279100
2024-08-30	73.25	73.88	72.97	73.76	316700
2024-09-03	70.85	71.87	70.37	71.50	447400
2024-09-04	69.56	71.08	69.56	70.98	322700
2024-09-05	68.38	70.40	68.18	70.08	256200
2024-09-06	66.61	68.83	66.41	68.08	417600
2024-09-09	66.61	67.52	66.33	66.64	753600
2024-09-10	64.83	66.53	64.03	66.49	761000
2024-09-11	64.39	65.20	63.83	64.96	410100
2024-09-12	64.62	65.33	64.07	65.33	345000
2024-09-13	64.93	65.49	64.59	64.92	499100
2024-09-16	65.68	65.80	64.52	65.07	385100
2024-09-17	65.91	66.31	65.49	65.59	485600
2024-09-18	65.58	66.45	64.95	65.69	284400
2024-09-19	67.47	67.61	66.42	66.69	433300
2024-09-20	67.25	67.53	66.25	66.96	539900
2024-09-23	68.83	68.90	67.04	67.51	375500
2024-09-24	70.04	70.55	69.65	69.77	416400
2024-09-25	68.89	69.84	68.39	69.36	460700
2024-09-26	67.28	68.74	66.92	67.64	501800
2024-09-27	68.86	69.00	67.53	67.53	433000
2024-09-30	69.01	69.65	68.46	68.90	273000
2024-10-01	72.09	72.16	68.46	68.78	267200
2024-10-02	72.42	73.27	71.35	73.27	548100
2024-10-03	74.56	74.66	71.94	72.63	807400
2024-10-04	75.57	75.92	74.58	75.56	440000
2024-10-07	77.59	77.67	75.45	75.45	538600
2024-10-08	75.71	77.15	74.13	76.57	836100
2024-10-09	75.66	76.19	74.70	76.19	632200
2024-10-10	77.11	77.52	75.57	75.57	291800
2024-10-11	76.71	77.22	76.50	77.08	379200
2024-10-14	76.60	78.54	75.84	76.00	480800
2024-10-15	73.59	74.80	72.89	74.70	798700
2024-10-16	74.70	74.84	73.71	74.19	847500
2024-10-17	75.92	76.22	74.06	74.45	497900
2024-10-18	75.41	76.02	74.94	75.36	237200
2024-10-21	75.56	76.52	75.45	76.39	291600
2024-10-22	75.07	75.91	74.88	75.91	324500
2024-10-23	73.55	74.73	73.02	74.55	270200
2024-10-24	73.63	74.52	72.95	73.88	247500
2024-10-25	74.58	74.78	73.94	74.10	241900
2024-10-28	73.01	73.55	72.30	72.30	422200
2024-10-29	72.45	73.28	72.12	72.50	350900
2024-10-30	72.64	73.11	72.17	72.61	494300
2024-10-31	72.96	73.73	72.03	73.21	448100
2024-11-01	69.28	75.75	68.96	74.36	753400
2024-11-04	69.33	71.29	68.80	69.98	618100
2024-11-05	69.18	70.02	68.87	70.02	299800
2024-11-06	70.86	71.07	68.46	69.26	375900
2024-11-07	72.47	72.79	70.38	70.38	416300
2024-11-08	71.77	72.40	71.42	72.40	358400
2024-11-11	72.25	72.68	70.76	72.40	359800
2024-11-12	71.36	72.98	70.78	71.89	281900
2024-11-13	71.42	71.59	69.48	70.99	320500
2024-11-14	73.10	73.13	71.25	71.25	350500
2024-11-15	72.47	73.99	72.13	72.93	257500
2024-11-18	73.83	74.21	72.87	73.00	319800
2024-11-19	74.34	74.71	73.08	73.08	237400
2024-11-20	74.35	74.95	73.56	74.45	254800
2024-11-21	75.52	75.85	74.47	74.47	274600
2024-11-22	75.56	76.04	75.21	75.21	265700
2024-11-25	74.14	75.71	73.87	75.39	300900
2024-11-26	72.14	74.22	71.70	74.22	396400
2024-11-27	71.65	72.80	71.29	71.66	317100
2024-11-29	72.41	72.88	72.12	72.35	169500
2024-12-02	72.31	72.76	71.21	72.40	4263400
2024-12-03	71.75	73.07	71.47	73.01	492300
2024-12-04	70.18	71.41	69.61	71.26	307800
2024-12-05	71.82	72.07	70.26	70.26	273800
2024-12-06	70.23	71.54	69.91	71.54	262700
2024-12-09	71.14	72.23	70.79	71.03	328900
2024-12-10	71.56	72.43	71.15	71.47	302600
2024-12-11	72.27	72.57	71.61	71.61	209100
2024-12-12	67.24	73.40	66.91	73.40	876700
2024-12-13	66.38	67.61	65.88	67.31	511900
2024-12-16	65.45	66.11	64.90	66.09	410300
2024-12-17	64.93	65.06	64.23	64.73	321200
2024-12-18	63.28	65.03	62.85	64.72	410600
2024-12-19	61.59	63.66	61.28	62.68	751500
2024-12-20	60.82	61.46	60.50	60.91	880500
2024-12-23	61.50	61.52	60.05	60.56	471900
2024-12-24	62.07	62.25	61.04	61.63	256900
2024-12-26	62.12	62.71	61.86	62.04	207500
2024-12-27	61.26	62.51	61.10	62.21	428900
2024-12-30	60.23	61.39	60.17	60.96	536800
2024-12-31	60.70	61.05	60.23	60.34	770000
2025-01-02	61.60	62.20	61.06	61.61	501900
2025-01-03	61.49	61.65	60.44	61.54	708400
2025-01-06	62.21	63.15	61.83	61.83	577200
2025-01-07	64.86	65.14	62.54	62.54	831600
2025-01-08	65.33	65.33	64.06	64.44	523600
2025-01-10	65.88	66.94	65.18	65.52	615800
2025-01-13	65.63	68.77	65.26	66.42	745200
2025-01-14	66.07	66.19	64.50	65.44	742900
2025-01-15	67.30	67.47	66.49	66.49	571600
2025-01-16	67.64	67.82	66.18	67.68	815300
2025-01-17	67.41	68.28	66.92	67.42	462400
2025-01-21	69.37	69.95	67.10	67.60	528600
2025-01-22	69.96	71.03	68.72	68.99	535500
2025-01-23	70.52	70.87	70.10	70.38	459000
2025-01-24	69.27	70.94	69.10	70.54	272500
2025-01-27	69.06	69.17	67.60	68.87	453000
2025-01-28	69.38	69.53	68.57	69.30	424000
2025-01-29	69.15	69.74	68.65	68.86	307700
2025-01-30	70.40	71.18	69.11	69.50	617400
2025-01-31	65.66	70.93	65.25	70.93	1154500
2025-02-03	65.82	66.84	64.39	64.62	1006800
2025-02-04	65.78	66.67	64.76	65.77	713900
2025-02-05	65.49	66.18	65.21	65.55	497400
2025-02-06	65.73	66.25	65.03	66.11	490300
2025-02-07	66.52	67.32	65.16	65.89	480800
2025-02-10	67.74	67.93	66.45	67.48	408600
2025-02-11	70.03	70.25	67.90	67.90	325800
2025-02-12	69.44	70.51	69.05	69.46	526600
2025-02-13	69.25	69.69	68.46	68.63	400800
2025-02-14	68.23	70.00	68.05	69.13	379000
2025-02-18	70.05	70.27	68.04	68.89	352700
2025-02-19	70.39	70.51	69.43	70.22	332200
2025-02-20	71.93	72.16	70.56	70.56	481400
2025-02-21	68.78	72.25	68.47	71.34	430300
2025-02-24	67.96	69.42	67.81	68.70	463000
2025-02-25	67.40	68.71	66.02	67.86	422000
2025-02-26	67.12	67.65	66.29	67.61	351300
2025-02-27	66.60	68.17	66.60	67.24	441900
2025-02-28	66.84	67.31	65.89	66.56	447300
2025-03-03	65.26	67.79	64.35	67.00	986900
2025-03-04	64.72	65.41	62.98	63.40	797900
2025-03-05	63.74	64.82	62.24	64.13	691900
2025-03-06	64.67	65.07	63.18	63.60	429100
2025-03-07	68.19	68.80	64.58	64.58	689600
2025-03-10	68.70	69.97	67.59	68.51	701300
2025-03-11	65.93	69.27	65.87	68.97	690400
2025-03-12	66.58	67.37	65.45	66.20	437000
2025-03-13	66.14	67.72	65.88	66.62	326200
2025-03-14	67.42	67.53	66.11	66.44	325600
2025-03-17	68.66	69.10	67.51	67.51	298000
2025-03-18	68.62	68.97	67.98	68.86	204400
2025-03-19	69.82	70.12	68.47	69.15	329900
2025-03-20	70.75	71.10	68.52	69.18	373100
2025-03-21	70.70	71.09	69.80	70.41	394000
2025-03-24	72.27	72.83	70.91	70.96	316500
2025-03-25	72.82	73.39	72.49	72.79	240200
2025-03-26	72.64	73.51	72.46	73.29	330100
2025-03-27	71.75	72.58	70.60	71.11	330400
2025-03-28	70.33	71.88	70.32	71.49	329100
2025-03-31	71.80	71.99	69.65	69.91	311600
2025-04-01	72.37	72.37	70.66	71.70	225500
2025-04-02	73.01	73.09	70.92	73.09	276500
2025-04-03	68.10	70.62	67.47	69.84	767100
2025-04-04	63.02	65.69	62.22	64.98	939000
2025-04-07	61.46	63.72	59.37	61.56	927600
2025-04-08	59.79	63.63	59.14	63.06	947400
2025-04-09	64.15	64.65	58.34	59.80	965000
2025-04-10	59.84	62.75	58.88	62.28	617300
2025-04-11	62.13	62.67	59.24	59.91	615000
2025-04-14	61.76	63.85	61.16	63.85	537500
2025-04-15	60.52	62.51	60.23	61.62	378700
2025-04-16	61.72	62.58	60.68	60.68	397400
2025-04-17	63.25	64.09	61.85	62.28	664400
2025-04-21	64.39	64.66	62.75	63.37	591600
2025-04-22	67.49	67.58	65.18	65.18	698500
2025-04-23	66.68	68.46	65.98	67.79	510600
2025-04-24	67.65	67.87	66.77	67.02	403200
2025-04-25	68.43	68.72	67.05	67.05	406000
2025-04-28	68.95	69.18	68.03	68.33	286000
2025-04-29	68.92	69.42	67.60	68.47	386900
2025-04-30	66.90	68.53	65.99	67.49	458300
2025-05-01	67.58	68.46	66.33	66.33	468200
2025-05-02	68.29	70.29	67.79	70.29	503300
2025-05-05	67.23	67.69	66.14	67.52	468500
2025-05-06	67.90	68.20	67.23	67.79	340500
2025-05-07	67.95	68.37	67.07	68.37	349100
2025-05-08	69.03	69.68	67.02	68.51	460000
2025-05-09	70.66	71.03	69.54	69.76	315500
2025-05-12	71.95	72.85	71.21	72.85	413700
2025-05-13	73.07	73.37	71.91	72.85	277100
2025-05-14	72.22	73.25	71.89	72.48	274800
2025-05-15	71.81	71.92	70.82	71.31	315400
2025-05-16	71.98	72.12	70.99	71.58	287000
2025-05-19	71.50	71.79	70.96	71.78	164900
2025-05-20	71.42	72.26	70.67	71.79	251600
2025-05-21	71.54	72.51	70.88	70.88	255000
2025-05-22	70.70	71.27	69.79	71.27	360800
2025-05-23	71.18	71.37	70.11	70.11	307400
2025-05-27	71.82	71.99	70.51	71.48	239000
2025-05-28	71.21	72.31	70.93	72.31	358400
2025-05-29	71.31	71.92	71.08	71.18	347900
2025-05-30	70.84	71.17	70.36	70.91	375900
2025-06-02	72.07	72.49	71.16	72.08	390800
2025-06-03	73.07	73.23	70.72	71.69	532600
2025-06-04	72.24	73.57	70.99	73.22	482200
2025-06-05	72.96	73.62	72.46	73.62	508700
2025-06-06	73.54	74.42	73.15	73.63	477200
2025-06-09	73.41	74.35	73.19	73.70	324900
2025-06-10	75.17	75.73	74.05	74.15	262300
2025-06-11	77.52	77.76	75.32	76.00	447700
2025-06-12	78.98	79.01	77.12	77.12	361100
2025-06-13	81.91	81.95	79.77	80.56	705500
2025-06-16	81.32	82.85	81.08	81.32	397700
2025-06-17	81.55	82.49	81.25	82.01	380400
2025-06-18	81.12	82.73	80.63	82.02	471400
2025-06-20	81.03	82.00	80.68	81.26	775000
2025-06-23	79.04	82.80	78.78	82.62	486700
2025-06-24	78.75	80.04	77.20	77.20	568800
2025-06-25	80.08	80.59	78.25	78.75	540000
2025-06-26	81.33	81.65	78.03	80.39	346200
2025-06-27	79.35	81.85	78.69	81.80	444200
2025-06-30	79.48	79.79	78.62	78.62	261700
2025-07-01	80.44	80.86	78.37	79.35	238700
2025-07-02	80.98	81.11	79.38	80.97	347200
2025-07-03	81.43	81.44	80.27	80.65	140400
2025-07-07	80.15	81.32	79.63	80.74	296500
2025-07-08	80.70	81.20	79.60	79.94	551000
2025-07-09	80.03	80.91	79.89	80.37	308700
2025-07-10	80.86	81.06	78.87	79.59	316300
2025-07-11	82.53	82.72	80.73	81.10	402600
2025-07-14	83.16	83.24	81.78	82.64	380800
2025-07-15	81.97	83.33	81.66	82.97	380300
2025-07-16	82.05	82.45	80.95	82.03	298600
2025-07-17	81.99	82.40	81.46	81.83	358200
2025-07-18	82.31	83.65	82.12	82.81	411800
2025-07-21	81.92	82.68	81.66	82.60	314600
2025-07-22	83.48	83.87	81.71	82.02	381400
2025-07-23	84.01	84.49	83.10	83.23	434300
2025-07-24	84.09	85.02	83.06	83.79	430300
2025-07-25	83.68	83.91	82.69	83.79	364500
2025-07-28	84.89	85.35	84.01	84.18	338700
2025-07-29	85.68	86.26	84.81	84.81	432300
2025-07-30	84.30	85.85	83.91	85.72	367700
2025-07-31	83.47	84.37	83.01	83.44	484200
2025-08-01	83.32	83.52	81.87	82.81	581500
2025-08-04	84.35	84.45	82.08	83.03	372100
2025-08-05	84.91	85.00	83.45	84.36	411300
2025-08-06	85.53	86.91	84.79	85.53	457700
2025-08-07	84.94	86.87	84.89	86.56	301300
2025-08-08	85.31	85.81	84.68	85.13	348200
2025-08-11	83.36	85.66	83.15	85.49	435200
2025-08-12	83.37	84.12	83.37	83.46	332500
2025-08-13	83.45	84.10	82.79	83.26	392800
2025-08-14	83.21	83.81	82.67	83.14	272300
2025-08-15	83.60	83.82	83.07	83.14	306700
2025-08-18	83.62	83.77	82.72	83.30	356900
2025-08-19	82.57	83.95	82.45	83.55	211500
2025-08-20	83.35	83.70	82.77	82.77	253400
2025-08-21	84.42	84.71	83.19	83.19	315900
2025-08-22	87.37	87.37	84.36	84.60	492700
2025-08-25	87.85	88.02	87.20	87.74	255900
2025-08-26	87.79	87.86	86.91	87.37	264700
2025-08-27	89.82	89.84	87.43	87.43	297000
2025-08-28	90.50	90.64	89.47	89.96	484800
2025-08-29	90.78	91.17	90.17	90.40	218400
2025-09-02	89.22	90.71	87.83	90.16	594100
2025-09-03	88.17	88.83	86.92	88.47	526800
2025-09-04	87.47	88.18	87.11	87.22	608300
2025-09-05	87.28	87.86	86.65	87.12	388400
2025-09-08	87.42	87.95	86.68	87.66	406200
2025-09-09	89.56	90.66	87.83	87.83	306500
2025-09-10	91.47	91.78	89.18	89.18	319100
2025-09-11	91.85	92.15	90.70	90.70	354100
2025-09-12	90.92	92.33	90.87	91.89	316700
2025-09-15	92.96	93.09	90.80	91.67	455000
2025-09-16	95.16	96.09	93.24	93.33	569000
2025-09-17	94.50	95.46	93.95	95.26	526400
2025-09-18	93.96	94.77	93.09	94.61	256900
2025-09-19	91.83	94.37	91.79	93.73	714700
2025-09-22	92.67	93.56	90.57	92.00	218100
2025-09-23	93.63	94.80	93.29	93.32	350600
2025-09-24	93.94	94.43	93.83	94.00	227600
2025-09-25	93.37	94.00	92.70	94.00	280900
2025-09-26	93.26	94.60	93.04	93.36	268100
2025-09-29	92.03	93.06	92.02	93.05	274100
2025-09-30	90.74	90.97	88.94	90.91	590400
2025-10-01	90.01	91.38	89.21	90.38	470300
2025-10-02	89.22	90.81	89.10	89.74	363100
2025-10-03	90.04	90.79	89.24	89.72	311000
2025-10-06	91.05	91.25	89.39	90.80	292000
2025-10-07	90.75	91.20	89.29	90.93	222400
2025-10-08	89.45	90.97	87.78	90.97	318100
2025-10-09	88.09	90.51	88.03	89.61	337200
2025-10-10	87.07	88.08	86.96	87.31	411700
2025-10-13	88.25	88.74	87.36	87.70	190700
2025-10-14	87.81	89.03	86.92	87.02	353600
2025-10-15	85.96	88.80	85.59	88.14	521600
2025-10-16	84.68	86.24	84.44	86.24	565200
2025-10-17	85.04	85.29	84.47	84.84	424500
2025-10-20	86.28	86.52	84.37	85.12	362700
2025-10-21	85.25	87.00	85.11	86.64	1369800
2025-10-22	88.12	88.48	85.26	85.35	480200
2025-10-23	89.93	91.39	89.30	89.34	498000
2025-10-24	91.02	91.39	89.40	90.06	555900
2025-10-27	91.37	91.87	90.94	91.08	351400
2025-10-28	91.40	91.64	90.49	91.02	508000
2025-10-29	92.39	94.24	91.07	91.63	817300
2025-10-30	91.25	92.46	91.25	92.37	410600
2025-10-31	88.21	92.58	88.06	92.36	849200
2025-11-03	89.86	89.86	87.39	88.71	562200
2025-11-04	88.24	88.66	87.23	88.66	365100
2025-11-05	88.98	90.14	87.77	88.35	436884
