Date	Open	High	Low	Close	Volume
1972-06-01	0.89	0.90	0.89	0.90	456000.00
1972-06-02	0.90	0.91	0.90	0.91	640000.00
1972-06-05	0.91	0.91	0.89	0.90	464000.00
1972-06-06	0.90	0.90	0.89	0.89	796800.00
1972-06-07	0.89	0.90	0.89	0.90	584000.00
1972-06-08	0.90	0.90	0.89	0.89	726400.00
1972-06-09	0.89	0.90	0.89	0.90	296000.00
1972-06-12	0.90	0.91	0.89	0.90	473600.00
1972-06-13	0.90	0.91	0.90	0.91	478400.00
1972-06-14	0.91	0.93	0.91	0.92	795200.00
1972-06-15	0.93	0.94	0.93	0.93	836800.00
1972-06-16	0.93	0.93	0.92	0.92	267200.00
1972-06-19	0.92	0.92	0.90	0.91	1001600.00
1972-06-20	0.92	0.92	0.92	0.92	345600.00
1972-06-21	0.92	0.93	0.91	0.92	556800.00
1972-06-22	0.92	0.92	0.91	0.92	321600.00
1972-06-23	0.92	0.93	0.92	0.93	212800.00
1972-06-26	0.93	0.94	0.92	0.94	278400.00
1972-06-27	0.94	0.94	0.93	0.93	268800.00
1972-06-28	0.93	0.93	0.91	0.92	433600.00
1972-06-29	0.92	0.92	0.91	0.91	313600.00
1972-06-30	0.91	0.93	0.91	0.92	404800.00
1972-07-03	0.92	0.94	0.92	0.93	240000.00
1972-07-05	0.94	0.95	0.94	0.94	734400.00
1972-07-06	0.96	0.97	0.96	0.96	809600.00
1972-07-07	0.96	0.98	0.96	0.98	595200.00
1972-07-10	0.98	0.99	0.97	0.97	316800.00
1972-07-11	0.97	0.98	0.97	0.98	232000.00
1972-07-12	0.98	0.99	0.98	0.99	1132800.00
1972-07-13	0.99	1.00	0.97	0.99	790400.00
1972-07-14	0.99	1.01	0.99	1.00	950400.00
1972-07-17	1.00	1.00	0.99	0.99	187200.00
1972-07-18	0.98	0.98	0.97	0.98	385600.00
1972-07-19	0.98	1.00	0.98	0.99	636800.00
1972-07-20	0.99	1.00	0.99	1.00	326400.00
1972-07-21	1.00	1.01	1.00	1.01	340800.00
1972-07-24	1.01	1.04	1.01	1.03	811200.00
1972-07-25	1.03	1.04	1.02	1.02	312000.00
1972-07-26	1.04	1.05	1.04	1.05	816000.00
1972-07-27	1.05	1.06	1.04	1.05	422400.00
1972-07-28	1.05	1.05	1.05	1.05	208000.00
1972-07-31	1.04	1.04	1.03	1.04	174400.00
1972-08-01	1.04	1.05	1.03	1.05	368000.00
1972-08-02	1.05	1.05	1.04	1.04	384000.00
1972-08-03	1.04	1.05	1.03	1.05	355200.00
1972-08-04	1.05	1.05	1.04	1.04	193600.00
1972-08-07	1.04	1.05	1.04	1.04	204800.00
1972-08-08	1.04	1.05	1.04	1.05	243200.00
1972-08-09	1.05	1.05	1.04	1.04	126400.00
1972-08-10	1.05	1.05	1.05	1.05	184000.00
1972-08-11	1.05	1.05	1.05	1.05	180800.00
1972-08-14	1.05	1.07	1.05	1.07	308800.00
1972-08-15	1.07	1.07	1.04	1.05	420800.00
1972-08-16	1.05	1.05	1.03	1.04	268800.00
1972-08-17	1.04	1.04	1.03	1.03	348800.00
1972-08-18	1.04	1.06	1.04	1.05	185600.00
1972-08-21	1.06	1.08	1.06	1.07	316800.00
1972-08-22	1.07	1.09	1.07	1.08	580800.00
1972-08-23	1.08	1.08	1.07	1.07	353600.00
1972-08-24	1.07	1.08	1.06	1.06	179200.00
1972-08-25	1.05	1.05	1.04	1.04	371200.00
1972-08-28	1.04	1.05	1.03	1.03	177600.00
1972-08-29	1.03	1.04	1.03	1.04	238400.00
1972-08-30	1.04	1.04	1.04	1.04	177600.00
1972-08-31	1.04	1.04	1.04	1.04	137600.00
1972-09-01	1.04	1.04	1.04	1.04	163200.00
1972-09-05	1.04	1.04	1.04	1.04	124800.00
1972-09-06	1.04	1.04	1.03	1.03	228800.00
1972-09-07	1.03	1.04	1.03	1.03	356800.00
1972-09-08	1.03	1.04	1.02	1.02	160000.00
1972-09-11	1.02	1.03	1.01	1.01	104000.00
1972-09-12	1.01	1.01	0.98	0.99	291200.00
1972-09-13	0.99	1.00	0.98	0.98	499200.00
1972-09-14	0.99	1.01	0.99	1.01	331200.00
1972-09-15	1.01	1.01	1.00	1.00	102400.00
1972-09-18	1.00	1.01	1.00	1.00	273600.00
1972-09-19	1.01	1.02	1.01	1.01	288000.00
1972-09-20	1.01	1.02	1.01	1.01	260800.00
1972-09-21	1.01	1.02	1.00	1.00	132800.00
1972-09-22	1.00	1.01	1.00	1.00	51200.00
1972-09-25	1.00	1.01	1.00	1.00	198400.00
1972-09-26	1.00	1.01	0.99	0.99	369600.00
1972-09-27	1.00	1.00	1.00	1.00	129600.00
1972-09-28	1.00	1.01	0.99	1.00	299200.00
1972-09-29	1.01	1.01	1.01	1.01	516800.00
1972-10-02	1.01	1.01	0.99	0.99	120000.00
1972-10-03	0.99	0.99	0.99	0.99	172800.00
1972-10-04	0.99	1.00	0.99	0.99	428800.00
1972-10-05	0.99	0.99	0.97	0.97	356800.00
1972-10-06	0.97	0.99	0.96	0.97	560000.00
1972-10-09	0.98	0.98	0.98	0.98	35200.00
1972-10-10	0.98	0.99	0.98	0.98	140800.00
1972-10-11	0.98	0.98	0.98	0.98	172800.00
1972-10-12	0.98	0.98	0.97	0.98	408000.00
1972-10-13	0.98	0.98	0.97	0.97	337600.00
1972-10-16	0.97	0.97	0.97	0.97	185600.00
1972-10-17	0.97	0.98	0.97	0.98	174400.00
1972-10-18	0.99	1.00	0.99	1.00	492800.00
1972-10-19	1.00	1.02	1.00	1.02	193600.00
1972-10-20	1.02	1.03	1.02	1.03	195200.00
1972-10-23	1.03	1.05	1.03	1.03	252800.00
1972-10-24	1.04	1.08	1.04	1.07	414400.00
1972-10-25	1.07	1.08	1.06	1.07	540800.00
1972-10-26	1.08	1.10	1.08	1.10	608000.00
1972-10-27	1.09	1.09	1.07	1.08	204800.00
1972-10-30	1.08	1.08	1.07	1.08	123200.00
1972-10-31	1.08	1.11	1.08	1.10	449600.00
1972-11-01	1.10	1.11	1.10	1.10	897600.00
1972-11-02	1.10	1.11	1.09	1.10	232000.00
1972-11-03	1.10	1.10	1.10	1.10	220800.00
1972-11-06	1.10	1.10	1.09	1.10	369600.00
1972-11-08	1.10	1.10	1.08	1.09	358400.00
1972-11-09	1.09	1.09	1.06	1.08	134400.00
1972-11-10	1.07	1.07	1.06	1.06	222400.00
1972-11-13	1.06	1.06	1.05	1.06	236800.00
1972-11-14	1.06	1.07	1.06	1.07	251200.00
1972-11-15	1.08	1.09	1.08	1.09	265600.00
1972-11-16	1.09	1.09	1.08	1.09	219200.00
1972-11-17	1.09	1.09	1.08	1.08	92800.00
1972-11-20	1.07	1.07	1.06	1.07	201600.00
1972-11-21	1.07	1.07	1.05	1.06	769600.00
1972-11-22	1.06	1.07	1.06	1.06	164800.00
1972-11-24	1.07	1.07	1.07	1.07	158400.00
1972-11-27	1.07	1.07	1.06	1.07	139200.00
1972-11-28	1.06	1.06	1.05	1.05	182400.00
1972-11-29	1.05	1.06	1.05	1.05	452800.00
1972-11-30	1.05	1.06	1.05	1.06	244800.00
1972-12-01	1.06	1.06	1.05	1.06	180800.00
1972-12-04	1.06	1.07	1.06	1.06	252800.00
1972-12-05	1.06	1.06	1.05	1.05	350400.00
1972-12-06	1.05	1.06	1.04	1.06	500800.00
1972-12-07	1.06	1.07	1.06	1.06	230400.00
1972-12-08	1.06	1.06	1.05	1.06	198400.00
1972-12-11	1.06	1.07	1.05	1.06	264000.00
1972-12-12	1.06	1.07	1.06	1.06	211200.00
1972-12-13	1.07	1.08	1.07	1.08	246400.00
1972-12-14	1.08	1.09	1.08	1.08	318400.00
1972-12-15	1.08	1.08	1.07	1.08	300800.00
1972-12-18	1.07	1.07	1.06	1.07	278400.00
1972-12-19	1.07	1.07	1.05	1.05	459200.00
1972-12-20	1.05	1.06	1.05	1.06	260800.00
1972-12-21	1.06	1.06	1.05	1.06	249600.00
1972-12-22	1.06	1.08	1.06	1.07	235200.00
1972-12-26	1.07	1.08	1.07	1.08	89600.00
1972-12-27	1.08	1.09	1.08	1.09	232000.00
1972-12-29	1.09	1.11	1.09	1.11	516800.00
1973-01-02	1.11	1.11	1.09	1.10	452800.00
1973-01-03	1.10	1.11	1.09	1.11	473600.00
1973-01-04	1.11	1.11	1.10	1.10	259200.00
1973-01-05	1.10	1.11	1.10	1.11	715200.00
1973-01-08	1.11	1.11	1.10	1.10	368000.00
1973-01-09	1.10	1.11	1.10	1.10	315200.00
1973-01-10	1.10	1.10	1.10	1.10	187200.00
1973-01-11	1.10	1.11	1.10	1.10	224000.00
1973-01-12	1.10	1.11	1.10	1.10	355200.00
1973-01-15	1.10	1.10	1.08	1.09	553600.00
1973-01-16	1.09	1.09	1.08	1.08	166400.00
1973-01-17	1.08	1.08	1.07	1.08	302400.00
1973-01-18	1.08	1.08	1.07	1.08	233600.00
1973-01-19	1.08	1.08	1.07	1.07	243200.00
1973-01-22	1.07	1.07	1.07	1.07	214400.00
1973-01-23	1.07	1.07	1.05	1.07	179200.00
1973-01-24	1.07	1.07	1.06	1.06	211200.00
1973-01-26	1.06	1.06	1.02	1.04	624000.00
1973-01-29	1.04	1.04	1.01	1.01	496000.00
1973-01-30	1.01	1.02	1.01	1.01	313600.00
1973-01-31	1.01	1.02	1.01	1.02	262400.00
1973-02-01	1.02	1.05	1.01	1.05	398400.00
1973-02-02	1.05	1.06	1.05	1.05	424000.00
1973-02-05	1.05	1.06	1.05	1.06	292800.00
1973-02-06	1.06	1.06	1.05	1.06	352000.00
1973-02-07	1.06	1.08	1.06	1.07	136000.00
1973-02-08	1.07	1.08	1.06	1.08	577600.00
1973-02-09	1.08	1.10	1.07	1.10	441600.00
1973-02-12	1.10	1.12	1.10	1.12	489600.00
1973-02-13	1.16	1.20	1.16	1.16	1075200.00
1973-02-14	1.16	1.16	1.14	1.14	214400.00
1973-02-15	1.14	1.16	1.14	1.15	208000.00
1973-02-16	1.16	1.18	1.16	1.18	110400.00
1973-02-20	1.19	1.19	1.19	1.19	241600.00
1973-02-21	1.19	1.19	1.17	1.18	211200.00
1973-02-22	1.18	1.20	1.17	1.20	180800.00
1973-02-23	1.20	1.20	1.18	1.18	294400.00
1973-02-26	1.18	1.19	1.16	1.16	585600.00
1973-02-27	1.16	1.16	1.14	1.16	449600.00
1973-02-28	1.16	1.18	1.14	1.18	641600.00
1973-03-01	1.18	1.21	1.18	1.18	414400.00
1973-03-02	1.18	1.20	1.17	1.20	960000.00
1973-03-05	1.20	1.23	1.19	1.20	625600.00
1973-03-06	1.20	1.22	1.20	1.21	420800.00
1973-03-07	1.22	1.25	1.22	1.25	436800.00
1973-03-08	1.25	1.25	1.22	1.23	241600.00
1973-03-09	1.23	1.23	1.22	1.22	518400.00
1973-03-12	1.22	1.24	1.22	1.24	270400.00
1973-03-13	1.24	1.24	1.24	1.24	168000.00
1973-03-14	1.24	1.25	1.23	1.25	438400.00
1973-03-15	1.25	1.27	1.25	1.26	276800.00
1973-03-16	1.25	1.25	1.24	1.25	206400.00
1973-03-19	1.25	1.25	1.22	1.22	216000.00
1973-03-20	1.22	1.22	1.19	1.20	176000.00
1973-03-21	1.20	1.20	1.17	1.17	724800.00
1973-03-22	1.15	1.15	1.10	1.11	1356800.00
1973-03-23	1.11	1.14	1.11	1.14	462400.00
1973-03-26	1.15	1.18	1.15	1.18	275200.00
1973-03-27	1.19	1.20	1.19	1.20	862400.00
1973-03-28	1.20	1.20	1.19	1.19	222400.00
1973-03-29	1.19	1.23	1.19	1.22	395200.00
1973-03-30	1.22	1.22	1.20	1.20	273600.00
1973-04-02	1.20	1.20	1.19	1.20	185600.00
1973-04-03	1.19	1.19	1.17	1.18	291200.00
1973-04-04	1.18	1.18	1.15	1.16	387200.00
1973-04-05	1.16	1.16	1.14	1.15	238400.00
1973-04-06	1.16	1.17	1.16	1.17	284800.00
1973-04-09	1.17	1.19	1.17	1.19	420800.00
1973-04-10	1.19	1.19	1.18	1.19	256000.00
1973-04-11	1.19	1.19	1.17	1.19	348800.00
1973-04-12	1.19	1.19	1.17	1.17	280000.00
1973-04-13	1.17	1.18	1.17	1.17	188800.00
1973-04-16	1.17	1.17	1.15	1.17	204800.00
1973-04-17	1.17	1.17	1.16	1.17	102400.00
1973-04-18	1.17	1.17	1.16	1.17	174400.00
1973-04-19	1.17	1.18	1.17	1.18	190400.00
1973-04-23	1.18	1.18	1.17	1.18	172800.00
1973-04-24	1.18	1.18	1.17	1.17	414400.00
1973-04-25	1.16	1.16	1.14	1.15	1811200.00
1973-04-26	1.14	1.14	1.13	1.14	249600.00
1973-04-27	1.14	1.14	1.09	1.12	1748800.00
1973-04-30	1.12	1.13	1.10	1.12	625600.00
1973-05-01	1.12	1.13	1.11	1.13	910400.00
1973-05-02	1.14	1.17	1.14	1.17	844800.00
1973-05-03	1.17	1.19	1.15	1.18	723200.00
1973-05-04	1.18	1.19	1.18	1.19	494400.00
1973-05-07	1.18	1.18	1.17	1.17	232000.00
1973-05-08	1.17	1.19	1.17	1.19	388800.00
1973-05-09	1.19	1.20	1.18	1.19	332800.00
1973-05-10	1.19	1.20	1.18	1.19	209600.00
1973-05-11	1.18	1.18	1.17	1.17	310400.00
1973-05-14	1.17	1.17	1.15	1.16	401600.00
1973-05-15	1.16	1.18	1.15	1.17	470400.00
1973-05-16	1.18	1.20	1.18	1.19	294400.00
1973-05-17	1.19	1.20	1.19	1.19	201600.00
1973-05-18	1.19	1.19	1.16	1.17	280000.00
1973-05-21	1.16	1.16	1.11	1.14	459200.00
1973-05-22	1.15	1.18	1.15	1.15	462400.00
1973-05-23	1.15	1.18	1.14	1.18	390400.00
1973-05-24	1.18	1.21	1.18	1.21	297600.00
1973-05-25	1.21	1.23	1.21	1.23	433600.00
1973-05-29	1.23	1.23	1.21	1.22	112000.00
1973-05-30	1.22	1.22	1.21	1.21	403200.00
1973-05-31	1.21	1.22	1.21	1.21	196800.00
1973-06-01	1.21	1.21	1.19	1.19	206400.00
1973-06-04	1.18	1.18	1.16	1.17	214400.00
1973-06-05	1.17	1.19	1.16	1.19	358400.00
1973-06-06	1.19	1.20	1.18	1.18	238400.00
1973-06-07	1.18	1.19	1.17	1.18	88000.00
1973-06-08	1.20	1.21	1.20	1.20	206400.00
1973-06-11	1.20	1.20	1.19	1.19	260800.00
1973-06-12	1.20	1.23	1.20	1.23	267200.00
1973-06-13	1.23	1.25	1.23	1.24	588800.00
1973-06-14	1.24	1.24	1.23	1.24	332800.00
1973-06-15	1.22	1.22	1.20	1.21	200000.00
1973-06-18	1.21	1.21	1.19	1.21	169600.00
1973-06-19	1.21	1.22	1.20	1.22	249600.00
1973-06-20	1.22	1.23	1.21	1.21	132800.00
1973-06-21	1.21	1.22	1.19	1.19	302400.00
1973-06-22	1.20	1.22	1.20	1.20	417600.00
1973-06-25	1.17	1.17	1.15	1.15	326400.00
1973-06-26	1.15	1.15	1.14	1.15	390400.00
1973-06-27	1.15	1.16	1.12	1.14	291200.00
1973-06-28	1.14	1.17	1.13	1.16	643200.00
1973-06-29	1.16	1.17	1.16	1.17	273600.00
1973-07-02	1.17	1.18	1.16	1.18	283200.00
1973-07-03	1.17	1.17	1.16	1.16	352000.00
1973-07-05	1.15	1.15	1.13	1.14	424000.00
1973-07-06	1.13	1.13	1.10	1.11	428800.00
1973-07-09	1.11	1.11	1.08	1.10	446400.00
1973-07-10	1.11	1.12	1.11	1.12	739200.00
1973-07-11	1.15	1.16	1.15	1.16	481600.00
1973-07-12	1.16	1.19	1.15	1.18	472000.00
1973-07-13	1.19	1.19	1.19	1.19	187200.00
1973-07-16	1.19	1.20	1.19	1.19	419200.00
1973-07-17	1.21	1.23	1.21	1.21	510400.00
1973-07-18	1.21	1.21	1.20	1.20	318400.00
1973-07-19	1.20	1.22	1.19	1.20	342400.00
1973-07-20	1.20	1.21	1.19	1.20	548800.00
1973-07-23	1.20	1.21	1.19	1.20	417600.00
1973-07-24	1.20	1.25	1.20	1.25	267200.00
1973-07-25	1.25	1.29	1.25	1.28	673600.00
1973-07-26	1.28	1.29	1.28	1.28	380800.00
1973-07-27	1.28	1.28	1.25	1.26	320000.00
1973-07-30	1.26	1.26	1.24	1.25	142400.00
1973-07-31	1.25	1.27	1.24	1.24	190400.00
1973-08-01	1.24	1.24	1.21	1.21	142400.00
1973-08-02	1.21	1.24	1.21	1.24	193600.00
1973-08-03	1.24	1.25	1.23	1.24	150400.00
1973-08-06	1.22	1.22	1.16	1.17	931200.00
1973-08-07	1.18	1.20	1.18	1.18	689600.00
1973-08-08	1.18	1.20	1.18	1.18	678400.00
1973-08-09	1.18	1.20	1.18	1.18	214400.00
1973-08-10	1.18	1.18	1.16	1.17	342400.00
1973-08-13	1.16	1.17	1.15	1.16	369600.00
1973-08-14	1.16	1.17	1.15	1.15	252800.00
1973-08-15	1.15	1.15	1.14	1.14	179200.00
1973-08-16	1.14	1.14	1.11	1.11	755200.00
1973-08-17	1.11	1.11	1.10	1.10	680000.00
1973-08-20	1.10	1.10	1.09	1.09	307200.00
1973-08-21	1.09	1.10	1.08	1.08	356800.00
1973-08-22	1.08	1.09	1.07	1.09	382400.00
1973-08-23	1.10	1.12	1.10	1.12	283200.00
1973-08-24	1.12	1.15	1.12	1.15	395200.00
1973-08-27	1.15	1.17	1.15	1.15	550400.00
1973-08-28	1.15	1.17	1.15	1.16	211200.00
1973-08-29	1.16	1.16	1.12	1.12	2422400.00
1973-08-30	1.12	1.12	1.09	1.09	206400.00
1973-08-31	1.09	1.09	1.07	1.07	518400.00
1973-09-04	1.07	1.07	1.04	1.06	816000.00
1973-09-05	1.06	1.06	1.05	1.05	435200.00
1973-09-06	1.05	1.05	1.04	1.04	633600.00
1973-09-07	1.04	1.04	1.00	1.00	825600.00
1973-09-10	1.00	1.03	0.99	1.01	561600.00
1973-09-11	1.02	1.05	1.02	1.04	419200.00
1973-09-12	1.05	1.06	1.05	1.06	635200.00
1973-09-13	1.06	1.09	1.06	1.09	440000.00
1973-09-14	1.09	1.09	1.06	1.08	712000.00
1973-09-17	1.08	1.09	1.07	1.07	392000.00
1973-09-18	1.07	1.08	1.05	1.07	612800.00
1973-09-19	1.09	1.14	1.09	1.14	518400.00
1973-09-20	1.14	1.14	1.12	1.12	449600.00
1973-09-21	1.12	1.12	1.10	1.10	363200.00
1973-09-24	1.10	1.12	1.10	1.12	302400.00
1973-09-25	1.12	1.12	1.10	1.10	504000.00
1973-09-26	1.10	1.11	1.09	1.10	297600.00
1973-09-27	1.10	1.12	1.10	1.12	414400.00
1973-09-28	1.12	1.12	1.10	1.12	321600.00
1973-10-01	1.12	1.12	1.10	1.10	206400.00
1973-10-02	1.10	1.11	1.10	1.10	174400.00
1973-10-03	1.10	1.11	1.08	1.08	268800.00
1973-10-04	1.07	1.07	1.06	1.06	353600.00
1973-10-05	1.07	1.09	1.07	1.09	174400.00
1973-10-08	1.09	1.12	1.09	1.10	361600.00
1973-10-09	1.11	1.13	1.11	1.12	412800.00
1973-10-10	1.12	1.12	1.11	1.11	424000.00
1973-10-11	1.11	1.13	1.11	1.12	646400.00
1973-10-12	1.12	1.14	1.12	1.12	414400.00
1973-10-15	1.12	1.14	1.12	1.14	238400.00
1973-10-16	1.14	1.14	1.12	1.14	240000.00
1973-10-17	1.14	1.14	1.13	1.13	228800.00
1973-10-18	1.13	1.14	1.13	1.13	137600.00
1973-10-19	1.14	1.17	1.14	1.17	352000.00
1973-10-22	1.17	1.17	1.14	1.17	334400.00
1973-10-23	1.17	1.18	1.15	1.17	576000.00
1973-10-24	1.17	1.18	1.17	1.17	240000.00
1973-10-25	1.17	1.20	1.17	1.20	510400.00
1973-10-26	1.20	1.21	1.18	1.21	332800.00
1973-10-29	1.21	1.22	1.19	1.19	214400.00
1973-10-30	1.19	1.19	1.16	1.16	281600.00
1973-10-31	1.16	1.17	1.14	1.15	228800.00
1973-11-01	1.15	1.16	1.14	1.15	443200.00
1973-11-02	1.15	1.15	1.14	1.15	140800.00
1973-11-05	1.15	1.15	1.14	1.15	86400.00
1973-11-06	1.15	1.16	1.15	1.15	124800.00
1973-11-07	1.15	1.17	1.15	1.15	142400.00
1973-11-08	1.15	1.17	1.15	1.16	164800.00
1973-11-09	1.16	1.17	1.15	1.17	142400.00
1973-11-12	1.17	1.18	1.15	1.17	128000.00
1973-11-13	1.17	1.19	1.16	1.18	212800.00
1973-11-14	1.18	1.19	1.18	1.19	163200.00
1973-11-15	1.19	1.19	1.17	1.19	182400.00
1973-11-16	1.19	1.21	1.19	1.21	595200.00
1973-11-19	1.19	1.19	1.17	1.17	347200.00
1973-11-20	1.17	1.17	1.14	1.14	404800.00
1973-11-21	1.14	1.18	1.13	1.15	435200.00
1973-11-23	1.15	1.15	1.13	1.14	182400.00
1973-11-26	1.12	1.12	1.11	1.11	443200.00
1973-11-27	1.11	1.12	1.10	1.10	249600.00
1973-11-28	1.10	1.11	1.06	1.08	2700800.00
1973-11-29	1.08	1.08	1.06	1.07	620800.00
1973-11-30	1.07	1.09	1.06	1.09	211200.00
1973-12-03	1.08	1.08	1.06	1.07	390400.00
1973-12-04	1.07	1.08	1.06	1.06	190400.00
1973-12-05	1.06	1.06	1.05	1.06	427200.00
1973-12-06	1.06	1.09	1.06	1.09	252800.00
1973-12-07	1.11	1.13	1.11	1.12	304000.00
1973-12-10	1.12	1.12	1.11	1.12	166400.00
1973-12-11	1.12	1.13	1.09	1.09	291200.00
1973-12-12	1.06	1.06	1.05	1.05	356800.00
1973-12-13	1.03	1.03	0.99	0.99	945600.00
1973-12-14	0.99	1.02	0.98	1.00	622400.00
1973-12-17	1.02	1.03	1.02	1.03	270400.00
1973-12-18	1.03	1.07	1.03	1.07	457600.00
1973-12-19	1.07	1.12	1.07	1.08	617600.00
1973-12-20	1.06	1.06	1.01	1.02	616000.00
1973-12-21	1.02	1.02	1.00	1.01	592000.00
1973-12-24	1.01	1.01	0.99	0.99	347200.00
1973-12-26	1.01	1.04	1.01	1.04	364800.00
1973-12-27	1.06	1.08	1.06	1.06	331200.00
1973-12-28	1.06	1.06	1.03	1.04	337600.00
1973-12-31	1.04	1.04	1.03	1.04	313600.00
1974-01-02	1.04	1.04	1.02	1.03	294400.00
1974-01-03	1.03	1.05	1.03	1.03	784000.00
1974-01-04	1.03	1.03	1.01	1.01	558400.00
1974-01-07	1.01	1.01	0.99	0.99	379200.00
1974-01-08	0.99	0.99	0.98	0.98	766400.00
1974-01-09	0.98	0.98	0.95	0.95	604800.00
1974-01-10	0.95	0.96	0.92	0.92	484800.00
1974-01-11	0.92	0.93	0.92	0.93	304000.00
1974-01-14	0.93	0.95	0.92	0.93	356800.00
1974-01-15	0.93	0.94	0.92	0.93	276800.00
1974-01-16	0.93	0.93	0.92	0.93	248000.00
1974-01-17	0.94	0.96	0.94	0.96	468800.00
1974-01-18	0.97	0.99	0.97	0.98	206400.00
1974-01-21	0.98	0.99	0.97	0.99	350400.00
1974-01-22	0.99	1.01	0.99	1.01	478400.00
1974-01-23	1.01	1.02	1.01	1.02	144000.00
1974-01-24	1.02	1.02	1.01	1.02	259200.00
1974-01-25	1.02	1.02	1.01	1.01	214400.00
1974-01-28	1.01	1.01	1.00	1.01	179200.00
1974-01-29	1.01	1.01	0.99	0.99	460800.00
1974-01-30	0.99	1.00	0.99	1.00	329600.00
1974-01-31	1.01	1.02	1.01	1.01	246400.00
1974-02-01	1.00	1.00	0.99	0.99	286400.00
1974-02-04	0.98	0.98	0.97	0.97	353600.00
1974-02-05	0.97	0.97	0.95	0.95	235200.00
1974-02-06	0.95	0.95	0.94	0.95	192000.00
1974-02-07	0.95	0.95	0.93	0.93	212800.00
1974-02-08	0.93	0.93	0.92	0.93	206400.00
1974-02-11	0.92	0.92	0.89	0.89	294400.00
1974-02-12	0.89	0.89	0.88	0.88	587200.00
1974-02-13	0.88	0.89	0.87	0.87	624000.00
1974-02-14	0.87	0.87	0.84	0.85	396800.00
1974-02-15	0.85	0.88	0.85	0.86	417600.00
1974-02-19	0.88	0.90	0.88	0.89	739200.00
1974-02-20	0.89	0.93	0.89	0.93	539200.00
1974-02-21	0.94	0.97	0.94	0.97	382400.00
1974-02-22	0.97	0.97	0.95	0.95	329600.00
1974-02-25	0.95	0.97	0.94	0.95	174400.00
1974-02-26	0.95	0.98	0.95	0.98	235200.00
1974-02-27	0.98	0.99	0.96	0.97	403200.00
1974-02-28	0.97	0.97	0.96	0.96	225600.00
1974-03-01	0.96	0.96	0.94	0.95	254400.00
1974-03-04	0.95	0.97	0.94	0.97	390400.00
1974-03-05	0.97	0.99	0.97	0.98	356800.00
1974-03-06	0.98	0.99	0.98	0.99	227200.00
1974-03-07	0.99	0.99	0.97	0.97	272000.00
1974-03-08	0.97	0.99	0.96	0.99	596800.00
1974-03-11	0.99	1.01	0.97	0.99	473600.00
1974-03-12	0.99	1.00	0.99	1.00	316800.00
1974-03-13	1.00	1.02	0.99	1.01	523200.00
1974-03-14	1.01	1.04	1.01	1.04	374400.00
1974-03-15	1.04	1.04	1.02	1.03	144000.00
1974-03-18	1.03	1.03	1.01	1.03	174400.00
1974-03-19	1.03	1.03	1.01	1.02	172800.00
1974-03-20	1.02	1.04	1.02	1.04	428800.00
1974-03-21	1.04	1.05	1.04	1.04	121600.00
1974-03-22	1.04	1.04	1.04	1.04	174400.00
1974-03-25	1.04	1.04	1.03	1.03	92800.00
1974-03-26	1.03	1.04	1.03	1.04	227200.00
1974-03-27	1.04	1.05	1.03	1.05	353600.00
1974-03-28	1.05	1.05	1.01	1.01	358400.00
1974-03-29	1.01	1.01	1.00	1.00	246400.00
1974-04-01	0.99	0.99	0.98	0.99	147200.00
1974-04-02	0.99	1.00	0.98	0.99	182400.00
1974-04-03	0.99	1.01	0.99	1.00	196800.00
1974-04-04	1.01	1.02	1.01	1.02	198400.00
1974-04-05	1.02	1.03	1.01	1.02	270400.00
1974-04-08	1.01	1.01	1.00	1.01	100800.00
1974-04-09	1.01	1.02	1.00	1.02	182400.00
1974-04-10	1.02	1.05	1.02	1.04	278400.00
1974-04-11	1.04	1.04	1.02	1.03	156800.00
1974-04-15	1.04	1.05	1.04	1.05	81600.00
1974-04-16	1.05	1.05	1.03	1.04	219200.00
1974-04-17	1.04	1.06	1.04	1.06	158400.00
1974-04-18	1.06	1.07	1.06	1.07	267200.00
1974-04-19	1.05	1.05	1.04	1.05	388800.00
1974-04-22	1.05	1.05	1.04	1.05	198400.00
1974-04-23	1.05	1.06	1.02	1.03	358400.00
1974-04-24	1.00	1.00	0.99	0.99	561600.00
1974-04-25	0.99	1.00	0.99	0.99	198400.00
1974-04-26	1.00	1.02	1.00	1.02	185600.00
1974-04-29	1.02	1.04	1.01	1.04	163200.00
1974-04-30	1.04	1.05	1.04	1.05	184000.00
1974-05-01	1.05	1.09	1.04	1.07	326400.00
1974-05-02	1.07	1.08	1.07	1.07	265600.00
1974-05-03	1.06	1.06	1.05	1.05	244800.00
1974-05-06	1.05	1.05	1.03	1.04	107200.00
1974-05-07	1.05	1.07	1.05	1.07	152000.00
1974-05-08	1.07	1.11	1.06	1.09	244800.00
1974-05-09	1.09	1.12	1.09	1.10	209600.00
1974-05-10	1.10	1.11	1.09	1.09	299200.00
1974-05-13	1.07	1.09	1.07	1.07	164800.00
1974-05-14	1.07	1.09	1.07	1.09	305600.00
1974-05-15	1.09	1.09	1.08	1.09	185600.00
1974-05-16	1.09	1.09	1.07	1.07	265600.00
1974-05-17	1.07	1.07	1.06	1.06	363200.00
1974-05-20	1.06	1.07	1.05	1.06	308800.00
1974-05-21	1.06	1.08	1.06	1.07	368000.00
1974-05-22	1.07	1.09	1.07	1.07	193600.00
1974-05-23	1.07	1.07	1.06	1.07	472000.00
1974-05-24	1.07	1.09	1.06	1.08	260800.00
1974-05-28	1.08	1.10	1.08	1.08	230400.00
1974-05-29	1.08	1.10	1.07	1.08	246400.00
1974-05-30	1.08	1.08	1.06	1.07	248000.00
1974-05-31	1.07	1.07	1.05	1.06	430400.00
1974-06-03	1.06	1.08	1.06	1.07	468800.00
1974-06-04	1.07	1.09	1.07	1.09	188800.00
1974-06-05	1.09	1.11	1.09	1.11	256000.00
1974-06-06	1.11	1.13	1.11	1.12	169600.00
1974-06-07	1.13	1.15	1.13	1.13	376000.00
1974-06-10	1.13	1.13	1.11	1.12	420800.00
1974-06-11	1.12	1.13	1.12	1.13	184000.00
1974-06-12	1.13	1.13	1.12	1.13	366400.00
1974-06-13	1.13	1.17	1.13	1.16	512000.00
1974-06-14	1.16	1.16	1.14	1.15	267200.00
1974-06-17	1.14	1.14	1.13	1.14	123200.00
1974-06-18	1.14	1.15	1.13	1.14	100800.00
1974-06-19	1.14	1.16	1.14	1.16	249600.00
1974-06-20	1.15	1.15	1.14	1.14	635200.00
1974-06-21	1.14	1.14	1.12	1.14	244800.00
1974-06-24	1.14	1.14	1.13	1.13	352000.00
1974-06-25	1.13	1.16	1.12	1.15	268800.00
1974-06-26	1.15	1.15	1.14	1.14	160000.00
1974-06-27	1.14	1.14	1.13	1.13	208000.00
1974-06-28	1.12	1.12	1.10	1.11	360000.00
1974-07-01	1.11	1.11	1.10	1.10	286400.00
1974-07-02	1.10	1.10	1.08	1.08	292800.00
1974-07-03	1.08	1.10	1.08	1.08	296000.00
1974-07-05	1.08	1.08	1.06	1.06	300800.00
1974-07-08	1.06	1.06	1.02	1.04	348800.00
1974-07-09	1.04	1.05	1.02	1.02	585600.00
1974-07-10	1.02	1.03	0.99	0.99	614400.00
1974-07-11	0.99	1.01	0.99	0.99	321600.00
1974-07-12	1.01	1.03	1.01	1.02	355200.00
1974-07-15	1.05	1.06	1.05	1.05	235200.00
1974-07-16	1.05	1.05	1.03	1.04	275200.00
1974-07-17	1.04	1.06	1.04	1.05	211200.00
1974-07-18	1.05	1.08	1.05	1.07	340800.00
1974-07-19	1.07	1.09	1.07	1.07	278400.00
1974-07-22	1.07	1.07	1.05	1.06	420800.00
1974-07-23	1.06	1.08	1.05	1.08	336000.00
1974-07-24	1.06	1.06	1.04	1.05	609600.00
1974-07-25	1.05	1.06	1.03	1.04	390400.00
1974-07-26	1.04	1.04	1.01	1.02	712000.00
1974-07-29	1.00	1.00	0.97	0.98	560000.00
1974-07-30	0.98	0.98	0.96	0.97	504000.00
1974-07-31	0.97	0.97	0.94	0.94	328000.00
1974-08-01	0.94	0.95	0.93	0.94	513600.00
1974-08-02	0.94	0.94	0.92	0.93	374400.00
1974-08-05	0.93	0.96	0.93	0.94	364800.00
1974-08-06	0.95	0.99	0.95	0.97	737600.00
1974-08-07	0.97	0.98	0.97	0.97	497600.00
1974-08-08	0.97	0.99	0.94	0.95	476800.00
1974-08-09	0.94	0.94	0.92	0.92	222400.00
1974-08-12	0.95	0.95	0.93	0.94	296000.00
1974-08-13	0.94	0.94	0.91	0.91	481600.00
1974-08-14	0.91	0.91	0.87	0.89	771200.00
1974-08-15	0.89	0.89	0.87	0.87	500800.00
1974-08-16	0.87	0.88	0.85	0.86	296000.00
1974-08-19	0.86	0.86	0.83	0.83	408000.00
1974-08-20	0.84	0.86	0.84	0.85	420800.00
1974-08-21	0.85	0.86	0.85	0.85	305600.00
1974-08-22	0.85	0.85	0.83	0.83	489600.00
1974-08-23	0.83	0.86	0.83	0.84	337600.00
1974-08-26	0.84	0.86	0.83	0.86	475200.00
1974-08-27	0.85	0.85	0.84	0.84	572800.00
1974-08-28	0.84	0.86	0.84	0.85	526400.00
1974-08-29	0.85	0.86	0.85	0.86	521600.00
1974-08-30	0.87	0.90	0.87	0.90	473600.00
1974-09-03	0.90	0.92	0.89	0.89	492800.00
1974-09-04	0.87	0.87	0.85	0.87	520000.00
1974-09-05	0.88	0.93	0.88	0.93	424000.00
1974-09-06	0.93	0.97	0.92	0.93	676800.00
1974-09-09	0.91	0.91	0.90	0.90	355200.00
1974-09-10	0.90	0.91	0.89	0.90	392000.00
1974-09-11	0.90	0.91	0.89	0.89	348800.00
1974-09-12	0.88	0.88	0.87	0.87	414400.00
1974-09-13	0.86	0.86	0.81	0.81	1249600.00
1974-09-16	0.81	0.85	0.81	0.84	387200.00
1974-09-17	0.88	0.92	0.88	0.89	281600.00
1974-09-18	0.88	0.88	0.86	0.88	390400.00
1974-09-19	0.89	0.91	0.89	0.89	622400.00
1974-09-20	0.89	0.92	0.88	0.92	465600.00
1974-09-23	0.92	0.94	0.91	0.92	275200.00
1974-09-24	0.91	0.91	0.90	0.91	296000.00
1974-09-25	0.91	0.94	0.90	0.91	403200.00
1974-09-26	0.88	0.88	0.86	0.87	280000.00
1974-09-27	0.87	0.88	0.83	0.83	324800.00
1974-09-30	0.81	0.81	0.79	0.80	748800.00
1974-10-01	0.80	0.83	0.80	0.81	748800.00
1974-10-02	0.83	0.84	0.83	0.83	321600.00
1974-10-03	0.83	0.83	0.82	0.82	510400.00
1974-10-04	0.82	0.82	0.81	0.82	476800.00
1974-10-07	0.82	0.84	0.82	0.83	553600.00
1974-10-08	0.83	0.84	0.82	0.82	390400.00
1974-10-09	0.82	0.86	0.81	0.86	473600.00
1974-10-10	0.88	0.91	0.88	0.88	598400.00
1974-10-11	0.88	0.90	0.87	0.89	766400.00
1974-10-14	0.89	0.96	0.89	0.95	816000.00
1974-10-15	0.95	0.96	0.92	0.94	462400.00
1974-10-16	0.94	0.94	0.91	0.91	673600.00
1974-10-17	0.91	0.94	0.89	0.93	624000.00
1974-10-18	0.94	0.95	0.94	0.94	281600.00
1974-10-21	0.94	0.96	0.93	0.96	340800.00
1974-10-22	0.97	1.00	0.97	0.98	601600.00
1974-10-23	0.98	0.98	0.93	0.94	524800.00
1974-10-24	0.94	0.94	0.91	0.93	348800.00
1974-10-25	0.94	0.97	0.94	0.95	438400.00
1974-10-28	0.95	0.96	0.94	0.96	120000.00
1974-10-29	0.97	1.01	0.97	1.00	542400.00
1974-10-30	1.00	1.03	1.00	1.02	454400.00
1974-10-31	1.02	1.05	1.01	1.03	659200.00
1974-11-01	1.02	1.02	1.00	1.00	304000.00
1974-11-04	0.99	0.99	0.98	0.99	363200.00
1974-11-05	0.99	1.04	0.99	1.04	313600.00
1974-11-06	1.04	1.06	1.04	1.04	360000.00
1974-11-07	1.04	1.06	1.04	1.05	320000.00
1974-11-08	1.04	1.05	1.04	1.04	406400.00
1974-11-11	1.04	1.05	1.04	1.05	233600.00
1974-11-12	1.05	1.05	1.03	1.04	153600.00
1974-11-13	1.04	1.05	1.01	1.01	812800.00
1974-11-14	1.01	1.03	1.01	1.01	340800.00
1974-11-15	0.98	0.98	0.97	0.97	582400.00
1974-11-18	0.94	0.94	0.93	0.93	872000.00
1974-11-19	0.93	0.96	0.93	0.94	264000.00
1974-11-20	0.94	0.96	0.94	0.95	273600.00
1974-11-21	0.95	0.96	0.94	0.96	174400.00
1974-11-22	0.98	0.99	0.98	0.98	182400.00
1974-11-25	0.98	1.00	0.98	1.00	192000.00
1974-11-26	1.00	1.00	0.97	0.99	364800.00
1974-11-27	1.00	1.02	1.00	1.00	496000.00
1974-11-29	1.00	1.00	0.99	1.00	304000.00
1974-12-02	1.00	1.00	0.94	0.94	414400.00
1974-12-03	0.94	0.96	0.93	0.94	422400.00
1974-12-04	0.94	0.96	0.94	0.96	262400.00
1974-12-05	0.95	0.95	0.93	0.93	388800.00
1974-12-06	0.93	0.93	0.92	0.92	292800.00
1974-12-09	0.92	0.92	0.89	0.90	873600.00
1974-12-10	0.91	0.93	0.91	0.93	630400.00
1974-12-11	0.93	0.95	0.93	0.94	568000.00
1974-12-12	0.94	0.94	0.91	0.91	838400.00
1974-12-13	0.91	0.93	0.91	0.92	312000.00
1974-12-16	0.92	0.92	0.91	0.91	188800.00
1974-12-17	0.91	0.92	0.91	0.91	521600.00
1974-12-18	0.92	0.94	0.92	0.93	128000.00
1974-12-19	0.93	0.94	0.92	0.93	299200.00
1974-12-20	0.93	0.94	0.92	0.92	252800.00
1974-12-23	0.92	0.93	0.92	0.92	232000.00
1974-12-24	0.93	0.94	0.93	0.93	60800.00
1974-12-26	0.93	0.94	0.93	0.93	96000.00
1974-12-27	0.93	0.94	0.92	0.93	166400.00
1974-12-30	0.93	0.93	0.92	0.92	102400.00
1974-12-31	0.93	0.97	0.93	0.97	265600.00
1975-01-02	0.97	0.97	0.95	0.96	316800.00
1975-01-03	0.96	0.98	0.95	0.98	224000.00
1975-01-06	0.98	0.99	0.97	0.97	307200.00
1975-01-07	0.96	0.96	0.95	0.95	281600.00
1975-01-08	0.94	0.94	0.93	0.93	406400.00
1975-01-09	0.92	0.92	0.91	0.92	584000.00
1975-01-10	0.92	0.93	0.90	0.91	539200.00
1975-01-13	0.91	0.92	0.89	0.89	334400.00
1975-01-14	0.89	0.89	0.88	0.88	451200.00
1975-01-15	0.88	0.88	0.85	0.87	913600.00
1975-01-16	0.87	0.87	0.85	0.87	345600.00
1975-01-17	0.87	0.87	0.84	0.84	488000.00
1975-01-20	0.84	0.85	0.82	0.84	358400.00
1975-01-21	0.84	0.85	0.84	0.84	468800.00
1975-01-22	0.84	0.89	0.84	0.88	347200.00
1975-01-23	0.88	0.91	0.88	0.89	568000.00
1975-01-24	0.90	0.93	0.90	0.92	745600.00
1975-01-27	0.93	0.96	0.93	0.94	574400.00
1975-01-28	0.94	0.97	0.92	0.92	916800.00
1975-01-29	0.92	0.92	0.91	0.92	499200.00
1975-01-30	0.92	0.93	0.92	0.92	436800.00
1975-01-31	0.92	0.94	0.92	0.92	572800.00
1975-02-03	0.92	0.94	0.92	0.94	614400.00
1975-02-04	0.94	0.96	0.92	0.95	534400.00
1975-02-05	0.96	0.98	0.96	0.97	657600.00
1975-02-06	0.97	1.00	0.97	0.97	764800.00
1975-02-07	0.98	0.98	0.96	0.98	520000.00
1975-02-10	0.98	0.99	0.98	0.98	224000.00
1975-02-11	0.98	0.99	0.98	0.98	208000.00
1975-02-12	0.98	0.99	0.98	0.99	347200.00
1975-02-13	1.01	1.02	1.01	1.02	897600.00
1975-02-14	1.02	1.05	1.01	1.03	688000.00
1975-02-18	1.03	1.04	1.02	1.03	500800.00
1975-02-19	1.03	1.04	1.03	1.04	558400.00
1975-02-20	1.05	1.09	1.05	1.08	732800.00
1975-02-21	1.08	1.08	1.07	1.08	286400.00
1975-02-24	1.07	1.07	1.05	1.06	761600.00
1975-02-25	1.04	1.04	1.03	1.04	889600.00
1975-02-26	1.04	1.05	1.03	1.04	308800.00
1975-02-27	1.05	1.07	1.05	1.06	414400.00
1975-02-28	1.06	1.08	1.06	1.08	480000.00
1975-03-03	1.08	1.08	1.07	1.08	635200.00
1975-03-04	1.09	1.12	1.09	1.10	1528000.00
1975-03-05	1.10	1.13	1.09	1.11	728000.00
1975-03-06	1.11	1.11	1.09	1.10	424000.00
1975-03-07	1.11	1.13	1.11	1.11	454400.00
1975-03-10	1.12	1.14	1.12	1.13	256000.00
1975-03-11	1.13	1.14	1.13	1.13	526400.00
1975-03-12	1.13	1.13	1.12	1.12	438400.00
1975-03-13	1.12	1.12	1.11	1.11	305600.00
1975-03-14	1.11	1.13	1.11	1.13	416000.00
1975-03-17	1.13	1.14	1.13	1.13	440000.00
1975-03-18	1.13	1.14	1.13	1.13	481600.00
1975-03-19	1.13	1.14	1.12	1.13	200000.00
1975-03-20	1.13	1.13	1.12	1.12	216000.00
1975-03-21	1.12	1.13	1.10	1.10	385600.00
1975-03-24	1.06	1.06	1.04	1.04	950400.00
1975-03-25	1.04	1.04	1.01	1.04	1577600.00
1975-03-26	1.04	1.06	1.04	1.05	1499200.00
1975-03-27	1.05	1.06	1.02	1.03	5825600.00
1975-03-31	1.02	1.02	0.99	1.00	851200.00
1975-04-01	1.00	1.03	1.00	1.01	580800.00
1975-04-02	1.01	1.01	0.98	0.98	753600.00
1975-04-03	0.98	0.98	0.96	0.98	926400.00
1975-04-04	0.98	0.98	0.95	0.96	814400.00
1975-04-07	0.96	0.97	0.94	0.97	534400.00
1975-04-08	0.97	0.98	0.96	0.98	363200.00
1975-04-09	0.98	1.00	0.98	0.99	785600.00
1975-04-10	0.99	1.00	0.99	0.99	737600.00
1975-04-11	0.99	0.99	0.99	0.99	0.00
1975-04-14	0.97	0.97	0.96	0.97	724800.00
1975-04-15	0.97	1.00	0.97	0.99	1624000.00
1975-04-16	0.99	0.99	0.97	0.99	888000.00
1975-04-17	0.99	1.02	0.99	1.01	1126400.00
1975-04-18	1.01	1.02	1.00	1.00	608000.00
1975-04-21	1.00	1.01	0.99	0.99	649600.00
1975-04-22	0.99	1.01	0.99	0.99	355200.00
1975-04-23	0.99	0.99	0.96	0.96	617600.00
1975-04-24	0.96	0.98	0.95	0.95	664000.00
1975-04-25	0.96	0.98	0.96	0.97	705600.00
1975-04-28	0.97	0.99	0.97	0.98	259200.00
1975-04-29	0.98	0.99	0.97	0.99	240000.00
1975-04-30	0.99	1.01	0.98	1.00	276800.00
1975-05-01	1.00	1.02	1.00	1.01	940800.00
1975-05-02	1.01	1.02	1.01	1.01	374400.00
1975-05-05	1.01	1.03	1.01	1.03	331200.00
1975-05-06	1.03	1.04	1.03	1.04	1121600.00
1975-05-07	1.04	1.05	1.03	1.04	420800.00
1975-05-08	1.04	1.04	1.03	1.04	408000.00
1975-05-09	1.04	1.06	1.04	1.04	1585600.00
1975-05-12	1.05	1.06	1.05	1.06	872000.00
1975-05-13	1.06	1.09	1.06	1.08	953600.00
1975-05-14	1.08	1.10	1.08	1.09	756800.00
1975-05-15	1.10	1.12	1.10	1.10	488000.00
1975-05-16	1.10	1.10	1.07	1.07	496000.00
1975-05-19	1.07	1.08	1.06	1.08	529600.00
1975-05-20	1.08	1.10	1.08	1.09	262400.00
1975-05-21	1.09	1.10	1.09	1.09	534400.00
1975-05-22	1.09	1.10	1.09	1.09	214400.00
1975-05-23	1.09	1.10	1.09	1.09	216000.00
1975-05-27	1.09	1.10	1.09	1.10	241600.00
1975-05-28	1.10	1.11	1.09	1.10	326400.00
1975-05-29	1.10	1.10	1.09	1.09	964800.00
1975-05-30	1.09	1.10	1.09	1.09	1374400.00
1975-06-02	1.09	1.09	1.08	1.08	508800.00
1975-06-03	1.08	1.09	1.07	1.07	264000.00
1975-06-04	1.07	1.08	1.06	1.06	281600.00
1975-06-05	1.06	1.07	1.06	1.07	200000.00
1975-06-06	1.07	1.08	1.07	1.07	273600.00
1975-06-09	1.07	1.07	1.06	1.07	633600.00
1975-06-10	1.06	1.06	1.04	1.05	628800.00
1975-06-11	1.05	1.06	1.04	1.05	422400.00
1975-06-12	1.05	1.05	1.04	1.04	328000.00
1975-06-13	1.04	1.06	1.03	1.06	465600.00
1975-06-16	1.06	1.09	1.06	1.09	832000.00
1975-06-17	1.08	1.08	1.07	1.07	316800.00
1975-06-18	1.07	1.07	1.06	1.07	217600.00
1975-06-19	1.07	1.08	1.06	1.07	448000.00
1975-06-20	1.09	1.11	1.09	1.10	328000.00
1975-06-23	1.10	1.10	1.09	1.10	384000.00
1975-06-24	1.10	1.11	1.10	1.10	560000.00
1975-06-25	1.10	1.11	1.10	1.10	283200.00
1975-06-26	1.10	1.11	1.10	1.11	472000.00
1975-06-27	1.11	1.11	1.10	1.11	140800.00
1975-06-30	1.11	1.13	1.11	1.13	227200.00
1975-07-01	1.13	1.14	1.12	1.12	694400.00
1975-07-02	1.12	1.13	1.12	1.13	256000.00
1975-07-03	1.13	1.14	1.12	1.13	352000.00
1975-07-07	1.13	1.14	1.13	1.13	152000.00
1975-07-08	1.13	1.13	1.12	1.13	179200.00
1975-07-09	1.13	1.13	1.13	1.13	129600.00
1975-07-10	1.13	1.14	1.12	1.12	246400.00
1975-07-11	1.12	1.13	1.12	1.12	376000.00
1975-07-14	1.12	1.14	1.12	1.14	268800.00
1975-07-15	1.14	1.14	1.12	1.12	1595200.00
1975-07-16	1.11	1.11	1.09	1.09	726400.00
1975-07-17	1.07	1.07	1.06	1.06	584000.00
1975-07-18	1.06	1.07	1.05	1.05	492800.00
1975-07-21	1.05	1.06	1.01	1.01	944000.00
1975-07-22	1.01	1.04	1.01	1.02	484800.00
1975-07-23	1.02	1.03	1.01	1.02	347200.00
1975-07-24	1.01	1.01	1.00	1.01	358400.00
1975-07-25	1.01	1.03	1.01	1.01	324800.00
1975-07-28	1.01	1.02	0.99	0.99	430400.00
1975-07-29	0.99	1.01	0.99	0.99	241600.00
1975-07-30	0.99	0.99	0.98	0.98	571200.00
1975-07-31	0.98	0.99	0.98	0.98	240000.00
1975-08-01	0.97	0.97	0.95	0.95	828800.00
1975-08-04	0.95	0.95	0.94	0.95	209600.00
1975-08-05	0.95	0.95	0.93	0.94	798400.00
1975-08-06	0.94	0.95	0.93	0.94	464000.00
1975-08-07	0.94	0.95	0.93	0.94	148800.00
1975-08-08	0.94	0.96	0.94	0.95	176000.00
1975-08-11	0.96	0.96	0.95	0.95	1273600.00
1975-08-12	0.96	0.97	0.96	0.97	204800.00
1975-08-13	0.97	0.97	0.96	0.96	531200.00
1975-08-14	0.96	0.96	0.94	0.96	132800.00
1975-08-15	0.96	0.97	0.96	0.97	270400.00
1975-08-18	0.97	0.98	0.97	0.97	142400.00
1975-08-19	0.96	0.96	0.95	0.95	243200.00
1975-08-20	0.95	0.95	0.93	0.93	371200.00
1975-08-21	0.93	0.94	0.92	0.92	460800.00
1975-08-22	0.92	0.92	0.90	0.91	404800.00
1975-08-25	0.91	0.92	0.91	0.91	326400.00
1975-08-26	0.91	0.92	0.90	0.90	427200.00
1975-08-27	0.90	0.91	0.90	0.90	232000.00
1975-08-28	0.91	0.93	0.91	0.93	451200.00
1975-08-29	0.93	0.93	0.92	0.93	304000.00
1975-09-02	0.93	0.93	0.90	0.91	393600.00
1975-09-03	0.91	0.92	0.90	0.92	187200.00
1975-09-04	0.91	0.91	0.88	0.88	859200.00
1975-09-05	0.88	0.88	0.86	0.87	366400.00
1975-09-08	0.87	0.87	0.86	0.87	435200.00
1975-09-09	0.87	0.87	0.85	0.85	544000.00
1975-09-10	0.84	0.84	0.83	0.84	532800.00
1975-09-11	0.83	0.83	0.81	0.82	547200.00
1975-09-12	0.82	0.83	0.81	0.82	395200.00
1975-09-15	0.82	0.83	0.82	0.82	356800.00
1975-09-16	0.82	0.83	0.82	0.82	424000.00
1975-09-17	0.82	0.82	0.81	0.82	280000.00
1975-09-18	0.82	0.87	0.82	0.87	496000.00
1975-09-19	0.89	0.90	0.89	0.89	681600.00
1975-09-22	0.83	0.83	0.78	0.78	2600000.00
1975-09-23	0.77	0.77	0.71	0.75	3147200.00
1975-09-24	0.76	0.78	0.76	0.76	1408000.00
1975-09-25	0.76	0.76	0.74	0.75	961600.00
1975-09-26	0.75	0.76	0.75	0.76	1659200.00
1975-09-29	0.76	0.76	0.75	0.75	542400.00
1975-09-30	0.75	0.75	0.73	0.74	1321600.00
1975-10-01	0.74	0.75	0.74	0.74	243200.00
1975-10-02	0.74	0.76	0.74	0.76	676800.00
1975-10-03	0.76	0.77	0.75	0.77	868800.00
1975-10-06	0.77	0.78	0.77	0.77	480000.00
1975-10-07	0.77	0.77	0.74	0.76	398400.00
1975-10-08	0.76	0.79	0.75	0.79	577600.00
1975-10-09	0.80	0.81	0.80	0.80	729600.00
1975-10-10	0.80	0.82	0.80	0.80	526400.00
1975-10-13	0.80	0.85	0.80	0.84	174400.00
1975-10-14	0.84	0.85	0.83	0.83	499200.00
1975-10-15	0.83	0.83	0.82	0.82	404800.00
1975-10-16	0.82	0.84	0.82	0.83	532800.00
1975-10-17	0.83	0.85	0.82	0.84	608000.00
1975-10-20	0.84	0.86	0.83	0.86	324800.00
1975-10-21	0.86	0.89	0.85	0.85	769600.00
1975-10-22	0.85	0.86	0.85	0.85	369600.00
1975-10-23	0.85	0.86	0.85	0.85	297600.00
1975-10-24	0.85	0.86	0.83	0.83	881600.00
1975-10-27	0.82	0.82	0.80	0.82	726400.00
1975-10-28	0.82	0.84	0.82	0.83	675200.00
1975-10-29	0.83	0.84	0.82	0.83	352000.00
1975-10-30	0.83	0.84	0.83	0.83	449600.00
1975-10-31	0.83	0.83	0.80	0.81	427200.00
1975-11-03	0.81	0.81	0.79	0.80	219200.00
1975-11-04	0.80	0.80	0.80	0.80	96000.00
1975-11-05	0.81	0.81	0.81	0.81	1112000.00
1975-11-06	0.81	0.81	0.79	0.80	814400.00
1975-11-07	0.81	0.81	0.78	0.78	283200.00
1975-11-10	0.78	0.79	0.77	0.77	529600.00
1975-11-11	0.77	0.78	0.77	0.78	1281600.00
1975-11-12	0.79	0.81	0.79	0.80	464000.00
1975-11-13	0.81	0.82	0.81	0.81	1163200.00
1975-11-14	0.81	0.82	0.80	0.81	644800.00
1975-11-17	0.81	0.82	0.80	0.82	521600.00
1975-11-18	0.82	0.83	0.81	0.81	768000.00
1975-11-19	0.81	0.82	0.81	0.82	587200.00
1975-11-20	0.82	0.82	0.81	0.81	340800.00
1975-11-21	0.81	0.82	0.79	0.80	344000.00
1975-11-24	0.80	0.81	0.79	0.80	284800.00
1975-11-25	0.81	0.83	0.81	0.82	460800.00
1975-11-26	0.83	0.84	0.83	0.83	708800.00
1975-11-28	0.83	0.84	0.83	0.84	406400.00
1975-12-01	0.84	0.84	0.83	0.83	310400.00
1975-12-02	0.83	0.84	0.83	0.83	299200.00
1975-12-03	0.83	0.83	0.81	0.81	1438400.00
1975-12-04	0.81	0.82	0.80	0.80	576000.00
1975-12-05	0.80	0.80	0.78	0.78	593600.00
1975-12-08	0.78	0.78	0.77	0.78	435200.00
1975-12-09	0.78	0.78	0.78	0.78	473600.00
1975-12-10	0.78	0.79	0.78	0.78	588800.00
1975-12-11	0.78	0.79	0.78	0.78	940800.00
1975-12-12	0.78	0.78	0.76	0.77	827200.00
1975-12-15	0.77	0.78	0.76	0.76	641600.00
1975-12-16	0.76	0.77	0.76	0.76	1611200.00
1975-12-17	0.76	0.78	0.76	0.78	577600.00
1975-12-18	0.78	0.78	0.77	0.78	676800.00
1975-12-19	0.78	0.78	0.75	0.75	1200000.00
1975-12-22	0.75	0.76	0.75	0.75	451200.00
1975-12-23	0.75	0.76	0.74	0.75	856000.00
1975-12-24	0.75	0.76	0.75	0.75	457600.00
1975-12-26	0.76	0.77	0.76	0.77	540800.00
1975-12-29	0.77	0.78	0.76	0.77	484800.00
1975-12-30	0.76	0.76	0.74	0.75	721600.00
1975-12-31	0.75	0.76	0.74	0.75	542400.00
1976-01-02	0.75	0.76	0.74	0.74	438400.00
1976-01-05	0.74	0.75	0.74	0.75	483200.00
1976-01-06	0.75	0.76	0.75	0.75	2129600.00
1976-01-07	0.75	0.78	0.75	0.78	700800.00
1976-01-08	0.78	0.78	0.76	0.76	2228800.00
1976-01-09	0.76	0.77	0.76	0.77	323200.00
1976-01-12	0.77	0.78	0.76	0.78	844800.00
1976-01-13	0.78	0.78	0.74	0.74	1059200.00
1976-01-14	0.74	0.74	0.71	0.72	2942400.00
1976-01-15	0.72	0.73	0.70	0.71	1193600.00
1976-01-16	0.70	0.70	0.68	0.69	1219200.00
1976-01-19	0.69	0.69	0.65	0.69	3480000.00
1976-01-20	0.71	0.74	0.71	0.74	1923200.00
1976-01-21	0.73	0.73	0.72	0.73	1212800.00
1976-01-22	0.73	0.73	0.72	0.72	883200.00
1976-01-23	0.73	0.76	0.73	0.75	2025600.00
1976-01-26	0.77	0.78	0.77	0.78	1403200.00
1976-01-27	0.78	0.81	0.78	0.78	1398400.00
1976-01-28	0.78	0.80	0.78	0.79	649600.00
1976-01-29	0.79	0.83	0.79	0.81	1888000.00
1976-01-30	0.82	0.83	0.82	0.83	1353600.00
1976-02-02	0.83	0.83	0.82	0.82	604800.00
1976-02-03	0.83	0.87	0.83	0.87	1518400.00
1976-02-04	0.87	0.87	0.84	0.84	1552000.00
1976-02-05	0.84	0.84	0.80	0.81	665600.00
1976-02-06	0.80	0.81	0.80	0.80	480000.00
1976-02-09	0.80	0.82	0.80	0.81	352000.00
1976-02-10	0.81	0.82	0.80	0.80	625600.00
1976-02-11	0.80	0.80	0.79	0.80	1292800.00
1976-02-12	0.80	0.82	0.80	0.81	336000.00
1976-02-13	0.81	0.81	0.79	0.79	758400.00
1976-02-17	0.80	0.80	0.80	0.80	760000.00
1976-02-18	0.80	0.80	0.79	0.80	611200.00
1976-02-19	0.80	0.82	0.80	0.82	817600.00
1976-02-20	0.82	0.82	0.79	0.80	784000.00
1976-02-23	0.80	0.80	0.78	0.79	1017600.00
1976-02-24	0.78	0.78	0.75	0.76	728000.00
1976-02-25	0.76	0.76	0.74	0.76	1820800.00
1976-02-26	0.76	0.77	0.74	0.75	854400.00
1976-02-27	0.75	0.75	0.74	0.75	771200.00
1976-03-01	0.75	0.76	0.75	0.75	590400.00
1976-03-02	0.76	0.78	0.76	0.76	670400.00
1976-03-03	0.76	0.76	0.75	0.75	622400.00
1976-03-04	0.75	0.75	0.74	0.74	366400.00
1976-03-05	0.74	0.75	0.71	0.71	2080000.00
1976-03-08	0.72	0.73	0.72	0.73	1188800.00
1976-03-09	0.73	0.73	0.72	0.72	5049600.00
1976-03-10	0.72	0.73	0.72	0.72	811200.00
1976-03-11	0.72	0.73	0.72	0.73	1038400.00
1976-03-12	0.73	0.74	0.73	0.73	988800.00
1976-03-15	0.73	0.74	0.73	0.73	1118400.00
1976-03-16	0.73	0.76	0.73	0.76	1734400.00
1976-03-17	0.76	0.76	0.75	0.75	976000.00
1976-03-18	0.75	0.76	0.75	0.75	976000.00
1976-03-19	0.75	0.76	0.75	0.75	1432000.00
1976-03-22	0.75	0.76	0.75	0.75	657600.00
1976-03-23	0.75	0.78	0.75	0.77	824000.00
1976-03-24	0.78	0.80	0.78	0.78	1452800.00
1976-03-25	0.78	0.79	0.77	0.78	1284800.00
1976-03-26	0.78	0.80	0.78	0.79	456000.00
1976-03-29	0.79	0.79	0.78	0.79	174400.00
1976-03-30	0.79	0.79	0.78	0.79	224000.00
1976-03-31	0.79	0.80	0.79	0.80	915200.00
1976-04-01	0.79	0.79	0.77	0.77	2100800.00
1976-04-02	0.77	0.79	0.77	0.78	683200.00
1976-04-05	0.78	0.78	0.77	0.77	830400.00
1976-04-06	0.77	0.78	0.76	0.77	769600.00
1976-04-07	0.76	0.76	0.75	0.75	750400.00
1976-04-08	0.75	0.75	0.74	0.75	987200.00
1976-04-09	0.75	0.75	0.74	0.74	910400.00
1976-04-12	0.74	0.75	0.73	0.75	502400.00
1976-04-13	0.75	0.75	0.74	0.75	467200.00
1976-04-14	0.75	0.75	0.74	0.74	828800.00
1976-04-15	0.74	0.74	0.72	0.73	1060800.00
1976-04-19	0.73	0.75	0.73	0.75	579200.00
1976-04-20	0.75	0.76	0.75	0.76	544000.00
1976-04-21	0.77	0.78	0.77	0.78	1027200.00
1976-04-22	0.78	0.79	0.78	0.78	934400.00
1976-04-23	0.78	0.78	0.77	0.77	945600.00
1976-04-26	0.77	0.78	0.77	0.77	368000.00
1976-04-27	0.77	0.78	0.76	0.77	547200.00
1976-04-28	0.77	0.77	0.75	0.75	401600.00
1976-04-29	0.76	0.77	0.76	0.76	468800.00
1976-04-30	0.76	0.76	0.74	0.74	371200.00
1976-05-03	0.74	0.75	0.74	0.74	446400.00
1976-05-04	0.74	0.75	0.74	0.74	321600.00
1976-05-05	0.74	0.75	0.73	0.73	513600.00
1976-05-06	0.73	0.74	0.73	0.74	736000.00
1976-05-07	0.74	0.75	0.73	0.74	369600.00
1976-05-10	0.77	0.77	0.74	0.77	342400.00
1976-05-11	0.77	0.77	0.76	0.76	454400.00
1976-05-12	0.76	0.76	0.75	0.76	464000.00
1976-05-13	0.76	0.76	0.75	0.76	625600.00
1976-05-14	0.76	0.76	0.74	0.74	763200.00
1976-05-17	0.74	0.74	0.73	0.73	1200000.00
1976-05-18	0.73	0.74	0.73	0.73	363200.00
1976-05-19	0.73	0.73	0.73	0.73	587200.00
1976-05-20	0.73	0.74	0.73	0.74	497600.00
1976-05-21	0.73	0.73	0.73	0.73	542400.00
1976-05-24	0.73	0.73	0.72	0.72	371200.00
1976-05-25	0.72	0.72	0.71	0.72	308800.00
1976-05-26	0.72	0.72	0.71	0.72	324800.00
1976-05-27	0.72	0.72	0.71	0.72	390400.00
1976-05-28	0.72	0.72	0.71	0.72	225600.00
1976-06-01	0.72	0.72	0.71	0.71	228800.00
1976-06-02	0.71	0.72	0.71	0.71	454400.00
1976-06-03	0.71	0.73	0.71	0.71	694400.00
1976-06-04	0.71	0.71	0.69	0.70	593600.00
1976-06-07	0.70	0.70	0.68	0.69	292800.00
1976-06-08	0.69	0.70	0.68	0.68	691200.00
1976-06-09	0.68	0.68	0.67	0.68	406400.00
1976-06-10	0.68	0.69	0.67	0.69	739200.00
1976-06-11	0.71	0.72	0.71	0.72	510400.00
1976-06-14	0.72	0.73	0.72	0.73	372800.00
1976-06-15	0.73	0.73	0.72	0.73	1016000.00
1976-06-16	0.73	0.73	0.72	0.73	480000.00
1976-06-17	0.73	0.76	0.73	0.75	1414400.00
1976-06-18	0.75	0.77	0.74	0.76	899200.00
1976-06-21	0.76	0.77	0.76	0.77	692800.00
1976-06-22	0.77	0.77	0.75	0.75	446400.00
1976-06-23	0.75	0.76	0.73	0.73	377600.00
1976-06-24	0.73	0.75	0.73	0.74	316800.00
1976-06-25	0.74	0.75	0.74	0.74	489600.00
1976-06-28	0.74	0.76	0.74	0.76	216000.00
1976-06-29	0.76	0.76	0.74	0.76	641600.00
1976-06-30	0.76	0.78	0.76	0.77	537600.00
1976-07-01	0.77	0.78	0.76	0.77	681600.00
1976-07-02	0.77	0.77	0.76	0.76	273600.00
1976-07-06	0.76	0.77	0.75	0.76	435200.00
1976-07-07	0.76	0.76	0.74	0.74	502400.00
1976-07-08	0.74	0.75	0.73	0.74	766400.00
1976-07-09	0.76	0.77	0.76	0.77	545600.00
1976-07-12	0.78	0.80	0.78	0.79	908800.00
1976-07-13	0.79	0.80	0.79	0.79	1417600.00
1976-07-14	0.79	0.80	0.79	0.80	736000.00
1976-07-15	0.80	0.80	0.79	0.79	480000.00
1976-07-16	0.78	0.78	0.78	0.78	225600.00
1976-07-19	0.78	0.78	0.75	0.75	619200.00
1976-07-20	0.75	0.76	0.75	0.76	472000.00
1976-07-21	0.76	0.77	0.76	0.77	184000.00
1976-07-22	0.77	0.77	0.76	0.77	435200.00
1976-07-23	0.77	0.78	0.77	0.77	449600.00
1976-07-26	0.77	0.77	0.77	0.77	244800.00
1976-07-27	0.77	0.77	0.77	0.77	156800.00
1976-07-28	0.77	0.77	0.76	0.76	228800.00
1976-07-29	0.76	0.77	0.76	0.77	379200.00
1976-07-30	0.77	0.77	0.76	0.77	243200.00
1976-08-02	0.77	0.78	0.77	0.77	153600.00
1976-08-03	0.77	0.78	0.77	0.78	580800.00
1976-08-04	0.78	0.79	0.77	0.79	419200.00
1976-08-05	0.79	0.79	0.77	0.78	292800.00
1976-08-06	0.78	0.79	0.78	0.79	142400.00
1976-08-09	0.79	0.79	0.79	0.79	158400.00
1976-08-10	0.79	0.79	0.79	0.79	278400.00
1976-08-11	0.79	0.80	0.79	0.79	395200.00
1976-08-12	0.79	0.80	0.79	0.80	809600.00
1976-08-13	0.80	0.80	0.80	0.80	403200.00
1976-08-16	0.80	0.82	0.80	0.81	1017600.00
1976-08-17	0.81	0.81	0.81	0.81	1430400.00
1976-08-18	0.81	0.83	0.81	0.82	660800.00
1976-08-19	0.82	0.82	0.81	0.81	518400.00
1976-08-20	0.81	0.81	0.80	0.80	289600.00
1976-08-23	0.79	0.79	0.77	0.79	608000.00
1976-08-24	0.79	0.79	0.78	0.78	592000.00
1976-08-25	0.78	0.79	0.77	0.79	728000.00
1976-08-26	0.79	0.80	0.79	0.79	385600.00
1976-08-27	0.79	0.80	0.79	0.80	576000.00
1976-08-30	0.80	0.81	0.80	0.80	870400.00
1976-08-31	0.80	0.81	0.80	0.81	366400.00
1976-09-01	0.81	0.84	0.81	0.83	524800.00
1976-09-02	0.83	0.85	0.82	0.82	734400.00
1976-09-03	0.82	0.83	0.79	0.79	2761600.00
1976-09-07	0.79	0.79	0.77	0.77	937600.00
1976-09-08	0.77	0.77	0.76	0.76	2385600.00
1976-09-09	0.76	0.77	0.76	0.77	571200.00
1976-09-10	0.77	0.77	0.76	0.76	1254400.00
1976-09-13	0.77	0.78	0.77	0.78	435200.00
1976-09-14	0.78	0.79	0.78	0.79	606400.00
1976-09-15	0.79	0.80	0.79	0.79	296000.00
1976-09-16	0.79	0.80	0.79	0.80	542400.00
1976-09-17	0.80	0.81	0.80	0.80	940800.00
1976-09-20	0.80	0.80	0.79	0.80	275200.00
1976-09-21	0.80	0.82	0.80	0.82	977600.00
1976-09-22	0.82	0.82	0.81	0.81	348800.00
1976-09-23	0.81	0.83	0.81	0.82	401600.00
1976-09-24	0.82	0.82	0.81	0.81	438400.00
1976-09-27	0.81	0.82	0.81	0.81	302400.00
1976-09-28	0.81	0.82	0.81	0.82	326400.00
1976-09-29	0.82	0.82	0.81	0.82	539200.00
1976-09-30	0.82	0.82	0.81	0.82	361600.00
1976-10-01	0.82	0.82	0.81	0.81	483200.00
1976-10-04	0.81	0.81	0.81	0.81	488000.00
1976-10-05	0.81	0.82	0.81	0.81	793600.00
1976-10-06	0.81	0.82	0.81	0.82	524800.00
1976-10-07	0.82	0.83	0.81	0.82	264000.00
1976-10-08	0.82	0.82	0.82	0.82	310400.00
1976-10-11	0.82	0.82	0.81	0.81	476800.00
1976-10-12	0.81	0.81	0.81	0.81	478400.00
1976-10-13	0.81	0.82	0.81	0.82	742400.00
1976-10-14	0.82	0.82	0.81	0.81	937600.00
1976-10-15	0.81	0.81	0.80	0.80	1628800.00
1976-10-18	0.80	0.80	0.79	0.79	433600.00
1976-10-19	0.79	0.79	0.78	0.79	532800.00
1976-10-20	0.78	0.78	0.77	0.78	408000.00
1976-10-21	0.78	0.78	0.77	0.77	707200.00
1976-10-22	0.77	0.78	0.77	0.77	475200.00
1976-10-25	0.77	0.77	0.77	0.77	128000.00
1976-10-26	0.77	0.79	0.77	0.79	641600.00
1976-10-27	0.79	0.80	0.79	0.80	422400.00
1976-10-28	0.80	0.80	0.80	0.80	572800.00
1976-10-29	0.80	0.81	0.79	0.81	456000.00
1976-11-01	0.80	0.80	0.78	0.80	697600.00
1976-11-03	0.79	0.79	0.78	0.78	420800.00
1976-11-04	0.78	0.78	0.76	0.76	449600.00
1976-11-05	0.77	0.77	0.73	0.74	900800.00
1976-11-08	0.74	0.74	0.72	0.73	830400.00
1976-11-09	0.73	0.74	0.72	0.73	608000.00
1976-11-10	0.73	0.74	0.73	0.73	835200.00
1976-11-11	0.73	0.73	0.73	0.73	532800.00
1976-11-12	0.73	0.73	0.72	0.72	689600.00
1976-11-15	0.72	0.72	0.72	0.72	680000.00
1976-11-16	0.72	0.72	0.72	0.72	736000.00
1976-11-17	0.72	0.72	0.72	0.72	425600.00
1976-11-18	0.72	0.72	0.71	0.71	592000.00
1976-11-19	0.71	0.72	0.70	0.71	539200.00
1976-11-22	0.71	0.72	0.71	0.71	891200.00
1976-11-23	0.71	0.71	0.69	0.70	1113600.00
1976-11-24	0.70	0.70	0.69	0.70	587200.00
1976-11-26	0.69	0.69	0.68	0.69	729600.00
1976-11-29	0.68	0.68	0.67	0.67	1123200.00
1976-11-30	0.67	0.67	0.66	0.67	1076800.00
1976-12-01	0.67	0.67	0.65	0.65	1329600.00
1976-12-02	0.65	0.66	0.64	0.65	1091200.00
1976-12-03	0.65	0.67	0.65	0.67	1003200.00
1976-12-06	0.67	0.69	0.67	0.69	960000.00
1976-12-07	0.69	0.69	0.67	0.67	496000.00
1976-12-08	0.67	0.68	0.67	0.68	630400.00
1976-12-09	0.68	0.69	0.68	0.69	2196800.00
1976-12-10	0.69	0.70	0.69	0.69	582400.00
1976-12-13	0.69	0.69	0.68	0.69	432000.00
1976-12-14	0.69	0.69	0.67	0.69	560000.00
1976-12-15	0.68	0.68	0.67	0.68	2065600.00
1976-12-16	0.68	0.68	0.67	0.67	465600.00
1976-12-17	0.67	0.69	0.67	0.67	616000.00
1976-12-20	0.67	0.67	0.66	0.67	612800.00
1976-12-21	0.67	0.68	0.66	0.67	1089600.00
1976-12-22	0.67	0.69	0.67	0.68	2161600.00
1976-12-23	0.68	0.69	0.68	0.69	1115200.00
1976-12-27	0.69	0.71	0.68	0.71	1316800.00
1976-12-28	0.72	0.73	0.72	0.73	1481600.00
1976-12-29	0.72	0.72	0.72	0.72	676800.00
1976-12-30	0.72	0.73	0.72	0.72	870400.00
1976-12-31	0.72	0.72	0.70	0.71	313600.00
1977-01-03	0.71	0.72	0.70	0.70	1606400.00
1977-01-04	0.70	0.70	0.69	0.70	376000.00
1977-01-05	0.70	0.70	0.68	0.68	518400.00
1977-01-06	0.69	0.71	0.69	0.70	908800.00
1977-01-07	0.70	0.70	0.70	0.70	540800.00
1977-01-10	0.70	0.71	0.70	0.70	907200.00
1977-01-11	0.70	0.70	0.68	0.68	326400.00
1977-01-12	0.68	0.68	0.67	0.68	336000.00
1977-01-13	0.68	0.69	0.68	0.69	273600.00
1977-01-14	0.69	0.69	0.68	0.68	345600.00
1977-01-17	0.68	0.68	0.67	0.67	246400.00
1977-01-18	0.67	0.68	0.66	0.67	379200.00
1977-01-19	0.67	0.67	0.67	0.67	411200.00
1977-01-20	0.67	0.67	0.66	0.66	670400.00
1977-01-21	0.66	0.66	0.66	0.66	411200.00
1977-01-24	0.66	0.66	0.64	0.65	697600.00
1977-01-25	0.65	0.65	0.64	0.64	1219200.00
1977-01-26	0.64	0.64	0.63	0.64	1291200.00
1977-01-27	0.64	0.64	0.63	0.63	416000.00
1977-01-28	0.63	0.64	0.63	0.63	313600.00
1977-01-31	0.63	0.64	0.63	0.64	1588800.00
1977-02-01	0.64	0.65	0.64	0.65	1102400.00
1977-02-02	0.65	0.66	0.65	0.65	1491200.00
1977-02-03	0.64	0.64	0.63	0.64	2633600.00
1977-02-04	0.65	0.65	0.64	0.64	627200.00
1977-02-07	0.64	0.65	0.64	0.64	494400.00
1977-02-08	0.64	0.65	0.64	0.64	424000.00
1977-02-09	0.64	0.64	0.63	0.64	968000.00
1977-02-10	0.64	0.65	0.64	0.64	1251200.00
1977-02-11	0.64	0.64	0.63	0.64	496000.00
1977-02-14	0.64	0.64	0.63	0.64	518400.00
1977-02-15	0.64	0.64	0.62	0.63	1179200.00
1977-02-16	0.63	0.64	0.62	0.63	854400.00
1977-02-17	0.63	0.64	0.63	0.64	944000.00
1977-02-18	0.63	0.63	0.62	0.63	460800.00
1977-02-22	0.63	0.64	0.62	0.64	1329600.00
1977-02-23	0.64	0.64	0.63	0.63	515200.00
1977-02-24	0.63	0.63	0.61	0.61	1758400.00
1977-02-25	0.61	0.61	0.60	0.60	1420800.00
1977-02-28	0.60	0.62	0.60	0.62	606400.00
1977-03-01	0.63	0.64	0.63	0.63	572800.00
1977-03-02	0.63	0.64	0.63	0.64	444800.00
1977-03-03	0.64	0.65	0.64	0.65	459200.00
1977-03-04	0.65	0.65	0.65	0.65	646400.00
1977-03-07	0.65	0.65	0.65	0.65	449600.00
1977-03-08	0.65	0.65	0.65	0.65	326400.00
1977-03-09	0.65	0.65	0.64	0.64	371200.00
1977-03-10	0.64	0.64	0.63	0.64	547200.00
1977-03-11	0.65	0.66	0.65	0.65	865600.00
1977-03-14	0.65	0.66	0.65	0.66	712000.00
1977-03-15	0.66	0.67	0.66	0.67	696000.00
1977-03-16	0.67	0.68	0.67	0.68	624000.00
1977-03-17	0.68	0.68	0.67	0.67	572800.00
1977-03-18	0.67	0.67	0.67	0.67	238400.00
1977-03-21	0.67	0.67	0.66	0.67	900800.00
1977-03-22	0.67	0.67	0.66	0.67	289600.00
1977-03-23	0.67	0.68	0.66	0.66	470400.00
1977-03-24	0.66	0.66	0.65	0.65	532800.00
1977-03-25	0.65	0.65	0.64	0.65	344000.00
1977-03-28	0.65	0.65	0.64	0.64	371200.00
1977-03-29	0.64	0.65	0.64	0.65	547200.00
1977-03-30	0.65	0.65	0.64	0.64	326400.00
1977-03-31	0.64	0.64	0.63	0.64	230400.00
1977-04-01	0.64	0.65	0.64	0.65	302400.00
1977-04-04	0.65	0.65	0.64	0.64	204800.00
1977-04-05	0.64	0.64	0.63	0.63	264000.00
1977-04-06	0.63	0.63	0.62	0.63	1024000.00
1977-04-07	0.63	0.63	0.62	0.63	318400.00
1977-04-11	0.63	0.64	0.63	0.63	369600.00
1977-04-12	0.63	0.64	0.63	0.64	337600.00
1977-04-13	0.64	0.64	0.64	0.64	339200.00
1977-04-14	0.64	0.65	0.64	0.65	475200.00
1977-04-15	0.65	0.66	0.65	0.65	700800.00
1977-04-18	0.65	0.65	0.62	0.63	502400.00
1977-04-19	0.62	0.62	0.62	0.62	336000.00
1977-04-20	0.62	0.62	0.61	0.62	603200.00
1977-04-21	0.62	0.62	0.59	0.59	611200.00
1977-04-22	0.59	0.59	0.58	0.58	832000.00
1977-04-25	0.58	0.59	0.58	0.58	875200.00
1977-04-26	0.58	0.58	0.57	0.57	633600.00
1977-04-27	0.57	0.58	0.57	0.58	571200.00
1977-04-28	0.58	0.58	0.57	0.57	510400.00
1977-04-29	0.57	0.58	0.57	0.57	1448000.00
1977-05-02	0.57	0.57	0.56	0.57	1155200.00
1977-05-03	0.57	0.58	0.56	0.56	692800.00
1977-05-04	0.56	0.57	0.56	0.57	729600.00
1977-05-05	0.57	0.57	0.56	0.56	558400.00
1977-05-06	0.56	0.56	0.55	0.56	476800.00
1977-05-09	0.56	0.56	0.56	0.56	392000.00
1977-05-10	0.56	0.57	0.56	0.56	531200.00
1977-05-11	0.56	0.57	0.56	0.56	518400.00
1977-05-12	0.56	0.57	0.55	0.56	1244800.00
1977-05-13	0.56	0.56	0.56	0.56	710400.00
1977-05-16	0.56	0.57	0.56	0.56	441600.00
1977-05-17	0.56	0.57	0.56	0.57	1121600.00
1977-05-18	0.57	0.58	0.57	0.57	1228800.00
1977-05-19	0.57	0.58	0.57	0.57	425600.00
1977-05-20	0.57	0.57	0.56	0.56	1145600.00
1977-05-23	0.56	0.56	0.55	0.55	1336000.00
1977-05-24	0.55	0.55	0.55	0.55	550400.00
1977-05-25	0.55	0.55	0.55	0.55	769600.00
1977-05-26	0.55	0.55	0.55	0.55	758400.00
1977-05-27	0.55	0.55	0.55	0.55	411200.00
1977-05-31	0.55	0.55	0.55	0.55	462400.00
1977-06-01	0.55	0.55	0.55	0.55	644800.00
1977-06-02	0.55	0.56	0.55	0.56	267200.00
1977-06-03	0.56	0.56	0.55	0.55	1136000.00
1977-06-06	0.55	0.56	0.55	0.55	342400.00
1977-06-07	0.55	0.55	0.54	0.55	1536000.00
1977-06-08	0.56	0.57	0.56	0.57	1392000.00
1977-06-09	0.56	0.56	0.56	0.56	566400.00
1977-06-10	0.56	0.57	0.56	0.56	476800.00
1977-06-13	0.56	0.57	0.56	0.57	1243200.00
1977-06-14	0.57	0.58	0.57	0.58	1232000.00
1977-06-15	0.58	0.58	0.58	0.58	737600.00
1977-06-16	0.58	0.58	0.57	0.58	489600.00
1977-06-17	0.58	0.59	0.58	0.59	1081600.00
1977-06-20	0.59	0.60	0.59	0.60	697600.00
1977-06-21	0.60	0.61	0.60	0.61	1368000.00
1977-06-22	0.60	0.60	0.59	0.60	694400.00
1977-06-23	0.60	0.60	0.59	0.60	310400.00
1977-06-24	0.60	0.60	0.59	0.59	376000.00
1977-06-27	0.59	0.59	0.58	0.58	358400.00
1977-06-28	0.58	0.59	0.58	0.58	256000.00
1977-06-29	0.58	0.58	0.58	0.58	297600.00
1977-06-30	0.59	0.59	0.59	0.59	305600.00
1977-07-01	0.59	0.59	0.57	0.57	1032000.00
1977-07-05	0.57	0.58	0.57	0.58	579200.00
1977-07-06	0.58	0.58	0.56	0.57	361600.00
1977-07-07	0.57	0.58	0.57	0.58	803200.00
1977-07-08	0.58	0.58	0.58	0.58	419200.00
1977-07-11	0.58	0.58	0.58	0.58	491200.00
1977-07-12	0.58	0.58	0.57	0.58	532800.00
1977-07-13	0.58	0.58	0.57	0.58	1144000.00
1977-07-15	0.58	0.58	0.58	0.58	344000.00
1977-07-18	0.58	0.58	0.58	0.58	452800.00
1977-07-19	0.58	0.58	0.58	0.58	307200.00
1977-07-20	0.58	0.58	0.57	0.58	860800.00
1977-07-21	0.58	0.58	0.56	0.57	1027200.00
1977-07-22	0.57	0.57	0.56	0.56	430400.00
1977-07-25	0.56	0.56	0.55	0.55	1526400.00
1977-07-26	0.55	0.55	0.54	0.54	601600.00
1977-07-27	0.54	0.54	0.53	0.53	827200.00
1977-07-28	0.53	0.54	0.53	0.54	825600.00
1977-07-29	0.54	0.54	0.53	0.54	824000.00
1977-08-01	0.54	0.54	0.54	0.54	526400.00
1977-08-02	0.53	0.53	0.53	0.53	2740800.00
1977-08-03	0.53	0.54	0.53	0.53	1084800.00
1977-08-04	0.53	0.54	0.53	0.54	379200.00
1977-08-05	0.54	0.54	0.53	0.54	1038400.00
1977-08-08	0.54	0.54	0.54	0.54	401600.00
1977-08-09	0.54	0.54	0.54	0.54	688000.00
1977-08-10	0.54	0.54	0.53	0.54	500800.00
1977-08-11	0.54	0.54	0.54	0.54	248000.00
1977-08-12	0.54	0.54	0.53	0.54	600000.00
1977-08-15	0.54	0.54	0.54	0.54	265600.00
1977-08-16	0.54	0.55	0.54	0.55	723200.00
1977-08-17	0.55	0.56	0.55	0.56	1048000.00
1977-08-18	0.56	0.57	0.56	0.57	723200.00
1977-08-19	0.57	0.57	0.57	0.57	776000.00
1977-08-22	0.57	0.59	0.57	0.58	870400.00
1977-08-23	0.58	0.59	0.58	0.58	784000.00
1977-08-24	0.58	0.59	0.58	0.58	537600.00
1977-08-25	0.58	0.58	0.57	0.57	712000.00
1977-08-26	0.57	0.57	0.56	0.57	441600.00
1977-08-29	0.57	0.58	0.57	0.58	302400.00
1977-08-30	0.58	0.58	0.57	0.58	548800.00
1977-08-31	0.58	0.58	0.57	0.58	398400.00
1977-09-01	0.58	0.58	0.58	0.58	763200.00
1977-09-02	0.58	0.58	0.57	0.57	441600.00
1977-09-06	0.57	0.58	0.57	0.58	267200.00
1977-09-07	0.58	0.58	0.58	0.58	179200.00
1977-09-08	0.58	0.58	0.57	0.57	460800.00
1977-09-09	0.57	0.57	0.56	0.56	275200.00
1977-09-12	0.55	0.55	0.55	0.55	641600.00
1977-09-13	0.55	0.55	0.55	0.55	595200.00
1977-09-14	0.55	0.55	0.54	0.55	355200.00
1977-09-15	0.55	0.55	0.55	0.55	2145600.00
1977-09-16	0.55	0.55	0.54	0.54	332800.00
1977-09-19	0.54	0.54	0.54	0.54	417600.00
1977-09-20	0.53	0.53	0.53	0.53	536000.00
1977-09-21	0.53	0.53	0.50	0.50	2321600.00
1977-09-22	0.50	0.51	0.50	0.51	707200.00
1977-09-23	0.51	0.52	0.51	0.51	737600.00
1977-09-26	0.51	0.51	0.51	0.51	624000.00
1977-09-27	0.51	0.51	0.51	0.51	1542400.00
1977-09-28	0.51	0.51	0.51	0.51	595200.00
1977-09-29	0.51	0.51	0.51	0.51	686400.00
1977-09-30	0.51	0.52	0.51	0.52	716800.00
1977-10-03	0.52	0.53	0.51	0.52	630400.00
1977-10-04	0.52	0.53	0.52	0.52	1260800.00
1977-10-05	0.52	0.53	0.52	0.53	464000.00
1977-10-06	0.53	0.54	0.53	0.54	851200.00
1977-10-07	0.54	0.54	0.53	0.53	936000.00
1977-10-10	0.53	0.53	0.53	0.53	481600.00
1977-10-11	0.53	0.53	0.53	0.53	464000.00
1977-10-12	0.53	0.53	0.52	0.52	443200.00
1977-10-13	0.52	0.52	0.52	0.52	904000.00
1977-10-14	0.52	0.53	0.52	0.52	460800.00
1977-10-17	0.52	0.53	0.52	0.52	414400.00
1977-10-18	0.52	0.54	0.52	0.54	704000.00
1977-10-19	0.54	0.54	0.52	0.52	924800.00
1977-10-20	0.52	0.53	0.52	0.52	336000.00
1977-10-21	0.52	0.53	0.52	0.52	712000.00
1977-10-24	0.52	0.52	0.51	0.52	644800.00
1977-10-25	0.52	0.52	0.51	0.52	865600.00
1977-10-26	0.52	0.54	0.52	0.54	1635200.00
1977-10-27	0.54	0.54	0.53	0.54	825600.00
1977-10-28	0.54	0.55	0.54	0.54	483200.00
1977-10-31	0.54	0.56	0.54	0.55	905600.00
1977-11-01	0.54	0.54	0.54	0.54	696000.00
1977-11-02	0.54	0.54	0.54	0.54	430400.00
1977-11-03	0.54	0.55	0.54	0.55	1038400.00
1977-11-04	0.55	0.56	0.55	0.56	833600.00
1977-11-07	0.56	0.57	0.56	0.57	1313600.00
1977-11-08	0.57	0.57	0.56	0.57	1243200.00
1977-11-09	0.57	0.57	0.57	0.57	1358400.00
1977-11-10	0.58	0.59	0.58	0.59	1572800.00
1977-11-11	0.59	0.60	0.59	0.60	1080000.00
1977-11-14	0.60	0.60	0.59	0.59	1064000.00
1977-11-15	0.59	0.60	0.59	0.60	657600.00
1977-11-16	0.60	0.60	0.60	0.60	1059200.00
1977-11-17	0.60	0.60	0.59	0.60	625600.00
1977-11-18	0.60	0.61	0.60	0.60	1004800.00
1977-11-21	0.60	0.60	0.59	0.60	632000.00
1977-11-22	0.60	0.60	0.59	0.60	628800.00
1977-11-23	0.60	0.61	0.60	0.61	467200.00
1977-11-25	0.61	0.61	0.60	0.60	480000.00
1977-11-28	0.60	0.61	0.59	0.59	1267200.00
1977-11-29	0.59	0.59	0.59	0.59	934400.00
1977-11-30	0.59	0.59	0.58	0.58	878400.00
1977-12-01	0.58	0.59	0.58	0.59	667200.00
1977-12-02	0.59	0.59	0.58	0.59	923200.00
1977-12-05	0.59	0.59	0.57	0.57	571200.00
1977-12-06	0.57	0.57	0.55	0.56	625600.00
1977-12-07	0.56	0.57	0.56	0.57	676800.00
1977-12-08	0.57	0.58	0.57	0.57	777600.00
1977-12-09	0.57	0.58	0.57	0.58	534400.00
1977-12-12	0.58	0.58	0.57	0.57	419200.00
1977-12-13	0.57	0.58	0.57	0.57	392000.00
1977-12-14	0.57	0.59	0.57	0.59	838400.00
1977-12-15	0.59	0.59	0.58	0.58	643200.00
1977-12-16	0.58	0.58	0.57	0.58	848000.00
1977-12-19	0.57	0.57	0.57	0.57	1102400.00
1977-12-20	0.57	0.58	0.57	0.58	446400.00
1977-12-21	0.58	0.58	0.57	0.58	592000.00
1977-12-22	0.58	0.58	0.58	0.58	1035200.00
1977-12-23	0.58	0.59	0.58	0.59	1720000.00
1977-12-27	0.59	0.59	0.58	0.58	683200.00
1977-12-28	0.58	0.59	0.58	0.59	1096000.00
1977-12-29	0.59	0.59	0.58	0.59	508800.00
1977-12-30	0.59	0.59	0.59	0.59	390400.00
1978-01-03	0.59	0.59	0.58	0.58	384000.00
1978-01-04	0.58	0.59	0.58	0.58	857600.00
1978-01-05	0.58	0.59	0.58	0.58	435200.00
1978-01-06	0.57	0.57	0.57	0.57	347200.00
1978-01-09	0.57	0.57	0.57	0.57	849600.00
1978-01-10	0.57	0.58	0.57	0.57	2099200.00
1978-01-11	0.57	0.58	0.57	0.57	358400.00
1978-01-12	0.57	0.59	0.57	0.58	676800.00
1978-01-13	0.58	0.59	0.58	0.59	297600.00
1978-01-16	0.58	0.58	0.58	0.58	526400.00
1978-01-17	0.58	0.59	0.58	0.59	681600.00
1978-01-18	0.59	0.62	0.59	0.62	528000.00
1978-01-19	0.62	0.62	0.61	0.61	851200.00
1978-01-20	0.61	0.61	0.60	0.60	638400.00
1978-01-23	0.60	0.61	0.60	0.61	1027200.00
1978-01-24	0.61	0.61	0.60	0.61	1265600.00
1978-01-25	0.61	0.61	0.60	0.61	1425600.00
1978-01-26	0.61	0.61	0.60	0.60	617600.00
1978-01-27	0.60	0.62	0.60	0.61	1164800.00
1978-01-30	0.61	0.62	0.61	0.61	1443200.00
1978-01-31	0.61	0.62	0.61	0.62	2923200.00
1978-02-01	0.62	0.64	0.62	0.64	872000.00
1978-02-02	0.64	0.64	0.62	0.62	1552000.00
1978-02-03	0.62	0.62	0.61	0.62	393600.00
1978-02-06	0.61	0.62	0.61	0.62	308800.00
1978-02-07	0.62	0.64	0.61	0.64	936000.00
1978-02-08	0.64	0.64	0.63	0.63	884800.00
1978-02-09	0.63	0.64	0.63	0.64	384000.00
1978-02-10	0.64	0.64	0.63	0.63	406400.00
1978-02-13	0.63	0.63	0.62	0.63	739200.00
1978-02-14	0.63	0.63	0.62	0.63	342400.00
1978-02-15	0.63	0.63	0.62	0.63	681600.00
1978-02-16	0.62	0.62	0.62	0.62	561600.00
1978-02-17	0.62	0.62	0.60	0.60	1048000.00
1978-02-21	0.60	0.61	0.60	0.60	944000.00
1978-02-22	0.60	0.62	0.60	0.61	403200.00
1978-02-23	0.61	0.62	0.60	0.62	374400.00
1978-02-24	0.62	0.63	0.62	0.63	960000.00
1978-02-27	0.62	0.62	0.62	0.62	934400.00
1978-02-28	0.62	0.62	0.61	0.61	611200.00
1978-03-01	0.61	0.62	0.61	0.62	1027200.00
1978-03-02	0.62	0.62	0.61	0.61	828800.00
1978-03-03	0.61	0.62	0.61	0.61	305600.00
1978-03-06	0.61	0.61	0.60	0.60	475200.00
1978-03-07	0.60	0.62	0.60	0.61	348800.00
1978-03-08	0.61	0.62	0.61	0.62	417600.00
1978-03-09	0.62	0.62	0.61	0.62	856000.00
1978-03-10	0.62	0.63	0.62	0.63	1496000.00
1978-03-13	0.63	0.64	0.63	0.63	897600.00
1978-03-14	0.63	0.64	0.63	0.64	768000.00
1978-03-15	0.64	0.64	0.63	0.63	635200.00
1978-03-16	0.63	0.63	0.63	0.63	705600.00
1978-03-17	0.63	0.64	0.63	0.64	500800.00
1978-03-20	0.64	0.65	0.64	0.64	1166400.00
1978-03-21	0.64	0.64	0.64	0.64	537600.00
1978-03-22	0.64	0.64	0.63	0.64	1014400.00
1978-03-23	0.64	0.64	0.63	0.64	347200.00
1978-03-27	0.64	0.64	0.63	0.63	627200.00
1978-03-28	0.63	0.63	0.63	0.63	1144000.00
1978-03-29	0.63	0.63	0.63	0.63	929600.00
1978-03-30	0.63	0.63	0.63	0.63	494400.00
1978-03-31	0.63	0.63	0.63	0.63	604800.00
1978-04-03	0.63	0.63	0.62	0.62	792000.00
1978-04-04	0.62	0.63	0.62	0.62	291200.00
1978-04-05	0.62	0.63	0.62	0.63	836800.00
1978-04-06	0.64	0.64	0.64	0.64	1067200.00
1978-04-07	0.64	0.64	0.64	0.64	336000.00
1978-04-10	0.64	0.65	0.64	0.65	521600.00
1978-04-11	0.65	0.65	0.64	0.64	440000.00
1978-04-12	0.64	0.65	0.64	0.65	1840000.00
1978-04-13	0.65	0.66	0.65	0.65	800000.00
1978-04-14	0.66	0.67	0.66	0.66	1694400.00
1978-04-17	0.67	0.69	0.67	0.68	2486400.00
1978-04-18	0.68	0.68	0.67	0.67	1203200.00
1978-04-19	0.67	0.68	0.66	0.68	1134400.00
1978-04-20	0.68	0.69	0.68	0.68	1774400.00
1978-04-21	0.68	0.68	0.67	0.68	1374400.00
1978-04-24	0.68	0.68	0.67	0.68	1745600.00
1978-04-25	0.69	0.70	0.69	0.69	3208000.00
1978-04-26	0.69	0.70	0.69	0.69	1268800.00
1978-04-27	0.69	0.69	0.68	0.69	824000.00
1978-04-28	0.69	0.71	0.69	0.71	680000.00
1978-05-01	0.71	0.73	0.70	0.72	1056000.00
1978-05-02	0.72	0.72	0.71	0.71	1358400.00
1978-05-03	0.72	0.73	0.72	0.72	2313600.00
1978-05-04	0.71	0.71	0.70	0.71	1217600.00
1978-05-05	0.71	0.72	0.71	0.71	728000.00
1978-05-08	0.70	0.71	0.70	0.70	676800.00
1978-05-09	0.70	0.70	0.69	0.69	1593600.00
1978-05-10	0.69	0.69	0.68	0.69	755200.00
1978-05-11	0.69	0.71	0.69	0.70	880000.00
1978-05-12	0.71	0.72	0.71	0.72	1243200.00
1978-05-15	0.72	0.74	0.72	0.73	1003200.00
1978-05-16	0.73	0.74	0.73	0.74	1238400.00
1978-05-17	0.74	0.74	0.73	0.73	942400.00
1978-05-18	0.73	0.73	0.71	0.72	790400.00
1978-05-19	0.72	0.72	0.70	0.71	396800.00
1978-05-22	0.71	0.73	0.71	0.72	470400.00
1978-05-23	0.72	0.72	0.71	0.71	652800.00
1978-05-24	0.70	0.70	0.70	0.70	518400.00
1978-05-25	0.70	0.71	0.70	0.70	646400.00
1978-05-26	0.70	0.70	0.70	0.70	590400.00
1978-05-30	0.70	0.70	0.69	0.70	404800.00
1978-05-31	0.70	0.71	0.70	0.71	408000.00
1978-06-01	0.71	0.71	0.70	0.70	1966400.00
1978-06-02	0.70	0.71	0.70	0.71	961600.00
1978-06-05	0.71	0.75	0.71	0.75	2731200.00
1978-06-06	0.75	0.77	0.75	0.75	2947200.00
1978-06-07	0.75	0.76	0.75	0.76	1350400.00
1978-06-08	0.76	0.77	0.76	0.76	1214400.00
1978-06-09	0.76	0.76	0.74	0.75	969600.00
1978-06-12	0.75	0.76	0.74	0.75	502400.00
1978-06-13	0.75	0.76	0.74	0.75	350400.00
1978-06-14	0.76	0.77	0.76	0.76	1296000.00
1978-06-15	0.76	0.76	0.76	0.76	534400.00
1978-06-16	0.76	0.76	0.74	0.75	998400.00
1978-06-19	0.74	0.74	0.73	0.74	1217600.00
1978-06-20	0.74	0.74	0.73	0.73	691200.00
1978-06-21	0.72	0.72	0.71	0.72	603200.00
1978-06-22	0.72	0.73	0.72	0.73	892800.00
1978-06-23	0.73	0.74	0.72	0.73	2052800.00
1978-06-26	0.73	0.73	0.72	0.72	649600.00
1978-06-27	0.72	0.73	0.71	0.72	1472000.00
1978-06-28	0.72	0.73	0.71	0.73	1017600.00
1978-06-29	0.73	0.73	0.71	0.72	572800.00
1978-06-30	0.72	0.73	0.71	0.73	244800.00
1978-07-03	0.73	0.73	0.72	0.73	228800.00
1978-07-05	0.72	0.72	0.72	0.72	395200.00
1978-07-06	0.72	0.73	0.72	0.73	584000.00
1978-07-07	0.73	0.74	0.73	0.74	1555200.00
1978-07-10	0.74	0.75	0.73	0.75	838400.00
1978-07-11	0.75	0.76	0.74	0.76	963200.00
1978-07-12	0.76	0.76	0.75	0.75	1553600.00
1978-07-13	0.75	0.75	0.74	0.74	296000.00
1978-07-14	0.74	0.76	0.73	0.75	1169600.00
1978-07-17	0.76	0.77	0.76	0.77	720000.00
1978-07-18	0.77	0.77	0.76	0.76	756800.00
1978-07-19	0.76	0.77	0.76	0.77	964800.00
1978-07-20	0.77	0.78	0.77	0.77	822400.00
1978-07-21	0.76	0.76	0.75	0.76	1035200.00
1978-07-24	0.76	0.76	0.75	0.75	608000.00
1978-07-25	0.76	0.78	0.76	0.78	2139200.00
1978-07-26	0.78	0.79	0.78	0.78	598400.00
1978-07-27	0.78	0.79	0.78	0.79	888000.00
1978-07-28	0.79	0.79	0.78	0.79	788800.00
1978-07-31	0.80	0.82	0.80	0.81	984000.00
1978-08-01	0.81	0.81	0.80	0.81	1676800.00
1978-08-02	0.81	0.82	0.80	0.82	1268800.00
1978-08-03	0.82	0.84	0.81	0.81	1118400.00
1978-08-04	0.81	0.82	0.81	0.81	867200.00
1978-08-07	0.80	0.82	0.80	0.82	430400.00
1978-08-08	0.82	0.84	0.81	0.83	833600.00
1978-08-09	0.84	0.86	0.84	0.85	1371200.00
1978-08-10	0.85	0.85	0.84	0.84	672000.00
1978-08-11	0.84	0.84	0.83	0.84	697600.00
1978-08-14	0.84	0.85	0.84	0.85	964800.00
1978-08-15	0.85	0.85	0.84	0.85	937600.00
1978-08-16	0.85	0.85	0.84	0.84	1076800.00
1978-08-17	0.84	0.85	0.84	0.85	2164800.00
1978-08-18	0.85	0.85	0.84	0.84	1297600.00
1978-08-21	0.84	0.85	0.83	0.83	875200.00
1978-08-22	0.82	0.82	0.81	0.82	921600.00
1978-08-23	0.82	0.83	0.82	0.82	436800.00
1978-08-24	0.82	0.83	0.81	0.82	518400.00
1978-08-25	0.82	0.82	0.81	0.81	812800.00
1978-08-28	0.81	0.81	0.80	0.80	795200.00
1978-08-29	0.80	0.80	0.79	0.79	1102400.00
1978-08-30	0.79	0.79	0.77	0.78	1870400.00
1978-08-31	0.78	0.78	0.77	0.78	462400.00
1978-09-01	0.78	0.79	0.78	0.79	958400.00
1978-09-05	0.79	0.80	0.78	0.80	560000.00
1978-09-06	0.80	0.82	0.80	0.82	1558400.00
1978-09-07	0.82	0.82	0.81	0.81	473600.00
1978-09-08	0.81	0.82	0.81	0.81	720000.00
1978-09-11	0.81	0.83	0.81	0.81	870400.00
1978-09-12	0.81	0.82	0.80	0.81	731200.00
1978-09-13	0.81	0.81	0.80	0.80	907200.00
1978-09-14	0.80	0.80	0.79	0.79	496000.00
1978-09-15	0.79	0.80	0.78	0.78	747200.00
1978-09-18	0.78	0.78	0.77	0.77	617600.00
1978-09-19	0.77	0.78	0.75	0.76	993600.00
1978-09-20	0.76	0.77	0.75	0.75	892800.00
1978-09-21	0.75	0.76	0.73	0.76	3035200.00
1978-09-22	0.76	0.77	0.75	0.76	763200.00
1978-09-25	0.76	0.76	0.75	0.76	491200.00
1978-09-26	0.76	0.77	0.76	0.76	480000.00
1978-09-27	0.76	0.77	0.76	0.76	1233600.00
1978-09-28	0.76	0.77	0.76	0.77	464000.00
1978-09-29	0.77	0.77	0.76	0.77	235200.00
1978-10-02	0.77	0.77	0.77	0.77	296000.00
1978-10-03	0.77	0.77	0.77	0.77	596800.00
1978-10-04	0.77	0.77	0.76	0.77	336000.00
1978-10-05	0.77	0.77	0.76	0.77	268800.00
1978-10-06	0.77	0.77	0.76	0.77	644800.00
1978-10-09	0.77	0.78	0.77	0.78	288000.00
1978-10-10	0.78	0.79	0.77	0.79	412800.00
1978-10-11	0.79	0.80	0.78	0.80	460800.00
1978-10-12	0.80	0.80	0.79	0.79	712000.00
1978-10-13	0.79	0.79	0.78	0.79	400000.00
1978-10-16	0.78	0.78	0.77	0.77	300800.00
1978-10-17	0.76	0.76	0.74	0.75	692800.00
1978-10-18	0.75	0.75	0.74	0.74	1142400.00
1978-10-19	0.74	0.74	0.72	0.72	936000.00
1978-10-20	0.72	0.72	0.70	0.71	977600.00
1978-10-23	0.71	0.71	0.70	0.71	1488000.00
1978-10-24	0.71	0.72	0.70	0.70	923200.00
1978-10-25	0.70	0.70	0.69	0.69	681600.00
1978-10-26	0.69	0.69	0.67	0.67	1003200.00
1978-10-27	0.67	0.67	0.67	0.67	436800.00
1978-10-30	0.67	0.71	0.66	0.71	1126400.00
1978-10-31	0.71	0.71	0.69	0.69	1073600.00
1978-11-01	0.70	0.73	0.70	0.71	956800.00
1978-11-02	0.71	0.72	0.70	0.72	1137600.00
1978-11-03	0.74	0.74	0.72	0.73	646400.00
1978-11-06	0.73	0.74	0.72	0.72	275200.00
1978-11-07	0.72	0.72	0.70	0.70	574400.00
1978-11-08	0.70	0.71	0.69	0.71	633600.00
1978-11-09	0.71	0.71	0.70	0.71	803200.00
1978-11-10	0.71	0.71	0.71	0.71	257600.00
1978-11-13	0.71	0.71	0.69	0.69	308800.00
1978-11-14	0.69	0.70	0.68	0.69	896000.00
1978-11-15	0.69	0.70	0.68	0.69	844800.00
1978-11-16	0.69	0.70	0.69	0.70	393600.00
1978-11-17	0.70	0.72	0.70	0.72	467200.00
1978-11-20	0.72	0.73	0.72	0.73	281600.00
1978-11-21	0.73	0.73	0.72	0.72	382400.00
1978-11-22	0.71	0.71	0.69	0.70	1235200.00
1978-11-24	0.70	0.71	0.70	0.70	216000.00
1978-11-27	0.70	0.71	0.70	0.70	576000.00
1978-11-28	0.70	0.71	0.70	0.70	300800.00
1978-11-29	0.69	0.69	0.69	0.69	427200.00
1978-11-30	0.69	0.70	0.68	0.70	316800.00
1978-12-01	0.70	0.73	0.70	0.73	1291200.00
1978-12-04	0.73	0.73	0.72	0.73	1217600.00
1978-12-05	0.73	0.74	0.73	0.74	1168000.00
1978-12-06	0.74	0.74	0.73	0.73	958400.00
1978-12-07	0.73	0.73	0.72	0.72	660800.00
1978-12-08	0.72	0.72	0.72	0.72	267200.00
1978-12-11	0.72	0.72	0.70	0.71	550400.00
1978-12-12	0.71	0.72	0.71	0.71	1073600.00
1978-12-13	0.71	0.72	0.71	0.72	224000.00
1978-12-14	0.72	0.73	0.71	0.73	2070400.00
1978-12-15	0.73	0.73	0.73	0.73	504000.00
1978-12-18	0.71	0.71	0.70	0.71	867200.00
1978-12-19	0.71	0.72	0.71	0.72	972800.00
1978-12-20	0.72	0.74	0.72	0.73	457600.00
1978-12-21	0.73	0.76	0.73	0.75	1374400.00
1978-12-22	0.76	0.76	0.76	0.76	1441600.00
1978-12-26	0.76	0.77	0.76	0.77	398400.00
1978-12-27	0.77	0.77	0.76	0.77	462400.00
1978-12-28	0.77	0.77	0.76	0.77	761600.00
1978-12-29	0.77	0.77	0.76	0.77	435200.00
1979-01-02	0.77	0.77	0.76	0.77	542400.00
1979-01-03	0.78	0.79	0.78	0.79	606400.00
1979-01-04	0.79	0.79	0.78	0.79	944000.00
1979-01-05	0.79	0.80	0.79	0.80	638400.00
1979-01-08	0.80	0.80	0.79	0.79	793600.00
1979-01-09	0.79	0.80	0.79	0.80	1016000.00
1979-01-10	0.80	0.80	0.79	0.79	827200.00
1979-01-11	0.79	0.79	0.78	0.79	1044800.00
1979-01-12	0.80	0.81	0.80	0.80	1134400.00
1979-01-15	0.80	0.81	0.80	0.81	2043200.00
1979-01-16	0.81	0.82	0.81	0.82	2446400.00
1979-01-17	0.82	0.82	0.80	0.82	1115200.00
1979-01-18	0.82	0.83	0.82	0.82	1465600.00
1979-01-19	0.82	0.83	0.80	0.80	8150400.00
1979-01-22	0.79	0.79	0.78	0.79	2681600.00
1979-01-23	0.79	0.81	0.79	0.80	3208000.00
1979-01-24	0.80	0.82	0.80	0.80	1222400.00
1979-01-25	0.80	0.81	0.79	0.80	924800.00
1979-01-26	0.81	0.83	0.81	0.83	2275200.00
1979-01-29	0.83	0.83	0.82	0.83	1016000.00
1979-01-30	0.83	0.83	0.82	0.83	795200.00
1979-01-31	0.83	0.83	0.79	0.79	779200.00
1979-02-01	0.79	0.79	0.78	0.79	692800.00
1979-02-02	0.79	0.80	0.78	0.80	1246400.00
1979-02-05	0.77	0.79	0.77	0.77	3286400.00
1979-02-06	0.77	0.79	0.76	0.78	1088000.00
1979-02-07	0.78	0.78	0.76	0.78	1299200.00
1979-02-08	0.78	0.80	0.78	0.79	1457600.00
1979-02-09	0.79	0.81	0.79	0.81	1876800.00
1979-02-12	0.81	0.82	0.81	0.82	1046400.00
1979-02-13	0.82	0.83	0.82	0.83	1161600.00
1979-02-14	0.83	0.83	0.83	0.83	888000.00
1979-02-15	0.83	0.84	0.82	0.84	2409600.00
1979-02-16	0.84	0.84	0.83	0.83	1419200.00
1979-02-20	0.84	0.85	0.84	0.84	1052800.00
1979-02-21	0.84	0.84	0.83	0.83	563200.00
1979-02-22	0.82	0.82	0.81	0.82	563200.00
1979-02-23	0.82	0.82	0.80	0.81	504000.00
1979-02-26	0.81	0.81	0.80	0.81	260800.00
1979-02-27	0.81	0.81	0.80	0.80	1057600.00
1979-02-28	0.81	0.81	0.81	0.81	2044800.00
1979-03-01	0.81	0.81	0.81	0.81	428800.00
1979-03-02	0.82	0.83	0.82	0.83	1408000.00
1979-03-05	0.83	0.85	0.83	0.85	1780800.00
1979-03-06	0.85	0.85	0.84	0.85	1275200.00
1979-03-07	0.85	0.87	0.85	0.86	1481600.00
1979-03-08	0.86	0.87	0.85	0.86	1244800.00
1979-03-09	0.86	0.87	0.85	0.85	929600.00
1979-03-12	0.85	0.87	0.85	0.86	968000.00
1979-03-13	0.86	0.87	0.85	0.86	510400.00
1979-03-14	0.86	0.86	0.85	0.86	836800.00
1979-03-15	0.86	0.86	0.85	0.85	510400.00
1979-03-16	0.85	0.86	0.85	0.86	420800.00
1979-03-19	0.86	0.86	0.86	0.86	337600.00
1979-03-20	0.86	0.86	0.86	0.86	846400.00
1979-03-21	0.86	0.86	0.85	0.86	1044800.00
1979-03-22	0.86	0.88	0.86	0.88	1892800.00
1979-03-23	0.88	0.88	0.86	0.86	1798400.00
1979-03-26	0.86	0.87	0.86	0.86	366400.00
1979-03-27	0.86	0.87	0.86	0.87	555200.00
1979-03-28	0.87	0.88	0.86	0.86	926400.00
1979-03-29	0.86	0.86	0.85	0.86	892800.00
1979-03-30	0.86	0.87	0.86	0.86	702400.00
1979-04-02	0.86	0.86	0.85	0.86	640000.00
1979-04-03	0.86	0.87	0.86	0.87	804800.00
1979-04-04	0.87	0.88	0.87	0.88	745600.00
1979-04-05	0.88	0.89	0.87	0.89	1256000.00
1979-04-06	0.89	0.89	0.87	0.88	1336000.00
1979-04-09	0.88	0.89	0.88	0.88	804800.00
1979-04-10	0.88	0.90	0.87	0.89	1888000.00
1979-04-11	0.89	0.89	0.88	0.89	1521600.00
1979-04-12	0.89	0.90	0.88	0.88	1284800.00
1979-04-16	0.88	0.89	0.88	0.88	820800.00
1979-04-17	0.88	0.89	0.88	0.88	1942400.00
1979-04-18	0.88	0.89	0.88	0.88	2235200.00
1979-04-19	0.88	0.89	0.88	0.88	393600.00
1979-04-20	0.88	0.88	0.87	0.87	889600.00
1979-04-23	0.87	0.87	0.86	0.87	1004800.00
1979-04-24	0.87	0.88	0.87	0.88	2268800.00
1979-04-25	0.88	0.88	0.88	0.88	446400.00
1979-04-26	0.88	0.88	0.87	0.88	536000.00
1979-04-27	0.88	0.88	0.87	0.87	808000.00
1979-04-30	0.87	0.88	0.87	0.88	721600.00
1979-05-01	0.88	0.88	0.88	0.88	4299200.00
1979-05-02	0.88	0.88	0.87	0.88	1596800.00
1979-05-03	0.88	0.88	0.87	0.88	1016000.00
1979-05-04	0.87	0.87	0.86	0.86	817600.00
1979-05-07	0.83	0.85	0.83	0.83	1139200.00
1979-05-08	0.83	0.84	0.83	0.84	1342400.00
1979-05-09	0.84	0.84	0.84	0.84	1380800.00
1979-05-10	0.84	0.84	0.83	0.83	388800.00
1979-05-11	0.83	0.84	0.83	0.83	536000.00
1979-05-14	0.83	0.84	0.83	0.83	443200.00
1979-05-15	0.83	0.84	0.83	0.83	2115200.00
1979-05-16	0.83	0.84	0.83	0.84	953600.00
1979-05-17	0.84	0.85	0.84	0.84	904000.00
1979-05-18	0.85	0.87	0.85	0.86	2168000.00
1979-05-21	0.86	0.88	0.86	0.87	817600.00
1979-05-22	0.87	0.88	0.87	0.88	1419200.00
1979-05-23	0.88	0.89	0.88	0.88	2332800.00
1979-05-24	0.88	0.88	0.87	0.87	964800.00
1979-05-25	0.87	0.88	0.87	0.87	566400.00
1979-05-29	0.87	0.87	0.87	0.87	156800.00
1979-05-30	0.87	0.87	0.85	0.85	726400.00
1979-05-31	0.85	0.87	0.85	0.86	860800.00
1979-06-01	0.86	0.87	0.86	0.87	1097600.00
1979-06-04	0.87	0.87	0.86	0.87	332800.00
1979-06-05	0.87	0.87	0.86	0.87	731200.00
1979-06-06	0.87	0.88	0.87	0.88	1257600.00
1979-06-07	0.88	0.90	0.88	0.89	704000.00
1979-06-08	0.89	0.89	0.89	0.89	428800.00
1979-06-11	0.89	0.90	0.89	0.90	660800.00
1979-06-12	0.90	0.92	0.90	0.92	556800.00
1979-06-13	0.92	0.92	0.91	0.92	809600.00
1979-06-14	0.92	0.92	0.91	0.92	1083200.00
1979-06-15	0.92	0.92	0.92	0.92	627200.00
1979-06-18	0.92	0.93	0.92	0.92	787200.00
1979-06-19	0.92	0.92	0.92	0.92	641600.00
1979-06-20	0.92	0.92	0.90	0.91	699200.00
1979-06-21	0.91	0.91	0.89	0.89	1579200.00
1979-06-22	0.89	0.89	0.88	0.89	828800.00
1979-06-25	0.89	0.89	0.88	0.89	222400.00
1979-06-26	0.89	0.89	0.87	0.88	848000.00
1979-06-27	0.88	0.88	0.87	0.87	800000.00
1979-06-28	0.87	0.88	0.86	0.86	1665600.00
1979-06-29	0.87	0.88	0.87	0.88	444800.00
1979-07-02	0.88	0.88	0.87	0.88	739200.00
1979-07-03	0.88	0.89	0.88	0.89	380800.00
1979-07-05	0.89	0.89	0.89	0.89	502400.00
1979-07-06	0.89	0.91	0.89	0.90	617600.00
1979-07-09	0.90	0.92	0.90	0.92	1315200.00
1979-07-10	0.92	0.93	0.92	0.92	912000.00
1979-07-11	0.92	0.93	0.92	0.92	542400.00
1979-07-12	0.92	0.92	0.92	0.92	481600.00
1979-07-13	0.91	0.91	0.90	0.91	606400.00
1979-07-16	0.91	0.92	0.90	0.91	641600.00
1979-07-17	0.91	0.92	0.90	0.90	915200.00
1979-07-18	0.89	0.89	0.88	0.89	1062400.00
1979-07-19	0.89	0.89	0.89	0.89	328000.00
1979-07-20	0.89	0.89	0.88	0.88	990400.00
1979-07-23	0.88	0.88	0.87	0.88	993600.00
1979-07-24	0.88	0.89	0.88	0.89	686400.00
1979-07-25	0.89	0.91	0.88	0.90	480000.00
1979-07-26	0.90	0.91	0.90	0.91	2012800.00
1979-07-27	0.91	0.92	0.91	0.91	456000.00
1979-07-30	0.91	0.92	0.91	0.91	721600.00
1979-07-31	0.91	0.92	0.91	0.92	395200.00
1979-08-01	0.92	0.92	0.92	0.92	716800.00
1979-08-02	0.92	0.92	0.92	0.92	1030400.00
1979-08-03	0.92	0.92	0.91	0.92	854400.00
1979-08-06	0.92	0.93	0.92	0.93	430400.00
1979-08-07	0.93	0.95	0.93	0.95	3044800.00
1979-08-08	0.95	0.96	0.95	0.96	1344000.00
1979-08-09	0.96	0.96	0.95	0.96	460800.00
1979-08-10	0.96	0.96	0.95	0.96	1246400.00
1979-08-13	0.97	0.99	0.97	0.99	948800.00
1979-08-14	0.99	0.99	0.97	0.98	996800.00
1979-08-15	0.98	0.98	0.97	0.98	665600.00
1979-08-16	0.98	0.98	0.96	0.96	1027200.00
1979-08-17	0.96	0.97	0.95	0.95	480000.00
1979-08-20	0.95	0.96	0.95	0.95	558400.00
1979-08-21	0.96	0.96	0.96	0.96	926400.00
1979-08-22	0.96	0.97	0.96	0.96	560000.00
1979-08-23	0.96	0.97	0.96	0.96	312000.00
1979-08-24	0.96	0.96	0.94	0.94	1755200.00
1979-08-27	0.94	0.95	0.94	0.94	1009600.00
1979-08-28	0.94	0.94	0.93	0.93	2668800.00
1979-08-29	0.93	0.93	0.92	0.93	817600.00
1979-08-30	0.93	0.93	0.92	0.93	2830400.00
1979-08-31	0.93	0.94	0.93	0.93	1160000.00
1979-09-04	0.93	0.93	0.92	0.92	609600.00
1979-09-05	0.92	0.93	0.92	0.92	2697600.00
1979-09-06	0.92	0.94	0.92	0.94	923200.00
1979-09-07	0.94	0.96	0.94	0.96	592000.00
1979-09-10	0.96	0.97	0.96	0.96	784000.00
1979-09-11	0.96	0.97	0.94	0.94	1451200.00
1979-09-12	0.94	0.96	0.94	0.96	756800.00
1979-09-13	0.96	0.97	0.96	0.97	1052800.00
1979-09-14	0.97	0.99	0.96	0.98	2217600.00
1979-09-17	0.98	0.98	0.97	0.97	576000.00
1979-09-18	0.97	0.97	0.95	0.95	902400.00
1979-09-19	0.95	0.97	0.95	0.96	1288000.00
1979-09-20	0.96	0.96	0.95	0.96	736000.00
1979-09-21	0.96	0.98	0.96	0.97	1540800.00
1979-09-24	0.97	0.98	0.97	0.97	1096000.00
1979-09-25	0.97	0.97	0.96	0.96	793600.00
1979-09-26	0.96	0.98	0.96	0.97	532800.00
1979-09-27	0.97	0.97	0.96	0.97	572800.00
1979-09-28	0.97	0.98	0.95	0.96	913600.00
1979-10-01	0.96	0.97	0.95	0.97	548800.00
1979-10-02	0.97	1.00	0.97	0.99	1064000.00
1979-10-03	0.99	0.99	0.98	0.98	878400.00
1979-10-04	0.98	0.99	0.98	0.98	496000.00
1979-10-05	0.99	1.01	0.99	0.99	1220800.00
1979-10-08	0.99	1.00	0.97	0.97	796800.00
1979-10-09	0.97	0.97	0.96	0.96	955200.00
1979-10-10	0.96	0.97	0.93	0.96	1120000.00
1979-10-11	0.96	0.97	0.95	0.95	1496000.00
1979-10-12	0.95	0.96	0.94	0.94	507200.00
1979-10-15	0.94	0.95	0.94	0.94	923200.00
1979-10-16	0.94	0.95	0.92	0.92	3107200.00
1979-10-17	0.92	0.93	0.90	0.90	1038400.00
1979-10-18	0.90	0.90	0.89	0.89	774400.00
1979-10-19	0.89	0.89	0.88	0.88	1084800.00
1979-10-22	0.88	0.88	0.86	0.88	1683200.00
1979-10-23	0.88	0.88	0.87	0.87	1630400.00
1979-10-24	0.87	0.91	0.87	0.90	1424000.00
1979-10-25	0.90	0.92	0.90	0.90	771200.00
1979-10-26	0.91	0.92	0.91	0.91	424000.00
1979-10-29	0.92	0.93	0.92	0.93	1092800.00
1979-10-30	0.93	0.95	0.93	0.95	616000.00
1979-10-31	0.95	0.96	0.94	0.94	764800.00
1979-11-01	0.94	0.95	0.93	0.95	1003200.00
1979-11-02	0.96	0.97	0.96	0.96	904000.00
1979-11-05	0.96	0.97	0.96	0.96	704000.00
1979-11-06	0.96	0.96	0.96	0.96	683200.00
1979-11-07	0.96	0.96	0.94	0.94	531200.00
1979-11-08	0.94	0.96	0.94	0.95	571200.00
1979-11-09	0.96	0.97	0.96	0.97	849600.00
1979-11-12	0.97	1.00	0.97	1.00	553600.00
1979-11-13	1.00	1.00	0.98	0.99	1054400.00
1979-11-14	0.99	1.00	0.98	1.00	1497600.00
1979-11-15	1.00	1.03	1.00	1.02	1072000.00
1979-11-16	1.02	1.03	1.01	1.03	1083200.00
1979-11-19	1.03	1.03	1.02	1.02	753600.00
1979-11-20	1.02	1.02	1.00	1.01	500800.00
1979-11-21	1.01	1.01	0.99	1.01	990400.00
1979-11-23	1.02	1.03	1.02	1.02	302400.00
1979-11-26	1.03	1.05	1.03	1.04	816000.00
1979-11-27	1.04	1.05	1.04	1.04	547200.00
1979-11-28	1.04	1.04	1.03	1.04	601600.00
1979-11-29	1.04	1.04	1.02	1.02	665600.00
1979-11-30	1.02	1.02	1.00	1.00	940800.00
1979-12-03	1.00	1.01	1.00	1.01	404800.00
1979-12-04	1.01	1.02	1.00	1.01	1384000.00
1979-12-05	1.03	1.04	1.03	1.03	452800.00
1979-12-06	1.03	1.05	1.03	1.05	692800.00
1979-12-07	1.05	1.06	1.04	1.04	612800.00
1979-12-10	1.04	1.05	1.03	1.05	588800.00
1979-12-11	1.05	1.05	1.03	1.03	1022400.00
1979-12-12	1.03	1.03	1.03	1.03	259200.00
1979-12-13	1.03	1.03	1.02	1.02	657600.00
1979-12-14	1.02	1.03	1.01	1.02	900800.00
1979-12-17	1.02	1.02	1.01	1.02	1248000.00
1979-12-18	1.01	1.01	1.00	1.00	958400.00
1979-12-19	1.00	1.00	0.99	1.00	556800.00
1979-12-20	1.00	1.00	0.98	0.98	548800.00
1979-12-21	0.98	0.99	0.98	0.98	668800.00
1979-12-24	0.98	0.98	0.98	0.98	1011200.00
1979-12-26	0.98	0.98	0.98	0.98	169600.00
1979-12-27	0.98	0.99	0.98	0.99	950400.00
1979-12-28	0.99	1.00	0.99	1.00	414400.00
1979-12-31	0.99	0.99	0.99	0.99	59200.00
1980-01-02	0.99	0.99	0.96	0.96	1153600.00
1980-01-03	0.96	0.97	0.94	0.96	1096000.00
1980-01-04	0.96	0.97	0.96	0.97	635200.00
1980-01-07	0.97	0.97	0.96	0.97	1060800.00
1980-01-08	0.98	1.01	0.98	1.01	1528000.00
1980-01-09	1.01	1.09	0.99	0.99	1441600.00
1980-01-10	0.99	0.99	0.98	0.99	1244800.00
1980-01-11	0.99	0.99	0.98	0.99	854400.00
1980-01-14	0.99	1.00	0.99	0.99	692800.00
1980-01-15	0.99	0.99	0.98	0.98	886400.00
1980-01-16	0.98	0.98	0.96	0.96	3963200.00
1980-01-17	0.96	0.97	0.95	0.95	940800.00
1980-01-18	0.95	0.95	0.92	0.92	2843200.00
1980-01-21	0.93	0.94	0.93	0.93	2432000.00
1980-01-22	0.93	0.94	0.93	0.94	1163200.00
1980-01-23	0.95	0.96	0.95	0.96	1204800.00
1980-01-24	0.96	0.97	0.94	0.95	1052800.00
1980-01-25	0.95	0.95	0.93	0.94	582400.00
1980-01-28	0.94	0.94	0.94	0.94	636800.00
1980-01-29	0.94	0.95	0.93	0.94	988800.00
1980-01-30	0.94	0.95	0.94	0.95	1752000.00
1980-01-31	0.95	0.95	0.94	0.94	1862400.00
1980-02-01	0.94	0.94	0.93	0.94	1046400.00
1980-02-04	0.94	0.95	0.94	0.94	739200.00
1980-02-05	0.94	0.94	0.93	0.94	950400.00
1980-02-06	0.94	0.94	0.92	0.92	979200.00
1980-02-07	0.92	0.93	0.91	0.91	2171200.00
1980-02-08	0.92	0.92	0.90	0.90	3452800.00
1980-02-11	0.90	0.91	0.90	0.91	1144000.00
1980-02-12	0.91	0.93	0.90	0.93	2115200.00
1980-02-13	0.94	0.95	0.94	0.94	1708800.00
1980-02-14	0.94	0.95	0.94	0.94	836800.00
1980-02-15	0.94	0.94	0.92	0.92	1443200.00
1980-02-19	0.92	0.93	0.91	0.91	870400.00
1980-02-20	0.91	0.91	0.91	0.91	963200.00
1980-02-21	0.91	0.91	0.90	0.91	1248000.00
1980-02-22	0.90	0.90	0.89	0.90	865600.00
1980-02-25	0.90	0.90	0.89	0.89	875200.00
1980-02-26	0.89	0.90	0.89	0.89	1318400.00
1980-02-27	0.89	0.89	0.87	0.87	1668800.00
1980-02-28	0.87	0.87	0.86	0.87	1252800.00
1980-02-29	0.87	0.89	0.86	0.89	942400.00
1980-03-03	0.88	0.88	0.87	0.87	568000.00
1980-03-04	0.87	0.87	0.86	0.86	1576000.00
1980-03-05	0.85	0.85	0.83	0.83	609600.00
1980-03-06	0.83	0.83	0.79	0.79	4152000.00
1980-03-07	0.79	0.81	0.79	0.81	1996800.00
1980-03-10	0.81	0.83	0.81	0.82	1131200.00
1980-03-11	0.83	0.84	0.83	0.83	488000.00
1980-03-12	0.83	0.84	0.83	0.84	1552000.00
1980-03-13	0.84	0.84	0.83	0.84	392000.00
1980-03-14	0.84	0.84	0.83	0.84	547200.00
1980-03-17	0.84	0.84	0.82	0.83	934400.00
1980-03-18	0.83	0.85	0.82	0.85	1310400.00
1980-03-19	0.85	0.86	0.83	0.84	1139200.00
1980-03-20	0.84	0.84	0.82	0.82	758400.00
1980-03-21	0.82	0.82	0.80	0.80	528000.00
1980-03-24	0.80	0.80	0.77	0.77	2009600.00
1980-03-25	0.77	0.80	0.77	0.77	918400.00
1980-03-26	0.78	0.79	0.78	0.78	1291200.00
1980-03-27	0.78	0.79	0.77	0.79	1419200.00
1980-03-28	0.79	0.82	0.79	0.81	1136000.00
1980-03-31	0.82	0.85	0.82	0.84	2564800.00
1980-04-01	0.84	0.85	0.83	0.84	1472000.00
1980-04-02	0.84	0.87	0.84	0.87	969600.00
1980-04-03	0.87	0.88	0.87	0.88	1928000.00
1980-04-07	0.88	0.88	0.86	0.86	1275200.00
1980-04-08	0.86	0.88	0.86	0.88	990400.00
1980-04-09	0.88	0.88	0.87	0.87	1195200.00
1980-04-10	0.87	0.87	0.85	0.86	956800.00
1980-04-11	0.86	0.86	0.84	0.85	537600.00
1980-04-14	0.84	0.84	0.83	0.83	513600.00
1980-04-15	0.83	0.84	0.83	0.84	289600.00
1980-04-16	0.84	0.85	0.82	0.82	1043200.00
1980-04-17	0.82	0.83	0.82	0.82	484800.00
1980-04-18	0.82	0.83	0.82	0.82	870400.00
1980-04-21	0.82	0.82	0.81	0.81	638400.00
1980-04-22	0.82	0.83	0.82	0.83	598400.00
1980-04-23	0.83	0.85	0.83	0.84	668800.00
1980-04-24	0.84	0.86	0.84	0.86	483200.00
1980-04-25	0.86	0.86	0.85	0.86	672000.00
1980-04-28	0.86	0.87	0.86	0.86	593600.00
1980-04-29	0.86	0.86	0.85	0.85	438400.00
1980-04-30	0.85	0.85	0.84	0.84	814400.00
1980-05-01	0.84	0.85	0.83	0.84	971200.00
1980-05-02	0.84	0.84	0.82	0.82	803200.00
1980-05-05	0.82	0.83	0.82	0.83	755200.00
1980-05-06	0.83	0.85	0.83	0.84	1097600.00
1980-05-07	0.84	0.87	0.84	0.87	1467200.00
1980-05-08	0.87	0.88	0.86	0.86	1036800.00
1980-05-09	0.86	0.86	0.83	0.83	857600.00
1980-05-12	0.85	0.85	0.83	0.84	280000.00
1980-05-13	0.84	0.85	0.83	0.83	1432000.00
1980-05-14	0.83	0.83	0.82	0.83	1153600.00
1980-05-15	0.83	0.84	0.83	0.84	2177600.00
1980-05-16	0.84	0.84	0.82	0.84	4920000.00
1980-05-19	0.84	0.84	0.83	0.83	1064000.00
1980-05-20	0.83	0.84	0.83	0.84	1062400.00
1980-05-21	0.84	0.84	0.82	0.83	1068800.00
1980-05-22	0.83	0.84	0.82	0.84	1932800.00
1980-05-23	0.84	0.86	0.84	0.85	4081600.00
1980-05-27	0.85	0.86	0.85	0.85	1860800.00
1980-05-28	0.85	0.85	0.84	0.84	1899200.00
1980-05-29	0.84	0.85	0.84	0.84	1585600.00
1980-05-30	0.84	0.85	0.84	0.85	1664000.00
1980-06-02	0.85	0.86	0.85	0.86	2251200.00
1980-06-03	0.85	0.85	0.84	0.84	1195200.00
1980-06-04	0.84	0.85	0.84	0.85	2670400.00
1980-06-05	0.86	0.89	0.86	0.87	2798400.00
1980-06-06	0.87	0.88	0.86	0.87	1648000.00
1980-06-09	0.88	0.89	0.88	0.89	1057600.00
1980-06-10	0.89	0.90	0.89	0.89	1467200.00
1980-06-11	0.89	0.91	0.89	0.90	838400.00
1980-06-12	0.90	0.90	0.89	0.89	1142400.00
1980-06-13	0.89	0.89	0.88	0.89	1774400.00
1980-06-16	0.89	0.89	0.88	0.88	1297600.00
1980-06-17	0.88	0.88	0.87	0.87	1739200.00
1980-06-18	0.87	0.87	0.86	0.87	2187200.00
1980-06-19	0.87	0.87	0.84	0.84	1654400.00
1980-06-20	0.84	0.86	0.84	0.86	1056000.00
1980-06-23	0.86	0.87	0.85	0.86	1072000.00
1980-06-24	0.85	0.85	0.83	0.85	3873600.00
1980-06-25	0.85	0.85	0.84	0.85	3089600.00
1980-06-26	0.85	0.86	0.84	0.84	2088000.00
1980-06-27	0.84	0.84	0.83	0.84	1046400.00
1980-06-30	0.84	0.84	0.83	0.83	1220800.00
1980-07-01	0.83	0.85	0.83	0.85	1835200.00
1980-07-02	0.85	0.86	0.85	0.86	1176000.00
1980-07-03	0.86	0.87	0.86	0.87	1524800.00
1980-07-07	0.87	0.87	0.80	0.87	982400.00
1980-07-08	0.87	0.87	0.85	0.86	1940800.00
1980-07-09	0.86	0.87	0.86	0.86	1115200.00
1980-07-10	0.86	0.86	0.84	0.85	2032000.00
1980-07-11	0.85	0.85	0.85	0.85	1296000.00
1980-07-14	0.85	0.88	0.85	0.87	1360000.00
1980-07-15	0.87	0.89	0.87	0.87	1486400.00
1980-07-16	0.87	0.87	0.85	0.86	1889600.00
1980-07-17	0.87	0.89	0.87	0.88	3360000.00
1980-07-18	0.89	0.90	0.89	0.89	1748800.00
1980-07-21	0.89	0.92	0.89	0.92	2192000.00
1980-07-22	0.93	0.94	0.93	0.93	2004800.00
1980-07-23	0.93	0.93	0.92	0.92	2768000.00
1980-07-24	0.92	0.92	0.91	0.92	1916800.00
1980-07-25	0.92	0.92	0.90	0.92	1068800.00
1980-07-28	0.92	0.92	0.89	0.90	2408000.00
1980-07-29	0.90	0.90	0.89	0.90	2929600.00
1980-07-30	0.90	0.91	0.90	0.91	2057600.00
1980-07-31	0.91	0.92	0.90	0.92	1244800.00
1980-08-01	0.92	0.92	0.91	0.92	2771200.00
1980-08-04	0.92	0.92	0.90	0.91	1510400.00
1980-08-05	0.91	0.92	0.90	0.92	940800.00
1980-08-06	0.92	0.92	0.90	0.92	740800.00
1980-08-07	0.93	0.94	0.93	0.94	1425600.00
1980-08-08	0.95	0.98	0.95	0.96	4376000.00
1980-08-11	0.96	0.98	0.96	0.98	1571200.00
1980-08-12	0.98	0.98	0.97	0.97	1460800.00
1980-08-13	0.97	0.97	0.97	0.97	792000.00
1980-08-14	0.97	0.99	0.97	0.99	1252800.00
1980-08-15	0.99	0.99	0.97	0.98	1512000.00
1980-08-18	0.98	0.98	0.96	0.96	601600.00
1980-08-19	0.96	0.96	0.95	0.95	2217600.00
1980-08-20	0.95	0.95	0.95	0.95	1411200.00
1980-08-21	0.95	0.96	0.94	0.95	3184000.00
1980-08-22	0.95	0.95	0.93	0.93	5702400.00
1980-08-25	0.93	0.94	0.93	0.94	801600.00
1980-08-26	0.94	0.95	0.94	0.94	700800.00
1980-08-27	0.94	0.94	0.93	0.93	753600.00
1980-08-28	0.91	0.91	0.90	0.90	2401600.00
1980-08-29	0.90	0.91	0.90	0.90	1708800.00
1980-09-02	0.90	0.91	0.89	0.91	1403200.00
1980-09-03	0.91	0.91	0.90	0.91	2094400.00
1980-09-04	0.91	0.92	0.89	0.90	1339200.00
1980-09-05	0.89	0.89	0.86	0.87	4523200.00
1980-09-08	0.87	0.88	0.86	0.87	2510400.00
1980-09-09	0.87	0.88	0.86	0.87	900800.00
1980-09-10	0.87	0.88	0.86	0.86	4502400.00
1980-09-11	0.86	0.87	0.86	0.86	3988800.00
1980-09-12	0.86	0.86	0.85	0.85	4116800.00
1980-09-15	0.85	0.85	0.83	0.84	3505600.00
1980-09-16	0.84	0.86	0.84	0.85	3115200.00
1980-09-17	0.86	0.89	0.86	0.89	3980800.00
1980-09-18	0.90	0.92	0.90	0.90	3014400.00
1980-09-19	0.91	0.94	0.91	0.93	2598400.00
1980-09-22	0.93	0.94	0.92	0.94	2787200.00
1980-09-23	0.94	0.94	0.92	0.92	1027200.00
1980-09-24	0.92	0.93	0.91	0.92	1088000.00
1980-09-25	0.92	0.92	0.91	0.91	1318400.00
1980-09-26	0.90	0.90	0.88	0.89	1464000.00
1980-09-29	0.89	0.89	0.87	0.88	777600.00
1980-09-30	0.88	0.88	0.88	0.88	1648000.00
1980-10-01	0.88	0.89	0.87	0.89	1596800.00
1980-10-02	0.89	0.89	0.88	0.89	724800.00
1980-10-03	0.89	0.91	0.88	0.90	1824000.00
1980-10-06	0.91	0.92	0.91	0.92	1366400.00
1980-10-07	0.92	0.93	0.92	0.92	1843200.00
1980-10-08	0.92	0.93	0.91	0.92	1347200.00
1980-10-09	0.92	0.93	0.90	0.91	1246400.00
1980-10-10	0.91	0.91	0.89	0.89	1235200.00
1980-10-13	0.89	0.89	0.88	0.89	644800.00
1980-10-14	0.89	0.89	0.88	0.88	848000.00
1980-10-15	0.88	0.89	0.88	0.89	1299200.00
1980-10-16	0.89	0.89	0.88	0.88	3288000.00
1980-10-17	0.88	0.88	0.88	0.88	1081600.00
1980-10-20	0.88	0.88	0.87	0.87	5209600.00
1980-10-21	0.87	0.88	0.86	0.87	2318400.00
1980-10-22	0.87	0.87	0.86	0.87	883200.00
1980-10-23	0.87	0.88	0.86	0.86	836800.00
1980-10-24	0.86	0.86	0.86	0.86	1193600.00
1980-10-27	0.86	0.87	0.86	0.86	923200.00
1980-10-28	0.86	0.88	0.86	0.88	1731200.00
1980-10-29	0.88	0.89	0.88	0.88	739200.00
1980-10-30	0.88	0.88	0.88	0.88	1499200.00
1980-10-31	0.88	0.88	0.87	0.88	1116800.00
1980-11-03	0.88	0.90	0.88	0.90	832000.00
1980-11-05	0.90	0.96	0.90	0.92	2900800.00
1980-11-06	0.92	0.93	0.92	0.93	1464000.00
1980-11-07	0.98	0.98	0.92	0.97	1904000.00
1980-11-10	0.97	0.98	0.95	0.95	2193600.00
1980-11-11	0.96	0.99	0.96	0.98	1734400.00
1980-11-12	0.98	1.00	0.98	1.00	3168000.00
1980-11-13	1.00	1.01	0.99	1.00	1420800.00
1980-11-14	1.00	1.00	0.98	0.99	761600.00
1980-11-17	0.99	0.99	0.98	0.99	1075200.00
1980-11-18	0.99	1.01	0.99	1.01	1772800.00
1980-11-19	1.01	1.02	1.00	1.01	556800.00
1980-11-20	1.01	1.03	1.00	1.03	3132800.00
1980-11-21	1.03	1.03	1.01	1.02	1246400.00
1980-11-24	1.02	1.03	1.01	1.02	568000.00
1980-11-25	1.02	1.04	1.02	1.04	2473600.00
1980-11-26	1.04	1.04	0.99	1.03	1843200.00
1980-11-28	1.03	1.04	1.03	1.04	363200.00
1980-12-01	1.04	1.04	1.03	1.03	1811200.00
1980-12-02	1.02	1.02	1.00	1.01	1646400.00
1980-12-03	1.01	1.02	1.01	1.01	1315200.00
1980-12-04	1.01	1.02	1.01	1.02	608000.00
1980-12-05	1.02	1.02	1.00	1.02	547200.00
1980-12-08	1.01	1.01	1.00	1.00	820800.00
1980-12-09	0.99	0.99	0.97	0.98	1280000.00
1980-12-10	0.98	0.98	0.96	0.96	902400.00
1980-12-11	0.95	0.95	0.94	0.95	1996800.00
1980-12-12	0.95	0.96	0.95	0.96	622400.00
1980-12-15	0.96	0.97	0.96	0.97	409600.00
1980-12-16	0.97	0.98	0.96	0.97	1040000.00
1980-12-17	0.98	1.00	0.98	1.00	1428800.00
1980-12-18	1.00	1.02	1.00	1.01	1704000.00
1980-12-19	1.01	1.02	1.01	1.02	1083200.00
1980-12-22	1.02	1.03	1.01	1.03	960000.00
1980-12-23	1.05	1.06	1.05	1.06	1990400.00
1980-12-24	1.06	1.06	1.04	1.05	902400.00
1980-12-26	1.05	1.06	1.05	1.05	140800.00
1980-12-29	1.05	1.07	1.05	1.06	782400.00
1980-12-30	1.06	1.09	1.06	1.09	1280000.00
1980-12-31	1.09	1.10	1.09	1.10	518400.00
1981-01-02	1.10	1.10	1.08	1.09	1164800.00
1981-01-05	1.09	1.15	1.09	1.11	1673600.00
1981-01-06	1.12	1.15	1.12	1.14	5947200.00
1981-01-07	1.13	1.13	1.02	1.12	3896000.00
1981-01-08	1.12	1.14	1.12	1.13	1835200.00
1981-01-09	1.13	1.15	1.13	1.14	1302400.00
1981-01-12	1.14	1.16	1.14	1.14	1520000.00
1981-01-13	1.13	1.13	1.12	1.12	2876800.00
1981-01-14	1.12	1.13	1.10	1.11	1611200.00
1981-01-15	1.11	1.11	1.09	1.09	1289600.00
1981-01-16	1.09	1.11	1.09	1.11	2001600.00
1981-01-19	1.11	1.13	1.11	1.12	1227200.00
1981-01-20	1.12	1.13	1.11	1.11	1955200.00
1981-01-21	1.10	1.10	1.08	1.10	1835200.00
1981-01-22	1.09	1.09	1.08	1.08	1022400.00
1981-01-23	1.08	1.08	1.08	1.08	198400.00
1981-01-26	1.08	1.08	1.06	1.08	460800.00
1981-01-27	1.08	1.09	1.08	1.08	726400.00
1981-01-28	1.08	1.09	1.08	1.08	777600.00
1981-01-29	1.08	1.08	1.06	1.07	473600.00
1981-01-30	1.07	1.07	1.06	1.06	723200.00
1981-02-02	1.06	1.06	1.04	1.04	896000.00
1981-02-03	1.04	1.05	1.04	1.04	843200.00
1981-02-04	1.04	1.06	1.04	1.05	1116800.00
1981-02-05	1.06	1.08	1.06	1.07	1876800.00
1981-02-06	1.07	1.07	1.06	1.06	662400.00
1981-02-09	1.06	1.07	1.06	1.06	1035200.00
1981-02-10	1.06	1.09	1.06	1.09	2105600.00
1981-02-11	1.09	1.09	1.08	1.08	742400.00
1981-02-12	1.08	1.09	1.08	1.08	899200.00
1981-02-13	1.08	1.09	1.07	1.09	465600.00
1981-02-17	1.09	1.09	1.08	1.09	676800.00
1981-02-18	1.09	1.11	1.09	1.11	529600.00
1981-02-19	1.11	1.11	1.09	1.09	713600.00
1981-02-20	1.09	1.10	1.09	1.10	936000.00
1981-02-23	1.10	1.10	1.09	1.10	1566400.00
1981-02-24	1.11	1.13	1.11	1.13	3720000.00
1981-02-25	1.13	1.13	1.12	1.13	704000.00
1981-02-26	1.13	1.13	1.12	1.13	1422400.00
1981-02-27	1.13	1.14	1.13	1.13	1307200.00
1981-03-02	1.13	1.13	1.12	1.13	734400.00
1981-03-03	1.13	1.13	1.12	1.12	385600.00
1981-03-04	1.12	1.12	1.10	1.10	822400.00
1981-03-05	1.10	1.11	1.09	1.09	529600.00
1981-03-06	1.09	1.09	1.08	1.09	436800.00
1981-03-09	1.09	1.09	1.09	1.09	675200.00
1981-03-10	1.09	1.10	1.09	1.09	916800.00
1981-03-11	1.09	1.10	1.09	1.09	716800.00
1981-03-12	1.09	1.10	1.09	1.10	534400.00
1981-03-13	1.10	1.11	1.09	1.10	1790400.00
1981-03-16	1.10	1.11	1.09	1.11	1379200.00
1981-03-17	1.11	1.13	1.11	1.13	1187200.00
1981-03-18	1.13	1.13	1.12	1.13	624000.00
1981-03-19	1.13	1.13	1.12	1.13	585600.00
1981-03-20	1.13	1.13	1.12	1.12	1180800.00
1981-03-23	1.12	1.12	1.12	1.12	321600.00
1981-03-24	1.12	1.12	1.10	1.11	435200.00
1981-03-25	1.11	1.11	1.10	1.11	859200.00
1981-03-26	1.11	1.12	1.11	1.12	1832000.00
1981-03-27	1.12	1.12	1.11	1.12	984000.00
1981-03-30	1.12	1.12	1.12	1.12	529600.00
1981-03-31	1.12	1.13	1.12	1.12	1380800.00
1981-04-01	1.12	1.13	1.12	1.13	1444800.00
1981-04-02	1.13	1.14	1.12	1.13	1318400.00
1981-04-03	1.13	1.13	1.12	1.12	364800.00
1981-04-06	1.12	1.12	1.10	1.12	779200.00
1981-04-07	1.12	1.12	1.11	1.12	1430400.00
1981-04-08	1.12	1.14	1.12	1.14	969600.00
1981-04-09	1.14	1.16	1.14	1.16	1416000.00
1981-04-10	1.16	1.16	1.14	1.14	1145600.00
1981-04-13	1.14	1.15	1.14	1.15	756800.00
1981-04-14	1.15	1.16	1.14	1.15	926400.00
1981-04-15	1.15	1.16	1.14	1.15	606400.00
1981-04-16	1.16	1.18	1.16	1.17	1011200.00
1981-04-20	1.18	1.20	1.18	1.19	1611200.00
1981-04-21	1.19	1.19	1.18	1.18	1036800.00
1981-04-22	1.18	1.18	1.16	1.16	1201600.00
1981-04-23	1.16	1.16	1.16	1.16	958400.00
1981-04-24	1.16	1.18	1.15	1.18	608000.00
1981-04-27	1.18	1.19	1.18	1.19	862400.00
1981-04-28	1.19	1.19	1.16	1.17	899200.00
1981-04-29	1.17	1.17	1.14	1.14	1684800.00
1981-04-30	1.14	1.14	1.12	1.13	1248000.00
1981-05-01	1.13	1.13	1.11	1.13	990400.00
1981-05-04	1.13	1.13	1.11	1.11	494400.00
1981-05-05	1.11	1.11	1.10	1.10	904000.00
1981-05-06	1.10	1.11	1.09	1.09	574400.00
1981-05-07	1.09	1.10	1.09	1.10	771200.00
1981-05-08	1.10	1.10	1.09	1.09	880000.00
1981-05-11	1.09	1.10	1.09	1.09	355200.00
1981-05-12	1.09	1.10	1.09	1.10	1124800.00
1981-05-13	1.10	1.10	1.09	1.09	680000.00
1981-05-14	1.09	1.10	1.09	1.10	700800.00
1981-05-15	1.10	1.12	1.10	1.11	483200.00
1981-05-18	1.11	1.12	1.11	1.11	372800.00
1981-05-19	1.11	1.11	1.08	1.08	1134400.00
1981-05-20	1.08	1.09	1.07	1.07	796800.00
1981-05-21	1.07	1.09	1.07	1.08	1291200.00
1981-05-22	1.09	1.11	1.09	1.09	980800.00
1981-05-26	1.09	1.11	1.09	1.11	780800.00
1981-05-27	1.11	1.13	1.10	1.13	1148800.00
1981-05-28	1.13	1.14	1.13	1.14	1588800.00
1981-05-29	1.14	1.14	1.13	1.14	1774400.00
1981-06-01	1.14	1.16	1.14	1.15	937600.00
1981-06-02	1.15	1.15	1.14	1.14	608000.00
1981-06-03	1.14	1.15	1.13	1.14	592000.00
1981-06-04	1.14	1.15	1.14	1.14	3184000.00
1981-06-05	1.14	1.15	1.14	1.15	1006400.00
1981-06-08	1.15	1.16	1.15	1.15	664000.00
1981-06-09	1.14	1.14	1.14	1.14	651200.00
1981-06-10	1.14	1.14	1.13	1.13	689600.00
1981-06-11	1.13	1.15	1.13	1.15	1577600.00
1981-06-12	1.15	1.16	1.15	1.15	1516800.00
1981-06-15	1.15	1.16	1.15	1.15	859200.00
1981-06-16	1.15	1.15	1.14	1.14	908800.00
1981-06-17	1.14	1.15	1.13	1.14	1129600.00
1981-06-18	1.15	1.16	1.15	1.15	881600.00
1981-06-19	1.15	1.15	1.14	1.15	803200.00
1981-06-22	1.15	1.15	1.13	1.14	340800.00
1981-06-23	1.14	1.15	1.14	1.15	1003200.00
1981-06-24	1.15	1.15	1.13	1.13	862400.00
1981-06-25	1.13	1.13	1.12	1.12	1086400.00
1981-06-26	1.12	1.13	1.12	1.12	2104000.00
1981-06-29	1.12	1.12	1.08	1.08	520000.00
1981-06-30	1.08	1.08	1.07	1.07	1896000.00
1981-07-01	1.07	1.08	1.04	1.05	1673600.00
1981-07-02	1.05	1.05	1.02	1.03	1633600.00
1981-07-06	1.03	1.03	1.02	1.03	971200.00
1981-07-07	1.03	1.03	1.02	1.03	1728000.00
1981-07-08	1.03	1.03	1.02	1.02	1140800.00
1981-07-09	1.02	1.03	1.02	1.03	752000.00
1981-07-10	1.03	1.04	1.03	1.03	1168000.00
1981-07-13	1.03	1.04	1.03	1.04	307200.00
1981-07-14	1.04	1.04	1.03	1.03	1060800.00
1981-07-15	1.03	1.04	1.00	1.04	561600.00
1981-07-16	1.04	1.04	1.03	1.04	371200.00
1981-07-17	1.04	1.04	1.03	1.04	1708800.00
1981-07-20	1.04	1.04	1.01	1.02	1131200.00
1981-07-21	1.02	1.02	1.00	1.01	1352000.00
1981-07-22	1.01	1.01	0.99	1.00	1105600.00
1981-07-23	1.00	1.00	0.98	0.99	665600.00
1981-07-24	0.99	1.00	0.99	0.99	780800.00
1981-07-27	0.99	0.99	0.98	0.99	302400.00
1981-07-28	0.98	0.98	0.97	0.98	668800.00
1981-07-29	0.98	0.98	0.97	0.97	857600.00
1981-07-30	0.97	0.97	0.96	0.97	595200.00
1981-07-31	0.97	0.97	0.96	0.97	1302400.00
1981-08-03	0.96	0.96	0.96	0.96	438400.00
1981-08-04	0.96	0.97	0.96	0.97	312000.00
1981-08-05	0.97	0.97	0.96	0.97	617600.00
1981-08-06	0.97	0.97	0.95	0.95	1526400.00
1981-08-07	0.95	0.96	0.93	0.93	3184000.00
1981-08-10	0.94	0.94	0.92	0.92	1809600.00
1981-08-11	0.92	0.93	0.92	0.93	3056000.00
1981-08-12	0.93	0.95	0.93	0.94	5075200.00
1981-08-13	0.94	0.95	0.94	0.94	2000000.00
1981-08-14	0.95	0.96	0.95	0.96	816000.00
1981-08-17	0.95	0.95	0.95	0.95	800000.00
1981-08-18	0.95	0.96	0.95	0.95	1275200.00
1981-08-19	0.96	0.97	0.96	0.97	641600.00
1981-08-20	0.97	0.98	0.97	0.98	934400.00
1981-08-21	0.98	0.98	0.98	0.98	436800.00
1981-08-24	0.98	0.99	0.97	0.97	793600.00
1981-08-25	0.97	0.97	0.96	0.97	1169600.00
1981-08-26	0.97	0.97	0.96	0.96	1716800.00
1981-08-27	0.96	0.96	0.93	0.93	2342400.00
1981-08-28	0.93	0.94	0.93	0.93	553600.00
1981-08-31	0.93	0.94	0.93	0.93	580800.00
1981-09-01	0.93	0.94	0.92	0.94	1048000.00
1981-09-02	0.94	0.94	0.93	0.93	1078400.00
1981-09-03	0.93	0.93	0.89	0.89	3224000.00
1981-09-04	0.89	0.90	0.88	0.88	1201600.00
1981-09-08	0.88	0.89	0.87	0.88	1428800.00
1981-09-09	0.88	0.89	0.88	0.89	888000.00
1981-09-10	0.89	0.89	0.89	0.89	888000.00
1981-09-11	0.89	0.90	0.89	0.90	2336000.00
1981-09-14	0.90	0.90	0.88	0.89	1076800.00
1981-09-15	0.89	0.90	0.88	0.89	769600.00
1981-09-16	0.89	0.89	0.88	0.89	1059200.00
1981-09-17	0.89	0.89	0.88	0.89	956800.00
1981-09-18	0.89	0.89	0.88	0.89	627200.00
1981-09-21	0.89	0.90	0.88	0.89	1262400.00
1981-09-22	0.89	0.89	0.87	0.87	1334400.00
1981-09-23	0.86	0.86	0.85	0.86	988800.00
1981-09-24	0.86	0.86	0.84	0.85	840000.00
1981-09-25	0.85	0.85	0.83	0.83	585600.00
1981-09-28	0.83	0.85	0.81	0.85	918400.00
1981-09-29	0.85	0.87	0.85	0.85	1451200.00
1981-09-30	0.85	0.86	0.85	0.85	398400.00
1981-10-01	0.85	0.87	0.85	0.87	3563200.00
1981-10-02	0.88	0.89	0.88	0.88	3721600.00
1981-10-05	0.88	0.88	0.87	0.87	1051200.00
1981-10-06	0.87	0.87	0.86	0.86	748800.00
1981-10-07	0.86	0.88	0.86	0.88	5104000.00
1981-10-08	0.88	0.90	0.88	0.89	3892800.00
1981-10-09	0.89	0.89	0.88	0.88	2392000.00
1981-10-12	0.88	0.89	0.87	0.87	2168000.00
1981-10-13	0.87	0.88	0.87	0.87	710400.00
1981-10-14	0.87	0.87	0.85	0.86	649600.00
1981-10-15	0.86	0.88	0.86	0.86	2081600.00
1981-10-16	0.86	0.86	0.85	0.86	739200.00
1981-10-19	0.86	0.86	0.85	0.85	756800.00
1981-10-20	0.86	0.86	0.86	0.86	788800.00
1981-10-21	0.86	0.88	0.86	0.87	1470400.00
1981-10-22	0.87	0.88	0.86	0.88	744000.00
1981-10-23	0.88	0.89	0.87	0.89	2022400.00
1981-10-26	0.89	0.89	0.88	0.89	2291200.00
1981-10-27	0.89	0.89	0.88	0.89	1484800.00
1981-10-28	0.89	0.90	0.89	0.90	1302400.00
1981-10-29	0.90	0.93	0.90	0.91	1638400.00
1981-10-30	0.91	0.95	0.91	0.94	1566400.00
1981-11-02	0.94	0.96	0.94	0.94	1144000.00
1981-11-03	0.95	0.97	0.95	0.96	1003200.00
1981-11-04	0.96	0.96	0.95	0.95	846400.00
1981-11-05	0.95	0.95	0.94	0.94	897600.00
1981-11-06	0.94	0.97	0.94	0.97	1224000.00
1981-11-09	0.97	0.97	0.96	0.97	1323200.00
1981-11-10	0.97	0.97	0.95	0.96	699200.00
1981-11-11	0.95	0.95	0.94	0.94	384000.00
1981-11-12	0.94	0.94	0.93	0.93	1166400.00
1981-11-13	0.93	0.93	0.92	0.92	798400.00
1981-11-16	0.92	0.92	0.90	0.91	1296000.00
1981-11-17	0.92	0.93	0.92	0.92	748800.00
1981-11-18	0.92	0.93	0.92	0.92	1142400.00
1981-11-19	0.92	0.92	0.92	0.92	395200.00
1981-11-20	0.92	0.93	0.92	0.93	424000.00
1981-11-23	0.93	0.94	0.92	0.92	590400.00
1981-11-24	0.92	0.93	0.92	0.92	596800.00
1981-11-25	0.92	0.94	0.92	0.94	2100800.00
1981-11-27	0.94	0.95	0.93	0.94	401600.00
1981-11-30	0.94	0.96	0.94	0.96	1553600.00
1981-12-01	0.96	0.97	0.96	0.96	1358400.00
1981-12-02	0.96	0.98	0.96	0.98	713600.00
1981-12-03	0.98	0.99	0.97	0.98	976000.00
1981-12-04	0.99	1.00	0.99	1.00	2105600.00
1981-12-07	1.00	1.00	1.00	1.00	1366400.00
1981-12-08	1.00	1.00	0.99	1.00	785600.00
1981-12-09	1.00	1.00	0.99	1.00	1067200.00
1981-12-10	1.00	1.00	0.99	1.00	1705600.00
1981-12-11	1.00	1.00	0.99	1.00	315200.00
1981-12-14	0.99	0.99	0.97	0.98	1729600.00
1981-12-15	0.98	0.98	0.97	0.97	787200.00
1981-12-16	0.97	0.98	0.97	0.98	436800.00
1981-12-17	0.98	1.00	0.98	1.00	411200.00
1981-12-18	1.00	1.01	1.00	1.00	1051200.00
1981-12-21	1.00	1.01	0.99	1.00	577600.00
1981-12-22	1.00	1.00	0.99	1.00	1302400.00
1981-12-23	1.00	1.01	1.00	1.01	1041600.00
1981-12-24	1.01	1.01	1.00	1.00	292800.00
1981-12-28	1.00	1.01	1.00	1.01	1076800.00
1981-12-29	1.01	1.01	0.99	0.99	804800.00
1981-12-30	0.99	1.00	0.99	1.00	1044800.00
1981-12-31	1.00	1.01	1.00	1.01	544000.00
1982-01-04	1.00	1.01	1.00	1.00	872000.00
1982-01-05	0.98	1.00	0.97	0.98	448000.00
1982-01-06	0.96	0.98	0.95	0.96	1299200.00
1982-01-07	0.95	0.96	0.95	0.96	532800.00
1982-01-08	0.96	0.97	0.96	0.96	556800.00
1982-01-11	0.97	0.98	0.96	0.97	1368000.00
1982-01-12	0.97	0.97	0.96	0.97	393600.00
1982-01-13	0.96	0.97	0.96	0.96	232000.00
1982-01-14	0.95	0.96	0.95	0.95	931200.00
1982-01-15	0.96	0.96	0.95	0.95	1390400.00
1982-01-18	0.95	0.96	0.94	0.96	1393600.00
1982-01-19	0.96	0.97	0.94	0.95	833600.00
1982-01-20	0.94	0.95	0.94	0.94	812800.00
1982-01-21	0.95	0.96	0.93	0.96	4228800.00
1982-01-22	0.98	0.98	0.97	0.97	1587200.00
1982-01-25	0.97	0.97	0.96	0.97	958400.00
1982-01-26	0.98	0.99	0.97	0.98	1584000.00
1982-01-27	0.98	0.98	0.97	0.97	1092800.00
1982-01-28	1.00	1.02	0.98	1.02	2060800.00
1982-01-29	1.03	1.03	1.02	1.03	1244800.00
1982-02-01	1.03	1.04	1.03	1.03	702400.00
1982-02-02	1.03	1.04	1.03	1.04	1097600.00
1982-02-03	1.04	1.04	1.04	1.04	638400.00
1982-02-04	1.02	1.04	1.01	1.02	1225600.00
1982-02-05	1.03	1.04	1.02	1.04	1344000.00
1982-02-08	1.04	1.04	1.03	1.04	1316800.00
1982-02-09	1.03	1.04	1.02	1.03	1212800.00
1982-02-10	1.04	1.05	1.03	1.04	2846400.00
1982-02-11	1.06	1.07	1.05	1.05	2856000.00
1982-02-12	1.06	1.07	1.05	1.07	924800.00
1982-02-16	1.07	1.07	1.06	1.07	980800.00
1982-02-17	1.08	1.08	1.07	1.07	1145600.00
1982-02-18	1.07	1.08	1.07	1.08	2081600.00
1982-02-19	1.07	1.08	1.07	1.08	1728000.00
1982-02-22	1.07	1.09	1.05	1.05	2152000.00
1982-02-23	1.06	1.06	1.05	1.06	4920000.00
1982-02-24	1.05	1.07	1.03	1.06	2872000.00
1982-02-25	1.05	1.06	1.04	1.05	542400.00
1982-02-26	1.04	1.05	1.04	1.05	1289600.00
1982-03-01	1.04	1.05	1.04	1.04	659200.00
1982-03-02	1.03	1.04	1.02	1.02	614400.00
1982-03-03	1.01	1.02	0.99	1.00	2342400.00
1982-03-04	0.99	1.00	0.98	0.99	1537600.00
1982-03-05	0.98	1.00	0.97	0.97	1268800.00
1982-03-08	0.97	0.98	0.96	0.96	1444800.00
1982-03-09	0.96	0.96	0.95	0.95	2713600.00
1982-03-10	0.96	0.97	0.96	0.97	1980800.00
1982-03-11	0.97	0.98	0.97	0.98	1446400.00
1982-03-12	0.98	0.98	0.98	0.98	820800.00
1982-03-15	0.99	0.99	0.98	0.99	664000.00
1982-03-16	0.99	1.00	0.98	0.98	1790400.00
1982-03-17	0.97	0.98	0.96	0.97	2926400.00
1982-03-18	0.98	0.98	0.97	0.98	414400.00
1982-03-19	0.99	0.99	0.98	0.99	2529600.00
1982-03-22	1.01	1.02	1.00	1.02	1459200.00
1982-03-23	1.04	1.04	1.03	1.03	1785600.00
1982-03-24	1.03	1.04	1.03	1.03	1275200.00
1982-03-25	1.04	1.05	1.03	1.05	1150400.00
1982-03-26	1.04	1.05	1.03	1.03	371200.00
1982-03-29	1.04	1.04	1.03	1.04	523200.00
1982-03-30	1.05	1.05	1.04	1.04	966400.00
1982-03-31	1.05	1.06	1.04	1.04	561600.00
1982-04-01	1.04	1.05	1.03	1.05	827200.00
1982-04-02	1.05	1.06	1.04	1.06	838400.00
1982-04-05	1.06	1.06	1.05	1.06	772800.00
1982-04-06	1.06	1.06	1.05	1.05	1073600.00
1982-04-07	1.06	1.07	1.05	1.07	958400.00
1982-04-08	1.08	1.09	1.06	1.08	1179200.00
1982-04-12	1.09	1.10	1.08	1.09	836800.00
1982-04-13	1.08	1.10	1.07	1.10	2364800.00
1982-04-14	1.10	1.11	1.09	1.10	1382400.00
1982-04-15	1.13	1.15	1.11	1.15	4921600.00
1982-04-16	1.14	1.15	1.13	1.14	3864000.00
1982-04-19	1.14	1.14	1.13	1.14	2617600.00
1982-04-20	1.13	1.14	1.12	1.13	1216000.00
1982-04-21	1.13	1.13	1.12	1.13	1136000.00
1982-04-22	1.14	1.15	1.13	1.15	2550400.00
1982-04-23	1.17	1.18	1.15	1.18	2249600.00
1982-04-26	1.18	1.19	1.16	1.18	2739200.00
1982-04-27	1.17	1.19	1.16	1.16	3172800.00
1982-04-28	1.16	1.17	1.16	1.16	1408000.00
1982-04-29	1.14	1.15	1.13	1.14	2100800.00
1982-04-30	1.14	1.15	1.13	1.14	1744000.00
1982-05-03	1.15	1.15	1.14	1.15	1723200.00
1982-05-04	1.15	1.16	1.15	1.15	1505600.00
1982-05-05	1.15	1.16	1.15	1.15	601600.00
1982-05-06	1.16	1.16	1.15	1.15	1131200.00
1982-05-07	1.16	1.16	1.15	1.15	3121600.00
1982-05-10	1.11	1.12	1.10	1.10	6528000.00
1982-05-11	1.10	1.11	1.09	1.11	3953600.00
1982-05-12	1.09	1.11	1.07	1.08	5283200.00
1982-05-13	1.08	1.09	1.07	1.08	2688000.00
1982-05-14	1.08	1.09	1.07	1.08	2185600.00
1982-05-17	1.08	1.09	1.08	1.08	915200.00
1982-05-18	1.08	1.09	1.08	1.08	708800.00
1982-05-19	1.08	1.09	1.08	1.08	1185600.00
1982-05-20	1.09	1.09	1.08	1.09	1768000.00
1982-05-21	1.09	1.09	1.08	1.09	1320000.00
1982-05-24	1.09	1.09	1.08	1.09	1768000.00
1982-05-25	1.08	1.09	1.08	1.08	1739200.00
1982-05-26	1.08	1.08	1.08	1.08	1041600.00
1982-05-27	1.08	1.09	1.08	1.09	3057600.00
1982-05-28	1.10	1.11	1.10	1.11	5019200.00
1982-06-01	1.11	1.11	1.11	1.11	2433600.00
1982-06-02	1.12	1.14	1.11	1.14	2667200.00
1982-06-03	1.14	1.16	1.12	1.16	1985600.00
1982-06-04	1.15	1.16	1.13	1.13	1630400.00
1982-06-07	1.14	1.15	1.12	1.14	1673600.00
1982-06-08	1.16	1.16	1.15	1.16	2315200.00
1982-06-09	1.14	1.16	1.13	1.14	3428800.00
1982-06-10	1.14	1.16	1.13	1.16	2571200.00
1982-06-11	1.12	1.17	1.08	1.10	14601600.00
1982-06-14	1.09	1.10	1.08	1.09	1998400.00
1982-06-15	1.08	1.09	1.07	1.09	2182400.00
1982-06-16	1.09	1.09	1.08	1.09	1792000.00
1982-06-17	1.05	1.08	1.03	1.03	6812800.00
1982-06-18	1.03	1.04	1.02	1.04	2150400.00
1982-06-21	1.05	1.07	1.04	1.05	3555200.00
1982-06-22	1.06	1.07	1.05	1.07	2441600.00
1982-06-23	1.07	1.08	1.06	1.08	1772800.00
1982-06-24	1.09	1.10	1.08	1.10	1734400.00
1982-06-25	1.09	1.10	1.09	1.09	792000.00
1982-06-28	1.10	1.11	1.09	1.10	1760000.00
1982-06-29	1.08	1.10	1.07	1.09	1345600.00
1982-06-30	1.07	1.09	1.05	1.05	2404800.00
1982-07-01	1.04	1.05	1.02	1.02	2852800.00
1982-07-02	1.03	1.03	1.02	1.03	1475200.00
1982-07-06	1.03	1.04	1.02	1.03	950400.00
1982-07-07	1.04	1.06	1.03	1.05	2472000.00
1982-07-08	1.03	1.05	1.02	1.04	6336000.00
1982-07-09	1.04	1.05	1.03	1.04	1480000.00
1982-07-12	1.04	1.05	1.03	1.03	2244800.00
1982-07-13	1.02	1.04	1.01	1.02	5224000.00
1982-07-14	1.02	1.04	1.01	1.04	2404800.00
1982-07-15	1.05	1.06	1.05	1.05	2406400.00
1982-07-16	1.08	1.10	1.05	1.09	4120000.00
1982-07-19	1.10	1.10	1.09	1.10	3670400.00
1982-07-20	1.10	1.11	1.09	1.11	2545600.00
1982-07-21	1.10	1.12	1.08	1.09	2262400.00
1982-07-22	1.08	1.08	1.07	1.07	2340800.00
1982-07-23	1.05	1.07	1.03	1.03	7881600.00
1982-07-26	1.04	1.04	1.03	1.03	1440000.00
1982-07-27	1.04	1.04	1.03	1.03	2475200.00
1982-07-28	1.02	1.03	1.01	1.01	2115200.00
1982-07-29	1.01	1.02	1.00	1.02	2780800.00
1982-07-30	1.01	1.02	1.00	1.01	968000.00
1982-08-02	1.02	1.03	1.00	1.02	1534400.00
1982-08-03	1.00	1.02	0.98	0.98	3604800.00
1982-08-04	1.00	1.02	0.98	0.98	3604800.00
1982-08-05	0.90	0.91	0.89	0.91	16428800.00
1982-08-06	0.87	0.89	0.85	0.86	9252800.00
1982-08-09	0.86	0.88	0.84	0.87	2985600.00
1982-08-10	0.89	0.90	0.88	0.89	2841600.00
1982-08-11	0.89	0.90	0.89	0.89	1656000.00
1982-08-12	0.89	0.90	0.89	0.89	1604800.00
1982-08-13	0.90	0.90	0.89	0.90	1684800.00
1982-08-16	0.92	0.92	0.90	0.92	3734400.00
1982-08-17	0.93	0.94	0.91	0.94	4577600.00
1982-08-18	0.93	0.96	0.89	0.90	4886400.00
1982-08-19	0.90	0.90	0.89	0.89	3553600.00
1982-08-20	0.88	0.90	0.86	0.89	5464000.00
1982-08-23	0.91	0.93	0.89	0.93	3940800.00
1982-08-24	0.93	0.94	0.92	0.94	7432000.00
1982-08-25	0.95	0.96	0.93	0.95	3184000.00
1982-08-26	0.98	1.00	0.95	0.98	4366400.00
1982-08-27	0.97	0.98	0.96	0.97	3688000.00
1982-08-30	0.97	0.98	0.96	0.98	2204800.00
1982-08-31	0.98	0.99	0.96	0.98	4105600.00
1982-09-01	0.95	0.97	0.93	0.93	4940800.00
1982-09-02	0.92	0.93	0.91	0.93	4129600.00
1982-09-03	0.96	0.97	0.95	0.97	7057600.00
1982-09-07	0.97	0.98	0.96	0.98	3793600.00
1982-09-08	0.98	0.99	0.97	0.98	3716800.00
1982-09-09	0.99	1.00	0.98	0.99	2211200.00
1982-09-10	0.98	0.99	0.97	0.99	3188800.00
1982-09-13	1.00	1.02	0.98	1.01	3700800.00
1982-09-14	1.03	1.04	1.02	1.03	3033600.00
1982-09-15	1.03	1.04	1.02	1.04	2329600.00
1982-09-16	1.06	1.08	1.04	1.06	3419200.00
1982-09-17	1.06	1.07	1.05	1.06	8057600.00
1982-09-20	1.06	1.06	1.06	1.06	4692800.00
1982-09-21	1.04	1.06	1.03	1.05	5640000.00
1982-09-22	1.03	1.06	1.00	1.00	3572800.00
1982-09-23	1.01	1.02	0.99	1.00	2094400.00
1982-09-24	1.00	1.01	1.00	1.01	1265600.00
1982-09-27	1.01	1.02	1.01	1.02	1774400.00
1982-09-28	1.02	1.02	1.01	1.01	1577600.00
1982-09-29	1.01	1.02	0.99	0.99	4020800.00
1982-09-30	0.97	0.99	0.96	0.97	1844800.00
1982-10-01	0.98	0.99	0.97	0.98	2256000.00
1982-10-04	0.97	0.98	0.96	0.97	2060800.00
1982-10-05	0.97	0.98	0.97	0.97	5126400.00
1982-10-06	1.00	1.02	0.97	1.02	4100800.00
1982-10-07	1.05	1.06	1.03	1.04	6403200.00
1982-10-08	1.03	1.05	1.02	1.03	6737600.00
1982-10-11	1.06	1.08	1.03	1.07	4980800.00
1982-10-12	1.09	1.10	1.07	1.08	3944000.00
1982-10-13	1.10	1.12	1.08	1.10	3328000.00
1982-10-14	1.09	1.10	1.08	1.09	2996800.00
1982-10-15	1.07	1.08	1.06	1.06	3868800.00
1982-10-18	1.04	1.06	1.02	1.05	7648000.00
1982-10-19	1.09	1.10	1.08	1.09	7580800.00
1982-10-20	1.12	1.14	1.10	1.14	4235200.00
1982-10-21	1.14	1.16	1.12	1.12	4033600.00
1982-10-22	1.14	1.16	1.13	1.14	3024000.00
1982-10-25	1.12	1.13	1.11	1.11	2148800.00
1982-10-26	1.10	1.11	1.09	1.10	3139200.00
1982-10-27	1.10	1.11	1.09	1.10	1230400.00
1982-10-28	1.10	1.11	1.09	1.09	1510400.00
1982-10-29	1.09	1.09	1.08	1.09	3412800.00
1982-11-01	1.13	1.15	1.10	1.14	2888000.00
1982-11-02	1.13	1.15	1.11	1.12	5392000.00
1982-11-03	1.13	1.15	1.11	1.15	3484800.00
1982-11-04	1.16	1.17	1.14	1.15	5200000.00
1982-11-05	1.16	1.17	1.14	1.14	2294400.00
1982-11-08	1.14	1.16	1.12	1.15	2051200.00
1982-11-09	1.17	1.18	1.15	1.18	2436800.00
1982-11-10	1.17	1.19	1.15	1.16	1836800.00
1982-11-11	1.15	1.17	1.14	1.17	1460800.00
1982-11-12	1.17	1.18	1.16	1.16	1638400.00
1982-11-15	1.14	1.16	1.13	1.13	1907200.00
1982-11-16	1.12	1.13	1.11	1.13	1668800.00
1982-11-17	1.14	1.15	1.12	1.13	1710400.00
1982-11-18	1.12	1.13	1.11	1.12	2572800.00
1982-11-19	1.13	1.13	1.12	1.13	547200.00
1982-11-22	1.13	1.13	1.12	1.12	1286400.00
1982-11-23	1.11	1.12	1.10	1.10	1336000.00
1982-11-24	1.10	1.11	1.09	1.10	1976000.00
1982-11-26	1.10	1.10	1.09	1.10	1281600.00
1982-11-29	1.09	1.10	1.08	1.09	1240000.00
1982-11-30	1.10	1.13	1.08	1.13	1574400.00
1982-12-01	1.14	1.15	1.13	1.13	1734400.00
1982-12-02	1.13	1.14	1.12	1.13	1329600.00
1982-12-03	1.11	1.13	1.10	1.10	1564800.00
1982-12-06	1.10	1.13	1.08	1.13	2382400.00
1982-12-07	1.14	1.15	1.13	1.14	2590400.00
1982-12-08	1.12	1.13	1.11	1.11	1278400.00
1982-12-09	1.09	1.10	1.08	1.08	1937600.00
1982-12-10	1.08	1.10	1.07	1.07	1953600.00
1982-12-13	1.06	1.07	1.05	1.06	2244800.00
1982-12-14	1.08	1.10	1.06	1.07	3142400.00
1982-12-15	1.06	1.07	1.05	1.05	1955200.00
1982-12-16	1.05	1.06	1.05	1.06	2294400.00
1982-12-17	1.08	1.10	1.06	1.09	1739200.00
1982-12-20	1.09	1.09	1.08	1.08	777600.00
1982-12-21	1.07	1.08	1.06	1.08	1550400.00
1982-12-22	1.10	1.12	1.08	1.12	2699200.00
1982-12-23	1.11	1.12	1.10	1.10	2294400.00
1982-12-27	1.10	1.11	1.09	1.10	1144000.00
1982-12-28	1.10	1.11	1.09	1.09	982400.00
1982-12-29	1.10	1.10	1.09	1.10	691200.00
1982-12-30	1.09	1.10	1.08	1.09	1617600.00
1982-12-31	1.09	1.09	1.09	1.09	310400.00
1983-01-03	1.09	1.10	1.08	1.08	4204800.00
1983-01-04	1.08	1.08	1.07	1.08	4083200.00
1983-01-05	1.09	1.10	1.09	1.10	2833600.00
1983-01-06	1.13	1.15	1.10	1.14	4342400.00
1983-01-07	1.13	1.14	1.11	1.12	5513600.00
1983-01-10	1.12	1.15	1.10	1.13	4761600.00
1983-01-11	1.14	1.15	1.12	1.15	3660800.00
1983-01-12	1.15	1.16	1.14	1.15	2568000.00
1983-01-13	1.16	1.17	1.15	1.17	2425600.00
1983-01-14	1.17	1.18	1.16	1.18	2896000.00
1983-01-17	1.19	1.21	1.18	1.20	2104000.00
1983-01-18	1.20	1.21	1.19	1.21	2489600.00
1983-01-19	1.21	1.22	1.20	1.22	1940800.00
1983-01-20	1.20	1.20	1.19	1.19	1460800.00
1983-01-21	1.18	1.19	1.17	1.18	1572800.00
1983-01-24	1.16	1.17	1.15	1.16	2739200.00
1983-01-25	1.17	1.18	1.15	1.18	848000.00
1983-01-26	1.18	1.18	1.17	1.17	489600.00
1983-01-27	1.19	1.20	1.18	1.20	739200.00
1983-01-28	1.21	1.22	1.20	1.20	1371200.00
1983-01-31	1.19	1.20	1.18	1.18	1104000.00
1983-02-01	1.18	1.19	1.17	1.17	881600.00
1983-02-02	1.16	1.16	1.15	1.15	1518400.00
1983-02-03	1.15	1.15	1.14	1.15	1708800.00
1983-02-04	1.16	1.17	1.15	1.17	1468800.00
1983-02-07	1.16	1.17	1.15	1.16	1156800.00
1983-02-08	1.14	1.16	1.13	1.14	1204800.00
1983-02-09	1.14	1.15	1.13	1.15	2014400.00
1983-02-10	1.15	1.16	1.14	1.14	2097600.00
1983-02-11	1.15	1.16	1.15	1.16	2020800.00
1983-02-14	1.17	1.18	1.15	1.16	1790400.00
1983-02-15	1.18	1.19	1.17	1.18	1187200.00
1983-02-16	1.19	1.20	1.18	1.19	1646400.00
1983-02-17	1.17	1.18	1.16	1.16	891200.00
1983-02-18	1.16	1.16	1.15	1.16	699200.00
1983-02-22	1.16	1.17	1.16	1.16	555200.00
1983-02-23	1.16	1.16	1.15	1.16	985600.00
1983-02-24	1.16	1.17	1.15	1.15	2228800.00
1983-02-25	1.16	1.17	1.16	1.16	2923200.00
1983-02-28	1.16	1.17	1.16	1.16	1198400.00
1983-03-01	1.17	1.17	1.16	1.17	3894400.00
1983-03-02	1.19	1.20	1.17	1.19	4470400.00
1983-03-03	1.22	1.24	1.20	1.24	3160000.00
1983-03-04	1.24	1.25	1.22	1.25	3008000.00
1983-03-07	1.26	1.27	1.25	1.26	2755200.00
1983-03-08	1.25	1.27	1.24	1.24	1990400.00
1983-03-09	1.24	1.25	1.23	1.23	1892800.00
1983-03-10	1.24	1.25	1.23	1.24	1300800.00
1983-03-11	1.22	1.23	1.20	1.21	1758400.00
1983-03-14	1.20	1.21	1.19	1.21	1416000.00
1983-03-15	1.20	1.20	1.19	1.20	1072000.00
1983-03-16	1.20	1.21	1.20	1.20	1414400.00
1983-03-17	1.20	1.21	1.19	1.21	704000.00
1983-03-18	1.22	1.23	1.20	1.23	1585600.00
1983-03-21	1.24	1.25	1.22	1.23	3724800.00
1983-03-22	1.24	1.24	1.23	1.24	1366400.00
1983-03-23	1.23	1.23	1.22	1.23	2553600.00
1983-03-24	1.15	1.17	1.13	1.14	11195200.00
1983-03-25	1.15	1.16	1.15	1.16	6622400.00
1983-03-28	1.17	1.18	1.17	1.17	2224000.00
1983-03-29	1.19	1.19	1.18	1.18	2164800.00
1983-03-30	1.19	1.20	1.18	1.19	2808000.00
1983-03-31	1.19	1.20	1.16	1.17	1574400.00
1983-04-04	1.17	1.18	1.16	1.17	1126400.00
1983-04-05	1.16	1.17	1.16	1.16	1081600.00
1983-04-06	1.15	1.17	1.14	1.15	1907200.00
1983-04-07	1.16	1.16	1.15	1.16	1267200.00
1983-04-08	1.16	1.16	1.15	1.16	700800.00
1983-04-11	1.17	1.18	1.16	1.18	1216000.00
1983-04-12	1.18	1.18	1.17	1.18	1371200.00
1983-04-13	1.17	1.18	1.16	1.17	2673600.00
1983-04-14	1.18	1.19	1.17	1.19	2744000.00
1983-04-15	1.17	1.18	1.15	1.16	4017600.00
1983-04-18	1.15	1.16	1.14	1.15	3187200.00
1983-04-19	1.17	1.19	1.16	1.19	2585600.00
1983-04-20	1.19	1.20	1.18	1.20	4329600.00
1983-04-21	1.21	1.22	1.20	1.22	3742400.00
1983-04-22	1.21	1.22	1.20	1.21	1953600.00
1983-04-25	1.20	1.22	1.19	1.20	1107200.00
1983-04-26	1.20	1.22	1.19	1.22	1537600.00
1983-04-27	1.23	1.24	1.22	1.23	1953600.00
1983-04-28	1.24	1.25	1.23	1.24	3099200.00
1983-04-29	1.24	1.25	1.23	1.23	3096000.00
1983-05-02	1.22	1.24	1.20	1.21	1659200.00
1983-05-03	1.21	1.22	1.20	1.21	1027200.00
1983-05-04	1.22	1.23	1.21	1.21	1184000.00
1983-05-05	1.22	1.23	1.21	1.23	1692800.00
1983-05-06	1.25	1.26	1.23	1.26	4955200.00
1983-05-09	1.24	1.25	1.24	1.24	1841600.00
1983-05-10	1.23	1.24	1.22	1.23	1923200.00
1983-05-11	1.22	1.23	1.22	1.22	1201600.00
1983-05-12	1.22	1.23	1.21	1.22	1492800.00
1983-05-13	1.23	1.24	1.21	1.22	2350400.00
1983-05-16	1.22	1.23	1.20	1.23	1830400.00
1983-05-17	1.22	1.23	1.21	1.23	3235200.00
1983-05-18	1.23	1.26	1.23	1.25	3688000.00
1983-05-19	1.25	1.28	1.25	1.26	2627200.00
1983-05-20	1.26	1.27	1.24	1.27	2630400.00
1983-05-23	1.25	1.27	1.25	1.26	3296000.00
1983-05-24	1.26	1.27	1.26	1.26	2409600.00
1983-05-25	1.27	1.28	1.25	1.26	2209600.00
1983-05-26	1.27	1.27	1.26	1.27	2177600.00
1983-05-27	1.27	1.28	1.26	1.27	5033600.00
1983-05-31	1.26	1.27	1.26	1.27	3844800.00
1983-06-01	1.27	1.27	1.26	1.26	2244800.00
1983-06-02	1.26	1.27	1.26	1.27	1088000.00
1983-06-03	1.27	1.27	1.26	1.26	1539200.00
1983-06-06	1.27	1.27	1.26	1.27	1675200.00
1983-06-07	1.27	1.30	1.27	1.28	4089600.00
1983-06-08	1.28	1.28	1.26	1.26	11864000.00
1983-06-09	1.25	1.26	1.24	1.25	888000.00
1983-06-10	1.24	1.25	1.24	1.24	1214400.00
1983-06-13	1.24	1.26	1.24	1.25	2001600.00
1983-06-14	1.25	1.26	1.24	1.25	1552000.00
1983-06-15	1.24	1.27	1.24	1.27	2809600.00
1983-06-16	1.27	1.28	1.27	1.27	1707200.00
1983-06-17	1.26	1.27	1.26	1.27	737600.00
1983-06-20	1.26	1.27	1.24	1.25	1752000.00
1983-06-21	1.24	1.25	1.23	1.24	1307200.00
1983-06-22	1.25	1.25	1.24	1.24	2044800.00
1983-06-23	1.24	1.24	1.23	1.23	891200.00
1983-06-24	1.24	1.26	1.23	1.26	3137600.00
1983-06-27	1.26	1.26	1.25	1.26	1289600.00
1983-06-28	1.26	1.26	1.24	1.24	1726400.00
1983-06-29	1.24	1.24	1.22	1.23	3184000.00
1983-06-30	1.23	1.23	1.23	1.23	1270400.00
1983-07-01	1.23	1.23	1.22	1.22	3059200.00
1983-07-05	1.20	1.21	1.19	1.20	1553600.00
1983-07-06	1.20	1.20	1.18	1.20	3993600.00
1983-07-07	1.20	1.21	1.19	1.20	2211200.00
1983-07-08	1.20	1.20	1.18	1.19	910400.00
1983-07-11	1.19	1.20	1.18	1.20	3355200.00
1983-07-12	1.20	1.20	1.19	1.19	2468800.00
1983-07-13	1.19	1.20	1.19	1.19	1065600.00
1983-07-14	1.19	1.20	1.17	1.18	2163200.00
1983-07-15	1.18	1.19	1.17	1.19	612800.00
1983-07-18	1.19	1.20	1.18	1.19	1659200.00
1983-07-19	1.20	1.20	1.17	1.19	2352000.00
1983-07-20	1.21	1.21	1.20	1.21	1844800.00
1983-07-21	1.21	1.21	1.20	1.20	2708800.00
1983-07-22	1.18	1.20	1.15	1.20	3222400.00
1983-07-25	1.19	1.19	1.16	1.18	1859200.00
1983-07-26	1.18	1.20	1.18	1.20	1185600.00
1983-07-27	1.20	1.20	1.18	1.18	1452800.00
1983-07-28	1.18	1.18	1.17	1.17	1494400.00
1983-07-29	1.17	1.17	1.17	1.17	1628800.00
1983-08-01	1.17	1.18	1.17	1.17	1627200.00
1983-08-02	1.17	1.20	1.17	1.19	1688000.00
1983-08-03	1.19	1.20	1.18	1.20	2308800.00
1983-08-04	1.19	1.19	1.17	1.19	2265600.00
1983-08-05	1.20	1.20	1.19	1.19	1033600.00
1983-08-08	1.19	1.19	1.18	1.18	830400.00
1983-08-09	1.18	1.19	1.17	1.19	1564800.00
1983-08-10	1.19	1.19	1.18	1.19	1339200.00
1983-08-11	1.19	1.20	1.19	1.20	1795200.00
1983-08-12	1.21	1.21	1.20	1.20	2131200.00
1983-08-15	1.21	1.23	1.21	1.22	1444800.00
1983-08-16	1.24	1.24	1.22	1.23	1534400.00
1983-08-17	1.23	1.24	1.22	1.22	2028800.00
1983-08-18	1.22	1.22	1.20	1.20	824000.00
1983-08-19	1.19	1.19	1.18	1.19	1102400.00
1983-08-22	1.19	1.21	1.19	1.21	737600.00
1983-08-23	1.21	1.21	1.20	1.21	1270400.00
1983-08-24	1.21	1.21	1.20	1.20	662400.00
1983-08-25	1.20	1.21	1.19	1.21	598400.00
1983-08-26	1.21	1.22	1.20	1.21	942400.00
1983-08-29	1.20	1.20	1.18	1.19	1014400.00
1983-08-30	1.19	1.21	1.19	1.21	1244800.00
1983-08-31	1.19	1.19	1.18	1.19	3108800.00
1983-09-01	1.19	1.19	1.18	1.18	2667200.00
1983-09-02	1.18	1.21	1.18	1.20	2062400.00
1983-09-06	1.22	1.22	1.20	1.21	1465600.00
1983-09-07	1.21	1.21	1.19	1.20	1068800.00
1983-09-08	1.20	1.21	1.20	1.20	1689600.00
1983-09-09	1.20	1.21	1.19	1.21	884800.00
1983-09-12	1.21	1.22	1.18	1.19	1944000.00
1983-09-13	1.19	1.20	1.19	1.19	1443200.00
1983-09-14	1.20	1.20	1.18	1.19	1444800.00
1983-09-15	1.19	1.19	1.18	1.18	1678400.00
1983-09-16	1.18	1.19	1.17	1.19	1990400.00
1983-09-19	1.18	1.19	1.17	1.18	1520000.00
1983-09-20	1.18	1.19	1.17	1.18	1315200.00
1983-09-21	1.18	1.19	1.18	1.19	3457600.00
1983-09-22	1.19	1.22	1.18	1.22	2054400.00
1983-09-23	1.22	1.22	1.20	1.21	2136000.00
1983-09-26	1.22	1.22	1.19	1.21	2569600.00
1983-09-27	1.22	1.22	1.20	1.21	459200.00
1983-09-28	1.21	1.21	1.19	1.21	1345600.00
1983-09-29	1.20	1.21	1.19	1.20	772800.00
1983-09-30	1.20	1.21	1.19	1.21	2384000.00
1983-10-03	1.21	1.22	1.20	1.22	3337600.00
1983-10-04	1.21	1.23	1.21	1.22	6225600.00
1983-10-05	1.22	1.25	1.22	1.24	2328000.00
1983-10-06	1.25	1.26	1.24	1.26	2481600.00
1983-10-07	1.26	1.27	1.25	1.26	976000.00
1983-10-10	1.26	1.28	1.26	1.28	2872000.00
1983-10-11	1.27	1.28	1.27	1.27	2548800.00
1983-10-12	1.26	1.27	1.26	1.26	1163200.00
1983-10-13	1.26	1.27	1.26	1.26	1652800.00
1983-10-14	1.26	1.27	1.25	1.25	1710400.00
1983-10-17	1.26	1.26	1.24	1.24	1134400.00
1983-10-18	1.24	1.26	1.24	1.24	1796800.00
1983-10-19	1.24	1.25	1.23	1.24	2888000.00
1983-10-20	1.24	1.26	1.24	1.24	1441600.00
1983-10-21	1.25	1.25	1.24	1.25	1198400.00
1983-10-24	1.24	1.27	1.23	1.26	1700800.00
1983-10-25	1.27	1.28	1.26	1.27	1265600.00
1983-10-26	1.26	1.28	1.26	1.27	1348800.00
1983-10-27	1.27	1.28	1.27	1.28	1097600.00
1983-10-28	1.30	1.30	1.29	1.29	3345600.00
1983-10-31	1.30	1.32	1.30	1.31	1880000.00
1983-11-01	1.32	1.33	1.31	1.33	1598400.00
1983-11-02	1.32	1.33	1.32	1.32	2124800.00
1983-11-03	1.32	1.33	1.31	1.32	2233600.00
1983-11-04	1.32	1.32	1.31	1.32	1046400.00
1983-11-07	1.31	1.33	1.30	1.33	1889600.00
1983-11-08	1.33	1.34	1.31	1.32	1614400.00
1983-11-09	1.31	1.33	1.31	1.32	3075200.00
1983-11-10	1.33	1.33	1.33	1.33	2028800.00
1983-11-11	1.33	1.34	1.33	1.34	2014400.00
1983-11-14	1.34	1.34	1.31	1.32	1648000.00
1983-11-15	1.33	1.33	1.32	1.33	2308800.00
1983-11-16	1.33	1.33	1.32	1.33	2537600.00
1983-11-17	1.33	1.33	1.33	1.33	1945600.00
1983-11-18	1.33	1.33	1.31	1.33	1894400.00
1983-11-21	1.33	1.34	1.28	1.28	2328000.00
1983-11-22	1.26	1.27	1.23	1.24	7390400.00
1983-11-23	1.24	1.25	1.22	1.22	7896000.00
1983-11-25	1.23	1.24	1.22	1.24	1424000.00
1983-11-28	1.24	1.24	1.22	1.23	2172800.00
1983-11-29	1.23	1.24	1.22	1.23	1524800.00
1983-11-30	1.24	1.24	1.22	1.22	1590400.00
1983-12-01	1.22	1.22	1.20	1.20	1163200.00
1983-12-02	1.21	1.21	1.19	1.19	1496000.00
1983-12-05	1.19	1.20	1.17	1.18	2049600.00
1983-12-06	1.19	1.19	1.17	1.17	2115200.00
1983-12-07	1.17	1.17	1.15	1.15	3228800.00
1983-12-08	1.15	1.15	1.14	1.15	4137600.00
1983-12-09	1.15	1.15	1.14	1.14	3934400.00
1983-12-12	1.14	1.16	1.14	1.15	2224000.00
1983-12-13	1.15	1.16	1.15	1.16	4272000.00
1983-12-14	1.17	1.18	1.15	1.15	2627200.00
1983-12-15	1.15	1.16	1.15	1.15	2849600.00
1983-12-16	1.15	1.16	1.15	1.15	4328000.00
1983-12-19	1.15	1.16	1.15	1.16	4244800.00
1983-12-20	1.16	1.16	1.15	1.15	5366400.00
1983-12-21	1.15	1.16	1.15	1.15	6158400.00
1983-12-22	1.15	1.15	1.14	1.15	4417600.00
1983-12-23	1.14	1.15	1.14	1.15	1196800.00
1983-12-27	1.14	1.15	1.13	1.14	1968000.00
1983-12-28	1.14	1.14	1.12	1.12	3934400.00
1983-12-29	1.12	1.13	1.12	1.12	2360000.00
1983-12-30	1.12	1.14	1.12	1.14	1875200.00
1984-01-03	1.15	1.19	1.15	1.17	1891200.00
1984-01-04	1.17	1.18	1.17	1.18	3273600.00
1984-01-05	1.18	1.19	1.18	1.18	3596800.00
1984-01-06	1.18	1.20	1.18	1.19	2097600.00
1984-01-09	1.19	1.22	1.19	1.22	1996800.00
1984-01-10	1.22	1.22	1.20	1.21	2428800.00
1984-01-11	1.21	1.22	1.20	1.21	3374400.00
1984-01-12	1.22	1.22	1.20	1.20	1150400.00
1984-01-13	1.21	1.21	1.19	1.19	6400000.00
1984-01-16	1.19	1.21	1.19	1.21	2585600.00
1984-01-17	1.21	1.21	1.19	1.20	2260800.00
1984-01-18	1.21	1.21	1.19	1.19	3139200.00
1984-01-19	1.19	1.20	1.19	1.19	4491200.00
1984-01-20	1.19	1.20	1.19	1.20	1875200.00
1984-01-23	1.20	1.22	1.20	1.22	4260800.00
1984-01-24	1.22	1.23	1.22	1.22	2124800.00
1984-01-25	1.22	1.24	1.22	1.22	2624000.00
1984-01-26	1.23	1.23	1.22	1.22	1326400.00
1984-01-27	1.23	1.23	1.22	1.22	1353600.00
1984-01-30	1.22	1.23	1.21	1.23	1472000.00
1984-01-31	1.22	1.24	1.21	1.23	2827200.00
1984-02-01	1.23	1.23	1.22	1.22	4451200.00
1984-02-02	1.22	1.24	1.22	1.23	2923200.00
1984-02-03	1.24	1.24	1.23	1.23	1158400.00
1984-02-06	1.22	1.22	1.20	1.21	1755200.00
1984-02-07	1.21	1.23	1.19	1.21	2345600.00
1984-02-08	1.22	1.24	1.22	1.22	2504000.00
1984-02-09	1.22	1.24	1.22	1.24	2300800.00
1984-02-10	1.23	1.24	1.23	1.24	7217600.00
1984-02-13	1.24	1.24	1.24	1.24	3299200.00
1984-02-14	1.24	1.25	1.24	1.25	1323200.00
1984-02-15	1.25	1.26	1.25	1.26	2436800.00
1984-02-16	1.26	1.27	1.25	1.27	1478400.00
1984-02-17	1.27	1.30	1.27	1.30	5057600.00
1984-02-21	1.29	1.29	1.28	1.28	2188800.00
1984-02-22	1.28	1.28	1.27	1.28	2497600.00
1984-02-23	1.28	1.28	1.25	1.27	1644800.00
1984-02-24	1.27	1.30	1.25	1.30	2987200.00
1984-02-27	1.30	1.30	1.29	1.30	1766400.00
1984-02-28	1.29	1.29	1.28	1.28	747200.00
1984-02-29	1.28	1.28	1.26	1.27	1172800.00
1984-03-01	1.28	1.29	1.27	1.28	1304000.00
1984-03-02	1.28	1.29	1.27	1.29	2137600.00
1984-03-05	1.29	1.30	1.29	1.29	1846400.00
1984-03-06	1.29	1.29	1.28	1.28	457600.00
1984-03-07	1.28	1.28	1.26	1.26	2297600.00
1984-03-08	1.26	1.27	1.26	1.26	416000.00
1984-03-09	1.26	1.26	1.25	1.25	409600.00
1984-03-12	1.25	1.26	1.25	1.25	1080000.00
1984-03-13	1.26	1.27	1.26	1.27	1689600.00
1984-03-14	1.27	1.27	1.26	1.27	572800.00
1984-03-15	1.27	1.27	1.26	1.27	681600.00
1984-03-16	1.27	1.28	1.27	1.27	1377600.00
1984-03-19	1.26	1.26	1.24	1.24	1196800.00
1984-03-20	1.24	1.25	1.24	1.24	553600.00
1984-03-21	1.25	1.25	1.24	1.24	1054400.00
1984-03-22	1.24	1.25	1.24	1.24	892800.00
1984-03-23	1.23	1.25	1.22	1.23	956800.00
1984-03-26	1.23	1.23	1.22	1.22	539200.00
1984-03-27	1.22	1.23	1.22	1.23	2067200.00
1984-03-28	1.23	1.26	1.22	1.26	860800.00
1984-03-29	1.26	1.27	1.25	1.26	929600.00
1984-03-30	1.26	1.26	1.24	1.25	873600.00
1984-04-02	1.24	1.25	1.24	1.24	1787200.00
1984-04-03	1.24	1.25	1.24	1.25	761600.00
1984-04-04	1.25	1.27	1.24	1.26	1400000.00
1984-04-05	1.27	1.31	1.26	1.26	1748800.00
1984-04-06	1.26	1.26	1.25	1.26	2105600.00
1984-04-09	1.27	1.29	1.26	1.29	2870400.00
1984-04-10	1.28	1.29	1.28	1.28	1470400.00
1984-04-11	1.28	1.28	1.27	1.28	614400.00
1984-04-12	1.28	1.28	1.26	1.28	961600.00
1984-04-13	1.28	1.30	1.27	1.29	2718400.00
1984-04-16	1.29	1.31	1.29	1.31	3232000.00
1984-04-17	1.31	1.32	1.30	1.32	2312000.00
1984-04-18	1.31	1.31	1.26	1.30	985600.00
1984-04-19	1.29	1.30	1.29	1.29	3672000.00
1984-04-23	1.29	1.29	1.28	1.28	2179200.00
1984-04-24	1.28	1.29	1.27	1.28	1316800.00
1984-04-25	1.27	1.28	1.27	1.27	1102400.00
1984-04-26	1.28	1.28	1.27	1.27	1502400.00
1984-04-27	1.26	1.26	1.25	1.25	3228800.00
1984-04-30	1.25	1.25	1.24	1.25	937600.00
1984-05-01	1.25	1.26	1.24	1.26	3673600.00
1984-05-02	1.26	1.27	1.26	1.26	1888000.00
1984-05-03	1.26	1.26	1.25	1.25	886400.00
1984-05-04	1.25	1.25	1.23	1.23	2504000.00
1984-05-07	1.23	1.24	1.23	1.24	1928000.00
1984-05-08	1.24	1.27	1.24	1.27	1464000.00
1984-05-09	1.26	1.27	1.24	1.26	1801600.00
1984-05-10	1.25	1.27	1.25	1.26	2088000.00
1984-05-11	1.27	1.27	1.26	1.26	894400.00
1984-05-14	1.25	1.26	1.24	1.25	934400.00
1984-05-15	1.25	1.27	1.25	1.26	705600.00
1984-05-16	1.26	1.26	1.25	1.25	2158400.00
1984-05-17	1.25	1.25	1.22	1.23	1403200.00
1984-05-18	1.23	1.24	1.23	1.23	1395200.00
1984-05-21	1.23	1.24	1.21	1.21	1062400.00
1984-05-22	1.21	1.22	1.20	1.21	1915200.00
1984-05-23	1.20	1.21	1.20	1.20	1868800.00
1984-05-24	1.19	1.20	1.17	1.17	1784000.00
1984-05-25	1.17	1.18	1.16	1.17	2185600.00
1984-05-29	1.18	1.18	1.15	1.15	1680000.00
1984-05-30	1.15	1.18	1.14	1.17	1353600.00
1984-05-31	1.17	1.17	1.16	1.17	1716800.00
1984-06-01	1.19	1.20	1.17	1.19	1116800.00
1984-06-04	1.20	1.22	1.19	1.22	1422400.00
1984-06-05	1.22	1.24	1.21	1.24	1649600.00
1984-06-06	1.23	1.24	1.23	1.24	1377600.00
1984-06-07	1.23	1.25	1.23	1.24	1414400.00
1984-06-08	1.24	1.26	1.24	1.26	3536000.00
1984-06-11	1.25	1.26	1.24	1.25	1195200.00
1984-06-12	1.26	1.26	1.25	1.25	3462400.00
1984-06-13	1.25	1.26	1.25	1.26	1824000.00
1984-06-14	1.26	1.26	1.24	1.26	2752000.00
1984-06-15	1.25	1.26	1.25	1.25	1387200.00
1984-06-18	1.24	1.27	1.24	1.27	2147200.00
1984-06-19	1.27	1.27	1.26	1.27	1310400.00
1984-06-20	1.27	1.28	1.26	1.28	4475200.00
1984-06-21	1.28	1.29	1.27	1.29	2611200.00
1984-06-22	1.28	1.29	1.27	1.29	5104000.00
1984-06-25	1.29	1.29	1.27	1.28	1488000.00
1984-06-26	1.27	1.27	1.26	1.26	747200.00
1984-06-27	1.25	1.26	1.21	1.23	2339200.00
1984-06-28	1.23	1.23	1.22	1.23	1046400.00
1984-06-29	1.22	1.23	1.21	1.22	2129600.00
1984-07-02	1.21	1.22	1.20	1.21	1254400.00
1984-07-03	1.21	1.23	1.21	1.22	1988800.00
1984-07-05	1.22	1.23	1.21	1.22	2198400.00
1984-07-06	1.21	1.22	1.21	1.22	1088000.00
1984-07-09	1.22	1.22	1.21	1.22	1382400.00
1984-07-10	1.22	1.22	1.21	1.21	2076800.00
1984-07-11	1.21	1.21	1.20	1.20	1350400.00
1984-07-12	1.19	1.20	1.18	1.18	4707200.00
1984-07-13	1.18	1.19	1.17	1.17	3889600.00
1984-07-16	1.18	1.18	1.16	1.17	1584000.00
1984-07-17	1.18	1.20	1.18	1.19	1840000.00
1984-07-18	1.15	1.15	1.10	1.11	13180800.00
1984-07-19	1.11	1.12	1.10	1.11	5009600.00
1984-07-20	1.11	1.11	1.09	1.09	1574400.00
1984-07-23	1.08	1.11	1.07	1.10	3168000.00
1984-07-24	1.10	1.11	1.09	1.09	2601600.00
1984-07-25	1.09	1.10	1.08	1.09	1392000.00
1984-07-26	1.09	1.10	1.08	1.09	1129600.00
1984-07-27	1.08	1.10	1.08	1.10	1768000.00
1984-07-30	1.10	1.11	1.10	1.10	1537600.00
1984-07-31	1.10	1.11	1.10	1.11	1094400.00
1984-08-01	1.11	1.13	1.10	1.12	2180800.00
1984-08-02	1.12	1.14	1.12	1.13	3681600.00
1984-08-03	1.16	1.19	1.16	1.19	4060800.00
1984-08-06	1.19	1.20	1.16	1.17	3988800.00
1984-08-07	1.15	1.16	1.15	1.15	2649600.00
1984-08-08	1.15	1.16	1.15	1.15	977600.00
1984-08-09	1.15	1.19	1.15	1.19	1721600.00
1984-08-10	1.20	1.20	1.16	1.16	3907200.00
1984-08-13	1.17	1.18	1.17	1.18	910400.00
1984-08-14	1.18	1.18	1.17	1.18	1227200.00
1984-08-15	1.17	1.17	1.15	1.17	1993600.00
1984-08-16	1.17	1.18	1.17	1.18	1065600.00
1984-08-17	1.18	1.19	1.18	1.19	1096000.00
1984-08-20	1.18	1.18	1.17	1.18	3371200.00
1984-08-21	1.18	1.18	1.17	1.18	2340800.00
1984-08-22	1.18	1.18	1.17	1.18	2281600.00
1984-08-23	1.17	1.18	1.17	1.17	1115200.00
1984-08-24	1.17	1.18	1.17	1.17	592000.00
1984-08-27	1.17	1.17	1.16	1.17	1395200.00
1984-08-28	1.17	1.17	1.16	1.16	659200.00
1984-08-29	1.17	1.17	1.16	1.17	1478400.00
1984-08-30	1.17	1.18	1.16	1.16	523200.00
1984-08-31	1.16	1.19	1.15	1.19	1131200.00
1984-09-04	1.18	1.18	1.16	1.17	505600.00
1984-09-05	1.16	1.17	1.16	1.17	942400.00
1984-09-06	1.17	1.18	1.17	1.18	1152000.00
1984-09-07	1.18	1.18	1.17	1.17	1020800.00
1984-09-10	1.16	1.16	1.14	1.16	2150400.00
1984-09-11	1.16	1.17	1.14	1.16	1891200.00
1984-09-12	1.14	1.16	1.14	1.16	638400.00
1984-09-13	1.15	1.16	1.15	1.16	2155200.00
1984-09-14	1.17	1.18	1.16	1.16	3384000.00
1984-09-17	1.16	1.17	1.16	1.16	1220800.00
1984-09-18	1.16	1.17	1.15	1.16	2448000.00
1984-09-19	1.16	1.16	1.14	1.14	2963200.00
1984-09-20	1.14	1.14	1.14	1.14	1483200.00
1984-09-21	1.14	1.16	1.14	1.14	2398400.00
1984-09-24	1.14	1.14	1.14	1.14	1523200.00
1984-09-25	1.14	1.14	1.13	1.14	2120000.00
1984-09-26	1.13	1.14	1.13	1.13	1252800.00
1984-09-27	1.12	1.13	1.12	1.13	8068800.00
1984-09-28	1.13	1.16	1.13	1.16	4371200.00
1984-10-01	1.16	1.18	1.16	1.17	3313600.00
1984-10-02	1.17	1.18	1.16	1.16	2816000.00
1984-10-03	1.16	1.16	1.15	1.16	2924800.00
1984-10-04	1.16	1.17	1.16	1.17	4332800.00
1984-10-05	1.17	1.19	1.17	1.17	2406400.00
1984-10-08	1.17	1.18	1.17	1.18	1531200.00
1984-10-09	1.18	1.18	1.17	1.17	1843200.00
1984-10-10	1.17	1.17	1.16	1.17	1227200.00
1984-10-11	1.17	1.17	1.16	1.17	577600.00
1984-10-12	1.17	1.19	1.17	1.19	913600.00
1984-10-15	1.19	1.23	1.19	1.22	3510400.00
1984-10-16	1.22	1.23	1.22	1.22	2052800.00
1984-10-17	1.22	1.22	1.21	1.22	1598400.00
1984-10-18	1.22	1.23	1.22	1.23	2764800.00
1984-10-19	1.23	1.24	1.23	1.23	2739200.00
1984-10-22	1.23	1.24	1.22	1.23	1244800.00
1984-10-23	1.23	1.23	1.23	1.23	945600.00
1984-10-24	1.23	1.24	1.22	1.23	1004800.00
1984-10-25	1.23	1.23	1.23	1.23	2769600.00
1984-10-26	1.23	1.23	1.23	1.23	1526400.00
1984-10-29	1.23	1.23	1.23	1.23	867200.00
1984-10-30	1.23	1.25	1.23	1.24	896000.00
1984-10-31	1.24	1.25	1.24	1.24	1235200.00
1984-11-01	1.25	1.26	1.24	1.25	1340800.00
1984-11-02	1.26	1.27	1.26	1.27	1608000.00
1984-11-05	1.27	1.29	1.26	1.28	2393600.00
1984-11-06	1.28	1.29	1.28	1.29	3260800.00
1984-11-07	1.28	1.29	1.27	1.29	1803200.00
1984-11-08	1.29	1.30	1.29	1.30	1510400.00
1984-11-09	1.30	1.31	1.29	1.30	2088000.00
1984-11-12	1.30	1.30	1.29	1.30	344000.00
1984-11-13	1.29	1.30	1.29	1.30	1363200.00
1984-11-14	1.30	1.30	1.29	1.30	2310400.00
1984-11-15	1.30	1.30	1.29	1.29	912000.00
1984-11-16	1.29	1.30	1.29	1.29	1396800.00
1984-11-19	1.30	1.30	1.28	1.28	1212800.00
1984-11-20	1.28	1.28	1.27	1.28	763200.00
1984-11-21	1.27	1.28	1.26	1.26	1712000.00
1984-11-23	1.27	1.28	1.27	1.28	2665600.00
1984-11-26	1.27	1.29	1.27	1.29	2584000.00
1984-11-27	1.29	1.30	1.29	1.30	2134400.00
1984-11-28	1.30	1.31	1.30	1.31	3228800.00
1984-11-29	1.30	1.31	1.30	1.30	4366400.00
1984-11-30	1.30	1.32	1.30	1.31	3332800.00
1984-12-03	1.31	1.31	1.30	1.31	2198400.00
1984-12-04	1.31	1.33	1.31	1.32	3862400.00
1984-12-05	1.32	1.32	1.31	1.31	1536000.00
1984-12-06	1.31	1.32	1.31	1.32	1643200.00
1984-12-07	1.31	1.32	1.31	1.32	2467200.00
1984-12-10	1.32	1.33	1.32	1.32	1976000.00
1984-12-11	1.32	1.33	1.32	1.33	1374400.00
1984-12-12	1.33	1.34	1.33	1.34	3876800.00
1984-12-13	1.34	1.34	1.34	1.34	1308800.00
1984-12-14	1.34	1.36	1.34	1.35	2262400.00
1984-12-17	1.35	1.37	1.35	1.37	2475200.00
1984-12-18	1.37	1.38	1.36	1.38	6744000.00
1984-12-19	1.39	1.40	1.37	1.37	4673600.00
1984-12-20	1.37	1.38	1.36	1.37	1980800.00
1984-12-21	1.37	1.37	1.35	1.35	1526400.00
1984-12-24	1.36	1.37	1.36	1.36	854400.00
1984-12-26	1.36	1.37	1.36	1.36	366400.00
1984-12-27	1.36	1.36	1.35	1.35	576000.00
1984-12-28	1.35	1.35	1.35	1.35	764800.00
1984-12-31	1.35	1.38	1.35	1.37	1524800.00
1985-01-02	1.36	1.36	1.34	1.34	742400.00
1985-01-03	1.34	1.36	1.33	1.35	1046400.00
1985-01-04	1.34	1.35	1.34	1.35	948800.00
1985-01-07	1.35	1.36	1.34	1.34	644800.00
1985-01-08	1.35	1.36	1.35	1.35	814400.00
1985-01-09	1.35	1.36	1.35	1.36	1027200.00
1985-01-10	1.36	1.36	1.35	1.36	824000.00
1985-01-11	1.36	1.36	1.35	1.35	1099200.00
1985-01-14	1.35	1.38	1.35	1.38	1144000.00
1985-01-15	1.39	1.39	1.37	1.37	2716800.00
1985-01-16	1.38	1.39	1.38	1.38	1204800.00
1985-01-17	1.38	1.39	1.38	1.38	1313600.00
1985-01-18	1.39	1.39	1.38	1.39	843200.00
1985-01-21	1.39	1.45	1.38	1.44	3667200.00
1985-01-22	1.43	1.45	1.42	1.44	4564800.00
1985-01-23	1.44	1.48	1.43	1.46	2118400.00
1985-01-24	1.46	1.47	1.44	1.44	2235200.00
1985-01-25	1.44	1.44	1.42	1.42	2116800.00
1985-01-28	1.43	1.45	1.43	1.43	2891200.00
1985-01-29	1.43	1.46	1.42	1.46	3304000.00
1985-01-30	1.47	1.47	1.45	1.45	1536000.00
1985-01-31	1.45	1.48	1.45	1.48	1998400.00
1985-02-01	1.47	1.51	1.46	1.49	5988800.00
1985-02-04	1.49	1.52	1.49	1.52	3849600.00
1985-02-05	1.53	1.53	1.52	1.53	2224000.00
1985-02-06	1.53	1.55	1.53	1.54	2188800.00
1985-02-07	1.55	1.57	1.52	1.52	3473600.00
1985-02-08	1.53	1.53	1.53	1.53	1838400.00
1985-02-11	1.53	1.53	1.52	1.53	1065600.00
1985-02-12	1.53	1.53	1.51	1.53	1540800.00
1985-02-13	1.53	1.54	1.52	1.54	1392000.00
1985-02-14	1.54	1.55	1.53	1.53	2731200.00
1985-02-15	1.52	1.53	1.52	1.52	2588800.00
1985-02-19	1.52	1.54	1.52	1.54	2460800.00
1985-02-20	1.55	1.57	1.54	1.57	2059200.00
1985-02-21	1.56	1.59	1.56	1.59	2153600.00
1985-02-22	1.59	1.60	1.59	1.59	1984000.00
1985-02-25	1.59	1.59	1.57	1.57	3216000.00
1985-02-26	1.58	1.59	1.53	1.58	4910400.00
1985-02-27	1.58	1.61	1.58	1.60	4940800.00
1985-02-28	1.60	1.62	1.60	1.62	4281600.00
1985-03-01	1.62	1.63	1.62	1.63	4779200.00
1985-03-04	1.63	1.63	1.62	1.63	2067200.00
1985-03-05	1.63	1.65	1.63	1.65	3913600.00
1985-03-06	1.65	1.65	1.63	1.64	4056000.00
1985-03-07	1.63	1.65	1.63	1.64	3067200.00
1985-03-08	1.64	1.64	1.63	1.63	5769600.00
1985-03-11	1.64	1.64	1.63	1.64	2476800.00
1985-03-12	1.63	1.65	1.63	1.64	2857600.00
1985-03-13	1.64	1.65	1.64	1.65	3852800.00
1985-03-14	1.65	1.66	1.65	1.65	4856000.00
1985-03-15	1.65	1.65	1.62	1.62	8947200.00
1985-03-18	1.62	1.63	1.61	1.61	2502400.00
1985-03-19	1.61	1.62	1.60	1.61	2094400.00
1985-03-20	1.61	1.62	1.60	1.61	2180800.00
1985-03-21	1.60	1.62	1.60	1.60	1790400.00
1985-03-22	1.60	1.61	1.60	1.60	1171200.00
1985-03-25	1.60	1.61	1.60	1.60	1470400.00
1985-03-26	1.61	1.61	1.60	1.60	4289600.00
1985-03-27	1.60	1.61	1.59	1.60	2739200.00
1985-03-28	1.60	1.62	1.60	1.62	2126400.00
1985-03-29	1.62	1.63	1.62	1.63	1355200.00
1985-04-01	1.63	1.65	1.63	1.63	2734400.00
1985-04-02	1.63	1.64	1.61	1.62	1128000.00
1985-04-03	1.63	1.63	1.61	1.62	497600.00
1985-04-04	1.62	1.63	1.61	1.62	1617600.00
1985-04-08	1.61	1.62	1.61	1.61	1672000.00
1985-04-09	1.61	1.61	1.60	1.61	1606400.00
1985-04-10	1.62	1.63	1.61	1.62	856000.00
1985-04-11	1.63	1.63	1.62	1.62	1496000.00
1985-04-12	1.62	1.63	1.62	1.63	1393600.00
1985-04-15	1.63	1.65	1.63	1.64	2262400.00
1985-04-16	1.64	1.64	1.63	1.64	1875200.00
1985-04-17	1.64	1.66	1.64	1.66	2468800.00
1985-04-18	1.67	1.68	1.65	1.66	2062400.00
1985-04-19	1.66	1.67	1.66	1.67	739200.00
1985-04-22	1.67	1.67	1.61	1.62	1619200.00
1985-04-23	1.62	1.62	1.58	1.60	5700800.00
1985-04-24	1.60	1.62	1.60	1.61	3616000.00
1985-04-25	1.61	1.61	1.60	1.61	1200000.00
1985-04-26	1.62	1.63	1.62	1.63	1395200.00
1985-04-29	1.63	1.64	1.61	1.62	2001600.00
1985-04-30	1.63	1.63	1.60	1.60	990400.00
1985-05-01	1.60	1.61	1.57	1.57	2057600.00
1985-05-02	1.57	1.59	1.57	1.58	1208000.00
1985-05-03	1.60	1.62	1.59	1.62	568000.00
1985-05-06	1.62	1.63	1.62	1.63	796800.00
1985-05-07	1.63	1.63	1.61	1.63	884800.00
1985-05-08	1.63	1.64	1.62	1.64	1022400.00
1985-05-09	1.64	1.67	1.64	1.67	1227200.00
1985-05-10	1.66	1.68	1.66	1.66	1150400.00
1985-05-13	1.67	1.67	1.66	1.66	910400.00
1985-05-14	1.67	1.68	1.66	1.67	1508800.00
1985-05-15	1.67	1.67	1.65	1.66	1451200.00
1985-05-16	1.67	1.68	1.66	1.67	956800.00
1985-05-17	1.67	1.71	1.67	1.71	1716800.00
1985-05-20	1.71	1.74	1.71	1.73	2467200.00
1985-05-21	1.73	1.74	1.73	1.74	1684800.00
1985-05-22	1.74	1.74	1.73	1.74	2347200.00
1985-05-23	1.74	1.77	1.73	1.76	2652800.00
1985-05-24	1.76	1.78	1.76	1.78	2153600.00
1985-05-28	1.79	1.80	1.79	1.80	2660800.00
1985-05-29	1.79	1.80	1.79	1.80	1113600.00
1985-05-30	1.80	1.80	1.79	1.80	577600.00
1985-05-31	1.80	1.82	1.79	1.81	1659200.00
1985-06-03	1.81	1.82	1.81	1.81	3176000.00
1985-06-04	1.81	1.84	1.81	1.84	1380800.00
1985-06-05	1.85	1.87	1.85	1.86	3355200.00
1985-06-06	1.85	1.90	1.85	1.90	3984000.00
1985-06-07	1.91	1.91	1.89	1.89	1324800.00
1985-06-10	1.87	1.87	1.86	1.87	2124800.00
1985-06-11	1.86	1.87	1.85	1.86	2153600.00
1985-06-12	1.85	1.86	1.83	1.84	1233600.00
1985-06-13	1.83	1.84	1.77	1.77	1848000.00
1985-06-14	1.78	1.79	1.77	1.79	1344000.00
1985-06-17	1.78	1.80	1.78	1.80	915200.00
1985-06-18	1.80	1.83	1.80	1.83	2718400.00
1985-06-19	1.83	1.84	1.81	1.81	1305600.00
1985-06-20	1.81	1.83	1.81	1.82	908800.00
1985-06-21	1.81	1.82	1.79	1.81	3856000.00
1985-06-24	1.81	1.82	1.80	1.81	972800.00
1985-06-25	1.82	1.82	1.81	1.81	1363200.00
1985-06-26	1.81	1.82	1.81	1.81	1835200.00
1985-06-27	1.81	1.83	1.81	1.82	1019200.00
1985-06-28	1.82	1.83	1.82	1.83	1168000.00
1985-07-01	1.83	1.84	1.82	1.83	1769600.00
1985-07-02	1.82	1.83	1.82	1.82	880000.00
1985-07-03	1.83	1.83	1.81	1.81	425600.00
1985-07-05	1.81	1.83	1.81	1.82	955200.00
1985-07-08	1.83	1.83	1.82	1.83	1510400.00
1985-07-09	1.83	1.83	1.82	1.83	1075200.00
1985-07-10	1.83	1.85	1.82	1.85	1248000.00
1985-07-11	1.86	1.90	1.86	1.89	1548800.00
1985-07-12	1.88	1.89	1.88	1.89	1452800.00
1985-07-15	1.89	1.90	1.89	1.89	904000.00
1985-07-16	1.89	1.89	1.85	1.86	2336000.00
1985-07-17	1.86	1.86	1.81	1.86	4171200.00
1985-07-18	1.85	1.89	1.85	1.86	1592000.00
1985-07-19	1.87	1.87	1.86	1.87	611200.00
1985-07-22	1.86	1.88	1.86	1.87	612800.00
1985-07-23	1.87	1.88	1.86	1.86	1166400.00
1985-07-24	1.86	1.87	1.82	1.83	2033600.00
1985-07-25	1.83	1.84	1.82	1.84	732800.00
1985-07-26	1.82	1.83	1.79	1.82	1523200.00
1985-07-29	1.81	1.82	1.77	1.78	1704000.00
1985-07-30	1.78	1.79	1.78	1.78	1315200.00
1985-07-31	1.78	1.80	1.78	1.80	5014400.00
1985-08-01	1.79	1.81	1.79	1.81	1820800.00
1985-08-02	1.81	1.81	1.79	1.79	1097600.00
1985-08-05	1.80	1.80	1.79	1.79	1747200.00
1985-08-06	1.79	1.79	1.77	1.78	1233600.00
1985-08-07	1.75	1.78	1.75	1.75	1084800.00
1985-08-08	1.76	1.76	1.71	1.73	13828800.00
1985-08-09	1.77	1.80	1.75	1.77	7040000.00
1985-08-12	1.77	1.78	1.76	1.78	2484800.00
1985-08-13	1.79	1.82	1.78	1.80	4532800.00
1985-08-14	1.81	1.83	1.81	1.82	3747200.00
1985-08-15	1.82	1.85	1.82	1.83	4993600.00
1985-08-16	1.83	1.87	1.83	1.84	4848000.00
1985-08-19	1.85	1.87	1.84	1.86	3934400.00
1985-08-20	1.87	1.88	1.86	1.86	3491200.00
1985-08-21	1.87	1.88	1.87	1.87	3268800.00
1985-08-22	1.87	1.88	1.84	1.84	3459200.00
1985-08-23	1.84	1.85	1.84	1.84	1582400.00
1985-08-26	1.84	1.84	1.83	1.83	694400.00
1985-08-27	1.83	1.85	1.83	1.85	2744000.00
1985-08-28	1.85	1.86	1.85	1.86	1264000.00
1985-08-29	1.86	1.87	1.85	1.87	873600.00
1985-08-30	1.86	1.87	1.84	1.85	1516800.00
1985-09-03	1.84	1.86	1.84	1.86	816000.00
1985-09-04	1.86	1.86	1.85	1.86	846400.00
1985-09-05	1.86	1.86	1.85	1.85	481600.00
1985-09-06	1.85	1.86	1.84	1.85	988800.00
1985-09-09	1.86	1.86	1.84	1.85	440000.00
1985-09-10	1.85	1.85	1.84	1.84	595200.00
1985-09-11	1.84	1.85	1.82	1.82	849600.00
1985-09-12	1.81	1.81	1.77	1.78	2360000.00
1985-09-13	1.79	1.79	1.78	1.79	864000.00
1985-09-16	1.79	1.79	1.78	1.79	857600.00
1985-09-17	1.79	1.79	1.78	1.79	1185600.00
1985-09-18	1.79	1.82	1.79	1.82	1782400.00
1985-09-19	1.84	1.85	1.83	1.85	1339200.00
1985-09-20	1.85	1.85	1.83	1.83	880000.00
1985-09-23	1.86	1.88	1.86	1.86	1832000.00
1985-09-24	1.87	1.87	1.87	1.87	504000.00
1985-09-25	1.86	1.86	1.84	1.85	601600.00
1985-09-26	1.84	1.84	1.83	1.84	638400.00
1985-09-30	1.85	1.85	1.83	1.85	712000.00
1985-10-01	1.84	1.89	1.84	1.89	1590400.00
1985-10-02	1.89	1.90	1.87	1.88	1608000.00
1985-10-03	1.88	1.90	1.87	1.90	2985600.00
1985-10-04	1.89	1.91	1.89	1.91	2216000.00
1985-10-07	1.89	1.90	1.89	1.89	1420800.00
1985-10-08	1.89	1.90	1.89	1.90	1587200.00
1985-10-09	1.90	1.90	1.88	1.89	1779200.00
1985-10-10	1.88	1.88	1.86	1.86	1017600.00
1985-10-11	1.86	1.89	1.85	1.89	2504000.00
1985-10-14	1.89	1.91	1.89	1.91	443200.00
1985-10-15	1.91	1.92	1.90	1.92	833600.00
1985-10-16	1.92	1.94	1.92	1.94	3390400.00
1985-10-17	1.93	1.94	1.91	1.92	1260800.00
1985-10-18	1.92	1.92	1.90	1.92	1115200.00
1985-10-21	1.92	1.92	1.91	1.92	540800.00
1985-10-22	1.91	1.94	1.91	1.94	1708800.00
1985-10-23	1.93	1.99	1.93	1.98	4030400.00
1985-10-24	1.99	1.99	1.96	1.96	1558400.00
1985-10-25	1.97	1.97	1.96	1.96	556800.00
1985-10-28	1.96	1.97	1.95	1.95	1304000.00
1985-10-29	1.95	1.98	1.94	1.98	3683200.00
1985-10-30	1.98	2.01	1.98	2.01	2462400.00
1985-10-31	2.01	2.02	2.00	2.00	1358400.00
1985-11-01	2.01	2.02	2.00	2.02	2958400.00
1985-11-04	2.02	2.02	2.01	2.01	2020800.00
1985-11-05	2.01	2.05	2.01	2.05	3088000.00
1985-11-06	2.04	2.05	2.03	2.04	1128000.00
1985-11-07	2.04	2.05	2.02	2.02	654400.00
1985-11-08	2.05	2.05	2.02	2.05	788800.00
1985-11-11	2.06	2.14	2.06	2.14	1468800.00
1985-11-12	2.13	2.15	2.10	2.14	2238400.00
1985-11-13	2.14	2.16	2.13	2.14	2216000.00
1985-11-14	2.12	2.15	2.12	2.14	2332800.00
1985-11-15	2.13	2.14	2.12	2.12	1395200.00
1985-11-18	2.12	2.14	2.11	2.13	1590400.00
1985-11-19	2.14	2.15	2.13	2.13	2950400.00
1985-11-20	2.13	2.13	2.11	2.12	1294400.00
1985-11-21	2.12	2.15	2.12	2.14	2096000.00
1985-11-22	2.14	2.16	2.13	2.14	2798400.00
1985-11-25	2.15	2.15	2.14	2.15	2166400.00
1985-11-26	2.15	2.19	2.15	2.17	1676800.00
1985-11-27	2.17	2.25	2.17	2.24	1881600.00
1985-11-29	2.26	2.27	2.23	2.23	1553600.00
1985-12-02	2.23	2.23	2.19	2.21	1569600.00
1985-12-03	2.21	2.23	2.19	2.22	1683200.00
1985-12-04	2.24	2.27	2.23	2.26	2708800.00
1985-12-05	2.26	2.27	2.20	2.21	1894400.00
1985-12-06	2.16	2.23	2.16	2.23	2960000.00
1985-12-09	2.23	2.29	2.23	2.27	2707200.00
1985-12-10	2.28	2.34	2.27	2.33	2649600.00
1985-12-11	2.32	2.34	2.29	2.32	2755200.00
1985-12-12	2.33	2.33	2.33	2.33	1664000.00
1985-12-13	2.33	2.36	2.32	2.35	4337600.00
1985-12-16	2.36	2.39	2.33	2.36	3457600.00
1985-12-17	2.37	2.37	2.30	2.30	4014400.00
1985-12-18	2.31	2.34	2.30	2.32	2556800.00
1985-12-19	2.33	2.36	2.30	2.34	2240000.00
1985-12-20	2.34	2.36	2.32	2.33	2825600.00
1985-12-23	2.32	2.33	2.30	2.32	1428800.00
1985-12-24	2.31	2.32	2.29	2.29	1284800.00
1985-12-26	2.29	2.32	2.29	2.32	857600.00
1985-12-27	2.32	2.35	2.32	2.35	729600.00
1985-12-30	2.36	2.39	2.35	2.39	1033600.00
1985-12-31	2.41	2.41	2.38	2.40	752000.00
1986-01-02	2.40	2.40	2.36	2.36	1756800.00
1986-01-03	2.37	2.38	2.35	2.36	1907200.00
1986-01-06	2.36	2.40	2.35	2.40	1249600.00
1986-01-07	2.39	2.42	2.39	2.42	2128000.00
1986-01-08	2.42	2.44	2.30	2.35	4769600.00
1986-01-09	2.33	2.35	2.30	2.32	3464000.00
1986-01-10	2.33	2.35	2.30	2.31	4051200.00
1986-01-13	2.31	2.32	2.29	2.29	3000000.00
1986-01-14	2.29	2.30	2.28	2.29	1203200.00
1986-01-15	2.28	2.29	2.26	2.27	2699200.00
1986-01-16	2.26	2.26	2.23	2.26	3748800.00
1986-01-17	2.28	2.29	2.26	2.26	2278400.00
1986-01-20	2.26	2.26	2.25	2.25	544000.00
1986-01-21	2.25	2.26	2.21	2.23	1292800.00
1986-01-22	2.24	2.24	2.19	2.19	1336000.00
1986-01-23	2.18	2.21	2.16	2.21	1524800.00
1986-01-24	2.21	2.23	2.21	2.23	1364800.00
1986-01-27	2.24	2.27	2.21	2.26	1136000.00
1986-01-28	2.26	2.29	2.25	2.29	1772800.00
1986-01-29	2.30	2.32	2.29	2.29	2508800.00
1986-01-30	2.28	2.34	2.28	2.28	1643200.00
1986-01-31	2.29	2.35	2.28	2.35	1890400.00
1986-02-03	2.35	2.46	2.34	2.46	2477600.00
1986-02-04	2.46	2.49	2.41	2.46	1933600.00
1986-02-05	2.46	2.46	2.39	2.43	1245600.00
1986-02-06	2.44	2.47	2.30	2.33	1778400.00
1986-02-07	2.35	2.35	2.28	2.35	2868000.00
1986-02-10	2.43	2.43	2.34	2.43	1783200.00
1986-02-11	2.43	2.48	2.41	2.47	1115200.00
1986-02-12	2.47	2.48	2.44	2.44	695200.00
1986-02-13	2.43	2.46	2.42	2.43	967200.00
1986-02-14	2.43	2.47	2.43	2.46	1820000.00
1986-02-18	2.47	2.50	2.44	2.50	2080000.00
1986-02-19	2.50	2.50	2.45	2.47	1327200.00
1986-02-20	2.45	2.47	2.42	2.47	1441600.00
1986-02-21	2.47	2.48	2.44	2.45	1496800.00
1986-02-24	2.45	2.45	2.42	2.45	1233600.00
1986-02-25	2.45	2.47	2.44	2.45	2602400.00
1986-02-26	2.47	2.52	2.45	2.52	2843200.00
1986-02-27	2.53	2.61	2.50	2.61	3132800.00
1986-02-28	2.60	2.62	2.57	2.61	2988800.00
1986-03-03	2.61	2.61	2.55	2.59	1760000.00
1986-03-04	2.60	2.60	2.49	2.51	3734400.00
1986-03-05	2.48	2.49	2.42	2.48	2477600.00
1986-03-06	2.48	2.48	2.44	2.44	1855200.00
1986-03-07	2.45	2.51	2.44	2.49	2608000.00
1986-03-10	2.48	2.51	2.45	2.48	987200.00
1986-03-11	2.50	2.55	2.50	2.55	1676800.00
1986-03-12	2.56	2.60	2.55	2.58	3520000.00
1986-03-13	2.59	2.60	2.57	2.59	2264000.00
1986-03-14	2.60	2.65	2.56	2.60	2892000.00
1986-03-17	2.61	2.61	2.56	2.61	2356800.00
1986-03-18	2.61	2.61	2.55	2.57	2213600.00
1986-03-19	2.63	2.92	2.63	2.92	16925600.00
1986-03-20	2.91	3.03	2.87	3.03	10368000.00
1986-03-21	3.01	3.09	2.96	2.96	6516000.00
1986-03-24	3.04	3.08	2.99	3.07	6672800.00
1986-03-25	3.07	3.15	3.04	3.13	4994400.00
1986-03-26	3.12	3.25	3.12	3.23	5643200.00
1986-03-27	3.24	3.31	3.24	3.28	4919200.00
1986-03-31	3.29	3.30	3.20	3.24	3499200.00
1986-04-01	3.24	3.26	3.16	3.21	4059200.00
1986-04-02	3.20	3.21	3.16	3.18	2850400.00
1986-04-03	3.17	3.18	3.05	3.05	6160800.00
1986-04-04	3.04	3.06	2.99	3.02	4372800.00
1986-04-07	3.01	3.04	2.98	3.04	3346400.00
1986-04-08	3.04	3.06	3.03	3.06	5224800.00
1986-04-09	3.11	3.12	2.99	3.00	3895200.00
1986-04-10	3.01	3.08	3.00	3.04	3309600.00
1986-04-11	3.08	3.08	2.99	3.00	2260800.00
1986-04-14	2.98	3.06	2.97	3.04	1248800.00
1986-04-15	3.04	3.05	3.01	3.03	1764800.00
1986-04-16	3.07	3.24	3.07	3.23	5686400.00
1986-04-17	3.23	3.23	3.17	3.17	1993600.00
1986-04-18	3.19	3.19	3.11	3.17	2671200.00
1986-04-21	3.17	3.20	3.15	3.20	1957600.00
1986-04-22	3.20	3.21	3.13	3.15	1784000.00
1986-04-23	3.10	3.11	3.05	3.09	3255200.00
1986-04-24	3.09	3.09	3.06	3.06	2214400.00
1986-04-25	3.06	3.08	3.01	3.04	3076000.00
1986-04-28	3.04	3.04	3.00	3.01	1775200.00
1986-04-29	3.02	3.03	2.98	3.01	1448800.00
1986-04-30	3.00	3.00	2.90	2.93	2602400.00
1986-05-01	2.92	2.93	2.88	2.91	2018400.00
1986-05-02	2.91	3.01	2.90	2.95	2149600.00
1986-05-05	2.95	3.02	2.95	3.01	2408000.00
1986-05-06	3.01	3.02	2.97	2.99	1386400.00
1986-05-07	3.01	3.01	2.91	3.01	1595200.00
1986-05-08	3.02	3.14	3.02	3.09	3257600.00
1986-05-09	3.09	3.10	3.06	3.09	1656000.00
1986-05-12	3.08	3.08	3.00	3.03	1660800.00
1986-05-13	3.04	3.04	2.97	2.99	1153600.00
1986-05-14	3.04	3.04	2.98	2.99	1228000.00
1986-05-15	3.02	3.08	3.02	3.06	3452800.00
1986-05-16	3.06	3.10	3.04	3.05	2068000.00
1986-05-19	3.07	3.07	2.99	3.02	2283200.00
1986-05-20	3.01	3.05	2.97	3.05	2584800.00
1986-05-21	3.04	3.05	2.97	2.97	1816800.00
1986-05-22	2.98	3.06	2.97	3.05	2779200.00
1986-05-23	3.08	3.12	3.07	3.07	3044800.00
1986-05-27	3.09	3.21	3.09	3.19	2423200.00
1986-05-28	3.20	3.21	3.17	3.19	3629600.00
1986-05-29	3.20	3.40	3.20	3.37	3569600.00
1986-05-30	3.36	3.39	3.30	3.31	2876000.00
1986-06-02	3.29	3.32	3.23	3.28	2125600.00
1986-06-03	3.24	3.26	3.21	3.22	1678400.00
1986-06-04	3.25	3.25	3.21	3.22	2028000.00
1986-06-05	3.25	3.34	3.22	3.34	3217600.00
1986-06-06	3.39	3.44	3.36	3.37	2591200.00
1986-06-09	3.37	3.38	3.25	3.27	3762400.00
1986-06-10	3.26	3.33	3.25	3.30	2216800.00
1986-06-11	3.32	3.32	3.27	3.32	3173600.00
1986-06-12	3.33	3.43	3.32	3.43	3224800.00
1986-06-13	3.45	3.57	3.45	3.54	4211200.00
1986-06-16	3.54	3.54	3.48	3.48	4806400.00
1986-06-17	3.48	3.48	3.39	3.42	2104000.00
1986-06-18	3.43	3.49	3.39	3.45	1348800.00
1986-06-19	3.48	3.51	3.41	3.42	2797600.00
1986-06-20	3.42	3.45	3.37	3.42	3106400.00
1986-06-23	3.44	3.52	3.43	3.49	4081600.00
1986-06-24	3.49	3.52	3.46	3.49	2557600.00
1986-06-25	3.50	3.55	3.50	3.52	3001600.00
1986-06-26	3.52	3.52	3.48	3.49	1603200.00
1986-06-27	3.49	3.50	3.45	3.48	1281600.00
1986-06-30	3.49	3.56	3.49	3.54	1896800.00
1986-07-01	3.54	3.61	3.52	3.61	2437600.00
1986-07-02	3.60	3.65	3.58	3.60	2876800.00
1986-07-03	3.61	3.62	3.57	3.60	2915200.00
1986-07-07	3.58	3.58	3.44	3.47	2781600.00
1986-07-08	3.43	3.43	3.33	3.36	3290400.00
1986-07-09	3.37	3.42	3.35	3.39	2820800.00
1986-07-10	3.40	3.42	3.33	3.38	2530400.00
1986-07-11	3.38	3.39	3.34	3.36	1512800.00
1986-07-14	3.32	3.32	3.26	3.28	1740000.00
1986-07-15	3.26	3.27	3.17	3.20	4305600.00
1986-07-16	3.22	3.25	3.20	3.24	2328800.00
1986-07-17	3.28	3.34	3.28	3.33	4493600.00
1986-07-18	3.34	3.36	3.31	3.34	3116800.00
1986-07-21	3.34	3.34	3.32	3.34	1274400.00
1986-07-22	3.33	3.42	3.32	3.42	3258400.00
1986-07-23	3.41	3.50	3.41	3.46	2424800.00
1986-07-24	3.46	3.47	3.39	3.41	1072000.00
1986-07-25	3.39	3.41	3.37	3.38	3232000.00
1986-07-28	3.37	3.38	3.25	3.33	1430400.00
1986-07-29	3.28	3.30	3.23	3.27	1960000.00
1986-07-30	3.27	3.36	3.24	3.32	2655200.00
1986-07-31	3.33	3.33	3.26	3.29	1812800.00
1986-08-01	3.28	3.30	3.24	3.25	2069600.00
1986-08-04	3.19	3.27	3.19	3.27	2504000.00
1986-08-05	3.27	3.27	3.24	3.25	1464000.00
1986-08-06	3.25	3.25	3.21	3.25	922400.00
1986-08-07	3.24	3.30	3.24	3.25	2455200.00
1986-08-08	3.24	3.27	3.24	3.27	820000.00
1986-08-11	3.34	3.34	3.27	3.34	1608000.00
1986-08-12	3.35	3.38	3.33	3.38	2397600.00
1986-08-13	3.40	3.50	3.39	3.50	3151200.00
1986-08-14	3.49	3.56	3.48	3.55	2982400.00
1986-08-15	3.54	3.54	3.50	3.52	1847200.00
1986-08-18	3.54	3.55	3.51	3.54	2385600.00
1986-08-19	3.54	3.54	3.48	3.50	944000.00
1986-08-20	3.50	3.62	3.47	3.62	1728000.00
1986-08-21	3.59	3.61	3.51	3.52	1436000.00
1986-08-22	3.53	3.55	3.52	3.53	975200.00
1986-08-25	3.52	3.52	3.40	3.40	1295200.00
1986-08-26	3.41	3.51	3.41	3.51	2012800.00
1986-08-27	3.52	3.53	3.47	3.48	1031200.00
1986-08-28	3.47	3.50	3.43	3.43	1544000.00
1986-08-29	3.45	3.47	3.40	3.43	1268800.00
1986-09-02	3.43	3.43	3.30	3.33	2087200.00
1986-09-03	3.30	3.34	3.30	3.34	1512000.00
1986-09-04	3.34	3.36	3.32	3.36	1683200.00
1986-09-05	3.36	3.36	3.23	3.25	3412000.00
1986-09-08	3.22	3.23	3.11	3.16	3577600.00
1986-09-09	3.23	3.23	3.11	3.13	2955200.00
1986-09-10	3.16	3.16	3.10	3.11	2696000.00
1986-09-11	3.05	3.07	2.88	2.95	4975200.00
1986-09-12	2.94	2.96	2.81	2.84	7517600.00
1986-09-15	2.89	2.92	2.83	2.90	3327200.00
1986-09-16	2.84	2.93	2.83	2.93	3287200.00
1986-09-17	2.94	2.97	2.87	2.89	2270400.00
1986-09-18	2.88	2.91	2.86	2.91	2455200.00
1986-09-19	2.89	2.93	2.88	2.92	2805600.00
1986-09-22	2.94	3.01	2.94	3.01	3419200.00
1986-09-23	3.05	3.05	3.01	3.04	2296800.00
1986-09-24	3.04	3.09	3.02	3.03	2557600.00
1986-09-25	3.03	3.06	2.92	2.96	2350400.00
1986-09-26	2.94	2.97	2.89	2.92	850400.00
1986-09-29	2.88	2.89	2.84	2.88	1803200.00
1986-09-30	2.89	2.95	2.85	2.88	1516000.00
1986-10-01	2.89	3.00	2.86	2.99	3243200.00
1986-10-02	3.00	3.02	3.00	3.02	1536800.00
1986-10-03	3.03	3.06	2.96	3.04	2141600.00
1986-10-06	3.04	3.07	3.01	3.06	1728800.00
1986-10-07	3.04	3.05	3.01	3.05	1671200.00
1986-10-08	3.03	3.10	3.03	3.08	1608800.00
1986-10-09	3.07	3.14	3.07	3.08	1778400.00
1986-10-10	3.07	3.07	2.98	3.02	1400800.00
1986-10-13	3.01	3.02	2.97	3.00	720800.00
1986-10-14	3.02	3.04	2.99	3.02	1015200.00
1986-10-15	3.02	3.12	3.01	3.11	1205600.00
1986-10-16	3.12	3.12	3.07	3.08	1719200.00
1986-10-17	3.08	3.09	3.03	3.05	936800.00
1986-10-20	3.02	3.03	2.97	3.03	2766400.00
1986-10-21	3.02	3.06	2.97	3.03	1681600.00
1986-10-22	3.03	3.05	3.01	3.02	843200.00
1986-10-23	3.01	3.06	2.99	3.05	3253600.00
1986-10-24	3.06	3.08	3.06	3.08	1577600.00
1986-10-27	3.08	3.12	3.08	3.12	1443200.00
1986-10-28	3.11	3.14	3.10	3.12	794400.00
1986-10-29	3.12	3.18	3.12	3.14	1136800.00
1986-10-30	3.21	3.25	3.20	3.22	2556000.00
1986-10-31	3.23	3.30	3.23	3.29	4108800.00
1986-11-03	3.25	3.29	3.25	3.28	2459200.00
1986-11-04	3.27	3.33	3.25	3.32	2696000.00
1986-11-05	3.29	3.31	3.25	3.25	3508000.00
1986-11-06	3.27	3.29	3.22	3.23	2208800.00
1986-11-07	3.30	3.30	3.23	3.30	1448800.00
1986-11-10	3.27	3.29	3.26	3.29	1061600.00
1986-11-11	3.27	3.32	3.27	3.32	977600.00
1986-11-12	3.31	3.36	3.31	3.36	1986400.00
1986-11-13	3.34	3.34	3.23	3.24	1503200.00
1986-11-14	3.25	3.27	3.23	3.27	762400.00
1986-11-17	3.25	3.30	3.23	3.27	1047200.00
1986-11-18	3.25	3.26	3.16	3.20	1557600.00
1986-11-19	3.15	3.25	3.14	3.25	1792000.00
1986-11-20	3.25	3.30	3.25	3.30	2328800.00
1986-11-21	3.29	3.33	3.26	3.33	1857600.00
1986-11-24	3.32	3.37	3.31	3.32	6840000.00
1986-11-25	3.34	3.35	3.32	3.33	1681600.00
1986-11-26	3.30	3.32	3.29	3.32	1306400.00
1986-11-28	3.32	3.34	3.30	3.32	896000.00
1986-12-01	3.28	3.32	3.25	3.32	1154400.00
1986-12-02	3.36	3.40	3.32	3.37	3190400.00
1986-12-03	3.40	3.47	3.39	3.42	3307200.00
1986-12-04	3.41	3.44	3.40	3.41	1688800.00
1986-12-05	3.40	3.42	3.35	3.35	1512800.00
1986-12-08	3.35	3.37	3.30	3.34	1974400.00
1986-12-09	3.32	3.34	3.32	3.33	636000.00
1986-12-10	3.32	3.39	3.32	3.38	1624800.00
1986-12-11	3.39	3.41	3.35	3.37	1781600.00
1986-12-12	3.35	3.37	3.33	3.35	911200.00
1986-12-15	3.32	3.36	3.29	3.36	1924000.00
1986-12-16	3.36	3.36	3.29	3.33	1594400.00
1986-12-17	3.31	3.32	3.26	3.27	2297600.00
1986-12-18	3.26	3.29	3.26	3.29	2051200.00
1986-12-19	3.28	3.33	3.27	3.33	3482400.00
1986-12-22	3.30	3.32	3.26	3.29	1732000.00
1986-12-23	3.27	3.30	3.25	3.27	2685600.00
1986-12-24	3.26	3.32	3.26	3.32	2992800.00
1986-12-26	3.30	3.34	3.29	3.33	1889600.00
1986-12-29	3.36	3.36	3.31	3.32	2564000.00
1986-12-30	3.31	3.31	3.26	3.31	2968000.00
1986-12-31	3.30	3.30	3.25	3.29	1505600.00
1987-01-02	3.27	3.31	3.27	3.29	1018400.00
1987-01-05	3.30	3.36	3.30	3.36	4803200.00
1987-01-06	3.37	3.44	3.37	3.42	3864000.00
1987-01-07	3.42	3.48	3.40	3.47	2856000.00
1987-01-08	3.51	3.54	3.47	3.54	4862400.00
1987-01-09	3.53	3.60	3.50	3.54	4612000.00
1987-01-12	3.56	3.58	3.53	3.54	3380800.00
1987-01-13	3.58	3.61	3.55	3.55	4232000.00
1987-01-14	3.57	3.61	3.53	3.60	6289600.00
1987-01-15	3.62	3.63	3.57	3.60	3129600.00
1987-01-16	3.62	3.67	3.59	3.62	5309600.00
1987-01-19	3.60	3.65	3.55	3.65	3411200.00
1987-01-20	3.67	3.68	3.57	3.61	4292800.00
1987-01-21	3.58	3.63	3.56	3.60	2125600.00
1987-01-22	3.58	3.70	3.58	3.68	2596800.00
1987-01-23	3.71	3.89	3.69	3.69	7192800.00
1987-01-26	3.70	3.72	3.65	3.66	1785600.00
1987-01-27	3.69	3.76	3.69	3.74	3908000.00
1987-01-28	3.81	3.87	3.81	3.87	4319200.00
1987-01-29	3.89	3.93	3.85	3.85	3792000.00
1987-01-30	3.85	3.85	3.77	3.83	2079200.00
1987-02-02	3.83	3.89	3.83	3.86	2439200.00
1987-02-03	3.88	3.89	3.83	3.84	1553600.00
1987-02-04	3.85	3.89	3.83	3.89	2185600.00
1987-02-05	3.93	3.94	3.79	3.87	4650400.00
1987-02-06	3.84	3.84	3.79	3.83	3306400.00
1987-02-09	3.78	3.84	3.78	3.78	1536800.00
1987-02-10	3.75	3.78	3.68	3.72	3348800.00
1987-02-11	3.74	3.76	3.71	3.75	1846400.00
1987-02-12	3.76	3.79	3.74	3.78	4061600.00
1987-02-13	3.78	3.91	3.78	3.86	2780000.00
1987-02-17	3.89	3.97	3.89	3.95	3729600.00
1987-02-18	4.01	4.02	3.91	3.93	3984000.00
1987-02-19	3.94	3.98	3.92	3.92	2847200.00
1987-02-20	3.93	3.97	3.91	3.97	1857600.00
1987-02-23	3.99	4.03	3.87	4.00	2247200.00
1987-02-24	4.01	4.13	4.00	4.13	4286400.00
1987-02-25	4.11	4.19	4.10	4.18	5644000.00
1987-02-26	4.18	4.24	4.15	4.23	2897600.00
1987-02-27	4.23	4.25	4.18	4.20	2436800.00
1987-03-02	4.19	4.26	4.18	4.23	2685600.00
1987-03-03	4.27	4.36	4.26	4.36	4676000.00
1987-03-04	4.34	4.41	4.33	4.40	6234400.00
1987-03-05	4.42	4.50	4.38	4.45	5504000.00
1987-03-06	4.40	4.45	4.34	4.45	4224000.00
1987-03-09	4.34	4.38	4.26	4.33	3424800.00
1987-03-10	4.37	4.39	4.33	4.36	3268800.00
1987-03-11	4.38	4.40	4.30	4.32	3318400.00
1987-03-12	4.36	4.36	4.27	4.28	2067200.00
1987-03-13	4.29	4.30	4.17	4.19	2308800.00
1987-03-16	4.18	4.21	4.11	4.21	2426400.00
1987-03-17	4.17	4.27	4.14	4.27	2980000.00
1987-03-18	4.30	4.31	4.11	4.22	3624000.00
1987-03-19	4.25	4.28	4.21	4.27	2407200.00
1987-03-20	4.27	4.27	4.22	4.23	3644800.00
1987-03-23	4.25	4.33	4.24	4.33	4561600.00
1987-03-24	4.30	4.31	4.26	4.28	3246400.00
1987-03-25	4.28	4.32	4.24	4.32	3468000.00
1987-03-26	4.40	4.44	4.38	4.42	4128000.00
1987-03-27	4.41	4.41	4.21	4.23	3548800.00
1987-03-30	4.01	4.16	3.98	4.12	6042400.00
1987-03-31	4.13	4.18	4.05	4.07	6494400.00
1987-04-01	4.03	4.18	4.03	4.16	3594400.00
1987-04-02	4.21	4.37	4.21	4.26	7372000.00
1987-04-03	4.27	4.33	4.26	4.32	3391200.00
1987-04-06	4.40	4.41	4.35	4.41	3688000.00
1987-04-07	4.36	4.40	4.25	4.25	4548800.00
1987-04-08	4.28	4.31	4.22	4.27	4466400.00
1987-04-09	4.26	4.27	4.16	4.20	2364800.00
1987-04-10	4.16	4.18	4.12	4.14	2987200.00
1987-04-13	4.12	4.13	4.01	4.02	2547200.00
1987-04-14	3.96	3.98	3.88	3.95	5496800.00
1987-04-15	4.02	4.02	3.94	3.97	3804800.00
1987-04-16	3.98	4.06	3.98	4.03	2562400.00
1987-04-20	4.03	4.07	3.97	3.99	2544000.00
1987-04-21	4.07	4.11	3.99	4.11	2864800.00
1987-04-22	4.10	4.12	4.03	4.05	3555200.00
1987-04-23	4.04	4.06	3.91	3.95	2034400.00
1987-04-24	3.92	3.97	3.89	3.95	2940800.00
1987-04-27	3.92	4.02	3.81	3.91	4008000.00
1987-04-28	3.89	3.97	3.88	3.89	4364800.00
1987-04-29	3.91	4.01	3.90	3.96	2865600.00
1987-04-30	3.95	4.08	3.94	4.05	4186400.00
1987-05-01	4.05	4.10	4.01	4.10	3529600.00
1987-05-04	4.08	4.13	4.03	4.13	2525600.00
1987-05-05	4.14	4.33	4.14	4.33	4152000.00
1987-05-06	4.28	4.32	4.25	4.27	4038400.00
1987-05-07	4.24	4.28	4.21	4.21	2246400.00
1987-05-08	4.26	4.26	4.05	4.06	2882400.00
1987-05-11	3.88	4.14	3.87	3.88	3476800.00
1987-05-12	3.91	3.94	3.89	3.93	3501600.00
1987-05-13	3.99	4.01	3.94	4.01	3469600.00
1987-05-14	4.03	4.03	3.96	3.98	1964000.00
1987-05-15	3.96	3.96	3.85	3.87	3956800.00
1987-05-18	3.80	3.85	3.76	3.83	3845600.00
1987-05-19	3.84	3.85	3.73	3.73	3783200.00
1987-05-20	3.73	3.77	3.70	3.72	4022400.00
1987-05-21	3.76	3.77	3.73	3.73	2168800.00
1987-05-22	3.74	3.79	3.71	3.77	2192800.00
1987-05-26	3.83	3.89	3.79	3.89	2908000.00
1987-05-27	3.88	3.90	3.85	3.89	2260800.00
1987-05-28	3.92	3.93	3.84	3.91	2171200.00
1987-05-29	3.94	3.98	3.93	3.94	1536000.00
1987-06-01	3.99	4.02	3.97	3.99	1826400.00
1987-06-02	3.99	4.03	3.98	4.03	2557600.00
1987-06-03	4.01	4.13	4.01	4.13	3768800.00
1987-06-04	4.10	4.13	4.08	4.11	2016800.00
1987-06-05	4.04	4.07	3.99	3.99	1251200.00
1987-06-08	3.99	4.11	3.98	4.09	1789600.00
1987-06-09	4.10	4.16	4.09	4.12	2422400.00
1987-06-10	4.15	4.22	4.12	4.21	3528800.00
1987-06-11	4.21	4.21	4.17	4.17	1067200.00
1987-06-12	4.20	4.22	4.17	4.20	1329600.00
1987-06-15	4.20	4.21	4.14	4.17	1273600.00
1987-06-16	4.16	4.17	4.15	4.17	1475200.00
1987-06-17	4.17	4.17	4.13	4.14	1140000.00
1987-06-18	4.13	4.14	4.10	4.11	1141600.00
1987-06-19	4.12	4.13	4.11	4.13	2664800.00
1987-06-22	4.15	4.19	4.14	4.17	2478400.00
1987-06-23	4.15	4.18	4.13	4.18	1862400.00
1987-06-24	4.17	4.18	4.14	4.17	1116000.00
1987-06-25	4.17	4.21	4.12	4.14	1294400.00
1987-06-26	4.13	4.23	4.12	4.23	3159200.00
1987-06-29	4.25	4.27	4.24	4.26	3345600.00
1987-06-30	4.27	4.29	4.17	4.20	3156800.00
1987-07-01	4.20	4.20	4.15	4.18	2516000.00
1987-07-02	4.19	4.25	4.18	4.22	2901600.00
1987-07-06	4.22	4.25	4.21	4.25	2579200.00
1987-07-07	4.25	4.29	4.25	4.29	3311200.00
1987-07-08	4.28	4.29	4.23	4.25	2211200.00
1987-07-09	4.23	4.24	4.16	4.18	1998400.00
1987-07-10	4.20	4.21	4.16	4.17	1376800.00
1987-07-13	4.12	4.15	4.08	4.11	3392800.00
1987-07-14	4.11	4.12	4.07	4.08	2659200.00
1987-07-15	4.03	4.08	4.03	4.06	2860000.00
1987-07-16	4.07	4.16	4.06	4.16	2494400.00
1987-07-17	4.21	4.21	4.13	4.18	2427200.00
1987-07-20	4.17	4.20	4.15	4.17	1752800.00
1987-07-21	4.13	4.20	4.11	4.11	1988800.00
1987-07-22	4.13	4.13	4.03	4.07	1714400.00
1987-07-23	4.07	4.10	3.99	4.05	1420800.00
1987-07-24	4.06	4.11	4.05	4.11	1125600.00
1987-07-27	4.09	4.12	4.07	4.10	947200.00
1987-07-28	4.13	4.18	4.11	4.18	1436000.00
1987-07-29	4.19	4.25	4.14	4.24	2887200.00
1987-07-30	4.23	4.29	4.19	4.29	3064800.00
1987-07-31	4.27	4.30	4.24	4.30	3328800.00
1987-08-03	4.18	4.24	4.18	4.18	2427200.00
1987-08-04	4.18	4.21	4.16	4.19	2172000.00
1987-08-05	4.25	4.25	4.20	4.21	2870400.00
1987-08-06	4.25	4.31	4.19	4.29	3601600.00
1987-08-07	4.32	4.41	4.30	4.39	6542400.00
1987-08-10	4.45	4.45	4.38	4.45	4643200.00
1987-08-11	4.50	4.60	4.48	4.59	5032800.00
1987-08-12	4.52	4.58	4.51	4.52	4076800.00
1987-08-13	4.57	4.60	4.55	4.58	3561600.00
1987-08-14	4.53	4.62	4.53	4.58	2383200.00
1987-08-17	4.59	4.63	4.59	4.61	1576800.00
1987-08-18	4.55	4.57	4.49	4.51	3092800.00
1987-08-19	4.48	4.50	4.45	4.47	1809600.00
1987-08-20	4.53	4.53	4.50	4.52	2394400.00
1987-08-21	4.53	4.56	4.49	4.53	2348000.00
1987-08-24	4.54	4.55	4.48	4.49	1349600.00
1987-08-25	4.50	4.59	4.50	4.58	1807200.00
1987-08-26	4.58	4.60	4.50	4.50	2299200.00
1987-08-27	4.53	4.53	4.40	4.43	1766400.00
1987-08-28	4.41	4.41	4.35	4.35	1244000.00
1987-08-31	4.31	4.44	4.31	4.42	2242400.00
1987-09-01	4.42	4.50	4.39	4.41	3560000.00
1987-09-02	4.36	4.39	4.27	4.31	2752000.00
1987-09-03	4.30	4.31	4.19	4.28	2553600.00
1987-09-04	4.29	4.33	4.19	4.20	1571200.00
1987-09-08	4.19	4.20	4.07	4.19	4460800.00
1987-09-09	4.20	4.20	4.14	4.14	2581600.00
1987-09-10	4.23	4.25	4.20	4.24	2775200.00
1987-09-11	4.48	4.69	4.47	4.69	9840000.00
1987-09-14	4.84	4.85	4.66	4.71	5292000.00
1987-09-15	4.70	4.70	4.52	4.55	3086400.00
1987-09-16	4.55	4.64	4.45	4.50	6124800.00
1987-09-17	4.50	4.55	4.47	4.52	3008000.00
1987-09-18	4.55	4.57	4.45	4.46	5119200.00
1987-09-21	4.48	4.49	4.25	4.27	4320800.00
1987-09-22	4.26	4.35	4.23	4.34	5923200.00
1987-09-23	4.35	4.36	4.30	4.35	5850400.00
1987-09-24	4.36	4.48	4.35	4.37	3688800.00
1987-09-25	4.42	4.42	4.30	4.36	2616000.00
1987-09-28	4.44	4.45	4.35	4.39	3416800.00
1987-09-29	4.41	4.41	4.32	4.35	2596800.00
1987-09-30	4.36	4.39	4.28	4.33	2335200.00
1987-10-01	4.35	4.44	4.35	4.42	2752000.00
1987-10-02	4.45	4.52	4.45	4.50	3542400.00
1987-10-05	4.52	4.54	4.49	4.54	2118400.00
1987-10-06	4.55	4.55	4.34	4.34	2762400.00
1987-10-07	4.35	4.36	4.27	4.32	3131200.00
1987-10-08	4.32	4.32	4.18	4.21	2483200.00
1987-10-09	4.21	4.23	4.17	4.20	2087200.00
1987-10-12	4.18	4.18	4.08	4.13	1828800.00
1987-10-13	4.22	4.22	4.14	4.21	2716800.00
1987-10-14	4.18	4.18	3.99	4.05	4040000.00
1987-10-15	3.93	3.97	3.83	3.85	5923200.00
1987-10-16	3.85	3.86	3.60	3.66	6067200.00
1987-10-19	3.19	3.42	2.74	2.79	15837600.00
1987-10-20	3.18	3.19	2.60	3.00	12518400.00
1987-10-21	3.19	3.35	3.19	3.22	8164000.00
1987-10-22	2.95	3.31	2.94	3.31	5955200.00
1987-10-23	3.21	3.31	3.16	3.19	3435200.00
1987-10-26	3.06	3.09	2.92	2.96	3562400.00
1987-10-27	3.15	3.16	2.97	3.06	3114400.00
1987-10-28	2.96	3.19	2.96	3.19	5192000.00
1987-10-29	3.28	3.46	3.20	3.41	4948000.00
1987-10-30	3.55	3.57	3.46	3.46	3764800.00
1987-11-02	3.46	3.54	3.38	3.49	2463200.00
1987-11-03	3.44	3.44	3.33	3.44	2511200.00
1987-11-04	3.33	3.43	3.33	3.34	3121600.00
1987-11-05	3.31	3.53	3.31	3.48	2831200.00
1987-11-06	3.48	3.50	3.37	3.41	1569600.00
1987-11-09	3.38	3.38	3.23	3.23	1966400.00
1987-11-10	3.15	3.20	3.10	3.10	3897600.00
1987-11-11	3.17	3.21	3.17	3.17	2883200.00
1987-11-12	3.29	3.34	3.21	3.27	3051200.00
1987-11-13	3.26	3.26	3.15	3.15	2222400.00
1987-11-16	3.20	3.24	3.15	3.21	1541600.00
1987-11-17	3.17	3.18	3.07	3.15	2418400.00
1987-11-18	3.16	3.20	3.10	3.19	1949600.00
1987-11-19	3.21	3.21	3.15	3.17	2599200.00
1987-11-20	3.10	3.15	3.10	3.14	3479200.00
1987-11-23	3.10	3.15	3.10	3.12	903200.00
1987-11-24	3.17	3.21	3.17	3.21	2043200.00
1987-11-25	3.21	3.26	3.20	3.24	1598400.00
1987-11-27	3.26	3.26	3.17	3.17	1136000.00
1987-11-30	3.06	3.09	2.95	3.03	3711200.00
1987-12-01	3.09	3.10	3.02	3.07	2072800.00
1987-12-02	3.03	3.08	2.99	3.03	1900000.00
1987-12-03	3.02	3.03	2.90	2.90	3008800.00
1987-12-04	2.91	2.91	2.82	2.82	2653600.00
1987-12-07	2.87	2.98	2.85	2.98	1716000.00
1987-12-08	2.98	3.05	2.94	3.05	1552000.00
1987-12-09	3.02	3.21	3.02	3.16	2884000.00
1987-12-10	3.07	3.16	3.06	3.10	2484800.00
1987-12-11	3.09	3.12	3.07	3.10	1273600.00
1987-12-14	3.15	3.22	3.15	3.21	2537600.00
1987-12-15	3.25	3.29	3.24	3.26	3123200.00
1987-12-16	3.28	3.32	3.23	3.30	1783200.00
1987-12-17	3.28	3.30	3.24	3.25	2392800.00
1987-12-18	3.30	3.34	3.27	3.34	3909600.00
1987-12-21	3.34	3.46	3.33	3.45	2708000.00
1987-12-22	3.45	3.62	3.41	3.55	3636800.00
1987-12-23	3.58	3.59	3.49	3.57	3504800.00
1987-12-24	3.57	3.58	3.52	3.52	1042400.00
1987-12-28	3.40	3.48	3.38	3.45	4290400.00
1987-12-29	3.44	3.60	3.42	3.55	3764800.00
1987-12-30	3.58	3.59	3.51	3.55	1837600.00
1987-12-31	3.51	3.55	3.51	3.53	1513600.00
1988-01-04	3.54	3.64	3.54	3.61	3507200.00
1988-01-05	3.64	3.72	3.64	3.71	3644000.00
1988-01-06	3.71	3.72	3.69	3.71	3740000.00
1988-01-07	3.62	3.70	3.62	3.70	3188800.00
1988-01-08	3.67	3.69	3.53	3.53	2609600.00
1988-01-11	3.53	3.60	3.51	3.51	3308000.00
1988-01-12	3.50	3.51	3.45	3.48	3882400.00
1988-01-13	3.46	3.53	3.44	3.49	2129600.00
1988-01-14	3.49	3.53	3.45	3.48	1736800.00
1988-01-15	3.55	3.59	3.52	3.55	3976000.00
1988-01-18	3.57	3.58	3.49	3.51	4932800.00
1988-01-19	3.50	3.55	3.46	3.48	1764800.00
1988-01-20	3.49	3.51	3.40	3.41	1704000.00
1988-01-21	3.44	3.45	3.38	3.42	2270400.00
1988-01-22	3.42	3.46	3.42	3.46	715200.00
1988-01-25	3.52	3.52	3.49	3.52	1627200.00
1988-01-26	3.51	3.54	3.45	3.49	1129600.00
1988-01-27	3.51	3.55	3.44	3.48	1856800.00
1988-01-28	3.47	3.49	3.45	3.49	2780800.00
1988-01-29	3.50	3.50	3.42	3.46	1522400.00
1988-02-01	3.46	3.46	3.41	3.42	976000.00
1988-02-02	3.40	3.42	3.34	3.35	2252000.00
1988-02-03	3.36	3.36	3.24	3.27	2103200.00
1988-02-04	3.27	3.27	3.20	3.21	2167200.00
1988-02-05	3.23	3.28	3.23	3.27	1604000.00
1988-02-08	3.25	3.28	3.21	3.25	1828000.00
1988-02-09	3.26	3.33	3.26	3.33	1062400.00
1988-02-10	3.34	3.48	3.32	3.45	1996000.00
1988-02-11	3.43	3.53	3.42	3.50	2163200.00
1988-02-12	3.47	3.49	3.46	3.47	1249600.00
1988-02-16	3.47	3.51	3.44	3.51	1008000.00
1988-02-17	3.53	3.53	3.41	3.46	1355200.00
1988-02-18	3.43	3.46	3.39	3.46	1840000.00
1988-02-19	3.45	3.47	3.44	3.46	1359200.00
1988-02-22	3.51	3.55	3.49	3.54	2616000.00
1988-02-23	3.55	3.61	3.55	3.59	3198400.00
1988-02-24	3.61	3.65	3.60	3.62	2210400.00
1988-02-25	3.62	3.66	3.58	3.58	2971200.00
1988-02-26	3.57	3.59	3.54	3.55	968800.00
1988-02-29	3.58	3.60	3.57	3.59	2355200.00
1988-03-01	3.61	3.61	3.57	3.59	2320800.00
1988-03-02	3.61	3.61	3.55	3.58	1159200.00
1988-03-03	3.58	3.59	3.53	3.55	1291200.00
1988-03-04	3.55	3.56	3.48	3.51	1810400.00
1988-03-07	3.50	3.51	3.48	3.48	1117600.00
1988-03-08	3.50	3.55	3.50	3.52	1516800.00
1988-03-09	3.55	3.60	3.53	3.57	2081600.00
1988-03-10	3.59	3.64	3.54	3.54	3863200.00
1988-03-11	3.54	3.59	3.52	3.59	3131200.00
1988-03-14	3.63	3.70	3.62	3.69	3491200.00
1988-03-15	3.68	3.71	3.67	3.69	5044800.00
1988-03-16	3.70	3.75	3.70	3.74	3672800.00
1988-03-17	3.78	3.83	3.77	3.81	5344000.00
1988-03-18	3.86	3.88	3.81	3.86	5344800.00
1988-03-21	3.90	3.97	3.88	3.90	7802400.00
1988-03-22	3.88	3.89	3.82	3.83	2428800.00
1988-03-23	3.83	3.91	3.81	3.90	3533600.00
1988-03-24	3.90	3.95	3.87	3.95	6906400.00
1988-03-25	3.94	3.99	3.87	3.91	3812000.00
1988-03-28	3.77	3.90	3.77	3.88	4208000.00
1988-03-29	3.88	3.92	3.87	3.90	1672000.00
1988-03-30	3.88	3.92	3.85	3.86	2350400.00
1988-03-31	3.84	3.86	3.81	3.83	1957600.00
1988-04-04	3.80	3.82	3.74	3.74	1613600.00
1988-04-05	3.71	3.73	3.69	3.73	3264800.00
1988-04-06	3.73	3.80	3.73	3.76	4069600.00
1988-04-07	3.76	3.77	3.74	3.75	2847200.00
1988-04-08	3.76	3.80	3.74	3.80	4798400.00
1988-04-11	3.80	3.80	3.75	3.78	2318400.00
1988-04-12	3.77	3.77	3.72	3.73	3664800.00
1988-04-13	3.74	3.78	3.67	3.69	3774400.00
1988-04-14	3.63	3.65	3.55	3.57	2955200.00
1988-04-15	3.55	3.56	3.49	3.55	3586400.00
1988-04-18	3.54	3.63	3.50	3.62	4183200.00
1988-04-19	3.62	3.69	3.62	3.63	4756800.00
1988-04-20	3.62	3.63	3.52	3.53	1597600.00
1988-04-21	3.54	3.60	3.51	3.54	3216000.00
1988-04-22	3.55	3.58	3.54	3.57	2412000.00
1988-04-25	3.63	3.65	3.62	3.64	2774400.00
1988-04-26	3.65	3.71	3.65	3.70	5742400.00
1988-04-27	3.69	3.74	3.69	3.73	2619200.00
1988-04-28	3.72	3.72	3.67	3.69	1744000.00
1988-04-29	3.69	3.70	3.63	3.65	1780000.00
1988-05-02	3.64	3.65	3.63	3.65	1884800.00
1988-05-03	3.64	3.65	3.63	3.64	1169600.00
1988-05-04	3.65	3.65	3.61	3.62	1724000.00
1988-05-05	3.61	3.65	3.61	3.65	2295200.00
1988-05-06	3.65	3.67	3.60	3.61	2041600.00
1988-05-09	3.60	3.61	3.55	3.55	3055200.00
1988-05-10	3.56	3.58	3.53	3.54	1501600.00
1988-05-11	3.51	3.53	3.43	3.43	3066400.00
1988-05-12	3.45	3.45	3.44	3.44	1327200.00
1988-05-13	3.45	3.47	3.44	3.46	1715200.00
1988-05-16	3.45	3.49	3.45	3.47	1296800.00
1988-05-17	3.49	3.50	3.42	3.43	1551200.00
1988-05-18	3.42	3.44	3.30	3.32	2372000.00
1988-05-19	3.33	3.38	3.30	3.35	2330400.00
1988-05-20	3.37	3.41	3.36	3.41	1149600.00
1988-05-23	3.39	3.42	3.36	3.41	1121600.00
1988-05-24	3.43	3.46	3.42	3.45	2336800.00
1988-05-25	3.45	3.51	3.45	3.49	1818400.00
1988-05-26	3.46	3.56	3.46	3.55	3579200.00
1988-05-27	3.55	3.59	3.55	3.58	2581600.00
1988-05-31	3.62	3.67	3.60	3.67	2902400.00
1988-06-01	3.70	3.76	3.67	3.75	5163200.00
1988-06-02	3.74	3.79	3.73	3.79	4334400.00
1988-06-03	3.78	3.83	3.78	3.83	2468000.00
1988-06-06	3.82	3.85	3.80	3.83	1442400.00
1988-06-07	3.83	3.83	3.77	3.78	1481600.00
1988-06-08	3.76	3.90	3.76	3.86	2506400.00
1988-06-09	3.87	3.90	3.85	3.87	1964800.00
1988-06-10	3.88	3.91	3.87	3.87	2202400.00
1988-06-13	3.89	3.89	3.83	3.85	1099200.00
1988-06-14	3.88	3.91	3.87	3.89	2578400.00
1988-06-15	3.87	3.91	3.86	3.91	1154400.00
1988-06-16	3.86	3.86	3.83	3.84	2008800.00
1988-06-17	3.85	3.85	3.73	3.79	4177600.00
1988-06-20	3.77	3.77	3.73	3.74	925600.00
1988-06-21	3.75	3.76	3.70	3.75	1993600.00
1988-06-22	3.80	3.89	3.80	3.88	2929600.00
1988-06-23	3.87	3.87	3.82	3.85	908000.00
1988-06-24	3.83	3.89	3.83	3.85	1264800.00
1988-06-27	3.85	3.90	3.80	3.81	1808000.00
1988-06-28	3.81	3.83	3.78	3.80	1767200.00
1988-06-29	3.82	3.82	3.76	3.76	1124800.00
1988-06-30	3.79	3.86	3.74	3.85	1708800.00
1988-07-01	3.89	3.91	3.88	3.89	4032800.00
1988-07-05	3.89	3.91	3.87	3.91	2076000.00
1988-07-06	3.93	3.93	3.86	3.91	2444000.00
1988-07-07	3.90	3.92	3.85	3.87	1346400.00
1988-07-08	3.85	3.89	3.85	3.85	1532800.00
1988-07-11	3.85	3.89	3.84	3.87	1172000.00
1988-07-12	3.86	3.89	3.84	3.84	1371200.00
1988-07-13	3.82	3.87	3.80	3.86	1536800.00
1988-07-14	3.86	3.88	3.85	3.88	1251200.00
1988-07-15	3.88	3.91	3.88	3.90	1368000.00
1988-07-18	3.89	3.90	3.86	3.89	1368000.00
1988-07-19	3.88	3.89	3.82	3.85	2324000.00
1988-07-20	3.85	3.86	3.80	3.83	2052000.00
1988-07-21	3.83	3.83	3.77	3.78	1048800.00
1988-07-22	3.76	3.77	3.74	3.75	1293600.00
1988-07-25	3.75	3.76	3.72	3.74	2034400.00
1988-07-26	3.74	3.75	3.72	3.72	742400.00
1988-07-27	3.72	3.74	3.70	3.70	1881600.00
1988-07-28	3.71	3.74	3.70	3.74	1413600.00
1988-07-29	3.73	3.89	3.73	3.85	2956800.00
1988-08-01	3.85	3.90	3.83	3.87	1920000.00
1988-08-02	3.86	3.89	3.86	3.86	1172000.00
1988-08-03	3.86	3.94	3.85	3.93	2235200.00
1988-08-04	3.93	3.95	3.86	3.86	1747200.00
1988-08-05	3.87	3.89	3.86	3.87	777600.00
1988-08-08	3.87	3.91	3.86	3.86	704800.00
1988-08-09	3.86	3.89	3.84	3.86	1129600.00
1988-08-10	3.85	3.85	3.78	3.79	1152800.00
1988-08-11	3.80	3.81	3.74	3.77	2860000.00
1988-08-12	3.77	3.77	3.73	3.73	944800.00
1988-08-15	3.73	3.76	3.73	3.75	978400.00
1988-08-16	3.73	3.84	3.73	3.82	1732000.00
1988-08-17	3.81	3.88	3.81	3.85	2055200.00
1988-08-18	3.84	3.92	3.84	3.92	1880800.00
1988-08-19	3.92	3.92	3.90	3.91	956000.00
1988-08-22	3.89	3.89	3.84	3.85	1336800.00
1988-08-23	3.88	3.89	3.84	3.89	1685600.00
1988-08-24	3.89	3.90	3.87	3.89	3306400.00
1988-08-25	3.85	3.87	3.81	3.85	1158400.00
1988-08-26	3.85	3.87	3.84	3.87	958400.00
1988-08-29	3.87	3.92	3.87	3.92	1608000.00
1988-08-30	3.92	3.92	3.88	3.91	1048800.00
1988-08-31	3.92	3.92	3.86	3.86	794400.00
1988-09-01	3.85	3.85	3.78	3.80	1427200.00
1988-09-02	3.81	3.90	3.81	3.89	1893600.00
1988-09-06	3.88	3.96	3.88	3.96	2325600.00
1988-09-07	3.96	4.02	3.95	4.00	3296800.00
1988-09-08	4.00	4.05	3.99	3.99	2273600.00
1988-09-09	3.99	4.05	3.95	4.03	1890400.00
1988-09-12	4.04	4.05	3.98	4.00	1252000.00
1988-09-13	3.98	4.00	3.96	3.99	2002400.00
1988-09-14	4.03	4.04	3.99	4.04	1754400.00
1988-09-15	4.04	4.06	3.99	3.99	1572800.00
1988-09-16	4.00	4.06	3.99	4.06	2299200.00
1988-09-19	4.06	4.06	3.99	4.03	885600.00
1988-09-20	4.02	4.03	4.00	4.02	476800.00
1988-09-21	4.03	4.14	4.03	4.12	2558400.00
1988-09-22	4.12	4.14	4.10	4.13	1956000.00
1988-09-23	4.11	4.16	4.10	4.14	1653600.00
1988-09-26	4.13	4.14	4.10	4.11	1157600.00
1988-09-27	4.11	4.11	4.05	4.05	1181600.00
1988-09-28	4.05	4.07	4.03	4.07	1525600.00
1988-09-29	4.07	4.14	4.06	4.13	2054400.00
1988-09-30	4.11	4.16	4.06	4.07	1508000.00
1988-10-03	4.07	4.07	4.03	4.05	1620800.00
1988-10-04	4.06	4.08	4.03	4.03	2464000.00
1988-10-05	4.04	4.10	4.02	4.07	2664800.00
1988-10-06	4.08	4.12	4.08	4.12	1724800.00
1988-10-07	4.12	4.19	4.11	4.18	2709600.00
1988-10-10	4.17	4.24	4.14	4.24	1492000.00
1988-10-11	4.24	4.24	4.22	4.24	2158400.00
1988-10-12	4.21	4.21	4.17	4.17	1999200.00
1988-10-13	4.17	4.25	4.16	4.20	2235200.00
1988-10-14	4.21	4.24	4.19	4.23	1444000.00
1988-10-17	4.21	4.22	4.18	4.20	1234400.00
1988-10-18	4.20	4.20	4.14	4.16	1510400.00
1988-10-19	4.17	4.18	4.06	4.11	1956800.00
1988-10-20	4.11	4.14	4.11	4.14	2301600.00
1988-10-21	4.12	4.16	4.07	4.16	3015200.00
1988-10-24	4.16	4.16	4.14	4.14	1110400.00
1988-10-25	4.16	4.18	4.15	4.17	1049600.00
1988-10-26	4.17	4.22	4.17	4.18	1750400.00
1988-10-27	4.18	4.18	4.13	4.14	1359200.00
1988-10-28	4.16	4.16	4.14	4.14	1032000.00
1988-10-31	4.14	4.16	4.10	4.15	2026400.00
1988-11-01	4.13	4.14	4.07	4.08	1428000.00
1988-11-02	4.07	4.12	4.06	4.12	1738400.00
1988-11-03	4.13	4.16	4.13	4.15	1410400.00
1988-11-04	4.13	4.19	4.10	4.12	1595200.00
1988-11-07	4.12	4.12	4.09	4.09	664800.00
1988-11-08	4.08	4.11	4.06	4.06	1260000.00
1988-11-09	4.06	4.07	3.99	4.01	1761600.00
1988-11-10	4.02	4.03	4.00	4.03	1259200.00
1988-11-11	4.01	4.01	3.94	3.97	2191200.00
1988-11-14	4.00	4.00	3.96	3.99	1284000.00
1988-11-15	3.98	4.01	3.98	4.01	1284800.00
1988-11-16	4.00	4.01	3.96	3.96	1488800.00
1988-11-17	3.96	4.04	3.96	4.03	1888800.00
1988-11-18	4.04	4.12	4.03	4.10	1298400.00
1988-11-21	4.09	4.09	4.03	4.08	1183200.00
1988-11-22	4.07	4.08	4.04	4.06	1031200.00
1988-11-23	4.05	4.12	4.05	4.12	739200.00
1988-11-25	4.09	4.09	4.07	4.08	787200.00
1988-11-28	4.06	4.08	4.04	4.07	1320800.00
1988-11-29	4.05	4.09	4.05	4.08	1364000.00
1988-11-30	4.09	4.12	4.09	4.11	1556800.00
1988-12-01	4.10	4.11	4.08	4.08	1202400.00
1988-12-02	4.07	4.12	4.06	4.10	906400.00
1988-12-05	4.09	4.15	4.09	4.11	1232800.00
1988-12-06	4.11	4.19	4.10	4.19	1889600.00
1988-12-07	4.19	4.28	4.19	4.19	2805600.00
1988-12-08	4.17	4.18	4.13	4.13	1088000.00
1988-12-09	4.13	4.14	4.10	4.11	1110400.00
1988-12-12	4.11	4.14	4.08	4.09	1011200.00
1988-12-13	4.09	4.15	4.08	4.14	988000.00
1988-12-14	4.15	4.16	4.13	4.15	715200.00
1988-12-15	4.14	4.14	4.12	4.12	673600.00
1988-12-16	4.12	4.15	4.11	4.15	1983200.00
1988-12-19	4.14	4.23	4.14	4.18	1233600.00
1988-12-20	4.19	4.22	4.10	4.10	1145600.00
1988-12-21	4.10	4.13	4.09	4.11	1809600.00
1988-12-22	4.12	4.12	4.07	4.09	895200.00
1988-12-23	4.09	4.11	4.08	4.10	228000.00
1988-12-27	4.09	4.09	4.06	4.06	507200.00
1988-12-28	4.07	4.08	4.02	4.03	3334400.00
1988-12-29	4.03	4.07	4.03	4.04	1372800.00
1988-12-30	4.04	4.06	3.98	3.98	1620000.00
1989-01-03	3.98	4.02	3.95	3.99	2343200.00
1989-01-04	4.01	4.05	4.01	4.04	1728800.00
1989-01-05	4.05	4.07	4.04	4.05	2252800.00
1989-01-06	4.07	4.08	4.04	4.05	1276000.00
1989-01-09	4.05	4.07	4.03	4.04	1519200.00
1989-01-10	4.05	4.05	4.01	4.03	1517600.00
1989-01-11	4.03	4.05	4.02	4.03	1536800.00
1989-01-12	4.03	4.09	4.03	4.07	2293600.00
1989-01-13	4.09	4.10	4.08	4.09	1807200.00
1989-01-16	4.08	4.12	4.08	4.11	1402400.00
1989-01-17	4.09	4.10	4.07	4.07	1341600.00
1989-01-18	4.07	4.10	4.07	4.07	1739200.00
1989-01-19	4.08	4.11	4.07	4.07	1776800.00
1989-01-20	4.07	4.09	4.07	4.09	1204000.00
1989-01-23	4.10	4.14	4.05	4.05	1808000.00
1989-01-24	4.05	4.12	4.03	4.12	3276800.00
1989-01-25	4.12	4.15	4.11	4.11	3457600.00
1989-01-26	4.10	4.20	4.09	4.18	3153600.00
1989-01-27	4.21	4.26	4.19	4.23	2794400.00
1989-01-30	4.26	4.29	4.25	4.29	1935200.00
1989-01-31	4.29	4.37	4.28	4.37	3430400.00
1989-02-01	4.36	4.37	4.33	4.35	1431200.00
1989-02-02	4.35	4.36	4.31	4.31	923200.00
1989-02-03	4.29	4.45	4.29	4.45	2960000.00
1989-02-06	4.44	4.44	4.41	4.42	3212800.00
1989-02-07	4.42	4.61	4.41	4.61	4956000.00
1989-02-08	4.61	4.61	4.51	4.52	2746400.00
1989-02-09	4.50	4.55	4.44	4.45	1515200.00
1989-02-10	4.41	4.44	4.36	4.38	2238400.00
1989-02-13	4.36	4.39	4.35	4.38	1603200.00
1989-02-14	4.41	4.42	4.39	4.39	1126400.00
1989-02-15	4.39	4.43	4.33	4.34	3825600.00
1989-02-16	4.35	4.39	4.35	4.38	3183200.00
1989-02-17	4.39	4.45	4.38	4.45	2704000.00
1989-02-21	4.47	4.50	4.47	4.50	2477600.00
1989-02-22	4.49	4.52	4.41	4.41	2234400.00
1989-02-23	4.40	4.41	4.37	4.41	1557600.00
1989-02-24	4.41	4.41	4.32	4.33	2420000.00
1989-02-27	4.32	4.33	4.30	4.32	849600.00
1989-02-28	4.32	4.39	4.32	4.39	1580000.00
1989-03-01	4.43	4.51	4.43	4.45	2706400.00
1989-03-02	4.45	4.56	4.45	4.54	2636800.00
1989-03-03	4.54	4.56	4.51	4.53	1396000.00
1989-03-06	4.53	4.59	4.53	4.59	1551200.00
1989-03-07	4.58	4.64	4.58	4.62	2296000.00
1989-03-08	4.64	4.72	4.63	4.69	3178400.00
1989-03-09	4.68	4.69	4.66	4.68	1592000.00
1989-03-10	4.65	4.67	4.63	4.65	1760000.00
1989-03-13	4.64	4.77	4.64	4.77	2326400.00
1989-03-14	4.76	4.77	4.73	4.73	2255200.00
1989-03-15	4.74	4.75	4.72	4.73	2746400.00
1989-03-16	4.73	4.86	4.73	4.83	2559200.00
1989-03-17	4.70	4.77	4.70	4.74	3840800.00
1989-03-20	4.69	4.71	4.63	4.66	3604000.00
1989-03-21	4.68	4.72	4.67	4.68	3248800.00
1989-03-22	4.69	4.75	4.68	4.74	1632000.00
1989-03-23	4.74	4.75	4.70	4.74	3205600.00
1989-03-27	4.72	4.77	4.70	4.76	1873600.00
1989-03-28	4.79	4.83	4.79	4.82	2728800.00
1989-03-29	4.80	4.83	4.79	4.80	1501600.00
1989-03-30	4.76	4.80	4.76	4.79	1355200.00
1989-03-31	4.77	4.83	4.77	4.83	1952000.00
1989-04-03	4.80	4.82	4.76	4.77	1421600.00
1989-04-04	4.78	4.78	4.73	4.76	1424000.00
1989-04-05	4.78	4.80	4.77	4.79	1680000.00
1989-04-06	4.80	4.83	4.76	4.83	2024800.00
1989-04-07	4.81	4.90	4.81	4.87	1819200.00
1989-04-10	4.88	4.92	4.88	4.92	1047200.00
1989-04-11	4.90	4.97	4.90	4.96	2128800.00
1989-04-12	4.97	4.99	4.96	4.96	2615200.00
1989-04-13	4.93	4.94	4.85	4.86	2353600.00
1989-04-14	4.94	4.95	4.90	4.94	2668000.00
1989-04-17	4.94	4.98	4.93	4.97	1863200.00
1989-04-18	4.99	5.00	4.96	4.96	2842400.00
1989-04-19	4.94	4.96	4.93	4.94	2127200.00
1989-04-20	4.94	4.96	4.87	4.95	1744800.00
1989-04-21	4.95	4.97	4.95	4.96	1150400.00
1989-04-24	4.96	5.03	4.96	5.02	1783200.00
1989-04-25	5.03	5.15	5.03	5.14	2876800.00
1989-04-26	5.14	5.15	5.09	5.09	1225600.00
1989-04-27	5.09	5.13	5.08	5.11	2602400.00
1989-04-28	5.11	5.11	5.06	5.07	1625600.00
1989-05-01	5.06	5.09	5.02	5.09	1228000.00
1989-05-02	5.09	5.10	5.00	5.00	1454400.00
1989-05-03	4.99	5.09	4.99	5.07	1349200.00
1989-05-04	5.08	5.11	5.07	5.08	1331200.00
1989-05-05	5.11	5.13	5.07	5.08	1311200.00
1989-05-08	5.09	5.09	5.03	5.04	778800.00
1989-05-09	5.05	5.08	4.97	4.97	1206000.00
1989-05-10	4.95	5.10	4.95	5.10	1114800.00
1989-05-11	5.12	5.16	5.10	5.16	1318800.00
1989-05-12	5.24	5.42	5.23	5.40	4386800.00
1989-05-15	5.40	5.53	5.36	5.53	2874000.00
1989-05-16	5.44	5.49	5.38	5.44	2099200.00
1989-05-17	5.47	5.47	5.40	5.45	2115600.00
1989-05-18	5.42	5.43	5.38	5.41	1357600.00
1989-05-19	5.43	5.44	5.41	5.43	2383600.00
1989-05-22	5.49	5.49	5.41	5.48	1865200.00
1989-05-23	5.41	5.43	5.27	5.31	2253600.00
1989-05-24	5.23	5.28	5.17	5.28	2620000.00
1989-05-25	5.24	5.32	5.24	5.29	1197600.00
1989-05-26	5.29	5.32	5.24	5.28	1439600.00
1989-05-30	5.25	5.30	5.15	5.16	1682800.00
1989-05-31	5.17	5.25	5.17	5.23	1520000.00
1989-06-01	5.24	5.29	5.22	5.28	1418800.00
1989-06-02	5.30	5.35	5.30	5.34	2934800.00
1989-06-05	5.35	5.36	5.27	5.27	1871200.00
1989-06-06	5.29	5.36	5.27	5.34	1228400.00
1989-06-07	5.35	5.40	5.35	5.40	1288000.00
1989-06-08	5.43	5.44	5.34	5.37	979600.00
1989-06-09	5.36	5.38	5.34	5.38	1018800.00
1989-06-12	5.38	5.38	5.28	5.36	1040000.00
1989-06-13	5.27	5.29	5.21	5.24	1539200.00
1989-06-14	5.25	5.25	5.16	5.19	1983600.00
1989-06-15	5.12	5.16	5.08	5.11	2332800.00
1989-06-16	5.01	5.18	5.01	5.17	3455600.00
1989-06-19	5.14	5.21	5.14	5.19	738400.00
1989-06-20	5.22	5.24	5.17	5.17	648400.00
1989-06-21	5.17	5.19	5.10	5.15	918000.00
1989-06-22	5.11	5.18	5.11	5.18	1073200.00
1989-06-23	5.21	5.44	5.21	5.43	2250400.00
1989-06-26	5.41	5.44	5.32	5.35	741600.00
1989-06-27	5.34	5.38	5.34	5.35	829200.00
1989-06-28	5.34	5.34	5.23	5.31	1722000.00
1989-06-29	5.25	5.25	5.14	5.16	822000.00
1989-06-30	5.17	5.18	5.05	5.15	1500000.00
1989-07-03	5.15	5.17	5.14	5.16	646400.00
1989-07-05	5.16	5.25	5.14	5.24	1078800.00
1989-07-06	5.24	5.32	5.24	5.31	1117600.00
1989-07-07	5.35	5.44	5.30	5.44	4262800.00
1989-07-10	5.44	5.45	5.40	5.44	1703200.00
1989-07-11	5.44	5.49	5.41	5.43	1924800.00
1989-07-12	5.44	5.48	5.40	5.43	1728000.00
1989-07-13	5.43	5.45	5.43	5.44	838800.00
1989-07-14	5.43	5.50	5.35	5.48	2868800.00
1989-07-17	5.48	5.58	5.45	5.56	1505600.00
1989-07-18	5.55	5.62	5.53	5.60	2778000.00
1989-07-19	5.60	5.67	5.58	5.65	2124000.00
1989-07-20	5.74	5.74	5.67	5.67	2853200.00
1989-07-21	5.62	5.67	5.61	5.67	1669200.00
1989-07-24	5.64	5.69	5.63	5.65	1989200.00
1989-07-25	5.68	5.71	5.62	5.64	1442000.00
1989-07-26	5.67	5.95	5.64	5.91	3166000.00
1989-07-27	6.04	6.07	5.95	6.00	7282000.00
1989-07-28	6.02	6.03	5.95	5.95	2430400.00
1989-07-31	6.02	6.02	5.93	6.02	2351600.00
1989-08-01	6.02	6.03	5.93	5.95	1828400.00
1989-08-02	5.93	5.99	5.90	5.94	1874000.00
1989-08-03	5.94	5.97	5.91	5.94	1028800.00
1989-08-04	5.88	5.90	5.74	5.83	2164800.00
1989-08-07	5.81	5.96	5.80	5.94	1434400.00
1989-08-08	5.94	5.96	5.86	5.89	994000.00
1989-08-09	5.86	5.96	5.82	5.83	996000.00
1989-08-10	5.83	5.89	5.77	5.89	1628000.00
1989-08-11	5.93	5.96	5.74	5.78	1712800.00
1989-08-14	5.77	5.84	5.76	5.80	1460400.00
1989-08-15	5.80	5.86	5.77	5.82	1429200.00
1989-08-16	5.80	5.92	5.80	5.91	1354400.00
1989-08-17	5.92	5.96	5.89	5.93	1247600.00
1989-08-18	5.93	6.01	5.93	5.95	2472800.00
1989-08-21	5.95	5.95	5.80	5.83	1224000.00
1989-08-22	5.85	5.86	5.79	5.86	1670800.00
1989-08-23	5.84	5.93	5.83	5.93	966400.00
1989-08-24	5.86	5.98	5.85	5.97	2415600.00
1989-08-25	6.03	6.04	5.96	5.98	1726800.00
1989-08-28	5.95	5.96	5.91	5.96	800400.00
1989-08-29	5.92	5.98	5.89	5.90	1298800.00
1989-08-30	5.89	5.96	5.85	5.86	2974000.00
1989-08-31	5.88	5.88	5.84	5.86	1087600.00
1989-09-01	5.83	5.86	5.82	5.85	1087200.00
1989-09-05	5.83	5.86	5.82	5.85	1054800.00
1989-09-06	5.84	5.84	5.76	5.80	854800.00
1989-09-07	5.79	5.80	5.71	5.72	1410400.00
1989-09-08	5.78	5.80	5.67	5.79	1707200.00
1989-09-11	5.77	5.77	5.66	5.73	1412400.00
1989-09-12	5.70	5.73	5.66	5.66	1274000.00
1989-09-13	5.65	5.67	5.60	5.60	1803200.00
1989-09-14	5.60	5.60	5.53	5.57	2289600.00
1989-09-15	5.57	5.70	5.57	5.70	2903600.00
1989-09-18	5.69	5.69	5.63	5.69	1281200.00
1989-09-19	5.71	5.76	5.70	5.70	1458400.00
1989-09-20	5.69	5.76	5.67	5.74	984800.00
1989-09-21	5.73	5.74	5.65	5.69	1330000.00
1989-09-22	5.74	5.88	5.71	5.85	2640800.00
1989-09-25	5.83	5.83	5.70	5.71	1266800.00
1989-09-26	5.72	5.78	5.67	5.67	1265200.00
1989-09-27	5.69	5.78	5.67	5.76	1314800.00
1989-09-28	5.79	5.92	5.77	5.92	3021200.00
1989-09-29	5.96	5.97	5.89	5.92	1276000.00
1989-10-02	5.91	5.91	5.84	5.85	1078800.00
1989-10-03	5.91	6.04	5.89	6.02	1679200.00
1989-10-04	6.03	6.14	5.99	6.14	3331600.00
1989-10-05	6.15	6.27	6.15	6.17	3042000.00
1989-10-06	6.20	6.29	6.18	6.27	3180000.00
1989-10-09	6.27	6.28	6.21	6.27	1468400.00
1989-10-10	6.23	6.26	6.21	6.24	1098800.00
1989-10-11	6.28	6.28	6.22	6.24	995600.00
1989-10-12	6.24	6.26	6.17	6.20	1176800.00
1989-10-13	6.18	6.21	5.65	5.67	3052400.00
1989-10-16	5.67	6.10	5.66	5.92	4642000.00
1989-10-17	5.86	5.96	5.79	5.91	2601200.00
1989-10-18	5.90	6.07	5.90	5.92	2497600.00
1989-10-19	5.98	6.14	5.98	6.10	2292000.00
1989-10-20	6.08	6.10	5.96	6.07	1419200.00
1989-10-23	6.01	6.10	6.01	6.08	2054400.00
1989-10-24	6.05	6.16	5.89	6.08	2282800.00
1989-10-25	5.99	6.05	5.95	6.01	3196800.00
1989-10-26	5.98	6.03	5.95	5.95	1544800.00
1989-10-27	5.92	5.93	5.74	5.79	3003600.00
1989-10-30	5.80	5.84	5.74	5.77	2679200.00
1989-10-31	5.77	5.92	5.77	5.90	3052000.00
1989-11-01	5.92	5.92	5.84	5.89	1674400.00
1989-11-02	5.88	5.89	5.80	5.88	1868400.00
1989-11-03	5.88	5.88	5.85	5.85	2950400.00
1989-11-06	5.86	5.86	5.77	5.80	2738000.00
1989-11-07	5.80	5.91	5.76	5.89	2431600.00
1989-11-08	5.93	6.05	5.92	6.02	4184000.00
1989-11-09	6.04	6.13	6.04	6.11	2190400.00
1989-11-10	6.21	6.26	6.18	6.26	2610000.00
1989-11-13	6.26	6.29	6.16	6.19	2588800.00
1989-11-14	6.17	6.18	6.12	6.13	897200.00
1989-11-15	6.18	6.22	6.11	6.21	1296000.00
1989-11-16	6.23	6.26	6.22	6.23	1460800.00
1989-11-17	6.23	6.31	6.22	6.28	2844400.00
1989-11-20	6.34	6.35	6.28	6.29	1829200.00
1989-11-21	6.30	6.34	6.28	6.34	1299200.00
1989-11-22	6.34	6.46	6.32	6.40	2391200.00
1989-11-24	6.47	6.53	6.44	6.53	1244400.00
1989-11-27	6.50	6.53	6.41	6.48	1792000.00
1989-11-28	6.48	6.48	6.37	6.38	1864400.00
1989-11-29	6.36	6.40	6.34	6.35	1402000.00
1989-11-30	6.38	6.40	6.34	6.40	2180800.00
1989-12-01	6.38	6.43	6.32	6.38	2779600.00
1989-12-04	6.34	6.37	6.32	6.32	1402000.00
1989-12-05	6.32	6.35	6.30	6.31	871200.00
1989-12-06	6.31	6.37	6.30	6.37	1396400.00
1989-12-07	6.40	6.42	6.30	6.32	1789600.00
1989-12-08	6.32	6.37	6.24	6.25	1438000.00
1989-12-11	6.21	6.23	6.10	6.17	3393600.00
1989-12-12	6.22	6.24	6.18	6.22	2227600.00
1989-12-13	6.23	6.35	6.23	6.32	2500000.00
1989-12-14	6.30	6.31	6.23	6.25	1576000.00
1989-12-15	6.26	6.28	6.21	6.26	2381600.00
1989-12-18	6.30	6.34	6.21	6.23	1964400.00
1989-12-19	6.21	6.25	6.18	6.22	1647600.00
1989-12-20	6.23	6.25	6.16	6.17	1693600.00
1989-12-21	6.17	6.21	6.17	6.19	1143200.00
1989-12-22	6.18	6.29	6.18	6.26	1006000.00
1989-12-26	6.29	6.31	6.26	6.30	714400.00
1989-12-27	6.32	6.42	6.30	6.38	1216000.00
1989-12-28	6.37	6.47	6.36	6.47	1161200.00
1989-12-29	6.48	6.54	6.47	6.54	1328000.00
1990-01-02	6.53	6.58	6.47	6.56	1581600.00
1990-01-03	6.54	6.61	6.52	6.56	3324800.00
1990-01-04	6.55	6.56	6.50	6.53	4411200.00
1990-01-05	6.53	6.53	6.42	6.46	4626800.00
1990-01-08	6.43	6.47	6.38	6.46	1675600.00
1990-01-09	6.46	6.47	6.36	6.38	1365200.00
1990-01-10	6.38	6.43	6.37	6.38	1611200.00
1990-01-11	6.40	6.47	6.37	6.37	1078000.00
1990-01-12	6.30	6.35	6.18	6.21	2512000.00
1990-01-15	6.13	6.21	6.12	6.13	1354400.00
1990-01-16	6.10	6.25	6.07	6.25	2786000.00
1990-01-17	6.26	6.35	6.18	6.23	1345200.00
1990-01-18	6.15	6.28	6.12	6.26	2311200.00
1990-01-19	6.28	6.34	6.26	6.26	1948800.00
1990-01-22	6.26	6.29	6.11	6.13	1540400.00
1990-01-23	6.17	6.17	6.01	6.12	1561200.00
1990-01-24	5.99	6.11	5.98	6.10	2026800.00
1990-01-25	6.06	6.12	6.00	6.01	1716400.00
1990-01-26	6.03	6.04	5.84	5.91	2181200.00
1990-01-29	5.95	6.00	5.84	5.93	1443600.00
1990-01-30	5.94	5.97	5.84	5.92	1468400.00
1990-01-31	5.95	6.03	5.94	6.03	1862800.00
1990-02-01	6.03	6.05	5.99	6.00	2898000.00
1990-02-02	5.99	6.19	5.98	6.13	2850000.00
1990-02-05	6.15	6.19	6.10	6.13	1864400.00
1990-02-06	6.13	6.13	5.99	6.03	1008800.00
1990-02-07	5.92	6.12	5.90	6.11	1370000.00
1990-02-08	6.09	6.12	6.01	6.07	792000.00
1990-02-09	6.09	6.10	5.98	6.03	1256000.00
1990-02-12	6.04	6.05	5.96	5.96	875600.00
1990-02-13	5.91	6.01	5.90	5.98	1800800.00
1990-02-14	5.99	6.01	5.96	5.98	544400.00
1990-02-15	5.98	6.04	5.97	6.03	1249200.00
1990-02-16	6.04	6.05	5.92	5.98	1732000.00
1990-02-20	5.92	5.96	5.87	5.92	1158400.00
1990-02-21	5.86	5.91	5.84	5.90	1489200.00
1990-02-22	5.91	5.92	5.77	5.77	1751200.00
1990-02-23	5.72	5.79	5.65	5.68	2007200.00
1990-02-26	5.67	5.80	5.66	5.79	2487200.00
1990-02-27	5.81	5.86	5.79	5.79	2992000.00
1990-02-28	5.81	5.84	5.79	5.80	1621600.00
1990-03-01	5.86	5.93	5.80	5.90	1807200.00
1990-03-02	5.93	6.01	5.87	5.95	1276000.00
1990-03-05	5.98	6.02	5.92	5.95	1276000.00
1990-03-06	5.96	6.01	5.93	6.01	1002400.00
1990-03-07	6.02	6.03	5.97	6.02	1419200.00
1990-03-08	6.04	6.09	6.02	6.08	2642800.00
1990-03-09	6.05	6.08	6.02	6.04	975200.00
1990-03-12	5.96	6.07	5.96	6.05	1215600.00
1990-03-13	5.96	6.03	5.92	5.95	1886000.00
1990-03-14	5.96	5.98	5.83	5.93	1141600.00
1990-03-15	5.95	6.05	5.93	6.04	2280000.00
1990-03-16	6.10	6.11	6.08	6.09	3302000.00
1990-03-19	6.03	6.10	6.03	6.09	1396800.00
1990-03-20	6.03	6.11	6.03	6.09	3576000.00
1990-03-21	6.10	6.11	5.98	6.01	900800.00
1990-03-22	5.92	5.98	5.87	5.95	2378800.00
1990-03-23	5.96	5.98	5.93	5.95	1900400.00
1990-03-26	6.08	6.08	6.02	6.04	3750000.00
1990-03-27	6.03	6.25	6.02	6.23	2919600.00
1990-03-28	6.21	6.31	6.19	6.22	1617600.00
1990-03-29	6.25	6.28	6.20	6.21	2705200.00
1990-03-30	6.22	6.23	6.11	6.21	1451600.00
1990-04-02	6.13	6.22	6.11	6.22	1537200.00
1990-04-03	6.26	6.32	6.25	6.31	2120000.00
1990-04-04	6.33	6.43	6.32	6.35	2836800.00
1990-04-05	6.41	6.46	6.40	6.41	2432800.00
1990-04-06	6.46	6.46	6.38	6.41	963200.00
1990-04-09	6.39	6.50	6.39	6.44	1295200.00
1990-04-10	6.41	6.50	6.41	6.47	1904000.00
1990-04-11	6.50	6.51	6.47	6.50	1373600.00
1990-04-12	6.51	6.61	6.51	6.58	3632800.00
1990-04-16	6.63	6.64	6.43	6.46	5826400.00
1990-04-17	6.47	6.52	6.44	6.51	1969200.00
1990-04-18	6.53	6.55	6.40	6.41	1271200.00
1990-04-19	6.38	6.44	6.33	6.33	1967200.00
1990-04-20	6.31	6.34	6.26	6.27	1458400.00
1990-04-23	6.26	6.26	6.20	6.21	3012800.00
1990-04-24	6.26	6.29	6.21	6.26	1441600.00
1990-04-25	6.31	6.35	6.28	6.33	1454000.00
1990-04-26	6.34	6.46	6.33	6.45	2192000.00
1990-04-27	6.45	6.46	6.31	6.31	1955200.00
1990-04-30	6.28	6.35	6.23	6.35	2012800.00
1990-05-01	6.38	6.44	6.34	6.43	1645600.00
1990-05-02	6.41	6.47	6.41	6.46	1719200.00
1990-05-03	6.46	6.53	6.46	6.51	2184400.00
1990-05-04	6.53	6.56	6.50	6.55	3035600.00
1990-05-07	6.58	6.63	6.58	6.61	1610800.00
1990-05-08	6.58	6.62	6.58	6.61	1386800.00
1990-05-09	6.60	6.67	6.60	6.67	4452800.00
1990-05-10	6.69	6.75	6.68	6.73	2650400.00
1990-05-11	6.79	6.94	6.78	6.94	5518400.00
1990-05-14	7.02	7.09	7.01	7.02	4948800.00
1990-05-15	7.01	7.03	6.94	6.94	2873600.00
1990-05-16	7.00	7.04	6.96	6.98	2035200.00
1990-05-17	7.00	7.03	6.96	6.98	2794000.00
1990-05-18	7.00	7.02	6.95	6.98	2229600.00
1990-05-21	6.95	7.15	6.95	7.14	2142400.00
1990-05-22	7.15	7.35	7.13	7.35	3262400.00
1990-05-23	7.32	7.54	7.31	7.48	2540800.00
1990-05-24	7.52	7.52	7.33	7.37	1833600.00
1990-05-25	7.35	7.42	7.29	7.30	1881600.00
1990-05-29	7.32	7.50	7.32	7.50	2087200.00
1990-05-30	7.55	7.58	7.50	7.55	2542400.00
1990-05-31	7.56	7.60	7.53	7.56	2217600.00
1990-06-01	7.54	7.55	7.43	7.46	3344000.00
1990-06-04	7.49	7.52	7.44	7.48	2124000.00
1990-06-05	7.48	7.59	7.47	7.52	1612400.00
1990-06-06	7.52	7.52	7.44	7.44	1305600.00
1990-06-07	7.44	7.47	7.38	7.38	1303600.00
1990-06-08	7.36	7.37	7.26	7.26	1378800.00
1990-06-11	7.20	7.46	7.20	7.42	1262000.00
1990-06-12	7.37	7.66	7.37	7.59	2033600.00
1990-06-13	7.54	7.62	7.49	7.52	1568400.00
1990-06-14	7.54	7.61	7.53	7.56	1252000.00
1990-06-15	7.52	7.56	7.49	7.54	2722800.00
1990-06-18	7.50	7.53	7.39	7.39	2949200.00
1990-06-19	7.39	7.46	7.36	7.44	2245200.00
1990-06-20	7.49	7.50	7.42	7.46	1183200.00
1990-06-21	7.46	7.64	7.41	7.64	2738000.00
1990-06-22	7.65	7.89	7.65	7.68	4046400.00
1990-06-25	7.73	7.84	7.65	7.66	2615200.00
1990-06-26	7.78	7.81	7.66	7.67	2644000.00
1990-06-27	7.67	7.88	7.66	7.83	2048800.00
1990-06-28	7.95	8.11	7.95	8.10	2804400.00
1990-06-29	8.10	8.11	8.02	8.03	1972800.00
1990-07-02	8.02	8.10	7.99	8.08	1544400.00
1990-07-03	8.07	8.22	8.06	8.19	1664800.00
1990-07-05	8.22	8.39	8.22	8.34	3637600.00
1990-07-06	8.29	8.48	8.26	8.36	4182800.00
1990-07-09	8.36	8.37	8.22	8.31	1975200.00
1990-07-10	8.26	8.28	8.13	8.19	1923600.00
1990-07-11	8.26	8.40	8.23	8.40	2199600.00
1990-07-12	8.36	8.46	8.35	8.46	1953200.00
1990-07-13	8.46	8.64	8.46	8.55	4705600.00
1990-07-16	8.54	8.74	8.54	8.68	2385600.00
1990-07-17	8.70	8.72	8.48	8.59	2662400.00
1990-07-18	8.29	8.39	8.19	8.22	6362000.00
1990-07-19	8.22	8.31	8.00	8.28	5403600.00
1990-07-20	8.28	8.41	8.22	8.23	2882400.00
1990-07-23	8.19	8.20	7.85	8.12	4024400.00
1990-07-24	8.05	8.13	7.93	8.06	2918400.00
1990-07-25	8.04	8.12	7.99	8.12	3314800.00
1990-07-26	8.11	8.11	7.68	7.70	6524000.00
1990-07-27	7.78	7.91	7.64	7.78	7650400.00
1990-07-30	7.76	8.00	7.75	8.00	3640400.00
1990-07-31	8.01	8.11	7.95	8.05	3326400.00
1990-08-01	8.07	8.18	8.01	8.18	3350400.00
1990-08-02	8.05	8.11	7.97	7.99	10236000.00
1990-08-03	7.83	7.83	7.47	7.73	7299600.00
1990-08-06	7.54	7.66	7.44	7.59	3651200.00
1990-08-07	7.66	7.67	7.31	7.32	5148800.00
1990-08-08	7.44	7.59	7.41	7.58	5932400.00
1990-08-09	7.55	7.63	7.53	7.58	2664000.00
1990-08-10	7.55	7.57	7.28	7.31	5007200.00
1990-08-13	7.24	7.41	7.13	7.37	2862800.00
1990-08-14	7.38	7.41	7.32	7.32	2961200.00
1990-08-15	7.43	7.43	7.31	7.35	2161600.00
1990-08-16	7.29	7.29	6.95	6.95	3617600.00
1990-08-17	6.87	7.11	6.85	7.09	5638000.00
1990-08-20	7.07	7.12	6.97	7.06	2480400.00
1990-08-21	7.00	7.02	6.83	6.97	2913200.00
1990-08-22	7.02	7.03	6.85	6.85	2066000.00
1990-08-23	6.70	6.79	6.61	6.66	18641200.00
1990-08-24	6.70	6.78	6.58	6.70	2818400.00
1990-08-27	6.97	7.14	6.97	7.03	2646800.00
1990-08-28	7.03	7.19	7.03	7.14	2412000.00
1990-08-29	7.17	7.35	7.17	7.32	2870400.00
1990-08-30	7.36	7.36	7.23	7.26	1981200.00
1990-08-31	7.29	7.31	7.17	7.30	2566400.00
1990-09-04	7.25	7.28	7.20	7.28	1131200.00
1990-09-05	7.28	7.31	7.20	7.23	1262400.00
1990-09-06	7.18	7.24	7.07	7.12	1835200.00
1990-09-07	7.13	7.20	7.07	7.15	1416400.00
1990-09-10	7.28	7.32	7.21	7.31	1384000.00
1990-09-11	7.34	7.38	7.26	7.34	1762400.00
1990-09-12	7.36	7.37	7.30	7.34	1156800.00
1990-09-13	7.34	7.34	7.13	7.14	1834400.00
1990-09-14	7.09	7.09	7.01	7.08	2944800.00
1990-09-17	7.02	7.17	7.01	7.08	2028400.00
1990-09-18	7.06	7.18	7.04	7.18	2428400.00
1990-09-19	7.19	7.21	6.98	7.00	2363600.00
1990-09-20	7.00	7.00	6.81	6.83	1724000.00
1990-09-21	6.78	6.92	6.78	6.87	2416000.00
1990-09-24	6.84	6.86	6.75	6.84	1701600.00
1990-09-25	6.85	7.04	6.81	7.02	1973200.00
1990-09-26	7.00	7.02	6.90	6.97	1294800.00
1990-09-27	7.07	7.08	6.79	6.80	1809600.00
1990-09-28	6.68	7.00	6.67	6.95	2059200.00
1990-10-01	7.02	7.26	7.01	7.26	3792800.00
1990-10-02	7.31	7.35	7.21	7.21	2583600.00
1990-10-03	7.19	7.23	7.00	7.07	2070800.00
1990-10-04	7.04	7.30	7.02	7.30	1961200.00
1990-10-05	7.09	7.40	7.08	7.30	2709200.00
1990-10-08	7.36	7.42	7.32	7.42	1330800.00
1990-10-09	7.40	7.41	7.11	7.12	1948800.00
1990-10-10	7.17	7.32	7.12	7.17	1864400.00
1990-10-11	7.17	7.25	7.06	7.11	3058400.00
1990-10-12	7.19	7.26	7.11	7.18	2326400.00
1990-10-15	7.23	7.41	7.11	7.40	2587200.00
1990-10-16	7.38	7.42	7.24	7.26	1960800.00
1990-10-17	7.29	7.37	7.26	7.34	4518800.00
1990-10-18	7.38	7.59	7.36	7.58	4076000.00
1990-10-19	7.77	7.77	7.04	7.19	10055600.00
1990-10-22	7.21	7.45	7.21	7.36	2960800.00
1990-10-23	7.32	7.34	7.28	7.29	1931600.00
1990-10-24	7.26	7.28	7.14	7.19	1776400.00
1990-10-25	7.24	7.24	7.11	7.18	1360000.00
1990-10-26	7.17	7.17	7.09	7.09	2055600.00
1990-10-29	7.12	7.18	6.87	6.91	2374400.00
1990-10-30	6.94	6.98	6.70	6.74	3231200.00
1990-10-31	6.75	6.83	6.41	6.55	5718800.00
1990-11-01	6.49	6.62	6.38	6.61	3555600.00
1990-11-02	6.62	6.75	6.61	6.64	2174400.00
1990-11-05	6.68	6.84	6.68	6.83	4922400.00
1990-11-06	6.83	6.86	6.66	6.69	2304400.00
1990-11-07	6.67	6.80	6.64	6.66	4226800.00
1990-11-08	6.67	6.77	6.60	6.70	1912000.00
1990-11-09	6.71	6.81	6.67	6.79	1733200.00
1990-11-12	6.87	6.89	6.79	6.84	2502000.00
1990-11-13	6.86	6.92	6.82	6.84	1680400.00
1990-11-14	6.83	7.00	6.82	6.98	2311600.00
1990-11-15	6.92	6.97	6.87	6.87	2057600.00
1990-11-16	6.86	6.90	6.76	6.79	2324400.00
1990-11-19	6.75	6.76	6.65	6.68	4004800.00
1990-11-20	6.65	6.65	6.45	6.45	5518000.00
1990-11-21	6.55	6.70	6.50	6.70	5364000.00
1990-11-23	6.77	6.84	6.77	6.83	2050800.00
1990-11-26	6.83	7.04	6.75	7.04	6226400.00
1990-11-27	7.14	7.20	7.06	7.17	3520000.00
1990-11-28	7.16	7.17	6.99	6.99	1852800.00
1990-11-29	6.99	7.15	6.99	7.14	2186800.00
1990-11-30	7.10	7.23	7.08	7.21	2606400.00
1990-12-03	7.27	7.32	7.23	7.32	2266000.00
1990-12-04	7.32	7.37	7.26	7.37	2138000.00
1990-12-05	7.33	7.50	7.33	7.47	2429200.00
1990-12-06	7.58	7.59	7.28	7.28	2763200.00
1990-12-07	7.33	7.38	7.29	7.37	3910000.00
1990-12-10	7.28	7.45	7.28	7.45	1344000.00
1990-12-11	7.44	7.45	7.32	7.39	762400.00
1990-12-12	7.38	7.55	7.34	7.48	2231200.00
1990-12-13	7.43	7.51	7.39	7.43	2030400.00
1990-12-14	7.43	7.43	7.27	7.28	1955600.00
1990-12-17	7.26	7.27	7.21	7.27	1216400.00
1990-12-18	7.26	7.34	7.26	7.33	1498000.00
1990-12-19	7.33	7.40	7.33	7.36	1520800.00
1990-12-20	7.28	7.28	7.18	7.26	4913600.00
1990-12-21	7.33	7.33	7.23	7.25	3946400.00
1990-12-24	7.27	7.27	7.23	7.26	1582400.00
1990-12-26	7.27	7.28	7.26	7.28	996800.00
1990-12-27	7.27	7.28	7.16	7.18	1453600.00
1990-12-28	7.14	7.17	7.03	7.04	1388800.00
1990-12-31	7.05	7.16	6.98	7.16	1445200.00
1991-01-02	7.16	7.20	7.10	7.11	3286400.00
1991-01-03	7.10	7.16	6.99	6.99	2211200.00
1991-01-04	6.97	6.99	6.87	6.97	2610000.00
1991-01-07	6.87	6.93	6.77	6.77	2542000.00
1991-01-08	6.77	6.81	6.71	6.77	2680000.00
1991-01-09	6.84	6.97	6.77	6.82	4016000.00
1991-01-10	6.86	6.87	6.71	6.75	3117200.00
1991-01-11	6.76	6.77	6.62	6.75	2189200.00
1991-01-14	6.70	6.75	6.60	6.75	2369200.00
1991-01-15	6.71	6.79	6.68	6.79	2739200.00
1991-01-16	6.79	7.09	6.78	7.05	3401600.00
1991-01-17	7.32	7.33	7.17	7.31	6964800.00
1991-01-18	7.25	7.34	7.21	7.32	3375200.00
1991-01-21	7.26	7.53	7.23	7.51	4794000.00
1991-01-22	7.53	7.58	7.40	7.44	1891200.00
1991-01-23	7.48	7.62	7.48	7.62	2580800.00
1991-01-24	7.64	7.82	7.62	7.82	3438000.00
1991-01-25	7.80	7.81	7.71	7.75	1742000.00
1991-01-28	7.67	7.73	7.58	7.60	1920400.00
1991-01-29	7.62	7.67	7.56	7.59	1215600.00
1991-01-30	7.53	7.75	7.53	7.66	2536000.00
1991-01-31	7.58	7.73	7.56	7.62	2192800.00
1991-02-01	7.62	7.64	7.39	7.43	4749600.00
1991-02-04	7.42	7.55	7.39	7.50	5491200.00
1991-02-05	7.48	7.51	7.40	7.40	6306000.00
1991-02-06	7.38	7.44	7.27	7.44	8296800.00
1991-02-07	7.43	7.47	7.22	7.27	8436400.00
1991-02-08	7.36	7.63	7.34	7.61	5885600.00
1991-02-11	7.58	7.87	7.53	7.86	5996000.00
1991-02-12	7.77	7.93	7.69	7.71	4879200.00
1991-02-13	7.71	7.87	7.58	7.87	3605600.00
1991-02-14	7.92	8.09	7.90	7.95	6074400.00
1991-02-15	7.97	8.16	7.96	8.08	4146000.00
1991-02-19	8.03	8.12	7.92	8.00	2690800.00
1991-02-20	7.95	7.98	7.82	7.82	2234800.00
1991-02-21	7.77	7.95	7.74	7.85	1958000.00
1991-02-22	7.72	7.92	7.69	7.85	5571600.00
1991-02-25	7.92	8.04	7.87	7.92	2851600.00
1991-02-26	7.92	8.00	7.87	7.92	2565600.00
1991-02-27	7.93	8.02	7.90	7.92	2934400.00
1991-02-28	7.92	7.92	7.72	7.77	4622400.00
1991-03-01	7.77	8.06	7.75	8.01	5157600.00
1991-03-04	8.12	8.18	8.07	8.14	3622000.00
1991-03-05	8.18	8.33	8.17	8.30	3235600.00
1991-03-06	8.36	8.38	8.06	8.06	2909600.00
1991-03-07	8.09	8.24	8.09	8.17	2614400.00
1991-03-08	8.27	8.30	8.13	8.14	2288400.00
1991-03-11	8.17	8.19	8.12	8.19	926800.00
1991-03-12	8.16	8.19	7.92	7.93	2204000.00
1991-03-13	7.96	8.00	7.88	7.90	2084400.00
1991-03-14	7.93	8.03	7.88	7.93	3142400.00
1991-03-15	7.96	7.96	7.81	7.90	3394800.00
1991-03-18	7.82	7.90	7.72	7.77	2005600.00
1991-03-19	7.70	7.71	7.43	7.52	5392000.00
1991-03-20	7.56	7.66	7.54	7.66	4075600.00
1991-03-21	7.66	7.70	7.47	7.56	7143600.00
1991-03-22	7.63	7.63	7.38	7.45	6478400.00
1991-03-25	7.48	7.54	7.48	7.54	2920800.00
1991-03-26	7.58	7.77	7.58	7.77	2422000.00
1991-03-27	7.87	7.90	7.69	7.72	2907200.00
1991-03-28	7.72	7.75	7.66	7.70	1557200.00
1991-04-01	7.80	7.88	7.75	7.80	5358400.00
1991-04-02	7.79	8.09	7.79	8.04	2360800.00
1991-04-03	8.07	8.19	8.04	8.17	3092000.00
1991-04-04	8.17	8.22	8.11	8.20	1989600.00
1991-04-05	8.24	8.25	8.08	8.16	2566000.00
1991-04-08	8.14	8.14	8.06	8.09	1390400.00
1991-04-09	8.08	8.12	7.95	8.02	1900400.00
1991-04-10	8.01	8.02	7.85	7.87	1612000.00
1991-04-11	7.90	8.00	7.88	7.88	2014800.00
1991-04-12	7.90	7.96	7.87	7.90	1890000.00
1991-04-15	7.92	8.03	7.85	8.03	2715600.00
1991-04-16	8.02	8.27	8.01	8.24	2845600.00
1991-04-17	8.24	8.25	8.16	8.16	2484800.00
1991-04-18	8.04	8.20	8.02	8.09	1506000.00
1991-04-19	8.03	8.03	7.85	7.87	4314800.00
1991-04-22	7.85	7.86	7.68	7.74	4026000.00
1991-04-23	7.74	7.91	7.74	7.80	3333200.00
1991-04-24	7.77	7.84	7.70	7.74	2779200.00
1991-04-25	7.77	7.92	7.75	7.80	3266400.00
1991-04-26	7.81	7.84	7.74	7.74	1545200.00
1991-04-29	7.71	7.72	7.54	7.55	3025600.00
1991-04-30	7.60	7.63	7.48	7.55	4506800.00
1991-05-01	7.56	7.74	7.53	7.74	3236000.00
1991-05-02	7.77	7.77	7.64	7.66	1971600.00
1991-05-03	7.61	7.64	7.56	7.63	1385600.00
1991-05-06	7.63	7.63	7.48	7.58	3034000.00
1991-05-07	7.58	7.61	7.49	7.49	3212400.00
1991-05-08	7.49	7.53	7.42	7.52	3961600.00
1991-05-09	7.55	7.66	7.49	7.63	2495200.00
1991-05-10	7.68	7.85	7.60	7.68	4259200.00
1991-05-13	7.78	7.87	7.76	7.85	2075200.00
1991-05-14	7.82	7.84	7.64	7.69	1772800.00
1991-05-15	7.65	7.69	7.50	7.53	2258400.00
1991-05-16	7.63	7.64	7.56	7.63	1559600.00
1991-05-17	7.61	7.63	7.54	7.56	2127600.00
1991-05-20	7.58	7.64	7.56	7.60	1590800.00
1991-05-21	7.70	7.84	7.68	7.79	2138000.00
1991-05-22	7.81	7.92	7.79	7.92	2303600.00
1991-05-23	7.94	8.00	7.87	7.92	2562400.00
1991-05-24	7.87	7.96	7.87	7.89	1807600.00
1991-05-28	7.95	8.02	7.90	8.01	3712800.00
1991-05-29	8.02	8.02	7.95	7.99	1492800.00
1991-05-30	8.07	8.10	7.91	7.92	3546800.00
1991-05-31	7.92	7.94	7.85	7.87	2889600.00
1991-06-03	7.87	7.90	7.68	7.68	2814000.00
1991-06-04	7.63	7.78	7.63	7.76	1681200.00
1991-06-05	7.78	7.79	7.70	7.70	1800800.00
1991-06-06	7.71	7.74	7.68	7.68	1670000.00
1991-06-07	7.69	7.70	7.56	7.61	2596800.00
1991-06-10	7.61	7.63	7.50	7.56	3239600.00
1991-06-11	7.56	7.63	7.49	7.52	2142800.00
1991-06-12	7.52	7.52	7.37	7.42	3572000.00
1991-06-13	7.44	7.44	7.37	7.37	2093200.00
1991-06-14	7.42	7.45	7.37	7.39	3049200.00
1991-06-17	7.38	7.40	7.33	7.33	2801600.00
1991-06-18	7.33	7.37	7.28	7.32	3482800.00
1991-06-19	7.28	7.28	7.21	7.24	2564400.00
1991-06-20	7.26	7.34	7.26	7.34	2557600.00
1991-06-21	7.30	7.39	7.27	7.39	3461200.00
1991-06-24	7.40	7.42	7.28	7.32	2197200.00
1991-06-25	7.35	7.37	7.18	7.22	2282800.00
1991-06-26	7.18	7.27	7.08	7.22	3056800.00
1991-06-27	7.26	7.28	7.22	7.23	2344800.00
1991-06-28	7.22	7.23	7.09	7.12	2257600.00
1991-07-01	7.21	7.32	7.19	7.32	2975200.00
1991-07-02	7.30	7.38	7.30	7.32	2465600.00
1991-07-03	7.30	7.35	7.28	7.35	3193600.00
1991-07-05	7.35	7.40	7.34	7.39	924000.00
1991-07-08	7.33	7.45	7.33	7.43	3825600.00
1991-07-09	7.45	7.47	7.29	7.33	2300800.00
1991-07-10	7.38	7.39	7.16	7.19	4432400.00
1991-07-11	7.11	7.12	6.88	7.08	9028400.00
1991-07-12	7.03	7.08	6.95	7.03	4379600.00
1991-07-15	7.08	7.18	7.04	7.16	2715600.00
1991-07-16	7.13	7.28	7.11	7.24	3151200.00
1991-07-17	7.28	7.30	7.27	7.27	2455200.00
1991-07-18	7.28	7.32	7.26	7.32	2455600.00
1991-07-19	7.34	7.35	7.24	7.29	1931200.00
1991-07-22	7.35	7.35	7.28	7.28	2396000.00
1991-07-23	7.28	7.32	7.21	7.21	3048800.00
1991-07-24	7.23	7.23	7.18	7.21	2010000.00
1991-07-25	7.23	7.30	7.16	7.24	2294400.00
1991-07-26	7.24	7.28	7.23	7.26	1818000.00
1991-07-29	7.26	7.30	7.21	7.29	2208400.00
1991-07-30	7.32	7.43	7.30	7.42	2664000.00
1991-07-31	7.48	7.60	7.44	7.56	3252800.00
1991-08-01	7.58	7.59	7.52	7.55	2428000.00
1991-08-02	7.64	7.82	7.61	7.82	4418000.00
1991-08-05	7.81	7.82	7.73	7.79	2314400.00
1991-08-06	7.78	7.87	7.78	7.85	3327600.00
1991-08-07	7.86	7.97	7.85	7.91	2880400.00
1991-08-08	7.94	8.00	7.85	7.85	2652000.00
1991-08-09	7.90	7.96	7.89	7.91	2012000.00
1991-08-12	7.92	7.97	7.91	7.92	1900000.00
1991-08-13	7.94	7.95	7.77	7.77	3512000.00
1991-08-14	7.79	7.94	7.79	7.87	2252000.00
1991-08-15	7.92	8.01	7.90	7.92	2558800.00
1991-08-16	7.90	7.94	7.75	7.86	2402400.00
1991-08-19	7.59	7.81	7.59	7.71	2973600.00
1991-08-20	7.82	7.86	7.77	7.82	1852400.00
1991-08-21	7.92	8.25	7.91	8.17	3792400.00
1991-08-22	8.15	8.16	7.95	8.04	5601600.00
1991-08-23	8.04	8.16	8.02	8.12	2013600.00
1991-08-26	8.12	8.16	8.05	8.15	1575600.00
1991-08-27	8.16	8.31	8.15	8.31	2648000.00
1991-08-28	8.32	8.41	8.31	8.36	2640000.00
1991-08-29	8.37	8.41	8.29	8.41	1954000.00
1991-08-30	8.39	8.42	8.27	8.37	1631200.00
1991-09-03	8.40	8.45	8.20	8.20	2154800.00
1991-09-04	8.20	8.22	8.10	8.11	1867600.00
1991-09-05	8.11	8.14	8.06	8.07	1579600.00
1991-09-06	8.07	8.11	7.99	8.00	2203600.00
1991-09-09	7.99	8.06	7.99	8.05	868800.00
1991-09-10	8.07	8.10	7.97	8.00	1468400.00
1991-09-11	8.02	8.02	7.95	7.96	1221200.00
1991-09-12	8.01	8.15	8.00	8.14	2453200.00
1991-09-13	8.19	8.19	8.02	8.10	2685600.00
1991-09-16	8.10	8.10	8.05	8.10	1892800.00
1991-09-17	8.07	8.10	8.05	8.09	1723600.00
1991-09-18	8.07	8.27	8.06	8.27	1538400.00
1991-09-19	8.17	8.25	8.11	8.22	2370800.00
1991-09-20	8.26	8.31	8.15	8.29	3355600.00
1991-09-23	8.34	8.40	8.11	8.11	3618000.00
1991-09-24	8.14	8.14	7.91	8.09	4200800.00
1991-09-25	8.05	8.06	7.92	7.95	1424400.00
1991-09-26	7.94	8.05	7.92	8.01	2004800.00
1991-09-27	8.00	8.11	7.90	7.90	1610000.00
1991-09-30	7.92	7.97	7.86	7.95	1725200.00
1991-10-01	7.97	8.00	7.94	8.00	1579600.00
1991-10-02	7.99	8.12	7.99	8.07	1408000.00
1991-10-03	7.97	7.99	7.87	7.92	2372400.00
1991-10-04	7.90	7.99	7.87	7.87	2169600.00
1991-10-07	7.85	7.86	7.75	7.79	1088000.00
1991-10-08	7.81	7.82	7.73	7.75	1674000.00
1991-10-09	7.71	7.74	7.60	7.63	2077600.00
1991-10-10	7.63	7.71	7.55	7.71	1980400.00
1991-10-11	7.73	7.75	7.63	7.65	2809200.00
1991-10-14	7.65	7.66	7.58	7.64	2878400.00
1991-10-15	7.64	7.82	7.64	7.82	1682000.00
1991-10-16	7.80	7.80	7.70	7.77	1373600.00
1991-10-17	7.75	7.75	7.69	7.73	1098400.00
1991-10-18	7.48	7.49	7.33	7.35	12228400.00
1991-10-21	7.34	7.35	7.26	7.29	5653600.00
1991-10-22	7.29	7.36	7.28	7.35	4921200.00
1991-10-23	7.43	7.55	7.40	7.55	3487600.00
1991-10-24	7.56	7.59	7.43	7.45	2860400.00
1991-10-25	7.46	7.56	7.45	7.48	2622800.00
1991-10-28	7.56	7.63	7.51	7.56	2493600.00
1991-10-29	7.58	7.59	7.46	7.46	3020000.00
1991-10-30	7.53	7.56	7.51	7.54	2711200.00
1991-10-31	7.56	7.73	7.54	7.66	1878000.00
1991-11-01	7.68	7.75	7.66	7.74	2465200.00
1991-11-04	7.71	7.73	7.65	7.69	1430400.00
1991-11-05	7.68	7.75	7.64	7.66	1425200.00
1991-11-06	7.65	7.70	7.63	7.68	1571200.00
1991-11-07	7.68	7.71	7.64	7.71	1418000.00
1991-11-08	7.75	7.79	7.60	7.64	1600400.00
1991-11-11	7.68	7.71	7.66	7.71	1212800.00
1991-11-12	7.73	7.80	7.68	7.70	2574800.00
1991-11-13	7.66	7.70	7.60	7.70	2255200.00
1991-11-14	7.69	7.80	7.69	7.75	2385200.00
1991-11-15	7.75	7.75	7.41	7.52	2526800.00
1991-11-18	7.50	7.52	7.29	7.47	3783200.00
1991-11-19	7.35	7.45	7.27	7.36	3088800.00
1991-11-20	7.37	7.52	7.31	7.52	2682400.00
1991-11-21	7.50	7.52	7.37	7.44	1777200.00
1991-11-22	7.45	7.52	7.36	7.40	2846000.00
1991-11-25	7.45	7.51	7.40	7.45	1920000.00
1991-11-26	7.45	7.49	7.39	7.44	2491600.00
1991-11-27	7.42	7.46	7.39	7.39	1521600.00
1991-11-29	7.39	7.40	7.35	7.37	842000.00
1991-12-02	7.32	7.47	7.27	7.47	1771200.00
1991-12-03	7.42	7.47	7.40	7.45	1882000.00
1991-12-04	7.45	7.49	7.39	7.47	2363600.00
1991-12-05	7.42	7.46	7.39	7.45	1792400.00
1991-12-06	7.42	7.54	7.42	7.47	3362400.00
1991-12-09	7.47	7.51	7.41	7.44	1790000.00
1991-12-10	7.44	7.47	7.39	7.44	2118000.00
1991-12-11	7.44	7.56	7.42	7.50	1532800.00
1991-12-12	7.51	7.62	7.51	7.59	2175200.00
1991-12-13	7.65	7.65	7.57	7.59	2118400.00
1991-12-16	7.65	7.74	7.62	7.69	3111600.00
1991-12-17	7.74	7.75	7.69	7.73	1882400.00
1991-12-18	7.71	7.73	7.69	7.71	1444400.00
1991-12-19	7.71	7.75	7.68	7.75	2301600.00
1991-12-20	7.84	7.94	7.78	7.90	4881200.00
1991-12-23	7.91	8.16	7.89	8.11	2012000.00
1991-12-24	8.14	8.23	8.11	8.19	2692800.00
1991-12-26	8.16	8.45	8.16	8.44	2466400.00
1991-12-27	8.44	8.50	8.40	8.50	2600400.00
1991-12-30	8.48	8.52	8.38	8.52	3156800.00
1991-12-31	8.52	8.52	8.28	8.38	2081200.00
1992-01-02	8.40	8.52	8.34	8.52	3566400.00
1992-01-03	8.47	8.58	8.44	8.52	3025600.00
1992-01-06	8.48	8.62	8.48	8.48	2806800.00
1992-01-07	8.47	8.57	8.45	8.57	1674000.00
1992-01-08	8.50	8.74	8.50	8.72	3573600.00
1992-01-09	8.72	8.80	8.70	8.74	3092400.00
1992-01-10	8.69	8.74	8.68	8.72	1724400.00
1992-01-13	8.69	8.73	8.62	8.70	1523200.00
1992-01-14	8.68	8.70	8.58	8.69	2077600.00
1992-01-15	8.70	8.72	8.45	8.49	3381200.00
1992-01-16	8.33	8.38	8.13	8.24	6536400.00
1992-01-17	8.08	8.15	8.05	8.09	4197200.00
1992-01-20	8.03	8.11	7.99	8.08	2738400.00
1992-01-21	8.04	8.06	7.88	7.93	1689200.00
1992-01-22	7.91	8.16	7.91	8.16	2033600.00
1992-01-23	8.21	8.31	8.04	8.05	2458400.00
1992-01-24	8.08	8.16	8.06	8.10	1051200.00
1992-01-27	8.08	8.11	8.00	8.05	1062000.00
1992-01-28	8.04	8.06	7.99	7.99	2037600.00
1992-01-29	7.96	8.06	7.88	7.89	2270800.00
1992-01-30	7.91	8.03	7.91	8.03	1839600.00
1992-01-31	8.01	8.03	7.91	7.91	1840400.00
1992-02-03	7.91	7.93	7.75	7.84	2430400.00
1992-02-04	7.83	7.93	7.76	7.90	2673200.00
1992-02-05	7.95	7.95	7.83	7.85	3372400.00
1992-02-06	7.85	7.86	7.78	7.78	2127200.00
1992-02-07	7.80	7.88	7.79	7.80	2617200.00
1992-02-10	7.88	8.01	7.87	8.01	1730400.00
1992-02-11	7.98	8.01	7.86	7.88	2190400.00
1992-02-12	7.83	7.84	7.70	7.79	4715600.00
1992-02-13	7.81	7.83	7.60	7.65	3748400.00
1992-02-14	7.63	7.73	7.62	7.68	1692000.00
1992-02-18	7.65	7.78	7.58	7.62	2105600.00
1992-02-19	7.59	7.60	7.50	7.54	2980000.00
1992-02-20	7.55	7.62	7.51	7.57	2190800.00
1992-02-21	7.55	7.60	7.36	7.39	4172800.00
1992-02-24	7.36	7.46	7.31	7.46	3097200.00
1992-02-25	7.44	7.49	7.38	7.46	2815600.00
1992-02-26	7.53	7.62	7.51	7.60	3287200.00
1992-02-27	7.60	7.64	7.58	7.60	1907600.00
1992-02-28	7.60	7.68	7.53	7.57	2015600.00
1992-03-02	7.57	7.58	7.38	7.38	2580400.00
1992-03-03	7.41	7.44	7.33	7.41	3202400.00
1992-03-04	7.43	7.44	7.28	7.29	2866400.00
1992-03-05	7.29	7.39	7.26	7.34	1945200.00
1992-03-06	7.35	7.36	7.28	7.29	1693200.00
1992-03-09	7.31	7.38	7.30	7.31	1402400.00
1992-03-10	7.31	7.35	7.30	7.30	1951600.00
1992-03-11	7.30	7.36	7.22	7.26	2164400.00
1992-03-12	7.26	7.28	7.15	7.15	3482400.00
1992-03-13	7.20	7.26	7.17	7.20	1945600.00
1992-03-16	7.25	7.25	7.07	7.17	2750000.00
1992-03-17	7.19	7.29	7.16	7.28	2122800.00
1992-03-18	7.28	7.31	7.20	7.20	1616800.00
1992-03-19	7.25	7.28	7.19	7.19	2086000.00
1992-03-20	7.19	7.22	7.10	7.21	3273600.00
1992-03-23	7.21	7.28	7.20	7.26	1265200.00
1992-03-24	7.26	7.29	7.19	7.22	2716400.00
1992-03-25	7.24	7.25	7.11	7.11	2273200.00
1992-03-26	7.16	7.16	7.10	7.11	1763200.00
1992-03-27	7.09	7.11	7.02	7.06	2812800.00
1992-03-30	7.06	7.12	7.04	7.06	2060800.00
1992-03-31	7.06	7.21	7.05	7.17	2708400.00
1992-04-01	7.17	7.35	7.11	7.33	2429600.00
1992-04-02	7.33	7.34	7.12	7.14	1899200.00
1992-04-03	7.16	7.29	7.14	7.24	2186000.00
1992-04-06	7.26	7.33	7.24	7.29	1245600.00
1992-04-07	7.28	7.30	7.17	7.17	1191200.00
1992-04-08	7.10	7.15	7.04	7.10	3014800.00
1992-04-09	7.11	7.30	7.09	7.28	2307600.00
1992-04-10	7.33	7.36	7.28	7.34	1451200.00
1992-04-13	7.33	7.53	7.29	7.53	1566800.00
1992-04-14	7.53	7.54	7.40	7.41	1996800.00
1992-04-15	7.43	7.44	7.26	7.31	2069600.00
1992-04-16	7.31	7.33	7.15	7.24	2471600.00
1992-04-20	7.21	7.24	7.01	7.05	2947200.00
1992-04-21	7.02	7.04	6.92	6.97	4212400.00
1992-04-22	7.01	7.02	6.85	6.87	4301600.00
1992-04-23	6.92	7.01	6.80	6.85	4121200.00
1992-04-24	6.97	6.98	6.90	6.91	2743200.00
1992-04-27	6.92	6.96	6.88	6.88	1956400.00
1992-04-28	6.88	6.97	6.88	6.97	1413200.00
1992-04-29	6.98	7.15	6.91	6.95	4668800.00
1992-04-30	6.92	6.95	6.78	6.95	4258800.00
1992-05-01	6.97	7.01	6.82	6.92	3787600.00
1992-05-04	6.97	7.02	6.96	6.97	2507200.00
1992-05-05	6.98	7.01	6.97	6.98	1940000.00
1992-05-06	7.02	7.04	6.88	6.88	2509200.00
1992-05-07	6.91	6.93	6.88	6.91	1978000.00
1992-05-08	6.88	6.92	6.80	6.82	2407200.00
1992-05-11	6.83	6.88	6.79	6.86	2887600.00
1992-05-12	6.86	6.88	6.77	6.81	3218400.00
1992-05-13	6.85	6.86	6.79	6.80	1552400.00
1992-05-14	6.79	6.80	6.67	6.70	3074800.00
1992-05-15	6.69	6.72	6.62	6.65	2644000.00
1992-05-18	6.72	6.77	6.71	6.76	1640000.00
1992-05-19	6.72	6.91	6.72	6.91	2314400.00
1992-05-20	6.97	6.97	6.77	6.80	2652800.00
1992-05-21	6.80	6.81	6.69	6.74	1604400.00
1992-05-22	6.77	6.81	6.75	6.81	1190400.00
1992-05-26	6.84	6.84	6.65	6.66	2078000.00
1992-05-27	6.65	6.67	6.61	6.67	2357200.00
1992-05-28	6.70	6.88	6.67	6.86	1839200.00
1992-05-29	6.88	6.89	6.71	6.72	2408000.00
1992-06-01	6.77	6.83	6.70	6.83	1814800.00
1992-06-02	6.75	6.75	6.58	6.58	3311200.00
1992-06-03	6.62	6.72	6.60	6.70	3518400.00
1992-06-04	6.67	6.70	6.62	6.65	1933200.00
1992-06-05	6.65	6.66	6.61	6.63	1575200.00
1992-06-08	6.63	6.65	6.57	6.57	1483600.00
1992-06-09	6.61	6.63	6.57	6.58	3038000.00
1992-06-10	6.58	6.61	6.56	6.58	2556400.00
1992-06-11	6.57	6.66	6.55	6.65	2669600.00
1992-06-12	6.67	6.70	6.62	6.66	1887200.00
1992-06-15	6.61	6.65	6.60	6.62	1831200.00
1992-06-16	6.65	6.72	6.63	6.66	1501600.00
1992-06-17	6.66	6.69	6.58	6.58	1910000.00
1992-06-18	6.60	6.60	6.48	6.49	2749200.00
1992-06-19	6.53	6.57	6.52	6.52	2266800.00
1992-06-22	6.52	6.60	6.49	6.58	1198000.00
1992-06-23	6.65	6.66	6.52	6.56	1482800.00
1992-06-24	6.58	6.60	6.49	6.56	1071200.00
1992-06-25	6.58	6.67	6.51	6.56	1235200.00
1992-06-26	6.57	6.61	6.53	6.57	952000.00
1992-06-29	6.56	6.70	6.55	6.70	2260000.00
1992-06-30	6.71	6.72	6.61	6.63	1517200.00
1992-07-01	6.65	6.79	6.63	6.79	1873200.00
1992-07-02	6.83	6.84	6.70	6.71	1216800.00
1992-07-06	6.72	6.83	6.70	6.83	1681200.00
1992-07-07	6.83	6.83	6.61	6.62	1932800.00
1992-07-08	6.60	6.66	6.55	6.65	1795600.00
1992-07-09	6.67	6.76	6.66	6.74	2261200.00
1992-07-10	6.76	6.76	6.58	6.58	2059200.00
1992-07-13	6.57	6.70	6.55	6.66	2460400.00
1992-07-14	6.63	6.70	6.60	6.60	2474800.00
1992-07-15	6.62	6.79	6.60	6.79	1566800.00
1992-07-16	6.66	6.81	6.63	6.77	2250000.00
1992-07-17	6.76	6.83	6.74	6.81	1977600.00
1992-07-20	6.75	6.80	6.72	6.79	2330000.00
1992-07-21	6.83	6.83	6.74	6.77	1419600.00
1992-07-22	6.75	6.85	6.75	6.83	1768800.00
1992-07-23	6.84	6.85	6.77	6.81	1558800.00
1992-07-24	6.79	7.00	6.79	6.98	2418800.00
1992-07-27	6.95	7.09	6.95	7.08	1646000.00
1992-07-28	7.11	7.21	7.09	7.21	2471200.00
1992-07-29	7.25	7.27	7.19	7.22	2367600.00
1992-07-30	7.22	7.23	7.19	7.22	1182400.00
1992-07-31	7.18	7.23	7.18	7.19	1159200.00
1992-08-03	7.21	7.32	7.18	7.31	1423600.00
1992-08-04	7.31	7.33	7.27	7.32	1104000.00
1992-08-05	7.33	7.33	7.30	7.31	1332800.00
1992-08-06	7.28	7.31	7.23	7.25	990800.00
1992-08-07	7.23	7.32	7.22	7.23	1805200.00
1992-08-10	7.23	7.24	7.12	7.16	1304800.00
1992-08-11	7.14	7.23	7.08	7.21	1784400.00
1992-08-12	7.19	7.19	7.10	7.12	1618400.00
1992-08-13	7.12	7.14	7.08	7.14	1385600.00
1992-08-14	7.12	7.21	7.11	7.19	954800.00
1992-08-17	7.16	7.23	7.16	7.21	1320400.00
1992-08-18	7.19	7.23	7.17	7.21	1771200.00
1992-08-19	7.16	7.17	7.06	7.07	1723200.00
1992-08-20	7.05	7.07	6.98	6.98	1256800.00
1992-08-21	6.99	7.01	6.84	6.85	1454000.00
1992-08-24	6.83	6.90	6.81	6.84	1126400.00
1992-08-25	6.84	6.89	6.81	6.88	812000.00
1992-08-26	6.88	6.89	6.81	6.83	906000.00
1992-08-27	6.83	6.85	6.74	6.75	2123600.00
1992-08-28	6.78	6.78	6.70	6.72	1622000.00
1992-08-31	6.72	6.72	6.67	6.69	802400.00
1992-09-01	6.67	6.87	6.67	6.85	1901200.00
1992-09-02	6.85	6.87	6.78	6.80	1286400.00
1992-09-03	6.81	6.83	6.76	6.81	1800800.00
1992-09-04	6.84	6.87	6.78	6.78	1189600.00
1992-09-08	6.90	6.90	6.80	6.80	2185600.00
1992-09-09	6.79	6.84	6.76	6.81	1245600.00
1992-09-10	6.83	6.88	6.81	6.87	1252000.00
1992-09-11	6.87	6.90	6.84	6.90	1732800.00
1992-09-14	6.96	7.01	6.93	6.99	2192800.00
1992-09-15	6.97	7.02	6.93	6.97	1564800.00
1992-09-16	6.93	7.05	6.93	7.02	1364800.00
1992-09-17	7.05	7.06	6.96	6.98	925200.00
1992-09-18	6.98	6.99	6.85	6.85	1977600.00
1992-09-21	6.88	6.89	6.81	6.84	692800.00
1992-09-22	6.80	6.81	6.74	6.75	1165200.00
1992-09-23	6.75	6.78	6.71	6.75	1097600.00
1992-09-24	6.75	6.83	6.70	6.74	842400.00
1992-09-25	6.72	6.75	6.48	6.52	2636400.00
1992-09-28	6.52	6.52	6.37	6.44	2156400.00
1992-09-29	6.42	6.43	6.29	6.39	3246800.00
1992-09-30	6.39	6.44	6.39	6.43	1335200.00
1992-10-01	6.44	6.46	6.31	6.38	1869200.00
1992-10-02	6.37	6.40	6.21	6.22	2312400.00
1992-10-05	6.11	6.38	6.03	6.37	5493200.00
1992-10-06	6.37	6.37	6.13	6.17	2276800.00
1992-10-07	6.19	6.28	6.17	6.17	2023600.00
1992-10-08	6.20	6.28	6.16	6.25	2374000.00
1992-10-09	6.24	6.26	6.11	6.11	2217200.00
1992-10-12	6.16	6.21	6.16	6.21	1224000.00
1992-10-13	6.22	6.28	6.17	6.17	1284400.00
1992-10-14	6.17	6.29	6.17	6.22	1806400.00
1992-10-15	6.20	6.29	6.19	6.24	1436400.00
1992-10-16	6.25	6.25	6.15	6.16	1747600.00
1992-10-19	6.17	6.26	6.16	6.25	1684400.00
1992-10-20	6.31	6.35	6.19	6.22	1864000.00
1992-10-21	6.21	6.21	5.93	6.10	10524800.00
1992-10-22	6.08	6.15	6.03	6.10	3994800.00
1992-10-23	6.08	6.11	6.03	6.04	2098400.00
1992-10-26	6.03	6.15	6.03	6.12	1852400.00
1992-10-27	6.13	6.16	6.10	6.11	1670000.00
1992-10-28	6.12	6.15	6.10	6.15	1950800.00
1992-10-29	6.19	6.28	6.19	6.24	2310400.00
1992-10-30	6.29	6.35	6.28	6.33	2493600.00
1992-11-02	6.31	6.43	6.25	6.43	2932000.00
1992-11-03	6.48	6.53	6.44	6.48	2926400.00
1992-11-04	6.48	6.51	6.31	6.33	2411600.00
1992-11-05	6.33	6.35	6.28	6.34	1466800.00
1992-11-06	6.36	6.37	6.28	6.36	1537200.00
1992-11-09	6.32	6.33	6.24	6.24	1896400.00
1992-11-10	6.25	6.29	6.19	6.28	1874800.00
1992-11-11	6.28	6.46	6.28	6.45	2526400.00
1992-11-12	6.53	6.64	6.51	6.59	3251200.00
1992-11-13	6.55	6.56	6.44	6.45	1408400.00
1992-11-16	6.49	6.51	6.47	6.49	973600.00
1992-11-17	6.46	6.49	6.41	6.47	1042800.00
1992-11-18	6.50	6.60	6.49	6.54	1830000.00
1992-11-19	6.55	6.58	6.50	6.57	2014000.00
1992-11-20	6.71	6.71	6.58	6.59	2056000.00
1992-11-23	6.50	6.58	6.50	6.55	1390000.00
1992-11-24	6.54	6.63	6.54	6.62	1896800.00
1992-11-25	6.58	6.60	6.57	6.57	1252000.00
1992-11-27	6.59	6.62	6.54	6.55	1262000.00
1992-11-30	6.53	6.54	6.46	6.47	2236400.00
1992-12-01	6.49	6.55	6.46	6.54	1468400.00
1992-12-02	6.55	6.57	6.49	6.54	1288000.00
1992-12-03	6.53	6.59	6.50	6.54	1286400.00
1992-12-04	6.55	6.62	6.54	6.59	1525200.00
1992-12-07	6.59	6.72	6.59	6.72	1800800.00
1992-12-08	6.71	6.75	6.68	6.73	2950400.00
1992-12-09	6.75	6.79	6.73	6.77	1958800.00
1992-12-10	6.75	6.76	6.72	6.76	1661200.00
1992-12-11	6.73	6.75	6.64	6.66	1121200.00
1992-12-14	6.63	6.67	6.59	6.59	1482000.00
1992-12-15	6.59	6.60	6.57	6.59	1422800.00
1992-12-16	6.60	6.60	6.47	6.49	1596400.00
1992-12-17	6.49	6.54	6.45	6.51	1357600.00
1992-12-18	6.60	6.63	6.54	6.63	2993200.00
1992-12-21	6.62	6.71	6.60	6.67	1660800.00
1992-12-22	6.68	6.69	6.62	6.63	2224000.00
1992-12-23	6.62	6.63	6.53	6.54	2933200.00
1992-12-24	6.55	6.58	6.50	6.55	918000.00
1992-12-28	6.50	6.51	6.45	6.47	1315200.00
1992-12-29	6.47	6.55	6.47	6.47	1771200.00
1992-12-30	6.47	6.50	6.37	6.40	1628000.00
1992-12-31	6.40	6.42	6.29	6.29	1606400.00
1993-01-04	6.32	6.38	6.31	6.36	1780800.00
1993-01-05	6.36	6.37	6.27	6.29	2002000.00
1993-01-06	6.29	6.31	6.15	6.19	3860400.00
1993-01-07	6.20	6.22	6.06	6.07	2283600.00
1993-01-08	6.07	6.31	6.06	6.29	3272800.00
1993-01-11	6.29	6.33	6.25	6.31	2772400.00
1993-01-12	6.28	6.32	6.25	6.32	2249600.00
1993-01-13	6.32	6.34	6.28	6.34	1470000.00
1993-01-14	6.36	6.36	6.27	6.34	2802000.00
1993-01-15	6.36	6.42	6.33	6.36	2038000.00
1993-01-18	6.29	6.32	6.19	6.20	2523600.00
1993-01-19	6.20	6.22	6.00	6.06	3727200.00
1993-01-20	6.06	6.16	6.01	6.09	3117200.00
1993-01-21	6.07	6.12	5.98	6.01	3750000.00
1993-01-22	6.01	6.07	5.97	6.01	3317600.00
1993-01-25	5.96	6.02	5.94	5.96	1883600.00
1993-01-26	5.97	5.97	5.80	5.84	2206800.00
1993-01-27	5.83	5.89	5.78	5.88	2198400.00
1993-01-28	5.93	5.96	5.87	5.90	1656400.00
1993-01-29	5.92	5.92	5.78	5.85	2146400.00
1993-02-01	5.83	5.85	5.76	5.80	2040800.00
1993-02-02	5.78	5.80	5.71	5.72	3305200.00
1993-02-03	5.72	5.87	5.65	5.84	3306800.00
1993-02-04	5.83	5.84	5.71	5.83	3376400.00
1993-02-05	5.78	5.80	5.76	5.80	3360400.00
1993-02-08	5.78	5.81	5.70	5.71	3159600.00
1993-02-09	5.68	5.73	5.62	5.70	2097200.00
1993-02-10	5.67	5.87	5.66	5.81	2699200.00
1993-02-11	5.84	5.93	5.81	5.90	2908800.00
1993-02-12	5.79	5.83	5.75	5.80	3610000.00
1993-02-16	5.75	5.75	5.55	5.56	3254000.00
1993-02-17	5.55	5.58	5.49	5.56	3312400.00
1993-02-18	5.63	5.63	5.38	5.43	2326000.00
1993-02-19	5.43	5.45	5.08	5.11	5658000.00
1993-02-22	5.11	5.17	5.04	5.07	6554000.00
1993-02-23	5.09	5.21	5.04	5.17	6241200.00
1993-02-24	5.21	5.34	5.20	5.33	3730000.00
1993-02-25	5.26	5.33	5.22	5.32	3878400.00
1993-02-26	5.32	5.39	5.30	5.39	2444800.00
1993-03-01	5.39	5.49	5.37	5.43	2067600.00
1993-03-02	5.45	5.54	5.42	5.51	2406000.00
1993-03-03	5.56	5.56	5.43	5.49	2281200.00
1993-03-04	5.49	5.49	5.35	5.42	3180000.00
1993-03-05	5.39	5.53	5.38	5.39	2806400.00
1993-03-08	5.39	5.54	5.38	5.54	2727200.00
1993-03-09	5.52	5.54	5.49	5.51	2729200.00
1993-03-10	5.51	5.63	5.51	5.58	5646000.00
1993-03-11	5.58	5.59	5.51	5.51	2232000.00
1993-03-12	5.49	5.50	5.41	5.42	2423600.00
1993-03-15	5.43	5.43	5.32	5.32	1100000.00
1993-03-16	5.15	5.16	5.07	5.11	8216000.00
1993-03-17	5.08	5.09	5.00	5.00	5454800.00
1993-03-18	5.01	5.05	4.99	5.03	4471600.00
1993-03-19	5.03	5.03	4.91	4.95	5355600.00
1993-03-22	4.91	4.92	4.80	4.84	4282000.00
1993-03-23	4.87	5.03	4.87	4.95	5013600.00
1993-03-24	4.83	4.87	4.80	4.83	5904800.00
1993-03-25	4.83	4.86	4.78	4.80	4108400.00
1993-03-26	4.80	4.82	4.73	4.75	2463600.00
1993-03-29	4.82	4.95	4.77	4.91	3452400.00
1993-03-30	4.91	5.15	4.91	5.15	3813600.00
1993-03-31	5.16	5.17	5.09	5.11	4362800.00
1993-04-01	5.11	5.11	4.95	5.03	3294800.00
1993-04-02	4.98	5.00	4.91	4.95	2818800.00
1993-04-05	4.94	4.99	4.90	4.95	1776000.00
1993-04-06	4.95	4.99	4.90	4.92	219600.00
1993-04-07	4.90	4.95	4.84	4.87	2410800.00
1993-04-08	4.90	4.91	4.71	4.82	2405200.00
1993-04-12	4.82	4.90	4.77	4.90	3160800.00
1993-04-13	4.90	4.91	4.79	4.79	2297600.00
1993-04-14	4.80	4.87	4.79	4.84	1382800.00
1993-04-15	4.83	4.86	4.82	4.84	2485600.00
1993-04-16	4.84	4.84	4.74	4.78	9690800.00
1993-04-19	4.75	4.88	4.74	4.86	5556400.00
1993-04-20	4.84	5.03	4.80	5.01	6122800.00
1993-04-21	5.04	5.08	4.99	5.04	3683600.00
1993-04-22	4.99	5.01	4.84	4.84	2906400.00
1993-04-23	4.84	4.91	4.83	4.88	2312000.00
1993-04-26	4.84	4.88	4.80	4.82	1611200.00
1993-04-27	4.87	5.05	4.84	5.05	5435200.00
1993-04-28	5.00	5.04	4.96	5.03	2184000.00
1993-04-29	5.03	5.12	5.00	5.12	2323200.00
1993-04-30	5.12	5.22	5.12	5.18	1966400.00
1993-05-03	5.17	5.38	5.16	5.37	2651200.00
1993-05-04	5.37	5.43	5.29	5.30	2671600.00
1993-05-05	5.30	5.46	5.29	5.43	2775600.00
1993-05-06	5.38	5.39	5.33	5.39	2540800.00
1993-05-07	5.41	5.42	5.35	5.41	1236800.00
1993-05-10	5.35	5.46	5.35	5.38	1850800.00
1993-05-11	5.35	5.37	5.30	5.35	1744800.00
1993-05-12	5.34	5.35	5.27	5.27	1627600.00
1993-05-13	5.25	5.25	5.13	5.19	1486400.00
1993-05-14	5.17	5.37	5.17	5.33	2509200.00
1993-05-17	5.35	5.42	5.33	5.39	1732000.00
1993-05-18	5.39	5.39	5.30	5.35	1363600.00
1993-05-19	5.34	5.44	5.31	5.42	2789600.00
1993-05-20	5.50	5.50	5.41	5.48	2390000.00
1993-05-21	5.46	5.50	5.37	5.37	1844800.00
1993-05-24	5.39	5.43	5.27	5.34	1526000.00
1993-05-25	5.37	5.38	5.27	5.30	1299200.00
1993-05-26	5.33	5.37	5.25	5.35	2153600.00
1993-05-27	5.37	5.37	5.27	5.30	1735600.00
1993-05-28	5.27	5.42	5.27	5.41	1923600.00
1993-06-01	5.42	5.46	5.38	5.43	1731600.00
1993-06-02	5.43	5.43	5.37	5.39	1369600.00
1993-06-03	5.37	5.38	5.29	5.31	2033200.00
1993-06-04	5.30	5.31	5.19	5.22	1776400.00
1993-06-07	5.22	5.27	5.21	5.25	2242800.00
1993-06-08	5.22	5.26	5.18	5.21	1780000.00
1993-06-09	5.22	5.26	5.21	5.22	1849600.00
1993-06-10	5.19	5.29	5.19	5.25	3092400.00
1993-06-11	5.27	5.31	5.19	5.29	2319200.00
1993-06-14	5.31	5.42	5.31	5.38	1934400.00
1993-06-15	5.39	5.41	5.31	5.31	1227600.00
1993-06-16	5.34	5.38	5.26	5.31	1915600.00
1993-06-17	5.33	5.39	5.30	5.37	1765200.00
1993-06-18	5.31	5.33	5.25	5.25	2817600.00
1993-06-21	5.27	5.27	5.14	5.18	1274800.00
1993-06-22	5.15	5.18	5.05	5.06	2192400.00
1993-06-23	5.06	5.11	4.99	5.07	1880000.00
1993-06-24	5.03	5.26	5.03	5.23	1950000.00
1993-06-25	5.26	5.43	5.19	5.43	2580400.00
1993-06-28	5.33	5.33	5.21	5.23	4477600.00
1993-06-29	5.22	5.27	5.19	5.25	1842800.00
1993-06-30	5.25	5.26	5.21	5.22	2994000.00
1993-07-01	5.22	5.22	5.01	5.02	3714000.00
1993-07-02	5.02	5.02	4.94	4.99	1425200.00
1993-07-06	5.02	5.02	4.89	4.93	1512000.00
1993-07-07	4.93	4.99	4.90	4.93	1941600.00
1993-07-08	4.93	5.02	4.89	4.98	3176000.00
1993-07-09	4.98	5.05	4.95	4.95	2134800.00
1993-07-12	5.01	5.01	4.94	4.95	1176800.00
1993-07-13	4.95	5.10	4.95	5.09	1878000.00
1993-07-14	5.06	5.13	5.01	5.05	1671200.00
1993-07-15	4.94	4.98	4.94	4.94	1443200.00
1993-07-16	4.95	4.95	4.85	4.86	1886800.00
1993-07-19	4.85	4.97	4.82	4.91	1457200.00
1993-07-20	4.98	5.14	4.95	5.14	3120400.00
1993-07-21	5.13	5.13	5.02	5.09	2874800.00
1993-07-22	5.07	5.10	5.02	5.05	1696400.00
1993-07-23	5.03	5.13	5.02	5.10	1311200.00
1993-07-26	5.11	5.15	5.06	5.11	2073200.00
1993-07-27	5.11	5.13	5.06	5.11	1128800.00
1993-07-28	5.09	5.15	5.05	5.09	1600800.00
1993-07-29	5.10	5.11	5.03	5.03	1822000.00
1993-07-30	5.03	5.05	4.91	4.94	3283200.00
1993-08-02	4.97	4.97	4.93	4.93	1464800.00
1993-08-03	4.94	4.98	4.91	4.93	1808800.00
1993-08-04	4.93	4.95	4.91	4.91	2279200.00
1993-08-05	4.91	4.94	4.88	4.88	1338400.00
1993-08-06	4.88	4.89	4.82	4.84	1789600.00
1993-08-09	4.83	4.86	4.77	4.77	3034800.00
1993-08-10	4.75	4.79	4.71	4.74	2097600.00
1993-08-11	4.75	4.79	4.74	4.77	2360800.00
1993-08-12	4.73	4.75	4.69	4.70	3261600.00
1993-08-13	4.71	4.73	4.69	4.69	2062800.00
1993-08-16	4.74	4.86	4.73	4.85	1992800.00
1993-08-17	4.85	4.93	4.82	4.90	3516000.00
1993-08-18	5.02	5.18	5.01	5.14	3874400.00
1993-08-19	5.21	5.21	5.10	5.12	3184800.00
1993-08-20	5.09	5.10	5.01	5.05	1983600.00
1993-08-23	5.05	5.05	4.94	4.95	1153200.00
1993-08-24	4.95	5.02	4.94	5.02	1724400.00
1993-08-25	5.02	5.03	4.91	4.93	2166800.00
1993-08-26	4.93	5.13	4.93	5.13	1517600.00
1993-08-27	5.05	5.07	4.99	5.07	1127600.00
1993-08-30	5.06	5.18	5.06	5.18	1493200.00
1993-08-31	5.16	5.16	5.10	5.16	822400.00
1993-09-01	5.12	5.17	5.12	5.13	1604000.00
1993-09-02	5.26	5.32	5.25	5.25	3315600.00
1993-09-03	5.28	5.28	5.22	5.22	1330800.00
1993-09-07	5.25	5.26	5.20	5.21	1446000.00
1993-09-08	5.20	5.22	5.16	5.20	1649200.00
1993-09-09	5.17	5.21	5.10	5.13	1279600.00
1993-09-10	5.12	5.20	5.10	5.18	1487200.00
1993-09-13	5.18	5.20	5.06	5.09	1487600.00
1993-09-14	5.06	5.20	5.06	5.20	2760000.00
1993-09-15	5.17	5.18	5.09	5.16	2298800.00
1993-09-16	5.17	5.17	5.10	5.12	920400.00
1993-09-17	5.09	5.24	5.09	5.24	4958400.00
1993-09-20	5.24	5.28	5.17	5.20	2180400.00
1993-09-21	5.17	5.33	5.17	5.33	2667200.00
1993-09-22	5.36	5.38	5.29	5.30	3174000.00
1993-09-23	5.37	5.41	5.32	5.38	2400800.00
1993-09-24	5.38	5.40	5.33	5.37	2320400.00
1993-09-27	5.38	5.44	5.37	5.42	1514400.00
1993-09-28	5.37	5.41	5.36	5.37	1951600.00
1993-09-29	5.37	5.40	5.34	5.34	1206000.00
1993-09-30	5.34	5.41	5.33	5.37	1577600.00
1993-10-01	5.37	5.46	5.34	5.46	1703600.00
1993-10-04	5.44	5.46	5.44	5.45	882800.00
1993-10-05	5.45	5.60	5.44	5.60	2501200.00
1993-10-06	5.59	5.59	5.45	5.48	1598800.00
1993-10-07	5.48	5.48	5.40	5.45	1748800.00
1993-10-08	5.45	5.48	5.38	5.38	2410000.00
1993-10-11	5.42	5.77	5.41	5.76	3806000.00
1993-10-12	5.77	5.77	5.60	5.72	3735600.00
1993-10-13	5.69	5.71	5.63	5.64	1471200.00
1993-10-14	5.59	5.72	5.54	5.68	2143600.00
1993-10-15	5.71	5.81	5.68	5.80	2108000.00
1993-10-18	5.77	5.93	5.75	5.89	2809200.00
1993-10-19	5.87	5.89	5.72	5.73	1660000.00
1993-10-20	5.77	5.88	5.68	5.83	1230400.00
1993-10-21	5.85	6.08	5.85	6.00	3787600.00
1993-10-22	6.01	6.01	5.88	5.91	3110400.00
1993-10-25	5.88	5.95	5.85	5.91	1435600.00
1993-10-26	5.88	5.96	5.77	5.80	1920800.00
1993-10-27	5.81	5.84	5.71	5.75	2712800.00
1993-10-28	5.75	5.81	5.72	5.80	1131600.00
1993-10-29	5.77	5.84	5.73	5.81	3403200.00
1993-11-01	5.79	5.83	5.73	5.80	1175600.00
1993-11-02	5.79	5.85	5.72	5.83	1389200.00
1993-11-03	5.91	6.05	5.89	5.95	3374000.00
1993-11-04	5.93	6.01	5.87	5.97	3152400.00
1993-11-05	5.97	6.00	5.95	6.00	1956400.00
1993-11-08	6.08	6.12	6.03	6.05	2239600.00
1993-11-09	6.07	6.18	6.01	6.16	4252800.00
1993-11-10	6.16	6.34	6.13	6.28	5117200.00
1993-11-11	6.26	6.28	6.23	6.26	1786800.00
1993-11-12	6.23	6.31	6.18	6.18	2056000.00
1993-11-15	6.18	6.27	6.16	6.26	2130800.00
1993-11-16	6.26	6.32	6.23	6.31	2114800.00
1993-11-17	6.38	6.38	6.27	6.32	2212800.00
1993-11-18	6.37	6.42	6.32	6.35	2296000.00
1993-11-19	6.34	6.42	6.32	6.42	3204000.00
1993-11-22	6.35	6.60	6.31	6.58	4395200.00
1993-11-23	6.51	6.53	6.34	6.38	3831200.00
1993-11-24	6.35	6.38	6.24	6.27	1960400.00
1993-11-26	6.28	6.28	6.22	6.26	1070000.00
1993-11-29	6.31	6.32	6.26	6.27	1286800.00
1993-11-30	6.22	6.31	6.20	6.23	1609600.00
1993-12-01	6.26	6.27	6.22	6.23	926800.00
1993-12-02	6.24	6.27	6.20	6.23	954000.00
1993-12-03	6.23	6.23	6.18	6.19	721600.00
1993-12-06	6.18	6.23	6.13	6.19	1548000.00
1993-12-07	6.20	6.27	6.20	6.23	1595600.00
1993-12-08	6.23	6.28	6.18	6.19	3076000.00
1993-12-09	6.27	6.31	6.23	6.24	1854000.00
1993-12-10	6.19	6.22	6.16	6.22	1530400.00
1993-12-13	6.22	6.24	6.20	6.24	1408800.00
1993-12-14	6.27	6.28	6.19	6.20	1560800.00
1993-12-15	6.19	6.23	6.15	6.19	1708000.00
1993-12-16	6.19	6.20	6.13	6.13	1589200.00
1993-12-17	6.13	6.22	6.13	6.20	2211200.00
1993-12-20	6.23	6.28	6.22	6.26	2244800.00
1993-12-21	6.22	6.35	6.20	6.34	2201200.00
1993-12-22	6.32	6.41	6.32	6.39	2068400.00
1993-12-23	6.37	6.46	6.34	6.45	1803600.00
1993-12-27	6.43	6.49	6.41	6.49	1698000.00
1993-12-28	6.47	6.53	6.45	6.51	1787200.00
1993-12-29	6.50	6.51	6.43	6.46	2284800.00
1993-12-30	6.43	6.49	6.39	6.49	3051200.00
1993-12-31	6.49	6.49	6.43	6.45	1540000.00
1994-01-03	6.43	6.45	6.39	6.45	1661600.00
1994-01-04	6.43	6.45	6.38	6.42	1168000.00
1994-01-05	6.43	6.49	6.37	6.37	2779200.00
1994-01-06	6.41	6.41	6.31	6.31	1994400.00
1994-01-07	6.31	6.35	6.28	6.32	1718800.00
1994-01-10	6.28	6.41	6.24	6.41	1291200.00
1994-01-11	6.39	6.39	6.34	6.37	1975200.00
1994-01-12	6.37	6.38	6.30	6.34	1639600.00
1994-01-13	6.30	6.35	6.30	6.32	1772000.00
1994-01-14	6.31	6.46	6.26	6.41	2609600.00
1994-01-17	6.38	6.53	6.38	6.50	2565200.00
1994-01-18	6.69	6.72	6.64	6.68	5782400.00
1994-01-19	6.68	6.68	6.45	6.50	4237200.00
1994-01-20	6.47	6.54	6.42	6.51	3536800.00
1994-01-21	6.51	6.56	6.49	6.53	2638000.00
1994-01-24	6.50	6.54	6.38	6.42	2320800.00
1994-01-25	6.39	6.46	6.38	6.42	3410000.00
1994-01-26	6.41	6.50	6.39	6.49	1604800.00
1994-01-27	6.50	6.50	6.38	6.43	1483600.00
1994-01-28	6.45	6.50	6.41	6.49	1187200.00
1994-01-31	6.50	6.50	6.45	6.50	1158400.00
1994-02-01	6.50	6.53	6.47	6.49	1432000.00
1994-02-02	6.49	6.53	6.47	6.53	1223600.00
1994-02-03	6.53	6.54	6.35	6.54	2622800.00
1994-02-04	6.51	6.53	6.39	6.43	1675600.00
1994-02-07	6.41	6.43	6.38	6.41	1456800.00
1994-02-08	6.42	6.43	6.31	6.37	2006400.00
1994-02-09	6.37	6.41	6.32	6.34	1771600.00
1994-02-10	6.34	6.38	6.28	6.28	1678000.00
1994-02-11	6.27	6.30	6.16	6.23	1246800.00
1994-02-14	6.24	6.31	6.19	6.26	1622800.00
1994-02-15	6.30	6.34	6.24	6.26	1852000.00
1994-02-16	6.26	6.32	6.26	6.26	967600.00
1994-02-17	6.31	6.32	6.15	6.15	1386400.00
1994-02-18	6.15	6.15	5.93	6.01	1760800.00
1994-02-22	6.02	6.06	6.01	6.04	947200.00
1994-02-23	6.04	6.31	6.02	6.28	2136800.00
1994-02-24	6.21	6.23	6.08	6.13	1452000.00
1994-02-25	6.10	6.17	6.05	6.17	1685600.00
1994-02-28	6.17	6.19	6.05	6.08	916400.00
1994-03-01	6.06	6.16	5.98	6.16	1651600.00
1994-03-02	6.13	6.20	6.09	6.19	2693200.00
1994-03-03	6.19	6.19	6.08	6.10	800000.00
1994-03-04	6.08	6.09	5.93	5.93	1777200.00
1994-03-07	5.94	5.95	5.76	5.76	3698000.00
1994-03-08	5.76	5.87	5.72	5.84	2940400.00
1994-03-09	5.82	5.93	5.79	5.90	2648000.00
1994-03-10	5.84	5.89	5.72	5.72	3164000.00
1994-03-11	5.73	5.84	5.65	5.68	3075200.00
1994-03-14	5.69	5.71	5.67	5.68	2632000.00
1994-03-15	5.69	5.73	5.62	5.62	1564000.00
1994-03-16	5.64	5.65	5.58	5.62	1229600.00
1994-03-17	5.62	5.75	5.60	5.73	2405600.00
1994-03-18	5.72	5.90	5.68	5.87	4640800.00
1994-03-21	5.82	6.16	5.80	6.16	3986000.00
1994-03-22	6.09	6.09	5.87	5.87	2759200.00
1994-03-23	5.89	5.90	5.79	5.82	1959200.00
1994-03-24	5.84	5.90	5.78	5.80	1940000.00
1994-03-25	5.82	5.87	5.72	5.72	1074800.00
1994-03-28	5.69	5.71	5.67	5.67	1778800.00
1994-03-29	5.67	5.73	5.58	5.60	1650000.00
1994-03-30	5.60	5.62	5.46	5.46	2827200.00
1994-03-31	5.47	5.49	5.32	5.47	5506400.00
1994-04-04	5.38	5.46	5.34	5.42	1760400.00
1994-04-05	5.47	5.49	5.43	5.45	1798000.00
1994-04-06	5.47	5.47	5.43	5.43	2010000.00
1994-04-07	5.43	5.54	5.38	5.49	1358000.00
1994-04-08	5.46	5.46	5.32	5.34	1338000.00
1994-04-11	5.32	5.43	5.32	5.35	1739600.00
1994-04-12	5.38	5.38	5.30	5.31	1613200.00
1994-04-13	5.32	5.34	5.23	5.27	1797200.00
1994-04-14	5.24	5.28	5.20	5.21	2146400.00
1994-04-15	5.21	5.28	5.19	5.21	1629200.00
1994-04-18	5.21	5.35	5.17	5.35	2792000.00
1994-04-19	5.35	5.39	5.27	5.35	2007600.00
1994-04-20	5.35	5.38	5.27	5.30	3748800.00
1994-04-21	5.35	5.52	5.30	5.52	4434000.00
1994-04-22	5.54	5.58	5.52	5.54	1605200.00
1994-04-25	5.54	5.57	5.50	5.54	1473600.00
1994-04-26	5.49	5.52	5.42	5.47	2683600.00
1994-04-28	5.49	5.53	5.42	5.46	2290000.00
1994-04-29	5.46	5.49	5.38	5.41	3289200.00
1994-05-02	5.45	5.68	5.41	5.67	5371200.00
1994-05-03	5.72	5.83	5.72	5.82	6729600.00
1994-05-04	5.93	5.93	5.86	5.89	3724400.00
1994-05-05	5.90	5.94	5.83	5.84	2033200.00
1994-05-06	5.78	5.86	5.75	5.78	1296000.00
1994-05-09	5.83	5.91	5.78	5.90	2160000.00
1994-05-10	5.91	5.98	5.91	5.96	2564800.00
1994-05-11	5.97	6.01	5.96	5.97	1898400.00
1994-05-12	6.01	6.03	5.97	6.03	2134000.00
1994-05-13	6.01	6.03	5.94	6.01	1871200.00
1994-05-16	5.97	6.07	5.94	6.05	1122400.00
1994-05-17	6.07	6.16	6.04	6.16	1920000.00
1994-05-18	6.14	6.21	6.11	6.21	1099600.00
1994-05-19	6.21	6.21	6.18	6.21	1153600.00
1994-05-20	6.15	6.16	6.11	6.12	1482400.00
1994-05-23	6.11	6.14	6.07	6.14	1110400.00
1994-05-24	6.12	6.19	6.08	6.18	1222400.00
1994-05-25	6.16	6.23	6.12	6.23	1609200.00
1994-05-26	6.25	6.40	6.22	6.37	2393600.00
1994-05-27	6.30	6.47	6.30	6.41	2421600.00
1994-05-31	6.39	6.40	6.36	6.36	1694800.00
1994-06-01	6.36	6.37	6.26	6.28	2234000.00
1994-06-02	6.28	6.33	6.25	6.30	1540000.00
1994-06-03	6.32	6.39	6.30	6.36	1238400.00
1994-06-06	6.36	6.36	6.16	6.16	1241200.00
1994-06-07	6.11	6.16	6.09	6.15	1044000.00
1994-06-08	6.16	6.18	6.07	6.11	1340400.00
1994-06-09	6.21	6.33	6.19	6.33	2295600.00
1994-06-10	6.32	6.36	6.29	6.34	1766000.00
1994-06-13	6.33	6.36	6.32	6.36	870400.00
1994-06-14	6.36	6.54	6.36	6.53	2668800.00
1994-06-15	6.44	6.50	6.33	6.37	1243200.00
1994-06-16	6.36	6.36	6.32	6.33	1030400.00
1994-06-17	6.34	6.40	6.30	6.30	2847600.00
1994-06-20	6.30	6.39	6.29	6.36	1174800.00
1994-06-21	6.41	6.46	6.32	6.40	2646800.00
1994-06-22	6.39	6.40	6.29	6.32	1645600.00
1994-06-23	6.32	6.37	6.28	6.36	1046000.00
1994-06-24	6.36	6.36	6.30	6.34	1524400.00
1994-06-27	6.34	6.44	6.33	6.43	1697600.00
1994-06-28	6.41	6.43	6.37	6.39	1558400.00
1994-06-29	6.37	6.44	6.32	6.33	1703200.00
1994-06-30	6.33	6.36	6.29	6.32	1491600.00
1994-07-01	6.37	6.37	6.29	6.30	1070000.00
1994-07-05	6.30	6.33	6.29	6.32	1653200.00
1994-07-06	6.30	6.39	6.30	6.39	1598800.00
1994-07-07	6.37	6.40	6.34	6.36	1143200.00
1994-07-08	6.33	6.37	6.33	6.37	1171200.00
1994-07-11	5.97	5.98	5.51	5.55	18063200.00
1994-07-12	5.51	5.54	5.32	5.37	12446800.00
1994-07-13	5.37	5.51	5.33	5.51	14076800.00
1994-07-14	5.54	5.65	5.47	5.62	8812000.00
1994-07-15	5.66	5.76	5.57	5.61	9048800.00
1994-07-18	5.61	5.61	5.50	5.51	3906800.00
1994-07-19	5.48	5.51	5.41	5.43	2808800.00
1994-07-20	5.46	5.46	5.35	5.40	4542800.00
1994-07-21	5.43	5.43	5.30	5.33	5138000.00
1994-07-22	5.30	5.37	5.25	5.30	5060000.00
1994-07-25	5.29	5.37	5.26	5.33	3954000.00
1994-07-26	5.32	5.41	5.26	5.35	4122400.00
1994-07-27	5.33	5.36	5.30	5.32	3129600.00
1994-07-28	5.32	5.40	5.32	5.39	2063600.00
1994-07-29	5.41	5.47	5.37	5.40	2119600.00
1994-08-01	5.40	5.43	5.36	5.37	1813600.00
1994-08-02	5.37	5.55	5.32	5.54	2262800.00
1994-08-03	5.55	5.55	5.50	5.53	4473600.00
1994-08-04	5.51	5.53	5.44	5.48	1317200.00
1994-08-05	5.48	5.64	5.47	5.55	3137200.00
1994-08-08	5.54	5.57	5.48	5.57	2027600.00
1994-08-09	5.61	5.62	5.47	5.48	3779600.00
1994-08-10	5.50	5.71	5.50	5.69	7053600.00
1994-08-11	5.69	5.93	5.68	5.90	7488000.00
1994-08-12	5.96	6.19	5.88	5.96	15764400.00
1994-08-15	5.96	6.03	5.90	5.96	4136800.00
1994-08-16	6.03	6.13	6.00	6.13	6858000.00
1994-08-17	6.14	6.52	6.13	6.47	8958000.00
1994-08-18	6.43	6.48	6.33	6.43	5606800.00
1994-08-19	6.44	6.51	6.33	6.44	5548000.00
1994-08-22	6.33	6.35	6.24	6.28	3836800.00
1994-08-23	6.31	6.34	6.28	6.28	3512400.00
1994-08-24	6.28	6.34	6.24	6.33	2544800.00
1994-08-25	6.33	6.34	6.24	6.27	2626400.00
1994-08-26	6.28	6.28	6.23	6.26	2122800.00
1994-08-29	6.26	6.33	6.26	6.28	2652400.00
1994-08-30	6.28	6.30	6.21	6.27	1664800.00
1994-08-31	6.24	6.48	6.24	6.41	4043200.00
1994-09-01	6.35	6.47	6.34	6.38	3334400.00
1994-09-02	6.41	6.41	6.33	6.35	1552400.00
1994-09-06	6.35	6.35	6.28	6.33	1896000.00
1994-09-07	6.31	6.35	6.28	6.30	1722000.00
1994-09-08	6.30	6.33	6.27	6.28	2025600.00
1994-09-09	6.28	6.41	6.28	6.33	3026800.00
1994-09-12	6.30	6.35	6.30	6.34	1319200.00
1994-09-13	6.34	6.37	6.31	6.34	950800.00
1994-09-14	6.34	6.34	6.26	6.30	1559600.00
1994-09-15	6.30	6.34	6.28	6.34	1563200.00
1994-09-16	6.34	6.34	6.28	6.30	3069600.00
1994-09-19	6.34	6.61	6.34	6.57	4327600.00
1994-09-20	6.47	6.66	6.47	6.48	5288400.00
1994-09-21	6.58	6.64	6.47	6.48	4437200.00
1994-09-22	6.52	6.54	6.41	6.47	2196400.00
1994-09-23	6.47	6.48	6.38	6.44	1546000.00
1994-09-26	6.45	6.45	6.31	6.35	2947600.00
1994-09-27	6.37	6.54	6.34	6.50	2899600.00
1994-09-28	6.50	6.54	6.41	6.48	3626400.00
1994-09-29	6.51	6.52	6.45	6.48	1312800.00
1994-09-30	6.50	6.55	6.48	6.51	2734400.00
1994-10-03	6.51	6.57	6.48	6.54	2763200.00
1994-10-04	6.52	6.55	6.48	6.52	2759600.00
1994-10-05	6.50	6.57	6.45	6.55	3460800.00
1994-10-06	6.54	6.64	6.52	6.59	3486400.00
1994-10-07	6.58	6.59	6.51	6.52	2848800.00
1994-10-10	6.54	6.54	6.51	6.52	2282800.00
1994-10-11	6.52	6.58	6.51	6.57	3051200.00
1994-10-12	6.54	6.65	6.54	6.58	2222000.00
1994-10-13	6.59	6.65	6.57	6.64	5379200.00
1994-10-14	6.62	6.62	6.55	6.61	1559600.00
1994-10-17	6.58	6.61	6.58	6.59	876800.00
1994-10-18	6.50	6.65	6.48	6.62	2162800.00
1994-10-19	6.61	6.75	6.59	6.72	2974000.00
1994-10-20	6.72	6.76	6.66	6.72	2556000.00
1994-10-21	6.69	6.76	6.65	6.73	3507600.00
1994-10-24	6.73	6.82	6.73	6.76	3056000.00
1994-10-25	6.66	6.83	6.64	6.80	5623200.00
1994-10-26	6.71	6.76	6.61	6.75	5674400.00
1994-10-27	6.76	6.85	6.71	6.80	3343200.00
1994-10-28	6.82	6.85	6.79	6.83	3011200.00
1994-10-31	6.83	7.03	6.80	6.97	3046400.00
1994-11-01	6.95	6.96	6.90	6.95	2472000.00
1994-11-02	6.97	7.14	6.95	7.09	5203600.00
1994-11-03	7.07	7.24	7.04	7.24	4039600.00
1994-11-04	7.20	7.24	7.03	7.03	3152000.00
1994-11-07	7.06	7.16	7.03	7.11	2580000.00
1994-11-08	7.10	7.21	7.10	7.17	4141200.00
1994-11-09	7.27	7.36	7.23	7.31	6054000.00
1994-11-10	7.37	7.41	7.33	7.36	3686800.00
1994-11-11	7.33	7.36	7.23	7.23	2929200.00
1994-11-14	7.20	7.27	7.14	7.27	2329200.00
1994-11-15	7.20	7.30	7.17	7.20	2956800.00
1994-11-16	7.17	7.23	7.17	7.21	1758400.00
1994-11-17	7.21	7.21	7.04	7.10	3475200.00
1994-11-18	7.07	7.10	7.03	7.04	2758400.00
1994-11-21	7.04	7.06	6.99	7.00	1666400.00
1994-11-22	6.90	6.94	6.82	6.84	1438400.00
1994-11-23	6.70	6.70	6.56	6.66	4182800.00
1994-11-25	6.67	6.74	6.66	6.73	804800.00
1994-11-28	6.69	6.92	6.69	6.83	1577600.00
1994-11-29	6.80	6.99	6.80	6.94	2649600.00
1994-11-30	6.96	7.31	6.94	7.11	4613200.00
1994-12-01	7.11	7.27	7.03	7.07	3102800.00
1994-12-02	7.01	7.07	6.92	7.01	1881200.00
1994-12-05	7.03	7.07	7.00	7.07	1796000.00
1994-12-06	7.11	7.21	7.09	7.18	2660800.00
1994-12-07	7.13	7.20	7.09	7.20	1614000.00
1994-12-08	7.18	7.20	7.04	7.09	1813200.00
1994-12-09	7.06	7.10	6.96	7.00	1820000.00
1994-12-12	6.94	7.14	6.94	7.11	1783600.00
1994-12-13	7.13	7.13	6.97	6.99	1494000.00
1994-12-14	6.96	7.06	6.94	7.06	2038000.00
1994-12-15	7.04	7.06	6.97	6.99	1006400.00
1994-12-16	7.01	7.07	6.99	7.06	3297200.00
1994-12-19	7.03	7.14	7.01	7.13	1586400.00
1994-12-20	7.14	7.36	7.13	7.33	3671600.00
1994-12-21	7.33	7.41	7.30	7.41	3618400.00
1994-12-22	7.38	7.38	7.21	7.21	2603200.00
1994-12-23	7.27	7.45	7.26	7.41	1832800.00
1994-12-27	7.44	7.48	7.43	7.45	1469200.00
1994-12-28	7.47	7.47	7.41	7.44	1764400.00
1994-12-29	7.43	7.44	7.41	7.43	1277200.00
1994-12-30	7.41	7.53	7.41	7.45	1660400.00
1995-01-03	7.45	7.45	7.37	7.41	1682800.00
1995-01-04	7.40	7.41	7.34	7.40	1613200.00
1995-01-05	7.40	7.43	7.37	7.43	1515600.00
1995-01-06	7.40	7.41	7.37	7.40	1754000.00
1995-01-09	7.38	7.40	7.30	7.36	3111600.00
1995-01-10	7.34	7.36	7.24	7.24	1940000.00
1995-01-11	7.26	7.26	7.14	7.18	3047200.00
1995-01-12	7.16	7.18	7.14	7.16	1692800.00
1995-01-13	7.17	7.18	7.10	7.14	1531200.00
1995-01-16	7.17	7.34	7.16	7.30	1931200.00
1995-01-17	7.27	7.38	7.27	7.38	1984400.00
1995-01-18	7.40	7.45	7.38	7.41	2095200.00
1995-01-19	7.40	7.41	7.36	7.40	1604800.00
1995-01-20	7.40	7.40	7.34	7.40	1758400.00
1995-01-23	7.37	7.47	7.31	7.47	3674800.00
1995-01-24	7.45	7.45	7.33	7.33	1698000.00
1995-01-25	7.31	7.37	7.24	7.27	2477600.00
1995-01-26	7.30	7.33	7.27	7.33	1394400.00
1995-01-27	7.34	7.36	7.27	7.33	1459200.00
1995-01-30	7.30	7.45	7.30	7.43	1652000.00
1995-01-31	7.41	7.48	7.40	7.48	1657600.00
1995-02-01	7.51	7.54	7.45	7.45	3932800.00
1995-02-02	7.44	7.48	7.44	7.47	1989600.00
1995-02-03	7.48	7.53	7.47	7.51	1761200.00
1995-02-06	7.50	7.63	7.50	7.57	2059600.00
1995-02-07	7.58	7.61	7.54	7.54	1387200.00
1995-02-08	7.54	7.58	7.54	7.57	1199200.00
1995-02-09	7.54	7.60	7.46	7.53	3228000.00
1995-02-10	7.56	7.56	7.40	7.43	1298400.00
1995-02-13	7.40	7.47	7.40	7.44	2049200.00
1995-02-14	7.46	7.50	7.31	7.37	3398000.00
1995-02-15	7.36	7.41	7.31	7.41	4321600.00
1995-02-16	7.41	7.41	7.33	7.37	2140400.00
1995-02-17	7.37	7.43	7.36	7.38	2431200.00
1995-02-21	7.41	7.41	7.34	7.37	1385600.00
1995-02-22	7.34	7.53	7.33	7.48	2620800.00
1995-02-23	7.54	7.54	7.47	7.51	2648000.00
1995-02-24	7.54	7.63	7.53	7.63	2391200.00
1995-02-27	7.63	7.64	7.60	7.60	1871200.00
1995-02-28	7.61	7.69	7.58	7.69	1955200.00
1995-03-01	7.70	7.80	7.69	7.77	2546800.00
1995-03-02	7.74	7.76	7.64	7.69	2308400.00
1995-03-03	7.67	7.69	7.63	7.69	1499600.00
1995-03-06	7.67	7.84	7.63	7.84	2132000.00
1995-03-07	7.81	7.86	7.73	7.76	2641200.00
1995-03-08	7.81	7.81	7.77	7.81	1488000.00
1995-03-09	7.84	7.86	7.71	7.71	2220400.00
1995-03-10	7.71	7.81	7.70	7.81	2198000.00
1995-03-13	7.81	7.86	7.80	7.80	1854400.00
1995-03-14	7.89	7.91	7.86	7.87	1433200.00
1995-03-15	7.86	7.86	7.79	7.81	2307200.00
1995-03-16	7.81	7.87	7.80	7.84	1056800.00
1995-03-17	7.87	7.96	7.86	7.90	2808000.00
1995-03-20	7.91	7.93	7.89	7.91	854400.00
1995-03-21	7.91	7.97	7.90	7.94	1103600.00
1995-03-22	8.12	8.12	8.06	8.09	4061600.00
1995-03-23	8.12	8.24	8.10	8.23	3995200.00
1995-03-24	8.36	8.47	8.32	8.45	6268000.00
1995-03-27	8.65	8.82	8.65	8.80	6424400.00
1995-03-28	8.76	8.77	8.66	8.70	2814800.00
1995-03-29	8.72	8.79	8.59	8.69	4406800.00
1995-03-30	8.69	8.69	8.42	8.43	3464000.00
1995-03-31	8.32	8.40	8.26	8.39	2684400.00
1995-04-03	8.39	8.53	8.39	8.49	2852800.00
1995-04-04	8.52	8.69	8.49	8.69	3237200.00
1995-04-05	8.63	8.65	8.55	8.55	2010800.00
1995-04-06	8.57	8.59	8.50	8.55	2128800.00
1995-04-07	8.57	8.59	8.52	8.55	1369200.00
1995-04-10	8.56	8.63	8.55	8.60	1572400.00
1995-04-11	8.60	8.66	8.59	8.65	1439200.00
1995-04-12	8.67	8.80	8.67	8.79	2653600.00
1995-04-13	8.83	8.92	8.80	8.92	1450400.00
1995-04-17	8.95	9.10	8.89	8.92	2432000.00
1995-04-18	8.93	8.93	8.63	8.72	2737600.00
1995-04-19	8.70	8.72	8.46	8.47	4211600.00
1995-04-20	8.50	8.53	8.43	8.47	2367600.00
1995-04-21	8.55	8.63	8.49	8.59	2556400.00
1995-04-24	8.62	8.80	8.62	8.73	1902400.00
1995-04-25	8.49	8.53	8.40	8.42	5543200.00
1995-04-26	8.45	8.45	8.22	8.22	5141200.00
1995-04-27	8.22	8.40	8.22	8.32	5371600.00
1995-04-28	8.43	8.59	8.39	8.57	3367200.00
1995-05-01	8.55	8.62	8.53	8.56	2554400.00
1995-05-02	8.53	8.60	8.53	8.59	1331600.00
1995-05-03	8.60	8.77	8.60	8.77	2223200.00
1995-05-04	8.80	8.82	8.70	8.72	2748800.00
1995-05-05	8.72	8.73	8.52	8.57	2485200.00
1995-05-08	8.55	8.60	8.50	8.56	999200.00
1995-05-09	8.55	8.58	8.43	8.48	1775600.00
1995-05-10	8.50	8.55	8.37	8.46	2343200.00
1995-05-11	8.40	8.48	8.36	8.43	930800.00
1995-05-12	8.43	8.46	8.07	8.20	5678800.00
1995-05-15	8.20	8.22	8.01	8.07	5164000.00
1995-05-16	8.10	8.19	8.04	8.11	5015600.00
1995-05-17	8.19	8.30	8.17	8.27	2512400.00
1995-05-18	8.19	8.26	8.16	8.23	3182800.00
1995-05-19	8.20	8.37	8.20	8.35	2705200.00
1995-05-22	8.32	8.39	8.32	8.35	1690000.00
1995-05-23	8.35	8.48	8.33	8.45	2751200.00
1995-05-24	8.62	8.62	8.45	8.52	2263600.00
1995-05-25	8.53	8.65	8.48	8.48	2448000.00
1995-05-26	8.48	8.53	8.46	8.49	3049600.00
1995-05-30	8.48	8.49	8.42	8.46	1131600.00
1995-05-31	8.49	8.63	8.46	8.63	1498000.00
1995-06-01	8.63	8.68	8.56	8.63	1546800.00
1995-06-02	8.66	8.78	8.62	8.75	1353600.00
1995-06-05	8.76	8.84	8.74	8.75	1393200.00
1995-06-06	8.76	8.89	8.76	8.78	2204800.00
1995-06-07	8.81	8.88	8.78	8.85	3339600.00
1995-06-08	8.94	8.97	8.85	8.89	1434800.00
1995-06-09	8.87	8.87	8.76	8.76	1151600.00
1995-06-12	8.81	8.88	8.78	8.79	1241200.00
1995-06-13	8.84	8.84	8.68	8.79	1358400.00
1995-06-14	8.78	8.81	8.75	8.81	1765600.00
1995-06-15	8.78	8.78	8.69	8.75	693200.00
1995-06-16	8.78	8.85	8.76	8.79	3039200.00
1995-06-19	8.79	8.82	8.78	8.81	1752400.00
1995-06-20	8.79	8.82	8.66	8.66	1622400.00
1995-06-21	8.66	8.89	8.65	8.88	2258800.00
1995-06-22	8.94	9.04	8.91	9.00	3551200.00
1995-06-23	9.01	9.10	9.01	9.05	2625600.00
1995-06-26	9.00	9.05	8.92	8.92	1804800.00
1995-06-27	8.95	9.01	8.88	8.88	1560000.00
1995-06-28	8.88	9.07	8.85	9.07	2088400.00
1995-06-29	9.04	9.11	9.03	9.11	1910800.00
1995-06-30	9.10	9.16	9.07	9.08	1931600.00
1995-07-03	9.08	9.14	9.04	9.14	787200.00
1995-07-05	9.11	9.18	9.08	9.10	2138000.00
1995-07-06	9.17	9.17	9.01	9.01	1608800.00
1995-07-07	9.01	9.03	8.74	8.79	2126000.00
1995-07-10	8.81	8.81	8.72	8.76	2330800.00
1995-07-11	8.75	8.78	8.71	8.74	3566000.00
1995-07-12	8.79	8.92	8.72	8.89	2034400.00
1995-07-13	8.91	9.07	8.89	9.05	1532800.00
1995-07-14	9.00	9.04	8.97	9.03	640800.00
1995-07-17	9.00	9.03	8.97	9.01	1040400.00
1995-07-18	9.00	9.16	8.95	9.08	1604400.00
1995-07-19	9.00	9.17	8.95	9.04	2845600.00
1995-07-20	9.01	9.04	8.82	8.88	3032000.00
1995-07-21	8.88	8.95	8.85	8.89	2290400.00
1995-07-24	8.91	8.97	8.89	8.95	2234400.00
1995-07-25	9.00	9.13	8.97	9.13	2206000.00
1995-07-26	9.00	9.04	8.92	9.03	2555600.00
1995-07-27	9.03	9.13	8.97	9.13	747200.00
1995-07-28	9.10	9.10	9.03	9.08	1716800.00
1995-07-31	9.05	9.10	9.01	9.05	2308000.00
1995-08-01	9.08	9.08	8.85	8.94	1466000.00
1995-08-02	8.94	9.01	8.87	8.91	1246000.00
1995-08-03	8.85	9.03	8.79	9.03	1414400.00
1995-08-04	9.05	9.05	8.92	9.01	914000.00
1995-08-07	8.97	9.04	8.97	9.00	1122800.00
1995-08-08	8.98	9.01	8.95	9.01	1521600.00
1995-08-09	9.01	9.01	8.89	8.91	1296000.00
1995-08-10	8.91	8.91	8.81	8.88	1254800.00
1995-08-11	8.87	8.87	8.78	8.85	1795600.00
1995-08-14	8.84	8.98	8.84	8.96	1701600.00
1995-08-15	8.97	8.98	8.77	8.87	1572000.00
1995-08-16	8.80	8.91	8.78	8.90	2666400.00
1995-08-17	8.85	8.85	8.78	8.81	1092400.00
1995-08-18	8.87	8.91	8.85	8.91	1920800.00
1995-08-21	8.98	9.13	8.98	9.03	3752400.00
1995-08-22	9.06	9.07	8.94	9.01	2130400.00
1995-08-23	9.04	9.06	8.98	9.04	1619600.00
1995-08-24	9.04	9.16	9.03	9.12	1899600.00
1995-08-25	9.12	9.19	9.10	9.10	2455200.00
1995-08-28	9.09	9.28	9.07	9.28	3012800.00
1995-08-29	9.31	9.35	9.25	9.29	3455600.00
1995-08-30	9.28	9.39	9.28	9.39	2495200.00
1995-08-31	9.36	9.55	9.35	9.55	2677200.00
1995-09-01	9.55	9.57	9.50	9.54	1775600.00
1995-09-05	9.54	9.55	9.51	9.52	1848400.00
1995-09-06	9.48	9.60	9.47	9.55	1996800.00
1995-09-07	9.55	9.86	9.55	9.86	4099600.00
1995-09-08	9.74	9.82	9.67	9.77	5067200.00
1995-09-11	9.77	9.77	9.64	9.71	3266400.00
1995-09-12	9.74	9.76	9.66	9.68	3452000.00
1995-09-13	9.66	9.71	9.64	9.67	3062000.00
1995-09-14	9.68	9.92	9.67	9.92	3252800.00
1995-09-15	10.09	10.09	9.86	9.96	6414000.00
1995-09-18	9.93	9.99	9.90	9.96	15486400.00
1995-09-19	9.99	10.34	9.96	10.25	8100800.00
1995-09-20	10.27	10.41	10.21	10.39	7482800.00
1995-09-21	10.41	11.01	10.40	10.50	10228800.00
1995-09-22	10.41	10.55	10.34	10.41	5516400.00
1995-09-25	10.40	10.43	10.37	10.41	1456400.00
1995-09-26	10.44	10.59	10.43	10.46	2531600.00
1995-09-27	10.36	10.72	10.36	10.72	4412000.00
1995-09-28	10.66	10.68	10.52	10.57	3155200.00
1995-09-29	10.50	10.57	10.49	10.49	2112800.00
1995-10-02	10.41	10.47	10.39	10.40	1583600.00
1995-10-03	10.43	10.59	10.34	10.57	2440000.00
1995-10-04	10.55	10.74	10.53	10.71	3486000.00
1995-10-05	10.74	10.84	10.62	10.84	3966800.00
1995-10-06	10.78	10.81	10.71	10.79	1725600.00
1995-10-09	10.78	10.84	10.69	10.74	2185200.00
1995-10-10	10.68	10.76	10.66	10.74	4468000.00
1995-10-11	10.74	10.76	10.69	10.75	3584400.00
1995-10-12	10.74	10.90	10.72	10.88	2247200.00
1995-10-13	10.97	11.00	10.91	10.92	2343600.00
1995-10-16	10.92	11.01	10.84	10.98	2651600.00
1995-10-17	11.00	11.01	10.85	10.94	2748800.00
1995-10-18	10.95	11.06	10.92	11.04	3538400.00
1995-10-19	11.06	11.06	10.98	11.03	2203600.00
1995-10-20	10.97	11.10	10.97	11.01	4375200.00
1995-10-23	10.94	11.00	10.92	10.97	1886800.00
1995-10-24	10.97	11.04	10.95	11.01	3348400.00
1995-10-25	11.06	11.48	11.04	11.45	7158800.00
1995-10-26	11.44	11.51	11.38	11.42	5663200.00
1995-10-27	11.41	11.41	11.20	11.29	2986800.00
1995-10-30	11.26	11.35	11.23	11.25	2116000.00
1995-10-31	11.26	11.33	11.26	11.27	1833600.00
1995-11-01	11.27	11.39	11.27	11.38	2446400.00
1995-11-02	11.39	11.39	11.13	11.14	3072000.00
1995-11-03	11.14	11.17	11.09	11.14	2234400.00
1995-11-06	11.06	11.16	11.06	11.11	1229200.00
1995-11-07	11.14	11.27	11.13	11.14	1840400.00
1995-11-08	11.16	11.39	11.10	11.38	3107600.00
1995-11-09	11.41	11.45	11.35	11.44	1549200.00
1995-11-10	11.36	11.38	11.32	11.36	916800.00
1995-11-13	11.33	11.38	11.28	11.33	996000.00
1995-11-14	11.30	11.50	11.30	11.40	2227200.00
1995-11-15	11.34	11.72	11.28	11.69	2236800.00
1995-11-16	11.72	11.84	11.63	11.71	2068400.00
1995-11-17	11.74	12.09	11.74	12.05	2188000.00
1995-11-20	11.99	12.09	11.90	11.90	1079200.00
1995-11-21	11.78	11.81	11.71	11.75	1685600.00
1995-11-22	11.74	11.74	11.58	11.59	1863600.00
1995-11-24	11.58	11.59	11.53	11.53	431200.00
1995-11-27	11.59	11.69	11.50	11.52	1539600.00
1995-11-28	11.47	11.59	11.46	11.59	1049200.00
1995-11-29	11.60	11.72	11.60	11.72	1173200.00
1995-11-30	11.66	11.78	11.63	11.69	1551200.00
1995-12-01	11.69	11.74	11.50	11.54	1545200.00
1995-12-04	11.47	11.72	11.47	11.72	1576400.00
1995-12-05	11.63	11.84	11.63	11.84	3536000.00
1995-12-06	11.87	12.10	11.87	12.10	2399600.00
1995-12-07	12.05	12.15	11.75	11.82	2597200.00
1995-12-08	11.84	11.91	11.72	11.87	1497600.00
1995-12-11	11.85	11.99	11.82	11.94	1596800.00
1995-12-12	11.97	11.97	11.82	11.90	1201200.00
1995-12-13	11.99	12.09	11.96	12.00	2602000.00
1995-12-14	12.10	12.15	12.05	12.07	3609600.00
1995-12-15	12.13	12.31	12.06	12.31	8186800.00
1995-12-18	12.34	12.46	12.19	12.43	4197200.00
1995-12-19	12.43	12.53	12.13	12.21	4441200.00
1995-12-20	12.18	12.18	11.96	12.05	4518800.00
1995-12-21	12.28	13.10	12.28	12.99	5859200.00
1995-12-22	12.99	13.40	12.99	13.10	3407600.00
1995-12-26	13.10	13.28	12.93	13.28	2163800.00
1995-12-27	13.28	13.28	12.99	12.99	1139200.00
1995-12-28	12.96	13.22	12.90	13.16	2210600.00
1995-12-29	13.10	13.22	13.04	13.22	1439000.00
1996-01-02	13.16	13.16	12.87	13.01	1704200.00
1996-01-03	12.93	12.96	12.40	12.54	3180000.00
1996-01-04	12.46	12.72	12.43	12.57	2503200.00
1996-01-05	12.54	12.63	12.34	12.49	1766800.00
1996-01-08	12.46	12.69	12.46	12.63	594400.00
1996-01-09	12.69	12.69	12.22	12.49	1963600.00
1996-01-10	12.10	12.13	11.60	11.63	2316000.00
1996-01-11	11.99	12.02	11.75	12.02	1534800.00
1996-01-12	12.05	12.25	11.84	11.99	1732000.00
1996-01-15	11.99	12.10	11.78	11.84	755200.00
1996-01-16	12.02	12.43	11.93	12.28	2410000.00
1996-01-17	12.25	12.52	12.13	12.16	2148800.00
1996-01-18	12.34	12.49	12.28	12.46	1907200.00
1996-01-19	12.43	12.52	12.37	12.49	2001600.00
1996-01-22	12.43	12.46	12.31	12.37	1342000.00
1996-01-23	12.34	12.54	11.90	12.28	2166800.00
1996-01-24	12.34	12.49	12.31	12.40	2796000.00
1996-01-25	12.40	12.52	12.22	12.22	1581600.00
1996-01-26	12.16	12.43	12.16	12.43	2040000.00
1996-01-29	12.43	12.63	12.43	12.60	2051000.00
1996-01-30	12.54	13.16	12.52	13.13	4652800.00
1996-01-31	13.34	13.72	13.16	13.46	4084800.00
1996-02-01	13.57	13.63	13.43	13.57	2395000.00
1996-02-02	13.51	13.87	13.51	13.51	2392200.00
1996-02-05	13.60	13.63	13.48	13.63	1535800.00
1996-02-06	13.16	13.72	13.16	13.63	2271000.00
1996-02-07	13.63	13.98	13.54	13.90	2530800.00
1996-02-08	13.98	14.42	13.87	14.34	2769000.00
1996-02-09	14.28	14.72	14.16	14.51	2162200.00
1996-02-12	14.69	15.07	14.69	15.07	2347800.00
1996-02-13	15.00	15.21	15.00	15.15	2334400.00
1996-02-14	15.06	15.12	14.83	15.09	3556200.00
1996-02-15	14.95	15.39	14.92	15.03	4211200.00
1996-02-16	14.89	14.89	14.62	14.71	2826000.00
1996-02-20	14.41	14.59	14.27	14.30	3094400.00
1996-02-21	14.30	14.74	14.30	14.65	2771800.00
1996-02-22	14.74	15.03	14.68	14.95	3045600.00
1996-02-23	15.12	15.33	15.06	15.18	4001800.00
1996-02-26	14.83	15.06	14.62	14.71	3369200.00
1996-02-27	14.65	14.74	14.35	14.41	2269800.00
1996-02-28	14.53	14.68	14.12	14.21	4668200.00
1996-02-29	14.24	14.65	14.15	14.32	3652800.00
1996-03-01	14.53	14.71	14.44	14.56	2966600.00
1996-03-04	14.77	15.21	14.74	15.15	3034600.00
1996-03-05	15.00	15.30	14.92	15.30	1690600.00
1996-03-06	15.30	15.54	15.27	15.36	1878200.00
1996-03-07	15.54	15.98	15.45	15.92	2897600.00
1996-03-08	15.42	15.65	14.59	15.48	4228600.00
1996-03-11	15.24	15.33	14.89	15.12	4169200.00
1996-03-12	15.03	15.09	14.35	15.00	2688000.00
1996-03-13	15.00	15.12	14.62	14.71	2272600.00
1996-03-14	14.71	14.95	14.53	14.56	2172600.00
1996-03-15	14.50	14.53	14.35	14.38	3142200.00
1996-03-18	14.41	14.41	14.03	14.09	4364400.00
1996-03-19	14.18	14.38	14.09	14.15	3480800.00
1996-03-20	14.30	14.65	14.21	14.65	3492600.00
1996-03-21	14.89	15.92	14.83	15.74	7608000.00
1996-03-22	15.59	15.65	15.06	15.33	3757200.00
1996-03-25	15.95	15.98	15.57	15.65	4584800.00
1996-03-26	15.59	15.92	15.54	15.83	4191800.00
1996-03-27	15.59	15.65	15.45	15.45	2542200.00
1996-03-28	15.30	15.45	15.21	15.45	2028000.00
1996-03-29	15.71	15.71	15.33	15.36	2315400.00
1996-04-01	15.48	15.57	15.36	15.45	1880000.00
1996-04-02	15.71	15.89	15.59	15.68	1633400.00
1996-04-03	15.62	15.65	15.39	15.42	1314800.00
1996-04-04	15.42	15.42	15.24	15.27	2186200.00
1996-04-08	14.65	14.92	14.65	14.89	1874800.00
1996-04-09	14.97	14.97	14.83	14.89	1562600.00
1996-04-10	14.83	14.86	14.18	14.41	3548000.00
1996-04-11	14.30	14.41	13.80	14.27	3836200.00
1996-04-12	14.35	14.68	14.32	14.56	2175000.00
1996-04-15	14.41	14.47	14.27	14.27	3003600.00
1996-04-16	14.21	14.24	13.91	13.94	3606000.00
1996-04-17	13.91	13.91	13.20	13.35	6091000.00
1996-04-18	13.59	14.15	13.56	13.91	7186200.00
1996-04-19	14.06	14.41	14.03	14.35	2851400.00
1996-04-22	14.53	14.53	13.62	13.82	2824600.00
1996-04-23	13.79	13.88	13.47	13.56	5600800.00
1996-04-24	13.62	13.62	12.82	13.11	9996400.00
1996-04-25	13.17	13.50	13.14	13.38	4786200.00
1996-04-26	13.59	13.85	13.53	13.73	3468200.00
1996-04-29	13.76	14.03	13.76	13.88	2613400.00
1996-04-30	13.94	13.97	13.73	13.97	1811600.00
1996-05-01	13.82	13.91	13.62	13.65	2201200.00
1996-05-02	13.29	13.50	13.14	13.23	1839400.00
1996-05-03	13.35	13.50	13.03	13.08	1859000.00
1996-05-06	13.14	13.38	12.73	12.97	3877200.00
1996-05-07	12.88	13.05	12.85	12.97	3592000.00
1996-05-08	12.76	13.32	12.64	13.26	3492400.00
1996-05-09	13.00	13.26	13.00	13.08	2577600.00
1996-05-10	13.23	13.38	13.05	13.32	2563800.00
1996-05-13	13.25	13.43	13.16	13.28	1546800.00
1996-05-14	13.22	13.37	13.13	13.34	3437000.00
1996-05-15	13.52	13.67	13.34	13.40	2981200.00
1996-05-16	13.34	14.06	13.34	13.97	3969600.00
1996-05-17	14.26	14.26	13.91	14.06	3162600.00
1996-05-20	14.20	14.32	14.17	14.26	2134400.00
1996-05-21	14.14	14.29	14.03	14.03	1869200.00
1996-05-22	13.91	14.41	13.85	14.20	2746800.00
1996-05-23	14.26	14.62	14.26	14.53	2786800.00
1996-05-24	14.59	14.95	14.59	14.92	2514600.00
1996-05-28	14.95	15.01	14.53	14.59	2294200.00
1996-05-29	15.04	15.30	14.80	14.86	5470800.00
1996-05-30	14.86	15.36	14.62	15.21	3185800.00
1996-05-31	15.16	15.30	14.95	15.27	2553600.00
1996-06-03	14.98	15.57	14.98	15.54	2987200.00
1996-06-04	15.63	15.75	15.54	15.54	4523400.00
1996-06-05	15.81	15.81	15.54	15.75	3416800.00
1996-06-06	15.78	15.84	15.69	15.72	2763600.00
1996-06-07	15.16	15.99	15.16	15.99	2920000.00
1996-06-10	15.93	15.99	15.78	15.84	1806000.00
1996-06-11	15.84	15.90	15.60	15.69	1603600.00
1996-06-12	15.69	15.69	15.21	15.27	1955800.00
1996-06-13	15.27	15.36	15.04	15.16	2258000.00
1996-06-14	15.10	15.33	15.01	15.10	2608200.00
1996-06-17	15.07	15.30	14.92	14.92	2427600.00
1996-06-18	14.89	14.92	14.62	14.62	2403800.00
1996-06-19	14.80	14.89	14.62	14.89	2659800.00
1996-06-20	15.21	15.45	15.07	15.27	3480200.00
1996-06-21	15.66	15.69	15.48	15.66	4328200.00
1996-06-24	15.54	15.63	15.33	15.39	1940400.00
1996-06-25	15.39	15.69	15.39	15.69	2390600.00
1996-06-26	15.51	15.69	15.45	15.57	1573600.00
1996-06-27	15.51	15.66	15.42	15.63	1603000.00
1996-06-28	15.57	15.72	15.42	15.45	1458000.00
1996-07-01	15.45	15.54	15.30	15.42	2684200.00
1996-07-02	15.45	15.72	15.39	15.39	2929000.00
1996-07-03	15.39	15.60	15.39	15.57	1564400.00
1996-07-05	15.27	15.51	15.07	15.10	692200.00
1996-07-08	15.01	15.21	14.95	15.01	1582800.00
1996-07-09	15.01	15.07	14.68	14.71	2708800.00
1996-07-10	14.65	14.65	14.41	14.53	2337200.00
1996-07-11	14.44	14.65	14.26	14.38	2943600.00
1996-07-12	14.20	14.47	13.82	14.44	2502600.00
1996-07-15	14.38	14.59	14.09	14.14	2367000.00
1996-07-16	13.85	13.91	12.72	13.55	5463000.00
1996-07-17	13.67	13.67	13.25	13.31	3988800.00
1996-07-18	13.43	13.94	13.37	13.88	3340800.00
1996-07-19	13.55	14.03	13.49	13.64	2368400.00
1996-07-22	13.58	13.82	13.37	13.82	2107200.00
1996-07-23	13.82	13.82	13.37	13.43	2157000.00
1996-07-24	13.25	13.61	13.22	13.55	2390000.00
1996-07-25	13.79	13.79	13.34	13.40	2648600.00
1996-07-26	13.46	13.55	13.34	13.37	1459200.00
1996-07-29	13.19	13.31	13.02	13.02	2697000.00
1996-07-30	12.96	13.08	12.84	12.96	3684800.00
1996-07-31	13.02	13.31	13.02	13.31	1770800.00
1996-08-01	13.43	13.79	13.40	13.79	2094800.00
1996-08-02	13.91	14.00	13.64	13.79	1991400.00
1996-08-05	13.79	14.00	13.76	13.88	1181600.00
1996-08-06	13.94	14.06	13.88	13.94	1850000.00
1996-08-07	14.20	14.20	13.73	13.76	3126600.00
1996-08-08	13.82	13.91	13.73	13.88	2075800.00
1996-08-09	13.73	13.85	13.64	13.73	1461400.00
1996-08-12	13.67	13.73	13.37	13.73	2810600.00
1996-08-13	13.87	14.14	13.84	14.11	2716400.00
1996-08-14	14.05	14.05	13.84	13.90	2003600.00
1996-08-15	13.84	14.05	13.84	13.99	2494200.00
1996-08-16	13.87	13.99	13.87	13.90	1875200.00
1996-08-19	13.96	14.02	13.84	14.02	1083600.00
1996-08-20	13.90	14.02	13.81	13.93	1587200.00
1996-08-21	13.93	14.32	13.93	14.20	3270000.00
1996-08-22	14.23	14.32	14.17	14.29	1546800.00
1996-08-23	14.29	14.32	14.14	14.20	1181400.00
1996-08-26	14.29	14.29	14.14	14.17	933600.00
1996-08-27	14.14	14.32	14.11	14.32	1019800.00
1996-08-28	14.32	14.32	14.17	14.17	960000.00
1996-08-29	14.08	14.14	13.90	13.93	1309400.00
1996-08-30	13.93	13.96	13.54	13.69	2540200.00
1996-09-03	13.45	14.41	13.39	14.29	3454800.00
1996-09-04	14.38	14.38	14.02	14.11	2029600.00
1996-09-05	14.05	14.14	13.78	13.78	2666200.00
1996-09-06	13.78	14.11	13.78	14.11	2276800.00
1996-09-09	14.11	14.14	13.93	14.14	1633600.00
1996-09-10	14.20	14.29	14.05	14.17	2620600.00
1996-09-11	14.20	14.50	14.17	14.41	3049200.00
1996-09-12	14.47	14.56	14.32	14.53	2250200.00
1996-09-13	14.83	14.86	14.68	14.86	3444600.00
1996-09-16	15.01	15.01	14.89	14.98	1696000.00
1996-09-17	14.95	14.98	14.71	14.74	1884200.00
1996-09-18	14.74	14.89	14.56	14.86	3005400.00
1996-09-19	14.89	15.31	14.86	15.28	3360200.00
1996-09-20	15.39	15.45	15.16	15.19	3905000.00
1996-09-23	15.13	15.39	14.98	15.31	1856000.00
1996-09-24	15.25	15.45	15.19	15.31	2425400.00
1996-09-25	15.28	15.28	15.01	15.07	3004000.00
1996-09-26	15.07	15.51	15.07	15.31	2055600.00
1996-09-27	15.34	15.51	15.19	15.51	2532000.00
1996-09-30	15.45	15.57	15.37	15.42	1931000.00
1996-10-01	15.42	15.54	15.19	15.54	2015200.00
1996-10-02	15.78	15.87	15.54	15.63	4226200.00
1996-10-03	15.48	15.81	15.45	15.75	2045800.00
1996-10-04	15.90	16.20	15.87	15.96	3152400.00
1996-10-07	15.90	16.08	15.75	15.78	1491600.00
1996-10-08	15.72	16.02	15.66	15.84	1822400.00
1996-10-09	15.60	15.90	15.60	15.75	1923800.00
1996-10-10	15.72	15.78	15.60	15.60	1215000.00
1996-10-11	15.54	15.84	15.51	15.81	1437000.00
1996-10-14	15.75	16.11	15.75	16.02	1705800.00
1996-10-15	16.05	16.23	15.96	16.23	2807400.00
1996-10-16	16.11	16.20	15.87	15.96	2842800.00
1996-10-17	15.90	16.17	15.87	16.14	2839600.00
1996-10-18	16.14	16.56	16.05	16.41	3088400.00
1996-10-21	16.44	16.68	16.41	16.44	2897800.00
1996-10-22	16.62	16.98	16.47	16.56	4054200.00
1996-10-23	16.53	17.10	16.50	17.10	3373200.00
1996-10-24	17.01	17.25	16.92	17.16	2995000.00
1996-10-25	17.16	17.16	16.65	16.68	2245600.00
1996-10-28	16.68	16.68	16.26	16.29	3276800.00
1996-10-29	16.23	16.83	16.20	16.83	2650400.00
1996-10-30	16.77	16.80	16.41	16.47	2285400.00
1996-10-31	16.44	16.95	16.41	16.86	2088000.00
1996-11-01	16.98	17.04	16.65	16.92	2099200.00
1996-11-04	16.92	17.13	16.80	17.10	2329600.00
1996-11-05	17.13	17.64	17.04	17.64	3188800.00
1996-11-06	17.94	18.44	17.88	18.44	4500200.00
1996-11-07	18.18	18.38	18.12	18.32	3301800.00
1996-11-08	18.18	18.62	18.12	18.59	2267800.00
1996-11-11	18.59	18.59	18.23	18.47	2706400.00
1996-11-12	18.38	18.38	18.00	18.03	2520800.00
1996-11-13	17.96	18.17	17.87	18.17	2335000.00
1996-11-14	18.02	18.23	17.87	18.02	1938600.00
1996-11-15	18.11	18.32	17.90	17.99	2093400.00
1996-11-18	17.84	18.08	17.78	17.99	1246200.00
1996-11-19	17.78	17.99	17.72	17.84	2058800.00
1996-11-20	17.75	17.84	17.63	17.66	2780800.00
1996-11-21	17.84	18.38	17.78	17.87	3427600.00
1996-11-22	18.02	18.02	17.81	18.02	1838000.00
1996-11-25	17.96	18.74	17.96	18.74	2681400.00
1996-11-26	18.38	18.80	18.38	18.38	2487600.00
1996-11-27	18.32	18.50	18.20	18.26	1272200.00
1996-11-29	18.32	18.44	18.32	18.38	618600.00
1996-12-02	18.62	18.62	17.87	17.93	2108000.00
1996-12-03	18.02	18.47	17.96	18.23	2864600.00
1996-12-04	18.14	18.14	17.42	17.96	6142000.00
1996-12-05	17.93	18.02	17.42	17.54	2105400.00
1996-12-06	17.12	17.78	16.82	17.66	2621200.00
1996-12-09	17.96	17.96	17.69	17.81	1832000.00
1996-12-10	17.90	18.50	17.87	17.99	3208200.00
1996-12-11	17.84	18.23	17.54	18.17	3340000.00
1996-12-12	18.32	18.50	17.84	17.90	3290800.00
1996-12-13	17.78	17.96	17.57	17.84	2847200.00
1996-12-16	18.08	18.17	17.72	17.78	3620800.00
1996-12-17	17.78	18.17	17.72	17.72	3313800.00
1996-12-18	17.90	18.20	17.78	18.05	3278200.00
1996-12-19	18.26	19.13	18.02	19.04	4265800.00
1996-12-20	19.31	19.31	18.44	18.53	5814800.00
1996-12-23	18.56	18.71	17.99	18.23	2016800.00
1996-12-24	18.17	18.32	18.17	18.26	661600.00
1996-12-26	18.29	18.53	18.11	18.20	1089400.00
1996-12-27	18.26	18.32	18.02	18.11	998800.00
1996-12-30	18.11	18.23	17.93	18.02	864000.00
1996-12-31	18.02	18.08	17.54	17.54	1256600.00
1997-01-02	17.57	17.60	17.09	17.42	2010600.00
1997-01-03	17.60	18.08	17.51	18.08	1612000.00
1997-01-06	18.26	18.35	17.87	18.11	2090200.00
1997-01-07	17.96	18.32	17.78	18.32	2222400.00
1997-01-08	18.26	18.38	17.90	17.99	2952600.00
1997-01-09	17.93	18.35	17.90	18.17	1587400.00
1997-01-10	17.84	18.41	17.78	18.35	3120800.00
1997-01-13	18.38	18.65	18.23	18.65	2476400.00
1997-01-14	18.74	19.19	18.68	19.07	2777000.00
1997-01-15	18.80	19.25	18.74	19.10	2970800.00
1997-01-16	19.16	19.34	18.98	19.25	2248400.00
1997-01-17	19.22	19.67	19.22	19.64	2270000.00
1997-01-20	19.64	19.88	19.49	19.61	1355000.00
1997-01-21	19.46	20.09	19.40	20.03	2225400.00
1997-01-22	20.18	20.54	20.06	20.27	4030800.00
1997-01-23	20.42	20.69	19.73	19.73	3371200.00
1997-01-24	19.79	20.21	19.64	19.85	3094200.00
1997-01-27	19.82	19.94	19.22	19.31	2325200.00
1997-01-28	19.82	20.42	19.52	19.76	4573000.00
1997-01-29	19.79	20.06	19.70	19.70	2765800.00
1997-01-30	19.94	20.87	19.85	20.87	3964000.00
1997-01-31	20.96	21.26	20.87	20.93	3512400.00
1997-02-03	20.93	21.17	20.78	21.05	1770400.00
1997-02-04	20.96	21.26	20.90	20.99	1534400.00
1997-02-05	21.05	21.32	20.60	20.93	2754800.00
1997-02-06	20.75	21.11	20.72	20.87	2520400.00
1997-02-07	21.14	21.44	21.02	21.38	2684800.00
1997-02-10	21.56	21.68	21.17	21.32	3121800.00
1997-02-11	21.38	21.50	21.05	21.47	2151400.00
1997-02-12	21.59	21.83	21.41	21.83	2425800.00
1997-02-13	22.13	22.43	21.92	22.31	3289200.00
1997-02-14	22.37	22.58	22.31	22.37	2791600.00
1997-02-18	22.19	22.43	22.10	22.34	2201400.00
1997-02-19	22.67	22.79	22.43	22.64	2561800.00
1997-02-20	22.37	22.61	22.37	22.46	2206600.00
1997-02-21	22.46	22.49	22.31	22.37	2073400.00
1997-02-24	22.19	22.88	22.19	22.76	2709200.00
1997-02-25	22.91	22.91	22.43	22.58	1636400.00
1997-02-26	22.43	22.46	21.59	22.13	2942400.00
1997-02-27	22.13	22.13	21.11	21.11	3819800.00
1997-02-28	20.98	21.35	20.86	21.08	3460800.00
1997-03-03	20.68	21.53	20.59	21.50	2819200.00
1997-03-04	21.56	21.59	20.50	20.74	3466200.00
1997-03-05	20.74	21.50	20.74	21.50	3075200.00
1997-03-06	21.44	21.47	20.86	20.86	3077400.00
1997-03-07	21.17	21.56	21.11	21.47	2379000.00
1997-03-10	21.41	22.13	21.41	22.07	2929800.00
1997-03-11	22.13	22.13	21.38	21.41	3527200.00
1997-03-12	21.23	21.29	20.62	20.83	3516200.00
1997-03-13	20.62	21.02	20.26	20.50	3101600.00
1997-03-14	20.68	20.77	19.93	20.11	3298400.00
1997-03-17	20.02	20.86	20.02	20.83	2890400.00
1997-03-18	20.98	21.05	20.50	20.53	2214600.00
1997-03-19	20.53	20.98	20.41	20.89	2858400.00
1997-03-20	20.89	21.05	20.65	20.74	2789200.00
1997-03-21	20.86	21.08	20.50	20.50	2275600.00
1997-03-24	20.53	20.95	20.53	20.92	2253200.00
1997-03-25	20.95	21.71	20.74	21.53	3501200.00
1997-03-26	21.59	22.01	21.53	21.86	3216800.00
1997-03-27	21.89	21.95	20.74	21.17	3268000.00
1997-03-31	21.11	21.35	19.84	19.84	3381600.00
1997-04-01	19.96	20.50	19.87	20.23	4561800.00
1997-04-02	20.11	20.14	19.57	19.63	2593200.00
1997-04-03	19.60	20.08	19.51	20.02	2081600.00
1997-04-04	19.81	20.29	19.72	20.11	3427600.00
1997-04-07	20.47	20.47	20.05	20.29	2453000.00
1997-04-08	20.26	20.29	19.72	19.90	3364000.00
1997-04-09	19.84	19.96	19.27	19.27	3410800.00
1997-04-10	19.36	19.66	19.18	19.18	5178200.00
1997-04-11	19.12	19.15	18.84	18.84	2491400.00
1997-04-14	18.81	19.54	18.66	19.48	2160800.00
1997-04-15	19.96	20.26	19.75	20.17	2823400.00
1997-04-16	19.99	20.89	19.75	20.83	1864200.00
1997-04-17	20.62	20.77	20.38	20.59	2139200.00
1997-04-18	20.59	20.59	20.23	20.50	1512000.00
1997-04-21	20.50	20.65	19.75	20.53	4375400.00
1997-04-22	20.44	20.77	20.23	20.50	2654400.00
1997-04-23	20.92	21.05	20.68	20.71	1677000.00
1997-04-24	20.74	20.77	20.35	20.65	1771600.00
1997-04-25	20.50	20.53	20.20	20.32	1299600.00
1997-04-28	20.08	20.44	20.05	20.26	1721200.00
1997-04-29	20.53	21.20	20.38	21.14	2136000.00
1997-04-30	21.05	21.23	20.80	21.20	2429600.00
1997-05-01	21.02	21.32	20.83	20.86	1945200.00
1997-05-02	20.98	21.44	20.95	21.32	2325200.00
1997-05-05	21.47	22.28	21.41	22.19	2562200.00
1997-05-06	22.13	22.22	21.68	21.80	2459600.00
1997-05-07	21.80	21.92	21.02	21.11	2024600.00
1997-05-08	20.95	21.89	20.86	21.32	2545000.00
1997-05-09	21.44	21.74	21.23	21.71	1585800.00
1997-05-12	22.01	22.46	21.92	22.43	3535400.00
1997-05-13	22.52	22.73	22.22	22.49	2281800.00
1997-05-14	22.70	22.76	22.31	22.43	2023800.00
1997-05-15	22.43	22.67	22.31	22.64	1640400.00
1997-05-16	22.58	22.70	21.79	21.91	2559800.00
1997-05-19	21.85	22.25	21.70	21.82	2006600.00
1997-05-20	21.67	22.43	21.64	22.40	1864600.00
1997-05-21	22.58	22.70	22.10	22.46	1872000.00
1997-05-22	22.40	22.43	21.88	22.04	1620600.00
1997-05-23	22.10	22.70	22.10	22.52	1063400.00
1997-05-27	22.34	22.67	22.22	22.43	1506000.00
1997-05-28	22.31	22.37	22.10	22.22	1046000.00
1997-05-29	22.52	22.52	21.88	22.10	1995800.00
1997-05-30	22.00	22.64	21.88	22.52	3320200.00
1997-06-02	22.70	22.79	22.19	22.19	2601400.00
1997-06-03	22.40	22.70	22.31	22.34	2564600.00
1997-06-04	22.79	23.00	22.49	22.61	3354600.00
1997-06-05	22.52	22.97	22.49	22.55	2815800.00
1997-06-06	22.79	23.76	22.76	23.52	5723200.00
1997-06-09	23.97	24.49	23.70	24.27	4833000.00
1997-06-10	24.31	24.31	23.97	24.21	2723200.00
1997-06-11	24.21	24.97	24.21	24.67	3519400.00
1997-06-12	24.88	25.49	24.73	25.39	2621000.00
1997-06-13	25.18	25.91	25.18	25.91	2937800.00
1997-06-16	25.85	25.85	25.49	25.52	3191400.00
1997-06-17	25.27	25.91	24.91	25.55	2649800.00
1997-06-18	25.24	25.64	25.12	25.15	1675000.00
1997-06-19	25.36	26.18	25.36	26.18	2301800.00
1997-06-20	26.06	26.82	25.79	26.73	4261800.00
1997-06-23	26.64	26.70	25.61	25.67	2522600.00
1997-06-24	26.09	26.94	26.00	26.62	3338400.00
1997-06-25	26.67	27.00	26.18	26.45	3241000.00
1997-06-26	26.33	26.36	25.92	26.14	2597000.00
1997-06-27	26.24	26.79	26.12	26.58	2821600.00
1997-06-30	26.76	26.77	26.30	26.47	2723800.00
1997-07-01	26.70	26.97	26.48	26.85	2981000.00
1997-07-02	26.80	26.83	26.45	26.55	2666800.00
1997-07-03	26.76	27.15	26.76	26.98	2032000.00
1997-07-07	27.30	27.42	26.71	27.09	2781600.00
1997-07-08	27.30	27.79	27.27	27.53	2410600.00
1997-07-09	27.83	27.83	26.71	26.92	2826800.00
1997-07-10	27.30	27.73	27.06	27.63	2962400.00
1997-07-11	27.85	27.94	27.60	27.79	2139800.00
1997-07-14	27.85	28.18	27.73	28.12	1553600.00
1997-07-15	28.18	28.36	27.88	28.26	2447400.00
1997-07-16	28.30	28.30	26.76	27.48	4395600.00
1997-07-17	27.47	27.85	27.12	27.60	3495000.00
1997-07-18	27.59	27.63	26.48	26.48	3008800.00
1997-07-21	26.59	27.06	26.02	26.94	2622000.00
1997-07-22	27.00	27.57	26.61	27.51	2560600.00
1997-07-23	28.24	28.48	27.85	28.07	3509600.00
1997-07-24	28.13	28.18	27.48	28.12	2035600.00
1997-07-25	28.09	28.32	27.12	27.35	2878000.00
1997-07-28	27.45	27.76	26.80	26.85	2606600.00
1997-07-29	26.88	27.48	26.86	27.20	2940800.00
1997-07-30	27.18	27.39	26.88	27.10	1718000.00
1997-07-31	27.30	27.62	27.18	27.36	1927600.00
1997-08-01	27.21	27.36	26.74	26.95	2078600.00
1997-08-04	27.01	27.95	26.92	27.94	2477000.00
1997-08-05	27.85	28.33	27.66	28.01	2020800.00
1997-08-06	28.09	28.16	27.97	28.06	1763400.00
1997-08-07	28.21	28.39	27.54	27.56	2033400.00
1997-08-08	27.24	28.00	27.24	27.29	3049400.00
1997-08-11	27.23	27.24	26.06	26.32	4032800.00
1997-08-12	26.39	26.48	25.85	25.91	3824600.00
1997-08-13	26.06	26.21	25.15	25.39	3607600.00
1997-08-14	25.54	25.88	25.21	25.56	3474400.00
1997-08-15	25.18	25.43	24.49	24.54	3753800.00
1997-08-18	24.60	25.15	24.49	25.06	3506600.00
1997-08-19	25.27	25.94	25.16	25.81	3136000.00
1997-08-20	26.36	27.33	26.24	27.33	3732600.00
1997-08-21	27.33	27.52	26.54	26.77	2880200.00
1997-08-22	26.36	26.73	26.00	26.73	2185200.00
1997-08-25	26.79	26.85	26.12	26.12	2388000.00
1997-08-26	26.06	26.24	25.39	25.45	2639000.00
1997-08-27	25.34	25.78	25.12	25.60	3095000.00
1997-08-28	25.42	25.75	24.84	24.98	2741400.00
1997-08-29	24.86	25.75	24.86	25.42	2479000.00
1997-09-02	25.54	26.45	25.53	26.41	2186000.00
1997-09-03	26.36	26.41	25.62	25.63	2656200.00
1997-09-04	25.88	26.42	25.75	26.24	2644200.00
1997-09-05	26.63	26.68	26.06	26.21	2278800.00
1997-09-08	26.54	26.54	26.03	26.03	1158800.00
1997-09-09	25.91	26.01	25.48	25.77	1980600.00
1997-09-10	25.77	26.18	25.50	25.56	3054600.00
1997-09-11	25.33	25.37	24.63	25.28	3715000.00
1997-09-12	25.51	26.48	25.03	26.35	2959000.00
1997-09-15	26.66	27.27	26.65	27.06	4468800.00
1997-09-16	27.36	27.67	27.12	27.56	3050000.00
1997-09-17	27.88	27.88	26.97	27.36	3011200.00
1997-09-18	27.61	27.67	27.18	27.35	2443800.00
1997-09-19	27.41	28.24	27.39	28.20	4220200.00
1997-09-22	28.55	29.31	28.30	29.31	3734400.00
1997-09-23	29.22	29.64	28.67	29.37	3346400.00
1997-09-24	29.38	29.76	29.06	29.09	2379000.00
1997-09-25	29.03	29.25	28.79	28.91	2027800.00
1997-09-26	29.16	29.32	28.97	29.22	2124400.00
1997-09-29	29.40	30.01	29.11	30.01	2074600.00
1997-09-30	29.82	29.93	29.26	29.40	1964400.00
1997-10-01	29.49	29.61	29.16	29.43	1947600.00
1997-10-02	29.22	29.99	29.16	29.91	1741600.00
1997-10-03	30.37	30.55	30.13	30.40	2782600.00
1997-10-06	30.67	30.98	30.45	30.92	1830800.00
1997-10-07	30.89	32.12	30.78	31.98	2571800.00
1997-10-08	32.07	32.07	31.16	31.68	3224800.00
1997-10-09	31.16	31.46	30.98	31.16	2546800.00
1997-10-10	31.14	31.14	30.43	30.58	3128600.00
1997-10-13	30.61	30.64	30.14	30.31	2236800.00
1997-10-14	30.37	31.28	29.94	31.05	4032400.00
1997-10-15	31.27	31.57	31.01	31.02	3553200.00
1997-10-16	31.37	31.52	30.61	30.83	2930300.00
1997-10-17	30.73	30.80	29.40	30.49	2603000.00
1997-10-20	30.73	31.52	30.73	31.40	2565700.00
1997-10-21	32.10	33.29	32.01	32.34	3625500.00
1997-10-22	32.47	33.10	32.40	32.89	2447500.00
1997-10-23	32.07	33.59	32.07	33.41	3466300.00
1997-10-24	33.77	34.17	32.80	33.62	3424000.00
1997-10-27	32.80	33.01	29.64	30.37	2998600.00
1997-10-28	29.64	33.53	29.58	33.29	5218700.00
1997-10-29	33.65	33.98	31.89	32.92	3177700.00
1997-10-30	31.83	33.50	31.83	32.07	2785800.00
1997-10-31	32.80	33.04	31.86	32.59	2169500.00
1997-11-03	33.10	33.19	32.28	32.56	2617400.00
1997-11-04	32.31	32.53	31.92	32.19	1880700.00
1997-11-05	32.56	33.04	32.40	32.62	1926100.00
1997-11-06	32.56	32.74	32.19	32.31	1548800.00
1997-11-07	31.58	32.28	31.31	31.83	2686200.00
1997-11-10	32.56	32.56	31.46	31.65	1649500.00
1997-11-11	31.89	32.04	31.37	31.65	1246800.00
1997-11-12	31.19	32.38	30.65	30.77	2587900.00
1997-11-13	31.01	31.62	30.25	31.01	3096500.00
1997-11-14	31.26	32.69	31.26	32.60	3632600.00
1997-11-17	33.11	33.60	32.78	32.81	2229000.00
1997-11-18	33.39	33.39	32.17	32.29	1851800.00
1997-11-19	31.68	32.02	30.83	31.19	3943800.00
1997-11-20	31.93	32.78	31.44	31.62	5401200.00
1997-11-21	32.23	32.50	31.01	31.68	6128400.00
1997-11-24	31.65	31.77	30.31	30.46	2856000.00
1997-11-25	30.83	31.10	29.73	30.22	3470800.00
1997-11-26	30.65	30.80	30.22	30.34	2772100.00
1997-11-28	30.71	31.04	30.62	30.71	812600.00
1997-12-01	30.95	32.17	30.89	31.90	3874900.00
1997-12-02	31.77	32.32	31.50	31.74	1987800.00
1997-12-03	31.65	31.99	31.23	31.74	2187900.00
1997-12-04	32.08	32.41	31.47	31.77	2422000.00
1997-12-05	31.50	31.77	31.01	31.01	2020400.00
1997-12-08	31.38	31.87	31.26	31.32	1520400.00
1997-12-09	31.62	31.65	30.77	30.89	1729700.00
1997-12-10	31.26	31.77	30.22	30.86	3954400.00
1997-12-11	30.43	31.32	30.37	31.01	2424500.00
1997-12-12	31.19	31.29	30.49	30.95	1567100.00
1997-12-15	31.01	32.17	30.89	31.62	2090000.00
1997-12-16	32.20	32.63	31.99	32.60	2527700.00
1997-12-17	32.60	33.05	32.44	32.72	3504700.00
1997-12-18	32.66	32.87	32.17	32.78	2049400.00
1997-12-19	32.47	32.54	31.41	32.35	2809800.00
1997-12-22	32.26	32.75	32.26	32.57	1294200.00
1997-12-23	32.57	33.69	32.44	33.21	2650000.00
1997-12-24	33.33	33.63	32.63	32.78	1054600.00
1997-12-26	32.72	33.11	32.72	33.05	383900.00
1997-12-29	33.30	34.06	32.99	34.03	1266800.00
1997-12-30	34.09	34.21	33.72	34.09	1786700.00
1997-12-31	34.09	34.33	33.85	33.94	1181800.00
1998-01-02	33.81	34.06	32.90	33.60	1319400.00
1998-01-05	34.12	35.06	33.78	35.06	3112700.00
1998-01-06	34.94	35.28	34.12	34.45	2331500.00
1998-01-07	34.00	34.18	33.36	33.78	1840900.00
1998-01-08	33.42	33.97	33.17	33.39	1772300.00
1998-01-09	33.11	33.11	31.38	32.47	2299900.00
1998-01-12	31.56	33.63	31.47	33.27	2948500.00
1998-01-13	33.24	33.45	32.47	33.11	2320000.00
1998-01-14	33.14	33.33	32.47	33.33	1635400.00
1998-01-15	33.21	33.24	32.47	32.66	1534700.00
1998-01-16	32.81	33.08	32.29	32.66	2777800.00
1998-01-20	33.45	34.24	33.24	33.94	2872900.00
1998-01-21	33.91	33.91	33.14	33.78	1960300.00
1998-01-22	33.39	33.66	33.08	33.08	2011300.00
1998-01-23	33.14	33.33	32.35	32.60	2394200.00
1998-01-26	32.66	33.05	32.32	32.32	1432700.00
1998-01-27	32.35	32.90	32.35	32.35	2455700.00
1998-01-28	32.66	33.36	32.66	33.21	2428300.00
1998-01-29	32.90	33.51	32.72	33.11	3348600.00
1998-01-30	33.39	33.42	32.69	32.96	2391500.00
1998-02-02	34.79	34.94	33.69	33.81	4901300.00
1998-02-03	33.39	33.85	33.02	33.51	2693600.00
1998-02-04	33.39	33.39	32.75	33.33	2139100.00
1998-02-05	33.60	33.60	32.44	32.50	3017900.00
1998-02-06	32.81	33.05	32.47	32.54	3191500.00
1998-02-09	32.63	32.63	31.44	31.68	4221200.00
1998-02-10	31.38	32.38	30.52	30.95	6182100.00
1998-02-11	31.11	32.33	31.08	32.33	6795800.00
1998-02-12	31.78	32.18	31.32	31.63	4074900.00
1998-02-13	31.29	31.75	30.93	31.14	4315700.00
1998-02-17	30.32	30.38	29.55	30.19	11597700.00
1998-02-18	29.64	29.86	29.09	29.34	13625700.00
1998-02-19	29.58	30.04	29.46	29.55	10639300.00
1998-02-20	29.86	30.53	29.70	30.13	9184900.00
1998-02-23	30.77	31.75	30.68	31.69	8460700.00
1998-02-24	30.90	32.00	30.87	31.26	5813500.00
1998-02-25	32.12	32.15	31.57	31.97	3799400.00
1998-02-26	32.12	32.24	31.69	32.00	2919300.00
1998-02-27	32.24	32.36	31.78	32.18	2451500.00
1998-03-02	32.18	32.42	31.51	31.78	2579000.00
1998-03-03	31.63	31.69	31.20	31.48	3062400.00
1998-03-04	31.14	31.29	30.68	30.68	3756800.00
1998-03-05	30.56	31.54	30.56	31.48	2978900.00
1998-03-06	31.90	32.36	31.81	32.33	3152700.00
1998-03-09	32.33	32.52	31.39	31.60	2346200.00
1998-03-10	32.49	32.70	32.18	32.49	3478900.00
1998-03-11	32.61	32.82	32.21	32.45	2925900.00
1998-03-12	32.64	32.64	31.97	32.06	1925800.00
1998-03-13	32.27	32.61	32.00	32.03	2383700.00
1998-03-16	32.15	32.97	32.12	32.97	2629200.00
1998-03-17	32.88	32.97	32.12	32.33	2472700.00
1998-03-18	32.30	32.67	31.94	32.06	1728000.00
1998-03-19	32.18	32.70	32.03	32.36	1861500.00
1998-03-20	32.58	32.61	31.90	31.90	2804600.00
1998-03-23	31.78	31.78	30.84	31.05	3583900.00
1998-03-24	31.08	31.20	30.35	30.56	4675200.00
1998-03-25	29.70	30.01	29.28	29.95	7936900.00
1998-03-26	29.61	29.92	29.49	29.64	4765200.00
1998-03-27	29.61	29.92	29.37	29.43	4184000.00
1998-03-30	29.49	29.55	28.21	28.48	7312100.00
1998-03-31	28.97	29.28	28.70	29.15	5751900.00
1998-04-01	29.34	29.80	28.76	29.06	5719700.00
1998-04-02	29.25	29.34	28.79	29.22	3619100.00
1998-04-03	29.40	29.43	28.57	28.63	4390700.00
1998-04-06	28.79	30.19	28.30	29.89	9356100.00
1998-04-07	30.25	31.72	30.19	31.23	9822100.00
1998-04-08	32.09	32.33	31.57	31.78	6771100.00
1998-04-09	31.97	32.27	31.02	31.26	2881900.00
1998-04-13	31.29	31.32	30.53	31.11	2125300.00
1998-04-14	31.51	31.54	31.05	31.45	1910900.00
1998-04-15	31.51	32.15	31.23	31.66	3290000.00
1998-04-16	31.66	31.66	30.47	30.93	2889500.00
1998-04-17	31.72	33.86	31.60	33.43	8358300.00
1998-04-20	35.02	36.06	34.29	35.30	9805100.00
1998-04-21	35.45	36.00	34.99	35.30	5051600.00
1998-04-22	35.24	35.36	34.56	34.93	3663600.00
1998-04-23	34.90	34.90	34.17	34.47	2740700.00
1998-04-24	34.26	34.41	34.07	34.23	2756800.00
1998-04-27	33.74	33.77	32.58	33.07	3402200.00
1998-04-28	33.80	33.80	33.25	33.68	2331500.00
1998-04-29	34.10	34.10	33.07	33.49	1743100.00
1998-04-30	33.95	34.47	33.49	34.01	2255200.00
1998-05-01	32.82	33.13	32.27	32.42	4546800.00
1998-05-04	32.76	33.43	32.70	32.76	2870100.00
1998-05-05	32.64	32.79	31.97	32.42	2309300.00
1998-05-06	32.97	32.97	32.09	32.30	2852700.00
1998-05-07	32.27	32.52	32.06	32.33	2301400.00
1998-05-08	32.61	32.82	32.36	32.76	2047700.00
1998-05-11	32.79	32.97	32.24	32.36	2596000.00
1998-05-12	32.39	32.67	32.06	32.55	1989200.00
1998-05-13	33.56	33.84	33.17	33.66	3415400.00
1998-05-14	33.78	33.84	33.32	33.35	2820000.00
1998-05-15	33.69	34.30	33.44	33.56	3686500.00
1998-05-18	34.33	34.64	33.44	34.21	4252900.00
1998-05-19	34.27	34.64	32.95	33.07	2881600.00
1998-05-20	33.41	33.72	33.23	33.50	2242800.00
1998-05-21	33.63	33.63	32.43	32.89	1471400.00
1998-05-22	32.68	32.77	32.37	32.37	1536200.00
1998-05-26	32.74	32.74	31.42	31.45	2150600.00
1998-05-27	31.11	31.88	30.90	31.82	3837300.00
1998-05-28	31.88	32.37	30.99	31.14	4759800.00
1998-05-29	31.36	31.39	30.07	30.10	6591000.00
1998-06-01	30.13	30.62	29.95	30.13	3459200.00
1998-06-02	30.28	30.35	29.70	29.73	4501100.00
1998-06-03	30.04	30.47	29.89	29.98	3253600.00
1998-06-04	30.04	30.44	29.73	30.38	2645200.00
1998-06-05	31.11	31.27	30.71	31.27	3438900.00
1998-06-08	31.36	31.54	31.23	31.36	2691000.00
1998-06-09	31.27	31.51	31.05	31.39	2466500.00
1998-06-10	31.51	31.82	31.05	31.08	2828500.00
1998-06-11	31.05	31.30	30.41	30.53	2323400.00
1998-06-12	30.47	31.23	30.44	31.20	3086800.00
1998-06-15	30.65	31.88	30.53	31.17	2935400.00
1998-06-16	31.33	31.42	30.59	31.42	2856300.00
1998-06-17	31.39	32.18	31.39	31.57	2836200.00
1998-06-18	31.76	32.25	31.63	31.94	2368500.00
1998-06-19	32.28	32.89	31.76	32.64	4135800.00
1998-06-22	32.43	32.52	32.12	32.37	1747400.00
1998-06-23	32.49	32.64	31.88	32.18	2270900.00
1998-06-24	32.46	33.38	32.31	33.38	2587600.00
1998-06-25	33.35	33.78	32.74	32.86	2275200.00
1998-06-26	32.98	33.75	32.80	33.59	1579200.00
1998-06-29	33.69	33.69	33.01	33.17	1865900.00
1998-06-30	33.29	33.29	32.40	32.49	1411500.00
1998-07-01	32.80	32.92	31.66	31.66	2949700.00
1998-07-02	31.69	32.03	31.39	31.82	1886700.00
1998-07-06	31.76	32.31	31.72	32.12	2626500.00
1998-07-07	32.12	32.86	32.06	32.83	2290000.00
1998-07-08	32.83	33.10	32.61	33.01	1779100.00
1998-07-09	32.95	33.44	32.68	32.80	1485000.00
1998-07-10	32.68	32.74	31.66	32.18	2630100.00
1998-07-13	32.12	32.22	31.76	32.09	1524100.00
1998-07-14	31.94	32.22	31.45	31.94	2310900.00
1998-07-15	32.06	32.09	30.68	30.96	3552000.00
1998-07-16	31.23	31.76	31.05	31.60	2981800.00
1998-07-17	31.88	33.35	31.85	33.13	4224700.00
1998-07-20	33.26	34.05	33.04	33.93	3219300.00
1998-07-21	34.18	34.18	33.53	33.78	4054800.00
1998-07-22	33.72	34.02	33.26	33.96	3414300.00
1998-07-23	33.84	33.84	32.15	32.15	2452900.00
1998-07-24	32.37	33.01	32.22	32.86	2263600.00
1998-07-27	32.37	33.10	32.18	32.77	1795600.00
1998-07-28	32.80	32.95	31.63	32.00	2649500.00
1998-07-29	32.61	32.95	32.40	32.58	2092500.00
1998-07-30	33.13	33.66	33.04	33.56	2138600.00
1998-07-31	33.59	33.75	32.55	32.98	1692600.00
1998-08-03	32.98	33.41	32.55	32.98	2013300.00
1998-08-04	33.32	33.63	32.34	32.49	3078100.00
1998-08-05	32.55	33.35	32.31	33.35	3877800.00
1998-08-06	32.98	33.41	32.92	33.20	1968900.00
1998-08-07	33.07	33.59	32.89	33.44	2550100.00
1998-08-10	33.10	33.93	33.10	33.29	2436100.00
1998-08-11	32.80	33.07	32.37	32.95	2456800.00
1998-08-12	33.17	33.76	32.86	33.76	2453700.00
1998-08-13	33.76	34.40	33.69	34.16	3770100.00
1998-08-14	33.63	34.40	33.45	33.76	2576100.00
1998-08-17	33.69	34.43	33.69	34.43	3505000.00
1998-08-18	34.43	36.12	34.22	35.82	5013400.00
1998-08-19	36.12	36.95	35.51	36.71	4551400.00
1998-08-20	36.65	36.86	35.72	35.85	3002300.00
1998-08-21	35.05	36.55	34.77	36.49	3811400.00
1998-08-24	36.49	36.86	35.91	36.83	3611900.00
1998-08-25	37.02	37.32	36.25	36.55	3312200.00
1998-08-26	36.15	38.21	36.03	37.94	3617700.00
1998-08-27	37.14	37.63	36.28	36.40	4199700.00
1998-08-28	36.06	36.55	35.20	35.66	2949400.00
1998-08-31	35.48	35.57	32.03	32.34	4604600.00
1998-09-01	32.96	34.56	31.42	34.16	4928300.00
1998-09-02	34.31	35.42	33.76	34.06	3362900.00
1998-09-03	34.13	35.85	33.94	35.51	3498400.00
1998-09-04	35.85	35.91	33.51	34.89	2660000.00
1998-09-08	35.75	36.77	35.36	36.52	2973000.00
1998-09-09	36.40	37.14	35.79	35.88	2435900.00
1998-09-10	35.02	36.46	35.02	35.82	2829200.00
1998-09-11	35.97	37.35	35.54	36.83	2586900.00
1998-09-14	37.63	38.12	37.26	37.48	3380600.00
1998-09-15	37.60	38.43	37.51	38.03	2940100.00
1998-09-16	37.69	38.18	37.32	38.12	2119200.00
1998-09-17	37.05	37.81	36.52	36.71	3098500.00
1998-09-18	36.80	37.11	35.85	36.95	3783600.00
1998-09-21	36.40	38.12	35.85	37.54	2092000.00
1998-09-22	38.06	39.54	37.69	39.29	3489100.00
1998-09-23	39.32	40.15	38.98	39.78	4021800.00
1998-09-24	39.01	39.72	38.21	38.43	2289800.00
1998-09-25	38.00	39.23	37.63	38.64	1958300.00
1998-09-28	40.09	40.09	38.64	39.29	2194100.00
1998-09-29	39.35	39.69	38.58	39.38	2062000.00
1998-09-30	38.92	39.29	37.81	38.52	2459500.00
1998-10-01	38.12	39.08	36.89	37.54	3674800.00
1998-10-02	37.51	38.06	35.72	37.81	3574500.00
1998-10-05	37.32	39.23	36.80	38.71	2995500.00
1998-10-06	39.11	39.14	37.51	38.12	3105700.00
1998-10-07	35.91	37.02	34.43	35.11	5726100.00
1998-10-08	34.49	35.29	33.45	34.71	4934500.00
1998-10-09	35.05	36.19	34.34	36.09	3140400.00
1998-10-12	37.02	37.08	36.19	36.28	2400500.00
1998-10-13	36.62	36.62	35.66	35.66	1918700.00
1998-10-14	34.92	35.97	34.43	35.66	3120500.00
1998-10-15	35.72	37.32	35.51	36.65	2582200.00
1998-10-16	37.11	37.20	36.62	37.02	2806100.00
1998-10-19	36.89	37.14	35.94	36.92	2102800.00
1998-10-20	37.20	37.72	36.68	37.08	2627300.00
1998-10-21	37.14	38.86	37.08	38.37	3372600.00
1998-10-22	37.81	38.95	37.32	38.64	2223500.00
1998-10-23	38.52	38.92	38.06	38.21	2232600.00
1998-10-26	38.24	38.24	37.66	38.06	1586700.00
1998-10-27	38.43	38.58	37.75	37.81	2338500.00
1998-10-28	37.63	38.40	37.41	38.03	1547000.00
1998-10-29	38.06	39.51	38.06	39.47	3098800.00
1998-10-30	39.47	39.84	39.14	39.84	2035500.00
1998-11-02	39.81	40.58	39.23	40.37	2992100.00
1998-11-03	39.97	40.34	39.63	40.21	1823800.00
1998-11-04	40.24	40.95	39.41	39.84	3167500.00
1998-11-05	39.51	41.81	39.23	41.75	2717100.00
1998-11-06	41.35	43.23	41.32	42.98	2606400.00
1998-11-09	42.30	42.61	41.93	42.36	2014200.00
1998-11-10	41.85	42.65	41.75	42.22	1704100.00
1998-11-11	42.19	42.28	41.38	41.54	1467500.00
1998-11-12	41.45	41.97	41.17	41.51	1238900.00
1998-11-13	41.23	41.38	40.55	41.23	1373500.00
1998-11-16	41.48	41.85	40.83	41.32	982400.00
1998-11-17	41.60	42.28	40.80	40.83	2365200.00
1998-11-18	40.86	41.91	40.52	41.85	1924700.00
1998-11-19	42.16	42.86	41.75	42.43	2268200.00
1998-11-20	42.62	43.08	42.46	42.99	1647700.00
1998-11-23	42.93	44.31	42.93	44.07	2662700.00
1998-11-24	43.70	45.02	43.54	44.07	2889500.00
1998-11-25	43.82	44.93	43.39	44.74	1309900.00
1998-11-27	43.88	45.02	43.88	44.81	824600.00
1998-11-30	44.56	44.84	43.70	44.22	1921800.00
1998-12-01	43.39	44.59	43.23	44.50	1492400.00
1998-12-02	43.94	44.07	43.08	43.82	1661500.00
1998-12-03	43.51	43.94	41.17	41.29	2710000.00
1998-12-04	42.03	42.52	41.38	42.46	3306600.00
1998-12-07	43.14	43.76	42.46	42.86	2493900.00
1998-12-08	42.86	43.60	42.16	43.20	1909000.00
1998-12-09	43.20	43.91	43.20	43.60	2092000.00
1998-12-10	43.39	43.76	42.59	42.80	2307700.00
1998-12-11	43.08	44.87	43.08	44.34	3405400.00
1998-12-14	44.16	44.84	43.14	43.23	3283700.00
1998-12-15	42.59	43.54	42.56	43.54	3056800.00
1998-12-16	43.54	44.16	43.51	43.94	3107400.00
1998-12-17	43.94	44.34	43.94	44.13	1877300.00
1998-12-18	43.51	43.82	42.77	43.05	3047500.00
1998-12-21	42.06	43.02	41.42	41.45	2749200.00
1998-12-22	41.91	42.06	41.23	41.88	2616100.00
1998-12-23	41.91	42.37	41.51	42.22	1809200.00
1998-12-24	42.28	42.28	41.75	42.03	564900.00
1998-12-28	42.40	43.26	42.34	43.02	1154400.00
1998-12-29	43.05	44.59	42.74	44.44	1521800.00
1998-12-30	44.34	44.71	43.51	44.62	1269900.00
1998-12-31	44.65	44.96	43.02	43.82	1232700.00
1999-01-04	43.02	43.85	41.79	42.40	2558700.00
1999-01-05	42.16	42.86	42.00	42.31	2499400.00
1999-01-06	42.40	42.68	41.66	41.97	3106300.00
1999-01-07	41.17	41.38	40.49	40.61	3388600.00
1999-01-08	40.49	40.55	38.64	38.89	5412200.00
1999-01-11	39.07	39.44	37.41	37.56	4975300.00
1999-01-12	37.90	38.40	37.72	37.72	3996400.00
1999-01-13	36.61	40.31	36.58	39.78	5134700.00
1999-01-14	40.43	41.05	39.69	40.18	3603300.00
1999-01-15	40.49	40.86	39.75	40.06	2837900.00
1999-01-19	39.63	39.84	38.70	39.20	2305400.00
1999-01-20	39.41	40.98	39.04	40.55	2375700.00
1999-01-21	39.81	40.24	38.00	38.43	3097000.00
1999-01-22	38.21	40.06	37.96	39.57	2701400.00
1999-01-25	41.85	42.80	41.29	42.52	6898600.00
1999-01-26	42.89	44.13	42.71	44.13	4380900.00
1999-01-27	44.34	45.33	43.82	44.74	3904200.00
1999-01-28	44.25	45.79	44.19	45.48	3175000.00
1999-01-29	44.56	46.38	44.13	46.19	2905300.00
1999-02-01	46.19	46.62	45.24	45.95	2125200.00
1999-02-02	45.11	45.82	44.31	45.27	1706700.00
1999-02-03	44.50	45.54	44.13	45.36	2667500.00
1999-02-04	45.11	45.88	44.84	44.84	1653200.00
1999-02-05	44.44	44.77	43.39	43.60	2037100.00
1999-02-08	43.26	43.39	42.80	43.02	1392000.00
1999-02-09	42.89	43.36	42.68	42.74	1946400.00
1999-02-10	42.82	43.23	42.73	43.19	1379900.00
1999-02-11	43.19	44.55	43.19	44.49	1298300.00
1999-02-12	44.52	44.80	43.81	44.58	1844800.00
1999-02-16	44.49	44.74	43.69	44.18	1654400.00
1999-02-17	43.84	44.55	43.63	43.75	1455700.00
1999-02-18	44.00	46.62	43.94	46.16	4258300.00
1999-02-19	46.59	46.72	45.79	46.01	3165000.00
1999-02-22	45.36	46.96	45.36	46.90	2226500.00
1999-02-23	46.78	48.08	46.72	47.67	2432000.00
1999-02-24	46.96	47.77	45.67	45.85	2147900.00
1999-02-25	45.73	46.47	44.99	46.10	2115400.00
1999-02-26	45.20	47.15	45.08	46.72	2617400.00
1999-03-01	46.72	46.72	46.19	46.38	1713500.00
1999-03-02	46.25	46.93	45.97	45.97	2283700.00
1999-03-03	45.76	45.91	45.30	45.91	2133400.00
1999-03-04	45.57	46.72	45.05	46.72	2130800.00
1999-03-05	47.33	48.32	47.15	48.17	2254800.00
1999-03-08	47.74	48.26	47.49	48.11	1400300.00
1999-03-09	46.96	47.92	46.69	47.21	2971300.00
1999-03-10	46.90	46.93	44.96	45.39	3751500.00
1999-03-11	45.57	45.91	45.17	45.88	3044900.00
1999-03-12	46.04	46.96	45.88	46.90	2346900.00
1999-03-15	46.53	47.92	46.44	47.74	1673900.00
1999-03-16	47.40	47.67	46.41	46.50	2048700.00
1999-03-17	44.49	44.86	43.84	43.87	5269400.00
1999-03-18	43.07	44.28	42.51	43.90	6110300.00
1999-03-19	44.24	44.24	43.13	43.23	3334200.00
1999-03-22	42.79	43.23	41.90	42.05	2638300.00
1999-03-23	42.39	42.76	40.82	41.62	2979400.00
1999-03-24	41.59	42.55	41.34	42.36	2143800.00
1999-03-25	42.76	43.07	42.27	42.76	1825500.00
1999-03-26	42.76	42.76	41.46	41.74	1211400.00
1999-03-29	43.01	43.29	42.67	42.82	2345900.00
1999-03-30	42.79	43.69	42.55	43.47	1654300.00
1999-03-31	44.06	44.12	41.96	41.96	1664600.00
1999-04-01	42.42	43.07	41.96	42.95	1405000.00
1999-04-05	42.89	43.01	42.14	42.64	1973500.00
1999-04-06	42.73	42.76	41.96	42.48	1208900.00
1999-04-07	42.95	42.95	41.90	42.21	1595700.00
1999-04-08	42.45	44.15	42.33	43.75	2185400.00
1999-04-09	43.78	44.99	43.26	44.62	1542100.00
1999-04-12	44.37	44.74	44.09	44.49	1972100.00
1999-04-13	43.56	44.06	42.58	43.23	2120700.00
1999-04-14	42.51	42.82	40.14	41.37	3436700.00
1999-04-15	40.54	40.57	39.58	40.14	4508100.00
1999-04-16	40.20	41.00	40.07	40.69	2372500.00
1999-04-19	38.81	38.99	35.10	36.03	6684900.00
1999-04-20	36.21	37.79	36.03	36.43	5986100.00
1999-04-21	37.08	38.22	36.67	37.57	3409100.00
1999-04-22	37.57	37.76	36.89	37.26	3501900.00
1999-04-23	37.45	38.00	36.61	36.71	2971000.00
1999-04-26	37.08	38.96	36.98	38.07	4088900.00
1999-04-27	39.42	39.46	38.81	39.08	2991300.00
1999-04-28	39.55	39.80	37.97	38.31	3004600.00
1999-04-29	37.08	37.94	36.03	37.08	5821900.00
1999-04-30	36.64	36.77	36.03	36.40	4371400.00
1999-05-03	36.40	37.69	36.21	37.66	3307700.00
1999-05-04	37.66	37.88	36.89	37.45	2446900.00
1999-05-05	37.45	37.66	36.46	37.17	2356000.00
1999-05-06	37.11	37.85	36.95	37.63	2285000.00
1999-05-07	37.57	37.97	36.58	37.32	2205900.00
1999-05-10	36.95	37.08	36.21	36.24	2013800.00
1999-05-11	36.52	37.63	36.30	37.48	2266100.00
1999-05-12	37.69	39.17	37.22	37.90	2751000.00
1999-05-13	38.52	39.54	37.96	39.11	2779900.00
1999-05-14	37.93	38.55	37.81	38.15	1848900.00
1999-05-17	37.69	38.86	37.69	38.68	2966400.00
1999-05-18	38.68	38.68	37.47	38.31	2596600.00
1999-05-19	38.09	38.43	37.38	37.56	2129700.00
1999-05-20	36.94	37.28	36.51	36.63	3016800.00
1999-05-21	36.82	36.88	35.05	35.36	3750300.00
1999-05-24	35.39	35.70	34.83	35.21	4343800.00
1999-05-25	34.77	34.99	33.97	34.09	4057600.00
1999-05-26	34.09	34.34	32.70	33.22	4762000.00
1999-05-27	33.16	34.71	32.91	34.21	4339100.00
1999-05-28	34.52	35.89	34.34	35.42	3524600.00
1999-06-01	35.42	35.45	34.71	35.05	2049400.00
1999-06-02	35.21	35.55	34.71	34.77	1397300.00
1999-06-03	34.71	35.70	34.46	35.67	1785000.00
1999-06-04	35.76	37.41	35.76	37.31	3432100.00
1999-06-07	37.31	37.56	35.58	35.64	3234800.00
1999-06-08	35.89	36.54	35.86	35.95	3487700.00
1999-06-09	35.92	36.17	35.33	36.10	2363100.00
1999-06-10	35.67	35.86	34.80	35.05	1876500.00
1999-06-11	34.99	35.89	34.25	34.56	2315200.00
1999-06-14	34.52	34.62	34.06	34.12	1628200.00
1999-06-15	34.83	34.93	33.75	34.15	2602000.00
1999-06-16	35.21	35.21	34.46	34.59	2079800.00
1999-06-17	34.15	35.14	34.09	35.02	2134000.00
1999-06-18	35.08	35.24	34.15	34.18	3345700.00
1999-06-21	34.46	34.46	33.35	33.53	2205700.00
1999-06-22	33.53	33.63	33.19	33.25	3773700.00
1999-06-23	33.16	33.16	32.23	32.32	3002800.00
1999-06-24	32.54	33.28	32.51	33.19	2837300.00
1999-06-25	33.22	33.44	32.51	32.66	1997700.00
1999-06-28	33.47	33.47	32.23	32.39	2727800.00
1999-06-29	32.39	33.94	31.86	33.72	6898200.00
1999-06-30	33.72	35.76	33.28	35.52	5684400.00
1999-07-01	36.57	37.31	35.92	37.13	6009600.00
1999-07-02	37.13	37.16	36.45	37.03	2772000.00
1999-07-06	37.03	37.38	36.79	36.85	2416700.00
1999-07-07	36.85	37.19	36.66	37.00	1427800.00
1999-07-08	36.20	37.22	36.20	36.94	2028700.00
1999-07-09	37.07	37.16	36.60	36.94	1381400.00
1999-07-12	37.19	37.31	36.41	36.57	1542000.00
1999-07-13	36.38	36.51	36.10	36.10	1995100.00
1999-07-14	36.45	36.76	35.95	36.66	2170500.00
1999-07-15	37.00	38.18	36.97	38.12	3032800.00
1999-07-16	38.37	38.43	37.75	38.12	2756900.00
1999-07-19	38.12	38.55	37.44	37.69	1811800.00
1999-07-20	37.44	37.44	36.38	36.60	2004500.00
1999-07-21	36.57	36.79	35.70	36.20	2481800.00
1999-07-22	36.38	36.38	35.42	35.67	1883400.00
1999-07-23	35.70	35.70	33.84	34.15	3120200.00
1999-07-26	34.90	34.90	34.18	34.18	2059400.00
1999-07-27	34.40	34.43	33.53	33.66	3097500.00
1999-07-28	33.78	33.84	33.28	33.63	3077200.00
1999-07-29	33.25	33.38	32.57	32.91	3088400.00
1999-07-30	33.16	33.22	32.51	32.57	3910800.00
1999-08-02	32.54	32.94	32.32	32.35	2236600.00
1999-08-03	32.60	32.70	31.73	31.86	2534200.00
1999-08-04	31.89	32.04	30.46	31.12	4921400.00
1999-08-05	30.99	31.43	30.53	31.30	3648600.00
1999-08-06	31.39	31.58	30.68	31.08	3373200.00
1999-08-09	31.08	31.67	31.08	31.61	2161200.00
1999-08-10	31.80	32.04	31.18	31.39	1966000.00
1999-08-11	31.85	31.85	30.14	30.61	3642800.00
1999-08-12	30.79	31.10	30.36	30.79	5280300.00
1999-08-13	31.20	31.70	31.01	31.38	3351200.00
1999-08-16	31.79	32.13	31.60	32.07	2356900.00
1999-08-17	32.50	32.75	31.85	32.66	2639300.00
1999-08-18	32.94	33.65	32.75	33.31	4126100.00
1999-08-19	33.31	33.31	32.63	33.16	2791200.00
1999-08-20	33.47	33.65	33.16	33.62	4178600.00
1999-08-23	33.97	35.49	33.84	35.33	4410900.00
1999-08-24	35.33	36.30	34.93	36.11	3691000.00
1999-08-25	36.33	37.76	36.30	37.64	5413800.00
1999-08-26	38.01	38.35	37.20	37.32	5072300.00
1999-08-27	37.64	37.79	37.20	37.45	2388100.00
1999-08-30	37.51	38.35	37.45	38.01	2845800.00
1999-08-31	38.57	38.57	36.89	37.14	3365800.00
1999-09-01	37.14	37.64	36.64	37.51	2647500.00
1999-09-02	36.73	37.29	36.61	37.26	1397900.00
1999-09-03	38.07	38.44	37.82	38.41	1567700.00
1999-09-07	38.29	38.29	37.23	37.32	1479200.00
1999-09-08	37.08	37.45	36.64	36.80	1640200.00
1999-09-09	36.80	36.80	36.14	36.58	2017900.00
1999-09-10	36.49	36.64	35.96	36.02	1838500.00
1999-09-13	36.21	36.24	35.58	35.77	1493200.00
1999-09-14	35.58	35.68	34.46	34.77	2241300.00
1999-09-15	35.02	35.33	33.90	33.90	2317400.00
1999-09-16	33.90	34.00	33.03	33.62	3063000.00
1999-09-17	33.44	33.62	33.03	33.34	2910500.00
1999-09-20	33.25	33.59	33.19	33.41	1582200.00
1999-09-21	33.19	33.41	32.35	32.66	2534500.00
1999-09-22	33.16	33.59	32.85	33.19	3145700.00
1999-09-23	33.19	33.31	32.35	32.38	2413800.00
1999-09-24	32.41	32.66	31.76	32.44	2212500.00
1999-09-27	32.75	32.81	31.45	31.45	2360000.00
1999-09-28	31.57	31.60	30.86	31.32	2805600.00
1999-09-29	31.48	32.19	31.29	31.48	2400300.00
1999-09-30	32.16	32.32	31.63	31.94	2430100.00
1999-10-01	32.81	34.53	32.63	34.12	4183200.00
1999-10-04	34.65	35.33	34.43	35.33	3061300.00
1999-10-05	35.30	35.52	34.18	34.37	2189200.00
1999-10-06	34.40	35.30	34.40	35.27	1456400.00
1999-10-07	35.21	35.46	34.87	35.18	1259800.00
1999-10-08	35.43	36.92	35.30	36.55	3467400.00
1999-10-11	36.33	36.33	35.58	35.89	1951900.00
1999-10-12	35.40	35.83	34.99	35.15	2049300.00
1999-10-13	35.02	35.49	34.71	34.71	1796400.00
1999-10-14	34.74	34.74	33.59	33.75	2369400.00
1999-10-15	33.72	33.72	32.41	33.03	1948200.00
1999-10-18	32.47	33.62	32.44	33.37	2482500.00
1999-10-19	34.53	35.27	34.34	34.77	3198700.00
1999-10-20	32.16	32.78	31.04	32.66	10426500.00
1999-10-21	32.41	34.21	32.38	33.93	6353200.00
1999-10-22	34.03	34.43	33.93	34.12	2934600.00
1999-10-25	33.34	34.09	32.94	34.06	2767800.00
1999-10-26	34.06	34.06	33.16	33.25	2182600.00
1999-10-27	33.22	33.87	33.13	33.41	2307800.00
1999-10-28	34.28	34.31	33.44	33.97	5368100.00
1999-10-29	34.31	34.46	34.09	34.28	4011300.00
1999-11-01	34.31	34.84	33.97	34.21	2400000.00
1999-11-02	34.65	34.77	34.12	34.28	2254400.00
1999-11-03	35.27	36.02	35.24	35.77	4182500.00
1999-11-04	36.39	38.10	36.21	37.88	5294600.00
1999-11-05	38.41	39.19	38.20	38.32	5094000.00
1999-11-08	37.82	38.01	37.14	37.45	2621800.00
1999-11-09	37.45	37.67	36.61	36.83	1899100.00
1999-11-10	37.10	38.28	36.69	37.91	1994100.00
1999-11-11	38.88	38.88	38.16	38.38	1843200.00
1999-11-12	38.63	38.72	37.82	38.63	1410900.00
1999-11-15	38.31	38.38	36.88	36.88	2285000.00
1999-11-16	37.07	38.44	37.07	38.44	2093600.00
1999-11-17	37.57	38.10	37.25	37.47	2534200.00
1999-11-18	36.97	37.50	36.69	36.75	2084700.00
1999-11-19	35.94	36.54	35.94	36.38	2393600.00
1999-11-22	36.19	37.50	35.76	37.47	1413000.00
1999-11-23	37.57	37.60	36.47	36.66	2051900.00
1999-11-24	36.44	36.91	36.35	36.72	1178500.00
1999-11-26	36.22	36.35	36.04	36.16	651800.00
1999-11-29	35.76	37.75	35.51	37.63	1966600.00
1999-11-30	36.69	37.16	35.44	36.03	3008900.00
1999-12-01	35.51	35.88	35.01	35.66	2420400.00
1999-12-02	35.94	35.94	35.19	35.61	2120900.00
1999-12-03	36.07	36.88	35.63	35.88	2493500.00
1999-12-06	35.60	35.60	34.57	34.70	2545900.00
1999-12-07	34.79	34.91	32.95	33.20	3834100.00
1999-12-08	33.54	33.63	33.01	33.07	1914500.00
1999-12-09	33.14	34.41	32.82	33.39	1900200.00
1999-12-10	33.07	33.79	32.76	32.89	1866400.00
1999-12-13	32.57	32.73	31.76	32.01	4143000.00
1999-12-14	31.95	33.57	31.76	33.14	3542800.00
1999-12-15	32.82	34.26	32.79	34.23	3189500.00
1999-12-16	33.70	34.20	33.14	33.39	3546200.00
1999-12-17	33.42	33.70	32.92	33.48	3341600.00
1999-12-20	32.76	33.14	32.20	32.45	3192500.00
1999-12-21	32.36	32.73	31.83	32.67	2384600.00
1999-12-22	32.61	33.70	32.36	33.39	1943400.00
1999-12-23	33.67	34.20	33.54	34.07	1904500.00
1999-12-27	33.57	35.19	33.48	35.19	2152300.00
1999-12-28	34.76	34.76	33.82	34.17	1548700.00
1999-12-29	34.32	34.32	33.26	33.60	955900.00
1999-12-30	33.32	34.07	33.10	33.57	1089600.00
1999-12-31	33.67	33.67	33.04	33.20	906200.00
2000-01-03	32.45	33.67	32.45	32.73	2645000.00
2000-01-04	32.07	32.67	31.33	31.70	3701000.00
2000-01-05	31.51	32.61	31.45	32.11	3411000.00
2000-01-06	32.45	33.04	32.11	33.04	2460100.00
2000-01-07	33.95	35.48	33.70	35.48	5863300.00
2000-01-10	35.48	35.48	33.92	34.01	2830500.00
2000-01-11	33.45	34.63	33.45	34.20	3309700.00
2000-01-12	33.76	34.10	33.42	33.70	3573600.00
2000-01-13	32.82	34.13	32.76	33.29	3639400.00
2000-01-14	34.41	34.57	33.95	34.10	3750300.00
2000-01-18	34.63	34.63	33.20	33.60	2082900.00
2000-01-19	32.95	33.95	32.82	33.82	2193700.00
2000-01-20	33.79	34.07	32.73	33.34	2136400.00
2000-01-21	32.51	32.76	32.01	32.32	4051000.00
2000-01-24	32.26	32.36	30.73	31.01	4206900.00
2000-01-25	31.14	31.58	30.83	31.11	3148700.00
2000-01-26	31.42	31.64	31.01	31.33	2233100.00
2000-01-27	30.95	32.14	30.70	32.07	3052200.00
2000-01-28	32.45	33.63	32.39	32.61	4284500.00
2000-01-31	32.92	33.45	31.14	33.39	3334100.00
2000-02-01	32.89	33.20	32.29	32.73	2981300.00
2000-02-02	32.70	32.98	31.89	32.48	2066300.00
2000-02-03	32.61	32.85	31.76	32.57	2643600.00
2000-02-04	32.42	32.57	32.20	32.39	1717600.00
2000-02-07	32.67	32.67	31.33	31.61	1957400.00
2000-02-08	31.26	31.83	31.26	31.61	2536700.00
2000-02-09	32.14	32.14	30.80	30.83	3211000.00
2000-02-10	30.89	31.45	30.86	31.11	2080000.00
2000-02-11	31.33	31.36	30.61	30.89	3268100.00
2000-02-14	30.77	31.08	30.30	30.45	2758000.00
2000-02-15	30.52	30.92	30.39	30.67	2989400.00
2000-02-16	31.08	31.30	30.67	30.71	3292800.00
2000-02-17	30.96	31.05	30.17	30.17	3290500.00
2000-02-18	30.24	30.27	29.20	29.33	3684000.00
2000-02-22	29.95	30.27	28.89	29.83	2716500.00
2000-02-23	29.95	30.52	29.23	30.24	2489800.00
2000-02-24	30.05	30.20	29.01	29.36	2612700.00
2000-02-25	29.30	29.48	28.14	28.42	2554400.00
2000-02-28	28.57	29.30	28.57	28.83	3832900.00
2000-02-29	29.33	30.33	29.26	29.80	4138700.00
2000-03-01	29.80	30.20	29.08	29.51	4186700.00
2000-03-02	29.01	29.77	28.67	28.92	2095800.00
2000-03-03	29.39	29.58	28.86	29.08	2085200.00
2000-03-06	28.70	29.42	28.64	28.89	2549700.00
2000-03-07	29.01	29.04	27.07	27.32	3998100.00
2000-03-08	27.57	28.76	27.32	27.82	4282600.00
2000-03-09	28.29	30.11	28.29	30.11	3853500.00
2000-03-10	30.14	31.05	30.08	30.67	3535800.00
2000-03-13	30.58	30.58	28.89	29.70	2115500.00
2000-03-14	29.20	29.42	28.76	28.79	2133000.00
2000-03-15	28.79	31.83	28.76	31.46	4364700.00
2000-03-16	32.02	33.06	31.58	32.46	5316400.00
2000-03-17	32.02	32.05	30.58	30.77	4843300.00
2000-03-20	30.77	30.80	29.89	30.45	2271100.00
2000-03-21	29.95	31.08	29.92	30.92	2987000.00
2000-03-22	31.27	32.24	30.89	31.86	3347000.00
2000-03-23	32.18	32.49	31.86	32.27	3159800.00
2000-03-24	32.15	32.18	30.64	31.14	2061200.00
2000-03-27	31.08	31.24	30.05	30.33	2013000.00
2000-03-28	29.98	30.58	29.83	30.20	2114100.00
2000-03-29	30.14	30.83	30.14	30.58	2834600.00
2000-03-30	30.71	31.65	30.45	30.45	3098400.00
2000-03-31	30.71	32.33	30.14	31.39	3243800.00
2000-04-03	32.21	32.84	32.08	32.77	2741300.00
2000-04-04	32.90	34.78	32.80	34.59	6700500.00
2000-04-05	34.15	34.59	33.53	33.82	3470900.00
2000-04-06	33.09	33.59	32.62	33.02	2190400.00
2000-04-07	32.90	32.96	32.18	32.24	1607200.00
2000-04-10	32.08	33.46	31.96	32.52	2884200.00
2000-04-11	32.59	33.56	32.52	33.53	2373300.00
2000-04-12	33.21	33.59	32.46	32.65	2618200.00
2000-04-13	34.31	35.09	34.09	35.09	4523000.00
2000-04-14	34.34	35.06	33.34	33.81	4056300.00
2000-04-17	33.81	35.09	33.78	35.09	3876700.00
2000-04-18	35.00	37.10	34.84	36.72	6465300.00
2000-04-19	37.19	38.22	36.72	37.91	6148700.00
2000-04-20	38.32	38.54	37.60	37.97	4305000.00
2000-04-24	37.97	39.35	37.97	38.85	4803800.00
2000-04-25	38.63	38.76	38.19	38.60	3801900.00
2000-04-26	38.35	39.16	37.85	39.01	4066100.00
2000-04-27	38.60	39.10	38.19	39.07	2522200.00
2000-04-28	38.66	38.95	38.10	38.66	2653700.00
2000-05-01	39.10	39.82	38.60	38.79	3418600.00
2000-05-02	38.57	39.45	38.54	39.10	2582900.00
2000-05-03	39.10	39.63	38.76	39.60	2586400.00
2000-05-04	39.60	39.92	38.95	39.73	2963800.00
2000-05-05	38.85	40.07	38.85	39.98	3169400.00
2000-05-08	40.07	40.36	39.48	40.36	2496200.00
2000-05-09	40.23	40.26	39.60	39.92	2654900.00
2000-05-10	39.04	39.45	38.10	38.73	4571900.00
2000-05-11	37.85	38.20	37.35	37.66	2621800.00
2000-05-12	37.35	38.29	36.72	37.95	3131000.00
2000-05-15	37.91	38.70	37.85	38.45	3444700.00
2000-05-16	37.98	38.48	37.60	37.69	3343900.00
2000-05-17	37.54	37.60	36.66	37.16	4043400.00
2000-05-18	37.16	37.63	37.03	37.10	2635300.00
2000-05-19	37.19	38.26	37.06	38.20	2775700.00
2000-05-22	38.35	38.73	37.06	37.82	2518800.00
2000-05-23	37.54	38.32	37.16	38.01	1867300.00
2000-05-24	38.01	39.05	37.95	38.79	2274900.00
2000-05-25	39.49	40.05	38.86	39.55	3401300.00
2000-05-26	39.11	39.93	39.11	39.64	1715500.00
2000-05-30	39.17	39.23	37.95	38.48	2042300.00
2000-05-31	38.23	38.95	37.73	38.29	2219200.00
2000-06-01	38.73	39.11	38.35	38.76	2992100.00
2000-06-02	38.70	38.70	36.37	36.78	4229700.00
2000-06-05	36.03	36.72	35.84	36.44	3257100.00
2000-06-06	35.84	37.41	35.84	37.29	2245600.00
2000-06-07	37.41	38.17	37.22	37.66	2493600.00
2000-06-08	37.54	38.01	36.91	37.69	1811000.00
2000-06-09	37.16	38.48	37.16	38.32	2704400.00
2000-06-12	38.73	39.74	38.61	39.36	8891900.00
2000-06-13	39.30	40.71	39.27	40.62	4020600.00
2000-06-14	40.81	41.72	40.71	41.65	4995200.00
2000-06-15	41.65	41.97	41.09	41.75	3666700.00
2000-06-16	41.75	42.88	41.43	42.72	6617700.00
2000-06-19	42.32	43.67	42.32	43.45	3680300.00
2000-06-20	43.38	43.82	42.98	43.55	4375200.00
2000-06-21	43.57	44.99	43.38	43.64	5560400.00
2000-06-22	43.38	43.42	42.19	42.50	3317600.00
2000-06-23	42.50	42.91	42.41	42.91	1671900.00
2000-06-26	42.91	44.11	42.69	43.54	3165200.00
2000-06-27	43.32	43.38	42.19	42.63	3858000.00
2000-06-28	43.51	44.08	42.94	43.86	4775700.00
2000-06-29	51.31	54.83	49.77	51.12	24396500.00
2000-06-30	49.92	50.68	49.04	50.24	8779800.00
2000-07-03	49.26	49.95	49.04	49.67	2013600.00
2000-07-05	49.73	52.82	49.58	52.56	5913800.00
2000-07-06	51.75	52.22	50.39	51.12	4015300.00
2000-07-07	50.14	51.68	49.73	50.80	2389400.00
2000-07-10	50.77	52.50	50.74	52.31	2024300.00
2000-07-11	51.81	51.87	51.49	51.81	2769800.00
2000-07-12	51.31	51.49	49.95	50.17	2779200.00
2000-07-13	49.80	49.83	47.75	48.16	3980900.00
2000-07-14	46.97	47.85	46.06	47.53	4906200.00
2000-07-17	48.04	50.21	47.53	49.53	3000800.00
2000-07-18	49.48	50.90	48.89	50.55	3808000.00
2000-07-19	50.43	50.74	49.61	49.67	2584900.00
2000-07-20	49.17	49.51	47.38	48.54	4964500.00
2000-07-21	48.29	50.08	47.94	49.23	3230400.00
2000-07-24	49.70	51.37	49.70	50.87	3774100.00
2000-07-25	49.67	50.99	49.67	50.80	3037200.00
2000-07-26	49.92	50.77	49.29	49.75	3080800.00
2000-07-27	50.17	50.49	49.95	50.01	1772600.00
2000-07-28	50.05	52.31	50.05	51.43	3311300.00
2000-07-31	51.56	52.75	50.33	52.25	2767500.00
2000-08-01	52.38	53.92	52.16	53.76	2590400.00
2000-08-02	53.26	54.04	53.22	53.70	2886700.00
2000-08-03	52.97	54.67	52.97	54.26	2127100.00
2000-08-04	54.14	54.26	52.88	54.01	2097700.00
2000-08-07	53.19	53.66	52.69	53.59	1950600.00
2000-08-08	53.73	54.80	53.07	54.60	4149700.00
2000-08-09	53.82	54.04	37.66	38.67	22492400.00
2000-08-10	38.98	39.45	37.73	38.79	24921300.00
2000-08-11	38.36	39.59	38.14	38.86	9370900.00
2000-08-14	39.34	39.62	38.93	39.24	4926500.00
2000-08-15	39.59	39.59	38.61	38.86	3095100.00
2000-08-16	39.08	39.47	38.86	38.99	4003600.00
2000-08-17	39.11	40.03	39.08	39.56	3938300.00
2000-08-18	39.62	39.78	38.61	38.61	3436800.00
2000-08-21	38.93	39.52	38.86	38.96	2229200.00
2000-08-22	38.86	39.43	38.40	38.40	2962200.00
2000-08-23	38.36	38.99	38.29	38.96	2591100.00
2000-08-24	38.93	38.96	38.11	38.17	2356100.00
2000-08-25	38.29	38.42	37.98	38.14	1762000.00
2000-08-28	37.85	38.23	37.60	37.60	3117200.00
2000-08-29	37.51	37.79	37.03	37.35	2406800.00
2000-08-30	37.22	37.70	37.06	37.47	2790700.00
2000-08-31	37.25	37.35	36.84	36.85	2633200.00
2000-09-01	37.47	37.47	36.62	36.69	1791800.00
2000-09-05	35.83	36.34	34.76	35.20	7079900.00
2000-09-06	35.27	35.30	33.63	34.00	5695100.00
2000-09-07	33.82	35.14	33.75	34.82	4834600.00
2000-09-08	34.82	35.33	34.82	35.00	2968400.00
2000-09-11	35.55	35.61	35.27	35.46	2803400.00
2000-09-12	35.61	36.53	35.33	36.15	3026500.00
2000-09-13	36.34	37.85	36.21	37.57	3955600.00
2000-09-14	37.54	37.66	36.75	37.22	2499300.00
2000-09-15	37.63	37.76	36.53	36.81	2843200.00
2000-09-18	37.32	38.14	37.06	37.57	2083700.00
2000-09-19	37.98	38.36	37.13	38.29	2372900.00
2000-09-20	38.29	39.05	37.41	37.41	2166900.00
2000-09-21	38.99	39.40	38.77	39.40	2941300.00
2000-09-22	39.87	41.39	39.81	41.13	5038900.00
2000-09-25	41.54	41.99	41.29	41.82	2634700.00
2000-09-26	41.45	41.86	40.79	41.70	2650600.00
2000-09-27	41.42	41.64	40.69	41.23	2237900.00
2000-09-28	40.72	41.89	40.72	41.57	1983200.00
2000-09-29	41.39	41.80	40.53	40.94	1728100.00
2000-10-02	41.01	41.67	40.53	40.82	1773400.00
2000-10-03	40.25	41.86	40.16	41.26	2200400.00
2000-10-04	41.35	42.24	41.26	41.64	1898000.00
2000-10-05	41.39	42.87	41.01	42.68	3134200.00
2000-10-06	42.11	42.33	41.04	41.86	1833100.00
2000-10-09	41.89	42.21	41.32	41.73	875700.00
2000-10-10	41.64	42.87	41.42	42.65	1674500.00
2000-10-11	42.87	44.48	42.17	44.13	3373500.00
2000-10-12	43.91	44.73	43.50	44.16	3611400.00
2000-10-13	43.91	44.19	43.40	43.91	4154400.00
2000-10-16	43.72	45.33	43.69	45.33	3248800.00
2000-10-17	44.60	45.39	44.45	44.98	2128600.00
2000-10-18	44.00	45.55	44.00	45.04	3193100.00
2000-10-19	42.90	44.92	41.95	44.67	8349800.00
2000-10-20	44.07	44.13	43.12	43.59	3050400.00
2000-10-23	43.88	45.27	43.75	44.89	2708000.00
2000-10-24	44.41	45.08	43.78	44.26	2407100.00
2000-10-25	44.41	45.45	44.07	44.82	3161000.00
2000-10-26	44.70	45.68	43.97	44.16	3024900.00
2000-10-27	44.16	44.89	43.31	44.16	2629300.00
2000-10-30	43.91	44.73	43.91	44.41	2264500.00
2000-10-31	44.29	45.27	43.66	45.11	3815700.00
2000-11-01	45.14	46.05	45.14	45.93	3751400.00
2000-11-02	45.33	45.52	44.22	44.67	4330100.00
2000-11-03	44.04	44.86	43.75	44.45	2351500.00
2000-11-06	43.81	45.52	43.69	45.20	3049400.00
2000-11-07	45.33	46.02	43.85	44.04	2767300.00
2000-11-08	44.92	46.34	44.79	45.64	4827500.00
2000-11-09	45.86	45.93	43.97	45.27	2876300.00
2000-11-10	45.33	46.43	45.17	45.68	1905700.00
2000-11-13	45.62	46.03	43.02	43.59	3413700.00
2000-11-14	43.12	44.95	42.52	44.48	3197400.00
2000-11-15	44.29	44.79	43.59	44.38	2131700.00
2000-11-16	43.53	44.61	43.43	43.81	1614000.00
2000-11-17	44.10	45.40	43.85	45.27	2648600.00
2000-11-20	45.30	45.93	44.42	44.42	2513000.00
2000-11-21	44.54	45.90	44.48	45.49	2394200.00
2000-11-22	44.48	45.30	43.94	43.94	2577800.00
2000-11-24	44.16	44.23	42.87	42.93	911500.00
2000-11-27	43.09	45.40	43.06	44.89	2508600.00
2000-11-28	45.52	46.98	45.46	46.44	4416600.00
2000-11-29	46.69	48.27	46.69	47.83	4234800.00
2000-11-30	48.15	49.16	47.39	47.42	5878000.00
2000-12-01	47.07	47.17	45.33	45.59	6102200.00
2000-12-04	44.98	46.72	44.98	45.78	4109700.00
2000-12-05	45.81	46.28	45.17	45.74	3461800.00
2000-12-06	46.22	46.38	45.40	45.74	3597000.00
2000-12-07	45.93	47.26	45.93	46.63	2369400.00
2000-12-08	46.12	47.33	45.59	46.85	2988400.00
2000-12-11	46.31	47.90	46.19	47.01	2303200.00
2000-12-12	46.57	47.55	46.12	46.72	2400200.00
2000-12-13	46.76	47.23	45.87	46.06	3001000.00
2000-12-14	45.33	46.25	45.33	45.43	1928600.00
2000-12-15	44.45	45.52	44.45	45.17	4781700.00
2000-12-18	44.92	45.30	44.19	44.79	1941600.00
2000-12-19	44.73	45.78	44.67	45.05	2234500.00
2000-12-20	45.02	46.31	44.64	46.03	2701500.00
2000-12-21	45.65	46.57	45.40	45.93	2600700.00
2000-12-22	45.90	45.90	43.78	44.38	3041700.00
2000-12-26	44.26	46.28	44.26	45.52	1579700.00
2000-12-27	45.30	46.66	45.02	45.11	1769300.00
2000-12-28	45.68	46.82	45.36	46.38	1332700.00
2000-12-29	46.88	47.58	46.41	47.10	1992900.00
2001-01-02	47.07	48.08	45.81	46.31	4073500.00
2001-01-03	45.78	46.06	43.21	43.69	6617800.00
2001-01-04	42.55	42.93	40.14	41.06	12352700.00
2001-01-05	41.00	41.69	40.27	40.84	5873900.00
2001-01-08	41.00	41.44	40.24	40.87	3408300.00
2001-01-09	41.22	42.90	41.00	42.77	4146600.00
2001-01-10	42.77	43.15	41.69	42.20	3208100.00
2001-01-11	42.49	42.49	41.22	41.32	3134600.00
2001-01-12	41.44	42.11	40.49	40.49	3464100.00
2001-01-16	40.56	42.71	40.11	42.14	2910900.00
2001-01-17	41.76	41.88	41.00	41.28	2578100.00
2001-01-18	41.82	42.33	41.32	41.38	2934700.00
2001-01-19	41.38	41.82	40.71	40.87	3170600.00
2001-01-22	41.19	41.73	40.94	41.38	2305400.00
2001-01-23	41.41	42.26	40.84	42.07	2380600.00
2001-01-24	41.57	42.17	41.19	41.88	1752800.00
2001-01-25	41.00	42.42	40.84	42.04	3537600.00
2001-01-26	42.49	42.74	41.63	41.76	2890900.00
2001-01-29	41.76	42.37	41.00	41.05	3284700.00
2001-01-30	40.65	41.25	40.00	40.40	3200400.00
2001-01-31	40.41	40.41	39.49	39.89	5361700.00
2001-02-01	39.89	40.91	39.89	40.57	3037300.00
2001-02-02	41.10	41.58	41.00	41.45	2955800.00
2001-02-05	41.75	42.37	40.37	40.44	4123600.00
2001-02-06	38.97	39.88	38.97	39.23	8141300.00
2001-02-07	39.23	40.19	39.00	39.96	5436800.00
2001-02-08	40.49	41.25	40.26	40.99	2905400.00
2001-02-09	41.25	41.50	40.14	40.87	4412700.00
2001-02-12	41.25	41.37	40.35	40.70	4179900.00
2001-02-13	41.14	41.14	40.33	40.63	2631000.00
2001-02-14	40.38	40.63	39.04	39.15	4589500.00
2001-02-15	39.25	39.31	37.99	38.22	5449200.00
2001-02-16	37.87	38.09	37.07	37.08	4468900.00
2001-02-20	37.59	37.94	37.21	37.42	6502200.00
2001-02-21	37.83	37.92	37.46	37.46	3659000.00
2001-02-22	38.02	38.09	37.03	37.71	4232600.00
2001-02-23	37.83	38.70	36.95	38.58	3665500.00
2001-02-26	38.60	39.36	37.97	39.31	2991400.00
2001-02-27	39.06	39.80	38.88	39.62	2881600.00
2001-02-28	40.00	40.63	39.89	40.36	3058500.00
2001-03-01	39.72	40.68	39.72	40.12	3441300.00
2001-03-02	40.12	40.83	39.89	40.29	2579100.00
2001-03-05	39.75	40.73	39.36	40.36	2800800.00
2001-03-06	40.31	40.31	39.37	39.60	3526700.00
2001-03-07	40.23	40.25	38.48	38.99	4664800.00
2001-03-08	38.48	39.36	38.28	39.31	4257600.00
2001-03-09	39.47	40.27	39.42	40.13	3216500.00
2001-03-12	39.62	40.32	39.62	39.87	3151300.00
2001-03-13	39.62	39.86	39.12	39.77	3140000.00
2001-03-14	39.26	39.96	38.72	39.08	2545400.00
2001-03-15	38.95	39.06	38.08	38.47	3545200.00
2001-03-16	38.20	38.56	37.29	37.81	5966700.00
2001-03-19	37.54	38.98	37.46	38.60	3512800.00
2001-03-20	38.61	39.21	38.35	38.86	3280100.00
2001-03-21	38.86	38.91	37.40	37.70	3763300.00
2001-03-22	37.59	37.59	35.56	37.26	7194300.00
2001-03-23	37.13	37.13	35.96	36.87	5570500.00
2001-03-26	37.13	37.99	36.88	37.78	2991800.00
2001-03-27	37.78	38.71	37.68	38.71	2840100.00
2001-03-28	38.15	39.36	37.87	39.29	4162100.00
2001-03-29	38.91	39.21	37.92	38.45	3791900.00
2001-03-30	38.45	39.12	37.94	38.94	4271400.00
2001-04-02	39.06	39.08	37.90	38.33	3137100.00
2001-04-03	38.09	39.35	38.05	38.10	3167000.00
2001-04-04	37.79	39.11	37.59	38.71	3059500.00
2001-04-05	38.40	39.17	38.34	39.17	4545500.00
2001-04-06	39.01	40.05	38.65	39.36	4226500.00
2001-04-09	38.98	39.82	38.98	39.58	2989100.00
2001-04-10	39.87	40.07	39.16	39.80	3230300.00
2001-04-11	39.36	39.37	38.53	39.07	4072100.00
2001-04-12	39.16	39.66	39.11	39.33	3079200.00
2001-04-16	39.62	40.50	39.62	40.13	3628800.00
2001-04-17	40.20	41.09	39.92	41.09	2552700.00
2001-04-18	40.63	41.12	40.16	40.57	5013000.00
2001-04-19	40.63	40.81	39.92	40.53	2632500.00
2001-04-20	40.40	40.96	39.88	40.68	3986900.00
2001-04-23	40.68	41.39	40.51	40.83	2795900.00
2001-04-24	40.83	41.31	40.06	40.16	2581800.00
2001-04-25	40.51	41.70	40.42	41.31	2845300.00
2001-04-26	41.44	41.57	40.64	41.34	2745000.00
2001-04-27	41.35	42.10	40.63	42.06	2567700.00
2001-04-30	42.50	43.27	42.45	43.17	4032600.00
2001-05-01	43.12	43.68	42.78	43.49	3096500.00
2001-05-02	43.24	44.13	42.97	43.88	3082100.00
2001-05-03	43.73	44.08	42.84	43.34	2353500.00
2001-05-04	43.34	44.11	42.70	43.70	2144800.00
2001-05-07	43.17	44.19	43.05	44.08	1549700.00
2001-05-08	43.58	43.74	42.77	43.70	2842700.00
2001-05-09	43.78	44.01	42.95	43.43	2795900.00
2001-05-10	43.68	43.68	43.07	43.18	2912500.00
2001-05-11	43.18	43.44	42.65	42.76	2027500.00
2001-05-14	42.76	43.20	42.65	43.03	1633300.00
2001-05-15	43.16	43.45	42.76	43.21	2504400.00
2001-05-16	43.57	44.33	43.42	43.96	2892900.00
2001-05-17	43.98	45.18	43.96	44.71	2782300.00
2001-05-18	44.77	44.85	43.32	43.57	3105600.00
2001-05-21	43.57	43.81	43.36	43.75	2402800.00
2001-05-22	43.11	44.03	42.96	43.60	1546700.00
2001-05-23	43.98	44.23	42.85	43.06	2933600.00
2001-05-24	42.96	43.27	42.81	43.27	2646200.00
2001-05-25	42.93	43.11	42.64	42.82	2082900.00
2001-05-29	42.81	44.00	42.81	43.78	2214700.00
2001-05-30	43.78	43.90	43.08	43.16	2622900.00
2001-05-31	42.81	43.16	42.30	43.16	2614000.00
2001-06-01	43.27	44.14	42.76	44.05	1985600.00
2001-06-04	43.83	44.52	43.75	44.34	1887700.00
2001-06-05	44.34	45.08	43.97	44.90	2272300.00
2001-06-06	44.90	45.08	44.12	44.33	2091800.00
2001-06-07	44.08	44.46	44.04	44.36	2090500.00
2001-06-08	44.13	44.54	44.09	44.36	1514300.00
2001-06-11	44.34	44.47	44.02	44.34	1986400.00
2001-06-12	44.34	44.65	43.83	44.08	2190100.00
2001-06-13	42.45	42.86	42.23	42.65	5633800.00
2001-06-14	42.55	42.62	42.30	42.55	2933900.00
2001-06-15	42.16	42.22	41.22	41.48	4660100.00
2001-06-18	41.07	41.66	40.94	41.22	3056700.00
2001-06-19	40.87	40.92	39.78	40.11	4023300.00
2001-06-20	40.08	40.75	40.08	40.52	3007800.00
2001-06-21	40.62	40.76	39.96	40.00	3323200.00
2001-06-22	39.44	39.45	38.48	38.93	5402400.00
2001-06-25	38.98	39.11	38.32	38.49	2413100.00
2001-06-26	38.49	38.98	38.32	38.59	2597100.00
2001-06-27	38.63	38.63	37.71	37.72	3075100.00
2001-06-28	37.71	37.71	37.34	37.55	4894000.00
2001-06-29	37.71	38.34	37.56	37.71	5187900.00
2001-07-02	37.97	39.19	37.97	38.60	2761800.00
2001-07-03	38.73	38.96	38.21	38.91	1949300.00
2001-07-05	38.73	38.94	38.01	38.53	2000000.00
2001-07-06	38.22	38.50	37.97	38.28	2013200.00
2001-07-09	38.28	38.93	38.02	38.93	2160200.00
2001-07-10	38.78	38.91	37.96	38.07	3042500.00
2001-07-11	38.07	39.33	37.93	38.63	5403900.00
2001-07-12	38.32	38.40	37.71	37.99	4092500.00
2001-07-13	37.97	38.83	37.96	38.62	2219900.00
2001-07-16	38.27	38.62	38.08	38.27	1939200.00
2001-07-17	37.84	38.58	37.84	38.25	2134200.00
2001-07-18	38.02	39.21	38.02	39.11	4052600.00
2001-07-19	39.67	40.00	38.99	39.47	4416800.00
2001-07-20	39.35	39.67	38.81	39.44	2600700.00
2001-07-23	39.85	39.85	38.88	39.01	2194600.00
2001-07-24	39.06	39.09	38.68	38.79	2197200.00
2001-07-25	39.21	39.32	38.64	38.88	2340700.00
2001-07-26	38.98	40.10	38.91	39.81	2595500.00
2001-07-27	39.47	40.77	39.47	39.94	2895700.00
2001-07-30	40.31	40.58	39.90	40.30	2317200.00
2001-07-31	40.05	41.01	40.04	40.40	2700900.00
2001-08-01	40.26	40.46	39.87	40.21	3592000.00
2001-08-02	40.26	40.91	40.16	40.54	2046600.00
2001-08-03	40.00	40.51	39.93	40.36	1845100.00
2001-08-06	40.46	40.48	40.06	40.28	1734300.00
2001-08-07	39.90	40.09	39.81	39.93	1994500.00
2001-08-08	39.57	39.92	39.37	39.56	1744200.00
2001-08-09	39.34	39.62	39.22	39.36	1992900.00
2001-08-10	39.09	39.96	39.09	39.80	1436300.00
2001-08-13	39.48	40.23	39.48	40.13	1311500.00
2001-08-14	40.26	40.61	39.91	40.09	1573000.00
2001-08-15	40.45	40.84	40.31	40.45	1771200.00
2001-08-16	40.10	40.97	40.07	40.94	2507000.00
2001-08-17	40.68	40.93	40.45	40.81	1815200.00
2001-08-20	40.66	41.61	40.65	41.47	2874500.00
2001-08-21	41.93	42.04	41.11	41.31	2470800.00
2001-08-22	41.02	41.96	40.77	41.84	2050000.00
2001-08-23	41.61	42.27	41.52	42.16	2270100.00
2001-08-24	42.07	42.84	41.95	42.79	2520000.00
2001-08-27	42.34	42.39	41.95	42.07	3229200.00
2001-08-28	41.91	41.99	40.80	40.89	4125500.00
2001-08-29	40.92	40.98	40.41	40.42	2821000.00
2001-08-30	40.45	40.84	40.31	40.57	3449300.00
2001-08-31	40.33	40.76	39.47	39.70	2176300.00
2001-09-04	39.99	40.76	39.92	40.26	2657600.00
2001-09-05	39.95	40.97	39.90	40.81	3441900.00
2001-09-06	40.28	40.56	39.90	40.15	2775900.00
2001-09-07	39.90	40.15	39.23	39.23	4078400.00
2001-09-10	39.23	39.83	38.81	39.48	3121200.00
2001-09-17	39.61	40.56	38.61	39.69	5318800.00
2001-09-18	39.67	40.33	39.39	39.87	3268700.00
2001-09-19	39.39	39.63	37.70	38.61	4535600.00
2001-09-20	37.97	38.54	37.74	37.80	3766800.00
2001-09-21	36.83	38.51	36.73	37.84	7174700.00
2001-09-24	38.95	39.51	38.35	39.33	4808300.00
2001-09-25	38.87	39.69	38.87	39.48	3656100.00
2001-09-26	39.78	40.71	39.70	40.17	4510600.00
2001-09-27	40.10	41.17	39.97	40.97	3518500.00
2001-09-28	40.97	41.60	40.62	41.27	3770200.00
2001-10-01	41.21	41.94	40.97	41.76	3443700.00
2001-10-02	41.76	42.44	41.44	42.38	2853600.00
2001-10-03	39.89	40.54	39.74	40.53	12183400.00
2001-10-04	40.45	40.51	40.20	40.39	6393800.00
2001-10-05	40.35	40.83	40.26	40.76	2532400.00
2001-10-08	40.63	40.84	40.46	40.74	2159600.00
2001-10-09	40.63	40.68	40.04	40.25	2756900.00
2001-10-10	40.20	40.92	40.17	40.79	2967200.00
2001-10-11	40.61	40.71	40.16	40.40	4644500.00
2001-10-12	40.20	40.74	40.15	40.35	4555700.00
2001-10-15	40.28	40.35	39.77	39.92	5562000.00
2001-10-16	39.94	40.65	39.64	40.40	5172000.00
2001-10-17	37.85	38.66	37.59	38.36	18131800.00
2001-10-18	37.98	39.09	37.98	38.92	5714800.00
2001-10-19	39.02	39.33	38.49	38.85	3491000.00
2001-10-22	38.85	39.68	38.61	39.64	3208900.00
2001-10-23	39.64	39.77	39.24	39.67	3590400.00
2001-10-24	39.67	40.81	39.64	39.99	8380900.00
2001-10-25	39.71	40.49	39.46	40.40	3822600.00
2001-10-26	39.99	40.94	39.92	40.76	4269000.00
2001-10-29	40.99	41.71	40.55	40.59	5524800.00
2001-10-30	40.89	40.92	39.38	39.52	4287300.00
2001-10-31	39.76	39.76	38.92	39.13	4701200.00
2001-11-01	39.13	39.59	38.83	39.36	3083900.00
2001-11-02	39.33	40.10	39.15	39.84	2560400.00
2001-11-05	40.35	40.68	39.91	40.15	2969800.00
2001-11-06	39.97	40.76	39.94	40.71	2611600.00
2001-11-07	40.84	41.34	40.77	40.99	3457700.00
2001-11-08	40.76	41.02	40.30	40.59	3203900.00
2001-11-09	40.51	40.76	40.12	40.13	2177500.00
2001-11-12	39.85	40.29	39.38	40.15	1967700.00
2001-11-13	40.18	40.54	40.13	40.53	2072800.00
2001-11-14	40.53	40.54	40.09	40.16	2752600.00
2001-11-15	40.39	40.66	39.90	40.22	2026900.00
2001-11-16	40.50	40.74	40.39	40.56	1921600.00
2001-11-19	40.29	41.09	40.27	41.06	3438900.00
2001-11-20	41.18	41.92	41.07	41.65	2975500.00
2001-11-21	42.04	43.01	42.01	42.77	5765100.00
2001-11-23	42.47	42.49	42.17	42.30	2059300.00
2001-11-26	42.09	42.74	41.86	42.42	3582800.00
2001-11-27	42.29	42.58	41.94	42.21	3350700.00
2001-11-28	42.32	42.42	41.66	41.81	1888900.00
2001-11-29	41.76	42.46	41.66	42.37	2862700.00
2001-11-30	42.40	42.60	42.17	42.43	1853100.00
2001-12-03	42.37	43.14	42.31	42.91	2586400.00
2001-12-04	42.78	42.78	42.31	42.49	2366600.00
2001-12-05	42.33	42.45	41.91	42.32	3741500.00
2001-12-06	42.22	42.50	41.75	41.97	2150400.00
2001-12-07	42.22	42.40	41.93	42.25	1823800.00
2001-12-10	41.99	42.08	41.47	41.85	2500100.00
2001-12-11	41.52	42.55	41.08	41.27	3902700.00
2001-12-12	41.45	41.98	40.31	40.55	5742700.00
2001-12-13	40.60	41.69	40.55	41.30	4080400.00
2001-12-14	41.06	42.37	40.80	41.99	3124000.00
2001-12-17	42.42	43.27	42.19	42.50	2978700.00
2001-12-18	42.09	42.54	41.93	42.42	3011600.00
2001-12-19	41.83	42.14	41.45	41.88	5015900.00
2001-12-20	41.47	41.73	40.96	41.08	5982200.00
2001-12-21	40.68	40.98	39.36	40.24	11155400.00
2001-12-24	40.34	40.96	40.29	40.93	1827600.00
2001-12-26	40.96	41.12	40.70	40.70	1307600.00
2001-12-27	40.45	40.73	40.20	40.67	2124500.00
2001-12-28	40.85	41.06	40.74	40.98	1718900.00
2001-12-31	40.66	40.73	40.27	40.31	1996300.00
2002-01-02	40.29	40.47	39.53	40.29	2471600.00
2002-01-03	39.99	39.99	39.53	39.86	2505000.00
2002-01-04	39.93	40.11	39.66	39.88	2637400.00
2002-01-07	39.60	39.67	39.21	39.44	2623900.00
2002-01-08	39.27	39.68	38.67	38.83	4097700.00
2002-01-09	38.80	39.19	38.60	38.66	4292600.00
2002-01-10	38.79	39.60	38.73	39.42	3317900.00
2002-01-11	39.80	40.04	39.21	39.21	3160300.00
2002-01-14	39.21	39.90	38.89	39.52	2931500.00
2002-01-15	39.82	40.06	39.45	39.55	3549300.00
2002-01-16	39.52	39.82	39.04	39.04	2646900.00
2002-01-17	39.11	39.15	38.50	38.72	2304400.00
2002-01-18	38.52	38.88	38.12	38.28	3904500.00
2002-01-22	38.19	38.93	38.19	38.93	3622700.00
2002-01-23	39.00	39.36	38.73	38.89	2752800.00
2002-01-24	38.50	38.50	37.52	38.03	5630500.00
2002-01-25	38.08	38.80	37.98	38.55	3654100.00
2002-01-28	38.52	38.57	37.99	38.13	2568700.00
2002-01-29	38.21	38.42	37.42	37.67	2812400.00
2002-01-30	37.52	38.19	37.47	38.00	3451100.00
2002-01-31	38.03	38.55	37.57	38.55	3081300.00
2002-02-01	38.42	38.60	38.13	38.39	1941700.00
2002-02-04	38.39	38.61	37.41	37.62	1887200.00
2002-02-05	37.49	38.26	37.49	37.95	2251800.00
2002-02-06	37.87	38.37	37.60	37.65	2384500.00
2002-02-07	37.88	37.93	37.08	37.40	2471000.00
2002-02-08	37.17	37.83	37.03	37.81	2211800.00
2002-02-11	37.45	38.74	37.42	38.42	2185100.00
2002-02-12	38.43	39.12	38.33	38.88	2318200.00
2002-02-13	39.22	39.35	38.78	39.23	1908700.00
2002-02-14	39.23	39.83	38.99	39.39	2835700.00
2002-02-15	39.62	39.71	39.17	39.37	1925500.00
2002-02-19	39.37	39.37	38.88	39.00	1636300.00
2002-02-20	39.01	39.68	38.79	39.60	2887700.00
2002-02-21	39.60	39.94	39.48	39.48	3269300.00
2002-02-22	39.25	39.91	39.25	39.73	2616200.00
2002-02-25	39.73	40.19	39.37	39.50	2775400.00
2002-02-26	39.08	39.46	38.78	39.13	3213300.00
2002-02-27	39.43	40.05	39.27	39.91	2543100.00
2002-02-28	39.91	40.15	39.03	39.03	2669500.00
2002-03-01	38.99	40.02	38.42	39.94	2902700.00
2002-03-04	39.68	40.46	39.30	40.46	4752900.00
2002-03-05	40.35	40.35	39.61	39.81	2718400.00
2002-03-06	39.56	40.46	39.56	40.30	2358900.00
2002-03-07	40.40	40.51	40.10	40.45	2529500.00
2002-03-08	40.66	40.69	39.99	40.30	2398800.00
2002-03-11	40.30	40.71	40.23	40.65	1835700.00
2002-03-12	40.20	40.92	40.20	40.92	2207100.00
2002-03-13	40.92	41.13	40.07	40.97	5374500.00
2002-03-14	40.84	41.08	40.61	40.84	2000200.00
2002-03-15	41.23	41.23	40.74	41.15	3452900.00
2002-03-18	41.13	41.70	40.84	41.54	3010500.00
2002-03-19	41.54	41.79	41.37	41.59	2194900.00
2002-03-20	41.59	41.59	40.71	40.83	4518700.00
2002-03-21	41.08	41.08	40.53	40.77	2124000.00
2002-03-22	40.51	40.77	40.47	40.58	1702300.00
2002-03-25	40.47	40.59	39.87	39.87	2127900.00
2002-03-26	39.68	39.94	39.46	39.68	2823500.00
2002-03-27	39.30	39.42	38.81	39.06	3832900.00
2002-03-28	38.86	39.37	38.83	39.27	3554600.00
2002-04-01	39.27	40.20	39.15	40.06	2639800.00
2002-04-02	39.99	40.66	39.79	40.58	3265100.00
2002-04-03	40.58	40.59	39.43	40.01	3115800.00
2002-04-04	39.17	39.48	38.83	39.27	3972400.00
2002-04-05	39.63	39.63	38.55	38.83	4300300.00
2002-04-08	38.83	39.12	38.03	38.40	4091800.00
2002-04-09	38.55	38.70	38.34	38.43	2831700.00
2002-04-10	38.44	38.84	38.19	38.68	2926200.00
2002-04-11	38.70	38.94	38.19	38.35	3317600.00
2002-04-12	38.37	38.38	37.62	37.84	4245000.00
2002-04-15	38.65	39.67	38.26	38.76	4965500.00
2002-04-16	38.32	38.65	37.88	38.19	5494500.00
2002-04-17	38.03	38.24	37.27	37.77	3512200.00
2002-04-18	38.06	38.30	37.16	38.22	3518600.00
2002-04-19	38.22	38.22	37.89	38.06	2997400.00
2002-04-22	38.14	38.14	37.44	37.83	2856100.00
2002-04-23	37.88	37.91	36.84	37.06	2865100.00
2002-04-24	36.92	37.24	36.00	36.02	4395000.00
2002-04-25	36.02	36.82	35.78	36.28	4120300.00
2002-04-26	36.28	36.49	35.82	36.09	2710000.00
2002-04-29	35.96	35.96	34.82	35.20	2811000.00
2002-04-30	32.78	34.19	32.46	34.04	13382900.00
2002-05-01	34.53	34.87	34.32	34.63	5900200.00
2002-05-02	34.53	35.18	34.30	35.05	3973100.00
2002-05-03	34.66	34.84	34.29	34.48	4061700.00
2002-05-06	34.53	34.53	33.77	33.79	2375600.00
2002-05-07	34.02	34.31	33.24	33.42	3714100.00
2002-05-08	33.71	34.97	33.51	34.72	2369200.00
2002-05-09	34.48	34.50	33.42	33.50	8069900.00
2002-05-10	33.50	33.74	33.20	33.35	3238500.00
2002-05-13	33.30	33.51	33.21	33.44	2232600.00
2002-05-14	33.54	34.10	33.54	34.02	3265500.00
2002-05-15	33.71	33.81	32.68	32.89	4390600.00
2002-05-16	32.89	33.01	32.52	32.84	3969500.00
2002-05-17	32.78	33.77	32.70	33.66	2818900.00
2002-05-20	33.66	33.91	33.01	33.14	2532300.00
2002-05-21	33.15	33.65	32.99	33.14	3058700.00
2002-05-22	33.35	33.56	33.04	33.23	2693100.00
2002-05-23	33.38	33.61	32.78	33.58	3762600.00
2002-05-24	33.58	33.71	33.01	33.04	1724100.00
2002-05-28	33.22	33.40	33.04	33.13	2090800.00
2002-05-29	33.07	33.58	33.07	33.30	1950700.00
2002-05-30	33.09	33.50	32.94	33.32	2211100.00
2002-05-31	33.73	33.91	33.35	33.51	2925500.00
2002-06-03	33.51	33.66	32.99	33.12	2813500.00
2002-06-04	32.71	32.71	31.53	32.14	4420300.00
2002-06-05	32.21	32.45	31.98	32.45	2992800.00
2002-06-06	32.52	32.54	31.75	31.79	3013400.00
2002-06-07	31.78	32.00	31.15	31.74	4047700.00
2002-06-10	31.59	32.10	31.33	31.75	2460400.00
2002-06-11	31.62	31.91	30.85	30.94	5305100.00
2002-06-12	30.94	31.24	30.09	30.29	3679500.00
2002-06-13	30.09	31.38	29.85	31.00	4928100.00
2002-06-14	31.07	31.59	30.45	31.30	2459500.00
2002-06-17	31.25	32.60	31.24	32.31	3185500.00
2002-06-18	32.12	32.62	31.87	32.44	2339700.00
2002-06-19	32.11	32.37	31.10	31.42	2382100.00
2002-06-20	31.28	31.69	31.08	31.15	1793700.00
2002-06-21	30.63	30.85	30.17	30.24	3627100.00
2002-06-24	30.24	30.52	29.21	30.00	3747900.00
2002-06-25	30.00	30.71	29.52	29.64	2356500.00
2002-06-26	29.47	30.49	28.89	30.09	2949200.00
2002-06-27	30.19	30.98	29.80	30.98	2323900.00
2002-06-28	30.63	30.97	29.10	29.21	7075400.00
2002-07-01	29.21	29.26	27.23	27.84	6463700.00
2002-07-02	27.84	28.11	26.75	26.99	4883100.00
2002-07-03	26.83	26.98	25.84	26.15	6556000.00
2002-07-05	26.15	27.06	26.10	27.06	2290900.00
2002-07-08	26.88	27.14	26.46	26.98	2838800.00
2002-07-09	26.67	26.79	25.82	25.88	5156100.00
2002-07-10	25.38	26.00	24.53	24.95	5983300.00
2002-07-11	24.86	25.88	24.39	25.74	6714100.00
2002-07-12	25.38	26.22	24.93	26.03	3746700.00
2002-07-15	26.03	26.90	24.93	26.73	7169900.00
2002-07-16	26.29	27.60	26.27	27.11	6474800.00
2002-07-17	27.24	27.34	26.25	26.36	6311300.00
2002-07-18	26.36	26.36	22.66	25.14	17962300.00
2002-07-19	24.60	25.06	24.16	24.93	7225400.00
2002-07-22	24.81	26.41	24.60	25.21	7048600.00
2002-07-23	25.35	25.82	24.87	25.21	5840000.00
2002-07-24	24.62	26.02	24.35	25.61	6392100.00
2002-07-25	25.71	27.44	25.17	26.83	6485200.00
2002-07-26	26.83	27.91	26.62	27.81	4603700.00
2002-07-29	28.64	29.65	28.56	29.60	5610100.00
2002-07-30	29.16	30.68	29.09	30.17	5077100.00
2002-07-31	29.41	30.54	29.08	30.25	5907400.00
2002-08-01	30.25	30.25	28.48	28.48	5219600.00
2002-08-02	28.64	29.19	27.24	27.91	6883800.00
2002-08-05	27.65	27.83	26.59	26.83	3581500.00
2002-08-06	27.16	28.33	26.93	27.26	3587900.00
2002-08-07	27.55	28.87	27.53	28.75	3402200.00
2002-08-08	29.00	30.01	28.88	29.42	3956300.00
2002-08-09	29.41	30.03	29.10	29.63	2784400.00
2002-08-12	29.63	30.11	29.21	30.04	2643400.00
2002-08-13	29.94	30.31	29.16	29.16	2955100.00
2002-08-14	28.87	30.32	28.38	30.32	5402200.00
2002-08-15	30.32	30.68	29.70	30.11	3034300.00
2002-08-16	30.11	30.32	29.56	29.73	2993100.00
2002-08-19	29.49	30.35	29.48	30.08	2435400.00
2002-08-20	29.45	30.07	29.43	29.70	2479500.00
2002-08-21	29.65	30.26	29.52	30.26	2631900.00
2002-08-22	30.30	32.38	30.20	32.36	5901900.00
2002-08-23	32.28	32.28	30.98	31.01	3678100.00
2002-08-26	31.34	31.34	30.07	31.06	3127700.00
2002-08-27	31.13	31.32	30.28	30.45	3343400.00
2002-08-28	30.30	30.61	29.91	30.20	2025900.00
2002-08-29	29.83	30.28	29.43	29.68	2599600.00
2002-08-30	29.55	30.48	29.31	30.22	2688700.00
2002-09-03	30.04	30.09	29.03	29.06	3459300.00
2002-09-04	29.16	30.09	28.92	30.00	3033200.00
2002-09-05	29.68	29.68	29.03	29.26	4027500.00
2002-09-06	29.57	29.73	29.05	29.17	2875500.00
2002-09-09	29.20	30.19	29.05	29.97	3202400.00
2002-09-10	29.91	30.28	29.62	30.10	1799800.00
2002-09-11	30.10	30.67	30.05	30.22	1839800.00
2002-09-12	30.38	30.38	29.94	30.17	2591200.00
2002-09-13	30.09	30.30	29.70	30.23	2641600.00
2002-09-16	30.15	30.87	29.79	30.59	2542100.00
2002-09-17	31.06	31.24	29.82	29.98	3314700.00
2002-09-18	29.98	29.98	29.08	29.71	3107800.00
2002-09-19	29.21	29.50	28.74	28.80	2733100.00
2002-09-20	28.93	29.60	28.87	29.33	4413500.00
2002-09-23	29.10	29.12	28.49	28.69	3104100.00
2002-09-24	28.51	28.81	28.19	28.64	4033000.00
2002-09-25	29.26	29.66	28.76	29.66	4472100.00
2002-09-26	30.09	30.20	29.62	30.19	3366700.00
2002-09-27	29.42	29.73	28.72	28.97	3063200.00
2002-09-30	28.54	29.39	28.38	28.81	3708100.00
2002-10-01	28.77	29.97	28.66	29.94	3562900.00
2002-10-02	29.99	30.72	29.65	30.11	5104600.00
2002-10-03	29.83	30.69	29.62	29.86	4624100.00
2002-10-04	29.86	29.86	28.55	28.85	4562800.00
2002-10-07	29.26	29.96	29.12	29.58	3684500.00
2002-10-08	30.72	31.60	30.27	31.03	7612200.00
2002-10-09	30.72	31.27	30.70	31.13	5294300.00
2002-10-10	31.45	32.02	31.16	31.71	5708200.00
2002-10-11	31.79	32.28	31.59	32.28	4519900.00
2002-10-14	32.29	32.88	31.75	32.27	4685400.00
2002-10-15	32.54	33.33	32.18	33.33	4798300.00
2002-10-16	33.33	33.84	32.84	33.14	3744800.00
2002-10-17	33.32	33.48	32.67	32.80	3731700.00
2002-10-18	32.75	33.24	32.57	32.77	3387500.00
2002-10-21	32.25	32.99	31.84	32.90	3763500.00
2002-10-22	32.92	32.92	32.07	32.80	4670400.00
2002-10-23	30.61	31.23	29.60	30.24	11524800.00
2002-10-24	30.22	30.22	28.74	29.00	7216900.00
2002-10-25	29.00	29.88	29.00	29.65	3980000.00
2002-10-28	29.78	30.46	29.43	29.56	2691000.00
2002-10-29	29.68	29.80	28.90	29.35	2870800.00
2002-10-30	29.44	29.67	29.16	29.50	3231300.00
2002-10-31	29.42	30.04	28.74	28.90	2908900.00
2002-11-01	28.83	29.86	28.64	29.54	2769000.00
2002-11-04	29.94	30.81	29.53	30.20	3443800.00
2002-11-05	30.20	30.52	29.96	30.17	3310300.00
2002-11-06	30.67	31.66	30.66	31.49	6710200.00
2002-11-07	30.98	31.49	30.40	30.70	4272900.00
2002-11-08	30.70	32.75	30.70	32.40	5588400.00
2002-11-11	32.54	32.80	32.25	32.36	4615000.00
2002-11-12	32.69	32.69	31.53	31.96	4013500.00
2002-11-13	31.96	32.26	31.04	31.55	4020900.00
2002-11-14	32.16	32.44	31.96	32.42	2717500.00
2002-11-15	32.42	32.42	31.68	32.08	4267500.00
2002-11-18	32.08	32.08	31.45	31.60	3195800.00
2002-11-19	31.60	32.64	31.60	32.21	4004700.00
2002-11-20	32.21	33.12	31.87	33.12	3840700.00
2002-11-21	33.23	33.95	33.19	33.87	4525900.00
2002-11-22	33.88	34.56	33.83	34.40	4266500.00
2002-11-25	34.62	35.74	34.28	35.61	5462000.00
2002-11-26	35.62	35.62	33.47	33.49	9535900.00
2002-11-27	35.58	36.20	34.59	36.11	8015900.00
2002-11-29	35.77	36.21	35.61	35.74	1973800.00
2002-12-02	36.19	36.47	35.87	35.98	4622500.00
2002-12-03	35.60	35.85	34.54	35.14	5249000.00
2002-12-04	35.18	35.56	34.62	35.32	2549500.00
2002-12-05	35.32	35.85	34.88	35.10	3573900.00
2002-12-06	34.70	34.98	33.98	34.24	4156800.00
2002-12-09	34.16	35.32	34.11	34.20	3515200.00
2002-12-10	34.21	34.66	34.21	34.59	2157600.00
2002-12-11	34.75	34.78	34.15	34.46	1765800.00
2002-12-12	34.46	34.46	33.43	33.54	3033500.00
2002-12-13	33.23	34.01	33.23	33.74	2329700.00
2002-12-16	33.53	34.24	33.37	33.94	3853400.00
2002-12-17	33.94	34.01	33.26	33.47	4082700.00
2002-12-18	33.24	33.36	32.52	32.78	2535100.00
2002-12-19	32.55	33.31	32.54	32.71	2978700.00
2002-12-20	33.17	33.45	32.98	33.10	4226700.00
2002-12-23	33.39	34.22	33.29	33.73	2379700.00
2002-12-24	33.62	33.91	33.61	33.72	964900.00
2002-12-26	33.80	33.90	33.17	33.44	1900400.00
2002-12-27	32.97	33.09	32.73	32.88	1902600.00
2002-12-30	32.88	33.52	32.87	33.44	1893200.00
2002-12-31	33.10	33.49	33.02	33.23	1794300.00
2003-01-02	33.93	34.67	33.73	34.28	3625200.00
2003-01-03	34.66	35.16	34.64	35.05	2885300.00
2003-01-06	35.05	35.64	34.80	35.57	2559900.00
2003-01-07	35.15	36.00	34.78	34.86	3282100.00
2003-01-08	35.09	35.47	34.85	35.11	2416300.00
2003-01-09	35.11	35.58	34.72	35.18	2982400.00
2003-01-10	35.19	35.56	34.82	35.20	2365500.00
2003-01-13	35.53	35.58	34.67	34.80	2798200.00
2003-01-14	34.80	35.41	34.57	35.16	3116400.00
2003-01-15	35.27	35.28	34.91	35.21	2654800.00
2003-01-16	35.22	35.74	35.22	35.38	2474100.00
2003-01-17	35.22	35.53	34.33	34.43	2912900.00
2003-01-21	34.62	34.69	34.05	34.23	2435600.00
2003-01-22	34.38	34.93	33.95	33.99	2829300.00
2003-01-23	32.97	33.39	32.57	33.25	7051200.00
2003-01-24	33.26	33.26	31.92	32.22	4533200.00
2003-01-27	31.92	31.92	31.27	31.51	3972900.00
2003-01-28	31.65	31.89	31.16	31.89	3546400.00
2003-01-29	31.89	32.18	31.14	32.05	3384600.00
2003-01-30	32.03	32.13	30.98	31.07	2713300.00
2003-01-31	30.72	31.71	30.72	31.52	3583400.00
2003-02-03	31.97	32.84	31.95	32.28	3676900.00
2003-02-04	31.87	32.03	31.41	32.00	2957900.00
2003-02-05	32.01	32.69	31.56	31.66	2352800.00
2003-02-06	31.68	32.29	31.50	32.03	2284800.00
2003-02-07	31.71	31.79	31.06	31.27	2930300.00
2003-02-10	31.40	31.61	30.82	31.47	2417600.00
2003-02-11	31.47	31.81	31.32	31.42	2547400.00
2003-02-12	31.59	31.68	30.84	30.99	2719800.00
2003-02-13	30.72	30.84	29.58	30.15	4895700.00
2003-02-14	30.16	30.52	29.61	29.85	3484000.00
2003-02-18	30.26	30.63	30.26	30.43	3677900.00
2003-02-19	30.55	30.83	30.32	30.60	2993400.00
2003-02-20	30.92	30.92	29.92	29.92	2431300.00
2003-02-21	30.23	30.36	29.47	30.25	3813500.00
2003-02-24	30.25	30.25	29.72	29.82	2504900.00
2003-02-25	29.47	29.57	28.99	29.45	3290500.00
2003-02-26	29.52	30.16	29.21	29.25	3261200.00
2003-02-27	29.47	30.12	29.31	29.74	3206000.00
2003-02-28	29.94	30.23	29.61	29.76	2928300.00
2003-03-03	29.86	30.25	29.65	29.78	2812700.00
2003-03-04	29.74	29.96	29.48	29.57	2290800.00
2003-03-05	29.49	30.15	29.48	29.99	2788900.00
2003-03-06	29.73	29.99	29.44	29.44	2895000.00
2003-03-07	29.10	30.09	29.05	29.98	3016400.00
2003-03-10	29.91	29.91	29.36	29.47	2027200.00
2003-03-11	29.47	29.47	28.15	28.26	4850100.00
2003-03-12	28.26	28.44	27.77	28.44	3296800.00
2003-03-13	28.57	29.11	28.11	29.07	3561100.00
2003-03-14	28.96	29.07	28.25	28.41	3665300.00
2003-03-17	28.10	29.15	27.79	29.10	5390500.00
2003-03-18	29.10	29.68	29.02	29.46	2710200.00
2003-03-19	29.60	29.99	29.32	29.89	2603500.00
2003-03-20	29.89	29.99	29.32	29.80	2946800.00
2003-03-21	30.26	30.73	29.92	30.63	3696700.00
2003-03-24	30.63	30.63	29.77	29.84	2195600.00
2003-03-25	29.65	31.02	29.65	30.59	2803900.00
2003-03-26	30.70	30.76	30.24	30.45	2122700.00
2003-03-27	29.94	30.84	29.92	30.63	2387300.00
2003-03-28	30.35	30.73	30.13	30.71	2481600.00
2003-03-31	30.42	30.60	29.88	30.07	2181700.00
2003-04-01	30.28	30.73	29.85	30.69	2461000.00
2003-04-02	30.89	31.57	30.86	31.37	2683900.00
2003-04-03	31.54	32.02	31.37	31.84	2925100.00
2003-04-04	31.94	32.33	31.89	32.23	2826500.00
2003-04-07	32.49	33.05	31.40	31.47	3809400.00
2003-04-08	31.63	31.86	31.31	31.47	2188100.00
2003-04-09	30.97	32.09	30.97	31.18	2487100.00
2003-04-10	31.28	31.49	30.99	31.40	2027400.00
2003-04-11	31.40	31.47	30.50	30.71	3535500.00
2003-04-14	30.60	31.42	30.58	31.31	2514000.00
2003-04-15	31.36	31.44	30.78	31.08	2477100.00
2003-04-16	31.35	31.39	30.52	30.65	2679900.00
2003-04-17	30.60	30.89	30.55	30.72	2527400.00
2003-04-21	30.52	31.48	30.52	31.29	3703800.00
2003-04-22	31.29	32.36	31.29	32.25	3968900.00
2003-04-23	32.57	33.07	32.49	32.89	3746300.00
2003-04-24	32.91	33.98	32.78	33.70	4713400.00
2003-04-25	33.78	33.96	33.05	33.30	3809000.00
2003-04-28	33.20	33.90	33.03	33.70	2514100.00
2003-04-29	33.70	34.17	33.70	33.94	2523800.00
2003-04-30	33.94	33.99	33.52	33.58	4712700.00
2003-05-01	33.58	33.85	33.03	33.74	2455200.00
2003-05-02	33.74	33.94	33.20	33.80	2919200.00
2003-05-05	33.82	34.15	33.38	33.65	3100300.00
2003-05-06	33.63	33.89	33.39	33.67	2743900.00
2003-05-07	33.67	33.88	33.43	33.87	3394800.00
2003-05-08	33.87	33.87	33.32	33.63	3063900.00
2003-05-09	33.63	34.02	33.63	33.76	3225500.00
2003-05-12	33.57	33.89	33.44	33.87	3024500.00
2003-05-13	33.85	33.98	33.46	33.75	2394400.00
2003-05-14	33.91	33.96	33.27	33.72	2337700.00
2003-05-15	33.85	33.93	33.49	33.93	2718800.00
2003-05-16	33.83	33.90	33.48	33.61	2579500.00
2003-05-19	32.28	33.43	31.70	32.14	6812000.00
2003-05-20	31.80	31.84	30.54	30.87	8256000.00
2003-05-21	30.87	31.34	30.47	30.84	6659300.00
2003-05-22	30.84	30.84	30.28	30.54	5739200.00
2003-05-23	30.33	30.82	29.89	30.73	5477200.00
2003-05-27	30.55	31.37	29.99	31.37	6932300.00
2003-05-28	31.27	31.69	31.00	31.05	3933900.00
2003-05-29	31.05	31.46	30.69	30.80	3114300.00
2003-05-30	31.05	31.63	30.89	31.62	3808300.00
2003-06-02	32.05	32.06	30.66	30.76	4941900.00
2003-06-03	30.76	31.57	30.76	31.53	5199500.00
2003-06-04	31.38	32.06	31.24	31.83	2987200.00
2003-06-05	31.63	32.69	31.20	32.65	4059400.00
2003-06-06	32.80	33.38	32.22	32.36	4110700.00
2003-06-09	32.34	32.43	31.61	31.72	2367600.00
2003-06-10	31.74	31.90	31.33	31.86	2394600.00
2003-06-11	32.66	33.54	32.63	33.43	7569500.00
2003-06-12	33.54	34.11	33.35	33.89	5642400.00
2003-06-13	34.00	34.65	33.66	34.49	5241000.00
2003-06-16	34.89	35.98	34.76	35.89	5823000.00
2003-06-17	36.23	37.77	36.23	36.94	9348900.00
2003-06-18	36.92	37.33	36.27	36.50	6257000.00
2003-06-19	36.50	36.50	35.59	35.65	3929800.00
2003-06-20	35.86	36.47	35.65	36.25	5004300.00
2003-06-23	36.17	36.17	35.08	35.48	3777200.00
2003-06-24	35.77	36.63	35.69	36.32	4713800.00
2003-06-25	36.29	36.99	35.65	35.84	3241400.00
2003-06-26	35.94	36.78	35.58	36.78	3761900.00
2003-06-27	35.71	36.18	35.64	36.03	5997200.00
2003-06-30	36.05	36.80	36.05	36.48	4733300.00
2003-07-01	36.45	36.97	35.98	36.91	3947700.00
2003-07-02	36.91	37.02	36.60	36.82	2743100.00
2003-07-03	36.82	37.01	36.51	36.64	1805100.00
2003-07-07	36.76	37.26	36.76	37.20	2964200.00
2003-07-08	36.68	36.72	36.25	36.59	2982200.00
2003-07-09	36.39	36.49	35.76	35.92	4263000.00
2003-07-10	35.76	35.79	35.24	35.48	2906000.00
2003-07-11	35.46	35.86	35.23	35.68	2593600.00
2003-07-14	36.18	36.21	35.46	35.63	2253200.00
2003-07-15	35.70	35.77	34.76	34.82	3966800.00
2003-07-16	35.05	35.18	34.55	35.03	2275000.00
2003-07-17	35.17	35.97	35.06	35.34	4447100.00
2003-07-18	35.34	35.60	34.75	35.54	2765700.00
2003-07-21	35.54	35.54	34.60	34.99	2192300.00
2003-07-22	35.02	35.20	34.42	34.85	2635700.00
2003-07-23	34.95	35.20	34.43	34.95	2230900.00
2003-07-24	35.49	36.10	35.31	35.35	4310100.00
2003-07-25	35.35	35.65	32.73	35.63	2085100.00
2003-07-28	35.55	35.74	35.06	35.24	2389000.00
2003-07-29	35.21	35.31	34.28	34.32	3574200.00
2003-07-30	34.46	35.23	34.40	35.20	3535500.00
2003-07-31	35.41	35.61	34.57	34.83	3260200.00
2003-08-01	34.44	34.47	33.55	33.85	3763900.00
2003-08-04	33.85	34.28	33.30	34.18	2536100.00
2003-08-05	34.12	34.58	33.70	33.75	2570200.00
2003-08-06	33.75	33.82	33.23	33.29	3196700.00
2003-08-07	33.46	33.85	33.37	33.77	2517300.00
2003-08-08	33.84	33.88	33.11	33.29	2286800.00
2003-08-11	33.17	33.47	33.08	33.36	2133500.00
2003-08-12	33.46	33.47	33.07	33.26	2256300.00
2003-08-13	33.26	33.49	32.96	33.08	2134100.00
2003-08-14	32.97	33.05	32.60	32.65	2829200.00
2003-08-15	32.76	32.92	32.34	32.78	1726800.00
2003-08-18	32.71	32.93	32.61	32.79	2068000.00
2003-08-19	32.81	32.87	32.44	32.57	2652900.00
2003-08-20	32.57	32.91	32.54	32.77	3211000.00
2003-08-21	33.76	34.27	33.50	33.80	11239400.00
2003-08-22	33.93	33.93	33.10	33.40	4847300.00
2003-08-25	33.40	33.86	33.38	33.81	3302500.00
2003-08-26	33.72	34.40	33.72	34.33	4173200.00
2003-08-27	34.20	34.82	34.20	34.68	2752100.00
2003-08-28	34.83	35.09	34.42	35.03	2978100.00
2003-08-29	34.99	35.42	34.83	35.38	2460000.00
2003-09-02	35.42	35.64	34.86	35.52	3385300.00
2003-09-03	33.53	34.04	32.86	33.03	12242000.00
2003-09-04	32.57	32.69	32.04	32.46	8720400.00
2003-09-05	32.90	33.10	32.37	32.44	8230700.00
2003-09-08	32.64	33.13	32.63	32.84	3950700.00
2003-09-09	32.76	33.05	32.65	32.67	2781000.00
2003-09-10	32.68	33.13	32.68	32.99	3367300.00
2003-09-11	33.21	33.28	32.34	32.43	3307200.00
2003-09-12	32.65	32.79	32.47	32.70	3223200.00
2003-09-15	32.92	32.92	32.39	32.39	2525300.00
2003-09-16	32.45	32.55	31.88	32.44	3281500.00
2003-09-17	31.95	32.73	31.95	32.30	2916700.00
2003-09-18	32.38	32.88	32.33	32.46	2792800.00
2003-09-19	32.46	32.80	31.97	32.02	3506200.00
2003-09-22	32.02	32.02	31.39	31.51	3418000.00
2003-09-23	31.91	32.04	31.69	31.82	2567900.00
2003-09-24	31.70	31.97	31.32	31.51	3726800.00
2003-09-25	31.70	31.74	31.23	31.23	2534700.00
2003-09-26	31.23	31.24	30.80	30.84	3926700.00
2003-09-29	30.89	31.11	30.79	30.95	2956600.00
2003-09-30	31.11	31.75	30.94	31.59	4809000.00
2003-10-01	32.97	33.61	32.73	33.51	10990300.00
2003-10-02	33.45	33.85	33.25	33.78	4068900.00
2003-10-03	34.17	34.20	33.66	33.72	3751100.00
2003-10-06	33.77	33.97	33.63	33.73	2370700.00
2003-10-07	33.73	33.80	33.11	33.50	3047200.00
2003-10-08	33.61	33.66	33.02	33.12	2379700.00
2003-10-09	33.50	33.66	32.98	33.06	2749100.00
2003-10-10	33.26	33.38	32.94	33.14	1767100.00
2003-10-13	33.14	33.29	32.95	32.99	1405200.00
2003-10-14	32.73	33.20	32.63	33.17	3056200.00
2003-10-15	33.17	33.42	32.59	32.79	2537600.00
2003-10-16	32.58	33.03	32.58	32.93	2662000.00
2003-10-17	32.97	33.09	32.45	32.53	2780600.00
2003-10-20	32.61	32.73	32.24	32.73	2418000.00
2003-10-21	32.73	33.37	32.73	33.24	2429300.00
2003-10-22	32.87	32.87	32.09	32.32	3805300.00
2003-10-23	33.76	34.89	32.93	34.62	8187400.00
2003-10-24	34.62	35.25	34.37	35.25	6062500.00
2003-10-27	35.25	35.79	35.25	35.44	4009700.00
2003-10-28	35.48	35.82	35.27	35.82	3029700.00
2003-10-29	35.76	35.76	35.10	35.17	3044500.00
2003-10-30	35.68	36.11	35.25	35.44	4629400.00
2003-10-31	35.57	36.00	35.39	35.43	3641500.00
2003-11-03	35.43	35.60	35.25	35.50	2029100.00
2003-11-04	35.03	35.20	34.51	34.70	2871100.00
2003-11-05	34.64	35.12	34.57	35.12	2782600.00
2003-11-06	35.05	35.42	34.86	35.30	2449200.00
2003-11-07	35.34	35.60	34.83	35.02	2677100.00
2003-11-10	34.88	35.05	34.71	34.85	1875000.00
2003-11-11	34.63	34.88	34.51	34.58	1921200.00
2003-11-12	34.75	35.67	34.50	35.38	3678700.00
2003-11-13	35.39	37.21	35.28	36.91	7427200.00
2003-11-14	36.99	38.48	36.99	38.10	9593800.00
2003-11-17	37.15	38.21	37.15	37.79	4567300.00
2003-11-18	37.79	38.42	37.74	37.92	3218800.00
2003-11-19	38.01	38.92	37.85	38.78	4464700.00
2003-11-20	38.49	38.78	38.18	38.24	3328200.00
2003-11-21	38.24	38.43	37.10	37.21	6539700.00
2003-11-24	37.48	37.93	37.45	37.69	3582400.00
2003-11-25	37.74	37.94	37.50	37.78	3415400.00
2003-11-26	37.39	37.39	36.56	37.05	6350000.00
2003-11-28	37.05	37.05	36.54	36.78	2356000.00
2003-12-01	36.65	37.69	36.62	37.58	4229800.00
2003-12-02	37.18	37.79	37.06	37.15	4045700.00
2003-12-03	37.21	37.52	36.87	36.87	3171300.00
2003-12-04	37.05	37.26	36.52	36.89	2454500.00
2003-12-05	36.65	36.88	36.48	36.78	2214300.00
2003-12-08	36.78	37.47	36.59	37.44	3243700.00
2003-12-09	37.49	37.71	37.19	37.71	3456000.00
2003-12-10	37.71	37.87	37.42	37.63	3572800.00
2003-12-11	37.90	38.54	37.72	38.38	3655600.00
2003-12-12	38.33	38.59	37.94	38.59	2997600.00
2003-12-15	38.85	38.91	38.32	38.32	2500500.00
2003-12-16	38.32	39.18	38.32	39.18	3616400.00
2003-12-17	39.03	39.09	38.59	38.74	2746100.00
2003-12-18	38.74	39.16	38.68	39.09	2779100.00
2003-12-19	39.21	39.50	38.90	39.50	3762300.00
2003-12-22	39.30	39.30	38.38	38.60	3727600.00
2003-12-23	38.29	38.59	37.41	37.70	4794600.00
2003-12-24	37.70	37.84	37.66	37.69	1446100.00
2003-12-26	37.77	38.00	37.69	37.75	494400.00
2003-12-29	38.11	38.29	37.75	38.29	2661500.00
2003-12-30	38.30	38.35	37.77	37.92	3109600.00
2003-12-31	37.90	37.92	37.44	37.60	3583800.00
2004-01-02	37.87	38.57	37.79	38.08	3780500.00
2004-01-05	37.63	38.06	37.37	37.52	6774200.00
2004-01-06	37.42	37.55	37.15	37.49	5398600.00
2004-01-07	37.18	37.36	37.02	37.32	4336100.00
2004-01-08	37.19	37.25	36.31	36.40	5579100.00
2004-01-09	36.30	36.45	36.07	36.13	4468400.00
2004-01-12	36.32	36.93	36.24	36.79	4530300.00
2004-01-13	36.73	36.84	36.46	36.67	3662100.00
2004-01-14	36.54	37.12	36.35	36.99	3862000.00
2004-01-15	37.05	37.16	36.76	37.16	3355400.00
2004-01-16	37.31	37.51	37.23	37.45	4237600.00
2004-01-20	37.47	37.53	37.21	37.29	3605500.00
2004-01-21	37.29	37.85	36.94	37.85	3874500.00
2004-01-22	37.71	37.97	37.55	37.93	3444000.00
2004-01-23	37.94	37.95	36.93	37.13	3936800.00
2004-01-26	36.89	37.09	36.70	36.83	4528300.00
2004-01-27	36.83	37.08	36.54	36.59	3744300.00
2004-01-28	36.67	36.74	35.66	35.77	5062800.00
2004-01-29	35.68	36.67	35.58	36.56	4522100.00
2004-01-30	36.64	36.64	35.93	36.37	3057800.00
2004-02-02	36.23	37.37	36.09	36.91	3619100.00
2004-02-03	36.91	37.24	36.63	37.10	2781200.00
2004-02-04	37.10	37.76	36.91	37.69	4762700.00
2004-02-05	37.95	38.23	37.69	38.19	3950900.00
2004-02-06	38.19	38.96	38.10	38.94	4447700.00
2004-02-09	38.97	39.28	38.63	39.14	3696200.00
2004-02-10	39.14	39.94	39.00	39.85	5371900.00
2004-02-11	39.83	40.12	39.62	40.12	4473800.00
2004-02-12	40.12	40.12	39.40	39.52	5780500.00
2004-02-13	39.53	39.56	39.07	39.48	2437600.00
2004-02-17	39.48	39.52	39.02	39.19	2370200.00
2004-02-18	39.13	39.20	38.69	38.92	2502900.00
2004-02-19	39.05	39.50	38.89	39.02	3383400.00
2004-02-20	39.04	39.34	38.76	38.93	2167700.00
2004-02-23	38.93	39.02	38.54	38.68	1825300.00
2004-02-24	38.65	38.94	38.37	38.87	2661300.00
2004-02-25	39.01	39.13	38.88	39.10	2678600.00
2004-02-26	39.24	39.55	39.19	39.53	2452700.00
2004-02-27	39.46	39.99	37.60	39.71	3223500.00
2004-03-01	39.67	39.67	39.18	39.45	3299300.00
2004-03-02	39.37	39.64	38.80	39.01	1881600.00
2004-03-03	38.99	39.31	38.56	39.25	1630500.00
2004-03-04	39.29	39.30	38.77	39.27	2070700.00
2004-03-05	39.21	39.66	39.06	39.46	2249500.00
2004-03-08	39.53	39.74	39.05	39.10	1997000.00
2004-03-09	39.14	39.26	38.02	38.59	4915200.00
2004-03-10	38.62	38.66	37.78	37.86	3915300.00
2004-03-11	37.86	37.97	37.06	37.15	3918700.00
2004-03-12	37.38	38.10	37.24	38.10	3059000.00
2004-03-15	37.78	37.87	37.28	37.43	3090500.00
2004-03-16	37.60	38.12	37.60	37.96	3043600.00
2004-03-17	37.89	37.90	37.25	37.51	3435900.00
2004-03-18	37.22	37.69	37.07	37.50	2888300.00
2004-03-19	37.29	37.42	36.81	36.86	3000700.00
2004-03-22	36.86	37.18	36.38	36.50	3264000.00
2004-03-23	36.65	36.93	36.26	36.28	3193600.00
2004-03-24	36.34	36.40	35.47	35.71	4967000.00
2004-03-25	35.71	35.71	34.65	35.18	6332700.00
2004-03-26	35.13	35.28	34.72	34.91	5019500.00
2004-03-29	35.05	35.49	35.00	35.23	4241400.00
2004-03-30	35.45	35.55	35.12	35.34	3444300.00
2004-03-31	36.26	36.72	35.88	35.93	5951000.00
2004-04-01	36.20	36.49	35.99	36.31	5346400.00
2004-04-02	36.95	37.28	36.77	36.90	4923500.00
2004-04-05	37.03	37.15	36.70	37.14	3705400.00
2004-04-06	36.87	37.06	36.59	36.94	2050500.00
2004-04-07	36.93	37.54	36.78	37.28	3914400.00
2004-04-08	37.54	37.68	36.64	37.00	3592400.00
2004-04-12	37.32	37.32	36.94	37.17	1516100.00
2004-04-13	37.44	37.50	37.11	37.24	3434100.00
2004-04-14	37.07	37.82	37.07	37.82	3321900.00
2004-04-15	38.12	39.16	38.03	39.16	6059600.00
2004-04-16	39.20	39.40	38.68	38.91	4938300.00
2004-04-19	38.94	39.61	38.94	39.42	4933400.00
2004-04-20	39.42	39.65	38.81	38.81	3665700.00
2004-04-21	38.81	39.67	38.53	39.43	3355900.00
2004-04-22	39.43	40.15	39.22	39.76	3648000.00
2004-04-23	39.62	39.81	39.15	39.29	2891700.00
2004-04-26	39.38	39.71	39.10	39.40	2140300.00
2004-04-27	39.59	40.22	39.44	39.63	2968000.00
2004-04-28	39.56	39.67	39.25	39.56	2685700.00
2004-04-29	39.60	40.11	39.08	39.42	2793700.00
2004-04-30	39.57	40.13	39.44	39.64	3089200.00
2004-05-03	39.65	40.28	39.64	40.09	3010000.00
2004-05-04	40.12	40.80	40.02	40.46	3909600.00
2004-05-05	40.33	40.74	40.28	40.46	2844400.00
2004-05-06	40.18	41.16	40.15	40.96	3639800.00
2004-05-07	41.09	41.33	40.56	40.58	3479000.00
2004-05-10	40.58	40.90	39.52	39.95	5019800.00
2004-05-11	39.72	40.04	39.53	39.67	3235800.00
2004-05-12	39.53	39.94	38.91	39.78	3512400.00
2004-05-13	39.70	39.91	39.44	39.54	2206400.00
2004-05-14	39.54	40.20	39.39	39.86	1971400.00
2004-05-17	39.31	39.59	39.05	39.36	3885500.00
2004-05-18	39.36	39.57	39.01	39.17	2687000.00
2004-05-19	39.24	39.40	38.70	38.79	2757000.00
2004-05-20	38.97	39.16	38.56	39.03	2966200.00
2004-05-21	39.08	39.23	38.59	38.85	2124700.00
2004-05-24	38.91	38.91	37.95	38.20	3351600.00
2004-05-25	38.20	38.99	38.05	38.90	3059400.00
2004-05-26	39.37	39.88	39.26	39.63	4105800.00
2004-05-27	39.91	40.20	39.73	39.92	2397400.00
2004-05-28	39.76	39.91	39.45	39.76	2249400.00
2004-06-01	39.86	40.34	39.76	40.34	2898100.00
2004-06-02	40.45	40.47	39.99	40.21	2447300.00
2004-06-03	40.21	40.69	40.10	40.13	2252400.00
2004-06-04	40.26	40.93	40.21	40.48	2801200.00
2004-06-07	40.83	40.84	40.38	40.83	2056700.00
2004-06-08	40.59	40.83	40.40	40.68	1872800.00
2004-06-09	40.53	40.53	39.65	39.71	3608900.00
2004-06-10	39.94	40.02	39.57	39.74	1700000.00
2004-06-14	39.56	39.97	39.14	39.24	2781700.00
2004-06-15	39.51	39.56	39.08	39.19	2257300.00
2004-06-16	39.29	39.89	39.18	39.51	2072800.00
2004-06-17	39.35	39.77	39.17	39.69	1998000.00
2004-06-18	39.40	39.98	39.40	39.71	3512800.00
2004-06-21	39.56	39.65	39.22	39.22	1842500.00
2004-06-22	39.22	39.51	39.08	39.36	2621100.00
2004-06-23	39.21	39.66	38.91	39.47	2032300.00
2004-06-24	39.21	39.47	39.14	39.25	1435600.00
2004-06-25	38.94	38.97	38.53	38.54	4148900.00
2004-06-28	38.72	39.08	38.59	38.70	3116100.00
2004-06-29	38.64	38.93	37.68	37.91	6256700.00
2004-06-30	37.91	38.17	37.49	37.73	5540100.00
2004-07-01	37.73	37.94	36.82	37.20	4751000.00
2004-07-02	37.21	37.68	37.12	37.44	3236700.00
2004-07-06	37.33	37.33	36.77	36.85	2614600.00
2004-07-07	36.58	36.96	36.19	36.45	3196200.00
2004-07-08	36.44	37.55	36.44	36.64	3601600.00
2004-07-09	36.70	36.82	36.05	36.16	3123200.00
2004-07-12	36.17	36.92	36.14	36.77	2949900.00
2004-07-13	36.77	36.99	36.72	36.93	2939000.00
2004-07-14	36.78	37.28	36.59	36.70	2172700.00
2004-07-15	36.75	36.87	36.04	36.07	3579500.00
2004-07-16	36.07	36.27	35.43	35.78	3919100.00
2004-07-19	35.77	35.83	35.36	35.37	3247200.00
2004-07-20	35.24	35.43	34.62	34.90	5220600.00
2004-07-21	35.03	36.13	34.97	35.23	4294600.00
2004-07-22	34.60	35.62	34.57	34.94	3993100.00
2004-07-23	34.14	34.63	33.80	33.85	5203400.00
2004-07-26	34.06	34.06	33.27	33.54	3893300.00
2004-07-27	33.73	34.51	33.61	34.04	5439800.00
2004-07-28	33.93	34.46	33.47	34.37	4209900.00
2004-07-29	34.19	34.61	34.02	34.35	2867400.00
2004-07-30	34.22	34.74	34.14	34.39	2162100.00
2004-08-02	34.39	34.64	34.20	34.30	1805100.00
2004-08-03	34.33	34.59	34.10	34.12	2581200.00
2004-08-04	34.60	34.81	34.01	34.35	3622100.00
2004-08-05	34.38	34.42	33.08	33.14	3328800.00
2004-08-06	32.93	33.03	32.52	32.92	3792700.00
2004-08-09	33.06	33.08	32.54	32.64	2148600.00
2004-08-10	32.73	32.98	32.26	32.95	3483500.00
2004-08-11	32.69	34.04	32.69	33.98	3920000.00
2004-08-12	33.88	34.11	33.44	33.69	2507200.00
2004-08-13	33.79	34.02	33.40	33.42	3076200.00
2004-08-16	33.64	34.31	33.53	34.25	2859300.00
2004-08-17	34.24	34.43	33.93	34.11	2658500.00
2004-08-18	34.19	35.11	33.96	35.05	3489600.00
2004-08-19	35.05	35.05	34.31	34.93	3401400.00
2004-08-20	34.93	35.15	34.86	35.02	2296300.00
2004-08-23	35.02	35.20	34.86	34.96	2011200.00
2004-08-24	35.10	35.24	34.91	35.12	2186200.00
2004-08-25	35.19	35.26	34.92	35.00	2287900.00
2004-08-26	34.85	35.01	34.35	34.49	3415500.00
2004-08-27	34.66	35.05	34.58	34.92	1566500.00
2004-08-30	34.74	34.76	34.20	34.31	2325000.00
2004-08-31	34.39	34.62	34.09	34.45	2014400.00
2004-09-01	34.47	34.84	34.20	34.80	3085700.00
2004-09-02	34.80	35.29	34.74	35.18	1945900.00
2004-09-03	35.23	35.42	35.16	35.28	1998900.00
2004-09-07	35.45	36.10	35.45	35.83	2948900.00
2004-09-08	35.71	36.08	35.23	35.32	2198100.00
2004-09-09	35.46	35.80	35.37	35.68	2713000.00
2004-09-10	35.68	35.81	35.29	35.75	1928000.00
2004-09-13	35.82	35.83	35.53	35.53	2860000.00
2004-09-14	35.54	36.20	35.54	36.08	3820800.00
2004-09-15	36.18	36.54	36.15	36.45	3205900.00
2004-09-16	36.38	36.48	36.19	36.24	2291500.00
2004-09-17	36.36	36.36	35.97	36.04	2637600.00
2004-09-20	35.99	36.07	35.33	35.56	2432600.00
2004-09-21	35.56	35.56	35.21	35.37	3256500.00
2004-09-22	35.10	35.27	34.55	34.70	2874800.00
2004-09-23	34.88	34.99	34.46	34.47	2254100.00
2004-09-24	34.47	34.79	34.33	34.56	1810700.00
2004-09-27	34.56	34.66	34.07	34.15	1893100.00
2004-09-28	34.20	34.23	33.55	33.69	4064100.00
2004-09-29	33.66	33.77	33.22	33.58	3178900.00
2004-09-30	33.28	33.50	32.42	32.60	7016600.00
2004-10-01	32.71	33.57	32.70	33.33	3458300.00
2004-10-04	33.33	33.86	33.33	33.42	3311200.00
2004-10-05	33.50	33.83	33.39	33.66	2190800.00
2004-10-06	33.67	33.67	32.82	33.37	3824700.00
2004-10-07	33.41	33.58	32.24	32.33	5547800.00
2004-10-08	32.30	32.78	32.03	32.07	3905900.00
2004-10-11	32.12	32.30	31.92	32.03	2688200.00
2004-10-12	31.11	31.54	30.98	31.02	6097600.00
2004-10-13	31.02	31.13	30.31	30.56	5223000.00
2004-10-14	30.61	30.94	30.42	30.42	3904300.00
2004-10-15	30.55	31.25	30.42	31.13	6463700.00
2004-10-18	30.94	31.37	30.94	31.16	3307200.00
2004-10-19	31.16	31.21	30.31	30.40	4170800.00
2004-10-20	30.35	30.43	29.76	29.91	6387200.00
2004-10-21	29.46	29.79	28.38	28.58	10637200.00
2004-10-22	28.45	28.70	28.03	28.15	9597700.00
2004-10-25	28.15	28.23	27.33	27.38	6367300.00
2004-10-26	27.33	28.51	27.33	28.47	6071200.00
2004-10-27	29.18	30.72	28.99	30.51	9657400.00
2004-10-28	30.43	30.56	30.03	30.42	5004100.00
2004-10-29	30.30	30.40	29.29	29.81	6141600.00
2004-11-01	29.81	30.16	29.62	29.94	4770400.00
2004-11-02	29.72	30.53	29.71	29.92	5324400.00
2004-11-03	31.32	31.92	30.40	30.74	9225500.00
2004-11-04	30.88	31.18	30.41	31.12	5210900.00
2004-11-05	31.19	31.60	31.02	31.27	4160500.00
2004-11-08	31.05	31.30	30.67	30.92	3422400.00
2004-11-09	30.92	31.13	30.60	30.69	2734800.00
2004-11-10	30.84	30.85	30.29	30.39	3495700.00
2004-11-11	30.37	30.99	30.16	30.59	2785000.00
2004-11-12	30.65	30.75	30.08	30.71	2678900.00
2004-11-15	30.67	31.24	30.59	31.24	3313900.00
2004-11-16	31.24	31.38	30.98	31.04	4602300.00
2004-11-17	31.38	31.41	30.47	30.52	3409200.00
2004-11-18	30.76	30.87	30.61	30.81	2699600.00
2004-11-19	30.95	30.95	30.10	30.17	3332900.00
2004-11-22	30.18	30.70	29.88	30.66	4176100.00
2004-11-23	30.55	30.66	29.41	29.84	4773700.00
2004-11-24	30.02	30.18	29.71	29.93	2881300.00
2004-11-26	29.83	30.26	29.80	29.91	1044600.00
2004-11-29	30.18	30.18	29.20	29.68	5651100.00
2004-11-30	29.50	29.73	29.12	29.13	3590000.00
2004-12-01	29.42	29.76	29.34	29.76	3534200.00
2004-12-02	29.76	30.36	29.61	29.93	3260200.00
2004-12-03	29.99	30.24	29.61	29.77	2690900.00
2004-12-06	29.77	29.96	29.43	29.83	2665700.00
2004-12-07	29.83	30.05	29.30	29.31	2683000.00
2004-12-08	29.69	29.81	29.33	29.69	3757200.00
2004-12-09	29.34	29.92	29.18	29.87	4457800.00
2004-12-10	29.92	30.16	29.84	30.07	4138500.00
2004-12-13	30.29	30.67	30.29	30.62	4242900.00
2004-12-14	30.62	31.32	30.62	31.14	4593900.00
2004-12-15	31.25	31.38	30.83	30.99	3699900.00
2004-12-16	31.03	31.59	30.93	31.36	4659500.00
2004-12-17	30.27	30.67	29.15	30.60	13640700.00
2004-12-20	30.63	30.86	30.05	30.21	5305200.00
2004-12-21	30.22	30.49	30.10	30.49	4070300.00
2004-12-22	30.29	31.03	30.29	30.93	4181300.00
2004-12-23	30.85	31.57	30.82	31.28	3152300.00
2004-12-27	31.34	31.69	31.24	31.24	2406300.00
2004-12-28	31.16	31.51	31.14	31.37	1916200.00
2004-12-29	31.20	31.28	30.99	31.28	2743200.00
2004-12-30	31.38	31.55	31.28	31.41	2532200.00
2004-12-31	31.00	31.22	30.98	31.00	4178300.00
2005-01-03	31.01	31.16	30.70	30.73	3157300.00
2005-01-04	30.92	31.05	30.29	30.32	4277600.00
2005-01-05	30.45	30.70	30.32	30.64	3393900.00
2005-01-06	30.59	31.02	30.53	30.88	2940100.00
2005-01-07	30.88	30.98	30.69	30.73	2948600.00
2005-01-10	30.65	31.19	30.54	31.11	2908000.00
2005-01-11	31.11	31.20	30.81	31.16	3392100.00
2005-01-12	31.18	31.59	31.08	31.57	4472700.00
2005-01-13	31.43	31.55	30.82	30.82	3659900.00
2005-01-14	30.78	31.30	30.75	31.28	3207400.00
2005-01-18	31.28	31.51	30.93	31.43	3080100.00
2005-01-19	31.37	31.51	31.12	31.14	2463400.00
2005-01-20	31.14	31.33	30.65	30.83	3297300.00
2005-01-21	30.70	30.77	30.20	30.22	3470600.00
2005-01-24	30.35	30.42	29.96	29.96	3075500.00
2005-01-25	30.24	30.43	29.93	29.96	3015800.00
2005-01-26	30.73	31.23	30.26	30.32	6320300.00
2005-01-27	30.18	30.49	30.07	30.36	3915200.00
2005-01-28	30.24	30.24	28.88	29.27	5922500.00
2005-01-31	29.36	29.88	29.31	29.63	4901300.00
2005-02-01	29.64	29.92	29.42	29.92	2690100.00
2005-02-02	29.84	30.31	29.73	30.12	2721700.00
2005-02-03	30.12	30.16	29.83	29.98	3401500.00
2005-02-04	29.89	30.24	29.77	30.06	2220300.00
2005-02-07	30.20	30.68	30.13	30.45	2045600.00
2005-02-08	30.16	30.37	30.08	30.27	2800300.00
2005-02-09	30.43	30.66	29.82	29.86	2539100.00
2005-02-10	30.04	30.05	29.77	29.94	1982000.00
2005-02-11	30.06	31.19	30.04	30.53	2713900.00
2005-02-14	30.78	30.80	30.28	30.48	2105300.00
2005-02-15	30.39	30.75	30.23	30.68	3362100.00
2005-02-16	30.54	30.72	30.28	30.49	2534800.00
2005-02-17	30.42	30.64	30.26	30.33	2760300.00
2005-02-18	30.38	30.38	29.90	30.04	4445700.00
2005-02-22	30.07	30.31	29.98	30.01	3842100.00
2005-02-23	30.09	30.28	30.01	30.16	2189200.00
2005-02-24	30.22	30.36	30.02	30.32	2534600.00
2005-02-25	30.27	30.74	30.22	30.71	2425400.00
2005-02-28	30.73	30.97	30.40	30.81	3016200.00
2005-03-01	30.92	31.16	30.79	31.08	2692100.00
2005-03-02	30.85	31.36	30.73	31.00	2889100.00
2005-03-03	31.14	31.14	30.56	30.89	1933300.00
2005-03-04	31.16	31.30	30.82	31.22	3032000.00
2005-03-07	31.35	31.58	31.26	31.53	2819500.00
2005-03-08	31.51	31.59	31.09	31.21	2699900.00
2005-03-09	30.94	31.01	30.42	30.59	4725200.00
2005-03-10	30.59	30.75	30.35	30.56	3238700.00
2005-03-11	30.65	30.67	30.09	30.17	3217300.00
2005-03-14	30.20	30.26	29.45	29.54	5856400.00
2005-03-15	29.68	29.71	28.96	28.99	4783900.00
2005-03-16	29.01	29.14	28.51	28.77	4564800.00
2005-03-17	28.77	28.99	28.51	28.73	3998600.00
2005-03-18	28.73	28.96	28.41	28.89	5215200.00
2005-03-21	28.89	28.96	28.59	28.59	2254100.00
2005-03-22	28.60	28.87	28.50	28.52	3315600.00
2005-03-23	28.50	29.18	28.41	29.04	5705600.00
2005-03-24	29.07	29.41	29.02	29.10	3108000.00
2005-03-28	29.11	29.11	28.64	29.02	3254800.00
2005-03-29	28.91	28.94	28.23	28.46	5910700.00
2005-03-30	28.85	29.06	28.62	29.03	3819200.00
2005-03-31	29.03	29.03	28.63	28.66	2884400.00
2005-04-01	28.77	28.91	28.11	28.16	4281900.00
2005-04-04	28.34	28.47	28.10	28.24	4251800.00
2005-04-05	28.40	29.32	28.40	29.27	4651600.00
2005-04-06	29.35	29.57	29.05	29.46	4341400.00
2005-04-07	29.29	29.95	29.21	29.71	4335400.00
2005-04-08	29.79	30.07	29.71	29.88	4089100.00
2005-04-11	29.88	30.08	29.71	29.91	2860200.00
2005-04-12	29.73	29.76	29.10	29.61	5428200.00
2005-04-13	29.60	31.85	29.40	31.42	17838600.00
2005-04-14	31.29	31.41	30.34	30.34	15798400.00
2005-04-15	32.90	32.95	31.59	31.95	33421300.00
2005-04-18	31.99	32.58	31.77	32.46	12307300.00
2005-04-19	32.46	32.83	32.46	32.70	5896200.00
2005-04-20	32.59	32.84	31.91	31.92	7336300.00
2005-04-21	32.44	32.45	31.92	32.18	5615400.00
2005-04-22	32.04	32.31	31.92	32.13	3968900.00
2005-04-25	32.20	32.56	32.13	32.33	4128300.00
2005-04-26	32.04	32.45	31.98	32.13	3592800.00
2005-04-27	32.02	32.07	31.47	32.03	3413800.00
2005-04-28	32.03	32.18	31.49	31.91	3765300.00
2005-04-29	31.98	32.17	31.74	32.17	4391200.00
2005-05-02	32.29	32.51	31.87	32.41	3552400.00
2005-05-03	32.46	33.00	32.41	32.87	5701800.00
2005-05-04	33.00	33.27	32.74	33.15	5656500.00
2005-05-05	33.06	33.36	32.89	33.25	3436200.00
2005-05-06	33.32	33.55	33.09	33.11	4744800.00
2005-05-09	33.05	33.05	32.70	32.87	3696600.00
2005-05-10	32.68	32.81	32.50	32.53	3303900.00
2005-05-11	32.34	32.66	32.24	32.53	2655700.00
2005-05-12	32.58	33.05	32.56	32.77	2666700.00
2005-05-13	32.46	32.79	32.23	32.53	3003400.00
2005-05-16	32.63	33.05	32.56	32.89	2011500.00
2005-05-17	32.90	33.01	32.61	32.98	1858300.00
2005-05-18	33.22	33.63	33.18	33.42	5411500.00
2005-05-19	33.56	33.68	33.00	33.19	3866200.00
2005-05-20	33.17	33.17	32.45	32.61	5058200.00
2005-05-23	32.50	32.93	32.31	32.51	2943400.00
2005-05-24	32.14	32.83	32.14	32.46	2715500.00
2005-05-25	32.53	32.69	32.28	32.50	2958400.00
2005-05-26	32.54	32.92	32.52	32.72	2621000.00
2005-05-27	32.66	32.81	32.42	32.69	2330900.00
2005-05-31	32.70	32.79	32.26	32.28	3970200.00
2005-06-01	32.28	32.54	32.11	32.36	3177700.00
2005-06-02	32.23	32.30	32.11	32.22	1737200.00
2005-06-03	32.19	32.30	31.92	31.92	3358800.00
2005-06-06	31.97	32.24	31.82	31.94	2193900.00
2005-06-07	32.19	32.63	31.92	31.92	3272500.00
2005-06-08	32.11	32.14	31.61	31.76	3352200.00
2005-06-09	31.83	31.97	31.53	31.60	3242300.00
2005-06-10	31.77	31.89	31.42	31.55	2319500.00
2005-06-13	31.56	31.91	31.28	31.73	2349900.00
2005-06-14	31.68	32.11	31.62	31.92	2494900.00
2005-06-15	32.07	32.09	31.46	31.76	2178400.00
2005-06-16	31.99	32.42	31.89	32.31	3382800.00
2005-06-17	32.62	32.66	32.23	32.40	3758100.00
2005-06-20	32.22	32.42	31.99	32.14	3087500.00
2005-06-21	32.14	32.41	32.10	32.18	2350100.00
2005-06-22	32.22	32.40	32.03	32.29	2413400.00
2005-06-23	32.22	32.36	31.85	31.85	2511500.00
2005-06-24	31.78	31.80	31.50	31.51	2574400.00
2005-06-27	31.34	31.54	31.16	31.25	2571400.00
2005-06-28	31.45	31.50	31.06	31.37	3142600.00
2005-06-29	31.46	31.47	31.16	31.17	2747900.00
2005-06-30	31.27	31.28	30.74	30.85	4200600.00
2005-07-01	30.85	30.99	30.57	30.68	2667600.00
2005-07-05	30.53	30.93	30.46	30.85	2325900.00
2005-07-06	30.87	31.08	30.52	30.80	2907600.00
2005-07-07	30.31	30.67	30.31	30.57	3977200.00
2005-07-08	30.68	31.22	30.56	31.14	3461600.00
2005-07-11	31.39	31.41	31.15	31.35	2572200.00
2005-07-12	31.34	31.47	31.04	31.25	3740900.00
2005-07-13	31.15	31.28	31.04	31.22	2534700.00
2005-07-14	31.21	31.56	31.16	31.53	2977700.00
2005-07-15	31.34	31.63	31.24	31.37	4452000.00
2005-07-18	31.35	31.49	31.14	31.45	1961400.00
2005-07-19	31.64	31.73	31.35	31.40	2879100.00
2005-07-20	31.47	31.78	31.37	31.70	2964600.00
2005-07-21	31.15	31.46	31.01	31.14	6380400.00
2005-07-22	30.87	31.00	30.34	30.45	6476600.00
2005-07-25	30.54	30.61	30.18	30.31	3821500.00
2005-07-26	30.41	30.45	30.09	30.10	2549400.00
2005-07-27	30.12	30.53	30.10	30.40	3047000.00
2005-07-28	30.65	30.88	30.44	30.70	2903400.00
2005-07-29	30.99	31.29	30.95	31.18	5133200.00
2005-08-01	31.19	31.56	31.17	31.39	4310100.00
2005-08-02	31.12	31.16	30.84	31.01	7288000.00
2005-08-03	30.76	30.87	30.21	30.42	6182200.00
2005-08-04	30.31	30.42	29.77	29.84	5871800.00
2005-08-05	29.87	29.89	29.34	29.59	5420700.00
2005-08-08	29.60	29.67	29.26	29.40	3809100.00
2005-08-09	29.48	29.94	29.43	29.81	3490500.00
2005-08-10	29.91	30.13	29.72	29.84	3459200.00
2005-08-11	30.04	30.04	29.83	29.91	3211800.00
2005-08-12	29.75	29.93	29.67	29.78	2238900.00
2005-08-15	29.80	29.85	29.55	29.58	2237600.00
2005-08-16	29.63	29.68	29.35	29.40	3796600.00
2005-08-17	29.36	29.68	29.19	29.43	3847000.00
2005-08-18	29.31	29.36	28.98	29.29	3944500.00
2005-08-19	29.61	29.62	29.25	29.31	3906700.00
2005-08-22	29.44	29.66	29.17	29.39	3117400.00
2005-08-23	29.83	30.18	29.74	29.95	8028400.00
2005-08-24	30.01	30.14	29.66	29.77	4620200.00
2005-08-25	29.67	29.90	29.59	29.83	3425200.00
2005-08-26	29.83	29.92	29.44	29.78	4038700.00
2005-08-29	29.79	30.21	29.68	30.13	3023100.00
2005-08-30	30.05	30.17	29.86	30.15	3803600.00
2005-08-31	30.15	30.71	30.11	30.68	5710800.00
2005-09-01	30.52	30.65	30.21	30.40	3396800.00
2005-09-02	30.56	30.66	30.36	30.53	2571200.00
2005-09-06	30.67	31.02	30.63	31.02	2755300.00
2005-09-07	31.03	31.43	30.96	31.43	3631400.00
2005-09-08	31.23	31.58	31.15	31.48	3879100.00
2005-09-09	31.55	31.75	31.38	31.63	2114500.00
2005-09-12	31.55	31.83	31.52	31.76	2292400.00
2005-09-13	31.59	31.59	30.91	30.96	3936500.00
2005-09-14	31.00	31.20	30.75	30.92	2627600.00
2005-09-15	30.92	30.96	30.52	30.62	2753200.00
2005-09-16	30.71	30.81	30.61	30.78	6656400.00
2005-09-19	30.64	30.67	30.37	30.53	3310100.00
2005-09-20	30.51	30.60	30.16	30.17	4745800.00
2005-09-21	29.94	30.20	29.88	29.94	3911400.00
2005-09-22	29.93	30.25	29.93	30.08	3572700.00
2005-09-23	30.11	30.23	29.92	29.99	2082100.00
2005-09-26	30.11	30.33	29.34	29.71	4467400.00
2005-09-27	29.71	29.99	29.54	29.87	3196700.00
2005-09-28	29.80	30.09	29.65	29.82	3780500.00
2005-09-29	29.83	30.31	29.69	30.27	3882200.00
2005-09-30	30.07	30.11	29.78	29.84	4593000.00
2005-10-03	29.78	30.05	29.47	29.51	3111300.00
2005-10-04	29.49	30.05	29.47	29.89	4017500.00
2005-10-05	29.89	30.25	29.85	29.97	4561000.00
2005-10-06	29.96	30.33	29.85	30.12	6577400.00
2005-10-07	30.11	30.17	29.73	29.78	4114400.00
2005-10-10	29.64	29.70	29.26	29.51	3601800.00
2005-10-11	29.40	29.53	29.05	29.06	4292000.00
2005-10-12	29.19	29.41	28.96	29.10	4044200.00
2005-10-13	28.77	29.46	28.73	29.30	4638400.00
2005-10-14	29.22	29.68	29.00	29.34	3397700.00
2005-10-17	29.16	29.20	28.63	28.73	8623700.00
2005-10-18	28.44	29.02	28.44	28.79	6137400.00
2005-10-19	28.58	28.79	28.49	28.77	6039500.00
2005-10-20	28.72	28.91	28.41	28.58	7670700.00
2005-10-21	28.82	28.83	28.15	28.27	6064300.00
2005-10-24	28.27	28.48	28.16	28.32	7370500.00
2005-10-25	28.31	28.32	27.81	28.05	7503000.00
2005-10-26	28.19	28.29	28.08	28.10	4830000.00
2005-10-27	28.16	28.19	27.86	27.88	2975600.00
2005-10-28	28.05	28.16	27.79	27.87	5316100.00
2005-10-31	28.00	28.03	27.71	27.76	6899700.00
2005-11-01	27.82	27.98	27.74	27.75	5187000.00
2005-11-02	27.77	27.90	27.71	27.82	3032500.00
2005-11-03	27.94	28.20	27.80	27.97	3443200.00
2005-11-04	28.09	28.40	28.00	28.34	3484400.00
2005-11-07	28.43	28.62	28.30	28.49	3678600.00
2005-11-08	28.50	28.97	28.43	28.82	5466300.00
2005-11-09	28.89	29.11	28.72	29.01	4241400.00
2005-11-10	29.07	29.15	28.71	28.87	3910000.00
2005-11-11	28.87	29.00	28.42	28.64	3137100.00
2005-11-14	29.21	29.21	28.16	28.20	3185000.00
2005-11-15	28.20	28.39	28.16	28.33	2565200.00
2005-11-16	28.29	28.31	27.93	27.97	3817800.00
2005-11-17	27.98	28.13	27.79	27.95	4004900.00
2005-11-18	28.50	28.51	27.89	28.28	3984000.00
2005-11-21	28.23	28.57	28.16	28.50	2826900.00
2005-11-22	28.31	28.50	28.17	28.43	3187800.00
2005-11-23	28.33	28.73	28.29	28.56	2847900.00
2005-11-25	28.61	28.65	28.37	28.39	1234800.00
2005-11-28	28.45	28.47	28.13	28.20	3447700.00
2005-11-29	28.31	28.46	28.09	28.11	3316500.00
2005-11-30	28.23	28.50	28.19	28.37	4093700.00
2005-12-01	28.53	29.18	28.51	28.93	5703800.00
2005-12-02	28.93	29.11	28.76	28.97	3676500.00
2005-12-05	28.89	29.06	28.62	28.91	3315100.00
2005-12-06	28.94	29.35	28.89	29.32	4333500.00
2005-12-07	29.21	29.88	29.15	29.74	5542000.00
2005-12-08	29.74	29.74	29.07	29.33	5048400.00
2005-12-09	30.56	30.89	29.94	30.00	10893900.00
2005-12-12	30.28	30.69	30.17	30.60	5061900.00
2005-12-13	30.78	31.35	30.74	31.29	5983600.00
2005-12-14	31.20	31.62	31.17	31.43	4802600.00
2005-12-15	31.54	31.71	31.46	31.61	4769200.00
2005-12-16	31.82	31.96	31.79	31.83	5681100.00
2005-12-19	32.38	32.72	32.19	32.35	7515600.00
2005-12-20	32.38	32.44	31.98	32.03	4233800.00
2005-12-21	32.30	32.43	32.02	32.02	3537500.00
2005-12-22	31.99	32.20	31.95	32.08	2874400.00
2005-12-23	31.96	32.49	31.90	32.41	3199300.00
2005-12-27	32.41	32.60	32.34	32.47	3129300.00
2005-12-28	32.47	32.56	32.24	32.44	2672600.00
2005-12-29	32.43	32.57	32.15	32.28	2599400.00
2005-12-30	31.99	32.02	31.74	31.79	2958800.00
2006-01-03	32.12	32.35	31.54	32.22	3957400.00
2006-01-04	32.29	32.44	31.95	32.06	3960200.00
2006-01-05	32.21	32.26	31.96	32.24	3140600.00
2006-01-06	32.41	32.65	32.07	32.48	3119300.00
2006-01-09	32.51	33.06	32.43	32.90	2952400.00
2006-01-10	32.83	33.14	32.34	32.68	3468500.00
2006-01-11	32.78	32.78	32.36	32.68	1910500.00
2006-01-12	32.74	32.97	32.34	32.55	2706000.00
2006-01-13	32.64	32.86	32.47	32.55	3182900.00
2006-01-17	32.33	32.55	32.08	32.17	3369200.00
2006-01-18	32.14	32.14	31.79	31.99	3160600.00
2006-01-19	32.24	32.47	31.92	32.12	3610600.00
2006-01-20	32.10	32.22	31.85	31.96	5040100.00
2006-01-23	32.06	32.33	32.02	32.14	3364600.00
2006-01-24	32.31	32.52	31.87	32.08	3718400.00
2006-01-25	32.21	32.46	32.10	32.11	4855800.00
2006-01-26	32.30	32.38	31.96	31.98	6852500.00
2006-01-27	31.90	32.41	31.87	32.33	6860800.00
2006-01-30	32.39	32.48	32.14	32.23	3114400.00
2006-01-31	32.10	32.11	31.46	31.80	6509300.00
2006-02-01	31.65	32.02	31.47	31.96	4030600.00
2006-02-02	31.90	32.09	31.52	31.62	3407900.00
2006-02-03	31.42	31.66	31.29	31.38	4062200.00
2006-02-06	31.32	31.37	30.94	31.13	2785700.00
2006-02-07	31.03	31.21	30.67	30.88	3169500.00
2006-02-08	30.80	31.39	30.80	31.29	2623200.00
2006-02-09	31.29	31.92	31.20	31.62	5236500.00
2006-02-10	31.70	31.79	31.32	31.56	3018200.00
2006-02-13	31.56	31.58	31.06	31.31	2859100.00
2006-02-14	31.42	31.57	31.01	31.39	4020100.00
2006-02-15	31.47	31.88	31.26	31.69	2672600.00
2006-02-16	31.70	31.93	31.36	31.88	3050700.00
2006-02-17	31.95	31.96	31.40	31.59	2872700.00
2006-02-21	31.50	31.74	31.37	31.40	2678400.00
2006-02-22	31.57	31.85	31.47	31.74	2446800.00
2006-02-23	31.62	31.66	31.37	31.64	2612000.00
2006-02-24	31.77	31.85	31.57	31.69	2495400.00
2006-02-27	31.63	32.29	31.63	32.09	2480300.00
2006-02-28	32.17	32.19	31.37	31.47	4674700.00
2006-03-01	31.32	31.65	31.03	31.62	3502800.00
2006-03-02	31.62	31.70	31.44	31.54	2350000.00
2006-03-03	31.40	31.89	31.34	31.52	2319800.00
2006-03-06	31.68	32.13	31.56	31.96	4022900.00
2006-03-07	31.96	32.24	31.91	32.03	3413200.00
2006-03-08	31.96	32.54	31.95	32.45	4251000.00
2006-03-09	32.76	32.76	32.17	32.29	3366400.00
2006-03-10	32.51	32.59	32.19	32.39	3524300.00
2006-03-13	32.55	32.61	32.29	32.38	2406300.00
2006-03-14	32.29	32.65	32.16	32.56	3543700.00
2006-03-15	32.42	32.47	31.94	32.23	4035800.00
2006-03-16	32.37	32.46	32.12	32.38	2526400.00
2006-03-17	32.54	32.56	32.21	32.30	3432600.00
2006-03-20	32.69	32.80	32.45	32.48	3008100.00
2006-03-21	32.64	32.73	32.39	32.42	2847700.00
2006-03-22	32.67	33.20	32.58	33.09	3656800.00
2006-03-23	32.97	33.02	32.59	32.84	2720900.00
2006-03-24	33.07	33.51	32.99	33.30	4281800.00
2006-03-27	33.30	33.36	32.93	33.19	3190700.00
2006-03-28	32.35	32.64	31.68	31.90	7624500.00
2006-03-29	31.73	31.86	31.26	31.86	6317400.00
2006-03-30	31.62	32.08	31.48	31.71	3525300.00
2006-03-31	31.62	31.83	31.23	31.29	5139100.00
2006-04-03	31.48	31.62	31.15	31.25	3928500.00
2006-04-04	31.23	31.35	30.91	31.21	5302500.00
2006-04-05	31.35	31.47	30.92	31.04	4407100.00
2006-04-06	31.12	31.23	30.70	30.82	3791500.00
2006-04-07	30.69	30.78	30.19	30.29	4515400.00
2006-04-10	30.32	30.40	30.02	30.19	2486700.00
2006-04-11	30.26	30.27	29.79	30.04	4454100.00
2006-04-12	29.86	30.33	29.70	30.22	3200100.00
2006-04-13	30.13	30.18	29.92	30.14	2174200.00
2006-04-17	30.16	30.16	29.66	29.99	3131500.00
2006-04-18	30.97	31.00	30.52	30.83	7040700.00
2006-04-19	31.00	31.00	30.72	30.92	4099900.00
2006-04-20	30.92	30.97	29.98	30.33	6309600.00
2006-04-21	30.38	30.38	29.78	29.94	5496700.00
2006-04-24	29.89	30.11	29.45	29.74	3766800.00
2006-04-25	29.88	29.88	29.40	29.54	2311600.00
2006-04-26	29.69	29.79	29.45	29.55	2697800.00
2006-04-27	28.81	30.00	28.81	29.84	3522100.00
2006-04-28	29.79	30.10	29.64	29.94	5074700.00
2006-05-01	29.71	29.96	29.49	29.59	3264700.00
2006-05-02	29.53	29.62	29.35	29.38	3541800.00
2006-05-03	29.40	29.55	29.33	29.40	3703600.00
2006-05-04	29.58	29.59	28.87	29.43	7296600.00
2006-05-05	29.66	30.01	29.44	29.95	3183900.00
2006-05-08	29.79	30.16	29.71	29.93	5091300.00
2006-05-09	29.84	29.89	29.40	29.53	3852000.00
2006-05-10	29.64	29.71	29.29	29.45	5319400.00
2006-05-11	29.34	29.64	29.10	29.14	6208300.00
2006-05-12	29.13	29.34	28.65	28.76	5770400.00
2006-05-15	28.79	29.54	28.76	29.51	5137100.00
2006-05-16	29.60	29.76	29.08	29.53	2970400.00
2006-05-17	29.33	29.65	28.88	29.08	4560700.00
2006-05-18	29.03	29.32	28.88	28.94	2728900.00
2006-05-19	29.10	29.10	28.80	29.08	3808400.00
2006-05-22	28.85	29.25	28.85	28.88	3154000.00
2006-05-23	28.80	28.90	28.61	28.74	3252700.00
2006-05-24	28.75	29.05	28.68	28.93	4289700.00
2006-05-25	29.01	29.49	28.93	29.43	4321600.00
2006-05-26	29.63	29.93	29.59	29.80	2989000.00
2006-05-30	29.76	29.93	29.24	29.33	3169400.00
2006-05-31	29.38	29.49	29.09	29.44	3547100.00
2006-06-01	29.43	29.68	29.18	29.64	3185900.00
2006-06-02	29.62	29.90	29.51	29.66	3368000.00
2006-06-05	29.47	29.63	29.22	29.28	3717500.00
2006-06-06	29.42	29.45	28.98	29.16	3745700.00
2006-06-07	29.17	29.61	29.10	29.48	3955300.00
2006-06-08	29.30	29.54	29.01	29.51	5038800.00
2006-06-09	29.50	29.70	29.33	29.50	2365400.00
2006-06-12	29.81	29.85	29.40	29.42	3112300.00
2006-06-13	29.53	29.78	29.38	29.42	3847000.00
2006-06-14	29.79	30.45	29.65	30.31	6665000.00
2006-06-15	30.52	30.87	30.40	30.81	4846100.00
2006-06-16	30.74	31.03	30.73	30.93	4044700.00
2006-06-19	31.06	31.11	30.93	31.07	3272100.00
2006-06-20	31.04	31.40	31.01	31.29	3745100.00
2006-06-21	31.19	31.35	31.08	31.20	3382000.00
2006-06-22	31.19	31.28	30.98	31.12	2529600.00
2006-06-23	30.99	31.04	30.67	30.96	2652600.00
2006-06-26	30.84	31.01	30.69	31.01	1951900.00
2006-06-27	30.92	30.92	30.34	30.48	3313900.00
2006-06-28	30.50	30.66	30.36	30.47	2317300.00
2006-06-29	30.56	31.19	30.50	31.09	3866900.00
2006-06-30	31.09	31.73	31.01	31.51	4833000.00
2006-07-03	31.60	31.87	31.51	31.74	1312600.00
2006-07-05	32.05	32.31	31.93	32.05	5506200.00
2006-07-06	31.98	32.40	31.98	32.31	2662500.00
2006-07-07	32.35	32.48	31.94	32.06	2356100.00
2006-07-10	32.13	32.24	31.91	32.08	1547500.00
2006-07-11	31.86	32.05	31.56	31.89	2715500.00
2006-07-12	32.01	32.10	31.64	31.71	1804500.00
2006-07-13	31.85	31.89	31.11	31.29	3619300.00
2006-07-14	31.14	31.50	30.96	31.11	3346600.00
2006-07-17	31.13	31.45	30.79	31.24	2938700.00
2006-07-18	31.15	31.47	30.97	31.34	2287600.00
2006-07-19	31.39	32.23	31.36	31.97	4101700.00
2006-07-20	32.10	32.43	32.04	32.07	2591200.00
2006-07-21	32.09	32.09	30.94	31.16	8222200.00
2006-07-24	31.18	32.18	31.08	31.93	4400300.00
2006-07-25	32.22	32.22	31.65	31.67	5980900.00
2006-07-26	31.50	31.77	31.36	31.65	3714200.00
2006-07-27	31.80	31.88	31.50	31.73	2258100.00
2006-07-28	31.92	32.60	31.87	32.45	4038300.00
2006-07-31	32.24	32.41	32.14	32.37	2980400.00
2006-08-01	32.15	32.31	31.88	32.09	2742800.00
2006-08-02	32.29	32.76	31.97	32.46	3771900.00
2006-08-03	32.44	32.75	32.25	32.29	2470100.00
2006-08-04	32.33	32.78	31.89	32.08	3157400.00
2006-08-07	32.15	32.15	31.44	31.69	3235300.00
2006-08-08	31.81	31.82	31.36	31.44	2725400.00
2006-08-09	31.61	31.96	31.27	31.36	3701100.00
2006-08-10	31.40	31.65	31.21	31.52	3845800.00
2006-08-11	31.48	31.51	30.91	31.22	2738300.00
2006-08-14	31.33	31.52	31.19	31.25	2694600.00
2006-08-15	31.65	31.86	31.48	31.75	2718200.00
2006-08-16	32.00	32.08	31.84	31.91	2322500.00
2006-08-17	31.79	32.21	31.72	32.13	2972600.00
2006-08-18	31.64	31.68	30.97	31.60	6831300.00
2006-08-21	31.58	31.75	31.39	31.52	2789800.00
2006-08-22	31.44	31.57	31.24	31.57	2566300.00
2006-08-23	31.69	31.85	31.45	31.61	2418500.00
2006-08-24	31.61	31.88	31.56	31.72	2289400.00
2006-08-25	31.54	31.64	31.38	31.62	2255000.00
2006-08-28	31.58	32.30	31.58	32.07	2783800.00
2006-08-29	32.14	32.39	32.10	32.22	3289200.00
2006-08-30	32.22	32.34	32.04	32.19	3539300.00
2006-08-31	32.25	32.27	32.12	32.12	2628600.00
2006-09-01	32.16	32.27	31.92	32.16	3722400.00
2006-09-05	32.29	32.30	31.83	32.00	2510300.00
2006-09-06	31.87	31.89	31.56	31.80	2813900.00
2006-09-07	31.80	31.84	31.42	31.51	2080100.00
2006-09-08	31.63	31.88	31.38	31.73	2339300.00
2006-09-11	31.53	31.71	30.99	31.16	7760100.00
2006-09-12	31.50	31.91	31.42	31.67	7589300.00
2006-09-13	31.81	31.95	31.53	31.71	4589700.00
2006-09-14	31.47	31.69	31.47	31.58	4584300.00
2006-09-15	31.72	31.87	31.28	31.47	18261400.00
2006-09-18	31.46	31.79	31.46	31.67	4754500.00
2006-09-19	31.76	31.76	31.41	31.60	3144800.00
2006-09-20	31.81	32.19	31.63	32.02	4909800.00
2006-09-21	32.27	32.51	32.05	32.14	4653100.00
2006-09-22	31.99	32.15	31.81	32.12	2513100.00
2006-09-25	32.22	32.64	32.00	32.49	4091400.00
2006-09-26	32.56	32.77	32.27	32.65	4049900.00
2006-09-27	32.52	32.85	32.50	32.74	3003700.00
2006-09-28	32.91	32.93	32.58	32.92	2709800.00
2006-09-29	32.16	32.88	32.03	32.73	6465300.00
2006-10-02	32.62	32.81	32.45	32.61	3143500.00
2006-10-03	32.62	32.87	32.48	32.56	2891200.00
2006-10-04	32.45	33.27	32.45	33.08	6750400.00
2006-10-05	33.08	33.25	32.84	33.17	3671800.00
2006-10-06	33.00	33.12	32.78	33.05	3339200.00
2006-10-09	32.96	33.15	32.89	33.03	1518000.00
2006-10-10	32.96	33.05	32.63	32.88	2821600.00
2006-10-11	32.78	32.87	32.58	32.77	3794300.00
2006-10-12	32.77	33.16	32.73	33.05	4319400.00
2006-10-13	32.87	32.99	32.74	32.95	2776600.00
2006-10-16	32.95	33.21	32.88	33.11	2493300.00
2006-10-17	33.00	33.31	32.74	33.05	3237000.00
2006-10-18	33.16	33.58	33.12	33.45	4699800.00
2006-10-19	32.88	33.43	32.63	33.01	6121600.00
2006-10-20	33.00	33.03	32.46	32.87	4776100.00
2006-10-23	32.66	33.34	32.59	33.26	3885100.00
2006-10-24	33.05	33.21	32.95	33.18	3748200.00
2006-10-25	33.16	33.25	32.89	33.01	3309300.00
2006-10-26	32.86	33.16	32.62	32.90	3936400.00
2006-10-27	32.68	32.93	32.50	32.75	4214000.00
2006-10-30	32.68	32.80	32.33	32.34	3780700.00
2006-10-31	32.50	32.54	32.12	32.16	3847000.00
2006-11-01	32.30	32.35	31.95	32.15	5348100.00
2006-11-02	32.16	32.53	32.13	32.37	5291100.00
2006-11-03	32.27	32.41	32.13	32.21	3159700.00
2006-11-06	32.21	32.57	32.10	32.54	3601000.00
2006-11-07	32.59	33.01	32.46	32.72	5023700.00
2006-11-08	32.42	32.57	32.00	32.43	5708300.00
2006-11-09	32.34	32.36	31.35	31.51	11254400.00
2006-11-10	31.51	31.64	30.98	31.09	5895200.00
2006-11-13	31.17	31.50	31.02	31.28	5647000.00
2006-11-14	31.37	31.37	30.87	31.15	7396500.00
2006-11-15	31.24	31.58	31.13	31.46	6522900.00
2006-11-16	31.07	31.70	31.07	31.57	5852800.00
2006-11-17	31.57	31.82	31.41	31.56	6100500.00
2006-11-20	31.39	31.58	31.20	31.46	4203900.00
2006-11-21	31.33	31.46	31.04	31.27	5901500.00
2006-11-22	31.15	31.39	31.13	31.26	3452500.00
2006-11-24	31.18	31.41	31.11	31.18	1668000.00
2006-11-27	31.13	31.28	30.89	31.00	4973300.00
2006-11-28	30.88	31.40	30.88	31.08	4695800.00
2006-11-29	31.21	31.44	31.10	31.26	3561100.00
2006-11-30	31.21	31.36	30.92	31.00	4946800.00
2006-12-01	30.92	31.08	30.80	30.89	4248000.00
2006-12-04	31.00	31.28	30.84	31.26	4569700.00
2006-12-05	31.37	31.70	31.06	31.65	5445100.00
2006-12-06	31.49	31.77	31.30	31.74	4757900.00
2006-12-07	31.30	31.59	31.14	31.24	5768500.00
2006-12-08	31.13	31.31	31.01	31.24	4338200.00
2006-12-11	31.18	31.33	31.10	31.23	3309800.00
2006-12-12	31.29	31.32	30.98	31.18	3704000.00
2006-12-13	31.35	31.36	30.94	31.06	4259400.00
2006-12-14	31.00	31.35	31.00	31.22	3035200.00
2006-12-15	31.24	31.57	31.10	31.54	6476300.00
2006-12-18	31.00	31.27	30.62	30.80	10482100.00
2006-12-19	30.59	30.66	30.28	30.44	8798300.00
2006-12-20	30.37	30.58	30.25	30.32	5643800.00
2006-12-21	30.15	30.32	29.90	29.96	7315800.00
2006-12-22	30.02	30.03	29.58	29.71	8505200.00
2006-12-26	29.74	30.55	29.65	29.96	12240000.00
2006-12-27	30.08	30.26	29.74	30.08	6117400.00
2006-12-28	29.96	30.13	29.92	30.09	3394100.00
2006-12-29	29.93	30.21	29.92	30.14	4311300.00
2007-01-03	30.34	30.59	30.04	30.23	10305500.00
2007-01-04	30.08	30.38	30.03	30.29	6827100.00
2007-01-05	30.39	30.42	30.01	30.11	4114400.00
2007-01-08	30.21	30.21	29.94	29.97	3804200.00
2007-01-09	30.11	30.14	29.94	29.99	6272000.00
2007-01-10	29.85	29.99	29.84	29.89	3400300.00
2007-01-11	29.95	30.28	29.89	30.22	4432200.00
2007-01-12	30.32	30.62	30.24	30.43	5533100.00
2007-01-16	30.55	30.60	30.38	30.59	4181300.00
2007-01-17	30.59	30.76	30.40	30.58	5018000.00
2007-01-18	30.43	30.78	30.43	30.69	3943000.00
2007-01-19	30.84	30.92	30.56	30.64	3837200.00
2007-01-22	30.41	30.73	30.39	30.51	5872300.00
2007-01-23	30.58	30.63	30.36	30.46	4397700.00
2007-01-24	30.51	30.89	30.48	30.85	3934000.00
2007-01-25	30.78	30.84	30.58	30.74	5061100.00
2007-01-26	30.69	30.92	30.43	30.54	3966100.00
2007-01-29	30.60	30.66	30.40	30.58	3472700.00
2007-01-30	30.59	30.66	30.43	30.51	2671200.00
2007-01-31	30.49	31.46	30.40	31.31	10521200.00
2007-02-01	31.62	31.84	31.53	31.69	6648100.00
2007-02-02	31.63	31.69	31.46	31.59	4973400.00
2007-02-05	31.49	31.66	31.26	31.63	5090500.00
2007-02-06	31.59	31.72	31.47	31.61	4486200.00
2007-02-07	31.65	31.69	31.44	31.48	4679100.00
2007-02-08	31.27	31.66	31.27	31.36	3124600.00
2007-02-09	31.36	31.65	31.31	31.37	3591600.00
2007-02-12	31.68	31.68	31.37	31.48	3300400.00
2007-02-13	31.71	31.78	31.52	31.65	3356500.00
2007-02-14	31.70	32.01	31.62	31.99	3773400.00
2007-02-15	31.98	32.13	31.92	32.05	3092000.00
2007-02-16	31.93	32.09	31.82	32.06	3680800.00
2007-02-20	32.09	32.19	31.93	32.05	3228800.00
2007-02-21	31.87	31.95	31.70	31.79	3370600.00
2007-02-22	31.84	31.84	31.49	31.57	3344100.00
2007-02-23	31.49	31.70	31.34	31.61	3380500.00
2007-02-26	31.76	31.87	31.63	31.72	3847900.00
2007-02-27	31.32	31.79	30.66	30.90	8073700.00
2007-02-28	31.21	31.21	30.50	30.67	7682500.00
2007-03-01	30.33	30.62	30.26	30.47	6262800.00
2007-03-02	30.40	30.43	30.15	30.19	6537200.00
2007-03-05	30.02	30.38	29.86	30.11	7562800.00
2007-03-06	30.18	30.48	30.06	30.46	5054300.00
2007-03-07	30.36	30.58	30.12	30.24	4844600.00
2007-03-08	30.39	30.55	30.32	30.53	3296500.00
2007-03-09	30.64	30.86	30.54	30.67	5052100.00
2007-03-12	30.55	30.93	30.47	30.79	3643200.00
2007-03-13	30.54	30.83	30.32	30.36	5432200.00
2007-03-14	30.47	30.50	29.94	30.26	5342900.00
2007-03-15	30.18	30.37	30.05	30.35	3769600.00
2007-03-16	30.41	30.57	30.20	30.43	6181800.00
2007-03-19	30.46	30.74	30.39	30.72	3265300.00
2007-03-20	30.67	30.83	30.54	30.77	3532300.00
2007-03-21	30.70	31.43	30.70	31.38	6668200.00
2007-03-22	30.90	31.65	30.90	31.59	4229700.00
2007-03-23	31.48	31.62	31.13	31.38	3956100.00
2007-03-26	31.19	31.46	31.02	31.32	5206300.00
2007-03-27	31.14	31.25	30.94	31.06	4548400.00
2007-03-28	31.07	31.11	30.68	30.91	5457700.00
2007-03-29	31.02	31.22	30.75	31.14	5333000.00
2007-03-30	31.20	31.53	31.02	31.32	3728100.00
2007-04-02	31.46	31.77	31.43	31.71	6021300.00
2007-04-03	31.57	32.02	31.55	31.92	4308200.00
2007-04-04	31.87	32.21	31.78	32.16	4346000.00
2007-04-05	32.16	32.43	32.11	32.35	2997000.00
2007-04-09	32.32	32.50	32.23	32.41	2295500.00
2007-04-10	32.32	32.50	32.27	32.47	2985200.00
2007-04-11	32.49	32.50	32.24	32.41	3776900.00
2007-04-12	32.42	32.71	32.36	32.62	4002300.00
2007-04-13	32.79	33.24	32.77	33.17	6485200.00
2007-04-16	33.64	34.10	33.24	34.05	10756500.00
2007-04-17	34.05	34.46	34.02	34.33	9278900.00
2007-04-18	34.15	34.61	34.08	34.48	6871500.00
2007-04-19	34.46	35.15	34.20	35.00	9921500.00
2007-04-20	35.18	35.57	35.02	35.31	9630000.00
2007-04-23	35.11	35.15	34.56	34.77	7704300.00
2007-04-24	34.41	34.69	34.34	34.57	5043500.00
2007-04-25	34.75	34.77	34.47	34.70	4655800.00
2007-04-26	34.33	34.92	34.33	34.83	6101200.00
2007-04-27	34.41	34.81	34.40	34.76	2967600.00
2007-04-30	34.97	34.97	34.36	34.48	5198200.00
2007-05-01	34.47	34.63	34.26	34.34	7409300.00
2007-05-02	34.40	34.69	34.27	34.50	4561500.00
2007-05-03	34.67	34.75	34.39	34.48	4140300.00
2007-05-04	34.46	34.83	34.36	34.72	6180400.00
2007-05-07	34.72	34.96	34.72	34.82	4577200.00
2007-05-08	34.78	34.97	34.67	34.89	8457300.00
2007-05-09	34.74	34.86	34.63	34.84	4803800.00
2007-05-10	34.68	34.74	34.19	34.23	6166400.00
2007-05-11	34.48	34.48	34.01	34.32	7569800.00
2007-05-14	34.32	34.86	34.32	34.78	4713200.00
2007-05-15	34.75	35.01	34.70	34.79	4076700.00
2007-05-16	34.81	34.93	34.58	34.72	3938700.00
2007-05-17	34.48	34.75	34.46	34.67	2789700.00
2007-05-18	34.72	35.00	34.65	34.87	3042100.00
2007-05-21	34.89	35.18	34.77	35.02	6823500.00
2007-05-22	35.24	35.24	34.89	34.96	3095700.00
2007-05-23	34.96	35.09	34.82	34.89	2914100.00
2007-05-24	35.18	35.18	34.70	34.77	3900900.00
2007-05-25	34.42	34.95	34.42	34.87	1821600.00
2007-05-29	34.83	34.97	34.54	34.92	3201700.00
2007-05-30	34.66	34.81	34.37	34.79	5105800.00
2007-05-31	34.80	34.88	34.29	34.43	5378500.00
2007-06-01	34.50	34.63	34.31	34.62	3851300.00
2007-06-04	34.62	34.79	34.50	34.75	4873700.00
2007-06-05	34.76	34.78	34.50	34.65	5278100.00
2007-06-06	34.51	34.77	34.15	34.24	5925400.00
2007-06-07	34.12	34.16	33.31	33.44	12166200.00
2007-06-08	33.37	33.57	33.13	33.49	6994900.00
2007-06-11	33.52	33.88	33.36	33.66	4952000.00
2007-06-12	33.41	33.64	33.24	33.35	4326900.00
2007-06-13	33.44	33.67	33.11	33.44	5704000.00
2007-06-14	33.51	33.93	33.36	33.70	4829700.00
2007-06-15	34.07	34.22	33.78	33.90	4939200.00
2007-06-18	33.90	34.07	33.61	33.72	3045200.00
2007-06-19	33.78	34.01	33.71	33.92	4120800.00
2007-06-20	33.82	34.03	33.30	33.34	4817200.00
2007-06-21	33.44	33.44	32.95	33.37	4107000.00
2007-06-22	33.28	33.34	32.64	32.77	5704300.00
2007-06-25	33.03	33.10	32.48	32.59	5931300.00
2007-06-26	32.80	32.94	32.53	32.82	4988000.00
2007-06-27	32.55	33.13	32.54	33.08	5067200.00
2007-06-28	33.11	33.30	32.95	33.00	3416800.00
2007-06-29	32.90	33.13	32.61	32.82	4410400.00
2007-07-02	33.03	33.32	32.95	33.32	3610900.00
2007-07-03	33.46	33.48	33.21	33.36	1495700.00
2007-07-05	33.37	33.46	33.13	33.22	2675700.00
2007-07-06	33.28	33.34	33.01	33.27	3312100.00
2007-07-09	33.35	33.41	32.89	32.92	5284200.00
2007-07-10	32.72	32.92	32.55	32.56	4202000.00
2007-07-11	32.47	32.79	32.39	32.75	3505200.00
2007-07-12	32.77	33.43	32.68	33.36	4293000.00
2007-07-13	33.54	33.57	33.20	33.43	2894100.00
2007-07-16	33.27	33.66	33.27	33.41	3603200.00
2007-07-17	33.28	33.36	33.01	33.13	4295800.00
2007-07-18	33.01	33.04	32.75	32.92	5418300.00
2007-07-19	33.01	33.18	32.78	33.11	4696900.00
2007-07-20	32.75	33.21	32.75	32.91	6857900.00
2007-07-23	33.14	33.64	33.07	33.58	5888100.00
2007-07-24	34.13	34.62	33.57	33.58	10908500.00
2007-07-25	33.48	34.50	33.48	34.32	7315500.00
2007-07-26	34.01	34.18	33.15	33.30	8365400.00
2007-07-27	33.18	33.24	32.31	32.32	6353800.00
2007-07-30	32.27	32.34	31.86	32.17	5848100.00
2007-07-31	32.42	32.45	31.70	31.77	8272900.00
2007-08-01	31.48	32.15	31.44	31.83	6246400.00
2007-08-02	31.85	32.26	31.76	32.07	5113400.00
2007-08-03	32.09	32.47	31.77	31.79	5586200.00
2007-08-06	31.88	33.05	31.79	33.02	7400000.00
2007-08-07	32.80	33.67	32.79	33.20	7510100.00
2007-08-08	33.36	34.32	33.24	34.30	6724600.00
2007-08-09	34.20	34.67	33.80	33.98	8511800.00
2007-08-10	34.28	34.42	33.37	33.57	8071300.00
2007-08-13	33.55	33.85	33.32	33.69	4004700.00
2007-08-14	33.76	33.76	32.67	32.81	5378900.00
2007-08-15	32.81	33.16	32.49	32.65	4974600.00
2007-08-16	32.29	32.63	31.77	32.45	8893600.00
2007-08-17	32.85	33.17	32.47	33.03	6827500.00
2007-08-20	33.01	33.14	32.49	32.92	4859100.00
2007-08-21	32.84	32.92	32.43	32.71	4815500.00
2007-08-22	33.01	33.04	32.56	32.98	4696500.00
2007-08-23	33.13	33.14	32.87	33.06	2757700.00
2007-08-24	33.09	33.50	32.84	33.50	5599500.00
2007-08-27	33.39	33.51	33.32	33.37	3104400.00
2007-08-28	33.30	33.43	33.04	33.20	5497400.00
2007-08-29	33.22	33.36	32.92	33.33	5931500.00
2007-08-30	33.17	33.69	33.10	33.53	4664500.00
2007-08-31	33.69	34.01	33.63	33.94	5654600.00
2007-09-04	33.93	34.45	33.78	34.40	5677500.00
2007-09-05	34.26	34.26	33.79	33.90	4765200.00
2007-09-06	34.08	34.16	33.80	34.00	4073700.00
2007-09-07	33.65	33.93	33.14	33.24	5972700.00
2007-09-10	33.50	33.52	33.02	33.22	4413200.00
2007-09-11	33.29	33.59	33.10	33.49	4067400.00
2007-09-12	33.40	33.81	33.30	33.76	4309900.00
2007-09-13	34.00	34.14	33.74	33.84	4756300.00
2007-09-14	33.68	33.83	33.47	33.62	4993000.00
2007-09-17	33.63	33.63	32.83	33.11	4384500.00
2007-09-18	33.21	33.88	33.07	33.81	4074900.00
2007-09-19	33.91	34.32	33.60	34.04	5495700.00
2007-09-20	34.04	34.11	33.78	33.78	3676300.00
2007-09-21	34.03	34.29	33.78	34.10	4892100.00
2007-09-24	34.26	34.43	33.88	34.04	3286500.00
2007-09-25	33.89	34.32	33.71	33.85	4537800.00
2007-09-26	34.06	34.33	33.92	33.97	5383700.00
2007-09-27	34.08	34.14	33.64	33.95	5710400.00
2007-09-28	33.84	33.98	33.58	33.69	4329200.00
2007-10-01	33.78	34.62	33.75	34.49	5629900.00
2007-10-02	34.55	34.66	34.30	34.57	2889400.00
2007-10-03	34.35	35.00	34.23	34.84	4101300.00
2007-10-04	34.85	35.16	34.85	34.89	4869200.00
2007-10-05	35.09	35.40	35.00	35.19	3760800.00
2007-10-08	35.07	35.16	34.86	34.91	2690300.00
2007-10-09	34.88	35.02	34.62	34.65	4175100.00
2007-10-10	34.64	34.85	34.44	34.56	4350000.00
2007-10-11	34.57	34.84	34.43	34.53	5115700.00
2007-10-12	34.53	34.78	34.31	34.64	2865400.00
2007-10-15	34.69	34.81	34.22	34.29	5585000.00
2007-10-16	34.29	34.29	33.72	33.82	6512400.00
2007-10-17	33.95	34.21	33.49	33.70	6062200.00
2007-10-18	33.79	33.98	33.30	33.52	8366700.00
2007-10-19	33.38	33.83	33.06	33.17	5634500.00
2007-10-22	33.04	33.48	32.98	33.19	5161000.00
2007-10-23	33.38	33.81	33.20	33.81	4417300.00
2007-10-24	33.43	33.58	32.87	33.23	5975500.00
2007-10-25	30.86	31.37	30.65	31.03	22843100.00
2007-10-26	31.08	31.22	30.79	31.17	9437100.00
2007-10-29	31.19	31.95	31.19	31.67	9798600.00
2007-10-30	31.47	32.01	31.42	31.77	5856400.00
2007-10-31	31.85	32.20	31.54	32.04	9714200.00
2007-11-01	31.75	31.95	31.13	31.23	8103300.00
2007-11-02	31.42	31.66	31.08	31.17	11851300.00
2007-11-05	31.40	31.42	30.56	30.87	12322500.00
2007-11-06	30.89	31.15	30.77	31.06	7184400.00
2007-11-07	30.79	31.11	30.45	30.49	5961700.00
2007-11-08	30.53	30.75	30.28	30.55	8351900.00
2007-11-09	30.28	30.82	30.10	30.48	6833200.00
2007-11-12	30.49	31.32	30.33	31.07	6991600.00
2007-11-13	31.27	31.53	30.94	31.40	8527800.00
2007-11-14	31.47	31.96	31.38	31.64	6561200.00
2007-11-15	31.45	31.61	30.99	31.06	6006300.00
2007-11-16	31.21	31.38	30.64	30.91	6753200.00
2007-11-19	30.65	30.83	30.09	30.29	8647500.00
2007-11-20	30.40	30.42	29.75	30.04	6083400.00
2007-11-21	29.85	29.99	29.29	29.29	5995000.00
2007-11-23	29.79	30.32	29.54	30.30	2837200.00
2007-11-26	30.38	30.40	29.53	29.63	4981000.00
2007-11-27	29.73	30.49	29.58	30.37	6762700.00
2007-11-28	30.54	31.22	30.19	31.18	6086900.00
2007-11-29	31.02	31.68	30.93	31.49	6583800.00
2007-11-30	31.33	31.80	31.33	31.59	5926500.00
2007-12-03	31.51	31.59	31.15	31.34	4885700.00
2007-12-04	31.21	31.34	30.87	31.09	5450600.00
2007-12-05	31.44	32.09	31.23	31.91	4862700.00
2007-12-06	32.66	32.66	31.88	32.17	6523100.00
2007-12-07	32.54	32.60	32.05	32.39	4464800.00
2007-12-10	32.42	32.78	32.28	32.68	4606700.00
2007-12-11	32.67	33.01	32.22	32.25	5713500.00
2007-12-12	32.34	32.69	32.01	32.26	7299400.00
2007-12-13	32.04	32.38	31.91	32.32	5670200.00
2007-12-14	32.14	32.32	31.95	32.04	5029400.00
2007-12-17	31.91	32.17	31.59	31.73	4799000.00
2007-12-18	31.90	32.33	31.72	31.91	9406900.00
2007-12-19	31.85	32.06	31.45	31.73	6350400.00
2007-12-20	31.89	31.92	31.67	31.76	5556700.00
2007-12-21	31.98	32.39	31.86	32.35	7503300.00
2007-12-24	32.39	32.51	32.16	32.51	1468900.00
2007-12-26	32.34	32.45	32.20	32.40	2919600.00
2007-12-27	32.33	32.33	31.86	32.14	3369400.00
2007-12-28	32.05	32.30	32.04	32.25	3026600.00
2007-12-31	32.08	32.13	31.70	31.85	3970800.00
2008-01-02	31.89	32.08	31.15	31.35	5556800.00
2008-01-03	31.45	31.71	31.39	31.61	4513400.00
2008-01-04	31.34	31.52	30.83	30.90	6186500.00
2008-01-07	31.15	32.65	31.12	32.54	10376100.00
2008-01-08	32.70	34.14	32.46	33.44	12197900.00
2008-01-09	33.44	34.08	33.44	33.92	9577400.00
2008-01-10	33.74	34.08	33.45	33.92	6288300.00
2008-01-11	33.65	34.08	33.54	33.89	5360600.00
2008-01-14	34.14	34.32	33.94	34.11	5563800.00
2008-01-15	34.01	34.08	33.53	33.76	5884000.00
2008-01-16	33.59	34.11	33.37	33.45	7974400.00
2008-01-17	33.48	33.59	32.63	32.72	9679400.00
2008-01-18	32.63	32.87	31.86	32.04	10013600.00
2008-01-22	30.49	31.62	29.86	31.12	10933000.00
2008-01-23	30.27	31.15	29.95	31.13	8778300.00
2008-01-24	31.15	31.47	30.41	30.62	12998200.00
2008-01-25	30.86	30.87	30.05	30.27	9579100.00
2008-01-28	30.33	30.80	30.16	30.66	7076500.00
2008-01-29	31.57	31.57	31.03	31.21	9264300.00
2008-01-30	31.14	31.23	30.54	30.63	7358300.00
2008-01-31	30.22	30.88	30.08	30.66	9969700.00
2008-02-01	30.56	31.32	30.56	30.82	7374800.00
2008-02-04	30.83	31.24	30.65	31.07	4836400.00
2008-02-05	30.59	31.02	30.50	30.57	5440700.00
2008-02-06	30.72	30.89	30.33	30.66	4101300.00
2008-02-07	30.56	30.76	30.17	30.56	7153300.00
2008-02-08	30.46	30.46	29.83	29.97	4524200.00
2008-02-11	29.93	30.04	29.64	29.97	4222500.00
2008-02-12	30.20	30.56	30.01	30.44	5217700.00
2008-02-13	30.89	30.89	30.21	30.31	6503400.00
2008-02-14	30.26	30.31	29.87	30.09	5213600.00
2008-02-15	29.97	30.68	29.88	30.60	6480400.00
2008-02-19	30.68	30.86	30.20	30.29	5914800.00
2008-02-20	30.08	30.35	29.81	30.33	4290300.00
2008-02-21	30.49	30.59	29.89	30.00	5465000.00
2008-02-22	30.90	30.90	29.89	30.41	9059000.00
2008-02-25	30.37	30.94	30.24	30.89	5266900.00
2008-02-26	30.74	31.62	30.74	31.58	8059900.00
2008-02-27	31.33	31.51	31.04	31.21	3648600.00
2008-02-28	30.32	30.85	30.14	30.67	4396800.00
2008-02-29	30.39	30.53	29.91	30.12	6902600.00
2008-03-03	30.14	30.26	29.96	30.22	4099700.00
2008-03-04	30.00	30.24	29.95	30.11	5862500.00
2008-03-05	30.11	30.48	30.02	30.36	4520500.00
2008-03-06	30.15	30.26	29.90	29.91	4446400.00
2008-03-07	29.90	30.25	29.73	29.93	7275600.00
2008-03-10	29.93	30.59	29.52	29.76	7032700.00
2008-03-11	30.37	30.53	29.94	30.46	7442200.00
2008-03-12	30.47	30.54	29.90	29.97	5878900.00
2008-03-13	29.62	29.91	29.24	29.60	6655300.00
2008-03-14	29.76	29.76	28.50	28.79	8428300.00
2008-03-17	28.14	29.65	28.06	29.43	6847300.00
2008-03-18	29.82	30.06	29.38	30.06	5392200.00
2008-03-19	29.83	30.90	29.83	30.09	5758900.00
2008-03-20	30.13	30.14	29.61	30.01	9166300.00
2008-03-24	30.07	30.21	29.85	30.17	5791500.00
2008-03-25	30.12	30.52	30.10	30.21	4567500.00
2008-03-26	30.11	30.35	29.85	30.22	6626700.00
2008-03-27	30.26	30.61	30.26	30.37	4940700.00
2008-03-28	30.46	30.76	30.20	30.28	5339600.00
2008-03-31	30.24	31.18	30.19	31.06	8754500.00
2008-04-01	31.14	31.41	31.03	31.33	7230400.00
2008-04-02	31.34	31.43	30.97	31.17	5531500.00
2008-04-03	31.06	31.29	30.77	31.19	5075100.00
2008-04-04	31.18	31.88	31.07	31.48	5583800.00
2008-04-07	31.77	32.15	31.36	31.95	6127900.00
2008-04-08	31.76	31.86	31.37	31.49	4895400.00
2008-04-09	31.44	31.60	31.10	31.17	5090400.00
2008-04-10	31.11	31.76	31.11	31.55	5458600.00
2008-04-11	31.53	31.53	31.13	31.27	5346600.00
2008-04-14	31.30	31.36	31.05	31.20	4800300.00
2008-04-15	31.31	31.36	30.91	31.04	5602300.00
2008-04-16	31.33	31.70	31.11	31.64	4301400.00
2008-04-17	31.49	31.63	30.86	30.94	6928500.00
2008-04-18	31.25	31.44	30.99	31.35	6223600.00
2008-04-21	30.53	30.56	29.76	29.86	10138800.00
2008-04-22	29.86	29.86	29.06	29.53	8526100.00
2008-04-23	29.59	30.02	29.50	29.62	6545200.00
2008-04-24	29.60	29.80	29.23	29.53	4447000.00
2008-04-25	29.61	30.08	29.57	29.72	4609500.00
2008-04-28	29.84	29.89	29.59	29.72	4912900.00
2008-04-29	29.68	29.68	28.82	28.97	8559000.00
2008-04-30	29.08	29.46	28.88	28.99	6142000.00
2008-05-01	29.00	29.94	28.99	29.94	6267500.00
2008-05-02	30.04	30.05	29.65	29.73	3656500.00
2008-05-05	29.66	29.66	29.32	29.50	3459400.00
2008-05-06	29.33	29.48	29.09	29.35	4277900.00
2008-05-07	29.32	29.58	29.23	29.29	5504600.00
2008-05-08	29.46	29.49	29.05	29.16	5302100.00
2008-05-09	29.17	29.17	28.76	29.05	4293400.00
2008-05-12	29.14	29.49	29.05	29.36	3542100.00
2008-05-13	28.98	29.50	28.88	28.91	5367300.00
2008-05-14	28.98	29.38	28.91	29.37	4371500.00
2008-05-15	29.44	29.65	29.13	29.59	5194300.00
2008-05-16	30.31	30.31	29.52	29.76	5196200.00
2008-05-19	29.79	30.21	29.71	30.11	3779600.00
2008-05-20	30.03	30.26	29.65	29.77	4133300.00
2008-05-21	29.88	30.00	29.20	29.24	4681500.00
2008-05-22	29.40	29.66	29.10	29.48	3106100.00
2008-05-23	29.46	29.46	28.91	28.92	3602800.00
2008-05-27	28.99	29.21	28.95	29.15	2989600.00
2008-05-28	29.24	29.35	28.88	29.09	3520700.00
2008-05-29	29.02	29.74	29.02	29.55	6290000.00
2008-05-30	29.62	29.62	29.18	29.27	4057000.00
2008-06-02	29.35	29.40	28.82	28.93	5930600.00
2008-06-03	29.09	29.46	28.85	29.35	7263300.00
2008-06-04	29.56	30.16	29.56	29.82	7408800.00
2008-06-05	30.18	30.29	29.72	30.07	7863000.00
2008-06-06	30.00	30.00	29.42	29.44	7811900.00
2008-06-09	29.65	29.65	29.06	29.29	6420500.00
2008-06-10	29.03	29.46	28.88	29.15	5166200.00
2008-06-11	29.07	29.34	28.73	28.84	4056400.00
2008-06-12	28.98	29.38	28.91	29.00	4595400.00
2008-06-13	29.13	29.41	29.13	29.38	4298900.00
2008-06-16	29.13	29.38	28.69	29.09	5568600.00
2008-06-17	29.23	29.55	29.03	29.05	3432300.00
2008-06-18	29.00	29.18	28.51	28.56	4217600.00
2008-06-19	28.60	29.20	28.35	29.06	8223400.00
2008-06-20	28.78	29.35	28.41	28.53	7423900.00
2008-06-23	28.60	29.03	28.58	28.94	5380100.00
2008-06-24	28.55	28.64	27.95	28.54	9260400.00
2008-06-25	28.59	28.86	28.45	28.58	6017500.00
2008-06-26	28.31	28.46	27.94	27.98	6517300.00
2008-06-27	27.97	28.16	27.71	27.73	7417900.00
2008-06-30	27.83	28.30	27.58	28.06	5417100.00
2008-07-01	27.77	28.23	27.68	28.03	6454400.00
2008-07-02	28.03	28.39	27.91	28.02	4656100.00
2008-07-03	28.21	28.64	28.16	28.56	4530900.00
2008-07-07	28.52	28.65	27.92	28.10	6096900.00
2008-07-08	28.08	29.56	28.03	29.46	9372800.00
2008-07-09	29.55	30.07	29.33	29.41	6500100.00
2008-07-10	29.35	29.75	28.90	29.28	7374800.00
2008-07-11	28.89	29.20	28.53	28.98	4538900.00
2008-07-14	29.27	29.55	29.15	29.19	5716100.00
2008-07-15	28.90	29.39	28.90	29.25	8184600.00
2008-07-16	29.38	29.49	29.02	29.35	6356300.00
2008-07-17	29.30	29.52	28.76	29.41	6514900.00
2008-07-18	29.38	29.52	28.88	29.13	6421400.00
2008-07-21	29.17	29.26	28.53	28.68	4741700.00
2008-07-22	28.53	28.75	28.28	28.41	6668400.00
2008-07-23	28.58	28.99	28.45	28.95	5608500.00
2008-07-24	29.15	29.49	28.72	29.18	4949200.00
2008-07-25	29.01	29.46	28.73	29.07	4200200.00
2008-07-28	29.07	29.46	28.90	28.95	5131200.00
2008-07-29	28.99	29.60	28.87	29.34	5535600.00
2008-07-30	29.53	29.86	28.54	28.82	7426300.00
2008-07-31	28.70	28.96	28.48	28.64	4931800.00
2008-08-01	28.64	28.87	28.31	28.60	4329200.00
2008-08-04	28.52	28.99	28.52	28.80	4751900.00
2008-08-05	29.10	29.18	28.72	29.06	6486100.00
2008-08-06	28.72	29.41	28.72	29.18	3519600.00
2008-08-07	28.98	29.43	28.72	28.93	4596900.00
2008-08-08	28.90	29.54	28.75	29.49	4158800.00
2008-08-11	29.49	30.13	29.24	29.82	6115800.00
2008-08-12	29.91	30.27	29.70	29.94	6038100.00
2008-08-13	30.02	30.02	29.51	29.70	4955000.00
2008-08-14	29.47	30.15	29.42	29.67	4706200.00
2008-08-15	29.77	30.20	29.77	29.94	4611400.00
2008-08-18	29.96	29.97	29.35	29.50	6245500.00
2008-08-19	29.27	29.55	29.00	29.34	5448700.00
2008-08-20	29.36	29.41	28.97	29.10	4545100.00
2008-08-21	29.15	29.15	28.59	28.96	4161600.00
2008-08-22	28.98	29.56	28.91	29.48	5134400.00
2008-08-25	29.41	29.85	29.04	29.17	3940300.00
2008-08-26	29.15	29.33	28.75	28.86	3370600.00
2008-08-27	28.84	29.15	28.52	28.77	5520100.00
2008-08-28	28.89	29.08	28.64	28.80	4285500.00
2008-08-29	28.65	28.86	28.61	28.64	4765200.00
2008-09-02	28.98	29.23	28.49	28.64	5241900.00
2008-09-03	28.64	29.15	28.38	28.80	4425900.00
2008-09-04	28.73	28.79	28.21	28.29	4714400.00
2008-09-05	28.22	28.30	27.70	27.89	5127800.00
2008-09-08	28.43	28.76	27.95	28.65	5790600.00
2008-09-09	28.37	29.39	28.37	28.52	7821600.00
2008-09-10	28.58	29.07	28.54	28.68	6101700.00
2008-09-11	28.40	28.75	28.20	28.68	4722200.00
2008-09-12	28.53	28.76	28.35	28.61	4271700.00
2008-09-15	28.14	28.69	28.03	28.26	5313600.00
2008-09-16	27.79	27.99	27.30	27.78	10048900.00
2008-09-17	27.44	28.02	26.89	26.96	7175900.00
2008-09-18	27.23	28.06	26.93	27.88	9917400.00
2008-09-19	28.24	29.06	27.56	28.66	11996600.00
2008-09-22	28.59	28.93	28.03	28.18	5783900.00
2008-09-23	28.29	28.38	27.87	28.07	7878100.00
2008-09-24	28.10	28.55	27.87	28.45	7240700.00
2008-09-25	28.59	29.29	28.38	28.61	9338200.00
2008-09-26	28.34	28.89	28.09	28.74	5769900.00
2008-09-29	27.45	28.27	26.65	26.96	9791500.00
2008-09-30	27.55	27.60	26.32	27.03	8438800.00
2008-10-01	26.75	27.28	26.64	26.82	6340200.00
2008-10-02	26.82	26.97	26.05	26.12	6564400.00
2008-10-03	26.46	26.46	25.31	25.36	9396200.00
2008-10-06	24.95	24.98	22.77	23.58	18989200.00
2008-10-07	24.26	24.54	23.65	23.70	12466300.00
2008-10-08	23.78	24.25	23.12	23.26	8946200.00
2008-10-09	23.07	23.23	19.91	20.39	13833900.00
2008-10-10	19.62	20.50	17.95	19.25	15866600.00
2008-10-13	19.96	22.10	19.77	22.01	8286200.00
2008-10-14	22.86	23.06	21.22	21.45	10643400.00
2008-10-15	21.27	21.48	19.60	19.97	10602700.00
2008-10-16	20.07	21.28	19.34	21.10	10297900.00
2008-10-17	20.43	20.94	19.73	19.77	9160900.00
2008-10-20	19.99	20.93	19.50	20.93	9049300.00
2008-10-21	20.69	21.26	20.29	20.67	7733000.00
2008-10-22	20.63	20.64	19.27	19.71	6671900.00
2008-10-23	20.86	20.87	19.19	20.55	8729300.00
2008-10-24	19.64	20.13	19.12	19.48	7224100.00
2008-10-27	19.21	20.01	18.66	18.66	7526900.00
2008-10-28	19.07	20.55	18.35	20.49	8334900.00
2008-10-29	20.45	20.67	19.54	19.66	9180200.00
2008-10-30	20.24	20.32	19.80	20.15	7363200.00
2008-10-31	20.03	21.21	20.03	20.76	6874800.00
2008-11-03	21.14	21.20	20.59	20.88	4801900.00
2008-11-04	21.33	21.88	20.66	21.58	7786900.00
2008-11-05	21.32	21.75	20.59	20.72	5858400.00
2008-11-06	20.80	20.98	20.01	20.18	6447300.00
2008-11-07	20.19	21.10	20.19	20.99	4023900.00
2008-11-10	21.34	21.79	21.12	21.40	5806900.00
2008-11-11	21.32	21.64	20.64	20.85	4962000.00
2008-11-12	20.70	20.80	19.83	19.91	6160700.00
2008-11-13	20.07	21.47	19.77	21.24	13039100.00
2008-11-14	20.40	21.10	19.95	19.96	8113700.00
2008-11-17	19.74	20.50	19.61	20.00	6436700.00
2008-11-18	20.48	20.75	19.63	20.75	6581300.00
2008-11-19	20.64	21.14	19.36	19.55	7163500.00
2008-11-20	19.44	20.07	18.42	18.62	7966700.00
2008-11-21	18.82	19.03	17.81	18.94	9947500.00
2008-11-24	19.23	20.39	18.99	19.97	7845200.00
2008-11-25	20.48	20.77	19.81	20.42	6495500.00
2008-11-26	20.18	20.50	19.81	20.46	5886700.00
2008-11-28	20.58	21.47	20.58	21.26	2736300.00
2008-12-01	20.74	20.79	19.07	19.37	6326300.00
2008-12-02	19.63	20.72	19.61	20.66	6817900.00
2008-12-03	20.27	21.84	19.93	21.77	7760000.00
2008-12-04	21.50	21.71	20.88	21.10	6856500.00
2008-12-05	20.97	21.94	20.27	21.75	7571000.00
2008-12-08	22.21	22.32	21.35	21.70	6885000.00
2008-12-09	21.41	21.85	21.38	21.52	4471700.00
2008-12-10	21.74	22.15	21.56	21.79	4854200.00
2008-12-11	22.34	22.78	21.91	22.17	8004200.00
2008-12-12	21.67	22.72	21.54	22.66	6637400.00
2008-12-15	22.66	22.81	21.72	21.99	5728500.00
2008-12-16	22.18	23.24	22.12	23.16	6155900.00
2008-12-17	22.85	23.23	22.58	22.99	4963700.00
2008-12-18	23.16	23.60	22.71	22.95	6650000.00
2008-12-19	23.63	24.13	23.03	23.82	10252500.00
2008-12-22	23.78	23.96	22.80	23.24	5046400.00
2008-12-23	23.69	23.96	23.29	23.34	4237500.00
2008-12-24	23.65	23.70	23.34	23.53	1237100.00
2008-12-26	23.62	23.72	23.54	23.64	1614000.00
2008-12-29	23.70	23.96	23.43	23.95	4001000.00
2008-12-30	24.10	24.76	24.10	24.69	4743600.00
2008-12-31	24.69	25.21	24.51	25.07	4735100.00
2009-01-02	25.13	25.38	24.46	25.25	6022900.00
2009-01-05	25.24	25.25	24.32	24.56	6854500.00
2009-01-06	24.67	24.75	23.97	24.63	8975000.00
2009-01-07	24.31	24.56	23.90	24.04	6365600.00
2009-01-08	23.93	24.22	23.59	24.16	5627000.00
2009-01-09	24.16	24.16	23.67	23.95	5937400.00
2009-01-12	23.94	24.12	23.60	23.73	5199200.00
2009-01-13	23.81	24.08	23.60	23.98	5301400.00
2009-01-14	23.87	23.88	23.09	23.32	6557100.00
2009-01-15	23.29	23.42	22.58	23.37	4957200.00
2009-01-16	23.68	23.91	23.21	23.73	5443900.00
2009-01-20	23.60	24.13	23.17	23.27	9442300.00
2009-01-21	23.58	24.09	23.17	23.80	6836000.00
2009-01-22	23.42	23.86	23.13	23.53	5547800.00
2009-01-23	23.16	23.43	22.93	23.29	6228600.00
2009-01-26	23.44	23.96	23.19	23.39	6766000.00
2009-01-27	23.55	24.21	23.46	24.03	5403700.00
2009-01-28	24.28	24.40	23.89	24.33	5368700.00
2009-01-29	24.05	24.37	23.49	23.63	6473900.00
2009-01-30	24.10	24.10	22.58	22.92	9599100.00
2009-02-02	22.74	23.41	22.53	23.20	5505000.00
2009-02-03	23.46	24.37	22.95	24.08	9611300.00
2009-02-04	24.41	24.43	23.53	23.66	7416500.00
2009-02-05	23.52	23.84	23.19	23.75	5051300.00
2009-02-06	23.55	24.11	23.55	23.77	4978300.00
2009-02-09	23.79	23.80	23.28	23.73	4132900.00
2009-02-10	23.65	23.90	22.88	22.99	5721900.00
2009-02-11	23.42	23.47	23.00	23.16	4244400.00
2009-02-12	22.82	23.09	22.32	22.92	6098300.00
2009-02-13	22.80	23.01	22.32	22.35	6020700.00
2009-02-17	21.90	22.15	21.62	21.81	7399900.00
2009-02-18	21.93	21.93	21.52	21.70	5916800.00
2009-02-19	21.86	21.99	21.65	21.75	4240600.00
2009-02-20	21.37	21.53	20.77	20.97	8361100.00
2009-02-23	21.23	21.34	20.35	20.38	5545100.00
2009-02-24	20.45	20.80	20.22	20.76	7345600.00
2009-02-25	20.68	20.84	20.26	20.54	6943800.00
2009-02-26	20.80	20.80	19.56	19.58	12135600.00
2009-02-27	19.16	19.39	18.53	18.53	9522900.00
2009-03-02	18.01	18.20	17.45	17.51	13436000.00
2009-03-03	17.71	17.98	17.17	17.34	9488100.00
2009-03-04	17.79	18.21	17.20	17.98	8865100.00
2009-03-05	17.59	17.91	17.16	17.33	9028200.00
2009-03-06	17.44	17.81	17.32	17.65	8700000.00
2009-03-09	17.49	18.09	17.33	17.64	8635800.00
2009-03-10	18.06	18.77	17.87	18.75	10124700.00
2009-03-11	18.93	18.98	18.09	18.20	9624700.00
2009-03-12	18.20	19.01	18.14	18.94	6359600.00
2009-03-13	19.07	19.59	18.98	19.33	6790500.00
2009-03-16	19.45	20.02	19.39	19.44	6624300.00
2009-03-17	19.53	20.03	19.25	20.03	5031600.00
2009-03-18	20.47	20.88	20.15	20.50	6519000.00
2009-03-19	20.58	20.67	19.88	20.08	5170900.00
2009-03-20	20.12	20.76	20.12	20.53	10262000.00
2009-03-23	20.99	21.50	20.83	21.50	6611700.00
2009-03-24	21.20	21.64	20.92	20.92	8487800.00
2009-03-25	21.04	21.37	20.73	21.15	7747900.00
2009-03-26	21.28	21.63	21.06	21.59	7407000.00
2009-03-27	21.34	21.55	21.17	21.29	5461800.00
2009-03-30	20.21	20.80	20.21	20.72	7106400.00
2009-03-31	20.94	21.37	20.56	21.08	6702000.00
2009-04-01	20.84	21.40	20.56	21.31	5483400.00
2009-04-02	21.71	21.71	21.17	21.38	6665800.00
2009-04-03	21.15	21.29	20.51	20.82	7122500.00
2009-04-06	20.66	21.03	20.43	20.72	6618900.00
2009-04-07	20.07	20.27	19.50	20.11	6031800.00
2009-04-08	20.16	20.52	19.93	20.40	5226900.00
2009-04-09	20.83	21.32	20.41	20.59	4984200.00
2009-04-13	20.39	20.69	20.36	20.55	3405300.00
2009-04-14	20.66	20.66	20.17	20.28	5248600.00
2009-04-15	20.24	20.79	20.19	20.70	6155300.00
2009-04-16	20.80	21.11	20.46	20.99	4967300.00
2009-04-17	20.98	21.48	20.94	21.29	6670400.00
2009-04-20	21.25	21.72	20.77	20.81	9799300.00
2009-04-21	21.08	21.25	20.65	21.03	6409700.00
2009-04-22	20.89	21.03	20.48	20.65	11129900.00
2009-04-23	20.52	20.79	20.21	20.74	8591400.00
2009-04-24	20.82	21.23	20.72	20.82	8328100.00
2009-04-27	20.81	21.13	20.66	20.90	4168700.00
2009-04-28	20.86	21.25	20.79	20.94	7663500.00
2009-04-29	21.10	21.28	20.79	21.04	6750000.00
2009-04-30	21.36	21.38	20.71	20.77	8283200.00
2009-05-01	20.77	21.18	20.58	21.13	5411900.00
2009-05-04	21.08	21.44	20.99	21.33	5363100.00
2009-05-05	21.76	21.95	21.42	21.79	8330900.00
2009-05-06	22.09	22.22	21.49	21.72	5696700.00
2009-05-07	21.91	22.68	21.78	22.62	11236400.00
2009-05-08	22.91	23.12	22.55	22.68	7172300.00
2009-05-11	22.47	22.64	22.10	22.30	6339100.00
2009-05-12	22.46	22.88	22.27	22.65	6427600.00
2009-05-13	22.44	23.06	22.26	22.48	6042000.00
2009-05-14	22.53	22.67	22.38	22.46	4647400.00
2009-05-15	22.45	22.49	21.78	21.85	6176500.00
2009-05-18	22.01	22.22	21.75	22.17	5553400.00
2009-05-19	22.26	22.29	21.96	22.08	4369900.00
2009-05-20	22.29	22.53	22.06	22.21	4780800.00
2009-05-21	22.46	22.46	21.86	22.14	5217100.00
2009-05-22	22.15	22.24	21.83	21.96	3339200.00
2009-05-26	21.89	22.33	21.78	22.29	3952900.00
2009-05-27	22.28	22.40	21.48	21.53	5193700.00
2009-05-28	21.53	21.82	21.47	21.60	4498700.00
2009-05-29	21.65	22.13	21.49	22.11	4873200.00
2009-06-01	22.31	22.42	21.92	22.16	5319700.00
2009-06-02	22.06	22.60	22.00	22.42	5291500.00
2009-06-03	22.22	22.30	21.94	22.13	5278000.00
2009-06-04	22.16	22.28	21.74	21.99	4666600.00
2009-06-05	22.09	22.26	21.73	22.24	5526000.00
2009-06-08	22.26	22.26	21.55	21.81	5648700.00
2009-06-09	21.71	21.98	21.43	21.69	4052000.00
2009-06-10	21.82	21.89	21.49	21.69	4738700.00
2009-06-11	21.71	22.32	21.71	21.99	6347400.00
2009-06-12	21.99	22.28	21.79	21.93	5266200.00
2009-06-15	21.74	21.74	21.07	21.08	7087900.00
2009-06-16	21.19	21.44	20.96	21.09	6471600.00
2009-06-17	21.10	21.62	21.10	21.38	5062500.00
2009-06-18	21.39	21.86	21.30	21.65	4871900.00
2009-06-19	21.80	21.92	21.49	21.56	6932400.00
2009-06-22	21.36	21.36	20.96	21.25	7991300.00
2009-06-23	21.27	21.59	21.20	21.46	5840100.00
2009-06-24	21.54	21.73	21.34	21.50	6134000.00
2009-06-25	21.35	22.65	21.27	22.60	12777400.00
2009-06-26	22.51	22.68	21.76	22.56	18743900.00
2009-06-29	22.58	22.58	22.08	22.40	6993100.00
2009-06-30	22.40	22.53	21.95	22.15	6700100.00
2009-07-01	22.23	22.54	22.15	22.36	5269200.00
2009-07-02	22.20	22.20	21.68	21.68	4492900.00
2009-07-06	21.54	21.73	21.28	21.47	6241500.00
2009-07-07	21.46	21.67	21.30	21.42	6003900.00
2009-07-08	21.13	21.70	21.13	21.37	5880000.00
2009-07-09	21.43	21.48	21.03	21.11	5492500.00
2009-07-10	21.01	21.69	20.95	21.31	13989200.00
2009-07-13	21.36	21.39	20.59	21.06	13187100.00
2009-07-14	20.98	21.12	20.85	21.05	9884200.00
2009-07-15	21.11	21.46	20.87	21.42	7363900.00
2009-07-16	21.34	21.69	21.34	21.59	6020100.00
2009-07-17	21.56	21.57	21.25	21.44	4388500.00
2009-07-20	21.59	21.70	21.19	21.57	6245200.00
2009-07-21	21.82	22.08	21.72	22.03	6772300.00
2009-07-22	22.29	22.30	21.60	21.61	9882600.00
2009-07-23	21.78	22.09	21.62	21.92	6543100.00
2009-07-24	21.83	22.23	21.63	22.18	7136100.00
2009-07-27	22.27	22.48	22.07	22.48	4740800.00
2009-07-28	22.39	22.59	22.08	22.43	4896400.00
2009-07-29	22.38	22.56	22.13	22.32	4125500.00
2009-07-30	22.53	22.80	22.33	22.42	4579700.00
2009-07-31	22.39	22.65	22.31	22.31	5893600.00
2009-08-03	22.60	22.79	22.11	22.36	5663700.00
2009-08-04	22.31	22.42	22.13	22.42	4364800.00
2009-08-05	22.47	22.56	22.06	22.19	4805900.00
2009-08-06	22.24	22.25	21.96	22.01	4453200.00
2009-08-07	22.22	22.42	22.11	22.31	5257700.00
2009-08-10	21.73	21.74	21.54	21.64	9479700.00
2009-08-11	21.71	21.76	21.44	21.53	6293700.00
2009-08-12	21.68	21.69	21.35	21.38	7475700.00
2009-08-13	21.37	21.51	21.02	21.33	6266000.00
2009-08-14	21.36	21.40	21.03	21.34	3817300.00
2009-08-17	21.24	21.38	21.06	21.23	4247000.00
2009-08-18	20.92	21.42	20.92	21.31	5479500.00
2009-08-19	20.99	21.38	20.99	21.38	5936900.00
2009-08-20	21.52	21.59	21.30	21.51	4443900.00
2009-08-21	21.55	21.96	21.55	21.71	5728300.00
2009-08-24	21.79	22.00	21.66	21.89	5603000.00
2009-08-25	21.91	22.16	21.89	21.98	5369100.00
2009-08-26	21.90	22.16	21.81	21.84	5392700.00
2009-08-27	21.79	22.16	21.79	22.14	6200500.00
2009-08-28	22.14	22.21	21.66	21.81	8660000.00
2009-08-31	21.62	21.94	21.62	21.72	5819100.00
2009-09-01	21.61	21.77	21.25	21.34	7084900.00
2009-09-02	21.25	21.49	21.19	21.42	7142100.00
2009-09-03	21.40	21.44	21.07	21.18	5838000.00
2009-09-04	21.21	21.42	21.18	21.42	4159700.00
2009-09-08	21.55	21.58	21.18	21.31	5376900.00
2009-09-09	21.27	21.51	21.24	21.34	6195400.00
2009-09-10	21.53	21.55	21.25	21.30	5942400.00
2009-09-11	21.35	21.50	21.20	21.30	7281700.00
2009-09-14	21.62	21.63	21.42	21.50	8473700.00
2009-09-15	21.57	21.57	21.23	21.25	7476100.00
2009-09-16	21.33	21.38	21.21	21.33	6122600.00
2009-09-17	21.29	21.39	21.21	21.25	7067600.00
2009-09-18	21.42	21.46	21.31	21.33	9311900.00
2009-09-21	21.42	21.44	21.25	21.33	4607600.00
2009-09-22	21.38	21.43	21.22	21.27	6737400.00
2009-09-23	21.32	21.32	21.06	21.06	6428500.00
2009-09-24	21.14	21.24	20.96	21.03	6937400.00
2009-09-25	21.01	21.33	21.01	21.21	6311700.00
2009-09-28	21.24	21.64	21.24	21.44	5600500.00
2009-09-29	21.53	21.77	21.37	21.69	9277100.00
2009-09-30	21.75	21.75	21.25	21.44	6579000.00
2009-10-01	21.40	21.44	21.16	21.19	6639300.00
2009-10-02	21.09	21.19	20.96	21.10	5759000.00
2009-10-05	21.16	21.20	20.94	21.07	5052900.00
2009-10-06	21.19	21.53	21.11	21.43	4829000.00
2009-10-07	21.42	21.49	21.32	21.49	5456500.00
2009-10-08	21.57	21.75	21.54	21.65	5007700.00
2009-10-09	21.67	21.99	21.51	21.92	5442700.00
2009-10-12	22.00	22.10	21.90	21.98	4233800.00
2009-10-13	21.94	21.97	21.61	21.65	5376800.00
2009-10-14	21.80	22.12	21.66	22.01	6773600.00
2009-10-15	21.93	22.40	21.90	22.39	6888400.00
2009-10-16	22.23	22.44	22.23	22.35	6747500.00
2009-10-19	22.53	23.07	22.43	22.90	9515500.00
2009-10-20	22.84	23.12	22.61	22.87	12117400.00
2009-10-21	22.97	23.05	21.73	21.85	17840300.00
2009-10-22	22.05	22.15	21.71	22.13	10035000.00
2009-10-23	22.22	22.25	21.94	22.04	7867500.00
2009-10-26	22.10	22.33	21.89	22.01	8003700.00
2009-10-27	22.07	22.35	21.99	22.18	6637400.00
2009-10-28	22.17	22.31	22.07	22.07	7898000.00
2009-10-29	22.16	22.16	21.87	22.16	7201100.00
2009-10-30	22.11	22.28	21.87	22.07	8669400.00
2009-11-02	22.19	22.19	21.95	22.10	7000200.00
2009-11-03	22.00	22.07	21.66	21.77	7223300.00
2009-11-04	21.95	22.31	21.84	22.05	5766000.00
2009-11-05	22.16	22.46	22.07	22.35	4852300.00
2009-11-06	22.32	22.41	22.17	22.39	9027300.00
2009-11-09	22.56	22.96	22.46	22.92	5819100.00
2009-11-10	22.87	23.26	22.83	23.20	6043400.00
2009-11-11	23.24	23.30	22.94	23.16	6164200.00
2009-11-12	23.05	23.30	22.98	23.02	5226600.00
2009-11-13	23.09	23.38	23.00	23.27	5019100.00
2009-11-16	23.29	23.73	23.20	23.62	7371200.00
2009-11-17	23.62	23.66	23.42	23.65	4780700.00
2009-11-18	23.69	23.84	23.38	23.83	5744200.00
2009-11-19	23.74	23.83	23.21	23.77	7071700.00
2009-11-20	23.72	24.15	23.69	24.08	7319900.00
2009-11-23	24.11	24.47	24.11	24.22	5129200.00
2009-11-24	24.28	24.61	24.17	24.55	8028200.00
2009-11-25	24.64	24.71	24.48	24.61	5113500.00
2009-11-27	24.29	24.38	24.00	24.28	3040500.00
2009-11-30	24.34	24.35	24.07	24.17	6680700.00
2009-12-01	24.23	24.67	24.13	24.41	6762200.00
2009-12-02	24.41	24.79	24.41	24.69	6618300.00
2009-12-03	24.67	25.00	24.55	24.61	6362400.00
2009-12-04	24.85	25.01	24.52	24.61	5001100.00
2009-12-07	24.63	24.86	24.37	24.40	5677300.00
2009-12-08	24.36	24.57	23.98	24.03	7180900.00
2009-12-09	24.02	24.19	23.84	24.06	6549500.00
2009-12-10	23.55	23.72	22.88	23.05	21928200.00
2009-12-11	23.19	23.29	22.69	23.01	12559000.00
2009-12-14	23.19	23.57	23.11	23.44	6539000.00
2009-12-15	23.42	23.55	23.19	23.53	6072400.00
2009-12-16	23.65	23.73	23.50	23.50	7272500.00
2009-12-17	23.48	23.53	23.25	23.33	5318600.00
2009-12-18	23.35	23.55	23.25	23.51	9838300.00
2009-12-21	23.59	24.04	23.51	23.85	6356000.00
2009-12-22	23.98	24.14	23.67	23.77	5231200.00
2009-12-23	23.92	24.00	23.62	23.65	5578300.00
2009-12-24	23.69	23.76	23.56	23.75	1410500.00
2009-12-28	23.82	23.92	23.69	23.83	3104000.00
2009-12-29	23.83	23.93	23.69	23.70	3629300.00
2009-12-30	23.59	23.80	23.57	23.80	3457600.00
2009-12-31	23.76	23.79	23.47	23.50	4821400.00
2010-01-04	23.54	23.92	23.54	23.57	6067100.00
2010-01-05	23.63	23.63	22.99	23.16	7517100.00
2010-01-06	23.19	23.38	23.19	23.33	7661600.00
2010-01-07	23.36	23.40	23.13	23.21	5997100.00
2010-01-08	23.22	23.22	22.93	23.03	5624400.00
2010-01-11	23.09	23.40	23.09	23.35	4793400.00
2010-01-12	23.26	23.43	23.17	23.27	4700800.00
2010-01-13	23.26	23.69	23.21	23.59	5320900.00
2010-01-14	23.53	23.69	23.53	23.69	6417300.00
2010-01-15	23.69	23.77	23.32	23.57	6519600.00
2010-01-19	23.69	24.96	23.63	24.62	17795600.00
2010-01-20	24.61	24.82	24.13	24.55	8851200.00
2010-01-21	24.53	24.67	23.69	23.77	11022600.00
2010-01-22	23.75	23.96	23.34	23.38	7247500.00
2010-01-25	23.59	23.71	23.38	23.53	6499400.00
2010-01-26	23.67	23.85	23.54	23.80	7128400.00
2010-01-27	23.80	23.97	23.63	23.95	7009700.00
2010-01-28	23.63	23.70	23.21	23.53	9423500.00
2010-01-29	23.65	23.65	23.12	23.17	9281900.00
2010-02-01	23.27	23.49	22.94	23.03	6767300.00
2010-02-02	23.03	23.53	22.97	23.44	6573500.00
2010-02-03	23.33	23.33	23.08	23.24	5493500.00
2010-02-04	23.10	23.18	22.78	22.82	8914200.00
2010-02-05	22.80	22.92	22.32	22.72	8698500.00
2010-02-08	22.70	23.12	22.52	22.89	8301000.00
2010-02-09	23.00	23.34	22.94	23.17	10261600.00
2010-02-10	23.19	23.19	22.68	22.81	9425900.00
2010-02-11	22.81	22.98	22.57	22.81	6352000.00
2010-02-12	22.66	22.72	22.45	22.66	8706400.00
2010-02-16	22.86	22.86	22.66	22.75	7280900.00
2010-02-17	22.93	23.11	22.84	22.95	5708100.00
2010-02-18	22.95	23.09	22.87	22.97	4158200.00
2010-02-19	22.83	23.01	22.60	22.85	5476400.00
2010-02-22	22.96	23.13	22.75	23.01	5855000.00
2010-02-23	22.93	23.01	22.59	22.67	5547900.00
2010-02-24	22.77	22.90	22.67	22.72	4426200.00
2010-02-25	22.59	22.91	22.51	22.85	6111600.00
2010-02-26	22.91	23.04	22.82	22.92	4850100.00
2010-03-01	23.03	23.06	22.88	22.91	5714700.00
2010-03-02	22.92	23.20	22.91	23.06	6316400.00
2010-03-03	23.11	23.18	22.85	22.91	5317600.00
2010-03-04	22.95	23.07	22.90	23.05	5815300.00
2010-03-05	23.13	23.42	23.11	23.42	5995400.00
2010-03-08	23.43	23.43	23.23	23.31	5672000.00
2010-03-09	23.36	23.47	23.21	23.40	4805800.00
2010-03-10	23.52	23.67	23.41	23.59	5063800.00
2010-03-11	23.58	23.91	23.51	23.91	6661300.00
2010-03-12	24.02	24.03	23.68	23.98	7245200.00
2010-03-15	23.97	24.05	23.87	24.03	6446000.00
2010-03-16	24.09	24.17	23.95	24.15	6635900.00
2010-03-17	24.17	24.25	24.09	24.17	6155400.00
2010-03-18	24.08	24.28	24.04	24.27	5731200.00
2010-03-19	24.14	24.41	24.03	24.14	9641300.00
2010-03-22	24.14	24.57	24.11	24.39	6691600.00
2010-03-23	24.45	24.56	24.33	24.44	6515200.00
2010-03-24	24.48	24.49	24.15	24.20	5450700.00
2010-03-25	24.41	24.41	24.00	24.01	5852200.00
2010-03-26	24.05	24.05	23.63	23.64	8199200.00
2010-03-29	23.69	23.85	23.59	23.67	6954900.00
2010-03-30	23.70	23.99	23.68	23.96	7239900.00
2010-03-31	23.94	24.35	23.89	24.17	9361900.00
2010-04-01	24.33	24.42	24.05	24.13	6248100.00
2010-04-05	24.26	24.67	24.16	24.39	8196400.00
2010-04-06	24.29	24.41	24.07	24.37	7033500.00
2010-04-07	24.37	24.48	24.33	24.37	9554200.00
2010-04-08	24.37	24.44	24.33	24.37	6104900.00
2010-04-09	24.49	24.64	24.39	24.59	4587200.00
2010-04-12	24.58	24.58	24.39	24.41	5256400.00
2010-04-13	24.41	24.67	24.36	24.64	5788900.00
2010-04-14	24.51	24.57	24.33	24.42	7678300.00
2010-04-15	24.43	24.55	24.36	24.51	5629500.00
2010-04-16	24.37	24.59	24.36	24.39	7987600.00
2010-04-19	23.99	24.44	23.86	24.41	11600000.00
2010-04-20	24.38	24.46	24.33	24.38	7789400.00
2010-04-21	24.36	24.40	23.89	24.03	11347000.00
2010-04-22	23.89	23.92	23.50	23.61	10391800.00
2010-04-23	23.64	23.68	23.26	23.67	10398900.00
2010-04-26	23.68	23.83	23.53	23.57	6419000.00
2010-04-27	23.55	23.63	23.24	23.27	7002500.00
2010-04-28	23.37	23.37	23.07	23.20	6968300.00
2010-04-29	23.34	23.59	23.25	23.39	6256300.00
2010-04-30	23.45	23.69	23.34	23.34	6937600.00
2010-05-03	23.54	23.63	23.36	23.49	5234100.00
2010-05-04	23.38	23.61	23.27	23.37	7010800.00
2010-05-05	23.33	23.61	23.27	23.41	6713800.00
2010-05-06	23.39	23.45	22.31	22.96	12354100.00
2010-05-07	22.96	23.29	22.71	23.11	23682700.00
2010-05-10	23.67	23.89	23.31	23.46	13461100.00
2010-05-11	23.35	23.72	23.33	23.55	6984800.00
2010-05-12	23.74	23.74	23.33	23.54	6697600.00
2010-05-13	23.54	23.57	23.34	23.35	5617300.00
2010-05-14	23.24	23.28	22.83	22.96	7688500.00
2010-05-17	22.99	23.12	22.73	23.02	5526900.00
2010-05-18	23.18	23.30	22.75	22.75	6693100.00
2010-05-19	22.65	23.01	22.65	22.92	9399300.00
2010-05-20	22.64	22.98	22.40	22.57	12160500.00
2010-05-21	22.34	22.47	22.11	22.42	9019400.00
2010-05-24	22.34	22.61	22.27	22.32	4874600.00
2010-05-25	22.08	22.21	21.67	22.17	10079600.00
2010-05-26	22.32	22.32	21.73	21.83	12715000.00
2010-05-27	22.11	22.25	22.01	22.21	6110700.00
2010-05-28	22.23	22.39	22.04	22.19	8389500.00
2010-06-01	22.08	22.42	21.94	22.03	5852100.00
2010-06-02	22.17	22.48	22.08	22.48	5509500.00
2010-06-03	22.49	22.70	22.45	22.59	5107700.00
2010-06-04	22.35	22.40	21.84	21.91	6832600.00
2010-06-07	22.06	22.23	21.95	22.05	9650100.00
2010-06-08	22.04	22.28	21.92	22.27	7600900.00
2010-06-09	22.34	22.53	22.21	22.30	6512400.00
2010-06-10	22.57	22.96	22.44	22.65	7213400.00
2010-06-11	22.55	22.88	22.51	22.79	5601600.00
2010-06-14	23.01	23.16	22.90	22.92	6053200.00
2010-06-15	22.98	23.30	22.85	23.28	6373600.00
2010-06-16	23.19	23.26	22.96	23.09	7534700.00
2010-06-17	23.17	23.28	22.96	23.28	6494200.00
2010-06-18	23.46	23.51	23.26	23.42	8506400.00
2010-06-21	23.53	23.59	23.36	23.46	5373200.00
2010-06-22	23.46	23.68	23.30	23.32	5256400.00
2010-06-23	23.31	23.49	23.17	23.39	5625800.00
2010-06-24	23.38	23.42	23.14	23.34	16867500.00
2010-06-25	23.23	23.25	22.92	22.97	12710800.00
2010-06-28	23.18	23.19	22.86	23.03	8289300.00
2010-06-29	22.75	22.88	22.57	22.84	8854700.00
2010-06-30	22.81	23.06	22.63	22.67	7742600.00
2010-07-01	22.63	22.65	22.21	22.42	17132600.00
2010-07-02	22.52	22.92	22.40	22.79	6888200.00
2010-07-06	22.99	23.11	22.79	22.95	19358500.00
2010-07-07	23.03	23.47	22.85	23.46	6759500.00
2010-07-08	23.57	23.82	23.52	23.81	7511300.00
2010-07-09	23.78	23.81	23.61	23.80	5367200.00
2010-07-12	23.76	23.82	23.65	23.78	4361700.00
2010-07-13	23.87	24.09	23.80	23.83	7524300.00
2010-07-14	23.79	23.82	23.49	23.55	11570800.00
2010-07-15	23.59	23.85	23.43	23.80	7380700.00
2010-07-16	23.74	23.77	23.40	23.45	7637500.00
2010-07-19	23.53	23.74	23.53	23.68	4951300.00
2010-07-20	23.53	23.90	23.32	23.86	6926100.00
2010-07-21	23.98	23.98	23.50	23.65	6809100.00
2010-07-22	24.26	24.26	23.69	23.79	8888000.00
2010-07-23	23.84	23.85	23.40	23.80	6328000.00
2010-07-26	23.82	24.04	23.80	23.99	4673400.00
2010-07-27	24.12	24.45	23.86	24.43	11840500.00
2010-07-28	24.38	24.50	24.05	24.14	10420300.00
2010-07-29	24.20	24.36	23.82	23.99	7269400.00
2010-07-30	23.86	24.24	23.72	24.09	7662800.00
2010-08-02	24.26	24.63	24.20	24.60	6991400.00
2010-08-03	24.66	24.81	24.56	24.76	5950300.00
2010-08-04	24.68	24.92	24.51	24.89	6623300.00
2010-08-05	24.76	24.96	24.68	24.94	3620200.00
2010-08-06	24.77	24.97	24.63	24.95	4711800.00
2010-08-09	25.03	25.05	24.95	25.02	5664200.00
2010-08-10	24.91	25.67	24.91	25.56	11213900.00
2010-08-11	25.24	25.55	25.08	25.17	9675700.00
2010-08-12	24.97	25.28	24.84	25.10	7401800.00
2010-08-13	24.27	24.58	24.16	24.48	13055600.00
2010-08-16	24.26	24.50	24.16	24.39	5217800.00
2010-08-17	24.05	24.10	23.62	23.83	14976600.00
2010-08-18	23.87	23.98	23.75	23.85	23704700.00
2010-08-19	23.72	23.79	23.44	23.51	10578400.00
2010-08-20	23.38	23.47	23.13	23.43	9187800.00
2010-08-23	23.55	23.68	23.49	23.53	13820500.00
2010-08-24	23.34	23.47	23.21	23.29	6426300.00
2010-08-25	23.20	23.66	23.18	23.53	7127500.00
2010-08-26	23.63	23.63	23.20	23.28	6380900.00
2010-08-27	23.39	23.49	23.12	23.45	5809800.00
2010-08-30	23.47	23.51	23.28	23.29	4576400.00
2010-08-31	23.28	23.34	23.00	23.03	9329300.00
2010-09-01	23.39	23.54	23.20	23.45	8004300.00
2010-09-02	23.42	23.60	23.40	23.53	4316400.00
2010-09-03	23.52	23.80	23.51	23.77	4450600.00
2010-09-07	23.80	23.85	23.61	23.68	4009800.00
2010-09-08	23.87	23.93	23.72	23.87	3587400.00
2010-09-09	23.93	24.30	23.84	24.12	5616000.00
2010-09-10	24.31	24.36	24.14	24.29	4600900.00
2010-09-13	24.50	24.51	24.22	24.36	3943200.00
2010-09-14	24.39	24.58	24.31	24.45	6042800.00
2010-09-15	24.44	24.58	24.35	24.48	4535900.00
2010-09-16	24.40	24.52	24.26	24.46	4461200.00
2010-09-17	24.58	24.67	24.40	24.54	4899300.00
2010-09-20	24.63	24.95	24.56	24.93	5525700.00
2010-09-21	24.95	25.02	24.74	24.91	4736600.00
2010-09-22	24.84	25.17	24.68	24.72	6931300.00
2010-09-23	24.64	24.69	24.51	24.59	4437700.00
2010-09-24	24.83	24.88	24.69	24.75	6132600.00
2010-09-27	24.79	24.81	24.64	24.64	4638800.00
2010-09-28	24.72	24.95	24.62	24.95	5453300.00
2010-09-29	24.90	25.18	24.75	25.05	6778900.00
2010-09-30	25.09	25.30	24.91	25.05	6022100.00
2010-10-01	25.15	25.21	24.97	25.06	5212600.00
2010-10-04	25.06	25.07	24.77	24.89	4680800.00
2010-10-05	25.09	25.37	24.99	25.30	5468200.00
2010-10-06	25.25	25.49	25.17	25.49	4981700.00
2010-10-07	25.56	25.65	25.33	25.43	3782400.00
2010-10-08	25.46	25.54	25.31	25.42	4539400.00
2010-10-11	25.47	25.60	25.43	25.52	3152400.00
2010-10-12	25.46	25.71	25.37	25.62	3733900.00
2010-10-13	25.71	25.71	25.55	25.65	5772600.00
2010-10-14	25.65	25.77	25.58	25.66	4715900.00
2010-10-15	25.83	25.99	25.71	25.89	6742200.00
2010-10-18	26.00	26.11	25.83	26.10	10374700.00
2010-10-19	25.84	25.95	25.52	25.68	6696200.00
2010-10-20	24.36	24.79	24.31	24.69	18242000.00
2010-10-21	24.59	24.64	24.16	24.34	10773400.00
2010-10-22	24.38	24.50	24.17	24.27	6708900.00
2010-10-25	24.33	24.42	24.04	24.09	8500300.00
2010-10-26	24.03	24.13	23.88	23.93	7667800.00
2010-10-27	23.81	23.99	23.78	23.96	7163400.00
2010-10-28	23.99	24.18	23.90	24.10	6306900.00
2010-10-29	24.09	24.14	23.90	24.14	6326300.00
2010-11-01	24.18	24.25	23.92	24.03	6940900.00
2010-11-02	24.16	24.27	24.05	24.26	5843000.00
2010-11-03	24.29	24.40	24.11	24.39	4714800.00
2010-11-04	24.53	24.57	24.32	24.52	19563700.00
2010-11-05	24.56	24.64	24.35	24.49	19177000.00
2010-11-08	24.53	24.60	24.43	24.50	18223300.00
2010-11-09	24.56	24.60	24.45	24.53	6519300.00
2010-11-10	24.52	24.52	24.19	24.33	6763500.00
2010-11-11	24.24	24.52	24.22	24.30	5473000.00
2010-11-12	24.24	24.28	24.15	24.17	5527300.00
2010-11-15	24.17	24.26	23.96	24.08	5821300.00
2010-11-16	23.96	24.17	23.83	23.94	5934500.00
2010-11-17	23.94	24.11	23.86	23.92	4032200.00
2010-11-18	24.03	24.26	24.02	24.19	4699100.00
2010-11-19	24.19	24.20	23.96	23.99	5109800.00
2010-11-22	23.99	24.03	23.75	24.02	4272000.00
2010-11-23	23.88	23.89	23.69	23.69	5980400.00
2010-11-24	23.75	23.86	23.72	23.79	5834300.00
2010-11-26	23.76	23.76	23.64	23.69	2807800.00
2010-11-29	23.62	23.67	23.33	23.56	5126700.00
2010-11-30	23.43	23.56	23.30	23.40	6176200.00
2010-12-01	23.62	23.86	23.58	23.82	6252100.00
2010-12-02	23.87	23.99	23.75	23.81	8527100.00
2010-12-03	23.81	23.86	23.58	23.74	16305000.00
2010-12-06	23.68	23.77	23.61	23.62	4658500.00
2010-12-07	23.77	23.80	23.51	23.71	15330600.00
2010-12-08	23.76	23.97	23.67	23.85	4641600.00
2010-12-09	23.98	24.33	23.89	24.10	6603700.00
2010-12-10	24.28	24.39	24.19	24.32	5813300.00
2010-12-13	24.38	24.47	24.28	24.31	8563300.00
2010-12-14	24.40	24.47	24.28	24.40	10706900.00
2010-12-15	24.30	24.54	24.30	24.42	9004000.00
2010-12-16	24.40	24.51	24.26	24.46	4629000.00
2010-12-17	24.43	24.44	24.19	24.34	8493700.00
2010-12-20	24.37	24.51	24.32	24.36	4608400.00
2010-12-21	24.47	24.56	24.38	24.43	3793700.00
2010-12-22	24.43	24.50	24.31	24.47	2846700.00
2010-12-23	24.49	24.61	24.47	24.49	2913600.00
2010-12-27	24.42	24.49	24.33	24.38	2002800.00
2010-12-28	24.47	24.47	24.34	24.37	2617900.00
2010-12-29	24.40	24.59	24.37	24.44	3177400.00
2010-12-30	24.40	24.54	24.31	24.35	3176500.00
2010-12-31	24.31	24.45	24.25	24.36	2979600.00
2011-01-03	24.45	24.52	24.33	24.33	7491700.00
2011-01-04	24.35	24.40	24.30	24.35	7729300.00
2011-01-05	24.33	24.37	24.18	24.18	11609100.00
2011-01-06	24.22	24.33	24.19	24.29	6037400.00
2011-01-07	24.29	24.36	24.20	24.26	8366900.00
2011-01-10	24.19	24.26	23.96	23.98	8807700.00
2011-01-11	24.00	24.29	23.99	24.27	11646800.00
2011-01-12	24.38	24.40	24.22	24.35	11675100.00
2011-01-13	24.38	24.39	24.18	24.26	4218000.00
2011-01-14	24.25	24.34	24.08	24.27	4993000.00
2011-01-18	24.28	24.40	24.17	24.19	6273000.00
2011-01-19	24.12	24.23	24.06	24.09	6668300.00
2011-01-20	24.06	24.17	23.99	24.16	6900400.00
2011-01-21	24.28	24.32	24.17	24.17	5620200.00
2011-01-24	24.10	24.24	24.10	24.18	12259000.00
2011-01-25	24.19	24.23	24.02	24.15	6893300.00
2011-01-26	24.24	24.35	24.13	24.30	6617200.00
2011-01-27	24.34	24.76	24.31	24.66	9754600.00
2011-01-28	24.64	24.74	24.16	24.17	17586000.00
2011-01-31	24.22	24.28	24.14	24.17	5704100.00
2011-02-01	24.22	24.49	24.16	24.48	6232300.00
2011-02-02	24.46	24.69	24.40	24.63	6754000.00
2011-02-03	24.56	24.79	24.54	24.77	20017900.00
2011-02-04	24.80	24.80	24.60	24.70	19844100.00
2011-02-07	24.75	24.93	24.69	24.89	21207700.00
2011-02-08	24.94	24.97	24.85	24.92	7706300.00
2011-02-09	24.89	24.89	24.73	24.88	6415500.00
2011-02-10	24.81	24.92	24.70	24.76	7107900.00
2011-02-11	24.67	24.67	24.32	24.33	9101700.00
2011-02-14	24.37	24.43	24.31	24.36	7215100.00
2011-02-15	24.36	24.37	24.28	24.30	6143500.00
2011-02-16	24.31	24.44	24.21	24.43	5705000.00
2011-02-17	24.34	24.62	24.33	24.57	4189000.00
2011-02-18	24.53	24.57	24.35	24.39	7277800.00
2011-02-22	24.19	24.39	24.11	24.27	7829700.00
2011-02-23	24.23	24.29	23.97	24.00	5926600.00
2011-02-24	23.99	24.14	23.94	24.05	5576500.00
2011-02-25	24.06	24.09	23.97	24.03	5821400.00
2011-02-28	24.14	24.36	24.07	24.36	5853300.00
2011-03-01	24.32	24.50	24.14	24.15	4837800.00
2011-03-02	24.09	24.18	24.00	24.17	4869400.00
2011-03-03	24.00	24.44	23.97	24.24	7070700.00
2011-03-04	24.28	24.46	24.25	24.39	6903800.00
2011-03-07	24.40	24.52	24.32	24.43	7097800.00
2011-03-08	24.44	24.74	24.37	24.66	6907800.00
2011-03-09	24.61	24.80	24.57	24.74	4693100.00
2011-03-10	24.74	24.81	24.49	24.51	5660700.00
2011-03-11	24.60	24.67	24.46	24.57	5137800.00
2011-03-14	24.45	24.60	24.36	24.48	11484600.00
2011-03-15	24.08	24.21	23.97	24.04	7572000.00
2011-03-16	24.04	24.04	23.59	23.71	8771200.00
2011-03-17	23.87	24.17	23.87	24.06	16946300.00
2011-03-18	24.31	24.33	24.12	24.31	6271000.00
2011-03-21	24.50	24.50	24.23	24.24	4656600.00
2011-03-22	24.36	24.50	24.32	24.37	3995800.00
2011-03-23	24.31	24.33	24.09	24.22	3677300.00
2011-03-24	24.28	24.46	24.19	24.39	3466800.00
2011-03-25	24.38	24.47	24.29	24.31	4750700.00
2011-03-28	24.29	24.41	24.24	24.26	5009800.00
2011-03-29	24.24	24.47	24.20	24.45	4423200.00
2011-03-30	24.58	24.83	24.52	24.80	6180700.00
2011-03-31	24.86	24.97	24.79	24.79	5860800.00
2011-04-01	24.82	24.87	24.59	24.67	6385300.00
2011-04-04	24.76	24.80	24.65	24.69	5073200.00
2011-04-05	24.64	24.85	24.64	24.68	4158100.00
2011-04-06	24.74	25.24	24.74	25.18	10337600.00
2011-04-07	25.14	25.23	25.00	25.19	6786600.00
2011-04-08	25.27	25.27	25.08	25.16	6119100.00
2011-04-11	25.22	25.41	25.19	25.29	5675500.00
2011-04-12	25.21	25.41	25.18	25.26	3578300.00
2011-04-13	25.31	25.34	25.12	25.15	5063400.00
2011-04-14	25.10	25.31	24.99	25.20	9595100.00
2011-04-15	25.31	25.42	25.27	25.38	11458100.00
2011-04-18	25.16	25.26	24.93	25.11	11452500.00
2011-04-19	25.19	25.39	24.95	25.17	6311700.00
2011-04-20	25.37	25.48	25.31	25.47	7168900.00
2011-04-21	25.46	25.88	25.39	25.56	11597500.00
2011-04-25	25.55	25.58	25.44	25.54	3641800.00
2011-04-26	25.72	26.03	25.61	25.96	6795100.00
2011-04-27	25.93	26.29	25.93	26.24	7015400.00
2011-04-28	26.17	26.38	26.10	26.32	4427300.00
2011-04-29	26.30	26.41	26.07	26.09	6882500.00
2011-05-02	26.23	26.45	26.22	26.30	8642300.00
2011-05-03	26.39	27.24	26.30	26.85	15087400.00
2011-05-04	26.85	26.99	26.70	26.87	15479900.00
2011-05-05	26.82	27.02	26.75	26.92	13642200.00
2011-05-06	27.07	27.24	26.95	27.06	9031600.00
2011-05-09	27.10	27.29	27.00	27.18	7901900.00
2011-05-10	27.27	27.32	27.12	27.30	6419100.00
2011-05-11	27.27	27.62	27.21	27.33	11591500.00
2011-05-12	27.29	27.79	27.25	27.67	8522600.00
2011-05-13	27.68	27.87	27.63	27.81	7120700.00
2011-05-16	27.81	28.13	27.77	27.95	8632400.00
2011-05-17	27.82	27.99	27.75	27.94	5197600.00
2011-05-18	27.99	28.02	27.50	27.67	12087300.00
2011-05-19	27.73	27.76	27.49	27.64	7521700.00
2011-05-20	27.60	27.72	27.36	27.45	7899800.00
2011-05-23	27.22	27.49	27.12	27.42	7087500.00
2011-05-24	27.40	27.67	27.31	27.57	5281700.00
2011-05-25	27.38	27.50	27.22	27.35	7009800.00
2011-05-26	27.39	27.47	27.05	27.07	8494300.00
2011-05-27	27.07	27.17	26.87	27.02	6648300.00
2011-05-31	27.23	27.49	27.05	27.47	8168400.00
2011-06-01	27.35	27.47	27.07	27.09	6470400.00
2011-06-02	27.10	27.10	26.68	26.79	6794700.00
2011-06-03	26.60	26.67	26.42	26.45	7027500.00
2011-06-06	26.45	26.59	26.39	26.50	6607800.00
2011-06-07	26.68	26.92	26.59	26.60	5866000.00
2011-06-08	26.57	26.69	26.50	26.61	5483900.00
2011-06-09	26.60	27.03	26.57	26.93	6241900.00
2011-06-10	26.92	26.98	26.45	26.45	7572400.00
2011-06-13	26.53	26.70	26.48	26.57	6848900.00
2011-06-14	26.70	26.97	26.65	26.85	6506400.00
2011-06-15	26.75	26.95	26.51	26.56	6333500.00
2011-06-16	26.47	26.62	26.42	26.57	5911200.00
2011-06-17	26.72	26.95	26.60	26.65	7188400.00
2011-06-20	26.70	26.83	26.61	26.82	12416000.00
2011-06-21	26.88	27.06	26.85	26.97	4473000.00
2011-06-22	26.85	27.04	26.85	26.90	5631300.00
2011-06-23	26.77	26.85	26.27	26.55	8335800.00
2011-06-24	26.60	26.60	26.20	26.25	6158600.00
2011-06-27	26.32	26.44	26.13	26.30	4255600.00
2011-06-28	26.40	26.67	26.32	26.67	6028100.00
2011-06-29	26.80	26.80	26.52	26.61	5658100.00
2011-06-30	26.75	26.85	26.55	26.80	7044300.00
2011-07-01	26.76	26.90	26.61	26.90	8036800.00
2011-07-05	26.91	26.92	26.53	26.62	9685800.00
2011-07-06	26.53	26.95	26.53	26.89	6991700.00
2011-07-07	27.06	27.06	26.87	27.02	6109700.00
2011-07-08	26.88	27.00	26.70	26.92	4192500.00
2011-07-11	26.71	26.75	26.55	26.62	4080300.00
2011-07-12	26.55	27.05	26.52	26.77	6437800.00
2011-07-13	26.82	27.14	26.72	26.82	5672600.00
2011-07-14	26.77	27.55	26.77	27.42	13546700.00
2011-07-15	27.53	27.53	27.05	27.37	8511500.00
2011-07-18	27.30	27.40	27.02	27.17	6450200.00
2011-07-19	27.29	27.40	27.12	27.31	6826800.00
2011-07-20	27.31	27.45	27.17	27.25	5965200.00
2011-07-21	27.35	28.40	27.35	28.07	16441400.00
2011-07-22	27.99	28.02	27.57	27.63	7580900.00
2011-07-25	27.47	27.72	27.36	27.42	5358100.00
2011-07-26	27.46	27.58	27.41	27.46	5327300.00
2011-07-27	27.36	27.60	27.07	27.12	7074500.00
2011-07-28	27.20	27.45	27.10	27.13	20393200.00
2011-07-29	26.98	27.53	26.79	27.35	26942600.00
2011-08-01	27.78	27.78	26.74	27.11	19511900.00
2011-08-02	27.00	27.02	26.52	26.53	16525000.00
2011-08-03	26.51	26.75	26.18	26.64	8410600.00
2011-08-04	26.36	26.36	25.59	25.59	10905900.00
2011-08-05	25.73	26.22	25.22	25.87	15044700.00
2011-08-08	25.36	25.70	24.74	24.85	14778200.00
2011-08-09	25.10	25.47	24.10	25.45	29025000.00
2011-08-10	25.15	25.42	24.56	24.62	14628700.00
2011-08-11	24.61	25.83	24.49	25.57	13633500.00
2011-08-12	25.70	25.79	25.20	25.25	11800800.00
2011-08-15	25.54	25.96	25.43	25.91	11231800.00
2011-08-16	25.70	26.04	25.51	25.85	5977200.00
2011-08-17	25.91	26.17	25.62	25.88	6050800.00
2011-08-18	25.44	25.60	25.12	25.36	9590700.00
2011-08-19	25.10	25.63	25.10	25.36	7381800.00
2011-08-22	25.73	25.97	25.49	25.65	7740500.00
2011-08-23	25.74	26.04	25.55	26.02	11905400.00
2011-08-24	26.01	26.38	25.91	26.36	6038700.00
2011-08-25	26.40	26.40	25.74	25.99	6843700.00
2011-08-26	25.78	26.20	25.31	25.91	7599000.00
2011-08-29	26.10	26.79	26.08	26.79	6909600.00
2011-08-30	26.50	27.08	26.47	26.92	7756700.00
2011-08-31	27.07	27.29	26.93	27.17	8745900.00
2011-09-01	27.21	27.41	26.83	26.89	6322700.00
2011-09-02	26.49	26.74	26.33	26.39	7199400.00
2011-09-06	25.86	26.35	25.73	26.24	7619800.00
2011-09-07	26.51	26.79	26.41	26.75	6053200.00
2011-09-08	26.72	27.12	26.54	26.80	6645300.00
2011-09-09	26.79	26.87	26.06	26.17	9365100.00
2011-09-12	25.99	26.13	25.67	26.10	6807800.00
2011-09-13	26.07	26.64	26.00	26.58	7568400.00
2011-09-14	26.67	27.19	26.47	26.92	9023800.00
2011-09-15	27.24	27.24	26.75	27.12	8448500.00
2011-09-16	27.40	27.41	27.04	27.38	7975700.00
2011-09-19	26.99	27.28	26.85	27.17	5706700.00
2011-09-20	27.23	27.78	27.09	27.43	6242300.00
2011-09-21	27.48	27.67	26.87	26.88	7545200.00
2011-09-22	26.41	26.58	26.15	26.48	9340700.00
2011-09-23	26.36	26.47	25.89	26.12	11861900.00
2011-09-26	26.36	26.56	26.18	26.54	15018700.00
2011-09-27	26.94	27.27	26.75	26.93	7601600.00
2011-09-28	26.88	27.41	26.88	26.97	7820900.00
2011-09-29	27.28	27.52	26.67	26.98	13519500.00
2011-09-30	26.77	27.16	26.71	26.78	7368300.00
2011-10-03	26.81	27.24	26.31	26.31	10378700.00
2011-10-04	26.02	26.60	25.85	26.60	10299100.00
2011-10-05	26.64	26.88	26.39	26.82	6679600.00
2011-10-06	26.75	27.00	26.62	26.96	6733300.00
2011-10-07	27.19	27.70	27.07	27.46	9975800.00
2011-10-10	27.78	28.05	27.65	27.82	5480000.00
2011-10-11	27.65	27.71	27.30	27.30	8759200.00
2011-10-12	27.32	27.59	27.19	27.24	9029300.00
2011-10-13	27.45	27.62	27.11	27.52	5861000.00
2011-10-14	27.75	27.79	27.61	27.73	4710300.00
2011-10-17	27.62	27.80	27.44	27.50	6213000.00
2011-10-18	27.44	28.07	27.31	27.88	5550400.00
2011-10-19	28.01	28.23	27.85	28.03	6662100.00
2011-10-20	27.90	28.14	27.54	27.96	8612400.00
2011-10-21	27.85	28.07	27.33	27.57	11893400.00
2011-10-24	27.47	27.72	27.41	27.66	6443700.00
2011-10-25	27.57	27.67	27.04	27.10	6203700.00
2011-10-26	27.36	27.37	26.91	27.16	7208200.00
2011-10-27	27.82	27.83	27.33	27.43	9113900.00
2011-10-28	27.58	27.78	27.47	27.72	5430000.00
2011-10-31	27.49	27.63	26.91	26.91	10771300.00
2011-11-01	26.64	27.33	26.54	26.96	10497600.00
2011-11-02	27.25	27.31	26.98	27.15	5233400.00
2011-11-03	27.33	27.61	27.25	27.56	25756700.00
2011-11-04	27.50	27.51	27.23	27.48	25551000.00
2011-11-07	27.38	27.81	27.26	27.78	26566100.00
2011-11-08	27.80	28.28	27.62	28.24	6426000.00
2011-11-09	27.91	27.91	27.30	27.41	8454800.00
2011-11-10	27.67	27.74	27.28	27.32	8292800.00
2011-11-11	27.59	27.82	27.55	27.77	4408400.00
2011-11-14	27.60	27.71	27.47	27.63	3990900.00
2011-11-15	27.60	27.74	27.41	27.63	4423200.00
2011-11-16	27.50	27.50	27.00	27.02	6153000.00
2011-11-17	27.08	27.22	26.79	27.01	5687500.00
2011-11-18	27.15	27.18	26.89	27.07	5101600.00
2011-11-21	26.83	26.97	26.63	26.66	5887500.00
2011-11-22	26.68	26.72	26.42	26.52	5030800.00
2011-11-23	26.33	26.39	26.14	26.16	3866100.00
2011-11-25	26.09	26.19	26.02	26.11	2364200.00
2011-11-28	26.69	26.82	26.48	26.61	6754300.00
2011-11-29	26.80	26.83	26.42	26.52	5956200.00
2011-11-30	27.04	27.78	27.04	27.77	8610000.00
2011-12-01	27.67	27.82	27.56	27.62	6250200.00
2011-12-02	27.74	27.80	27.41	27.42	5497400.00
2011-12-05	27.65	27.71	27.37	27.45	6042200.00
2011-12-06	27.79	28.70	27.71	28.51	16567500.00
2011-12-07	28.81	29.45	28.71	28.93	16615300.00
2011-12-08	28.91	28.97	28.47	28.54	8934700.00
2011-12-09	28.86	28.98	28.68	28.81	6309400.00
2011-12-12	28.82	28.91	28.41	28.61	4764500.00
2011-12-13	28.65	29.53	28.65	29.09	11747800.00
2011-12-14	29.06	29.70	28.99	29.38	12965800.00
2011-12-15	29.67	30.36	29.60	30.25	13059100.00
2011-12-16	30.40	30.40	29.67	29.74	12555400.00
2011-12-19	29.93	30.40	29.80	29.89	6979300.00
2011-12-20	30.19	30.22	29.89	30.17	8060000.00
2011-12-21	30.22	30.50	30.16	30.50	5994000.00
2011-12-22	30.65	30.72	30.29	30.42	4904000.00
2011-12-23	30.53	30.61	30.28	30.55	6535300.00
2011-12-27	30.43	30.73	30.41	30.63	3094400.00
2011-12-28	30.65	30.71	30.25	30.30	3230700.00
2011-12-29	30.41	30.57	30.39	30.45	4186400.00
2011-12-30	30.44	30.76	30.43	30.50	4391600.00
2012-01-03	30.78	30.84	30.57	30.67	6905200.00
2012-01-04	30.71	30.71	29.84	29.87	10240800.00
2012-01-05	28.93	29.62	28.80	29.57	14691100.00
2012-01-06	29.33	29.50	29.21	29.26	6329600.00
2012-01-09	29.31	29.31	29.06	29.21	12353900.00
2012-01-10	29.43	29.75	29.40	29.59	6838800.00
2012-01-11	29.42	29.48	29.22	29.34	5085900.00
2012-01-12	29.34	29.54	29.34	29.48	4299500.00
2012-01-13	29.32	29.39	29.09	29.31	4420100.00
2012-01-17	29.47	29.64	29.35	29.37	5899600.00
2012-01-18	29.39	29.62	29.39	29.48	5173700.00
2012-01-19	29.56	29.64	29.40	29.48	7180500.00
2012-01-20	29.51	29.59	29.14	29.21	8713700.00
2012-01-23	29.24	29.26	28.76	28.91	9629000.00
2012-01-24	28.84	29.09	28.84	29.06	5868400.00
2012-01-25	29.02	29.33	28.78	29.27	5893300.00
2012-01-26	29.28	29.37	28.87	28.94	8690300.00
2012-01-27	28.98	28.98	28.62	28.76	6763100.00
2012-01-30	28.65	28.95	28.57	28.80	26016300.00
2012-01-31	29.22	29.23	28.87	29.16	13418400.00
2012-02-01	29.22	29.43	29.15	29.20	7765400.00
2012-02-02	29.30	29.35	28.80	29.06	6862800.00
2012-02-03	28.87	29.13	28.87	28.99	5911000.00
2012-02-06	29.04	29.15	28.90	29.09	7081300.00
2012-02-07	29.03	29.11	28.89	28.98	5838600.00
2012-02-08	28.97	29.24	28.92	29.19	7530400.00
2012-02-09	29.16	29.23	28.95	29.00	31139800.00
2012-02-10	28.92	28.92	28.69	28.84	6938600.00
2012-02-13	29.05	29.10	28.81	28.87	4656400.00
2012-02-14	28.68	28.76	28.46	28.60	5989700.00
2012-02-15	28.72	28.79	28.54	28.66	4462100.00
2012-02-16	28.66	28.78	28.54	28.77	3825300.00
2012-02-17	28.90	29.20	28.80	29.17	7182600.00
2012-02-21	29.28	29.28	28.76	28.79	6858500.00
2012-02-22	28.74	28.92	28.74	28.84	4360400.00
2012-02-23	28.77	28.89	28.70	28.82	3696800.00
2012-02-24	28.88	29.11	28.86	29.02	11409900.00
2012-02-27	29.01	29.25	28.84	29.11	5097000.00
2012-02-28	29.22	29.30	29.10	29.28	6218400.00
2012-02-29	29.30	29.35	29.13	29.16	4272500.00
2012-03-01	29.10	29.28	29.10	29.24	4590100.00
2012-03-02	29.26	29.42	29.20	29.33	5231700.00
2012-03-05	29.25	29.39	29.04	29.07	4875800.00
2012-03-06	29.13	29.22	28.65	28.71	5938400.00
2012-03-07	28.70	28.94	28.70	28.87	4043200.00
2012-03-08	28.96	29.19	28.96	29.12	4478000.00
2012-03-09	29.23	29.43	29.14	29.39	4906800.00
2012-03-12	29.42	29.59	29.39	29.57	4713200.00
2012-03-13	29.62	29.88	29.58	29.85	4835700.00
2012-03-14	29.84	30.06	29.83	29.91	4644300.00
2012-03-15	29.90	30.03	29.77	29.93	3802400.00
2012-03-16	29.94	30.05	29.68	29.87	9659000.00
2012-03-19	29.77	30.02	29.66	29.96	4278300.00
2012-03-20	29.85	29.94	29.65	29.74	4442500.00
2012-03-21	29.73	29.82	29.57	29.68	4671700.00
2012-03-22	29.40	29.61	29.33	29.58	3949400.00
2012-03-23	29.74	29.75	29.51	29.62	5203400.00
2012-03-26	29.71	30.02	29.70	29.92	5361100.00
2012-03-27	30.00	30.03	29.85	29.91	4183400.00
2012-03-28	29.96	30.00	29.62	29.95	4874800.00
2012-03-29	29.76	29.79	29.47	29.69	5311500.00
2012-03-30	29.77	29.99	29.68	29.92	4784300.00
2012-04-02	29.94	30.20	29.89	30.08	5233900.00
2012-04-03	30.08	30.16	29.82	29.96	3340400.00
2012-04-04	29.83	30.06	29.74	29.97	4175400.00
2012-04-05	29.82	30.09	29.80	30.08	4379400.00
2012-04-09	29.96	29.96	29.50	29.51	7599800.00
2012-04-10	29.43	29.66	29.29	29.29	6691900.00
2012-04-11	29.50	29.51	29.27	29.33	5141900.00
2012-04-12	29.39	29.44	29.23	29.41	6299800.00
2012-04-13	29.39	29.42	29.10	29.11	5438100.00
2012-04-16	29.19	29.50	29.18	29.42	10405800.00
2012-04-17	29.48	29.77	29.35	29.77	4826200.00
2012-04-18	29.65	29.75	29.49	29.50	6856700.00
2012-04-19	29.54	29.60	29.41	29.54	4995300.00
2012-04-20	29.49	29.77	29.48	29.65	7548300.00
2012-04-23	29.57	29.61	29.46	29.58	4348800.00
2012-04-24	29.64	29.72	29.48	29.69	4844700.00
2012-04-25	30.03	30.39	29.81	30.32	8205700.00
2012-04-26	30.30	30.46	30.17	30.37	4763200.00
2012-04-27	30.54	30.78	30.52	30.69	20040500.00
2012-04-30	30.56	30.85	30.56	30.75	23371700.00
2012-05-01	30.70	30.81	30.56	30.64	6352200.00
2012-05-02	30.58	30.83	30.56	30.82	4856600.00
2012-05-03	30.83	30.84	30.61	30.66	5050800.00
2012-05-04	30.61	30.76	30.46	30.67	7203900.00
2012-05-07	30.54	30.99	30.46	30.92	6084500.00
2012-05-08	30.90	30.95	30.78	30.92	7069500.00
2012-05-09	30.70	30.83	30.47	30.69	6102700.00
2012-05-10	30.81	31.07	30.73	31.02	6195200.00
2012-05-11	30.95	31.20	30.84	31.02	5000000.00
2012-05-14	30.86	31.02	30.67	30.77	6009900.00
2012-05-15	30.72	30.78	30.42	30.51	5660500.00
2012-05-16	30.56	30.71	30.48	30.64	4080800.00
2012-05-17	30.62	30.78	30.47	30.47	5824200.00
2012-05-18	30.53	30.70	30.33	30.40	8350600.00
2012-05-21	30.43	30.60	30.34	30.55	4955700.00
2012-05-22	30.57	30.95	30.46	30.83	9236300.00
2012-05-23	30.77	30.83	30.34	30.58	7941300.00
2012-05-24	30.61	30.95	30.56	30.95	5630300.00
2012-05-25	30.91	31.20	30.83	30.91	4076000.00
2012-05-29	31.01	31.24	30.98	31.05	4191100.00
2012-05-30	30.98	31.16	30.80	30.82	4578900.00
2012-05-31	30.89	31.02	30.66	30.79	6573800.00
2012-06-01	30.58	30.62	30.16	30.19	6387700.00
2012-06-04	30.16	30.32	30.02	30.19	6544300.00
2012-06-05	30.19	30.59	30.10	30.54	5447800.00
2012-06-06	30.62	30.83	30.52	30.83	10635500.00
2012-06-07	30.99	31.19	30.92	31.03	7191400.00
2012-06-08	31.01	31.39	30.98	31.22	7114100.00
2012-06-11	31.38	31.51	31.05	31.19	5598900.00
2012-06-12	31.25	31.33	31.06	31.31	4674100.00
2012-06-13	31.31	31.46	31.13	31.25	3553300.00
2012-06-14	31.28	31.57	31.20	31.43	5375600.00
2012-06-15	31.59	31.71	31.53	31.57	6396400.00
2012-06-18	31.41	31.65	31.41	31.61	3686600.00
2012-06-19	31.79	31.93	31.70	31.80	4149900.00
2012-06-20	31.76	31.78	31.49	31.61	3412600.00
2012-06-21	31.72	31.86	31.36	31.40	4243200.00
2012-06-22	31.55	31.68	31.44	31.63	4331800.00
2012-06-25	31.43	31.46	31.17	31.18	4376800.00
2012-06-26	31.15	31.39	31.15	31.25	4070600.00
2012-06-27	31.31	31.63	31.29	31.52	4267700.00
2012-06-28	31.55	31.68	31.13	31.65	5075000.00
2012-06-29	31.97	32.26	31.92	32.26	6136800.00
2012-07-02	32.37	32.49	32.23	32.32	4709200.00
2012-07-03	32.29	32.56	32.19	32.45	2294200.00
2012-07-05	32.37	32.37	32.18	32.22	3760200.00
2012-07-06	32.10	32.13	31.89	32.07	3244300.00
2012-07-09	32.06	32.32	32.06	32.29	3113600.00
2012-07-10	32.39	32.44	32.12	32.22	4142000.00
2012-07-11	32.07	32.26	31.97	32.18	4062700.00
2012-07-12	32.08	32.28	31.96	32.21	4075600.00
2012-07-13	32.27	32.71	32.13	32.52	4580100.00
2012-07-16	32.49	33.00	32.47	32.97	5779500.00
2012-07-17	33.14	33.28	32.93	33.05	11535500.00
2012-07-18	32.97	33.59	32.92	33.46	9138900.00
2012-07-19	33.47	33.53	33.37	33.38	4592100.00
2012-07-20	33.20	33.28	33.07	33.21	6506800.00
2012-07-23	33.00	33.07	32.77	32.95	4538100.00
2012-07-24	32.13	32.22	31.27	31.56	17930800.00
2012-07-25	32.53	32.77	32.01	32.42	12960200.00
2012-07-26	32.87	32.98	32.61	32.79	6966400.00
2012-07-27	33.08	33.48	33.07	33.36	7526500.00
2012-07-30	33.01	33.15	32.81	33.12	6791100.00
2012-07-31	33.14	33.39	33.07	33.10	7260000.00
2012-08-01	33.17	33.38	32.92	32.98	8163800.00
2012-08-02	32.84	33.04	32.45	32.57	6742000.00
2012-08-03	33.06	33.23	33.01	33.19	5380100.00
2012-08-06	33.17	33.18	32.86	32.86	3838700.00
2012-08-07	32.49	32.71	31.73	32.14	11700700.00
2012-08-08	32.14	32.33	32.04	32.22	5464700.00
2012-08-09	32.19	32.29	31.99	32.12	5164300.00
2012-08-10	32.13	32.85	32.00	32.78	11829200.00
2012-08-13	32.63	32.69	32.40	32.55	3928300.00
2012-08-14	32.69	32.71	32.44	32.49	3274600.00
2012-08-15	32.48	32.72	32.48	32.68	5168600.00
2012-08-16	32.67	32.71	32.42	32.51	3271500.00
2012-08-17	32.58	32.58	32.14	32.26	4521500.00
2012-08-20	32.26	32.26	32.10	32.20	3892400.00
2012-08-21	32.31	32.31	32.01	32.10	4195400.00
2012-08-22	32.07	32.23	32.03	32.07	4709000.00
2012-08-23	32.06	32.30	32.03	32.24	4589600.00
2012-08-24	34.07	34.23	32.97	33.35	48000900.00
2012-08-27	33.27	34.20	33.27	33.91	15116900.00
2012-08-28	33.94	34.56	33.62	34.00	13256500.00
2012-08-29	33.91	34.42	33.75	34.35	8328900.00
2012-08-30	34.22	34.22	33.94	34.14	5234500.00
2012-08-31	34.27	34.44	33.97	34.15	6397500.00
2012-09-04	34.19	34.53	34.00	34.44	6948400.00
2012-09-05	34.88	35.25	34.77	34.83	11305000.00
2012-09-06	34.96	35.63	34.96	35.59	8553600.00
2012-09-07	35.52	35.64	35.20	35.47	9900100.00
2012-09-10	35.54	35.62	35.37	35.37	4721800.00
2012-09-11	35.47	35.51	35.29	35.35	4263300.00
2012-09-12	35.34	35.63	35.33	35.40	3977600.00
2012-09-13	35.45	35.94	35.21	35.85	5501100.00
2012-09-14	35.75	35.75	35.37	35.53	6510400.00
2012-09-17	35.39	35.69	35.38	35.61	7230400.00
2012-09-18	35.37	35.79	35.37	35.67	4155500.00
2012-09-19	35.56	35.88	35.50	35.63	5176800.00
2012-09-20	35.56	35.81	35.55	35.75	4905700.00
2012-09-21	35.87	36.32	35.81	36.09	8368200.00
2012-09-24	36.12	36.22	35.86	36.04	4873400.00
2012-09-25	36.13	36.38	36.05	36.08	4395100.00
2012-09-26	36.08	36.27	35.62	35.89	4792400.00
2012-09-27	36.01	36.29	35.81	36.23	5020300.00
2012-09-28	36.02	36.13	35.74	36.05	5941800.00
2012-10-01	36.11	36.53	36.09	36.17	5301900.00
2012-10-02	36.35	36.61	36.34	36.45	4948300.00
2012-10-03	36.54	36.80	36.45	36.73	5763600.00
2012-10-04	36.85	37.22	36.82	37.08	7990400.00
2012-10-05	37.05	37.18	36.48	36.67	7089400.00
2012-10-08	36.54	38.73	36.32	38.61	28624000.00
2012-10-09	39.10	40.72	38.76	39.40	29784100.00
2012-10-10	39.33	39.44	38.08	38.19	11520300.00
2012-10-11	38.44	38.68	38.25	38.48	6467400.00
2012-10-12	38.07	38.58	38.02	38.36	6823400.00
2012-10-15	38.70	40.43	38.64	39.94	12886200.00
2012-10-16	40.18	40.97	40.15	40.80	11263700.00
2012-10-17	40.89	41.05	40.46	40.81	5918400.00
2012-10-18	40.65	40.95	40.32	40.92	7926300.00
2012-10-19	40.97	40.97	39.96	40.19	6781500.00
2012-10-22	40.59	40.66	39.49	39.75	9336600.00
2012-10-23	39.44	39.57	38.45	39.47	10998200.00
2012-10-24	38.00	39.21	37.81	38.40	14232600.00
2012-10-25	38.48	38.92	38.35	38.84	7109800.00
2012-10-26	38.75	38.78	38.12	38.18	6047600.00
2012-10-31	38.64	38.64	36.60	36.98	13386400.00
2012-11-01	37.18	37.78	36.62	37.34	8200800.00
2012-11-02	37.56	37.62	36.92	36.92	10584600.00
2012-11-05	36.78	37.18	36.73	37.09	4246100.00
2012-11-06	37.11	37.36	36.94	37.09	5705500.00
2012-11-07	36.89	37.27	36.15	36.64	9276000.00
2012-11-08	36.59	36.67	36.08	36.10	23062400.00
2012-11-09	35.84	36.50	35.84	36.10	15307500.00
2012-11-12	36.12	36.99	36.04	36.73	7293700.00
2012-11-13	36.61	36.84	36.20	36.21	7142600.00
2012-11-14	36.29	36.57	35.34	35.51	9323100.00
2012-11-15	35.47	35.65	34.48	35.31	6867700.00
2012-11-16	35.34	35.53	34.90	35.27	8915600.00
2012-11-19	35.57	36.16	35.45	36.13	8489500.00
2012-11-20	36.13	36.33	35.91	36.25	4547600.00
2012-11-21	36.36	36.44	36.07	36.43	3922900.00
2012-11-23	36.47	36.69	36.42	36.67	2254200.00
2012-11-26	36.37	36.82	36.02	36.82	7630800.00
2012-11-27	36.73	37.08	36.50	36.63	5380000.00
2012-11-28	36.59	36.91	36.30	36.90	3654200.00
2012-11-29	37.10	37.46	37.05	37.32	4395700.00
2012-11-30	37.34	37.76	37.17	37.67	6859200.00
2012-12-03	37.80	38.11	37.49	37.58	5651800.00
2012-12-04	37.57	38.00	37.53	37.81	5488200.00
2012-12-05	37.81	38.18	37.63	38.09	5268300.00
2012-12-06	38.13	38.14	37.83	37.95	5151100.00
2012-12-07	38.00	38.15	37.79	38.13	2972400.00
2012-12-10	38.11	38.65	37.79	38.50	4296900.00
2012-12-11	38.57	38.99	38.52	38.87	5401500.00
2012-12-12	37.83	38.41	37.50	37.64	18763400.00
2012-12-13	37.78	37.85	36.85	37.05	10167100.00
2012-12-14	36.91	36.94	36.57	36.71	6357400.00
2012-12-17	36.72	37.30	36.70	37.13	7445300.00
2012-12-18	37.31	38.06	37.14	38.04	13440200.00
2012-12-19	37.96	38.12	37.57	37.58	7036700.00
2012-12-20	37.56	37.91	37.42	37.83	6572200.00
2012-12-21	37.54	38.17	37.45	38.06	12842500.00
2012-12-24	37.99	37.99	37.49	37.67	2765100.00
2012-12-26	37.72	37.83	37.35	37.69	3680400.00
2012-12-27	37.63	37.94	37.27	37.62	4349100.00
2012-12-28	37.37	37.78	37.30	37.33	3646300.00
2012-12-31	37.26	37.91	37.16	37.89	5245200.00
2013-01-02	38.36	38.65	37.79	38.03	8352400.00
2013-01-03	38.04	38.29	37.80	38.19	7448100.00
2013-01-04	39.22	39.87	38.94	39.61	13587200.00
2013-01-07	39.42	39.87	39.19	39.55	6989100.00
2013-01-08	39.50	39.96	39.39	39.85	5246100.00
2013-01-09	40.09	40.76	39.95	40.69	7267200.00
2013-01-10	40.91	41.12	40.61	40.91	6324400.00
2013-01-11	40.99	41.02	40.68	40.80	5126500.00
2013-01-14	40.87	41.04	40.52	40.56	6286100.00
2013-01-15	40.45	40.99	40.45	40.94	5915600.00
2013-01-16	40.84	40.95	40.50	40.66	4467100.00
2013-01-17	40.41	41.07	40.35	40.97	4880800.00
2013-01-18	40.95	41.31	40.66	41.31	6557400.00
2013-01-22	41.27	41.31	40.81	41.05	6089100.00
2013-01-23	40.52	40.68	40.10	40.25	10413800.00
2013-01-24	40.41	40.91	40.41	40.84	6719100.00
2013-01-25	40.84	41.23	40.78	40.88	6028200.00
2013-01-28	40.81	40.91	40.30	40.44	8054100.00
2013-01-29	40.53	42.15	40.53	41.73	11003300.00
2013-01-30	41.66	42.08	41.47	41.60	6316700.00
2013-01-31	41.54	41.60	40.88	41.24	5121400.00
2013-02-01	41.14	41.85	41.14	41.64	4205500.00
2013-02-04	41.36	41.39	41.07	41.14	4968900.00
2013-02-05	41.30	41.78	41.30	41.56	3519900.00
2013-02-06	41.43	41.60	41.20	41.43	3575100.00
2013-02-07	41.37	41.42	40.88	41.31	5233900.00
2013-02-08	41.21	41.48	41.14	41.27	17142800.00
2013-02-11	41.14	41.53	41.08	41.41	18307300.00
2013-02-12	41.28	41.41	41.24	41.33	19666700.00
2013-02-13	41.40	41.44	41.29	41.43	4385000.00
2013-02-14	41.26	41.54	41.23	41.48	4276900.00
2013-02-15	41.48	41.86	41.48	41.55	5482800.00
2013-02-19	41.57	42.00	41.55	42.00	3981200.00
2013-02-20	41.99	42.39	41.94	42.09	4446300.00
2013-02-21	41.95	42.06	41.81	41.88	5512500.00
2013-02-22	41.92	42.07	41.50	42.07	5519000.00
2013-02-25	42.25	42.58	41.69	41.69	6361000.00
2013-02-26	41.93	42.27	41.65	42.20	4772100.00
2013-02-27	42.25	42.63	42.06	42.48	3972000.00
2013-02-28	42.39	42.62	42.31	42.38	5877500.00
2013-03-01	42.10	42.52	42.10	42.47	4592600.00
2013-03-04	42.38	42.57	42.27	42.45	4424200.00
2013-03-05	42.62	43.21	42.57	43.06	4866800.00
2013-03-06	43.09	43.16	42.58	42.70	6787700.00
2013-03-07	42.71	43.07	42.70	42.91	3602300.00
2013-03-08	43.03	43.10	42.62	42.76	4824800.00
2013-03-11	42.69	42.82	42.48	42.69	4766200.00
2013-03-12	42.69	42.97	42.60	42.70	3870600.00
2013-03-13	42.75	42.85	42.64	42.69	3623700.00
2013-03-14	43.00	43.14	42.49	42.69	5357000.00
2013-03-15	42.39	42.74	42.17	42.74	10614700.00
2013-03-18	42.35	42.60	42.28	42.38	3926500.00
2013-03-19	42.51	42.61	42.25	42.48	3337200.00
2013-03-20	42.68	42.99	42.65	42.87	3802800.00
2013-03-21	42.67	42.86	42.55	42.70	2702500.00
2013-03-22	42.83	43.17	42.74	43.08	2811100.00
2013-03-25	43.18	43.25	42.84	43.12	4675200.00
2013-03-26	43.34	43.94	43.24	43.64	5107900.00
2013-03-27	43.44	43.77	43.38	43.70	3417800.00
2013-03-28	43.81	44.14	43.66	44.03	4223200.00
2013-04-01	43.93	44.03	43.58	43.89	3668000.00
2013-04-02	43.90	44.30	43.64	43.80	4040300.00
2013-04-03	43.93	44.37	43.86	44.07	5563600.00
2013-04-04	44.07	44.41	43.85	44.13	3016200.00
2013-04-05	43.76	43.89	43.58	43.79	3001200.00
2013-04-08	43.76	44.05	43.32	44.05	3691900.00
2013-04-09	44.16	44.37	43.86	43.99	4145100.00
2013-04-10	44.36	44.72	44.35	44.65	3238000.00
2013-04-11	44.69	45.17	44.64	44.96	4048000.00
2013-04-12	44.79	45.23	44.47	44.58	4709100.00
2013-04-15	44.20	44.77	43.79	43.79	5645800.00
2013-04-16	44.03	44.44	43.83	44.33	4130500.00
2013-04-17	44.17	44.68	43.99	44.55	4147400.00
2013-04-18	44.56	44.58	43.55	43.64	4098600.00
2013-04-19	43.85	44.53	43.70	44.51	4892900.00
2013-04-22	44.55	44.68	44.18	44.64	2732900.00
2013-04-23	44.92	45.27	44.59	45.22	4014600.00
2013-04-24	44.89	45.22	43.43	43.45	6678800.00
2013-04-25	43.71	43.80	42.65	43.75	7431300.00
2013-04-26	43.76	44.00	43.63	43.77	3457300.00
2013-04-29	43.87	43.90	43.25	43.42	4852700.00
2013-04-30	43.34	43.34	42.76	42.93	4679000.00
2013-05-01	42.72	42.74	41.98	42.05	5789900.00
2013-05-02	42.11	42.51	41.98	42.41	4060900.00
2013-05-03	42.79	42.79	42.31	42.63	3407600.00
2013-05-06	42.65	42.76	42.10	42.23	4618300.00
2013-05-07	42.27	42.32	41.75	42.00	6318500.00
2013-05-08	42.04	42.47	41.99	42.27	5429000.00
2013-05-09	42.31	42.59	42.13	42.30	12817600.00
2013-05-10	41.84	42.50	41.77	42.50	15278800.00
2013-05-13	42.42	43.65	42.29	43.63	18982900.00
2013-05-14	43.65	43.94	43.57	43.69	4821500.00
2013-05-15	43.73	44.66	43.73	44.36	5386200.00
2013-05-16	44.23	44.23	43.65	43.75	3819900.00
2013-05-17	43.77	43.98	43.29	43.72	3762700.00
2013-05-20	43.72	43.75	42.92	43.03	4242600.00
2013-05-21	43.07	43.35	42.75	43.12	4220100.00
2013-05-22	43.22	43.84	42.75	42.95	4569300.00
2013-05-23	42.76	43.25	42.63	42.81	3953000.00
2013-05-24	42.62	42.62	42.15	42.34	4983600.00
2013-05-28	42.79	43.16	42.48	42.65	4344000.00
2013-05-29	42.42	42.51	41.79	42.04	4201600.00
2013-05-30	42.18	42.72	42.07	42.29	4393500.00
2013-05-31	42.17	42.28	41.57	41.57	4827100.00
2013-06-03	41.51	41.64	41.07	41.56	4173000.00
2013-06-04	41.56	41.78	40.84	41.06	4093300.00
2013-06-05	40.92	41.35	40.48	40.52	4540700.00
2013-06-06	40.58	41.00	40.15	40.74	4976800.00
2013-06-07	41.12	41.50	40.89	41.05	4367400.00
2013-06-10	41.21	41.32	40.78	41.17	4212600.00
2013-06-11	40.85	40.92	40.49	40.62	5268400.00
2013-06-12	40.91	41.14	40.48	40.49	3507000.00
2013-06-13	40.42	40.58	39.75	40.55	7099100.00
2013-06-14	40.25	40.89	40.19	40.71	6116300.00
2013-06-17	41.00	41.49	40.82	40.95	5134700.00
2013-06-18	41.03	41.23	40.42	40.94	5163600.00
2013-06-19	40.89	40.96	40.14	40.17	4578700.00
2013-06-20	39.85	39.85	38.48	38.64	7952200.00
2013-06-21	39.12	39.44	38.74	39.03	7198300.00
2013-06-24	38.56	38.79	38.07	38.37	5861800.00
2013-06-25	38.74	38.74	38.25	38.49	4041300.00
2013-06-26	38.84	39.02	38.49	38.94	6075500.00
2013-06-27	39.19	39.36	38.88	38.88	3657300.00
2013-06-28	38.81	38.99	38.36	38.41	8242900.00
2013-07-01	38.59	39.35	38.53	39.23	6987400.00
2013-07-02	39.17	39.83	39.16	39.49	5845400.00
2013-07-03	39.48	39.48	38.71	39.21	2671200.00
2013-07-05	39.56	39.74	39.08	39.56	2700400.00
2013-07-08	39.73	40.03	39.62	39.99	4376000.00
2013-07-09	40.21	40.52	40.01	40.50	4518800.00
2013-07-10	40.49	40.60	40.08	40.21	3865200.00
2013-07-11	40.71	40.71	40.22	40.31	3922600.00
2013-07-12	40.38	40.38	39.96	40.24	4066900.00
2013-07-15	40.21	40.45	40.02	40.31	2922300.00
2013-07-16	40.32	40.50	39.73	39.88	4029900.00
2013-07-17	40.04	40.07	39.58	39.63	4038000.00
2013-07-18	39.60	39.63	38.97	39.04	6040300.00
2013-07-19	39.05	39.58	38.68	39.57	7808800.00
2013-07-22	39.53	39.75	39.36	39.60	3362600.00
2013-07-23	39.71	39.93	39.54	39.88	3926400.00
2013-07-24	40.67	41.20	40.47	41.10	8955800.00
2013-07-25	40.99	41.17	40.57	41.13	4085400.00
2013-07-26	40.99	41.76	40.86	41.73	4349400.00
2013-07-29	41.63	42.10	41.57	41.89	4230700.00
2013-07-30	42.07	42.22	41.61	41.70	3594200.00
2013-07-31	41.73	41.96	41.39	41.54	4334500.00
2013-08-01	41.79	41.97	41.54	41.84	3297800.00
2013-08-02	41.82	42.17	41.62	42.14	3626300.00
2013-08-05	42.13	42.58	41.91	42.13	3794000.00
2013-08-06	42.15	42.38	41.63	41.70	4177300.00
2013-08-07	41.70	42.04	41.49	41.93	3377600.00
2013-08-08	42.14	42.17	41.62	41.89	17504400.00
2013-08-09	41.89	42.40	41.72	42.37	14719900.00
2013-08-12	42.12	42.30	41.90	42.27	17194000.00
2013-08-13	44.20	44.59	43.19	43.38	14253300.00
2013-08-14	43.38	43.49	42.63	42.78	5054300.00
2013-08-15	42.43	42.56	42.04	42.14	4509000.00
2013-08-16	41.96	42.08	41.66	41.72	5112300.00
2013-08-19	41.60	41.95	41.58	41.66	3372700.00
2013-08-20	41.66	41.89	41.62	41.67	2890900.00
2013-08-21	41.62	41.77	41.29	41.37	3969600.00
2013-08-22	41.35	41.65	41.28	41.40	2388600.00
2013-08-23	41.40	41.53	40.98	41.53	3249400.00
2013-08-26	41.59	41.65	41.07	41.08	4048600.00
2013-08-27	40.79	40.83	40.44	40.46	4527000.00
2013-08-28	40.40	40.84	40.25	40.62	3211800.00
2013-08-29	40.45	40.83	40.33	40.60	2305000.00
2013-08-30	40.61	40.74	40.38	40.57	3237300.00
2013-09-03	40.86	40.96	40.28	40.49	2641600.00
2013-09-04	40.53	41.35	40.47	41.18	4179500.00
2013-09-05	41.27	41.32	40.98	41.20	2424400.00
2013-09-06	41.21	41.62	40.79	41.36	2886500.00
2013-09-09	41.36	41.50	41.11	41.47	2324500.00
2013-09-10	41.74	41.93	41.46	41.73	3414600.00
2013-09-11	41.73	41.95	41.58	41.67	3943800.00
2013-09-12	41.75	42.00	41.64	41.76	3094200.00
2013-09-13	41.84	42.06	41.77	42.04	2784500.00
2013-09-16	42.44	42.49	42.17	42.33	2666100.00
2013-09-17	42.33	42.76	42.31	42.48	3782200.00
2013-09-18	42.51	42.81	42.00	42.74	3332500.00
2013-09-19	42.54	42.71	42.33	42.51	3410300.00
2013-09-20	42.65	42.76	42.40	42.56	5877800.00
2013-09-23	42.49	42.51	41.69	41.86	4571400.00
2013-09-24	41.82	41.90	41.30	41.38	5359100.00
2013-09-25	41.51	41.79	41.32	41.52	4167600.00
2013-09-26	40.41	41.00	39.58	40.28	14551200.00
2013-09-27	40.00	40.11	39.52	39.86	5866600.00
2013-09-30	39.70	39.98	39.63	39.72	4803500.00
2013-10-01	39.78	40.01	39.65	39.99	3978100.00
2013-10-02	39.82	39.99	39.63	39.89	3424800.00
2013-10-03	39.66	39.69	38.28	38.51	15000900.00
2013-10-04	38.56	38.56	37.89	38.18	10750400.00
2013-10-07	38.02	38.05	37.53	37.61	7826100.00
2013-10-08	37.68	38.17	37.51	37.92	10496100.00
2013-10-09	37.95	38.09	37.51	37.85	6925000.00
2013-10-10	38.53	38.80	38.28	38.79	6285000.00
2013-10-11	38.38	38.74	38.28	38.58	6571900.00
2013-10-14	38.38	38.71	38.25	38.70	5516000.00
2013-10-15	38.51	38.73	38.36	38.52	4968700.00
2013-10-16	38.62	38.68	38.28	38.60	7249600.00
2013-10-17	38.60	39.27	38.60	39.22	5555800.00
2013-10-18	39.44	39.47	38.89	39.11	7022700.00
2013-10-21	39.12	39.24	38.98	39.18	4469200.00
2013-10-22	39.24	39.75	39.09	39.58	5792100.00
2013-10-23	39.87	40.25	39.41	39.71	5754500.00
2013-10-24	40.11	40.25	39.74	39.89	5580400.00
2013-10-25	39.84	40.25	39.71	39.98	4546700.00
2013-10-28	40.01	40.36	39.93	40.16	4474700.00
2013-10-29	40.22	40.23	39.56	39.62	6986400.00
2013-10-30	39.65	39.67	38.65	38.84	8599400.00
2013-10-31	38.88	39.63	38.84	39.32	6757500.00
2013-11-01	39.39	39.80	39.31	39.76	5045400.00
2013-11-04	39.77	39.89	39.54	39.78	4322800.00
2013-11-05	39.68	40.01	39.63	39.75	3692700.00
2013-11-06	39.90	39.90	39.67	39.85	5477800.00
2013-11-07	39.89	39.95	39.44	39.47	18678300.00
2013-11-08	39.42	39.99	39.37	39.96	18998600.00
2013-11-11	39.25	39.71	39.07	39.68	8162900.00
2013-11-12	39.52	39.68	39.44	39.51	27846900.00
2013-11-13	39.28	40.38	39.27	40.29	8956300.00
2013-11-14	40.25	40.76	40.24	40.67	5480100.00
2013-11-15	40.54	40.75	40.52	40.66	5759000.00
2013-11-18	40.73	40.73	40.46	40.67	4024500.00
2013-11-19	40.60	40.72	40.47	40.60	3724800.00
2013-11-20	40.56	40.65	40.23	40.38	3711400.00
2013-11-21	40.42	40.50	40.08	40.24	4749300.00
2013-11-22	40.27	40.84	40.17	40.83	5165100.00
2013-11-25	40.96	41.14	40.82	40.92	4338300.00
2013-11-26	40.97	41.01	40.28	40.28	5851200.00
2013-11-27	40.10	40.37	40.01	40.14	3287300.00
2013-11-29	40.35	40.46	39.93	40.03	2142800.00
2013-12-02	40.09	40.24	39.75	40.04	3588300.00
2013-12-03	39.98	40.08	39.57	39.68	5035800.00
2013-12-04	39.68	39.87	39.48	39.75	4106300.00
2013-12-05	39.72	39.99	39.64	39.82	3716500.00
2013-12-06	40.12	40.39	40.05	40.35	3854200.00
2013-12-09	40.31	40.69	40.24	40.48	3804800.00
2013-12-10	40.54	40.55	40.11	40.24	4385600.00
2013-12-11	40.33	40.36	39.75	39.83	4610500.00
2013-12-12	39.69	39.81	39.17	39.24	5274400.00
2013-12-13	39.28	39.59	39.12	39.36	4286900.00
2013-12-16	39.54	39.80	39.19	39.21	4906900.00
2013-12-17	39.30	39.30	38.96	39.23	4110200.00
2013-12-18	39.24	40.31	39.16	40.26	6207900.00
2013-12-19	40.00	40.26	39.76	39.96	5356300.00
2013-12-20	40.03	40.59	39.84	40.01	6367100.00
2013-12-23	40.23	40.57	40.07	40.29	4574300.00
2013-12-24	40.31	40.57	40.26	40.44	1359500.00
2013-12-26	40.46	40.85	40.34	40.64	2440000.00
2013-12-27	40.73	40.95	40.58	40.85	2265000.00
2013-12-30	40.77	40.82	40.35	40.78	3309200.00
2013-12-31	40.80	40.85	40.53	40.65	2928600.00
2014-01-02	40.62	40.72	40.30	40.43	3175900.00
2014-01-03	40.47	40.81	40.38	40.73	4006300.00
2014-01-06	40.79	41.40	40.78	41.07	7898300.00
2014-01-07	41.07	41.51	40.77	40.80	7359200.00
2014-01-08	40.51	40.77	40.27	40.74	7517100.00
2014-01-09	40.84	41.24	40.80	41.19	6351700.00
2014-01-10	41.04	41.53	40.85	41.39	5399100.00
2014-01-13	41.47	41.86	41.37	41.50	5406300.00
2014-01-14	41.56	41.88	41.34	41.80	4994500.00
2014-01-15	41.96	42.70	41.78	42.57	8427400.00
2014-01-16	42.71	44.35	42.71	44.07	12158200.00
2014-01-17	44.11	44.19	43.72	43.96	7850900.00
2014-01-21	44.11	44.47	43.75	44.31	5624400.00
2014-01-22	44.43	44.46	44.05	44.31	3342300.00
2014-01-23	44.14	44.14	43.53	43.96	5130300.00
2014-01-24	43.60	43.82	43.04	43.13	5943500.00
2014-01-27	43.21	43.57	42.89	43.14	6378300.00
2014-01-28	43.25	43.46	42.93	43.22	5771200.00
2014-01-29	43.19	43.21	42.70	42.97	7314000.00
2014-01-30	43.11	43.49	42.27	42.46	7277600.00
2014-01-31	42.34	43.09	42.14	43.05	8214700.00
2014-02-03	43.13	43.34	41.85	41.97	6997800.00
2014-02-04	42.12	42.40	41.76	42.32	6001900.00
2014-02-05	42.29	42.62	41.81	42.02	4467300.00
2014-02-06	42.18	42.23	41.80	42.02	4494400.00
2014-02-07	42.09	42.68	42.04	42.41	4488800.00
2014-02-10	42.04	43.03	41.68	43.01	4220500.00
2014-02-11	42.90	43.54	42.77	43.45	5869500.00
2014-02-12	43.55	43.55	42.72	42.88	6049500.00
2014-02-13	42.66	43.19	42.54	43.01	3769200.00
2014-02-14	42.95	43.73	42.89	43.59	3970200.00
2014-02-18	43.54	44.51	43.45	44.43	6844600.00
2014-02-19	46.08	46.81	45.48	46.72	16112300.00
2014-02-20	46.53	47.06	46.16	46.69	8991600.00
2014-02-21	46.73	47.26	46.46	46.61	6617300.00
2014-02-24	46.73	47.37	46.56	46.67	4142200.00
2014-02-25	46.64	47.32	46.59	47.03	5463600.00
2014-02-26	47.02	47.36	46.95	47.18	4598500.00
2014-02-27	47.09	47.97	47.01	47.88	5659200.00
2014-02-28	47.88	48.35	47.72	47.94	5882500.00
2014-03-03	47.41	47.85	47.30	47.47	4088000.00
2014-03-04	47.89	48.33	47.89	48.13	5599100.00
2014-03-05	48.21	48.23	47.63	47.80	3539300.00
2014-03-06	47.81	48.19	47.20	47.23	5075100.00
2014-03-07	47.36	47.51	46.77	47.12	4288600.00
2014-03-10	47.06	47.39	46.81	47.37	3978100.00
2014-03-11	47.39	47.47	46.90	46.99	3438800.00
2014-03-12	46.77	47.62	46.74	47.61	4546500.00
2014-03-13	47.64	47.72	46.83	46.92	4103700.00
2014-03-14	46.90	47.43	46.83	47.35	4201800.00
2014-03-17	47.55	47.68	47.17	47.35	3016200.00
2014-03-18	47.38	48.01	47.30	47.77	4082800.00
2014-03-19	47.73	48.05	47.15	47.49	2865900.00
2014-03-20	47.35	47.36	46.89	47.10	3546400.00
2014-03-21	47.35	48.05	46.45	46.47	7410400.00
2014-03-24	46.47	46.64	45.69	46.16	5910900.00
2014-03-25	46.20	46.52	45.79	46.01	6410000.00
2014-03-26	46.16	46.89	46.03	46.23	6628500.00
2014-03-27	46.24	46.74	45.98	46.27	5472500.00
2014-03-28	46.38	47.02	46.16	46.33	3117500.00
2014-03-31	46.60	47.55	46.49	47.34	5098900.00
2014-04-01	47.55	48.18	47.06	47.31	6344300.00
2014-04-02	47.59	47.68	47.25	47.57	3881400.00
2014-04-03	48.12	48.40	47.25	47.43	5446800.00
2014-04-04	47.63	48.22	47.39	47.46	5177900.00
2014-04-07	47.66	48.32	47.11	47.14	5522400.00
2014-04-08	46.65	47.39	46.32	47.11	6169800.00
2014-04-09	47.21	48.62	47.18	48.60	6638600.00
2014-04-10	48.58	48.58	47.07	47.18	5514500.00
2014-04-11	46.95	47.36	46.67	47.01	5351000.00
2014-04-14	47.39	47.97	46.89	47.41	3675600.00
2014-04-15	47.60	48.01	46.87	47.79	4526200.00
2014-04-16	47.77	48.25	47.73	48.22	5321800.00
2014-04-17	48.04	48.62	47.95	48.60	4743000.00
2014-04-21	48.61	48.97	48.21	48.95	3343000.00
2014-04-22	49.03	49.18	48.23	48.28	6270800.00
2014-04-23	47.99	48.26	47.64	47.90	6555400.00
2014-04-24	46.90	47.60	46.12	47.19	7854500.00
2014-04-25	47.21	47.55	46.87	47.05	4260400.00
2014-04-28	47.99	47.99	46.77	47.43	4930700.00
2014-04-29	47.61	47.99	47.55	47.95	5110900.00
2014-04-30	47.85	47.92	47.18	47.53	5198100.00
2014-05-01	47.60	48.02	47.28	47.87	4173400.00
2014-05-02	47.74	47.96	47.25	47.51	4122500.00
2014-05-05	47.27	47.43	46.68	47.35	3805900.00
2014-05-06	47.24	47.93	47.01	47.10	4185900.00
2014-05-07	47.19	47.59	46.69	47.57	5453300.00
2014-05-08	47.51	47.86	47.28	47.85	11023900.00
2014-05-09	47.80	47.85	46.99	47.74	5098400.00
2014-05-12	48.22	48.29	47.50	47.79	4982700.00
2014-05-13	47.88	48.94	47.65	48.69	6843500.00
2014-05-14	48.70	49.05	48.66	48.74	4050200.00
2014-05-15	48.33	48.50	47.04	47.20	9782900.00
2014-05-16	47.02	47.44	46.88	47.31	8677100.00
2014-05-19	47.26	47.65	47.21	47.56	3564300.00
2014-05-20	47.56	47.74	47.31	47.57	3952800.00
2014-05-21	47.65	47.93	47.56	47.90	3020700.00
2014-05-22	47.95	48.54	47.60	48.43	3782400.00
2014-05-23	48.36	48.54	48.17	48.49	2624600.00
2014-05-27	48.66	48.66	48.20	48.44	4006600.00
2014-05-28	48.84	48.86	48.41	48.41	2604600.00
2014-05-29	48.58	48.66	48.14	48.23	3362100.00
2014-05-30	48.15	48.74	48.09	48.54	4803000.00
2014-06-02	48.45	48.54	47.72	48.24	3405700.00
2014-06-03	48.10	48.36	47.93	48.13	2798200.00
2014-06-04	47.99	48.21	47.84	48.02	2997400.00
2014-06-05	48.07	48.46	47.90	48.32	2753800.00
2014-06-06	48.53	48.53	48.15	48.36	2551300.00
2014-06-09	48.31	48.46	48.00	48.44	2570100.00
2014-06-10	48.51	48.51	47.92	48.45	2988000.00
2014-06-11	48.05	48.53	48.02	48.23	2977400.00
2014-06-12	48.06	48.25	47.61	47.75	3937400.00
2014-06-13	48.62	48.62	47.72	47.76	2881200.00
2014-06-16	47.80	47.98	47.44	47.71	3209200.00
2014-06-17	47.65	48.11	47.54	48.05	2805700.00
2014-06-18	48.14	48.66	47.89	48.65	3211600.00
2014-06-19	48.70	48.82	48.37	48.53	2431300.00
2014-06-20	49.20	50.39	48.89	50.30	11960600.00
2014-06-23	50.34	50.60	50.05	50.33	5103400.00
2014-06-24	50.27	50.60	49.95	50.19	3809500.00
2014-06-25	50.25	51.17	50.25	51.09	6416500.00
2014-06-26	50.96	51.17	50.63	51.12	3663000.00
2014-06-27	51.06	51.30	50.84	51.17	4643700.00
2014-06-30	51.36	51.40	50.33	50.42	4879100.00
2014-07-01	50.79	50.97	50.28	50.68	4109000.00
2014-07-02	50.64	51.15	50.37	50.85	3941000.00
2014-07-03	51.01	51.17	50.63	51.14	2709100.00
2014-07-07	50.95	51.28	50.54	50.77	2627300.00
2014-07-08	50.67	50.72	50.17	50.65	3449400.00
2014-07-09	50.71	50.85	50.50	50.78	2748600.00
2014-07-10	50.38	50.85	50.28	50.71	2619200.00
2014-07-11	50.63	51.05	50.50	50.96	2400700.00
2014-07-14	51.09	51.32	50.85	51.10	2436600.00
2014-07-15	51.09	51.19	50.87	50.98	3854400.00
2014-07-16	51.13	51.23	50.33	50.93	3885700.00
2014-07-17	50.57	50.98	50.39	50.49	3424700.00
2014-07-18	50.67	51.49	50.54	51.47	3281400.00
2014-07-21	51.09	51.65	50.89	51.61	3479400.00
2014-07-22	51.75	52.02	51.45	51.67	3101800.00
2014-07-23	51.84	52.26	51.74	52.10	5559900.00
2014-07-24	51.98	53.28	51.74	52.20	5090200.00
2014-07-25	51.92	51.98	51.49	51.72	2987400.00
2014-07-28	51.72	52.55	50.98	51.40	3956600.00
2014-07-29	51.66	51.75	50.77	50.90	5287400.00
2014-07-30	51.20	51.23	50.50	50.78	3974000.00
2014-07-31	50.25	50.64	49.42	49.52	5485600.00
2014-08-01	49.47	49.52	48.81	49.21	6884700.00
2014-08-04	49.47	50.03	49.26	49.98	4379100.00
2014-08-05	49.87	50.03	49.26	49.36	3389600.00
2014-08-06	49.39	49.81	49.23	49.56	2682800.00
2014-08-07	49.79	49.81	48.77	48.94	2352400.00
2014-08-08	49.04	49.50	48.93	49.45	2665400.00
2014-08-11	49.75	50.17	49.52	49.53	2850400.00
2014-08-12	49.52	49.84	49.47	49.77	3481500.00
2014-08-13	50.06	50.27	49.42	49.53	4136900.00
2014-08-14	49.68	50.04	49.68	50.02	1801600.00
2014-08-15	50.13	50.24	49.46	49.73	3075600.00
2014-08-18	50.01	50.23	49.92	50.15	2198300.00
2014-08-19	50.59	50.98	50.13	50.81	3523200.00
2014-08-20	50.63	50.88	50.41	50.69	2082200.00
2014-08-21	50.98	51.04	50.61	50.71	2846000.00
2014-08-22	50.69	51.34	50.60	50.94	3147200.00
2014-08-25	51.03	51.61	50.84	51.28	2078700.00
2014-08-26	51.26	51.52	51.19	51.34	1927700.00
2014-08-27	51.66	51.74	51.34	51.50	3082100.00
2014-08-28	51.34	51.72	51.12	51.59	2162000.00
2014-08-29	51.80	51.98	51.48	51.96	3388300.00
2014-09-02	51.99	52.21	51.89	52.06	3470600.00
2014-09-03	52.24	52.45	52.11	52.44	4701200.00
2014-09-04	52.42	52.62	52.32	52.50	5792000.00
2014-09-05	52.41	52.99	52.29	52.91	5457200.00
2014-09-08	52.82	53.34	52.80	53.13	4264100.00
2014-09-09	52.91	53.00	52.40	52.68	4745800.00
2014-09-10	53.00	53.10	52.59	52.95	3893000.00
2014-09-11	52.85	53.29	52.77	53.28	3577000.00
2014-09-12	53.34	53.58	53.13	53.36	5376800.00
2014-09-15	53.25	53.33	52.96	53.29	2720900.00
2014-09-16	53.34	53.88	53.05	53.79	2867100.00
2014-09-17	53.76	54.10	53.67	53.88	5096200.00
2014-09-18	54.02	54.49	53.98	54.43	4326900.00
2014-09-19	54.76	54.88	54.28	54.39	6504900.00
2014-09-22	54.21	54.25	53.75	54.02	3981700.00
2014-09-23	53.67	54.05	53.54	53.91	2718900.00
2014-09-24	54.21	54.40	54.02	54.11	3273600.00
2014-09-25	53.93	54.07	53.54	53.61	3122600.00
2014-09-26	53.79	53.79	53.13	53.53	2925400.00
2014-09-29	53.18	53.50	53.00	53.41	3520600.00
2014-09-30	53.49	53.60	53.00	53.01	4945700.00
2014-10-01	53.85	53.85	52.89	53.20	4246900.00
2014-10-02	53.21	53.26	52.63	53.00	4306900.00
2014-10-03	53.31	53.76	53.23	53.68	3609800.00
2014-10-06	53.89	53.93	53.45	53.64	3428800.00
2014-10-07	53.24	53.29	52.40	52.50	6157400.00
2014-10-08	52.19	53.35	51.83	53.33	3411200.00
2014-10-09	53.09	53.45	52.55	52.56	3632100.00
2014-10-10	52.33	53.22	52.18	52.44	3281200.00
2014-10-13	52.37	52.74	51.69	51.73	4030300.00
2014-10-14	52.11	52.27	51.31	51.61	4432900.00
2014-10-15	50.61	51.61	49.52	51.39	6814100.00
2014-10-16	50.70	51.13	49.95	50.60	5488400.00
2014-10-17	51.05	51.34	50.60	51.16	5329400.00
2014-10-20	51.20	51.58	51.01	51.58	2900700.00
2014-10-21	51.83	52.93	51.83	52.87	3478200.00
2014-10-22	52.80	53.38	52.79	52.87	4294500.00
2014-10-23	52.54	53.30	52.14	52.60	6343000.00
2014-10-24	52.79	54.15	52.64	53.99	4784700.00
2014-10-27	53.90	54.46	53.78	54.12	4112500.00
2014-10-28	53.95	54.03	52.10	53.00	8981000.00
2014-10-29	53.13	53.93	52.95	53.54	6196800.00
2014-10-30	53.46	54.75	53.39	54.61	4134900.00
2014-10-31	55.01	55.12	53.88	54.22	4471900.00
2014-11-03	53.99	54.49	53.98	54.39	3465400.00
2014-11-04	54.67	54.96	54.32	54.91	4057800.00
2014-11-05	55.11	55.27	54.57	54.76	3073900.00
2014-11-06	54.79	54.96	54.48	54.74	3091800.00
2014-11-07	54.62	54.71	54.16	54.44	3796800.00
2014-11-10	54.62	55.93	54.30	55.87	4438100.00
2014-11-11	55.87	56.13	55.43	55.46	5282300.00
2014-11-12	55.46	55.87	55.18	55.50	4499400.00
2014-11-13	55.73	56.12	55.51	55.73	3292700.00
2014-11-14	55.73	55.76	55.27	55.44	2333300.00
2014-11-17	55.23	55.46	55.12	55.41	3309300.00
2014-11-18	55.32	55.99	55.18	55.81	3705400.00
2014-11-19	55.71	55.71	55.09	55.34	3126000.00
2014-11-20	55.14	55.23	54.81	55.00	2467600.00
2014-11-21	55.54	55.58	55.19	55.46	5892000.00
2014-11-24	55.67	55.72	55.04	55.11	4574100.00
2014-11-25	55.05	55.35	54.96	55.04	4380000.00
2014-11-26	55.19	55.49	55.08	55.43	2372900.00
2014-11-28	55.77	56.44	55.66	56.09	2237800.00
2014-12-01	55.97	56.63	55.66	56.41	4669500.00
2014-12-02	56.51	58.27	56.48	57.95	8413400.00
2014-12-03	57.87	58.59	57.64	58.57	6423400.00
2014-12-04	58.45	59.65	58.33	59.60	6516600.00
2014-12-05	59.36	59.46	59.02	59.16	5787500.00
2014-12-08	59.26	59.99	59.14	59.97	4915100.00
2014-12-09	59.43	59.50	58.90	59.46	3794600.00
2014-12-10	59.20	59.45	58.46	58.50	4117600.00
2014-12-11	60.63	61.84	58.91	58.96	10901500.00
2014-12-12	58.84	59.00	57.20	57.27	7844400.00
2014-12-15	57.37	58.23	57.16	57.37	5718800.00
2014-12-16	57.14	58.75	56.84	57.03	4916700.00
2014-12-17	57.28	58.21	57.00	57.87	5506500.00
2014-12-18	58.63	59.68	58.39	59.66	5875600.00
2014-12-19	59.48	59.83	58.73	59.61	8311300.00
2014-12-22	58.41	58.95	57.84	58.81	4622900.00
2014-12-23	59.01	59.06	56.82	57.42	4768100.00
2014-12-24	57.67	58.22	57.67	57.77	1507000.00
2014-12-26	57.88	58.45	57.85	57.96	1438200.00
2014-12-29	57.57	57.96	57.55	57.72	1739600.00
2014-12-30	57.54	57.77	57.18	57.34	2726100.00
2014-12-31	57.59	58.05	56.76	56.81	2491000.00
2015-01-02	57.45	58.31	57.41	57.69	3146200.00
2015-01-05	57.42	57.71	56.94	57.12	4845500.00
2015-01-06	57.57	58.39	56.98	57.41	5127400.00
2015-01-07	57.66	58.07	56.36	57.00	9043000.00
2015-01-08	57.64	58.87	57.36	58.35	7472200.00
2015-01-09	57.66	57.73	56.82	57.58	8141700.00
2015-01-12	57.82	58.14	57.05	57.16	5797600.00
2015-01-13	57.70	58.30	56.66	57.13	3364800.00
2015-01-14	56.63	57.54	56.58	57.44	3376100.00
2015-01-15	58.00	58.68	57.42	57.42	4055000.00
2015-01-16	57.30	58.36	57.18	58.20	4263300.00
2015-01-20	58.35	59.37	58.35	59.31	6163300.00
2015-01-21	58.97	59.70	58.55	59.48	5195900.00
2015-01-22	59.85	59.85	58.99	59.66	4582800.00
2015-01-23	59.66	59.99	59.33	59.39	2903200.00
2015-01-26	59.17	59.42	58.51	59.38	3466600.00
2015-01-27	59.09	59.40	58.83	59.06	3661600.00
2015-01-28	59.38	59.60	58.26	58.44	3105200.00
2015-01-29	58.44	59.42	57.98	59.38	4416600.00
2015-01-30	60.12	60.50	58.94	59.28	6720100.00
2015-02-02	59.18	59.28	57.83	59.03	6274500.00
2015-02-03	58.95	58.99	57.51	58.37	6811500.00
2015-02-04	57.83	58.04	57.45	57.82	5376400.00
2015-02-05	58.21	58.93	58.20	58.80	3847000.00
2015-02-06	58.59	58.78	57.84	57.93	3246000.00
2015-02-09	57.64	57.85	57.13	57.32	3771200.00
2015-02-10	57.73	58.10	57.55	58.05	6888000.00
2015-02-11	58.05	58.56	57.80	58.01	3456400.00
2015-02-12	58.21	58.51	57.91	58.49	3383500.00
2015-02-13	58.62	58.79	58.21	58.51	2691900.00
2015-02-17	58.39	59.40	58.30	59.34	3971600.00
2015-02-18	59.22	59.25	58.22	58.89	3800000.00
2015-02-19	58.74	59.12	58.69	58.98	2337000.00
2015-02-20	58.85	59.68	58.27	59.61	3461700.00
2015-02-23	59.55	59.64	58.64	58.95	3378600.00
2015-02-24	58.88	59.29	58.47	58.80	3158600.00
2015-02-25	58.77	58.77	58.09	58.35	3029500.00
2015-02-26	58.19	58.31	57.67	58.07	4544900.00
2015-02-27	58.01	58.46	57.98	58.19	3353200.00
2015-03-02	58.19	59.00	58.18	58.98	3815100.00
2015-03-03	58.98	59.00	58.12	58.36	4137300.00
2015-03-04	58.06	58.73	57.89	58.59	3005100.00
2015-03-05	58.66	58.95	58.38	58.54	3465900.00
2015-03-06	58.27	58.27	56.65	56.73	5880800.00
2015-03-09	57.00	57.83	56.74	57.70	5848000.00
2015-03-10	57.32	57.58	56.85	57.04	3664900.00
2015-03-11	57.13	57.49	56.73	56.77	3424500.00
2015-03-12	57.01	57.74	56.84	57.68	2724000.00
2015-03-13	57.56	58.09	57.34	57.96	3223800.00
2015-03-16	58.27	59.21	58.20	58.94	3922300.00
2015-03-17	58.64	59.09	58.32	58.75	2572500.00
2015-03-18	58.80	61.51	58.62	60.99	6436200.00
2015-03-19	60.75	61.85	60.20	61.55	7051200.00
2015-03-20	62.38	63.19	61.81	63.13	10713900.00
2015-03-23	63.04	64.24	62.98	63.32	6284400.00
2015-03-24	63.25	63.61	62.49	62.66	5111600.00
2015-03-25	62.74	63.42	61.67	61.67	5431600.00
2015-03-26	61.37	61.66	60.89	60.90	4023500.00
2015-03-27	61.05	61.36	60.70	61.02	4171600.00
2015-03-30	61.37	61.53	61.09	61.26	3370700.00
2015-03-31	60.83	61.35	60.25	60.25	4348000.00
2015-04-01	60.47	60.51	58.94	59.32	5875800.00
2015-04-02	59.26	59.53	58.49	59.08	3781800.00
2015-04-06	58.99	59.47	58.75	59.14	3936900.00
2015-04-07	59.09	59.77	59.03	59.46	3128100.00
2015-04-08	59.64	59.94	59.33	59.83	3215400.00
2015-04-09	59.89	60.17	59.63	60.01	2595800.00
2015-04-10	60.12	61.35	59.92	61.30	3956400.00
2015-04-13	60.77	61.07	60.63	60.97	4351500.00
2015-04-14	60.79	61.16	60.62	60.92	3950600.00
2015-04-15	60.99	61.38	60.79	61.13	4358700.00
2015-04-16	61.04	61.37	60.86	60.94	2880000.00
2015-04-17	60.55	60.70	59.68	60.10	4386700.00
2015-04-20	60.54	60.75	59.96	60.05	2540400.00
2015-04-21	60.52	60.64	59.76	59.88	4048400.00
2015-04-22	60.10	60.10	59.61	59.96	3506100.00
2015-04-23	60.44	60.49	58.94	60.04	5448700.00
2015-04-24	59.89	60.07	59.09	59.36	3816300.00
2015-04-27	59.65	59.85	58.57	58.79	5328400.00
2015-04-28	58.56	59.11	58.22	59.03	4557900.00
2015-04-29	59.59	60.39	59.58	59.94	6789600.00
2015-04-30	59.68	60.21	59.24	59.60	5479300.00
2015-05-01	59.92	60.81	59.09	60.64	6533400.00
2015-05-04	60.75	61.03	60.41	60.58	4040700.00
2015-05-05	60.40	60.51	59.56	59.63	3735900.00
2015-05-06	59.68	59.94	59.33	59.75	3567600.00
2015-05-07	59.50	59.95	59.48	59.56	3628100.00
2015-05-08	60.12	61.12	60.12	60.75	3713300.00
2015-05-11	60.75	61.36	60.70	60.93	2958600.00
2015-05-12	60.65	60.65	59.97	60.07	3152800.00
2015-05-13	60.34	60.73	60.11	60.37	2682100.00
2015-05-14	60.69	61.14	60.48	61.01	3364300.00
2015-05-15	61.15	61.31	60.61	60.87	3464400.00
2015-05-18	61.00	61.03	60.64	60.91	2162000.00
2015-05-19	60.81	61.44	60.65	61.33	3548000.00
2015-05-20	61.33	61.53	61.11	61.26	1980300.00
2015-05-21	61.24	62.08	61.11	62.02	3288200.00
2015-05-22	61.83	62.07	61.68	62.04	3023400.00
2015-05-26	61.76	62.10	61.64	62.05	4194600.00
2015-05-27	62.09	62.62	61.91	62.54	2901100.00
2015-05-28	62.46	63.86	62.41	63.80	4823600.00
2015-05-29	63.59	66.43	63.48	65.88	11917000.00
2015-06-01	65.90	66.68	65.78	65.97	4866500.00
2015-06-02	65.77	65.77	64.72	65.09	4467700.00
2015-06-03	65.13	65.27	64.53	64.99	3270800.00
2015-06-04	64.58	65.63	64.57	64.86	3786500.00
2015-06-05	64.76	65.35	64.29	65.23	2788900.00
2015-06-08	65.11	65.84	64.99	65.57	6065900.00
2015-06-09	65.44	69.21	65.14	69.11	10109100.00
2015-06-10	68.46	69.72	67.90	69.46	13169400.00
2015-06-11	69.40	72.85	69.37	72.30	16740800.00
2015-06-12	71.72	71.81	69.38	70.32	12630500.00
2015-06-15	69.78	70.65	69.38	70.21	5462700.00
2015-06-16	70.07	71.24	69.83	70.79	5694500.00
2015-06-17	70.71	70.71	69.31	69.75	5968200.00
2015-06-18	70.05	70.45	69.10	69.34	7251500.00
2015-06-19	68.86	69.48	68.74	69.00	6907000.00
2015-06-22	69.56	69.67	69.18	69.24	3537100.00
2015-06-23	69.93	69.93	68.85	69.03	3643500.00
2015-06-24	68.89	69.37	68.69	68.69	4212100.00
2015-06-25	70.28	72.56	70.21	70.81	9630100.00
2015-06-26	71.14	71.75	70.63	71.69	14369800.00
2015-06-29	71.27	71.46	69.92	69.96	4441900.00
2015-06-30	70.56	70.62	69.63	69.72	4261200.00
2015-07-01	69.97	70.94	69.81	70.85	3629100.00
2015-07-02	71.15	72.01	70.72	71.93	5128100.00
2015-07-06	71.24	72.18	71.19	72.10	5062900.00
2015-07-07	72.35	74.13	71.86	74.09	6912300.00
2015-07-08	73.71	73.90	72.79	72.86	5330000.00
2015-07-09	73.48	73.74	72.56	73.05	4767600.00
2015-07-10	73.73	73.87	73.23	73.72	4471200.00
2015-07-13	74.43	75.30	74.04	74.17	5940500.00
2015-07-14	74.36	74.40	73.36	74.12	6028700.00
2015-07-15	73.31	73.62	71.90	72.13	6615900.00
2015-07-16	72.48	73.03	72.30	72.79	5578000.00
2015-07-17	72.65	73.01	72.33	72.96	4430100.00
2015-07-20	73.23	73.41	72.87	73.37	4320500.00
2015-07-21	73.13	73.22	71.41	71.45	8065300.00
2015-07-22	69.57	72.48	68.05	72.13	12677800.00
2015-07-23	74.37	75.04	71.49	72.45	5258500.00
2015-07-24	71.81	71.99	70.28	70.74	3460300.00
2015-07-27	70.56	70.65	69.59	70.27	5420600.00
2015-07-28	70.73	71.56	70.56	71.54	3027800.00
2015-07-29	71.74	71.80	70.73	71.05	2711800.00
2015-07-30	70.36	70.95	70.12	70.59	3867800.00
2015-07-31	70.88	71.19	70.46	70.57	4113600.00
2015-08-03	70.82	70.98	69.75	70.26	4815500.00
2015-08-04	70.55	70.97	70.02	70.18	2848200.00
2015-08-05	70.71	71.04	70.12	70.75	3776800.00
2015-08-06	71.09	71.09	67.84	69.06	3866500.00
2015-08-07	68.89	69.05	67.34	68.70	4545300.00
2015-08-10	69.16	69.95	68.84	69.73	3211600.00
2015-08-11	69.15	69.93	69.08	69.76	3205600.00
2015-08-12	69.48	70.14	68.58	70.04	2826900.00
2015-08-13	69.89	70.35	69.63	69.75	2253900.00
2015-08-14	69.65	70.52	69.55	70.49	2280200.00
2015-08-17	69.94	70.38	69.67	70.12	2814700.00
2015-08-18	70.42	70.56	69.92	70.05	2241400.00
2015-08-19	69.84	71.01	69.36	70.37	2651300.00
2015-08-20	72.97	74.72	72.08	73.36	10887700.00
2015-08-21	73.07	73.67	71.01	71.01	8320000.00
2015-08-24	68.55	69.69	66.78	67.82	8620700.00
2015-08-25	69.04	69.39	65.41	65.74	6439000.00
2015-08-26	67.10	68.30	65.33	68.13	7217800.00
2015-08-27	68.71	70.60	68.64	70.35	4703400.00
2015-08-28	70.35	70.56	69.53	69.88	4860800.00
2015-08-31	70.07	70.92	68.93	69.18	3445300.00
2015-09-01	67.41	68.25	66.70	67.04	4300500.00
2015-09-02	67.80	68.74	67.46	68.72	3257900.00
2015-09-03	68.93	69.61	68.33	68.55	3227700.00
2015-09-04	67.74	68.14	66.93	67.47	3416400.00
2015-09-08	68.43	69.71	68.26	69.62	2643600.00
2015-09-09	70.10	70.14	67.95	68.12	2839600.00
2015-09-10	68.14	68.61	67.62	67.91	3667700.00
2015-09-11	67.75	68.76	66.15	68.72	3645900.00
2015-09-14	68.82	69.12	68.28	68.79	3197200.00
2015-09-15	69.25	70.03	68.98	69.69	3532600.00
2015-09-16	70.65	71.01	69.40	70.94	3845000.00
2015-09-17	70.96	78.00	70.80	75.59	16918100.00
2015-09-18	76.19	76.82	74.24	74.34	11578000.00
2015-09-21	74.85	75.44	73.18	73.58	6644100.00
2015-09-22	72.93	73.91	72.76	73.76	5059500.00
2015-09-23	73.92	74.28	72.73	72.82	4863300.00
2015-09-24	72.62	72.70	71.47	71.70	5693500.00
2015-09-25	72.45	72.61	69.92	70.61	5794900.00
2015-09-28	70.30	70.45	65.94	66.99	8295100.00
2015-09-29	67.51	69.05	66.52	67.44	7315200.00
2015-09-30	68.49	70.37	68.46	70.30	6780700.00
2015-10-01	70.23	71.67	70.06	71.56	5350400.00
2015-10-02	70.70	73.55	70.22	73.52	5616600.00
2015-10-05	73.99	74.33	71.91	72.72	5297400.00
2015-10-06	72.57	72.67	68.95	70.71	5521200.00
2015-10-07	70.82	71.28	69.22	70.56	5128000.00
2015-10-08	69.85	70.56	68.71	70.37	4595400.00
2015-10-09	71.68	72.72	71.40	72.36	5115100.00
2015-10-12	66.01	67.83	65.78	66.73	26477400.00
2015-10-13	67.03	68.25	66.82	66.88	10104700.00
2015-10-14	68.02	68.88	66.41	66.57	9495500.00
2015-10-15	66.65	67.27	66.20	67.09	6408600.00
2015-10-16	67.69	68.49	67.17	68.47	5519800.00
2015-10-19	68.15	68.30	66.76	67.41	5869900.00
2015-10-20	67.33	67.49	65.21	65.35	7458000.00
2015-10-21	65.72	65.84	63.78	64.69	8955200.00
2015-10-22	64.87	65.39	63.14	64.67	10075500.00
2015-10-23	65.15	66.43	64.91	65.78	5679200.00
2015-10-26	65.78	67.09	65.33	66.46	4755200.00
2015-10-27	66.78	68.00	66.78	67.97	4771600.00
2015-10-28	68.21	69.81	67.53	69.78	5710300.00
2015-10-29	69.14	70.20	68.29	68.88	5158600.00
2015-10-30	68.95	69.35	68.52	68.52	4044300.00
2015-11-02	68.16	69.04	67.88	68.92	3473900.00
2015-11-03	69.08	69.34	68.15	68.61	4826100.00
2015-11-04	69.01	69.01	67.98	68.09	3401900.00
2015-11-05	68.04	68.38	66.92	67.72	3787200.00
2015-11-06	67.46	67.70	65.89	67.59	6082600.00
2015-11-09	67.23	67.45	66.01	66.67	4160200.00
2015-11-10	66.54	67.90	66.54	67.68	3302600.00
2015-11-11	67.71	68.71	67.60	68.22	3323400.00
2015-11-12	68.09	68.27	67.46	67.51	3647800.00
2015-11-13	67.34	67.86	66.94	67.25	3638600.00
2015-11-16	67.63	68.69	67.61	68.67	3318900.00
2015-11-17	68.42	69.68	68.16	68.73	3012100.00
2015-11-18	68.89	70.81	68.80	70.72	3916600.00
2015-11-19	70.34	70.91	69.94	70.77	3156100.00
2015-11-20	71.26	72.28	71.10	71.41	4251500.00
2015-11-23	71.43	71.79	71.11	71.64	4033100.00
2015-11-24	70.64	71.28	70.21	70.91	3431100.00
2015-11-25	70.91	71.37	70.63	70.79	2529400.00
2015-11-27	70.82	71.22	70.67	70.72	1253800.00
2015-11-30	70.81	71.04	69.35	69.35	6563300.00
2015-12-01	71.19	73.15	70.45	73.12	7368900.00
2015-12-02	72.92	73.32	71.37	71.48	4444800.00
2015-12-03	71.56	71.72	69.79	70.22	3669800.00
2015-12-04	70.56	73.78	70.53	73.23	6987600.00
2015-12-07	73.93	74.53	72.61	73.02	4379000.00
2015-12-08	72.38	74.11	72.34	73.05	4761000.00
2015-12-09	72.72	72.97	70.65	70.89	5479500.00
2015-12-10	71.21	72.29	70.47	71.78	3667200.00
2015-12-11	70.84	71.33	70.27	70.41	3738200.00
2015-12-14	70.47	71.61	70.14	71.59	5208700.00
2015-12-15	72.01	72.69	71.87	72.30	3975500.00
2015-12-16	72.70	73.19	71.05	72.95	2983600.00
2015-12-17	73.34	73.72	72.87	72.89	3928200.00
2015-12-18	72.34	72.69	71.66	71.66	5821300.00
2015-12-21	72.47	73.08	71.98	72.74	3742400.00
2015-12-22	72.93	73.10	72.08	72.63	2446100.00
2015-12-23	73.01	73.44	72.81	72.87	2804200.00
2015-12-24	72.69	72.83	72.25	72.58	1486900.00
2015-12-28	72.35	72.45	71.76	72.27	2031100.00
2015-12-29	72.57	73.44	72.36	72.91	2097700.00
2015-12-30	73.08	73.63	72.82	72.87	1969400.00
2015-12-31	72.47	72.49	71.08	71.23	3178500.00
2016-01-04	70.50	70.67	69.14	70.06	6907300.00
2016-01-05	70.08	72.19	70.06	71.10	7475300.00
2016-01-06	69.90	71.76	69.74	70.66	6628400.00
2016-01-07	69.01	70.01	68.33	68.82	5833200.00
2016-01-08	69.04	69.73	68.51	68.69	5880200.00
2016-01-11	68.73	69.25	66.64	67.86	4889300.00
2016-01-12	68.15	68.48	67.22	67.97	4329300.00
2016-01-13	68.26	68.32	66.86	67.04	4628400.00
2016-01-14	67.02	69.94	66.46	69.78	8253700.00
2016-01-15	68.21	68.97	67.70	68.68	6674300.00
2016-01-19	69.58	71.69	69.29	70.36	9162300.00
2016-01-20	69.19	70.56	67.98	69.84	8354400.00
2016-01-21	69.79	69.84	68.13	68.81	4930800.00
2016-01-22	69.66	70.30	69.24	69.73	3456300.00
2016-01-25	69.74	70.34	69.00	69.08	2632800.00
2016-01-26	69.11	69.46	68.40	69.29	4583400.00
2016-01-27	68.99	70.38	68.44	69.12	4341900.00
2016-01-28	69.21	69.73	64.70	64.93	10128700.00
2016-01-29	65.40	67.14	65.29	66.87	7042500.00
2016-02-01	66.12	66.92	65.33	66.28	4056000.00
2016-02-02	65.65	66.19	64.32	64.50	4804200.00
2016-02-03	64.64	65.56	62.71	64.32	6966400.00
2016-02-04	64.21	64.70	62.08	62.79	6339500.00
2016-02-05	62.69	64.10	62.18	62.83	6312800.00
2016-02-08	62.18	63.05	61.57	62.72	4348800.00
2016-02-09	62.08	63.37	61.48	62.34	5160000.00
2016-02-10	62.76	63.73	62.12	62.20	4748700.00
2016-02-11	61.46	61.83	60.29	60.80	5425400.00
2016-02-12	60.92	61.06	59.95	60.67	6332600.00
2016-02-16	61.25	62.50	61.23	62.42	4811300.00
2016-02-17	63.00	63.78	62.22	63.57	4000300.00
2016-02-18	62.50	63.46	62.28	62.54	5620000.00
2016-02-19	61.88	62.20	61.46	61.81	6650800.00
2016-02-22	62.07	62.69	61.38	62.15	5672600.00
2016-02-23	62.23	63.42	62.19	62.54	4411200.00
2016-02-24	62.42	63.23	61.84	63.08	3636100.00
2016-02-25	63.22	63.75	62.80	63.69	4306800.00
2016-02-26	64.20	64.52	62.49	62.65	4807700.00
2016-02-29	62.46	62.46	61.27	61.29	5730200.00
2016-03-01	61.83	61.98	61.17	61.92	4541700.00
2016-03-02	61.91	63.04	61.67	63.01	6738800.00
2016-03-03	62.82	62.90	61.78	62.35	4526500.00
2016-03-04	62.46	63.04	62.06	62.65	3481600.00
2016-03-07	62.29	62.96	61.97	62.48	3443100.00
2016-03-08	62.09	63.46	62.05	62.14	3278900.00
2016-03-09	62.58	62.94	62.14	62.60	2372000.00
2016-03-10	62.99	63.17	61.66	62.16	4419200.00
2016-03-11	62.54	63.80	62.30	63.55	3527200.00
2016-03-14	63.21	63.50	62.81	62.92	3201800.00
2016-03-15	60.99	61.29	59.25	60.64	13748200.00
2016-03-16	60.69	62.06	60.58	61.70	5287400.00
2016-03-17	61.49	61.59	57.78	58.79	15421600.00
2016-03-18	58.91	60.48	58.79	60.40	10131700.00
2016-03-21	60.27	60.48	59.45	59.80	5900100.00
2016-03-22	59.77	61.50	59.72	61.22	7655400.00
2016-03-23	61.44	61.49	60.36	60.58	3884400.00
2016-03-24	60.14	60.81	59.76	60.54	2892900.00
2016-03-28	60.74	60.84	59.91	60.12	2661900.00
2016-03-29	60.22	61.24	60.15	61.04	3814800.00
2016-03-30	61.27	61.57	60.50	61.10	3081000.00
2016-03-31	61.09	61.57	60.52	61.30	3680000.00
2016-04-01	60.95	62.74	60.89	62.50	4083600.00
2016-04-04	62.62	62.81	62.05	62.30	2796300.00
2016-04-05	61.95	62.70	61.70	62.18	3591800.00
2016-04-06	61.97	63.90	61.97	63.64	5669100.00
2016-04-07	63.43	63.98	62.87	63.50	3724100.00
2016-04-08	64.08	64.08	62.87	63.33	3224900.00
2016-04-11	63.40	63.62	62.82	62.95	3351100.00
2016-04-12	62.81	64.09	62.59	63.48	2849800.00
2016-04-13	63.61	64.05	63.06	63.98	2341600.00
2016-04-14	64.10	64.55	63.67	64.38	3022100.00
2016-04-15	64.37	64.91	63.92	64.30	3007500.00
2016-04-18	64.34	65.77	64.01	65.73	4088400.00
2016-04-19	66.04	66.82	65.24	65.76	3819600.00
2016-04-20	65.79	66.20	65.19	65.62	4049400.00
2016-04-21	65.69	66.48	65.47	65.86	3286600.00
2016-04-22	65.63	66.35	65.49	66.25	2697200.00
2016-04-25	65.94	66.40	65.67	66.35	3767100.00
2016-04-26	65.22	66.65	64.77	64.93	5347300.00
2016-04-27	65.14	65.68	64.54	65.13	3690900.00
2016-04-28	64.80	65.26	64.41	65.09	4383000.00
2016-04-29	65.13	65.13	63.93	64.30	3386600.00
2016-05-02	64.65	65.62	64.53	65.33	3571900.00
2016-05-03	64.99	65.25	64.35	64.91	3270700.00
2016-05-04	63.99	64.37	63.53	63.73	4176800.00
2016-05-05	63.61	64.18	63.46	64.07	3446400.00
2016-05-06	63.61	63.80	62.43	63.50	4196900.00
2016-05-09	63.66	64.61	63.64	64.35	2963200.00
2016-05-10	64.94	65.66	64.74	65.44	4366000.00
2016-05-11	65.10	66.04	64.99	65.39	3716300.00
2016-05-12	65.74	65.93	64.58	65.09	4081900.00
2016-05-13	64.97	66.03	64.76	65.41	3629700.00
2016-05-16	65.11	67.24	64.99	67.09	4580100.00
2016-05-17	67.02	67.45	64.72	65.46	7153300.00
2016-05-18	65.47	65.86	64.79	65.41	4664900.00
2016-05-19	64.37	64.47	63.19	63.68	4848800.00
2016-05-20	64.09	64.73	64.00	64.11	4689200.00
2016-05-23	64.27	64.39	63.35	63.48	4440500.00
2016-05-24	63.89	64.44	63.72	64.26	3711800.00
2016-05-25	64.69	64.70	63.80	63.88	4621700.00
2016-05-26	63.93	64.79	63.65	64.72	2654600.00
2016-05-27	64.72	64.89	63.99	64.26	3247500.00
2016-05-31	64.28	64.81	64.02	64.30	4438800.00
2016-06-01	64.19	64.65	64.00	64.22	2450200.00
2016-06-02	64.46	64.85	64.19	64.67	3231000.00
2016-06-03	64.70	64.79	63.63	64.37	5319000.00
2016-06-06	64.37	64.70	63.59	64.13	3253800.00
2016-06-07	63.95	64.31	63.85	64.01	2902900.00
2016-06-08	63.98	64.35	63.76	64.19	3194900.00
2016-06-09	64.07	64.73	63.62	63.78	2760500.00
2016-06-10	63.49	63.58	62.70	63.37	4124200.00
2016-06-13	63.48	64.25	63.13	63.29	3767000.00
2016-06-14	63.02	63.73	62.61	63.69	3691900.00
2016-06-15	64.04	64.18	63.08	63.17	3408900.00
2016-06-16	62.96	63.82	62.51	63.63	4788700.00
2016-06-17	63.97	64.34	62.96	63.29	6604900.00
2016-06-20	63.80	64.01	62.75	62.80	3640100.00
2016-06-21	63.16	63.24	62.15	62.19	5999200.00
2016-06-22	62.13	63.34	62.13	62.62	4410800.00
2016-06-23	63.06	63.36	62.73	63.36	2989700.00
2016-06-24	62.09	64.37	61.59	63.70	10471300.00
2016-06-27	63.47	64.33	62.73	64.18	7657800.00
2016-06-28	64.38	65.34	63.20	64.40	8012300.00
2016-06-29	65.02	67.05	65.02	66.97	7123700.00
2016-06-30	67.01	67.54	66.38	67.48	4017200.00
2016-07-01	67.60	67.98	67.16	67.66	2909600.00
2016-07-05	67.54	68.47	67.48	68.25	3286600.00
2016-07-06	67.97	68.90	67.78	68.57	4669800.00
2016-07-07	68.41	68.60	67.40	67.97	3587300.00
2016-07-08	67.97	68.47	67.64	68.26	3134900.00
2016-07-11	68.16	68.36	67.66	67.82	3461400.00
2016-07-12	68.24	68.42	67.67	68.27	4430000.00
2016-07-13	68.48	68.58	67.98	68.01	2917200.00
2016-07-14	68.13	69.15	68.04	69.06	3823800.00
2016-07-15	69.40	69.41	68.50	68.74	4529100.00
2016-07-18	68.87	69.06	68.44	68.51	3087600.00
2016-07-19	68.43	68.77	68.20	68.53	3303700.00
2016-07-20	68.79	69.00	68.55	68.80	2811100.00
2016-07-21	68.73	69.07	68.57	68.90	2685900.00
2016-07-22	68.90	70.02	68.80	69.92	4315900.00
2016-07-25	69.92	70.27	69.41	70.25	4180100.00
2016-07-26	70.91	71.43	69.95	70.35	5134900.00
2016-07-27	70.48	71.63	70.40	71.47	4057200.00
2016-07-28	71.34	71.46	70.23	71.07	4862000.00
2016-07-29	71.19	71.51	70.82	71.03	3016200.00
2016-08-01	71.14	71.80	71.08	71.28	3131100.00
2016-08-02	71.25	71.73	70.76	71.40	3340100.00
2016-08-03	71.49	71.49	70.58	70.89	2940900.00
2016-08-04	71.14	71.14	70.59	70.63	2093800.00
2016-08-05	70.63	70.72	69.45	69.89	5886900.00
2016-08-08	69.79	70.14	68.95	69.93	4227300.00
2016-08-09	70.06	70.39	69.16	69.84	2242800.00
2016-08-10	68.66	69.55	68.27	69.03	4956700.00
2016-08-11	68.98	69.57	68.98	69.48	2408000.00
2016-08-12	69.16	69.61	68.91	69.18	2525000.00
2016-08-15	69.28	69.53	69.05	69.22	2780400.00
2016-08-16	69.21	69.34	68.85	68.85	2158700.00
2016-08-17	69.13	69.29	68.63	69.09	2519500.00
2016-08-18	69.08	69.32	68.55	68.80	3037200.00
2016-08-19	68.60	68.81	67.94	68.18	3745500.00
2016-08-22	68.41	68.91	68.15	68.38	3157000.00
2016-08-23	68.72	68.97	68.51	68.62	3406900.00
2016-08-24	68.73	68.98	67.42	67.65	3423000.00
2016-08-25	67.65	68.28	67.10	67.28	2800500.00
2016-08-26	67.31	67.97	67.13	67.47	2602300.00
2016-08-29	67.55	67.91	67.31	67.79	2203300.00
2016-08-30	67.79	67.79	66.95	67.07	2025700.00
2016-08-31	67.17	67.35	66.86	67.05	2182600.00
2016-09-01	67.05	67.27	66.23	66.60	3544700.00
2016-09-02	66.85	66.95	65.93	66.28	3943400.00
2016-09-06	66.51	67.87	66.51	67.71	5528600.00
2016-09-07	67.69	68.04	67.49	67.78	2971400.00
2016-09-08	69.02	69.14	68.48	68.90	4405400.00
2016-09-09	68.66	68.66	67.44	67.47	4152500.00
2016-09-12	67.26	68.38	67.10	68.20	3288900.00
2016-09-13	68.02	68.02	67.26	67.68	3149000.00
2016-09-14	67.85	68.34	67.28	67.52	2660900.00
2016-09-15	67.37	68.18	67.07	67.97	2652300.00
2016-09-16	67.87	68.05	67.41	67.96	4255100.00
2016-09-19	67.95	68.45	67.69	68.27	3321500.00
2016-09-20	68.67	69.29	68.38	68.89	3629400.00
2016-09-21	68.82	69.85	68.72	69.74	3147600.00
2016-09-22	69.90	70.25	69.62	70.10	2639800.00
2016-09-23	69.83	70.25	69.66	69.99	2197700.00
2016-09-26	69.85	69.98	68.56	68.58	4332800.00
2016-09-27	69.53	69.79	68.66	69.75	6888900.00
2016-09-28	69.72	70.00	69.01	69.60	2467800.00
2016-09-29	69.29	69.40	68.33	68.77	3269200.00
2016-09-30	69.08	69.55	69.02	69.22	3623000.00
2016-10-03	68.99	69.92	68.73	69.85	3983500.00
2016-10-04	69.91	70.21	69.58	69.95	3184100.00
2016-10-05	70.16	70.79	70.05	70.50	3560400.00
2016-10-06	70.07	70.53	69.62	70.26	2994200.00
2016-10-07	70.35	70.98	70.11	70.79	4241400.00
2016-10-10	70.83	71.79	70.80	71.63	4608400.00
2016-10-11	71.23	71.45	70.07	70.55	4218200.00
2016-10-12	70.55	70.91	69.39	69.43	3629800.00
2016-10-13	68.93	69.41	68.65	68.99	3565000.00
2016-10-14	69.14	69.27	68.31	68.36	3143900.00
2016-10-17	68.59	68.59	67.28	67.72	3884700.00
2016-10-18	68.21	68.26	67.70	67.93	3218300.00
2016-10-19	68.10	68.41	67.72	67.75	2988500.00
2016-10-20	67.90	68.22	67.60	67.91	2661900.00
2016-10-21	67.73	67.94	67.34	67.48	3215000.00
2016-10-24	67.69	67.86	66.78	66.90	4363200.00
2016-10-25	66.30	67.51	65.11	67.05	8496000.00
2016-10-26	66.77	66.97	65.86	66.20	2988700.00
2016-10-27	66.72	66.77	65.65	65.68	3789900.00
2016-10-28	65.22	65.27	63.70	64.28	5651500.00
2016-10-31	64.36	64.46	63.65	63.68	3562100.00
2016-11-01	63.65	63.80	61.96	62.94	8190500.00
2016-11-02	63.08	63.38	62.65	62.65	4433900.00
2016-11-03	62.79	63.20	61.99	62.19	4843200.00
2016-11-04	62.20	62.98	61.81	62.52	3617200.00
2016-11-07	63.15	63.76	63.00	63.71	4969400.00
2016-11-08	63.45	64.22	63.27	63.84	2690800.00
2016-11-09	66.53	68.39	66.04	67.60	7332700.00
2016-11-10	68.54	69.18	67.71	68.00	6904800.00
2016-11-11	67.68	67.79	66.66	67.42	3072700.00
2016-11-14	67.72	67.92	66.57	66.86	3221700.00
2016-11-15	67.21	67.31	66.13	67.12	3097600.00
2016-11-16	67.29	67.29	66.68	66.79	1922300.00
2016-11-17	66.84	67.54	66.61	67.46	4519200.00
2016-11-18	67.34	67.64	66.42	66.55	4571600.00
2016-11-21	66.67	66.87	66.06	66.53	4060300.00
2016-11-22	67.54	67.54	65.54	65.96	5208800.00
2016-11-23	55.85	59.40	55.71	59.03	53877200.00
2016-11-25	59.49	60.02	58.84	60.00	8620700.00
2016-11-28	59.40	59.40	58.25	58.33	12507700.00
2016-11-29	58.65	58.72	57.71	58.29	8930000.00
2016-11-30	58.42	58.87	57.99	58.26	9085300.00
2016-12-01	58.41	58.42	57.00	57.27	7168100.00
2016-12-02	57.55	59.37	57.26	58.78	12272200.00
2016-12-05	59.17	59.30	57.93	58.39	7286000.00
2016-12-06	58.33	58.97	58.27	58.85	4617200.00
2016-12-07	58.38	58.49	57.78	58.49	5835900.00
2016-12-08	58.20	58.39	57.63	58.32	4811400.00
2016-12-09	58.49	59.18	58.35	58.90	4350800.00
2016-12-12	59.01	59.50	58.52	58.69	5273700.00
2016-12-13	59.02	59.80	59.02	59.58	6010900.00
2016-12-14	59.39	59.83	58.63	58.74	6140300.00
2016-12-15	61.08	62.14	60.47	61.95	14320800.00
2016-12-16	63.25	63.98	62.29	63.64	17584700.00
2016-12-19	63.78	64.66	63.63	63.73	6102400.00
2016-12-20	63.93	64.32	63.37	63.70	6001500.00
2016-12-21	63.65	64.14	63.45	63.58	5054100.00
2016-12-22	63.51	63.78	63.09	63.59	4827500.00
2016-12-23	63.78	64.24	63.59	64.05	2570100.00
2016-12-27	64.29	64.64	63.96	64.07	2786700.00
2016-12-28	63.94	64.04	63.34	63.42	3256800.00
2016-12-29	63.71	64.12	63.58	63.85	3031600.00
2016-12-30	63.78	64.02	63.57	63.85	2933900.00
2017-01-03	64.18	64.82	63.84	64.76	3622700.00
2017-01-04	65.06	65.10	64.57	64.86	3021600.00
2017-01-05	65.04	67.60	64.61	65.62	3310800.00
2017-01-06	65.50	66.03	65.13	65.69	2296500.00
2017-01-09	65.69	66.51	65.55	66.21	3204100.00
2017-01-10	66.35	66.46	65.81	66.21	3559400.00
2017-01-11	66.41	66.77	64.24	65.33	7701700.00
2017-01-12	64.97	67.27	64.90	66.97	11900700.00
2017-01-13	66.77	67.81	66.30	67.19	5602600.00
2017-01-17	66.89	66.89	65.86	66.71	4913300.00
2017-01-18	67.12	67.46	66.74	67.30	3360300.00
2017-01-19	67.25	67.38	66.63	66.70	4439200.00
2017-01-20	66.86	67.20	66.38	66.68	4371200.00
2017-01-23	66.18	66.74	66.11	66.25	5055100.00
2017-01-24	66.15	66.35	64.38	64.97	6594300.00
2017-01-25	65.21	65.62	64.47	64.97	4830800.00
2017-01-26	65.09	65.41	64.70	64.74	3748000.00
2017-01-27	65.03	65.45	64.68	65.43	3132800.00
2017-01-30	65.18	65.26	64.45	64.84	5909600.00
2017-01-31	64.45	67.08	64.24	66.87	6964100.00
2017-02-01	67.61	68.20	66.76	67.36	4959200.00
2017-02-02	66.83	67.63	66.45	67.18	3830900.00
2017-02-03	67.25	67.60	66.59	67.04	3836300.00
2017-02-06	66.77	67.58	66.63	67.56	2835500.00
2017-02-07	67.43	67.72	67.12	67.45	3346800.00
2017-02-08	67.22	68.27	67.00	67.80	2820800.00
2017-02-09	67.80	68.22	67.44	67.45	2962600.00
2017-02-10	67.60	67.93	67.36	67.53	2598600.00
2017-02-13	67.79	68.22	67.75	67.96	2097500.00
2017-02-14	67.73	68.89	67.51	68.87	3311200.00
2017-02-15	68.46	70.38	68.21	70.13	4272800.00
2017-02-16	69.96	70.24	69.40	69.95	3629600.00
2017-02-17	70.03	70.79	69.97	70.25	3111100.00
2017-02-21	70.06	70.67	70.01	70.23	3178800.00
2017-02-22	70.28	70.97	70.20	70.85	3468800.00
2017-02-23	71.12	72.43	70.91	72.14	6193500.00
2017-02-24	72.03	72.74	71.87	72.42	4016000.00
2017-02-27	72.38	72.88	72.24	72.59	3104200.00
2017-02-28	72.38	72.95	72.17	72.37	3672000.00
2017-03-01	72.92	73.53	72.51	73.28	3420600.00
2017-03-02	73.29	73.36	72.39	72.45	3371600.00
2017-03-03	72.27	73.32	72.18	73.21	2649100.00
2017-03-06	72.75	73.65	72.49	73.26	3960100.00
2017-03-07	72.49	72.66	71.11	72.31	5570600.00
2017-03-08	72.31	73.40	72.24	72.89	4491800.00
2017-03-09	73.12	74.08	72.98	73.89	5861600.00
2017-03-10	73.84	73.89	73.32	73.72	3629400.00
2017-03-13	73.85	73.89	73.26	73.53	2248500.00
2017-03-14	73.41	73.89	73.34	73.81	2839100.00
2017-03-15	73.78	75.28	73.73	75.05	4883900.00
2017-03-16	74.75	74.75	73.23	74.27	4742800.00
2017-03-17	73.79	74.06	73.26	73.37	5786900.00
2017-03-20	73.93	74.16	73.38	73.46	3121900.00
2017-03-21	73.70	74.24	73.08	73.17	4066200.00
2017-03-22	73.49	73.89	72.94	73.72	2850300.00
2017-03-23	73.34	74.32	73.34	73.77	3021100.00
2017-03-24	73.67	74.26	73.28	73.56	2479100.00
2017-03-27	73.32	73.79	73.18	73.62	2340300.00
2017-03-28	73.64	74.28	73.44	74.06	2755000.00
2017-03-29	73.89	74.07	73.69	73.79	2066600.00
2017-03-30	73.91	74.24	73.48	74.07	3204100.00
2017-03-31	73.76	74.23	73.48	73.50	3151900.00
2017-04-03	73.52	74.11	73.47	73.80	2429900.00
2017-04-04	73.87	75.50	73.66	75.23	4624600.00
2017-04-05	75.09	75.78	74.78	74.83	4056300.00
2017-04-06	74.69	75.07	74.39	74.60	2684600.00
2017-04-07	74.58	74.86	74.20	74.56	2808500.00
2017-04-10	74.68	75.02	74.48	74.69	1994900.00
2017-04-11	74.69	75.28	74.56	75.09	2699200.00
2017-04-12	74.93	75.45	74.87	75.37	2545100.00
2017-04-13	75.18	75.43	74.96	75.05	2172500.00
2017-04-17	71.05	72.52	70.88	71.99	12424500.00
2017-04-18	71.58	71.75	70.69	70.96	8210800.00
2017-04-19	70.89	71.41	69.81	70.69	5504500.00
2017-04-20	70.95	71.83	70.57	71.61	3267200.00
2017-04-21	71.50	71.87	71.37	71.56	3204000.00
2017-04-24	72.38	73.17	72.29	72.90	4813600.00
2017-04-25	72.28	72.28	70.35	70.96	9221100.00
2017-04-26	71.08	71.41	70.72	70.75	4421700.00
2017-04-27	70.76	71.31	70.51	71.07	3219200.00
2017-04-28	71.11	71.88	70.96	71.71	3161800.00
2017-05-01	71.74	71.85	71.44	71.50	2397200.00
2017-05-02	71.64	71.64	71.22	71.40	3626500.00
2017-05-03	71.01	71.27	71.00	71.00	3373200.00
2017-05-04	71.09	72.62	71.04	72.57	3567100.00
2017-05-05	72.59	72.63	71.72	72.11	3135600.00
2017-05-08	71.97	72.02	70.23	70.50	4712900.00
2017-05-09	70.63	70.73	70.22	70.60	3988100.00
2017-05-10	70.65	70.88	70.08	70.83	4018500.00
2017-05-11	71.00	71.24	70.28	70.56	3920500.00
2017-05-12	70.65	70.90	70.13	70.53	2935200.00
2017-05-15	70.53	70.79	69.86	70.63	2559100.00
2017-05-16	70.57	70.63	68.96	69.47	7170100.00
2017-05-17	69.47	69.51	68.53	68.73	4486000.00
2017-05-18	69.11	69.43	68.64	68.87	2928200.00
2017-05-19	69.04	69.23	68.37	68.43	5091800.00
2017-05-22	68.52	68.61	67.59	67.71	6936500.00
2017-05-23	67.89	68.92	67.74	68.60	5884800.00
2017-05-24	68.60	68.85	68.43	68.57	2253800.00
2017-05-25	68.88	69.01	68.39	68.90	1736700.00
2017-05-26	68.71	68.91	68.36	68.65	2238900.00
2017-05-30	68.56	69.19	68.38	68.91	3244900.00
2017-05-31	69.03	70.28	69.03	69.98	5163900.00
2017-06-01	70.01	70.57	69.82	70.35	3093100.00
2017-06-02	70.78	71.30	70.28	70.48	4005700.00
2017-06-05	70.36	70.42	69.47	69.79	2814800.00
2017-06-06	69.84	69.89	69.26	69.56	2688000.00
2017-06-07	69.62	69.96	69.56	69.83	2899900.00
2017-06-08	69.83	70.77	69.78	70.45	4610400.00
2017-06-09	70.45	71.41	70.10	71.28	4599300.00
2017-06-12	71.21	71.50	71.10	71.15	2842400.00
2017-06-13	71.43	71.50	70.57	71.46	4492900.00
2017-06-14	71.15	71.78	71.04	71.77	4025600.00
2017-06-15	71.59	72.25	71.21	72.17	3484800.00
2017-06-16	72.33	72.61	71.82	72.02	4903200.00
2017-06-19	72.14	72.79	72.01	72.42	2538000.00
2017-06-20	72.32	73.60	72.32	72.78	3694700.00
2017-06-21	73.09	73.36	72.46	72.68	3781400.00
2017-06-22	72.86	74.55	72.86	74.15	4891600.00
2017-06-23	73.99	74.18	73.63	73.78	3928000.00
2017-06-26	73.96	74.28	73.58	74.13	2952800.00
2017-06-27	74.04	74.17	73.04	73.04	2365800.00
2017-06-28	73.40	73.81	72.91	73.09	3035300.00
2017-06-29	73.08	73.20	72.39	72.74	2366800.00
2017-06-30	72.98	73.12	72.12	72.39	5713900.00
2017-07-03	72.48	72.92	72.40	72.74	1464700.00
2017-07-05	72.68	72.79	72.15	72.74	2263600.00
2017-07-06	72.40	72.62	71.57	71.77	3391000.00
2017-07-07	71.79	72.43	71.62	72.38	1803700.00
2017-07-10	72.41	72.62	72.03	72.37	2269700.00
2017-07-11	72.47	72.86	72.02	72.43	2708900.00
2017-07-12	72.76	73.90	72.66	73.44	3527000.00
2017-07-13	73.49	74.08	73.14	73.90	2944100.00
2017-07-14	73.98	74.39	73.71	74.19	2005700.00
2017-07-17	74.15	74.35	73.37	73.56	1989100.00
2017-07-18	73.45	73.68	73.20	73.62	1704500.00
2017-07-19	73.46	74.13	73.46	74.08	2297400.00
2017-07-20	74.35	74.87	74.24	74.54	2980600.00
2017-07-21	74.43	74.73	74.15	74.46	3064400.00
2017-07-24	74.46	75.23	74.33	74.53	3952200.00
2017-07-25	73.65	74.23	71.04	72.29	13319900.00
2017-07-26	71.74	72.02	71.28	71.98	7030500.00
2017-07-27	71.91	73.05	71.65	73.02	5577400.00
2017-07-28	72.89	73.20	72.56	73.09	3820100.00
2017-07-31	73.30	73.67	72.68	72.70	4083000.00
2017-08-01	72.88	73.13	72.23	72.45	3439400.00
2017-08-02	72.17	72.27	71.30	71.96	4574400.00
2017-08-03	71.75	72.37	71.68	72.06	3688300.00
2017-08-04	72.03	72.40	71.91	72.39	2802600.00
2017-08-07	72.39	72.47	71.88	72.18	2769700.00
2017-08-08	72.01	72.76	71.80	72.10	3292600.00
2017-08-09	72.24	72.77	72.10	72.62	2392100.00
2017-08-10	72.60	72.60	71.82	72.17	3367500.00
2017-08-11	72.41	72.56	71.80	71.83	2446400.00
2017-08-14	72.00	72.30	71.86	72.13	1879600.00
2017-08-15	72.14	72.88	72.14	72.33	1949500.00
2017-08-16	72.71	72.76	70.83	71.42	3970500.00
2017-08-17	71.17	71.32	68.78	68.86	7318200.00
2017-08-18	68.78	68.78	68.10	68.22	4061300.00
2017-08-21	68.26	68.72	68.06	68.49	3638100.00
2017-08-22	68.63	69.62	68.63	69.27	2131900.00
2017-08-23	69.22	69.50	69.09	69.17	1801500.00
2017-08-24	69.33	70.14	69.27	69.80	4188400.00
2017-08-25	69.89	70.40	69.70	69.74	2171500.00
2017-08-28	70.02	70.31	69.60	69.78	1923200.00
2017-08-29	69.52	69.78	69.15	69.53	2154300.00
2017-08-30	70.02	71.49	69.71	71.25	5036900.00
2017-08-31	71.49	72.01	71.11	71.95	3939500.00
2017-09-01	72.17	72.33	70.31	70.88	4345000.00
2017-09-05	70.34	70.86	69.97	70.65	3384000.00
2017-09-06	71.00	71.40	70.69	71.26	2689200.00
2017-09-07	71.36	73.25	71.14	72.17	6249300.00
2017-09-08	72.24	73.57	72.17	73.40	3961300.00
2017-09-11	73.41	73.78	72.38	73.14	4389200.00
2017-09-12	73.11	73.23	72.52	72.73	2566400.00
2017-09-13	72.55	73.10	72.48	72.96	2454900.00
2017-09-14	72.87	74.34	72.69	73.53	3370300.00
2017-09-15	73.73	73.97	72.74	72.97	5374500.00
2017-09-18	73.07	73.18	72.64	73.04	2200000.00
2017-09-19	73.15	73.33	72.18	72.34	2259200.00
2017-09-20	72.64	72.95	72.04	72.60	2849900.00
2017-09-21	72.59	74.09	72.48	73.76	4426700.00
2017-09-22	73.77	74.38	73.24	74.27	3148700.00
2017-09-25	74.24	74.93	74.18	74.92	4223800.00
2017-09-26	74.73	75.35	74.36	74.55	2347200.00
2017-09-27	74.65	75.06	74.33	74.93	3085200.00
2017-09-28	74.87	75.75	74.49	75.24	2841000.00
2017-09-29	75.39	75.78	74.70	75.72	3506100.00
2017-10-02	75.93	76.72	75.89	76.43	3071100.00
2017-10-03	76.34	76.62	76.06	76.52	2128800.00
2017-10-04	76.57	77.15	76.37	76.97	2317700.00
2017-10-05	76.80	78.86	76.47	77.58	5221000.00
2017-10-06	77.28	77.44	76.69	77.08	2297200.00
2017-10-09	77.13	77.26	76.53	77.05	1701400.00
2017-10-10	75.57	76.74	75.46	76.26	4943700.00
2017-10-11	76.43	76.71	75.64	76.18	3433200.00
2017-10-12	76.21	76.52	76.04	76.50	1941100.00
2017-10-13	76.48	76.74	75.87	76.61	3026500.00
2017-10-16	76.55	76.78	75.93	76.08	3800700.00
2017-10-17	76.07	76.57	75.61	76.18	3643700.00
2017-10-18	76.41	76.62	75.70	75.88	4002200.00
2017-10-19	75.85	76.46	75.69	76.44	3233400.00
2017-10-20	76.58	77.34	76.41	77.21	3223200.00
2017-10-23	77.42	78.06	77.11	77.17	4909800.00
2017-10-24	77.38	78.19	74.13	75.39	8696100.00
2017-10-25	76.04	76.45	74.95	75.10	3916000.00
2017-10-26	74.95	75.33	74.20	74.49	3820700.00
2017-10-27	74.41	75.07	73.99	74.23	2892900.00
2017-10-30	74.14	74.14	72.96	73.16	4667200.00
2017-10-31	73.25	73.56	72.33	72.53	3853300.00
2017-11-01	72.73	74.19	72.58	73.37	3309300.00
2017-11-02	73.07	74.28	72.86	73.58	2716100.00
2017-11-03	73.21	73.99	73.17	73.92	1534800.00
2017-11-06	73.72	73.85	73.40	73.41	1861700.00
2017-11-07	73.50	73.84	73.26	73.72	2851900.00
2017-11-08	73.47	74.70	73.47	74.36	2328700.00
2017-11-09	74.19	74.58	74.02	74.34	2098600.00
2017-11-10	74.06	74.24	73.09	73.72	2692500.00
2017-11-13	73.76	73.76	73.05	73.34	2478700.00
2017-11-14	73.66	74.03	73.23	73.48	2684800.00
2017-11-15	73.49	74.06	72.52	73.21	1838100.00
2017-11-16	73.41	74.49	72.90	74.32	2599700.00
2017-11-17	73.93	74.36	73.75	73.83	4097800.00
2017-11-20	74.01	74.22	73.77	74.09	2205900.00
2017-11-21	74.51	75.29	74.26	74.39	3529900.00
2017-11-22	74.53	75.05	74.36	74.54	2230900.00
2017-11-24	74.71	74.97	74.45	74.85	817600.00
2017-11-27	74.96	75.94	74.85	75.54	2980900.00
2017-11-28	75.77	76.03	75.48	75.76	2659400.00
2017-11-29	75.53	75.93	75.22	75.68	2316000.00
2017-11-30	75.94	76.14	75.11	75.39	5002100.00
2017-12-01	75.69	76.08	74.98	76.00	2736300.00
2017-12-04	76.15	77.30	76.03	76.23	4228300.00
2017-12-05	76.24	77.12	75.90	76.66	3876800.00
2017-12-06	76.64	76.95	75.29	76.00	3130900.00
2017-12-07	75.90	76.49	75.40	76.49	4344900.00
2017-12-08	76.30	77.01	76.13	77.00	3777100.00
2017-12-11	77.15	77.35	76.67	77.20	3336800.00
2017-12-12	77.04	77.41	76.59	77.24	4252500.00
2017-12-13	76.97	79.36	76.91	78.29	5786800.00
2017-12-14	78.58	78.68	76.71	77.05	4388400.00
2017-12-15	77.40	78.04	76.84	77.08	7346400.00
2017-12-18	77.28	77.89	76.59	76.67	3796000.00
2017-12-19	76.64	77.29	76.47	77.24	4027600.00
2017-12-20	77.21	77.44	76.28	76.37	3016900.00
2017-12-21	76.63	76.76	76.10	76.26	2024300.00
2017-12-22	76.25	76.41	75.49	75.77	1834800.00
2017-12-26	75.97	76.10	75.68	75.70	1099900.00
2017-12-27	75.88	76.12	75.69	75.84	1332800.00
2017-12-28	75.98	76.10	75.61	75.76	1731700.00
2017-12-29	75.82	76.10	75.23	75.23	2563800.00
2018-01-02	75.23	75.71	74.88	75.43	3456700.00
2018-01-03	75.48	76.09	75.06	75.84	3078400.00
2018-01-04	75.96	76.43	75.48	76.18	2462500.00
2018-01-05	76.68	77.27	76.54	77.11	2946300.00
2018-01-08	77.22	77.24	76.07	76.72	3251400.00
2018-01-09	76.78	76.98	76.37	76.66	2426000.00
2018-01-10	76.26	76.75	76.15	76.69	1674600.00
2018-01-11	76.75	77.13	76.49	76.95	2647500.00
2018-01-12	77.07	77.86	76.63	77.48	2728900.00
2018-01-16	76.54	77.13	75.85	75.97	4878300.00
2018-01-17	76.43	76.92	76.13	76.79	4083300.00
2018-01-18	76.64	76.73	75.95	76.44	4445800.00
2018-01-19	76.75	76.85	76.00	76.15	5826900.00
2018-01-22	74.15	76.22	73.40	76.10	6374000.00
2018-01-23	75.87	76.53	75.04	75.20	5728100.00
2018-01-24	75.59	75.86	75.07	75.09	5977700.00
2018-01-25	75.54	76.07	75.32	75.72	5201600.00
2018-01-26	75.50	77.91	75.50	77.57	6394100.00
2018-01-29	77.29	78.68	77.18	78.03	5324500.00
2018-01-30	77.17	77.44	75.90	76.68	5388400.00
2018-01-31	77.05	77.25	72.39	72.55	10558500.00
2018-02-01	72.63	73.82	72.41	73.41	8410700.00
2018-02-02	72.93	73.96	72.26	72.31	5152500.00
2018-02-05	72.05	72.69	68.19	69.02	8145200.00
2018-02-06	68.19	70.47	67.44	69.47	10558800.00
2018-02-07	69.26	69.98	68.33	68.34	8240300.00
2018-02-08	68.76	69.17	66.08	66.10	8059600.00
2018-02-09	66.86	68.43	65.64	67.90	8939700.00
2018-02-12	68.30	68.68	66.98	67.92	6454200.00
2018-02-13	67.71	68.22	67.47	67.88	4041200.00
2018-02-14	67.67	69.27	67.61	69.12	4361100.00
2018-02-15	69.77	70.13	69.12	70.01	4810700.00
2018-02-16	69.95	71.48	69.91	70.87	4699600.00
2018-02-20	70.16	70.62	69.26	69.59	3195000.00
2018-02-21	69.63	70.67	69.59	69.59	3871100.00
2018-02-22	69.27	70.08	68.67	69.27	7687400.00
2018-02-23	69.75	70.77	69.67	70.67	5170300.00
2018-02-26	70.88	72.21	70.87	71.95	6015900.00
2018-02-27	71.92	71.98	70.61	70.62	4860400.00
2018-02-28	70.69	71.05	69.11	69.12	6123400.00
2018-03-01	69.15	69.43	67.78	68.65	6258400.00
2018-03-02	68.54	69.64	68.49	69.30	3216700.00
2018-03-05	69.01	70.07	68.84	69.73	3816600.00
2018-03-06	69.87	69.99	68.99	69.27	2962700.00
2018-03-07	68.72	69.64	68.68	69.49	2266500.00
2018-03-08	69.68	70.91	69.52	70.79	3497200.00
2018-03-09	71.14	71.75	70.78	71.44	4399500.00
2018-03-12	71.64	71.76	70.54	70.93	5059600.00
2018-03-13	70.96	71.67	70.69	71.03	4863200.00
2018-03-14	71.24	71.39	70.01	70.43	3167900.00
2018-03-15	70.52	71.66	70.41	70.67	3910100.00
2018-03-16	71.07	72.23	71.00	72.23	8326300.00
2018-03-19	71.90	71.97	70.14	70.65	5117000.00
2018-03-20	70.93	71.07	69.86	70.33	3943800.00
2018-03-21	70.41	70.89	70.02	70.21	4052000.00
2018-03-22	69.60	70.00	68.57	68.68	3816900.00
2018-03-23	68.89	68.92	66.86	67.09	4298100.00
2018-03-26	67.85	68.41	66.99	68.36	3488700.00
2018-03-27	68.28	68.74	67.43	67.89	4070600.00
2018-03-28	68.25	69.69	68.24	69.11	4257500.00
2018-03-29	69.51	69.82	68.75	69.43	3424000.00
2018-04-02	68.99	69.38	67.66	67.93	6282600.00
2018-04-03	68.42	69.64	68.07	69.58	3610600.00
2018-04-04	68.94	70.73	68.84	70.53	3022200.00
2018-04-05	70.46	70.76	70.08	70.55	2213100.00
2018-04-06	70.16	70.22	68.47	68.96	4012800.00
2018-04-09	69.34	70.31	68.50	69.40	5377500.00
2018-04-10	70.08	71.50	70.06	71.09	3657200.00
2018-04-11	70.31	70.80	70.10	70.65	2830000.00
2018-04-12	71.06	71.50	70.72	71.15	2121100.00
2018-04-13	71.68	72.19	71.11	71.54	2652400.00
2018-04-16	72.20	72.46	71.49	71.90	2743000.00
2018-04-17	72.30	72.36	71.33	71.72	3782400.00
2018-04-18	71.75	72.00	71.42	71.54	4261000.00
2018-04-19	70.86	71.56	70.49	71.56	4989400.00
2018-04-20	71.47	71.71	70.73	70.95	5424100.00
2018-04-23	71.28	72.05	71.04	71.97	4015900.00
2018-04-24	72.84	73.14	70.82	71.87	6394900.00
2018-04-25	72.03	73.87	71.80	72.81	5379000.00
2018-04-26	73.06	74.98	73.06	74.08	5058700.00
2018-04-27	74.03	74.70	73.93	74.24	3209600.00
2018-04-30	74.56	74.67	72.74	72.75	5483500.00
2018-05-01	72.40	72.62	70.61	70.95	6306100.00
2018-05-02	70.60	71.24	70.41	70.74	5166300.00
2018-05-03	70.58	70.62	69.49	70.03	4469300.00
2018-05-04	69.47	70.55	69.18	70.35	3367500.00
2018-05-07	70.36	71.13	70.20	70.56	3722600.00
2018-05-08	70.43	70.80	70.15	70.78	4591700.00
2018-05-09	70.86	71.48	70.40	71.13	3325200.00
2018-05-10	71.30	72.84	71.26	72.56	3718400.00
2018-05-11	72.82	73.99	72.70	73.99	4393800.00
2018-05-14	74.12	74.77	74.03	74.54	4739700.00
2018-05-15	74.23	74.43	73.43	73.77	3662700.00
2018-05-16	73.91	74.05	73.15	73.35	3614500.00
2018-05-17	73.22	73.95	73.21	73.78	2808400.00
2018-05-18	73.63	74.35	73.63	74.15	4002300.00
2018-05-21	74.35	74.58	73.79	73.94	2505900.00
2018-05-22	74.22	74.90	73.92	74.29	2620700.00
2018-05-23	73.83	74.92	73.74	74.71	2516900.00
2018-05-24	74.73	74.81	74.18	74.73	2481800.00
2018-05-25	74.81	75.42	74.62	74.79	2338100.00
2018-05-29	74.19	74.65	73.78	74.49	3459300.00
2018-05-30	74.92	75.92	74.91	75.77	3475400.00
2018-05-31	75.79	76.90	75.61	76.84	9526400.00
2018-06-01	76.98	77.42	76.40	76.67	4057700.00
2018-06-04	76.49	77.27	76.22	76.87	4263100.00
2018-06-05	77.03	77.43	76.39	76.64	3667600.00
2018-06-06	76.69	77.64	76.49	77.64	2720100.00
2018-06-07	77.89	77.99	77.09	77.60	3123600.00
2018-06-08	77.55	78.09	77.19	77.78	3172300.00
2018-06-11	77.99	78.41	77.53	77.58	3506900.00
2018-06-12	77.49	77.72	77.21	77.24	3016900.00
2018-06-13	77.49	78.05	77.34	77.45	3052100.00
2018-06-14	77.41	78.12	76.96	78.02	3115100.00
2018-06-15	77.82	78.85	77.80	78.50	5575200.00
2018-06-18	77.69	77.84	76.81	77.81	2903900.00
2018-06-19	77.61	78.49	77.41	78.45	3044500.00
2018-06-20	78.37	78.75	77.89	77.96	4675500.00
2018-06-21	77.54	77.96	76.97	77.77	2856400.00
2018-06-22	77.72	78.07	77.53	77.63	3769500.00
2018-06-25	77.71	78.26	76.91	77.50	3414100.00
2018-06-26	77.29	77.71	76.77	76.90	2840600.00
2018-06-27	76.72	77.34	76.48	76.50	3005400.00
2018-06-28	76.67	77.67	76.63	77.24	2564600.00
2018-06-29	77.56	77.80	76.92	77.10	2964000.00
2018-07-02	76.86	77.64	76.54	77.58	2347000.00
2018-07-03	77.53	78.63	77.53	78.17	2163500.00
2018-07-05	78.53	78.78	77.82	78.21	2675500.00
2018-07-06	78.46	79.25	78.45	78.96	2290500.00
2018-07-09	79.15	79.81	79.08	79.40	2718300.00
2018-07-10	79.59	79.72	79.21	79.56	2227200.00
2018-07-11	79.30	79.58	78.79	79.12	2449500.00
2018-07-12	79.60	80.41	79.44	80.33	2604500.00
2018-07-13	80.26	81.20	80.00	81.06	3335000.00
2018-07-16	80.99	81.18	80.27	80.48	3175200.00
2018-07-17	80.74	81.29	80.72	80.93	2179400.00
2018-07-18	80.96	81.44	80.48	81.35	3021400.00
2018-07-19	81.17	81.30	80.30	80.80	3171000.00
2018-07-20	80.43	80.75	79.75	79.94	3829800.00
2018-07-23	79.78	80.56	79.67	80.31	3145300.00
2018-07-24	82.28	84.72	81.32	84.35	9910000.00
2018-07-25	84.18	87.33	84.06	87.13	8476800.00
2018-07-26	87.32	87.61	85.68	86.00	4826100.00
2018-07-27	86.42	87.61	85.86	87.28	3975500.00
2018-07-30	87.08	88.66	86.97	88.57	5356000.00
2018-07-31	88.77	89.63	88.12	89.28	4957800.00
2018-08-01	89.22	89.77	88.95	89.18	4971800.00
2018-08-02	88.50	90.71	88.40	89.88	4321000.00
2018-08-03	89.61	90.98	89.34	90.88	4572100.00
2018-08-06	90.72	92.70	90.55	92.16	5090900.00
2018-08-07	91.97	93.80	91.87	92.11	5095100.00
2018-08-08	92.03	92.77	91.65	92.41	3901600.00
2018-08-09	92.22	92.81	92.09	92.33	3298100.00
2018-08-10	92.30	93.24	92.15	92.39	2783800.00
2018-08-13	92.57	92.78	92.27	92.56	2816400.00
2018-08-14	92.46	93.44	92.01	93.07	3283900.00
2018-08-15	92.93	93.98	92.74	93.88	3143200.00
2018-08-16	93.81	95.34	93.81	94.82	4427200.00
2018-08-17	94.88	96.23	94.45	95.90	3824300.00
2018-08-20	95.92	96.65	95.92	96.14	2765500.00
2018-08-21	96.32	96.42	95.14	95.46	2775500.00
2018-08-22	95.22	95.97	94.63	95.42	1964400.00
2018-08-23	95.39	95.62	94.84	95.23	2043400.00
2018-08-24	95.92	96.34	94.97	96.10	3089900.00
2018-08-27	96.44	96.75	95.34	95.50	2452500.00
2018-08-28	95.42	95.93	95.02	95.56	2516800.00
2018-08-29	94.85	95.93	94.74	95.70	2949500.00
2018-08-30	95.56	96.07	95.34	95.83	2928600.00
2018-08-31	95.52	96.18	94.92	95.99	3278900.00
2018-09-04	95.68	96.03	94.83	95.05	3107000.00
2018-09-05	95.26	96.41	95.12	96.05	3366600.00
2018-09-06	96.01	96.08	94.18	95.73	3180700.00
2018-09-07	95.53	97.43	95.22	97.24	3822900.00
2018-09-10	97.67	97.98	96.66	96.69	2950800.00
2018-09-11	96.68	96.87	95.87	95.98	3516400.00
2018-09-12	96.13	96.75	95.86	96.28	3926000.00
2018-09-13	96.45	96.95	96.14	96.83	5167400.00
2018-09-14	96.82	96.93	95.76	96.10	3103100.00
2018-09-17	95.95	97.01	95.44	96.04	4972200.00
2018-09-18	96.19	97.39	95.50	97.11	3668800.00
2018-09-19	97.11	97.28	95.85	96.07	3270400.00
2018-09-20	96.05	96.41	94.69	96.37	3762000.00
2018-09-21	96.52	97.10	95.72	96.61	5333700.00
2018-09-24	96.26	96.91	95.93	95.93	3095500.00
2018-09-25	96.32	97.00	95.89	96.03	3775700.00
2018-09-26	96.36	97.55	96.32	96.59	3707300.00
2018-09-27	96.75	97.37	96.50	96.93	2093700.00
2018-09-28	97.01	97.89	96.58	97.50	2812300.00
2018-10-01	97.82	97.86	97.24	97.76	2707500.00
2018-10-02	97.67	98.25	97.39	98.09	3787900.00
2018-10-03	98.55	99.59	98.34	98.69	5097200.00
2018-10-04	103.23	105.10	100.89	102.66	10940700.00
2018-10-05	103.66	104.89	103.66	104.50	8330300.00
2018-10-08	104.35	105.95	104.27	104.90	6002300.00
2018-10-09	104.56	105.39	103.78	104.89	4716000.00
2018-10-10	104.45	104.82	102.89	102.97	5602900.00
2018-10-11	102.75	102.96	96.83	98.04	7226300.00
2018-10-12	99.03	100.87	98.51	100.38	4519100.00
2018-10-15	100.39	101.58	99.92	100.50	3884700.00
2018-10-16	100.70	101.05	99.88	100.88	4192800.00
2018-10-17	100.83	103.37	100.72	103.20	4402100.00
2018-10-18	103.51	103.80	102.13	102.95	3619600.00
2018-10-19	102.56	102.99	100.54	101.68	4224000.00
2018-10-22	101.76	102.41	101.18	101.78	2938300.00
2018-10-23	100.58	101.27	99.09	100.29	3757000.00
2018-10-24	100.14	100.99	96.48	96.60	6739400.00
2018-10-25	96.70	98.87	94.64	98.02	4114800.00
2018-10-26	97.26	97.64	95.45	96.66	4464500.00
2018-10-29	97.62	99.10	96.58	97.58	3587800.00
2018-10-30	97.42	98.59	97.29	98.43	3325900.00
2018-10-31	99.57	100.33	98.44	98.52	4349200.00
2018-11-01	98.80	99.24	97.51	98.00	3639400.00
2018-11-02	98.25	98.48	96.24	96.99	3577200.00
2018-11-05	100.33	101.83	99.72	100.07	7368600.00
2018-11-06	99.03	99.30	95.35	96.22	6803700.00
2018-11-07	97.08	100.65	96.96	99.69	5875400.00
2018-11-08	99.48	100.79	99.04	100.03	3666300.00
2018-11-09	100.32	102.25	99.67	101.95	5054400.00
2018-11-12	101.99	104.22	101.99	102.85	5078900.00
2018-11-13	103.80	103.80	101.60	102.11	4239700.00
2018-11-14	102.60	102.86	100.21	100.27	5392800.00
2018-11-15	99.69	102.48	99.11	102.45	4796800.00
2018-11-16	101.98	104.37	101.97	103.94	4766400.00
2018-11-19	103.18	106.01	103.18	105.75	4869800.00
2018-11-20	104.90	106.10	104.39	104.75	4877300.00
2018-11-21	104.35	104.35	102.39	102.48	3619700.00
2018-11-23	102.14	103.92	101.72	103.06	1897000.00
2018-11-26	101.59	103.73	101.33	102.62	3296200.00
2018-11-27	102.53	104.32	102.00	104.30	3263200.00
2018-11-28	104.76	105.77	103.88	105.49	4814500.00
2018-11-29	105.28	107.68	104.98	106.84	4688300.00
2018-11-30	107.39	108.40	106.12	108.33	8965600.00
2018-12-03	108.33	108.38	107.33	108.22	4290100.00
2018-12-04	108.34	109.43	106.21	106.40	5676600.00
2018-12-06	105.30	105.91	103.16	105.78	5064400.00
2018-12-07	105.49	105.72	102.97	103.71	4128100.00
2018-12-10	103.73	104.69	101.37	104.18	3832600.00
2018-12-11	104.86	105.58	104.02	104.55	3806800.00
2018-12-12	105.45	105.68	104.34	104.41	3758800.00
2018-12-13	104.66	105.15	103.95	104.88	3609900.00
2018-12-14	104.36	104.63	101.58	102.21	5306100.00
2018-12-17	101.55	101.63	98.36	98.95	6121700.00
2018-12-18	99.92	100.13	96.49	97.25	6864400.00
2018-12-19	101.85	101.85	98.34	99.63	8362800.00
2018-12-20	99.62	100.59	98.73	99.80	8362300.00
2018-12-21	99.80	101.82	99.24	99.91	13154500.00
2018-12-24	99.85	99.90	97.37	97.48	3284000.00
2018-12-26	97.48	101.44	97.18	101.44	3792400.00
2018-12-27	100.66	103.09	99.28	103.08	4101600.00
2018-12-28	103.55	105.09	102.81	104.28	3984000.00
2018-12-31	104.41	105.79	104.32	105.67	2731000.00
2019-01-02	104.82	105.40	102.95	104.90	4247100.00
2019-01-03	104.75	104.77	101.45	101.64	4203300.00
2019-01-04	102.46	104.86	102.03	104.70	5795200.00
2019-01-07	102.61	106.32	102.32	105.26	7749600.00
2019-01-08	105.64	106.31	104.57	106.23	3428900.00
2019-01-09	106.26	107.95	106.12	107.03	5820100.00
2019-01-10	106.92	107.04	104.98	105.87	4282300.00
2019-01-11	105.26	106.11	105.10	106.09	2648800.00
2019-01-14	105.19	105.24	104.40	104.72	4404600.00
2019-01-15	104.01	107.95	103.55	106.92	5097700.00
2019-01-16	106.83	107.81	106.36	106.65	2920600.00
2019-01-17	106.66	108.84	106.42	108.81	4401900.00
2019-01-18	105.54	106.74	105.03	106.46	8887000.00
2019-01-22	105.64	106.94	105.64	106.92	4377500.00
2019-01-23	106.94	108.57	106.76	108.47	4012100.00
2019-01-24	107.95	107.95	104.28	105.00	6946200.00
2019-01-25	105.32	105.33	104.13	104.98	4599100.00
2019-01-28	104.75	105.11	103.68	105.04	3590900.00
2019-01-29	104.45	105.88	104.01	105.66	3767400.00
2019-01-30	105.49	106.91	105.49	106.78	4362900.00
2019-01-31	106.78	109.70	106.59	109.45	5746100.00
2019-02-01	109.87	110.48	108.78	110.39	4171500.00
2019-02-04	110.68	111.25	108.38	109.73	4518400.00
2019-02-05	110.23	111.16	109.94	109.97	8832400.00
2019-02-06	108.36	110.32	107.51	108.91	7421000.00
2019-02-07	108.66	108.96	106.71	107.29	7935000.00
2019-02-08	107.50	110.88	107.25	109.21	16195100.00
2019-02-11	108.84	109.52	106.87	107.76	7203100.00
2019-02-12	107.53	109.48	107.29	109.11	6975500.00
2019-02-13	109.21	109.83	107.85	109.25	12738600.00
2019-02-14	109.20	111.32	109.07	110.86	17847000.00
2019-02-15	111.25	112.45	110.54	112.45	10366400.00
2019-02-19	111.37	113.23	111.36	112.12	17861300.00
2019-02-20	112.35	112.97	111.65	112.61	19880300.00
2019-02-21	112.06	113.62	111.82	112.67	20798700.00
2019-02-22	112.67	114.52	112.60	113.84	19574000.00
2019-02-25	113.93	114.46	113.35	113.74	13682400.00
2019-02-26	113.71	114.91	113.22	114.46	20790900.00
2019-02-27	114.29	116.12	113.91	115.38	32135600.00
2019-02-28	115.24	117.30	114.94	115.94	36023600.00
2019-03-01	116.82	118.82	116.21	118.28	43290900.00
2019-03-04	119.82	119.82	115.07	117.02	59468600.00
2019-03-05	117.88	118.31	116.34	117.96	53212600.00
2019-03-06	118.20	118.24	115.12	116.30	74822500.00
2019-03-07	116.05	116.77	114.88	115.99	60615600.00
2019-03-08	116.02	116.58	114.99	116.32	50169800.00
2019-03-11	112.74	114.68	112.47	113.38	61771200.00
2019-03-12	113.38	113.86	112.63	113.38	8077600.00
2019-03-13	114.39	120.04	113.07	114.13	68139300.00
2019-03-14	114.74	114.74	112.47	113.00	42768700.00
2019-03-15	113.01	113.99	111.97	113.79	47331000.00
2019-03-18	113.83	115.08	113.38	114.98	16052200.00
2019-03-19	115.00	116.27	114.89	116.22	13726300.00
2019-03-20	117.09	118.52	116.44	117.66	7520700.00
2019-03-21	116.48	118.41	116.26	117.80	5704300.00
2019-03-22	118.18	118.87	116.99	117.79	15332900.00
2019-03-25	118.07	119.88	117.89	119.23	5972800.00
2019-03-26	119.57	121.30	119.07	120.29	5872900.00
2019-03-27	120.23	120.78	117.99	118.22	7675100.00
2019-03-28	118.74	119.26	118.31	118.39	6112900.00
2019-03-29	118.44	119.29	118.41	119.13	5729100.00
2019-04-01	120.00	120.59	118.48	118.48	5132300.00
2019-04-02	118.47	118.95	117.73	118.72	3214600.00
2019-04-03	118.53	118.66	116.45	116.64	4425300.00
2019-04-04	116.91	116.92	114.40	115.32	5539800.00
2019-04-05	116.13	116.60	115.32	116.59	4656400.00
2019-04-08	116.14	116.85	115.76	116.74	3430900.00
2019-04-09	116.37	117.62	116.23	116.82	4215600.00
2019-04-10	117.11	117.49	116.53	116.77	4227100.00
2019-04-11	116.47	116.89	114.31	114.90	5520700.00
2019-04-12	114.98	114.98	112.94	112.98	5470400.00
2019-04-15	113.63	114.16	113.07	113.91	4549100.00
2019-04-16	114.69	114.69	109.98	110.13	6573400.00
2019-04-17	110.17	110.22	106.40	106.96	14842800.00
2019-04-18	106.71	107.09	104.79	105.76	9805800.00
2019-04-22	105.61	106.10	104.34	106.01	7519700.00
2019-04-23	106.53	108.23	105.97	107.86	5891500.00
2019-04-24	108.60	108.73	107.63	108.33	4254100.00
2019-04-25	108.10	108.96	107.18	108.54	3425000.00
2019-04-26	109.09	110.10	108.95	110.05	3372500.00
2019-04-29	110.08	110.18	109.48	109.80	4097200.00
2019-04-30	107.06	107.54	105.50	107.45	7548300.00
2019-05-01	107.46	109.74	107.01	108.50	5392100.00
2019-05-02	108.74	108.86	107.29	108.75	4168800.00
2019-05-03	108.74	108.74	106.99	107.33	5695500.00
2019-05-06	106.33	107.49	105.85	107.09	5952100.00
2019-05-07	106.77	106.95	105.08	105.52	5127200.00
2019-05-08	106.36	107.31	105.79	106.73	2992600.00
2019-05-09	106.37	106.63	105.38	106.31	5818900.00
2019-05-10	106.16	106.79	104.86	106.70	3660500.00
2019-05-13	105.45	105.75	104.54	105.00	4284600.00
2019-05-14	105.33	106.06	105.15	105.52	3668400.00
2019-05-15	105.81	106.35	104.95	106.15	3724400.00
2019-05-16	105.77	108.64	105.77	107.77	3914100.00
2019-05-17	106.82	107.69	106.37	107.10	3109800.00
2019-05-20	106.97	107.37	106.17	107.31	3042800.00
2019-05-21	108.05	108.75	107.58	107.63	2611100.00
2019-05-22	107.20	109.30	107.20	108.92	3934200.00
2019-05-23	108.72	108.90	107.54	107.84	3653500.00
2019-05-24	108.51	108.52	107.51	107.82	2086400.00
2019-05-28	108.10	109.32	106.82	106.87	5007200.00
2019-05-29	106.73	106.91	105.64	106.62	5915800.00
2019-05-30	106.62	107.37	106.13	107.00	2392800.00
2019-05-31	106.48	108.55	106.16	107.04	6098400.00
2019-06-03	107.58	108.68	107.13	107.80	4722000.00
2019-06-04	109.01	109.80	108.40	108.53	3122700.00
2019-06-05	108.97	109.29	107.58	108.04	4175800.00
2019-06-06	108.50	109.81	108.27	108.48	3882800.00
2019-06-07	109.12	109.81	108.84	109.26	2726300.00
2019-06-10	107.09	107.09	105.14	105.18	8172400.00
2019-06-11	105.97	106.72	103.26	103.59	5681200.00
2019-06-12	103.86	106.63	103.86	106.39	3793800.00
2019-06-13	106.54	106.54	102.12	103.23	8477300.00
2019-06-14	103.52	103.63	102.49	103.16	3188100.00
2019-06-17	103.07	104.71	102.79	104.69	3032300.00
2019-06-18	104.92	106.01	104.53	105.85	2868700.00
2019-06-19	106.19	107.08	105.56	106.38	3320600.00
2019-06-20	107.42	108.08	106.41	106.69	2840100.00
2019-06-21	106.85	107.03	105.99	106.62	4024600.00
2019-06-24	106.24	107.23	105.90	106.75	2570500.00
2019-06-25	106.64	107.86	106.33	106.50	2110100.00
2019-06-26	105.99	106.12	102.13	102.79	4677500.00
2019-06-27	103.16	103.59	102.63	102.91	3615900.00
2019-06-28	103.22	103.24	101.57	102.28	8958700.00
2019-07-01	102.76	104.18	102.15	104.08	3236400.00
2019-07-02	104.16	105.44	103.77	105.43	2343400.00
2019-07-03	106.05	106.60	105.04	105.63	3707700.00
2019-07-05	105.29	105.59	103.91	104.16	2444000.00
2019-07-08	103.83	104.13	102.39	102.96	2998700.00
2019-07-09	103.26	104.66	103.26	104.40	2717700.00
2019-07-10	104.57	105.85	104.02	105.74	3339100.00
2019-07-11	102.97	103.62	100.72	101.39	6589600.00
2019-07-12	101.06	101.06	97.08	99.98	7211100.00
2019-07-15	99.98	100.78	99.33	100.14	4405200.00
2019-07-16	100.63	100.81	99.68	100.46	2206500.00
2019-07-17	100.95	101.23	98.86	98.87	3507300.00
2019-07-18	99.55	100.15	99.01	100.02	3232900.00
2019-07-19	100.17	100.19	98.40	98.59	4820600.00
2019-07-22	98.71	99.12	97.74	99.03	2894400.00
2019-07-23	99.25	101.00	97.92	99.91	5098200.00
2019-07-24	100.03	101.24	98.93	100.19	3762700.00
2019-07-25	100.23	101.91	99.41	99.54	4596700.00
2019-07-26	99.63	100.84	99.28	99.96	3470700.00
2019-07-29	99.77	101.78	99.77	100.37	3192500.00
2019-07-30	99.98	101.57	98.78	100.34	4664200.00
2019-07-31	99.76	102.21	99.35	100.58	5535700.00
2019-08-01	100.65	102.24	99.99	102.03	3679000.00
2019-08-02	102.44	104.57	101.73	103.79	4477700.00
2019-08-05	102.83	103.85	99.19	100.36	4765800.00
2019-08-06	101.07	103.51	100.67	102.85	5490000.00
2019-08-07	101.90	102.83	100.20	102.59	4231700.00
2019-08-08	103.36	105.75	103.07	105.22	4815900.00
2019-08-09	104.55	105.75	103.72	105.03	2788100.00
2019-08-12	104.23	105.30	103.67	104.88	2318400.00
2019-08-13	104.81	107.22	104.72	106.82	5247200.00
2019-08-14	106.64	106.64	102.33	102.39	4937900.00
2019-08-15	102.51	103.34	101.39	102.34	3939900.00
2019-08-16	103.00	103.36	101.46	102.61	3497600.00
2019-08-19	103.10	104.85	102.86	104.47	2903500.00
2019-08-20	104.29	104.80	102.97	103.06	2074800.00
2019-08-21	103.98	104.39	102.12	103.48	2207300.00
2019-08-22	103.46	104.23	102.86	103.62	1840200.00
2019-08-23	103.48	104.50	101.08	101.67	3870100.00
2019-08-26	102.69	103.81	102.36	103.78	2565500.00
2019-08-27	104.27	104.80	102.80	102.80	2945200.00
2019-08-28	102.43	103.55	101.93	103.02	1744400.00
2019-08-29	103.80	104.33	102.68	104.21	2708600.00
2019-08-30	104.74	106.00	103.91	104.88	2870700.00
2019-09-03	104.48	105.86	104.16	105.80	3710300.00
2019-09-04	106.19	106.30	104.40	105.14	3756400.00
2019-09-05	105.80	107.17	105.15	106.39	4045900.00
2019-09-06	106.56	106.76	105.69	105.88	2904700.00
2019-09-09	106.32	106.32	102.45	103.12	4982300.00
2019-09-10	100.61	103.17	98.78	103.14	6589500.00
2019-09-11	103.78	103.98	102.39	103.69	3404100.00
2019-09-12	103.91	104.37	103.16	103.49	3578500.00
2019-09-13	103.74	104.12	102.35	102.95	2842600.00
2019-09-16	102.51	102.62	101.39	102.24	1728900.00
2019-09-17	102.43	103.23	101.78	103.16	2438100.00
2019-09-18	103.46	104.83	103.21	104.65	3132500.00
2019-09-19	104.78	106.87	104.34	106.16	3929800.00
2019-09-20	107.63	108.84	106.27	107.84	7517700.00
2019-09-23	107.69	108.20	105.81	106.00	2611300.00
2019-09-24	106.17	106.35	103.92	105.14	3480200.00
2019-09-25	104.80	105.70	103.34	103.41	3093400.00
2019-09-26	104.02	104.59	102.76	103.81	2266400.00
2019-09-27	104.31	105.25	103.40	104.32	1906300.00
2019-09-30	104.35	105.33	103.69	103.82	2516600.00
2019-10-01	103.92	104.40	102.50	103.01	2203400.00
2019-10-02	102.43	102.72	99.02	99.34	4483900.00
2019-10-03	99.42	100.36	98.60	99.61	2735000.00
2019-10-04	99.79	100.51	99.34	100.45	2865300.00
2019-10-07	100.55	100.87	99.87	100.11	1460800.00
2019-10-08	99.24	100.57	98.36	99.51	2802500.00
2019-10-09	99.86	100.41	99.23	99.62	1636600.00
2019-10-10	99.37	99.79	98.95	99.26	2736900.00
2019-10-11	100.03	101.33	99.89	100.60	2554900.00
2019-10-14	100.75	101.32	100.16	100.17	1341300.00
2019-10-15	100.59	102.22	100.47	101.85	1760000.00
2019-10-16	101.36	101.64	100.07	100.22	2314600.00
2019-10-17	101.40	101.62	100.51	100.69	2018900.00
2019-10-18	100.55	101.14	100.17	100.86	2207100.00
2019-10-21	101.07	101.20	100.05	100.18	3944900.00
2019-10-22	102.11	103.48	101.09	101.98	5708500.00
2019-10-23	98.41	100.03	94.10	99.71	9047500.00
2019-10-24	99.80	100.46	98.64	100.12	3304500.00
2019-10-25	100.34	102.67	99.84	102.31	4234600.00
2019-10-28	102.70	105.09	102.70	104.90	4168500.00
2019-10-29	104.44	104.73	103.52	103.67	2987800.00
2019-10-30	103.40	105.10	103.29	104.65	2424700.00
2019-10-31	104.31	106.46	103.98	105.79	4124400.00
2019-11-01	105.90	106.31	104.27	104.45	2629100.00
2019-11-04	105.13	106.14	104.79	105.01	3002100.00
2019-11-05	104.86	104.98	102.60	103.28	3357300.00
2019-11-06	103.58	106.11	103.53	105.67	3973700.00
2019-11-07	106.05	106.42	104.01	104.70	3076200.00
2019-11-08	104.58	105.44	104.07	105.40	2224100.00
2019-11-11	105.34	106.03	104.18	104.72	1770200.00
2019-11-12	104.70	105.87	104.40	105.07	2273200.00
2019-11-13	104.79	105.40	104.21	104.71	3250600.00
2019-11-14	104.76	104.91	103.64	104.01	2627100.00
2019-11-15	103.95	106.28	103.95	105.69	4857400.00
2019-11-18	105.53	106.57	105.38	106.51	3361600.00
2019-11-19	106.47	108.43	106.21	107.47	3781600.00
2019-11-20	107.34	108.24	106.49	107.02	3638200.00
2019-11-21	107.10	107.87	105.78	107.15	2909500.00
2019-11-22	107.46	108.95	107.11	108.50	3120100.00
2019-11-25	108.87	110.61	108.87	109.69	2939300.00
2019-11-26	109.69	110.28	109.25	109.33	4704900.00
2019-11-27	109.93	110.09	108.89	109.66	1798200.00
2019-11-29	109.46	110.22	109.41	109.57	1243900.00
2019-12-02	109.73	110.41	108.41	109.00	2199700.00
2019-12-03	108.69	110.11	108.24	109.82	2786000.00
2019-12-04	110.44	110.97	109.78	110.81	2597000.00
2019-12-05	110.55	111.97	109.75	111.83	3003200.00
2019-12-06	112.02	112.71	111.66	111.71	2462800.00
2019-12-09	111.61	112.83	111.06	112.27	2335100.00
2019-12-10	112.57	113.12	112.15	112.66	3592600.00
2019-12-11	112.57	113.17	112.03	112.78	3438100.00
2019-12-12	112.57	113.85	112.57	113.64	2959400.00
2019-12-13	113.90	114.09	112.72	113.48	3343900.00
2019-12-16	114.91	116.03	113.97	114.71	3468400.00
2019-12-17	115.78	118.61	115.14	117.03	6718800.00
2019-12-18	119.41	121.37	119.23	120.90	8173000.00
2019-12-19	120.53	122.31	119.84	122.18	4423400.00
2019-12-20	123.71	127.92	122.54	123.65	9229900.00
2019-12-23	123.62	123.79	122.35	122.46	2473400.00
2019-12-24	122.38	122.52	121.51	122.42	1215800.00
2019-12-26	122.32	122.97	122.00	122.45	1272000.00
2019-12-27	122.85	123.04	122.17	122.80	2161300.00
2019-12-30	122.80	123.19	122.20	122.60	1856200.00
2019-12-31	122.49	122.80	121.85	122.72	1549800.00
2020-01-02	123.04	123.50	122.07	123.45	2204200.00
2020-01-03	121.67	123.69	121.60	123.04	1963500.00
2020-01-06	122.71	123.78	122.26	123.50	2102900.00
2020-01-07	122.97	124.12	122.97	123.73	2448300.00
2020-01-08	123.68	125.32	123.26	124.85	5188600.00
2020-01-09	125.63	127.32	125.13	126.91	4522800.00
2020-01-10	126.78	129.11	126.55	128.86	4177600.00
2020-01-13	129.04	130.71	128.75	129.73	5117100.00
2020-01-14	129.78	131.56	128.97	131.33	4685200.00
2020-01-15	131.26	132.30	130.73	131.76	3676500.00
2020-01-16	132.43	132.56	130.58	132.06	3794800.00
2020-01-17	131.54	132.35	130.13	130.33	5393200.00
2020-01-21	130.26	132.19	129.26	131.57	4849500.00
2020-01-22	131.89	132.82	131.37	132.18	2742100.00
2020-01-23	131.89	132.35	130.61	131.85	3138700.00
2020-01-24	132.45	132.58	129.51	129.85	3183300.00
2020-01-27	128.24	129.88	128.24	129.15	2826400.00
2020-01-28	129.50	130.61	129.07	130.03	2649100.00
2020-01-29	130.27	131.79	129.76	130.65	2815500.00
2020-01-30	129.02	134.20	128.95	133.22	5243400.00
2020-01-31	133.38	133.38	130.23	130.39	3913500.00
2020-02-03	131.22	132.19	130.42	131.66	5137800.00
2020-02-04	132.87	134.52	132.39	133.94	3177500.00
2020-02-05	135.19	137.60	134.95	137.59	4060900.00
2020-02-06	137.95	138.07	137.08	137.54	3285000.00
2020-02-07	137.46	137.46	135.75	136.71	2670400.00
2020-02-10	132.12	135.91	131.77	135.87	4892100.00
2020-02-11	136.07	136.19	133.69	134.69	2976400.00
2020-02-12	135.08	135.30	133.98	134.00	3953200.00
2020-02-13	134.08	134.91	133.08	133.09	3455500.00
2020-02-14	133.51	133.58	131.94	132.45	2273700.00
2020-02-18	132.36	133.24	131.90	132.35	2858200.00
2020-02-19	132.92	133.13	131.74	132.18	3082800.00
2020-02-20	132.93	134.04	132.53	133.28	3417000.00
2020-02-21	132.66	133.89	131.71	133.32	2900900.00
2020-02-24	130.72	132.89	129.40	129.66	4727400.00
2020-02-25	130.41	130.68	126.35	127.09	3401600.00
2020-02-26	127.67	128.60	125.12	125.33	4659000.00
2020-02-27	125.14	126.40	121.12	121.25	4292800.00
2020-02-28	118.62	119.01	114.05	118.38	7898300.00
2020-03-02	119.89	124.83	118.46	124.68	7355700.00
2020-03-03	125.09	127.32	120.79	122.31	6936600.00
2020-03-04	124.86	132.21	124.83	131.76	5301900.00
2020-03-05	129.88	133.19	129.08	131.54	6882100.00
2020-03-06	127.76	133.62	127.22	132.77	8010700.00
2020-03-09	125.79	132.27	125.12	127.38	5351300.00
2020-03-10	130.68	133.21	126.44	132.52	5961200.00
2020-03-11	130.89	133.13	128.95	131.42	7211800.00
2020-03-12	122.76	128.12	118.19	118.28	7836300.00
2020-03-13	124.78	130.81	120.62	130.81	6841700.00
2020-03-16	122.95	130.16	120.37	121.43	6619700.00
2020-03-17	125.03	134.77	123.05	134.40	8909200.00
2020-03-18	127.97	135.15	125.84	134.30	6734600.00
2020-03-19	133.74	134.20	123.07	124.92	6554800.00
2020-03-20	124.04	124.13	112.84	114.88	9113500.00
2020-03-23	113.52	119.09	109.87	111.74	7299300.00
2020-03-24	115.67	116.95	110.20	115.34	6827300.00
2020-03-25	112.74	118.39	111.89	114.45	6472100.00
2020-03-26	115.72	127.40	114.45	126.10	6723600.00
2020-03-27	122.62	129.16	122.20	125.87	4717400.00
2020-03-30	125.65	133.06	125.31	129.94	5057400.00
2020-03-31	128.55	133.30	126.26	130.20	7560100.00
2020-04-01	125.77	128.76	124.81	128.04	3297900.00
2020-04-02	127.04	134.03	124.86	133.45	4725000.00
2020-04-03	132.26	135.72	129.96	131.08	4013200.00
2020-04-06	133.53	134.69	131.68	132.91	4159900.00
2020-04-07	134.34	135.91	131.45	133.17	3900600.00
2020-04-08	133.32	138.21	131.87	137.24	4006600.00
2020-04-09	135.63	137.41	134.73	136.78	4415300.00
2020-04-13	136.07	137.59	134.10	135.55	2289000.00
2020-04-14	138.23	142.24	135.20	141.83	3809600.00
2020-04-15	139.79	143.98	139.39	141.89	3614400.00
2020-04-16	143.50	146.03	142.66	145.23	3512900.00
2020-04-17	145.87	147.99	143.63	147.63	3709900.00
2020-04-20	147.01	150.36	146.05	148.10	2562200.00
2020-04-21	145.86	146.23	142.11	143.29	4270200.00
2020-04-22	145.11	147.62	144.14	147.08	3278000.00
2020-04-23	147.53	152.57	144.54	150.11	5692900.00
2020-04-24	152.05	154.77	150.74	152.92	4414000.00
2020-04-27	153.93	154.40	150.85	151.38	3210300.00
2020-04-28	151.05	152.03	146.97	147.64	3270200.00
2020-04-29	148.07	148.32	145.17	145.63	3240700.00
2020-04-30	145.67	147.34	143.86	145.14	4175800.00
2020-05-01	144.28	145.10	142.26	144.19	2576400.00
2020-05-04	145.15	146.42	141.97	143.86	2228500.00
2020-05-05	144.35	149.44	143.37	148.19	2862600.00
2020-05-06	148.73	149.18	146.75	147.06	1964800.00
2020-05-07	147.83	148.00	143.34	143.57	2330600.00
2020-05-08	144.73	144.93	143.18	144.08	1966600.00
2020-05-11	144.04	149.67	143.68	148.81	3196200.00
2020-05-12	150.05	151.49	147.91	148.03	2329400.00
2020-05-13	147.38	149.56	146.46	148.23	2650000.00
2020-05-14	147.05	149.89	145.04	149.35	2393900.00
2020-05-15	149.59	150.42	147.14	150.15	2824500.00
2020-05-18	152.14	153.11	148.15	148.96	2703700.00
2020-05-19	147.91	150.06	146.43	147.77	2339400.00
2020-05-20	146.42	148.46	142.97	144.40	3780800.00
2020-05-21	144.42	144.42	141.19	143.60	3049800.00
2020-05-22	143.54	143.86	141.61	142.54	2355000.00
2020-05-26	142.50	143.11	138.77	139.53	5013400.00
2020-05-27	139.72	139.72	135.43	137.39	5376100.00
2020-05-28	139.03	143.43	138.16	142.06	3982700.00
2020-05-29	143.01	144.88	141.39	144.23	9466300.00
2020-06-01	145.66	146.15	142.29	143.76	5233800.00
2020-06-02	143.41	145.30	142.43	145.09	3269400.00
2020-06-03	144.60	145.59	142.25	143.83	3190300.00
2020-06-04	143.53	144.79	141.18	142.12	3328700.00
2020-06-05	141.17	143.11	139.88	140.70	4578800.00
2020-06-08	138.38	140.74	138.17	140.70	4076400.00
2020-06-09	141.21	143.10	140.61	140.63	4302100.00
2020-06-10	141.41	143.71	141.30	142.39	4940200.00
2020-06-11	143.19	143.56	134.90	135.87	4547400.00
2020-06-12	137.24	138.04	133.41	135.36	3973200.00
2020-06-15	133.91	134.75	131.72	133.45	3709900.00
2020-06-16	147.41	157.89	146.16	154.38	15029300.00
2020-06-17	154.87	154.99	150.31	150.85	4711200.00
2020-06-18	150.12	153.68	149.18	151.89	3631600.00
2020-06-19	152.98	153.22	149.24	150.82	6004900.00
2020-06-22	150.11	152.27	149.86	151.30	2647300.00
2020-06-23	151.72	153.59	149.89	150.26	2771500.00
2020-06-24	149.51	150.68	147.42	148.08	3096000.00
2020-06-25	148.65	154.08	147.78	153.58	3735400.00
2020-06-26	153.08	154.45	151.05	153.55	5290400.00
2020-06-29	154.51	154.85	151.85	153.44	2640300.00
2020-06-30	153.81	155.75	153.05	154.82	3296300.00
2020-07-01	154.95	156.04	153.26	153.99	2065100.00
2020-07-02	154.72	155.38	153.11	154.53	1960200.00
2020-07-06	155.08	159.29	154.66	157.38	2760100.00
2020-07-07	156.65	158.78	155.85	157.24	3273300.00
2020-07-08	157.33	160.14	157.33	159.49	2781800.00
2020-07-09	160.20	161.02	154.38	156.96	2955200.00
2020-07-10	156.67	156.67	153.46	154.05	2245100.00
2020-07-13	155.23	157.48	151.86	152.84	3455600.00
2020-07-14	153.59	155.38	152.32	154.54	2642900.00
2020-07-15	155.77	156.99	154.56	156.02	2346200.00
2020-07-16	155.55	156.01	153.33	155.59	1486800.00
2020-07-17	156.57	157.73	155.70	156.50	2935800.00
2020-07-20	157.00	158.15	156.28	157.52	1806200.00
2020-07-21	157.36	157.70	155.37	155.88	1540700.00
2020-07-22	156.10	156.40	153.08	155.44	1686500.00
2020-07-23	155.84	156.03	151.62	152.31	2408800.00
2020-07-24	152.27	152.27	149.42	150.45	2247900.00
2020-07-27	150.50	152.52	149.55	151.35	2709700.00
2020-07-28	152.45	155.98	152.15	153.38	3483100.00
2020-07-29	153.26	153.74	151.92	152.53	3108900.00
2020-07-30	149.42	149.46	141.87	144.28	6638100.00
2020-07-31	144.40	144.60	140.26	141.72	5342700.00
2020-08-03	144.09	145.08	142.60	144.13	3615000.00
2020-08-04	144.64	147.11	144.36	146.02	3260000.00
2020-08-05	148.34	148.51	144.56	145.54	2386400.00
2020-08-06	145.08	146.64	142.39	144.16	2176200.00
2020-08-07	144.24	144.75	142.94	144.21	2017100.00
2020-08-10	144.21	144.74	142.89	144.28	1745200.00
2020-08-11	144.41	144.41	141.64	142.04	2103400.00
2020-08-12	142.19	144.44	142.01	143.85	2430400.00
2020-08-13	142.92	143.74	141.94	142.57	2077700.00
2020-08-14	141.95	143.74	141.33	142.22	1538000.00
2020-08-17	143.01	144.70	142.48	143.59	2704700.00
2020-08-18	144.18	145.12	143.23	145.09	1959700.00
2020-08-19	145.75	146.32	144.04	144.31	1938800.00
2020-08-20	144.56	144.84	142.94	143.41	1830200.00
2020-08-21	143.41	143.42	140.20	141.44	3112000.00
2020-08-24	142.19	142.52	140.48	141.68	2268400.00
2020-08-25	142.48	143.38	141.48	141.84	2216100.00
2020-08-26	141.37	141.63	139.68	141.44	3029700.00
2020-08-27	142.69	143.03	141.13	141.16	3146100.00
2020-08-28	141.04	141.33	139.28	139.62	2102600.00
2020-08-31	139.63	140.99	139.32	140.61	4430700.00
2020-09-01	140.82	141.38	138.96	139.58	2358700.00
2020-09-02	139.10	142.14	138.83	141.71	2406800.00
2020-09-03	144.21	145.33	139.73	141.21	4226100.00
2020-09-04	140.97	144.58	140.20	143.00	4361800.00
2020-09-08	143.04	143.38	140.72	141.48	4351200.00
2020-09-09	142.73	146.04	142.43	144.01	2328500.00
2020-09-10	142.02	142.71	138.08	138.56	3961300.00
2020-09-11	139.83	141.37	139.18	140.33	3001400.00
2020-09-14	141.28	142.62	139.74	141.19	3072500.00
2020-09-15	142.10	143.91	141.59	142.21	2923500.00
2020-09-16	143.77	144.68	142.89	143.05	3618800.00
2020-09-17	142.26	144.68	141.63	144.48	3620700.00
2020-09-18	144.07	146.40	144.07	146.09	13209800.00
2020-09-21	145.14	145.61	141.25	143.26	3501600.00
2020-09-22	143.00	143.63	141.33	142.01	2926400.00
2020-09-23	142.19	143.65	140.91	141.96	3545700.00
2020-09-24	141.44	141.82	139.65	141.01	3424200.00
2020-09-25	140.61	142.52	140.10	142.39	2440600.00
2020-09-28	143.09	143.64	140.15	140.34	2427100.00
2020-09-29	140.22	140.66	138.28	138.59	3308300.00
2020-09-30	138.73	140.67	137.46	140.26	5083900.00
2020-10-01	140.56	140.92	136.51	136.73	3809200.00
2020-10-02	136.14	139.24	135.76	137.60	3880000.00
2020-10-05	137.47	139.74	136.62	138.95	2790600.00
2020-10-06	139.23	140.08	136.39	136.58	2409200.00
2020-10-07	140.74	142.03	139.15	141.15	4602800.00
2020-10-08	144.41	145.87	142.61	145.46	4686100.00
2020-10-09	146.01	148.91	146.00	148.66	4590600.00
2020-10-12	148.61	148.91	146.33	146.39	3242700.00
2020-10-13	144.98	146.24	140.76	142.21	5963900.00
2020-10-14	142.50	142.71	139.97	140.68	2710200.00
2020-10-15	138.83	139.21	137.76	139.09	3785900.00
2020-10-16	139.40	140.60	138.35	138.46	2918900.00
2020-10-19	139.30	139.68	134.76	135.32	3158900.00
2020-10-20	135.85	136.57	134.66	136.06	2188700.00
2020-10-21	134.83	135.82	133.81	133.90	1983700.00
2020-10-22	134.11	134.80	133.42	134.23	3056600.00
2020-10-23	134.79	137.12	134.29	134.92	2427200.00
2020-10-26	134.46	134.83	132.71	134.27	2947100.00
2020-10-27	126.05	128.95	124.96	124.99	11374600.00
2020-10-28	123.62	127.07	123.48	124.43	6188000.00
2020-10-29	125.08	126.15	123.55	125.60	4099900.00
2020-10-30	124.85	126.12	122.44	123.62	4335300.00
2020-11-02	125.59	126.93	123.18	124.73	3449500.00
2020-11-03	126.64	127.04	123.85	124.12	3628400.00
2020-11-04	127.84	144.01	127.84	140.80	12211700.00
2020-11-05	139.94	141.01	137.12	137.89	5731000.00
2020-11-06	137.45	139.67	131.81	135.26	6229800.00
2020-11-09	135.07	137.16	133.23	134.87	5493800.00
2020-11-10	139.86	141.38	136.25	138.88	5377000.00
2020-11-11	140.02	140.02	135.86	137.17	3046800.00
2020-11-12	136.14	136.64	133.21	134.33	3463400.00
2020-11-13	135.66	136.40	134.60	135.61	2142700.00
2020-11-16	136.26	137.44	133.34	133.91	4957600.00
2020-11-17	132.93	135.21	132.02	134.49	3619200.00
2020-11-18	135.15	135.65	133.47	133.51	2795100.00
2020-11-19	133.58	137.05	132.32	136.59	4626100.00
2020-11-20	136.05	140.10	136.05	138.57	5063800.00
2020-11-23	138.62	138.70	134.45	136.56	3794200.00
2020-11-24	136.57	138.72	136.31	138.01	4127000.00
2020-11-25	138.01	138.43	135.83	137.87	3223700.00
2020-11-27	138.73	140.89	138.45	140.43	1754000.00
2020-11-30	139.38	141.13	138.01	138.73	5842200.00
2020-12-01	139.72	141.02	138.35	138.64	3954400.00
2020-12-02	138.45	140.10	137.52	138.26	3757400.00
2020-12-03	138.77	139.54	136.33	137.26	4059600.00
2020-12-04	137.22	141.65	137.15	141.39	3058600.00
2020-12-07	140.30	141.28	139.52	140.41	2637200.00
2020-12-08	139.99	143.00	139.93	142.20	2754400.00
2020-12-09	147.24	151.38	146.37	150.49	8364400.00
2020-12-10	152.27	154.30	150.66	153.35	6430600.00
2020-12-11	152.13	153.52	151.50	152.43	3441900.00
2020-12-14	153.05	154.57	150.33	150.40	4390100.00
2020-12-15	151.85	160.23	150.54	159.47	6974300.00
2020-12-16	161.62	164.96	158.82	163.87	6009900.00
2020-12-17	163.57	165.63	162.97	164.42	3521100.00
2020-12-18	164.32	164.67	160.97	163.25	7356400.00
2020-12-21	160.85	160.97	157.92	160.76	3655900.00
2020-12-22	159.74	160.38	157.98	158.79	2447900.00
2020-12-23	159.49	160.01	157.60	157.61	1697300.00
2020-12-24	157.97	159.96	157.97	158.74	627200.00
2020-12-28	159.26	159.63	157.36	158.58	1482000.00
2020-12-29	158.71	159.78	158.02	158.66	1712000.00
2020-12-30	159.48	160.38	158.76	159.07	1413300.00
2020-12-31	159.13	161.10	158.38	160.81	1643600.00
2021-01-04	160.98	161.42	155.35	157.63	3164800.00
2021-01-05	157.34	158.74	155.44	158.41	2322600.00
2021-01-06	155.23	159.33	155.22	156.51	3619700.00
2021-01-07	156.37	159.18	154.09	157.95	3025500.00
2021-01-08	158.32	158.93	156.81	158.50	3438100.00
2021-01-11	176.21	180.30	173.37	177.10	11396500.00
2021-01-12	174.10	175.48	169.00	170.30	7179300.00
2021-01-13	171.28	178.70	170.81	176.68	7303900.00
2021-01-14	176.46	179.98	175.81	177.81	4413200.00
2021-01-15	177.92	182.66	177.92	181.70	6624600.00
2021-01-19	186.68	190.03	184.84	189.04	7729100.00
2021-01-20	189.32	192.18	189.23	191.69	5335800.00
2021-01-21	194.02	194.99	188.60	192.73	8698800.00
2021-01-22	192.44	196.72	191.03	196.34	6128800.00
2021-01-25	198.34	202.43	198.20	202.25	5959100.00
2021-01-26	202.45	203.09	200.59	202.61	6601500.00
2021-01-27	201.04	201.94	195.35	197.70	7358000.00
2021-01-28	198.11	201.77	197.70	200.13	5460400.00
2021-01-29	201.88	207.64	194.74	198.08	8401700.00
2021-02-01	199.50	199.91	193.44	193.48	5383800.00
2021-02-02	194.66	196.11	187.97	188.17	5314600.00
2021-02-03	188.41	191.05	187.53	187.60	3679000.00
2021-02-04	187.45	192.28	186.34	192.03	2924300.00
2021-02-05	192.03	193.27	191.30	192.18	2732200.00
2021-02-08	192.76	196.62	192.31	195.99	2909300.00
2021-02-09	194.06	195.21	190.80	192.12	2661300.00
2021-02-10	194.75	195.78	192.05	194.67	3062700.00
2021-02-11	194.03	195.29	192.84	193.76	3544700.00
2021-02-12	192.87	199.15	192.39	198.26	2611300.00
2021-02-16	197.01	198.45	194.74	196.80	2741900.00
2021-02-17	196.08	197.69	195.37	197.47	3329900.00
2021-02-18	196.36	196.47	192.20	192.36	3919400.00
2021-02-19	192.37	194.04	191.60	192.17	3434900.00
2021-02-22	190.50	192.83	189.34	191.94	2263600.00
2021-02-23	191.58	195.41	190.02	193.66	3287700.00
2021-02-24	192.88	197.47	192.85	195.61	2848800.00
2021-02-25	194.70	196.60	192.96	194.94	2386700.00
2021-02-26	197.70	197.97	193.26	195.96	3887900.00
2021-03-01	196.82	199.17	195.86	197.48	2797400.00
2021-03-02	199.79	200.80	195.21	195.25	3445300.00
2021-03-03	194.51	195.41	191.01	193.20	3660300.00
2021-03-04	194.91	195.82	189.96	191.80	4308400.00
2021-03-05	192.26	198.62	192.13	197.91	3875900.00
2021-03-08	197.98	201.70	197.33	198.01	3300300.00
2021-03-09	199.26	202.92	197.08	197.13	4227300.00
2021-03-10	197.88	198.98	195.49	196.50	3400200.00
2021-03-11	197.51	198.22	195.37	196.27	4037300.00
2021-03-12	195.96	199.38	193.47	199.02	4541400.00
2021-03-15	184.60	184.76	180.00	180.92	12388500.00
2021-03-16	183.20	183.27	179.07	182.58	6194200.00
2021-03-17	181.46	181.56	178.43	178.60	5134200.00
2021-03-18	177.92	178.94	175.79	175.92	4240000.00
2021-03-19	176.65	177.71	175.87	176.26	6048600.00
2021-03-22	176.03	177.81	175.22	177.74	2666600.00
2021-03-23	177.28	178.53	175.27	175.68	3284700.00
2021-03-24	175.70	175.83	171.99	172.32	3931500.00
2021-03-25	173.12	175.64	172.37	175.11	2630500.00
2021-03-26	176.03	177.81	174.67	177.24	2868200.00
2021-03-29	176.62	179.49	175.52	178.22	3002600.00
2021-03-30	177.45	178.72	176.66	177.42	2523600.00
2021-03-31	177.49	179.75	177.19	178.68	3621300.00
2021-04-01	178.68	179.88	176.62	177.17	2340400.00
2021-04-05	177.51	177.80	175.12	176.84	2864800.00
2021-04-06	176.64	177.54	174.54	174.84	2488400.00
2021-04-07	174.93	175.20	173.33	174.38	3406600.00
2021-04-08	174.98	175.96	174.52	174.66	2393200.00
2021-04-09	174.58	177.07	174.46	176.45	2611200.00
2021-04-12	175.44	175.93	173.00	173.90	2876100.00
2021-04-13	173.29	175.64	173.29	174.58	3089100.00
2021-04-14	174.64	176.43	174.12	175.03	2002100.00
2021-04-15	175.78	179.54	175.42	177.82	2586600.00
2021-04-16	179.22	182.01	178.74	181.01	3731800.00
2021-04-19	181.00	182.56	179.88	181.38	2966400.00
2021-04-20	182.12	185.07	181.89	182.31	2460900.00
2021-04-21	183.22	184.60	181.53	182.63	2219800.00
2021-04-22	181.72	182.94	178.61	178.90	2982600.00
2021-04-23	178.88	180.89	178.88	180.50	2482800.00
2021-04-26	180.36	180.43	177.95	179.06	2797500.00
2021-04-27	175.98	177.77	172.91	174.27	6838700.00
2021-04-28	173.55	174.07	170.80	172.68	4682800.00
2021-04-29	173.17	174.67	172.16	174.26	2432500.00
2021-04-30	173.92	175.94	173.30	174.81	3103900.00
2021-05-03	175.02	178.23	174.95	177.82	3197000.00
2021-05-04	179.36	181.80	178.64	180.00	3703500.00
2021-05-05	180.43	185.14	179.97	184.41	4274400.00
2021-05-06	183.21	185.64	181.07	185.44	3101600.00
2021-05-07	186.33	187.72	185.45	186.91	2526700.00
2021-05-10	187.62	188.05	185.07	186.28	2242000.00
2021-05-11	184.97	187.22	184.60	186.27	1850200.00
2021-05-12	186.27	187.13	184.33	184.78	2397400.00
2021-05-13	184.69	188.40	184.21	187.27	2174300.00
2021-05-14	188.01	189.51	187.25	188.49	1823700.00
2021-05-17	188.75	191.76	187.42	187.84	2466000.00
2021-05-18	187.33	188.63	185.97	186.97	2369400.00
2021-05-19	185.99	189.63	185.51	188.78	3070500.00
2021-05-20	189.40	193.17	188.45	191.68	3494400.00
2021-05-21	192.13	193.98	191.62	192.02	2579000.00
2021-05-24	193.09	195.61	192.17	193.11	2074900.00
2021-05-25	193.51	193.91	191.31	191.38	2919100.00
2021-05-26	191.39	194.48	190.45	193.08	2891300.00
2021-05-27	192.76	193.46	187.81	191.36	9340300.00
2021-05-28	191.29	194.32	190.72	191.88	2386000.00
2021-06-01	192.44	192.99	188.94	190.61	3070200.00
2021-06-02	191.18	193.02	190.45	191.30	2030300.00
2021-06-03	191.16	195.63	190.80	194.73	3066600.00
2021-06-04	194.81	196.41	193.37	194.07	2817700.00
2021-06-07	194.04	224.15	193.89	213.77	17231400.00
2021-06-08	212.99	213.53	208.82	212.02	4618500.00
2021-06-09	212.64	217.81	211.60	217.11	4934900.00
2021-06-10	218.04	226.57	217.35	224.35	5598200.00
2021-06-11	218.10	220.56	212.84	215.28	5636000.00
2021-06-14	215.41	217.74	214.25	217.21	2720700.00
2021-06-15	217.21	217.74	214.10	214.73	2188900.00
2021-06-16	214.74	215.53	211.54	212.08	2548800.00
2021-06-17	211.61	214.32	211.61	213.47	1890700.00
2021-06-18	211.76	212.35	209.73	209.95	4016600.00
2021-06-21	210.48	214.97	209.50	213.91	3671300.00
2021-06-22	213.87	214.81	211.84	212.73	1658800.00
2021-06-23	213.45	213.50	208.46	208.56	2419600.00
2021-06-24	225.68	229.95	221.36	223.81	12290500.00
2021-06-25	223.95	224.31	220.37	221.16	6992200.00
2021-06-28	219.99	220.84	217.96	219.24	2507500.00
2021-06-29	219.27	222.30	218.89	220.35	1621200.00
2021-06-30	221.04	221.77	220.05	220.49	1786700.00
2021-07-01	220.48	222.39	219.67	222.04	1977300.00
2021-07-02	222.85	225.00	222.23	224.76	1994000.00
2021-07-06	224.44	226.31	224.06	226.16	3125400.00
2021-07-07	225.45	227.28	224.28	226.54	3141500.00
2021-07-08	224.63	227.94	222.97	227.79	2431500.00
2021-07-09	227.84	229.09	223.59	225.75	4030100.00
2021-07-12	225.92	228.64	225.90	226.73	2928600.00
2021-07-13	226.70	227.34	224.82	226.04	1974000.00
2021-07-14	226.51	227.90	225.50	227.05	2103400.00
2021-07-15	225.77	226.71	221.62	222.36	3611200.00
2021-07-16	223.35	223.87	222.12	223.32	2229100.00
2021-07-19	222.76	225.08	221.50	224.93	2305600.00
2021-07-20	225.76	228.40	224.74	225.78	2297800.00
2021-07-21	227.08	228.03	224.40	227.96	1651500.00
2021-07-22	227.95	230.27	227.07	229.11	1703500.00
2021-07-23	229.87	234.93	229.18	234.55	2448100.00
2021-07-26	233.03	235.63	233.03	233.64	2678800.00
2021-07-27	234.12	234.46	233.11	234.00	2116500.00
2021-07-28	233.80	238.63	233.10	236.81	1688000.00
2021-07-29	237.76	238.48	232.71	235.68	1924100.00
2021-07-30	235.27	236.28	233.09	233.92	1905100.00
2021-08-02	236.06	238.14	234.64	236.90	1958900.00
2021-08-03	235.12	249.17	233.92	245.92	5406200.00
2021-08-04	245.93	260.00	245.37	252.15	3892400.00
2021-08-05	252.92	255.07	251.05	253.80	2262400.00
2021-08-06	253.14	253.87	250.48	253.08	2155200.00
2021-08-09	254.17	262.30	254.10	256.65	3238500.00
2021-08-10	256.26	260.42	255.71	258.85	2060200.00
2021-08-11	258.99	260.28	252.33	253.71	2813300.00
2021-08-12	253.66	254.95	252.02	253.92	2100900.00
2021-08-13	253.62	256.06	253.49	254.64	1482300.00
2021-08-16	255.28	260.47	254.69	260.16	2623200.00
2021-08-17	261.33	265.87	257.50	262.83	2096100.00
2021-08-18	262.15	264.80	258.32	258.79	2527400.00
2021-08-19	256.51	262.00	255.81	260.60	1901000.00
2021-08-20	259.62	262.98	259.31	261.09	1536800.00
2021-08-23	262.43	263.02	258.00	258.12	2438800.00
2021-08-24	256.55	257.75	252.29	253.25	3736000.00
2021-08-25	253.26	254.94	251.82	254.31	2388500.00
2021-08-26	254.43	255.97	251.14	251.85	1732900.00
2021-08-27	253.01	253.60	249.21	250.34	1839700.00
2021-08-30	251.57	254.50	250.20	252.81	1300700.00
2021-08-31	253.32	254.09	248.52	248.93	2733400.00
2021-09-01	249.17	249.39	245.27	248.07	2956800.00
2021-09-02	248.08	250.32	247.18	250.16	1469700.00
2021-09-03	251.38	251.53	247.48	250.13	1124500.00
2021-09-07	249.62	251.37	245.19	245.57	2403700.00
2021-09-08	245.37	246.44	244.49	245.61	1542400.00
2021-09-09	244.11	244.82	230.99	231.30	4976600.00
2021-09-10	233.42	235.05	229.93	230.82	4633500.00
2021-09-13	231.34	232.41	226.63	229.34	2832800.00
2021-09-14	230.07	231.10	223.57	224.64	3826000.00
2021-09-15	225.12	230.71	224.62	225.26	2802500.00
2021-09-16	225.60	226.19	221.41	222.67	2958700.00
2021-09-17	221.39	222.47	219.96	221.76	4480000.00
2021-09-20	219.83	224.30	219.05	223.25	2803400.00
2021-09-21	223.65	225.25	221.42	221.83	2172800.00
2021-09-22	221.67	222.66	219.33	220.03	2529600.00
2021-09-23	220.99	225.71	220.71	223.77	1912300.00
2021-09-24	224.34	226.86	222.96	223.29	1642500.00
2021-09-27	221.64	222.69	217.44	218.20	2785900.00
2021-09-28	218.19	218.20	212.22	213.57	3583300.00
2021-09-29	217.24	223.05	216.42	222.01	3971000.00
2021-09-30	224.35	228.57	222.44	222.68	3786100.00
2021-10-01	222.63	223.29	217.28	221.27	2215700.00
2021-10-04	219.55	221.85	216.10	216.70	4784700.00
2021-10-05	218.24	224.13	217.97	222.56	2802000.00
2021-10-06	222.21	222.49	217.86	219.59	2462700.00
2021-10-07	220.82	225.63	220.70	224.73	2001800.00
2021-10-08	224.96	227.27	223.16	225.46	2563000.00
2021-10-11	228.12	229.37	225.14	225.20	1892300.00
2021-10-12	226.20	226.55	223.57	224.35	1719200.00
2021-10-13	225.59	229.30	224.36	227.87	2105700.00
2021-10-14	228.42	229.80	225.63	228.11	1824700.00
2021-10-15	228.82	230.63	227.28	229.26	2598300.00
2021-10-18	229.33	233.87	228.12	230.32	2546000.00
2021-10-19	230.40	233.76	230.40	233.53	1573200.00
2021-10-20	234.90	236.99	234.23	234.89	1537500.00
2021-10-21	236.07	236.07	231.14	232.43	1717700.00
2021-10-22	232.23	235.20	230.88	234.92	1960700.00
2021-10-25	235.79	237.35	231.80	236.17	2763100.00
2021-10-26	235.64	239.90	228.50	239.44	4533000.00
2021-10-27	239.60	245.24	239.32	241.11	3181300.00
2021-10-28	241.10	247.45	241.02	244.17	3386500.00
2021-10-29	244.58	247.18	242.65	245.53	3152000.00
2021-11-01	245.87	247.19	239.06	240.28	2735800.00
2021-11-02	242.15	249.90	240.36	247.54	3987800.00
2021-11-03	248.43	257.12	248.42	256.61	4382900.00
2021-11-04	255.86	261.29	255.66	261.18	4133400.00
2021-11-05	259.24	259.73	249.19	255.40	3745700.00
2021-11-08	254.42	257.24	249.76	251.09	2386100.00
2021-11-09	251.09	252.66	249.03	252.53	1963800.00
2021-11-10	252.51	256.36	252.12	255.06	2215100.00
2021-11-11	252.82	254.74	252.46	253.11	1739400.00
2021-11-12	253.11	253.83	250.36	251.05	1964000.00
2021-11-15	250.80	251.02	248.65	249.87	1903200.00
2021-11-16	248.45	251.73	247.52	249.19	2565700.00
2021-11-17	248.31	255.79	247.59	252.53	2873600.00
2021-11-18	253.33	255.07	251.22	252.68	1689200.00
2021-11-19	257.61	261.84	251.68	252.07	2786800.00
2021-11-22	253.54	255.25	250.55	251.82	1995400.00
2021-11-23	250.88	254.06	250.67	253.29	1986200.00
2021-11-24	254.07	256.17	251.44	253.33	2518500.00
2021-11-26	253.13	257.08	250.45	251.75	1495500.00
2021-11-29	251.41	253.64	246.07	246.39	4041700.00
2021-11-30	244.89	245.59	238.32	239.83	8265900.00
2021-12-01	241.18	246.85	239.68	240.88	3241400.00
2021-12-02	238.36	241.70	237.01	239.67	3817700.00
2021-12-03	243.78	245.09	235.03	237.45	4169700.00
2021-12-06	237.78	238.77	233.53	238.18	3491200.00
2021-12-07	236.15	237.31	233.46	237.00	4035800.00
2021-12-08	238.45	239.96	231.54	236.23	3636200.00
2021-12-09	236.40	237.77	234.71	234.86	2291100.00
2021-12-10	233.22	236.49	233.22	236.06	2380800.00
2021-12-13	237.38	242.40	237.33	240.30	3016700.00
2021-12-14	239.54	241.73	238.23	241.12	3424000.00
2021-12-15	253.39	266.42	248.70	266.17	10016700.00
2021-12-16	266.54	274.50	263.04	269.80	5546400.00
2021-12-17	267.51	267.51	256.55	258.57	7582900.00
2021-12-20	260.32	261.07	251.73	254.76	3479400.00
2021-12-21	255.26	257.15	251.94	256.11	2702500.00
2021-12-22	255.98	257.74	254.15	257.68	2721000.00
2021-12-23	260.14	266.16	257.85	264.06	2632200.00
2021-12-27	265.93	271.02	265.63	269.19	1677100.00
2021-12-28	270.09	270.15	266.76	267.28	1033900.00
2021-12-29	266.69	270.11	266.61	269.20	1112300.00
2021-12-30	269.95	271.36	267.22	268.07	1181500.00
2021-12-31	268.28	269.50	266.87	267.08	1315700.00
2022-01-03	265.33	265.33	258.22	262.73	2621300.00
2022-01-04	260.09	260.95	254.85	257.98	2340500.00
2022-01-05	259.28	259.87	251.80	252.02	3004200.00
2022-01-06	251.49	252.65	247.00	250.74	2863200.00
2022-01-07	251.14	252.60	248.21	250.91	2245100.00
2022-01-10	249.64	251.55	247.42	251.50	2576700.00
2022-01-11	252.93	253.72	248.55	253.64	2294000.00
2022-01-12	244.53	248.92	242.66	247.45	6562800.00
2022-01-13	245.66	247.04	240.32	241.40	3726500.00
2022-01-14	241.87	242.25	234.86	236.04	2894300.00
2022-01-18	234.71	240.29	234.08	238.89	3241200.00
2022-01-19	238.18	242.12	236.63	236.94	2487600.00
2022-01-20	237.45	239.74	234.47	235.08	2655400.00
2022-01-21	238.71	239.67	234.10	235.01	2788600.00
2022-01-24	234.52	235.69	224.98	232.46	3712800.00
2022-01-25	228.97	233.53	227.34	231.53	2525100.00
2022-01-26	231.70	234.40	228.10	229.99	2913200.00
2022-01-27	232.04	235.22	227.96	228.88	2178500.00
2022-01-28	229.63	237.10	227.27	236.99	3081100.00
2022-01-31	235.22	237.36	233.91	237.27	3237100.00
2022-02-01	238.87	240.60	235.21	240.06	2449400.00
2022-02-02	237.23	243.54	235.95	242.53	2586700.00
2022-02-03	239.31	239.91	233.12	236.71	3473600.00
2022-02-04	234.68	236.02	233.23	234.25	3569300.00
2022-02-07	234.39	235.95	232.34	235.49	3948300.00
2022-02-08	233.89	234.85	229.61	231.97	2615000.00
2022-02-09	233.27	236.37	233.08	235.22	1759900.00
2022-02-10	231.96	236.01	230.23	231.71	2283100.00
2022-02-11	231.31	232.66	227.08	227.94	2054300.00
2022-02-14	227.20	229.99	225.13	227.87	2572000.00
2022-02-15	229.77	237.67	229.77	236.75	3409600.00
2022-02-16	235.53	239.84	235.53	238.44	2459000.00
2022-02-17	238.44	238.45	233.42	233.97	2059100.00
2022-02-18	231.10	235.38	231.10	233.32	2517900.00
2022-02-22	232.26	233.86	230.62	232.18	2936700.00
2022-02-23	233.56	235.63	231.10	231.38	2296300.00
2022-02-24	228.34	236.84	227.20	236.01	3272300.00
2022-02-25	236.75	245.55	236.65	243.56	2442200.00
2022-02-28	238.99	242.79	237.48	242.68	3188800.00
2022-03-01	240.36	243.06	238.31	242.25	2873200.00
2022-03-02	242.62	249.02	241.82	246.78	2452000.00
2022-03-03	247.42	252.03	247.00	251.12	3153700.00
2022-03-04	248.76	255.80	248.09	255.23	3497100.00
2022-03-07	252.31	255.97	250.36	254.03	3074800.00
2022-03-08	252.37	257.59	251.38	252.37	3482600.00
2022-03-09	255.65	260.01	254.45	255.15	2965900.00
2022-03-10	255.20	259.95	255.20	258.29	2797200.00
2022-03-11	257.36	263.82	257.36	258.56	2469600.00
2022-03-14	261.17	263.03	259.55	261.18	2713800.00
2022-03-15	262.03	268.44	262.03	267.45	4396900.00
2022-03-16	269.77	270.51	265.07	268.40	3148600.00
2022-03-17	268.96	277.58	268.41	277.21	3270100.00
2022-03-18	277.53	282.88	276.58	279.28	4557900.00
2022-03-21	279.40	286.75	279.40	281.22	3495700.00
2022-03-22	281.25	282.11	275.15	276.73	3791600.00
2022-03-23	276.15	279.80	275.11	275.93	3149200.00
2022-03-24	277.97	280.45	276.39	279.33	2412400.00
2022-03-25	280.11	283.17	278.25	280.62	2399800.00
2022-03-28	282.86	283.95	279.93	283.18	2195000.00
2022-03-29	283.54	284.62	279.22	280.01	2798100.00
2022-03-30	282.13	283.79	279.62	281.46	2220100.00
2022-03-31	280.96	283.32	277.61	278.05	3227600.00
2022-04-01	277.83	284.62	275.74	284.16	3066200.00
2022-04-04	284.24	286.41	282.49	282.95	3014100.00
2022-04-05	283.24	287.23	280.70	283.99	2324200.00
2022-04-06	287.48	297.65	286.20	296.95	4672900.00
2022-04-07	296.13	304.87	296.13	299.46	4270800.00
2022-04-08	299.05	303.30	299.00	302.63	3024700.00
2022-04-11	303.99	304.64	299.10	299.98	2178100.00
2022-04-12	297.67	300.61	295.34	299.12	2688100.00
2022-04-13	298.35	299.34	291.68	293.87	2528700.00
2022-04-14	294.92	295.62	291.46	293.09	1898100.00
2022-04-18	292.32	293.28	288.17	290.13	1581400.00
2022-04-19	289.74	290.98	285.26	288.38	2021700.00
2022-04-20	288.39	290.31	283.80	284.41	2608600.00
2022-04-21	284.41	284.92	278.33	281.19	2716800.00
2022-04-22	280.89	281.20	270.31	270.63	2772600.00
2022-04-25	270.65	277.64	268.78	276.91	2410200.00
2022-04-26	277.86	281.77	274.57	274.61	2166600.00
2022-04-27	274.87	279.75	272.43	276.80	2352100.00
2022-04-28	287.39	291.77	280.17	288.63	5886900.00
2022-04-29	287.19	288.67	280.74	283.64	3910900.00
2022-05-02	282.76	284.33	276.02	281.14	2789900.00
2022-05-03	280.24	281.39	275.85	279.70	2109500.00
2022-05-04	280.11	288.35	275.86	286.33	2743600.00
2022-05-05	284.89	286.42	279.92	283.87	3120200.00
2022-05-06	281.74	289.58	280.13	288.27	2931200.00
2022-05-09	284.98	286.36	278.32	280.82	3460500.00
2022-05-10	283.51	284.90	276.72	277.40	3140800.00
2022-05-11	275.42	285.94	274.77	278.36	2625200.00
2022-05-12	275.09	283.50	275.09	283.32	2370000.00
2022-05-13	285.08	285.25	279.12	284.11	2337700.00
2022-05-16	284.57	301.46	284.08	291.66	5118300.00
2022-05-17	292.26	295.57	285.82	293.62	2553000.00
2022-05-18	292.26	294.79	286.44	287.58	2161400.00
2022-05-19	286.01	286.01	277.03	278.89	3157400.00
2022-05-20	283.23	291.52	281.47	291.14	3129100.00
2022-05-23	292.85	297.05	291.63	294.79	2873600.00
2022-05-24	295.88	299.73	292.07	298.07	2804900.00
2022-05-25	299.08	302.41	296.78	299.09	3195700.00
2022-05-26	297.36	305.81	295.78	305.37	3284200.00
2022-05-27	304.58	315.72	303.23	315.14	3694300.00
2022-05-31	308.46	310.24	301.06	305.35	6298900.00
2022-06-01	305.35	305.80	297.71	303.06	2731500.00
2022-06-02	302.56	302.66	290.48	294.63	3703300.00
2022-06-03	294.37	297.92	292.94	293.87	2490000.00
2022-06-06	307.00	307.00	295.27	295.53	3734400.00
2022-06-07	296.15	304.10	295.20	304.05	3652800.00
2022-06-08	304.37	307.36	302.79	305.40	2684500.00
2022-06-09	303.56	303.87	295.29	295.43	1963300.00
2022-06-10	291.51	293.88	289.21	289.35	2469800.00
2022-06-13	282.94	285.60	281.07	283.77	2898800.00
2022-06-14	281.71	284.47	279.88	283.29	2422600.00
2022-06-15	284.08	288.70	281.09	285.43	1970100.00
2022-06-16	282.71	282.71	275.81	280.64	2628600.00
2022-06-17	282.53	293.23	282.21	283.40	6900000.00
2022-06-21	284.84	291.56	282.82	289.67	2821300.00
2022-06-22	289.30	301.66	288.78	298.78	4535700.00
2022-06-23	301.52	305.11	299.27	304.65	3729300.00
2022-06-24	311.31	317.41	310.78	317.22	5449900.00
2022-06-27	315.87	322.32	313.69	318.83	3218900.00
2022-06-28	318.10	320.58	308.59	309.43	2742900.00
2022-06-29	309.95	316.32	309.46	314.67	2562500.00
2022-06-30	313.82	318.61	311.75	315.87	2732900.00
2022-07-01	315.52	317.01	309.56	316.33	1817800.00
2022-07-05	314.12	318.98	310.70	318.74	2107700.00
2022-07-06	319.54	324.16	318.32	321.63	2252500.00
2022-07-07	318.81	321.97	317.82	319.49	2395000.00
2022-07-08	318.13	325.89	317.75	321.94	1898200.00
2022-07-11	322.08	324.10	320.93	322.53	1342600.00
2022-07-12	321.49	323.43	315.02	315.24	2058200.00
2022-07-13	313.70	316.30	312.55	314.14	2564200.00
2022-07-14	309.35	319.30	307.37	318.46	2615700.00
2022-07-15	323.41	326.68	319.70	323.05	3340300.00
2022-07-18	321.60	323.41	311.46	313.47	2116300.00
2022-07-19	315.73	318.93	313.54	317.79	1628100.00
2022-07-20	318.65	319.36	312.05	313.72	2051000.00
2022-07-21	313.16	319.59	311.46	318.49	1692100.00
2022-07-22	318.52	320.73	317.42	320.27	1850800.00
2022-07-25	320.27	323.70	319.60	323.00	1741700.00
2022-07-26	322.45	323.99	320.13	323.01	1812300.00
2022-07-27	320.49	322.33	316.80	320.45	1643000.00
2022-07-28	321.72	324.98	313.44	322.27	2350900.00
2022-07-29	322.52	322.52	318.39	321.19	3399900.00
2022-08-01	319.06	321.91	315.12	315.79	2464300.00
2022-08-02	318.75	320.49	311.12	311.94	3405700.00
2022-08-03	312.36	312.70	302.22	305.73	5152200.00
2022-08-04	302.20	302.25	294.44	297.90	4696300.00
2022-08-05	294.68	297.44	292.56	293.55	2814300.00
2022-08-08	292.89	298.22	288.88	294.70	3218900.00
2022-08-09	297.22	298.79	293.53	295.20	2122900.00
2022-08-10	296.64	299.21	294.78	296.75	2351000.00
2022-08-11	293.26	297.54	291.90	293.40	2198800.00
2022-08-12	296.07	301.51	294.49	301.11	2305100.00
2022-08-15	302.22	307.49	300.36	306.84	2795800.00
2022-08-16	306.83	307.26	302.63	303.29	2248000.00
2022-08-17	303.00	313.35	303.00	309.65	2747200.00
2022-08-18	309.59	311.75	307.09	309.56	2261600.00
2022-08-19	310.33	318.38	310.32	315.47	3393100.00
2022-08-22	314.99	318.40	313.14	315.79	2488000.00
2022-08-23	313.97	314.56	306.77	307.97	2962000.00
2022-08-24	309.31	313.60	308.09	311.66	1827000.00
2022-08-25	313.35	316.06	308.69	315.83	1977900.00
2022-08-26	316.27	317.25	308.14	308.42	1858000.00
2022-08-29	306.25	307.75	302.68	303.14	1697000.00
2022-08-30	303.13	304.91	299.09	300.10	1980300.00
2022-08-31	300.19	301.84	294.30	294.42	3183500.00
2022-09-01	294.19	302.41	293.70	302.14	2939200.00
2022-09-02	303.10	303.20	292.98	294.52	2525400.00
2022-09-06	296.10	305.75	295.39	299.88	2322200.00
2022-09-07	301.79	305.33	297.98	304.55	2228100.00
2022-09-08	304.89	308.59	300.63	308.36	2212500.00
2022-09-09	309.29	312.93	308.09	310.51	2177000.00
2022-09-12	311.68	313.20	307.76	308.09	2077400.00
2022-09-13	303.00	305.25	298.09	299.55	2272400.00
2022-09-14	300.26	304.76	298.98	302.61	2002900.00
2022-09-15	302.71	305.22	298.84	302.47	2348100.00
2022-09-16	301.00	304.90	299.80	301.90	4380200.00
2022-09-19	299.55	299.59	290.92	298.19	2515300.00
2022-09-20	296.95	296.95	292.18	294.91	1816800.00
2022-09-21	294.19	297.64	289.62	289.77	2241200.00
2022-09-22	294.00	305.54	293.18	303.84	5918300.00
2022-09-23	304.82	308.05	298.22	304.42	4572600.00
2022-09-26	301.82	304.68	297.98	300.55	3760000.00
2022-09-27	302.16	306.85	301.35	304.06	3019600.00
2022-09-28	325.99	333.97	320.68	326.82	9436300.00
2022-09-29	326.42	327.11	319.87	322.55	3743100.00
2022-09-30	319.75	322.06	315.13	316.04	4474100.00
2022-10-03	318.62	321.90	309.88	314.28	3340500.00
2022-10-04	314.89	322.63	314.50	322.43	2622500.00
2022-10-05	320.88	326.30	320.11	324.28	2186100.00
2022-10-06	320.52	331.59	319.48	325.42	4299200.00
2022-10-07	325.44	325.54	317.55	319.27	2601600.00
2022-10-10	318.85	319.61	313.00	316.56	1956200.00
2022-10-11	312.76	321.59	312.21	320.19	2598900.00
2022-10-12	319.98	326.10	316.56	317.23	1764700.00
2022-10-13	311.90	325.83	311.88	324.59	2657400.00
2022-10-14	324.06	327.71	320.81	323.90	2231400.00
2022-10-17	325.26	329.95	324.25	325.23	2230000.00
2022-10-18	326.58	327.75	322.90	327.45	2087100.00
2022-10-19	327.67	328.04	318.60	321.84	2419000.00
2022-10-20	323.66	323.94	318.53	321.63	1761200.00
2022-10-21	321.63	334.69	319.38	333.06	3274700.00
2022-10-24	336.44	343.81	336.44	340.03	3375900.00
2022-10-25	338.68	344.36	335.29	343.36	2513100.00
2022-10-26	344.53	353.30	342.51	349.77	2373500.00
2022-10-27	350.87	352.95	347.28	348.27	2347600.00
2022-10-28	352.17	353.81	348.97	351.76	2942100.00
2022-10-31	350.54	355.69	342.53	353.90	4258200.00
2022-11-01	338.01	350.87	333.04	344.61	7013000.00
2022-11-02	346.15	354.94	342.29	346.93	3774400.00
2022-11-03	346.05	354.62	343.56	353.50	2602500.00
2022-11-04	356.94	357.61	345.35	349.33	3004600.00
2022-11-07	349.90	358.70	349.41	356.81	2560300.00
2022-11-08	356.89	360.41	353.74	358.37	3278600.00
2022-11-09	360.11	361.44	353.72	355.05	2323700.00
2022-11-10	358.93	360.65	354.79	360.38	2994000.00
2022-11-11	357.88	359.51	336.73	344.33	6646300.00
2022-11-14	351.93	353.62	333.36	348.98	4717400.00
2022-11-15	349.84	349.89	339.47	342.99	4180700.00
2022-11-16	343.04	349.78	343.00	345.91	3563800.00
2022-11-17	345.89	355.09	345.69	353.59	2929700.00
2022-11-18	355.34	357.42	352.20	354.48	2420900.00
2022-11-21	353.22	356.52	348.30	353.99	1999200.00
2022-11-22	354.80	355.58	350.19	353.70	2460400.00
2022-11-23	354.15	355.26	351.50	354.53	1993000.00
2022-11-25	355.68	358.55	354.36	357.99	1039100.00
2022-11-28	356.22	362.16	353.82	358.49	2481300.00
2022-11-29	357.37	358.83	353.47	356.71	2207000.00
2022-11-30	357.81	364.94	354.60	363.70	5556400.00
2022-12-01	367.34	367.73	361.16	362.96	2516100.00
2022-12-02	358.80	367.58	357.74	367.31	1925600.00
2022-12-05	366.33	367.79	360.95	361.94	2296500.00
2022-12-06	359.70	363.27	358.25	361.21	1971000.00
2022-12-07	361.97	367.78	361.43	364.57	1629100.00
2022-12-08	365.84	365.84	359.21	364.40	2090900.00
2022-12-09	365.58	366.56	353.63	353.81	2787200.00
2022-12-12	355.71	360.51	355.29	359.95	2639200.00
2022-12-13	354.44	365.33	351.19	351.53	5032600.00
2022-12-14	351.87	362.08	349.96	356.27	5095500.00
2022-12-15	353.49	356.73	349.60	352.85	3437100.00
2022-12-16	350.81	353.31	348.11	352.71	6612200.00
2022-12-19	350.69	352.55	347.56	350.66	2658400.00
2022-12-20	351.37	354.26	349.25	352.49	2276000.00
2022-12-21	355.42	363.31	354.03	360.69	2211200.00
2022-12-22	360.01	362.41	355.08	358.04	1958100.00
2022-12-23	357.56	360.58	355.26	360.58	1030300.00
2022-12-27	362.15	362.38	357.08	357.62	1372100.00
2022-12-28	358.89	360.69	356.70	357.96	996000.00
2022-12-29	360.78	363.57	359.17	359.72	1077900.00
2022-12-30	360.18	360.63	354.91	358.56	1388000.00
2023-01-03	358.98	361.66	354.27	357.73	2006700.00
2023-01-04	357.39	359.82	353.17	355.88	1886200.00
2023-01-05	353.77	354.30	345.94	351.78	2008500.00
2023-01-06	352.84	359.41	350.47	355.72	2131300.00
2023-01-09	356.76	357.71	341.85	342.87	2980600.00
2023-01-10	342.06	346.18	336.51	345.73	2465200.00
2023-01-11	347.29	354.56	344.02	353.24	2602800.00
2023-01-12	352.10	353.33	346.06	351.98	2019700.00
2023-01-13	352.42	356.08	351.51	354.43	1690900.00
2023-01-17	354.43	354.80	349.46	350.62	2435200.00
2023-01-18	349.23	351.86	344.59	345.01	2302300.00
2023-01-19	345.36	348.72	343.45	344.10	2658300.00
2023-01-20	340.10	342.13	334.79	339.19	5391900.00
2023-01-23	339.72	339.72	333.45	335.40	3403100.00
2023-01-24	339.12	339.74	334.57	339.50	2242500.00
2023-01-25	338.68	342.82	338.24	342.77	2503300.00
2023-01-26	344.02	345.18	339.83	341.09	2576200.00
2023-01-27	339.23	341.17	334.74	335.30	2363600.00
2023-01-30	337.48	340.88	332.71	333.73	2647700.00
2023-01-31	333.90	337.55	332.63	337.30	2406700.00
2023-02-01	335.97	339.06	330.81	335.76	2990900.00
2023-02-02	327.36	328.63	310.69	324.12	13036600.00
2023-02-03	326.33	335.52	322.82	332.34	5670700.00
2023-02-06	335.18	336.59	327.96	330.94	3055700.00
2023-02-07	329.37	334.18	326.07	332.92	2464100.00
2023-02-08	331.83	336.05	331.10	333.95	2399400.00
2023-02-09	334.11	340.44	333.73	334.99	3072800.00
2023-02-10	336.44	341.50	335.91	338.26	1980000.00
2023-02-13	339.58	343.83	339.12	343.43	2291600.00
2023-02-14	344.68	347.90	341.47	341.75	2028900.00
2023-02-15	340.07	341.07	328.76	329.41	3600700.00
2023-02-16	325.47	327.37	320.27	320.62	3654200.00
2023-02-17	317.75	326.05	315.14	322.91	3695600.00
2023-02-21	321.68	326.17	320.87	322.03	2515600.00
2023-02-22	323.21	327.04	320.87	323.57	2379800.00
2023-02-23	322.53	327.27	320.24	322.04	2229500.00
2023-02-24	320.55	321.76	314.74	316.26	2594600.00
2023-02-27	317.21	317.99	310.62	311.33	3043500.00
2023-02-28	310.22	310.22	304.46	306.02	3966900.00
2023-03-01	304.82	311.61	304.03	308.92	3580800.00
2023-03-02	306.58	311.01	305.34	309.78	2885200.00
2023-03-03	311.08	314.81	309.97	313.11	3002800.00
2023-03-06	311.64	314.89	311.21	313.63	2673700.00
2023-03-07	313.67	314.99	304.42	305.44	2620800.00
2023-03-08	305.31	307.80	304.15	307.31	2313200.00
2023-03-09	307.09	313.44	307.09	311.55	3920300.00
2023-03-10	313.52	321.07	309.08	309.75	4597300.00
2023-03-13	311.94	326.25	311.94	319.06	5275600.00
2023-03-14	318.63	321.81	316.07	321.60	4214300.00
2023-03-15	320.55	325.82	319.07	323.96	4743500.00
2023-03-16	322.16	326.15	319.61	324.02	3498200.00
2023-03-17	325.96	329.35	322.61	323.68	8679800.00
2023-03-20	323.68	328.36	323.51	328.02	3540900.00
2023-03-21	328.80	328.85	322.59	325.54	3240400.00
2023-03-22	326.22	329.99	325.12	325.44	2472200.00
2023-03-23	325.36	329.73	324.69	327.08	2703400.00
2023-03-24	327.42	331.30	323.27	330.51	2791900.00
2023-03-27	322.32	330.60	317.86	329.01	3102300.00
2023-03-28	330.19	333.17	329.12	332.00	2433200.00
2023-03-29	333.33	334.09	328.99	330.25	2743800.00
2023-03-30	330.45	335.60	330.45	334.99	2146900.00
2023-03-31	336.28	337.90	334.99	337.68	2933600.00
2023-04-03	337.50	345.66	336.58	344.88	3039600.00
2023-04-04	346.18	353.00	345.40	348.69	3585900.00
2023-04-05	352.09	358.75	351.95	356.18	3442700.00
2023-04-06	358.75	363.32	358.16	362.13	3531700.00
2023-04-10	362.02	362.19	356.97	360.86	1868000.00
2023-04-11	361.61	362.63	357.51	357.95	2027000.00
2023-04-12	357.93	366.21	357.26	362.88	2672600.00
2023-04-13	366.39	369.28	364.12	368.88	2839900.00
2023-04-14	367.98	370.02	366.28	368.46	2287900.00
2023-04-17	368.73	369.62	364.95	366.12	2059700.00
2023-04-18	366.76	368.00	363.48	363.73	1925300.00
2023-04-19	364.35	365.07	361.21	364.28	2173000.00
2023-04-20	365.18	369.77	363.58	368.54	2766500.00
2023-04-21	371.69	379.81	371.68	378.80	3682500.00
2023-04-24	378.80	380.58	375.25	376.94	2059700.00
2023-04-25	378.61	383.95	377.58	378.41	2648600.00
2023-04-26	374.75	375.12	364.48	369.98	3161200.00
2023-04-27	384.72	391.87	374.40	383.82	4981300.00
2023-04-28	391.35	397.55	385.95	389.24	5350100.00
2023-05-01	390.62	400.54	385.70	399.03	4091100.00
2023-05-02	400.20	404.66	392.58	397.44	3884600.00
2023-05-03	408.09	426.94	407.38	423.98	10129800.00
2023-05-04	424.24	425.47	418.11	421.28	4070700.00
2023-05-05	420.94	424.06	417.46	420.66	2753400.00
2023-05-08	419.07	427.73	415.93	425.49	2478600.00
2023-05-09	424.55	428.32	420.89	421.22	2601600.00
2023-05-10	418.94	431.06	418.94	428.63	2766300.00
2023-05-11	429.40	429.55	423.91	428.27	2595900.00
2023-05-12	433.93	439.23	428.27	428.28	3939200.00
2023-05-15	429.20	429.83	424.57	428.36	2234800.00
2023-05-16	428.05	432.27	424.56	430.47	2128800.00
2023-05-17	432.59	432.73	426.60	431.27	2274200.00
2023-05-18	430.33	433.30	427.45	431.69	2268100.00
2023-05-19	432.78	441.17	432.78	436.12	3442800.00
2023-05-22	438.02	448.51	426.27	427.84	4398000.00
2023-05-23	426.79	429.72	415.54	417.22	4492100.00
2023-05-24	418.00	422.89	414.31	419.74	3133000.00
2023-05-25	420.34	422.14	413.86	421.26	2882200.00
2023-05-26	418.88	425.56	417.67	419.76	2338400.00
2023-05-30	417.79	422.66	416.08	421.19	2595700.00
2023-05-31	420.95	424.46	418.01	423.38	3950900.00
2023-06-01	424.18	430.60	422.07	430.31	2914400.00
2023-06-02	433.73	438.40	430.59	436.07	2499000.00
2023-06-05	436.73	441.46	435.45	437.97	2113800.00
2023-06-06	441.49	442.51	433.79	436.80	1495300.00
2023-06-07	433.97	440.36	429.51	430.19	2458300.00
2023-06-08	429.71	441.13	426.22	439.35	2040300.00
2023-06-09	442.94	442.94	436.33	439.72	2082000.00
2023-06-12	439.83	440.66	432.47	439.00	2566600.00
2023-06-13	437.39	441.06	435.99	439.41	1766300.00
2023-06-14	438.00	442.42	437.26	441.38	2163300.00
2023-06-15	441.66	450.11	441.35	447.50	2287100.00
2023-06-16	449.35	450.51	441.16	441.37	4295700.00
2023-06-20	439.55	448.44	438.81	445.55	2506300.00
2023-06-21	448.06	448.89	443.83	446.58	2347500.00
2023-06-22	448.56	455.71	447.39	451.20	2912500.00
2023-06-23	450.53	453.50	445.91	452.34	4832100.00
2023-06-26	458.67	458.67	442.56	446.35	3214700.00
2023-06-27	455.95	461.35	445.30	457.92	4138700.00
2023-06-28	461.88	461.90	450.84	452.20	2854700.00
2023-06-29	452.56	459.23	451.03	457.91	2112400.00
2023-06-30	458.07	463.22	457.43	462.34	3173200.00
2023-07-03	459.66	459.66	450.89	454.89	2113200.00
2023-07-05	455.56	460.63	453.49	459.11	2130200.00
2023-07-06	456.56	460.98	455.08	456.65	2191700.00
2023-07-07	455.78	457.04	444.85	445.68	2914700.00
2023-07-10	446.55	448.23	443.34	446.74	2011400.00
2023-07-11	443.63	444.18	431.41	433.17	3570900.00
2023-07-12	432.26	438.01	428.85	434.36	3107800.00
2023-07-13	434.00	435.98	428.19	428.54	2865100.00
2023-07-14	434.85	444.07	434.63	443.10	2955000.00
2023-07-17	443.09	444.24	436.98	440.81	2347900.00
2023-07-18	440.62	446.90	438.74	444.81	2237000.00
2023-07-19	445.01	448.56	442.21	447.14	2212800.00
2023-07-20	448.70	458.63	448.56	457.25	2624200.00
2023-07-21	458.82	460.43	455.43	455.50	2226700.00
2023-07-24	455.46	459.05	451.19	452.82	2190700.00
2023-07-25	451.28	454.39	450.13	451.06	1737800.00
2023-07-26	448.56	448.56	440.24	447.17	1959800.00
2023-07-27	446.90	452.18	445.85	448.55	1883500.00
2023-07-28	448.68	453.06	445.38	451.99	1437600.00
2023-07-31	452.52	452.52	444.42	448.11	2110200.00
2023-08-01	448.90	450.89	445.06	446.67	1738200.00
2023-08-02	448.78	455.10	444.93	448.04	2366600.00
2023-08-03	444.40	447.67	441.91	442.80	2414100.00
2023-08-04	442.88	446.06	440.56	443.12	1870400.00
2023-08-07	446.83	448.56	444.20	447.65	2446400.00
2023-08-08	498.83	530.38	495.59	514.21	15094500.00
2023-08-09	513.00	524.99	509.57	518.78	5376600.00
2023-08-10	516.06	521.25	512.63	513.96	4108500.00
2023-08-11	516.30	524.28	512.64	520.80	2524300.00
2023-08-14	524.88	535.77	522.87	531.52	3981100.00
2023-08-15	531.25	540.70	527.35	540.03	2826800.00
2023-08-16	540.80	546.21	535.96	539.66	2597100.00
2023-08-17	536.67	542.19	530.92	531.18	2549900.00
2023-08-18	528.58	541.17	527.47	539.85	2958600.00
2023-08-21	540.40	546.83	539.17	543.42	2305400.00
2023-08-22	542.91	549.40	540.69	546.99	1936600.00
2023-08-23	550.01	550.68	541.61	546.69	2121300.00
2023-08-24	546.04	550.27	540.71	541.40	1776700.00
2023-08-25	543.01	549.40	540.49	546.98	1847600.00
2023-08-28	543.50	549.53	543.49	547.25	1373700.00
2023-08-29	546.78	549.65	543.24	547.23	1701200.00
2023-08-30	548.32	551.03	540.45	541.39	2191100.00
2023-08-31	540.43	550.69	536.46	547.52	3043400.00
2023-09-01	549.62	552.47	546.84	550.40	2030800.00
2023-09-05	552.49	555.16	550.00	551.46	2257200.00
2023-09-06	554.26	554.82	546.04	553.20	2424300.00
2023-09-07	557.39	569.37	555.84	566.32	3707100.00
2023-09-08	565.43	580.47	564.34	579.39	4308300.00
2023-09-11	580.08	590.95	577.44	588.38	3876500.00
2023-09-12	583.85	593.89	580.77	592.08	3212100.00
2023-09-13	587.50	593.51	584.57	591.66	3126600.00
2023-09-14	592.02	594.59	582.90	584.48	3244800.00
2023-09-15	584.87	586.90	568.13	568.72	5941200.00
2023-09-18	571.04	571.04	557.61	564.40	2723600.00
2023-09-19	564.73	571.44	563.76	568.03	2185100.00
2023-09-20	566.51	568.32	562.33	562.78	1869900.00
2023-09-21	560.36	561.16	535.96	543.50	4049900.00
2023-09-22	542.20	548.80	541.03	543.91	2353800.00
2023-09-25	543.47	546.00	539.17	545.64	1686500.00
2023-09-26	544.07	547.45	541.40	543.38	1864300.00
2023-09-27	543.26	545.04	537.12	543.14	2004200.00
2023-09-28	544.68	545.03	534.88	537.89	2178800.00
2023-09-29	538.92	539.51	525.79	530.66	2967700.00
2023-10-02	529.55	534.13	520.46	531.80	2810100.00
2023-10-03	529.54	530.87	510.35	518.86	3266100.00
2023-10-04	519.23	529.71	517.32	525.06	2220400.00
2023-10-05	527.11	535.96	525.21	534.96	2950700.00
2023-10-06	537.45	559.54	536.17	558.41	4745200.00
2023-10-09	557.22	572.80	556.79	564.87	4208100.00
2023-10-10	563.13	578.89	562.87	572.33	3526700.00
2023-10-11	589.02	601.46	577.96	597.99	5850600.00
2023-10-12	598.17	605.61	594.94	603.14	4063500.00
2023-10-13	610.45	622.38	595.30	601.86	3963800.00
2023-10-16	603.63	614.49	601.10	609.21	2941500.00
2023-10-17	611.54	612.93	595.27	600.98	2911700.00
2023-10-18	599.92	608.46	595.97	599.92	2049100.00
2023-10-19	597.71	597.71	571.37	583.68	3493700.00
2023-10-20	582.89	589.73	573.88	577.60	3666900.00
2023-10-23	579.00	581.25	569.20	569.70	2781900.00
2023-10-24	573.01	587.36	572.13	585.29	2633000.00
2023-10-25	589.75	592.47	578.81	579.39	2283300.00
2023-10-26	573.01	574.00	559.34	561.26	2846500.00
2023-10-27	556.23	563.93	549.93	553.48	2717400.00
2023-10-30	564.33	566.30	555.77	558.89	2290900.00
2023-10-31	562.12	562.75	541.01	547.26	3661400.00
2023-11-01	548.31	551.70	544.62	547.78	2935900.00
2023-11-02	571.36	590.24	565.10	573.30	5181300.00
2023-11-03	571.46	575.98	560.35	560.97	3056500.00
2023-11-06	564.22	590.51	564.13	588.02	3978500.00
2023-11-07	589.81	594.69	583.02	592.70	3168200.00
2023-11-08	600.34	618.33	585.05	611.67	7776400.00
2023-11-09	607.35	608.23	576.40	584.20	6279800.00
2023-11-10	587.83	591.64	578.94	590.51	3645900.00
2023-11-13	587.19	611.30	571.18	605.33	5744800.00
2023-11-14	602.00	609.74	596.51	604.58	3827600.00
2023-11-15	604.64	606.64	578.45	582.52	4287000.00
2023-11-16	585.45	589.01	575.80	582.73	3030500.00
2023-11-17	586.39	590.09	581.21	585.66	2628200.00
2023-11-20	585.39	598.68	584.65	591.49	2827200.00
2023-11-21	592.32	595.41	585.72	586.54	1851600.00
2023-11-22	589.31	593.05	580.75	589.01	2052200.00
2023-11-24	592.24	597.33	590.88	594.96	1341700.00
2023-11-27	595.02	597.52	585.10	585.48	2630700.00
2023-11-28	585.95	589.29	583.34	585.55	1793900.00
2023-11-29	586.15	588.46	578.47	585.81	1908600.00
2023-11-30	585.41	590.13	580.22	585.00	5658400.00
2023-12-01	585.65	595.82	577.04	578.07	3638600.00
2023-12-04	576.18	581.09	568.46	579.69	2577100.00
2023-12-05	577.32	585.75	573.45	582.14	2157300.00
2023-12-06	584.70	587.83	578.43	583.23	2093100.00
2023-12-07	582.27	582.85	571.71	582.26	2095000.00
2023-12-08	582.98	592.18	578.79	591.94	2446800.00
2023-12-11	592.54	595.04	561.61	578.07	5614100.00
2023-12-12	576.05	579.86	572.26	578.78	2846100.00
2023-12-13	577.30	592.55	576.36	591.39	3112500.00
2023-12-14	588.42	588.42	562.88	567.81	5275900.00
2023-12-15	566.25	567.85	555.91	566.19	5317000.00
2023-12-18	570.58	577.09	569.81	573.83	3033900.00
2023-12-19	574.32	579.13	571.35	573.88	2192700.00
2023-12-20	570.59	573.93	564.20	564.38	2647100.00
2023-12-21	565.57	569.12	561.22	566.15	1786500.00
2023-12-22	567.16	570.01	561.62	564.56	2226100.00
2023-12-26	563.68	566.91	561.84	564.84	1678700.00
2023-12-27	564.67	577.71	564.67	575.57	2163400.00
2023-12-28	576.03	580.69	574.07	574.91	1973500.00
2023-12-29	576.89	580.18	573.55	576.96	2000100.00
2024-01-02	574.48	586.66	573.13	586.15	3226700.00
2024-01-03	593.87	613.50	592.68	611.39	5130300.00
2024-01-04	618.87	629.90	607.00	608.22	6272500.00
2024-01-05	607.72	613.60	603.95	612.23	2404000.00
2024-01-08	616.07	619.66	603.36	619.63	2453900.00
2024-01-09	623.67	627.93	617.34	619.09	2918900.00
2024-01-10	622.07	630.54	619.36	623.75	2679100.00
2024-01-11	627.90	633.22	621.72	629.22	2690300.00
2024-01-12	631.68	637.42	626.54	636.35	2067800.00
2024-01-16	637.33	641.11	627.19	628.08	2413600.00
2024-01-17	632.91	633.97	618.80	622.48	2124100.00
2024-01-18	614.93	617.50	606.44	616.98	3385000.00
2024-01-19	616.03	623.15	613.66	622.15	3125000.00
2024-01-22	623.56	626.17	618.61	624.43	2030200.00
2024-01-23	621.27	623.56	608.54	623.24	2525000.00
2024-01-24	627.04	636.60	625.54	627.22	2276900.00
2024-01-25	620.96	626.14	618.29	621.20	2407900.00
2024-01-26	630.83	633.06	624.05	632.72	2410300.00
2024-01-29	634.94	639.05	633.23	638.41	2718500.00
2024-01-30	639.10	640.19	634.45	638.39	2006100.00
2024-01-31	643.73	656.77	630.49	639.01	4719000.00
2024-02-01	640.71	653.77	636.60	653.68	2494300.00
2024-02-02	655.61	665.74	653.00	660.82	3019200.00
2024-02-05	683.96	704.60	675.55	698.98	7602400.00
2024-02-06	734.41	734.41	684.04	697.82	8187300.00
2024-02-07	703.12	733.42	699.79	717.96	5798000.00
2024-02-08	720.87	733.43	718.33	728.16	4636900.00
2024-02-09	727.98	738.08	726.11	732.59	2833900.00
2024-02-12	733.23	733.23	719.02	729.72	2932300.00
2024-02-13	722.72	735.38	722.72	735.38	2860300.00
2024-02-14	739.49	757.57	738.68	750.88	3394300.00
2024-02-15	749.39	756.51	743.64	751.35	2507000.00
2024-02-16	764.49	787.73	757.02	775.42	5009400.00
2024-02-20	783.29	786.65	746.81	749.25	4701100.00
2024-02-21	731.82	743.14	727.02	739.58	3541800.00
2024-02-22	757.10	768.54	749.85	763.11	3167400.00
2024-02-23	767.43	771.05	755.79	763.01	2394800.00
2024-02-26	764.75	773.60	762.59	765.37	2243800.00
2024-02-27	748.49	766.39	739.11	758.51	2716700.00
2024-02-28	755.78	756.52	745.28	751.21	2716300.00
2024-02-29	746.69	750.04	737.72	747.28	3905400.00
2024-03-01	762.49	777.43	757.64	775.48	4247500.00
2024-03-04	789.68	793.98	779.49	785.56	3855600.00
2024-03-05	778.64	781.84	762.75	770.99	3168700.00
2024-03-06	777.63	781.16	767.43	773.15	2518600.00
2024-03-07	765.29	786.26	754.66	773.54	3977400.00
2024-03-08	773.38	773.38	748.59	755.67	4054900.00
2024-03-11	745.83	750.38	721.44	728.14	3968900.00
2024-03-12	734.67	749.55	731.75	748.54	2701700.00
2024-03-13	750.57	754.31	739.38	751.41	2357500.00
2024-03-14	758.46	761.48	743.04	754.27	2647500.00
2024-03-15	748.97	754.43	741.36	747.77	3730100.00
2024-03-18	755.81	763.15	751.81	756.19	2521400.00
2024-03-19	752.00	767.28	748.59	766.22	2557100.00
2024-03-20	763.57	766.60	750.22	766.30	2038000.00
2024-03-21	767.43	773.92	752.44	763.72	3013200.00
2024-03-22	763.46	770.41	760.77	764.07	1981000.00
2024-03-25	764.56	771.88	761.63	766.58	1806600.00
2024-03-26	767.63	771.72	762.47	768.32	2099000.00
2024-03-27	772.10	778.60	760.87	771.58	2297700.00
2024-03-28	773.70	786.93	769.85	771.36	3209400.00
2024-04-01	769.41	770.90	747.42	754.09	2921300.00
2024-04-02	748.66	758.58	747.10	757.48	2596800.00
2024-04-03	759.19	780.57	758.91	769.40	3044900.00
2024-04-04	774.91	781.21	761.30	761.56	2354000.00
2024-04-05	758.97	780.03	756.61	777.55	2113400.00
2024-04-08	778.36	778.54	766.79	770.69	1664200.00
2024-04-09	771.04	771.22	744.28	750.81	2464100.00
2024-04-10	744.90	758.76	740.49	755.51	1700300.00
2024-04-11	753.33	756.85	744.30	753.14	1594800.00
2024-04-12	753.12	757.02	743.43	745.26	2495000.00
2024-04-15	753.62	761.48	743.16	744.40	2358600.00
2024-04-16	745.30	746.75	736.69	740.40	2569800.00
2024-04-17	752.76	765.28	738.56	744.40	3069400.00
2024-04-18	743.06	745.82	737.46	739.62	1717300.00
2024-04-19	742.80	743.64	715.94	720.15	3505500.00
2024-04-22	723.55	731.62	719.26	725.12	2354100.00
2024-04-23	734.91	739.83	725.23	739.36	2042000.00
2024-04-24	746.25	746.25	722.60	725.99	2133400.00
2024-04-25	718.85	721.81	712.20	718.72	2608800.00
2024-04-26	717.34	731.19	714.88	727.28	2009200.00
2024-04-29	729.51	734.29	723.42	730.94	2665600.00
2024-04-30	768.42	788.75	761.14	774.47	7437100.00
2024-05-01	768.18	775.97	761.73	770.16	2802100.00
2024-05-02	770.74	770.74	747.89	749.49	3205600.00
2024-05-03	736.69	738.68	724.14	728.73	4595100.00
2024-05-06	731.78	760.48	729.75	760.17	3398300.00
2024-05-07	762.37	772.48	755.64	771.17	2879400.00
2024-05-08	772.49	774.72	765.65	768.42	2089800.00
2024-05-09	770.41	777.35	762.67	765.00	2522100.00
2024-05-10	767.45	770.82	753.55	753.55	2082300.00
2024-05-13	757.02	757.07	744.16	751.27	1848900.00
2024-05-14	745.14	758.01	745.14	757.50	1956200.00
2024-05-15	758.96	782.31	757.91	781.67	3038300.00
2024-05-16	779.38	781.13	764.90	765.88	2299700.00
2024-05-17	767.64	769.60	761.89	764.77	1670300.00
2024-05-20	761.69	779.00	760.91	777.86	2188800.00
2024-05-21	787.07	811.06	786.01	797.71	4334500.00
2024-05-22	795.56	799.41	789.84	797.45	1767500.00
2024-05-23	804.49	815.03	796.71	802.95	3025800.00
2024-05-24	802.51	804.61	798.68	801.94	1778100.00
2024-05-28	803.50	803.50	782.89	802.37	2483500.00
2024-05-29	797.54	810.07	796.64	806.01	2380000.00
2024-05-30	807.27	814.42	800.63	809.52	1984600.00
2024-05-31	813.23	820.59	805.59	814.76	4472100.00
2024-06-03	818.23	832.58	812.94	825.61	2537200.00
2024-06-04	828.33	829.79	819.70	826.93	1748300.00
2024-06-05	824.84	832.75	812.06	826.11	2169000.00
2024-06-06	829.20	841.21	826.23	831.60	2109000.00
2024-06-07	832.07	850.99	831.32	844.21	2468800.00
2024-06-10	848.18	865.71	843.62	859.12	3417500.00
2024-06-11	876.14	876.14	846.44	859.93	4109100.00
2024-06-12	866.07	866.07	848.05	861.40	2594600.00
2024-06-13	863.12	879.04	855.64	877.33	2243400.00
2024-06-14	876.33	878.60	870.05	872.48	2023300.00
2024-06-17	872.03	886.14	870.90	878.99	2532200.00
2024-06-18	880.97	888.79	877.99	885.40	2437000.00
2024-06-20	886.93	899.30	864.22	879.97	3360000.00
2024-06-21	879.64	885.91	873.82	877.87	3445900.00
2024-06-24	883.93	897.44	876.94	884.06	2878200.00
2024-06-25	885.71	903.24	885.44	898.46	2830100.00
2024-06-26	897.86	900.19	891.74	895.13	2232100.00
2024-06-27	897.39	903.39	893.60	902.86	1948100.00
2024-06-28	905.12	909.32	899.23	899.23	3375400.00
2024-07-01	905.57	910.60	898.16	908.15	2546100.00
2024-07-02	896.57	905.80	872.53	900.55	4584600.00
2024-07-03	904.81	912.26	877.99	892.00	3078400.00
2024-07-05	892.32	910.23	890.80	908.35	2880900.00
2024-07-08	911.65	922.30	905.80	911.76	2364600.00
2024-07-09	922.73	928.64	914.52	926.16	2416000.00
2024-07-10	930.20	939.26	926.66	933.39	2683300.00
2024-07-11	927.74	936.47	912.38	927.79	2855100.00
2024-07-12	930.63	944.33	929.67	941.95	2315100.00
2024-07-15	949.70	959.53	941.65	944.00	2358700.00
2024-07-16	949.25	949.89	932.00	935.20	2111800.00
2024-07-17	903.82	918.71	896.50	899.43	4200600.00
2024-07-18	900.86	903.69	830.97	843.13	7649600.00
2024-07-19	861.76	874.23	847.20	851.64	3782200.00
2024-07-22	858.92	868.48	851.00	860.08	2904500.00
2024-07-23	864.09	881.69	858.21	872.32	2087700.00
2024-07-24	866.57	872.37	848.46	854.03	2726100.00
2024-07-25	841.24	845.83	800.90	815.61	5468000.00
2024-07-26	806.35	816.42	795.85	799.15	4173900.00
2024-07-29	808.48	819.16	798.53	802.30	2473700.00
2024-07-30	809.64	816.31	770.54	784.84	3848600.00
2024-07-31	794.73	805.63	786.71	798.80	2961700.00
2024-08-01	827.95	835.17	814.60	826.78	4060700.00
2024-08-02	811.12	814.61	781.67	798.99	3515900.00
2024-08-05	752.85	787.55	742.47	769.99	4661800.00
2024-08-06	783.78	800.79	779.66	787.79	3437600.00
2024-08-07	773.01	781.23	757.83	766.89	4407700.00
2024-08-08	869.05	871.81	819.63	839.56	9434900.00
2024-08-09	854.15	902.31	854.15	885.62	6587600.00
2024-08-12	898.06	898.57	877.00	878.37	4206100.00
2024-08-13	888.00	908.47	884.28	901.88	3506800.00
2024-08-14	903.81	928.03	897.65	925.35	3562900.00
2024-08-15	930.94	932.89	915.02	926.54	3080000.00
2024-08-16	923.37	931.23	914.42	917.13	2364900.00
2024-08-19	917.13	920.99	911.54	916.82	2374600.00
2024-08-20	927.06	961.77	925.48	944.83	4961500.00
2024-08-21	950.45	951.33	934.09	946.82	2617000.00
2024-08-22	946.83	967.27	943.01	949.01	3183700.00
2024-08-23	950.27	955.30	938.01	947.59	2063300.00
2024-08-26	944.07	949.83	937.67	945.39	2166000.00
2024-08-27	947.35	967.22	944.81	949.32	2912900.00
2024-08-28	948.99	953.16	938.16	943.81	1701800.00
2024-08-29	949.83	952.34	930.94	935.11	1762800.00
2024-08-30	939.89	955.80	935.42	954.83	2555100.00
2024-09-03	952.59	964.40	946.43	951.36	2529400.00
2024-09-04	944.61	948.84	932.94	941.19	1891700.00
2024-09-05	936.07	937.90	901.27	907.81	3201100.00
2024-09-06	912.80	922.88	888.17	897.83	3440000.00
2024-09-09	907.63	910.48	891.07	903.36	2405900.00
2024-09-10	909.16	910.16	890.16	896.37	1930400.00
2024-09-11	897.27	916.55	892.35	915.91	2721100.00
2024-09-12	919.31	932.55	913.66	929.96	2510800.00
2024-09-13	931.94	937.25	917.11	918.71	2045400.00
2024-09-16	926.09	927.56	915.45	918.54	1760300.00
2024-09-17	916.51	916.51	897.42	901.28	2248000.00
2024-09-18	901.41	910.55	898.57	900.07	1777000.00
2024-09-19	907.91	911.85	898.97	910.09	2446500.00
2024-09-20	917.00	934.78	908.26	916.51	9921800.00
2024-09-23	916.02	917.01	904.53	913.55	2292000.00
2024-09-24	917.13	920.67	904.28	919.43	2767400.00
2024-09-25	926.75	934.22	916.21	919.56	1805100.00
2024-09-26	915.28	916.86	900.40	904.40	2693000.00
2024-09-27	888.79	896.33	870.87	873.04	4377300.00
2024-09-30	859.84	882.63	854.16	881.15	3244600.00
2024-10-01	884.02	886.45	874.12	879.70	2455200.00
2024-10-02	875.24	888.52	873.95	886.25	1751600.00
2024-10-03	884.73	887.17	876.11	880.76	1974700.00
2024-10-04	881.12	884.16	872.15	882.36	1970500.00
2024-10-07	885.69	900.38	884.76	893.54	2915700.00
2024-10-08	898.12	916.98	897.35	908.78	2200000.00
2024-10-09	911.33	916.37	907.07	914.76	1820100.00
2024-10-10	915.02	917.01	900.25	905.76	1682100.00
2024-10-11	911.08	927.20	906.25	927.02	2293900.00
2024-10-14	930.94	931.93	920.99	924.48	1550400.00
2024-10-15	919.44	921.51	902.89	908.38	2284200.00
2024-10-16	905.11	912.84	892.98	911.46	1645400.00
2024-10-17	916.02	925.48	911.08	912.16	2191200.00
2024-10-18	912.22	915.94	900.72	913.00	2286900.00
2024-10-21	913.01	913.89	899.67	901.23	1592200.00
2024-10-22	896.80	906.19	895.33	904.23	1391800.00
2024-10-23	900.72	903.04	886.91	898.36	2646600.00
2024-10-24	893.47	895.13	883.47	886.50	1797100.00
2024-10-25	894.86	896.09	884.64	887.87	2228300.00
2024-10-28	890.03	893.35	885.96	890.75	2084100.00
2024-10-29	893.35	903.07	893.35	898.69	3187500.00
2024-10-30	794.18	855.84	764.84	842.25	18257200.00
2024-10-31	831.98	848.88	820.78	825.25	6582800.00
2024-11-01	823.52	828.49	812.31	814.50	5266300.00
2024-11-04	800.65	815.75	799.33	801.78	3918100.00
2024-11-05	799.48	804.83	793.18	801.70	3733300.00
2024-11-06	812.91	816.29	763.46	772.18	8257900.00
2024-11-07	780.41	798.21	773.98	793.14	4557600.00
2024-11-08	799.15	842.69	796.93	827.04	7212900.00
2024-11-11	826.80	839.43	820.17	827.94	3342800.00
2024-11-12	825.71	829.48	806.33	814.43	3378600.00
2024-11-13	815.88	824.62	806.90	807.42	3059300.00
2024-11-14	804.81	804.81	779.27	781.98	3998800.00
2024-11-15	772.27	775.05	741.40	743.39	7334600.00
2024-11-18	730.43	731.24	708.72	724.46	9148100.00
2024-11-19	713.61	727.25	709.74	726.98	5832500.00
2024-11-20	733.02	754.52	732.69	750.58	5158900.00
2024-11-21	743.31	750.17	732.23	747.10	4143200.00
2024-11-22	754.20	758.42	742.28	745.20	4015500.00
2024-11-25	747.18	752.16	737.23	752.16	5690500.00
2024-11-26	782.25	803.96	771.04	786.35	6622600.00
2024-11-27	785.15	791.84	777.36	785.22	2714700.00
2024-11-29	788.35	797.32	786.36	792.36	2206900.00
2024-12-02	795.11	802.32	792.23	796.79	2895600.00
2024-12-03	799.91	814.06	798.59	810.27	2782100.00
2024-12-04	824.98	843.28	817.41	826.72	3871100.00
2024-12-05	824.67	828.00	814.38	822.51	2423400.00
2024-12-06	824.57	837.84	822.58	823.60	3047100.00
2024-12-09	820.60	820.60	798.27	800.56	3176000.00
2024-12-10	806.23	810.94	794.00	796.57	2695200.00
2024-12-11	792.26	796.49	783.41	793.03	3510900.00
2024-12-12	793.73	798.82	775.46	779.41	2823800.00
2024-12-13	774.21	791.26	770.08	786.15	3059400.00
2024-12-16	789.02	796.77	772.33	776.07	3426200.00
2024-12-17	774.93	785.04	769.52	775.69	3924800.00
2024-12-18	772.08	776.07	759.63	761.83	3354200.00
2024-12-19	762.22	770.06	749.57	754.69	4032600.00
2024-12-20	808.30	808.30	763.73	764.87	9942300.00
2024-12-23	782.22	796.35	770.16	793.28	3622300.00
2024-12-24	788.39	794.75	784.14	792.68	1165400.00
2024-12-26	791.13	800.89	788.52	791.15	1274200.00
2024-12-27	787.03	790.32	776.29	780.22	2096500.00
2024-12-30	774.99	776.83	768.10	770.93	1719100.00
2024-12-31	768.10	771.00	761.42	769.10	2327000.00
2025-01-02	777.65	784.04	768.87	775.14	1938900.00
2025-01-03	775.24	782.88	772.61	779.04	1799100.00
2025-01-06	780.77	781.82	760.48	762.22	3991100.00
2025-01-07	762.02	781.01	758.75	770.38	3576100.00
2025-01-08	770.92	789.58	767.77	784.26	3478400.00
2025-01-10	788.95	796.99	781.91	796.89	3973100.00
2025-01-13	791.41	802.31	780.66	794.48	3683800.00
2025-01-14	781.28	781.28	726.26	742.11	10373000.00
2025-01-15	746.18	751.76	732.50	743.93	5736900.00
2025-01-16	744.69	762.63	743.59	754.75	3070300.00
2025-01-17	745.02	752.44	722.28	722.99	5560100.00
2025-01-21	728.52	740.48	723.80	739.56	5122800.00
2025-01-22	742.77	757.51	736.27	751.14	3737800.00
2025-01-23	744.85	763.72	741.45	763.72	3127200.00
2025-01-24	759.08	786.32	757.63	782.45	4170600.00
2025-01-27	775.78	806.21	775.78	805.13	3915200.00
2025-01-28	804.20	813.08	797.10	801.96	2808800.00
2025-01-29	803.95	806.08	795.99	801.05	1827600.00
2025-01-30	805.37	821.52	801.97	820.13	2643000.00
2025-01-31	819.90	824.24	807.98	808.03	2561600.00
2025-02-03	801.24	814.88	798.73	807.38	2808800.00
2025-02-04	808.00	825.92	802.91	822.96	4299700.00
2025-02-05	832.01	843.71	827.93	839.01	4578900.00
2025-02-06	836.36	884.40	832.47	867.10	7138500.00
2025-02-07	873.23	886.01	866.35	875.01	4426100.00
2025-02-10	874.43	876.69	856.14	865.61	3065600.00
2025-02-11	863.77	870.90	857.26	861.75	1944200.00
2025-02-12	853.71	874.48	852.89	869.69	2533400.00
2025-02-13	873.77	880.18	864.53	868.58	2472900.00
2025-02-14	867.32	871.71	839.77	842.54	3222300.00
2025-02-18	854.67	860.97	849.62	855.45	4289400.00
2025-02-19	855.43	879.53	855.43	865.28	3205500.00
2025-02-20	865.07	878.52	862.23	871.33	2990300.00
2025-02-21	878.82	892.57	871.64	871.89	3940400.00
2025-02-24	877.49	891.28	868.24	879.60	3017100.00
2025-02-25	888.92	910.13	888.92	899.96	5111300.00
2025-02-26	896.53	920.54	894.77	913.14	3032800.00
2025-02-27	913.85	923.61	902.21	903.31	3085400.00
2025-02-28	900.00	919.34	890.78	918.75	4071100.00
2025-03-03	910.93	933.72	908.14	927.82	3979800.00
2025-03-04	920.35	927.26	900.94	909.20	3343500.00
2025-03-05	902.95	928.59	899.80	927.82	3109500.00
2025-03-06	918.54	929.47	896.44	910.89	3273100.00
2025-03-07	903.54	906.14	859.63	867.80	4818100.00
2025-03-10	852.16	861.42	824.09	828.06	5962900.00
2025-03-11	825.51	830.65	809.98	822.37	3796500.00
2025-03-12	813.28	832.94	811.60	820.18	3014800.00
2025-03-13	816.57	819.43	793.75	800.01	3566300.00
2025-03-14	801.47	813.54	798.36	811.82	3102300.00
2025-03-17	815.28	827.30	812.90	823.07	2546600.00
2025-03-18	831.72	834.58	810.96	820.83	2354900.00
2025-03-19	820.04	840.41	817.82	835.30	3790500.00
2025-03-20	837.31	852.64	830.76	840.85	4402700.00
2025-03-21	836.09	848.69	823.63	835.86	5963800.00
2025-03-24	843.59	865.10	836.05	863.13	3102400.00
2025-03-25	867.77	873.13	846.19	850.61	2670600.00
2025-03-26	843.96	849.67	824.71	825.07	2562100.00
2025-03-27	821.14	825.08	813.62	819.99	2128200.00
2025-03-28	818.32	828.08	815.76	820.83	2124700.00
2025-03-31	807.33	826.32	787.79	824.22	3737000.00
2025-04-01	816.93	818.98	795.37	803.58	2987700.00
2025-04-02	793.41	818.17	793.41	816.55	2683800.00
2025-04-03	808.85	817.12	785.45	787.48	2675100.00
2025-04-04	760.55	766.70	733.20	736.70	5299400.00
2025-04-07	696.50	746.47	675.70	722.25	6274400.00
2025-04-08	753.44	761.94	711.82	724.75	4115200.00
2025-04-09	702.96	753.29	687.59	752.17	6619000.00
2025-04-10	737.39	740.43	690.35	719.44	4182700.00
2025-04-11	721.41	734.33	710.52	730.91	3603400.00
2025-04-14	748.91	758.01	733.02	752.81	3461200.00
2025-04-15	754.02	763.74	749.95	755.63	2458100.00
2025-04-16	754.09	754.75	728.85	733.40	3302600.00
2025-04-17	839.08	856.24	820.16	838.24	10853400.00
2025-04-21	839.79	842.18	805.35	816.35	3326600.00
2025-04-22	820.20	830.30	812.33	825.85	3086500.00
2025-04-23	835.25	844.28	816.97	827.72	2714600.00
2025-04-24	834.29	860.49	827.51	857.97	2939500.00
2025-04-25	857.90	883.77	849.33	882.73	3398900.00
2025-04-28	868.66	880.45	862.64	875.50	3457600.00
2025-04-29	875.90	890.64	872.24	883.39	2454400.00
2025-04-30	886.38	900.65	880.32	897.11	4374100.00
2025-05-01	842.27	849.19	790.45	792.48	12601100.00
2025-05-02	823.43	829.83	805.94	821.94	6059400.00
2025-05-05	815.33	827.94	810.37	819.78	2889600.00
2025-05-06	815.22	816.75	768.77	773.53	5982000.00
2025-05-07	778.90	782.74	770.68	775.13	3807800.00
2025-05-08	763.44	768.40	737.57	749.91	6162000.00
2025-05-09	750.47	760.45	731.50	733.07	4072600.00
2025-05-12	726.38	763.76	720.70	754.02	9176100.00
2025-05-13	754.00	757.95	739.33	744.53	4523900.00
2025-05-14	747.71	757.95	712.57	714.10	7558500.00
2025-05-15	724.22	737.17	710.75	731.79	5212900.00
2025-05-16	740.00	758.87	738.00	757.39	4645100.00
2025-05-19	753.00	758.72	747.56	755.11	4062700.00
2025-05-20	756.00	763.50	743.00	747.01	3873500.00
2025-05-21	747.05	750.52	723.97	724.95	4060000.00
2025-05-22	717.10	722.19	711.55	715.20	4249900.00
2025-05-23	710.00	719.64	709.00	713.71	2635700.00
2025-05-27	717.03	731.31	714.33	725.22	3792700.00
2025-05-28	725.22	729.99	714.74	719.39	2948800.00
2025-05-29	719.23	727.33	716.96	722.57	2785500.00
2025-05-30	725.00	745.90	717.11	737.67	6106200.00
2025-06-02	732.50	747.37	730.70	747.12	2946900.00
2025-06-03	746.25	757.00	741.46	750.78	3056500.00
2025-06-04	756.39	772.62	756.00	765.84	3135900.00
2025-06-05	769.50	770.00	753.05	765.68	3636400.00
2025-06-06	768.48	772.60	765.20	769.88	2069900.00
2025-06-09	771.95	779.29	767.59	773.71	2262200.00
2025-06-10	777.09	808.63	777.00	807.19	4744400.00
2025-06-11	809.65	820.72	805.03	808.61	3125400.00
2025-06-12	810.33	818.56	806.35	812.03	2271100.00
2025-06-13	810.34	825.00	808.10	819.36	2754600.00
2025-06-16	821.68	825.00	805.76	807.58	2821800.00
2025-06-17	805.16	805.16	788.94	791.24	2875600.00
2025-06-18	789.95	790.63	779.44	785.03	2442900.00
2025-06-20	786.00	786.00	755.56	762.73	6210600.00
2025-06-23	770.53	793.21	763.83	770.64	3951500.00
2025-06-24	772.89	784.44	763.02	778.08	2788500.00
2025-06-25	779.00	798.95	773.60	792.30	3023100.00
2025-06-26	793.95	798.80	788.25	795.12	3118200.00
2025-06-27	795.80	802.50	774.64	775.45	4115100.00
2025-06-30	778.54	785.00	774.00	779.53	3041500.00
2025-07-01	779.53	790.00	773.00	775.90	2734000.00
2025-07-02	776.50	779.84	768.00	779.28	1978300.00
2025-07-03	780.46	783.55	773.00	780.67	1450800.00
2025-07-07	780.68	781.15	762.03	772.87	2576900.00
2025-07-08	774.85	792.69	768.80	777.66	3301800.00
2025-07-09	783.80	794.00	781.99	786.92	2703100.00
2025-07-10	789.67	799.49	786.43	790.65	3130400.00
2025-07-11	786.35	795.73	777.20	793.01	2852500.00
2025-07-14	790.00	800.88	787.36	799.34	2401400.00
2025-07-15	801.67	805.42	764.38	771.75	4174100.00
2025-07-16	773.50	796.04	772.16	789.80	3255400.00
2025-07-17	786.79	790.00	760.02	761.50	4107300.00
2025-07-18	763.86	775.96	760.50	771.71	3357700.00
2025-07-21	768.17	772.00	760.50	762.18	3058000.00
2025-07-22	763.34	778.29	762.50	776.44	2496600.00
2025-07-23	780.00	800.09	777.08	798.89	2683600.00
2025-07-24	801.36	810.14	797.65	805.43	2786400.00
2025-07-25	809.00	815.19	802.37	812.69	2976900.00
2025-07-28	812.65	820.22	802.50	808.11	2587700.00
2025-07-29	774.50	779.49	755.18	762.95	7100700.00
2025-07-30	774.00	778.10	758.41	760.08	4338700.00
2025-07-31	747.30	766.45	735.44	740.07	5810300.00
2025-08-01	746.82	768.00	745.99	762.33	4857900.00
2025-08-04	758.30	772.78	750.92	767.31	3353400.00
2025-08-05	763.89	768.25	757.86	764.27	3615200.00
2025-08-06	754.90	761.33	738.57	744.73	4752100.00
2025-08-07	674.18	676.80	631.81	639.46	26101600.00
2025-08-08	653.56	654.74	622.41	624.28	14125100.00
2025-08-11	628.04	653.01	624.53	633.83	11294200.00
2025-08-12	638.10	644.76	628.02	638.03	6897400.00
2025-08-13	648.97	660.30	643.09	659.04	6310000.00
2025-08-14	660.55	683.98	653.66	682.93	8395900.00
2025-08-15	694.20	706.79	685.80	701.23	8224600.00
2025-08-18	695.02	707.75	693.50	698.05	4990100.00
2025-08-19	706.61	714.27	698.55	703.21	5941000.00
2025-08-20	701.52	705.80	685.15	705.44	4139400.00
2025-08-21	705.20	718.40	705.20	709.82	3617300.00
2025-08-22	715.04	719.46	709.43	711.68	3222700.00
2025-08-25	711.00	713.50	694.23	695.33	2898100.00
2025-08-26	716.24	736.18	713.10	736.03	7695600.00
2025-08-27	736.96	746.59	731.55	734.17	4326200.00
2025-08-28	735.80	738.59	726.34	731.96	3117000.00
2025-08-29	732.32	737.42	728.50	732.58	2549300.00
2025-09-02	727.99	737.14	723.64	735.19	3222500.00
2025-09-03	732.02	737.83	729.02	737.83	2222500.00
2025-09-04	736.32	747.00	735.33	742.91	2423400.00
2025-09-05	744.70	744.70	722.57	727.21	3954000.00
2025-09-08	729.71	742.70	719.22	738.64	4534600.00
2025-09-09	734.18	752.84	733.87	750.61	2986900.00
2025-09-10	748.09	755.80	742.49	754.62	2477400.00
2025-09-11	752.48	761.13	750.37	756.28	2197500.00
2025-09-12	760.17	761.60	748.00	755.39	2198300.00
2025-09-15	753.07	756.34	742.11	748.19	2790900.00
2025-09-16	745.41	770.38	744.54	764.71	3881300.00
2025-09-17	761.49	776.96	756.34	760.13	3471200.00
2025-09-18	761.38	772.54	759.01	762.93	3464000.00
2025-09-19	765.00	765.00	749.20	751.99	7349500.00
2025-09-22	748.56	762.04	746.27	754.95	2527400.00
2025-09-23	750.57	753.00	743.17	746.98	2910100.00
2025-09-24	745.99	746.94	736.16	741.85	2243000.00
2025-09-25	737.67	740.00	712.05	714.59	5136400.00
2025-09-26	724.12	729.00	717.08	724.54	3559700.00
2025-09-29	725.55	727.86	716.08	726.51	3309200.00
2025-09-30	726.96	766.35	725.31	763.00	6234300.00
2025-10-01	763.30	833.30	763.30	825.42	10124500.00
2025-10-02	814.36	834.46	812.81	819.85	4291800.00
2025-10-03	824.94	848.13	816.10	839.87	5088500.00
2025-10-06	839.95	856.57	838.66	845.05	3651400.00
2025-10-07	845.00	848.54	836.58	843.63	2610800.00
2025-10-08	850.00	856.00	844.99	845.72	2180900.00
2025-10-09	851.69	860.25	845.70	855.35	3071700.00
2025-10-10	858.00	864.35	830.11	833.49	3431000.00
2025-10-13	832.68	835.32	817.35	819.40	2167500.00
2025-10-14	822.09	822.09	806.00	812.35	1928400.00
2025-10-15	812.50	830.19	808.58	826.57	2355800.00
2025-10-16	825.07	834.70	815.37	819.38	2272900.00
2025-10-17	788.96	804.44	783.85	802.83	3983000.00
2025-10-20	805.60	809.41	799.77	808.96	2279700.00
2025-10-21	806.93	812.99	798.71	799.57	2099500.00
2025-10-22	798.40	815.94	793.82	812.43	2930600.00
2025-10-23	806.40	824.70	806.02	821.04	2632900.00
2025-10-24	815.21	834.15	812.50	825.45	2211200.00
2025-10-27	825.00	826.42	811.48	826.41	2114800.00
2025-10-28	826.00	829.46	814.05	820.10	2493500.00
2025-10-29	827.31	830.29	809.63	813.53	3591200.00
2025-10-30	837.50	853.00	812.25	844.50	6037200.00
2025-10-31	839.16	869.91	834.19	862.86	5015000.00
2025-11-03	866.53	901.34	862.62	896.53	5401500.00
2025-11-04	891.41	915.22	883.64	906.86	5911500.00
2025-11-05	911.00	955.41	908.23	925.81	6583958.00
