Date	Open	High	Low	Close	Volume
1980-03-17	2.40	2.46	2.40	2.40	44550.00
1980-03-18	2.41	2.44	2.41	2.43	34425.00
1980-03-19	2.42	2.42	2.40	2.42	9113.00
1980-03-20	2.40	2.40	2.40	2.40	7088.00
1980-03-21	2.40	2.41	2.37	2.41	24300.00
1980-03-24	2.41	2.41	2.36	2.38	43538.00
1980-03-25	2.38	2.40	2.33	2.33	61763.00
1980-03-26	2.33	2.37	2.33	2.36	81000.00
1980-03-27	2.33	2.33	2.26	2.26	74419.00
1980-03-28	2.26	2.28	2.26	2.27	31388.00
1980-03-31	2.29	2.32	2.29	2.32	30881.00
1980-04-01	2.32	2.33	2.24	2.24	266288.00
1980-04-02	2.24	2.24	2.22	2.24	2531.00
1980-04-03	2.26	2.34	2.26	2.34	80494.00
1980-04-07	2.34	2.35	2.32	2.35	64800.00
1980-04-08	2.35	2.44	2.33	2.44	181744.00
1980-04-09	2.44	2.45	2.41	2.44	33919.00
1980-04-10	2.44	2.44	2.42	2.43	22781.00
1980-04-11	2.43	2.43	2.36	2.36	34425.00
1980-04-14	2.36	2.36	2.35	2.35	15694.00
1980-04-15	2.35	2.35	2.35	2.35	21263.00
1980-04-16	2.35	2.36	2.32	2.32	22781.00
1980-04-17	2.32	2.32	2.26	2.26	268819.00
1980-04-18	2.29	2.31	2.29	2.29	10631.00
1980-04-21	2.29	2.31	2.26	2.26	12656.00
1980-04-22	2.26	2.31	2.26	2.31	16706.00
1980-04-23	2.35	2.41	2.35	2.41	62775.00
1980-04-24	2.41	2.41	2.38	2.40	4050.00
1980-04-25	2.38	2.38	2.35	2.35	11644.00
1980-04-28	2.35	2.38	2.35	2.35	151369.00
1980-04-29	2.34	2.34	2.34	2.34	2025.00
1980-04-30	2.33	2.33	2.31	2.32	17719.00
1980-05-01	2.32	2.34	2.31	2.33	9113.00
1980-05-02	2.32	2.32	2.26	2.26	23288.00
1980-05-05	2.26	2.27	2.26	2.26	13669.00
1980-05-06	2.26	2.27	2.25	2.26	31894.00
1980-05-07	2.24	2.24	2.22	2.23	82013.00
1980-05-08	2.22	2.22	2.17	2.22	329569.00
1980-05-09	2.22	2.22	2.17	2.17	11644.00
1980-05-12	2.17	2.19	2.16	2.19	18731.00
1980-05-13	2.19	2.19	2.17	2.19	4556.00
1980-05-14	2.19	2.24	2.18	2.24	23288.00
1980-05-15	2.24	2.24	2.22	2.22	28350.00
1980-05-16	2.22	2.25	2.22	2.24	53156.00
1980-05-19	2.19	2.19	2.17	2.19	85556.00
1980-05-20	2.19	2.19	2.18	2.18	8100.00
1980-05-21	2.18	2.24	2.18	2.24	39994.00
1980-05-22	2.26	2.37	2.26	2.35	33413.00
1980-05-23	2.35	2.35	2.29	2.29	32906.00
1980-05-27	2.29	2.31	2.26	2.31	42525.00
1980-05-28	2.31	2.33	2.27	2.29	153394.00
1980-05-29	2.29	2.35	2.27	2.35	84038.00
1980-05-30	2.35	2.35	2.31	2.31	39994.00
1980-06-02	2.31	2.33	2.31	2.31	7088.00
1980-06-03	2.31	2.33	2.31	2.31	3038.00
1980-06-04	2.31	2.35	2.31	2.35	13163.00
1980-06-05	2.38	2.42	2.38	2.42	27844.00
1980-06-06	2.40	2.40	2.37	2.40	7088.00
1980-06-09	2.40	2.44	2.38	2.40	33413.00
1980-06-10	2.40	2.42	2.37	2.37	33413.00
1980-06-11	2.37	2.42	2.33	2.35	68850.00
1980-06-12	2.35	2.37	2.33	2.33	30375.00
1980-06-13	2.33	2.33	2.32	2.32	26831.00
1980-06-16	2.32	2.35	2.32	2.34	53156.00
1980-06-17	2.34	2.38	2.34	2.36	20756.00
1980-06-18	2.36	2.37	2.35	2.37	19744.00
1980-06-19	2.37	2.37	2.34	2.34	9619.00
1980-06-20	2.33	2.33	2.31	2.31	37463.00
1980-06-23	2.31	2.33	2.31	2.32	36956.00
1980-06-24	2.32	2.33	2.28	2.28	251100.00
1980-06-25	2.28	2.34	2.28	2.34	46069.00
1980-06-26	2.34	2.34	2.29	2.29	16200.00
1980-06-27	2.29	2.31	2.27	2.27	8606.00
1980-06-30	2.27	2.28	2.25	2.25	40500.00
1980-07-01	2.25	2.31	2.25	2.28	8606.00
1980-07-02	2.29	2.36	2.29	2.33	16706.00
1980-07-03	2.33	2.33	2.31	2.33	7594.00
1980-07-07	2.33	2.35	2.31	2.34	7088.00
1980-07-08	2.36	2.38	2.36	2.37	6075.00
1980-07-09	2.37	2.40	2.35	2.40	152888.00
1980-07-10	2.40	2.44	2.40	2.44	33413.00
1980-07-11	2.44	2.44	2.41	2.43	36450.00
1980-07-14	2.45	2.50	2.45	2.49	286031.00
1980-07-15	2.51	2.54	2.51	2.53	177694.00
1980-07-16	2.53	2.55	2.53	2.55	60244.00
1980-07-17	2.57	2.62	2.57	2.60	40500.00
1980-07-18	2.62	2.67	2.62	2.67	24300.00
1980-07-21	2.67	2.69	2.63	2.67	20250.00
1980-07-22	2.67	2.69	2.64	2.68	88088.00
1980-07-23	2.68	2.68	2.66	2.68	12150.00
1980-07-24	2.68	2.72	2.66	2.70	146813.00
1980-07-25	2.70	2.72	2.69	2.69	22781.00
1980-07-28	2.69	2.74	2.69	2.71	79481.00
1980-07-29	2.71	2.74	2.69	2.74	45563.00
1980-07-30	2.74	2.81	2.72	2.81	17719.00
1980-07-31	2.81	2.84	2.77	2.77	308813.00
1980-08-01	2.77	2.80	2.76	2.80	93150.00
1980-08-04	2.80	2.83	2.79	2.79	44550.00
1980-08-05	2.79	2.81	2.79	2.79	10631.00
1980-08-06	2.79	2.81	2.79	2.81	7594.00
1980-08-07	2.81	2.81	2.76	2.77	224269.00
1980-08-08	2.78	2.79	2.78	2.79	9113.00
1980-08-11	2.79	2.80	2.76	2.80	95175.00
1980-08-12	2.79	2.79	2.76	2.76	15188.00
1980-08-13	2.76	2.80	2.76	2.77	46069.00
1980-08-14	2.77	2.80	2.74	2.75	56700.00
1980-08-15	2.75	2.77	2.71	2.71	70369.00
1980-08-18	2.66	2.66	2.55	2.55	21769.00
1980-08-19	2.58	2.60	2.58	2.60	16706.00
1980-08-20	2.60	2.64	2.60	2.62	15694.00
1980-08-21	2.62	2.62	2.61	2.61	139725.00
1980-08-22	2.62	2.64	2.62	2.62	8606.00
1980-08-25	2.61	2.61	2.58	2.58	20250.00
1980-08-26	2.58	2.59	2.57	2.57	9619.00
1980-08-27	2.55	2.55	2.53	2.54	262744.00
1980-08-28	2.57	2.57	2.57	2.57	11138.00
1980-08-29	2.57	2.58	2.54	2.54	10125.00
1980-09-02	2.54	2.59	2.53	2.53	19744.00
1980-09-03	2.53	2.58	2.51	2.58	36450.00
1980-09-04	2.58	2.59	2.57	2.57	12656.00
1980-09-05	2.57	2.59	2.51	2.53	86569.00
1980-09-08	2.53	2.54	2.49	2.49	68850.00
1980-09-09	2.49	2.50	2.44	2.49	65306.00
1980-09-10	2.49	2.53	2.49	2.51	56700.00
1980-09-11	2.51	2.53	2.50	2.53	5569.00
1980-09-12	2.53	2.55	2.53	2.53	33413.00
1980-09-15	2.53	2.55	2.53	2.53	25313.00
1980-09-16	2.55	2.55	2.55	2.55	5063.00
1980-09-17	2.55	2.58	2.53	2.57	128588.00
1980-09-18	2.59	2.61	2.59	2.60	72900.00
1980-09-19	2.61	2.66	2.61	2.66	538650.00
1980-09-22	2.66	2.66	2.62	2.64	10631.00
1980-09-23	2.64	2.68	2.62	2.66	49106.00
1980-09-24	2.64	2.64	2.60	2.60	23794.00
1980-09-25	2.60	2.62	2.58	2.60	67838.00
1980-09-26	2.58	2.58	2.53	2.54	12656.00
1980-09-29	2.53	2.53	2.46	2.46	7594.00
1980-09-30	2.46	2.49	2.46	2.46	3038.00
1980-10-01	2.49	2.50	2.49	2.49	3038.00
1980-10-02	2.46	2.46	2.44	2.46	8606.00
1980-10-03	2.46	2.50	2.44	2.48	22275.00
1980-10-06	2.49	2.53	2.49	2.53	27844.00
1980-10-07	2.53	2.55	2.53	2.55	59738.00
1980-10-08	2.55	2.58	2.53	2.58	13669.00
1980-10-09	2.58	2.59	2.55	2.58	505744.00
1980-10-10	2.58	2.58	2.55	2.58	3038.00
1980-10-13	2.57	2.57	2.53	2.54	149344.00
1980-10-14	2.54	2.58	2.54	2.54	10125.00
1980-10-15	2.54	2.57	2.52	2.52	261225.00
1980-10-16	2.52	2.54	2.52	2.52	14175.00
1980-10-17	2.53	2.54	2.53	2.53	8100.00
1980-10-20	2.53	2.54	2.51	2.52	37969.00
1980-10-21	2.52	2.55	2.52	2.53	17719.00
1980-10-22	2.53	2.55	2.52	2.54	7594.00
1980-10-23	2.52	2.52	2.50	2.51	125044.00
1980-10-24	2.53	2.58	2.53	2.58	51638.00
1980-10-27	2.58	2.62	2.58	2.60	29363.00
1980-10-28	2.60	2.61	2.58	2.58	15694.00
1980-10-29	2.58	2.60	2.53	2.53	96694.00
1980-10-30	2.53	2.55	2.50	2.50	23794.00
1980-10-31	2.50	2.50	2.41	2.41	31388.00
1980-11-03	2.42	2.48	2.42	2.45	164531.00
1980-11-05	2.59	2.61	2.59	2.61	116438.00
1980-11-06	2.61	2.61	2.59	2.60	16706.00
1980-11-07	2.62	2.67	2.62	2.67	146306.00
1980-11-10	2.70	2.78	2.70	2.74	247556.00
1980-11-11	2.76	2.78	2.76	2.78	41006.00
1980-11-12	2.78	2.85	2.76	2.80	34931.00
1980-11-13	2.80	2.92	2.79	2.92	128081.00
1980-11-14	2.92	3.01	2.90	2.96	284513.00
1980-11-17	2.96	2.96	2.90	2.92	125044.00
1980-11-18	2.95	3.13	2.95	3.07	309319.00
1980-11-19	3.07	3.14	3.05	3.10	105806.00
1980-11-20	3.06	3.06	3.01	3.01	125044.00
1980-11-21	3.01	3.04	2.98	2.98	64294.00
1980-11-24	2.95	2.95	2.77	2.80	126056.00
1980-11-25	2.80	2.89	2.79	2.87	135675.00
1980-11-26	2.89	2.95	2.89	2.94	78975.00
1980-11-28	2.93	2.93	2.89	2.89	27338.00
1980-12-01	2.89	2.90	2.76	2.76	587250.00
1980-12-02	2.76	2.76	2.71	2.71	20756.00
1980-12-03	2.71	2.79	2.71	2.79	43031.00
1980-12-04	2.79	2.81	2.75	2.81	67331.00
1980-12-05	2.81	2.85	2.80	2.85	109856.00
1980-12-08	2.85	2.85	2.72	2.76	66319.00
1980-12-09	2.78	2.80	2.78	2.79	30881.00
1980-12-10	2.80	2.87	2.80	2.85	111881.00
1980-12-11	2.85	2.85	2.81	2.84	94163.00
1980-12-12	2.84	2.89	2.81	2.89	101756.00
1980-12-15	2.89	2.90	2.85	2.90	26325.00
1980-12-16	2.90	2.90	2.86	2.86	22275.00
1980-12-17	2.86	2.89	2.84	2.89	25313.00
1980-12-18	2.89	2.92	2.87	2.89	31388.00
1980-12-19	2.89	2.93	2.89	2.92	43031.00
1980-12-22	2.92	2.93	2.89	2.92	26325.00
1980-12-23	2.93	3.00	2.93	2.97	66825.00
1980-12-24	2.97	2.98	2.94	2.96	142763.00
1980-12-26	2.96	2.97	2.94	2.97	8606.00
1980-12-29	2.97	3.00	2.90	2.90	16200.00
1980-12-30	2.93	2.96	2.93	2.94	12150.00
1980-12-31	2.94	2.96	2.94	2.94	10125.00
1981-01-02	2.94	2.94	2.87	2.87	18731.00
1981-01-05	2.87	2.92	2.87	2.90	28350.00
1981-01-06	2.90	2.93	2.87	2.90	37463.00
1981-01-07	2.86	2.86	2.80	2.86	59738.00
1981-01-08	2.86	2.92	2.85	2.85	82013.00
1981-01-09	2.86	2.89	2.86	2.87	177188.00
1981-01-12	2.87	2.89	2.87	2.88	22781.00
1981-01-13	2.88	2.89	2.85	2.85	41513.00
1981-01-14	2.85	2.85	2.83	2.83	47081.00
1981-01-15	2.83	2.85	2.80	2.80	4556.00
1981-01-16	2.80	2.84	2.80	2.81	8100.00
1981-01-19	2.81	2.84	2.80	2.80	14681.00
1981-01-20	2.80	2.83	2.72	2.72	85556.00
1981-01-21	2.72	2.75	2.69	2.69	37969.00
1981-01-22	2.67	2.67	2.54	2.62	65306.00
1981-01-23	2.63	2.71	2.63	2.69	41006.00
1981-01-26	2.69	2.69	2.55	2.58	89606.00
1981-01-27	2.59	2.64	2.59	2.64	49613.00
1981-01-28	2.64	2.66	2.60	2.60	6581.00
1981-01-29	2.61	2.62	2.61	2.61	1013.00
1981-01-30	2.61	2.68	2.61	2.68	12656.00
1981-02-02	2.68	2.68	2.62	2.62	13163.00
1981-02-03	2.61	2.61	2.59	2.60	15188.00
1981-02-04	2.60	2.61	2.60	2.60	11138.00
1981-02-05	2.61	2.63	2.61	2.61	19744.00
1981-02-06	2.60	2.60	2.60	2.60	4050.00
1981-02-09	2.60	2.62	2.59	2.59	14175.00
1981-02-10	2.60	2.63	2.60	2.60	11644.00
1981-02-11	2.60	2.64	2.59	2.64	10631.00
1981-02-12	2.64	2.66	2.62	2.62	5569.00
1981-02-13	2.62	2.62	2.57	2.59	21769.00
1981-02-17	2.59	2.60	2.57	2.60	4050.00
1981-02-18	2.60	2.60	2.58	2.58	6075.00
1981-02-19	2.58	2.59	2.58	2.58	743175.00
1981-02-20	2.58	2.58	2.58	2.58	62269.00
1981-02-23	2.58	2.62	2.57	2.62	100744.00
1981-02-24	2.63	2.70	2.63	2.70	116944.00
1981-02-25	2.70	2.70	2.66	2.69	79988.00
1981-02-26	2.69	2.76	2.69	2.75	141244.00
1981-02-27	2.77	2.86	2.77	2.80	136688.00
1981-03-02	2.79	2.79	2.74	2.77	38981.00
1981-03-03	2.77	2.79	2.72	2.77	41006.00
1981-03-04	2.77	2.83	2.76	2.81	64800.00
1981-03-05	2.80	2.80	2.76	2.76	30375.00
1981-03-06	2.77	2.80	2.77	2.77	46069.00
1981-03-09	2.77	2.83	2.77	2.83	87075.00
1981-03-10	2.83	2.85	2.80	2.80	45563.00
1981-03-11	2.80	2.88	2.80	2.81	81000.00
1981-03-12	2.81	2.93	2.80	2.90	172631.00
1981-03-13	2.90	2.95	2.88	2.94	143269.00
1981-03-16	2.94	2.98	2.93	2.98	119981.00
1981-03-17	2.98	3.00	2.94	2.97	367031.00
1981-03-18	2.97	3.12	2.93	3.12	84038.00
1981-03-19	3.12	3.13	3.07	3.11	270844.00
1981-03-20	3.11	3.16	3.09	3.14	287550.00
1981-03-23	3.14	3.16	3.10	3.13	155925.00
1981-03-24	3.13	3.15	3.11	3.12	30881.00
1981-03-25	3.12	3.13	3.10	3.12	29363.00
1981-03-26	3.12	3.12	3.02	3.04	90619.00
1981-03-27	3.03	3.03	2.96	2.96	45563.00
1981-03-30	2.96	3.01	2.94	2.94	125550.00
1981-03-31	2.96	3.01	2.96	3.00	57206.00
1981-04-01	3.00	3.00	2.94	2.94	29363.00
1981-04-02	2.96	3.06	2.96	2.98	254644.00
1981-04-03	2.98	2.98	2.90	2.93	573075.00
1981-04-06	2.93	2.95	2.90	2.94	40500.00
1981-04-07	2.94	3.00	2.89	3.00	447019.00
1981-04-08	3.00	3.00	2.93	2.96	36450.00
1981-04-09	2.96	2.97	2.93	2.97	88594.00
1981-04-10	2.97	3.01	2.96	3.01	282994.00
1981-04-13	3.00	3.00	2.95	2.95	22275.00
1981-04-14	2.95	3.00	2.90	2.98	58725.00
1981-04-15	2.98	3.03	2.96	3.03	243000.00
1981-04-16	3.03	3.12	3.03	3.12	107325.00
1981-04-20	3.12	3.12	3.09	3.11	34931.00
1981-04-21	3.10	3.10	3.05	3.05	228319.00
1981-04-22	3.05	3.09	3.02	3.03	53663.00
1981-04-23	3.03	3.09	3.02	3.06	69356.00
1981-04-24	3.06	3.12	3.03	3.05	118969.00
1981-04-27	3.05	3.11	3.04	3.10	91631.00
1981-04-28	3.10	3.11	3.07	3.10	25313.00
1981-04-29	3.10	3.13	3.09	3.11	39994.00
1981-04-30	3.11	3.20	3.11	3.14	497138.00
1981-05-01	3.14	3.26	3.13	3.24	75938.00
1981-05-04	3.21	3.21	3.16	3.16	131625.00
1981-05-05	3.16	3.16	3.13	3.16	427781.00
1981-05-06	3.16	3.18	3.11	3.14	360450.00
1981-05-07	3.14	3.14	3.06	3.11	20250.00
1981-05-08	3.11	3.14	3.11	3.13	20250.00
1981-05-11	3.13	3.19	3.09	3.16	90619.00
1981-05-12	3.16	3.16	3.10	3.12	18731.00
1981-05-13	3.12	3.14	3.07	3.11	65306.00
1981-05-14	3.11	3.15	3.11	3.15	20756.00
1981-05-15	3.15	3.19	3.13	3.16	86063.00
1981-05-18	3.16	3.19	3.14	3.16	223256.00
1981-05-19	3.19	3.24	3.19	3.22	34425.00
1981-05-20	3.22	3.32	3.21	3.32	397406.00
1981-05-21	3.32	3.32	3.28	3.31	36450.00
1981-05-22	3.31	3.33	3.28	3.29	20756.00
1981-05-26	3.29	3.29	3.27	3.27	23288.00
1981-05-27	3.27	3.28	3.26	3.28	9619.00
1981-05-28	3.28	3.29	3.26	3.27	30881.00
1981-05-29	3.27	3.29	3.27	3.28	30375.00
1981-06-01	3.28	3.28	3.23	3.24	142763.00
1981-06-02	3.24	3.30	3.22	3.28	102769.00
1981-06-03	3.28	3.30	3.26	3.30	21769.00
1981-06-04	3.30	3.31	3.24	3.26	66319.00
1981-06-05	3.26	3.35	3.24	3.35	210094.00
1981-06-08	3.35	3.37	3.31	3.37	18731.00
1981-06-09	3.37	3.46	3.36	3.42	58725.00
1981-06-10	3.42	3.44	3.37	3.37	115425.00
1981-06-11	3.37	3.38	3.33	3.36	77456.00
1981-06-12	3.36	3.39	3.35	3.36	103781.00
1981-06-15	3.36	3.37	3.32	3.35	82013.00
1981-06-16	3.35	3.35	3.28	3.28	19238.00
1981-06-17	3.28	3.29	3.23	3.23	9619.00
1981-06-18	3.23	3.26	3.23	3.24	4050.00
1981-06-19	3.23	3.23	3.19	3.19	26831.00
1981-06-22	3.19	3.26	3.19	3.23	60750.00
1981-06-23	3.26	3.35	3.26	3.35	99731.00
1981-06-24	3.35	3.35	3.32	3.32	139219.00
1981-06-25	3.32	3.36	3.32	3.32	53156.00
1981-06-26	3.32	3.32	3.29	3.29	6075.00
1981-06-29	3.29	3.32	3.26	3.28	25819.00
1981-06-30	3.28	3.31	3.23	3.23	6581.00
1981-07-01	3.23	3.26	3.22	3.26	47081.00
1981-07-02	3.24	3.24	3.21	3.22	68850.00
1981-07-06	3.22	3.22	3.16	3.16	105806.00
1981-07-07	3.16	3.23	3.16	3.16	43031.00
1981-07-08	3.16	3.18	3.14	3.16	246544.00
1981-07-09	3.16	3.16	3.14	3.14	8100.00
1981-07-10	3.14	3.18	3.14	3.14	14175.00
1981-07-13	3.14	3.15	3.13	3.13	13163.00
1981-07-14	3.13	3.14	3.00	3.00	165038.00
1981-07-15	3.00	3.05	2.95	3.05	46069.00
1981-07-16	3.05	3.06	3.01	3.06	38981.00
1981-07-17	3.06	3.09	3.05	3.05	31388.00
1981-07-20	3.06	3.07	3.06	3.06	3544.00
1981-07-21	3.06	3.06	3.04	3.04	16200.00
1981-07-22	3.05	3.07	3.05	3.05	18225.00
1981-07-23	3.05	3.09	3.05	3.06	19744.00
1981-07-24	3.06	3.07	3.03	3.04	37969.00
1981-07-27	3.06	3.07	3.06	3.07	46575.00
1981-07-28	3.07	3.09	3.05	3.09	22781.00
1981-07-29	3.09	3.09	3.07	3.09	1519.00
1981-07-30	3.07	3.07	2.98	3.03	68850.00
1981-07-31	3.03	3.05	2.98	2.98	34931.00
1981-08-03	3.01	3.06	3.01	3.06	37969.00
1981-08-04	3.06	3.06	3.03	3.03	39488.00
1981-08-05	3.03	3.05	3.00	3.00	37969.00
1981-08-06	3.01	3.05	3.01	3.01	23794.00
1981-08-07	3.01	3.07	3.01	3.05	31388.00
1981-08-10	3.05	3.05	3.03	3.05	7088.00
1981-08-11	3.05	3.07	3.05	3.07	75431.00
1981-08-12	3.07	3.10	3.06	3.06	33919.00
1981-08-13	3.06	3.09	3.05	3.05	21263.00
1981-08-14	3.05	3.09	3.05	3.06	19744.00
1981-08-17	3.06	3.07	3.03	3.03	68850.00
1981-08-18	3.03	3.06	3.03	3.04	5569.00
1981-08-19	3.04	3.06	3.02	3.04	55688.00
1981-08-20	3.04	3.06	3.02	3.04	7088.00
1981-08-21	3.04	3.05	2.98	2.98	28350.00
1981-08-24	2.98	3.01	2.97	2.97	7594.00
1981-08-25	2.97	3.01	2.96	2.98	43031.00
1981-08-26	2.98	3.02	2.98	3.02	56700.00
1981-08-27	3.02	3.02	3.00	3.00	1519.00
1981-08-28	2.98	2.98	2.89	2.97	411075.00
1981-08-31	2.97	2.98	2.89	2.89	25313.00
1981-09-01	2.89	2.92	2.86	2.86	14175.00
1981-09-02	2.86	2.92	2.84	2.87	56700.00
1981-09-03	2.89	2.94	2.89	2.89	11644.00
1981-09-04	2.89	2.92	2.84	2.84	21263.00
1981-09-08	1.91	1.91	1.86	1.89	26325.00
1981-09-09	1.89	1.89	1.86	1.88	10631.00
1981-09-10	1.88	1.88	1.85	1.85	31894.00
1981-09-11	1.85	1.88	1.85	1.85	18731.00
1981-09-14	1.86	1.89	1.86	1.88	28856.00
1981-09-15	1.86	1.86	1.85	1.86	122513.00
1981-09-16	1.86	1.88	1.83	1.83	34425.00
1981-09-17	1.83	1.84	1.81	1.84	23794.00
1981-09-18	1.84	1.84	1.82	1.82	13163.00
1981-09-21	1.82	1.84	1.74	1.79	48094.00
1981-09-22	1.79	1.81	1.74	1.76	16200.00
1981-09-23	1.76	1.79	1.72	1.75	21263.00
1981-09-24	1.75	1.77	1.74	1.77	26325.00
1981-09-25	1.76	1.76	1.65	1.65	93656.00
1981-09-28	1.65	1.67	1.62	1.65	62775.00
1981-09-29	1.66	1.73	1.66	1.70	53156.00
1981-09-30	1.70	1.72	1.67	1.72	40500.00
1981-10-01	1.72	1.72	1.67	1.67	16706.00
1981-10-02	1.67	1.68	1.64	1.65	101756.00
1981-10-05	1.66	1.70	1.66	1.70	14175.00
1981-10-06	1.70	1.70	1.67	1.70	13163.00
1981-10-07	1.70	1.72	1.67	1.70	28856.00
1981-10-08	1.70	1.74	1.70	1.72	22781.00
1981-10-09	1.74	1.84	1.74	1.81	54169.00
1981-10-12	1.81	1.82	1.79	1.82	6581.00
1981-10-13	1.82	1.84	1.80	1.82	31388.00
1981-10-14	1.82	1.83	1.80	1.80	35438.00
1981-10-15	1.80	1.80	1.77	1.80	142256.00
1981-10-16	1.80	1.80	1.74	1.74	69863.00
1981-10-19	1.74	1.75	1.72	1.72	92138.00
1981-10-20	1.72	1.73	1.71	1.73	34425.00
1981-10-21	1.73	1.74	1.71	1.71	765956.00
1981-10-22	1.71	1.73	1.70	1.71	24806.00
1981-10-23	1.73	1.76	1.73	1.75	74925.00
1981-10-26	1.74	1.74	1.72	1.72	14175.00
1981-10-27	1.72	1.77	1.72	1.77	118969.00
1981-10-28	1.79	1.81	1.79	1.79	16706.00
1981-10-29	1.79	1.80	1.76	1.76	18731.00
1981-10-30	1.76	1.77	1.75	1.76	11644.00
1981-11-02	1.76	1.76	1.72	1.72	79988.00
1981-11-03	1.72	1.74	1.71	1.73	51638.00
1981-11-04	1.73	1.74	1.71	1.74	433350.00
1981-11-05	1.74	1.74	1.71	1.74	103781.00
1981-11-06	1.74	1.76	1.73	1.76	17213.00
1981-11-09	1.76	1.79	1.74	1.79	20250.00
1981-11-10	1.79	1.81	1.76	1.76	36956.00
1981-11-11	1.76	1.80	1.74	1.77	39994.00
1981-11-12	1.77	1.89	1.77	1.89	929981.00
1981-11-13	1.86	1.86	1.85	1.86	46069.00
1981-11-16	1.84	1.84	1.80	1.80	31894.00
1981-11-17	1.80	1.83	1.80	1.80	17719.00
1981-11-18	1.80	1.81	1.79	1.79	31894.00
1981-11-19	1.79	1.81	1.79	1.79	65813.00
1981-11-20	1.79	1.80	1.76	1.77	281981.00
1981-11-23	1.79	1.88	1.79	1.84	68344.00
1981-11-24	1.84	1.88	1.79	1.88	216169.00
1981-11-25	1.88	1.98	1.88	1.98	208575.00
1981-11-27	1.98	2.03	1.96	2.03	74925.00
1981-11-30	2.03	2.12	2.02	2.12	55181.00
1981-12-01	2.12	2.12	2.03	2.03	42525.00
1981-12-02	2.03	2.06	1.99	1.99	9619.00
1981-12-03	1.99	1.99	1.93	1.97	145294.00
1981-12-04	1.97	1.98	1.93	1.93	25313.00
1981-12-07	1.93	1.97	1.89	1.91	30881.00
1981-12-08	1.90	1.90	1.86	1.90	44044.00
1981-12-09	1.90	1.92	1.90	1.90	124538.00
1981-12-10	1.90	1.93	1.90	1.93	41513.00
1981-12-11	1.93	1.94	1.91	1.91	28350.00
1981-12-14	1.91	1.91	1.89	1.89	26831.00
1981-12-15	1.90	1.99	1.90	1.96	155419.00
1981-12-16	1.98	2.02	1.98	2.01	166556.00
1981-12-17	2.01	2.01	1.99	2.01	79988.00
1981-12-18	2.01	2.07	1.99	2.07	32906.00
1981-12-21	2.07	2.10	2.07	2.07	23794.00
1981-12-22	2.07	2.10	2.05	2.05	30881.00
1981-12-23	2.05	2.06	2.01	2.03	100238.00
1981-12-24	2.03	2.06	2.03	2.03	6581.00
1981-12-28	2.06	2.06	2.06	2.06	6581.00
1981-12-29	2.06	2.11	2.06	2.10	108338.00
1981-12-30	2.08	2.08	2.02	2.02	46575.00
1981-12-31	2.02	2.07	1.99	2.07	105806.00
1982-01-04	2.06	2.06	1.99	1.99	21263.00
1982-01-05	1.99	2.01	1.96	1.96	16706.00
1982-01-06	1.96	1.96	1.94	1.96	45056.00
1982-01-07	1.94	1.94	1.90	1.90	29869.00
1982-01-08	1.90	1.91	1.85	1.85	26325.00
1982-01-11	1.88	1.92	1.88	1.89	50625.00
1982-01-12	1.89	1.91	1.89	1.89	199463.00
1982-01-13	1.89	1.91	1.76	1.76	83025.00
1982-01-14	1.76	1.81	1.76	1.81	25819.00
1982-01-15	1.81	1.83	1.79	1.83	70369.00
1982-01-18	1.81	1.81	1.79	1.81	70875.00
1982-01-19	1.81	1.82	1.79	1.79	67331.00
1982-01-20	1.79	1.81	1.79	1.81	10125.00
1982-01-21	1.81	1.83	1.81	1.83	36956.00
1982-01-22	1.83	1.83	1.79	1.83	39488.00
1982-01-25	1.82	1.82	1.79	1.79	21263.00
1982-01-26	1.79	1.82	1.76	1.79	148838.00
1982-01-27	1.79	1.82	1.77	1.80	15694.00
1982-01-28	1.80	1.83	1.79	1.82	205031.00
1982-01-29	1.82	1.83	1.81	1.82	65813.00
1982-02-01	1.82	1.82	1.80	1.82	10631.00
1982-02-02	1.81	1.81	1.76	1.79	38981.00
1982-02-03	1.79	1.80	1.72	1.72	292106.00
1982-02-04	1.72	1.76	1.72	1.74	142256.00
1982-02-05	1.74	1.76	1.71	1.73	99731.00
1982-02-08	1.73	1.75	1.68	1.70	177694.00
1982-02-09	1.68	1.68	1.62	1.63	76444.00
1982-02-10	1.63	1.63	1.61	1.63	24300.00
1982-02-11	1.63	1.63	1.61	1.61	155419.00
1982-02-12	1.61	1.63	1.54	1.56	70875.00
1982-02-16	1.56	1.63	1.54	1.63	165038.00
1982-02-17	1.64	1.68	1.64	1.64	601425.00
1982-02-18	1.65	1.71	1.65	1.66	214650.00
1982-02-19	1.66	1.71	1.66	1.66	137700.00
1982-02-22	1.68	1.80	1.68	1.72	603450.00
1982-02-23	1.72	1.74	1.70	1.72	81506.00
1982-02-24	1.72	1.75	1.72	1.75	31388.00
1982-02-25	1.75	1.79	1.72	1.72	329063.00
1982-02-26	1.72	1.75	1.68	1.74	71381.00
1982-03-01	1.74	1.75	1.72	1.74	55688.00
1982-03-02	1.76	1.80	1.76	1.79	161494.00
1982-03-03	1.77	1.77	1.75	1.75	70875.00
1982-03-04	1.75	1.75	1.67	1.67	131625.00
1982-03-05	1.67	1.70	1.63	1.64	200475.00
1982-03-08	1.64	1.68	1.64	1.64	14681.00
1982-03-09	1.64	1.67	1.61	1.65	91125.00
1982-03-10	1.65	1.67	1.63	1.63	18731.00
1982-03-11	1.63	1.66	1.50	1.50	43538.00
1982-03-12	1.50	1.57	1.50	1.57	193388.00
1982-03-15	1.57	1.61	1.56	1.58	21263.00
1982-03-16	1.58	1.62	1.56	1.58	110363.00
1982-03-17	1.58	1.62	1.56	1.59	55688.00
1982-03-18	1.61	1.63	1.61	1.62	74925.00
1982-03-19	1.63	1.65	1.63	1.63	19744.00
1982-03-22	1.63	1.66	1.62	1.66	25313.00
1982-03-23	1.66	1.70	1.66	1.67	11138.00
1982-03-24	1.67	1.71	1.67	1.71	88594.00
1982-03-25	1.71	1.75	1.68	1.72	94163.00
1982-03-26	1.73	1.73	1.73	1.73	9619.00
1982-03-29	1.73	1.73	1.71	1.71	13669.00
1982-03-30	1.71	1.73	1.71	1.71	9619.00
1982-03-31	1.71	1.71	1.70	1.70	33413.00
1982-04-01	1.70	1.73	1.68	1.73	154913.00
1982-04-02	1.73	1.74	1.70	1.70	99225.00
1982-04-05	1.70	1.73	1.67	1.71	26831.00
1982-04-06	1.72	1.74	1.72	1.74	17719.00
1982-04-07	1.74	1.74	1.72	1.72	141244.00
1982-04-08	1.72	1.76	1.72	1.76	130106.00
1982-04-12	1.76	1.79	1.75	1.76	66825.00
1982-04-13	1.76	1.79	1.76	1.76	205538.00
1982-04-14	1.76	1.77	1.75	1.75	26325.00
1982-04-15	1.76	1.80	1.76	1.80	28350.00
1982-04-16	1.80	1.83	1.77	1.83	191363.00
1982-04-19	1.83	1.88	1.82	1.83	158963.00
1982-04-20	1.83	1.84	1.83	1.83	69863.00
1982-04-21	1.83	1.86	1.83	1.86	42019.00
1982-04-22	1.86	1.88	1.83	1.85	267806.00
1982-04-23	1.85	1.86	1.81	1.81	400444.00
1982-04-26	1.81	1.84	1.81	1.82	18731.00
1982-04-27	1.82	1.84	1.81	1.81	17213.00
1982-04-28	1.81	1.82	1.79	1.82	16200.00
1982-04-29	1.82	1.82	1.79	1.80	23288.00
1982-04-30	1.80	1.80	1.77	1.80	18731.00
1982-05-03	1.80	1.80	1.77	1.77	61763.00
1982-05-04	1.77	1.82	1.77	1.77	134156.00
1982-05-05	1.77	1.79	1.67	1.67	144281.00
1982-05-06	1.67	1.71	1.67	1.71	146813.00
1982-05-07	1.71	1.72	1.68	1.70	29869.00
1982-05-10	1.70	1.71	1.66	1.71	18731.00
1982-05-11	1.71	1.73	1.66	1.66	13669.00
1982-05-12	1.67	1.72	1.67	1.70	63281.00
1982-05-13	1.71	1.76	1.71	1.76	114413.00
1982-05-14	1.76	1.80	1.76	1.76	64294.00
1982-05-17	1.75	1.75	1.70	1.73	63788.00
1982-05-18	1.73	1.73	1.67	1.68	235913.00
1982-05-19	1.68	1.68	1.66	1.68	29363.00
1982-05-20	1.68	1.70	1.66	1.66	20756.00
1982-05-21	1.66	1.68	1.65	1.65	81000.00
1982-05-24	1.65	1.66	1.64	1.65	28350.00
1982-05-25	1.65	1.67	1.63	1.63	122513.00
1982-05-26	1.63	1.63	1.59	1.59	19238.00
1982-05-27	1.59	1.59	1.56	1.56	104288.00
1982-05-28	1.55	1.55	1.53	1.54	60244.00
1982-06-01	1.54	1.56	1.49	1.51	70369.00
1982-06-02	1.51	1.54	1.49	1.54	674325.00
1982-06-03	1.54	1.56	1.51	1.56	46069.00
1982-06-04	1.56	1.57	1.55	1.56	20756.00
1982-06-07	1.56	1.57	1.55	1.55	59231.00
1982-06-08	1.55	1.57	1.53	1.54	112894.00
1982-06-09	1.54	1.55	1.54	1.54	55688.00
1982-06-10	1.54	1.54	1.53	1.53	19238.00
1982-06-11	1.53	1.54	1.51	1.51	90113.00
1982-06-14	1.51	1.54	1.50	1.53	83025.00
1982-06-15	1.53	1.54	1.45	1.45	1342069.00
1982-06-16	1.45	1.46	1.44	1.44	78469.00
1982-06-17	1.44	1.45	1.36	1.42	459675.00
1982-06-18	1.42	1.44	1.40	1.44	37463.00
1982-06-21	1.44	1.45	1.41	1.44	46069.00
1982-06-22	1.44	1.44	1.41	1.41	36956.00
1982-06-23	1.41	1.44	1.41	1.44	63281.00
1982-06-24	1.44	1.45	1.41	1.45	23288.00
1982-06-25	1.45	1.45	1.41	1.44	77963.00
1982-06-28	1.44	1.45	1.41	1.44	16200.00
1982-06-29	1.44	1.44	1.40	1.41	42525.00
1982-06-30	1.41	1.44	1.40	1.44	55181.00
1982-07-01	1.42	1.42	1.40	1.40	305775.00
1982-07-02	1.41	1.44	1.41	1.41	28350.00
1982-07-06	1.41	1.42	1.40	1.42	34931.00
1982-07-07	1.42	1.44	1.40	1.42	51131.00
1982-07-08	1.40	1.40	1.40	1.40	48094.00
1982-07-09	1.40	1.40	1.39	1.40	71888.00
1982-07-12	1.40	1.41	1.36	1.37	332100.00
1982-07-13	1.37	1.41	1.37	1.39	32400.00
1982-07-14	1.39	1.39	1.36	1.39	29869.00
1982-07-15	1.39	1.40	1.37	1.38	20756.00
1982-07-16	1.38	1.40	1.38	1.38	21263.00
1982-07-19	1.39	1.45	1.39	1.41	233888.00
1982-07-20	1.42	1.45	1.42	1.45	708750.00
1982-07-21	1.45	1.47	1.45	1.45	107831.00
1982-07-22	1.45	1.45	1.40	1.42	22781.00
1982-07-23	1.42	1.42	1.40	1.41	50625.00
1982-07-26	1.41	1.42	1.37	1.40	56700.00
1982-07-27	1.40	1.40	1.38	1.39	38475.00
1982-07-28	1.39	1.40	1.39	1.40	21263.00
1982-07-29	1.40	1.42	1.38	1.42	173644.00
1982-07-30	1.42	1.44	1.41	1.44	50625.00
1982-08-02	1.44	1.45	1.41	1.42	89606.00
1982-08-03	1.42	1.46	1.42	1.46	164025.00
1982-08-04	1.45	1.45	1.42	1.42	16200.00
1982-08-05	1.42	1.47	1.42	1.47	97706.00
1982-08-06	1.46	1.46	1.39	1.40	23288.00
1982-08-09	1.42	1.42	1.42	1.42	10125.00
1982-08-10	1.41	1.41	1.38	1.38	11138.00
1982-08-11	1.38	1.40	1.37	1.38	233888.00
1982-08-12	1.38	1.39	1.36	1.36	20756.00
1982-08-13	1.36	1.38	1.36	1.37	28350.00
1982-08-16	1.37	1.38	1.36	1.38	422719.00
1982-08-17	1.38	1.39	1.35	1.38	30375.00
1982-08-18	1.38	1.42	1.38	1.39	260719.00
1982-08-19	1.39	1.39	1.36	1.36	441956.00
1982-08-20	1.38	1.40	1.38	1.39	41513.00
1982-08-23	1.40	1.45	1.40	1.45	479419.00
1982-08-24	1.46	1.54	1.46	1.54	384750.00
1982-08-25	1.55	1.68	1.55	1.68	260213.00
1982-08-26	1.68	1.70	1.65	1.66	385763.00
1982-08-27	1.66	1.67	1.58	1.61	61763.00
1982-08-30	1.61	1.62	1.56	1.58	56700.00
1982-08-31	1.61	1.66	1.61	1.66	157950.00
1982-09-01	1.66	1.67	1.63	1.65	263250.00
1982-09-02	1.65	1.66	1.61	1.65	80494.00
1982-09-03	1.65	1.71	1.65	1.71	293119.00
1982-09-07	1.71	1.72	1.70	1.72	1171463.00
1982-09-08	1.72	1.73	1.70	1.72	130613.00
1982-09-09	1.72	1.74	1.71	1.71	117956.00
1982-09-10	1.71	1.74	1.70	1.70	736594.00
1982-09-13	1.70	1.75	1.70	1.75	313369.00
1982-09-14	1.79	1.81	1.79	1.79	174656.00
1982-09-15	1.80	1.83	1.80	1.81	103275.00
1982-09-16	1.81	1.82	1.79	1.80	86063.00
1982-09-17	1.80	1.80	1.74	1.74	74925.00
1982-09-20	1.73	1.73	1.68	1.71	17213.00
1982-09-21	1.74	1.80	1.74	1.75	152381.00
1982-09-22	1.75	1.80	1.73	1.73	46575.00
1982-09-23	1.73	1.74	1.72	1.73	46575.00
1982-09-24	1.73	1.75	1.72	1.75	115425.00
1982-09-27	1.75	1.76	1.73	1.73	88088.00
1982-09-28	1.73	1.74	1.71	1.73	170100.00
1982-09-29	1.73	1.73	1.58	1.63	1208419.00
1982-09-30	1.63	1.66	1.59	1.62	210600.00
1982-10-01	1.64	1.67	1.64	1.66	56700.00
1982-10-04	1.66	1.68	1.63	1.65	137194.00
1982-10-05	1.65	1.79	1.63	1.72	648506.00
1982-10-06	1.72	1.73	1.68	1.72	384244.00
1982-10-07	1.72	1.75	1.70	1.72	350325.00
1982-10-08	1.72	1.77	1.72	1.77	633825.00
1982-10-11	1.77	1.81	1.76	1.79	122006.00
1982-10-12	1.80	1.86	1.80	1.86	234394.00
1982-10-13	1.86	1.97	1.85	1.89	422213.00
1982-10-14	1.89	1.96	1.86	1.86	189844.00
1982-10-15	1.86	1.89	1.81	1.85	57713.00
1982-10-18	1.85	1.90	1.85	1.90	140231.00
1982-10-19	1.90	1.98	1.88	1.91	170100.00
1982-10-20	1.90	1.90	1.82	1.90	427275.00
1982-10-21	1.90	1.97	1.88	1.92	421706.00
1982-10-22	1.92	1.93	1.86	1.89	63281.00
1982-10-25	1.89	1.90	1.83	1.85	218700.00
1982-10-26	1.83	1.83	1.77	1.79	213131.00
1982-10-27	1.80	1.82	1.80	1.81	105806.00
1982-10-28	1.81	1.84	1.77	1.79	122006.00
1982-10-29	1.79	1.80	1.74	1.76	90113.00
1982-11-01	1.76	1.77	1.75	1.76	198956.00
1982-11-02	1.76	1.80	1.76	1.79	249075.00
1982-11-03	1.79	1.90	1.77	1.90	228319.00
1982-11-04	2.00	2.06	2.00	2.01	975544.00
1982-11-05	2.01	2.06	2.01	2.03	484481.00
1982-11-08	2.03	2.03	1.99	1.99	134663.00
1982-11-09	1.99	2.07	1.99	2.07	308306.00
1982-11-10	2.07	2.11	2.00	2.00	666225.00
1982-11-11	2.00	2.02	1.97	1.99	113906.00
1982-11-12	2.00	2.03	2.00	2.02	139219.00
1982-11-15	2.02	2.02	1.93	1.97	102769.00
1982-11-16	1.96	1.96	1.90	1.96	104288.00
1982-11-17	1.96	2.10	1.94	2.03	355388.00
1982-11-18	2.03	2.03	1.97	2.03	176175.00
1982-11-19	2.03	2.03	2.02	2.02	109856.00
1982-11-22	2.02	2.02	2.00	2.02	140231.00
1982-11-23	2.02	2.02	1.94	1.94	96694.00
1982-11-24	1.94	1.99	1.94	1.97	145294.00
1982-11-26	1.97	1.98	1.93	1.93	151875.00
1982-11-29	1.93	1.99	1.92	1.99	80494.00
1982-11-30	1.99	2.10	1.98	2.10	181744.00
1982-12-01	2.10	2.15	2.01	2.02	442969.00
1982-12-02	2.02	2.05	2.01	2.01	166050.00
1982-12-03	2.01	2.03	1.99	1.99	209081.00
1982-12-06	1.99	2.01	1.96	1.97	43538.00
1982-12-07	1.97	2.01	1.96	2.01	185288.00
1982-12-08	2.01	2.01	1.99	1.99	40500.00
1982-12-09	1.99	1.99	1.92	1.92	62269.00
1982-12-10	1.92	1.94	1.88	1.90	85050.00
1982-12-13	1.90	1.90	1.86	1.86	7594.00
1982-12-14	1.86	1.86	1.82	1.83	23288.00
1982-12-15	1.81	1.81	1.75	1.75	56700.00
1982-12-16	1.75	1.81	1.74	1.81	60244.00
1982-12-17	1.81	1.81	1.77	1.80	69863.00
1982-12-20	1.80	1.80	1.76	1.79	241988.00
1982-12-21	1.79	1.89	1.79	1.86	75431.00
1982-12-22	1.88	1.91	1.88	1.91	34931.00
1982-12-23	1.91	1.93	1.90	1.90	30881.00
1982-12-27	1.92	1.94	1.92	1.93	40500.00
1982-12-28	1.93	1.96	1.90	1.90	31894.00
1982-12-29	1.90	1.93	1.90	1.90	8100.00
1982-12-30	1.90	1.93	1.90	1.90	35438.00
1982-12-31	1.90	1.93	1.88	1.93	42525.00
1983-01-03	1.92	1.92	1.86	1.86	32400.00
1983-01-04	1.86	1.88	1.83	1.86	194906.00
1983-01-05	1.90	1.92	1.90	1.90	437906.00
1983-01-06	1.92	2.08	1.92	2.08	249075.00
1983-01-07	2.08	2.08	1.98	2.02	696600.00
1983-01-10	2.02	2.22	2.01	2.17	374625.00
1983-01-11	2.18	2.24	2.18	2.24	296663.00
1983-01-12	2.24	2.28	2.23	2.23	403481.00
1983-01-13	2.23	2.23	2.16	2.23	124538.00
1983-01-14	2.23	2.27	2.23	2.26	559913.00
1983-01-17	2.26	2.35	2.26	2.35	631800.00
1983-01-18	2.34	2.34	2.28	2.28	191869.00
1983-01-19	2.28	2.29	2.22	2.22	109856.00
1983-01-20	2.22	2.23	2.19	2.20	36450.00
1983-01-21	2.20	2.22	2.15	2.15	73913.00
1983-01-24	2.15	2.16	2.05	2.07	55688.00
1983-01-25	2.08	2.12	2.08	2.12	130106.00
1983-01-26	2.17	2.24	2.17	2.22	86063.00
1983-01-27	2.22	2.27	2.22	2.23	96694.00
1983-01-28	2.25	2.33	2.25	2.28	144788.00
1983-01-31	2.28	2.28	2.17	2.19	141244.00
1983-02-01	2.19	2.25	2.17	2.17	151875.00
1983-02-02	2.17	2.22	2.15	2.20	46575.00
1983-02-03	2.20	2.31	2.19	2.31	133144.00
1983-02-04	2.31	2.31	2.27	2.27	58219.00
1983-02-07	2.27	2.29	2.27	2.28	178706.00
1983-02-08	2.28	2.31	2.28	2.28	18731.00
1983-02-09	2.28	2.28	2.24	2.25	143269.00
1983-02-10	2.25	2.29	2.25	2.28	55181.00
1983-02-11	2.29	2.34	2.29	2.31	328556.00
1983-02-14	2.31	2.37	2.31	2.37	295650.00
1983-02-15	2.37	2.41	2.35	2.41	582694.00
1983-02-16	2.41	2.46	2.40	2.40	657113.00
1983-02-17	2.40	2.42	2.40	2.42	101250.00
1983-02-18	2.42	2.43	2.40	2.42	1083881.00
1983-02-22	2.42	2.43	2.41	2.41	143269.00
1983-02-23	2.41	2.45	2.41	2.45	206044.00
1983-02-24	2.45	2.46	2.44	2.45	140231.00
1983-02-25	2.45	2.48	2.41	2.44	179213.00
1983-02-28	2.43	2.43	2.38	2.42	49106.00
1983-03-01	2.42	2.45	2.41	2.44	203006.00
1983-03-02	2.42	2.42	2.36	2.41	144788.00
1983-03-03	2.41	2.44	2.37	2.42	811013.00
1983-03-04	2.44	2.51	2.44	2.50	306788.00
1983-03-07	2.49	2.49	2.42	2.44	223763.00
1983-03-08	2.44	2.51	2.44	2.48	144281.00
1983-03-09	2.49	2.53	2.49	2.53	103781.00
1983-03-10	2.53	2.58	2.53	2.57	613069.00
1983-03-11	2.55	2.55	2.52	2.55	126563.00
1983-03-14	2.53	2.53	2.48	2.51	43031.00
1983-03-15	2.51	2.52	2.48	2.49	46575.00
1983-03-16	2.49	2.51	2.49	2.51	34931.00
1983-03-17	2.50	2.50	2.44	2.46	124538.00
1983-03-18	2.46	2.48	2.40	2.41	46575.00
1983-03-21	2.41	2.41	2.24	2.24	66319.00
1983-03-22	2.29	2.35	2.29	2.35	140231.00
1983-03-23	2.37	2.44	2.37	2.44	35438.00
1983-03-24	2.44	2.49	2.43	2.46	298688.00
1983-03-25	2.46	2.48	2.43	2.43	100238.00
1983-03-28	2.43	2.44	2.41	2.42	48094.00
1983-03-29	2.42	2.46	2.40	2.44	256163.00
1983-03-30	2.44	2.45	2.41	2.41	78469.00
1983-03-31	2.43	2.45	2.43	2.45	113400.00
1983-04-04	2.45	2.48	2.42	2.44	83531.00
1983-04-05	2.44	2.45	2.43	2.44	244519.00
1983-04-06	2.44	2.44	2.38	2.44	209081.00
1983-04-07	2.44	2.45	2.43	2.45	66319.00
1983-04-08	2.46	2.53	2.46	2.51	274388.00
1983-04-11	2.53	2.59	2.53	2.58	179719.00
1983-04-12	2.58	2.64	2.58	2.63	181744.00
1983-04-13	2.64	2.69	2.64	2.66	208069.00
1983-04-14	2.66	2.70	2.64	2.68	297675.00
1983-04-15	2.68	2.70	2.62	2.62	231863.00
1983-04-18	2.62	2.62	2.60	2.60	145800.00
1983-04-19	2.60	2.60	2.59	2.59	24300.00
1983-04-20	2.59	2.61	2.58	2.61	377156.00
1983-04-21	2.61	2.62	2.58	2.59	219206.00
1983-04-22	2.59	2.59	2.53	2.53	32400.00
1983-04-25	2.53	2.57	2.53	2.55	61256.00
1983-04-26	2.53	2.53	2.48	2.52	78469.00
1983-04-27	2.52	2.52	2.43	2.44	118463.00
1983-04-28	2.44	2.48	2.42	2.46	95681.00
1983-04-29	2.46	2.50	2.45	2.49	35944.00
1983-05-02	2.49	2.49	2.41	2.42	63788.00
1983-05-03	2.41	2.41	2.35	2.35	411075.00
1983-05-04	2.35	2.42	2.35	2.40	312356.00
1983-05-05	2.40	2.42	2.37	2.40	541688.00
1983-05-06	2.40	2.49	2.37	2.49	263756.00
1983-05-09	2.49	2.52	2.49	2.50	129094.00
1983-05-10	2.50	2.54	2.50	2.52	218700.00
1983-05-11	2.52	2.52	2.48	2.51	152381.00
1983-05-12	2.51	2.51	2.45	2.45	35944.00
1983-05-13	2.48	2.50	2.48	2.48	39994.00
1983-05-16	2.48	2.49	2.44	2.46	140231.00
1983-05-17	2.46	2.52	2.44	2.44	90619.00
1983-05-18	2.44	2.51	2.44	2.51	465750.00
1983-05-19	2.51	2.52	2.37	2.37	145800.00
1983-05-20	2.40	2.44	2.40	2.44	83531.00
1983-05-23	2.44	2.44	2.41	2.42	141244.00
1983-05-24	2.42	2.50	2.42	2.48	107325.00
1983-05-25	2.51	2.54	2.51	2.53	227813.00
1983-05-26	2.53	2.54	2.51	2.51	217688.00
1983-05-27	2.51	2.54	2.51	2.51	97200.00
1983-05-31	2.51	2.52	2.48	2.48	153900.00
1983-06-01	2.46	2.46	2.43	2.43	408038.00
1983-06-02	2.43	2.45	2.43	2.44	110869.00
1983-06-03	2.43	2.43	2.41	2.41	245531.00
1983-06-06	2.41	2.42	2.35	2.40	1067175.00
1983-06-07	2.40	2.40	2.34	2.35	105806.00
1983-06-08	2.35	2.37	2.22	2.27	178200.00
1983-06-09	2.27	2.38	2.27	2.34	266794.00
1983-06-10	2.35	2.40	2.35	2.40	112894.00
1983-06-13	2.40	2.48	2.40	2.48	136688.00
1983-06-14	2.48	2.49	2.45	2.46	169594.00
1983-06-15	2.46	2.49	2.44	2.45	392850.00
1983-06-16	2.50	2.55	2.50	2.55	421706.00
1983-06-17	2.60	2.71	2.60	2.71	611550.00
1983-06-20	2.71	2.72	2.69	2.72	146306.00
1983-06-21	2.72	2.72	2.66	2.71	237431.00
1983-06-22	2.71	2.74	2.68	2.71	174656.00
1983-06-23	2.71	2.74	2.68	2.70	146813.00
1983-06-24	2.70	2.71	2.68	2.70	67331.00
1983-06-27	2.70	2.71	2.63	2.66	35438.00
1983-06-28	2.66	2.69	2.64	2.67	78469.00
1983-06-29	2.67	2.68	2.66	2.67	19238.00
1983-06-30	2.67	2.71	2.66	2.70	111375.00
1983-07-01	2.70	2.72	2.67	2.70	56700.00
1983-07-05	2.69	2.69	2.62	2.62	132638.00
1983-07-06	2.62	2.64	2.60	2.63	96694.00
1983-07-07	2.66	2.72	2.66	2.71	112894.00
1983-07-08	2.71	2.71	2.66	2.66	25819.00
1983-07-11	2.68	2.69	2.68	2.69	47588.00
1983-07-12	2.69	2.71	2.67	2.67	82519.00
1983-07-13	2.67	2.71	2.66	2.71	133650.00
1983-07-14	2.71	2.71	2.68	2.70	21769.00
1983-07-15	2.69	2.69	2.64	2.64	133144.00
1983-07-18	2.64	2.66	2.60	2.66	22781.00
1983-07-19	2.66	2.67	2.58	2.59	49106.00
1983-07-20	2.59	2.64	2.57	2.62	68850.00
1983-07-21	2.63	2.68	2.63	2.68	42019.00
1983-07-22	2.68	2.69	2.64	2.67	52144.00
1983-07-25	2.67	2.71	2.67	2.69	375131.00
1983-07-26	2.69	2.79	2.69	2.79	205031.00
1983-07-27	2.79	2.88	2.77	2.80	659138.00
1983-07-28	2.80	2.84	2.77	2.77	505238.00
1983-07-29	2.77	2.78	2.74	2.74	29363.00
1983-08-01	2.70	2.70	2.57	2.59	49613.00
1983-08-02	2.59	2.62	2.57	2.60	53156.00
1983-08-03	2.60	2.62	2.58	2.61	15188.00
1983-08-04	2.61	2.61	2.59	2.59	71381.00
1983-08-05	2.57	2.57	2.53	2.53	211106.00
1983-08-08	2.51	2.51	2.49	2.51	106819.00
1983-08-09	2.50	2.50	2.44	2.49	519413.00
1983-08-10	2.49	2.51	2.45	2.50	111375.00
1983-08-11	2.49	2.49	2.42	2.42	55181.00
1983-08-12	2.42	2.44	2.41	2.43	24300.00
1983-08-15	2.44	2.50	2.44	2.49	145800.00
1983-08-16	2.49	2.49	2.45	2.49	40500.00
1983-08-17	2.49	2.50	2.45	2.50	302231.00
1983-08-18	2.50	2.50	2.50	2.50	65306.00
1983-08-19	2.50	2.52	2.50	2.52	98213.00
1983-08-22	2.52	2.52	2.50	2.50	46575.00
1983-08-23	2.49	2.49	2.44	2.45	184275.00
1983-08-24	2.45	2.52	2.44	2.51	29363.00
1983-08-25	2.51	2.52	2.46	2.52	55688.00
1983-08-26	2.52	2.52	2.49	2.52	23288.00
1983-08-29	2.49	2.49	2.48	2.48	5569.00
1983-08-30	2.48	2.50	2.44	2.45	373106.00
1983-08-31	2.45	2.52	2.44	2.50	42525.00
1983-09-01	2.50	2.55	2.50	2.55	29869.00
1983-09-02	2.55	2.57	2.53	2.54	21769.00
1983-09-06	2.57	2.66	2.57	2.66	229331.00
1983-09-07	2.66	2.71	2.63	2.68	500681.00
1983-09-08	2.69	2.72	2.69	2.71	300206.00
1983-09-09	2.71	2.76	2.71	2.72	468281.00
1983-09-12	2.72	2.75	2.64	2.64	196425.00
1983-09-13	2.64	2.66	2.63	2.66	23794.00
1983-09-14	2.66	2.66	2.62	2.64	33919.00
1983-09-15	2.67	2.72	2.67	2.72	125044.00
1983-09-16	2.72	2.72	2.69	2.72	24806.00
1983-09-19	2.72	2.76	2.71	2.76	176681.00
1983-09-20	2.76	2.79	2.74	2.76	366019.00
1983-09-21	2.76	2.83	2.74	2.78	223256.00
1983-09-22	2.78	2.81	2.75	2.76	168581.00
1983-09-23	2.75	2.75	2.70	2.75	27338.00
1983-09-26	2.75	2.75	2.67	2.74	145294.00
1983-09-27	2.74	2.74	2.62	2.67	453600.00
1983-09-28	2.67	2.69	2.60	2.60	93150.00
1983-09-29	2.60	2.64	2.59	2.60	58219.00
1983-09-30	2.60	2.63	2.59	2.63	93656.00
1983-10-03	2.63	2.63	2.61	2.62	45563.00
1983-10-04	2.62	2.64	2.62	2.63	17719.00
1983-10-05	2.63	2.63	2.61	2.63	449550.00
1983-10-06	2.63	2.69	2.59	2.61	52144.00
1983-10-07	2.62	2.71	2.62	2.71	951244.00
1983-10-10	2.71	2.71	2.69	2.71	29363.00
1983-10-11	2.71	2.76	2.61	2.66	231863.00
1983-10-12	2.66	2.68	2.62	2.67	182250.00
1983-10-13	2.67	2.68	2.58	2.58	99731.00
1983-10-14	2.58	2.67	2.57	2.67	187819.00
1983-10-17	2.67	2.68	2.64	2.66	54169.00
1983-10-18	2.67	2.71	2.67	2.70	359438.00
1983-10-19	2.70	2.70	2.64	2.67	35944.00
1983-10-20	2.67	2.69	2.67	2.69	163519.00
1983-10-21	2.69	2.71	2.68	2.69	411075.00
1983-10-24	2.69	2.71	2.67	2.67	25313.00
1983-10-25	2.67	2.69	2.63	2.69	65813.00
1983-10-26	2.71	2.77	2.71	2.75	496631.00
1983-10-27	2.75	2.75	2.69	2.71	137700.00
1983-10-28	2.71	2.76	2.70	2.76	55181.00
1983-10-31	2.76	2.78	2.74	2.77	254138.00
1983-11-01	2.77	2.79	2.76	2.79	148838.00
1983-11-02	2.79	2.84	2.78	2.83	402975.00
1983-11-03	2.80	2.80	2.77	2.80	135675.00
1983-11-04	2.80	2.80	2.76	2.78	101756.00
1983-11-07	2.78	2.79	2.75	2.76	410063.00
1983-11-08	2.76	2.77	2.76	2.76	128588.00
1983-11-09	2.76	2.80	2.76	2.80	91631.00
1983-11-10	2.80	2.81	2.78	2.80	60244.00
1983-11-11	2.80	2.83	2.78	2.78	63788.00
1983-11-14	2.78	2.80	2.74	2.80	129600.00
1983-11-15	2.80	2.83	2.79	2.83	194906.00
1983-11-16	2.83	2.84	2.80	2.81	90619.00
1983-11-17	2.81	2.85	2.80	2.85	72900.00
1983-11-18	2.85	2.86	2.80	2.86	217181.00
1983-11-21	2.86	2.86	2.84	2.85	74925.00
1983-11-22	2.85	2.98	2.85	2.98	323494.00
1983-11-23	2.98	3.09	2.98	3.07	754819.00
1983-11-25	3.07	3.22	3.07	3.18	486506.00
1983-11-28	3.18	3.35	3.18	3.26	1048444.00
1983-11-29	3.22	3.22	3.14	3.18	262744.00
1983-11-30	3.18	3.26	3.16	3.23	817088.00
1983-12-01	3.23	3.24	3.22	3.23	93656.00
1983-12-02	3.23	3.24	3.21	3.24	305269.00
1983-12-05	3.22	3.22	3.18	3.19	122513.00
1983-12-06	3.19	3.24	3.19	3.20	872775.00
1983-12-07	3.20	3.24	3.20	3.23	703688.00
1983-12-08	3.23	3.23	3.20	3.20	342731.00
1983-12-09	3.20	3.23	3.18	3.19	226294.00
1983-12-12	3.19	3.23	3.19	3.21	891506.00
1983-12-13	3.21	3.22	3.16	3.16	795319.00
1983-12-14	3.16	3.18	3.13	3.13	171619.00
1983-12-15	3.12	3.12	3.07	3.07	203006.00
1983-12-16	3.07	3.07	3.00	3.02	61256.00
1983-12-19	3.02	3.06	3.01	3.05	137194.00
1983-12-20	3.05	3.11	3.02	3.03	435375.00
1983-12-21	3.03	3.06	2.98	2.98	1064644.00
1983-12-22	3.01	3.07	3.01	3.07	250088.00
1983-12-23	3.05	3.05	3.03	3.05	168075.00
1983-12-27	3.05	3.07	3.03	3.05	196931.00
1983-12-28	3.07	3.12	3.07	3.12	239963.00
1983-12-29	3.12	3.16	3.12	3.15	231863.00
1983-12-30	3.18	3.24	3.18	3.22	154913.00
1984-01-03	3.22	3.23	3.12	3.14	480431.00
1984-01-04	3.14	3.24	3.12	3.23	127069.00
1984-01-05	3.23	3.32	3.23	3.27	257681.00
1984-01-06	3.27	3.31	3.27	3.31	423225.00
1984-01-09	3.31	3.32	3.30	3.30	352856.00
1984-01-10	3.30	3.32	3.29	3.31	189844.00
1984-01-11	3.29	3.29	3.22	3.29	114413.00
1984-01-12	3.29	3.31	3.28	3.31	118463.00
1984-01-13	3.28	3.28	3.19	3.21	95681.00
1984-01-16	3.21	3.23	3.18	3.21	164025.00
1984-01-17	3.21	3.23	3.13	3.16	317419.00
1984-01-18	3.16	3.26	3.15	3.24	792788.00
1984-01-19	3.24	3.28	3.22	3.22	294131.00
1984-01-20	3.22	3.24	3.14	3.16	282488.00
1984-01-23	3.15	3.15	3.13	3.13	45563.00
1984-01-24	3.13	3.14	3.06	3.10	243000.00
1984-01-25	3.10	3.12	3.05	3.05	78469.00
1984-01-26	3.04	3.04	2.94	2.94	171619.00
1984-01-27	2.94	2.97	2.89	2.92	272869.00
1984-01-30	2.92	2.98	2.80	2.80	298181.00
1984-01-31	2.80	2.85	2.80	2.85	174656.00
1984-02-01	2.85	2.90	2.85	2.88	278944.00
1984-02-02	2.88	2.93	2.87	2.93	343744.00
1984-02-03	2.93	2.98	2.92	2.94	225788.00
1984-02-06	2.92	2.92	2.86	2.86	283500.00
1984-02-07	2.86	2.89	2.76	2.80	125044.00
1984-02-08	2.80	2.85	2.79	2.80	73913.00
1984-02-09	2.80	2.80	2.77	2.79	231356.00
1984-02-10	2.79	2.81	2.78	2.80	521438.00
1984-02-13	2.80	2.83	2.78	2.83	134663.00
1984-02-14	2.83	2.83	2.78	2.80	148331.00
1984-02-15	2.80	2.87	2.80	2.85	87075.00
1984-02-16	2.85	2.88	2.81	2.81	190856.00
1984-02-17	2.81	2.84	2.80	2.80	151369.00
1984-02-21	2.80	2.83	2.79	2.79	43031.00
1984-02-22	2.79	2.84	2.79	2.80	111375.00
1984-02-23	2.80	2.83	2.69	2.69	99731.00
1984-02-24	2.69	2.78	2.69	2.75	64800.00
1984-02-27	2.75	2.80	2.74	2.80	346275.00
1984-02-28	2.80	2.83	2.77	2.79	100238.00
1984-02-29	2.79	2.79	2.76	2.79	16200.00
1984-03-01	2.78	2.78	2.78	2.78	7594.00
1984-03-02	2.78	2.78	2.75	2.77	46575.00
1984-03-05	2.77	2.77	2.74	2.77	7594.00
1984-03-06	2.76	2.76	2.74	2.76	35944.00
1984-03-07	2.76	2.76	2.67	2.68	435881.00
1984-03-08	2.68	2.69	2.60	2.60	214144.00
1984-03-09	2.60	2.62	2.59	2.59	378675.00
1984-03-12	2.61	2.71	2.61	2.71	112894.00
1984-03-13	2.74	2.83	2.74	2.79	254138.00
1984-03-14	2.79	2.80	2.76	2.76	47588.00
1984-03-15	2.76	2.84	2.76	2.80	70369.00
1984-03-16	2.87	2.96	2.87	2.94	190856.00
1984-03-19	2.94	2.96	2.90	2.94	149344.00
1984-03-20	2.94	2.98	2.92	2.98	82519.00
1984-03-21	2.98	2.98	2.89	2.89	210094.00
1984-03-22	2.89	2.90	2.85	2.85	207056.00
1984-03-23	2.85	2.85	2.75	2.76	71381.00
1984-03-26	2.76	2.78	2.74	2.78	476888.00
1984-03-27	2.78	2.89	2.78	2.89	78975.00
1984-03-28	2.92	3.03	2.92	3.03	494100.00
1984-03-29	3.03	3.06	3.03	3.06	595350.00
1984-03-30	3.05	3.05	3.02	3.03	99731.00
1984-04-02	3.03	3.05	3.01	3.01	114413.00
1984-04-03	3.01	3.10	3.01	3.07	719381.00
1984-04-04	3.07	3.14	3.07	3.13	51131.00
1984-04-05	3.13	3.15	3.12	3.13	411581.00
1984-04-06	3.13	3.13	3.10	3.11	377156.00
1984-04-09	3.11	3.13	3.09	3.12	85050.00
1984-04-10	3.12	3.12	3.11	3.11	76950.00
1984-04-11	3.11	3.11	3.10	3.10	168075.00
1984-04-12	3.10	3.13	3.10	3.13	224775.00
1984-04-13	3.13	3.13	3.10	3.10	252619.00
1984-04-16	3.10	3.16	3.07	3.16	274894.00
1984-04-17	3.16	3.16	3.12	3.15	518906.00
1984-04-18	3.15	3.19	3.14	3.19	45563.00
1984-04-19	3.19	3.23	3.19	3.23	68344.00
1984-04-23	3.23	3.23	3.14	3.14	255150.00
1984-04-24	3.16	3.18	3.16	3.18	206550.00
1984-04-25	3.18	3.18	3.12	3.12	96188.00
1984-04-26	3.13	3.14	3.13	3.13	115931.00
1984-04-27	3.13	3.18	3.12	3.18	191869.00
1984-04-30	3.18	3.22	3.15	3.20	183769.00
1984-05-01	3.20	3.23	3.18	3.22	103781.00
1984-05-02	3.22	3.26	3.22	3.26	157444.00
1984-05-03	3.26	3.26	3.14	3.19	261731.00
1984-05-04	3.16	3.16	3.12	3.13	279450.00
1984-05-07	3.11	3.11	3.05	3.07	117956.00
1984-05-08	3.07	3.07	3.03	3.03	841894.00
1984-05-09	3.03	3.03	2.96	2.98	227306.00
1984-05-10	2.97	2.97	2.95	2.96	244519.00
1984-05-11	2.96	2.98	2.96	2.98	21263.00
1984-05-14	2.98	2.98	2.89	2.89	247050.00
1984-05-15	2.89	2.92	2.87	2.87	225788.00
1984-05-16	2.87	2.93	2.86	2.90	306788.00
1984-05-17	2.90	2.96	2.90	2.94	331088.00
1984-05-18	2.94	2.94	2.89	2.90	13669.00
1984-05-21	2.90	2.90	2.78	2.78	142256.00
1984-05-22	2.76	2.76	2.66	2.66	335138.00
1984-05-23	2.66	2.74	2.66	2.71	107831.00
1984-05-24	2.69	2.69	2.62	2.64	155925.00
1984-05-25	2.64	2.66	2.60	2.60	293119.00
1984-05-29	2.62	2.64	2.62	2.63	185794.00
1984-05-30	2.63	2.63	2.61	2.62	24300.00
1984-05-31	2.63	2.71	2.63	2.71	225281.00
1984-06-01	2.71	2.77	2.71	2.77	31388.00
1984-06-04	2.80	2.86	2.80	2.81	116944.00
1984-06-05	2.81	2.86	2.80	2.84	63788.00
1984-06-06	2.84	2.84	2.80	2.83	40500.00
1984-06-07	2.84	2.89	2.84	2.89	40500.00
1984-06-08	2.89	2.89	2.84	2.84	15694.00
1984-06-11	2.84	2.86	2.76	2.76	46069.00
1984-06-12	2.76	2.77	2.74	2.76	29869.00
1984-06-13	2.76	2.76	2.67	2.69	237938.00
1984-06-14	2.69	2.69	2.64	2.67	385763.00
1984-06-15	2.67	2.68	2.66	2.67	60750.00
1984-06-18	2.67	2.75	2.64	2.75	184275.00
1984-06-19	2.77	2.80	2.77	2.80	41006.00
1984-06-20	2.77	2.77	2.74	2.74	84544.00
1984-06-21	2.71	2.71	2.67	2.68	487519.00
1984-06-22	2.68	2.74	2.67	2.74	215156.00
1984-06-25	2.74	2.78	2.71	2.71	245531.00
1984-06-26	2.71	2.75	2.71	2.71	138713.00
1984-06-27	2.71	2.71	2.67	2.69	376650.00
1984-06-28	2.69	2.70	2.68	2.70	76950.00
1984-06-29	2.70	2.72	2.67	2.72	317925.00
1984-07-02	2.70	2.70	2.69	2.69	21769.00
1984-07-03	2.69	2.70	2.64	2.64	532575.00
1984-07-05	2.64	2.66	2.63	2.63	278944.00
1984-07-06	2.63	2.64	2.62	2.62	200981.00
1984-07-09	2.62	2.62	2.55	2.55	254138.00
1984-07-10	2.53	2.53	2.49	2.53	406013.00
1984-07-11	2.53	2.53	2.45	2.45	139725.00
1984-07-12	2.45	2.49	2.45	2.48	65306.00
1984-07-13	2.48	2.49	2.48	2.48	14175.00
1984-07-16	2.48	2.49	2.28	2.28	227306.00
1984-07-17	2.28	2.40	2.28	2.37	640406.00
1984-07-18	2.37	2.44	2.37	2.37	131119.00
1984-07-19	2.37	2.40	2.34	2.36	138713.00
1984-07-20	2.36	2.38	2.34	2.34	205031.00
1984-07-23	2.34	2.42	2.34	2.40	84038.00
1984-07-24	2.40	2.41	2.38	2.38	72394.00
1984-07-25	2.38	2.41	2.37	2.41	153394.00
1984-07-26	2.41	2.41	2.37	2.40	256163.00
1984-07-27	2.40	2.45	2.40	2.45	63788.00
1984-07-30	2.48	2.50	2.48	2.49	13163.00
1984-07-31	2.49	2.52	2.48	2.50	107831.00
1984-08-01	2.50	2.52	2.46	2.49	184275.00
1984-08-02	2.50	2.67	2.50	2.66	698119.00
1984-08-03	2.70	2.89	2.70	2.89	658125.00
1984-08-06	2.89	2.89	2.75	2.75	245025.00
1984-08-07	2.72	2.72	2.69	2.72	534094.00
1984-08-08	2.72	2.75	2.67	2.69	94669.00
1984-08-09	2.69	2.74	2.66	2.71	144788.00
1984-08-10	2.72	2.80	2.72	2.75	279450.00
1984-08-13	2.75	2.79	2.72	2.79	298688.00
1984-08-14	2.80	2.85	2.80	2.84	337163.00
1984-08-15	2.84	2.86	2.83	2.84	448538.00
1984-08-16	2.84	2.86	2.80	2.84	146813.00
1984-08-17	2.87	2.96	2.87	2.95	256163.00
1984-08-20	2.95	2.97	2.92	2.97	197944.00
1984-08-21	3.02	3.10	3.02	3.10	517894.00
1984-08-22	3.12	3.19	3.12	3.14	609525.00
1984-08-23	3.14	3.14	3.10	3.13	438413.00
1984-08-24	3.13	3.14	3.12	3.14	298181.00
1984-08-27	3.12	3.12	3.05	3.07	91125.00
1984-08-28	3.07	3.10	3.03	3.07	152381.00
1984-08-29	3.07	3.10	3.04	3.04	240469.00
1984-08-30	3.04	3.06	2.96	2.96	96694.00
1984-08-31	2.96	3.01	2.96	3.01	71888.00
1984-09-04	3.01	3.03	3.00	3.02	304763.00
1984-09-05	3.01	3.01	2.95	2.98	173138.00
1984-09-06	2.98	3.01	2.96	2.97	348806.00
1984-09-07	2.97	2.97	2.96	2.96	118969.00
1984-09-10	2.96	2.97	2.94	2.95	59231.00
1984-09-11	2.95	2.97	2.88	2.88	194400.00
1984-09-12	2.88	2.89	2.88	2.89	63788.00
1984-09-13	2.89	2.92	2.84	2.85	404494.00
1984-09-14	2.87	2.96	2.87	2.95	455119.00
1984-09-17	2.95	2.96	2.90	2.93	81506.00
1984-09-18	2.95	3.03	2.95	3.03	554850.00
1984-09-19	3.03	3.07	3.00	3.00	90619.00
1984-09-20	3.00	3.04	3.00	3.00	429806.00
1984-09-21	3.00	3.02	3.00	3.00	110869.00
1984-09-24	3.00	3.02	2.96	2.97	136688.00
1984-09-25	2.97	2.98	2.95	2.97	169594.00
1984-09-26	2.97	3.00	2.97	3.00	30375.00
1984-09-27	2.98	2.98	2.96	2.96	47588.00
1984-09-28	2.96	2.98	2.95	2.96	229331.00
1984-10-01	2.96	2.96	2.93	2.93	66825.00
1984-10-02	2.93	2.94	2.83	2.83	64294.00
1984-10-03	2.83	2.84	2.78	2.84	40500.00
1984-10-04	2.83	2.83	2.79	2.81	59231.00
1984-10-05	2.80	2.80	2.71	2.75	187313.00
1984-10-08	2.75	2.75	2.71	2.71	267806.00
1984-10-09	2.71	2.74	2.71	2.71	44044.00
1984-10-10	2.70	2.70	2.62	2.66	107831.00
1984-10-11	2.66	2.66	2.60	2.62	236419.00
1984-10-12	2.62	2.71	2.62	2.70	143269.00
1984-10-15	2.71	2.75	2.71	2.74	117956.00
1984-10-16	2.76	2.81	2.76	2.76	353869.00
1984-10-17	2.78	2.80	2.78	2.78	64800.00
1984-10-18	2.79	2.84	2.79	2.84	191869.00
1984-10-19	2.85	2.96	2.85	2.93	445500.00
1984-10-22	2.93	2.97	2.92	2.96	1269675.00
1984-10-23	2.96	3.01	2.94	2.98	188831.00
1984-10-24	2.98	2.98	2.94	2.94	116944.00
1984-10-25	2.94	3.00	2.93	2.93	144281.00
1984-10-26	2.93	2.96	2.90	2.96	19744.00
1984-10-29	2.96	2.98	2.95	2.98	118969.00
1984-10-30	2.98	2.98	2.92	2.92	221738.00
1984-10-31	2.92	2.94	2.90	2.94	402975.00
1984-11-01	2.96	2.97	2.96	2.97	16200.00
1984-11-02	2.98	3.01	2.98	3.01	333113.00
1984-11-05	3.02	3.06	3.02	3.06	102769.00
1984-11-06	3.07	3.12	3.07	3.12	488025.00
1984-11-07	3.11	3.11	3.07	3.09	144788.00
1984-11-08	3.09	3.14	3.09	3.13	340200.00
1984-11-09	3.13	3.14	3.11	3.11	166556.00
1984-11-12	3.09	3.09	3.06	3.09	32906.00
1984-11-13	3.09	3.11	3.05	3.05	169594.00
1984-11-14	3.04	3.04	3.02	3.02	74419.00
1984-11-15	3.02	3.04	2.98	3.04	63788.00
1984-11-16	3.04	3.05	3.03	3.05	19744.00
1984-11-19	3.03	3.03	2.95	2.95	153900.00
1984-11-20	2.94	2.94	2.90	2.92	66319.00
1984-11-21	2.92	2.95	2.92	2.95	31894.00
1984-11-23	2.95	2.98	2.95	2.98	115425.00
1984-11-26	2.98	3.03	2.98	3.03	205538.00
1984-11-27	3.03	3.05	2.98	3.05	103781.00
1984-11-28	3.05	3.05	3.02	3.02	117956.00
1984-11-29	3.02	3.03	2.97	2.97	219206.00
1984-11-30	2.97	2.97	2.95	2.95	191869.00
1984-12-03	2.95	2.97	2.94	2.94	120994.00
1984-12-04	2.93	2.93	2.92	2.93	35944.00
1984-12-05	2.93	2.96	2.92	2.93	148838.00
1984-12-06	2.93	2.95	2.89	2.89	216675.00
1984-12-07	2.89	2.93	2.89	2.92	78975.00
1984-12-10	2.90	2.90	2.88	2.89	337669.00
1984-12-11	2.89	2.93	2.89	2.89	105806.00
1984-12-12	2.89	2.93	2.86	2.86	299194.00
1984-12-13	2.86	2.87	2.81	2.81	99225.00
1984-12-14	2.81	2.85	2.81	2.83	158963.00
1984-12-17	2.83	2.89	2.81	2.89	100744.00
1984-12-18	2.89	2.93	2.89	2.93	529031.00
1984-12-19	2.95	3.05	2.95	2.96	736594.00
1984-12-20	2.96	2.98	2.96	2.98	194906.00
1984-12-21	2.97	2.97	2.90	2.93	133650.00
1984-12-24	2.93	2.95	2.90	2.95	44550.00
1984-12-26	2.95	2.95	2.87	2.87	39488.00
1984-12-27	2.87	2.87	2.77	2.78	269325.00
1984-12-28	2.78	2.80	2.78	2.79	635850.00
1984-12-31	2.79	2.85	2.79	2.85	516375.00
1985-01-02	2.85	2.85	2.83	2.83	95681.00
1985-01-03	2.83	2.86	2.81	2.86	304763.00
1985-01-04	2.86	2.88	2.86	2.88	380700.00
1985-01-07	2.88	2.93	2.88	2.90	435375.00
1985-01-08	2.90	2.92	2.89	2.89	78975.00
1985-01-09	2.89	2.92	2.89	2.90	288563.00
1985-01-10	2.90	2.97	2.89	2.96	411581.00
1985-01-11	2.96	3.00	2.92	2.93	532575.00
1985-01-14	2.95	2.98	2.95	2.98	291600.00
1985-01-15	3.02	3.09	3.02	3.06	401963.00
1985-01-16	3.07	3.20	3.07	3.07	886444.00
1985-01-17	3.10	3.19	3.10	3.15	417150.00
1985-01-18	3.18	3.28	3.18	3.27	542194.00
1985-01-21	3.27	3.39	3.22	3.38	627750.00
1985-01-22	3.37	3.37	3.32	3.32	540675.00
1985-01-23	3.32	3.37	3.32	3.35	784181.00
1985-01-24	3.35	3.38	3.33	3.33	421200.00
1985-01-25	3.33	3.36	3.33	3.35	147319.00
1985-01-28	3.35	3.38	3.33	3.38	163013.00
1985-01-29	3.38	3.42	3.36	3.42	434363.00
1985-01-30	3.44	3.50	3.44	3.50	271856.00
1985-01-31	3.50	3.53	3.47	3.52	243000.00
1985-02-01	3.52	3.53	3.50	3.50	316913.00
1985-02-04	3.50	3.56	3.49	3.54	434363.00
1985-02-05	3.54	3.56	3.54	3.55	216169.00
1985-02-06	3.55	3.57	3.54	3.56	361463.00
1985-02-07	3.56	3.57	3.55	3.57	84544.00
1985-02-08	3.55	3.55	3.53	3.53	582694.00
1985-02-11	3.53	3.53	3.47	3.49	225281.00
1985-02-12	3.49	3.55	3.49	3.55	101756.00
1985-02-13	3.55	3.56	3.50	3.56	139219.00
1985-02-14	3.56	3.56	3.53	3.54	387788.00
1985-02-15	3.53	3.53	3.49	3.49	369563.00
1985-02-19	3.49	3.50	3.46	3.49	103781.00
1985-02-20	3.49	3.52	3.48	3.50	158963.00
1985-02-21	3.49	3.49	3.45	3.46	123019.00
1985-02-22	3.42	3.42	3.37	3.37	99731.00
1985-02-25	3.35	3.35	3.30	3.32	171113.00
1985-02-26	3.32	3.35	3.30	3.35	86063.00
1985-02-27	3.35	3.35	3.32	3.33	255150.00
1985-02-28	3.33	3.36	3.30	3.30	186806.00
1985-03-01	3.30	3.36	3.29	3.36	219713.00
1985-03-04	3.36	3.38	3.35	3.36	118969.00
1985-03-05	3.36	3.41	3.35	3.39	269325.00
1985-03-06	3.39	3.41	3.37	3.37	171113.00
1985-03-07	3.37	3.37	3.27	3.30	336150.00
1985-03-08	3.30	3.30	3.23	3.23	130106.00
1985-03-11	3.19	3.19	3.14	3.19	150356.00
1985-03-12	3.19	3.19	3.15	3.18	182756.00
1985-03-13	3.18	3.19	3.18	3.19	266794.00
1985-03-14	3.19	3.22	3.18	3.19	134663.00
1985-03-15	3.19	3.20	3.15	3.15	458156.00
1985-03-18	3.15	3.16	3.11	3.13	553331.00
1985-03-19	3.13	3.13	3.05	3.13	383738.00
1985-03-20	3.11	3.11	3.04	3.04	158456.00
1985-03-21	3.03	3.03	2.83	2.85	1830600.00
1985-03-22	2.78	2.78	2.67	2.74	2331281.00
1985-03-25	2.74	2.76	2.74	2.76	234900.00
1985-03-26	2.76	2.80	2.76	2.77	398925.00
1985-03-27	2.77	2.80	2.77	2.80	478406.00
1985-03-28	2.83	2.96	2.83	2.87	305775.00
1985-03-29	2.87	2.92	2.84	2.90	214650.00
1985-04-01	2.90	2.92	2.89	2.90	515869.00
1985-04-02	2.90	2.92	2.87	2.89	628763.00
1985-04-03	2.89	2.90	2.85	2.86	288056.00
1985-04-04	2.87	2.89	2.87	2.89	437906.00
1985-04-08	2.89	2.89	2.85	2.86	342225.00
1985-04-09	2.86	2.87	2.84	2.85	361969.00
1985-04-10	2.84	2.84	2.78	2.80	459675.00
1985-04-11	2.80	2.88	2.80	2.86	517388.00
1985-04-12	2.86	2.86	2.79	2.80	374625.00
1985-04-15	2.80	2.84	2.76	2.78	431831.00
1985-04-16	2.78	2.83	2.74	2.74	384750.00
1985-04-17	2.74	2.77	2.74	2.76	689513.00
1985-04-18	2.76	2.76	2.72	2.72	263250.00
1985-04-19	2.72	2.74	2.71	2.74	32906.00
1985-04-22	2.72	2.72	2.68	2.70	74925.00
1985-04-23	2.70	2.74	2.68	2.74	828731.00
1985-04-24	2.74	2.74	2.70	2.71	282488.00
1985-04-25	2.71	2.71	2.67	2.68	203513.00
1985-04-26	2.68	2.68	2.63	2.64	440438.00
1985-04-29	2.64	2.69	2.64	2.68	361969.00
1985-04-30	2.68	2.69	2.60	2.62	373106.00
1985-05-01	2.61	2.61	2.59	2.60	140231.00
1985-05-02	2.60	2.61	2.59	2.59	113906.00
1985-05-03	2.59	2.66	2.55	2.63	424238.00
1985-05-06	2.64	2.67	2.64	2.66	47588.00
1985-05-07	2.66	2.67	2.61	2.61	96694.00
1985-05-08	2.61	2.64	2.60	2.62	256163.00
1985-05-09	2.62	2.64	2.59	2.59	348806.00
1985-05-10	2.60	2.74	2.60	2.69	884925.00
1985-05-13	2.69	2.76	2.69	2.76	234900.00
1985-05-14	2.76	2.77	2.70	2.70	295650.00
1985-05-15	2.70	2.71	2.68	2.69	369563.00
1985-05-16	2.69	2.71	2.68	2.71	358425.00
1985-05-17	2.71	2.71	2.69	2.70	76950.00
1985-05-20	2.71	2.85	2.71	2.81	762413.00
1985-05-21	2.81	2.94	2.81	2.89	507263.00
1985-05-22	2.89	2.92	2.88	2.88	194400.00
1985-05-23	2.86	2.86	2.80	2.81	691031.00
1985-05-24	2.81	2.81	2.78	2.80	159975.00
1985-05-28	2.80	2.85	2.78	2.79	167063.00
1985-05-29	2.78	2.78	2.76	2.77	525994.00
1985-05-30	2.77	2.80	2.74	2.75	340706.00
1985-05-31	2.75	2.77	2.72	2.75	395381.00
1985-06-03	2.75	2.76	2.72	2.76	518400.00
1985-06-04	2.76	2.76	2.74	2.76	185794.00
1985-06-05	2.76	2.76	2.74	2.75	368044.00
1985-06-06	2.75	2.75	2.72	2.74	371588.00
1985-06-07	2.74	2.75	2.72	2.72	151875.00
1985-06-10	2.74	2.77	2.74	2.77	392344.00
1985-06-11	2.78	2.85	2.78	2.79	480938.00
1985-06-12	2.79	2.80	2.76	2.76	219713.00
1985-06-13	2.76	2.84	2.76	2.81	465750.00
1985-06-14	2.81	2.85	2.80	2.85	517894.00
1985-06-17	2.85	2.85	2.80	2.84	552825.00
1985-06-18	2.84	2.84	2.80	2.80	310331.00
1985-06-19	2.80	2.83	2.78	2.83	232369.00
1985-06-20	2.83	2.84	2.80	2.84	291094.00
1985-06-21	2.84	2.88	2.84	2.87	176175.00
1985-06-24	2.87	2.89	2.84	2.89	363994.00
1985-06-25	2.89	2.92	2.89	2.89	496631.00
1985-06-26	2.89	3.07	2.89	3.05	381713.00
1985-06-27	3.05	3.07	2.98	3.00	274894.00
1985-06-28	3.00	3.03	2.98	3.02	94163.00
1985-07-01	3.00	3.07	3.00	3.07	200981.00
1985-07-02	3.07	3.11	3.06	3.11	271350.00
1985-07-03	3.11	3.12	3.07	3.07	263250.00
1985-07-05	3.09	3.13	3.09	3.13	102769.00
1985-07-08	3.10	3.10	3.07	3.10	72900.00
1985-07-09	3.10	3.10	3.05	3.06	137700.00
1985-07-10	3.05	3.05	3.02	3.04	82013.00
1985-07-11	3.04	3.07	3.04	3.05	136688.00
1985-07-12	3.05	3.07	3.01	3.04	610538.00
1985-07-15	3.03	3.03	2.98	3.01	392344.00
1985-07-16	3.01	3.03	2.97	3.03	353363.00
1985-07-17	3.03	3.10	3.03	3.04	374625.00
1985-07-18	3.04	3.06	3.00	3.02	125550.00
1985-07-19	3.02	3.05	3.02	3.03	222244.00
1985-07-22	3.03	3.03	3.01	3.02	83025.00
1985-07-23	3.02	3.03	3.01	3.02	180225.00
1985-07-24	3.02	3.02	3.01	3.02	65306.00
1985-07-25	3.02	3.03	3.00	3.02	599906.00
1985-07-26	3.03	3.05	3.03	3.03	107831.00
1985-07-29	3.03	3.06	3.03	3.06	148331.00
1985-07-30	3.06	3.06	3.04	3.05	58219.00
1985-07-31	3.05	3.06	3.04	3.05	54675.00
1985-08-01	3.05	3.10	3.04	3.09	191363.00
1985-08-02	3.09	3.12	3.09	3.09	64294.00
1985-08-05	3.09	3.10	3.05	3.06	173644.00
1985-08-06	3.06	3.09	3.03	3.05	373613.00
1985-08-07	3.05	3.07	3.05	3.05	193894.00
1985-08-08	3.05	3.09	3.05	3.09	155925.00
1985-08-09	3.09	3.11	3.07	3.07	64800.00
1985-08-12	3.07	3.10	3.06	3.06	98213.00
1985-08-13	3.06	3.06	3.04	3.04	118969.00
1985-08-14	3.05	3.05	3.01	3.02	158456.00
1985-08-15	3.02	3.03	3.02	3.02	38981.00
1985-08-16	3.02	3.03	3.01	3.01	38981.00
1985-08-19	3.01	3.04	3.00	3.04	257681.00
1985-08-20	3.04	3.04	3.02	3.02	46069.00
1985-08-21	3.02	3.04	3.02	3.04	375131.00
1985-08-22	3.07	3.09	3.07	3.07	95681.00
1985-08-23	3.08	3.10	3.08	3.09	47588.00
1985-08-26	3.09	3.15	3.09	3.10	214650.00
1985-08-27	3.10	3.11	3.08	3.11	54169.00
1985-08-28	3.11	3.11	3.08	3.09	61256.00
1985-08-29	3.09	3.10	3.08	3.08	114919.00
1985-08-30	3.08	3.09	3.04	3.07	75431.00
1985-09-03	3.04	3.04	3.00	3.00	75938.00
1985-09-04	3.01	3.07	3.01	3.03	262744.00
1985-09-05	3.03	3.04	2.99	3.00	117956.00
1985-09-06	3.00	3.03	3.00	3.03	296156.00
1985-09-09	3.03	3.07	3.03	3.07	620663.00
1985-09-10	3.07	3.08	3.05	3.05	123525.00
1985-09-11	3.05	3.08	3.01	3.01	152381.00
1985-09-12	3.01	3.03	2.94	2.94	201488.00
1985-09-13	2.94	2.97	2.86	2.92	113906.00
1985-09-16	2.91	2.91	2.86	2.86	64800.00
1985-09-17	2.86	2.91	2.84	2.84	99225.00
1985-09-18	2.84	2.86	2.83	2.85	143775.00
1985-09-19	2.86	2.91	2.86	2.91	61763.00
1985-09-20	2.91	2.94	2.88	2.94	106313.00
1985-09-23	2.96	3.03	2.96	3.03	251100.00
1985-09-24	3.03	3.05	2.99	3.03	84544.00
1985-09-25	3.01	3.01	3.00	3.01	24300.00
1985-09-26	3.01	3.05	2.96	3.00	118969.00
1985-09-30	3.00	3.03	2.97	2.99	106313.00
1985-10-01	3.00	3.02	3.00	3.01	65306.00
1985-10-02	3.01	3.04	3.01	3.01	68344.00
1985-10-03	3.01	3.04	2.99	3.01	71381.00
1985-10-04	3.01	3.02	2.96	2.96	128588.00
1985-10-07	2.96	2.97	2.92	2.92	75431.00
1985-10-08	2.91	2.91	2.85	2.87	23794.00
1985-10-09	2.90	2.92	2.90	2.92	14175.00
1985-10-10	2.92	2.92	2.90	2.90	100238.00
1985-10-11	2.90	2.93	2.90	2.93	173138.00
1985-10-14	2.93	2.93	2.90	2.91	66319.00
1985-10-15	2.92	2.96	2.92	2.94	102769.00
1985-10-16	2.94	2.95	2.93	2.94	88088.00
1985-10-17	2.94	3.01	2.93	2.93	103781.00
1985-10-18	2.93	2.97	2.92	2.95	88594.00
1985-10-21	2.95	2.99	2.95	2.95	112894.00
1985-10-22	2.95	2.99	2.94	2.96	137700.00
1985-10-23	2.96	2.99	2.96	2.96	223256.00
1985-10-24	2.96	3.01	2.94	2.94	356400.00
1985-10-25	2.94	2.96	2.90	2.92	226294.00
1985-10-28	2.92	2.93	2.87	2.87	111881.00
1985-10-29	2.87	2.90	2.86	2.86	199969.00
1985-10-30	2.86	2.90	2.85	2.87	203006.00
1985-10-31	2.88	2.91	2.88	2.88	112894.00
1985-11-01	2.90	2.92	2.90	2.92	360450.00
1985-11-04	2.91	2.91	2.85	2.85	330075.00
1985-11-05	2.85	2.87	2.85	2.86	40500.00
1985-11-06	2.86	2.88	2.86	2.87	137700.00
1985-11-07	2.91	2.94	2.91	2.92	1077806.00
1985-11-08	2.93	3.00	2.93	3.00	269831.00
1985-11-11	3.01	3.05	3.01	3.03	129600.00
1985-11-12	3.05	3.09	3.05	3.08	139219.00
1985-11-13	3.07	3.07	3.02	3.05	653569.00
1985-11-14	3.08	3.08	3.05	3.06	257175.00
1985-11-15	3.06	3.08	3.05	3.08	295144.00
1985-11-18	3.08	3.09	3.06	3.08	73406.00
1985-11-19	3.09	3.20	3.09	3.20	532575.00
1985-11-20	3.20	3.24	3.20	3.21	258694.00
1985-11-21	3.21	3.28	3.18	3.26	257681.00
1985-11-22	3.29	3.33	3.29	3.30	243000.00
1985-11-25	3.30	3.30	2.97	3.22	333619.00
1985-11-26	3.22	3.24	3.18	3.24	100744.00
1985-11-27	3.24	3.28	3.23	3.26	297675.00
1985-11-29	3.26	3.31	3.26	3.31	149850.00
1985-12-02	3.31	3.31	3.28	3.28	37463.00
1985-12-03	3.28	3.30	3.28	3.30	254644.00
1985-12-04	3.31	3.38	3.31	3.32	903150.00
1985-12-05	3.32	3.36	3.28	3.36	375638.00
1985-12-06	3.34	3.34	3.31	3.32	242494.00
1985-12-09	3.34	3.40	3.34	3.37	320456.00
1985-12-10	3.37	3.41	3.36	3.40	240469.00
1985-12-11	3.40	3.52	3.38	3.47	300713.00
1985-12-12	3.47	3.52	3.45	3.45	180225.00
1985-12-13	3.44	3.44	3.38	3.38	365006.00
1985-12-16	3.38	3.40	3.38	3.39	221231.00
1985-12-17	3.39	3.40	3.34	3.38	248063.00
1985-12-18	3.38	3.44	3.34	3.41	314888.00
1985-12-19	3.41	3.45	3.41	3.41	174150.00
1985-12-20	3.41	3.59	3.41	3.59	462206.00
1985-12-23	3.56	3.56	3.49	3.53	196931.00
1985-12-24	3.53	3.56	3.48	3.48	207056.00
1985-12-26	3.49	3.52	3.49	3.49	19744.00
1985-12-27	3.49	3.52	3.48	3.49	43538.00
1985-12-30	3.49	3.53	3.46	3.48	72394.00
1985-12-31	3.48	3.54	3.43	3.54	352856.00
1986-01-02	3.54	3.54	3.49	3.52	288563.00
1986-01-03	3.52	3.54	3.51	3.54	155925.00
1986-01-06	3.54	3.56	3.51	3.54	249581.00
1986-01-07	3.54	3.56	3.52	3.54	197944.00
1986-01-08	3.54	3.56	3.51	3.51	224269.00
1986-01-09	3.51	3.53	3.44	3.49	411581.00
1986-01-10	3.49	3.51	3.43	3.44	154406.00
1986-01-13	3.44	3.49	3.43	3.46	614588.00
1986-01-14	3.46	3.46	3.43	3.46	146813.00
1986-01-15	3.46	3.47	3.36	3.36	708750.00
1986-01-16	3.37	3.40	3.37	3.39	403988.00
1986-01-17	3.39	3.39	3.31	3.31	149850.00
1986-01-20	3.31	3.36	3.30	3.32	146306.00
1986-01-21	3.32	3.40	3.31	3.31	434869.00
1986-01-22	3.31	3.31	3.20	3.21	302231.00
1986-01-23	3.22	3.24	3.22	3.23	255656.00
1986-01-24	3.23	3.25	3.16	3.21	152381.00
1986-01-27	3.21	3.40	3.21	3.39	174150.00
1986-01-28	3.39	3.52	3.37	3.49	249075.00
1986-01-29	3.49	3.60	3.49	3.49	819113.00
1986-01-30	3.49	3.53	3.49	3.49	152888.00
1986-01-31	3.49	3.59	3.45	3.59	148838.00
1986-02-03	3.57	3.57	3.51	3.56	237431.00
1986-02-04	3.56	3.57	3.47	3.54	214144.00
1986-02-05	3.54	3.56	3.48	3.51	34931.00
1986-02-06	3.51	3.54	3.48	3.54	146813.00
1986-02-07	3.54	3.61	3.51	3.60	234900.00
1986-02-10	3.60	3.63	3.56	3.63	131119.00
1986-02-11	3.66	3.68	3.61	3.66	391838.00
1986-02-12	3.66	3.79	3.65	3.79	513844.00
1986-02-13	3.79	3.79	3.70	3.79	321469.00
1986-02-14	3.79	3.84	3.75	3.84	191363.00
1986-02-18	3.84	3.87	3.79	3.87	323494.00
1986-02-19	3.87	3.92	3.83	3.84	344756.00
1986-02-20	3.82	3.82	3.75	3.82	284006.00
1986-02-21	3.82	3.84	3.69	3.72	466256.00
1986-02-24	3.76	3.87	3.76	3.83	199969.00
1986-02-25	3.83	3.87	3.76	3.87	181238.00
1986-02-26	3.87	3.98	3.84	3.97	456638.00
1986-02-27	3.97	4.12	3.82	4.10	316913.00
1986-02-28	4.10	4.19	4.10	4.18	499669.00
1986-03-03	4.18	4.18	4.07	4.16	298181.00
1986-03-04	4.13	4.13	4.07	4.10	293625.00
1986-03-05	4.10	4.13	4.07	4.13	132131.00
1986-03-06	4.13	4.14	4.07	4.10	167063.00
1986-03-07	4.10	4.10	3.98	4.02	390319.00
1986-03-10	4.02	4.02	3.89	3.89	127069.00
1986-03-11	3.89	3.98	3.89	3.98	252619.00
1986-03-12	3.98	4.06	3.98	4.01	369056.00
1986-03-13	4.03	4.11	4.03	4.09	443981.00
1986-03-14	4.09	4.31	4.05	4.13	600413.00
1986-03-17	4.13	4.13	4.05	4.10	99225.00
1986-03-18	4.10	4.16	4.09	4.12	401963.00
1986-03-19	4.12	4.17	4.12	4.17	247556.00
1986-03-20	4.17	4.19	4.12	4.14	54169.00
1986-03-21	4.14	4.21	4.12	4.21	166050.00
1986-03-24	4.21	4.21	4.11	4.16	145294.00
1986-03-25	4.16	4.20	4.13	4.20	193388.00
1986-03-26	4.20	4.23	4.17	4.23	378169.00
1986-03-27	4.23	4.24	4.19	4.19	143775.00
1986-03-31	4.19	4.19	4.16	4.16	129600.00
1986-04-01	4.17	4.17	4.11	4.11	120488.00
1986-04-02	4.11	4.12	4.07	4.11	159975.00
1986-04-03	4.10	4.10	3.79	3.82	366019.00
1986-04-04	3.83	3.90	3.83	3.89	216675.00
1986-04-07	3.89	3.98	3.84	3.98	154406.00
1986-04-08	3.98	4.10	3.98	4.10	106313.00
1986-04-09	4.10	4.13	4.06	4.10	321469.00
1986-04-10	4.10	4.12	4.06	4.09	213131.00
1986-04-11	4.09	4.11	4.07	4.07	82519.00
1986-04-14	4.07	4.07	4.04	4.05	230850.00
1986-04-15	4.05	4.13	4.05	4.13	101250.00
1986-04-16	4.13	4.14	4.07	4.11	673313.00
1986-04-17	4.05	4.05	3.98	4.05	179719.00
1986-04-18	4.05	4.05	3.94	3.98	65813.00
1986-04-21	3.97	3.97	3.92	3.94	321975.00
1986-04-22	3.94	3.98	3.94	3.98	238950.00
1986-04-23	3.98	3.98	3.92	3.98	147319.00
1986-04-24	3.98	3.98	3.94	3.94	187313.00
1986-04-25	3.94	3.98	3.90	3.98	227306.00
1986-04-28	3.98	3.98	3.96	3.98	334631.00
1986-04-29	3.98	3.99	3.94	3.94	66319.00
1986-04-30	3.94	3.97	3.89	3.92	79481.00
1986-05-01	3.91	3.91	3.83	3.83	100238.00
1986-05-02	3.83	3.84	3.69	3.70	141244.00
1986-05-05	3.70	3.74	3.70	3.72	39994.00
1986-05-06	3.72	3.73	3.67	3.69	265275.00
1986-05-07	3.72	3.72	3.59	3.71	97200.00
1986-05-08	3.71	3.81	3.71	3.77	222244.00
1986-05-09	3.77	3.86	3.74	3.81	113906.00
1986-05-12	3.81	3.86	3.81	3.84	365006.00
1986-05-13	3.84	3.86	3.83	3.86	151369.00
1986-05-14	3.84	3.84	3.79	3.79	143775.00
1986-05-15	3.79	3.86	3.79	3.83	109856.00
1986-05-16	3.83	3.85	3.81	3.81	77456.00
1986-05-19	3.81	3.85	3.81	3.85	82519.00
1986-05-20	3.85	3.86	3.80	3.83	74925.00
1986-05-21	3.83	3.83	3.80	3.83	33919.00
1986-05-22	3.83	3.84	3.80	3.84	98213.00
1986-05-23	3.84	3.84	3.81	3.84	59231.00
1986-05-27	3.84	3.84	3.81	3.84	126056.00
1986-05-28	3.84	3.84	3.83	3.83	190856.00
1986-05-29	3.84	3.95	3.84	3.95	326025.00
1986-05-30	3.95	3.95	3.78	3.78	450563.00
1986-06-02	3.78	3.83	3.76	3.78	54169.00
1986-06-03	3.78	3.79	3.76	3.79	83531.00
1986-06-04	3.79	3.79	3.70	3.74	295650.00
1986-06-05	3.74	3.77	3.72	3.77	104288.00
1986-06-06	3.77	3.81	3.73	3.73	163013.00
1986-06-09	3.81	3.81	3.73	3.74	307463.00
1986-06-10	3.74	3.76	3.62	3.64	358088.00
1986-06-11	3.66	3.74	3.66	3.71	475875.00
1986-06-12	3.71	3.74	3.69	3.71	168413.00
1986-06-13	3.71	3.87	3.71	3.81	131963.00
1986-06-16	3.81	3.95	3.78	3.95	164700.00
1986-06-17	3.95	3.95	3.81	3.85	69863.00
1986-06-18	3.81	3.81	3.67	3.76	48938.00
1986-06-19	3.76	3.78	3.64	3.67	229838.00
1986-06-20	3.67	3.69	3.46	3.50	184275.00
1986-06-23	3.50	3.50	3.29	3.41	336150.00
1986-06-24	3.41	3.69	3.39	3.59	475200.00
1986-06-25	3.59	3.71	3.59	3.71	153225.00
1986-06-26	3.69	3.69	3.57	3.62	104625.00
1986-06-27	3.62	3.67	3.62	3.64	300038.00
1986-06-30	3.64	3.69	3.64	3.69	101925.00
1986-07-01	3.66	3.73	3.66	3.73	57375.00
1986-07-02	3.73	3.73	3.66	3.66	35438.00
1986-07-03	3.66	3.69	3.59	3.64	80663.00
1986-07-07	3.60	3.60	3.50	3.50	226463.00
1986-07-08	3.46	3.46	3.27	3.39	332100.00
1986-07-09	3.38	3.43	3.25	3.43	927450.00
1986-07-10	3.46	3.46	3.24	3.38	110700.00
1986-07-11	3.32	3.32	3.27	3.27	279113.00
1986-07-14	3.29	3.31	3.25	3.29	76950.00
1986-07-15	3.22	3.27	3.18	3.22	230175.00
1986-07-16	3.25	3.32	3.20	3.20	209250.00
1986-07-17	3.24	3.34	3.22	3.29	177525.00
1986-07-18	3.25	3.27	3.20	3.22	85725.00
1986-07-21	3.18	3.20	3.08	3.08	74925.00
1986-07-22	3.11	3.22	3.08	3.13	344588.00
1986-07-23	3.15	3.17	3.13	3.15	146813.00
1986-07-24	3.11	3.13	3.08	3.10	966600.00
1986-07-25	3.13	3.13	3.10	3.13	116438.00
1986-07-28	3.13	3.13	2.96	3.04	96188.00
1986-07-29	3.01	3.03	2.90	2.97	532575.00
1986-07-30	2.83	2.97	2.83	2.94	1034775.00
1986-07-31	2.90	3.04	2.90	2.96	198450.00
1986-08-01	2.99	3.13	2.97	3.08	265275.00
1986-08-04	3.08	3.29	3.04	3.25	111713.00
1986-08-05	3.25	3.27	3.10	3.20	648675.00
1986-08-06	3.20	3.22	3.17	3.18	416138.00
1986-08-07	3.18	3.32	3.18	3.22	241650.00
1986-08-08	3.22	3.24	3.18	3.18	345263.00
1986-08-11	3.22	3.24	3.17	3.18	166725.00
1986-08-12	3.22	3.39	3.22	3.39	859275.00
1986-08-13	3.55	3.55	3.39	3.55	933525.00
1986-08-14	3.56	3.67	3.53	3.60	617625.00
1986-08-15	3.58	3.63	3.56	3.58	336825.00
1986-08-18	3.56	3.60	3.55	3.58	305100.00
1986-08-19	3.60	3.63	3.56	3.60	228150.00
1986-08-20	3.60	3.62	3.56	3.60	1032075.00
1986-08-21	3.60	3.67	3.58	3.60	634500.00
1986-08-22	3.63	3.63	3.56	3.63	655425.00
1986-08-25	3.65	3.65	3.55	3.60	336488.00
1986-08-26	3.58	3.65	3.58	3.65	391500.00
1986-08-27	3.63	3.65	3.60	3.63	367875.00
1986-08-28	3.65	3.85	3.65	3.81	382388.00
1986-08-29	3.83	3.93	3.83	3.93	341550.00
1986-09-02	3.93	3.97	3.67	3.74	407700.00
1986-09-03	3.74	3.90	3.74	3.86	297675.00
1986-09-04	3.90	3.92	3.79	3.90	193725.00
1986-09-05	3.92	3.97	3.83	3.83	990900.00
1986-09-08	3.85	3.86	3.81	3.85	136688.00
1986-09-09	3.85	3.88	3.81	3.83	152888.00
1986-09-10	3.86	3.86	3.79	3.81	625388.00
1986-09-11	3.78	3.78	3.58	3.58	287550.00
1986-09-12	3.58	3.58	3.28	3.42	385088.00
1986-09-15	3.46	3.55	3.44	3.49	248063.00
1986-09-16	3.51	3.58	3.48	3.58	320963.00
1986-09-17	3.58	3.78	3.58	3.74	554175.00
1986-09-18	3.69	3.79	3.65	3.67	217013.00
1986-09-19	3.63	3.74	3.60	3.74	373275.00
1986-09-22	3.70	3.74	3.67	3.74	77625.00
1986-09-23	3.74	3.74	3.67	3.70	146813.00
1986-09-24	3.69	3.78	3.69	3.76	408038.00
1986-09-25	3.76	3.78	3.55	3.63	203513.00
1986-09-26	3.56	3.79	3.56	3.63	740813.00
1986-09-29	3.60	3.65	3.51	3.53	145463.00
1986-09-30	3.53	3.63	3.49	3.63	130950.00
1986-10-01	3.62	3.65	3.58	3.58	78975.00
1986-10-02	3.62	3.62	3.53	3.56	67500.00
1986-10-03	3.60	3.62	3.48	3.49	22275.00
1986-10-06	3.48	3.55	3.48	3.53	151875.00
1986-10-07	3.49	3.53	3.48	3.53	133650.00
1986-10-08	3.49	3.65	3.49	3.58	208575.00
1986-10-09	3.63	3.74	3.63	3.72	212288.00
1986-10-10	3.72	3.72	3.70	3.70	253800.00
1986-10-13	3.70	3.72	3.70	3.72	9450.00
1986-10-14	3.70	3.85	3.70	3.83	566663.00
1986-10-15	3.79	3.81	3.74	3.74	273038.00
1986-10-16	3.76	3.78	3.69	3.69	57375.00
1986-10-17	3.72	3.72	3.56	3.56	132975.00
1986-10-20	3.56	3.58	3.28	3.44	158963.00
1986-10-21	3.42	3.56	3.42	3.56	409725.00
1986-10-22	3.55	3.60	3.55	3.60	63788.00
1986-10-23	3.60	3.72	3.56	3.63	243000.00
1986-10-24	3.67	3.67	3.63	3.63	249750.00
1986-10-27	3.63	3.76	3.56	3.69	209588.00
1986-10-28	3.69	3.78	3.67	3.72	100238.00
1986-10-29	3.69	3.70	3.62	3.67	86738.00
1986-10-30	3.67	3.67	3.56	3.60	248400.00
1986-10-31	3.60	3.69	3.56	3.69	372600.00
1986-11-03	3.69	3.79	3.69	3.76	75600.00
1986-11-04	3.76	3.78	3.74	3.74	229163.00
1986-11-05	3.76	3.78	3.74	3.74	197438.00
1986-11-06	3.74	3.76	3.70	3.72	133313.00
1986-11-07	3.70	3.70	3.67	3.70	82688.00
1986-11-10	3.70	3.74	3.63	3.74	73238.00
1986-11-11	3.74	3.81	3.69	3.76	232875.00
1986-11-12	3.80	3.80	3.73	3.80	559575.00
1986-11-13	3.80	3.80	3.59	3.59	402638.00
1986-11-14	3.63	3.66	3.57	3.66	538313.00
1986-11-17	3.61	3.66	3.59	3.66	158625.00
1986-11-18	3.63	3.66	3.41	3.55	512663.00
1986-11-19	3.52	3.66	3.50	3.66	278775.00
1986-11-20	3.66	3.77	3.66	3.75	207225.00
1986-11-21	3.79	3.80	3.71	3.73	440100.00
1986-11-24	3.73	3.84	3.70	3.82	313875.00
1986-11-25	3.82	3.84	3.75	3.82	309488.00
1986-11-26	3.82	3.84	3.73	3.80	217013.00
1986-11-28	3.77	3.80	3.75	3.80	369225.00
1986-12-01	3.80	3.82	3.71	3.80	180563.00
1986-12-02	3.82	3.84	3.79	3.84	749250.00
1986-12-03	3.84	3.84	3.80	3.84	424238.00
1986-12-04	3.84	3.84	3.80	3.84	359775.00
1986-12-05	3.80	3.80	3.70	3.77	312188.00
1986-12-08	3.73	3.80	3.70	3.75	469125.00
1986-12-09	3.77	3.80	3.71	3.73	342225.00
1986-12-10	3.70	3.80	3.70	3.75	359100.00
1986-12-11	3.75	3.79	3.70	3.79	343913.00
1986-12-12	3.75	3.79	3.73	3.77	156600.00
1986-12-15	3.77	3.79	3.71	3.79	291600.00
1986-12-16	3.75	3.80	3.75	3.80	297000.00
1986-12-17	3.80	3.89	3.80	3.87	578138.00
1986-12-18	3.80	3.86	3.77	3.80	1260225.00
1986-12-19	3.77	3.80	3.63	3.73	1218375.00
1986-12-22	3.73	3.77	3.68	3.77	463725.00
1986-12-23	3.73	3.75	3.70	3.73	410738.00
1986-12-24	3.75	3.77	3.73	3.73	260213.00
1986-12-26	3.73	3.77	3.73	3.77	54338.00
1986-12-29	3.73	3.79	3.70	3.71	357750.00
1986-12-30	3.70	3.71	3.66	3.70	173138.00
1986-12-31	3.70	3.71	3.63	3.66	121500.00
1987-01-02	3.70	3.80	3.70	3.80	159975.00
1987-01-05	3.82	4.05	3.82	4.00	282150.00
1987-01-06	3.98	4.00	3.91	3.91	267638.00
1987-01-07	3.89	4.09	3.89	4.09	335813.00
1987-01-08	4.09	4.12	4.09	4.11	318600.00
1987-01-09	4.07	4.19	4.05	4.19	201150.00
1987-01-12	4.16	4.27	4.11	4.27	342900.00
1987-01-13	4.30	4.30	4.16	4.30	401963.00
1987-01-14	4.30	4.55	4.27	4.35	474863.00
1987-01-15	4.32	4.66	4.32	4.66	382050.00
1987-01-16	4.73	4.75	4.48	4.60	1003050.00
1987-01-19	4.60	4.69	4.57	4.69	221738.00
1987-01-20	4.69	4.76	4.62	4.66	522113.00
1987-01-21	4.66	4.66	4.41	4.57	604125.00
1987-01-22	4.55	4.69	4.55	4.69	319950.00
1987-01-23	4.69	4.69	4.37	4.44	748913.00
1987-01-26	4.44	4.55	4.44	4.51	332438.00
1987-01-27	4.53	4.55	4.50	4.50	282825.00
1987-01-28	4.53	4.59	4.48	4.50	909225.00
1987-01-29	4.55	4.62	4.51	4.59	800888.00
1987-01-30	4.59	4.59	4.50	4.55	204525.00
1987-02-02	4.55	4.62	4.51	4.55	333113.00
1987-02-03	4.57	4.75	4.57	4.71	1003725.00
1987-02-04	4.76	5.05	4.73	4.99	1170113.00
1987-02-05	5.03	5.35	4.99	5.12	1994963.00
1987-02-06	5.12	5.14	4.98	5.08	560925.00
1987-02-09	5.05	5.08	4.94	4.99	165713.00
1987-02-10	4.96	5.03	4.80	4.87	558563.00
1987-02-11	4.88	4.93	4.86	4.88	432675.00
1987-02-12	4.88	4.92	4.72	4.85	745200.00
1987-02-13	4.86	4.99	4.79	4.90	784350.00
1987-02-17	4.99	5.08	4.90	5.01	540675.00
1987-02-18	5.06	5.22	5.06	5.15	477900.00
1987-02-19	5.20	5.20	4.93	5.08	258188.00
1987-02-20	5.15	5.17	5.04	5.08	249750.00
1987-02-23	5.10	5.10	4.72	4.93	655763.00
1987-02-24	4.97	4.97	4.76	4.83	252788.00
1987-02-25	4.79	4.93	4.67	4.83	444488.00
1987-02-26	4.72	4.97	4.72	4.72	180900.00
1987-02-27	4.76	4.79	4.68	4.77	400275.00
1987-03-02	4.76	4.79	4.72	4.76	263588.00
1987-03-03	4.79	4.79	4.68	4.68	652725.00
1987-03-04	4.70	4.70	4.65	4.70	155925.00
1987-03-05	4.72	4.88	4.72	4.88	195075.00
1987-03-06	4.86	4.99	4.85	4.95	167063.00
1987-03-09	4.97	4.97	4.86	4.93	160988.00
1987-03-10	4.93	5.08	4.93	4.99	283500.00
1987-03-11	4.99	5.04	4.95	4.95	206888.00
1987-03-12	4.81	4.88	4.76	4.76	108675.00
1987-03-13	4.76	4.81	4.72	4.81	263588.00
1987-03-16	4.79	4.79	4.65	4.65	200138.00
1987-03-17	4.68	4.81	4.68	4.81	205200.00
1987-03-18	4.83	4.85	4.79	4.83	372600.00
1987-03-19	4.74	4.85	4.74	4.81	278100.00
1987-03-20	4.85	5.26	4.85	4.99	362475.00
1987-03-23	4.99	5.01	4.95	5.01	155925.00
1987-03-24	4.97	5.04	4.93	5.01	175163.00
1987-03-25	5.01	5.02	4.95	4.99	235238.00
1987-03-26	4.99	4.99	4.88	4.92	159300.00
1987-03-27	4.92	4.97	4.88	4.88	336150.00
1987-03-30	4.83	4.85	4.79	4.83	144113.00
1987-03-31	4.83	4.93	4.79	4.85	318263.00
1987-04-01	4.83	4.97	4.77	4.97	584888.00
1987-04-02	4.97	4.97	4.86	4.88	246713.00
1987-04-03	4.90	4.99	4.79	4.95	275063.00
1987-04-06	5.01	5.20	5.01	5.18	261900.00
1987-04-07	5.11	5.18	5.08	5.08	252113.00
1987-04-08	5.10	5.11	4.95	5.08	336150.00
1987-04-09	5.08	5.15	4.97	5.01	187313.00
1987-04-10	5.01	5.06	4.95	5.02	149850.00
1987-04-13	5.02	5.06	4.86	4.90	147150.00
1987-04-14	4.93	4.93	4.72	4.79	264600.00
1987-04-15	4.86	4.93	4.74	4.86	369563.00
1987-04-16	4.81	4.92	4.72	4.88	436388.00
1987-04-20	4.86	4.93	4.81	4.90	184275.00
1987-04-21	4.86	5.11	4.83	5.04	235575.00
1987-04-22	5.01	5.04	4.86	4.90	252113.00
1987-04-23	4.95	5.01	4.88	4.92	132975.00
1987-04-24	4.88	4.92	4.72	4.72	315563.00
1987-04-27	4.65	4.79	4.58	4.67	329738.00
1987-04-28	4.79	4.81	4.68	4.70	235238.00
1987-04-29	4.68	4.79	4.61	4.67	290925.00
1987-04-30	4.70	4.79	4.68	4.79	289238.00
1987-05-01	4.77	5.08	4.76	4.86	675338.00
1987-05-04	4.86	4.93	4.68	4.79	215325.00
1987-05-05	4.81	5.01	4.77	4.99	323325.00
1987-05-06	4.99	4.99	4.85	4.86	623025.00
1987-05-07	4.86	5.01	4.79	4.93	664200.00
1987-05-08	4.95	4.99	4.92	4.93	260213.00
1987-05-11	4.88	4.95	4.86	4.86	623363.00
1987-05-12	4.90	5.01	4.86	4.95	175163.00
1987-05-13	4.98	5.04	4.93	4.98	341888.00
1987-05-14	4.98	5.05	4.95	5.05	784350.00
1987-05-15	5.04	5.09	4.98	5.00	111375.00
1987-05-18	5.00	5.07	4.96	5.07	353025.00
1987-05-19	5.07	5.14	5.04	5.05	392513.00
1987-05-20	5.04	5.04	4.60	4.60	218025.00
1987-05-21	4.68	4.73	4.57	4.62	299025.00
1987-05-22	4.66	4.75	4.64	4.75	126900.00
1987-05-26	4.78	4.93	4.78	4.80	382388.00
1987-05-27	4.84	4.84	4.60	4.60	180563.00
1987-05-28	4.60	4.60	4.53	4.59	469125.00
1987-05-29	4.62	4.62	4.57	4.57	112388.00
1987-06-01	4.60	4.60	4.50	4.50	353025.00
1987-06-02	4.46	4.46	4.26	4.44	345263.00
1987-06-03	4.48	4.50	4.42	4.46	99225.00
1987-06-04	4.50	4.50	4.42	4.48	361463.00
1987-06-05	4.48	4.48	4.39	4.39	205200.00
1987-06-08	4.41	4.42	4.32	4.35	923738.00
1987-06-09	4.39	4.50	4.35	4.46	834300.00
1987-06-10	4.50	4.57	4.46	4.53	390488.00
1987-06-11	4.51	4.60	4.50	4.57	194738.00
1987-06-12	4.59	4.64	4.57	4.62	106313.00
1987-06-15	4.62	4.68	4.60	4.66	423225.00
1987-06-16	4.57	4.59	4.39	4.57	1242000.00
1987-06-17	4.78	4.78	4.69	4.75	1014863.00
1987-06-18	4.69	4.75	4.68	4.71	335475.00
1987-06-19	4.75	4.75	4.69	4.75	282488.00
1987-06-22	4.71	4.75	4.64	4.66	489375.00
1987-06-23	4.64	4.75	4.64	4.75	1383075.00
1987-06-24	4.75	4.75	4.71	4.75	259538.00
1987-06-25	4.75	4.77	4.71	4.75	474863.00
1987-06-26	4.75	4.89	4.75	4.82	389138.00
1987-06-29	4.86	4.86	4.75	4.78	209588.00
1987-06-30	4.78	4.80	4.66	4.75	278775.00
1987-07-01	4.71	4.77	4.68	4.69	226463.00
1987-07-02	4.73	4.78	4.73	4.77	1323000.00
1987-07-06	4.77	4.80	4.71	4.71	952763.00
1987-07-07	4.75	4.80	4.73	4.77	108338.00
1987-07-08	4.77	4.93	4.73	4.89	765113.00
1987-07-09	5.04	5.43	5.04	5.18	2095200.00
1987-07-10	5.32	5.63	5.27	5.54	1525163.00
1987-07-13	5.48	5.50	5.41	5.47	606825.00
1987-07-14	5.47	5.59	5.43	5.59	524475.00
1987-07-15	5.63	5.65	5.47	5.48	346613.00
1987-07-16	5.47	5.56	5.47	5.50	689850.00
1987-07-17	5.50	5.56	5.32	5.50	591638.00
1987-07-20	5.47	5.48	5.38	5.41	233550.00
1987-07-21	5.43	5.45	5.25	5.25	399938.00
1987-07-22	5.27	5.47	5.25	5.39	529200.00
1987-07-23	5.43	5.45	5.32	5.43	354038.00
1987-07-24	5.45	5.45	5.39	5.43	223763.00
1987-07-27	5.45	5.45	5.38	5.45	86738.00
1987-07-28	5.45	5.57	5.41	5.54	313538.00
1987-07-29	5.57	5.57	5.52	5.54	202163.00
1987-07-30	5.52	5.54	5.41	5.47	302063.00
1987-07-31	5.52	5.75	5.52	5.72	973350.00
1987-08-03	5.74	5.75	5.61	5.63	1336838.00
1987-08-04	5.63	5.63	5.32	5.32	1258200.00
1987-08-05	5.38	5.54	5.38	5.47	623700.00
1987-08-06	5.50	5.72	5.48	5.72	291938.00
1987-08-07	5.74	5.90	5.74	5.90	1028025.00
1987-08-10	5.86	5.92	5.83	5.86	820800.00
1987-08-11	5.88	5.93	5.84	5.90	919350.00
1987-08-12	5.71	5.91	5.71	5.71	869738.00
1987-08-13	5.78	5.86	5.75	5.78	212288.00
1987-08-14	5.73	5.86	5.73	5.86	301725.00
1987-08-17	5.86	5.89	5.73	5.76	330413.00
1987-08-18	5.78	5.78	5.69	5.75	530888.00
1987-08-19	5.75	5.76	5.69	5.75	292613.00
1987-08-20	5.71	5.98	5.71	5.93	614925.00
1987-08-21	5.93	6.00	5.89	6.00	299025.00
1987-08-24	5.96	5.98	5.86	5.93	369900.00
1987-08-25	5.91	6.00	5.89	5.93	368550.00
1987-08-26	5.95	5.96	5.84	5.89	619650.00
1987-08-27	5.87	5.89	5.82	5.89	191363.00
1987-08-28	5.89	5.98	5.86	5.91	657788.00
1987-08-31	5.87	5.98	5.87	5.98	291263.00
1987-09-01	6.00	6.14	6.00	6.00	808313.00
1987-09-02	5.96	6.05	5.86	5.91	461363.00
1987-09-03	5.91	5.96	5.82	5.84	311850.00
1987-09-04	5.87	5.93	5.71	5.91	338513.00
1987-09-08	5.84	5.89	5.82	5.87	374963.00
1987-09-09	5.87	5.89	5.80	5.86	467775.00
1987-09-10	5.89	6.00	5.87	5.91	330750.00
1987-09-11	5.93	6.27	5.93	6.20	1139738.00
1987-09-14	6.32	6.40	6.14	6.29	446175.00
1987-09-15	6.29	6.29	6.16	6.22	376313.00
1987-09-16	6.20	6.36	6.20	6.29	499500.00
1987-09-17	6.36	6.51	6.31	6.45	812025.00
1987-09-18	6.45	6.58	6.45	6.54	632475.00
1987-09-21	6.54	6.74	6.51	6.51	678038.00
1987-09-22	6.54	6.61	6.22	6.43	670275.00
1987-09-23	6.51	6.89	6.51	6.74	1080000.00
1987-09-24	6.81	7.05	6.74	6.98	809663.00
1987-09-25	6.92	6.94	6.87	6.90	939600.00
1987-09-28	6.90	6.90	6.79	6.81	1336163.00
1987-09-29	6.83	6.94	6.81	6.85	641588.00
1987-09-30	6.81	6.90	6.72	6.90	743850.00
1987-10-01	6.98	6.99	6.92	6.99	632138.00
1987-10-02	7.07	7.08	6.98	7.05	240300.00
1987-10-05	7.05	7.05	6.81	6.83	513675.00
1987-10-06	6.81	6.83	6.51	6.51	314213.00
1987-10-07	6.60	6.70	6.52	6.69	796838.00
1987-10-08	6.72	6.72	6.51	6.60	290925.00
1987-10-09	6.60	6.60	6.51	6.52	159638.00
1987-10-12	6.56	6.56	6.23	6.25	651375.00
1987-10-13	6.32	6.40	6.29	6.36	356063.00
1987-10-14	6.42	6.42	6.20	6.20	1136025.00
1987-10-15	6.20	6.23	5.82	5.84	549788.00
1987-10-16	5.93	5.95	5.42	5.44	904163.00
1987-10-19	5.44	5.46	4.48	4.55	2719913.00
1987-10-20	4.48	4.99	4.23	4.77	1454288.00
1987-10-21	5.06	5.35	5.06	5.17	1674338.00
1987-10-22	5.10	5.10	4.73	4.77	1140075.00
1987-10-23	4.55	4.73	4.48	4.73	519075.00
1987-10-26	4.01	4.05	3.54	3.58	716850.00
1987-10-27	3.87	3.96	3.79	3.90	816750.00
1987-10-28	3.90	3.96	3.61	3.78	415125.00
1987-10-29	3.70	3.99	3.70	3.98	1082025.00
1987-10-30	4.19	4.37	4.19	4.36	785025.00
1987-11-02	4.36	4.52	4.26	4.28	444150.00
1987-11-03	4.28	4.28	4.16	4.16	360450.00
1987-11-04	4.19	4.19	4.01	4.08	694913.00
1987-11-05	4.10	4.45	4.10	4.39	1498500.00
1987-11-06	4.41	4.63	4.19	4.32	630788.00
1987-11-09	4.05	4.19	4.01	4.14	462713.00
1987-11-10	4.14	4.19	3.98	4.01	520425.00
1987-11-11	4.05	4.10	4.01	4.07	707400.00
1987-11-12	4.24	4.46	4.24	4.33	474188.00
1987-11-13	4.37	4.39	4.35	4.35	513000.00
1987-11-16	4.39	4.44	4.37	4.37	534600.00
1987-11-17	4.39	4.39	4.20	4.24	514013.00
1987-11-18	4.26	4.26	4.17	4.22	333450.00
1987-11-19	4.30	4.31	4.22	4.22	510638.00
1987-11-20	4.17	4.42	4.11	4.37	1051988.00
1987-11-23	4.39	4.44	4.37	4.42	382725.00
1987-11-24	4.42	5.02	4.42	5.02	1186988.00
1987-11-25	4.95	5.04	4.88	5.04	819788.00
1987-11-27	5.04	5.04	4.93	4.99	574088.00
1987-11-30	4.77	4.77	4.59	4.68	749250.00
1987-12-01	4.68	4.88	4.68	4.75	520425.00
1987-12-02	4.77	4.80	4.73	4.75	401963.00
1987-12-03	4.84	4.84	4.53	4.57	702338.00
1987-12-04	4.57	4.62	4.35	4.62	654075.00
1987-12-07	4.62	4.84	4.62	4.84	491400.00
1987-12-08	4.80	5.17	4.79	5.17	931838.00
1987-12-09	5.21	5.31	5.15	5.21	994950.00
1987-12-10	5.10	5.39	4.95	5.24	681750.00
1987-12-11	5.22	5.22	5.13	5.19	146138.00
1987-12-14	5.22	5.22	5.15	5.19	463050.00
1987-12-15	5.21	5.37	5.21	5.33	1471163.00
1987-12-16	5.31	5.39	5.24	5.35	713138.00
1987-12-17	5.37	5.44	5.30	5.42	839700.00
1987-12-18	5.46	5.46	5.39	5.44	800550.00
1987-12-21	5.44	5.57	5.42	5.51	501188.00
1987-12-22	5.53	5.68	5.30	5.68	1236938.00
1987-12-23	5.82	5.95	5.75	5.75	2411775.00
1987-12-24	5.75	5.88	5.70	5.86	140063.00
1987-12-28	5.82	5.82	5.66	5.68	800888.00
1987-12-29	5.68	5.68	5.55	5.57	302738.00
1987-12-30	5.55	5.57	5.42	5.50	512325.00
1987-12-31	5.50	5.50	5.28	5.30	1205550.00
1988-01-04	5.30	5.33	5.22	5.31	705713.00
1988-01-05	5.31	5.51	5.31	5.37	620663.00
1988-01-06	5.35	5.35	5.28	5.30	217688.00
1988-01-07	5.30	5.30	5.19	5.26	263588.00
1988-01-08	5.24	5.26	5.13	5.13	355725.00
1988-01-11	5.10	5.13	4.95	5.08	476550.00
1988-01-12	5.06	5.06	4.91	4.99	336150.00
1988-01-13	4.93	4.99	4.90	4.95	731363.00
1988-01-14	4.95	4.97	4.90	4.97	225788.00
1988-01-15	5.17	5.22	5.15	5.21	797850.00
1988-01-18	5.21	5.28	5.21	5.26	426263.00
1988-01-19	5.26	5.28	5.22	5.22	294300.00
1988-01-20	5.24	5.24	4.91	4.91	464063.00
1988-01-21	4.95	4.97	4.86	4.86	194400.00
1988-01-22	4.88	4.91	4.77	4.90	232200.00
1988-01-25	4.93	4.97	4.91	4.91	252450.00
1988-01-26	4.93	4.93	4.88	4.88	218363.00
1988-01-27	4.93	4.93	4.82	4.82	158288.00
1988-01-28	4.82	4.95	4.82	4.95	246713.00
1988-01-29	4.91	4.95	4.90	4.95	308475.00
1988-02-01	4.91	4.97	4.91	4.95	356400.00
1988-02-02	4.93	4.95	4.90	4.93	190688.00
1988-02-03	4.93	4.97	4.86	4.97	654413.00
1988-02-04	4.97	4.97	4.88	4.93	141750.00
1988-02-05	4.95	4.99	4.93	4.93	363825.00
1988-02-08	4.90	4.93	4.84	4.86	93150.00
1988-02-09	4.86	4.95	4.86	4.93	375300.00
1988-02-10	4.93	5.04	4.90	5.04	236588.00
1988-02-11	5.02	5.11	4.99	5.06	373950.00
1988-02-12	5.10	5.19	5.10	5.15	385763.00
1988-02-16	5.11	5.19	5.10	5.17	73238.00
1988-02-17	5.24	5.30	5.11	5.11	343575.00
1988-02-18	5.13	5.13	5.02	5.04	297338.00
1988-02-19	5.04	5.11	5.04	5.11	86400.00
1988-02-22	5.08	5.21	5.04	5.21	610875.00
1988-02-23	5.28	5.31	5.15	5.22	578813.00
1988-02-24	5.19	5.30	5.17	5.28	327713.00
1988-02-25	5.31	5.31	5.17	5.26	369900.00
1988-02-26	5.22	5.28	5.15	5.21	96525.00
1988-02-29	5.17	5.24	5.10	5.22	245700.00
1988-03-01	5.24	5.24	5.21	5.22	244013.00
1988-03-02	5.26	5.28	5.22	5.22	1078313.00
1988-03-03	5.24	5.31	5.24	5.28	842400.00
1988-03-04	5.31	5.50	5.31	5.50	761400.00
1988-03-07	5.50	5.55	5.42	5.55	362138.00
1988-03-08	5.55	5.62	5.50	5.53	483638.00
1988-03-09	5.55	5.57	5.50	5.51	409388.00
1988-03-10	5.50	5.57	5.50	5.55	258188.00
1988-03-11	5.48	5.50	5.31	5.42	221738.00
1988-03-14	5.41	5.44	5.35	5.37	206550.00
1988-03-15	5.35	5.41	5.35	5.39	101588.00
1988-03-16	5.35	5.42	5.33	5.42	163688.00
1988-03-17	5.42	5.44	5.37	5.44	200813.00
1988-03-18	5.53	5.55	5.39	5.48	568350.00
1988-03-21	5.42	5.42	5.33	5.41	136013.00
1988-03-22	5.41	5.46	5.37	5.41	159975.00
1988-03-23	5.44	5.51	5.41	5.50	346613.00
1988-03-24	5.42	5.42	5.33	5.35	246713.00
1988-03-25	5.31	5.35	5.28	5.30	411750.00
1988-03-28	5.28	5.28	5.11	5.17	365513.00
1988-03-29	5.22	5.30	5.21	5.26	101250.00
1988-03-30	5.22	5.28	5.17	5.21	135675.00
1988-03-31	5.13	5.28	5.13	5.28	368888.00
1988-04-04	5.21	5.28	5.10	5.10	291263.00
1988-04-05	5.10	5.15	5.01	5.11	382725.00
1988-04-06	5.13	5.24	5.10	5.21	127575.00
1988-04-07	5.21	5.30	5.21	5.28	259875.00
1988-04-08	5.24	5.28	5.22	5.28	155925.00
1988-04-11	5.30	5.35	5.24	5.35	200813.00
1988-04-12	5.31	5.35	5.28	5.30	198113.00
1988-04-13	5.28	5.33	5.21	5.26	637875.00
1988-04-14	5.10	5.15	4.97	5.01	257513.00
1988-04-15	5.04	5.10	4.91	5.06	310163.00
1988-04-18	5.10	5.10	5.02	5.02	499163.00
1988-04-19	5.01	5.10	4.99	5.01	151875.00
1988-04-20	5.01	5.08	4.99	5.01	179213.00
1988-04-21	5.17	5.35	5.13	5.17	649350.00
1988-04-22	5.15	5.44	5.15	5.37	399938.00
1988-04-25	5.37	5.51	5.35	5.42	347625.00
1988-04-26	5.35	5.42	5.28	5.37	274388.00
1988-04-27	5.37	5.37	5.24	5.30	185625.00
1988-04-28	5.30	5.30	5.15	5.17	289238.00
1988-04-29	5.21	5.33	5.10	5.33	405675.00
1988-05-02	5.39	5.41	5.24	5.26	141075.00
1988-05-03	5.24	5.31	5.24	5.30	119475.00
1988-05-04	5.33	5.35	5.30	5.31	229500.00
1988-05-05	5.35	5.42	5.28	5.33	508613.00
1988-05-06	5.30	5.39	5.17	5.17	224100.00
1988-05-09	5.22	5.35	5.17	5.22	272363.00
1988-05-10	5.17	5.24	5.13	5.15	577125.00
1988-05-11	5.13	5.13	5.02	5.09	149513.00
1988-05-12	5.13	5.20	5.11	5.11	572400.00
1988-05-13	5.13	5.24	5.13	5.16	876825.00
1988-05-16	5.16	5.18	5.14	5.18	293625.00
1988-05-17	5.13	5.18	5.11	5.11	423563.00
1988-05-18	5.14	5.14	5.05	5.05	199800.00
1988-05-19	5.02	5.05	4.96	5.05	151875.00
1988-05-20	5.09	5.13	5.05	5.13	109013.00
1988-05-23	5.11	5.14	5.07	5.13	316238.00
1988-05-24	5.13	5.14	5.05	5.13	403650.00
1988-05-25	5.13	5.13	5.05	5.09	637538.00
1988-05-26	5.09	5.09	5.02	5.05	318938.00
1988-05-27	5.04	5.07	4.96	4.96	95175.00
1988-05-31	5.00	5.20	4.98	5.13	311175.00
1988-06-01	5.09	5.16	5.05	5.14	937238.00
1988-06-02	5.11	5.16	5.11	5.14	261563.00
1988-06-03	5.11	5.14	5.07	5.13	198788.00
1988-06-06	5.14	5.14	5.04	5.11	183938.00
1988-06-07	5.07	5.13	5.05	5.09	88088.00
1988-06-08	5.09	5.25	5.07	5.24	329063.00
1988-06-09	5.24	5.27	5.20	5.22	359100.00
1988-06-10	5.18	5.24	5.14	5.20	541350.00
1988-06-13	5.16	5.16	5.11	5.16	207225.00
1988-06-14	5.24	5.38	5.24	5.38	1206900.00
1988-06-15	5.38	5.38	5.29	5.35	405675.00
1988-06-16	5.29	5.29	5.16	5.16	356400.00
1988-06-17	5.24	5.24	5.13	5.22	322650.00
1988-06-20	5.18	5.18	5.13	5.14	48600.00
1988-06-21	5.11	5.20	5.07	5.20	491063.00
1988-06-22	5.24	5.31	5.24	5.25	947363.00
1988-06-23	5.24	5.31	5.20	5.22	427275.00
1988-06-24	5.27	5.36	5.27	5.31	698288.00
1988-06-27	5.27	5.33	5.27	5.27	411075.00
1988-06-28	5.27	5.33	5.25	5.29	210600.00
1988-06-29	5.35	5.40	5.31	5.36	610875.00
1988-06-30	5.33	5.36	5.31	5.31	235913.00
1988-07-01	5.35	5.35	5.13	5.13	376650.00
1988-07-05	5.16	5.31	5.13	5.27	416475.00
1988-07-06	5.31	5.31	5.14	5.22	544725.00
1988-07-07	5.18	5.25	5.14	5.20	486675.00
1988-07-08	5.20	5.20	5.13	5.13	266288.00
1988-07-11	5.13	5.16	5.04	5.04	207900.00
1988-07-12	5.13	5.13	4.87	4.89	580500.00
1988-07-13	4.91	4.98	4.89	4.93	811013.00
1988-07-14	4.93	4.94	4.83	4.85	442800.00
1988-07-15	4.87	4.89	4.78	4.89	665888.00
1988-07-18	4.91	4.91	4.85	4.89	136013.00
1988-07-19	4.85	4.87	4.83	4.83	307125.00
1988-07-20	4.80	4.85	4.80	4.85	326700.00
1988-07-21	4.83	4.85	4.80	4.82	447188.00
1988-07-22	4.80	4.82	4.74	4.78	528863.00
1988-07-25	4.76	4.83	4.69	4.69	159638.00
1988-07-26	4.76	4.85	4.74	4.85	302063.00
1988-07-27	4.87	4.91	4.76	4.78	514688.00
1988-07-28	4.78	4.78	4.69	4.71	306788.00
1988-07-29	4.74	4.76	4.69	4.69	649688.00
1988-08-01	4.72	4.74	4.71	4.72	226800.00
1988-08-02	4.72	4.72	4.67	4.67	497138.00
1988-08-03	4.69	4.69	4.60	4.61	578138.00
1988-08-04	4.65	4.65	4.60	4.60	503888.00
1988-08-05	4.56	4.60	4.56	4.60	312525.00
1988-08-08	4.60	4.65	4.50	4.56	581513.00
1988-08-09	4.56	4.56	4.50	4.50	201825.00
1988-08-10	4.50	4.54	4.28	4.31	1217025.00
1988-08-11	4.28	4.31	4.17	4.28	1213313.00
1988-08-12	4.30	4.31	4.26	4.31	286538.00
1988-08-15	4.26	4.26	4.22	4.22	643613.00
1988-08-16	4.20	4.31	4.20	4.26	343575.00
1988-08-17	4.22	4.24	4.20	4.20	595350.00
1988-08-18	4.20	4.28	4.20	4.24	279113.00
1988-08-19	4.24	4.26	4.20	4.24	107663.00
1988-08-22	4.28	4.33	4.18	4.20	330750.00
1988-08-23	4.18	4.18	4.09	4.13	439088.00
1988-08-24	4.09	4.13	4.07	4.11	255825.00
1988-08-25	4.06	4.06	3.98	3.98	336150.00
1988-08-26	4.04	4.11	4.02	4.09	318600.00
1988-08-29	4.11	4.20	4.11	4.20	127238.00
1988-08-30	4.26	4.26	4.22	4.24	126225.00
1988-08-31	4.22	4.26	4.18	4.18	124200.00
1988-09-01	4.15	4.17	4.07	4.09	191025.00
1988-09-02	4.13	4.20	4.13	4.18	233213.00
1988-09-06	4.17	4.26	4.17	4.22	302400.00
1988-09-07	4.26	4.26	4.22	4.26	244013.00
1988-09-08	4.22	4.26	4.20	4.24	125888.00
1988-09-09	4.22	4.24	4.17	4.20	253463.00
1988-09-12	4.24	4.30	4.22	4.26	120150.00
1988-09-13	4.28	4.28	4.22	4.24	105638.00
1988-09-14	4.31	4.35	4.26	4.35	401288.00
1988-09-15	4.35	4.35	4.28	4.31	413775.00
1988-09-16	4.30	4.42	4.30	4.42	209588.00
1988-09-19	4.37	4.39	4.33	4.37	200475.00
1988-09-20	4.37	4.46	4.37	4.42	297000.00
1988-09-21	4.46	4.48	4.35	4.42	502200.00
1988-09-22	4.46	4.46	4.33	4.35	156600.00
1988-09-23	4.33	4.37	4.33	4.35	386438.00
1988-09-26	4.33	4.33	4.22	4.24	302063.00
1988-09-27	4.24	4.24	4.13	4.18	242325.00
1988-09-28	4.18	4.18	4.11	4.15	155925.00
1988-09-29	4.11	4.20	4.11	4.20	544050.00
1988-09-30	4.18	4.35	4.18	4.22	126563.00
1988-10-03	4.24	4.24	4.09	4.24	198113.00
1988-10-04	4.17	4.20	4.13	4.17	314550.00
1988-10-05	4.20	4.24	4.13	4.18	261563.00
1988-10-06	4.28	4.31	4.24	4.30	203850.00
1988-10-07	4.33	4.42	4.28	4.42	1023638.00
1988-10-10	4.42	4.42	4.37	4.41	99225.00
1988-10-11	4.39	4.41	4.35	4.39	116100.00
1988-10-12	4.42	4.42	4.31	4.37	482625.00
1988-10-13	4.37	4.41	4.33	4.41	219713.00
1988-10-14	4.37	4.44	4.37	4.37	373275.00
1988-10-17	4.41	4.41	4.35	4.39	136013.00
1988-10-18	4.35	4.35	4.11	4.22	691200.00
1988-10-19	4.22	4.22	4.07	4.13	1090463.00
1988-10-20	4.13	4.15	4.04	4.06	1109025.00
1988-10-21	4.06	4.17	4.02	4.15	706388.00
1988-10-24	4.17	4.17	4.07	4.07	120825.00
1988-10-25	4.13	4.13	4.09	4.13	295650.00
1988-10-26	4.13	4.13	4.07	4.13	225788.00
1988-10-27	4.09	4.11	4.00	4.04	567675.00
1988-10-28	4.02	4.07	4.00	4.07	533250.00
1988-10-31	4.04	4.13	4.04	4.06	338513.00
1988-11-01	4.06	4.09	4.00	4.09	584888.00
1988-11-02	4.06	4.11	3.98	4.09	486675.00
1988-11-03	4.09	4.13	4.09	4.09	899100.00
1988-11-04	4.09	4.11	4.06	4.07	471150.00
1988-11-07	4.06	4.07	4.04	4.04	288563.00
1988-11-08	4.02	4.13	4.02	4.09	1430325.00
1988-11-09	4.09	4.18	4.09	4.18	594338.00
1988-11-10	4.16	4.18	4.12	4.14	302738.00
1988-11-11	4.11	4.12	4.09	4.09	333113.00
1988-11-14	4.11	4.11	4.05	4.09	482625.00
1988-11-15	4.09	4.09	3.99	4.07	167063.00
1988-11-16	4.05	4.05	3.94	3.96	589950.00
1988-11-17	3.99	4.05	3.98	4.05	238950.00
1988-11-18	4.05	4.09	4.03	4.09	157275.00
1988-11-21	4.05	4.09	3.98	4.09	334800.00
1988-11-22	4.09	4.11	3.99	4.05	111038.00
1988-11-23	4.07	4.09	3.98	4.01	171113.00
1988-11-25	3.99	4.01	3.94	3.99	127913.00
1988-11-28	3.94	4.03	3.94	4.01	169425.00
1988-11-29	3.98	4.07	3.98	3.99	351675.00
1988-11-30	4.03	4.07	4.01	4.01	392175.00
1988-12-01	4.01	4.07	4.01	4.01	270675.00
1988-12-02	4.05	4.05	4.01	4.01	666225.00
1988-12-05	4.01	4.05	4.01	4.03	129263.00
1988-12-06	4.01	4.09	4.01	4.05	420188.00
1988-12-07	4.07	4.20	4.05	4.20	755663.00
1988-12-08	4.22	4.22	4.14	4.14	691875.00
1988-12-09	4.20	4.20	4.14	4.14	375638.00
1988-12-12	4.14	4.18	4.12	4.12	567000.00
1988-12-13	4.14	4.14	4.09	4.14	226125.00
1988-12-14	4.14	4.14	4.11	4.12	194063.00
1988-12-15	4.11	4.14	4.11	4.11	638213.00
1988-12-16	4.12	4.18	4.11	4.14	887963.00
1988-12-19	4.14	4.20	4.11	4.20	543038.00
1988-12-20	4.24	4.27	4.16	4.16	502538.00
1988-12-21	4.20	4.20	4.12	4.12	418500.00
1988-12-22	4.07	4.14	4.07	4.09	570375.00
1988-12-23	4.09	4.16	4.09	4.12	388463.00
1988-12-27	4.16	4.22	4.14	4.16	251438.00
1988-12-28	4.18	4.20	4.14	4.16	105638.00
1988-12-29	4.18	4.24	4.14	4.22	225788.00
1988-12-30	4.24	4.24	4.16	4.18	910238.00
1989-01-03	4.16	4.18	4.12	4.14	280800.00
1989-01-04	4.18	4.24	4.14	4.22	391838.00
1989-01-05	4.22	4.24	4.18	4.20	89100.00
1989-01-06	4.22	4.22	4.16	4.18	141750.00
1989-01-09	4.24	4.29	4.24	4.27	546413.00
1989-01-10	4.33	4.38	4.29	4.38	428963.00
1989-01-11	4.38	4.40	4.33	4.37	419850.00
1989-01-12	4.33	4.37	4.31	4.31	516038.00
1989-01-13	4.25	4.33	4.25	4.31	484988.00
1989-01-16	4.27	4.31	4.24	4.29	180900.00
1989-01-17	4.29	4.35	4.27	4.33	358763.00
1989-01-18	4.33	4.40	4.33	4.37	554850.00
1989-01-19	4.37	4.37	4.27	4.31	572400.00
1989-01-20	4.29	4.33	4.27	4.33	210938.00
1989-01-23	4.33	4.35	4.27	4.27	195413.00
1989-01-24	4.29	4.29	4.16	4.16	390150.00
1989-01-25	4.16	4.24	4.16	4.20	347288.00
1989-01-26	4.18	4.24	4.18	4.22	303413.00
1989-01-27	4.24	4.33	4.20	4.31	247388.00
1989-01-30	4.35	4.40	4.31	4.40	492750.00
1989-01-31	4.35	4.38	4.33	4.37	170438.00
1989-02-01	4.33	4.35	4.33	4.33	215663.00
1989-02-02	4.35	4.38	4.31	4.38	229163.00
1989-02-03	4.38	4.38	4.33	4.33	188663.00
1989-02-06	4.37	4.40	4.33	4.35	228150.00
1989-02-07	4.37	4.48	4.37	4.44	896738.00
1989-02-08	4.48	4.53	4.44	4.50	858938.00
1989-02-09	4.48	4.51	4.42	4.42	779288.00
1989-02-10	4.42	4.50	4.40	4.44	454613.00
1989-02-13	4.43	4.47	4.36	4.36	311850.00
1989-02-14	4.40	4.41	4.38	4.40	385763.00
1989-02-15	4.41	4.43	4.38	4.40	378338.00
1989-02-16	4.41	4.41	4.38	4.38	208913.00
1989-02-17	4.38	4.40	4.36	4.38	304425.00
1989-02-21	4.38	4.38	4.30	4.36	133313.00
1989-02-22	4.36	4.36	4.25	4.30	744863.00
1989-02-23	4.28	4.36	4.28	4.36	551475.00
1989-02-24	4.34	4.34	4.27	4.30	339188.00
1989-02-27	4.30	4.30	4.27	4.28	275063.00
1989-02-28	4.27	4.32	4.23	4.30	319275.00
1989-03-01	4.28	4.30	4.23	4.23	377325.00
1989-03-02	4.23	4.28	4.23	4.27	190350.00
1989-03-03	4.27	4.28	4.23	4.23	148163.00
1989-03-06	4.25	4.30	4.25	4.27	277425.00
1989-03-07	4.27	4.27	4.23	4.23	298688.00
1989-03-08	4.23	4.30	4.21	4.30	445500.00
1989-03-09	4.30	4.30	4.23	4.25	359775.00
1989-03-10	4.27	4.27	4.23	4.25	167400.00
1989-03-13	4.27	4.30	4.27	4.27	342900.00
1989-03-14	4.30	4.30	4.23	4.23	191700.00
1989-03-15	4.28	4.36	4.27	4.34	218025.00
1989-03-16	4.41	4.43	4.34	4.34	262913.00
1989-03-17	4.19	4.23	4.10	4.15	556200.00
1989-03-20	4.12	4.15	4.08	4.12	262238.00
1989-03-21	4.15	4.19	4.12	4.17	235913.00
1989-03-22	4.19	4.19	4.13	4.19	251775.00
1989-03-23	4.17	4.19	4.10	4.10	189338.00
1989-03-27	4.08	4.12	4.06	4.12	124538.00
1989-03-28	4.10	4.12	4.08	4.10	164363.00
1989-03-29	4.06	4.10	4.00	4.04	373275.00
1989-03-30	4.00	4.10	4.00	4.08	286538.00
1989-03-31	4.10	4.27	4.10	4.21	712800.00
1989-04-03	4.19	4.21	4.15	4.21	208913.00
1989-04-04	4.19	4.23	4.12	4.12	505913.00
1989-04-05	4.12	4.13	4.06	4.12	267975.00
1989-04-06	4.08	4.15	4.04	4.10	391500.00
1989-04-07	4.12	4.12	4.04	4.12	370575.00
1989-04-10	4.12	4.13	4.08	4.10	498488.00
1989-04-11	4.08	4.13	4.08	4.13	289913.00
1989-04-12	4.13	4.15	4.10	4.15	200475.00
1989-04-13	4.15	4.15	4.08	4.12	117788.00
1989-04-14	4.15	4.19	4.12	4.15	288900.00
1989-04-17	4.13	4.15	4.08	4.08	86400.00
1989-04-18	4.10	4.12	3.93	3.98	2101613.00
1989-04-19	4.00	4.00	3.98	3.98	408038.00
1989-04-20	4.00	4.02	3.93	3.95	601088.00
1989-04-21	3.95	4.00	3.95	4.00	465075.00
1989-04-24	3.98	4.02	3.98	4.00	619313.00
1989-04-25	4.00	4.02	3.97	3.97	776925.00
1989-04-26	3.98	4.02	3.97	3.98	497138.00
1989-04-27	3.98	4.02	3.97	3.97	493088.00
1989-04-28	3.98	4.04	3.97	4.04	486675.00
1989-05-01	4.00	4.04	4.00	4.04	832950.00
1989-05-02	4.04	4.06	4.02	4.04	328050.00
1989-05-03	4.00	4.10	3.98	4.10	504225.00
1989-05-04	4.10	4.13	4.00	4.04	290925.00
1989-05-05	4.04	4.10	4.04	4.06	359775.00
1989-05-08	4.06	4.08	4.00	4.08	416813.00
1989-05-09	4.06	4.08	4.00	4.00	564300.00
1989-05-10	4.00	4.04	4.00	4.04	392175.00
1989-05-11	4.07	4.07	4.02	4.07	565313.00
1989-05-12	4.15	4.19	4.11	4.19	783675.00
1989-05-15	4.19	4.34	4.17	4.30	696938.00
1989-05-16	4.26	4.28	4.24	4.28	291600.00
1989-05-17	4.28	4.30	4.22	4.28	266288.00
1989-05-18	4.28	4.32	4.28	4.30	461363.00
1989-05-19	4.30	4.34	4.22	4.28	599400.00
1989-05-22	4.30	4.32	4.24	4.24	511650.00
1989-05-23	4.24	4.26	4.15	4.15	296663.00
1989-05-24	4.15	4.28	4.15	4.28	514350.00
1989-05-25	4.26	4.30	4.24	4.30	316913.00
1989-05-26	4.32	4.36	4.30	4.30	388463.00
1989-05-30	4.34	4.37	4.30	4.30	1123538.00
1989-05-31	4.32	4.34	4.30	4.32	651375.00
1989-06-01	4.28	4.28	4.22	4.22	913275.00
1989-06-02	4.22	4.22	4.13	4.15	1621350.00
1989-06-05	4.19	4.19	4.13	4.13	2010150.00
1989-06-06	4.15	4.15	4.13	4.15	1826213.00
1989-06-07	4.13	4.20	4.13	4.17	724613.00
1989-06-08	4.17	4.24	4.17	4.24	1021950.00
1989-06-09	4.20	4.24	4.20	4.22	1240988.00
1989-06-12	4.24	4.24	4.20	4.22	424913.00
1989-06-13	4.20	4.24	4.19	4.22	865688.00
1989-06-14	4.22	4.24	4.22	4.24	460013.00
1989-06-15	4.24	4.28	4.20	4.20	772200.00
1989-06-16	4.17	4.30	4.17	4.30	569700.00
1989-06-19	4.28	4.28	4.20	4.22	183600.00
1989-06-20	4.22	4.22	4.17	4.17	464400.00
1989-06-21	4.19	4.19	4.11	4.13	1240650.00
1989-06-22	4.11	4.17	4.11	4.15	584213.00
1989-06-23	4.19	4.19	4.13	4.17	374625.00
1989-06-26	4.17	4.30	4.13	4.13	378338.00
1989-06-27	4.15	4.19	4.13	4.13	457313.00
1989-06-28	4.17	4.17	4.13	4.17	813038.00
1989-06-29	4.15	4.17	4.11	4.11	261900.00
1989-06-30	4.07	4.11	4.03	4.07	319613.00
1989-07-03	4.11	4.13	4.05	4.09	106650.00
1989-07-05	4.09	4.11	4.07	4.11	134325.00
1989-07-06	4.11	4.11	4.05	4.05	477563.00
1989-07-07	4.09	4.13	4.07	4.07	248400.00
1989-07-10	4.11	4.13	4.09	4.13	162675.00
1989-07-11	4.13	4.13	4.09	4.09	256163.00
1989-07-12	4.13	4.15	4.07	4.15	315900.00
1989-07-13	4.17	4.17	4.13	4.13	251775.00
1989-07-14	4.09	4.15	4.09	4.15	485325.00
1989-07-17	4.15	4.15	4.11	4.13	173813.00
1989-07-18	4.15	4.17	4.11	4.15	485663.00
1989-07-19	4.19	4.26	4.19	4.26	405675.00
1989-07-20	4.26	4.30	4.24	4.28	644288.00
1989-07-21	4.28	4.32	4.28	4.32	238950.00
1989-07-24	4.28	4.32	4.28	4.32	670275.00
1989-07-25	4.28	4.34	4.28	4.32	758025.00
1989-07-26	4.32	4.45	4.30	4.43	856238.00
1989-07-27	4.41	4.60	4.41	4.60	718538.00
1989-07-28	4.60	4.62	4.51	4.52	347963.00
1989-07-31	4.52	4.62	4.52	4.60	474863.00
1989-08-01	4.66	4.69	4.60	4.62	853538.00
1989-08-02	4.58	4.62	4.56	4.60	408713.00
1989-08-03	4.60	4.60	4.52	4.52	136688.00
1989-08-04	4.52	4.54	4.49	4.54	565313.00
1989-08-07	4.54	4.68	4.28	4.66	573075.00
1989-08-08	4.68	4.75	4.68	4.75	784688.00
1989-08-09	4.79	4.85	4.75	4.75	352350.00
1989-08-10	4.75	4.76	4.59	4.73	489375.00
1989-08-11	4.73	4.76	4.71	4.71	354375.00
1989-08-14	4.67	4.67	4.59	4.65	253125.00
1989-08-15	4.65	4.69	4.63	4.69	256500.00
1989-08-16	4.73	4.76	4.73	4.75	512325.00
1989-08-17	4.75	4.76	4.67	4.73	963900.00
1989-08-18	4.69	4.80	4.69	4.78	433013.00
1989-08-21	4.75	4.75	4.67	4.71	479925.00
1989-08-22	4.67	4.71	4.65	4.71	171450.00
1989-08-23	4.75	4.75	4.71	4.75	156263.00
1989-08-24	4.75	4.84	4.75	4.82	294975.00
1989-08-25	4.71	4.78	4.71	4.76	620325.00
1989-08-28	4.76	4.78	4.73	4.76	135675.00
1989-08-29	4.75	4.75	4.67	4.67	422888.00
1989-08-30	4.71	4.73	4.59	4.63	589275.00
1989-08-31	4.67	4.69	4.59	4.67	180225.00
1989-09-01	4.71	4.75	4.63	4.69	557888.00
1989-09-05	4.73	4.76	4.59	4.59	392175.00
1989-09-06	4.61	4.61	4.52	4.59	368213.00
1989-09-07	4.59	4.61	4.56	4.59	113738.00
1989-09-08	4.59	4.59	4.52	4.59	369900.00
1989-09-11	4.57	4.63	4.57	4.63	484988.00
1989-09-12	4.63	4.65	4.61	4.63	312525.00
1989-09-13	4.67	4.69	4.59	4.59	729675.00
1989-09-14	4.59	4.63	4.52	4.52	301050.00
1989-09-15	4.48	4.50	4.42	4.46	450900.00
1989-09-18	4.44	4.54	4.44	4.54	110025.00
1989-09-19	4.56	4.56	4.54	4.54	419850.00
1989-09-20	4.54	4.57	4.52	4.57	308138.00
1989-09-21	4.57	4.57	4.54	4.54	116775.00
1989-09-22	4.52	4.52	4.48	4.48	316575.00
1989-09-25	4.48	4.50	4.46	4.50	139388.00
1989-09-26	4.46	4.50	4.42	4.44	280125.00
1989-09-27	4.42	4.50	4.42	4.48	310838.00
1989-09-28	4.48	4.50	4.46	4.48	337838.00
1989-09-29	4.48	4.48	4.42	4.44	175838.00
1989-10-02	4.46	4.46	4.37	4.38	177525.00
1989-10-03	4.44	4.48	4.42	4.46	188663.00
1989-10-04	4.42	4.48	4.40	4.46	282150.00
1989-10-05	4.42	4.42	4.38	4.42	144113.00
1989-10-06	4.44	4.44	4.35	4.38	246038.00
1989-10-09	4.38	4.38	4.35	4.38	146475.00
1989-10-10	4.38	4.38	4.31	4.35	401963.00
1989-10-11	4.35	4.35	4.25	4.33	662175.00
1989-10-12	4.31	4.31	4.18	4.19	540338.00
1989-10-13	4.18	4.21	4.10	4.12	549113.00
1989-10-16	3.87	4.12	3.80	4.10	653400.00
1989-10-17	4.06	4.10	4.02	4.04	381038.00
1989-10-18	4.00	4.02	3.83	3.95	689513.00
1989-10-19	3.97	4.04	3.91	3.95	1035450.00
1989-10-20	3.93	3.97	3.91	3.97	741825.00
1989-10-23	3.93	4.06	3.93	4.00	1172813.00
1989-10-24	4.00	4.02	3.85	3.95	799875.00
1989-10-25	3.99	4.04	3.99	4.02	462038.00
1989-10-26	4.00	4.06	3.95	3.95	481950.00
1989-10-27	3.93	3.95	3.85	3.91	401625.00
1989-10-30	3.93	3.95	3.87	3.87	201825.00
1989-10-31	3.89	3.97	3.85	3.87	288225.00
1989-11-01	3.91	3.91	3.83	3.85	566325.00
1989-11-02	3.83	3.87	3.80	3.83	1046250.00
1989-11-03	3.80	3.83	3.76	3.80	1548788.00
1989-11-06	3.83	3.83	3.72	3.72	572738.00
1989-11-07	3.66	3.76	3.64	3.76	242663.00
1989-11-08	3.75	3.81	3.75	3.81	400950.00
1989-11-09	3.83	3.91	3.81	3.89	296325.00
1989-11-10	3.91	3.96	3.87	3.89	101588.00
1989-11-13	3.85	3.94	3.83	3.94	275400.00
1989-11-14	3.91	3.94	3.85	3.89	130950.00
1989-11-15	3.89	3.89	3.75	3.87	634163.00
1989-11-16	3.85	3.85	3.79	3.83	315563.00
1989-11-17	3.81	3.83	3.79	3.81	386438.00
1989-11-20	3.79	3.85	3.77	3.83	389138.00
1989-11-21	3.85	3.87	3.81	3.81	176850.00
1989-11-22	3.79	3.89	3.79	3.89	301050.00
1989-11-24	3.83	3.91	3.83	3.87	179550.00
1989-11-27	3.87	3.96	3.87	3.94	468788.00
1989-11-28	3.91	4.10	3.91	4.08	518063.00
1989-11-29	4.10	4.13	3.96	4.00	624375.00
1989-11-30	4.02	4.02	3.92	3.94	200138.00
1989-12-01	3.92	4.06	3.92	4.06	599063.00
1989-12-04	4.02	4.06	3.98	4.02	203513.00
1989-12-05	4.02	4.06	3.92	3.94	238950.00
1989-12-06	3.98	3.98	3.75	3.85	750600.00
1989-12-07	3.89	3.89	3.81	3.81	783000.00
1989-12-08	3.83	3.83	3.79	3.81	595013.00
1989-12-11	3.81	3.83	3.69	3.71	584550.00
1989-12-12	3.73	3.75	3.71	3.75	217688.00
1989-12-13	3.75	3.75	3.73	3.73	537638.00
1989-12-14	3.73	3.77	3.73	3.75	775238.00
1989-12-15	3.77	3.87	3.75	3.83	1198463.00
1989-12-18	3.83	3.83	3.75	3.75	315563.00
1989-12-19	3.79	3.81	3.75	3.77	568013.00
1989-12-20	3.75	3.91	3.75	3.91	441788.00
1989-12-21	3.89	3.91	3.77	3.83	475538.00
1989-12-22	3.83	3.83	3.73	3.81	457988.00
1989-12-26	3.81	3.87	3.77	3.81	114075.00
1989-12-27	3.87	3.89	3.83	3.87	180563.00
1989-12-28	3.91	3.91	3.87	3.87	266963.00
1989-12-29	3.87	3.91	3.85	3.87	196088.00
1990-01-02	3.85	4.08	3.85	4.08	914625.00
1990-01-03	4.08	4.17	4.08	4.12	407700.00
1990-01-04	4.13	4.25	4.13	4.23	752625.00
1990-01-05	4.23	4.23	4.15	4.17	227813.00
1990-01-08	4.13	4.17	4.13	4.17	586238.00
1990-01-09	4.15	4.19	4.15	4.17	262575.00
1990-01-10	4.15	4.19	4.13	4.19	298688.00
1990-01-11	4.23	4.25	4.19	4.25	334800.00
1990-01-12	4.21	4.21	4.15	4.17	183938.00
1990-01-15	4.13	4.17	4.13	4.17	352350.00
1990-01-16	4.06	4.15	4.06	4.15	451238.00
1990-01-17	4.13	4.15	4.10	4.12	556200.00
1990-01-18	4.08	4.15	4.08	4.15	390150.00
1990-01-19	4.15	4.15	4.13	4.13	456638.00
1990-01-22	4.13	4.19	4.12	4.12	267638.00
1990-01-23	4.13	4.15	4.06	4.08	597713.00
1990-01-24	4.08	4.10	3.98	4.06	162675.00
1990-01-25	4.10	4.10	4.00	4.00	295650.00
1990-01-26	4.00	4.08	3.71	4.08	375300.00
1990-01-29	4.08	4.10	4.00	4.06	339188.00
1990-01-30	4.10	4.12	4.02	4.08	147825.00
1990-01-31	4.06	4.25	4.06	4.21	341888.00
1990-02-01	4.21	4.23	4.19	4.21	306788.00
1990-02-02	4.17	4.23	4.17	4.21	297675.00
1990-02-05	4.21	4.21	4.13	4.15	144450.00
1990-02-06	4.19	4.19	4.10	4.17	78975.00
1990-02-07	4.13	4.19	4.04	4.19	354375.00
1990-02-08	4.21	4.21	4.13	4.17	655763.00
1990-02-09	4.21	4.21	4.15	4.19	364500.00
1990-02-12	4.17	4.19	4.10	4.10	690863.00
1990-02-13	4.10	4.15	4.10	4.13	137700.00
1990-02-14	4.17	4.17	4.13	4.17	192713.00
1990-02-15	4.15	4.17	4.11	4.17	203850.00
1990-02-16	4.15	4.21	4.15	4.17	172800.00
1990-02-20	4.09	4.17	4.09	4.13	444150.00
1990-02-21	4.15	4.21	4.11	4.21	230850.00
1990-02-22	4.23	4.32	4.21	4.21	1887300.00
1990-02-23	4.19	4.27	4.19	4.25	130275.00
1990-02-26	4.25	4.42	4.25	4.42	473513.00
1990-02-27	4.44	4.56	4.44	4.50	458663.00
1990-02-28	4.54	4.56	4.44	4.48	621675.00
1990-03-01	4.46	4.52	4.46	4.48	450225.00
1990-03-02	4.48	4.48	4.40	4.42	510300.00
1990-03-05	4.42	4.42	4.32	4.32	618638.00
1990-03-06	4.32	4.38	4.31	4.38	755663.00
1990-03-07	4.36	4.40	4.34	4.36	496463.00
1990-03-08	4.36	4.48	4.36	4.48	386438.00
1990-03-09	4.46	4.52	4.40	4.42	409725.00
1990-03-12	4.38	4.44	4.38	4.42	434363.00
1990-03-13	4.40	4.44	4.32	4.36	589613.00
1990-03-14	4.34	4.48	4.34	4.46	348638.00
1990-03-15	4.46	4.58	4.44	4.52	230513.00
1990-03-16	4.61	4.61	4.56	4.58	349988.00
1990-03-19	4.58	4.60	4.56	4.60	644288.00
1990-03-20	4.60	4.63	4.60	4.60	261563.00
1990-03-21	4.61	4.63	4.60	4.61	331425.00
1990-03-22	4.56	4.60	4.48	4.52	592650.00
1990-03-23	4.50	4.52	4.48	4.52	197438.00
1990-03-26	4.56	4.58	4.52	4.54	168413.00
1990-03-27	4.52	4.60	4.50	4.58	202500.00
1990-03-28	4.54	4.58	4.54	4.58	217688.00
1990-03-29	4.56	4.58	4.56	4.58	257175.00
1990-03-30	4.52	4.56	4.50	4.56	360788.00
1990-04-02	4.48	4.52	4.46	4.50	123188.00
1990-04-03	4.52	4.54	4.50	4.52	287888.00
1990-04-04	4.48	4.52	4.44	4.46	148163.00
1990-04-05	4.46	4.48	4.44	4.46	115088.00
1990-04-06	4.46	4.48	4.38	4.46	481950.00
1990-04-09	4.42	4.44	4.38	4.38	327375.00
1990-04-10	4.38	4.44	4.38	4.40	436050.00
1990-04-11	4.36	4.48	4.36	4.48	139388.00
1990-04-12	4.54	4.60	4.50	4.54	144450.00
1990-04-16	4.52	4.58	4.50	4.52	226463.00
1990-04-17	4.48	4.50	4.46	4.50	123863.00
1990-04-18	4.54	4.54	4.46	4.46	300038.00
1990-04-19	4.44	4.46	4.44	4.44	236925.00
1990-04-20	4.42	4.44	4.40	4.40	224100.00
1990-04-23	4.40	4.42	4.40	4.40	359100.00
1990-04-24	4.36	4.38	4.32	4.32	204525.00
1990-04-25	4.34	4.36	4.32	4.34	120825.00
1990-04-26	4.38	4.40	4.36	4.36	209588.00
1990-04-27	4.38	4.38	4.32	4.32	488025.00
1990-04-30	4.32	4.38	4.32	4.36	278438.00
1990-05-01	4.40	4.40	4.34	4.36	56363.00
1990-05-02	4.34	4.42	4.34	4.40	499163.00
1990-05-03	4.44	4.48	4.44	4.48	152213.00
1990-05-04	4.52	4.61	4.52	4.60	336825.00
1990-05-07	4.60	4.73	4.60	4.63	743850.00
1990-05-08	4.63	4.63	4.56	4.63	367875.00
1990-05-09	4.61	4.65	4.60	4.63	231525.00
1990-05-10	4.67	4.69	4.61	4.61	241313.00
1990-05-11	4.57	4.59	4.53	4.59	177188.00
1990-05-14	4.57	4.67	4.57	4.63	710438.00
1990-05-15	4.59	4.67	4.59	4.65	194400.00
1990-05-16	4.65	4.65	4.59	4.63	95513.00
1990-05-17	4.57	4.67	4.57	4.65	240975.00
1990-05-18	4.61	4.65	4.57	4.65	191700.00
1990-05-21	4.61	4.65	4.59	4.65	276750.00
1990-05-22	4.67	4.73	4.63	4.69	605475.00
1990-05-23	4.69	4.73	4.63	4.73	167063.00
1990-05-24	4.73	4.73	4.67	4.71	120825.00
1990-05-25	4.67	4.69	4.65	4.65	34088.00
1990-05-29	4.65	4.83	4.65	4.77	377663.00
1990-05-30	4.79	4.92	4.75	4.92	840038.00
1990-05-31	4.94	4.96	4.86	4.92	588938.00
1990-06-01	4.94	4.94	4.86	4.92	276075.00
1990-06-04	4.88	4.98	4.88	4.96	410738.00
1990-06-05	4.98	5.10	4.98	5.08	286875.00
1990-06-06	5.04	5.10	4.98	4.98	321975.00
1990-06-07	4.98	5.02	4.90	4.96	116775.00
1990-06-08	4.90	4.94	4.69	4.79	374963.00
1990-06-11	4.79	4.83	4.73	4.81	213975.00
1990-06-12	4.83	4.83	4.73	4.79	276075.00
1990-06-13	4.79	4.81	4.75	4.79	315563.00
1990-06-14	4.79	4.94	4.73	4.88	278438.00
1990-06-15	4.86	4.90	4.86	4.88	460350.00
1990-06-18	4.84	4.86	4.79	4.79	349313.00
1990-06-19	4.79	4.90	4.79	4.90	203513.00
1990-06-20	4.90	4.90	4.84	4.86	65813.00
1990-06-21	4.88	4.88	4.79	4.84	110363.00
1990-06-22	4.84	4.88	4.71	4.73	256838.00
1990-06-25	4.73	4.73	4.67	4.73	274388.00
1990-06-26	4.77	4.77	4.63	4.65	377325.00
1990-06-27	4.69	4.69	4.61	4.63	123863.00
1990-06-28	4.63	4.63	4.59	4.59	416138.00
1990-06-29	4.59	4.61	4.53	4.59	99900.00
1990-07-02	4.57	4.65	4.57	4.63	768488.00
1990-07-03	4.65	4.67	4.61	4.63	114750.00
1990-07-05	4.59	4.63	4.55	4.57	379688.00
1990-07-06	4.55	4.65	4.55	4.59	146813.00
1990-07-09	4.59	4.61	4.53	4.57	135338.00
1990-07-10	4.55	4.59	4.53	4.53	107663.00
1990-07-11	4.53	4.57	4.53	4.57	96525.00
1990-07-12	4.55	4.59	4.51	4.59	336825.00
1990-07-13	4.61	4.61	4.53	4.55	218700.00
1990-07-16	4.55	4.55	4.49	4.51	150188.00
1990-07-17	4.47	4.55	4.42	4.55	270000.00
1990-07-18	4.49	4.51	4.47	4.49	130613.00
1990-07-19	4.47	4.49	4.47	4.49	156263.00
1990-07-20	4.47	4.49	4.47	4.47	138375.00
1990-07-23	4.46	4.47	4.38	4.40	240975.00
1990-07-24	4.40	4.42	4.40	4.40	219713.00
1990-07-25	4.40	4.42	4.36	4.36	359438.00
1990-07-26	4.36	4.36	4.28	4.34	471150.00
1990-07-27	4.28	4.34	4.20	4.30	325013.00
1990-07-30	4.24	4.24	4.12	4.18	477225.00
1990-07-31	4.18	4.20	4.12	4.16	295988.00
1990-08-01	4.20	4.20	4.05	4.11	178875.00
1990-08-02	4.05	4.12	4.05	4.11	445500.00
1990-08-03	4.07	4.07	3.89	3.91	378675.00
1990-08-06	3.93	3.93	3.74	3.74	263250.00
1990-08-07	3.79	3.81	3.68	3.70	579825.00
1990-08-08	3.72	3.72	3.66	3.70	753638.00
1990-08-09	3.70	3.81	3.70	3.79	1262250.00
1990-08-10	3.79	3.81	3.74	3.77	423900.00
1990-08-13	3.74	3.79	3.74	3.79	288563.00
1990-08-14	3.81	3.83	3.79	3.79	348975.00
1990-08-15	3.81	3.87	3.81	3.85	463388.00
1990-08-16	3.83	3.89	3.79	3.79	322650.00
1990-08-17	3.65	3.73	3.59	3.63	419850.00
1990-08-20	3.65	3.69	3.61	3.65	287213.00
1990-08-21	3.61	3.61	3.44	3.48	480263.00
1990-08-22	3.48	3.54	3.44	3.46	384750.00
1990-08-23	3.38	3.44	3.26	3.40	467775.00
1990-08-24	3.44	3.48	3.38	3.46	403650.00
1990-08-27	3.55	3.69	3.55	3.65	110363.00
1990-08-28	3.65	3.77	3.63	3.77	229500.00
1990-08-29	3.71	3.77	3.71	3.75	153900.00
1990-08-30	3.77	3.77	3.63	3.65	147825.00
1990-08-31	3.69	3.69	3.63	3.67	97538.00
1990-09-04	3.65	3.73	3.65	3.71	224775.00
1990-09-05	3.67	3.71	3.63	3.67	168413.00
1990-09-06	3.71	3.73	3.67	3.69	112388.00
1990-09-07	3.67	3.73	3.65	3.69	126563.00
1990-09-10	3.73	3.73	3.63	3.67	247388.00
1990-09-11	3.67	3.69	3.67	3.67	105638.00
1990-09-12	3.67	3.77	3.63	3.77	356738.00
1990-09-13	3.77	3.77	3.71	3.73	272025.00
1990-09-14	3.73	3.85	3.71	3.75	172463.00
1990-09-17	3.73	3.73	3.63	3.67	203513.00
1990-09-18	3.67	3.67	3.59	3.67	386775.00
1990-09-19	3.67	3.67	3.57	3.61	178538.00
1990-09-20	3.54	3.65	3.50	3.61	322650.00
1990-09-21	3.61	3.65	3.55	3.55	396225.00
1990-09-24	3.52	3.55	3.48	3.48	394875.00
1990-09-25	3.48	3.63	3.48	3.63	169425.00
1990-09-26	3.63	3.63	3.46	3.57	153225.00
1990-09-27	3.61	3.63	3.44	3.48	112725.00
1990-09-28	3.42	3.57	3.40	3.57	220388.00
1990-10-01	3.57	3.75	3.57	3.75	312525.00
1990-10-02	3.77	3.79	3.67	3.67	220725.00
1990-10-03	3.69	3.71	3.61	3.65	252788.00
1990-10-04	3.67	3.67	3.57	3.59	367875.00
1990-10-05	3.55	3.57	3.48	3.54	181238.00
1990-10-08	3.55	3.55	3.50	3.52	92475.00
1990-10-09	3.48	3.48	3.38	3.40	497138.00
1990-10-10	3.40	3.44	3.36	3.36	208913.00
1990-10-11	3.36	3.38	3.24	3.30	385425.00
1990-10-12	3.30	3.30	3.14	3.14	511313.00
1990-10-15	3.14	3.18	3.14	3.16	452250.00
1990-10-16	3.14	3.16	3.02	3.02	327375.00
1990-10-17	3.06	3.06	2.93	2.97	353025.00
1990-10-18	2.99	3.14	2.95	3.14	284175.00
1990-10-19	3.18	3.28	3.18	3.26	292275.00
1990-10-22	3.34	3.38	3.32	3.34	369563.00
1990-10-23	3.34	3.36	3.22	3.22	334800.00
1990-10-24	3.22	3.24	3.18	3.24	215663.00
1990-10-25	3.22	3.24	3.16	3.20	152888.00
1990-10-26	3.16	3.18	3.10	3.10	273038.00
1990-10-29	3.14	3.18	3.08	3.08	304088.00
1990-10-30	3.12	3.16	3.08	3.16	221738.00
1990-10-31	3.16	3.18	3.12	3.12	148500.00
1990-11-01	3.14	3.22	3.12	3.22	388125.00
1990-11-02	3.22	3.24	3.14	3.14	372938.00
1990-11-05	3.16	3.20	3.16	3.18	494438.00
1990-11-06	3.18	3.20	3.16	3.18	213975.00
1990-11-07	3.18	3.20	3.16	3.16	722250.00
1990-11-08	3.18	3.18	3.16	3.18	245700.00
1990-11-09	3.18	3.20	3.16	3.18	370238.00
1990-11-12	3.18	3.30	3.18	3.30	158963.00
1990-11-13	3.26	3.54	3.26	3.54	252450.00
1990-11-14	3.54	3.59	3.52	3.57	1824863.00
1990-11-15	3.55	3.61	3.53	3.55	395213.00
1990-11-16	3.59	3.63	3.55	3.59	275400.00
1990-11-19	3.63	3.63	3.57	3.61	110363.00
1990-11-20	3.59	3.63	3.57	3.57	218363.00
1990-11-21	3.61	3.61	3.51	3.53	136350.00
1990-11-23	3.49	3.53	3.49	3.49	73575.00
1990-11-26	3.45	3.59	3.43	3.59	99563.00
1990-11-27	3.55	3.59	3.55	3.55	127238.00
1990-11-28	3.59	3.59	3.53	3.57	150525.00
1990-11-29	3.61	3.61	3.45	3.47	263588.00
1990-11-30	3.45	3.57	3.43	3.55	373950.00
1990-12-03	3.59	3.61	3.55	3.59	306113.00
1990-12-04	3.59	3.73	3.59	3.73	475200.00
1990-12-05	3.69	3.73	3.69	3.73	251100.00
1990-12-06	3.77	3.79	3.75	3.77	204863.00
1990-12-07	3.75	3.77	3.65	3.69	260888.00
1990-12-10	3.69	3.69	3.65	3.67	122513.00
1990-12-11	3.67	3.73	3.63	3.71	384750.00
1990-12-12	3.75	3.87	3.75	3.85	391500.00
1990-12-13	3.83	3.97	3.81	3.93	573075.00
1990-12-14	3.93	3.93	3.81	3.91	718875.00
1990-12-17	3.85	3.93	3.79	3.83	970988.00
1990-12-18	3.79	3.83	3.77	3.79	357413.00
1990-12-19	3.79	3.83	3.69	3.71	140400.00
1990-12-20	3.67	3.81	3.65	3.81	271013.00
1990-12-21	3.93	3.93	3.81	3.83	298013.00
1990-12-24	3.81	3.85	3.79	3.81	106650.00
1990-12-26	3.81	3.87	3.81	3.83	74250.00
1990-12-27	3.87	3.89	3.79	3.79	77288.00
1990-12-28	3.79	3.89	3.79	3.85	321975.00
1990-12-31	3.83	3.85	3.79	3.79	185625.00
1991-01-02	3.85	3.85	3.81	3.81	107325.00
1991-01-03	3.83	3.83	3.75	3.75	163013.00
1991-01-04	3.75	3.77	3.75	3.75	184613.00
1991-01-07	3.73	3.83	3.73	3.81	151538.00
1991-01-08	3.77	3.77	3.61	3.69	312188.00
1991-01-09	3.73	3.73	3.63	3.63	442125.00
1991-01-10	3.63	3.67	3.63	3.65	227138.00
1991-01-11	3.65	3.73	3.65	3.73	148163.00
1991-01-14	3.71	3.71	3.65	3.71	57375.00
1991-01-15	3.71	3.83	3.71	3.81	384413.00
1991-01-16	3.79	3.81	3.77	3.79	181238.00
1991-01-17	3.97	4.01	3.75	3.83	1076625.00
1991-01-18	3.81	3.93	3.73	3.81	924750.00
1991-01-21	3.77	3.87	3.75	3.81	545400.00
1991-01-22	3.79	3.89	3.77	3.87	360113.00
1991-01-23	3.87	3.93	3.83	3.87	217013.00
1991-01-24	3.89	4.07	3.87	4.01	329400.00
1991-01-25	3.99	4.15	3.97	4.15	334800.00
1991-01-28	4.09	4.11	4.01	4.11	277425.00
1991-01-29	4.09	4.09	4.03	4.03	334800.00
1991-01-30	4.05	4.07	3.97	4.05	723938.00
1991-01-31	4.07	4.27	4.07	4.25	442125.00
1991-02-01	4.21	4.25	4.13	4.21	255488.00
1991-02-04	4.25	4.29	4.23	4.25	211613.00
1991-02-05	4.23	4.27	4.19	4.25	118800.00
1991-02-06	4.27	4.36	4.23	4.36	250088.00
1991-02-07	4.33	4.48	4.33	4.36	393188.00
1991-02-08	4.33	4.34	4.19	4.34	243000.00
1991-02-11	4.34	4.34	4.29	4.33	105638.00
1991-02-12	4.27	4.29	4.25	4.29	210263.00
1991-02-13	4.28	4.32	4.24	4.30	216338.00
1991-02-14	4.26	4.32	4.14	4.22	235238.00
1991-02-15	4.26	4.36	4.24	4.36	429638.00
1991-02-19	4.32	4.36	4.26	4.32	267638.00
1991-02-20	4.34	4.34	4.30	4.30	151200.00
1991-02-21	4.30	4.34	4.30	4.32	177188.00
1991-02-22	4.34	4.38	4.28	4.32	197775.00
1991-02-25	4.38	4.38	4.26	4.26	144450.00
1991-02-26	4.20	4.22	4.12	4.22	100575.00
1991-02-27	4.22	4.28	4.18	4.18	164363.00
1991-02-28	4.26	4.28	4.22	4.22	239288.00
1991-03-01	4.16	4.34	4.16	4.34	532913.00
1991-03-04	4.44	4.48	4.36	4.42	584550.00
1991-03-05	4.42	4.60	4.42	4.58	588263.00
1991-03-06	4.54	4.54	4.42	4.44	891675.00
1991-03-07	4.40	4.46	4.36	4.40	1045575.00
1991-03-08	4.40	4.44	4.34	4.36	329738.00
1991-03-11	4.40	4.40	4.20	4.24	808988.00
1991-03-12	4.20	4.22	4.06	4.08	467775.00
1991-03-13	4.10	4.20	4.10	4.18	410738.00
1991-03-14	4.18	4.26	4.14	4.18	202500.00
1991-03-15	4.18	4.22	4.10	4.22	364163.00
1991-03-18	4.18	4.20	4.06	4.14	320963.00
1991-03-19	4.08	4.10	4.02	4.04	130613.00
1991-03-20	4.00	4.08	4.00	4.02	251438.00
1991-03-21	4.02	4.04	3.96	3.98	289238.00
1991-03-22	3.88	4.00	3.88	3.96	669600.00
1991-03-25	3.94	4.00	3.94	3.98	606150.00
1991-03-26	3.98	4.06	3.98	4.06	558225.00
1991-03-27	4.04	4.10	4.04	4.04	206213.00
1991-03-28	4.08	4.08	4.00	4.04	290250.00
1991-04-01	4.00	4.00	3.92	3.98	233888.00
1991-04-02	4.00	4.04	3.96	4.00	197100.00
1991-04-03	3.98	4.06	3.98	4.04	218363.00
1991-04-04	4.02	4.04	3.94	4.00	538313.00
1991-04-05	3.96	4.00	3.92	3.96	385763.00
1991-04-08	4.02	4.02	3.98	3.98	337163.00
1991-04-09	4.00	4.00	3.94	3.94	59063.00
1991-04-10	3.94	3.96	3.92	3.96	260213.00
1991-04-11	3.94	3.96	3.84	3.86	245025.00
1991-04-12	3.90	3.90	3.84	3.90	259538.00
1991-04-15	3.90	3.92	3.88	3.92	220388.00
1991-04-16	3.92	4.00	3.88	4.00	479925.00
1991-04-17	4.00	4.26	3.96	4.20	1013850.00
1991-04-18	4.20	4.32	4.20	4.30	488363.00
1991-04-19	4.32	4.32	4.22	4.24	129600.00
1991-04-22	4.26	4.28	4.20	4.26	275738.00
1991-04-23	4.28	4.30	4.26	4.30	270338.00
1991-04-24	4.28	4.32	4.28	4.30	554513.00
1991-04-25	4.28	4.28	4.16	4.16	68175.00
1991-04-26	4.18	4.24	4.14	4.22	164363.00
1991-04-29	4.20	4.28	4.14	4.18	91125.00
1991-04-30	4.18	4.24	4.14	4.20	290250.00
1991-05-01	4.22	4.24	4.12	4.16	224775.00
1991-05-02	4.18	4.18	4.12	4.16	255825.00
1991-05-03	4.16	4.18	4.12	4.12	203850.00
1991-05-06	4.14	4.14	4.08	4.08	140400.00
1991-05-07	4.10	4.12	4.06	4.08	171788.00
1991-05-08	4.04	4.08	4.04	4.08	176513.00
1991-05-09	4.08	4.28	4.08	4.24	185288.00
1991-05-10	4.20	4.28	4.20	4.22	120825.00
1991-05-13	4.22	4.28	4.22	4.28	110025.00
1991-05-14	4.28	4.30	4.26	4.30	428288.00
1991-05-15	4.32	4.34	4.26	4.26	434700.00
1991-05-16	4.32	4.32	4.22	4.26	161663.00
1991-05-17	4.26	4.26	4.20	4.22	229838.00
1991-05-20	4.26	4.26	4.20	4.26	32063.00
1991-05-21	4.26	4.28	4.20	4.24	58388.00
1991-05-22	4.26	4.26	4.18	4.20	166725.00
1991-05-23	4.24	4.26	4.16	4.16	379350.00
1991-05-24	4.18	4.26	4.16	4.20	77288.00
1991-05-28	4.18	4.36	4.18	4.32	524138.00
1991-05-29	4.36	4.44	4.34	4.42	133313.00
1991-05-30	4.42	4.54	4.42	4.52	197100.00
1991-05-31	4.48	4.72	4.48	4.72	586913.00
1991-06-03	4.74	4.86	4.70	4.86	319950.00
1991-06-04	4.84	4.86	4.82	4.82	428963.00
1991-06-05	4.84	4.84	4.60	4.60	2049975.00
1991-06-06	4.62	4.66	4.60	4.62	304088.00
1991-06-07	4.58	4.58	4.46	4.52	425588.00
1991-06-10	4.52	4.56	4.36	4.40	97200.00
1991-06-11	4.42	4.46	4.40	4.44	193388.00
1991-06-12	4.44	4.48	4.38	4.46	297338.00
1991-06-13	4.48	4.52	4.46	4.46	261900.00
1991-06-14	4.48	4.54	4.48	4.54	50288.00
1991-06-17	4.58	4.66	4.48	4.48	186638.00
1991-06-18	4.50	4.52	4.46	4.48	276075.00
1991-06-19	4.46	4.48	4.40	4.46	203513.00
1991-06-20	4.44	4.46	4.30	4.34	451238.00
1991-06-21	4.44	4.50	4.42	4.50	345600.00
1991-06-24	4.46	4.46	4.40	4.42	174488.00
1991-06-25	4.44	4.46	4.38	4.46	221738.00
1991-06-26	4.42	4.50	4.38	4.38	307463.00
1991-06-27	4.42	4.44	4.30	4.38	380700.00
1991-06-28	4.34	4.34	4.20	4.34	164700.00
1991-07-01	4.42	4.42	4.28	4.30	147488.00
1991-07-02	4.28	4.36	4.26	4.36	325688.00
1991-07-03	4.32	4.36	4.30	4.34	583538.00
1991-07-05	4.32	4.40	4.32	4.38	39488.00
1991-07-08	4.34	4.38	4.30	4.38	366525.00
1991-07-09	4.38	4.40	4.30	4.32	171788.00
1991-07-10	4.32	4.42	4.32	4.34	226463.00
1991-07-11	4.34	4.40	4.34	4.36	135675.00
1991-07-12	4.42	4.42	4.36	4.36	193388.00
1991-07-15	4.38	4.42	4.36	4.36	46913.00
1991-07-16	4.36	4.40	4.34	4.36	103950.00
1991-07-17	4.34	4.38	4.34	4.36	80663.00
1991-07-18	4.40	4.40	4.32	4.36	436725.00
1991-07-19	4.36	4.48	4.34	4.42	110700.00
1991-07-22	4.46	4.46	4.42	4.42	96863.00
1991-07-23	4.44	4.44	4.42	4.42	83363.00
1991-07-24	4.44	4.44	4.38	4.40	91800.00
1991-07-25	4.40	4.40	4.36	4.36	71888.00
1991-07-26	4.36	4.40	4.32	4.34	122513.00
1991-07-29	4.32	4.34	4.32	4.34	134663.00
1991-07-30	4.30	4.36	4.30	4.36	184275.00
1991-07-31	4.36	4.36	4.30	4.30	212625.00
1991-08-01	4.30	4.32	4.28	4.30	137700.00
1991-08-02	4.34	4.34	4.28	4.30	77288.00
1991-08-05	4.28	4.28	4.26	4.28	150188.00
1991-08-06	4.28	4.36	4.28	4.36	185288.00
1991-08-07	4.36	4.36	4.30	4.34	93150.00
1991-08-08	4.30	4.36	4.24	4.24	611213.00
1991-08-09	4.24	4.28	4.22	4.22	250763.00
1991-08-12	4.22	4.26	4.20	4.22	87075.00
1991-08-13	4.22	4.26	4.20	4.20	123525.00
1991-08-14	4.22	4.26	4.20	4.20	129938.00
1991-08-15	4.20	4.32	4.20	4.26	329738.00
1991-08-16	4.26	4.32	4.26	4.30	302063.00
1991-08-19	4.13	4.19	4.09	4.15	627075.00
1991-08-20	4.17	4.21	4.09	4.15	509625.00
1991-08-21	4.19	4.30	4.17	4.28	394538.00
1991-08-22	4.30	4.30	4.19	4.26	143100.00
1991-08-23	4.21	4.34	4.21	4.34	514688.00
1991-08-26	4.36	4.36	4.30	4.30	233213.00
1991-08-27	4.34	4.34	4.28	4.32	145125.00
1991-08-28	4.28	4.32	4.28	4.32	183263.00
1991-08-29	4.30	4.32	4.28	4.28	140738.00
1991-08-30	4.28	4.30	4.26	4.30	236250.00
1991-09-03	4.30	4.34	4.28	4.28	180563.00
1991-09-04	4.30	4.30	4.28	4.28	184950.00
1991-09-05	4.28	4.32	4.24	4.28	685800.00
1991-09-06	4.28	4.28	4.21	4.24	286200.00
1991-09-09	4.26	4.26	4.21	4.21	818100.00
1991-09-10	4.21	4.24	4.17	4.17	165713.00
1991-09-11	4.17	4.19	4.15	4.19	381038.00
1991-09-12	4.17	4.19	4.15	4.19	332438.00
1991-09-13	4.17	4.19	4.03	4.05	284850.00
1991-09-16	4.03	4.13	4.03	4.13	558225.00
1991-09-17	4.13	4.13	4.03	4.03	287888.00
1991-09-18	4.01	4.11	4.01	4.11	88088.00
1991-09-19	4.11	4.13	4.05	4.13	98550.00
1991-09-20	4.17	4.17	4.07	4.11	628425.00
1991-09-23	4.07	4.09	4.01	4.01	141075.00
1991-09-24	4.01	4.07	4.01	4.05	350325.00
1991-09-25	4.05	4.13	4.05	4.11	514688.00
1991-09-26	4.11	4.19	4.09	4.15	334463.00
1991-09-27	4.13	4.26	4.13	4.26	299025.00
1991-09-30	4.26	4.26	4.15	4.15	131288.00
1991-10-01	4.15	4.15	4.09	4.13	594338.00
1991-10-02	4.13	4.24	4.13	4.24	531900.00
1991-10-03	4.21	4.24	4.17	4.19	113063.00
1991-10-04	4.19	4.24	4.19	4.24	460013.00
1991-10-07	4.24	4.28	4.21	4.21	178538.00
1991-10-08	4.19	4.34	4.15	4.34	716513.00
1991-10-09	4.32	4.36	4.28	4.30	406013.00
1991-10-10	4.32	4.32	4.26	4.32	237263.00
1991-10-11	4.32	4.32	4.28	4.30	89775.00
1991-10-14	4.30	4.34	4.30	4.34	181575.00
1991-10-15	4.34	4.56	4.32	4.56	280800.00
1991-10-16	4.56	4.64	4.56	4.64	178538.00
1991-10-17	4.62	4.68	4.62	4.68	403650.00
1991-10-18	4.68	4.85	4.66	4.70	865350.00
1991-10-21	4.70	4.70	4.64	4.64	569025.00
1991-10-22	4.68	4.70	4.64	4.68	809663.00
1991-10-23	4.68	4.68	4.64	4.66	712463.00
1991-10-24	4.62	4.68	4.58	4.68	158625.00
1991-10-25	4.70	4.70	4.64	4.68	224438.00
1991-10-28	4.66	4.68	4.58	4.62	380363.00
1991-10-29	4.66	4.76	4.62	4.76	251100.00
1991-10-30	4.76	4.91	4.74	4.89	506925.00
1991-10-31	4.85	4.91	4.81	4.91	212963.00
1991-11-01	4.87	4.89	4.79	4.83	526500.00
1991-11-04	4.79	4.85	4.79	4.83	190350.00
1991-11-05	4.81	4.87	4.81	4.83	242663.00
1991-11-06	4.79	4.83	4.79	4.83	199463.00
1991-11-07	4.83	4.83	4.64	4.76	475538.00
1991-11-08	4.81	4.87	4.79	4.87	200475.00
1991-11-11	4.87	5.05	4.87	5.05	414450.00
1991-11-12	5.03	5.03	4.85	4.93	221063.00
1991-11-13	4.91	4.93	4.89	4.91	126563.00
1991-11-14	4.90	4.99	4.90	4.97	273375.00
1991-11-15	4.97	4.97	4.86	4.86	465750.00
1991-11-18	4.84	4.86	4.78	4.84	402975.00
1991-11-19	4.80	4.88	4.74	4.88	513000.00
1991-11-20	4.90	4.92	4.82	4.82	779963.00
1991-11-21	4.82	4.82	4.78	4.80	360113.00
1991-11-22	4.78	4.84	4.76	4.82	299025.00
1991-11-25	4.86	4.86	4.76	4.80	203513.00
1991-11-26	4.84	4.97	4.82	4.90	438075.00
1991-11-27	4.90	4.92	4.80	4.82	110363.00
1991-11-29	4.82	4.86	4.80	4.82	23288.00
1991-12-02	4.82	4.82	4.76	4.76	507263.00
1991-12-03	4.80	4.80	4.74	4.74	490050.00
1991-12-04	4.76	4.80	4.74	4.78	267300.00
1991-12-05	4.76	4.78	4.74	4.76	187988.00
1991-12-06	4.72	4.78	4.72	4.78	309488.00
1991-12-09	4.78	4.78	4.72	4.72	289913.00
1991-12-10	4.70	4.72	4.70	4.70	403988.00
1991-12-11	4.72	4.74	4.43	4.58	532913.00
1991-12-12	4.53	4.58	4.51	4.58	388800.00
1991-12-13	4.62	4.64	4.60	4.64	220388.00
1991-12-16	4.60	4.64	4.60	4.62	385088.00
1991-12-17	4.66	4.66	4.60	4.62	84038.00
1991-12-18	4.60	4.66	4.60	4.64	154238.00
1991-12-19	4.62	4.64	4.60	4.62	76613.00
1991-12-20	4.88	4.88	4.70	4.70	345600.00
1991-12-23	4.74	4.74	4.68	4.74	213300.00
1991-12-24	4.78	4.86	4.76	4.86	338850.00
1991-12-26	4.86	4.90	4.84	4.86	196088.00
1991-12-27	4.90	4.90	4.88	4.90	29363.00
1991-12-30	4.90	5.01	4.88	5.01	194400.00
1991-12-31	4.92	5.05	4.92	5.03	550800.00
1992-01-02	5.03	5.03	4.90	5.01	217350.00
1992-01-03	4.99	5.05	4.94	5.05	310163.00
1992-01-06	5.05	5.21	5.05	5.15	538988.00
1992-01-07	5.13	5.19	4.99	4.99	169763.00
1992-01-08	4.97	5.21	4.94	5.13	646650.00
1992-01-09	5.13	5.21	5.03	5.07	186975.00
1992-01-10	5.09	5.13	4.99	5.05	159975.00
1992-01-13	5.05	5.09	4.90	4.92	392175.00
1992-01-14	4.92	4.97	4.80	4.94	591975.00
1992-01-15	4.94	5.09	4.86	5.09	975038.00
1992-01-16	5.09	5.25	5.09	5.25	839025.00
1992-01-17	5.29	5.29	5.13	5.13	322313.00
1992-01-20	5.15	5.17	5.13	5.15	91125.00
1992-01-21	5.15	5.15	5.03	5.03	340538.00
1992-01-22	5.05	5.09	5.01	5.05	371588.00
1992-01-23	5.03	5.05	4.97	5.03	370575.00
1992-01-24	5.03	5.11	4.97	5.07	658463.00
1992-01-27	5.09	5.21	5.09	5.21	420188.00
1992-01-28	5.21	5.40	5.21	5.31	538313.00
1992-01-29	5.25	5.46	5.25	5.36	561600.00
1992-01-30	5.33	5.36	5.27	5.33	545738.00
1992-01-31	5.33	5.33	5.25	5.27	751950.00
1992-02-03	5.25	5.25	5.21	5.25	360788.00
1992-02-04	5.21	5.21	5.11	5.17	327375.00
1992-02-05	5.17	5.17	5.05	5.13	221063.00
1992-02-06	5.09	5.13	5.05	5.09	385763.00
1992-02-07	5.09	5.13	4.99	5.07	203175.00
1992-02-10	5.07	5.40	5.07	5.40	805275.00
1992-02-11	5.33	5.36	5.27	5.36	129263.00
1992-02-12	5.35	5.39	5.33	5.39	347625.00
1992-02-13	5.39	5.41	5.35	5.41	281813.00
1992-02-14	5.41	5.54	5.41	5.48	415463.00
1992-02-18	5.48	5.48	5.33	5.33	188663.00
1992-02-19	5.35	5.46	5.33	5.41	505575.00
1992-02-20	5.39	5.62	5.39	5.62	708075.00
1992-02-21	5.62	5.74	5.62	5.68	845100.00
1992-02-24	5.62	5.74	5.62	5.74	384413.00
1992-02-25	5.74	5.74	5.54	5.58	374288.00
1992-02-26	5.58	5.70	5.56	5.70	535613.00
1992-02-27	5.68	5.72	5.66	5.70	184950.00
1992-02-28	5.72	5.77	5.70	5.74	436388.00
1992-03-02	5.70	5.83	5.68	5.81	551813.00
1992-03-03	5.79	5.79	5.68	5.74	500175.00
1992-03-04	5.70	5.70	5.58	5.64	157613.00
1992-03-05	5.60	5.60	5.48	5.54	590963.00
1992-03-06	5.58	5.58	5.37	5.46	359438.00
1992-03-09	5.50	5.58	5.48	5.50	317250.00
1992-03-10	5.50	5.50	5.39	5.41	273375.00
1992-03-11	5.37	5.39	5.04	5.25	717863.00
1992-03-12	5.25	5.41	5.23	5.39	224100.00
1992-03-13	5.50	5.58	5.41	5.54	375975.00
1992-03-16	5.58	5.60	5.54	5.56	208913.00
1992-03-17	5.58	5.77	5.58	5.77	359100.00
1992-03-18	5.74	5.77	5.72	5.74	433013.00
1992-03-19	5.77	5.87	5.74	5.87	866700.00
1992-03-20	5.87	5.87	5.81	5.85	361463.00
1992-03-23	5.74	5.77	5.66	5.72	115425.00
1992-03-24	5.74	5.77	5.64	5.66	119138.00
1992-03-25	5.66	5.66	5.62	5.62	166050.00
1992-03-26	5.62	5.64	5.60	5.64	211275.00
1992-03-27	5.62	5.68	5.62	5.62	84038.00
1992-03-30	5.64	5.64	5.56	5.62	196088.00
1992-03-31	5.62	5.62	5.54	5.56	641588.00
1992-04-01	5.52	5.52	5.39	5.43	250425.00
1992-04-02	5.46	5.48	5.39	5.39	516713.00
1992-04-03	5.37	5.37	5.27	5.37	763088.00
1992-04-06	5.41	5.43	5.41	5.41	88425.00
1992-04-07	5.39	5.39	5.25	5.37	232538.00
1992-04-08	5.35	5.37	5.27	5.29	333788.00
1992-04-09	5.31	5.39	5.29	5.31	594675.00
1992-04-10	5.31	5.33	5.27	5.31	682088.00
1992-04-13	5.31	5.37	5.29	5.37	85388.00
1992-04-14	5.37	5.46	5.37	5.43	443813.00
1992-04-15	5.43	5.62	5.39	5.62	604800.00
1992-04-16	5.60	5.77	5.58	5.72	414450.00
1992-04-20	5.77	5.91	5.77	5.89	244013.00
1992-04-21	5.85	5.99	5.85	5.95	341550.00
1992-04-22	5.93	5.97	5.91	5.95	523125.00
1992-04-23	5.95	5.95	5.87	5.91	501525.00
1992-04-24	5.91	5.99	5.91	5.91	397575.00
1992-04-27	5.91	5.91	5.81	5.81	388463.00
1992-04-28	5.83	5.83	5.72	5.74	331425.00
1992-04-29	5.74	5.74	5.66	5.66	127238.00
1992-04-30	5.68	5.77	5.62	5.77	227813.00
1992-05-01	5.74	5.77	5.68	5.77	107663.00
1992-05-04	5.72	5.79	5.66	5.70	161325.00
1992-05-05	5.70	5.70	5.58	5.60	394200.00
1992-05-06	5.60	5.70	5.58	5.70	310500.00
1992-05-07	5.79	5.91	5.79	5.91	359438.00
1992-05-08	5.93	5.97	5.83	5.89	357413.00
1992-05-11	5.89	5.97	5.89	5.97	433688.00
1992-05-12	5.93	5.93	5.85	5.87	124200.00
1992-05-13	5.85	5.85	5.70	5.70	120488.00
1992-05-14	5.72	5.76	5.62	5.74	126563.00
1992-05-15	5.72	5.81	5.68	5.74	136688.00
1992-05-18	5.74	5.76	5.66	5.70	67838.00
1992-05-19	5.70	5.81	5.66	5.78	142425.00
1992-05-20	5.78	5.89	5.76	5.89	247050.00
1992-05-21	5.85	5.87	5.78	5.81	144113.00
1992-05-22	5.81	5.85	5.78	5.78	166388.00
1992-05-26	5.74	5.74	5.64	5.66	467100.00
1992-05-27	5.66	5.68	5.62	5.62	382388.00
1992-05-28	5.60	5.64	5.45	5.47	289575.00
1992-05-29	5.47	5.49	5.45	5.47	426263.00
1992-06-01	5.45	5.49	5.39	5.49	435038.00
1992-06-02	5.49	5.51	5.47	5.49	281475.00
1992-06-03	5.49	5.49	5.47	5.47	183263.00
1992-06-04	5.47	5.49	5.45	5.47	245700.00
1992-06-05	5.43	5.45	5.41	5.43	112050.00
1992-06-08	5.43	5.43	5.39	5.43	91463.00
1992-06-09	5.39	5.41	5.33	5.33	128925.00
1992-06-10	5.33	5.35	5.20	5.22	344925.00
1992-06-11	5.22	5.22	5.12	5.14	173475.00
1992-06-12	5.18	5.18	5.12	5.12	192713.00
1992-06-15	5.08	5.08	4.99	5.01	921713.00
1992-06-16	4.99	4.99	4.83	4.83	533925.00
1992-06-17	4.72	4.85	4.70	4.74	1194075.00
1992-06-18	4.72	4.81	4.62	4.62	180563.00
1992-06-19	4.62	4.62	4.49	4.60	3959550.00
1992-06-22	4.56	4.64	4.56	4.64	640575.00
1992-06-23	4.64	4.77	4.64	4.74	272700.00
1992-06-24	4.72	4.81	4.66	4.68	218700.00
1992-06-25	4.68	4.89	4.68	4.83	438413.00
1992-06-26	4.81	4.83	4.79	4.79	49950.00
1992-06-29	4.79	4.81	4.74	4.79	183263.00
1992-06-30	4.83	4.89	4.81	4.85	299363.00
1992-07-01	4.87	4.89	4.79	4.81	190013.00
1992-07-02	4.79	4.83	4.72	4.72	220725.00
1992-07-06	4.72	4.77	4.66	4.77	345938.00
1992-07-07	4.81	4.87	4.70	4.70	215663.00
1992-07-08	4.68	4.72	4.66	4.72	164700.00
1992-07-09	4.77	4.77	4.74	4.77	156600.00
1992-07-10	4.77	4.77	4.70	4.72	96525.00
1992-07-13	4.72	4.74	4.70	4.70	199800.00
1992-07-14	4.70	4.74	4.66	4.70	227138.00
1992-07-15	4.70	4.70	4.64	4.66	508613.00
1992-07-16	4.64	4.72	4.64	4.72	274725.00
1992-07-17	4.68	4.70	4.64	4.70	165713.00
1992-07-20	4.70	4.70	4.66	4.70	229500.00
1992-07-21	4.74	4.79	4.70	4.72	79313.00
1992-07-22	4.74	4.77	4.70	4.77	136350.00
1992-07-23	4.74	4.74	4.68	4.72	134663.00
1992-07-24	4.68	4.74	4.68	4.72	56700.00
1992-07-27	4.77	4.77	4.70	4.77	162338.00
1992-07-28	4.81	4.95	4.79	4.91	170775.00
1992-07-29	4.89	5.10	4.89	5.08	357750.00
1992-07-30	5.12	5.16	5.12	5.14	172463.00
1992-07-31	5.14	5.14	4.99	4.99	86738.00
1992-08-03	4.95	4.99	4.93	4.95	116775.00
1992-08-04	4.95	4.95	4.87	4.89	68513.00
1992-08-05	4.89	4.97	4.89	4.95	133313.00
1992-08-06	4.99	5.04	4.93	4.99	303750.00
1992-08-07	4.99	4.99	4.83	4.83	112050.00
1992-08-10	4.83	4.85	4.81	4.85	330750.00
1992-08-11	4.85	4.85	4.70	4.77	230513.00
1992-08-12	4.77	4.81	4.60	4.70	172463.00
1992-08-13	4.76	4.81	4.74	4.74	56025.00
1992-08-14	4.79	4.87	4.76	4.87	61425.00
1992-08-17	4.85	4.87	4.83	4.85	126225.00
1992-08-18	4.85	4.89	4.81	4.87	87750.00
1992-08-19	4.89	4.89	4.83	4.85	55013.00
1992-08-20	4.83	4.89	4.81	4.89	99563.00
1992-08-21	4.89	4.89	4.81	4.85	144450.00
1992-08-24	4.83	4.85	4.81	4.83	67500.00
1992-08-25	4.79	4.81	4.74	4.76	672975.00
1992-08-26	4.76	4.81	4.76	4.81	64800.00
1992-08-27	4.81	4.83	4.79	4.83	105300.00
1992-08-28	4.85	4.95	4.85	4.93	100913.00
1992-08-31	4.93	4.95	4.91	4.95	155925.00
1992-09-01	5.02	5.02	4.97	4.99	116438.00
1992-09-02	4.99	5.04	4.95	5.04	375638.00
1992-09-03	5.04	5.10	5.02	5.04	519750.00
1992-09-04	5.04	5.08	5.04	5.04	47925.00
1992-09-08	5.02	5.02	4.93	4.97	238950.00
1992-09-09	4.97	4.97	4.91	4.95	194063.00
1992-09-10	4.97	5.12	4.97	5.10	336825.00
1992-09-11	5.10	5.14	5.08	5.14	258525.00
1992-09-14	5.14	5.33	5.14	5.33	650700.00
1992-09-15	5.29	5.29	5.20	5.20	165038.00
1992-09-16	5.16	5.35	5.16	5.31	493088.00
1992-09-17	5.31	5.37	5.27	5.27	833625.00
1992-09-18	5.25	5.27	5.25	5.27	477225.00
1992-09-21	5.20	5.20	5.14	5.14	147150.00
1992-09-22	5.16	5.16	5.08	5.10	106988.00
1992-09-23	5.10	5.10	5.04	5.04	156938.00
1992-09-24	5.04	5.06	5.02	5.04	61088.00
1992-09-25	5.04	5.04	4.99	5.02	190688.00
1992-09-28	4.99	5.06	4.99	5.04	101588.00
1992-09-29	5.02	5.16	4.99	5.08	164700.00
1992-09-30	5.10	5.14	5.08	5.12	77288.00
1992-10-01	5.12	5.12	4.97	4.97	63450.00
1992-10-02	4.97	4.97	4.87	4.87	105300.00
1992-10-05	4.83	4.83	4.70	4.74	159638.00
1992-10-06	4.74	4.91	4.72	4.89	137025.00
1992-10-07	4.87	4.97	4.83	4.93	773213.00
1992-10-08	4.95	4.97	4.83	4.83	504900.00
1992-10-09	4.83	4.83	4.60	4.60	275738.00
1992-10-12	4.64	4.66	4.55	4.55	123188.00
1992-10-13	4.60	4.85	4.60	4.64	272700.00
1992-10-14	4.64	4.76	4.64	4.68	423900.00
1992-10-15	4.62	4.62	4.53	4.53	322650.00
1992-10-16	4.53	4.53	4.45	4.45	435038.00
1992-10-19	4.47	4.60	4.39	4.58	374288.00
1992-10-20	4.60	4.64	4.60	4.64	645975.00
1992-10-21	4.62	4.62	4.58	4.60	342563.00
1992-10-22	4.62	4.66	4.60	4.66	313875.00
1992-10-23	4.68	4.83	4.66	4.83	407363.00
1992-10-26	4.83	4.83	4.76	4.76	287550.00
1992-10-27	4.76	4.79	4.76	4.79	207563.00
1992-10-28	4.76	4.79	4.72	4.72	325350.00
1992-10-29	4.72	4.74	4.68	4.70	294300.00
1992-10-30	4.68	4.72	4.66	4.72	277763.00
1992-11-02	4.70	4.72	4.68	4.68	338513.00
1992-11-03	4.68	4.85	4.68	4.81	168750.00
1992-11-04	4.81	4.85	4.74	4.74	251438.00
1992-11-05	4.76	4.91	4.74	4.89	234900.00
1992-11-06	4.85	4.87	4.81	4.81	382050.00
1992-11-09	4.81	4.81	4.72	4.74	366525.00
1992-11-10	4.81	4.81	4.79	4.79	625050.00
1992-11-11	4.81	4.81	4.76	4.76	531225.00
1992-11-12	4.74	4.74	4.59	4.59	639225.00
1992-11-13	4.64	4.68	4.61	4.64	285188.00
1992-11-16	4.64	4.68	4.64	4.64	115425.00
1992-11-17	4.66	4.66	4.61	4.64	97875.00
1992-11-18	4.57	4.68	4.53	4.68	433013.00
1992-11-19	4.68	4.72	4.61	4.61	341550.00
1992-11-20	4.66	4.66	4.59	4.59	114413.00
1992-11-23	4.59	4.59	4.44	4.51	258863.00
1992-11-24	4.49	4.57	4.44	4.57	302063.00
1992-11-25	4.55	4.61	4.55	4.59	201488.00
1992-11-27	4.59	4.72	4.59	4.66	115088.00
1992-11-30	4.66	4.83	4.66	4.80	348638.00
1992-12-01	4.78	4.87	4.78	4.87	318600.00
1992-12-02	4.85	4.87	4.76	4.80	208238.00
1992-12-03	4.80	4.83	4.68	4.70	180900.00
1992-12-04	4.70	4.74	4.64	4.68	281138.00
1992-12-07	4.68	4.68	4.53	4.53	524475.00
1992-12-08	4.55	4.59	4.53	4.55	609525.00
1992-12-09	4.55	4.64	4.55	4.64	240638.00
1992-12-10	4.61	4.64	4.57	4.57	334125.00
1992-12-11	4.61	4.72	4.61	4.72	364500.00
1992-12-14	4.70	4.74	4.70	4.74	275063.00
1992-12-15	4.72	4.74	4.68	4.72	275738.00
1992-12-16	4.72	4.74	4.66	4.68	469800.00
1992-12-17	4.66	4.70	4.61	4.70	185288.00
1992-12-18	4.70	4.70	4.68	4.70	445500.00
1992-12-21	4.70	4.74	4.68	4.72	400275.00
1992-12-22	4.74	4.85	4.74	4.80	969638.00
1992-12-23	4.78	4.83	4.76	4.78	768825.00
1992-12-24	4.80	4.80	4.76	4.80	27338.00
1992-12-28	4.83	4.83	4.76	4.78	69188.00
1992-12-29	4.85	4.85	4.78	4.78	212625.00
1992-12-30	4.78	4.89	4.76	4.83	447863.00
1992-12-31	4.80	5.02	4.80	5.02	343575.00
1993-01-04	5.00	5.21	5.00	5.19	647663.00
1993-01-05	5.19	5.23	5.19	5.23	533588.00
1993-01-06	5.21	5.50	5.21	5.31	835650.00
1993-01-07	5.33	5.50	5.29	5.46	1082025.00
1993-01-08	5.46	5.50	5.44	5.50	465750.00
1993-01-11	5.50	5.50	5.31	5.31	1111725.00
1993-01-12	5.29	5.29	5.23	5.27	653400.00
1993-01-13	5.25	5.33	5.25	5.25	783338.00
1993-01-14	5.21	5.29	5.21	5.27	785700.00
1993-01-15	5.29	5.29	5.25	5.27	155250.00
1993-01-18	5.27	5.36	5.27	5.33	167400.00
1993-01-19	5.31	5.36	5.31	5.36	136688.00
1993-01-20	5.33	5.33	5.27	5.29	139725.00
1993-01-21	5.27	5.36	5.27	5.36	345600.00
1993-01-22	5.36	5.55	5.36	5.46	599400.00
1993-01-25	5.46	5.46	5.40	5.42	191363.00
1993-01-26	5.46	5.48	5.42	5.44	48263.00
1993-01-27	5.42	5.44	5.42	5.42	254138.00
1993-01-28	5.42	5.48	5.42	5.48	188663.00
1993-01-29	5.48	5.59	5.48	5.52	348975.00
1993-02-01	5.52	5.57	5.46	5.57	151875.00
1993-02-02	5.52	5.63	5.44	5.63	433350.00
1993-02-03	5.67	5.71	5.67	5.69	398925.00
1993-02-04	5.61	5.67	5.59	5.63	657113.00
1993-02-05	5.61	5.76	5.61	5.76	378675.00
1993-02-08	5.76	5.80	5.65	5.67	475875.00
1993-02-09	5.61	5.67	5.59	5.63	313538.00
1993-02-10	5.65	5.67	5.57	5.61	128588.00
1993-02-11	5.63	5.67	5.54	5.67	215325.00
1993-02-12	5.65	5.71	5.63	5.63	180225.00
1993-02-16	5.67	5.67	5.42	5.42	303413.00
1993-02-17	5.42	5.44	5.33	5.39	288225.00
1993-02-18	5.44	5.44	5.35	5.42	153563.00
1993-02-19	5.42	5.42	5.37	5.39	66150.00
1993-02-22	5.42	5.42	5.35	5.39	159975.00
1993-02-23	5.37	5.44	5.31	5.37	1017900.00
1993-02-24	5.42	5.50	5.42	5.48	279788.00
1993-02-25	5.50	5.54	5.48	5.52	748913.00
1993-02-26	5.50	5.63	5.48	5.52	206213.00
1993-03-01	5.48	5.52	5.44	5.46	197438.00
1993-03-02	5.46	5.54	5.44	5.52	433688.00
1993-03-03	5.50	5.56	5.50	5.52	155925.00
1993-03-04	5.54	5.54	5.39	5.42	110025.00
1993-03-05	5.42	5.44	5.35	5.42	269325.00
1993-03-08	5.46	5.56	5.42	5.56	372938.00
1993-03-09	5.56	5.61	5.54	5.61	305100.00
1993-03-10	5.61	5.61	5.50	5.54	157613.00
1993-03-11	5.52	5.61	5.52	5.59	66150.00
1993-03-12	5.54	5.54	5.44	5.46	174825.00
1993-03-15	5.44	5.46	5.42	5.46	111038.00
1993-03-16	5.46	5.48	5.44	5.48	77288.00
1993-03-17	5.46	5.46	5.44	5.44	81675.00
1993-03-18	5.44	5.46	5.42	5.44	193388.00
1993-03-19	5.50	5.54	5.44	5.48	200138.00
1993-03-22	5.46	5.50	5.39	5.48	492413.00
1993-03-23	5.52	5.61	5.50	5.52	246375.00
1993-03-24	5.54	5.80	5.54	5.71	540338.00
1993-03-25	5.69	5.78	5.67	5.71	181575.00
1993-03-26	5.71	5.74	5.69	5.71	190350.00
1993-03-29	5.74	5.80	5.74	5.78	141413.00
1993-03-30	5.76	5.76	5.59	5.61	699975.00
1993-03-31	5.63	5.63	5.54	5.54	770850.00
1993-04-01	5.56	5.56	5.35	5.37	429975.00
1993-04-02	5.29	5.29	5.05	5.14	939263.00
1993-04-05	5.18	5.24	5.18	5.20	685800.00
1993-04-06	5.22	5.29	5.22	5.27	218025.00
1993-04-07	5.29	5.29	5.27	5.27	43200.00
1993-04-08	5.27	5.27	5.22	5.27	111375.00
1993-04-12	5.24	5.31	5.24	5.29	194400.00
1993-04-13	5.27	5.29	5.27	5.29	70200.00
1993-04-14	5.24	5.24	5.18	5.18	213975.00
1993-04-15	5.14	5.14	5.07	5.10	185288.00
1993-04-16	5.12	5.12	5.05	5.10	277763.00
1993-04-19	5.12	5.12	5.07	5.10	128588.00
1993-04-20	5.07	5.10	5.07	5.07	231525.00
1993-04-21	5.10	5.16	5.10	5.14	890325.00
1993-04-22	5.18	5.29	5.14	5.16	601763.00
1993-04-23	5.10	5.10	4.93	4.95	1422563.00
1993-04-26	4.99	4.99	4.78	4.90	408713.00
1993-04-27	4.93	5.03	4.84	5.03	1263263.00
1993-04-28	4.99	5.03	4.99	5.03	204525.00
1993-04-29	5.07	5.07	5.03	5.03	206888.00
1993-04-30	5.05	5.12	5.05	5.07	169763.00
1993-05-03	5.10	5.12	5.07	5.12	454613.00
1993-05-04	5.10	5.16	5.10	5.10	741488.00
1993-05-05	5.10	5.16	5.10	5.16	1005750.00
1993-05-06	5.16	5.20	5.16	5.20	654750.00
1993-05-07	5.20	5.22	5.18	5.18	517388.00
1993-05-10	5.20	5.22	5.12	5.12	131963.00
1993-05-11	5.16	5.20	5.14	5.18	81000.00
1993-05-12	5.18	5.33	5.18	5.33	314550.00
1993-05-13	5.31	5.35	5.29	5.29	184275.00
1993-05-14	5.26	5.29	5.24	5.29	150525.00
1993-05-17	5.29	5.41	5.29	5.41	329063.00
1993-05-18	5.39	5.44	5.31	5.31	179213.00
1993-05-19	5.31	5.41	5.29	5.41	197438.00
1993-05-20	5.41	5.50	5.41	5.50	151875.00
1993-05-21	5.50	5.50	5.39	5.41	214313.00
1993-05-24	5.44	5.52	5.39	5.52	65138.00
1993-05-25	5.50	5.52	5.48	5.50	182250.00
1993-05-26	5.46	5.57	5.39	5.57	214313.00
1993-05-27	5.54	5.57	5.52	5.54	464063.00
1993-05-28	5.50	5.57	5.48	5.52	232875.00
1993-06-01	5.54	5.72	5.52	5.65	481275.00
1993-06-02	5.61	5.65	5.57	5.65	148838.00
1993-06-03	5.69	5.82	5.69	5.80	621675.00
1993-06-04	5.78	5.82	5.76	5.80	926100.00
1993-06-07	5.80	5.80	5.69	5.69	118463.00
1993-06-08	5.69	5.69	5.61	5.63	136013.00
1993-06-09	5.65	5.69	5.63	5.65	168075.00
1993-06-10	5.65	5.69	5.63	5.63	511988.00
1993-06-11	5.65	5.69	5.52	5.65	416813.00
1993-06-14	5.67	5.72	5.65	5.67	211613.00
1993-06-15	5.67	5.80	5.67	5.78	550800.00
1993-06-16	5.76	5.80	5.65	5.69	238275.00
1993-06-17	5.65	5.78	5.65	5.76	263250.00
1993-06-18	5.78	5.78	5.69	5.69	217350.00
1993-06-21	5.72	5.74	5.69	5.74	136350.00
1993-06-22	5.74	5.76	5.72	5.74	708750.00
1993-06-23	5.74	5.82	5.74	5.78	416475.00
1993-06-24	5.78	5.82	5.76	5.82	296663.00
1993-06-25	5.82	5.87	5.74	5.76	109350.00
1993-06-28	5.78	5.80	5.72	5.80	152888.00
1993-06-29	5.82	5.82	5.78	5.82	145463.00
1993-06-30	5.78	5.80	5.69	5.69	256163.00
1993-07-01	5.74	5.74	5.65	5.65	175838.00
1993-07-02	5.65	5.65	5.54	5.61	96525.00
1993-07-06	5.61	5.61	5.52	5.57	170775.00
1993-07-07	5.54	5.57	5.39	5.41	1703363.00
1993-07-08	5.37	5.39	5.16	5.39	1233900.00
1993-07-09	5.39	5.39	5.20	5.22	392513.00
1993-07-12	5.20	5.22	5.16	5.18	490725.00
1993-07-13	5.18	5.24	5.18	5.18	323663.00
1993-07-14	5.20	5.22	5.18	5.18	627750.00
1993-07-15	5.18	5.39	5.18	5.35	1815413.00
1993-07-16	5.37	5.37	5.33	5.35	444825.00
1993-07-19	5.37	5.37	5.35	5.37	428963.00
1993-07-20	5.37	5.37	5.33	5.37	141750.00
1993-07-21	5.33	5.35	5.29	5.31	180900.00
1993-07-22	5.33	5.35	5.33	5.35	694575.00
1993-07-23	5.35	5.35	5.31	5.33	171788.00
1993-07-26	5.35	5.35	5.33	5.35	360788.00
1993-07-27	5.35	5.35	5.33	5.33	309150.00
1993-07-28	5.33	5.33	5.29	5.29	1040513.00
1993-07-29	5.33	5.39	5.31	5.37	46238.00
1993-07-30	5.37	5.39	5.35	5.35	97875.00
1993-08-02	5.35	5.37	5.35	5.37	186638.00
1993-08-03	5.41	5.50	5.39	5.50	233213.00
1993-08-04	5.46	5.61	5.44	5.59	310163.00
1993-08-05	5.65	5.76	5.59	5.69	210600.00
1993-08-06	5.69	5.72	5.65	5.65	150525.00
1993-08-09	5.63	5.76	5.63	5.74	232200.00
1993-08-10	5.76	5.89	5.76	5.89	996975.00
1993-08-11	5.89	5.89	5.84	5.87	628763.00
1993-08-12	5.84	5.87	5.80	5.82	876825.00
1993-08-13	5.82	6.02	5.82	6.02	893025.00
1993-08-16	5.97	5.99	5.95	5.95	218700.00
1993-08-17	5.97	5.97	5.89	5.89	835650.00
1993-08-18	5.91	5.95	5.89	5.91	281475.00
1993-08-19	5.91	5.93	5.89	5.93	132975.00
1993-08-20	5.95	5.95	5.93	5.93	193050.00
1993-08-23	5.93	5.97	5.93	5.95	1144125.00
1993-08-24	5.95	5.95	5.91	5.95	330075.00
1993-08-25	5.95	5.95	5.86	5.86	199125.00
1993-08-26	5.84	5.95	5.84	5.91	128925.00
1993-08-27	5.93	5.93	5.86	5.91	100575.00
1993-08-30	5.91	5.91	5.84	5.86	292950.00
1993-08-31	5.84	5.89	5.82	5.89	167738.00
1993-09-01	5.89	5.91	5.84	5.89	227813.00
1993-09-02	5.89	5.91	5.80	5.80	171450.00
1993-09-03	5.80	5.82	5.80	5.80	238275.00
1993-09-07	5.84	5.84	5.76	5.76	98888.00
1993-09-08	5.76	5.78	5.67	5.73	364163.00
1993-09-09	5.71	5.76	5.71	5.71	181913.00
1993-09-10	5.76	5.76	5.71	5.71	284175.00
1993-09-13	5.76	5.82	5.76	5.80	237600.00
1993-09-14	5.78	5.84	5.78	5.82	158625.00
1993-09-15	5.80	5.82	5.76	5.76	102600.00
1993-09-16	5.76	5.80	5.76	5.78	296325.00
1993-09-17	5.73	5.80	5.73	5.80	433013.00
1993-09-20	5.80	5.80	5.71	5.73	71888.00
1993-09-21	5.71	5.71	5.65	5.67	49613.00
1993-09-22	5.65	5.67	5.65	5.67	135675.00
1993-09-23	5.67	5.73	5.67	5.71	148163.00
1993-09-24	5.71	5.89	5.71	5.84	360450.00
1993-09-27	5.89	5.97	5.86	5.97	474188.00
1993-09-28	5.97	6.04	5.93	5.99	407363.00
1993-09-29	6.04	6.06	5.97	6.02	579825.00
1993-09-30	5.97	5.97	5.86	5.91	405675.00
1993-10-01	5.89	5.93	5.86	5.91	268650.00
1993-10-04	5.95	6.04	5.95	6.04	376650.00
1993-10-05	6.04	6.04	6.02	6.02	622688.00
1993-10-06	6.02	6.10	6.02	6.08	190350.00
1993-10-07	6.06	6.12	6.06	6.08	645975.00
1993-10-08	6.12	6.19	6.10	6.15	2201513.00
1993-10-11	6.15	6.23	6.15	6.23	2028713.00
1993-10-12	6.25	6.32	6.23	6.28	990225.00
1993-10-13	6.25	6.30	6.23	6.25	263588.00
1993-10-14	6.25	6.25	6.23	6.25	350663.00
1993-10-15	6.25	6.32	6.25	6.32	196425.00
1993-10-18	6.30	6.30	6.23	6.23	459338.00
1993-10-19	6.21	6.23	6.02	6.02	778950.00
1993-10-20	6.06	6.06	5.95	5.97	583875.00
1993-10-21	5.99	5.99	5.95	5.95	475538.00
1993-10-22	5.97	5.99	5.91	5.91	297675.00
1993-10-25	5.91	5.95	5.89	5.91	438413.00
1993-10-26	5.95	5.95	5.89	5.93	443475.00
1993-10-27	5.97	5.99	5.95	5.97	61088.00
1993-10-28	6.06	6.08	6.02	6.04	316238.00
1993-10-29	6.04	6.04	5.91	5.93	392850.00
1993-11-01	5.93	5.97	5.86	5.93	593663.00
1993-11-02	5.93	6.23	5.93	6.23	1270013.00
1993-11-03	6.17	6.32	6.12	6.32	402638.00
1993-11-04	6.32	6.41	6.30	6.30	466425.00
1993-11-05	6.28	6.30	6.19	6.23	387113.00
1993-11-08	6.23	6.25	6.17	6.23	226800.00
1993-11-09	6.23	6.30	6.23	6.28	537300.00
1993-11-10	6.23	6.30	6.23	6.30	440775.00
1993-11-11	6.25	6.30	6.25	6.28	364500.00
1993-11-12	6.28	6.38	6.25	6.38	338513.00
1993-11-15	6.47	6.54	6.45	6.49	831938.00
1993-11-16	6.45	6.45	6.25	6.41	372938.00
1993-11-17	6.41	6.41	6.28	6.38	184275.00
1993-11-18	6.34	6.45	6.32	6.43	696600.00
1993-11-19	6.49	6.49	6.36	6.45	282488.00
1993-11-22	6.47	6.49	6.21	6.27	276075.00
1993-11-23	6.27	6.27	6.21	6.23	136688.00
1993-11-24	6.21	6.25	6.21	6.21	212963.00
1993-11-26	6.25	6.25	6.23	6.25	10800.00
1993-11-29	6.23	6.30	6.23	6.25	419850.00
1993-11-30	6.25	6.32	6.23	6.27	217350.00
1993-12-01	6.30	6.30	6.23	6.25	174150.00
1993-12-02	6.25	6.27	6.23	6.25	255488.00
1993-12-03	6.27	6.27	6.21	6.23	359775.00
1993-12-06	6.23	6.40	6.21	6.34	529875.00
1993-12-07	6.32	6.45	6.32	6.43	632475.00
1993-12-08	6.40	6.40	6.34	6.38	379350.00
1993-12-09	6.34	6.40	6.34	6.40	252450.00
1993-12-10	6.40	6.40	6.34	6.36	274050.00
1993-12-13	6.36	6.53	6.36	6.53	536625.00
1993-12-14	6.51	6.56	6.49	6.56	371588.00
1993-12-15	6.51	6.51	6.21	6.23	703013.00
1993-12-16	6.25	6.30	6.21	6.25	619650.00
1993-12-17	6.27	6.34	6.27	6.34	482625.00
1993-12-20	6.34	6.36	6.27	6.27	173138.00
1993-12-21	6.30	6.32	6.25	6.32	99563.00
1993-12-22	6.36	6.53	6.36	6.51	577463.00
1993-12-23	6.51	6.56	6.49	6.49	126225.00
1993-12-27	6.49	6.51	6.47	6.49	90113.00
1993-12-28	6.47	6.49	6.43	6.49	165375.00
1993-12-29	6.51	6.51	6.49	6.49	104625.00
1993-12-30	6.47	6.56	6.47	6.53	236925.00
1993-12-31	6.53	6.64	6.53	6.58	270000.00
1994-01-03	6.56	6.58	6.47	6.51	189338.00
1994-01-04	6.49	6.56	6.45	6.51	238275.00
1994-01-05	6.49	6.58	6.49	6.58	154238.00
1994-01-06	6.62	6.67	6.60	6.62	294975.00
1994-01-07	6.62	6.67	6.62	6.64	121163.00
1994-01-10	6.64	6.69	6.62	6.69	749250.00
1994-01-11	6.67	6.84	6.67	6.80	212288.00
1994-01-12	6.80	6.88	6.80	6.84	272363.00
1994-01-13	6.80	6.80	6.71	6.73	154238.00
1994-01-14	6.77	6.77	6.60	6.64	217013.00
1994-01-17	6.60	6.60	6.51	6.53	304088.00
1994-01-18	6.56	6.56	6.38	6.43	168750.00
1994-01-19	6.45	6.49	6.36	6.45	448875.00
1994-01-20	6.49	6.53	6.47	6.51	258863.00
1994-01-21	6.47	6.56	6.47	6.51	234900.00
1994-01-24	6.45	6.56	6.45	6.51	200138.00
1994-01-25	6.53	6.58	6.51	6.58	283500.00
1994-01-26	6.60	6.62	6.53	6.58	100238.00
1994-01-27	6.60	6.62	6.53	6.56	208575.00
1994-01-28	6.56	6.56	6.51	6.53	52313.00
1994-01-31	6.49	6.71	6.45	6.67	358763.00
1994-02-01	6.67	6.73	6.51	6.58	364500.00
1994-02-02	6.62	6.62	6.51	6.53	249075.00
1994-02-03	6.51	6.51	6.43	6.49	349988.00
1994-02-04	6.47	6.56	6.27	6.27	395888.00
1994-02-07	6.25	6.27	6.10	6.25	979088.00
1994-02-08	6.30	6.34	6.27	6.30	1026000.00
1994-02-09	6.32	6.34	6.27	6.34	835650.00
1994-02-10	6.38	6.40	6.34	6.36	227813.00
1994-02-11	6.34	6.38	6.32	6.32	96863.00
1994-02-14	6.32	6.34	6.30	6.30	514013.00
1994-02-15	6.32	6.34	6.32	6.32	173813.00
1994-02-16	6.32	6.40	6.32	6.32	262575.00
1994-02-17	6.36	6.47	6.36	6.43	463725.00
1994-02-18	6.45	6.45	6.32	6.36	534600.00
1994-02-22	6.36	6.51	6.36	6.47	1069538.00
1994-02-23	6.49	6.49	6.38	6.45	643613.00
1994-02-24	6.45	6.45	6.23	6.23	140738.00
1994-02-25	6.23	6.25	6.12	6.12	426600.00
1994-02-28	6.19	6.23	6.12	6.21	332775.00
1994-03-01	6.19	6.25	6.10	6.25	264263.00
1994-03-02	6.21	6.21	6.16	6.21	583875.00
1994-03-03	6.19	6.23	6.14	6.14	847125.00
1994-03-04	6.14	6.23	6.10	6.14	994275.00
1994-03-07	6.19	6.19	6.12	6.14	596025.00
1994-03-08	6.21	6.34	6.19	6.25	295313.00
1994-03-09	6.25	6.38	6.25	6.27	399263.00
1994-03-10	6.30	6.40	6.30	6.40	393525.00
1994-03-11	6.40	6.51	6.40	6.45	386100.00
1994-03-14	6.36	6.38	6.34	6.36	477900.00
1994-03-15	6.34	6.43	6.34	6.40	506588.00
1994-03-16	6.38	6.47	6.34	6.47	455625.00
1994-03-17	6.45	6.60	6.45	6.60	436050.00
1994-03-18	6.84	6.89	6.69	6.71	1010475.00
1994-03-21	6.69	6.69	6.62	6.67	137363.00
1994-03-22	6.67	6.69	6.62	6.65	132300.00
1994-03-23	6.62	6.67	6.56	6.60	176850.00
1994-03-24	6.60	6.67	6.54	6.67	268988.00
1994-03-25	6.71	6.80	6.71	6.76	394875.00
1994-03-28	6.73	6.76	6.54	6.65	581850.00
1994-03-29	6.65	6.67	6.47	6.47	377663.00
1994-03-30	6.45	6.60	6.36	6.36	1281825.00
1994-03-31	6.34	6.36	6.14	6.21	785025.00
1994-04-04	6.14	6.14	5.97	6.12	842400.00
1994-04-05	6.16	6.51	6.16	6.51	282825.00
1994-04-06	6.60	6.60	6.49	6.49	244688.00
1994-04-07	6.47	6.82	6.45	6.80	817425.00
1994-04-08	6.76	6.76	6.58	6.65	270338.00
1994-04-11	6.65	6.73	6.62	6.69	361800.00
1994-04-12	6.71	6.95	6.71	6.76	448200.00
1994-04-13	6.76	6.82	6.71	6.82	230850.00
1994-04-14	6.82	6.82	6.78	6.82	146475.00
1994-04-15	6.89	7.63	6.87	7.37	3493800.00
1994-04-18	7.37	7.37	7.02	7.17	1614263.00
1994-04-19	7.37	7.52	7.30	7.33	1312538.00
1994-04-20	7.30	7.33	7.06	7.11	977400.00
1994-04-21	7.11	7.11	6.98	7.02	584888.00
1994-04-22	7.04	7.06	7.00	7.06	669263.00
1994-04-25	7.08	7.28	7.06	7.26	1204875.00
1994-04-26	7.24	7.48	7.19	7.48	367875.00
1994-04-28	7.46	7.47	7.44	7.46	877838.00
1994-04-29	7.46	7.61	7.46	7.61	381375.00
1994-05-02	7.61	7.61	7.52	7.55	990225.00
1994-05-03	7.52	7.59	7.44	7.50	1227150.00
1994-05-04	7.48	7.50	7.39	7.44	498488.00
1994-05-05	7.48	7.61	7.46	7.57	897075.00
1994-05-06	7.52	7.52	7.44	7.52	567000.00
1994-05-09	7.46	7.52	7.41	7.41	1095188.00
1994-05-10	7.41	7.41	7.33	7.35	991913.00
1994-05-11	7.33	7.33	7.19	7.33	675338.00
1994-05-12	7.30	7.39	7.30	7.39	808313.00
1994-05-13	7.44	7.52	7.44	7.52	311850.00
1994-05-16	7.52	7.61	7.50	7.61	314550.00
1994-05-17	7.59	7.77	7.59	7.77	281138.00
1994-05-18	7.77	7.77	7.63	7.68	693225.00
1994-05-19	7.66	7.68	7.61	7.63	551138.00
1994-05-20	7.66	7.74	7.61	7.70	543375.00
1994-05-23	7.70	7.83	7.70	7.83	228150.00
1994-05-24	7.79	7.92	7.72	7.72	492413.00
1994-05-25	7.74	7.74	7.48	7.66	662513.00
1994-05-26	7.63	7.83	7.63	7.79	360788.00
1994-05-27	7.70	7.74	7.59	7.59	351675.00
1994-05-31	7.61	7.61	7.41	7.61	449213.00
1994-06-01	7.59	7.61	7.50	7.55	928125.00
1994-06-02	7.57	7.57	7.52	7.57	229838.00
1994-06-03	7.57	7.66	7.52	7.66	397913.00
1994-06-06	7.68	7.77	7.68	7.74	713138.00
1994-06-07	7.72	7.74	7.55	7.55	395888.00
1994-06-08	7.61	7.61	7.35	7.35	757688.00
1994-06-09	7.41	7.41	7.19	7.24	534600.00
1994-06-10	7.28	7.37	7.26	7.28	295650.00
1994-06-13	7.26	7.28	7.15	7.17	138713.00
1994-06-14	7.22	7.28	7.17	7.19	859275.00
1994-06-15	7.24	7.24	7.15	7.17	484313.00
1994-06-16	7.17	7.17	7.10	7.13	86400.00
1994-06-17	7.13	7.15	7.04	7.06	524138.00
1994-06-20	7.04	7.17	7.04	7.17	702338.00
1994-06-21	7.19	7.19	7.04	7.10	424575.00
1994-06-22	7.19	7.33	7.15	7.22	1035113.00
1994-06-23	7.22	7.30	7.17	7.19	530550.00
1994-06-24	7.22	7.30	7.13	7.28	544388.00
1994-06-27	7.24	7.26	7.22	7.26	339188.00
1994-06-28	7.26	7.37	7.26	7.35	350325.00
1994-06-29	7.37	7.55	7.37	7.50	865013.00
1994-06-30	7.50	7.55	7.48	7.52	488700.00
1994-07-01	7.52	7.55	7.44	7.44	159975.00
1994-07-05	7.46	7.57	7.39	7.39	344250.00
1994-07-06	7.41	7.50	7.41	7.46	297675.00
1994-07-07	7.50	7.59	7.41	7.55	468450.00
1994-07-08	7.52	7.57	7.50	7.57	167063.00
1994-07-11	7.52	7.57	7.46	7.52	268988.00
1994-07-12	7.57	7.59	7.52	7.57	479925.00
1994-07-13	7.59	7.59	7.55	7.57	357750.00
1994-07-14	7.59	7.86	7.59	7.81	1034100.00
1994-07-15	7.77	7.79	7.72	7.72	833963.00
1994-07-18	7.72	7.81	7.68	7.81	360450.00
1994-07-19	7.81	7.97	7.79	7.79	782325.00
1994-07-20	7.83	7.83	7.61	7.77	584550.00
1994-07-21	7.77	7.77	7.68	7.68	362475.00
1994-07-22	7.68	7.68	7.63	7.66	92475.00
1994-07-25	7.66	7.66	7.57	7.57	440100.00
1994-07-26	7.61	7.61	7.48	7.48	356400.00
1994-07-27	7.46	7.46	7.33	7.41	527513.00
1994-07-28	7.41	7.59	7.41	7.52	183263.00
1994-07-29	7.57	7.63	7.55	7.61	70538.00
1994-08-01	7.66	7.66	7.59	7.59	252788.00
1994-08-02	7.61	7.70	7.59	7.68	296325.00
1994-08-03	7.70	7.70	7.59	7.59	146813.00
1994-08-04	7.59	7.61	7.41	7.50	434363.00
1994-08-05	7.50	7.52	7.48	7.52	363488.00
1994-08-08	7.57	7.59	7.52	7.57	366863.00
1994-08-09	7.61	7.63	7.59	7.63	178200.00
1994-08-10	7.63	7.63	7.55	7.55	88425.00
1994-08-11	7.52	7.55	7.48	7.50	114413.00
1994-08-12	7.48	7.52	7.48	7.48	54000.00
1994-08-15	7.50	7.55	7.46	7.48	117113.00
1994-08-16	7.50	7.50	7.33	7.41	361463.00
1994-08-17	7.41	7.50	7.41	7.46	240975.00
1994-08-18	7.44	7.46	7.30	7.33	421538.00
1994-08-19	7.35	7.35	7.26	7.26	204188.00
1994-08-22	7.19	7.24	7.19	7.24	197438.00
1994-08-23	7.21	7.28	7.21	7.28	202163.00
1994-08-24	7.28	7.33	7.24	7.30	195750.00
1994-08-25	7.33	7.39	7.30	7.35	103275.00
1994-08-26	7.30	7.46	7.30	7.39	117450.00
1994-08-29	7.44	7.55	7.44	7.55	710438.00
1994-08-30	7.52	7.59	7.50	7.59	656775.00
1994-08-31	7.55	7.61	7.44	7.46	1308488.00
1994-09-01	7.41	7.41	7.37	7.39	441113.00
1994-09-02	7.41	7.41	7.37	7.39	86400.00
1994-09-06	7.35	7.35	7.30	7.35	199463.00
1994-09-07	7.33	7.39	7.30	7.39	86063.00
1994-09-08	7.39	7.46	7.39	7.44	214650.00
1994-09-09	7.37	7.39	7.19	7.21	114075.00
1994-09-12	7.24	7.35	7.24	7.24	270675.00
1994-09-13	7.28	7.28	7.21	7.24	217350.00
1994-09-14	7.26	7.26	7.21	7.24	59400.00
1994-09-15	7.24	7.28	7.21	7.28	140063.00
1994-09-16	7.33	7.37	7.30	7.37	629438.00
1994-09-19	7.37	7.37	7.35	7.35	229163.00
1994-09-20	7.30	7.39	7.24	7.24	349650.00
1994-09-21	7.24	7.26	7.15	7.17	545400.00
1994-09-22	7.19	7.19	7.10	7.10	128588.00
1994-09-23	7.10	7.10	6.95	6.99	108000.00
1994-09-26	6.99	6.99	6.81	6.84	320963.00
1994-09-27	6.84	6.84	6.66	6.73	713138.00
1994-09-28	6.75	6.84	6.75	6.77	590625.00
1994-09-29	7.04	7.15	7.01	7.06	1516725.00
1994-09-30	6.99	7.10	6.99	7.08	281475.00
1994-10-03	7.08	7.08	7.01	7.06	130950.00
1994-10-04	7.06	7.13	6.93	6.93	493763.00
1994-10-05	6.93	6.95	6.79	6.84	410063.00
1994-10-06	6.97	6.99	6.97	6.99	533588.00
1994-10-07	7.04	7.10	7.01	7.06	444150.00
1994-10-10	7.06	7.15	7.06	7.15	692213.00
1994-10-11	7.13	7.41	7.13	7.37	1187663.00
1994-10-12	7.37	7.41	7.35	7.35	326363.00
1994-10-13	7.39	7.41	7.33	7.37	267975.00
1994-10-14	7.37	7.39	7.30	7.39	181575.00
1994-10-17	7.39	7.50	7.37	7.50	893025.00
1994-10-18	7.50	7.66	7.37	7.64	1463063.00
1994-10-19	7.64	8.04	7.64	7.88	3074963.00
1994-10-20	7.84	7.92	7.84	7.92	752963.00
1994-10-21	7.92	7.95	7.88	7.95	472838.00
1994-10-24	7.92	7.99	7.92	7.97	1165050.00
1994-10-25	7.99	7.99	7.92	7.95	693563.00
1994-10-26	7.99	8.04	7.97	8.04	1187325.00
1994-10-27	8.04	8.15	8.04	8.10	674325.00
1994-10-28	8.15	8.32	8.10	8.30	1208925.00
1994-10-31	8.35	8.37	8.21	8.30	463725.00
1994-11-01	8.35	8.35	8.17	8.17	672300.00
1994-11-02	8.12	8.12	8.06	8.06	506588.00
1994-11-03	8.08	8.24	8.08	8.17	620663.00
1994-11-04	8.26	8.30	8.24	8.24	494438.00
1994-11-07	8.24	8.24	8.12	8.17	666563.00
1994-11-08	8.17	8.21	8.15	8.17	543375.00
1994-11-09	8.15	8.17	8.06	8.08	1264950.00
1994-11-10	8.10	8.17	8.08	8.08	784350.00
1994-11-11	8.06	8.15	8.04	8.12	1067850.00
1994-11-14	8.17	8.19	8.12	8.12	577125.00
1994-11-15	8.12	8.12	8.06	8.08	1285538.00
1994-11-16	8.06	8.12	8.06	8.10	690863.00
1994-11-17	8.12	8.12	7.99	8.01	521100.00
1994-11-18	8.01	8.01	7.90	7.95	764100.00
1994-11-21	7.97	7.97	7.79	7.83	384075.00
1994-11-22	7.81	7.83	7.61	7.63	1348313.00
1994-11-23	7.61	7.63	7.57	7.59	422213.00
1994-11-25	7.61	7.66	7.61	7.63	361463.00
1994-11-28	7.63	7.70	7.61	7.70	581850.00
1994-11-29	7.72	7.72	7.66	7.68	1110713.00
1994-11-30	7.70	7.86	7.70	7.83	798525.00
1994-12-01	7.81	7.83	7.77	7.79	180225.00
1994-12-02	7.79	7.83	7.79	7.83	350663.00
1994-12-05	7.86	7.99	7.86	7.92	269325.00
1994-12-06	7.90	8.01	7.90	7.95	266288.00
1994-12-07	7.88	7.99	7.88	7.95	607163.00
1994-12-08	7.92	8.01	7.92	7.95	143775.00
1994-12-09	7.92	7.92	7.86	7.88	223763.00
1994-12-12	7.88	8.01	7.88	7.97	534938.00
1994-12-13	7.97	7.99	7.95	7.97	191025.00
1994-12-14	7.99	8.08	7.95	8.03	542363.00
1994-12-15	8.06	8.26	8.01	8.24	447525.00
1994-12-16	8.35	8.35	8.17	8.19	998663.00
1994-12-19	8.19	8.21	8.15	8.21	417488.00
1994-12-20	8.21	8.21	8.12	8.12	621338.00
1994-12-21	8.10	8.12	8.06	8.06	639900.00
1994-12-22	8.10	8.12	8.08	8.12	689175.00
1994-12-23	8.08	8.12	8.08	8.10	107663.00
1994-12-27	8.12	8.21	8.12	8.17	384075.00
1994-12-28	8.15	8.17	8.15	8.17	200138.00
1994-12-29	8.15	8.17	8.15	8.15	319613.00
1994-12-30	8.17	8.17	8.10	8.12	225113.00
1995-01-03	8.12	8.12	8.06	8.06	388125.00
1995-01-04	8.08	8.08	7.90	7.97	615600.00
1995-01-05	7.97	8.12	7.95	8.12	747225.00
1995-01-06	8.19	8.30	8.17	8.30	340538.00
1995-01-09	8.21	8.46	8.21	8.44	522788.00
1995-01-10	8.46	8.62	8.46	8.48	1283175.00
1995-01-11	8.50	8.53	8.37	8.39	482963.00
1995-01-12	8.39	8.41	8.32	8.37	170100.00
1995-01-13	8.39	8.41	8.35	8.37	713475.00
1995-01-16	8.39	8.39	8.26	8.35	800888.00
1995-01-17	8.44	8.66	8.41	8.64	1222763.00
1995-01-18	8.59	8.79	8.57	8.75	1498500.00
1995-01-19	8.70	8.82	8.57	8.59	488025.00
1995-01-20	8.59	8.66	8.57	8.64	448200.00
1995-01-23	8.59	8.64	8.53	8.62	562613.00
1995-01-24	8.64	8.64	8.57	8.57	372600.00
1995-01-25	8.59	8.64	8.53	8.64	657450.00
1995-01-26	8.64	8.64	8.59	8.64	198450.00
1995-01-27	8.64	8.64	8.46	8.50	672975.00
1995-01-30	8.48	8.55	8.39	8.48	238613.00
1995-01-31	8.46	8.50	8.39	8.44	719213.00
1995-02-01	8.44	8.44	8.06	8.15	1252125.00
1995-02-02	8.10	8.15	8.03	8.10	1033088.00
1995-02-03	8.17	8.30	8.15	8.30	1265288.00
1995-02-06	8.30	8.41	8.30	8.39	610200.00
1995-02-07	8.44	8.44	8.35	8.39	258525.00
1995-02-08	8.37	8.53	8.37	8.37	510300.00
1995-02-09	8.35	8.55	8.32	8.55	423225.00
1995-02-10	8.55	8.55	8.37	8.41	578138.00
1995-02-13	8.41	8.44	8.37	8.41	177863.00
1995-02-14	8.41	8.41	8.35	8.37	397913.00
1995-02-15	8.37	8.57	8.37	8.57	812700.00
1995-02-16	8.53	8.62	8.46	8.62	291263.00
1995-02-17	8.57	8.64	8.55	8.57	421875.00
1995-02-21	8.57	8.57	8.46	8.53	200475.00
1995-02-22	8.53	8.62	8.44	8.48	346950.00
1995-02-23	8.53	8.53	8.39	8.39	370238.00
1995-02-24	8.41	8.41	8.17	8.30	455288.00
1995-02-27	8.32	8.37	8.32	8.37	281475.00
1995-02-28	8.35	8.39	8.32	8.39	180225.00
1995-03-01	8.46	8.46	8.35	8.39	193050.00
1995-03-02	8.44	8.44	8.21	8.23	401625.00
1995-03-03	8.17	8.23	8.10	8.17	288900.00
1995-03-06	8.14	8.14	8.10	8.10	325688.00
1995-03-07	8.08	8.10	7.90	7.99	580838.00
1995-03-08	8.03	8.10	8.01	8.03	253125.00
1995-03-09	8.01	8.01	7.87	7.92	995625.00
1995-03-10	7.92	8.08	7.92	7.94	881888.00
1995-03-13	7.96	7.96	7.92	7.92	127238.00
1995-03-14	7.96	7.99	7.90	7.99	417825.00
1995-03-15	7.92	7.94	7.85	7.92	178538.00
1995-03-16	7.92	8.03	7.92	7.99	620325.00
1995-03-17	7.99	7.99	7.87	7.99	356738.00
1995-03-20	7.96	7.96	7.74	7.83	740475.00
1995-03-21	7.85	7.85	7.45	7.49	1731038.00
1995-03-22	7.58	7.61	7.43	7.45	1216688.00
1995-03-23	7.49	7.70	7.45	7.67	1764450.00
1995-03-24	7.74	7.87	7.72	7.85	485663.00
1995-03-27	7.81	7.81	7.79	7.79	138713.00
1995-03-28	7.79	7.87	7.76	7.83	199463.00
1995-03-29	7.85	8.08	7.85	7.96	1082363.00
1995-03-30	7.96	7.96	7.89	7.94	642938.00
1995-03-31	7.92	7.99	7.92	7.94	435713.00
1995-04-03	7.94	7.96	7.85	7.85	535275.00
1995-04-04	7.85	7.96	7.85	7.96	362813.00
1995-04-05	7.96	8.10	7.96	8.10	988200.00
1995-04-06	8.10	8.10	8.03	8.08	494438.00
1995-04-07	8.08	8.14	8.05	8.14	454950.00
1995-04-10	8.12	8.12	8.05	8.08	217013.00
1995-04-11	8.14	8.14	8.03	8.08	201488.00
1995-04-12	8.08	8.35	8.08	8.28	824513.00
1995-04-13	8.70	8.70	8.59	8.66	1045238.00
1995-04-17	8.68	8.86	8.68	8.84	831938.00
1995-04-18	9.11	9.22	9.11	9.18	1345950.00
1995-04-19	9.18	9.27	9.06	9.27	805613.00
1995-04-20	9.24	9.42	9.24	9.42	1117800.00
1995-04-21	9.42	9.42	9.22	9.33	809663.00
1995-04-24	9.29	9.49	9.29	9.49	542363.00
1995-04-25	9.38	9.40	9.24	9.29	446175.00
1995-04-26	9.29	9.33	9.20	9.33	229163.00
1995-04-27	9.33	9.42	9.31	9.42	331425.00
1995-04-28	9.47	9.47	9.27	9.33	281813.00
1995-05-01	9.38	9.38	9.33	9.36	250425.00
1995-05-02	9.33	9.49	9.24	9.42	334463.00
1995-05-03	9.40	9.49	9.38	9.49	319275.00
1995-05-04	9.49	9.69	9.47	9.69	706725.00
1995-05-05	9.69	9.83	9.62	9.80	501863.00
1995-05-08	9.74	9.83	9.69	9.71	868050.00
1995-05-09	9.71	9.78	9.69	9.69	592650.00
1995-05-10	9.74	9.74	9.67	9.69	166050.00
1995-05-11	9.71	9.80	9.69	9.78	325013.00
1995-05-12	9.76	9.90	9.76	9.88	167400.00
1995-05-15	9.90	10.03	9.90	9.97	167400.00
1995-05-16	9.97	10.10	9.85	10.10	200475.00
1995-05-17	10.10	10.15	10.08	10.15	240300.00
1995-05-18	10.01	10.10	9.81	9.81	393863.00
1995-05-19	9.79	9.79	9.56	9.58	564638.00
1995-05-22	9.67	9.90	9.67	9.81	865013.00
1995-05-23	9.83	9.83	9.76	9.81	702000.00
1995-05-24	9.81	9.83	9.67	9.72	660150.00
1995-05-25	9.76	9.76	9.67	9.72	513000.00
1995-05-26	9.72	9.72	9.58	9.63	928463.00
1995-05-30	9.67	9.90	9.67	9.90	433688.00
1995-05-31	9.90	10.30	9.88	10.30	685463.00
1995-06-01	10.30	10.42	10.28	10.30	748238.00
1995-06-02	10.08	10.08	9.71	9.98	590850.00
1995-06-05	10.04	10.69	10.01	10.38	371250.00
1995-06-06	10.32	10.48	10.25	10.35	223875.00
1995-06-07	10.32	10.32	10.04	10.15	243225.00
1995-06-08	10.15	10.21	10.15	10.18	150525.00
1995-06-09	10.15	10.18	9.91	9.94	126900.00
1995-06-12	9.94	10.01	9.74	9.91	339750.00
1995-06-13	9.98	9.98	9.71	9.71	491625.00
1995-06-14	9.84	9.94	9.77	9.94	288900.00
1995-06-15	9.94	10.04	9.91	10.04	175275.00
1995-06-16	10.08	10.08	9.88	9.88	380025.00
1995-06-19	9.91	9.94	9.74	9.88	281475.00
1995-06-20	9.81	9.84	9.71	9.74	756450.00
1995-06-21	9.81	9.84	9.67	9.77	263700.00
1995-06-22	9.84	9.88	9.74	9.84	144900.00
1995-06-23	9.84	9.91	9.74	9.74	138825.00
1995-06-26	9.77	9.88	9.77	9.81	121050.00
1995-06-27	9.77	9.81	9.71	9.74	101700.00
1995-06-28	9.71	9.84	9.64	9.71	203400.00
1995-06-29	9.71	9.71	9.54	9.57	205875.00
1995-06-30	9.57	9.81	9.57	9.81	360000.00
1995-07-03	9.77	9.91	9.77	9.91	135000.00
1995-07-05	9.88	10.21	9.88	10.21	529650.00
1995-07-06	10.21	10.42	10.18	10.42	767700.00
1995-07-07	10.35	10.62	10.32	10.62	748575.00
1995-07-10	10.55	10.72	10.55	10.69	302625.00
1995-07-11	10.72	10.75	10.55	10.59	334575.00
1995-07-12	10.55	10.75	10.48	10.72	280350.00
1995-07-13	10.75	10.99	10.72	10.99	351225.00
1995-07-14	10.96	11.03	10.92	10.96	519975.00
1995-07-17	10.96	10.99	10.89	10.92	440325.00
1995-07-18	10.92	10.92	10.75	10.82	211725.00
1995-07-19	10.75	10.79	10.42	10.42	325575.00
1995-07-20	10.45	10.52	10.32	10.35	267300.00
1995-07-21	10.35	10.52	10.35	10.35	603225.00
1995-07-24	10.42	10.62	10.38	10.59	525150.00
1995-07-25	10.62	10.75	10.62	10.72	491175.00
1995-07-26	10.79	10.82	10.69	10.79	457875.00
1995-07-27	10.86	11.09	10.86	11.09	372825.00
1995-07-28	11.09	11.09	10.89	10.92	239175.00
1995-07-31	11.03	11.03	10.96	11.03	321750.00
1995-08-01	11.03	11.03	10.79	10.89	133875.00
1995-08-02	10.89	11.09	10.86	10.89	215775.00
1995-08-03	10.72	10.72	10.52	10.62	465525.00
1995-08-04	10.62	10.62	10.52	10.52	744975.00
1995-08-07	10.59	10.59	10.45	10.48	255375.00
1995-08-08	10.48	10.62	10.08	10.62	1320525.00
1995-08-09	10.62	10.72	10.38	10.42	294525.00
1995-08-10	10.48	10.65	10.45	10.62	439875.00
1995-08-11	10.59	10.62	10.48	10.55	196425.00
1995-08-14	10.55	10.62	10.48	10.55	537300.00
1995-08-15	10.55	10.62	10.45	10.52	341100.00
1995-08-16	10.52	10.65	10.48	10.59	299925.00
1995-08-17	10.59	10.65	10.55	10.62	634275.00
1995-08-18	10.72	10.72	10.55	10.65	174375.00
1995-08-21	10.65	10.75	10.55	10.62	179775.00
1995-08-22	10.60	10.77	10.60	10.74	242100.00
1995-08-23	10.77	10.77	10.63	10.70	283500.00
1995-08-24	10.74	10.74	10.67	10.70	339750.00
1995-08-25	10.67	10.77	10.67	10.74	314325.00
1995-08-28	10.77	10.77	10.60	10.70	237600.00
1995-08-29	10.63	10.74	10.60	10.74	228825.00
1995-08-30	10.77	10.77	10.70	10.74	134775.00
1995-08-31	10.77	10.80	10.74	10.77	209025.00
1995-09-01	10.80	10.94	10.77	10.91	144225.00
1995-09-05	11.01	11.18	11.01	11.18	335475.00
1995-09-06	11.11	11.11	10.94	11.04	208350.00
1995-09-07	11.08	11.11	10.87	11.08	487800.00
1995-09-08	11.14	11.14	10.94	11.01	216675.00
1995-09-11	11.08	11.08	10.97	11.08	496125.00
1995-09-12	11.08	11.14	10.97	11.14	485325.00
1995-09-13	11.08	11.28	11.08	11.21	398925.00
1995-09-14	11.18	11.21	10.87	11.01	697050.00
1995-09-15	11.08	11.11	10.97	11.04	366525.00
1995-09-18	11.01	11.04	10.94	10.97	85050.00
1995-09-19	10.94	10.94	10.63	10.67	461250.00
1995-09-20	10.67	10.74	10.57	10.67	446625.00
1995-09-21	10.67	10.67	10.29	10.36	929700.00
1995-09-22	10.23	10.33	10.16	10.33	394425.00
1995-09-25	10.29	10.29	10.09	10.19	306900.00
1995-09-26	10.26	10.33	10.12	10.29	431100.00
1995-09-27	10.26	10.26	9.85	9.89	537525.00
1995-09-28	9.92	10.19	9.58	10.19	1032525.00
1995-09-29	10.19	10.40	10.19	10.33	418275.00
1995-10-02	10.33	10.33	10.01	10.02	353925.00
1995-10-03	10.09	10.09	9.96	9.99	180450.00
1995-10-04	9.92	9.99	9.82	9.96	672300.00
1995-10-05	9.96	10.02	9.75	9.85	453825.00
1995-10-06	9.75	9.75	9.62	9.62	365625.00
1995-10-09	9.62	9.68	9.38	9.45	436500.00
1995-10-10	9.31	9.31	9.04	9.07	746775.00
1995-10-11	9.07	9.24	9.00	9.11	965475.00
1995-10-12	9.11	9.14	8.80	8.94	729000.00
1995-10-13	8.97	9.11	8.80	8.80	1027575.00
1995-10-16	8.87	9.00	8.83	8.83	891450.00
1995-10-17	8.97	9.17	8.97	9.14	3098025.00
1995-10-18	9.24	9.31	9.14	9.17	826425.00
1995-10-19	9.21	9.41	9.14	9.24	352125.00
1995-10-20	9.24	9.28	9.21	9.24	634950.00
1995-10-23	9.21	9.21	9.11	9.14	383625.00
1995-10-24	9.17	9.21	8.97	9.04	423000.00
1995-10-25	9.07	9.14	8.97	9.07	314325.00
1995-10-26	9.04	9.14	8.73	8.73	587250.00
1995-10-27	8.43	8.77	8.39	8.56	503550.00
1995-10-30	8.63	9.07	8.56	9.04	326700.00
1995-10-31	9.11	9.24	9.11	9.17	511200.00
1995-11-01	9.14	9.38	9.07	9.34	477900.00
1995-11-02	9.31	9.75	9.31	9.68	835425.00
1995-11-03	9.51	9.75	9.48	9.75	490725.00
1995-11-06	9.68	9.72	9.51	9.62	158625.00
1995-11-07	9.55	9.65	9.55	9.62	532575.00
1995-11-08	9.68	9.75	9.55	9.62	174600.00
1995-11-09	9.62	9.65	9.58	9.65	206325.00
1995-11-10	9.65	9.65	9.58	9.62	205200.00
1995-11-13	9.62	9.72	9.58	9.72	246600.00
1995-11-14	9.65	9.89	9.62	9.62	292725.00
1995-11-15	9.62	9.65	9.24	9.24	766800.00
1995-11-16	9.24	9.28	9.00	9.11	657450.00
1995-11-17	9.14	9.17	9.11	9.17	745425.00
1995-11-20	9.12	9.36	9.02	9.36	912825.00
1995-11-21	9.36	9.67	9.29	9.67	474750.00
1995-11-22	9.43	9.91	9.43	9.77	993825.00
1995-11-24	9.70	10.01	9.70	9.94	153675.00
1995-11-27	9.97	10.38	9.94	10.32	635850.00
1995-11-28	10.35	10.49	10.11	10.49	1009800.00
1995-11-29	10.49	10.49	10.11	10.18	556875.00
1995-11-30	10.25	10.25	10.01	10.04	402075.00
1995-12-01	10.11	10.25	10.04	10.15	703575.00
1995-12-04	10.18	10.21	10.08	10.18	350100.00
1995-12-05	10.28	10.28	10.04	10.11	744975.00
1995-12-06	10.04	10.25	10.04	10.08	1403550.00
1995-12-07	10.01	10.11	9.97	10.11	516150.00
1995-12-08	10.11	10.21	10.11	10.21	541350.00
1995-12-11	10.08	10.32	10.08	10.25	657225.00
1995-12-12	10.18	10.18	10.04	10.08	850050.00
1995-12-13	10.04	10.04	9.60	9.60	1371825.00
1995-12-14	9.63	9.67	9.43	9.50	519750.00
1995-12-15	9.56	9.56	9.22	9.33	1270350.00
1995-12-18	9.26	9.26	9.02	9.05	515475.00
1995-12-19	9.05	9.33	8.98	9.33	1015875.00
1995-12-20	9.36	9.56	9.33	9.39	755775.00
1995-12-21	9.39	9.56	9.36	9.46	596250.00
1995-12-22	9.50	9.50	9.43	9.46	132525.00
1995-12-26	9.50	9.50	9.33	9.46	258300.00
1995-12-27	9.39	9.43	9.22	9.22	265725.00
1995-12-28	9.29	9.36	9.22	9.33	367875.00
1995-12-29	9.36	9.39	9.29	9.36	581625.00
1996-01-02	9.29	9.50	9.29	9.50	286200.00
1996-01-03	9.53	9.56	9.33	9.33	440325.00
1996-01-04	9.36	9.39	9.12	9.26	1238175.00
1996-01-05	9.22	9.53	9.22	9.43	240525.00
1996-01-08	9.46	9.63	9.46	9.56	157050.00
1996-01-09	9.60	9.94	9.56	9.91	1253250.00
1996-01-10	9.80	9.97	9.80	9.91	830475.00
1996-01-11	9.91	9.94	9.70	9.84	750600.00
1996-01-12	9.80	9.87	9.67	9.80	570150.00
1996-01-15	9.77	9.80	9.56	9.70	441450.00
1996-01-16	9.80	9.84	9.43	9.50	678600.00
1996-01-17	9.43	9.43	8.71	9.02	3221550.00
1996-01-18	9.05	9.19	9.02	9.15	2792700.00
1996-01-19	9.09	9.19	9.09	9.15	1183950.00
1996-01-22	9.15	9.43	9.12	9.43	1381950.00
1996-01-23	9.46	9.46	9.19	9.46	1844100.00
1996-01-24	9.43	9.53	9.36	9.50	1421325.00
1996-01-25	9.46	9.46	9.15	9.22	1505925.00
1996-01-26	9.29	9.29	8.81	8.85	1136925.00
1996-01-29	8.92	9.22	8.88	9.05	2895075.00
1996-01-30	9.15	9.53	9.05	9.53	1507050.00
1996-01-31	9.43	9.43	9.26	9.36	891675.00
1996-02-01	9.33	9.36	9.15	9.36	690075.00
1996-02-02	9.29	9.39	9.26	9.33	1034550.00
1996-02-05	9.33	9.33	9.12	9.29	413325.00
1996-02-06	9.26	9.50	9.26	9.46	1022625.00
1996-02-07	9.50	9.60	9.39	9.53	705600.00
1996-02-08	9.50	9.67	9.50	9.56	489825.00
1996-02-09	9.56	9.70	9.50	9.60	1185525.00
1996-02-12	9.84	9.97	9.77	9.91	1094625.00
1996-02-13	9.87	10.25	9.87	10.08	1110150.00
1996-02-14	10.08	10.11	9.87	9.87	588600.00
1996-02-15	9.91	9.94	9.70	9.74	461925.00
1996-02-16	9.77	9.77	9.60	9.67	759150.00
1996-02-20	9.65	9.78	9.61	9.78	460575.00
1996-02-21	9.75	9.92	9.72	9.92	699975.00
1996-02-22	9.92	10.09	9.89	10.06	915075.00
1996-02-23	10.09	10.09	9.75	9.78	306225.00
1996-02-26	9.85	9.92	9.78	9.82	793125.00
1996-02-27	9.78	9.89	9.68	9.89	494550.00
1996-02-28	9.92	9.99	9.82	9.89	533925.00
1996-02-29	9.82	9.85	9.61	9.61	652725.00
1996-03-01	9.68	9.72	9.37	9.61	334125.00
1996-03-04	9.54	9.85	9.54	9.82	289125.00
1996-03-05	9.82	9.96	9.68	9.68	445275.00
1996-03-06	9.68	9.89	9.68	9.78	288450.00
1996-03-07	9.82	9.89	9.78	9.82	346050.00
1996-03-08	9.75	10.16	9.75	9.89	492525.00
1996-03-11	9.82	10.03	9.72	9.99	325125.00
1996-03-12	9.96	10.40	9.92	10.40	964800.00
1996-03-13	10.51	10.92	10.47	10.64	1027800.00
1996-03-14	10.68	10.71	10.47	10.47	426600.00
1996-03-15	10.40	10.51	10.33	10.33	402300.00
1996-03-18	10.51	10.81	10.51	10.81	1136925.00
1996-03-19	10.71	10.75	10.61	10.71	906525.00
1996-03-20	10.75	10.78	10.57	10.75	356850.00
1996-03-21	10.75	10.75	10.64	10.68	771075.00
1996-03-22	10.75	10.75	10.51	10.61	771300.00
1996-03-25	10.71	10.71	10.54	10.57	348975.00
1996-03-26	10.68	10.68	10.54	10.57	374175.00
1996-03-27	10.54	10.64	10.44	10.44	381375.00
1996-03-28	10.44	10.68	10.40	10.68	291375.00
1996-03-29	10.68	10.68	10.23	10.30	452700.00
1996-04-01	10.37	10.54	10.16	10.51	699750.00
1996-04-02	10.44	10.47	10.37	10.40	222750.00
1996-04-03	10.37	10.40	10.30	10.40	254925.00
1996-04-04	10.33	10.44	10.33	10.40	187200.00
1996-04-08	10.37	10.37	10.20	10.27	533250.00
1996-04-09	10.27	10.30	10.20	10.27	717750.00
1996-04-10	10.20	10.37	10.20	10.30	683550.00
1996-04-11	10.30	10.37	10.27	10.27	480600.00
1996-04-12	10.30	10.33	10.23	10.27	308025.00
1996-04-15	10.30	10.30	10.23	10.30	311850.00
1996-04-16	10.27	10.33	10.27	10.30	178425.00
1996-04-17	10.33	10.64	10.30	10.61	405900.00
1996-04-18	10.64	10.92	10.64	10.88	904500.00
1996-04-19	10.95	11.06	10.88	11.06	615150.00
1996-04-22	11.02	11.23	11.02	11.23	423000.00
1996-04-23	11.23	11.50	11.19	11.43	460350.00
1996-04-24	11.43	11.57	11.43	11.50	499050.00
1996-04-25	11.50	11.54	11.43	11.54	470700.00
1996-04-26	11.54	11.54	11.43	11.43	174375.00
1996-04-29	11.47	11.64	11.45	11.60	558450.00
1996-04-30	11.60	11.60	11.54	11.60	278775.00
1996-05-01	11.54	11.71	11.54	11.64	312300.00
1996-05-02	11.57	11.67	11.57	11.57	342225.00
1996-05-03	11.60	11.67	11.60	11.60	295875.00
1996-05-06	11.60	11.67	11.57	11.60	767700.00
1996-05-07	11.60	11.64	11.54	11.60	496350.00
1996-05-08	11.54	11.95	11.54	11.95	470475.00
1996-05-09	11.91	12.09	11.67	11.98	527175.00
1996-05-10	12.05	12.12	11.95	11.95	128475.00
1996-05-13	11.88	11.98	11.88	11.98	328725.00
1996-05-14	11.98	12.02	11.91	12.02	301725.00
1996-05-15	12.02	12.09	11.95	11.95	622575.00
1996-05-16	11.95	11.98	11.84	11.84	465300.00
1996-05-17	11.91	11.91	11.60	11.67	855675.00
1996-05-20	11.74	11.74	11.50	11.50	527850.00
1996-05-21	11.55	11.65	11.31	11.45	670500.00
1996-05-22	11.52	11.79	11.45	11.76	363825.00
1996-05-23	11.79	11.79	11.48	11.59	187200.00
1996-05-24	11.52	11.72	11.48	11.48	215325.00
1996-05-28	11.48	11.52	11.07	11.28	371700.00
1996-05-29	11.31	11.41	11.21	11.28	256725.00
1996-05-30	11.28	11.59	11.14	11.38	180900.00
1996-05-31	11.41	11.41	11.10	11.24	437850.00
1996-06-03	11.17	11.24	11.07	11.14	189675.00
1996-06-04	11.10	11.24	11.10	11.21	130725.00
1996-06-05	11.17	11.34	11.17	11.31	73800.00
1996-06-06	11.38	11.48	11.24	11.38	244800.00
1996-06-07	11.17	11.34	11.10	11.28	187875.00
1996-06-10	11.31	11.31	11.10	11.14	299925.00
1996-06-11	11.17	11.34	11.10	11.31	569700.00
1996-06-12	11.45	11.52	11.31	11.31	229500.00
1996-06-13	11.31	11.38	11.24	11.24	369000.00
1996-06-14	11.28	11.28	11.17	11.28	179550.00
1996-06-17	11.21	11.31	11.17	11.24	108450.00
1996-06-18	11.21	11.24	11.10	11.14	165600.00
1996-06-19	11.21	11.24	11.14	11.24	232425.00
1996-06-20	11.28	11.38	11.21	11.28	422325.00
1996-06-21	11.34	11.38	11.28	11.38	366975.00
1996-06-24	11.38	11.45	11.34	11.45	265725.00
1996-06-25	11.45	11.62	11.45	11.55	391725.00
1996-06-26	11.59	11.65	11.34	11.52	273375.00
1996-06-27	11.52	11.59	11.45	11.59	132525.00
1996-06-28	11.59	11.69	11.52	11.69	171900.00
1996-07-01	11.69	11.76	11.67	11.76	332325.00
1996-07-02	11.76	11.90	11.55	11.59	242325.00
1996-07-03	11.41	11.59	11.41	11.59	148725.00
1996-07-05	11.48	11.59	11.38	11.38	75825.00
1996-07-08	11.41	11.41	11.14	11.17	281475.00
1996-07-09	11.10	11.10	10.90	11.03	393075.00
1996-07-10	11.03	11.03	10.76	10.93	294525.00
1996-07-11	10.97	11.00	10.79	10.83	377100.00
1996-07-12	10.86	10.86	10.31	10.45	603900.00
1996-07-15	10.48	10.48	9.86	9.86	486000.00
1996-07-16	9.86	9.86	9.21	9.65	1746900.00
1996-07-17	9.79	10.14	9.59	9.74	659025.00
1996-07-18	10.03	10.10	9.90	9.90	440775.00
1996-07-19	9.90	10.03	9.69	10.00	626850.00
1996-07-22	9.79	9.83	9.76	9.79	225900.00
1996-07-23	9.83	9.97	9.65	9.65	615600.00
1996-07-24	9.65	9.76	9.55	9.55	318375.00
1996-07-25	9.62	9.65	9.34	9.45	629325.00
1996-07-26	9.52	9.55	9.38	9.48	610425.00
1996-07-29	9.45	9.72	9.45	9.59	452250.00
1996-07-30	9.65	9.65	9.55	9.55	290925.00
1996-07-31	9.55	9.72	9.55	9.62	245475.00
1996-08-01	9.52	9.55	9.41	9.55	734400.00
1996-08-02	9.93	10.07	9.83	10.03	1942425.00
1996-08-05	10.00	10.00	9.83	9.93	376425.00
1996-08-06	9.93	10.03	9.86	10.00	619200.00
1996-08-07	10.00	10.03	9.83	10.00	1198800.00
1996-08-08	10.00	10.03	9.90	10.00	367650.00
1996-08-09	9.90	10.00	9.79	9.93	253575.00
1996-08-12	9.93	10.14	9.93	10.03	415800.00
1996-08-13	10.00	10.14	9.97	10.07	299025.00
1996-08-14	10.07	10.21	10.07	10.17	549675.00
1996-08-15	10.17	10.34	10.14	10.21	499050.00
1996-08-16	10.21	10.34	10.21	10.34	185850.00
1996-08-19	10.34	10.41	10.28	10.28	441900.00
1996-08-20	10.26	10.39	10.26	10.33	386550.00
1996-08-21	10.36	10.43	10.33	10.39	374175.00
1996-08-22	10.39	10.67	10.39	10.64	435150.00
1996-08-23	10.57	10.67	10.57	10.64	750825.00
1996-08-26	10.57	10.85	10.57	10.81	460575.00
1996-08-27	10.74	10.78	10.53	10.71	312525.00
1996-08-28	10.78	10.88	10.71	10.81	321750.00
1996-08-29	10.74	10.85	10.67	10.81	409050.00
1996-08-30	10.74	10.88	10.71	10.81	425925.00
1996-09-03	10.74	10.85	10.64	10.81	360900.00
1996-09-04	10.81	11.09	10.67	11.05	585000.00
1996-09-05	10.95	10.95	10.71	10.74	418950.00
1996-09-06	10.88	11.05	10.81	11.02	797175.00
1996-09-09	11.09	11.19	11.05	11.16	316575.00
1996-09-10	11.23	11.30	11.09	11.19	374175.00
1996-09-11	11.12	11.16	11.02	11.12	317925.00
1996-09-12	11.12	11.23	11.02	11.12	325575.00
1996-09-13	11.19	11.36	11.19	11.36	305100.00
1996-09-16	11.36	11.43	11.30	11.33	377550.00
1996-09-17	11.33	11.54	11.33	11.47	712800.00
1996-09-18	11.40	11.54	11.40	11.50	133200.00
1996-09-19	11.47	11.61	11.43	11.57	153675.00
1996-09-20	11.64	11.68	11.54	11.64	543600.00
1996-09-23	11.57	11.78	11.57	11.75	238500.00
1996-09-24	11.71	11.85	11.71	11.82	614250.00
1996-09-25	11.82	12.20	11.78	12.02	633375.00
1996-09-26	12.02	12.02	11.82	11.85	330300.00
1996-09-27	11.75	11.75	11.61	11.64	237825.00
1996-09-30	11.64	11.71	11.54	11.64	400725.00
1996-10-01	11.57	11.61	11.54	11.57	247050.00
1996-10-02	11.61	11.64	11.54	11.57	412875.00
1996-10-03	11.54	11.64	11.23	11.23	245025.00
1996-10-04	10.95	10.95	10.50	10.57	1498050.00
1996-10-07	10.57	10.57	10.19	10.22	993150.00
1996-10-08	10.22	10.36	10.19	10.29	639900.00
1996-10-09	10.26	10.29	10.19	10.26	562050.00
1996-10-10	10.26	10.29	10.01	10.12	535950.00
1996-10-11	10.12	10.33	10.12	10.22	602775.00
1996-10-14	10.29	10.36	10.29	10.29	480600.00
1996-10-15	10.36	10.39	10.26	10.26	312075.00
1996-10-16	10.53	10.67	10.36	10.53	1755450.00
1996-10-17	10.57	10.71	10.57	10.64	483525.00
1996-10-18	10.74	10.81	10.67	10.74	379350.00
1996-10-21	10.71	10.85	10.71	10.85	184725.00
1996-10-22	10.81	10.85	10.71	10.74	136125.00
1996-10-23	10.67	10.74	10.57	10.74	200025.00
1996-10-24	10.74	10.74	10.53	10.53	361125.00
1996-10-25	10.53	10.53	10.33	10.43	464625.00
1996-10-28	10.36	10.46	10.33	10.36	711000.00
1996-10-29	10.39	10.50	10.39	10.46	330075.00
1996-10-30	10.53	10.57	10.43	10.46	177975.00
1996-10-31	10.46	10.53	10.33	10.50	495450.00
1996-11-01	10.57	10.60	10.39	10.53	245475.00
1996-11-04	10.57	10.60	10.46	10.60	375750.00
1996-11-05	10.71	10.71	10.36	10.46	287775.00
1996-11-06	10.33	10.60	10.33	10.57	369000.00
1996-11-07	10.53	10.60	10.46	10.50	285750.00
1996-11-08	10.53	10.53	10.46	10.50	128475.00
1996-11-11	10.50	10.53	10.43	10.46	431100.00
1996-11-12	10.39	10.74	10.39	10.67	825525.00
1996-11-13	10.74	10.85	10.71	10.78	83925.00
1996-11-14	10.88	11.16	10.85	11.09	495450.00
1996-11-15	11.16	11.16	11.02	11.09	570150.00
1996-11-18	11.09	11.16	10.95	11.09	176175.00
1996-11-19	11.00	11.21	11.00	11.21	159975.00
1996-11-20	11.35	11.56	11.31	11.42	284625.00
1996-11-21	11.49	11.49	11.28	11.49	397800.00
1996-11-22	11.49	11.73	11.49	11.56	376650.00
1996-11-25	11.52	11.66	11.52	11.66	273150.00
1996-11-26	11.69	11.80	11.42	11.52	1012500.00
1996-11-27	11.56	11.56	11.35	11.45	286650.00
1996-11-29	11.38	11.49	11.31	11.31	85275.00
1996-12-02	11.31	11.31	11.10	11.24	247725.00
1996-12-03	11.38	11.45	11.24	11.28	276750.00
1996-12-04	11.31	11.45	11.21	11.38	310500.00
1996-12-05	11.45	11.56	11.42	11.49	674775.00
1996-12-06	11.42	11.49	11.21	11.42	247500.00
1996-12-09	11.49	11.52	11.42	11.52	107100.00
1996-12-10	11.45	11.56	11.45	11.56	533925.00
1996-12-11	11.49	11.52	11.38	11.45	318825.00
1996-12-12	11.49	11.49	11.24	11.28	162450.00
1996-12-13	11.14	11.24	10.96	11.21	288450.00
1996-12-16	11.17	11.17	10.79	10.79	360225.00
1996-12-17	10.79	10.89	10.75	10.82	447525.00
1996-12-18	10.79	10.86	10.72	10.79	274050.00
1996-12-19	10.82	10.82	10.72	10.82	485325.00
1996-12-20	11.00	11.00	10.75	10.89	979650.00
1996-12-23	10.89	10.93	10.77	10.86	216675.00
1996-12-24	10.93	10.93	10.86	10.93	94275.00
1996-12-26	10.93	11.10	10.89	11.10	311175.00
1996-12-27	11.10	11.10	11.03	11.03	105975.00
1996-12-30	11.10	11.10	10.75	10.79	263025.00
1996-12-31	10.86	10.89	10.75	10.79	422100.00
1997-01-02	10.65	10.69	10.51	10.62	501975.00
1997-01-03	10.69	10.86	10.63	10.75	643500.00
1997-01-06	10.69	10.89	10.58	10.62	1267650.00
1997-01-07	10.58	10.58	10.41	10.55	1000125.00
1997-01-08	10.58	10.62	10.44	10.51	839475.00
1997-01-09	10.72	11.17	10.72	11.00	1175850.00
1997-01-10	10.89	11.00	10.82	11.00	663525.00
1997-01-13	11.07	11.21	11.07	11.17	262575.00
1997-01-14	11.28	11.35	11.14	11.17	262125.00
1997-01-15	11.10	11.10	10.86	10.86	546525.00
1997-01-16	11.28	11.63	11.28	11.28	1405800.00
1997-01-17	11.28	11.76	11.28	11.69	1336725.00
1997-01-20	11.69	11.83	11.69	11.83	438075.00
1997-01-21	11.83	12.01	11.80	11.90	601875.00
1997-01-22	11.87	12.08	11.66	11.80	753075.00
1997-01-23	11.66	12.01	11.66	11.73	700200.00
1997-01-24	11.73	11.80	11.63	11.76	235350.00
1997-01-27	11.69	11.76	11.63	11.69	558000.00
1997-01-28	11.69	11.80	11.56	11.66	416250.00
1997-01-29	11.69	11.76	11.56	11.56	516825.00
1997-01-30	11.63	11.73	11.63	11.73	107775.00
1997-01-31	11.76	12.08	11.76	12.01	371700.00
1997-02-03	12.04	12.22	11.76	11.87	336150.00
1997-02-04	11.87	11.87	11.73	11.80	155925.00
1997-02-05	11.87	11.97	11.76	11.83	260100.00
1997-02-06	11.80	12.08	11.76	11.80	467550.00
1997-02-07	11.87	12.11	11.87	12.11	268875.00
1997-02-10	12.18	12.25	12.15	12.18	443925.00
1997-02-11	12.25	12.36	12.18	12.32	372825.00
1997-02-12	12.25	12.36	12.09	12.32	329625.00
1997-02-13	12.36	12.39	12.22	12.25	395325.00
1997-02-14	12.25	12.36	12.25	12.29	225000.00
1997-02-18	12.27	12.34	12.24	12.34	638775.00
1997-02-19	12.27	12.34	12.24	12.31	584775.00
1997-02-20	12.31	12.34	12.27	12.31	326925.00
1997-02-21	12.31	12.34	12.27	12.34	379800.00
1997-02-24	12.27	12.41	12.27	12.41	196200.00
1997-02-25	12.41	12.41	12.03	12.06	263700.00
1997-02-26	12.13	12.45	11.96	12.24	400275.00
1997-02-27	12.24	12.31	12.17	12.27	240975.00
1997-02-28	12.24	12.41	12.24	12.24	397125.00
1997-03-03	12.10	12.45	12.10	12.34	230175.00
1997-03-04	12.34	12.52	12.34	12.41	265950.00
1997-03-05	12.45	12.59	12.41	12.48	674550.00
1997-03-06	12.48	12.48	12.38	12.45	936225.00
1997-03-07	12.48	12.55	12.45	12.48	518625.00
1997-03-10	12.41	12.59	12.38	12.55	103500.00
1997-03-11	12.48	12.94	12.48	12.83	592875.00
1997-03-12	12.90	12.90	12.66	12.73	354150.00
1997-03-13	12.66	12.76	12.52	12.52	272475.00
1997-03-14	12.52	12.69	12.52	12.59	376875.00
1997-03-17	12.62	12.83	12.55	12.76	152775.00
1997-03-18	12.76	12.76	12.38	12.55	326250.00
1997-03-19	12.48	12.62	12.41	12.52	361125.00
1997-03-20	12.52	12.59	12.41	12.48	178650.00
1997-03-21	12.55	12.59	12.48	12.48	235575.00
1997-03-24	12.52	12.66	12.41	12.66	259200.00
1997-03-25	12.62	12.73	12.48	12.48	229050.00
1997-03-26	12.55	12.55	12.34	12.34	146925.00
1997-03-27	12.20	12.27	12.17	12.17	367650.00
1997-03-31	12.13	12.17	11.92	11.96	476775.00
1997-04-01	11.82	11.89	11.68	11.82	523800.00
1997-04-02	11.78	11.89	11.64	11.78	488250.00
1997-04-03	11.71	11.71	11.40	11.43	438075.00
1997-04-04	11.43	12.20	11.33	12.20	796950.00
1997-04-07	12.20	12.41	12.20	12.20	654525.00
1997-04-08	12.24	12.34	12.17	12.24	492525.00
1997-04-09	12.31	12.31	12.10	12.20	594450.00
1997-04-10	12.20	12.48	12.20	12.41	290475.00
1997-04-11	12.45	12.52	12.41	12.41	520875.00
1997-04-14	12.41	13.15	12.41	13.04	755325.00
1997-04-15	13.01	13.29	12.87	12.87	1531800.00
1997-04-16	12.87	13.43	12.87	13.32	802575.00
1997-04-17	13.32	13.78	13.22	13.29	820350.00
1997-04-18	13.29	13.43	13.22	13.36	664200.00
1997-04-21	13.36	13.43	13.18	13.32	322875.00
1997-04-22	13.32	13.71	13.22	13.53	569250.00
1997-04-23	13.60	13.78	13.57	13.64	987075.00
1997-04-24	13.67	13.81	13.57	13.67	580725.00
1997-04-25	13.60	13.74	13.43	13.53	680625.00
1997-04-28	13.46	13.50	13.36	13.46	665775.00
1997-04-29	13.50	13.57	13.39	13.53	661050.00
1997-04-30	13.57	13.95	13.53	13.92	393525.00
1997-05-01	13.99	14.09	13.81	13.88	477000.00
1997-05-02	13.95	14.20	13.92	14.16	385425.00
1997-05-05	14.27	14.48	14.20	14.37	1000800.00
1997-05-06	14.37	14.51	14.23	14.41	309825.00
1997-05-07	14.48	14.75	14.13	14.16	466200.00
1997-05-08	14.09	14.44	14.06	14.23	381825.00
1997-05-09	14.23	14.27	14.13	14.23	241650.00
1997-05-12	14.30	14.65	14.25	14.37	318375.00
1997-05-13	14.37	14.37	14.13	14.16	463725.00
1997-05-14	14.30	14.54	14.16	14.44	776700.00
1997-05-15	14.51	14.58	14.41	14.54	1016550.00
1997-05-16	14.54	14.61	14.34	14.44	708525.00
1997-05-19	14.41	14.44	14.34	14.41	425700.00
1997-05-20	14.36	14.50	14.29	14.43	313875.00
1997-05-21	14.53	14.57	14.39	14.50	603675.00
1997-05-22	14.57	14.67	14.43	14.67	372375.00
1997-05-23	14.67	14.92	14.60	14.88	252900.00
1997-05-27	14.81	14.99	14.71	14.78	247275.00
1997-05-28	14.71	14.81	14.60	14.67	980100.00
1997-05-29	14.81	15.06	14.78	14.99	298800.00
1997-05-30	14.85	14.88	14.78	14.78	485775.00
1997-06-02	14.74	14.81	14.64	14.81	258300.00
1997-06-03	14.81	14.99	14.81	14.92	199575.00
1997-06-04	14.85	15.02	14.78	14.99	255600.00
1997-06-05	14.95	15.27	14.95	14.95	315450.00
1997-06-06	14.95	15.69	14.95	15.65	310050.00
1997-06-09	15.69	15.83	15.44	15.76	703350.00
1997-06-10	15.72	16.08	15.72	15.90	435600.00
1997-06-11	15.97	16.11	15.87	16.01	1278000.00
1997-06-12	16.04	16.29	15.97	16.01	2616525.00
1997-06-13	16.01	16.16	15.94	16.01	753975.00
1997-06-16	16.01	16.04	15.72	15.72	462375.00
1997-06-17	15.76	15.97	15.65	15.75	657675.00
1997-06-18	15.72	16.11	15.58	15.87	1100250.00
1997-06-19	16.08	16.25	15.94	16.11	996075.00
1997-06-20	16.01	16.22	15.87	16.04	740925.00
1997-06-23	16.04	16.08	15.69	15.72	616950.00
1997-06-24	15.72	15.97	15.72	15.94	711900.00
1997-06-25	16.01	16.29	15.80	16.11	645525.00
1997-06-26	16.20	16.27	15.76	16.22	645975.00
1997-06-27	16.22	16.69	16.22	16.60	393300.00
1997-06-30	16.60	17.27	16.53	17.04	639000.00
1997-07-01	16.74	16.85	16.53	16.57	780075.00
1997-07-02	16.58	16.99	16.58	16.97	308700.00
1997-07-03	16.95	16.95	16.58	16.62	581400.00
1997-07-07	16.58	16.85	16.58	16.76	503100.00
1997-07-08	16.76	16.94	16.69	16.78	697950.00
1997-07-09	16.71	16.92	16.60	16.66	247500.00
1997-07-10	16.73	17.71	16.73	17.48	1055475.00
1997-07-11	17.69	17.97	17.62	17.73	651825.00
1997-07-14	17.76	17.80	17.60	17.74	446400.00
1997-07-15	17.71	17.97	17.71	17.80	422775.00
1997-07-16	17.80	18.15	17.76	18.02	268200.00
1997-07-17	18.02	18.16	18.01	18.11	364050.00
1997-07-18	18.09	18.09	17.62	17.85	392850.00
1997-07-21	17.85	17.85	17.46	17.50	544500.00
1997-07-22	17.55	17.64	17.36	17.46	732825.00
1997-07-23	17.46	17.46	16.95	16.95	890550.00
1997-07-24	17.02	17.13	16.94	16.94	419850.00
1997-07-25	16.87	17.08	16.81	16.95	665775.00
1997-07-28	16.94	17.29	16.94	17.16	420975.00
1997-07-29	17.09	17.87	17.09	17.83	444375.00
1997-07-30	17.76	17.90	17.55	17.76	279675.00
1997-07-31	18.32	18.41	17.99	18.08	760275.00
1997-08-01	18.04	18.15	17.51	17.71	263700.00
1997-08-04	17.71	18.16	17.55	18.16	520425.00
1997-08-05	18.16	18.64	18.06	18.53	476100.00
1997-08-06	18.18	18.46	17.97	18.32	1183500.00
1997-08-07	18.37	18.95	18.34	18.74	891675.00
1997-08-08	18.67	18.67	18.11	18.46	356625.00
1997-08-11	18.53	18.71	18.48	18.60	532350.00
1997-08-12	18.73	18.74	18.32	18.39	371700.00
1997-08-13	18.36	18.43	18.04	18.13	1094175.00
1997-08-14	18.13	18.25	17.99	18.09	821025.00
1997-08-15	18.02	18.02	17.25	17.29	364725.00
1997-08-18	17.41	17.76	17.37	17.76	1181250.00
1997-08-19	17.86	18.25	17.75	18.14	1201050.00
1997-08-20	18.16	18.37	18.05	18.37	973800.00
1997-08-21	18.44	18.44	18.09	18.14	558225.00
1997-08-22	17.97	18.41	17.93	18.41	445050.00
1997-08-25	18.42	18.67	18.28	18.49	631575.00
1997-08-26	18.56	18.56	18.19	18.37	440100.00
1997-08-27	18.30	18.35	18.09	18.19	341100.00
1997-08-28	18.12	18.37	17.91	18.25	442125.00
1997-08-29	18.12	18.37	18.09	18.12	166050.00
1997-09-02	18.12	18.44	18.12	18.37	540225.00
1997-09-03	18.44	18.86	18.39	18.60	1005075.00
1997-09-04	18.65	18.65	18.32	18.35	637650.00
1997-09-05	18.42	18.70	18.39	18.46	724725.00
1997-09-08	18.41	18.65	18.28	18.57	411450.00
1997-09-09	18.55	18.63	18.36	18.41	548250.00
1997-09-10	18.31	18.52	17.91	17.97	307500.00
1997-09-11	17.97	18.20	17.54	18.20	462600.00
1997-09-12	18.20	18.36	18.15	18.18	484500.00
1997-09-15	18.07	18.52	18.07	18.26	396300.00
1997-09-16	18.28	19.02	18.28	18.73	576600.00
1997-09-17	18.73	19.00	18.65	18.84	276750.00
1997-09-18	18.94	20.63	18.94	19.58	870900.00
1997-09-19	19.60	19.71	19.29	19.34	528150.00
1997-09-22	19.34	19.47	19.07	19.13	337350.00
1997-09-23	19.23	19.34	18.92	18.92	176550.00
1997-09-24	18.92	19.58	18.92	19.02	299850.00
1997-09-25	19.07	19.18	18.60	18.63	279900.00
1997-09-26	18.52	19.02	18.52	18.86	285750.00
1997-09-29	18.76	19.34	18.70	19.26	284850.00
1997-09-30	19.21	19.42	19.00	19.02	191700.00
1997-10-01	19.13	19.60	19.07	19.44	266700.00
1997-10-02	19.34	19.79	19.34	19.60	210750.00
1997-10-03	19.84	20.13	19.42	19.58	529050.00
1997-10-06	19.47	20.13	19.47	19.60	282600.00
1997-10-07	19.87	21.16	19.76	20.66	1009650.00
1997-10-08	20.50	20.98	20.16	20.82	371100.00
1997-10-09	20.71	20.98	20.40	20.84	280950.00
1997-10-10	20.50	21.24	20.50	21.21	268500.00
1997-10-13	21.21	21.53	21.21	21.45	229050.00
1997-10-14	21.53	21.53	21.16	21.19	219450.00
1997-10-15	21.14	21.19	21.00	21.16	362250.00
1997-10-16	21.06	21.64	20.40	20.77	450750.00
1997-10-17	19.97	20.29	19.87	20.16	818850.00
1997-10-20	20.21	20.79	19.71	20.74	448200.00
1997-10-21	20.74	21.56	20.74	21.56	552450.00
1997-10-22	21.56	21.66	21.40	21.56	332550.00
1997-10-23	21.35	21.35	20.53	20.84	402300.00
1997-10-24	21.08	21.08	20.29	20.58	350700.00
1997-10-27	20.58	20.58	18.33	18.33	394050.00
1997-10-28	16.91	18.18	16.83	17.65	2306250.00
1997-10-29	17.67	18.97	17.67	18.31	1168950.00
1997-10-30	18.41	18.65	18.12	18.47	1040850.00
1997-10-31	18.49	18.60	17.57	17.81	1510500.00
1997-11-03	17.73	17.75	17.17	17.38	1667850.00
1997-11-04	17.49	17.70	17.09	17.70	2189550.00
1997-11-05	18.18	18.49	18.02	18.18	910200.00
1997-11-06	18.28	18.49	17.86	18.26	647550.00
1997-11-07	17.75	18.02	17.65	17.70	291000.00
1997-11-10	17.91	18.39	17.91	18.07	1060200.00
1997-11-11	17.81	18.31	17.81	18.26	837450.00
1997-11-12	18.15	18.65	18.02	18.28	1333650.00
1997-11-13	18.60	18.92	18.33	18.49	1108200.00
1997-11-14	18.55	19.52	18.55	19.50	940200.00
1997-11-17	19.58	19.74	19.02	19.58	850350.00
1997-11-18	19.51	19.51	18.87	18.95	991800.00
1997-11-19	19.06	19.59	19.03	19.51	343950.00
1997-11-20	19.56	20.25	19.56	20.09	228150.00
1997-11-21	20.12	20.30	19.53	19.69	286950.00
1997-11-24	19.67	20.01	19.24	19.43	392550.00
1997-11-25	19.67	19.85	18.90	18.98	1066050.00
1997-11-26	19.06	19.06	18.53	18.63	546450.00
1997-11-28	18.66	19.08	18.66	18.87	484950.00
1997-12-01	18.98	19.64	18.95	19.45	451350.00
1997-12-02	19.72	19.98	19.69	19.93	415050.00
1997-12-03	20.04	20.41	19.80	20.41	523350.00
1997-12-04	20.41	21.47	20.41	20.75	562950.00
1997-12-05	20.65	21.39	20.38	20.49	331800.00
1997-12-08	20.44	20.46	19.83	20.06	474300.00
1997-12-09	19.85	19.88	19.43	19.83	463500.00
1997-12-10	19.72	19.72	19.51	19.61	444150.00
1997-12-11	19.51	19.51	19.08	19.19	203100.00
1997-12-12	19.24	19.40	18.71	18.82	339900.00
1997-12-15	19.08	19.30	18.92	18.95	243000.00
1997-12-16	19.24	19.64	19.03	19.03	246900.00
1997-12-17	19.14	19.30	18.87	18.92	236400.00
1997-12-18	19.03	19.14	18.39	18.42	361200.00
1997-12-19	17.76	19.19	17.18	19.06	744300.00
1997-12-22	19.06	19.51	18.77	19.08	340350.00
1997-12-23	19.19	19.45	18.92	19.27	231900.00
1997-12-24	19.32	19.64	19.27	19.38	177000.00
1997-12-26	19.38	19.45	19.11	19.11	49200.00
1997-12-29	19.22	19.48	18.77	19.43	240600.00
1997-12-30	19.51	19.93	19.51	19.85	554250.00
1997-12-31	19.96	19.96	19.40	19.45	296850.00
1998-01-02	19.56	19.85	19.32	19.38	285600.00
1998-01-05	19.48	19.48	19.06	19.24	512850.00
1998-01-06	19.32	19.45	19.11	19.32	333600.00
1998-01-07	19.38	19.83	19.32	19.64	537150.00
1998-01-08	19.88	20.36	19.80	20.20	685050.00
1998-01-09	20.09	20.12	18.77	18.82	916200.00
1998-01-12	18.45	19.61	18.45	19.48	399150.00
1998-01-13	19.72	20.01	19.53	19.96	571650.00
1998-01-14	20.06	20.06	19.83	19.93	342300.00
1998-01-15	19.93	20.75	19.72	20.54	314550.00
1998-01-16	20.83	20.86	20.22	20.30	328500.00
1998-01-20	18.24	18.34	17.60	17.89	3175950.00
1998-01-21	18.02	18.66	17.71	18.55	1971900.00
1998-01-22	18.63	18.77	18.31	18.39	878100.00
1998-01-23	18.37	18.69	18.26	18.69	634950.00
1998-01-26	18.66	18.74	18.39	18.45	579600.00
1998-01-27	18.55	18.71	18.26	18.50	779250.00
1998-01-28	18.50	18.66	18.45	18.45	740700.00
1998-01-29	18.34	18.69	18.26	18.42	465600.00
1998-01-30	18.42	18.82	18.37	18.53	492900.00
1998-02-02	18.63	19.03	18.63	18.85	563100.00
1998-02-03	18.39	18.85	18.34	18.45	611400.00
1998-02-04	18.45	18.95	18.29	18.69	578250.00
1998-02-05	18.87	19.30	18.87	19.00	523050.00
1998-02-06	19.08	19.24	19.00	19.24	659850.00
1998-02-09	19.14	19.43	19.11	19.38	281700.00
1998-02-10	19.38	19.69	19.08	19.16	368550.00
1998-02-11	19.11	19.40	19.00	19.14	204450.00
1998-02-12	19.03	19.45	18.74	19.30	254850.00
1998-02-13	19.19	19.22	18.98	19.00	396000.00
1998-02-17	18.88	19.25	18.88	19.20	496650.00
1998-02-18	19.15	19.33	19.09	19.28	606600.00
1998-02-19	19.17	19.28	19.04	19.17	600750.00
1998-02-20	19.25	19.36	19.09	19.31	724500.00
1998-02-23	19.28	19.47	19.07	19.44	319350.00
1998-02-24	19.41	19.47	18.93	19.01	508650.00
1998-02-25	19.12	19.79	19.01	19.73	285450.00
1998-02-26	19.79	19.89	19.60	19.76	159150.00
1998-02-27	19.87	19.87	19.55	19.84	363000.00
1998-03-02	19.97	20.03	19.84	19.92	576000.00
1998-03-03	19.79	19.89	19.52	19.68	280200.00
1998-03-04	19.63	20.18	19.52	20.08	471000.00
1998-03-05	20.00	20.05	19.65	19.87	407100.00
1998-03-06	19.95	20.16	19.87	20.00	465300.00
1998-03-09	19.89	19.89	19.31	19.47	420150.00
1998-03-10	19.57	20.11	19.47	20.00	788850.00
1998-03-11	19.95	20.58	19.87	20.48	402900.00
1998-03-12	20.48	21.06	20.45	20.85	542100.00
1998-03-13	20.85	21.70	20.80	21.04	755550.00
1998-03-16	20.93	21.49	20.66	21.20	445050.00
1998-03-17	21.12	21.30	20.88	20.88	338250.00
1998-03-18	20.90	20.90	20.32	20.56	266850.00
1998-03-19	20.50	21.22	20.50	21.17	321150.00
1998-03-20	21.38	21.65	21.25	21.35	555150.00
1998-03-23	21.30	21.59	21.22	21.59	522000.00
1998-03-24	21.70	22.13	21.59	22.05	485100.00
1998-03-25	22.13	22.37	21.83	21.94	471750.00
1998-03-26	21.89	22.26	21.81	21.86	442500.00
1998-03-27	21.89	22.26	21.59	21.83	292350.00
1998-03-30	21.73	22.13	21.70	21.94	92100.00
1998-03-31	22.05	22.39	21.75	21.86	422700.00
1998-04-01	21.59	21.59	21.12	21.49	313650.00
1998-04-02	21.49	22.29	21.30	22.13	388800.00
1998-04-03	22.02	22.07	21.89	21.89	195750.00
1998-04-06	22.02	22.13	21.41	21.49	458700.00
1998-04-07	21.38	21.38	20.90	21.25	246150.00
1998-04-08	21.14	21.28	20.85	21.14	323250.00
1998-04-09	21.25	21.35	21.14	21.20	221100.00
1998-04-13	21.25	21.75	21.06	21.46	330300.00
1998-04-14	21.65	21.75	21.14	21.43	281400.00
1998-04-15	21.49	21.78	21.43	21.65	236400.00
1998-04-16	21.54	21.54	19.92	20.34	1530900.00
1998-04-17	20.45	20.56	20.34	20.42	690900.00
1998-04-20	20.53	20.53	19.89	20.03	399300.00
1998-04-21	20.00	20.11	19.79	19.95	859800.00
1998-04-22	20.00	20.11	19.41	19.63	567150.00
1998-04-23	19.55	19.57	18.86	19.09	863700.00
1998-04-24	19.12	19.15	18.40	18.70	717900.00
1998-04-27	18.40	18.56	18.24	18.51	707700.00
1998-04-28	18.48	18.51	18.08	18.24	784050.00
1998-04-29	18.30	18.43	17.87	18.27	880350.00
1998-04-30	18.40	19.15	18.35	18.93	485100.00
1998-05-01	18.96	19.20	18.46	18.56	702450.00
1998-05-04	18.64	18.83	18.46	18.56	706800.00
1998-05-05	18.67	18.91	18.54	18.78	549150.00
1998-05-06	19.04	19.31	18.40	18.40	899550.00
1998-05-07	18.72	18.93	18.64	18.72	639300.00
1998-05-08	18.72	18.91	18.64	18.67	313800.00
1998-05-11	18.56	18.70	18.46	18.51	426750.00
1998-05-12	18.56	18.78	18.56	18.75	477000.00
1998-05-13	18.70	18.83	18.62	18.72	457650.00
1998-05-14	18.72	19.07	18.62	18.99	261000.00
1998-05-15	19.15	19.36	18.72	18.91	355500.00
1998-05-18	18.91	18.91	18.67	18.72	232800.00
1998-05-19	18.73	19.00	18.68	18.76	284550.00
1998-05-20	18.84	18.89	18.57	18.81	201450.00
1998-05-21	18.73	18.97	18.57	18.68	164550.00
1998-05-22	18.79	18.84	18.28	18.57	346650.00
1998-05-26	18.57	18.57	17.99	18.01	353400.00
1998-05-27	17.69	17.88	17.51	17.69	641700.00
1998-05-28	17.77	17.93	17.59	17.75	209850.00
1998-05-29	17.88	17.93	17.51	17.53	485250.00
1998-06-01	17.56	17.72	17.51	17.53	532650.00
1998-06-02	17.64	17.72	17.43	17.48	381000.00
1998-06-03	17.45	17.64	17.45	17.61	404550.00
1998-06-04	17.53	17.75	17.51	17.53	717600.00
1998-06-05	17.67	17.91	17.64	17.91	212250.00
1998-06-08	18.01	18.25	18.01	18.04	205650.00
1998-06-09	18.15	18.31	17.99	18.28	269250.00
1998-06-10	18.31	18.31	17.83	17.88	456750.00
1998-06-11	17.99	18.09	17.05	17.11	291750.00
1998-06-12	17.21	17.40	16.52	16.65	612900.00
1998-06-15	16.54	16.54	15.88	16.06	1111050.00
1998-06-16	16.17	16.22	15.93	16.04	803550.00
1998-06-17	16.28	17.03	16.25	16.81	414900.00
1998-06-18	16.92	17.00	16.44	16.44	1401900.00
1998-06-19	16.62	16.62	16.25	16.38	533700.00
1998-06-22	16.33	16.60	16.22	16.25	212700.00
1998-06-23	16.41	16.62	16.33	16.60	707700.00
1998-06-24	16.60	16.65	16.14	16.20	526500.00
1998-06-25	16.12	16.22	15.77	16.04	286950.00
1998-06-26	16.14	16.28	16.14	16.17	571050.00
1998-06-29	16.14	16.30	16.12	16.12	225300.00
1998-06-30	16.12	16.36	16.12	16.28	424350.00
1998-07-01	16.33	16.54	16.14	16.44	254700.00
1998-07-02	16.25	16.36	16.14	16.25	389550.00
1998-07-06	16.17	16.30	16.01	16.17	290550.00
1998-07-07	16.17	16.17	15.16	15.32	771150.00
1998-07-08	14.36	15.50	14.36	15.37	2530500.00
1998-07-09	15.37	15.42	14.84	14.84	1118400.00
1998-07-10	14.94	15.00	14.81	14.94	777900.00
1998-07-13	15.05	15.05	14.76	14.89	663750.00
1998-07-14	15.32	15.34	14.73	14.76	820950.00
1998-07-15	14.86	14.94	14.22	14.41	899700.00
1998-07-16	14.46	14.49	13.88	14.28	1218450.00
1998-07-17	14.30	14.60	14.14	14.44	534750.00
1998-07-20	14.49	14.89	14.33	14.44	483900.00
1998-07-21	14.25	14.33	13.96	14.09	1627650.00
1998-07-22	13.98	14.09	13.40	13.69	3254550.00
1998-07-23	13.64	13.98	13.64	13.90	1504500.00
1998-07-24	13.96	14.30	13.96	14.14	829050.00
1998-07-27	14.04	14.09	13.88	14.06	584700.00
1998-07-28	13.69	14.41	13.69	14.33	934350.00
1998-07-29	14.25	14.52	14.04	14.20	509850.00
1998-07-30	14.09	14.89	14.09	14.89	671100.00
1998-07-31	14.78	14.84	14.52	14.65	446550.00
1998-08-03	14.57	14.89	14.57	14.73	1048950.00
1998-08-04	14.76	14.89	14.30	14.30	745650.00
1998-08-05	14.41	14.92	14.04	14.30	965100.00
1998-08-06	14.30	14.65	14.20	14.49	525000.00
1998-08-07	14.52	14.70	14.09	14.22	856650.00
1998-08-10	14.33	14.54	13.66	13.85	772950.00
1998-08-11	13.45	13.88	13.40	13.58	498450.00
1998-08-12	13.74	13.88	13.34	13.40	993300.00
1998-08-13	13.34	13.64	13.32	13.32	779850.00
1998-08-14	13.40	13.45	12.97	13.00	875400.00
1998-08-17	12.89	13.40	12.86	13.24	517050.00
1998-08-18	13.46	13.65	13.43	13.60	390900.00
1998-08-19	13.73	14.05	13.11	13.22	511800.00
1998-08-20	13.09	13.25	12.71	12.84	875700.00
1998-08-21	12.76	12.92	12.36	12.66	503250.00
1998-08-24	12.76	12.82	12.44	12.47	481500.00
1998-08-25	12.55	12.71	12.44	12.63	991200.00
1998-08-26	12.74	13.03	12.36	12.44	1381800.00
1998-08-27	12.42	12.92	12.39	12.55	553950.00
1998-08-28	12.55	12.98	12.55	12.79	651150.00
1998-08-31	12.79	12.95	12.33	12.44	1015200.00
1998-09-01	12.44	12.87	12.36	12.71	647550.00
1998-09-02	12.76	12.92	12.58	12.60	418350.00
1998-09-03	12.55	12.84	12.36	12.79	595050.00
1998-09-04	12.74	12.79	12.39	12.44	529200.00
1998-09-08	12.55	12.87	12.50	12.76	1111500.00
1998-09-09	12.76	12.98	12.66	12.84	687450.00
1998-09-10	12.76	12.76	12.36	12.52	561600.00
1998-09-11	12.28	12.84	12.12	12.82	758850.00
1998-09-14	12.92	12.98	12.44	12.44	741300.00
1998-09-15	12.44	12.50	12.09	12.31	918750.00
1998-09-16	12.12	12.12	11.48	11.80	1254450.00
1998-09-17	11.80	11.80	11.40	11.72	598650.00
1998-09-18	11.72	11.80	11.58	11.66	461100.00
1998-09-21	11.58	11.96	11.48	11.77	308250.00
1998-09-22	11.72	12.23	11.72	12.23	414450.00
1998-09-23	12.44	12.84	12.36	12.84	728250.00
1998-09-24	12.66	12.70	12.36	12.44	533850.00
1998-09-25	12.47	12.66	12.33	12.55	262500.00
1998-09-28	12.66	13.03	12.58	12.98	1059600.00
1998-09-29	12.98	12.98	12.68	12.84	426450.00
1998-09-30	12.76	12.98	12.66	12.74	794400.00
1998-10-01	12.63	12.87	12.04	12.25	552600.00
1998-10-02	12.23	12.47	12.15	12.28	334650.00
1998-10-05	12.23	12.60	12.07	12.50	379500.00
1998-10-06	12.42	12.52	12.23	12.25	387150.00
1998-10-07	12.01	12.28	11.85	12.25	584850.00
1998-10-08	11.74	12.44	11.58	12.42	1101450.00
1998-10-09	12.31	12.71	12.15	12.60	238200.00
1998-10-12	12.71	13.06	12.71	13.03	285600.00
1998-10-13	12.92	13.33	12.87	13.01	343800.00
1998-10-14	13.06	13.38	12.90	13.01	1325550.00
1998-10-15	13.11	14.37	12.76	14.13	889200.00
1998-10-16	14.18	14.27	13.68	14.13	828750.00
1998-10-19	14.13	14.86	14.10	14.77	502350.00
1998-10-20	14.77	15.15	14.61	15.15	580500.00
1998-10-21	15.04	15.10	14.61	14.99	384000.00
1998-10-22	15.04	15.04	14.32	14.96	360000.00
1998-10-23	14.91	14.94	14.59	14.61	418350.00
1998-10-26	14.72	15.39	14.59	15.02	397350.00
1998-10-27	15.02	15.31	14.83	14.99	615450.00
1998-10-28	15.23	15.50	14.91	15.04	647400.00
1998-10-29	15.07	15.34	14.96	15.12	359700.00
1998-10-30	15.20	15.53	15.20	15.34	373650.00
1998-11-02	15.66	15.98	15.42	15.50	389700.00
1998-11-03	15.55	16.04	15.53	15.77	372600.00
1998-11-04	15.87	15.98	15.55	15.98	628200.00
1998-11-05	15.82	16.44	15.71	15.79	540750.00
1998-11-06	15.63	15.90	15.58	15.87	619050.00
1998-11-09	16.09	16.09	15.28	15.36	530550.00
1998-11-10	15.34	15.34	14.69	14.96	486150.00
1998-11-11	15.02	15.02	14.32	14.67	714000.00
1998-11-12	14.64	14.96	14.64	14.91	356400.00
1998-11-13	15.02	15.15	14.80	15.02	240750.00
1998-11-16	15.12	15.28	14.91	15.04	434850.00
1998-11-17	15.11	15.11	14.87	14.87	341100.00
1998-11-18	14.87	14.95	14.73	14.76	267600.00
1998-11-19	14.76	15.16	14.76	15.11	172500.00
1998-11-20	15.32	15.59	15.05	15.22	412350.00
1998-11-23	15.16	15.67	14.81	15.59	628200.00
1998-11-24	15.70	15.75	15.46	15.54	325350.00
1998-11-25	15.67	15.78	15.54	15.57	152250.00
1998-11-27	15.54	15.70	15.54	15.54	31650.00
1998-11-30	15.46	15.62	14.95	14.97	827850.00
1998-12-01	14.76	14.89	14.57	14.73	377100.00
1998-12-02	14.38	14.49	13.09	14.00	1034250.00
1998-12-03	14.00	14.25	13.95	14.14	792300.00
1998-12-04	14.03	14.33	14.03	14.19	543300.00
1998-12-07	13.52	13.76	13.49	13.68	1242450.00
1998-12-08	13.71	13.79	13.30	13.38	777750.00
1998-12-09	13.63	13.87	13.55	13.71	579150.00
1998-12-10	13.14	13.52	13.03	13.28	856200.00
1998-12-11	13.30	13.63	13.17	13.52	696600.00
1998-12-14	13.36	13.57	13.30	13.38	457500.00
1998-12-15	13.28	13.41	13.20	13.28	830100.00
1998-12-16	13.38	13.38	12.95	12.98	636300.00
1998-12-17	12.95	13.49	12.95	13.41	349050.00
1998-12-18	13.09	13.41	13.09	13.30	465300.00
1998-12-21	13.20	13.79	13.17	13.33	402150.00
1998-12-22	13.36	13.55	13.25	13.44	324750.00
1998-12-23	13.41	13.79	13.36	13.65	289500.00
1998-12-24	13.55	13.98	13.55	13.71	174900.00
1998-12-28	13.71	13.73	13.20	13.63	370950.00
1998-12-29	13.73	14.03	13.46	14.03	170850.00
1998-12-30	13.95	14.00	13.65	13.79	193800.00
1998-12-31	13.90	14.14	13.68	14.11	260700.00
1999-01-04	14.11	14.84	14.11	14.35	505200.00
1999-01-05	14.46	14.65	14.17	14.17	256950.00
1999-01-06	14.27	15.08	14.19	14.97	491550.00
1999-01-07	14.43	14.76	14.43	14.62	550050.00
1999-01-08	14.65	14.95	14.33	14.81	2587950.00
1999-01-11	14.81	14.81	14.22	14.22	284100.00
1999-01-12	14.22	14.25	13.79	13.92	395400.00
1999-01-13	13.57	14.00	13.36	13.84	444450.00
1999-01-14	13.79	13.82	13.30	13.33	419850.00
1999-01-15	13.57	13.68	13.41	13.55	367350.00
1999-01-19	13.90	14.00	13.68	13.68	337050.00
1999-01-20	13.71	14.14	13.49	13.65	234150.00
1999-01-21	13.57	13.68	12.98	13.14	359100.00
1999-01-22	13.25	13.25	12.76	12.76	303300.00
1999-01-25	12.71	13.49	12.71	13.30	358200.00
1999-01-26	13.20	13.28	12.74	12.93	462300.00
1999-01-27	12.98	13.22	12.98	13.14	392700.00
1999-01-28	13.14	13.33	13.14	13.25	494850.00
1999-01-29	13.36	13.63	13.14	13.25	736050.00
1999-02-01	13.46	14.49	13.44	14.19	848100.00
1999-02-02	14.08	14.38	13.84	14.22	823650.00
1999-02-03	14.14	14.22	13.98	14.06	503700.00
1999-02-04	13.79	14.14	13.76	14.11	1021500.00
1999-02-05	14.33	14.41	14.19	14.27	533400.00
1999-02-08	14.25	14.78	14.22	14.73	513450.00
1999-02-09	15.67	16.05	15.22	15.51	1192950.00
1999-02-10	15.46	15.78	15.38	15.51	990900.00
1999-02-11	15.46	15.62	15.43	15.48	763350.00
1999-02-12	15.32	15.89	15.32	15.73	724500.00
1999-02-16	15.62	15.92	15.43	15.57	668400.00
1999-02-17	15.51	15.62	15.43	15.43	567150.00
1999-02-18	15.32	15.65	15.27	15.40	292200.00
1999-02-19	15.35	15.67	15.35	15.48	323700.00
1999-02-22	15.45	16.61	15.45	16.48	733650.00
1999-02-23	16.51	17.21	16.45	16.51	570900.00
1999-02-24	16.51	16.83	16.34	16.45	619650.00
1999-02-25	16.23	16.29	15.86	16.29	349500.00
1999-02-26	16.32	16.34	15.80	16.07	261900.00
1999-03-01	15.80	15.96	15.77	15.88	631200.00
1999-03-02	15.86	15.88	15.77	15.83	507600.00
1999-03-03	15.83	15.86	15.59	15.75	351450.00
1999-03-04	15.80	15.99	15.75	15.94	315750.00
1999-03-05	16.05	16.34	16.05	16.26	433500.00
1999-03-08	16.26	16.51	16.26	16.48	364800.00
1999-03-09	16.23	16.42	15.91	16.10	443250.00
1999-03-10	16.02	16.07	15.91	15.96	424200.00
1999-03-11	16.02	16.18	15.88	16.13	457650.00
1999-03-12	16.13	16.13	15.61	15.77	531450.00
1999-03-15	15.86	16.23	15.83	16.02	387900.00
1999-03-16	15.86	16.10	15.67	15.96	235500.00
1999-03-17	16.23	16.37	15.91	16.13	176250.00
1999-03-18	16.02	16.23	15.86	16.21	288300.00
1999-03-19	16.32	16.78	16.13	16.78	584100.00
1999-03-22	16.61	16.61	15.80	16.02	277650.00
1999-03-23	15.94	16.07	15.48	15.59	339150.00
1999-03-24	15.48	15.96	15.45	15.48	412650.00
1999-03-25	15.48	15.86	15.48	15.64	194250.00
1999-03-26	15.53	15.53	14.80	15.07	517350.00
1999-03-29	15.18	15.64	15.13	15.53	360750.00
1999-03-30	15.42	15.42	14.67	15.04	489450.00
1999-03-31	15.13	15.13	14.67	14.83	525450.00
1999-04-01	14.83	14.88	14.72	14.83	228300.00
1999-04-05	14.83	15.26	14.72	15.26	286800.00
1999-04-06	15.15	15.31	14.72	14.96	377400.00
1999-04-07	14.99	15.40	14.91	15.31	376350.00
1999-04-08	15.37	16.51	15.37	16.15	1234200.00
1999-04-09	16.07	16.21	15.96	16.15	409650.00
1999-04-12	16.05	16.40	15.91	16.34	241500.00
1999-04-13	16.88	17.32	16.72	17.24	1825200.00
1999-04-14	17.24	18.29	17.21	18.02	1192950.00
1999-04-15	18.40	19.83	18.32	19.40	1183200.00
1999-04-16	19.91	20.35	19.56	20.10	1499550.00
1999-04-19	20.89	21.89	20.29	20.48	3123150.00
1999-04-20	20.46	20.48	19.16	19.45	1209000.00
1999-04-21	19.45	19.45	18.94	19.05	714900.00
1999-04-22	18.99	20.35	18.94	20.19	873600.00
1999-04-23	20.08	20.32	19.35	19.45	673650.00
1999-04-26	19.75	20.21	19.64	19.89	449100.00
1999-04-27	19.97	20.89	19.97	20.73	1044450.00
1999-04-28	20.83	21.16	20.70	21.02	963750.00
1999-04-29	21.02	21.51	20.13	20.35	963600.00
1999-04-30	20.40	21.00	19.91	20.32	1314900.00
1999-05-03	20.29	21.40	20.16	21.40	896400.00
1999-05-04	21.32	21.86	21.29	21.84	1615350.00
1999-05-05	21.73	21.75	21.05	21.65	498150.00
1999-05-06	21.54	21.65	21.38	21.65	456000.00
1999-05-07	21.65	21.75	21.29	21.57	1184700.00
1999-05-10	21.57	21.57	20.86	21.19	612000.00
1999-05-11	21.24	21.29	21.00	21.24	413700.00
1999-05-12	21.19	21.43	20.94	21.21	275700.00
1999-05-13	21.27	21.32	20.78	21.00	249300.00
1999-05-14	20.83	20.83	20.46	20.73	209400.00
1999-05-17	20.51	20.54	19.51	19.91	504900.00
1999-05-18	20.02	20.07	18.88	19.31	396300.00
1999-05-19	19.50	19.74	19.12	19.64	361200.00
1999-05-20	19.64	19.93	19.50	19.55	366450.00
1999-05-21	19.23	19.58	19.12	19.39	321750.00
1999-05-24	19.34	19.85	19.34	19.58	556800.00
1999-05-25	19.55	19.58	19.45	19.58	754800.00
1999-05-26	19.61	19.69	18.68	19.17	561300.00
1999-05-27	19.07	19.07	17.92	18.20	508050.00
1999-05-28	18.20	19.12	18.20	18.98	356100.00
1999-06-01	18.82	19.09	18.63	19.07	364350.00
1999-06-02	19.17	20.18	19.17	19.91	1138800.00
1999-06-03	19.91	20.02	19.88	19.99	286200.00
1999-06-04	19.99	20.40	19.99	20.18	346650.00
1999-06-07	20.15	20.69	20.15	20.67	882300.00
1999-06-08	20.69	20.69	20.42	20.50	495450.00
1999-06-09	20.61	20.75	20.59	20.67	283050.00
1999-06-10	20.50	20.86	20.37	20.86	425250.00
1999-06-11	20.86	20.88	20.29	20.72	375900.00
1999-06-14	20.78	20.78	20.53	20.75	219150.00
1999-06-15	20.69	20.88	20.69	20.80	256050.00
1999-06-16	20.78	20.86	20.37	20.69	247950.00
1999-06-17	20.59	20.88	20.50	20.88	631800.00
1999-06-18	20.91	20.94	20.48	20.69	442800.00
1999-06-21	20.75	20.75	20.42	20.45	405750.00
1999-06-22	20.40	20.56	20.15	20.42	673800.00
1999-06-23	20.48	20.53	20.29	20.53	305250.00
1999-06-24	20.69	20.78	20.31	20.34	453750.00
1999-06-25	20.40	20.48	20.34	20.37	322650.00
1999-06-28	20.40	20.40	19.58	19.58	717750.00
1999-06-29	19.58	19.66	19.34	19.58	577500.00
1999-06-30	19.64	19.88	19.55	19.88	651600.00
1999-07-01	19.88	19.88	19.72	19.88	269250.00
1999-07-02	19.88	19.88	19.55	19.88	188700.00
1999-07-06	19.83	19.91	19.50	19.80	406500.00
1999-07-07	19.83	19.88	19.66	19.88	257550.00
1999-07-08	19.88	20.69	19.77	20.59	415500.00
1999-07-09	20.48	20.48	19.66	19.85	299550.00
1999-07-12	19.77	19.91	19.23	19.34	374250.00
1999-07-13	19.31	19.50	19.26	19.42	117450.00
1999-07-14	19.23	19.50	19.07	19.50	275550.00
1999-07-15	19.50	19.55	19.50	19.53	226500.00
1999-07-16	19.45	19.74	19.26	19.36	232200.00
1999-07-19	19.36	19.50	19.23	19.23	172650.00
1999-07-20	19.26	19.34	19.15	19.17	249150.00
1999-07-21	19.09	19.36	19.04	19.36	173100.00
1999-07-22	19.31	19.45	19.26	19.34	187800.00
1999-07-23	19.34	19.50	19.01	19.15	161100.00
1999-07-26	19.17	19.74	19.09	19.39	393750.00
1999-07-27	19.28	19.77	19.28	19.66	271800.00
1999-07-28	19.61	19.83	19.50	19.77	380550.00
1999-07-29	19.77	20.91	19.77	20.40	747300.00
1999-07-30	20.50	20.72	20.48	20.50	492750.00
1999-08-02	20.53	20.64	20.42	20.42	529200.00
1999-08-03	20.45	20.45	19.99	20.07	496500.00
1999-08-04	19.96	20.53	19.96	20.26	901950.00
1999-08-05	20.26	20.45	19.85	19.96	477600.00
1999-08-06	19.96	20.04	19.77	19.85	241350.00
1999-08-09	19.85	20.10	19.77	19.77	341700.00
1999-08-10	19.72	19.72	19.31	19.55	354450.00
1999-08-11	19.55	19.74	19.45	19.55	284850.00
1999-08-12	19.66	20.18	19.64	19.96	252300.00
1999-08-13	19.96	20.21	19.77	19.80	125400.00
1999-08-16	19.85	19.91	19.72	19.88	130950.00
1999-08-17	19.99	20.12	19.85	20.12	114600.00
1999-08-18	20.02	20.02	19.23	19.47	228750.00
1999-08-19	19.36	19.53	19.07	19.07	793050.00
1999-08-20	19.17	19.55	19.06	19.25	406650.00
1999-08-23	19.14	19.77	19.14	19.58	541950.00
1999-08-24	19.60	19.60	18.81	19.47	578850.00
1999-08-25	19.55	19.82	19.49	19.74	663000.00
1999-08-26	19.74	19.74	19.22	19.38	329250.00
1999-08-27	19.44	19.58	19.11	19.19	168600.00
1999-08-30	19.30	19.30	18.92	18.92	178050.00
1999-08-31	18.95	19.22	18.89	19.08	228000.00
1999-09-01	19.03	19.28	18.98	19.17	335400.00
1999-09-02	19.06	19.25	18.87	19.19	438900.00
1999-09-03	19.36	19.71	19.36	19.52	366450.00
1999-09-07	19.55	19.55	19.08	19.30	318900.00
1999-09-08	19.22	19.60	19.19	19.19	412950.00
1999-09-09	19.19	19.44	19.08	19.38	382350.00
1999-09-10	19.52	19.63	19.47	19.55	317850.00
1999-09-13	19.55	19.71	19.22	19.71	250350.00
1999-09-14	19.63	19.79	19.58	19.77	278100.00
1999-09-15	19.88	20.09	19.74	19.82	283350.00
1999-09-16	19.82	20.50	19.82	20.23	628050.00
1999-09-17	20.28	20.45	20.07	20.23	464850.00
1999-09-20	20.26	20.53	20.07	20.45	344400.00
1999-09-21	20.34	20.61	20.23	20.53	762150.00
1999-09-22	20.53	20.72	20.18	20.20	438600.00
1999-09-23	20.18	20.18	19.98	20.04	344700.00
1999-09-24	19.98	20.04	19.52	19.79	444150.00
1999-09-27	19.68	19.85	19.47	19.58	481800.00
1999-09-28	19.60	19.74	19.22	19.44	285600.00
1999-09-29	19.44	20.07	19.38	19.85	212100.00
1999-09-30	19.96	20.12	19.52	19.55	748650.00
1999-10-01	19.52	19.52	19.14	19.14	390600.00
1999-10-04	19.19	19.22	18.32	19.11	1062900.00
1999-10-05	19.11	19.11	18.65	19.06	751500.00
1999-10-06	19.11	19.63	19.08	19.41	263700.00
1999-10-07	19.63	21.27	19.63	20.94	930300.00
1999-10-08	20.94	21.27	20.72	21.05	497850.00
1999-10-11	20.99	21.21	20.91	20.94	342900.00
1999-10-12	20.83	21.02	20.67	20.75	331800.00
1999-10-13	20.78	20.88	20.28	20.53	338250.00
1999-10-14	20.53	20.67	19.90	20.07	886050.00
1999-10-15	20.28	20.42	19.68	20.09	501150.00
1999-10-18	20.28	20.80	20.07	20.34	498450.00
1999-10-19	20.28	21.16	20.09	20.69	685650.00
1999-10-20	20.72	20.94	20.34	20.34	906450.00
1999-10-21	20.31	20.31	19.52	19.88	489900.00
1999-10-22	20.09	20.39	20.01	20.07	593100.00
1999-10-25	20.15	20.15	19.41	19.60	560400.00
1999-10-26	19.52	19.82	19.52	19.58	326700.00
1999-10-27	19.60	19.79	19.38	19.41	766350.00
1999-10-28	19.47	19.79	19.44	19.74	671850.00
1999-10-29	19.68	20.15	19.41	19.98	639000.00
1999-11-01	19.98	19.98	19.19	19.30	640950.00
1999-11-02	19.30	20.12	19.11	19.52	305700.00
1999-11-03	19.44	19.77	19.06	19.08	468000.00
1999-11-04	18.76	18.76	17.97	18.70	1521900.00
1999-11-05	20.07	20.07	19.63	19.74	894150.00
1999-11-08	19.74	19.88	19.41	19.74	463500.00
1999-11-09	19.52	19.63	19.19	19.38	532950.00
1999-11-10	19.33	19.96	19.33	19.77	671550.00
1999-11-11	19.88	20.45	19.88	20.07	1126800.00
1999-11-12	20.04	20.07	19.28	19.49	316500.00
1999-11-15	19.68	20.94	19.66	20.58	649350.00
1999-11-16	20.83	21.37	20.72	21.08	630750.00
1999-11-17	21.02	21.05	20.48	20.88	150900.00
1999-11-18	20.86	21.32	20.45	21.29	392700.00
1999-11-19	21.18	21.18	20.33	20.55	354000.00
1999-11-22	20.33	20.33	19.67	19.70	455550.00
1999-11-23	19.81	19.94	19.53	19.81	591150.00
1999-11-24	19.81	20.33	19.75	19.86	393450.00
1999-11-26	20.03	20.14	19.86	19.86	83100.00
1999-11-29	19.86	20.41	19.48	20.14	294000.00
1999-11-30	19.92	20.93	19.92	20.60	540000.00
1999-12-01	20.49	20.82	20.46	20.74	390900.00
1999-12-02	20.63	20.74	20.46	20.57	239700.00
1999-12-03	20.63	21.42	20.57	20.66	443100.00
1999-12-06	20.66	21.07	20.60	20.74	502800.00
1999-12-07	21.67	21.67	20.79	21.01	692250.00
1999-12-08	21.04	22.35	21.01	21.89	880200.00
1999-12-09	21.78	21.89	21.29	21.31	473100.00
1999-12-10	21.31	21.31	20.93	21.01	469350.00
1999-12-13	21.07	21.18	20.79	20.79	738600.00
1999-12-14	20.85	21.59	20.79	20.79	1485150.00
1999-12-15	21.01	21.78	20.90	20.90	771750.00
1999-12-16	21.01	21.34	20.93	21.12	488250.00
1999-12-17	21.23	21.37	19.70	19.70	1029600.00
1999-12-20	20.14	20.46	19.64	19.86	947400.00
1999-12-21	19.89	20.27	19.64	20.14	448950.00
1999-12-22	20.03	20.27	19.81	19.84	225300.00
1999-12-23	19.86	20.08	19.70	19.97	372000.00
1999-12-27	20.05	20.79	20.03	20.41	311550.00
1999-12-28	20.41	21.34	20.41	21.20	329850.00
1999-12-29	21.23	22.16	20.98	21.97	411300.00
1999-12-30	22.00	22.22	21.89	21.94	343500.00
1999-12-31	21.94	22.52	21.70	22.46	192900.00
2000-01-03	22.46	22.46	21.23	21.37	593400.00
2000-01-04	21.37	21.56	20.52	20.52	217650.00
2000-01-05	20.63	20.90	20.41	20.52	420900.00
2000-01-06	20.57	20.90	20.19	20.90	1203450.00
2000-01-07	22.76	23.64	22.65	22.82	2630100.00
2000-01-10	22.82	23.39	22.22	22.54	774900.00
2000-01-11	22.43	22.68	21.89	21.97	523500.00
2000-01-12	22.08	22.41	22.05	22.27	1078950.00
2000-01-13	22.30	22.30	21.81	22.00	551550.00
2000-01-14	22.05	22.05	21.29	21.72	741150.00
2000-01-18	21.45	21.53	19.94	20.44	1312800.00
2000-01-19	20.14	20.96	20.03	20.96	899250.00
2000-01-20	21.45	21.45	20.71	20.82	862800.00
2000-01-21	20.82	21.01	20.14	20.46	755250.00
2000-01-24	20.49	20.49	19.32	19.40	783900.00
2000-01-25	19.43	19.48	18.71	18.88	556050.00
2000-01-26	18.96	19.53	18.30	19.29	1097700.00
2000-01-27	19.26	19.70	19.04	19.21	442500.00
2000-01-28	19.10	19.10	18.39	18.47	567150.00
2000-01-31	18.44	19.10	18.25	18.93	387900.00
2000-02-01	18.88	19.45	18.88	19.32	705450.00
2000-02-02	19.32	19.59	18.71	18.85	306150.00
2000-02-03	18.91	19.07	18.33	18.63	320400.00
2000-02-04	18.74	18.82	18.14	18.36	404400.00
2000-02-07	18.39	18.58	17.62	17.92	653250.00
2000-02-08	17.92	18.49	17.92	17.92	587700.00
2000-02-09	18.00	18.03	16.72	16.94	1052100.00
2000-02-10	17.15	17.18	16.47	16.55	828600.00
2000-02-11	16.55	16.55	15.49	15.54	843300.00
2000-02-14	15.65	16.99	15.59	16.72	763650.00
2000-02-15	16.83	18.36	16.83	18.25	1480050.00
2000-02-16	18.17	18.99	18.17	18.36	1201050.00
2000-02-17	18.47	18.47	17.51	17.73	483900.00
2000-02-18	18.06	18.58	17.97	18.03	796950.00
2000-02-22	17.80	18.30	17.80	18.16	776550.00
2000-02-23	18.16	18.19	17.86	18.13	603900.00
2000-02-24	17.69	17.69	16.26	16.46	771900.00
2000-02-25	16.57	16.81	15.00	15.08	1359900.00
2000-02-28	15.27	15.60	15.00	15.36	2224050.00
2000-02-29	15.36	16.15	15.16	15.93	1242750.00
2000-03-01	15.77	16.40	15.74	16.29	785700.00
2000-03-02	16.35	16.35	15.16	15.69	760050.00
2000-03-03	15.69	16.59	15.55	15.80	803700.00
2000-03-06	16.21	16.21	15.37	15.58	533100.00
2000-03-07	15.49	15.49	14.97	14.97	629850.00
2000-03-08	15.08	15.49	15.00	15.49	493800.00
2000-03-09	15.60	15.93	15.58	15.82	708600.00
2000-03-10	15.77	15.91	15.55	15.60	440700.00
2000-03-13	15.22	15.52	15.19	15.38	484800.00
2000-03-14	15.49	15.49	14.92	14.92	292500.00
2000-03-15	14.95	16.43	14.92	16.04	1545300.00
2000-03-16	16.07	17.86	16.07	17.69	803550.00
2000-03-17	16.92	17.36	16.29	16.70	1132800.00
2000-03-20	16.70	17.36	16.70	17.25	479850.00
2000-03-21	17.20	17.31	16.70	16.95	417450.00
2000-03-22	16.95	16.95	16.29	16.43	560100.00
2000-03-23	16.37	16.98	16.21	16.95	553800.00
2000-03-24	17.03	17.31	16.92	17.20	497550.00
2000-03-27	17.20	17.34	16.54	16.70	218850.00
2000-03-28	18.24	18.24	17.42	17.80	813300.00
2000-03-29	17.80	18.30	17.80	18.13	879750.00
2000-03-30	18.30	18.87	18.13	18.27	413850.00
2000-03-31	18.24	18.54	18.16	18.16	364950.00
2000-04-03	18.05	18.87	17.99	18.38	636450.00
2000-04-04	18.30	19.04	18.30	18.90	806700.00
2000-04-05	19.01	19.01	18.71	18.74	708450.00
2000-04-06	18.90	19.34	18.87	19.20	617400.00
2000-04-07	19.15	19.78	19.15	19.31	495750.00
2000-04-10	19.26	19.73	19.07	19.62	613650.00
2000-04-11	19.42	20.38	19.42	20.11	493350.00
2000-04-12	20.14	21.13	20.14	20.69	730650.00
2000-04-13	20.69	20.69	19.64	19.67	471750.00
2000-04-14	19.59	19.59	18.02	18.08	691950.00
2000-04-17	18.02	18.65	17.80	18.52	855000.00
2000-04-18	18.93	19.78	18.57	18.65	585900.00
2000-04-19	18.60	19.42	18.52	18.82	572700.00
2000-04-20	18.87	19.59	18.71	19.45	516450.00
2000-04-24	19.12	19.67	19.07	19.51	448050.00
2000-04-25	19.45	20.99	19.40	20.69	995850.00
2000-04-26	20.33	20.80	20.14	20.27	748350.00
2000-04-27	19.81	20.71	19.81	20.38	578250.00
2000-04-28	20.55	20.80	20.36	20.44	626550.00
2000-05-01	20.36	20.74	20.22	20.47	447750.00
2000-05-02	20.25	20.91	20.19	20.38	597750.00
2000-05-03	20.66	20.66	19.81	19.92	351750.00
2000-05-04	20.03	20.16	19.73	19.89	487800.00
2000-05-05	19.89	21.24	19.81	21.21	862950.00
2000-05-08	20.88	20.93	20.30	20.38	418200.00
2000-05-09	20.44	20.44	19.45	19.70	521250.00
2000-05-10	19.78	20.03	19.29	19.62	292650.00
2000-05-11	19.84	20.30	19.78	20.08	518550.00
2000-05-12	20.08	20.22	19.89	19.97	319950.00
2000-05-15	20.08	20.33	19.95	20.00	411750.00
2000-05-16	20.13	20.74	20.02	20.63	473250.00
2000-05-17	20.30	20.46	19.96	20.16	203550.00
2000-05-18	20.08	20.32	19.88	20.05	203250.00
2000-05-19	19.88	20.60	19.61	20.49	743700.00
2000-05-22	20.43	20.74	19.99	20.10	530100.00
2000-05-23	19.69	19.99	19.69	19.88	302250.00
2000-05-24	19.91	20.13	19.41	19.47	569250.00
2000-05-25	19.19	19.61	19.19	19.36	437400.00
2000-05-26	19.19	19.52	18.83	18.83	498300.00
2000-05-30	18.94	19.11	18.45	18.89	517050.00
2000-05-31	19.00	19.33	18.34	18.39	534300.00
2000-06-01	18.12	19.47	18.12	19.47	627900.00
2000-06-02	19.72	19.85	19.19	19.39	398100.00
2000-06-05	19.22	19.22	18.97	19.11	482400.00
2000-06-06	19.25	19.47	19.14	19.28	574500.00
2000-06-07	19.39	19.44	18.86	19.05	526800.00
2000-06-08	18.56	18.81	18.48	18.67	296700.00
2000-06-09	18.78	18.78	18.42	18.50	272850.00
2000-06-12	18.50	18.50	18.20	18.21	263850.00
2000-06-13	18.14	18.20	17.65	17.87	659100.00
2000-06-14	15.44	16.77	15.44	16.74	3689100.00
2000-06-15	17.48	18.31	17.15	18.23	1394700.00
2000-06-16	18.09	18.12	17.21	17.29	1265550.00
2000-06-19	17.26	17.46	16.93	17.07	831900.00
2000-06-20	17.10	17.12	16.63	16.68	502650.00
2000-06-21	16.68	16.68	16.16	16.32	525000.00
2000-06-22	16.21	16.30	15.88	15.99	614550.00
2000-06-23	15.99	16.13	15.97	16.08	599400.00
2000-06-26	16.10	16.21	15.75	15.86	828600.00
2000-06-27	16.10	16.49	16.02	16.49	840750.00
2000-06-28	16.52	16.74	16.35	16.56	528300.00
2000-06-29	16.55	16.55	15.75	15.77	1682100.00
2000-06-30	15.75	15.77	15.10	15.11	1879650.00
2000-07-03	15.28	15.83	15.28	15.75	610500.00
2000-07-05	15.88	15.94	15.44	15.44	1615350.00
2000-07-06	15.66	15.91	15.66	15.66	699300.00
2000-07-07	15.88	15.97	15.75	15.77	849300.00
2000-07-10	15.41	16.19	15.41	15.91	920400.00
2000-07-11	15.91	16.74	15.91	16.32	903450.00
2000-07-12	16.55	16.63	16.32	16.46	893550.00
2000-07-13	16.57	16.77	16.52	16.63	515400.00
2000-07-14	16.79	16.99	16.57	16.71	593400.00
2000-07-17	16.68	16.71	16.57	16.63	467700.00
2000-07-18	16.55	16.64	16.49	16.60	1166400.00
2000-07-19	16.71	16.79	16.44	16.60	972150.00
2000-07-20	16.66	17.15	16.57	17.07	1070850.00
2000-07-21	17.10	17.51	16.90	16.90	774900.00
2000-07-24	16.93	17.07	16.57	16.63	307800.00
2000-07-25	16.79	17.21	16.71	16.82	295650.00
2000-07-26	16.82	16.88	16.30	16.31	366150.00
2000-07-27	15.91	16.38	15.88	16.08	594150.00
2000-07-28	16.10	16.16	15.77	15.83	376950.00
2000-07-31	15.94	16.35	15.61	15.69	917700.00
2000-08-01	15.72	15.86	15.39	15.47	1041000.00
2000-08-02	15.44	15.44	14.53	14.59	2694000.00
2000-08-03	15.00	15.00	13.84	14.09	1505700.00
2000-08-04	14.45	14.70	14.28	14.64	1309050.00
2000-08-07	14.78	15.06	14.50	14.95	1184400.00
2000-08-08	15.17	15.94	15.17	15.88	1440750.00
2000-08-09	15.80	16.02	15.69	15.86	840600.00
2000-08-10	15.77	16.10	15.77	15.97	855450.00
2000-08-11	16.13	16.77	16.08	16.74	907500.00
2000-08-14	16.74	17.21	16.57	17.10	1107000.00
2000-08-15	16.99	16.99	16.52	16.77	909450.00
2000-08-16	16.76	16.76	16.48	16.70	298200.00
2000-08-17	16.90	16.90	16.54	16.73	310800.00
2000-08-18	16.51	16.62	15.73	15.95	801300.00
2000-08-21	16.18	16.34	15.82	15.87	728400.00
2000-08-22	15.95	15.98	15.84	15.84	394950.00
2000-08-23	15.93	16.01	15.46	15.65	429150.00
2000-08-24	15.54	15.68	15.43	15.48	410400.00
2000-08-25	15.59	15.71	15.51	15.68	437100.00
2000-08-28	15.90	15.95	15.59	15.62	535650.00
2000-08-29	15.84	15.84	15.40	15.46	993900.00
2000-08-30	15.48	15.54	15.23	15.32	589350.00
2000-08-31	15.35	15.57	15.32	15.43	729150.00
2000-09-01	15.48	15.62	15.43	15.54	400500.00
2000-09-05	15.62	16.18	15.51	16.07	1573800.00
2000-09-06	16.07	16.40	15.98	16.23	850950.00
2000-09-07	16.23	16.40	16.07	16.32	664950.00
2000-09-08	16.37	16.37	15.98	16.07	731700.00
2000-09-11	16.18	16.48	16.12	16.20	647250.00
2000-09-12	16.29	16.73	16.23	16.56	1063950.00
2000-09-13	16.37	16.90	16.37	16.51	483300.00
2000-09-14	16.62	16.70	16.34	16.48	460950.00
2000-09-15	16.43	16.45	15.98	16.04	810300.00
2000-09-18	15.95	15.98	15.26	15.26	591000.00
2000-09-19	15.23	15.23	14.57	14.82	1958850.00
2000-09-20	14.82	14.92	14.63	14.68	654600.00
2000-09-21	15.01	15.01	14.74	14.85	364650.00
2000-09-22	14.74	14.85	14.57	14.79	425550.00
2000-09-25	14.79	15.15	14.76	14.99	664200.00
2000-09-26	14.96	14.96	14.82	14.82	349050.00
2000-09-27	14.76	14.90	14.43	14.76	426750.00
2000-09-28	13.74	15.23	13.74	15.21	1624950.00
2000-09-29	15.07	15.12	14.65	14.96	685950.00
2000-10-02	14.96	14.96	14.35	14.54	713100.00
2000-10-03	14.51	15.21	14.51	15.04	500700.00
2000-10-04	15.12	15.48	15.04	15.21	676800.00
2000-10-05	15.32	15.62	15.18	15.23	712800.00
2000-10-06	15.46	15.68	14.87	15.04	692550.00
2000-10-09	14.93	14.96	14.68	14.87	404850.00
2000-10-10	14.93	14.93	14.63	14.71	513450.00
2000-10-11	14.74	15.01	14.54	14.63	368400.00
2000-10-12	14.60	14.63	13.85	14.18	980100.00
2000-10-13	14.15	14.21	13.82	14.15	911700.00
2000-10-16	14.18	14.51	14.15	14.51	462000.00
2000-10-17	15.07	15.07	14.07	14.24	1022550.00
2000-10-18	14.24	14.46	13.99	14.46	840300.00
2000-10-19	14.51	14.68	14.18	14.63	683400.00
2000-10-20	14.63	14.85	14.54	14.79	688050.00
2000-10-23	14.90	15.95	14.85	15.95	1481850.00
2000-10-24	15.95	16.29	15.93	16.04	1163700.00
2000-10-25	15.93	15.95	15.68	15.90	469350.00
2000-10-26	15.95	16.34	15.87	16.23	744600.00
2000-10-27	16.34	16.68	16.15	16.37	654300.00
2000-10-30	16.51	17.15	16.51	17.01	1168650.00
2000-10-31	17.23	18.50	17.23	18.34	1050900.00
2000-11-01	18.12	18.20	17.62	17.73	1686000.00
2000-11-02	17.70	18.34	17.53	17.70	685350.00
2000-11-03	17.73	17.73	17.45	17.62	323400.00
2000-11-06	17.59	17.59	16.51	16.54	1804050.00
2000-11-07	16.59	17.12	16.56	16.98	951450.00
2000-11-08	17.01	17.89	17.01	17.23	1116150.00
2000-11-09	17.34	17.40	16.90	17.20	387150.00
2000-11-10	16.92	17.04	16.43	16.54	368250.00
2000-11-13	16.56	16.62	16.40	16.40	263850.00
2000-11-14	16.50	16.81	16.47	16.59	310800.00
2000-11-15	16.59	16.92	16.56	16.86	283800.00
2000-11-16	17.03	17.03	16.72	16.81	405450.00
2000-11-17	16.97	17.75	16.97	17.25	451950.00
2000-11-20	17.25	17.34	17.00	17.03	327900.00
2000-11-21	16.92	17.42	16.92	17.06	335400.00
2000-11-22	17.06	17.06	16.64	16.89	414000.00
2000-11-24	16.81	17.36	16.75	17.23	203250.00
2000-11-27	17.34	17.53	17.14	17.39	388950.00
2000-11-28	17.61	17.61	16.95	17.23	461550.00
2000-11-29	17.11	17.70	17.11	17.56	255300.00
2000-11-30	17.56	17.75	17.03	17.23	694800.00
2000-12-01	16.92	17.42	16.70	17.23	803100.00
2000-12-04	17.31	18.53	17.23	18.53	1151700.00
2000-12-05	18.31	18.42	17.89	18.09	1216500.00
2000-12-06	18.12	18.14	17.95	17.98	373350.00
2000-12-07	17.95	18.12	17.75	17.78	355350.00
2000-12-08	17.81	18.23	17.81	18.17	471000.00
2000-12-11	18.23	18.37	17.98	18.31	287850.00
2000-12-12	18.14	18.73	18.14	18.62	523800.00
2000-12-13	18.53	18.81	18.09	18.17	709200.00
2000-12-14	18.25	18.31	17.25	17.28	735600.00
2000-12-15	17.28	17.84	17.17	17.17	1274400.00
2000-12-18	17.28	18.20	17.28	17.87	513900.00
2000-12-19	17.89	18.53	17.81	18.25	544050.00
2000-12-20	18.03	18.37	18.00	18.31	612600.00
2000-12-21	18.31	19.34	18.31	19.31	623100.00
2000-12-22	19.31	19.87	18.95	19.81	876600.00
2000-12-26	19.73	19.79	19.42	19.48	727050.00
2000-12-27	19.15	20.04	19.15	19.95	640500.00
2000-12-28	20.06	21.12	19.37	20.95	694500.00
2000-12-29	20.84	20.87	19.53	19.65	1068900.00
2001-01-02	19.70	19.79	19.31	19.59	619050.00
2001-01-03	19.48	20.04	18.92	20.04	1282800.00
2001-01-04	19.81	20.43	19.81	20.43	1427400.00
2001-01-05	20.34	20.81	19.87	19.98	1877550.00
2001-01-08	20.04	20.09	19.65	19.76	1002750.00
2001-01-09	20.04	20.04	19.53	19.59	528450.00
2001-01-10	19.76	19.76	18.98	19.65	682650.00
2001-01-11	19.53	19.76	19.09	19.70	726900.00
2001-01-12	19.70	19.70	19.08	19.37	1724100.00
2001-01-16	18.59	19.70	18.48	19.53	1022100.00
2001-01-17	19.59	19.79	19.51	19.62	613500.00
2001-01-18	19.48	19.51	18.84	19.34	798900.00
2001-01-19	19.45	19.45	18.59	19.12	1144200.00
2001-01-22	18.92	18.92	18.62	18.84	942150.00
2001-01-23	18.84	19.31	18.67	19.17	500100.00
2001-01-24	19.17	19.48	19.03	19.40	478800.00
2001-01-25	19.40	20.04	19.37	19.87	978450.00
2001-01-26	19.87	19.87	19.03	19.12	980700.00
2001-01-29	19.07	19.23	18.78	19.15	672000.00
2001-01-30	19.15	19.66	18.70	19.66	531150.00
2001-01-31	19.64	20.08	19.46	19.50	910650.00
2001-02-01	19.59	19.85	19.43	19.49	475650.00
2001-02-02	19.66	19.77	19.24	19.27	577800.00
2001-02-05	19.27	19.32	18.99	18.99	891900.00
2001-02-06	18.99	19.27	18.99	19.18	720300.00
2001-02-07	19.15	19.23	18.83	19.14	466950.00
2001-02-08	19.19	19.19	18.82	18.98	498000.00
2001-02-09	18.98	19.01	18.70	18.90	292800.00
2001-02-12	18.83	19.28	18.83	18.98	474300.00
2001-02-13	19.33	19.33	19.00	19.14	625500.00
2001-02-14	19.15	19.17	18.84	18.89	316500.00
2001-02-15	18.87	19.27	18.87	19.23	566700.00
2001-02-16	19.24	19.32	18.79	18.94	423600.00
2001-02-20	18.94	19.50	18.65	19.14	457200.00
2001-02-21	19.09	19.13	18.67	18.70	364350.00
2001-02-22	18.70	18.70	18.38	18.63	325050.00
2001-02-23	18.67	18.67	18.11	18.56	486900.00
2001-02-26	18.60	19.56	18.56	19.31	536850.00
2001-02-27	19.46	19.61	19.02	19.36	697800.00
2001-02-28	19.23	19.38	18.67	19.24	824850.00
2001-03-01	19.34	19.34	18.93	19.15	964800.00
2001-03-02	18.98	19.55	18.98	19.27	1344600.00
2001-03-05	19.36	20.17	19.32	19.99	743700.00
2001-03-06	19.41	19.92	19.23	19.75	1001250.00
2001-03-07	19.75	20.21	19.56	20.13	980400.00
2001-03-08	20.12	20.59	20.00	20.59	728100.00
2001-03-09	20.39	20.39	19.99	20.12	719100.00
2001-03-12	20.03	20.30	19.65	20.01	723600.00
2001-03-13	19.96	19.97	19.23	19.72	1120650.00
2001-03-14	19.63	19.63	19.14	19.28	882150.00
2001-03-15	19.28	19.93	19.19	19.72	691200.00
2001-03-16	19.27	19.58	19.03	19.08	1015050.00
2001-03-19	19.08	19.56	18.99	19.36	571050.00
2001-03-20	18.78	19.41	18.68	18.69	749850.00
2001-03-21	18.58	18.60	17.89	18.02	651900.00
2001-03-22	17.97	18.11	16.80	17.63	844200.00
2001-03-23	18.00	18.20	17.25	18.05	676800.00
2001-03-26	17.95	18.44	17.93	18.22	490500.00
2001-03-27	18.22	18.22	17.57	17.96	1624650.00
2001-03-28	17.96	18.00	17.44	17.77	742050.00
2001-03-29	17.68	18.20	17.56	17.80	669600.00
2001-03-30	17.80	17.94	17.33	17.76	360000.00
2001-04-02	17.66	18.49	17.62	17.97	625350.00
2001-04-03	17.52	17.66	17.37	17.46	525300.00
2001-04-04	17.46	17.88	17.21	17.80	553800.00
2001-04-05	17.80	18.39	17.72	18.33	742350.00
2001-04-06	17.66	18.24	17.66	18.20	622200.00
2001-04-09	18.31	19.24	18.31	18.60	929700.00
2001-04-10	18.48	18.96	18.47	18.86	524850.00
2001-04-11	18.65	18.88	18.18	18.40	439200.00
2001-04-12	18.49	18.80	18.29	18.79	564300.00
2001-04-16	18.67	18.91	18.49	18.69	392550.00
2001-04-17	18.69	19.34	18.65	19.23	562350.00
2001-04-18	19.34	20.80	19.32	20.70	1477650.00
2001-04-19	20.63	20.64	19.99	20.25	1050750.00
2001-04-20	20.12	20.23	19.83	20.17	418650.00
2001-04-23	20.17	20.46	19.96	20.15	464850.00
2001-04-24	20.13	20.57	20.13	20.35	418200.00
2001-04-25	20.35	20.54	19.96	20.51	207750.00
2001-04-26	20.41	20.81	20.30	20.72	499050.00
2001-04-27	20.72	21.01	20.47	20.86	441000.00
2001-04-30	20.86	21.01	20.61	20.85	350100.00
2001-05-01	20.99	20.99	20.48	20.95	438900.00
2001-05-02	21.01	21.12	20.39	20.83	442200.00
2001-05-03	20.93	20.93	20.35	20.74	334800.00
2001-05-04	20.30	21.07	20.30	21.01	387600.00
2001-05-07	21.01	21.06	20.76	20.81	455550.00
2001-05-08	20.81	20.88	20.17	20.79	700950.00
2001-05-09	20.70	20.72	20.41	20.71	307950.00
2001-05-10	20.71	21.22	20.57	21.15	352800.00
2001-05-11	21.17	21.42	20.86	21.06	234450.00
2001-05-14	21.06	21.15	20.67	21.08	228300.00
2001-05-15	20.96	21.04	20.74	21.02	437850.00
2001-05-16	20.96	21.95	20.79	21.86	645000.00
2001-05-17	21.86	22.27	21.72	22.02	441300.00
2001-05-18	22.02	22.44	21.94	22.36	817650.00
2001-05-21	22.31	22.49	22.04	22.46	731550.00
2001-05-22	22.35	22.45	22.20	22.45	326400.00
2001-05-23	22.35	22.37	21.99	22.02	721200.00
2001-05-24	22.02	22.04	21.79	21.96	280500.00
2001-05-25	21.77	21.90	21.63	21.87	256500.00
2001-05-29	21.84	21.94	21.66	21.69	233850.00
2001-05-30	21.69	21.75	21.02	21.10	579000.00
2001-05-31	21.21	21.71	21.20	21.68	493350.00
2001-06-01	21.75	21.75	21.23	21.54	619650.00
2001-06-04	21.54	21.87	21.12	21.51	444450.00
2001-06-05	21.54	21.93	21.15	21.86	396000.00
2001-06-06	21.86	22.08	21.26	21.36	400950.00
2001-06-07	21.41	21.72	21.28	21.51	349050.00
2001-06-08	21.45	21.47	21.15	21.22	239850.00
2001-06-11	21.21	21.27	20.84	20.94	256200.00
2001-06-12	20.94	21.06	20.62	20.96	188100.00
2001-06-13	20.96	21.12	20.67	20.84	624300.00
2001-06-14	20.84	20.84	20.13	20.20	688500.00
2001-06-15	19.97	20.29	19.97	20.06	776400.00
2001-06-18	20.06	20.33	19.92	20.07	411300.00
2001-06-19	20.07	20.20	19.87	19.95	462000.00
2001-06-20	19.86	20.02	19.71	19.72	828000.00
2001-06-21	19.79	19.88	19.64	19.81	681750.00
2001-06-22	19.82	20.00	19.33	19.52	412950.00
2001-06-25	19.75	19.83	19.40	19.46	376200.00
2001-06-26	19.21	19.55	19.06	19.44	595500.00
2001-06-27	19.44	19.52	19.10	19.24	438000.00
2001-06-28	19.21	19.52	19.20	19.30	455550.00
2001-06-29	19.12	19.17	18.81	19.05	700050.00
2001-07-02	18.40	19.20	18.29	19.18	1354800.00
2001-07-03	19.18	19.84	19.18	19.75	500250.00
2001-07-05	19.75	20.17	19.53	20.03	945750.00
2001-07-06	20.02	20.02	19.40	19.56	835050.00
2001-07-09	19.52	19.84	19.52	19.73	550650.00
2001-07-10	19.83	19.92	19.46	19.65	672900.00
2001-07-11	19.65	19.66	19.34	19.64	619800.00
2001-07-12	19.64	20.39	19.53	20.35	920550.00
2001-07-13	20.53	20.53	20.20	20.44	939900.00
2001-07-16	20.44	20.44	19.60	19.61	968250.00
2001-07-17	19.75	20.25	19.75	20.22	743550.00
2001-07-18	20.20	20.24	19.97	20.11	568800.00
2001-07-19	20.19	20.33	20.09	20.14	563850.00
2001-07-20	20.47	20.49	20.09	20.14	566550.00
2001-07-23	20.22	20.26	19.73	19.84	540750.00
2001-07-24	20.00	20.00	19.39	19.41	759000.00
2001-07-25	19.45	19.79	19.41	19.59	456300.00
2001-07-26	19.64	19.74	19.46	19.55	706800.00
2001-07-27	19.59	19.64	19.41	19.49	602850.00
2001-07-30	20.20	20.20	19.53	19.97	1169550.00
2001-07-31	19.95	20.29	19.86	20.06	616950.00
2001-08-01	20.15	20.18	19.92	20.00	603900.00
2001-08-02	20.06	20.20	20.02	20.02	358350.00
2001-08-03	20.13	20.32	19.93	20.28	450900.00
2001-08-06	20.28	20.28	19.99	20.02	569250.00
2001-08-07	20.11	20.26	20.02	20.14	305550.00
2001-08-08	20.14	20.18	19.93	19.94	365550.00
2001-08-09	19.94	20.09	19.94	20.00	404700.00
2001-08-10	20.02	20.51	19.78	20.35	365100.00
2001-08-13	20.51	20.53	20.30	20.43	734100.00
2001-08-14	20.49	20.60	20.44	20.57	357150.00
2001-08-15	20.57	20.78	20.57	20.67	615600.00
2001-08-16	20.62	20.68	20.30	20.59	581100.00
2001-08-17	20.56	20.80	20.32	20.58	502650.00
2001-08-20	20.62	20.65	20.33	20.56	285300.00
2001-08-21	20.64	20.71	20.32	20.34	249300.00
2001-08-22	20.35	20.35	19.46	20.03	948000.00
2001-08-23	20.03	20.12	19.87	19.96	487050.00
2001-08-24	19.96	20.31	19.92	20.18	937500.00
2001-08-27	20.21	20.23	20.09	20.10	298950.00
2001-08-28	20.14	20.14	19.92	20.10	362850.00
2001-08-29	20.16	20.16	19.76	19.85	533400.00
2001-08-30	19.80	19.98	19.36	19.51	407100.00
2001-08-31	19.46	19.83	19.36	19.83	333450.00
2001-09-04	19.83	20.26	19.83	20.07	907050.00
2001-09-05	20.05	20.21	19.93	20.15	571500.00
2001-09-06	20.14	20.14	19.55	19.58	519900.00
2001-09-07	19.24	19.35	18.66	18.66	786150.00
2001-09-10	18.66	18.80	18.48	18.59	835500.00
2001-09-17	17.35	17.35	16.31	16.51	1044600.00
2001-09-18	17.01	17.27	16.67	16.67	1360950.00
2001-09-19	16.72	16.84	15.52	16.02	1164000.00
2001-09-20	16.02	16.03	14.87	14.96	737100.00
2001-09-21	13.74	14.34	13.70	14.26	1819950.00
2001-09-24	15.10	15.50	14.98	15.32	1489650.00
2001-09-25	15.55	15.86	15.22	15.83	1328550.00
2001-09-26	16.06	16.06	14.87	15.04	1880100.00
2001-09-27	15.04	15.10	14.75	15.05	1445250.00
2001-09-28	15.10	15.72	14.98	15.46	1594950.00
2001-10-01	15.52	15.56	15.14	15.34	681150.00
2001-10-02	15.50	16.29	15.47	16.23	1161600.00
2001-10-03	16.23	16.98	16.19	16.87	680250.00
2001-10-04	16.94	17.14	16.74	16.74	665550.00
2001-10-05	16.70	17.06	16.58	16.97	657000.00
2001-10-08	16.74	16.74	16.56	16.65	367350.00
2001-10-09	16.76	16.76	16.30	16.34	433800.00
2001-10-10	16.36	16.90	16.32	16.85	715650.00
2001-10-11	16.90	17.53	16.90	17.29	630450.00
2001-10-12	17.31	17.36	16.83	16.96	695100.00
2001-10-15	16.85	17.40	16.85	17.37	413400.00
2001-10-16	17.37	17.91	17.08	17.56	1202850.00
2001-10-17	17.84	17.87	17.30	17.32	1037550.00
2001-10-18	17.33	17.42	16.97	17.06	487950.00
2001-10-19	16.99	17.01	16.62	16.62	459750.00
2001-10-22	16.63	17.03	16.63	16.99	543450.00
2001-10-23	17.01	17.24	16.89	17.08	382050.00
2001-10-24	17.17	17.21	16.94	17.12	789750.00
2001-10-25	17.03	17.17	16.22	16.98	1294200.00
2001-10-26	17.12	17.67	17.01	17.56	489750.00
2001-10-29	17.71	17.71	16.88	16.89	494850.00
2001-10-30	16.79	16.80	16.26	16.29	432000.00
2001-10-31	16.67	16.67	16.18	16.18	512100.00
2001-11-01	16.33	16.79	16.04	16.75	569400.00
2001-11-02	16.65	17.33	16.57	17.23	407400.00
2001-11-05	17.23	17.66	17.23	17.61	686700.00
2001-11-06	17.57	17.62	17.28	17.61	582300.00
2001-11-07	17.69	17.78	17.33	17.54	517650.00
2001-11-08	17.57	17.89	17.51	17.65	532950.00
2001-11-09	17.73	17.84	17.48	17.63	307050.00
2001-11-12	17.64	17.64	16.90	17.06	1101750.00
2001-11-13	17.30	17.73	17.24	17.69	522000.00
2001-11-14	17.75	18.14	17.69	17.87	762750.00
2001-11-15	17.78	17.98	17.69	17.93	444300.00
2001-11-16	18.00	18.00	17.74	17.84	531300.00
2001-11-19	17.86	18.55	17.84	18.36	1285650.00
2001-11-20	18.41	18.41	18.02	18.06	715350.00
2001-11-21	18.13	18.13	17.63	17.78	596100.00
2001-11-23	17.79	18.10	17.79	17.93	178350.00
2001-11-26	17.93	18.33	17.70	18.30	578250.00
2001-11-27	18.40	18.40	17.88	18.16	482850.00
2001-11-28	18.12	18.38	18.12	18.27	892950.00
2001-11-29	18.16	18.48	18.03	18.46	903600.00
2001-11-30	18.51	18.81	18.45	18.58	1045050.00
2001-12-03	18.63	18.64	18.31	18.39	639600.00
2001-12-04	18.56	18.92	18.36	18.92	601950.00
2001-12-05	19.19	19.78	19.13	19.61	861750.00
2001-12-06	19.99	20.27	19.62	19.89	990150.00
2001-12-07	19.87	19.89	19.67	19.75	1380750.00
2001-12-10	19.92	19.92	19.56	19.65	976200.00
2001-12-11	19.69	20.12	19.66	19.91	941400.00
2001-12-12	19.94	19.95	19.85	19.94	1054500.00
2001-12-13	19.92	20.04	19.87	19.88	879600.00
2001-12-14	19.87	19.97	19.67	19.88	690450.00
2001-12-17	20.23	20.60	20.14	20.51	943950.00
2001-12-18	20.48	21.07	20.48	20.83	1241550.00
2001-12-19	20.84	21.10	20.40	21.06	1295400.00
2001-12-20	20.96	21.21	20.75	21.21	1298400.00
2001-12-21	21.25	21.25	20.75	20.82	843600.00
2001-12-24	20.80	21.14	20.80	21.00	208050.00
2001-12-26	21.00	21.26	20.96	21.00	315900.00
2001-12-27	21.12	21.42	21.12	21.28	330600.00
2001-12-28	21.28	21.28	20.94	20.99	749400.00
2001-12-31	21.09	21.21	20.77	20.78	674100.00
2002-01-02	20.79	20.96	20.60	20.95	1070400.00
2002-01-03	20.94	21.36	20.92	21.30	639150.00
2002-01-04	21.12	21.68	21.12	21.55	952650.00
2002-01-07	21.41	21.93	21.41	21.57	1212600.00
2002-01-08	21.57	21.61	20.94	21.12	745350.00
2002-01-09	21.05	21.55	21.05	21.25	711600.00
2002-01-10	21.16	21.31	21.01	21.16	718350.00
2002-01-11	21.09	21.09	20.78	20.83	606750.00
2002-01-14	20.82	20.83	20.44	20.44	692400.00
2002-01-15	20.64	20.64	20.49	20.60	656700.00
2002-01-16	20.42	20.53	19.76	19.76	1510350.00
2002-01-17	19.76	20.51	19.76	20.48	1108950.00
2002-01-18	20.48	20.57	20.30	20.47	736950.00
2002-01-22	20.50	20.66	20.39	20.60	514500.00
2002-01-23	20.61	20.64	20.04	20.44	1038150.00
2002-01-24	20.44	21.18	20.44	21.13	1026150.00
2002-01-25	21.14	21.77	21.07	21.58	1267650.00
2002-01-28	21.48	21.94	21.48	21.91	789900.00
2002-01-29	21.86	21.95	21.24	21.32	1200750.00
2002-01-30	21.28	21.90	21.28	21.87	889500.00
2002-01-31	21.86	22.23	21.80	22.20	558750.00
2002-02-01	22.20	22.33	21.98	22.11	1002750.00
2002-02-04	22.04	22.21	21.65	21.80	648450.00
2002-02-05	21.48	21.82	21.48	21.62	778650.00
2002-02-06	21.61	21.95	21.56	21.82	952950.00
2002-02-07	21.80	21.98	21.00	21.00	1925250.00
2002-02-08	21.00	21.28	20.78	21.21	1446150.00
2002-02-11	21.21	21.61	21.17	21.51	920400.00
2002-02-12	21.58	21.80	21.43	21.63	1031550.00
2002-02-13	21.63	22.04	21.54	22.01	924900.00
2002-02-14	22.01	22.08	21.83	22.02	722550.00
2002-02-15	21.97	22.08	21.92	21.96	498300.00
2002-02-19	21.96	21.96	21.71	21.72	616350.00
2002-02-20	21.74	22.20	21.54	22.18	780600.00
2002-02-21	21.81	22.54	21.81	22.31	1560900.00
2002-02-22	22.33	22.90	22.33	22.77	2189250.00
2002-02-25	22.88	23.37	22.88	23.23	2884200.00
2002-02-26	23.15	23.26	22.99	23.22	902250.00
2002-02-27	23.15	23.22	22.67	22.77	1130250.00
2002-02-28	22.72	22.90	22.61	22.64	969750.00
2002-03-01	22.53	22.92	22.42	22.81	1305300.00
2002-03-04	23.17	24.70	23.17	24.47	2553600.00
2002-03-05	24.42	24.42	23.54	23.86	1436250.00
2002-03-06	23.97	24.88	23.97	24.73	1485300.00
2002-03-07	24.73	24.93	24.31	24.54	1024500.00
2002-03-08	24.67	24.93	24.38	24.57	884250.00
2002-03-11	24.54	24.93	24.36	24.66	641850.00
2002-03-12	24.25	24.84	24.23	24.82	1151550.00
2002-03-13	24.82	24.94	24.36	24.53	843000.00
2002-03-14	24.42	24.67	24.40	24.48	753000.00
2002-03-15	22.72	23.47	22.61	23.17	4037550.00
2002-03-18	22.97	23.40	22.81	23.04	2616300.00
2002-03-19	23.04	23.31	23.04	23.26	1923450.00
2002-03-20	23.33	23.33	22.95	22.96	903600.00
2002-03-21	22.70	22.71	21.85	22.16	1268400.00
2002-03-22	22.19	22.53	21.80	22.30	1159200.00
2002-03-25	22.45	22.45	21.99	22.02	1069200.00
2002-03-26	21.99	22.60	21.95	22.47	740850.00
2002-03-27	22.47	22.72	22.29	22.48	802350.00
2002-03-28	22.60	22.99	22.53	22.67	1262100.00
2002-04-01	22.45	22.52	22.06	22.49	538650.00
2002-04-02	22.27	22.29	21.95	22.17	796800.00
2002-04-03	21.36	21.47	20.45	21.22	4563900.00
2002-04-04	21.22	21.93	21.01	21.91	3187650.00
2002-04-05	22.38	22.81	22.29	22.66	2627700.00
2002-04-08	22.25	22.54	22.22	22.48	1606050.00
2002-04-09	22.26	22.49	22.26	22.31	1806600.00
2002-04-10	22.31	22.54	22.20	22.41	1562250.00
2002-04-11	22.47	22.52	22.16	22.22	1460400.00
2002-04-12	22.31	22.49	21.97	22.48	1499700.00
2002-04-15	22.48	22.62	21.97	22.38	970950.00
2002-04-16	23.54	23.56	22.79	22.91	2012700.00
2002-04-17	23.40	23.42	22.61	22.87	1599000.00
2002-04-18	22.87	23.02	22.49	22.86	1907250.00
2002-04-19	23.19	23.58	23.14	23.16	1874700.00
2002-04-22	23.17	23.26	22.65	22.82	935850.00
2002-04-23	22.91	22.91	22.47	22.64	1300650.00
2002-04-24	22.57	23.08	22.57	22.60	737550.00
2002-04-25	22.45	22.74	22.11	22.65	892050.00
2002-04-26	22.65	22.81	22.48	22.55	522150.00
2002-04-29	22.34	22.57	22.16	22.17	1107150.00
2002-04-30	22.27	22.99	22.18	22.70	969750.00
2002-05-01	22.70	22.87	22.00	22.71	940350.00
2002-05-02	22.71	22.99	22.59	22.88	1344600.00
2002-05-03	22.91	23.10	22.77	22.85	1291950.00
2002-05-06	22.45	22.46	21.58	21.58	2209800.00
2002-05-07	21.81	22.17	21.58	21.66	2305800.00
2002-05-08	21.95	22.52	21.92	22.50	1039050.00
2002-05-09	22.50	22.50	21.85	22.00	744600.00
2002-05-10	22.12	22.17	21.64	21.67	730500.00
2002-05-13	21.63	21.91	21.53	21.79	981750.00
2002-05-14	22.13	22.54	22.13	22.47	957900.00
2002-05-15	22.38	22.95	22.36	22.76	1321500.00
2002-05-16	22.95	22.99	22.65	22.69	1198650.00
2002-05-17	22.99	23.05	22.81	22.96	1262550.00
2002-05-20	23.07	23.07	22.49	22.66	515400.00
2002-05-21	22.78	22.91	22.30	22.36	870450.00
2002-05-22	22.36	22.50	22.12	22.12	1296600.00
2002-05-23	22.40	22.80	22.40	22.76	1274550.00
2002-05-24	22.94	23.06	22.66	22.66	1530750.00
2002-05-28	22.85	22.85	22.54	22.57	659550.00
2002-05-29	22.53	22.66	22.26	22.33	673050.00
2002-05-30	22.03	22.34	22.03	22.24	1516500.00
2002-05-31	22.39	22.56	22.26	22.35	1095150.00
2002-06-03	22.25	22.37	21.75	21.81	502200.00
2002-06-04	21.84	22.20	21.73	22.03	1565850.00
2002-06-05	22.03	22.41	21.85	22.37	1165200.00
2002-06-06	21.80	21.96	21.31	21.57	2492850.00
2002-06-07	21.48	21.48	21.06	21.16	1746450.00
2002-06-10	21.25	21.76	21.14	21.52	667950.00
2002-06-11	21.63	21.91	21.24	21.26	810150.00
2002-06-12	21.23	21.42	21.05	21.18	683850.00
2002-06-13	21.07	21.17	20.62	20.64	999600.00
2002-06-14	20.64	20.80	20.19	20.64	1420350.00
2002-06-17	20.98	21.64	20.88	21.52	1125300.00
2002-06-18	21.07	21.50	20.98	21.36	1700250.00
2002-06-19	21.16	21.78	21.14	21.56	973950.00
2002-06-20	21.32	21.66	21.30	21.55	2423250.00
2002-06-21	21.55	21.59	21.41	21.52	2060850.00
2002-06-24	21.52	21.66	21.23	21.57	1659150.00
2002-06-25	21.63	22.10	21.60	21.78	2041950.00
2002-06-26	21.78	21.78	21.11	21.50	2206050.00
2002-06-27	21.52	21.95	21.52	21.95	942750.00
2002-06-28	21.66	22.34	21.32	21.79	1571400.00
2002-07-01	21.34	21.51	20.87	20.98	2208000.00
2002-07-02	20.71	20.89	20.48	20.71	2047650.00
2002-07-03	20.60	20.84	19.92	20.57	1772850.00
2002-07-05	20.97	21.57	20.89	21.57	634950.00
2002-07-08	21.48	21.57	21.11	21.14	1291200.00
2002-07-09	21.14	21.57	21.08	21.10	2204100.00
2002-07-10	21.32	21.32	20.64	20.68	1980150.00
2002-07-11	20.52	20.84	20.07	20.65	2068800.00
2002-07-12	20.61	21.14	20.51	20.71	1760400.00
2002-07-15	20.69	20.69	19.59	20.36	1587750.00
2002-07-16	19.93	19.97	19.37	19.43	2087850.00
2002-07-17	19.92	20.37	19.34	19.43	1665750.00
2002-07-18	19.58	19.61	19.05	19.06	1810950.00
2002-07-19	19.06	19.06	18.28	18.36	1855350.00
2002-07-22	18.36	18.69	17.51	17.90	1575300.00
2002-07-23	17.51	18.23	17.43	17.53	1660350.00
2002-07-24	17.33	18.72	17.08	18.72	1864350.00
2002-07-25	18.61	19.06	17.97	18.26	2182650.00
2002-07-26	18.26	18.27	17.65	17.93	3563850.00
2002-07-29	18.04	18.61	18.04	18.61	2719350.00
2002-07-30	17.56	18.65	17.32	18.34	3360750.00
2002-07-31	18.31	18.42	17.84	18.36	2473050.00
2002-08-01	18.37	18.37	17.56	18.02	2198400.00
2002-08-02	18.02	18.13	17.17	17.40	2035500.00
2002-08-05	17.31	17.47	16.80	16.80	1410600.00
2002-08-06	17.19	18.04	17.10	17.73	1674000.00
2002-08-07	18.24	18.24	17.43	18.17	1151100.00
2002-08-08	18.17	18.95	18.08	18.79	1390650.00
2002-08-09	18.79	19.03	18.40	18.80	638700.00
2002-08-12	18.81	18.93	18.33	18.83	934200.00
2002-08-13	18.82	18.85	18.47	18.47	1447200.00
2002-08-14	18.47	18.56	17.53	18.53	1500150.00
2002-08-15	18.51	18.69	18.05	18.32	1352100.00
2002-08-16	18.33	18.33	18.10	18.22	1033950.00
2002-08-19	18.20	19.13	18.20	19.13	1100850.00
2002-08-20	19.04	19.04	18.64	18.83	726900.00
2002-08-21	19.08	19.24	18.72	19.19	1210500.00
2002-08-22	19.35	19.69	19.22	19.64	676050.00
2002-08-23	19.64	19.66	19.06	19.14	644400.00
2002-08-26	19.24	19.41	18.98	19.33	1366200.00
2002-08-27	19.72	19.80	19.13	19.19	1012200.00
2002-08-28	19.07	19.07	18.61	18.73	602850.00
2002-08-29	18.66	18.69	18.30	18.44	778800.00
2002-08-30	18.55	18.93	18.53	18.58	1269300.00
2002-09-03	18.58	18.58	17.88	17.98	1516650.00
2002-09-04	17.99	18.38	17.94	18.32	964200.00
2002-09-05	18.00	18.14	17.68	17.73	1622100.00
2002-09-06	18.23	18.29	18.00	18.20	855000.00
2002-09-09	18.14	18.27	17.63	18.20	861450.00
2002-09-10	18.21	18.36	18.05	18.30	753000.00
2002-09-11	18.43	18.48	18.29	18.32	554850.00
2002-09-12	18.32	18.32	17.91	17.98	700200.00
2002-09-13	17.40	17.45	17.18	17.35	1719450.00
2002-09-16	17.35	17.50	17.20	17.43	1362000.00
2002-09-17	17.66	17.70	17.11	17.16	1328850.00
2002-09-18	16.95	17.02	16.61	16.88	1757100.00
2002-09-19	16.47	17.60	16.47	17.26	4843350.00
2002-09-20	17.40	17.52	17.26	17.43	2261100.00
2002-09-23	17.31	17.52	17.24	17.49	2002950.00
2002-09-24	17.49	17.49	16.99	17.04	1777800.00
2002-09-25	17.18	17.48	16.95	17.39	1763850.00
2002-09-26	17.59	18.05	17.40	18.02	1263600.00
2002-09-27	17.76	17.98	17.40	17.42	1036950.00
2002-09-30	17.42	17.68	16.80	17.50	1895400.00
2002-10-01	17.78	18.47	17.52	18.47	1761000.00
2002-10-02	18.47	18.78	18.18	18.18	2982600.00
2002-10-03	18.18	18.51	17.63	17.88	2004600.00
2002-10-04	17.88	18.02	16.82	17.21	2441700.00
2002-10-07	17.27	17.52	16.86	17.06	1445100.00
2002-10-08	17.18	17.28	16.49	16.87	2478150.00
2002-10-09	16.49	16.65	15.87	15.87	2085150.00
2002-10-10	15.87	16.42	15.81	16.33	2215500.00
2002-10-11	16.63	17.20	16.63	17.02	1790700.00
2002-10-14	16.99	17.04	16.57	16.68	813600.00
2002-10-15	17.75	18.61	17.68	18.55	3005850.00
2002-10-16	18.09	18.50	17.96	18.07	2524950.00
2002-10-17	19.01	19.37	18.97	19.33	2509800.00
2002-10-18	19.36	19.38	18.94	19.05	1217100.00
2002-10-21	19.06	20.41	18.95	20.39	1583850.00
2002-10-22	20.11	20.11	19.62	19.99	1539000.00
2002-10-23	20.00	20.34	19.58	20.34	1211850.00
2002-10-24	20.40	20.43	19.60	19.69	899250.00
2002-10-25	19.58	20.24	19.51	20.17	1452450.00
2002-10-28	20.50	20.51	19.52	19.66	1135650.00
2002-10-29	19.67	20.01	19.37	20.00	1361700.00
2002-10-30	20.01	20.26	19.74	20.11	1016700.00
2002-10-31	20.22	20.29	19.80	19.98	990900.00
2002-11-01	19.96	20.48	19.72	20.41	703500.00
2002-11-04	20.61	21.05	20.33	20.42	1418850.00
2002-11-05	20.42	20.50	20.27	20.38	1129950.00
2002-11-06	20.50	20.87	20.28	20.83	1298100.00
2002-11-07	20.61	20.61	20.28	20.38	868350.00
2002-11-08	20.40	20.88	20.28	20.50	655350.00
2002-11-11	20.17	20.24	19.33	19.44	1223850.00
2002-11-12	19.68	20.09	19.53	19.87	723900.00
2002-11-13	19.88	20.13	19.55	19.92	737550.00
2002-11-14	20.15	20.49	20.13	20.45	566850.00
2002-11-15	20.45	20.68	20.16	20.45	731550.00
2002-11-18	20.69	20.77	20.31	20.42	522450.00
2002-11-19	20.42	20.64	20.24	20.44	582750.00
2002-11-20	20.53	21.05	20.30	21.00	919350.00
2002-11-21	21.15	21.61	20.95	21.55	715950.00
2002-11-22	21.57	21.84	21.38	21.42	624150.00
2002-11-25	21.44	21.64	21.18	21.59	680850.00
2002-11-26	21.57	21.57	20.81	20.82	1315350.00
2002-11-27	20.94	21.66	20.93	21.58	1036650.00
2002-11-29	21.59	21.73	21.47	21.47	547200.00
2002-12-02	21.93	22.16	21.35	21.51	936150.00
2002-12-03	21.15	21.35	20.87	20.88	849000.00
2002-12-04	20.88	21.35	20.73	21.23	1148100.00
2002-12-05	21.38	21.48	21.14	21.14	1028850.00
2002-12-06	21.04	21.31	20.92	21.15	649200.00
2002-12-09	21.05	21.08	20.61	20.61	734850.00
2002-12-10	20.67	20.88	20.56	20.85	486750.00
2002-12-11	20.85	21.00	20.53	20.91	428700.00
2002-12-12	21.00	21.17	20.65	21.10	487650.00
2002-12-13	21.02	21.02	20.55	20.64	575850.00
2002-12-16	20.80	21.50	20.77	21.46	888750.00
2002-12-17	21.55	21.66	21.51	21.55	1392600.00
2002-12-18	21.54	21.59	21.25	21.43	1180200.00
2002-12-19	21.43	21.83	21.28	21.34	2079600.00
2002-12-20	21.38	21.53	21.35	21.48	1217100.00
2002-12-23	21.48	21.50	21.28	21.40	496950.00
2002-12-24	21.29	21.51	21.29	21.29	293100.00
2002-12-26	21.41	21.71	21.24	21.28	531600.00
2002-12-27	21.38	21.38	21.08	21.08	464250.00
2002-12-30	21.06	21.23	20.90	21.11	436650.00
2002-12-31	21.11	21.32	20.97	21.21	505950.00
2003-01-02	21.50	22.01	21.22	21.96	1587750.00
2003-01-03	21.97	22.02	21.75	21.97	958650.00
2003-01-06	21.92	22.50	21.92	22.44	1233750.00
2003-01-07	21.84	22.24	21.62	21.66	2671050.00
2003-01-08	21.61	21.61	20.78	20.85	2421750.00
2003-01-09	21.06	21.20	20.82	20.92	1999800.00
2003-01-10	20.85	21.07	20.56	20.95	913650.00
2003-01-13	21.15	21.25	20.92	21.08	1239750.00
2003-01-14	20.92	21.00	20.69	20.70	1196850.00
2003-01-15	20.61	20.62	20.25	20.45	1643850.00
2003-01-16	20.14	20.62	20.14	20.22	2566500.00
2003-01-17	20.23	20.23	19.68	19.80	1385100.00
2003-01-21	19.80	19.87	19.22	19.28	1216950.00
2003-01-22	18.99	19.08	18.74	18.78	1779750.00
2003-01-23	19.04	19.19	18.69	19.15	1851300.00
2003-01-24	19.17	19.17	18.58	18.67	766800.00
2003-01-27	18.67	18.73	18.33	18.42	909300.00
2003-01-28	18.53	18.69	18.35	18.65	1005750.00
2003-01-29	18.66	18.85	18.22	18.73	1750350.00
2003-01-30	18.73	18.73	18.16	18.17	901800.00
2003-01-31	18.16	18.73	18.09	18.54	1099500.00
2003-02-03	18.47	19.02	18.47	18.89	1193250.00
2003-02-04	18.62	18.98	18.55	18.98	1532100.00
2003-02-05	18.98	19.46	18.98	19.16	2380200.00
2003-02-06	19.36	19.52	19.14	19.25	2115900.00
2003-02-07	19.41	19.54	18.86	19.00	1137900.00
2003-02-10	18.91	19.08	18.69	19.04	894450.00
2003-02-11	19.04	19.29	18.74	18.83	966900.00
2003-02-12	18.84	19.06	18.62	18.64	616200.00
2003-02-13	18.60	18.62	18.16	18.40	962700.00
2003-02-14	18.42	18.82	18.42	18.77	934350.00
2003-02-18	18.97	19.44	18.97	19.36	694500.00
2003-02-19	19.31	19.40	18.83	18.97	1090650.00
2003-02-20	19.15	19.17	18.87	18.90	685800.00
2003-02-21	19.01	19.19	18.67	19.16	724800.00
2003-02-24	18.97	18.99	18.57	18.69	799350.00
2003-02-25	18.48	18.66	18.28	18.66	873150.00
2003-02-26	18.48	18.58	18.15	18.24	1159500.00
2003-02-27	18.43	18.71	18.31	18.67	1119600.00
2003-02-28	18.71	19.00	18.48	18.62	1027200.00
2003-03-03	18.88	18.94	18.54	18.61	621000.00
2003-03-04	18.56	18.56	17.79	17.79	2170350.00
2003-03-05	17.76	17.85	17.51	17.75	1942950.00
2003-03-06	17.70	17.70	17.30	17.38	1518450.00
2003-03-07	17.23	17.74	17.16	17.74	1358850.00
2003-03-10	17.56	17.57	17.38	17.41	1046850.00
2003-03-11	17.41	17.53	16.90	16.90	1009950.00
2003-03-12	16.91	17.00	16.55	16.84	1013100.00
2003-03-13	17.60	18.36	17.27	18.36	2476950.00
2003-03-14	18.36	18.53	18.11	18.23	1123350.00
2003-03-17	18.23	19.09	18.11	19.03	1021800.00
2003-03-18	19.03	19.17	18.80	19.01	799350.00
2003-03-19	18.02	18.55	17.97	18.50	3390300.00
2003-03-20	18.48	18.78	18.23	18.74	1845300.00
2003-03-21	18.94	19.47	18.78	19.42	2351700.00
2003-03-24	19.15	19.15	18.63	18.73	1815300.00
2003-03-25	18.86	19.13	18.75	19.10	1184400.00
2003-03-26	18.91	18.93	18.49	18.70	1240950.00
2003-03-27	18.39	18.66	18.28	18.49	1333500.00
2003-03-28	18.37	18.37	18.05	18.05	1055400.00
2003-03-31	18.06	18.15	17.65	17.90	1249800.00
2003-04-01	17.90	18.17	17.73	18.13	1164900.00
2003-04-02	18.30	19.11	18.30	19.02	1524750.00
2003-04-03	19.03	19.03	18.61	18.61	1341750.00
2003-04-04	18.90	18.94	18.40	18.58	1398900.00
2003-04-07	18.94	19.34	18.74	18.77	1175700.00
2003-04-08	18.55	18.64	18.32	18.47	1710150.00
2003-04-09	18.50	18.71	18.25	18.25	872850.00
2003-04-10	18.30	18.30	17.94	18.03	1628700.00
2003-04-11	18.10	18.41	17.94	18.02	804750.00
2003-04-14	18.04	18.35	17.97	18.30	962850.00
2003-04-15	18.30	18.56	17.56	18.48	3257250.00
2003-04-16	18.48	18.75	18.48	18.61	3270150.00
2003-04-17	18.61	18.61	18.25	18.52	1681800.00
2003-04-21	18.66	18.74	18.50	18.62	1041000.00
2003-04-22	18.62	18.89	18.43	18.88	1294350.00
2003-04-23	18.76	18.91	18.63	18.76	1274550.00
2003-04-24	18.71	18.75	18.47	18.57	1009500.00
2003-04-25	18.58	18.62	18.24	18.34	969750.00
2003-04-28	18.43	18.89	18.35	18.78	569850.00
2003-04-29	18.71	18.98	18.57	18.70	1361550.00
2003-04-30	18.67	18.85	18.53	18.79	1271100.00
2003-05-01	18.79	18.79	18.30	18.42	877650.00
2003-05-02	18.43	18.80	18.39	18.61	1757100.00
2003-05-05	18.76	18.85	18.41	18.60	1042650.00
2003-05-06	18.66	19.08	18.60	18.83	1281450.00
2003-05-07	18.66	19.05	18.58	18.94	1383000.00
2003-05-08	18.94	18.96	18.66	18.73	788700.00
2003-05-09	18.83	18.99	18.71	18.91	1133850.00
2003-05-12	18.93	19.38	18.78	19.37	931650.00
2003-05-13	19.33	19.33	18.96	19.05	771000.00
2003-05-14	19.10	19.12	18.72	18.83	729000.00
2003-05-15	18.90	18.95	18.74	18.94	1484850.00
2003-05-16	18.74	18.85	18.62	18.82	1029450.00
2003-05-19	18.79	18.79	18.31	18.35	923250.00
2003-05-20	18.57	18.57	18.10	18.27	690750.00
2003-05-21	18.26	18.46	18.06	18.37	1423350.00
2003-05-22	18.35	18.91	18.35	18.91	1674000.00
2003-05-23	18.98	18.98	18.65	18.74	953700.00
2003-05-27	18.55	18.96	18.52	18.94	1116900.00
2003-05-28	18.93	18.97	18.65	18.69	1023600.00
2003-05-29	18.66	18.72	18.24	18.31	1618650.00
2003-05-30	18.40	18.81	18.36	18.77	1609950.00
2003-06-02	19.03	19.49	19.01	19.12	1617000.00
2003-06-03	19.04	19.04	18.52	18.55	3408300.00
2003-06-04	18.75	19.51	18.73	19.50	2436000.00
2003-06-05	19.45	20.61	19.36	20.51	4855500.00
2003-06-06	20.51	21.26	20.31	20.40	2832450.00
2003-06-09	20.43	20.43	19.73	19.87	2047800.00
2003-06-10	19.87	20.10	19.79	19.94	1045050.00
2003-06-11	19.97	20.56	19.92	20.56	1037850.00
2003-06-12	20.66	21.02	20.66	20.84	2152350.00
2003-06-13	20.85	20.85	19.91	20.14	1801500.00
2003-06-16	20.80	21.22	20.59	21.11	2194800.00
2003-06-17	21.11	21.28	20.87	21.17	1720650.00
2003-06-18	21.17	21.17	20.80	20.98	1312050.00
2003-06-19	20.99	21.18	20.43	20.43	1022550.00
2003-06-20	20.50	20.68	20.36	20.41	1537350.00
2003-06-23	20.41	20.41	19.88	19.98	1026450.00
2003-06-24	19.98	20.13	19.81	19.81	904350.00
2003-06-25	19.72	19.82	19.35	19.35	1754850.00
2003-06-26	19.41	19.71	19.26	19.67	1805100.00
2003-06-27	19.67	19.77	19.26	19.36	892350.00
2003-06-30	19.40	19.81	19.39	19.49	908100.00
2003-07-01	19.43	19.43	18.92	19.36	1465650.00
2003-07-02	19.53	19.72	19.36	19.67	999150.00
2003-07-03	19.54	19.66	19.27	19.40	443550.00
2003-07-07	19.51	19.71	19.39	19.50	1583400.00
2003-07-08	19.49	19.96	19.45	19.95	1496400.00
2003-07-09	19.95	20.05	19.79	19.90	1119600.00
2003-07-10	19.68	19.90	19.57	19.63	1653150.00
2003-07-11	19.72	20.07	19.54	19.83	1344150.00
2003-07-14	19.96	20.48	19.94	20.12	1833450.00
2003-07-15	20.19	20.22	20.02	20.06	2411400.00
2003-07-16	20.13	20.27	20.08	20.21	1501350.00
2003-07-17	20.66	21.01	20.60	20.66	2045400.00
2003-07-18	20.66	21.08	20.53	21.05	1625250.00
2003-07-21	21.05	21.07	20.79	21.07	1144200.00
2003-07-22	21.03	21.09	20.57	20.85	1314600.00
2003-07-23	21.08	21.35	20.82	21.26	1208400.00
2003-07-24	21.25	21.88	21.24	21.46	1943550.00
2003-07-25	21.55	21.72	21.08	21.56	762450.00
2003-07-28	21.35	21.38	20.95	21.16	1474950.00
2003-07-29	21.16	21.16	20.57	21.01	3202350.00
2003-07-30	21.03	21.03	20.70	20.70	1720650.00
2003-07-31	20.82	21.81	20.69	21.40	2129250.00
2003-08-01	21.40	21.76	21.35	21.63	2281800.00
2003-08-04	21.45	21.59	21.04	21.53	2127150.00
2003-08-05	21.52	21.52	21.00	21.01	1406400.00
2003-08-06	20.92	21.15	20.70	20.92	1071450.00
2003-08-07	20.89	21.17	20.83	21.15	1922550.00
2003-08-08	21.19	21.46	21.18	21.33	1420500.00
2003-08-11	21.41	21.60	21.23	21.38	644100.00
2003-08-12	21.44	21.63	21.26	21.63	881250.00
2003-08-13	21.63	22.06	21.61	21.95	1232850.00
2003-08-14	21.95	22.38	21.80	22.14	1011450.00
2003-08-15	22.14	22.39	22.00	22.28	354600.00
2003-08-18	22.54	22.93	22.52	22.86	1128300.00
2003-08-19	22.97	23.18	22.63	22.70	2288550.00
2003-08-20	22.67	22.71	22.56	22.60	899700.00
2003-08-21	22.49	22.88	22.49	22.79	1237500.00
2003-08-22	23.02	23.04	22.62	22.65	987900.00
2003-08-25	22.62	22.83	22.32	22.37	839250.00
2003-08-26	22.37	22.41	22.00	22.26	1092750.00
2003-08-27	22.11	22.33	22.08	22.24	878700.00
2003-08-28	22.37	22.63	22.13	22.57	908100.00
2003-08-29	22.64	23.29	22.64	23.08	2058450.00
2003-09-02	23.25	23.70	23.22	23.60	2715900.00
2003-09-03	23.60	23.63	22.96	23.02	2639400.00
2003-09-04	23.02	23.08	22.46	23.04	1920750.00
2003-09-05	22.91	22.92	22.49	22.59	1003950.00
2003-09-08	22.68	22.99	22.57	22.86	736950.00
2003-09-09	22.79	22.82	22.27	22.28	1138800.00
2003-09-10	22.19	22.23	21.59	21.60	2013750.00
2003-09-11	21.77	21.99	21.59	21.88	1197000.00
2003-09-12	21.83	21.95	21.53	21.88	889950.00
2003-09-15	21.88	21.94	21.76	21.76	873300.00
2003-09-16	21.79	22.51	21.79	22.49	1459050.00
2003-09-17	22.35	22.43	22.01	22.10	962700.00
2003-09-18	22.23	22.40	22.15	22.23	827850.00
2003-09-19	22.24	22.24	21.84	21.88	871800.00
2003-09-22	21.76	21.76	21.40	21.54	911100.00
2003-09-23	21.53	21.72	21.41	21.64	656700.00
2003-09-24	21.68	21.68	21.18	21.19	999450.00
2003-09-25	21.19	21.33	20.98	20.99	691950.00
2003-09-26	20.88	20.92	20.46	20.69	1187550.00
2003-09-29	20.82	20.99	20.57	20.81	1159950.00
2003-09-30	20.81	20.99	20.51	20.83	1577250.00
2003-10-01	20.78	21.37	20.77	21.37	1340250.00
2003-10-02	22.04	22.18	21.71	22.02	2624100.00
2003-10-03	22.14	22.58	22.14	22.28	1782750.00
2003-10-06	22.37	22.79	22.32	22.61	1435650.00
2003-10-07	22.49	22.84	22.37	22.69	658050.00
2003-10-08	22.77	22.77	22.50	22.60	1028850.00
2003-10-09	22.95	22.95	22.60	22.65	995700.00
2003-10-10	22.60	22.67	22.42	22.48	531150.00
2003-10-13	22.49	22.74	22.49	22.59	607950.00
2003-10-14	22.95	22.95	22.70	22.93	1337400.00
2003-10-15	23.60	24.31	23.56	23.87	4444800.00
2003-10-16	23.86	23.86	22.84	23.54	1944750.00
2003-10-17	23.77	23.93	23.40	23.46	1205850.00
2003-10-20	23.53	23.84	23.36	23.49	905100.00
2003-10-21	23.49	23.51	23.22	23.22	878250.00
2003-10-22	23.02	23.22	22.68	22.70	1777950.00
2003-10-23	22.63	22.88	22.58	22.80	1122300.00
2003-10-24	22.77	22.85	22.52	22.77	853050.00
2003-10-27	23.07	23.20	22.95	23.11	957900.00
2003-10-28	23.18	23.31	23.05	23.26	927750.00
2003-10-29	23.26	23.42	23.14	23.42	904650.00
2003-10-30	23.67	23.93	23.58	23.89	1196850.00
2003-10-31	24.00	24.07	23.73	23.75	1008750.00
2003-11-03	23.75	24.22	23.73	24.12	1314000.00
2003-11-04	24.12	24.41	24.07	24.34	1145250.00
2003-11-05	24.58	24.65	24.33	24.54	1315950.00
2003-11-06	24.93	25.65	24.89	25.57	4383300.00
2003-11-07	25.56	25.56	25.24	25.25	2305650.00
2003-11-10	25.12	25.16	24.88	25.06	2199900.00
2003-11-11	25.05	25.27	24.94	25.11	2265750.00
2003-11-12	25.13	25.40	25.10	25.38	1083150.00
2003-11-13	25.33	25.44	25.17	25.41	901500.00
2003-11-14	25.41	25.44	25.04	25.24	1122300.00
2003-11-17	25.24	25.24	24.58	24.94	825600.00
2003-11-18	24.81	25.03	24.41	24.41	1377300.00
2003-11-19	24.38	24.59	24.20	24.51	1203600.00
2003-11-20	24.41	24.72	24.24	24.65	941100.00
2003-11-21	24.88	24.88	24.16	24.76	973800.00
2003-11-24	24.76	25.21	24.74	25.19	935400.00
2003-11-25	25.09	25.71	25.08	25.61	1134000.00
2003-11-26	25.70	25.70	25.32	25.64	677700.00
2003-11-28	25.58	25.72	25.55	25.72	170400.00
2003-12-01	25.72	26.45	25.66	26.29	1338300.00
2003-12-02	26.24	26.24	25.83	25.83	1506150.00
2003-12-03	25.87	26.00	25.70	25.72	1016250.00
2003-12-04	26.19	26.79	26.07	26.70	3366000.00
2003-12-05	26.77	27.27	26.75	26.84	2225550.00
2003-12-08	26.84	26.95	26.60	26.86	1075500.00
2003-12-09	26.98	27.27	26.96	26.99	1439700.00
2003-12-10	27.09	27.11	26.33	26.45	1383600.00
2003-12-11	26.52	27.18	26.52	27.14	825750.00
2003-12-12	27.09	27.22	26.89	27.09	705600.00
2003-12-15	27.55	27.62	27.08	27.08	954300.00
2003-12-16	26.98	27.21	26.88	27.11	773550.00
2003-12-17	27.11	27.11	26.75	27.00	990300.00
2003-12-18	26.97	27.46	26.86	27.45	1078500.00
2003-12-19	27.55	27.78	27.29	27.53	1015350.00
2003-12-22	27.71	27.81	27.47	27.71	737700.00
2003-12-23	27.63	27.64	27.35	27.53	941850.00
2003-12-24	27.48	27.48	27.34	27.40	170550.00
2003-12-26	27.40	27.48	27.36	27.44	158550.00
2003-12-29	27.43	27.76	27.27	27.73	743850.00
2003-12-30	27.76	27.84	27.62	27.76	584250.00
2003-12-31	27.81	27.97	27.69	27.83	496350.00
2004-01-02	27.83	28.09	27.78	27.88	802350.00
2004-01-05	27.97	28.45	27.92	28.40	1129350.00
2004-01-06	28.40	28.43	28.03	28.11	1247100.00
2004-01-07	27.94	28.51	27.93	28.40	1332600.00
2004-01-08	28.40	28.53	28.22	28.49	1037550.00
2004-01-09	28.38	28.49	27.79	27.86	814650.00
2004-01-12	27.98	28.14	27.57	27.64	1406100.00
2004-01-13	27.65	27.94	27.26	27.40	1147650.00
2004-01-14	27.51	28.06	27.51	28.00	838500.00
2004-01-15	28.08	28.37	28.01	28.07	1022850.00
2004-01-16	28.08	28.44	27.97	28.38	993300.00
2004-01-20	28.38	28.52	26.95	27.02	2697000.00
2004-01-21	27.02	27.59	26.56	27.41	2001300.00
2004-01-22	27.36	27.55	27.24	27.26	866550.00
2004-01-23	27.34	27.44	26.86	26.97	805950.00
2004-01-26	26.97	27.50	26.75	27.48	982800.00
2004-01-27	27.25	27.29	26.51	26.52	1686450.00
2004-01-28	26.77	26.97	26.12	26.17	1408650.00
2004-01-29	26.24	26.28	25.16	25.69	1824150.00
2004-01-30	25.69	25.83	25.47	25.72	1477200.00
2004-02-02	25.63	25.93	25.44	25.56	1093650.00
2004-02-03	25.51	25.51	25.12	25.23	1687500.00
2004-02-04	25.04	25.40	25.02	25.28	1377750.00
2004-02-05	25.54	25.89	25.49	25.75	1717500.00
2004-02-06	25.82	26.73	25.78	26.48	1516950.00
2004-02-09	26.75	26.84	26.35	26.40	945150.00
2004-02-10	26.42	26.53	26.11	26.29	1044150.00
2004-02-11	26.40	26.88	26.32	26.85	1672050.00
2004-02-12	26.91	27.08	26.75	27.00	957300.00
2004-02-13	27.22	27.26	26.85	26.99	900000.00
2004-02-17	27.40	27.54	27.30	27.46	668250.00
2004-02-18	27.41	27.45	27.14	27.18	951750.00
2004-02-19	27.40	27.53	27.14	27.22	822150.00
2004-02-20	27.22	27.22	26.61	26.63	1584300.00
2004-02-23	26.72	26.73	26.22	26.30	571200.00
2004-02-24	26.18	26.51	26.05	26.24	644400.00
2004-02-25	26.49	26.96	26.39	26.82	1289400.00
2004-02-26	26.56	26.92	26.51	26.79	655200.00
2004-02-27	26.87	26.87	26.36	26.36	2409000.00
2004-03-01	26.64	26.76	26.44	26.66	1836450.00
2004-03-02	26.66	26.81	26.52	26.78	1074900.00
2004-03-03	26.78	26.99	26.61	26.88	1502250.00
2004-03-04	27.12	27.47	27.07	27.24	1330800.00
2004-03-05	26.96	27.56	26.96	27.47	1556100.00
2004-03-08	27.72	27.82	27.30	27.32	1283100.00
2004-03-09	27.33	27.57	26.83	26.84	926250.00
2004-03-10	27.05	27.05	26.00	26.02	1541400.00
2004-03-11	25.82	26.18	25.58	25.62	1672800.00
2004-03-12	25.57	26.53	25.55	26.32	986850.00
2004-03-15	26.23	26.53	25.94	26.16	1062750.00
2004-03-16	26.50	26.56	26.08	26.38	988800.00
2004-03-17	26.37	26.99	26.30	26.82	1163700.00
2004-03-18	26.75	26.81	26.47	26.74	954450.00
2004-03-19	26.61	26.79	26.51	26.63	1367700.00
2004-03-22	26.23	26.38	25.68	25.97	1366650.00
2004-03-23	26.28	26.28	25.75	25.90	740700.00
2004-03-24	25.81	26.00	25.70	25.81	1015050.00
2004-03-25	26.00	26.36	25.75	26.27	720150.00
2004-03-26	26.27	26.27	25.89	25.97	1684050.00
2004-03-29	26.09	26.48	26.09	26.35	1509300.00
2004-03-30	26.35	26.57	26.19	26.53	834450.00
2004-03-31	26.53	26.62	26.23	26.51	760800.00
2004-04-01	26.61	27.07	26.52	26.84	1000350.00
2004-04-02	26.96	27.52	26.96	27.34	1051950.00
2004-04-05	27.31	27.74	27.14	27.71	802500.00
2004-04-06	27.64	28.14	27.56	27.90	1657650.00
2004-04-07	27.83	27.83	27.24	27.24	1624500.00
2004-04-08	27.38	27.50	26.96	27.05	1226550.00
2004-04-12	27.09	27.27	26.99	27.05	1271550.00
2004-04-13	27.07	27.14	26.52	26.59	1277550.00
2004-04-14	27.68	27.86	27.00	27.61	3195750.00
2004-04-15	27.87	28.11	27.37	27.45	2137200.00
2004-04-16	27.64	27.79	27.52	27.55	1245750.00
2004-04-19	27.45	27.45	27.03	27.18	2797200.00
2004-04-20	27.33	27.74	27.14	27.15	1864200.00
2004-04-21	27.12	27.22	26.85	27.11	1600350.00
2004-04-22	27.12	28.04	27.00	27.85	1654500.00
2004-04-23	27.12	27.61	26.89	27.14	2087400.00
2004-04-26	27.14	27.34	26.88	26.90	1389450.00
2004-04-27	27.10	27.41	27.05	27.08	1043700.00
2004-04-28	27.07	27.07	26.36	26.36	1734150.00
2004-04-29	26.45	26.47	25.78	25.91	1628100.00
2004-04-30	26.20	26.42	25.94	25.94	1273200.00
2004-05-03	25.94	26.18	25.93	26.11	1099800.00
2004-05-04	26.16	26.29	25.70	25.76	1464750.00
2004-05-05	25.85	26.11	25.76	25.94	1657950.00
2004-05-06	25.74	26.10	25.61	26.00	1892550.00
2004-05-07	25.81	26.08	25.42	25.42	1591800.00
2004-05-10	25.29	25.35	24.27	24.67	2786700.00
2004-05-11	24.89	25.10	24.89	25.08	1146600.00
2004-05-12	25.17	25.58	24.78	25.54	2721150.00
2004-05-13	25.47	26.03	25.26	25.79	2480250.00
2004-05-14	25.88	25.95	25.43	25.64	964950.00
2004-05-17	25.29	25.31	24.82	24.88	1062750.00
2004-05-18	24.76	25.18	24.72	25.03	1748550.00
2004-05-19	25.66	26.15	25.22	25.22	1933650.00
2004-05-20	25.11	25.15	24.77	25.02	946200.00
2004-05-21	25.34	25.56	25.18	25.49	1349100.00
2004-05-24	25.68	26.07	25.32	25.58	959850.00
2004-05-25	25.41	26.15	25.27	26.14	722250.00
2004-05-26	26.02	26.10	25.83	25.94	791700.00
2004-05-27	26.09	26.37	26.06	26.29	1237650.00
2004-05-28	26.25	26.29	25.95	26.16	664350.00
2004-06-01	26.16	26.49	26.07	26.48	1107450.00
2004-06-02	26.65	27.11	26.61	26.98	1495650.00
2004-06-03	26.96	26.96	26.53	26.59	954900.00
2004-06-04	27.03	27.07	26.80	26.88	861900.00
2004-06-07	26.96	27.37	26.96	27.35	728250.00
2004-06-08	27.41	27.68	27.24	27.68	829650.00
2004-06-09	27.78	27.81	27.23	27.24	846000.00
2004-06-10	27.27	27.27	27.01	27.16	759750.00
2004-06-14	27.03	27.12	26.85	26.96	839700.00
2004-06-15	27.48	27.48	26.83	26.95	1253850.00
2004-06-16	26.96	26.96	26.32	26.73	2067900.00
2004-06-17	26.72	26.87	26.48	26.82	1275300.00
2004-06-18	26.82	27.26	26.75	27.12	820650.00
2004-06-21	27.13	27.16	26.88	26.91	550650.00
2004-06-22	26.94	26.99	26.65	26.89	1659450.00
2004-06-23	26.90	27.22	26.81	27.18	1052550.00
2004-06-24	27.20	27.37	27.12	27.19	877800.00
2004-06-25	27.15	27.60	27.12	27.60	1168800.00
2004-06-28	27.97	28.01	27.28	27.33	1243200.00
2004-06-29	27.39	27.64	27.28	27.55	971550.00
2004-06-30	27.62	28.03	27.42	28.00	928650.00
2004-07-01	27.91	27.98	27.17	27.37	1049400.00
2004-07-02	27.37	27.37	26.51	26.64	1706250.00
2004-07-06	26.65	26.94	26.55	26.86	1231350.00
2004-07-07	26.86	27.06	26.60	26.92	1600350.00
2004-07-08	26.98	27.01	26.56	26.58	1029000.00
2004-07-09	26.84	26.98	26.79	26.90	1279200.00
2004-07-12	26.91	26.91	26.55	26.80	733800.00
2004-07-13	26.91	27.07	26.89	26.98	1060200.00
2004-07-14	26.98	27.30	26.76	26.98	983700.00
2004-07-15	27.15	27.22	26.82	26.95	914550.00
2004-07-16	27.24	27.24	26.94	26.99	846000.00
2004-07-19	26.99	27.20	26.81	27.12	1000200.00
2004-07-20	27.12	27.28	26.96	27.09	869550.00
2004-07-21	27.31	27.50	26.77	26.77	1343550.00
2004-07-22	26.68	26.68	26.15	26.46	1354800.00
2004-07-23	26.21	26.34	26.00	26.32	1398150.00
2004-07-26	26.32	26.54	26.31	26.43	1240950.00
2004-07-27	26.48	26.89	26.41	26.80	1078650.00
2004-07-28	26.80	27.35	26.75	27.14	1637400.00
2004-07-29	27.36	27.50	26.96	27.18	1341450.00
2004-07-30	27.06	27.15	26.77	27.02	1506300.00
2004-08-02	26.94	27.40	26.82	27.35	1115100.00
2004-08-03	27.35	27.35	27.05	27.05	654900.00
2004-08-04	27.05	27.38	26.95	27.28	822750.00
2004-08-05	27.24	27.25	26.23	26.25	2029500.00
2004-08-06	26.04	26.04	25.19	25.23	2356500.00
2004-08-09	25.58	25.58	25.02	25.23	1678350.00
2004-08-10	25.27	25.83	25.27	25.76	1088100.00
2004-08-11	25.76	25.76	25.24	25.61	770550.00
2004-08-12	25.61	25.66	25.34	25.38	1313700.00
2004-08-13	25.39	25.48	25.10	25.25	1207050.00
2004-08-16	25.25	26.05	25.25	25.95	1236900.00
2004-08-17	26.09	26.44	25.94	25.98	1119300.00
2004-08-18	25.80	26.09	25.41	26.08	552450.00
2004-08-19	26.08	26.13	25.29	25.34	1830150.00
2004-08-20	25.22	25.81	25.22	25.80	1101150.00
2004-08-23	25.80	25.94	25.65	25.70	450000.00
2004-08-24	25.80	25.99	25.72	25.82	594600.00
2004-08-25	25.82	25.89	25.45	25.80	1004700.00
2004-08-26	25.66	25.97	25.66	25.92	674400.00
2004-08-27	25.91	26.08	25.82	26.02	522000.00
2004-08-30	25.94	26.03	25.52	25.55	529200.00
2004-08-31	25.71	25.71	25.39	25.69	578250.00
2004-09-01	25.62	25.87	25.52	25.73	590400.00
2004-09-02	25.78	26.27	25.73	26.21	518700.00
2004-09-03	26.25	26.39	26.00	26.18	633150.00
2004-09-07	26.65	27.41	26.65	27.26	2184450.00
2004-09-08	27.31	27.31	26.98	27.13	1012350.00
2004-09-09	27.41	27.48	27.06	27.22	1401900.00
2004-09-10	27.15	27.22	26.95	27.21	423600.00
2004-09-13	27.25	27.61	27.25	27.58	909000.00
2004-09-14	27.58	27.69	27.35	27.42	548250.00
2004-09-15	27.34	27.59	27.02	27.45	853350.00
2004-09-16	27.45	27.89	27.45	27.83	886500.00
2004-09-17	27.88	27.97	27.53	27.61	962850.00
2004-09-20	27.41	27.73	27.36	27.47	429600.00
2004-09-21	27.47	27.58	27.33	27.54	706800.00
2004-09-22	27.31	27.32	27.05	27.17	747150.00
2004-09-23	27.15	27.21	26.94	26.97	569250.00
2004-09-24	26.94	27.36	26.90	27.25	487800.00
2004-09-27	27.16	27.16	26.76	26.89	1222950.00
2004-09-28	26.86	27.07	26.61	26.93	2873400.00
2004-09-29	26.86	27.66	26.75	27.64	1491450.00
2004-09-30	27.63	27.88	27.45	27.81	1009050.00
2004-10-01	27.88	28.16	27.71	28.16	862950.00
2004-10-04	28.35	28.92	28.33	28.88	1579950.00
2004-10-05	28.88	29.04	28.73	28.82	1508850.00
2004-10-06	28.68	29.67	28.41	29.67	2106900.00
2004-10-07	29.72	30.20	29.18	29.30	3714600.00
2004-10-08	29.25	29.65	29.13	29.25	1692750.00
2004-10-11	29.37	29.49	29.03	29.32	1494150.00
2004-10-12	29.27	29.57	29.04	29.44	1650900.00
2004-10-13	29.65	29.91	28.98	29.26	1995000.00
2004-10-14	29.06	29.25	28.59	29.12	2656350.00
2004-10-15	29.30	29.51	29.18	29.45	1331400.00
2004-10-18	29.46	29.99	29.16	29.96	2588700.00
2004-10-19	32.37	33.31	32.09	32.38	6942000.00
2004-10-20	32.75	32.77	32.18	32.47	2163000.00
2004-10-21	32.13	32.60	31.83	32.45	2015100.00
2004-10-22	32.54	32.70	32.02	32.04	1193700.00
2004-10-25	31.96	32.40	31.68	32.32	871950.00
2004-10-26	32.38	32.52	32.02	32.49	1375650.00
2004-10-27	32.53	33.00	32.29	32.96	1819650.00
2004-10-28	32.96	32.97	32.32	32.70	2017500.00
2004-10-29	32.70	33.46	32.68	33.38	1743000.00
2004-11-01	33.65	34.35	33.50	34.29	3057600.00
2004-11-02	34.41	34.73	33.92	34.16	2174550.00
2004-11-03	34.50	34.61	33.84	34.37	1661850.00
2004-11-04	34.12	35.29	33.88	35.25	2407500.00
2004-11-05	35.28	35.65	35.11	35.33	1402200.00
2004-11-08	35.22	35.54	35.16	35.38	677100.00
2004-11-09	35.38	35.55	34.96	35.20	1500150.00
2004-11-10	35.20	35.20	34.56	34.93	1176750.00
2004-11-11	35.15	35.30	34.89	35.09	1123050.00
2004-11-12	35.18	35.21	34.40	34.82	1699650.00
2004-11-15	34.82	35.06	34.63	35.01	1086600.00
2004-11-16	35.01	35.13	34.50	34.58	1001400.00
2004-11-17	34.83	35.52	34.81	35.22	1089300.00
2004-11-18	35.30	35.48	34.97	35.31	969150.00
2004-11-19	35.32	35.32	34.58	34.85	1062450.00
2004-11-22	34.58	35.55	34.49	35.55	1573200.00
2004-11-23	35.58	35.84	35.17	35.47	1190400.00
2004-11-24	35.41	36.05	35.40	35.76	719550.00
2004-11-26	35.76	35.88	35.60	35.88	220050.00
2004-11-29	35.88	35.96	35.03	35.48	754200.00
2004-11-30	35.48	35.65	35.35	35.44	1724700.00
2004-12-01	35.44	36.86	35.37	36.86	1858650.00
2004-12-02	36.67	37.15	36.31	36.60	1715100.00
2004-12-03	36.34	36.56	35.79	36.04	1594050.00
2004-12-06	36.01	36.01	35.35	35.61	1336500.00
2004-12-07	35.62	35.93	35.18	35.22	1041750.00
2004-12-08	34.88	35.58	34.88	35.48	782700.00
2004-12-09	35.37	35.92	35.10	35.89	1545450.00
2004-12-10	35.68	36.03	35.54	35.65	567450.00
2004-12-13	35.77	35.86	35.36	35.72	663000.00
2004-12-14	35.72	36.02	35.57	35.99	799500.00
2004-12-15	35.82	36.00	35.49	35.76	780000.00
2004-12-16	35.76	36.03	35.62	35.97	1086750.00
2004-12-17	35.63	36.17	35.63	35.89	1024350.00
2004-12-20	36.15	36.45	35.87	35.96	742200.00
2004-12-21	36.05	36.09	35.70	35.84	886350.00
2004-12-22	35.93	36.32	35.85	36.32	1055400.00
2004-12-23	36.29	36.42	36.07	36.25	566850.00
2004-12-27	36.27	36.34	35.64	35.80	378300.00
2004-12-28	35.73	36.06	35.68	36.03	635100.00
2004-12-29	35.93	36.01	35.54	35.75	923700.00
2004-12-30	35.70	35.81	35.61	35.65	454050.00
2004-12-31	35.51	36.10	35.51	35.88	531150.00
2005-01-03	36.11	36.11	35.11	35.38	1198650.00
2005-01-04	35.38	35.39	34.43	34.64	1275000.00
2005-01-05	34.64	34.85	33.90	34.02	2161200.00
2005-01-06	34.02	34.44	33.84	34.17	1581900.00
2005-01-07	34.18	34.18	33.54	33.83	2211750.00
2005-01-10	33.87	34.34	33.87	34.03	1032150.00
2005-01-11	33.80	33.92	33.58	33.83	1303200.00
2005-01-12	33.91	34.06	33.59	34.01	831900.00
2005-01-13	33.91	34.55	33.84	34.19	1507650.00
2005-01-14	34.24	34.90	34.24	34.79	1672500.00
2005-01-18	33.65	34.28	30.93	31.31	10077300.00
2005-01-19	31.60	31.93	31.36	31.45	3332100.00
2005-01-20	31.27	31.28	30.60	30.74	2179800.00
2005-01-21	31.06	31.16	30.38	30.42	2739750.00
2005-01-24	30.68	30.89	29.91	29.94	2160750.00
2005-01-25	30.08	30.11	29.45	29.84	4692450.00
2005-01-26	29.89	29.94	29.80	29.94	2560800.00
2005-01-27	29.77	30.41	29.57	30.38	2079600.00
2005-01-28	30.38	30.44	29.97	30.26	1226550.00
2005-01-31	30.53	30.95	30.40	30.87	1559100.00
2005-02-01	30.94	30.94	30.39	30.82	2343600.00
2005-02-02	31.03	31.63	30.72	31.46	2573850.00
2005-02-03	31.37	31.37	30.75	31.03	1528350.00
2005-02-04	31.32	31.68	31.23	31.57	2085000.00
2005-02-07	31.64	31.87	31.48	31.55	1104600.00
2005-02-08	31.55	32.03	31.49	31.86	1737150.00
2005-02-09	31.86	31.93	31.14	31.16	1049250.00
2005-02-10	31.36	31.41	31.03	31.20	1153350.00
2005-02-11	31.20	31.67	31.03	31.63	1235550.00
2005-02-14	31.70	31.81	31.50	31.62	610050.00
2005-02-15	31.62	31.88	31.42	31.86	1383000.00
2005-02-16	31.74	31.88	31.60	31.69	758700.00
2005-02-17	31.69	31.69	31.01	31.06	1156350.00
2005-02-18	31.10	31.24	31.02	31.13	1376400.00
2005-02-22	30.86	31.13	30.36	30.65	2146350.00
2005-02-23	30.79	30.89	30.60	30.83	3896250.00
2005-02-24	30.60	30.92	30.58	30.92	3748200.00
2005-02-25	30.92	31.17	30.82	31.15	3169500.00
2005-02-28	31.15	31.48	31.01	31.27	2032650.00
2005-03-01	31.41	32.24	31.34	32.09	2544150.00
2005-03-02	31.84	32.29	31.57	31.98	1976550.00
2005-03-03	32.27	32.82	32.23	32.75	2575350.00
2005-03-04	32.69	33.03	32.28	32.92	2155500.00
2005-03-07	32.93	33.12	32.69	32.86	1083900.00
2005-03-08	32.74	32.88	32.44	32.51	1622250.00
2005-03-09	32.31	32.32	31.91	31.91	2070450.00
2005-03-10	32.03	32.74	32.03	32.44	1858650.00
2005-03-11	32.29	32.77	32.20	32.33	1158600.00
2005-03-14	32.36	32.81	32.35	32.58	907200.00
2005-03-15	32.63	32.90	32.60	32.60	1302000.00
2005-03-16	32.48	32.55	31.96	32.22	1024800.00
2005-03-17	32.22	32.46	31.94	32.15	1318050.00
2005-03-18	32.26	32.52	32.06	32.37	1190550.00
2005-03-21	32.17	32.31	31.91	32.08	1288350.00
2005-03-22	32.07	32.52	31.73	32.04	1043850.00
2005-03-23	31.94	31.99	31.56	31.59	936300.00
2005-03-24	31.59	32.19	31.59	32.10	991950.00
2005-03-28	30.89	31.37	28.17	28.35	9565050.00
2005-03-29	28.27	28.56	28.09	28.27	4463400.00
2005-03-30	28.27	28.91	28.27	28.68	2432250.00
2005-03-31	28.80	29.10	28.61	28.95	1396500.00
2005-04-01	28.96	29.29	28.51	28.78	1647300.00
2005-04-04	28.75	29.20	28.65	28.78	1825050.00
2005-04-05	28.70	28.95	28.53	28.89	1533900.00
2005-04-06	28.84	28.99	28.47	28.53	1735500.00
2005-04-07	28.30	28.76	28.21	28.70	1250100.00
2005-04-08	28.77	28.81	28.24	28.36	1356150.00
2005-04-11	28.29	28.59	28.04	28.59	1865850.00
2005-04-12	28.46	29.08	28.39	29.06	1454250.00
2005-04-13	29.06	29.06	28.27	28.35	1087350.00
2005-04-14	28.30	28.44	27.48	27.55	1788750.00
2005-04-15	27.28	27.41	26.99	27.14	1935450.00
2005-04-18	28.04	28.23	27.30	28.20	2471100.00
2005-04-19	28.17	28.90	28.00	28.72	1648650.00
2005-04-20	28.89	29.10	28.46	28.56	1066350.00
2005-04-21	28.68	28.86	28.05	28.86	1849350.00
2005-04-22	28.86	29.25	28.68	28.93	1037250.00
2005-04-25	29.00	29.21	28.80	28.99	970350.00
2005-04-26	28.99	29.01	28.34	28.40	881700.00
2005-04-27	28.37	28.63	27.94	28.54	1015950.00
2005-04-28	28.51	28.51	27.97	28.07	802500.00
2005-04-29	28.27	28.53	27.79	28.48	1277100.00
2005-05-02	28.55	29.14	28.30	28.55	1395450.00
2005-05-03	28.42	28.71	28.37	28.55	1404300.00
2005-05-04	28.80	29.35	28.65	29.28	1509750.00
2005-05-05	29.28	29.28	28.34	28.55	2005950.00
2005-05-06	28.65	28.73	28.27	28.39	1282500.00
2005-05-09	28.42	28.58	28.18	28.50	1164150.00
2005-05-10	28.45	28.47	27.92	28.06	1302600.00
2005-05-11	28.04	28.33	27.95	28.29	1725600.00
2005-05-12	28.15	28.22	27.62	27.74	2063100.00
2005-05-13	27.84	27.84	27.24	27.55	1518150.00
2005-05-16	27.54	27.89	27.38	27.87	877800.00
2005-05-17	27.76	28.35	27.50	28.34	1247550.00
2005-05-18	28.37	29.06	28.36	28.84	1257450.00
2005-05-19	28.89	29.02	28.57	28.79	714750.00
2005-05-20	28.80	29.06	28.52	28.93	1126200.00
2005-05-23	28.95	29.65	28.95	29.37	1202400.00
2005-05-24	29.20	29.22	28.94	29.09	758400.00
2005-05-25	28.99	28.99	28.60	28.78	425100.00
2005-05-26	28.85	29.15	28.85	29.13	422700.00
2005-05-27	29.10	29.18	28.98	29.05	433050.00
2005-05-31	28.96	29.01	28.65	28.77	1144500.00
2005-06-01	28.86	29.26	28.66	29.07	718950.00
2005-06-02	28.67	29.03	28.64	29.00	1178550.00
2005-06-03	28.85	28.85	28.64	28.84	947250.00
2005-06-06	29.06	29.55	29.04	29.33	1309050.00
2005-06-07	29.36	30.03	29.32	29.65	1149300.00
2005-06-08	29.72	29.85	29.40	29.55	941100.00
2005-06-09	29.43	29.47	28.94	29.02	1576200.00
2005-06-10	29.01	29.26	28.82	28.99	415050.00
2005-06-13	28.87	29.15	28.82	29.15	1095900.00
2005-06-14	29.09	29.32	28.94	29.13	514950.00
2005-06-15	29.01	29.30	28.88	29.25	717450.00
2005-06-16	29.20	29.64	29.18	29.41	829350.00
2005-06-17	29.68	29.70	29.46	29.53	1397250.00
2005-06-20	29.35	29.61	29.27	29.52	522300.00
2005-06-21	29.43	29.71	29.38	29.56	751350.00
2005-06-22	29.66	29.75	29.47	29.68	630000.00
2005-06-23	29.61	29.66	29.31	29.31	898650.00
2005-06-24	29.18	29.19	28.70	28.97	1084350.00
2005-06-27	28.85	29.41	28.85	29.37	1434300.00
2005-06-28	29.49	29.97	29.32	29.90	863850.00
2005-06-29	29.90	29.91	29.54	29.71	815550.00
2005-06-30	29.70	29.74	29.44	29.57	1068600.00
2005-07-01	29.63	29.84	29.56	29.80	685050.00
2005-07-05	29.78	29.80	29.13	29.24	1883250.00
2005-07-06	29.24	29.36	28.99	29.16	1118700.00
2005-07-07	28.89	29.26	28.76	29.20	2151300.00
2005-07-08	29.26	29.97	29.23	29.93	646800.00
2005-07-11	29.83	30.13	29.78	29.94	781950.00
2005-07-12	29.87	29.91	29.58	29.72	938250.00
2005-07-13	29.58	29.83	29.58	29.82	779850.00
2005-07-14	29.94	30.49	29.92	30.45	935400.00
2005-07-15	30.38	30.53	30.06	30.13	1099350.00
2005-07-18	30.08	30.84	30.08	30.75	1362150.00
2005-07-19	30.85	31.31	30.84	31.21	1386000.00
2005-07-20	31.04	32.19	30.98	32.07	2327100.00
2005-07-21	32.02	32.26	31.77	31.83	867000.00
2005-07-22	31.78	32.16	31.73	32.02	505200.00
2005-07-25	32.02	32.20	31.57	31.62	652350.00
2005-07-26	31.63	31.77	31.55	31.56	734400.00
2005-07-27	31.68	31.71	31.17	31.25	1334250.00
2005-07-28	31.97	32.34	31.92	31.97	1817550.00
2005-07-29	31.97	31.97	31.33	31.34	1178550.00
2005-08-01	31.44	31.61	31.41	31.47	868350.00
2005-08-02	31.59	32.00	31.48	31.89	1383750.00
2005-08-03	31.87	31.91	31.77	31.78	1166700.00
2005-08-04	32.04	32.14	31.62	31.66	1180050.00
2005-08-05	31.65	31.82	31.24	31.28	786750.00
2005-08-08	31.40	31.61	30.99	30.99	859050.00
2005-08-09	31.11	31.35	31.11	31.25	673350.00
2005-08-10	31.61	32.07	31.30	31.30	1315800.00
2005-08-11	31.42	31.66	31.19	31.46	788550.00
2005-08-12	31.34	31.45	31.13	31.29	445800.00
2005-08-15	31.24	31.68	31.06	31.65	557400.00
2005-08-16	31.42	31.47	30.80	30.80	827400.00
2005-08-17	30.83	31.15	30.64	31.00	561450.00
2005-08-18	30.98	30.98	30.27	30.39	1121100.00
2005-08-19	30.60	30.98	30.50	30.98	1136250.00
2005-08-22	31.10	31.22	30.44	30.50	1045800.00
2005-08-23	30.43	30.46	29.74	30.15	1335600.00
2005-08-24	30.16	30.51	30.07	30.08	708900.00
2005-08-25	30.18	30.41	30.10	30.28	565950.00
2005-08-26	30.07	30.78	29.98	30.62	1131300.00
2005-08-29	30.37	30.71	30.37	30.48	1036950.00
2005-08-30	30.49	30.49	29.92	30.16	979050.00
2005-08-31	30.23	30.84	30.03	30.83	846300.00
2005-09-01	30.72	31.22	30.72	30.89	917850.00
2005-09-02	30.86	31.05	30.79	30.84	612750.00
2005-09-06	31.05	31.31	30.94	31.24	559050.00
2005-09-07	31.24	32.16	31.21	32.16	1374300.00
2005-09-08	32.16	32.21	31.84	32.10	1252500.00
2005-09-09	32.08	32.58	32.07	32.57	926850.00
2005-09-12	32.46	32.85	32.44	32.66	653250.00
2005-09-13	32.73	32.73	32.31	32.39	486750.00
2005-09-14	32.31	32.35	31.80	32.04	582450.00
2005-09-15	31.94	32.03	31.35	31.68	910500.00
2005-09-16	31.68	32.02	31.68	31.94	1289700.00
2005-09-19	32.06	32.06	31.48	31.65	672000.00
2005-09-20	31.75	31.89	31.04	31.18	1044600.00
2005-09-21	30.82	30.86	30.45	30.72	1026000.00
2005-09-22	30.63	31.21	30.61	31.05	723600.00
2005-09-23	31.08	31.08	30.63	30.79	924900.00
2005-09-26	30.94	31.06	30.49	30.72	1175100.00
2005-09-27	30.78	30.78	30.03	30.40	1350750.00
2005-09-28	31.01	31.01	30.16	30.35	674100.00
2005-09-29	30.37	30.42	30.07	30.30	876300.00
2005-09-30	30.30	30.86	30.30	30.77	836400.00
2005-10-03	30.86	31.27	30.86	30.95	863100.00
2005-10-04	31.00	31.15	30.38	30.41	754650.00
2005-10-05	30.17	30.42	29.82	29.83	796200.00
2005-10-06	29.68	29.76	29.27	29.52	1311750.00
2005-10-07	29.56	30.13	29.56	30.00	712500.00
2005-10-10	29.99	29.99	29.51	29.52	404250.00
2005-10-11	29.52	30.07	29.52	29.76	907800.00
2005-10-12	29.64	30.02	29.30	29.57	695250.00
2005-10-13	29.45	29.76	29.33	29.60	807300.00
2005-10-14	29.69	30.20	29.67	30.19	778950.00
2005-10-17	30.07	30.27	29.75	30.15	557550.00
2005-10-18	30.05	30.09	29.61	29.66	954600.00
2005-10-19	29.71	30.06	29.43	30.05	1329300.00
2005-10-20	30.07	30.19	29.52	29.69	1437900.00
2005-10-21	29.44	29.53	29.07	29.24	994350.00
2005-10-24	29.31	29.88	29.31	29.85	811650.00
2005-10-25	29.77	29.83	29.24	29.56	981450.00
2005-10-26	29.44	29.67	29.38	29.46	731700.00
2005-10-27	29.38	29.46	29.06	29.09	1122300.00
2005-10-28	29.09	29.90	29.09	29.80	1094550.00
2005-10-31	29.83	30.10	29.83	29.99	1085850.00
2005-11-01	29.99	30.40	29.82	30.36	1047750.00
2005-11-02	30.26	30.95	30.25	30.93	1082100.00
2005-11-03	30.94	31.14	30.65	30.81	1291350.00
2005-11-04	30.80	30.96	30.47	30.58	734100.00
2005-11-07	30.67	31.24	30.67	31.10	1574550.00
2005-11-08	31.18	31.70	31.03	31.60	1168500.00
2005-11-09	31.55	31.83	31.28	31.50	629550.00
2005-11-10	31.58	32.12	31.39	32.00	768450.00
2005-11-11	32.02	32.16	31.87	32.02	607200.00
2005-11-14	31.34	32.09	31.34	31.89	693900.00
2005-11-15	31.91	32.15	31.80	31.97	454500.00
2005-11-16	32.09	32.38	32.04	32.38	550950.00
2005-11-17	32.41	32.71	32.29	32.71	465750.00
2005-11-18	32.99	32.99	32.14	32.47	1672500.00
2005-11-21	32.52	32.87	32.49	32.81	895650.00
2005-11-22	32.72	33.08	32.57	33.01	1033500.00
2005-11-23	32.93	33.17	32.83	33.01	1125300.00
2005-11-25	33.06	33.08	32.87	33.01	276600.00
2005-11-28	33.08	33.08	32.74	32.85	475500.00
2005-11-29	33.09	33.10	32.79	32.82	491400.00
2005-11-30	32.55	32.91	32.44	32.85	1072200.00
2005-12-01	33.09	33.88	33.04	33.85	1187100.00
2005-12-02	33.73	33.82	33.38	33.55	672150.00
2005-12-05	33.51	33.54	33.23	33.44	1018500.00
2005-12-06	33.56	33.64	33.28	33.31	654150.00
2005-12-07	33.41	33.42	32.57	32.76	990600.00
2005-12-08	32.98	33.00	32.36	32.50	676200.00
2005-12-09	32.55	32.83	32.50	32.74	660750.00
2005-12-12	32.96	33.08	32.72	32.79	563700.00
2005-12-13	32.72	32.78	32.40	32.65	848550.00
2005-12-14	32.67	33.03	32.67	32.93	1209600.00
2005-12-15	33.01	33.06	32.73	32.74	903000.00
2005-12-16	32.94	33.16	32.92	32.99	1024050.00
2005-12-19	33.06	33.06	32.22	32.24	610650.00
2005-12-20	32.24	32.50	32.11	32.14	657300.00
2005-12-21	32.33	32.58	32.12	32.33	682800.00
2005-12-22	32.41	32.70	32.36	32.58	935850.00
2005-12-23	32.58	32.72	32.52	32.55	241950.00
2005-12-27	32.67	32.75	32.02	32.03	629250.00
2005-12-28	32.07	32.24	31.83	32.06	479850.00
2005-12-29	32.14	32.26	31.98	31.98	833400.00
2005-12-30	31.74	31.76	31.56	31.67	489300.00
2006-01-03	31.67	32.17	31.29	32.00	1348950.00
2006-01-04	32.05	32.91	32.05	32.91	1576200.00
2006-01-05	32.81	32.91	32.39	32.63	1221450.00
2006-01-06	34.19	35.39	32.65	34.42	3871200.00
2006-01-09	34.38	34.71	34.12	34.70	1827150.00
2006-01-10	34.26	35.66	34.24	35.57	1965000.00
2006-01-11	35.63	35.63	35.02	35.27	1241700.00
2006-01-12	35.16	35.16	34.57	34.66	1352550.00
2006-01-13	34.25	34.72	34.25	34.53	1123500.00
2006-01-17	34.53	35.15	34.33	35.15	1602300.00
2006-01-18	34.52	35.12	34.09	34.73	2055750.00
2006-01-19	34.85	35.95	34.26	35.52	1798050.00
2006-01-20	35.60	35.65	34.58	34.81	1711350.00
2006-01-23	34.74	35.28	34.50	35.14	1384500.00
2006-01-24	35.26	35.94	35.26	35.87	964050.00
2006-01-25	35.99	36.45	35.51	35.52	1623450.00
2006-01-26	35.89	35.96	35.64	35.81	775500.00
2006-01-27	35.92	36.69	35.73	36.50	1004850.00
2006-01-30	36.58	36.69	36.43	36.61	728550.00
2006-01-31	36.49	36.54	36.26	36.38	731550.00
2006-02-01	36.45	37.08	36.23	37.04	1108800.00
2006-02-02	36.56	36.84	36.18	36.55	1579500.00
2006-02-03	36.47	37.00	36.42	36.65	1172850.00
2006-02-06	36.64	37.15	36.61	37.10	1170450.00
2006-02-07	36.98	37.06	36.73	36.73	1461300.00
2006-02-08	36.88	36.98	36.59	36.95	1097400.00
2006-02-09	36.98	37.62	36.98	37.07	1208700.00
2006-02-10	36.95	37.34	36.79	37.14	1111950.00
2006-02-13	37.14	37.26	37.03	37.18	927600.00
2006-02-14	37.13	37.91	36.73	37.72	1247100.00
2006-02-15	37.77	38.12	37.39	38.02	1173450.00
2006-02-16	38.24	38.48	38.14	38.35	1165950.00
2006-02-17	38.47	38.50	38.24	38.49	1108500.00
2006-02-21	38.49	38.59	38.21	38.34	1000350.00
2006-02-22	38.39	38.67	38.33	38.33	1456200.00
2006-02-23	38.19	38.30	37.86	38.13	944850.00
2006-02-24	38.31	38.37	38.05	38.24	702450.00
2006-02-27	38.48	38.49	38.08	38.19	605550.00
2006-02-28	38.05	38.08	37.41	37.65	1016250.00
2006-03-01	37.71	38.87	37.71	38.74	1285500.00
2006-03-02	38.53	38.68	38.15	38.45	804600.00
2006-03-03	38.12	39.03	38.09	38.78	1073550.00
2006-03-06	38.86	39.09	37.81	38.14	1402200.00
2006-03-07	38.33	38.71	38.00	38.29	1023750.00
2006-03-08	38.09	38.22	37.74	38.02	804300.00
2006-03-09	38.03	38.19	37.68	37.75	1103550.00
2006-03-10	37.65	38.59	37.65	38.05	1176000.00
2006-03-13	38.36	38.41	37.68	37.83	1008900.00
2006-03-14	37.74	38.86	37.74	38.65	1074000.00
2006-03-15	38.84	39.67	38.82	39.59	1543800.00
2006-03-16	39.72	40.02	39.46	39.64	829050.00
2006-03-17	39.71	40.16	39.70	39.84	1181400.00
2006-03-20	39.83	39.83	39.29	39.32	994500.00
2006-03-21	39.31	39.31	38.67	38.73	1076550.00
2006-03-22	38.74	39.21	38.74	39.13	836250.00
2006-03-23	39.06	39.11	38.43	38.89	1049250.00
2006-03-24	38.96	39.39	38.80	38.84	877950.00
2006-03-27	38.77	38.91	38.62	38.72	813750.00
2006-03-28	38.84	39.54	38.79	38.91	1202700.00
2006-03-29	38.86	39.45	38.78	39.29	882900.00
2006-03-30	39.24	39.61	38.90	38.92	873000.00
2006-03-31	39.01	39.13	38.61	38.82	996150.00
2006-04-03	38.92	39.80	38.89	39.18	841650.00
2006-04-04	39.23	39.72	39.11	39.61	885750.00
2006-04-05	39.71	39.91	39.52	39.67	876300.00
2006-04-06	38.21	38.37	37.23	37.89	3403200.00
2006-04-07	38.09	38.42	37.65	37.76	1816050.00
2006-04-10	37.76	38.11	37.52	38.07	1133100.00
2006-04-11	38.05	38.20	37.77	37.96	1300800.00
2006-04-12	37.96	38.32	37.86	38.23	889200.00
2006-04-13	38.19	38.34	37.94	38.04	803850.00
2006-04-17	38.15	38.57	37.87	38.18	1309950.00
2006-04-18	39.44	40.69	39.04	40.37	3209850.00
2006-04-19	40.45	40.81	40.10	40.63	1611600.00
2006-04-20	40.72	41.13	40.37	40.76	1281750.00
2006-04-21	40.97	40.97	40.28	40.70	1218600.00
2006-04-24	40.62	40.71	40.11	40.31	816000.00
2006-04-25	40.38	40.38	39.39	39.51	1263300.00
2006-04-26	39.62	40.15	39.60	39.95	816750.00
2006-04-27	39.83	39.89	39.26	39.28	1178700.00
2006-04-28	39.21	39.37	38.96	39.03	752550.00
2006-05-01	39.59	39.92	39.39	39.56	1194900.00
2006-05-02	39.88	40.45	39.76	40.15	1447200.00
2006-05-03	40.16	40.70	40.16	40.62	956250.00
2006-05-04	40.78	41.22	40.75	41.10	1063800.00
2006-05-05	41.66	41.89	40.97	41.42	1212750.00
2006-05-08	41.43	41.66	41.01	41.06	972900.00
2006-05-09	41.01	41.43	40.98	41.36	852750.00
2006-05-10	41.24	41.51	40.94	41.06	1011900.00
2006-05-11	41.25	41.71	41.01	41.14	949350.00
2006-05-12	41.07	41.10	39.53	39.59	1578300.00
2006-05-15	39.51	39.90	39.17	39.59	1525200.00
2006-05-16	40.23	40.34	39.84	39.89	1043700.00
2006-05-17	39.47	39.74	38.34	38.61	1388550.00
2006-05-18	38.61	38.80	37.92	37.92	1038600.00
2006-05-19	37.97	38.43	37.72	38.06	1433550.00
2006-05-22	37.78	38.12	37.24	37.66	1079400.00
2006-05-23	38.08	38.47	37.49	37.52	1125900.00
2006-05-24	37.50	37.79	36.62	37.37	986400.00
2006-05-25	37.77	37.93	37.32	37.93	763350.00
2006-05-26	37.97	38.12	37.58	37.91	873300.00
2006-05-30	37.62	37.87	37.08	37.09	959250.00
2006-05-31	37.35	37.77	37.01	37.68	1218750.00
2006-06-01	37.91	38.14	37.48	38.06	1105350.00
2006-06-02	38.27	38.41	37.66	38.08	1090500.00
2006-06-05	37.96	38.15	37.12	37.13	1206750.00
2006-06-06	37.19	37.36	36.15	36.44	2039850.00
2006-06-07	36.48	36.80	36.22	36.26	1497600.00
2006-06-08	36.23	36.41	35.03	35.93	1938150.00
2006-06-09	36.24	36.56	36.02	36.10	1323450.00
2006-06-12	36.32	36.39	35.43	35.54	1330050.00
2006-06-13	35.30	35.56	34.46	34.65	1934550.00
2006-06-14	34.69	34.97	34.36	34.79	1692600.00
2006-06-15	35.24	36.29	35.09	36.18	2522250.00
2006-06-16	35.95	36.38	35.63	35.95	2006400.00
2006-06-19	36.08	36.22	35.75	35.85	1468050.00
2006-06-20	35.88	36.20	35.60	35.83	996300.00
2006-06-21	35.81	36.74	35.81	36.46	1878150.00
2006-06-22	36.11	36.38	35.84	36.27	963300.00
2006-06-23	36.08	36.70	35.87	36.27	724050.00
2006-06-26	36.37	36.69	36.20	36.51	471750.00
2006-06-27	36.49	36.90	36.40	36.52	1683450.00
2006-06-28	36.57	36.72	35.95	36.53	1063050.00
2006-06-29	36.85	37.62	36.84	37.57	997800.00
2006-06-30	37.57	37.57	37.23	37.48	1330800.00
2006-07-03	37.76	37.76	37.38	37.50	587700.00
2006-07-05	37.07	37.19	36.66	36.93	980250.00
2006-07-06	36.82	37.34	36.66	36.83	1035000.00
2006-07-07	37.77	37.77	37.03	37.18	2133750.00
2006-07-10	37.14	37.14	36.61	36.80	1452450.00
2006-07-11	36.71	36.95	36.43	36.79	878100.00
2006-07-12	36.66	36.70	35.98	36.10	871350.00
2006-07-13	35.69	35.78	35.19	35.26	1194300.00
2006-07-14	35.45	35.48	34.74	35.00	1289700.00
2006-07-17	34.77	35.10	34.00	34.15	1743900.00
2006-07-18	34.34	34.70	33.89	34.62	1583100.00
2006-07-19	34.54	36.06	34.54	35.62	2155200.00
2006-07-20	35.62	36.10	34.50	34.56	1220100.00
2006-07-21	34.50	34.55	33.66	33.69	2082150.00
2006-07-24	34.01	34.43	33.86	34.39	2101500.00
2006-07-25	34.43	34.84	34.01	34.65	999600.00
2006-07-26	35.07	35.07	34.18	34.40	1271850.00
2006-07-27	34.51	34.92	34.09	34.18	957150.00
2006-07-28	34.40	34.77	34.15	34.57	1485150.00
2006-07-31	34.80	35.12	34.20	34.89	1834350.00
2006-08-01	35.25	35.47	34.60	34.84	1820100.00
2006-08-02	34.94	35.32	34.64	35.20	1198200.00
2006-08-03	35.08	35.92	35.08	35.76	1484250.00
2006-08-04	36.56	36.77	35.66	35.98	1961850.00
2006-08-07	35.73	36.16	35.53	35.84	1020450.00
2006-08-08	36.15	36.15	34.87	35.01	1499700.00
2006-08-09	35.34	35.51	34.31	34.40	1314000.00
2006-08-10	34.35	34.76	34.22	34.72	1139400.00
2006-08-11	34.48	34.52	33.94	34.27	1042500.00
2006-08-14	34.55	34.76	34.11	34.13	806250.00
2006-08-15	34.45	35.11	34.29	35.11	621900.00
2006-08-16	35.30	36.09	35.03	36.04	1172400.00
2006-08-17	35.90	36.56	35.88	36.36	1351950.00
2006-08-18	36.66	36.82	36.03	36.10	1180050.00
2006-08-21	35.98	36.15	35.78	36.03	822750.00
2006-08-22	36.01	36.63	35.95	36.21	1231950.00
2006-08-23	36.15	36.56	35.95	36.16	551250.00
2006-08-24	36.40	36.40	35.66	35.89	804150.00
2006-08-25	35.69	36.00	35.51	35.94	728850.00
2006-08-28	35.95	36.42	35.93	36.00	960450.00
2006-08-29	36.09	36.29	35.44	35.75	1265400.00
2006-08-30	35.86	36.05	35.44	35.70	1679850.00
2006-08-31	35.84	36.17	35.75	35.89	1291050.00
2006-09-01	36.06	36.69	36.03	36.56	931800.00
2006-09-05	36.54	36.96	36.45	36.95	1539600.00
2006-09-06	36.63	37.01	36.17	36.26	1608900.00
2006-09-07	35.81	36.18	35.70	35.94	1682400.00
2006-09-08	36.06	36.40	35.97	36.30	1056300.00
2006-09-11	36.12	36.18	35.36	35.57	1572900.00
2006-09-12	35.67	36.24	35.64	36.16	1249950.00
2006-09-13	36.20	36.76	36.19	36.60	1397250.00
2006-09-14	36.33	36.79	36.23	36.49	860250.00
2006-09-15	36.83	37.33	36.65	36.83	1723650.00
2006-09-18	36.83	37.24	36.73	37.09	1285800.00
2006-09-19	37.09	37.33	36.88	37.15	1562700.00
2006-09-20	37.45	37.55	37.01	37.50	1079850.00
2006-09-21	37.92	37.92	36.80	36.83	1756800.00
2006-09-22	37.09	37.21	36.41	37.04	1675200.00
2006-09-25	37.03	37.27	36.68	36.94	1341450.00
2006-09-26	37.20	37.50	36.72	37.45	1286100.00
2006-09-27	37.36	38.08	37.36	37.91	1161000.00
2006-09-28	38.01	38.26	37.74	38.08	715800.00
2006-09-29	37.98	38.14	37.61	37.67	858450.00
2006-10-02	37.61	38.03	37.42	37.77	989700.00
2006-10-03	37.66	38.03	37.45	37.66	1111650.00
2006-10-04	37.49	37.94	37.46	37.94	1419300.00
2006-10-05	37.95	38.74	37.84	38.73	1643550.00
2006-10-06	38.65	38.77	38.34	38.69	958950.00
2006-10-09	38.51	38.89	38.35	38.77	516150.00
2006-10-10	38.74	39.41	38.74	38.96	811500.00
2006-10-11	38.77	39.41	38.75	39.37	1509750.00
2006-10-12	39.78	40.10	39.58	39.86	1143000.00
2006-10-13	39.93	40.05	39.73	39.98	1037550.00
2006-10-16	40.10	41.23	40.03	41.22	1961700.00
2006-10-17	41.19	41.22	40.14	40.60	1580400.00
2006-10-18	42.19	42.65	39.50	40.25	5767350.00
2006-10-19	40.22	40.59	39.92	40.54	1348050.00
2006-10-20	39.81	40.08	39.25	39.43	2533800.00
2006-10-23	39.26	40.31	39.26	40.13	1086750.00
2006-10-24	40.13	40.63	40.11	40.60	2034750.00
2006-10-25	40.70	40.80	40.06	40.41	1269450.00
2006-10-26	40.66	40.68	39.94	40.29	1795200.00
2006-10-27	39.96	40.56	39.84	40.00	1591350.00
2006-10-30	40.15	40.26	39.69	39.96	1654800.00
2006-10-31	40.39	40.63	39.88	40.53	2169300.00
2006-11-01	40.89	40.89	40.03	40.12	2184450.00
2006-11-02	39.93	39.93	39.49	39.79	1814250.00
2006-11-03	40.08	40.09	39.22	39.30	1826850.00
2006-11-06	39.06	39.92	38.97	39.69	2198250.00
2006-11-07	39.26	40.99	39.26	40.51	2118750.00
2006-11-08	40.32	41.17	40.22	41.11	2020050.00
2006-11-09	41.09	41.13	40.38	40.43	2310150.00
2006-11-10	40.49	40.98	40.49	40.75	1882650.00
2006-11-13	40.76	41.40	40.58	40.88	1987800.00
2006-11-14	41.15	41.24	40.68	41.11	1665450.00
2006-11-15	41.05	41.44	40.95	41.08	1767900.00
2006-11-16	41.19	41.32	40.63	40.77	2845500.00
2006-11-17	40.67	40.96	40.49	40.78	1208700.00
2006-11-20	40.69	41.00	40.62	40.79	1328550.00
2006-11-21	40.74	41.50	40.73	41.28	1816950.00
2006-11-22	41.32	41.56	40.90	41.02	782100.00
2006-11-24	40.64	41.27	40.64	41.08	345300.00
2006-11-27	41.20	41.20	40.12	40.24	1519800.00
2006-11-28	39.93	40.10	39.66	39.88	1627050.00
2006-11-29	40.07	40.88	40.07	40.42	1443900.00
2006-11-30	40.49	40.80	40.02	40.58	1482900.00
2006-12-01	40.51	40.72	39.45	39.88	1706700.00
2006-12-04	39.90	40.77	39.90	40.71	1626450.00
2006-12-05	40.91	41.01	40.44	40.67	1284900.00
2006-12-06	40.73	40.92	40.34	40.46	1812900.00
2006-12-07	40.45	40.93	40.11	40.26	1397250.00
2006-12-08	40.33	41.27	40.28	40.77	1670700.00
2006-12-11	39.55	40.34	39.23	39.38	2405700.00
2006-12-12	39.38	39.47	38.71	39.38	2637150.00
2006-12-13	39.45	39.59	39.13	39.24	1149750.00
2006-12-14	39.19	39.65	39.05	39.38	1068000.00
2006-12-15	39.51	39.51	38.31	38.40	1935300.00
2006-12-18	38.43	38.79	38.43	38.54	1408350.00
2006-12-19	38.23	38.86	38.18	38.80	1266450.00
2006-12-20	38.71	38.80	38.26	38.27	1054800.00
2006-12-21	38.39	38.53	37.75	37.80	1792050.00
2006-12-22	37.84	38.01	37.42	37.42	1028550.00
2006-12-26	37.30	37.64	37.30	37.60	682650.00
2006-12-27	37.82	37.86	37.56	37.58	1063050.00
2006-12-28	37.45	37.91	37.44	37.51	1308900.00
2006-12-29	37.44	37.74	37.32	37.37	1007250.00
2007-01-03	37.54	37.85	37.07	37.34	1495650.00
2007-01-04	37.19	37.26	36.79	37.04	1411350.00
2007-01-05	37.48	37.73	37.05	37.13	2350500.00
2007-01-08	37.03	37.42	36.76	37.34	1453950.00
2007-01-09	37.24	37.63	36.96	37.53	1530900.00
2007-01-10	37.26	37.56	37.12	37.55	1334400.00
2007-01-11	37.66	37.87	37.47	37.82	1659300.00
2007-01-12	37.72	38.19	37.62	37.97	1027350.00
2007-01-16	37.97	38.20	37.72	38.10	2557650.00
2007-01-17	39.79	41.15	39.43	39.54	7300050.00
2007-01-18	38.71	39.59	38.57	39.36	3260100.00
2007-01-19	39.35	39.84	39.13	39.79	1959150.00
2007-01-22	39.97	39.97	39.11	39.38	2363550.00
2007-01-23	39.52	40.35	39.52	40.31	1750950.00
2007-01-24	40.44	40.44	39.83	40.13	1798800.00
2007-01-25	40.01	40.24	39.60	39.66	1405350.00
2007-01-26	39.93	40.19	39.45	39.68	1647150.00
2007-01-29	39.54	39.86	39.48	39.69	1287000.00
2007-01-30	39.72	39.96	39.56	39.70	1490100.00
2007-01-31	39.55	40.23	39.48	40.23	1167450.00
2007-02-01	40.57	41.37	40.31	41.17	1984200.00
2007-02-02	41.12	41.56	40.99	41.45	1771050.00
2007-02-05	41.25	41.62	40.98	41.50	2465250.00
2007-02-06	41.08	41.20	40.45	40.80	2016900.00
2007-02-07	40.98	41.34	40.88	41.23	1322700.00
2007-02-08	41.05	41.16	40.66	40.92	1111800.00
2007-02-09	41.01	41.30	40.32	40.50	1042800.00
2007-02-12	40.54	40.79	40.23	40.41	1035300.00
2007-02-13	40.52	40.81	40.38	40.52	1198350.00
2007-02-14	40.71	41.36	40.69	41.36	986100.00
2007-02-15	41.29	41.75	41.26	41.70	1249050.00
2007-02-16	41.56	41.77	41.46	41.72	1140900.00
2007-02-20	41.79	42.24	41.47	42.20	1346850.00
2007-02-21	41.97	42.26	41.81	42.21	977550.00
2007-02-22	42.40	42.43	42.01	42.18	1215300.00
2007-02-23	42.06	43.01	42.04	42.81	1816050.00
2007-02-26	42.93	42.99	42.24	42.30	1352100.00
2007-02-27	41.69	41.69	39.89	40.18	1858200.00
2007-02-28	40.18	40.70	39.93	40.17	1814700.00
2007-03-01	39.53	40.48	39.18	40.42	1830450.00
2007-03-02	40.18	40.54	39.98	40.24	1759500.00
2007-03-05	39.89	40.45	39.87	39.90	1532700.00
2007-03-06	40.15	40.64	39.82	40.45	1470900.00
2007-03-07	40.32	40.66	40.20	40.34	1133850.00
2007-03-08	40.62	40.82	40.39	40.46	1249350.00
2007-03-09	40.65	41.39	40.65	41.00	1721550.00
2007-03-12	40.96	41.07	40.63	40.78	1249050.00
2007-03-13	40.45	40.65	39.91	39.99	1663650.00
2007-03-14	40.15	40.36	39.57	40.17	1561350.00
2007-03-15	40.07	40.20	39.88	40.13	1389750.00
2007-03-16	40.20	40.50	39.92	40.19	1203450.00
2007-03-19	40.52	40.90	40.47	40.81	717600.00
2007-03-20	40.81	41.68	40.81	41.49	1434000.00
2007-03-21	41.53	42.38	41.45	42.26	1411350.00
2007-03-22	42.24	42.43	41.96	42.20	1241100.00
2007-03-23	42.13	42.49	42.12	42.35	1052100.00
2007-03-26	42.23	42.29	41.83	42.03	1293450.00
2007-03-27	41.98	42.14	41.55	42.00	1714950.00
2007-03-28	42.14	42.32	41.70	41.81	1080000.00
2007-03-29	42.21	42.37	41.71	41.86	1062300.00
2007-03-30	41.87	42.62	41.87	42.09	1261350.00
2007-04-02	42.08	42.28	41.71	42.14	964950.00
2007-04-03	42.13	42.78	42.13	42.78	1020450.00
2007-04-04	42.72	43.23	42.61	42.96	1570050.00
2007-04-05	42.71	42.88	42.39	42.73	1011600.00
2007-04-09	42.85	43.09	42.55	42.74	1012950.00
2007-04-10	42.78	42.92	42.47	42.68	1444050.00
2007-04-11	42.61	42.80	42.33	42.79	1261200.00
2007-04-12	42.58	43.01	42.50	42.91	2220450.00
2007-04-13	43.04	43.06	42.61	42.83	1168350.00
2007-04-16	43.07	43.69	43.03	43.69	1163400.00
2007-04-17	43.63	44.02	43.44	43.90	1168050.00
2007-04-18	43.69	43.90	43.40	43.76	856800.00
2007-04-19	43.88	43.88	43.30	43.46	765000.00
2007-04-20	43.88	44.08	43.72	43.92	1125900.00
2007-04-23	44.31	45.04	44.16	44.69	1419900.00
2007-04-24	45.74	45.84	43.94	43.94	2301450.00
2007-04-25	44.12	44.47	43.64	43.86	2657250.00
2007-04-26	43.50	44.24	43.50	44.17	1911450.00
2007-04-27	44.17	45.20	44.14	45.08	1497900.00
2007-04-30	45.12	45.63	44.93	44.93	1959150.00
2007-05-01	45.09	45.54	44.73	45.53	1557450.00
2007-05-02	45.68	46.52	45.55	46.19	1518900.00
2007-05-03	46.42	46.60	46.18	46.48	1006200.00
2007-05-04	46.79	46.79	46.08	46.29	1347300.00
2007-05-07	46.39	46.65	46.17	46.39	724500.00
2007-05-08	46.17	46.24	45.69	46.08	1175400.00
2007-05-09	45.97	47.12	45.84	47.12	1763700.00
2007-05-10	46.88	46.88	46.04	46.07	1159800.00
2007-05-11	46.39	46.67	46.30	46.64	1162200.00
2007-05-14	46.49	46.72	46.25	46.59	1578750.00
2007-05-15	46.94	47.31	46.45	46.80	1410900.00
2007-05-16	47.09	47.09	46.15	46.65	1275600.00
2007-05-17	46.48	46.80	46.27	46.64	1248900.00
2007-05-18	46.68	47.34	46.44	47.34	1706550.00
2007-05-21	47.17	47.68	47.00	47.26	1510200.00
2007-05-22	47.37	47.69	47.32	47.69	1074450.00
2007-05-23	47.69	47.95	47.45	47.50	1245450.00
2007-05-24	47.61	48.48	47.29	47.37	1503750.00
2007-05-25	47.23	48.24	47.23	48.17	1170900.00
2007-05-29	48.37	48.96	48.35	48.96	1765800.00
2007-05-30	48.60	49.39	48.47	49.36	1176150.00
2007-05-31	49.44	49.72	49.20	49.56	1582800.00
2007-06-01	49.56	50.24	49.56	50.16	1286100.00
2007-06-04	50.57	50.57	49.61	50.08	835950.00
2007-06-05	50.05	50.41	49.62	49.98	1104600.00
2007-06-06	48.90	49.31	48.18	48.37	2311800.00
2007-06-07	48.37	48.37	46.85	46.92	2919900.00
2007-06-08	46.87	47.56	46.80	47.56	1349400.00
2007-06-11	47.41	48.06	47.24	47.87	1182000.00
2007-06-12	47.59	48.10	47.19	47.74	1438650.00
2007-06-13	47.95	48.76	47.79	48.76	1238550.00
2007-06-14	48.82	49.26	48.68	48.86	1036200.00
2007-06-15	49.03	49.35	48.79	48.93	1811850.00
2007-06-18	48.95	49.15	48.80	49.01	903300.00
2007-06-19	49.02	49.55	48.55	49.50	1110300.00
2007-06-20	49.50	50.28	49.14	49.14	1245450.00
2007-06-21	49.14	49.18	48.60	49.00	1126050.00
2007-06-22	48.62	49.00	48.26	48.51	1736550.00
2007-06-25	48.35	48.78	48.00	48.18	1048200.00
2007-06-26	48.41	48.42	47.60	47.91	1313250.00
2007-06-27	47.53	47.81	47.03	47.58	2037000.00
2007-06-28	47.46	48.22	47.37	47.78	837750.00
2007-06-29	47.90	48.58	47.56	47.88	1156200.00
2007-07-02	48.11	48.92	48.02	48.73	977550.00
2007-07-03	48.92	49.07	48.44	48.57	411450.00
2007-07-05	48.38	48.48	48.08	48.48	864600.00
2007-07-06	48.70	48.87	48.14	48.74	416400.00
2007-07-09	48.77	49.39	48.69	49.21	857700.00
2007-07-10	49.21	49.36	48.67	48.67	1314150.00
2007-07-11	48.64	49.31	48.37	49.31	1349700.00
2007-07-12	49.27	50.93	49.27	50.93	1374750.00
2007-07-13	50.93	51.46	50.30	51.20	1452750.00
2007-07-16	51.39	51.46	50.54	51.31	1104450.00
2007-07-17	51.42	52.06	51.28	51.77	1906650.00
2007-07-18	52.02	52.33	51.24	51.86	1672950.00
2007-07-19	52.15	52.60	52.09	52.27	1207200.00
2007-07-20	51.53	51.59	49.96	50.34	2048100.00
2007-07-23	50.61	51.26	50.56	51.06	1427850.00
2007-07-24	51.18	51.36	50.13	50.24	1450350.00
2007-07-25	50.36	50.55	49.05	49.67	1652700.00
2007-07-26	50.04	50.04	48.30	48.94	2352750.00
2007-07-27	48.65	49.53	48.19	48.23	2027250.00
2007-07-30	48.26	49.26	47.97	49.03	1484550.00
2007-07-31	48.76	49.78	48.25	48.25	1648350.00
2007-08-01	48.26	48.96	47.25	48.70	2714700.00
2007-08-02	49.17	49.81	48.86	49.53	1843350.00
2007-08-03	49.75	49.88	48.65	48.65	2371650.00
2007-08-06	49.07	49.62	48.43	49.60	1747050.00
2007-08-07	49.34	49.36	47.83	48.62	2262750.00
2007-08-08	48.90	48.90	45.90	47.04	2820600.00
2007-08-09	45.47	46.26	43.77	45.35	3888300.00
2007-08-10	45.73	46.94	44.31	46.73	3757200.00
2007-08-13	46.81	48.92	46.48	46.54	2142900.00
2007-08-14	46.70	46.75	45.42	45.42	2203800.00
2007-08-15	45.37	46.12	44.63	44.69	1521450.00
2007-08-16	44.59	45.07	42.68	44.24	2173350.00
2007-08-17	48.18	48.18	43.14	46.58	2547300.00
2007-08-20	46.78	48.11	46.49	47.64	1268400.00
2007-08-21	47.55	48.28	47.10	48.01	1047900.00
2007-08-22	48.38	50.85	48.38	50.61	2817600.00
2007-08-23	50.97	51.45	49.72	50.07	2519250.00
2007-08-24	50.25	51.58	50.14	51.58	2007150.00
2007-08-27	51.55	53.32	51.40	52.27	1982250.00
2007-08-28	51.87	52.03	50.10	50.19	2532450.00
2007-08-29	50.62	51.94	50.49	51.94	1233450.00
2007-08-30	51.38	52.29	51.02	51.54	2056950.00
2007-08-31	52.06	52.94	51.95	52.71	1432350.00
2007-09-04	52.59	53.95	52.36	53.69	1553700.00
2007-09-05	53.20	53.67	52.88	53.47	2139300.00
2007-09-06	53.47	54.17	53.19	53.97	2086050.00
2007-09-07	52.97	52.97	51.53	51.65	2453400.00
2007-09-10	51.87	52.35	50.57	51.00	2860350.00
2007-09-11	51.17	51.65	50.68	51.23	2546400.00
2007-09-12	50.91	51.04	50.25	50.59	2370150.00
2007-09-13	50.84	51.67	50.51	51.35	1657950.00
2007-09-14	50.95	52.63	50.70	52.57	2107500.00
2007-09-17	52.48	53.88	52.35	53.57	1914600.00
2007-09-18	53.63	56.50	53.41	56.50	2927550.00
2007-09-19	56.89	57.70	56.46	56.46	2884050.00
2007-09-20	56.74	56.95	56.12	56.38	2263950.00
2007-09-21	56.92	57.00	55.76	55.89	2346900.00
2007-09-24	54.93	55.64	53.84	54.10	2489100.00
2007-09-25	53.85	54.53	53.53	54.15	2261550.00
2007-09-26	54.61	55.44	54.49	55.16	1712100.00
2007-09-27	55.63	55.95	54.94	55.15	1512750.00
2007-09-28	54.96	55.91	54.54	54.85	1392900.00
2007-10-01	54.85	56.47	54.27	56.03	1748550.00
2007-10-02	55.97	56.14	54.11	54.53	1529700.00
2007-10-03	53.71	53.71	52.35	52.64	2842200.00
2007-10-04	52.99	53.24	52.65	53.01	1574600.00
2007-10-05	53.23	54.47	53.23	54.10	1208900.00
2007-10-08	54.11	55.05	54.11	54.86	1233300.00
2007-10-09	55.41	55.41	54.32	55.10	976700.00
2007-10-10	55.19	55.37	54.57	55.30	938700.00
2007-10-11	55.72	56.67	55.30	55.97	2117600.00
2007-10-12	56.30	56.99	55.51	56.69	1793300.00
2007-10-15	56.21	56.21	54.07	54.90	1897000.00
2007-10-16	55.01	55.34	54.01	54.47	1692200.00
2007-10-17	55.24	56.13	54.19	55.31	1962100.00
2007-10-18	56.36	57.19	55.36	55.74	2631100.00
2007-10-19	55.59	56.39	54.79	54.79	1891400.00
2007-10-22	54.07	56.58	54.07	56.42	2546800.00
2007-10-23	56.94	57.47	56.33	57.19	1368900.00
2007-10-24	57.02	58.04	56.51	57.83	1793600.00
2007-10-25	57.07	58.07	56.28	57.38	1892600.00
2007-10-26	57.90	58.39	57.49	57.77	1312700.00
2007-10-29	58.00	58.78	57.94	58.43	1240800.00
2007-10-30	58.39	58.96	57.75	58.57	1405000.00
2007-10-31	58.85	59.56	57.86	59.13	2297900.00
2007-11-01	58.38	58.63	57.44	57.58	1940600.00
2007-11-02	57.84	58.30	57.14	58.11	1757600.00
2007-11-05	57.89	60.13	57.39	59.76	2313400.00
2007-11-06	59.72	62.19	59.60	62.06	2876600.00
2007-11-07	61.70	62.67	61.13	61.37	2890400.00
2007-11-08	61.42	63.68	61.06	63.38	3910500.00
2007-11-09	62.42	63.11	60.47	61.00	2607200.00
2007-11-12	60.50	61.34	58.41	58.60	2378400.00
2007-11-13	59.49	60.11	58.75	60.11	1623300.00
2007-11-14	60.86	61.34	59.73	60.10	1756800.00
2007-11-15	59.74	60.04	59.01	59.37	1566500.00
2007-11-16	58.29	59.22	56.96	57.81	2535800.00
2007-11-19	57.56	57.82	57.14	57.43	4234600.00
2007-11-20	57.64	59.14	56.98	58.27	2817500.00
2007-11-21	57.67	58.10	55.91	56.01	3134900.00
2007-11-23	56.50	57.07	55.39	56.42	773000.00
2007-11-26	56.53	57.24	55.36	55.47	1453300.00
2007-11-27	55.87	56.25	54.93	56.24	2125500.00
2007-11-28	56.78	58.09	56.65	58.09	1710900.00
2007-11-29	57.85	59.00	57.65	58.64	1784400.00
2007-11-30	59.46	59.86	57.82	58.59	1761900.00
2007-12-03	58.64	59.32	57.72	58.11	1414800.00
2007-12-04	57.65	59.71	57.65	58.69	1078500.00
2007-12-05	59.12	59.99	59.00	59.85	1097300.00
2007-12-06	59.82	60.67	59.43	60.67	1215600.00
2007-12-07	60.88	60.90	59.63	60.16	1239000.00
2007-12-10	60.20	60.76	60.07	60.49	1591300.00
2007-12-11	60.69	61.12	58.06	58.12	2097800.00
2007-12-12	59.54	60.76	57.35	58.09	2155100.00
2007-12-13	57.69	57.94	56.74	57.80	2253600.00
2007-12-14	57.22	58.60	56.18	56.56	1970600.00
2007-12-17	56.21	57.18	55.21	55.37	1909100.00
2007-12-18	55.57	56.05	53.70	54.62	1656300.00
2007-12-19	55.01	55.11	53.68	54.39	1810000.00
2007-12-20	54.90	55.04	54.00	54.87	1034400.00
2007-12-21	55.49	56.14	54.73	55.73	2437400.00
2007-12-24	56.28	56.56	55.69	56.49	447000.00
2007-12-26	56.41	56.92	55.88	56.80	599800.00
2007-12-27	56.56	56.61	55.34	55.52	710300.00
2007-12-28	56.06	56.34	55.57	56.18	700700.00
2007-12-31	56.11	56.29	55.25	55.55	670800.00
2008-01-02	55.41	56.08	52.52	52.58	2120300.00
2008-01-03	52.86	53.75	52.77	52.99	2001600.00
2008-01-04	52.59	53.18	51.70	51.80	2139400.00
2008-01-07	52.01	52.74	49.70	50.07	3808200.00
2008-01-08	50.23	51.61	48.64	48.69	2996100.00
2008-01-09	49.12	49.13	46.92	49.13	4069800.00
2008-01-10	47.35	49.17	46.89	48.45	3015800.00
2008-01-11	48.10	48.69	47.21	47.56	1956200.00
2008-01-14	48.04	49.82	48.04	49.64	3187700.00
2008-01-15	49.13	49.35	48.17	48.76	2502800.00
2008-01-16	48.52	49.62	47.24	48.59	3473000.00
2008-01-17	50.25	50.37	45.05	45.08	4071900.00
2008-01-18	46.15	47.19	45.19	45.56	3735300.00
2008-01-22	43.45	46.53	43.33	45.98	2876700.00
2008-01-23	44.69	46.13	42.86	46.07	3157300.00
2008-01-24	45.90	46.36	45.37	46.04	2091200.00
2008-01-25	47.03	47.61	46.19	47.23	2439900.00
2008-01-28	47.36	47.56	46.14	47.21	1443600.00
2008-01-29	47.60	48.04	47.17	47.85	1190500.00
2008-01-30	47.74	49.39	47.53	48.43	2055600.00
2008-01-31	47.87	50.16	47.37	49.87	1899600.00
2008-02-01	49.87	51.08	49.79	50.82	1619700.00
2008-02-04	51.13	51.13	49.70	50.15	1423800.00
2008-02-05	49.36	49.36	48.43	48.80	1931500.00
2008-02-06	49.13	49.56	48.39	48.46	1626300.00
2008-02-07	48.10	48.65	47.42	48.01	1563700.00
2008-02-08	47.67	48.57	47.49	47.92	1328300.00
2008-02-11	47.81	48.03	46.70	47.60	1688200.00
2008-02-12	47.99	48.70	47.61	48.07	1193200.00
2008-02-13	48.89	50.29	48.50	50.18	1947800.00
2008-02-14	49.92	50.20	48.59	48.80	1949800.00
2008-02-15	48.67	48.67	47.71	48.59	1730800.00
2008-02-19	49.44	50.21	48.71	48.96	1011900.00
2008-02-20	48.43	49.40	47.86	49.31	1220800.00
2008-02-21	49.40	50.08	47.74	47.85	1947300.00
2008-02-22	48.09	48.29	46.67	48.03	2239400.00
2008-02-25	47.97	48.97	47.77	48.74	1723200.00
2008-02-26	48.58	49.21	48.24	48.91	1213300.00
2008-02-27	48.69	49.95	48.65	49.69	2195000.00
2008-02-28	49.43	50.21	49.03	49.35	1776600.00
2008-02-29	48.86	49.00	47.63	47.83	1776300.00
2008-03-03	47.82	48.17	47.35	47.91	1215600.00
2008-03-04	47.37	47.88	47.03	47.64	1670200.00
2008-03-05	47.45	48.28	47.36	47.97	1739900.00
2008-03-06	47.63	47.82	46.44	46.47	1118400.00
2008-03-07	46.19	47.11	45.85	46.17	1974100.00
2008-03-10	46.12	46.12	44.88	44.91	2052500.00
2008-03-11	45.83	47.15	45.64	47.04	2131300.00
2008-03-12	47.23	47.69	46.82	46.91	1228500.00
2008-03-13	46.37	48.00	45.96	47.73	1212800.00
2008-03-14	47.87	48.42	45.80	46.53	1702000.00
2008-03-17	45.47	46.82	45.47	46.17	1679200.00
2008-03-18	47.14	48.62	46.78	48.59	2339000.00
2008-03-19	49.14	49.41	47.78	47.78	1981500.00
2008-03-20	47.93	48.32	47.09	48.20	1491800.00
2008-03-24	48.34	50.13	48.30	49.77	1340700.00
2008-03-25	49.96	51.20	49.51	50.94	1992100.00
2008-03-26	50.57	50.65	49.77	50.41	1297900.00
2008-03-27	50.85	50.85	49.28	49.28	1376300.00
2008-03-28	49.66	50.55	49.31	50.00	1406200.00
2008-03-31	49.88	51.50	49.84	51.26	1894200.00
2008-04-01	51.79	54.12	51.73	54.12	2265900.00
2008-04-02	54.07	54.49	53.47	53.71	1836500.00
2008-04-03	52.98	53.50	52.59	52.81	1975500.00
2008-04-04	52.91	54.84	52.91	54.55	2363500.00
2008-04-07	54.69	54.69	53.35	53.49	1599600.00
2008-04-08	53.21	53.62	52.85	53.52	1024900.00
2008-04-09	53.64	53.64	52.61	53.18	1553900.00
2008-04-10	53.50	54.38	52.79	54.30	1906800.00
2008-04-11	53.65	53.90	52.87	53.07	1340700.00
2008-04-14	53.30	54.02	52.64	53.28	1653000.00
2008-04-15	53.51	54.24	52.91	53.93	1537900.00
2008-04-16	54.34	55.67	54.34	55.52	1383000.00
2008-04-17	55.43	55.63	54.35	54.99	1300300.00
2008-04-18	55.72	56.57	55.42	56.48	1143100.00
2008-04-21	55.92	57.26	55.74	56.96	1219800.00
2008-04-22	59.02	61.72	59.02	59.99	4301600.00
2008-04-23	60.39	60.53	58.19	58.81	2461900.00
2008-04-24	59.22	59.30	57.86	58.62	1841800.00
2008-04-25	58.90	59.13	57.89	58.79	1117000.00
2008-04-28	58.63	59.16	58.37	58.64	1459500.00
2008-04-29	58.35	59.49	58.19	58.36	1341700.00
2008-04-30	59.21	59.80	58.46	59.09	2525200.00
2008-05-01	59.70	60.33	58.74	60.13	1469100.00
2008-05-02	60.78	60.99	59.73	60.67	1814100.00
2008-05-05	60.79	60.83	60.19	60.60	984100.00
2008-05-06	60.49	60.53	59.27	60.13	1555600.00
2008-05-07	59.94	60.87	59.45	59.53	1530100.00
2008-05-08	59.99	61.67	59.65	61.47	1497700.00
2008-05-09	60.67	62.16	60.67	61.86	1383200.00
2008-05-12	62.09	62.72	61.40	62.69	725700.00
2008-05-13	63.13	63.96	62.11	63.57	1517200.00
2008-05-14	63.26	64.47	63.26	63.40	1467800.00
2008-05-15	63.40	63.43	62.40	63.13	1476000.00
2008-05-16	63.02	63.35	62.34	63.06	1447100.00
2008-05-19	63.35	64.17	62.94	63.38	1203800.00
2008-05-20	63.21	63.23	62.19	62.46	1519300.00
2008-05-21	62.80	63.49	61.28	61.54	1429300.00
2008-05-22	61.77	61.77	60.48	60.62	1587500.00
2008-05-23	60.47	60.47	59.12	59.77	1368500.00
2008-05-27	59.91	60.74	59.21	60.56	1701700.00
2008-05-28	61.01	61.51	60.33	61.45	1493000.00
2008-05-29	61.38	62.43	60.42	61.91	1340500.00
2008-05-30	62.24	63.12	61.77	62.81	1519500.00
2008-06-02	62.69	62.88	61.17	61.64	1595300.00
2008-06-03	61.98	62.10	60.55	61.22	1965700.00
2008-06-04	60.92	61.10	60.26	60.79	1987100.00
2008-06-05	59.66	59.66	58.15	59.18	3643400.00
2008-06-06	58.98	59.80	57.88	57.99	2359900.00
2008-06-09	58.12	58.61	57.31	57.63	2314400.00
2008-06-10	57.33	57.60	56.86	57.09	1676300.00
2008-06-11	56.93	56.94	55.31	55.50	2485000.00
2008-06-12	55.67	57.76	55.67	56.75	2014800.00
2008-06-13	57.24	59.32	57.24	58.36	2654300.00
2008-06-16	58.34	58.34	56.99	57.71	1500600.00
2008-06-17	57.66	58.10	57.04	57.08	1149600.00
2008-06-18	56.82	56.82	56.04	56.60	1665300.00
2008-06-19	56.60	58.52	56.34	58.27	2072600.00
2008-06-20	58.12	58.15	56.17	56.37	1920200.00
2008-06-23	56.57	56.76	55.61	55.87	1956800.00
2008-06-24	55.77	55.77	54.71	55.05	2193900.00
2008-06-25	55.34	55.34	52.87	53.85	3727000.00
2008-06-26	53.32	53.35	51.53	51.97	3076400.00
2008-06-27	51.92	53.06	51.68	52.63	4892500.00
2008-06-30	52.62	53.24	52.17	52.91	2391200.00
2008-07-01	51.93	53.75	51.93	53.61	4184500.00
2008-07-02	53.61	53.61	51.94	52.11	3458700.00
2008-07-03	52.43	52.77	51.28	52.32	1545300.00
2008-07-07	52.44	53.52	51.44	52.30	2362400.00
2008-07-08	51.97	53.93	51.26	53.66	3486400.00
2008-07-09	53.81	53.91	51.93	51.95	2349900.00
2008-07-10	51.97	52.62	49.29	51.22	3316500.00
2008-07-11	50.73	52.11	50.19	51.16	1868500.00
2008-07-14	51.88	51.88	50.48	51.11	1429200.00
2008-07-15	48.58	50.06	47.03	49.53	3581600.00
2008-07-16	49.69	50.75	48.61	50.60	4358100.00
2008-07-17	50.79	50.79	49.36	50.22	3217800.00
2008-07-18	50.48	50.56	49.24	49.61	2352800.00
2008-07-21	49.91	50.77	49.62	50.76	2188400.00
2008-07-22	50.48	51.14	50.42	51.08	1823600.00
2008-07-23	51.17	51.34	50.35	51.00	2073600.00
2008-07-24	51.12	51.30	48.56	48.68	2357100.00
2008-07-25	48.96	49.98	48.72	49.84	2367700.00
2008-07-28	49.78	49.94	49.01	49.42	2099300.00
2008-07-29	49.25	49.74	48.64	49.30	2850700.00
2008-07-30	49.74	50.48	49.35	50.48	3318400.00
2008-07-31	47.55	47.78	45.45	45.76	6015400.00
2008-08-01	46.11	46.35	44.73	44.93	3493400.00
2008-08-04	46.55	46.69	45.60	45.85	4023200.00
2008-08-05	47.19	47.19	46.05	46.47	4517100.00
2008-08-06	46.37	46.51	45.49	45.50	4892400.00
2008-08-07	45.18	46.25	44.38	45.56	4623200.00
2008-08-08	45.26	46.94	45.19	46.76	2478800.00
2008-08-11	46.42	48.01	46.38	47.48	2361700.00
2008-08-12	47.65	47.93	47.06	47.46	2133400.00
2008-08-13	47.29	48.77	47.03	48.47	2713400.00
2008-08-14	48.01	48.90	47.50	48.44	2034700.00
2008-08-15	49.64	49.70	47.98	48.40	1515900.00
2008-08-18	48.36	48.63	46.89	47.33	2182700.00
2008-08-19	47.23	47.23	45.71	46.04	1964500.00
2008-08-20	46.27	46.28	45.33	46.08	1730600.00
2008-08-21	45.54	45.95	45.07	45.85	1715200.00
2008-08-22	45.98	46.96	45.93	46.94	1243300.00
2008-08-25	46.75	46.77	45.70	46.15	1114200.00
2008-08-26	46.21	46.26	45.61	46.15	1401500.00
2008-08-27	46.13	47.34	45.73	46.94	1343100.00
2008-08-28	47.13	48.77	46.94	48.42	1191000.00
2008-08-29	48.34	48.74	47.72	47.72	1356700.00
2008-09-02	48.39	48.86	47.71	48.04	2449300.00
2008-09-03	48.04	48.04	46.70	46.93	1634400.00
2008-09-04	46.95	47.23	43.86	44.58	3106100.00
2008-09-05	45.01	45.26	43.28	44.97	2172800.00
2008-09-08	45.94	46.93	45.14	45.82	2548900.00
2008-09-09	46.34	46.34	42.33	42.58	2699900.00
2008-09-10	42.88	45.09	42.76	44.58	2814900.00
2008-09-11	44.16	45.49	43.66	45.41	2503300.00
2008-09-12	44.62	45.82	44.36	45.62	1230800.00
2008-09-15	43.95	44.77	42.85	42.93	2700700.00
2008-09-16	42.16	44.01	41.23	43.79	2480300.00
2008-09-17	42.90	43.08	41.03	41.03	1795600.00
2008-09-18	41.51	42.19	36.90	42.18	3989400.00
2008-09-19	44.97	45.39	40.25	44.18	4093000.00
2008-09-22	44.19	44.24	41.23	41.36	1397900.00
2008-09-23	41.16	41.93	39.99	40.10	1435400.00
2008-09-24	40.13	40.66	39.39	39.73	1739600.00
2008-09-25	39.62	40.68	39.62	40.12	1507000.00
2008-09-26	39.48	40.21	38.73	39.66	1702800.00
2008-09-29	38.91	39.46	36.25	37.26	1768300.00
2008-09-30	37.80	39.54	37.70	39.48	1938900.00
2008-10-01	38.74	39.12	37.82	38.05	2011100.00
2008-10-02	37.69	37.92	36.15	36.20	2650500.00
2008-10-03	37.12	38.31	35.20	35.26	2446700.00
2008-10-06	34.96	34.96	31.60	33.52	2469700.00
2008-10-07	34.20	34.55	31.19	31.69	2042500.00
2008-10-08	30.87	32.80	29.88	31.13	2650700.00
2008-10-09	30.99	31.83	28.01	28.42	2753400.00
2008-10-10	27.57	31.63	26.23	29.93	4032600.00
2008-10-13	31.59	34.30	30.02	34.02	2512000.00
2008-10-14	35.45	36.77	31.38	32.81	2491900.00
2008-10-15	33.21	33.21	29.20	29.20	1972800.00
2008-10-16	28.21	32.40	27.75	31.86	3783000.00
2008-10-17	30.83	32.50	29.72	30.94	2950400.00
2008-10-20	31.67	32.07	30.49	31.45	2213800.00
2008-10-21	30.92	32.00	29.42	29.59	2656500.00
2008-10-22	29.34	29.62	27.06	28.26	2541900.00
2008-10-23	28.38	29.35	26.96	28.59	2577600.00
2008-10-24	26.43	28.54	26.43	27.50	1790000.00
2008-10-27	26.06	27.93	25.70	25.76	2161000.00
2008-10-28	26.87	27.78	24.49	27.74	2868200.00
2008-10-29	27.69	28.71	26.61	27.05	2191600.00
2008-10-30	27.81	28.68	27.09	28.17	1991400.00
2008-10-31	28.51	29.91	27.78	28.88	1911200.00
2008-11-03	28.83	29.61	28.60	29.17	1191200.00
2008-11-04	29.96	30.61	29.01	30.55	1358700.00
2008-11-05	30.11	30.70	28.44	28.59	1409700.00
2008-11-06	28.21	28.67	26.83	26.99	1264800.00
2008-11-07	27.42	27.83	26.51	27.52	1576000.00
2008-11-10	28.71	28.88	27.13	27.55	1038700.00
2008-11-11	27.08	28.22	26.30	27.27	1648200.00
2008-11-12	26.46	27.09	25.67	25.82	1574800.00
2008-11-13	26.10	28.45	24.87	28.35	1691000.00
2008-11-14	27.75	28.58	26.67	26.78	1341700.00
2008-11-17	26.38	27.08	25.87	25.97	1320700.00
2008-11-18	26.15	26.90	25.64	26.69	2147000.00
2008-11-19	26.62	27.11	25.32	25.36	1612500.00
2008-11-20	25.07	26.38	23.68	23.87	1813800.00
2008-11-21	24.41	25.84	23.47	25.84	1719000.00
2008-11-24	25.85	29.03	25.85	28.36	2004600.00
2008-11-25	28.88	30.06	28.25	29.84	2248200.00
2008-11-26	28.64	30.59	28.25	30.47	1475700.00
2008-11-28	29.80	30.85	29.80	30.82	816200.00
2008-12-01	29.94	29.94	28.01	28.01	1576200.00
2008-12-02	28.15	28.58	27.34	28.18	2277500.00
2008-12-03	27.36	28.48	26.66	27.93	1960600.00
2008-12-04	27.68	28.60	27.00	28.13	3083000.00
2008-12-05	27.47	28.79	26.33	28.64	1838200.00
2008-12-08	29.46	29.92	28.46	29.25	1770200.00
2008-12-09	28.52	29.24	27.50	28.05	2802600.00
2008-12-10	28.69	29.00	27.81	28.61	2389100.00
2008-12-11	28.32	29.30	27.38	27.71	1985400.00
2008-12-12	26.99	28.07	26.40	27.78	1925000.00
2008-12-15	27.95	28.31	27.03	27.50	1460600.00
2008-12-16	27.35	28.78	26.93	28.78	1696900.00
2008-12-17	28.51	29.11	27.84	28.72	1503300.00
2008-12-18	28.91	28.97	27.62	27.93	1188300.00
2008-12-19	28.17	29.19	28.03	28.30	2289000.00
2008-12-22	28.37	28.37	27.63	28.25	1836600.00
2008-12-23	28.88	29.45	28.68	29.16	2475700.00
2008-12-24	29.06	29.94	29.05	29.36	966100.00
2008-12-26	29.53	29.98	29.35	29.86	609000.00
2008-12-29	29.78	29.90	29.39	29.81	1297200.00
2008-12-30	30.01	31.41	29.94	31.40	1347500.00
2008-12-31	31.37	32.26	31.28	31.91	1402200.00
2009-01-02	32.40	34.03	31.44	33.88	1470900.00
2009-01-05	33.98	34.22	33.13	34.02	2070800.00
2009-01-06	34.38	34.85	33.72	34.41	1698100.00
2009-01-07	34.10	34.10	31.92	32.28	1415400.00
2009-01-08	32.00	32.41	31.34	32.41	1782300.00
2009-01-09	32.50	32.70	31.18	31.71	1092400.00
2009-01-12	31.70	31.70	30.41	30.65	1001700.00
2009-01-13	30.62	31.13	30.04	30.47	1214700.00
2009-01-14	30.03	30.07	28.95	29.24	1690100.00
2009-01-15	29.51	30.16	28.58	29.84	1547400.00
2009-01-16	30.71	30.71	28.83	29.84	1804200.00
2009-01-20	27.31	31.04	27.29	30.23	4180100.00
2009-01-21	30.62	30.76	28.74	29.61	3304000.00
2009-01-22	29.20	29.29	28.16	28.93	3741600.00
2009-01-23	28.13	30.07	27.93	29.32	2243700.00
2009-01-26	29.20	30.27	28.79	29.15	1877600.00
2009-01-27	29.49	30.10	29.29	29.90	1483600.00
2009-01-28	30.56	31.66	30.35	31.35	1973200.00
2009-01-29	30.81	31.19	29.48	29.72	1672300.00
2009-01-30	29.56	29.56	28.37	28.67	2477100.00
2009-02-02	28.22	29.29	28.06	28.59	2360900.00
2009-02-03	28.97	29.72	28.18	29.50	2134400.00
2009-02-04	29.89	30.71	29.75	30.02	1676900.00
2009-02-05	29.71	30.98	29.17	30.54	2255600.00
2009-02-06	30.50	31.56	30.47	31.41	1568600.00
2009-02-09	31.16	31.60	30.55	31.07	1889400.00
2009-02-10	30.70	31.13	29.24	29.57	1670500.00
2009-02-11	30.60	31.65	29.74	30.22	1784300.00
2009-02-12	29.70	30.05	28.98	30.01	1744100.00
2009-02-13	30.17	31.28	30.17	30.53	1950300.00
2009-02-17	30.02	30.02	28.82	29.11	2360100.00
2009-02-18	29.43	29.85	28.75	29.19	1954900.00
2009-02-19	29.68	29.70	28.38	28.45	1707700.00
2009-02-20	28.12	28.99	27.65	28.28	1898200.00
2009-02-23	28.56	28.71	26.74	26.81	1919700.00
2009-02-24	26.96	27.95	26.45	27.76	1704000.00
2009-02-25	27.39	27.64	26.43	26.71	1730000.00
2009-02-26	26.96	27.15	25.76	25.91	1863600.00
2009-02-27	25.55	26.01	25.07	25.19	2490200.00
2009-03-02	24.80	24.80	23.63	23.72	1740700.00
2009-03-03	24.15	24.21	23.28	23.36	3010400.00
2009-03-04	23.85	24.00	23.33	23.64	3618100.00
2009-03-05	22.55	22.90	21.46	21.83	3406400.00
2009-03-06	22.10	22.46	20.92	21.61	3231500.00
2009-03-09	21.32	21.94	20.90	21.03	2426600.00
2009-03-10	21.42	22.62	21.42	22.62	2350100.00
2009-03-11	22.99	23.08	22.40	22.83	2301900.00
2009-03-12	22.83	23.46	22.16	23.39	1453700.00
2009-03-13	23.46	23.57	22.83	23.23	1140400.00
2009-03-16	23.23	23.73	22.93	23.00	2064600.00
2009-03-17	22.77	23.73	22.50	23.73	1631100.00
2009-03-18	23.53	24.67	23.08	24.41	2050700.00
2009-03-19	24.69	24.99	24.26	24.71	1950200.00
2009-03-20	24.84	24.84	23.57	23.71	1770900.00
2009-03-23	24.20	25.60	24.19	25.59	1797000.00
2009-03-24	25.23	26.08	25.08	25.64	2120800.00
2009-03-25	24.93	26.37	24.93	25.79	4287800.00
2009-03-26	25.88	27.41	25.82	27.39	2936500.00
2009-03-27	27.04	27.36	26.59	26.71	2360800.00
2009-03-30	26.15	26.42	25.07	25.47	1755400.00
2009-03-31	25.67	26.18	25.37	25.65	1848500.00
2009-04-01	25.39	26.42	25.01	26.30	2039300.00
2009-04-02	27.05	29.03	26.81	28.51	3672300.00
2009-04-03	28.66	29.30	28.10	29.10	2592300.00
2009-04-06	29.08	29.08	28.18	28.63	3349800.00
2009-04-07	28.18	28.18	27.43	27.64	2766700.00
2009-04-08	27.70	28.13	27.18	27.61	2230000.00
2009-04-09	28.05	29.60	28.05	29.54	2677300.00
2009-04-13	28.34	28.69	27.56	28.46	2174500.00
2009-04-14	27.98	28.51	27.51	27.91	1663300.00
2009-04-15	27.52	27.87	26.91	27.40	3661000.00
2009-04-16	26.62	30.04	26.42	29.37	5846600.00
2009-04-17	29.70	30.43	29.08	30.25	3570400.00
2009-04-20	29.81	29.81	28.58	28.80	2926600.00
2009-04-21	28.65	30.13	28.60	29.99	2843100.00
2009-04-22	29.76	31.89	29.65	31.67	3916400.00
2009-04-23	31.70	33.26	31.63	33.22	3876500.00
2009-04-24	33.27	33.73	32.87	33.14	4068300.00
2009-04-27	32.91	33.24	32.43	32.69	2962300.00
2009-04-28	32.08	33.66	32.02	32.63	2764100.00
2009-04-29	33.10	34.50	32.97	33.92	2205800.00
2009-04-30	34.37	35.57	34.20	34.23	2915800.00
2009-05-01	34.17	35.17	33.69	34.86	2119200.00
2009-05-04	34.86	36.04	34.74	35.95	1439700.00
2009-05-05	35.84	36.17	34.69	35.17	3114900.00
2009-05-06	35.61	36.10	35.03	35.78	1825300.00
2009-05-07	36.08	36.08	34.17	34.44	2815000.00
2009-05-08	35.14	35.79	34.42	35.60	1950900.00
2009-05-11	35.16	35.25	34.21	34.36	1669000.00
2009-05-12	34.31	34.35	33.03	33.77	2111000.00
2009-05-13	33.33	33.33	32.41	32.59	2191800.00
2009-05-14	32.64	33.47	32.53	32.75	2167000.00
2009-05-15	32.74	33.57	32.53	32.96	1983400.00
2009-05-18	33.25	34.47	33.09	34.40	2443100.00
2009-05-19	34.35	34.69	33.77	34.19	2363600.00
2009-05-20	34.55	34.71	32.93	33.05	3451400.00
2009-05-21	32.59	32.87	31.96	32.30	2985900.00
2009-05-22	32.22	32.87	31.81	32.28	1321700.00
2009-05-26	32.02	33.80	31.99	33.30	2679400.00
2009-05-27	33.47	34.02	32.92	32.94	2396800.00
2009-05-28	31.99	32.81	31.47	32.39	3359400.00
2009-05-29	32.43	32.77	31.77	32.08	4960200.00
2009-06-01	32.68	35.52	32.68	35.42	3713600.00
2009-06-02	35.33	36.21	35.23	35.66	2556800.00
2009-06-03	35.27	35.67	34.57	35.02	1511900.00
2009-06-04	35.10	35.64	34.66	35.55	1327400.00
2009-06-05	36.24	36.77	36.08	36.27	2680400.00
2009-06-08	35.89	36.43	35.22	36.08	1574400.00
2009-06-09	35.86	36.43	35.63	35.87	1682200.00
2009-06-10	36.19	36.55	35.01	35.64	1757300.00
2009-06-11	35.70	35.75	34.98	35.07	1916000.00
2009-06-12	34.85	35.07	34.39	35.06	1042600.00
2009-06-15	34.50	34.51	33.40	33.75	1156600.00
2009-06-16	33.84	34.28	32.92	32.95	1371900.00
2009-06-17	32.68	33.14	32.31	32.73	1610100.00
2009-06-18	32.80	32.94	32.05	32.45	1252800.00
2009-06-19	32.71	32.89	32.10	32.26	1362400.00
2009-06-22	31.77	31.84	30.77	30.77	1373900.00
2009-06-23	30.89	31.30	30.67	30.99	1964900.00
2009-06-24	31.06	32.34	30.94	31.16	1820800.00
2009-06-25	30.74	32.18	30.30	32.00	2967200.00
2009-06-26	31.94	32.61	31.89	32.44	5274100.00
2009-06-29	32.55	32.94	32.21	32.64	1682400.00
2009-06-30	32.60	32.94	32.20	32.61	2548800.00
2009-07-01	32.75	33.53	32.46	32.53	2119900.00
2009-07-02	32.04	32.08	31.37	31.58	1542800.00
2009-07-06	31.12	31.36	30.88	31.26	1828700.00
2009-07-07	31.25	31.56	30.32	30.35	1545800.00
2009-07-08	30.25	30.82	30.04	30.56	2790600.00
2009-07-09	30.72	30.99	30.00	30.51	2072900.00
2009-07-10	30.23	31.14	30.16	30.88	2221200.00
2009-07-13	30.69	31.60	30.51	31.59	1401000.00
2009-07-14	31.70	31.96	31.42	31.94	2086700.00
2009-07-15	32.37	33.43	32.19	33.30	2013200.00
2009-07-16	33.24	34.05	32.98	33.90	1583900.00
2009-07-17	33.76	34.22	33.56	33.75	1224700.00
2009-07-20	34.19	35.36	33.75	34.84	2113800.00
2009-07-21	35.47	36.36	34.66	35.47	2571600.00
2009-07-22	35.55	36.33	34.95	35.73	1577300.00
2009-07-23	35.77	36.47	35.44	36.43	1750300.00
2009-07-24	36.14	36.52	35.58	36.38	1604100.00
2009-07-27	36.36	36.54	35.90	36.54	1322200.00
2009-07-28	36.12	36.40	35.58	36.09	992900.00
2009-07-29	35.80	35.98	35.22	35.66	1387100.00
2009-07-30	34.76	36.32	34.16	34.69	4027800.00
2009-07-31	34.69	35.10	33.53	33.61	2828100.00
2009-08-03	33.95	35.63	33.79	35.53	3107300.00
2009-08-04	35.45	36.57	35.45	36.26	1689200.00
2009-08-05	36.32	36.51	35.14	35.40	1516400.00
2009-08-06	35.63	35.85	35.14	35.58	1228600.00
2009-08-07	36.20	37.06	35.76	37.00	2052800.00
2009-08-10	36.99	37.40	36.21	36.65	1980300.00
2009-08-11	36.47	36.61	35.79	36.14	1437100.00
2009-08-12	36.27	37.91	36.24	37.54	1877900.00
2009-08-13	37.95	38.12	37.19	37.85	1255000.00
2009-08-14	37.93	37.97	36.78	37.09	878800.00
2009-08-17	36.27	36.62	35.55	35.84	823500.00
2009-08-18	35.94	36.83	35.84	36.71	1099000.00
2009-08-19	36.31	36.95	36.01	36.72	733600.00
2009-08-20	36.78	37.31	36.75	37.09	991600.00
2009-08-21	37.36	38.09	37.12	37.76	1873000.00
2009-08-24	37.84	38.53	37.74	37.95	1078000.00
2009-08-25	38.28	38.95	37.90	38.40	1536000.00
2009-08-26	38.46	38.46	37.71	37.98	1106500.00
2009-08-27	38.09	38.37	37.37	37.90	1009700.00
2009-08-28	38.25	38.44	37.43	37.66	1092200.00
2009-08-31	37.20	37.22	36.43	37.13	1014500.00
2009-09-01	36.93	38.42	36.49	36.57	1865600.00
2009-09-02	36.42	36.67	36.07	36.14	945300.00
2009-09-03	36.02	36.54	35.78	36.36	1836000.00
2009-09-04	36.37	37.03	36.37	36.87	1203900.00
2009-09-08	37.19	37.55	36.61	36.69	2056600.00
2009-09-09	36.55	37.04	35.62	36.89	1863100.00
2009-09-10	36.81	37.16	36.34	37.16	1063300.00
2009-09-11	37.29	38.51	37.23	38.30	2475400.00
2009-09-14	37.89	40.27	37.89	40.16	2955700.00
2009-09-15	40.17	41.50	40.02	41.21	2496800.00
2009-09-16	41.56	42.22	41.06	41.93	2033100.00
2009-09-17	41.86	42.64	41.58	41.86	1650200.00
2009-09-18	42.19	42.40	41.76	42.10	1292400.00
2009-09-21	41.75	41.93	41.16	41.29	986300.00
2009-09-22	41.60	41.65	40.69	40.96	1714900.00
2009-09-23	41.13	41.20	40.44	40.48	829800.00
2009-09-24	40.46	40.82	39.70	39.86	1349200.00
2009-09-25	40.59	40.59	38.97	39.83	1693500.00
2009-09-28	39.91	40.56	39.78	40.30	1348600.00
2009-09-29	40.33	40.96	40.24	40.37	1405700.00
2009-09-30	40.38	40.67	39.05	39.55	2222300.00
2009-10-01	39.38	39.61	38.29	38.30	1424800.00
2009-10-02	37.86	38.23	37.66	37.77	1448800.00
2009-10-05	38.09	39.09	37.94	39.05	1449300.00
2009-10-06	39.28	39.85	39.05	39.30	1452000.00
2009-10-07	39.23	39.45	38.70	38.91	1388200.00
2009-10-08	39.34	39.96	38.93	39.64	1723100.00
2009-10-09	39.63	40.36	39.57	40.34	1101100.00
2009-10-12	40.42	40.89	39.94	40.27	735800.00
2009-10-13	40.32	40.37	39.47	39.85	1272200.00
2009-10-14	40.28	41.19	39.90	40.93	1574200.00
2009-10-15	40.73	40.96	40.41	40.83	980300.00
2009-10-16	40.45	40.87	39.88	40.64	1304100.00
2009-10-19	41.01	42.28	40.67	42.16	2198200.00
2009-10-20	44.71	45.29	43.08	44.23	3710400.00
2009-10-21	43.87	44.40	42.83	42.92	2095500.00
2009-10-22	43.04	44.39	42.54	44.05	1725800.00
2009-10-23	44.11	44.21	43.21	43.38	1442300.00
2009-10-26	43.45	44.40	42.36	42.52	1777700.00
2009-10-27	42.58	42.86	41.22	41.31	1864100.00
2009-10-28	41.27	41.60	40.32	40.49	1976600.00
2009-10-29	41.02	41.57	40.57	41.43	1509700.00
2009-10-30	41.25	41.53	40.13	40.41	1760700.00
2009-11-02	40.55	41.49	40.03	40.89	1455300.00
2009-11-03	40.36	42.33	40.20	42.15	2572400.00
2009-11-04	42.41	42.68	41.48	41.60	1804400.00
2009-11-05	42.02	43.25	41.78	43.21	1273400.00
2009-11-06	42.89	43.59	42.67	42.83	996300.00
2009-11-09	43.26	43.84	43.16	43.84	1038600.00
2009-11-10	44.00	44.04	43.05	43.60	888300.00
2009-11-11	43.80	44.00	42.38	42.81	1579700.00
2009-11-12	42.75	43.09	42.09	42.18	1190400.00
2009-11-13	42.34	42.42	41.73	41.96	2010500.00
2009-11-16	42.19	43.57	42.19	43.46	1562000.00
2009-11-17	43.56	43.56	42.84	42.98	1611100.00
2009-11-18	42.89	43.05	42.00	42.77	1441400.00
2009-11-19	42.49	42.56	41.24	41.62	1179900.00
2009-11-20	40.93	41.64	40.93	41.37	1436800.00
2009-11-23	41.80	42.39	41.54	41.64	1277800.00
2009-11-24	41.75	42.24	41.24	42.06	1393800.00
2009-11-25	42.06	42.43	41.86	42.16	851000.00
2009-11-27	40.84	41.65	40.34	41.05	649600.00
2009-11-30	40.91	41.37	40.46	41.35	1148700.00
2009-12-01	41.54	42.31	41.54	41.96	987600.00
2009-12-02	41.74	42.39	41.71	42.07	999600.00
2009-12-03	42.08	42.48	41.47	41.56	841400.00
2009-12-04	42.26	42.63	41.72	42.39	1058100.00
2009-12-07	42.29	42.82	42.09	42.55	1473600.00
2009-12-08	42.13	42.19	41.31	41.45	931200.00
2009-12-09	42.13	42.13	40.85	41.32	1061300.00
2009-12-10	41.60	41.91	41.13	41.20	681600.00
2009-12-11	41.23	41.68	41.12	41.38	997600.00
2009-12-14	41.83	42.86	41.64	42.70	1277200.00
2009-12-15	42.72	43.13	42.58	42.66	790200.00
2009-12-16	42.87	43.01	42.46	42.68	874600.00
2009-12-17	42.35	42.46	41.51	41.54	951000.00
2009-12-18	41.59	41.88	40.99	41.37	1388900.00
2009-12-21	41.82	42.01	41.56	41.77	925700.00
2009-12-22	41.83	42.10	41.50	41.75	902700.00
2009-12-23	41.84	42.19	41.38	42.00	817500.00
2009-12-24	42.22	42.28	42.05	42.12	150900.00
2009-12-28	42.32	42.32	41.67	42.00	548500.00
2009-12-29	42.07	42.07	41.62	41.73	642200.00
2009-12-30	41.65	41.91	41.50	41.65	515500.00
2009-12-31	41.58	41.70	41.27	41.29	442800.00
2010-01-04	41.89	42.18	41.51	41.78	961000.00
2010-01-05	41.65	42.01	41.34	41.58	1136400.00
2010-01-06	41.49	41.74	41.23	41.40	1670700.00
2010-01-07	41.19	42.07	41.19	41.90	973600.00
2010-01-08	41.74	43.09	41.47	43.08	1075200.00
2010-01-11	43.76	44.47	43.35	44.31	1682100.00
2010-01-12	44.03	44.52	43.97	44.40	1750700.00
2010-01-13	44.52	44.90	43.75	44.64	1371800.00
2010-01-14	44.47	45.17	44.11	45.05	1003100.00
2010-01-15	44.95	45.33	44.40	44.88	1712000.00
2010-01-19	47.31	48.16	46.42	47.07	3741400.00
2010-01-20	46.85	46.88	45.52	46.45	2339800.00
2010-01-21	46.29	47.08	45.03	45.61	2014800.00
2010-01-22	45.55	45.55	44.13	44.16	1462900.00
2010-01-25	44.85	45.24	43.20	43.96	2042900.00
2010-01-26	43.60	43.91	42.97	43.37	2343600.00
2010-01-27	43.29	44.25	43.03	43.99	3339500.00
2010-01-28	44.23	44.29	42.67	43.16	1439000.00
2010-01-29	43.55	44.34	42.66	42.85	2134700.00
2010-02-01	43.07	43.99	42.96	43.79	1622400.00
2010-02-02	44.10	44.61	43.83	44.55	1919400.00
2010-02-03	44.29	44.92	43.78	43.91	1800100.00
2010-02-04	43.31	43.48	42.09	42.09	1969200.00
2010-02-05	42.12	42.39	41.00	42.13	2101500.00
2010-02-08	42.11	42.28	41.34	41.80	1728200.00
2010-02-09	42.40	43.22	42.06	42.72	1651000.00
2010-02-10	42.68	42.90	42.04	42.57	1032700.00
2010-02-11	42.60	43.52	42.26	43.50	1370600.00
2010-02-12	42.85	44.18	42.31	42.98	2551600.00
2010-02-16	44.06	44.11	43.42	44.07	1561300.00
2010-02-17	44.45	44.90	44.08	44.79	1501600.00
2010-02-18	44.68	45.32	44.62	45.23	1522700.00
2010-02-19	45.10	45.64	44.80	45.42	1109200.00
2010-02-22	45.55	45.60	45.13	45.35	1249000.00
2010-02-23	45.20	45.46	44.46	44.88	1451100.00
2010-02-24	45.09	45.35	44.75	45.32	2075300.00
2010-02-25	44.30	45.46	44.23	45.34	1553900.00
2010-02-26	45.65	46.53	45.55	46.42	2204800.00
2010-03-01	46.32	48.17	46.30	47.50	3111800.00
2010-03-02	47.74	48.04	47.63	47.78	2012700.00
2010-03-03	48.65	49.00	47.96	48.04	2750600.00
2010-03-04	48.06	48.31	47.36	47.78	1897700.00
2010-03-05	48.39	48.67	48.12	48.44	1130900.00
2010-03-08	48.43	48.73	48.14	48.51	1402400.00
2010-03-09	48.41	48.96	48.25	48.75	1470900.00
2010-03-10	48.85	49.23	48.63	49.13	1154500.00
2010-03-11	49.14	49.15	48.52	49.03	939700.00
2010-03-12	49.26	49.42	48.73	48.96	860400.00
2010-03-15	49.00	49.18	48.70	49.14	762400.00
2010-03-16	49.23	49.78	49.18	49.60	1008600.00
2010-03-17	49.83	50.60	49.62	50.32	1476200.00
2010-03-18	50.23	50.74	50.12	50.50	1214900.00
2010-03-19	50.12	51.12	49.95	50.12	1714200.00
2010-03-22	49.67	50.51	49.43	50.46	942900.00
2010-03-23	50.64	51.35	50.16	51.24	1101400.00
2010-03-24	51.18	51.23	50.23	50.30	1521500.00
2010-03-25	50.93	51.13	49.80	49.87	1839800.00
2010-03-26	50.04	50.75	49.60	49.73	1659200.00
2010-03-29	49.97	50.27	49.86	50.22	1286800.00
2010-03-30	50.47	50.98	50.30	50.43	1245600.00
2010-03-31	50.29	50.46	49.80	49.83	1140800.00
2010-04-01	50.13	50.57	49.88	50.24	859800.00
2010-04-05	50.34	51.24	50.34	51.13	971000.00
2010-04-06	50.93	51.05	50.57	51.05	1038300.00
2010-04-07	50.84	51.62	50.73	51.19	1190800.00
2010-04-08	51.09	52.15	50.68	52.03	1639400.00
2010-04-09	52.17	52.86	51.97	52.71	1124700.00
2010-04-12	53.53	53.62	52.73	53.48	1537000.00
2010-04-13	53.32	53.77	53.14	53.70	1451300.00
2010-04-14	54.05	54.51	54.01	54.30	2550100.00
2010-04-15	54.11	54.44	53.89	54.05	1429000.00
2010-04-16	53.71	53.90	53.01	53.17	2015000.00
2010-04-19	53.14	53.68	52.34	53.41	2370100.00
2010-04-20	55.23	55.81	51.67	52.19	4872900.00
2010-04-21	52.63	54.78	52.63	54.65	3368200.00
2010-04-22	54.28	54.50	53.65	54.22	2868800.00
2010-04-23	53.98	54.65	53.69	54.65	1359000.00
2010-04-26	54.65	55.22	54.57	54.78	1355900.00
2010-04-27	54.38	54.93	52.73	52.92	1597000.00
2010-04-28	53.31	53.44	52.41	53.16	1283100.00
2010-04-29	53.61	54.88	53.61	54.83	1258400.00
2010-04-30	54.82	55.25	53.18	53.25	1486500.00
2010-05-03	53.78	54.64	53.43	54.51	1061500.00
2010-05-04	53.48	53.48	51.94	52.33	2070900.00
2010-05-05	51.57	52.06	51.30	51.76	2137100.00
2010-05-06	51.41	52.01	45.78	49.65	3336100.00
2010-05-07	49.57	49.90	47.66	47.92	3506600.00
2010-05-10	50.62	52.36	49.74	52.11	3250800.00
2010-05-11	51.49	52.36	51.17	51.61	2282300.00
2010-05-12	51.92	53.47	51.92	53.16	1408600.00
2010-05-13	52.89	53.64	52.36	52.48	1316500.00
2010-05-14	52.37	52.37	50.66	51.16	2005100.00
2010-05-17	51.22	51.93	49.65	51.01	2535500.00
2010-05-18	51.64	51.88	49.99	50.19	1428000.00
2010-05-19	50.00	50.37	48.22	49.17	1916200.00
2010-05-20	47.81	48.05	45.92	46.14	4172900.00
2010-05-21	45.01	46.82	45.01	46.81	3661700.00
2010-05-24	46.72	47.08	45.88	46.03	3288900.00
2010-05-25	44.83	46.37	44.30	46.25	2587800.00
2010-05-26	46.78	47.71	46.39	46.58	2096400.00
2010-05-27	47.72	48.48	47.11	48.48	1449300.00
2010-05-28	48.58	48.58	47.08	47.50	1595300.00
2010-06-01	46.88	48.01	45.97	45.98	1919100.00
2010-06-02	46.17	47.67	46.17	47.67	1940100.00
2010-06-03	48.02	48.19	47.46	47.90	1302400.00
2010-06-04	46.40	46.88	44.88	45.22	2115100.00
2010-06-07	45.63	45.63	44.02	44.11	2388500.00
2010-06-08	44.44	45.00	43.80	44.91	2632100.00
2010-06-09	45.55	46.58	44.98	45.15	1995900.00
2010-06-10	46.08	47.12	46.08	47.02	1422600.00
2010-06-11	46.42	47.43	46.24	47.19	1410300.00
2010-06-14	47.91	48.33	46.90	47.06	1392800.00
2010-06-15	47.77	49.11	47.56	49.05	1527600.00
2010-06-16	48.59	48.84	47.38	47.71	2264000.00
2010-06-17	48.07	48.32	46.89	47.53	1669400.00
2010-06-18	47.65	47.79	46.89	47.03	2057800.00
2010-06-21	47.81	48.05	46.87	47.16	2246700.00
2010-06-22	47.13	47.30	45.15	45.23	3064600.00
2010-06-23	45.29	45.88	44.54	45.32	1495200.00
2010-06-24	45.05	45.30	43.74	43.77	2328800.00
2010-06-25	43.66	45.02	43.45	44.98	3453600.00
2010-06-28	45.06	45.50	44.49	44.81	1909500.00
2010-06-29	43.93	44.00	42.64	43.40	3138400.00
2010-06-30	43.21	44.03	42.77	42.86	2290600.00
2010-07-01	43.04	43.22	41.93	42.68	1725700.00
2010-07-02	42.84	43.11	42.19	42.52	1495900.00
2010-07-06	43.11	43.60	42.04	42.35	1894100.00
2010-07-07	42.61	44.02	42.42	43.95	3077000.00
2010-07-08	44.36	44.54	43.50	44.26	2260300.00
2010-07-09	44.31	44.52	43.86	44.30	2469100.00
2010-07-12	44.03	44.22	43.35	43.62	1536100.00
2010-07-13	44.33	45.31	44.14	45.03	2530500.00
2010-07-14	44.75	44.78	44.01	44.36	2234700.00
2010-07-15	44.40	44.96	44.09	44.88	2172700.00
2010-07-16	44.52	44.61	43.36	43.48	1650600.00
2010-07-19	43.68	44.03	43.35	43.96	1417400.00
2010-07-20	43.11	44.89	42.99	44.80	1692600.00
2010-07-21	45.33	46.21	44.70	45.05	2271000.00
2010-07-22	45.87	46.92	45.76	46.83	2012200.00
2010-07-23	46.62	48.08	46.46	48.06	1786100.00
2010-07-26	48.01	48.42	47.57	48.19	2132800.00
2010-07-27	48.62	48.63	46.94	47.21	2112100.00
2010-07-28	47.13	47.91	47.10	47.77	2410900.00
2010-07-29	48.21	48.91	47.07	47.57	1717500.00
2010-07-30	47.22	48.21	46.52	48.01	1931500.00
2010-08-02	48.96	49.70	48.44	49.34	2127500.00
2010-08-03	49.57	49.98	48.16	49.60	3248900.00
2010-08-04	49.20	50.15	48.70	49.80	1626600.00
2010-08-05	49.44	50.61	49.30	50.53	1606300.00
2010-08-06	49.74	50.75	49.74	50.60	1789800.00
2010-08-09	50.87	50.94	49.98	50.47	1930200.00
2010-08-10	49.46	50.34	49.34	50.26	1795700.00
2010-08-11	48.49	49.31	47.99	48.18	1873100.00
2010-08-12	47.22	48.62	47.19	48.55	2016300.00
2010-08-13	48.43	49.31	48.28	49.09	1906900.00
2010-08-16	48.68	49.05	47.96	49.00	1820700.00
2010-08-17	49.42	51.00	49.40	50.63	2161000.00
2010-08-18	50.56	51.20	50.16	50.90	1850800.00
2010-08-19	50.24	50.36	49.20	49.51	3335500.00
2010-08-20	49.07	49.55	48.58	49.07	1955100.00
2010-08-23	49.42	49.98	48.04	48.10	1835100.00
2010-08-24	47.21	47.45	46.76	46.79	2633100.00
2010-08-25	46.22	46.70	45.56	46.29	2909400.00
2010-08-26	46.54	47.04	46.14	46.44	2978200.00
2010-08-27	46.96	47.28	46.01	47.09	1879200.00
2010-08-30	47.02	47.28	46.05	46.06	950100.00
2010-08-31	45.71	46.44	45.57	45.91	1718400.00
2010-09-01	46.71	48.35	46.71	48.27	1813700.00
2010-09-02	48.52	49.49	48.34	49.43	2028600.00
2010-09-03	50.31	50.81	49.67	50.42	1352700.00
2010-09-07	49.89	50.21	49.67	49.78	1001000.00
2010-09-08	49.91	50.90	49.86	50.47	979900.00
2010-09-09	51.24	51.24	50.14	50.41	769600.00
2010-09-10	50.67	51.06	50.40	50.48	1168200.00
2010-09-13	51.29	52.68	51.18	52.57	2122500.00
2010-09-14	52.49	52.53	51.97	51.97	1328300.00
2010-09-15	51.71	52.25	51.38	52.15	979000.00
2010-09-16	51.97	52.26	51.76	52.16	951100.00
2010-09-17	52.58	53.41	52.06	53.18	1644100.00
2010-09-20	53.36	54.32	52.94	54.19	1054300.00
2010-09-21	53.97	54.55	53.73	53.90	1574200.00
2010-09-22	53.90	54.40	53.57	53.84	1723200.00
2010-09-23	53.21	53.31	52.42	52.58	1446400.00
2010-09-24	53.59	54.48	53.41	54.23	1202000.00
2010-09-27	54.07	54.27	53.78	53.87	824800.00
2010-09-28	54.03	54.58	53.21	54.40	871900.00
2010-09-29	54.04	55.20	53.95	54.67	2499000.00
2010-09-30	54.94	55.96	54.16	54.36	1518600.00
2010-10-01	54.75	55.02	53.80	54.64	1518100.00
2010-10-04	54.30	54.61	52.39	52.98	2231100.00
2010-10-05	53.72	55.60	53.57	55.11	1771400.00
2010-10-06	54.88	55.30	54.04	54.47	1595800.00
2010-10-07	54.76	55.00	54.29	54.87	1333500.00
2010-10-08	54.88	55.48	54.29	55.23	887900.00
2010-10-11	54.82	55.40	54.25	55.05	777500.00
2010-10-12	55.01	55.03	53.82	54.73	1578900.00
2010-10-13	55.20	56.19	55.00	55.71	1204700.00
2010-10-14	55.45	55.68	54.90	55.23	979800.00
2010-10-15	55.89	55.89	54.67	55.12	1252200.00
2010-10-18	55.26	56.37	55.18	56.20	1942400.00
2010-10-19	60.73	61.08	57.60	58.26	5879600.00
2010-10-20	58.63	59.29	58.21	58.58	2616200.00
2010-10-21	59.01	59.94	58.02	58.94	1906600.00
2010-10-22	59.10	59.28	58.63	59.21	1571500.00
2010-10-25	59.65	60.49	59.63	59.90	1717300.00
2010-10-26	59.37	59.66	58.04	59.36	1648900.00
2010-10-27	58.79	59.04	58.13	58.96	1570400.00
2010-10-28	59.35	59.84	58.41	58.87	1023300.00
2010-10-29	58.66	59.87	58.51	59.40	1301800.00
2010-11-01	59.99	60.89	59.55	59.98	1896400.00
2010-11-02	60.57	61.17	60.29	60.92	1680500.00
2010-11-03	61.13	61.44	59.46	60.42	1314600.00
2010-11-04	61.60	62.46	61.33	62.37	1414200.00
2010-11-05	62.06	63.48	62.02	63.38	1371100.00
2010-11-08	63.11	63.24	62.52	62.94	778200.00
2010-11-09	63.05	63.05	61.87	62.17	916100.00
2010-11-10	62.24	62.79	61.72	62.66	957200.00
2010-11-11	62.17	63.32	62.03	63.32	1385500.00
2010-11-12	62.72	62.77	61.36	61.82	1151000.00
2010-11-15	62.36	63.29	61.68	62.61	1428600.00
2010-11-16	62.05	62.17	60.34	61.10	1427900.00
2010-11-17	59.39	61.40	59.39	60.78	1050400.00
2010-11-18	61.52	62.80	61.45	62.17	883900.00
2010-11-19	62.35	63.30	62.00	63.22	1280400.00
2010-11-22	62.69	63.55	62.34	63.37	628400.00
2010-11-23	62.53	62.62	61.52	62.24	909200.00
2010-11-24	62.65	64.09	62.65	64.08	1064600.00
2010-11-26	63.44	64.01	63.20	63.44	526100.00
2010-11-29	63.08	63.09	61.85	62.69	1084200.00
2010-11-30	61.89	62.77	61.54	62.48	1618300.00
2010-12-01	63.70	64.92	63.70	64.78	1397800.00
2010-12-02	64.76	65.82	64.51	65.41	1472400.00
2010-12-03	65.04	65.73	65.03	65.59	714700.00
2010-12-06	65.24	66.14	65.17	65.96	657000.00
2010-12-07	66.05	66.91	66.05	66.19	1188500.00
2010-12-08	66.45	66.76	66.01	66.26	903200.00
2010-12-09	66.64	66.79	65.98	66.22	616000.00
2010-12-10	66.33	67.24	66.29	67.08	872600.00
2010-12-13	67.49	68.03	66.93	67.28	1399100.00
2010-12-14	67.27	67.52	66.78	67.05	829000.00
2010-12-15	66.99	67.70	66.40	66.44	773100.00
2010-12-16	66.55	66.86	66.13	66.47	986700.00
2010-12-17	66.26	66.57	66.05	66.05	1712500.00
2010-12-20	66.22	66.52	65.79	66.17	1050300.00
2010-12-21	66.43	67.17	66.03	66.96	970200.00
2010-12-22	66.90	67.21	66.51	66.66	594100.00
2010-12-23	66.67	67.11	66.22	66.43	588300.00
2010-12-27	66.25	66.96	66.08	66.82	540300.00
2010-12-28	66.87	67.03	66.38	66.87	583400.00
2010-12-29	67.16	67.59	66.99	67.09	622600.00
2010-12-30	66.93	67.31	66.76	66.96	618500.00
2010-12-31	66.89	67.50	66.78	67.21	563300.00
2011-01-03	67.56	68.48	67.56	68.16	1458800.00
2011-01-04	68.14	68.19	66.80	68.12	1742800.00
2011-01-05	67.64	68.76	67.31	68.22	1346800.00
2011-01-06	68.14	68.32	66.75	66.90	1270400.00
2011-01-07	66.95	68.06	66.85	67.01	1175300.00
2011-01-10	68.10	68.10	66.90	67.95	1998800.00
2011-01-11	68.44	68.76	68.11	68.37	1025900.00
2011-01-12	68.93	69.27	68.68	69.04	856600.00
2011-01-13	69.49	69.65	68.68	69.49	1854200.00
2011-01-14	69.21	70.09	69.21	69.81	1310100.00
2011-01-18	69.77	71.59	69.56	71.57	1583700.00
2011-01-19	71.33	72.54	70.23	70.93	3335200.00
2011-01-20	68.40	69.51	66.37	66.59	4107900.00
2011-01-21	67.34	68.60	66.82	66.97	2587000.00
2011-01-24	67.00	67.81	66.78	67.81	1353100.00
2011-01-25	67.27	67.86	66.50	67.35	1194600.00
2011-01-26	67.73	69.22	67.55	68.68	1592700.00
2011-01-27	68.85	69.30	67.92	69.04	1124100.00
2011-01-28	68.79	70.18	67.45	67.90	1352800.00
2011-01-31	68.22	70.62	67.95	69.63	1696200.00
2011-02-01	70.37	70.61	68.76	70.44	1464600.00
2011-02-02	69.78	70.60	69.77	70.03	959700.00
2011-02-03	70.01	70.20	68.97	70.16	1000700.00
2011-02-04	70.43	70.87	70.01	70.87	897400.00
2011-02-07	70.94	71.85	70.75	71.42	876100.00
2011-02-08	71.63	72.29	71.29	72.21	845800.00
2011-02-09	71.77	71.90	70.95	71.40	912700.00
2011-02-10	71.14	71.79	70.69	71.75	797200.00
2011-02-11	71.41	73.15	71.30	73.11	801300.00
2011-02-14	72.81	72.97	72.18	72.21	1093100.00
2011-02-15	71.97	72.16	71.03	71.43	873800.00
2011-02-16	71.79	72.38	70.86	71.28	936200.00
2011-02-17	71.40	71.89	70.79	71.62	729000.00
2011-02-18	72.00	72.12	71.37	71.80	961700.00
2011-02-22	71.35	71.36	69.55	69.63	1165000.00
2011-02-23	69.24	69.52	67.53	68.17	1594500.00
2011-02-24	68.05	68.90	67.15	68.49	1557000.00
2011-02-25	69.00	69.91	69.00	69.20	1787300.00
2011-02-28	69.68	70.14	69.33	69.69	1504400.00
2011-03-01	70.05	70.10	67.43	67.82	1922100.00
2011-03-02	67.66	68.31	66.86	67.70	2205900.00
2011-03-03	68.60	70.14	68.46	69.98	1740100.00
2011-03-04	70.10	70.10	67.80	68.25	1571000.00
2011-03-07	68.43	68.46	66.37	66.59	2758900.00
2011-03-08	66.71	68.06	66.10	67.20	2097300.00
2011-03-09	67.03	67.38	66.22	66.66	1995900.00
2011-03-10	65.42	66.40	64.71	65.82	2544200.00
2011-03-11	65.80	66.88	65.34	66.73	1694800.00
2011-03-14	66.42	67.75	66.22	67.21	2138300.00
2011-03-15	65.38	67.57	64.95	66.98	1717300.00
2011-03-16	67.14	68.46	66.56	67.14	2739700.00
2011-03-17	68.93	69.19	67.82	68.82	1817800.00
2011-03-18	69.51	70.29	69.13	69.32	2160200.00
2011-03-21	70.40	70.89	70.09	70.51	1319100.00
2011-03-22	70.61	70.80	69.87	70.71	1467400.00
2011-03-23	70.57	72.32	69.87	72.01	1766600.00
2011-03-24	72.36	72.72	71.82	72.63	1812700.00
2011-03-25	72.76	73.19	72.47	72.65	1498200.00
2011-03-28	72.71	73.36	72.53	72.97	1541700.00
2011-03-29	72.75	73.84	72.37	73.71	1276700.00
2011-03-30	74.04	74.23	73.76	73.97	1141600.00
2011-03-31	73.82	74.24	73.72	73.99	1020800.00
2011-04-01	74.65	74.97	74.17	74.95	1307500.00
2011-04-04	75.36	75.36	74.40	75.18	1041800.00
2011-04-05	75.22	75.87	74.61	75.18	1267700.00
2011-04-06	75.71	76.04	74.69	75.01	1108100.00
2011-04-07	75.22	76.04	74.61	75.75	1763900.00
2011-04-08	76.10	76.44	74.13	74.48	1141500.00
2011-04-11	74.53	75.14	74.10	74.43	920000.00
2011-04-12	73.90	74.36	72.58	72.97	1556600.00
2011-04-13	73.16	73.95	72.29	73.13	1387200.00
2011-04-14	72.57	73.51	72.04	73.39	882300.00
2011-04-15	73.53	73.61	72.89	73.14	1086100.00
2011-04-18	71.94	72.14	71.19	71.91	998800.00
2011-04-19	72.10	73.54	72.10	73.36	1286800.00
2011-04-20	74.42	75.06	73.88	74.94	1128000.00
2011-04-21	75.36	75.59	74.94	75.46	617400.00
2011-04-25	75.80	75.80	74.42	74.49	812300.00
2011-04-26	75.01	77.68	74.86	76.97	2100000.00
2011-04-27	75.58	75.58	72.01	73.05	4719900.00
2011-04-28	73.91	73.98	72.65	73.54	2186100.00
2011-04-29	73.83	74.43	73.65	73.71	1660100.00
2011-05-02	74.08	74.43	72.68	72.93	1620200.00
2011-05-03	74.26	74.43	72.07	72.15	2144500.00
2011-05-04	71.96	72.31	70.20	70.32	2516800.00
2011-05-05	69.91	70.86	69.24	69.64	2905900.00
2011-05-06	70.59	70.92	69.26	69.76	2388200.00
2011-05-09	69.57	70.77	69.24	69.88	1810400.00
2011-05-10	70.26	70.89	69.86	70.84	1811200.00
2011-05-11	70.53	70.58	68.50	68.82	2218200.00
2011-05-12	68.75	69.65	67.75	69.47	2356500.00
2011-05-13	69.43	69.66	68.16	68.66	1084300.00
2011-05-16	68.15	69.26	67.81	68.82	2318900.00
2011-05-17	68.22	68.55	66.66	66.90	2230900.00
2011-05-18	67.01	68.51	67.00	68.31	1742200.00
2011-05-19	68.68	69.31	68.40	68.90	1229200.00
2011-05-20	68.75	68.95	67.74	67.83	2105700.00
2011-05-23	66.81	66.87	65.78	66.64	1950800.00
2011-05-24	67.05	67.79	66.66	67.33	2081500.00
2011-05-25	66.93	69.43	66.70	68.84	2558800.00
2011-05-26	68.40	69.24	68.26	69.06	1432200.00
2011-05-27	69.45	70.57	69.32	70.14	1373200.00
2011-05-31	70.74	71.10	68.99	69.72	2234400.00
2011-06-01	69.27	69.66	67.03	67.20	2745300.00
2011-06-02	67.31	69.04	67.24	68.19	2310100.00
2011-06-03	67.14	68.60	66.86	67.71	1737600.00
2011-06-06	67.32	68.65	67.24	68.40	2775500.00
2011-06-07	68.60	69.17	68.13	68.15	1788000.00
2011-06-08	68.02	68.32	67.56	67.94	1530600.00
2011-06-09	68.23	69.31	67.99	68.90	1526100.00
2011-06-10	68.48	68.48	67.18	67.35	1684000.00
2011-06-13	67.49	68.46	67.27	67.90	1906600.00
2011-06-14	68.80	69.92	68.70	69.66	1339800.00
2011-06-15	68.80	68.99	67.47	67.82	1765700.00
2011-06-16	68.44	68.44	66.70	67.60	1891100.00
2011-06-17	68.15	68.41	66.72	66.95	2020500.00
2011-06-20	66.77	67.13	66.31	66.93	2159700.00
2011-06-21	67.14	67.71	66.89	67.59	4576500.00
2011-06-22	67.56	68.88	67.33	67.91	1771000.00
2011-06-23	67.00	67.61	66.25	67.53	2095400.00
2011-06-24	67.52	67.86	66.64	66.73	1229200.00
2011-06-27	66.18	67.67	65.64	67.27	1067500.00
2011-06-28	67.34	68.66	67.03	68.18	1355800.00
2011-06-29	68.42	69.07	67.92	68.21	1462100.00
2011-06-30	68.56	71.09	68.33	70.42	2442400.00
2011-07-01	70.43	72.20	70.16	71.87	1988600.00
2011-07-05	71.94	72.04	70.93	71.14	1166500.00
2011-07-06	70.79	71.14	70.44	70.82	1377600.00
2011-07-07	71.66	71.68	70.63	70.72	1678100.00
2011-07-08	69.58	70.13	69.35	70.05	996900.00
2011-07-11	68.92	69.13	67.55	68.26	1438300.00
2011-07-12	67.92	68.51	67.56	67.64	1140700.00
2011-07-13	68.13	68.84	67.77	67.93	1417600.00
2011-07-14	67.93	68.50	66.58	66.71	1130200.00
2011-07-15	67.17	68.75	67.09	68.63	2318500.00
2011-07-18	68.42	68.46	67.02	67.41	1003700.00
2011-07-19	67.99	68.94	67.73	68.68	1177300.00
2011-07-20	69.01	69.01	67.88	68.46	883200.00
2011-07-21	68.96	70.02	68.03	69.44	1194200.00
2011-07-22	69.34	69.34	67.98	68.62	1222700.00
2011-07-25	67.79	69.62	67.79	68.93	1209100.00
2011-07-26	68.97	68.99	66.22	66.47	2111600.00
2011-07-27	65.85	65.92	62.56	62.72	3856600.00
2011-07-28	62.82	63.18	61.47	61.65	2107600.00
2011-07-29	60.82	62.60	60.61	62.01	2527000.00
2011-08-01	63.17	63.28	59.80	60.78	3116600.00
2011-08-02	58.08	58.64	55.48	55.62	7193500.00
2011-08-03	54.85	56.87	54.17	56.65	4465600.00
2011-08-04	55.28	55.54	53.09	53.24	4100800.00
2011-08-05	54.27	54.53	51.32	53.05	3874300.00
2011-08-08	51.70	52.56	48.71	48.79	4557700.00
2011-08-09	49.69	52.66	48.68	52.50	5348500.00
2011-08-10	50.32	51.55	49.28	49.45	4364400.00
2011-08-11	49.75	53.17	49.55	52.35	5009600.00
2011-08-12	52.75	54.79	52.63	54.60	4135300.00
2011-08-15	55.17	55.88	55.07	55.79	3494800.00
2011-08-16	55.10	55.50	54.69	54.91	2736200.00
2011-08-17	55.28	55.77	54.04	54.22	3192900.00
2011-08-18	52.31	52.62	50.99	51.51	3351500.00
2011-08-19	50.47	52.29	50.16	50.25	2761100.00
2011-08-22	51.58	51.74	49.70	49.91	2251500.00
2011-08-23	50.19	51.54	49.59	51.53	3055900.00
2011-08-24	51.53	53.32	51.14	53.24	2795600.00
2011-08-25	53.40	54.10	51.71	51.91	1571200.00
2011-08-26	51.29	53.58	50.62	53.42	1333200.00
2011-08-29	54.74	55.93	54.44	55.86	1694700.00
2011-08-30	55.56	56.72	55.28	56.34	2288900.00
2011-08-31	56.84	59.07	56.83	57.94	3337000.00
2011-09-01	57.88	58.52	56.94	57.04	2396900.00
2011-09-02	55.86	55.94	54.45	54.77	2059700.00
2011-09-06	53.49	53.87	52.24	53.71	3013500.00
2011-09-07	54.89	55.65	54.30	55.47	2012300.00
2011-09-08	54.88	55.82	54.70	54.99	2915200.00
2011-09-09	53.92	54.42	51.78	52.38	3606200.00
2011-09-12	51.67	52.25	50.73	52.14	2817400.00
2011-09-13	52.23	53.84	52.08	53.41	1966200.00
2011-09-14	53.69	55.52	52.98	54.72	2602700.00
2011-09-15	55.47	55.83	54.64	55.70	1971500.00
2011-09-16	55.98	56.63	54.88	55.29	2532100.00
2011-09-19	54.13	55.14	53.13	54.81	1397800.00
2011-09-20	55.11	55.21	53.11	53.16	1565700.00
2011-09-21	53.33	53.49	50.96	50.98	1559600.00
2011-09-22	49.13	49.51	47.98	48.85	2395600.00
2011-09-23	48.38	50.26	48.25	49.17	1836500.00
2011-09-26	49.51	50.20	47.63	50.10	2162000.00
2011-09-27	51.09	52.92	51.03	51.50	2050700.00
2011-09-28	51.78	52.30	50.66	50.73	2679500.00
2011-09-29	52.31	53.41	50.45	51.58	2141500.00
2011-09-30	50.44	51.09	49.06	49.81	3027300.00
2011-10-03	49.45	50.60	47.85	47.98	2440400.00
2011-10-04	46.83	49.82	46.76	49.70	1900000.00
2011-10-05	49.87	51.45	49.37	51.28	1699500.00
2011-10-06	51.07	53.24	50.68	52.24	2470800.00
2011-10-07	52.57	52.86	51.17	52.08	1992800.00
2011-10-10	53.28	55.42	53.27	55.39	2032700.00
2011-10-11	55.03	56.95	54.81	56.33	2124400.00
2011-10-12	57.30	58.19	57.01	57.48	1698000.00
2011-10-13	56.87	57.26	55.95	57.03	1285900.00
2011-10-14	57.86	58.35	56.75	58.08	1931700.00
2011-10-17	59.17	59.17	56.55	57.37	3631200.00
2011-10-18	59.86	61.68	57.27	60.87	5080200.00
2011-10-19	60.98	62.73	59.87	60.18	3380700.00
2011-10-20	60.49	61.15	59.34	60.80	2395500.00
2011-10-21	61.77	62.10	60.77	61.43	2378400.00
2011-10-24	61.43	63.41	61.43	63.02	2225400.00
2011-10-25	62.51	62.51	60.62	61.19	2057000.00
2011-10-26	62.46	62.46	60.98	61.88	2575300.00
2011-10-27	64.03	67.23	63.12	66.39	3889000.00
2011-10-28	66.44	66.67	65.02	66.19	1912300.00
2011-10-31	64.75	65.39	63.28	64.35	3420900.00
2011-11-01	61.92	63.40	59.71	61.94	2785400.00
2011-11-02	64.01	64.11	62.74	63.84	1673300.00
2011-11-03	64.89	66.78	63.97	66.62	2194900.00
2011-11-04	65.75	66.94	64.96	66.71	2509600.00
2011-11-07	66.45	66.83	64.19	65.46	2147000.00
2011-11-08	66.20	66.81	64.44	66.37	2172400.00
2011-11-09	64.60	64.91	63.04	63.56	2376700.00
2011-11-10	64.47	65.89	64.17	65.29	2454900.00
2011-11-11	66.19	67.31	65.91	66.75	1148400.00
2011-11-14	66.23	67.29	66.06	66.73	1709700.00
2011-11-15	66.36	68.03	65.88	67.63	1702900.00
2011-11-16	66.88	67.64	65.81	65.93	1504800.00
2011-11-17	65.89	65.91	63.68	64.09	1558200.00
2011-11-18	64.84	65.20	64.04	64.27	1320100.00
2011-11-21	63.22	63.33	61.86	62.54	1531500.00
2011-11-22	62.27	63.16	61.26	61.84	1791400.00
2011-11-23	61.37	61.37	59.92	60.13	1365000.00
2011-11-25	60.07	60.62	59.41	59.43	497800.00
2011-11-28	61.35	63.35	61.35	62.90	1982300.00
2011-11-29	63.37	63.90	61.95	62.03	2570500.00
2011-11-30	64.13	65.66	64.12	65.61	2320300.00
2011-12-01	65.61	66.63	65.35	65.80	1455900.00
2011-12-02	66.85	67.06	64.83	65.08	1932100.00
2011-12-05	66.48	67.07	65.07	65.65	1660800.00
2011-12-06	65.42	67.04	65.27	66.47	1601800.00
2011-12-07	65.96	66.45	64.50	64.91	2903700.00
2011-12-08	64.25	64.80	62.81	63.02	2633100.00
2011-12-09	63.37	64.54	63.13	64.21	1406300.00
2011-12-12	63.60	63.60	62.11	63.15	1172500.00
2011-12-13	63.58	64.20	61.58	62.08	1189600.00
2011-12-14	61.62	61.63	60.04	60.20	1501900.00
2011-12-15	61.05	61.17	59.78	59.98	1209800.00
2011-12-16	60.65	61.74	59.28	59.46	2400300.00
2011-12-19	59.86	60.23	58.35	58.55	810900.00
2011-12-20	59.66	60.82	59.64	60.59	1160700.00
2011-12-21	60.31	60.39	59.28	60.25	994400.00
2011-12-22	60.53	60.84	59.89	60.35	1140800.00
2011-12-23	60.83	61.40	60.51	61.36	614600.00
2011-12-27	61.04	62.26	60.96	61.76	733600.00
2011-12-28	61.70	61.90	60.16	60.26	916600.00
2011-12-29	60.25	61.28	60.18	60.86	683700.00
2011-12-30	60.91	61.11	60.42	60.43	841100.00
2012-01-03	62.07	63.21	61.95	62.48	1767300.00
2012-01-04	62.45	62.80	62.11	62.22	1715300.00
2012-01-05	61.55	62.81	61.01	62.57	2157500.00
2012-01-06	62.79	62.94	60.96	61.53	3096500.00
2012-01-09	61.76	62.64	61.17	62.47	1467800.00
2012-01-10	63.47	64.46	63.26	64.37	1553400.00
2012-01-11	63.80	64.95	63.73	64.77	1033800.00
2012-01-12	65.02	65.94	64.48	65.85	1034100.00
2012-01-13	65.09	65.62	64.46	65.34	803200.00
2012-01-17	66.16	67.05	65.74	66.16	1647100.00
2012-01-18	65.98	67.46	65.46	67.42	1389000.00
2012-01-19	67.76	68.64	66.97	67.34	2856600.00
2012-01-20	64.35	64.99	63.79	64.61	4973600.00
2012-01-23	64.40	64.99	63.65	64.75	1899500.00
2012-01-24	64.26	64.91	64.09	64.41	1532400.00
2012-01-25	64.33	65.53	63.67	65.28	1434400.00
2012-01-26	65.30	65.55	64.20	64.59	1484500.00
2012-01-27	64.31	64.85	64.09	64.59	1032200.00
2012-01-30	63.97	64.77	63.81	64.56	961400.00
2012-01-31	64.93	65.09	63.31	63.94	2045000.00
2012-02-01	65.20	65.77	64.45	65.47	1318000.00
2012-02-02	65.48	65.76	64.83	65.39	1108000.00
2012-02-03	66.27	68.00	66.27	67.94	1821000.00
2012-02-06	67.49	69.29	67.49	68.70	1678800.00
2012-02-07	68.37	70.04	68.20	69.55	2194700.00
2012-02-08	69.82	70.27	69.52	70.18	2179200.00
2012-02-09	70.17	70.48	69.76	70.20	1150300.00
2012-02-10	69.32	69.73	68.69	69.67	1121200.00
2012-02-13	70.47	71.94	70.07	71.85	1921200.00
2012-02-14	71.19	71.40	70.28	70.84	1511100.00
2012-02-15	71.13	71.18	69.44	69.74	1896200.00
2012-02-16	69.72	71.29	69.71	71.06	1357700.00
2012-02-17	71.56	71.59	70.48	70.51	1311100.00
2012-02-21	70.57	72.45	70.57	71.65	2193600.00
2012-02-22	71.51	72.00	71.02	71.65	1210900.00
2012-02-23	71.39	72.17	71.08	71.98	1425000.00
2012-02-24	72.12	72.45	71.26	71.35	854900.00
2012-02-27	70.59	72.19	70.55	71.84	1008900.00
2012-02-28	71.89	72.20	71.16	71.84	1331600.00
2012-02-29	72.08	72.82	71.44	71.50	1379800.00
2012-03-01	71.70	72.19	70.34	71.12	1471000.00
2012-03-02	71.12	71.38	70.39	70.49	831000.00
2012-03-05	70.43	70.67	69.56	70.18	1007400.00
2012-03-06	69.18	69.20	67.91	68.10	1912600.00
2012-03-07	68.37	69.00	68.13	68.62	1107800.00
2012-03-08	69.44	70.03	68.92	69.94	978200.00
2012-03-09	70.01	71.01	69.64	70.23	637500.00
2012-03-12	70.22	71.02	70.03	70.96	1553900.00
2012-03-13	71.32	71.60	70.69	71.41	1296800.00
2012-03-14	71.27	71.74	70.82	71.04	835300.00
2012-03-15	71.12	72.35	70.78	72.25	924800.00
2012-03-16	72.42	72.45	71.72	71.77	870400.00
2012-03-19	71.65	71.79	70.60	71.31	1001600.00
2012-03-20	70.71	70.86	69.54	69.98	966300.00
2012-03-21	69.92	70.27	69.41	69.53	667800.00
2012-03-22	68.65	68.73	66.63	67.58	1879800.00
2012-03-23	67.73	68.43	66.90	68.17	1037100.00
2012-03-26	68.70	69.51	68.53	69.24	1232900.00
2012-03-27	69.24	69.51	68.43	68.46	1097400.00
2012-03-28	68.39	68.49	66.67	67.21	1269100.00
2012-03-29	66.71	67.48	66.65	67.34	1130100.00
2012-03-30	67.66	68.01	66.71	67.31	987500.00
2012-04-02	67.29	68.74	66.75	68.49	1011400.00
2012-04-03	68.20	68.54	67.41	67.90	1117300.00
2012-04-04	66.92	67.41	66.34	66.45	1487000.00
2012-04-05	66.23	66.75	66.04	66.16	875900.00
2012-04-09	65.20	65.97	64.91	65.76	1008100.00
2012-04-10	65.47	65.75	64.48	64.83	1513700.00
2012-04-11	65.72	66.13	64.67	65.29	1255900.00
2012-04-12	65.42	66.94	65.42	66.63	1303100.00
2012-04-13	66.27	66.53	65.25	65.30	1007300.00
2012-04-16	65.68	66.20	65.03	65.25	808500.00
2012-04-17	65.67	66.85	65.43	66.28	935500.00
2012-04-18	65.70	66.20	65.48	65.84	910200.00
2012-04-19	65.77	65.90	64.44	64.95	938400.00
2012-04-20	65.21	66.17	64.91	65.91	1065600.00
2012-04-23	64.62	65.14	64.04	64.44	1875700.00
2012-04-24	66.51	70.26	66.01	70.03	5323800.00
2012-04-25	69.57	71.21	68.57	69.32	2874000.00
2012-04-26	69.34	69.99	68.98	69.52	1280400.00
2012-04-27	69.87	71.02	69.75	70.85	1747100.00
2012-04-30	70.85	70.85	69.32	69.81	1269700.00
2012-05-01	69.52	70.63	68.49	69.72	1893000.00
2012-05-02	69.41	70.36	69.37	70.19	1449300.00
2012-05-03	70.22	70.47	68.74	69.07	1439100.00
2012-05-04	68.83	68.83	67.09	67.78	1401700.00
2012-05-07	67.44	68.53	67.24	67.44	1718600.00
2012-05-08	67.15	68.55	66.25	68.31	2938800.00
2012-05-09	67.35	70.17	67.12	68.43	2427100.00
2012-05-10	69.05	69.73	68.73	68.97	2053200.00
2012-05-11	68.61	70.39	68.37	69.48	1579500.00
2012-05-14	68.40	68.85	68.02	68.09	1882300.00
2012-05-15	67.93	68.25	67.13	67.38	1081300.00
2012-05-16	67.89	67.89	66.45	66.54	1729300.00
2012-05-17	66.61	66.71	64.29	64.96	2409400.00
2012-05-18	65.29	65.85	64.01	64.49	2206500.00
2012-05-21	64.89	66.54	64.89	66.21	1716500.00
2012-05-22	66.37	67.19	65.86	66.89	1549300.00
2012-05-23	66.28	67.99	65.46	67.84	1477300.00
2012-05-24	67.97	68.11	66.63	67.57	1488800.00
2012-05-25	67.46	67.91	66.93	67.49	1208700.00
2012-05-29	68.09	69.60	67.94	69.18	1542000.00
2012-05-30	68.16	68.22	67.40	67.59	1094400.00
2012-05-31	66.34	66.87	64.80	65.39	2607600.00
2012-06-01	64.11	64.14	62.11	62.29	3441100.00
2012-06-04	62.36	62.67	60.52	62.26	2830300.00
2012-06-05	61.90	62.87	61.40	62.69	1538900.00
2012-06-06	63.26	64.24	63.08	64.20	1461800.00
2012-06-07	64.46	66.37	64.45	64.63	1546100.00
2012-06-08	64.17	65.33	63.89	65.01	948800.00
2012-06-11	65.85	65.97	64.16	64.24	1650800.00
2012-06-12	64.64	65.68	64.48	65.43	1765200.00
2012-06-13	64.91	64.91	62.92	63.14	2738800.00
2012-06-14	63.09	63.68	62.22	62.77	1731900.00
2012-06-15	62.69	63.09	62.45	62.98	1614800.00
2012-06-18	62.62	63.54	62.25	63.29	865300.00
2012-06-19	63.68	65.57	63.68	65.13	1341300.00
2012-06-20	65.05	65.22	63.37	63.69	1699000.00
2012-06-21	63.94	64.25	61.60	61.67	1694500.00
2012-06-22	61.76	62.14	60.54	61.34	2750800.00
2012-06-25	60.25	60.53	59.01	59.51	1959800.00
2012-06-26	59.64	59.82	58.24	58.98	2596900.00
2012-06-27	59.29	60.05	59.08	59.90	1366400.00
2012-06-28	59.31	59.61	57.52	58.48	2525600.00
2012-06-29	59.61	61.66	59.61	61.50	1908000.00
2012-07-02	61.76	61.79	59.97	60.55	1399700.00
2012-07-03	60.37	61.74	59.75	61.74	854100.00
2012-07-05	61.44	62.46	60.91	62.00	1130600.00
2012-07-06	61.13	61.13	60.01	60.59	1375500.00
2012-07-09	60.28	60.84	59.45	59.68	2308200.00
2012-07-10	59.65	60.96	57.41	58.09	3264300.00
2012-07-11	59.01	59.01	57.24	57.47	1938000.00
2012-07-12	56.54	58.20	56.33	57.80	1594300.00
2012-07-13	57.86	59.22	57.82	59.12	1205900.00
2012-07-16	57.97	58.70	57.63	58.38	1783900.00
2012-07-17	58.64	59.33	57.89	59.10	1231600.00
2012-07-18	58.39	61.92	57.76	61.19	2926200.00
2012-07-19	61.13	63.03	60.93	62.26	2752700.00
2012-07-20	61.51	62.48	61.09	61.57	1187200.00
2012-07-23	58.53	62.90	58.01	61.41	2435300.00
2012-07-24	61.44	61.75	60.06	60.81	1316900.00
2012-07-25	61.43	62.29	60.60	61.29	1109500.00
2012-07-26	62.64	63.58	61.94	62.75	1185500.00
2012-07-27	61.54	65.40	61.54	65.12	1708300.00
2012-07-30	65.04	65.38	63.96	64.59	1458600.00
2012-07-31	64.37	65.20	64.14	64.25	1529700.00
2012-08-01	64.78	66.05	64.66	65.25	2247400.00
2012-08-02	63.60	64.39	60.93	63.08	3632900.00
2012-08-03	64.32	64.60	63.35	63.97	1764800.00
2012-08-06	64.40	64.79	63.76	64.45	1762100.00
2012-08-07	64.96	66.49	64.78	65.84	1466700.00
2012-08-08	65.37	65.79	65.05	65.46	1018100.00
2012-08-09	65.54	66.18	65.43	65.69	1490100.00
2012-08-10	65.41	67.00	65.31	66.77	1177700.00
2012-08-13	66.49	66.73	65.80	66.35	880800.00
2012-08-14	66.85	66.85	65.58	65.84	870100.00
2012-08-15	65.48	65.61	64.87	65.49	1574900.00
2012-08-16	65.60	66.77	65.44	66.51	1009300.00
2012-08-17	66.74	67.11	66.53	67.06	965700.00
2012-08-20	66.76	66.89	65.64	66.25	868600.00
2012-08-21	66.53	67.20	65.61	65.81	1038800.00
2012-08-22	65.78	66.00	65.09	65.74	804000.00
2012-08-23	65.54	65.73	64.80	65.41	779300.00
2012-08-24	65.48	65.88	64.75	65.59	1272300.00
2012-08-27	65.88	65.98	65.19	65.45	1016100.00
2012-08-28	65.29	65.49	64.89	64.94	805200.00
2012-08-29	65.04	65.11	64.03	64.46	923500.00
2012-08-30	63.99	64.33	63.23	63.75	1383600.00
2012-08-31	64.42	64.70	63.61	64.30	697500.00
2012-09-04	64.07	64.64	63.48	64.33	1243800.00
2012-09-05	64.47	64.56	63.72	63.86	1397600.00
2012-09-06	64.43	66.19	64.34	66.16	2222400.00
2012-09-07	66.48	68.55	66.35	67.29	1631200.00
2012-09-10	67.01	67.93	66.86	67.30	1175400.00
2012-09-11	67.34	68.27	67.22	67.87	873100.00
2012-09-12	68.02	68.52	67.50	67.67	840800.00
2012-09-13	67.52	69.10	66.91	68.84	1177400.00
2012-09-14	68.79	70.52	68.79	69.45	2078900.00
2012-09-17	69.11	69.25	68.02	68.28	1296100.00
2012-09-18	68.16	68.50	67.82	68.49	1058900.00
2012-09-19	68.48	69.27	68.30	69.09	936100.00
2012-09-20	68.50	68.85	67.81	68.78	1267900.00
2012-09-21	69.18	69.44	68.57	68.74	812800.00
2012-09-24	68.34	69.11	68.20	68.81	874800.00
2012-09-25	68.37	68.73	66.83	66.88	1673500.00
2012-09-26	66.81	67.08	65.80	66.14	1140200.00
2012-09-27	66.65	67.76	66.44	67.28	1277400.00
2012-09-28	66.87	67.66	66.07	67.20	1232300.00
2012-10-01	67.35	68.61	66.93	67.08	1157800.00
2012-10-02	67.34	67.68	66.75	67.21	781900.00
2012-10-03	67.31	67.62	66.79	67.15	563400.00
2012-10-04	67.54	67.74	66.93	66.95	1470200.00
2012-10-05	67.62	68.32	67.30	67.87	723500.00
2012-10-08	66.93	67.35	66.61	66.93	898100.00
2012-10-09	67.12	67.12	65.49	65.51	1203300.00
2012-10-10	64.94	64.95	62.95	63.71	2630200.00
2012-10-11	64.30	64.96	63.53	63.66	1081300.00
2012-10-12	63.82	64.30	63.27	63.84	941100.00
2012-10-15	63.92	64.96	63.31	64.86	1565300.00
2012-10-16	64.84	66.15	64.83	65.90	1611200.00
2012-10-17	65.93	67.94	65.84	67.63	2033900.00
2012-10-18	67.20	68.68	66.88	68.40	2507000.00
2012-10-19	62.77	64.44	61.72	63.11	6173800.00
2012-10-22	62.81	63.82	62.00	62.79	2296400.00
2012-10-23	61.67	61.93	60.94	61.70	2111600.00
2012-10-24	61.88	62.32	61.05	61.22	1069300.00
2012-10-25	62.08	62.87	61.95	62.37	1543900.00
2012-10-26	62.52	62.63	61.77	62.37	1241900.00
2012-10-31	62.45	63.80	62.34	63.24	1388500.00
2012-11-01	63.30	65.25	63.15	65.02	2810200.00
2012-11-02	65.36	65.82	63.77	63.86	1420600.00
2012-11-05	63.30	64.42	62.81	64.29	1246600.00
2012-11-06	64.66	65.15	64.38	64.66	911000.00
2012-11-07	64.08	64.08	62.52	62.59	1982600.00
2012-11-08	63.37	64.50	63.18	63.45	2594300.00
2012-11-09	63.18	64.39	62.63	63.91	2253400.00
2012-11-12	63.87	64.37	63.37	63.96	846400.00
2012-11-13	63.17	64.34	63.06	63.22	1054200.00
2012-11-14	63.55	64.07	62.50	62.65	1728400.00
2012-11-15	62.84	64.25	62.63	63.51	1775100.00
2012-11-16	63.63	64.78	63.32	64.66	1991100.00
2012-11-19	65.22	65.86	64.93	65.50	1169700.00
2012-11-20	65.26	65.41	63.89	64.42	1471300.00
2012-11-21	64.52	65.21	64.21	64.73	1057600.00
2012-11-23	65.13	66.05	64.63	65.81	381000.00
2012-11-26	65.45	66.36	65.21	65.79	1214400.00
2012-11-27	65.60	66.33	64.66	65.51	1010600.00
2012-11-28	65.21	66.96	64.88	66.78	1310300.00
2012-11-29	67.21	67.56	66.83	67.39	1350500.00
2012-11-30	67.28	67.37	65.94	66.39	2209700.00
2012-12-03	66.87	66.90	64.87	64.89	1497300.00
2012-12-04	65.03	65.81	64.77	65.60	964400.00
2012-12-05	65.68	67.15	65.49	66.99	1522800.00
2012-12-06	66.76	67.03	65.93	66.53	1213900.00
2012-12-07	66.90	67.79	66.81	67.73	975500.00
2012-12-10	67.75	68.21	67.46	67.83	1049100.00
2012-12-11	68.04	68.28	67.20	67.40	1336500.00
2012-12-12	67.81	68.22	67.11	67.17	883300.00
2012-12-13	67.02	67.60	66.79	67.27	1060500.00
2012-12-14	67.07	68.21	67.07	67.47	1055400.00
2012-12-17	67.66	67.95	67.22	67.55	1089700.00
2012-12-18	67.79	70.34	67.66	70.02	2241500.00
2012-12-19	69.92	70.08	69.43	69.67	1366400.00
2012-12-20	69.56	70.00	69.26	69.94	1055200.00
2012-12-21	68.82	69.16	67.88	68.81	2423600.00
2012-12-24	68.75	69.50	68.46	68.59	315500.00
2012-12-26	68.88	68.88	68.30	68.42	497700.00
2012-12-27	68.43	68.75	67.39	68.28	599500.00
2012-12-28	67.67	68.53	67.63	67.77	491400.00
2012-12-31	67.50	68.83	67.20	68.74	831700.00
2013-01-02	70.67	71.58	69.91	70.84	1962800.00
2013-01-03	70.79	71.71	70.67	71.39	1336100.00
2013-01-04	71.64	71.86	71.36	71.78	775700.00
2013-01-07	71.18	71.40	70.52	71.32	1447300.00
2013-01-08	71.66	71.91	70.72	71.37	1242600.00
2013-01-09	71.62	72.93	71.59	72.87	1482500.00
2013-01-10	73.25	73.32	71.63	72.41	1636500.00
2013-01-11	72.34	72.34	71.40	71.96	903000.00
2013-01-14	71.92	72.32	71.50	72.18	957800.00
2013-01-15	71.58	72.73	71.55	72.44	833500.00
2013-01-16	72.02	72.69	71.71	72.60	933400.00
2013-01-17	72.73	74.29	72.49	73.83	2330600.00
2013-01-18	74.75	75.72	72.73	75.72	4266000.00
2013-01-22	75.37	75.62	74.27	75.38	1933900.00
2013-01-23	75.35	75.68	74.89	75.20	1378400.00
2013-01-24	75.15	76.52	75.02	75.94	1225700.00
2013-01-25	76.27	76.42	75.71	76.26	723900.00
2013-01-28	76.57	76.62	75.62	75.82	1262500.00
2013-01-29	75.62	76.21	75.38	76.09	952600.00
2013-01-30	76.04	76.59	75.23	75.38	1052800.00
2013-01-31	75.49	76.08	74.99	75.13	1199400.00
2013-02-01	75.90	76.05	75.43	75.84	1509100.00
2013-02-04	75.20	75.67	74.71	74.76	1032000.00
2013-02-05	75.59	76.25	75.20	75.92	1709000.00
2013-02-06	75.40	76.18	74.80	75.87	1010000.00
2013-02-07	76.05	76.83	75.56	76.15	1047700.00
2013-02-08	76.18	76.70	76.06	76.57	566500.00
2013-02-11	76.39	76.78	75.85	76.63	640000.00
2013-02-12	76.54	77.60	76.27	77.27	1152700.00
2013-02-13	77.61	78.40	77.43	78.20	1549900.00
2013-02-14	77.75	78.77	77.56	78.19	1044900.00
2013-02-15	78.16	78.98	77.70	77.97	1215200.00
2013-02-19	78.19	79.15	78.16	79.12	1113000.00
2013-02-20	79.10	79.10	76.92	77.14	1364000.00
2013-02-21	76.78	76.78	75.19	75.71	1335500.00
2013-02-22	76.22	76.83	76.00	76.75	898900.00
2013-02-25	77.20	77.33	73.74	73.80	1650500.00
2013-02-26	74.39	74.91	73.91	74.41	1576600.00
2013-02-27	74.28	76.13	74.24	75.96	1144800.00
2013-02-28	76.03	77.34	75.55	76.70	1036700.00
2013-03-01	76.17	77.04	75.30	76.68	924200.00
2013-03-04	76.43	76.45	75.11	76.03	960800.00
2013-03-05	76.75	78.52	76.75	78.30	1281200.00
2013-03-06	78.73	78.92	77.88	78.28	741800.00
2013-03-07	78.45	79.36	78.28	78.94	1067500.00
2013-03-08	79.29	79.68	78.78	79.52	971800.00
2013-03-11	79.24	79.61	79.01	79.50	602500.00
2013-03-12	79.32	79.36	77.96	78.79	1078600.00
2013-03-13	78.81	78.93	78.13	78.74	644800.00
2013-03-14	79.00	79.52	78.81	78.95	1006800.00
2013-03-15	78.51	79.01	78.18	78.52	1174900.00
2013-03-18	77.58	78.54	77.09	78.00	1106900.00
2013-03-19	78.16	78.31	76.21	77.27	1120800.00
2013-03-20	77.64	77.87	76.62	77.10	1107800.00
2013-03-21	76.15	76.48	74.61	74.71	1700400.00
2013-03-22	74.59	74.99	74.45	74.75	1342800.00
2013-03-25	75.24	75.35	73.33	73.86	1177300.00
2013-03-26	74.56	74.56	73.22	73.29	1549800.00
2013-03-27	72.61	73.33	72.00	73.19	1458500.00
2013-03-28	73.29	74.35	72.80	74.35	1241700.00
2013-04-01	74.19	74.36	72.67	72.78	895900.00
2013-04-02	73.18	73.36	71.69	72.08	1164200.00
2013-04-03	71.98	72.21	70.80	71.06	1824700.00
2013-04-04	71.25	72.80	71.22	72.59	1686400.00
2013-04-05	71.26	72.80	71.21	72.56	1767300.00
2013-04-08	72.49	73.24	72.33	72.98	969500.00
2013-04-09	73.33	73.95	72.83	73.51	777400.00
2013-04-10	73.63	73.95	73.06	73.40	1387800.00
2013-04-11	73.48	73.56	72.83	73.03	1429400.00
2013-04-12	72.67	72.85	71.82	72.29	1037200.00
2013-04-15	71.74	71.83	69.79	69.79	1795400.00
2013-04-16	70.57	71.54	70.16	71.46	1159200.00
2013-04-17	70.70	71.49	69.79	71.24	1593900.00
2013-04-18	71.28	71.47	69.49	69.76	901400.00
2013-04-19	70.15	70.24	69.11	69.45	1529000.00
2013-04-22	69.67	70.93	68.60	70.33	1438700.00
2013-04-23	70.68	71.34	70.45	71.18	959700.00
2013-04-24	71.52	72.68	71.48	72.55	1316300.00
2013-04-25	72.74	74.08	72.50	73.51	1336600.00
2013-04-26	73.60	73.98	71.50	72.04	894900.00
2013-04-29	72.57	73.06	71.90	72.12	762800.00
2013-04-30	71.99	72.03	70.88	71.90	1540100.00
2013-05-01	71.47	71.67	70.68	70.79	1288300.00
2013-05-02	71.12	71.90	70.92	71.84	1068900.00
2013-05-03	73.03	75.28	73.03	74.19	1327900.00
2013-05-06	74.06	74.84	73.89	74.59	1076600.00
2013-05-07	74.90	75.90	74.75	75.61	854000.00
2013-05-08	75.46	76.06	75.20	76.06	1054600.00
2013-05-09	75.99	76.59	75.70	75.83	825400.00
2013-05-10	75.99	77.05	75.97	76.72	920900.00
2013-05-13	76.48	77.42	76.10	76.68	917300.00
2013-05-14	76.59	78.98	76.59	78.87	1293200.00
2013-05-15	78.23	79.91	77.83	79.81	1447700.00
2013-05-16	79.47	80.07	79.07	79.61	1480400.00
2013-05-17	80.16	81.59	79.97	81.59	1857700.00
2013-05-20	81.29	82.57	80.98	82.05	723500.00
2013-05-21	81.96	82.56	81.37	82.36	1240600.00
2013-05-22	82.41	83.11	80.96	81.27	763000.00
2013-05-23	80.47	81.24	79.87	81.02	812900.00
2013-05-24	80.31	80.58	79.56	80.18	749800.00
2013-05-28	81.35	81.52	80.12	80.19	799800.00
2013-05-29	79.52	80.66	79.41	79.89	864700.00
2013-05-30	80.11	81.93	79.73	81.46	966500.00
2013-05-31	81.18	83.01	80.77	81.38	1319200.00
2013-06-03	81.55	81.80	79.75	80.58	1414300.00
2013-06-04	80.69	81.80	80.18	80.31	1562800.00
2013-06-05	79.91	80.23	78.53	78.76	1173300.00
2013-06-06	78.80	79.36	78.32	79.17	1527500.00
2013-06-07	79.84	80.61	79.25	80.22	750300.00
2013-06-10	80.44	80.66	79.93	80.44	763500.00
2013-06-11	79.41	80.46	79.22	80.09	1146500.00
2013-06-12	80.66	80.66	78.97	79.03	913800.00
2013-06-13	79.07	80.28	78.55	79.96	837400.00
2013-06-14	78.71	79.95	78.71	79.47	477700.00
2013-06-17	80.02	80.18	79.28	79.76	762600.00
2013-06-18	79.78	80.75	79.64	80.52	1042500.00
2013-06-19	80.59	80.98	79.74	79.81	1150900.00
2013-06-20	79.03	79.03	77.75	78.08	1651600.00
2013-06-21	78.67	78.84	77.16	77.38	2063000.00
2013-06-24	76.52	76.52	75.12	75.78	1520900.00
2013-06-25	76.56	77.16	76.13	76.94	1084800.00
2013-06-26	77.60	78.43	77.31	77.93	1235100.00
2013-06-27	78.44	78.85	77.78	78.62	742800.00
2013-06-28	78.32	78.71	77.83	77.83	2440300.00
2013-07-01	78.61	79.58	78.27	79.11	752200.00
2013-07-02	78.98	79.33	77.78	77.94	1106100.00
2013-07-03	77.51	78.06	77.34	77.76	566000.00
2013-07-05	78.45	79.64	78.45	79.64	799100.00
2013-07-08	79.97	80.03	78.54	78.64	1218400.00
2013-07-09	79.17	80.32	79.05	79.95	959900.00
2013-07-10	79.40	80.29	79.32	80.05	742900.00
2013-07-11	81.36	81.79	81.09	81.52	809000.00
2013-07-12	81.31	81.49	80.48	80.89	1042500.00
2013-07-15	80.97	81.80	80.75	81.36	664600.00
2013-07-16	81.55	81.68	80.85	81.49	887600.00
2013-07-17	81.88	82.12	81.19	81.39	740400.00
2013-07-18	81.66	83.09	81.40	82.43	689500.00
2013-07-19	82.45	84.16	82.38	84.12	1543900.00
2013-07-22	84.17	84.69	83.52	83.91	720200.00
2013-07-23	84.13	84.59	83.62	83.80	584200.00
2013-07-24	84.03	84.11	82.61	82.65	735600.00
2013-07-25	81.88	82.83	81.15	82.73	822600.00
2013-07-26	82.43	83.40	82.04	83.31	819000.00
2013-07-29	83.13	83.63	82.60	82.67	541700.00
2013-07-30	83.12	84.25	82.66	83.63	722600.00
2013-07-31	84.03	85.15	83.88	84.25	724200.00
2013-08-01	85.22	87.39	84.93	87.12	1035000.00
2013-08-02	85.79	85.98	85.00	85.85	1031800.00
2013-08-05	85.66	86.63	85.46	85.60	1314700.00
2013-08-06	81.58	83.12	81.51	82.80	2798900.00
2013-08-07	83.26	83.41	82.09	83.18	1517600.00
2013-08-08	83.50	84.91	83.50	84.78	895500.00
2013-08-09	84.65	85.25	83.88	84.96	814800.00
2013-08-12	84.60	86.52	84.60	86.46	902500.00
2013-08-13	86.79	87.50	86.13	87.18	872400.00
2013-08-14	87.13	87.37	86.41	86.62	953300.00
2013-08-15	85.63	85.72	84.38	84.65	1123700.00
2013-08-16	84.45	85.56	84.34	84.35	1126700.00
2013-08-19	83.90	84.98	83.49	83.59	992700.00
2013-08-20	83.51	84.03	82.93	83.53	870600.00
2013-08-21	83.33	83.75	82.82	83.03	653100.00
2013-08-22	83.32	85.27	83.30	84.60	555600.00
2013-08-23	85.00	86.00	83.78	84.47	491900.00
2013-08-26	84.63	85.01	83.97	83.98	440300.00
2013-08-27	82.95	83.26	82.13	82.36	674800.00
2013-08-28	82.47	83.14	82.07	82.45	580100.00
2013-08-29	82.31	83.19	82.29	82.59	631200.00
2013-08-30	82.95	83.02	81.73	81.89	568000.00
2013-09-03	83.56	83.94	82.20	82.75	1054800.00
2013-09-04	82.65	83.69	82.65	83.65	692400.00
2013-09-05	82.76	84.81	82.58	84.45	794000.00
2013-09-06	84.84	85.72	83.79	84.57	820000.00
2013-09-09	85.12	86.33	85.12	85.83	952600.00
2013-09-10	86.53	87.81	86.50	86.69	1186000.00
2013-09-11	86.41	86.69	85.41	86.03	1196800.00
2013-09-12	86.00	86.10	85.47	85.65	919800.00
2013-09-13	85.76	86.01	84.98	85.51	616800.00
2013-09-16	86.12	86.67	85.75	86.01	924000.00
2013-09-17	86.01	86.46	85.71	86.21	569200.00
2013-09-18	86.28	88.20	85.94	88.15	794900.00
2013-09-19	88.30	89.28	88.15	88.62	713500.00
2013-09-20	89.05	89.18	87.96	88.11	964200.00
2013-09-23	87.74	87.92	86.91	87.14	883900.00
2013-09-24	87.10	89.32	87.10	89.07	1316200.00
2013-09-25	89.19	89.78	88.78	89.42	1362500.00
2013-09-26	89.34	90.30	89.28	90.06	1112400.00
2013-09-27	89.36	89.93	89.06	89.27	655800.00
2013-09-30	88.21	89.33	88.09	89.08	793900.00
2013-10-01	89.53	90.07	89.15	89.59	951900.00
2013-10-02	89.10	89.26	88.28	89.18	788500.00
2013-10-03	89.00	89.05	87.08	87.64	916900.00
2013-10-04	87.75	88.27	87.51	88.14	572900.00
2013-10-07	87.01	87.69	86.93	87.06	570500.00
2013-10-08	87.12	87.24	85.38	85.44	1066400.00
2013-10-09	85.24	85.72	84.69	85.19	1042800.00
2013-10-10	86.20	87.82	86.11	87.72	1077500.00
2013-10-11	87.88	88.46	87.66	88.31	721600.00
2013-10-14	87.67	88.63	87.14	88.46	1546900.00
2013-10-15	87.94	88.14	86.02	86.55	1303900.00
2013-10-16	86.85	86.99	85.60	86.55	1343900.00
2013-10-17	86.36	87.70	86.03	87.52	1179800.00
2013-10-18	89.83	93.30	89.60	92.10	3278800.00
2013-10-21	92.98	94.68	92.67	94.27	2019500.00
2013-10-22	90.64	95.26	90.04	93.66	1060800.00
2013-10-23	93.10	93.24	92.09	93.05	628600.00
2013-10-24	93.21	94.18	92.68	93.74	727000.00
2013-10-25	93.67	95.40	92.91	95.39	1881300.00
2013-10-28	95.09	95.56	94.81	95.43	1325200.00
2013-10-29	95.44	95.85	94.72	95.74	754500.00
2013-10-30	95.74	95.90	94.45	94.73	721500.00
2013-10-31	94.90	96.63	94.47	95.63	778900.00
2013-11-01	95.46	96.30	94.63	95.04	1096900.00
2013-11-04	95.37	95.85	94.86	95.30	621200.00
2013-11-05	94.98	95.55	94.15	94.99	544700.00
2013-11-06	95.62	95.85	94.76	95.36	681800.00
2013-11-07	96.06	96.13	93.99	94.20	1152200.00
2013-11-08	94.33	95.82	94.33	95.52	938500.00
2013-11-11	95.50	96.25	95.31	95.82	673800.00
2013-11-12	95.83	96.23	95.35	95.50	883500.00
2013-11-13	95.13	96.24	94.93	96.24	658800.00
2013-11-14	96.24	96.48	95.58	96.10	662100.00
2013-11-15	96.32	96.74	95.76	96.74	943300.00
2013-11-18	97.22	97.77	95.89	96.17	857400.00
2013-11-19	95.94	96.20	94.67	94.89	779300.00
2013-11-20	95.45	95.45	94.13	94.45	621300.00
2013-11-21	94.59	96.10	94.59	96.00	775800.00
2013-11-22	95.90	97.59	95.58	97.57	1288200.00
2013-11-25	97.70	98.80	97.36	97.62	1096200.00
2013-11-26	97.45	97.91	96.82	96.88	937600.00
2013-11-27	97.45	97.54	97.03	97.26	534700.00
2013-11-29	97.40	97.88	96.75	96.93	217700.00
2013-12-02	96.91	97.30	96.13	96.43	717000.00
2013-12-03	96.24	96.25	95.18	95.86	926600.00
2013-12-04	95.36	96.33	94.75	96.00	1186500.00
2013-12-05	95.68	96.74	95.59	95.83	1379100.00
2013-12-06	98.49	100.00	97.85	99.61	1246000.00
2013-12-09	99.70	100.78	98.93	99.35	921900.00
2013-12-10	98.33	99.30	98.28	98.45	894500.00
2013-12-11	94.03	98.57	94.03	97.05	1121800.00
2013-12-12	97.38	97.82	96.76	97.28	1227600.00
2013-12-13	97.68	98.37	97.18	97.86	1136000.00
2013-12-16	98.05	99.60	98.05	99.10	708900.00
2013-12-17	99.10	99.34	98.37	98.64	750400.00
2013-12-18	98.97	100.82	97.99	100.76	967600.00
2013-12-19	100.59	102.00	100.18	101.89	1063200.00
2013-12-20	102.55	103.84	101.92	103.81	1750100.00
2013-12-23	104.40	104.43	103.47	103.80	1016500.00
2013-12-24	103.80	104.78	103.61	104.63	279800.00
2013-12-26	104.74	105.56	104.66	105.19	521300.00
2013-12-27	105.55	105.69	105.01	105.37	493800.00
2013-12-30	105.26	106.02	105.26	106.01	575600.00
2013-12-31	106.61	106.74	105.52	105.81	455900.00
2014-01-02	105.37	105.93	104.45	104.66	806800.00
2014-01-03	104.91	105.66	104.41	104.67	683300.00
2014-01-06	105.09	105.42	103.51	103.52	945300.00
2014-01-07	104.35	105.32	104.14	104.98	765000.00
2014-01-08	104.69	105.33	103.94	105.02	895100.00
2014-01-09	105.02	105.69	103.90	104.40	749700.00
2014-01-10	105.42	105.42	103.84	104.63	1036300.00
2014-01-13	103.98	105.10	103.03	103.33	1189500.00
2014-01-14	104.03	105.33	103.62	105.09	947800.00
2014-01-15	105.40	106.14	105.28	106.07	758300.00
2014-01-16	105.47	106.31	105.37	106.25	861600.00
2014-01-17	106.31	106.44	104.72	104.82	1531200.00
2014-01-21	105.60	106.08	103.68	104.31	1790100.00
2014-01-22	101.60	102.41	99.96	100.69	2854700.00
2014-01-23	99.46	99.86	97.48	97.68	2042600.00
2014-01-24	97.40	97.53	94.29	94.29	1642900.00
2014-01-27	95.04	95.40	92.93	94.08	1861700.00
2014-01-28	94.44	95.74	94.28	94.78	2823200.00
2014-01-29	94.11	95.40	93.69	93.77	1085700.00
2014-01-30	94.25	94.62	93.92	94.22	1320900.00
2014-01-31	93.98	93.98	92.07	93.25	1122400.00
2014-02-03	93.12	93.53	89.75	89.98	2473700.00
2014-02-04	90.37	91.86	89.38	91.21	1795500.00
2014-02-05	91.39	92.85	90.65	92.63	1705900.00
2014-02-06	92.46	94.48	92.46	94.40	1637200.00
2014-02-07	94.94	98.33	94.78	98.03	3005200.00
2014-02-10	97.71	97.74	95.27	95.48	1727700.00
2014-02-11	95.75	96.43	94.98	96.24	1575900.00
2014-02-12	96.35	97.19	96.09	96.82	760400.00
2014-02-13	94.97	97.33	94.97	96.45	1131600.00
2014-02-14	96.67	97.70	96.19	97.35	890500.00
2014-02-18	97.69	98.18	97.04	97.38	946100.00
2014-02-19	97.14	98.23	96.39	96.44	1207300.00
2014-02-20	96.50	97.87	96.46	97.30	1304500.00
2014-02-21	97.60	98.09	97.23	97.28	871400.00
2014-02-24	97.43	98.66	97.43	98.00	1291300.00
2014-02-25	97.97	98.11	96.98	97.31	1175300.00
2014-02-26	97.52	98.66	96.96	98.28	1237000.00
2014-02-27	98.26	99.52	98.04	99.27	872000.00
2014-02-28	99.08	100.42	98.94	99.58	945500.00
2014-03-03	98.30	99.49	98.10	98.62	975100.00
2014-03-04	100.09	100.84	99.70	100.06	895900.00
2014-03-05	100.32	100.75	99.71	100.70	626400.00
2014-03-06	101.08	101.48	100.73	101.15	873700.00
2014-03-07	101.76	103.55	101.65	102.74	1653200.00
2014-03-10	102.59	102.84	101.17	101.79	695600.00
2014-03-11	101.85	102.03	99.35	99.75	1162000.00
2014-03-12	99.25	99.42	97.83	98.55	1130400.00
2014-03-13	98.95	99.14	95.91	96.49	1056100.00
2014-03-14	96.38	97.17	95.93	95.98	1024900.00
2014-03-17	97.00	99.27	96.97	98.99	1366400.00
2014-03-18	98.98	99.57	98.33	99.03	921300.00
2014-03-19	99.06	99.89	98.04	98.85	770700.00
2014-03-20	98.55	99.65	98.20	98.49	620300.00
2014-03-21	100.17	100.49	98.44	98.61	1459300.00
2014-03-24	98.80	99.25	97.87	98.23	852200.00
2014-03-25	99.13	100.86	98.99	100.06	1301300.00
2014-03-26	100.60	100.75	97.99	98.08	1039600.00
2014-03-27	97.95	98.20	97.06	97.48	893100.00
2014-03-28	97.87	99.29	97.70	98.50	649300.00
2014-03-31	99.49	100.02	98.80	98.89	1242000.00
2014-04-01	99.61	100.98	99.17	100.77	1283700.00
2014-04-02	100.79	102.58	100.79	102.22	1126600.00
2014-04-03	102.28	102.46	101.18	101.82	727900.00
2014-04-04	103.33	103.33	100.44	100.61	1099800.00
2014-04-07	100.23	100.55	97.85	98.55	1165700.00
2014-04-08	98.29	99.86	98.13	98.85	1299700.00
2014-04-09	99.66	101.46	99.32	101.22	1059500.00
2014-04-10	100.82	101.74	98.87	98.98	957100.00
2014-04-11	98.37	99.19	97.99	98.42	1146700.00
2014-04-14	99.27	99.99	98.33	99.40	984200.00
2014-04-15	100.08	101.08	98.70	100.18	1497000.00
2014-04-16	101.21	102.61	101.17	102.61	1262900.00
2014-04-17	102.61	104.08	102.51	103.55	1343200.00
2014-04-21	103.34	103.85	102.69	103.41	623100.00
2014-04-22	103.36	104.17	103.09	103.21	751700.00
2014-04-23	103.40	104.21	102.93	103.07	649400.00
2014-04-24	103.68	103.85	102.30	102.81	688200.00
2014-04-25	102.69	103.15	100.62	101.11	977900.00
2014-04-28	101.64	102.65	100.32	101.38	1662900.00
2014-04-29	103.26	104.49	102.03	103.97	1600300.00
2014-04-30	104.95	104.99	103.45	104.81	1104400.00
2014-05-01	104.43	105.14	103.84	104.16	768000.00
2014-05-02	104.08	104.36	103.14	103.32	952600.00
2014-05-05	102.78	103.49	101.98	102.65	1057800.00
2014-05-06	102.37	102.98	101.78	101.93	927400.00
2014-05-07	102.06	102.79	101.06	102.74	1091400.00
2014-05-08	102.61	104.49	102.29	103.02	815400.00
2014-05-09	102.92	103.15	102.03	103.00	468000.00
2014-05-12	103.69	105.21	103.69	104.89	541300.00
2014-05-13	105.10	105.11	104.44	104.52	588600.00
2014-05-14	104.61	104.80	103.45	103.61	637000.00
2014-05-15	103.18	103.49	100.83	101.64	1191000.00
2014-05-16	101.71	102.36	101.14	102.03	821900.00
2014-05-19	101.69	102.79	101.44	102.67	407200.00
2014-05-20	102.39	102.54	100.35	100.56	928900.00
2014-05-21	101.00	101.82	100.69	101.56	715000.00
2014-05-22	101.80	102.82	101.02	101.07	793600.00
2014-05-23	100.81	102.27	100.81	102.08	430400.00
2014-05-27	102.47	104.33	102.32	103.49	918600.00
2014-05-28	103.68	103.98	103.04	103.15	475300.00
2014-05-29	103.45	103.63	102.30	103.39	505700.00
2014-05-30	103.17	104.05	102.76	103.85	943200.00
2014-06-02	104.14	104.51	102.75	104.29	758800.00
2014-06-03	103.90	104.51	103.66	104.26	727900.00
2014-06-04	104.13	105.07	103.93	104.36	836500.00
2014-06-05	104.74	105.77	104.41	105.64	1047200.00
2014-06-06	105.87	106.42	105.74	106.31	686300.00
2014-06-09	106.26	108.17	106.07	107.32	686500.00
2014-06-10	106.90	107.50	106.31	107.41	477400.00
2014-06-11	106.40	106.98	105.95	106.89	567800.00
2014-06-12	106.53	106.67	104.91	105.17	727600.00
2014-06-13	105.38	105.88	105.06	105.46	380800.00
2014-06-16	104.95	105.74	104.75	105.47	407100.00
2014-06-17	105.44	106.62	104.83	105.52	713200.00
2014-06-18	105.34	106.21	104.60	106.14	580200.00
2014-06-19	106.14	106.16	103.88	105.72	1321500.00
2014-06-20	105.65	106.38	105.55	105.92	944700.00
2014-06-23	105.97	106.11	104.95	105.31	837300.00
2014-06-24	104.70	106.01	104.02	104.25	820600.00
2014-06-25	103.78	104.75	103.53	104.42	730300.00
2014-06-26	104.64	104.64	103.37	104.20	956700.00
2014-06-27	103.79	104.54	102.98	104.18	1473100.00
2014-06-30	104.48	104.68	103.41	104.27	870800.00
2014-07-01	104.56	105.47	104.17	105.21	840300.00
2014-07-02	105.08	105.33	104.29	104.70	597400.00
2014-07-03	105.17	105.82	105.01	105.63	754900.00
2014-07-07	105.21	105.27	104.12	104.44	998800.00
2014-07-08	104.22	104.38	103.28	103.44	715600.00
2014-07-09	103.71	104.09	102.81	103.23	491300.00
2014-07-10	101.93	102.21	101.45	101.82	852200.00
2014-07-11	101.91	102.32	101.21	102.02	871700.00
2014-07-14	102.98	102.98	101.89	102.02	718500.00
2014-07-15	102.10	102.68	101.69	102.41	1081300.00
2014-07-16	102.90	103.36	102.22	103.34	806500.00
2014-07-17	102.32	102.83	100.95	101.11	766800.00
2014-07-18	101.55	102.65	101.26	102.36	874900.00
2014-07-21	102.06	102.48	101.51	102.01	548600.00
2014-07-22	102.73	103.44	102.42	102.52	529600.00
2014-07-23	102.56	102.57	101.81	102.24	474600.00
2014-07-24	102.27	102.86	102.01	102.27	804000.00
2014-07-25	101.96	102.58	101.75	101.94	616100.00
2014-07-28	101.74	101.74	99.99	100.92	702700.00
2014-07-29	100.53	100.83	97.60	97.64	1915800.00
2014-07-30	97.94	98.53	96.97	97.53	1449800.00
2014-07-31	96.59	96.95	95.28	95.33	1357900.00
2014-08-01	94.96	95.11	93.52	94.66	1712700.00
2014-08-04	95.07	96.13	94.79	95.84	961600.00
2014-08-05	95.14	97.01	94.84	95.38	1621600.00
2014-08-06	92.58	92.58	87.83	90.85	5933300.00
2014-08-07	91.51	92.80	90.69	91.10	2954200.00
2014-08-08	91.47	92.56	90.69	92.51	1620300.00
2014-08-11	93.34	93.42	92.59	92.68	892900.00
2014-08-12	92.70	93.74	92.46	93.28	1159900.00
2014-08-13	93.61	94.11	93.10	93.87	886900.00
2014-08-14	94.05	94.22	93.65	94.14	926100.00
2014-08-15	94.40	94.55	92.97	93.53	996200.00
2014-08-18	94.00	95.14	94.00	95.01	1053500.00
2014-08-19	95.29	95.91	95.19	95.63	760300.00
2014-08-20	95.75	98.49	95.47	97.69	1890500.00
2014-08-21	97.64	97.76	96.42	97.07	1191300.00
2014-08-22	96.83	97.28	95.91	96.32	810800.00
2014-08-25	96.88	97.18	96.40	97.04	900500.00
2014-08-26	96.98	97.58	96.57	96.63	859100.00
2014-08-27	96.89	97.03	96.11	96.51	697500.00
2014-08-28	95.77	95.92	95.24	95.55	1251400.00
2014-08-29	95.92	96.23	95.30	96.18	1398400.00
2014-09-02	96.30	96.96	96.03	96.59	952500.00
2014-09-03	97.17	97.20	95.83	96.10	1195800.00
2014-09-04	96.26	97.60	95.98	97.46	3111900.00
2014-09-05	97.46	98.37	96.68	98.30	1528300.00
2014-09-08	98.05	98.25	97.72	97.91	1674500.00
2014-09-09	97.92	99.37	97.63	98.58	1894600.00
2014-09-10	98.47	98.72	97.35	98.62	1308600.00
2014-09-11	98.19	98.84	98.02	98.55	848500.00
2014-09-12	98.38	98.85	97.76	98.07	918100.00
2014-09-15	97.82	97.82	96.66	97.51	832900.00
2014-09-16	96.93	97.63	96.28	97.42	903400.00
2014-09-17	97.82	98.29	96.68	97.10	763000.00
2014-09-18	97.20	97.75	96.98	97.64	675000.00
2014-09-19	98.14	98.44	96.75	97.12	1402500.00
2014-09-22	96.73	96.90	95.06	95.54	960500.00
2014-09-23	95.07	95.24	94.26	94.67	1089400.00
2014-09-24	94.49	95.62	93.73	95.46	979800.00
2014-09-25	94.85	95.18	93.96	93.96	969000.00
2014-09-26	94.04	95.14	93.54	94.82	571100.00
2014-09-29	93.78	95.00	93.55	94.95	895900.00
2014-09-30	95.14	95.74	94.53	95.05	1765300.00
2014-10-01	94.66	94.90	92.74	92.99	1379600.00
2014-10-02	93.05	93.49	91.82	92.54	1013700.00
2014-10-03	93.05	93.73	92.93	93.45	958000.00
2014-10-06	93.89	94.31	92.77	93.49	531900.00
2014-10-07	92.68	92.87	91.32	91.35	915300.00
2014-10-08	91.54	93.75	90.76	93.60	1198700.00
2014-10-09	93.30	93.48	91.11	91.20	826600.00
2014-10-10	90.99	91.67	89.55	90.75	1434300.00
2014-10-13	90.06	90.39	85.74	85.84	2614200.00
2014-10-14	86.63	89.07	86.38	86.76	2434500.00
2014-10-15	85.90	86.04	83.12	85.73	3049500.00
2014-10-16	84.69	87.75	84.26	87.52	2460700.00
2014-10-17	88.52	90.34	86.95	86.95	1815500.00
2014-10-20	87.03	89.11	86.82	88.96	1512000.00
2014-10-21	90.15	92.85	89.84	92.67	1233200.00
2014-10-22	92.49	92.94	90.75	90.88	1504700.00
2014-10-23	98.69	99.80	96.38	96.92	2709400.00
2014-10-24	96.81	97.29	95.93	97.07	1283200.00
2014-10-27	96.95	97.95	96.05	97.63	1806500.00
2014-10-28	102.30	104.95	101.06	102.38	2306500.00
2014-10-29	102.35	103.40	101.30	103.23	1477200.00
2014-10-30	102.36	104.26	102.30	103.81	1190400.00
2014-10-31	105.24	106.24	104.84	105.78	1922200.00
2014-11-03	106.10	106.33	104.73	105.56	1239100.00
2014-11-04	105.55	105.74	104.37	105.24	1067000.00
2014-11-05	105.57	106.47	104.99	106.40	899300.00
2014-11-06	106.96	107.69	106.69	107.08	1441400.00
2014-11-07	107.06	107.70	106.70	107.53	1426300.00
2014-11-10	107.51	107.99	107.06	107.47	723600.00
2014-11-11	107.36	107.95	106.77	107.18	753800.00
2014-11-12	106.81	108.17	106.67	107.59	873900.00
2014-11-13	107.61	108.01	106.04	106.25	1269800.00
2014-11-14	106.07	107.55	106.07	107.48	867000.00
2014-11-17	106.94	107.95	106.94	107.63	1170500.00
2014-11-18	107.82	109.51	107.47	109.18	1497200.00
2014-11-19	108.88	108.88	107.53	108.15	1929300.00
2014-11-20	107.31	109.31	107.22	109.15	1097800.00
2014-11-21	109.80	111.50	109.34	110.33	1742800.00
2014-11-24	110.82	111.19	110.16	110.99	860500.00
2014-11-25	111.18	111.64	110.05	111.11	1329900.00
2014-11-26	110.67	110.98	109.96	110.20	804000.00
2014-11-28	109.89	109.91	107.34	107.97	941600.00
2014-12-01	108.11	108.47	106.41	106.83	1397000.00
2014-12-02	105.81	108.01	105.81	107.66	1070100.00
2014-12-03	108.11	110.28	108.09	110.03	967300.00
2014-12-04	109.25	109.62	108.58	108.59	1194500.00
2014-12-05	108.70	109.55	108.35	108.74	971800.00
2014-12-08	108.70	109.26	106.38	106.87	1118600.00
2014-12-09	105.74	107.67	105.45	107.56	924300.00
2014-12-10	106.90	107.05	104.58	104.79	1061200.00
2014-12-11	105.03	106.92	104.90	105.51	1006100.00
2014-12-12	104.28	105.32	102.98	103.00	1060300.00
2014-12-15	103.62	104.08	101.58	102.03	1278900.00
2014-12-16	101.65	103.61	101.53	101.53	1573500.00
2014-12-17	101.41	103.64	100.87	103.36	2178000.00
2014-12-18	105.26	106.01	103.46	106.00	2057200.00
2014-12-19	106.30	107.87	105.87	107.34	1860300.00
2014-12-22	107.75	108.66	107.20	108.50	820100.00
2014-12-23	108.84	110.42	108.73	109.67	711000.00
2014-12-24	109.81	110.28	108.78	109.50	499600.00
2014-12-26	109.76	110.53	109.41	109.45	361600.00
2014-12-29	109.05	110.00	108.79	109.47	634600.00
2014-12-30	109.10	109.70	108.68	109.05	874600.00
2014-12-31	109.50	109.66	107.80	107.91	1069000.00
2015-01-02	108.15	108.40	106.65	108.08	791300.00
2015-01-05	104.58	105.62	103.10	103.45	1631500.00
2015-01-06	103.42	104.22	101.41	101.93	1757300.00
2015-01-07	102.93	103.75	102.25	102.73	1309100.00
2015-01-08	104.45	105.99	103.75	105.97	1171100.00
2015-01-09	106.32	106.32	104.54	105.31	2069500.00
2015-01-12	105.32	106.11	104.50	105.26	2788300.00
2015-01-13	106.18	107.36	102.48	103.91	1580600.00
2015-01-14	102.23	102.92	101.31	102.40	1452800.00
2015-01-15	103.11	103.21	100.31	100.36	1375800.00
2015-01-16	100.21	100.54	98.64	100.42	2216700.00
2015-01-20	100.60	101.80	99.74	101.36	1220600.00
2015-01-21	100.99	102.43	100.56	102.18	1129400.00
2015-01-22	102.68	103.20	101.45	102.92	1845400.00
2015-01-23	102.64	103.29	101.97	102.07	1284900.00
2015-01-26	102.28	102.84	101.21	102.73	2211400.00
2015-01-27	102.49	103.42	99.72	101.55	3174100.00
2015-01-28	101.49	101.49	97.44	97.97	2957100.00
2015-01-29	98.09	99.31	97.11	99.25	1175800.00
2015-01-30	98.33	99.36	97.29	97.46	1316800.00
2015-02-02	98.28	100.13	97.33	100.12	1620800.00
2015-02-03	100.86	101.59	100.55	101.46	1093500.00
2015-02-04	101.05	101.29	99.69	100.18	1094200.00
2015-02-05	100.42	101.41	99.77	100.69	841900.00
2015-02-06	101.01	101.95	100.84	101.43	1578000.00
2015-02-09	101.07	102.22	100.72	101.65	1268700.00
2015-02-10	102.24	102.31	100.90	102.05	1301300.00
2015-02-11	101.96	102.11	100.11	101.26	1399600.00
2015-02-12	101.96	102.79	101.56	102.49	1069800.00
2015-02-13	102.73	104.93	102.60	104.36	1327100.00
2015-02-17	104.29	104.57	102.92	103.64	777400.00
2015-02-18	103.55	104.06	102.77	103.34	865000.00
2015-02-19	102.68	103.79	102.46	103.68	907700.00
2015-02-20	103.37	104.13	102.55	104.05	924600.00
2015-02-23	103.80	104.04	102.81	103.59	682500.00
2015-02-24	103.24	104.21	103.17	103.92	1301300.00
2015-02-25	103.60	104.28	103.04	103.84	745100.00
2015-02-26	103.71	104.24	103.08	103.65	1015600.00
2015-02-27	103.40	103.86	101.85	103.21	1315000.00
2015-03-02	103.21	104.51	102.30	104.12	1228700.00
2015-03-03	104.88	105.94	103.31	103.78	847300.00
2015-03-04	103.12	103.21	101.49	102.19	1320800.00
2015-03-05	102.37	102.82	101.50	102.81	1104200.00
2015-03-06	101.58	101.96	99.20	99.49	2066900.00
2015-03-09	99.39	99.74	98.85	99.61	1826900.00
2015-03-10	98.39	98.94	97.75	98.30	1035700.00
2015-03-11	98.67	99.15	97.46	98.96	1666700.00
2015-03-12	99.49	99.79	98.32	99.61	1357000.00
2015-03-13	99.27	99.27	98.31	99.03	1255800.00
2015-03-16	99.47	101.06	99.26	100.98	1069800.00
2015-03-17	100.11	100.54	99.23	100.47	1139400.00
2015-03-18	99.96	102.50	98.83	102.33	1668400.00
2015-03-19	101.59	101.73	99.97	100.59	904300.00
2015-03-20	100.73	101.79	100.25	101.10	2540200.00
2015-03-23	101.66	101.67	99.89	100.14	1279100.00
2015-03-24	100.20	100.99	99.48	100.55	1021700.00
2015-03-25	100.90	101.32	98.35	98.41	1568800.00
2015-03-26	97.88	99.10	97.52	98.73	1306900.00
2015-03-27	99.28	99.46	98.38	99.39	728000.00
2015-03-30	100.18	100.72	99.69	100.37	1006000.00
2015-03-31	99.84	100.22	98.84	99.92	1138200.00
2015-04-01	99.63	100.53	98.35	99.61	1066300.00
2015-04-02	99.52	100.87	99.16	99.26	1054800.00
2015-04-06	98.88	103.09	98.80	102.18	1443800.00
2015-04-07	101.97	102.21	100.78	100.90	893900.00
2015-04-08	100.31	100.95	99.37	100.70	1298100.00
2015-04-09	100.56	101.08	99.37	100.75	956500.00
2015-04-10	100.86	101.65	99.95	101.39	792300.00
2015-04-13	101.37	101.89	100.75	101.37	626300.00
2015-04-14	101.32	102.25	100.75	101.94	894100.00
2015-04-15	102.24	104.19	102.24	103.89	1110000.00
2015-04-16	103.38	104.05	102.87	103.74	1449100.00
2015-04-17	102.83	102.83	102.07	102.18	1847200.00
2015-04-20	102.97	103.83	102.67	103.33	1300800.00
2015-04-21	103.29	103.55	102.18	102.75	980400.00
2015-04-22	102.76	103.95	101.94	103.87	1457500.00
2015-04-23	103.94	104.46	102.97	103.83	1166900.00
2015-04-24	103.54	103.68	102.59	103.04	836300.00
2015-04-27	103.24	105.14	103.11	105.06	1742600.00
2015-04-28	100.11	101.61	98.45	101.18	4189000.00
2015-04-29	99.28	101.67	98.45	100.68	2248500.00
2015-04-30	100.09	100.68	99.63	100.41	1731600.00
2015-05-01	101.02	102.12	100.48	101.54	1308400.00
2015-05-04	101.75	102.62	101.50	102.32	1248000.00
2015-05-05	102.61	104.40	102.30	102.81	2814700.00
2015-05-06	102.87	103.10	101.77	102.37	1527100.00
2015-05-07	102.33	102.70	101.76	102.28	1026900.00
2015-05-08	103.51	103.99	102.50	102.73	1288900.00
2015-05-11	103.05	104.01	102.96	103.41	1020000.00
2015-05-12	102.95	103.21	102.21	102.84	864600.00
2015-05-13	103.06	104.67	102.87	104.15	1109300.00
2015-05-14	105.16	105.47	104.59	105.35	873900.00
2015-05-15	105.25	105.49	102.85	103.44	1136000.00
2015-05-18	103.23	103.94	102.23	103.76	1033700.00
2015-05-19	103.69	103.90	102.39	103.25	828700.00
2015-05-20	103.28	104.05	102.84	103.76	912800.00
2015-05-21	103.82	105.98	103.80	105.82	2117900.00
2015-05-22	105.84	105.93	105.11	105.48	938400.00
2015-05-26	105.21	105.28	103.46	103.69	1027000.00
2015-05-27	103.67	104.43	102.95	104.30	968300.00
2015-05-28	104.23	104.36	102.54	103.39	1152600.00
2015-05-29	103.24	103.24	101.38	101.83	2201600.00
2015-06-01	102.07	102.25	101.05	101.86	1251100.00
2015-06-02	101.61	102.98	101.06	102.02	1194700.00
2015-06-03	102.43	103.28	101.91	102.53	1029900.00
2015-06-04	102.06	102.46	100.90	101.07	1348800.00
2015-06-05	100.89	101.39	100.26	101.28	859000.00
2015-06-08	100.98	101.01	100.30	100.56	1054400.00
2015-06-09	100.55	101.57	100.39	100.76	926100.00
2015-06-10	101.41	101.77	100.57	101.65	1283600.00
2015-06-11	101.97	102.28	101.39	101.65	868300.00
2015-06-12	101.25	101.62	100.40	100.77	991300.00
2015-06-15	99.70	100.49	99.27	99.95	1321000.00
2015-06-16	99.97	100.23	99.25	99.83	1038000.00
2015-06-17	100.13	100.39	99.44	100.08	1104700.00
2015-06-18	100.50	101.01	99.96	100.49	1037100.00
2015-06-19	100.39	100.60	99.95	100.22	1584700.00
2015-06-22	100.60	101.00	100.34	100.73	640600.00
2015-06-23	100.63	101.04	100.09	100.49	940600.00
2015-06-24	100.35	101.20	100.24	101.08	968400.00
2015-06-25	101.00	101.17	99.82	99.98	990500.00
2015-06-26	99.97	100.10	99.47	99.92	914300.00
2015-06-29	98.61	99.09	97.79	97.82	2023300.00
2015-06-30	98.88	99.46	98.16	98.37	1396100.00
2015-07-01	98.99	99.20	98.50	99.06	1103800.00
2015-07-02	99.41	99.76	97.98	98.35	866400.00
2015-07-06	97.49	98.53	97.05	97.50	722500.00
2015-07-07	97.26	98.08	95.86	97.79	1527700.00
2015-07-08	97.14	97.41	94.88	95.34	1648000.00
2015-07-09	96.83	96.83	95.51	95.56	1071900.00
2015-07-10	96.19	96.40	94.83	95.75	1190200.00
2015-07-13	96.24	96.78	96.06	96.30	1424000.00
2015-07-14	96.09	97.15	95.58	96.92	1058500.00
2015-07-15	96.74	96.84	95.31	95.58	892300.00
2015-07-16	95.92	96.90	95.92	96.47	694000.00
2015-07-17	96.47	96.75	95.46	95.72	644500.00
2015-07-20	95.69	96.24	95.27	96.06	543900.00
2015-07-21	95.63	95.64	94.53	94.76	1690000.00
2015-07-22	94.54	94.99	94.13	94.28	968400.00
2015-07-23	94.13	95.13	93.61	93.79	1101000.00
2015-07-24	93.83	93.83	92.72	93.04	1118700.00
2015-07-27	92.31	92.71	91.97	92.30	990000.00
2015-07-28	92.74	93.05	92.45	92.80	1919400.00
2015-07-29	92.80	94.76	92.46	94.48	1651000.00
2015-07-30	94.11	95.39	93.80	95.20	1075600.00
2015-07-31	95.69	95.96	95.18	95.34	1565500.00
2015-08-03	95.34	95.41	94.09	95.05	1988300.00
2015-08-04	94.03	95.42	90.92	91.24	8477700.00
2015-08-05	91.47	94.77	91.47	93.69	5107400.00
2015-08-06	93.80	94.92	93.34	93.88	3114900.00
2015-08-07	93.88	95.04	93.54	94.03	1846700.00
2015-08-10	94.93	97.23	94.83	97.06	2245200.00
2015-08-11	96.08	96.21	94.96	95.20	1918800.00
2015-08-12	94.43	96.12	93.75	95.75	1896000.00
2015-08-13	95.41	96.35	94.72	95.79	1274000.00
2015-08-14	95.87	97.01	95.60	96.12	1007000.00
2015-08-17	95.55	95.61	94.30	95.22	1210400.00
2015-08-18	95.25	95.88	94.80	95.34	948100.00
2015-08-19	94.80	94.84	93.53	94.11	976200.00
2015-08-20	93.27	93.92	91.42	91.46	1633300.00
2015-08-21	90.52	91.68	89.57	89.64	2438300.00
2015-08-24	85.38	90.02	84.34	86.80	2692900.00
2015-08-25	89.02	91.49	84.88	84.91	2654400.00
2015-08-26	85.92	87.76	85.36	87.71	3184100.00
2015-08-27	88.86	91.24	88.20	91.23	2300200.00
2015-08-28	90.74	91.92	90.26	91.03	1678800.00
2015-08-31	90.69	92.20	90.10	91.61	1525800.00
2015-09-01	89.47	91.01	89.35	89.93	2769300.00
2015-09-02	91.14	91.14	89.52	90.67	1751700.00
2015-09-03	90.51	91.40	89.36	89.58	1829900.00
2015-09-04	88.25	88.88	87.75	88.33	1053800.00
2015-09-08	90.10	91.16	89.58	91.06	973600.00
2015-09-09	91.94	92.02	89.56	89.75	1082600.00
2015-09-10	89.58	90.21	88.91	89.47	898600.00
2015-09-11	89.24	90.50	88.97	90.41	1146600.00
2015-09-14	90.18	90.18	88.83	89.30	1116900.00
2015-09-15	89.62	92.27	89.42	92.04	1452900.00
2015-09-16	91.91	92.83	91.55	92.62	1303600.00
2015-09-17	92.47	92.76	90.47	90.78	1442900.00
2015-09-18	89.47	89.47	86.54	86.74	2646200.00
2015-09-21	87.17	87.98	86.66	87.20	1331400.00
2015-09-22	86.02	86.98	85.46	86.56	1716500.00
2015-09-23	86.78	87.06	85.51	85.59	1806000.00
2015-09-24	83.98	83.99	80.78	83.31	2514300.00
2015-09-25	84.03	84.05	82.04	82.30	1696100.00
2015-09-28	81.58	82.03	80.65	80.73	1363300.00
2015-09-29	81.12	82.74	80.53	82.11	1499200.00
2015-09-30	83.26	83.57	80.92	82.79	1525700.00
2015-10-01	82.50	83.87	81.03	81.73	1508000.00
2015-10-02	80.54	83.52	79.54	83.51	1612000.00
2015-10-05	83.56	87.19	83.56	86.90	1587100.00
2015-10-06	86.74	88.16	86.35	87.20	1063500.00
2015-10-07	87.89	90.50	87.22	88.53	1423400.00
2015-10-08	88.12	91.78	87.99	90.89	1500300.00
2015-10-09	91.64	91.72	90.02	90.08	1449000.00
2015-10-12	90.28	90.65	89.84	90.48	1044500.00
2015-10-13	89.86	90.08	87.89	88.12	1683800.00
2015-10-14	87.83	88.43	86.12	87.05	1450800.00
2015-10-15	87.34	87.34	85.01	87.11	1675600.00
2015-10-16	86.83	86.88	84.76	85.62	1635300.00
2015-10-19	85.25	85.41	84.51	85.13	1087700.00
2015-10-20	84.57	87.52	83.71	86.91	2356200.00
2015-10-21	87.22	89.03	86.33	86.58	1989100.00
2015-10-22	82.90	87.24	82.90	85.75	5011200.00
2015-10-23	86.38	87.76	86.04	87.70	2891400.00
2015-10-26	87.48	87.93	86.05	86.62	1546400.00
2015-10-27	85.54	86.44	84.33	86.36	1441000.00
2015-10-28	86.73	88.50	84.56	87.63	1332100.00
2015-10-29	87.34	89.01	87.07	88.93	1397300.00
2015-10-30	89.13	89.87	88.63	89.09	1220300.00
2015-11-02	89.00	91.20	88.59	90.88	1198400.00
2015-11-03	90.57	91.75	90.04	91.16	1118300.00
2015-11-04	91.30	91.90	89.88	90.03	1443000.00
2015-11-05	89.93	90.62	88.56	90.36	1068000.00
2015-11-06	89.91	90.42	88.52	89.77	1171100.00
2015-11-09	89.55	90.02	87.53	87.83	1273700.00
2015-11-10	87.59	88.18	86.68	87.48	1003100.00
2015-11-11	87.91	88.03	87.06	87.80	1097100.00
2015-11-12	86.76	87.23	84.87	85.01	1776400.00
2015-11-13	85.01	86.44	84.44	85.47	1406700.00
2015-11-16	85.45	87.29	85.18	87.23	710500.00
2015-11-17	87.27	87.82	86.28	86.34	916100.00
2015-11-18	86.88	87.89	86.68	87.78	888400.00
2015-11-19	87.75	89.05	87.30	88.78	940500.00
2015-11-20	89.25	90.09	88.59	88.79	988200.00
2015-11-23	88.63	89.56	88.13	88.41	1005700.00
2015-11-24	87.96	89.05	87.80	88.67	946900.00
2015-11-25	88.84	89.18	88.52	88.81	685000.00
2015-11-27	88.66	89.37	88.42	88.77	313900.00
2015-11-30	89.26	90.56	89.02	89.59	1025100.00
2015-12-01	89.69	90.08	87.89	88.60	1373400.00
2015-12-02	88.60	88.74	87.06	87.27	1057500.00
2015-12-03	87.62	88.01	85.82	86.72	1636700.00
2015-12-04	86.78	88.01	86.42	87.69	1670400.00
2015-12-07	87.07	87.46	85.52	85.80	1125200.00
2015-12-08	84.78	85.04	83.48	83.67	1404400.00
2015-12-09	82.94	84.80	82.94	83.61	991400.00
2015-12-10	83.53	84.66	83.46	83.89	1104700.00
2015-12-11	82.61	82.79	81.69	81.80	1446500.00
2015-12-14	81.83	82.49	80.75	81.74	1231400.00
2015-12-15	81.25	82.00	80.08	81.91	2100300.00
2015-12-16	82.26	84.64	81.67	84.50	1714900.00
2015-12-17	84.43	84.43	81.46	81.48	1522300.00
2015-12-18	80.95	81.95	80.14	80.14	1947500.00
2015-12-21	80.82	81.25	80.15	80.62	1056300.00
2015-12-22	81.00	83.01	80.83	82.60	977900.00
2015-12-23	83.42	85.65	83.35	85.15	1062500.00
2015-12-24	84.93	85.70	84.82	85.47	522800.00
2015-12-28	85.15	85.64	84.17	84.43	659900.00
2015-12-29	84.98	85.46	84.30	85.19	666500.00
2015-12-30	84.92	85.37	84.09	84.18	637700.00
2015-12-31	83.68	84.23	83.01	83.01	931600.00
2016-01-04	83.01	83.01	80.71	82.74	1441700.00
2016-01-05	83.26	83.28	81.02	81.37	1318700.00
2016-01-06	80.22	80.99	79.59	80.29	1355600.00
2016-01-07	78.93	80.01	78.42	78.93	1191300.00
2016-01-08	79.54	79.98	77.32	77.51	1595200.00
2016-01-11	77.92	78.13	76.55	77.36	1323000.00
2016-01-12	78.16	78.42	76.06	77.48	1230200.00
2016-01-13	77.88	78.41	76.62	76.80	1433700.00
2016-01-14	76.95	79.12	75.61	77.60	2077100.00
2016-01-15	75.32	76.28	74.81	75.32	2451500.00
2016-01-19	76.55	76.61	74.60	75.22	1282600.00
2016-01-20	73.97	75.06	71.32	74.05	2575100.00
2016-01-21	74.18	76.71	73.53	75.29	1282000.00
2016-01-22	76.72	78.36	75.92	76.89	1547000.00
2016-01-25	76.06	76.98	75.17	75.43	1951800.00
2016-01-26	79.94	81.15	75.40	78.56	5208700.00
2016-01-27	78.32	79.95	77.24	78.49	1656800.00
2016-01-28	79.33	80.93	79.30	80.53	1933500.00
2016-01-29	80.95	83.17	80.78	83.17	2204300.00
2016-02-01	82.22	83.00	81.34	82.49	1735100.00
2016-02-02	81.65	82.05	80.60	81.60	2095900.00
2016-02-03	82.54	83.80	80.00	83.66	2831500.00
2016-02-04	83.62	87.97	83.52	86.57	2952100.00
2016-02-05	86.39	87.73	85.51	86.89	2304900.00
2016-02-08	86.21	87.33	85.37	87.07	1905700.00
2016-02-09	86.01	86.82	85.13	85.90	1601600.00
2016-02-10	85.81	85.81	82.41	82.75	2360200.00
2016-02-11	81.43	83.79	81.35	83.46	2020600.00
2016-02-12	84.32	85.22	83.42	83.77	3171700.00
2016-02-16	85.25	86.02	84.08	85.83	1135300.00
2016-02-17	86.47	88.39	86.47	87.02	1190700.00
2016-02-18	87.10	88.06	86.32	86.79	1279800.00
2016-02-19	86.29	86.60	84.81	86.04	1372900.00
2016-02-22	87.25	88.61	86.75	88.52	1335000.00
2016-02-23	88.07	89.26	86.75	86.80	1047000.00
2016-02-24	85.57	87.25	84.82	87.14	981900.00
2016-02-25	87.59	87.81	86.14	87.54	654600.00
2016-02-26	88.18	88.80	87.21	88.04	987500.00
2016-02-29	88.25	88.48	87.13	87.17	1271600.00
2016-03-01	88.87	90.79	87.93	90.07	1797800.00
2016-03-02	89.72	91.24	89.43	91.10	1935700.00
2016-03-03	90.87	92.26	90.79	91.89	1319600.00
2016-03-04	91.66	92.74	90.74	91.61	1220200.00
2016-03-07	91.30	93.95	91.30	93.34	1102800.00
2016-03-08	92.24	92.94	91.10	91.75	1059600.00
2016-03-09	92.12	92.80	91.41	92.36	713900.00
2016-03-10	91.95	92.86	90.60	91.88	1148900.00
2016-03-11	93.04	93.84	92.95	93.37	756100.00
2016-03-14	93.09	93.78	92.83	93.42	656400.00
2016-03-15	92.37	93.48	91.62	93.22	928600.00
2016-03-16	93.09	95.21	92.96	94.70	1181800.00
2016-03-17	94.83	97.25	94.58	96.92	1478100.00
2016-03-18	97.26	97.77	96.31	96.80	1382600.00
2016-03-21	96.80	97.47	96.24	96.75	981100.00
2016-03-22	96.13	97.14	95.91	96.54	1048900.00
2016-03-23	95.98	96.32	95.17	95.28	996000.00
2016-03-24	94.39	95.58	93.90	95.57	1157700.00
2016-03-28	93.83	95.43	93.83	95.01	1206300.00
2016-03-29	94.46	95.84	94.22	95.70	709700.00
2016-03-30	96.32	96.73	95.01	95.60	949100.00
2016-03-31	95.80	96.18	95.12	95.68	1091300.00
2016-04-01	94.39	96.51	93.69	96.32	898300.00
2016-04-04	96.38	96.38	94.41	94.56	1044100.00
2016-04-05	93.63	94.49	93.03	93.76	1153000.00
2016-04-06	93.57	94.40	92.50	94.31	806400.00
2016-04-07	93.86	94.57	93.21	93.91	995400.00
2016-04-08	94.37	96.46	94.21	94.67	903600.00
2016-04-11	94.99	96.19	94.70	95.17	932400.00
2016-04-12	95.45	96.86	95.24	96.07	1671800.00
2016-04-13	96.95	97.29	96.44	96.65	2791700.00
2016-04-14	96.47	96.97	96.21	96.70	2681200.00
2016-04-15	96.51	98.54	95.06	97.95	1918100.00
2016-04-18	97.42	98.26	96.86	97.66	576200.00
2016-04-19	98.22	99.03	97.96	98.24	529900.00
2016-04-20	98.26	98.51	97.27	97.75	839300.00
2016-04-21	97.96	98.21	97.11	97.20	876700.00
2016-04-22	97.59	98.67	97.56	98.20	820600.00
2016-04-25	98.17	98.83	97.24	97.69	1506800.00
2016-04-26	97.87	99.11	96.62	98.50	2174000.00
2016-04-27	99.05	100.98	98.99	100.71	2265600.00
2016-04-28	99.93	100.97	99.18	99.43	1134500.00
2016-04-29	99.55	100.43	99.10	99.93	1041800.00
2016-05-02	100.05	100.11	98.43	99.49	1373800.00
2016-05-03	98.78	98.94	97.46	97.92	824000.00
2016-05-04	97.11	97.39	94.92	95.70	1402000.00
2016-05-05	96.37	97.14	96.16	96.43	1179800.00
2016-05-06	96.25	97.53	96.14	97.53	735500.00
2016-05-09	97.18	97.40	95.57	96.19	814300.00
2016-05-10	96.53	98.44	96.20	98.16	997900.00
2016-05-11	98.02	98.73	97.45	97.76	753900.00
2016-05-12	98.23	98.60	96.76	97.48	1012200.00
2016-05-13	97.33	97.93	94.76	95.08	1107400.00
2016-05-16	95.58	97.74	95.58	97.23	1220100.00
2016-05-17	97.26	98.00	96.53	96.94	978100.00
2016-05-18	96.44	97.15	95.28	95.70	928800.00
2016-05-19	95.18	95.32	93.31	94.42	1149900.00
2016-05-20	95.02	95.54	94.44	94.83	1017700.00
2016-05-23	94.64	95.18	93.79	94.94	1019900.00
2016-05-24	95.20	96.35	94.84	95.98	893000.00
2016-05-25	96.56	98.10	96.07	97.85	920500.00
2016-05-26	98.27	99.18	97.81	98.44	1074800.00
2016-05-27	98.26	99.06	98.18	98.73	1047500.00
2016-05-31	99.16	99.85	98.50	99.48	1453900.00
2016-06-01	98.73	100.07	97.80	99.96	1075700.00
2016-06-02	99.72	100.39	98.02	100.38	757500.00
2016-06-03	100.46	100.59	99.76	100.48	661600.00
2016-06-06	100.80	101.35	100.46	100.71	976100.00
2016-06-07	101.00	101.70	100.51	100.59	811500.00
2016-06-08	100.46	102.02	100.46	101.00	532700.00
2016-06-09	100.19	100.60	99.77	99.93	916100.00
2016-06-10	98.74	99.08	97.21	97.62	1418400.00
2016-06-13	96.70	97.83	96.34	96.64	1035800.00
2016-06-14	96.26	97.26	95.60	96.92	973000.00
2016-06-15	97.35	97.47	96.44	96.69	1049300.00
2016-06-16	96.10	96.83	94.75	96.59	826400.00
2016-06-17	96.79	97.58	96.37	97.17	924200.00
2016-06-20	98.61	99.88	98.28	98.56	900200.00
2016-06-21	98.62	98.62	97.91	98.22	810100.00
2016-06-22	98.57	99.03	97.85	97.89	773900.00
2016-06-23	99.09	99.68	98.49	98.76	966500.00
2016-06-24	95.38	96.06	91.53	91.74	3493800.00
2016-06-27	89.92	90.04	85.84	87.08	2398000.00
2016-06-28	88.03	88.77	87.62	88.70	1643600.00
2016-06-29	89.90	90.37	88.78	90.14	1291800.00
2016-06-30	90.69	93.60	90.29	93.60	2208700.00
2016-07-01	93.60	95.78	93.60	94.71	1592800.00
2016-07-05	94.03	94.51	91.94	92.75	1469400.00
2016-07-06	92.56	94.04	90.95	93.89	1862400.00
2016-07-07	93.94	94.90	93.08	93.74	1901000.00
2016-07-08	95.01	96.49	94.66	96.44	1152900.00
2016-07-11	96.50	97.32	96.16	96.92	617600.00
2016-07-12	97.74	98.29	97.02	98.10	1054000.00
2016-07-13	98.61	98.65	97.02	97.95	850300.00
2016-07-14	99.20	99.33	98.38	98.59	770200.00
2016-07-15	99.00	99.23	98.29	98.47	653800.00
2016-07-18	98.17	98.45	97.24	97.97	569700.00
2016-07-19	97.47	97.95	97.16	97.40	649300.00
2016-07-20	97.49	98.52	97.09	98.00	454600.00
2016-07-21	97.80	98.52	96.85	97.26	452300.00
2016-07-22	97.04	98.13	96.46	98.00	678400.00
2016-07-25	97.81	98.01	97.09	97.45	685600.00
2016-07-26	97.64	99.42	97.64	99.42	663700.00
2016-07-27	99.35	99.96	98.54	99.55	762600.00
2016-07-28	99.17	99.45	98.25	99.16	399800.00
2016-07-29	98.83	99.30	98.24	98.91	697800.00
2016-08-01	98.68	98.97	97.54	98.10	1343500.00
2016-08-02	98.32	98.93	97.24	97.91	2001400.00
2016-08-03	97.58	98.78	97.36	98.56	2423900.00
2016-08-04	102.30	104.80	101.97	103.05	2414500.00
2016-08-05	103.73	104.96	103.56	104.91	1964600.00
2016-08-08	105.19	106.48	105.04	106.26	1674700.00
2016-08-09	106.26	106.67	105.42	105.62	875100.00
2016-08-10	106.09	106.30	105.53	105.83	560300.00
2016-08-11	106.45	107.34	106.22	107.07	662600.00
2016-08-12	106.95	107.00	105.96	106.38	651500.00
2016-08-15	106.80	107.84	106.64	107.52	648200.00
2016-08-16	107.27	107.93	106.93	107.51	802200.00
2016-08-17	107.39	108.15	107.15	107.72	1185200.00
2016-08-18	107.90	108.15	107.00	107.45	1468400.00
2016-08-19	107.00	107.89	106.50	107.73	670500.00
2016-08-22	107.26	107.96	107.04	107.47	646200.00
2016-08-23	107.93	108.16	107.45	107.85	551100.00
2016-08-24	107.57	107.64	106.64	106.82	863700.00
2016-08-25	106.71	107.80	106.20	107.58	725300.00
2016-08-26	107.93	108.83	106.86	107.30	684300.00
2016-08-29	107.39	108.22	106.82	107.74	769200.00
2016-08-30	107.68	108.02	106.87	107.27	1118200.00
2016-08-31	106.87	107.16	106.29	106.68	754400.00
2016-09-01	106.80	107.23	105.67	106.97	731900.00
2016-09-02	107.53	108.25	107.16	107.54	913600.00
2016-09-06	107.61	107.80	106.42	107.28	794800.00
2016-09-07	107.15	108.24	107.05	108.08	912800.00
2016-09-08	107.99	108.67	107.41	108.27	863500.00
2016-09-09	107.14	107.85	105.15	105.16	1071000.00
2016-09-12	104.38	107.32	103.83	106.97	958400.00
2016-09-13	105.59	106.20	104.92	105.21	624500.00
2016-09-14	105.14	106.07	104.86	105.22	507700.00
2016-09-15	105.33	107.12	104.63	106.71	1048800.00
2016-09-16	105.87	106.13	105.23	105.80	979800.00
2016-09-19	106.41	107.38	106.18	106.56	603300.00
2016-09-20	107.18	107.61	106.24	106.25	667800.00
2016-09-21	106.94	107.67	106.47	107.48	702400.00
2016-09-22	107.96	108.72	107.68	107.93	860900.00
2016-09-23	107.75	107.75	106.05	106.16	715300.00
2016-09-26	105.50	106.31	104.98	105.66	916500.00
2016-09-27	105.27	107.03	105.00	106.82	734900.00
2016-09-28	107.31	108.76	106.95	108.64	903400.00
2016-09-29	108.14	109.42	107.54	107.95	815200.00
2016-09-30	108.28	110.22	108.28	109.29	1438400.00
2016-10-03	109.14	109.77	108.13	108.57	1194900.00
2016-10-04	108.23	108.63	107.12	107.66	3124800.00
2016-10-05	109.32	111.65	108.38	110.93	2664700.00
2016-10-06	110.51	110.66	109.74	110.51	1918200.00
2016-10-07	109.70	110.30	107.30	108.54	1409400.00
2016-10-10	109.02	109.63	108.56	108.91	845400.00
2016-10-11	109.18	109.18	106.47	107.15	1005800.00
2016-10-12	107.33	108.43	107.09	107.90	738800.00
2016-10-13	107.18	107.75	106.27	107.46	768600.00
2016-10-14	107.94	109.02	107.94	108.43	804000.00
2016-10-17	108.48	108.91	108.03	108.30	739900.00
2016-10-18	109.37	109.37	106.88	106.94	1127600.00
2016-10-19	107.48	107.93	106.35	107.73	1294100.00
2016-10-20	107.17	107.82	106.67	106.92	1871300.00
2016-10-21	106.82	108.66	106.60	107.27	2081700.00
2016-10-24	107.92	107.92	104.92	105.17	1442900.00
2016-10-25	104.86	105.91	104.57	105.66	1112700.00
2016-10-26	105.22	106.68	105.19	106.08	1139000.00
2016-10-27	106.40	106.60	104.84	105.97	1126200.00
2016-10-28	106.13	107.35	105.91	106.19	1277700.00
2016-10-31	106.52	107.25	106.08	106.87	743400.00
2016-11-01	107.47	107.60	104.61	105.51	1067900.00
2016-11-02	105.37	105.84	103.98	104.38	1034700.00
2016-11-03	104.78	104.78	103.41	103.86	900800.00
2016-11-04	103.72	106.23	103.72	104.96	1023900.00
2016-11-07	107.92	109.95	107.81	109.40	1686800.00
2016-11-08	109.71	110.89	109.12	110.62	1134100.00
2016-11-09	110.08	116.32	110.06	115.47	2536700.00
2016-11-10	116.43	120.16	116.03	119.86	3409500.00
2016-11-11	119.10	121.48	118.79	121.41	1844400.00
2016-11-14	120.96	122.27	120.96	121.62	1648300.00
2016-11-15	121.20	122.57	120.06	122.53	1351300.00
2016-11-16	121.75	122.38	120.17	120.59	1080700.00
2016-11-17	120.79	121.31	119.80	119.97	705800.00
2016-11-18	119.80	119.95	118.66	119.08	1006800.00
2016-11-21	119.80	120.54	119.60	120.08	901100.00
2016-11-22	120.54	120.92	119.57	120.60	744600.00
2016-11-23	120.05	121.38	119.96	121.01	825000.00
2016-11-25	120.80	121.67	120.75	121.67	254000.00
2016-11-28	121.01	121.32	119.56	119.67	676000.00
2016-11-29	118.98	120.42	117.28	119.84	623700.00
2016-11-30	120.86	122.46	120.08	121.57	1191700.00
2016-12-01	122.53	126.05	122.52	125.54	2575900.00
2016-12-02	126.31	126.61	123.72	124.17	1782600.00
2016-12-05	125.21	125.66	123.55	124.66	1127000.00
2016-12-06	124.23	125.06	123.79	124.74	1385000.00
2016-12-07	124.56	127.27	124.12	126.87	1016300.00
2016-12-08	126.98	126.98	123.94	124.16	1361500.00
2016-12-09	123.95	124.74	123.50	124.70	901200.00
2016-12-12	124.84	125.05	123.22	123.87	800000.00
2016-12-13	124.36	124.70	122.87	123.39	769600.00
2016-12-14	123.02	124.26	122.52	122.68	1092300.00
2016-12-15	122.77	126.40	122.44	125.13	1485800.00
2016-12-16	125.71	126.39	124.55	124.91	1956400.00
2016-12-19	125.06	125.52	123.99	124.98	740300.00
2016-12-20	125.71	126.48	125.08	125.93	797900.00
2016-12-21	125.49	125.85	124.24	124.60	957500.00
2016-12-22	124.57	125.47	124.31	124.96	990800.00
2016-12-23	125.10	125.35	124.59	124.91	279500.00
2016-12-27	124.99	125.57	124.84	125.37	355400.00
2016-12-28	125.54	125.80	123.02	123.27	774200.00
2016-12-29	123.27	123.86	122.26	122.74	429300.00
2016-12-30	122.90	123.51	122.06	122.51	593400.00
2017-01-03	124.43	126.23	123.23	124.74	1115000.00
2017-01-04	124.70	125.31	124.17	124.82	637900.00
2017-01-05	124.56	124.84	122.44	123.71	557900.00
2017-01-06	124.18	124.61	123.44	123.81	727500.00
2017-01-09	123.86	124.39	122.83	123.19	519200.00
2017-01-10	123.52	124.30	123.16	124.11	721400.00
2017-01-11	124.27	127.18	123.64	127.07	1441300.00
2017-01-12	126.45	126.54	123.98	125.79	1231400.00
2017-01-13	126.62	128.06	126.28	127.98	947200.00
2017-01-17	127.23	127.29	125.61	125.68	1623900.00
2017-01-18	125.85	127.27	125.69	126.36	802000.00
2017-01-19	126.35	127.34	125.28	125.79	1174600.00
2017-01-20	126.41	126.45	124.64	124.71	1350300.00
2017-01-23	124.70	124.98	123.44	124.70	998400.00
2017-01-24	125.05	127.91	124.90	127.30	781100.00
2017-01-25	127.79	131.15	127.57	130.84	1634200.00
2017-01-26	130.44	131.24	129.53	130.47	1117200.00
2017-01-27	130.85	131.38	130.36	130.62	717200.00
2017-01-30	130.30	130.30	127.63	128.92	983000.00
2017-01-31	128.51	129.09	126.73	128.75	1345900.00
2017-02-01	128.76	129.60	126.96	127.28	1423200.00
2017-02-02	130.37	133.77	129.54	131.04	2040300.00
2017-02-03	131.86	132.26	130.51	131.44	1073000.00
2017-02-06	130.93	131.35	129.55	130.08	945000.00
2017-02-07	131.63	131.63	129.15	129.48	1342300.00
2017-02-08	129.11	129.76	127.79	129.60	1372400.00
2017-02-09	129.90	131.42	129.53	131.29	1002700.00
2017-02-10	131.64	132.14	131.01	132.07	1059000.00
2017-02-13	132.73	134.60	132.73	134.01	1625200.00
2017-02-14	133.56	134.33	132.68	134.16	836200.00
2017-02-15	135.05	137.51	134.54	136.67	1762900.00
2017-02-16	136.65	136.90	134.86	135.72	823200.00
2017-02-17	135.10	135.70	134.07	135.27	1079000.00
2017-02-21	135.47	137.09	135.36	136.79	921200.00
2017-02-22	137.55	137.86	136.67	137.00	1057900.00
2017-02-23	137.54	137.54	134.39	135.10	702200.00
2017-02-24	134.05	136.34	133.40	136.28	647700.00
2017-02-27	136.10	137.36	135.54	137.24	690600.00
2017-02-28	136.94	137.67	135.98	136.10	1090300.00
2017-03-01	137.95	139.80	136.27	139.26	1410000.00
2017-03-02	139.15	139.79	137.85	138.08	1159300.00
2017-03-03	138.01	138.29	137.08	138.05	766000.00
2017-03-06	137.07	138.96	137.01	138.82	964900.00
2017-03-07	138.88	139.26	137.86	138.43	1044400.00
2017-03-08	138.59	140.07	138.49	138.57	1164600.00
2017-03-09	138.32	139.02	136.46	137.38	879600.00
2017-03-10	138.66	139.54	137.26	138.28	1392300.00
2017-03-13	138.77	139.82	138.05	138.95	1055600.00
2017-03-14	138.27	138.67	137.24	138.04	742400.00
2017-03-15	138.79	140.71	138.63	140.27	822100.00
2017-03-16	140.71	140.84	138.62	139.09	1182400.00
2017-03-17	139.19	140.21	138.77	139.85	1806900.00
2017-03-20	139.92	140.09	138.72	139.09	833700.00
2017-03-21	139.93	140.36	137.54	137.91	1262400.00
2017-03-22	138.11	138.68	137.21	138.48	1018700.00
2017-03-23	138.55	139.50	137.74	138.88	872400.00
2017-03-24	138.90	139.36	137.16	137.73	1111100.00
2017-03-27	136.12	137.40	134.15	136.81	976300.00
2017-03-28	136.74	139.78	136.32	139.26	958700.00
2017-03-29	139.36	140.51	138.82	139.73	920700.00
2017-03-30	139.52	141.22	139.38	140.68	582700.00
2017-03-31	140.06	141.72	139.77	140.92	739600.00
2017-04-03	140.79	141.78	139.02	140.29	1007700.00
2017-04-04	140.19	141.45	139.62	140.86	711800.00
2017-04-05	141.50	143.40	140.28	140.47	856200.00
2017-04-06	140.75	141.88	140.31	140.84	756700.00
2017-04-07	140.88	142.06	140.80	141.53	911100.00
2017-04-10	141.72	142.96	140.88	140.94	1082500.00
2017-04-11	140.53	141.37	139.54	141.35	944900.00
2017-04-12	141.64	142.02	136.43	136.61	2024400.00
2017-04-13	135.87	137.19	134.90	135.00	1309900.00
2017-04-17	135.89	137.01	135.05	136.87	1058100.00
2017-04-18	135.85	137.55	135.71	136.91	1155600.00
2017-04-19	137.61	137.74	135.51	136.08	915300.00
2017-04-20	137.15	138.65	136.43	138.06	1011100.00
2017-04-21	138.29	138.67	137.12	137.39	1053900.00
2017-04-24	139.76	141.36	139.64	141.17	1319200.00
2017-04-25	142.18	145.56	142.02	145.22	2121800.00
2017-04-26	144.93	145.87	143.76	144.63	1784900.00
2017-04-27	145.48	146.44	140.15	142.38	2452200.00
2017-04-28	142.54	143.27	140.83	141.34	2074900.00
2017-05-01	141.77	141.77	138.85	139.70	1632100.00
2017-05-02	139.80	140.50	139.08	140.10	1486900.00
2017-05-03	139.31	140.47	139.15	140.33	993900.00
2017-05-04	140.66	140.88	138.81	140.45	1149900.00
2017-05-05	140.66	141.08	138.69	139.93	1542200.00
2017-05-08	140.18	140.81	139.67	140.59	746800.00
2017-05-09	140.74	141.11	140.00	140.56	509400.00
2017-05-10	140.66	141.04	139.82	140.49	874100.00
2017-05-11	139.95	140.75	138.84	140.37	638400.00
2017-05-12	139.78	140.12	137.87	138.29	826900.00
2017-05-15	138.83	139.17	137.29	138.16	1181100.00
2017-05-16	138.53	138.64	136.92	138.11	713000.00
2017-05-17	138.11	138.11	134.87	134.96	1213800.00
2017-05-18	134.80	135.27	133.43	134.42	1816900.00
2017-05-19	135.46	139.70	135.10	138.76	1598400.00
2017-05-22	139.47	140.10	138.41	139.42	1070800.00
2017-05-23	139.61	140.12	138.49	139.50	983800.00
2017-05-24	139.73	141.46	139.32	140.80	1023100.00
2017-05-25	141.10	141.65	139.77	140.37	847400.00
2017-05-26	140.37	140.88	139.94	140.57	504700.00
2017-05-30	139.79	140.90	139.52	140.63	637000.00
2017-05-31	140.66	140.72	138.45	138.99	1408000.00
2017-06-01	139.67	141.18	138.93	140.68	993800.00
2017-06-02	140.44	142.32	140.24	141.43	739900.00
2017-06-05	141.32	141.32	138.57	138.64	1191900.00
2017-06-06	137.80	138.37	136.53	137.51	945300.00
2017-06-07	137.91	137.91	134.25	134.76	1609700.00
2017-06-08	134.76	137.11	134.17	136.39	1784300.00
2017-06-09	136.91	139.61	136.91	138.61	926000.00
2017-06-12	138.65	139.56	137.97	138.69	848100.00
2017-06-13	138.60	139.96	138.33	139.85	717400.00
2017-06-14	140.05	140.05	138.03	138.65	847800.00
2017-06-15	137.44	140.78	136.99	140.66	1157100.00
2017-06-16	141.09	143.54	140.43	143.53	1812300.00
2017-06-19	144.40	145.78	143.76	145.06	774900.00
2017-06-20	144.15	144.95	143.68	144.34	1120200.00
2017-06-21	143.70	143.82	139.37	139.55	1584100.00
2017-06-22	139.79	140.02	138.57	138.93	1240800.00
2017-06-23	138.70	141.05	138.50	140.90	3954700.00
2017-06-26	140.90	141.35	138.03	138.64	1164900.00
2017-06-27	138.71	139.10	137.78	137.89	883300.00
2017-06-28	138.96	139.80	138.34	139.47	1052300.00
2017-06-29	139.92	139.92	137.30	138.62	1462700.00
2017-06-30	139.31	143.34	139.24	141.06	1474400.00
2017-07-03	141.72	143.02	140.85	142.30	484800.00
2017-07-05	142.16	143.26	141.65	142.23	896600.00
2017-07-06	141.22	142.37	140.45	140.74	790800.00
2017-07-07	140.97	142.40	140.67	142.02	973800.00
2017-07-10	141.53	144.83	140.67	144.18	799100.00
2017-07-11	144.44	144.47	142.47	143.98	1225300.00
2017-07-12	144.98	146.13	144.45	144.58	850000.00
2017-07-13	144.51	145.74	144.28	145.49	934800.00
2017-07-14	145.83	146.04	144.94	145.69	676500.00
2017-07-17	145.60	147.26	145.34	146.49	1146700.00
2017-07-18	146.23	146.56	145.10	145.86	550700.00
2017-07-19	146.57	147.27	145.16	147.19	556000.00
2017-07-20	147.19	147.51	146.27	146.48	656400.00
2017-07-21	145.56	145.71	143.48	145.23	1057400.00
2017-07-24	145.24	145.55	143.37	145.11	763800.00
2017-07-25	146.54	147.84	144.54	146.50	1079700.00
2017-07-26	146.23	146.36	144.11	145.33	788400.00
2017-07-27	145.67	146.52	144.47	144.81	1060300.00
2017-07-28	144.64	146.07	144.08	145.41	745800.00
2017-07-31	146.27	146.96	145.56	146.50	690700.00
2017-08-01	146.62	147.35	143.81	145.21	1159200.00
2017-08-02	144.74	145.91	143.75	145.02	1435800.00
2017-08-03	142.90	147.14	141.87	145.92	1353300.00
2017-08-04	146.63	146.63	144.43	144.95	918900.00
2017-08-07	144.57	144.72	142.74	143.33	1313800.00
2017-08-08	143.06	144.14	142.14	142.67	933700.00
2017-08-09	142.06	142.69	141.52	142.12	811200.00
2017-08-10	141.35	141.45	137.32	137.48	1662500.00
2017-08-11	137.35	139.41	136.84	138.59	1013800.00
2017-08-14	139.46	140.62	139.38	139.69	843400.00
2017-08-15	139.90	140.33	139.23	139.62	936500.00
2017-08-16	139.97	140.72	139.85	140.15	627400.00
2017-08-17	139.77	140.50	137.31	137.31	1057000.00
2017-08-18	136.62	138.19	135.62	136.94	867100.00
2017-08-21	137.16	137.20	136.36	136.94	682600.00
2017-08-22	137.74	140.61	137.52	140.45	795300.00
2017-08-23	139.75	140.59	139.07	139.07	1478900.00
2017-08-24	139.48	139.83	138.71	138.78	587100.00
2017-08-25	139.48	139.88	139.02	139.42	621100.00
2017-08-28	139.80	140.51	139.40	140.41	656600.00
2017-08-29	139.60	141.44	139.52	141.11	772200.00
2017-08-30	141.03	142.52	140.92	142.22	821200.00
2017-08-31	142.75	143.37	141.97	142.60	864200.00
2017-09-01	143.26	145.15	143.08	144.32	1099900.00
2017-09-05	144.09	144.47	141.51	141.60	1043700.00
2017-09-06	142.62	143.30	141.60	141.88	976700.00
2017-09-07	142.12	142.12	139.18	140.81	993600.00
2017-09-08	140.42	143.38	140.42	142.99	686700.00
2017-09-11	143.62	146.33	143.32	146.33	886000.00
2017-09-12	146.53	147.60	146.28	147.59	1084600.00
2017-09-13	147.28	149.53	146.34	148.86	849900.00
2017-09-14	148.46	149.11	147.99	148.84	756400.00
2017-09-15	148.77	151.27	148.37	150.40	1142300.00
2017-09-18	151.11	154.06	150.77	153.90	1726100.00
2017-09-19	154.37	156.55	153.78	156.08	2046500.00
2017-09-20	156.33	157.42	155.59	156.25	969400.00
2017-09-21	155.77	156.74	155.33	155.92	683800.00
2017-09-22	155.62	157.42	155.62	156.98	741600.00
2017-09-25	156.76	157.33	155.26	156.78	717800.00
2017-09-26	156.94	157.05	152.01	154.20	1858000.00
2017-09-27	155.15	156.21	154.40	155.57	922200.00
2017-09-28	154.92	156.07	154.29	155.84	691500.00
2017-09-29	155.84	156.14	154.89	155.13	659800.00
2017-10-02	152.45	156.14	151.26	156.14	1155500.00
2017-10-03	156.00	157.31	155.85	157.02	590000.00
2017-10-04	157.10	157.89	156.83	157.35	603400.00
2017-10-05	157.42	158.12	156.92	157.11	790400.00
2017-10-06	157.09	157.76	156.73	157.04	951000.00
2017-10-09	157.42	157.77	156.71	157.18	435000.00
2017-10-10	157.80	158.21	156.37	157.33	609300.00
2017-10-11	157.34	157.60	156.80	157.38	533600.00
2017-10-12	157.26	159.71	157.26	159.61	793300.00
2017-10-13	160.59	161.26	159.58	159.90	679400.00
2017-10-16	160.33	160.88	159.76	160.79	500800.00
2017-10-17	160.34	161.29	160.13	160.84	606800.00
2017-10-18	161.46	161.68	160.68	161.01	471600.00
2017-10-19	160.44	161.34	159.67	161.32	521800.00
2017-10-20	161.98	163.58	161.48	163.53	450700.00
2017-10-23	163.60	163.76	161.97	162.09	588100.00
2017-10-24	163.39	164.44	162.90	163.50	738200.00
2017-10-25	162.77	163.26	160.84	162.80	967500.00
2017-10-26	163.97	164.39	163.26	163.82	567600.00
2017-10-27	163.56	163.77	162.44	162.98	574300.00
2017-10-30	162.51	162.68	160.94	161.26	572800.00
2017-10-31	161.79	163.03	161.23	161.86	874500.00
2017-11-01	163.67	163.67	161.08	161.31	842000.00
2017-11-02	163.18	168.26	163.18	165.85	1698200.00
2017-11-03	166.78	166.78	163.93	164.31	840800.00
2017-11-06	164.47	164.49	163.10	163.64	917700.00
2017-11-07	163.94	164.98	163.52	164.39	525800.00
2017-11-08	163.66	164.19	162.72	163.86	425300.00
2017-11-09	163.06	163.29	160.68	162.20	649000.00
2017-11-10	161.89	162.51	161.44	162.10	409500.00
2017-11-13	161.37	161.68	160.07	161.27	545500.00
2017-11-14	160.99	160.99	159.56	159.82	678900.00
2017-11-15	159.14	160.11	158.10	159.87	982000.00
2017-11-16	160.27	162.52	159.87	162.16	849300.00
2017-11-17	161.24	162.36	160.61	162.20	641200.00
2017-11-20	162.82	163.28	162.22	162.69	529600.00
2017-11-21	162.99	164.35	162.97	163.93	518100.00
2017-11-22	164.23	165.05	163.92	164.21	540700.00
2017-11-24	164.46	164.65	162.66	163.03	211800.00
2017-11-27	163.01	163.70	162.64	163.50	435400.00
2017-11-28	164.05	165.34	163.30	165.21	541400.00
2017-11-29	165.26	165.93	163.53	163.96	672700.00
2017-11-30	164.86	167.35	164.42	166.78	779000.00
2017-12-01	166.78	167.61	163.36	166.39	718800.00
2017-12-04	168.22	169.01	165.12	165.32	757200.00
2017-12-05	164.92	165.03	163.15	163.95	717200.00
2017-12-06	165.82	166.42	163.10	165.74	960100.00
2017-12-07	165.40	170.24	165.34	170.19	1102700.00
2017-12-08	171.15	171.69	170.12	171.66	1082800.00
2017-12-11	171.84	172.11	170.09	170.74	667100.00
2017-12-12	170.66	171.57	170.48	170.66	705000.00
2017-12-13	170.39	173.72	170.34	173.20	959000.00
2017-12-14	173.00	174.20	170.45	170.52	753700.00
2017-12-15	171.72	173.75	170.63	172.80	1057900.00
2017-12-18	173.34	176.60	173.34	176.24	1279800.00
2017-12-19	177.87	177.90	175.24	176.19	949600.00
2017-12-20	177.25	177.58	176.44	177.07	744800.00
2017-12-21	177.42	177.94	175.57	177.63	788600.00
2017-12-22	178.12	178.12	176.46	177.24	614300.00
2017-12-26	177.13	177.35	176.51	176.96	445200.00
2017-12-27	177.09	177.20	176.20	176.94	357000.00
2017-12-28	177.57	177.57	176.05	177.20	565000.00
2017-12-29	178.29	178.63	177.08	177.53	655300.00
2018-01-02	177.99	178.45	176.47	177.80	855400.00
2018-01-03	177.62	179.33	176.75	179.25	650600.00
2018-01-04	179.18	181.51	178.85	180.07	823000.00
2018-01-05	180.58	182.20	180.32	181.29	721600.00
2018-01-08	181.29	183.61	181.17	182.84	974700.00
2018-01-09	183.21	184.97	182.89	184.42	728500.00
2018-01-10	184.17	184.44	183.03	183.78	993700.00
2018-01-11	184.02	185.38	183.91	185.33	1043100.00
2018-01-12	185.87	187.11	185.34	186.84	862600.00
2018-01-16	187.82	189.29	185.49	186.72	1237800.00
2018-01-17	188.00	188.47	186.72	187.51	821200.00
2018-01-18	188.14	188.77	186.90	187.28	859700.00
2018-01-19	187.51	188.56	186.80	187.64	902500.00
2018-01-22	186.77	187.30	184.52	187.00	835700.00
2018-01-23	187.19	187.40	185.49	186.20	940500.00
2018-01-24	187.00	188.09	184.73	185.76	842400.00
2018-01-25	186.94	186.94	183.07	184.58	960600.00
2018-01-26	184.83	186.54	183.91	186.50	1162700.00
2018-01-29	186.00	187.05	183.46	183.66	578500.00
2018-01-30	182.38	182.82	180.31	182.04	992600.00
2018-01-31	182.82	184.33	178.47	179.17	1544700.00
2018-02-01	174.16	176.30	171.23	172.10	3058500.00
2018-02-02	171.78	172.07	166.47	169.58	2002500.00
2018-02-05	167.37	169.78	160.77	161.89	1771600.00
2018-02-06	160.39	167.28	158.13	166.27	2991500.00
2018-02-07	165.68	167.52	162.93	163.06	1506600.00
2018-02-08	162.93	162.93	155.78	155.79	1520800.00
2018-02-09	158.07	159.43	150.37	157.92	2086400.00
2018-02-12	159.51	163.15	158.76	161.57	1529100.00
2018-02-13	160.54	161.43	159.59	160.54	1077300.00
2018-02-14	159.90	164.43	159.45	164.17	1152300.00
2018-02-15	165.39	166.78	163.44	164.83	920100.00
2018-02-16	164.58	166.32	163.50	163.57	869200.00
2018-02-20	162.48	164.00	161.08	162.13	893100.00
2018-02-21	162.23	164.91	161.82	161.85	687900.00
2018-02-22	162.90	165.35	162.37	164.19	848200.00
2018-02-23	165.02	165.50	161.78	163.88	722700.00
2018-02-26	164.82	166.23	163.75	165.65	860400.00
2018-02-27	165.55	166.15	162.35	162.38	721100.00
2018-02-28	163.18	164.34	159.29	159.33	983400.00
2018-03-01	159.35	161.87	156.81	158.28	1830500.00
2018-03-02	157.40	157.86	154.60	156.72	1354100.00
2018-03-05	155.77	158.98	154.27	158.12	1026500.00
2018-03-06	158.91	161.24	158.46	158.76	1174000.00
2018-03-07	157.00	158.46	156.26	157.47	1223000.00
2018-03-08	159.67	161.83	158.61	161.73	1417900.00
2018-03-09	163.18	167.71	162.55	166.57	1315800.00
2018-03-12	167.16	167.16	161.96	162.80	1039700.00
2018-03-13	163.19	164.69	161.86	162.35	823300.00
2018-03-14	163.38	163.65	159.84	160.21	861600.00
2018-03-15	160.55	162.09	159.72	160.76	677600.00
2018-03-16	160.81	164.09	160.57	163.11	1181300.00
2018-03-19	162.94	163.21	160.54	162.39	781000.00
2018-03-20	163.08	164.95	160.92	161.04	1312700.00
2018-03-21	161.14	164.10	160.79	162.26	972900.00
2018-03-22	160.82	161.24	156.92	157.01	1144600.00
2018-03-23	157.40	157.97	150.87	151.09	1433400.00
2018-03-26	154.41	155.90	151.72	155.89	1071500.00
2018-03-27	155.93	156.80	151.57	152.09	1430800.00
2018-03-28	152.27	152.75	149.53	150.11	1083900.00
2018-03-29	150.60	154.80	150.52	152.68	1291000.00
2018-04-02	151.78	152.58	146.24	148.71	1162100.00
2018-04-03	148.88	150.74	148.27	150.66	955900.00
2018-04-04	147.63	152.88	147.02	152.61	1433500.00
2018-04-05	153.48	155.31	152.54	153.71	810900.00
2018-04-06	152.02	153.02	147.65	149.48	1392100.00
2018-04-09	150.22	152.26	149.09	149.29	960900.00
2018-04-10	151.93	154.53	151.77	153.92	1540500.00
2018-04-11	152.22	153.35	151.59	152.09	759100.00
2018-04-12	153.27	154.80	152.93	154.05	731700.00
2018-04-13	155.17	155.23	152.94	153.98	886500.00
2018-04-16	155.23	155.94	154.08	155.80	961800.00
2018-04-17	156.96	158.01	156.28	156.99	879800.00
2018-04-18	158.01	160.12	157.73	159.32	1156700.00
2018-04-19	159.20	159.44	156.04	157.28	928200.00
2018-04-20	157.92	160.23	156.76	157.47	1575200.00
2018-04-23	157.46	158.43	153.30	153.52	1138200.00
2018-04-24	154.38	156.18	143.61	145.83	2573900.00
2018-04-25	145.80	150.77	144.65	150.22	1824600.00
2018-04-26	147.59	148.64	137.66	145.11	4111800.00
2018-04-27	144.16	148.28	144.13	146.75	2795800.00
2018-04-30	147.24	148.11	145.98	146.96	2173700.00
2018-05-01	146.31	150.38	145.58	149.95	1663500.00
2018-05-02	149.77	151.49	149.56	149.82	1682700.00
2018-05-03	149.26	150.78	146.85	150.31	1294500.00
2018-05-04	149.29	153.25	148.66	152.61	1113100.00
2018-05-07	151.77	152.48	149.44	152.22	910200.00
2018-05-08	152.02	153.14	151.92	152.76	749600.00
2018-05-09	153.68	156.68	153.14	156.51	1150200.00
2018-05-10	156.71	157.00	155.67	156.25	1354300.00
2018-05-11	156.34	158.82	155.98	157.03	734600.00
2018-05-14	157.62	158.36	156.46	158.21	939100.00
2018-05-15	157.54	158.74	156.85	158.41	835000.00
2018-05-16	158.24	159.60	157.84	158.60	985600.00
2018-05-17	158.76	161.09	158.76	159.90	890000.00
2018-05-18	159.55	161.18	159.37	160.59	906700.00
2018-05-21	161.57	164.92	161.51	163.59	927000.00
2018-05-22	163.38	164.34	159.53	159.81	1003500.00
2018-05-23	159.15	159.51	156.65	159.47	1178200.00
2018-05-24	158.81	160.39	157.28	159.15	792800.00
2018-05-25	158.44	159.38	157.63	158.84	645200.00
2018-05-29	157.00	157.41	153.61	154.89	756400.00
2018-05-30	155.79	157.89	155.79	157.11	630700.00
2018-05-31	156.64	157.36	152.50	153.25	1000300.00
2018-06-01	154.49	156.60	154.39	154.87	893600.00
2018-06-04	155.76	156.44	154.24	154.44	652800.00
2018-06-05	154.36	155.72	154.28	155.20	819300.00
2018-06-06	155.87	156.19	154.57	156.19	779400.00
2018-06-07	156.57	157.57	155.85	157.36	498000.00
2018-06-08	157.36	157.79	156.16	156.67	485800.00
2018-06-11	156.71	158.12	156.35	156.48	1321500.00
2018-06-12	156.97	157.36	155.02	156.18	855100.00
2018-06-13	155.99	156.23	154.24	154.36	1233500.00
2018-06-14	155.19	156.41	153.37	154.16	768200.00
2018-06-15	153.59	153.70	150.72	153.27	1171500.00
2018-06-18	151.65	152.84	150.68	152.04	1215200.00
2018-06-19	150.07	150.18	146.21	146.71	1192900.00
2018-06-20	147.15	147.99	145.39	147.48	1020100.00
2018-06-21	145.86	145.86	141.20	142.13	1758800.00
2018-06-22	143.49	143.91	140.35	141.13	2775600.00
2018-06-25	140.68	140.79	137.65	139.67	1607500.00
2018-06-26	140.00	141.35	139.68	139.74	1060800.00
2018-06-27	141.13	141.71	138.02	138.06	1360700.00
2018-06-28	138.10	139.71	136.72	138.84	1202600.00
2018-06-29	139.84	142.11	139.64	139.75	797300.00
2018-07-02	138.88	140.34	137.97	139.97	778800.00
2018-07-03	140.35	142.36	140.19	140.61	762900.00
2018-07-05	141.45	141.73	140.01	140.86	852300.00
2018-07-06	140.66	141.41	139.32	140.62	757500.00
2018-07-09	141.41	143.75	141.41	143.29	950900.00
2018-07-10	143.56	144.13	142.26	143.50	1053900.00
2018-07-11	142.09	142.57	140.94	141.65	986100.00
2018-07-12	141.95	142.75	140.54	142.22	767800.00
2018-07-13	141.84	145.49	141.84	144.83	1495600.00
2018-07-16	143.38	143.76	140.84	141.41	1229900.00
2018-07-17	140.71	142.65	140.57	142.35	1453600.00
2018-07-18	142.65	146.08	141.91	145.36	1604600.00
2018-07-19	144.42	148.25	144.35	148.03	1298000.00
2018-07-20	147.01	147.77	146.21	146.59	998500.00
2018-07-23	145.76	146.99	142.45	143.27	1535400.00
2018-07-24	144.69	146.60	143.47	145.03	1283800.00
2018-07-25	145.17	146.60	143.52	146.30	1340200.00
2018-07-26	146.79	149.10	146.29	148.12	948100.00
2018-07-27	148.43	148.55	146.83	147.44	1308100.00
2018-07-30	147.31	149.20	146.38	146.62	1050600.00
2018-07-31	147.44	151.82	146.69	151.59	1189500.00
2018-08-01	150.43	150.64	147.80	148.55	1453600.00
2018-08-02	142.04	154.77	141.07	153.85	2425500.00
2018-08-03	154.26	154.76	153.01	154.69	1308400.00
2018-08-06	156.49	157.62	154.24	156.30	1509900.00
2018-08-07	156.49	157.60	156.09	156.11	1164600.00
2018-08-08	155.98	156.13	154.07	154.94	726600.00
2018-08-09	154.74	155.80	153.23	153.33	1100200.00
2018-08-10	152.49	152.49	150.30	150.65	871700.00
2018-08-13	150.67	151.70	149.08	150.00	1733700.00
2018-08-14	149.55	150.46	148.95	149.04	901400.00
2018-08-15	148.00	149.67	146.79	149.29	955000.00
2018-08-16	150.03	151.46	149.84	150.86	943200.00
2018-08-17	150.97	152.15	150.47	152.06	791800.00
2018-08-20	152.03	153.55	151.62	152.53	920900.00
2018-08-21	152.85	154.77	152.60	154.30	1817100.00
2018-08-22	154.00	154.26	152.71	153.05	632600.00
2018-08-23	152.94	152.94	151.26	151.62	602600.00
2018-08-24	152.20	153.98	151.23	153.81	1505800.00
2018-08-27	154.78	157.71	154.66	157.32	1229700.00
2018-08-28	158.09	158.51	157.15	157.75	754300.00
2018-08-29	157.98	158.45	156.71	158.35	699600.00
2018-08-30	158.51	158.62	157.20	157.71	983200.00
2018-08-31	157.17	158.74	156.50	158.16	841100.00
2018-09-04	157.81	158.23	156.62	157.39	660600.00
2018-09-05	156.75	159.57	156.73	159.03	763900.00
2018-09-06	160.12	161.23	159.32	160.17	844300.00
2018-09-07	159.88	160.59	158.84	160.07	656800.00
2018-09-10	161.08	163.05	160.25	162.42	580700.00
2018-09-11	161.66	162.76	160.94	162.31	616700.00
2018-09-12	162.44	165.47	161.61	165.15	1138000.00
2018-09-13	166.13	167.98	165.67	166.34	795100.00
2018-09-14	167.19	168.71	164.33	168.57	748600.00
2018-09-17	168.84	170.03	168.54	168.84	680500.00
2018-09-18	168.83	171.05	167.62	170.14	1010400.00
2018-09-19	170.37	172.69	169.43	171.57	1781900.00
2018-09-20	172.95	174.01	170.85	171.59	900600.00
2018-09-21	172.07	173.15	171.23	171.66	1084800.00
2018-09-24	172.41	172.41	169.14	170.81	1533000.00
2018-09-25	170.83	171.32	168.95	169.58	924600.00
2018-09-26	168.91	169.58	167.92	168.23	680400.00
2018-09-27	169.14	169.14	167.38	167.98	766900.00
2018-09-28	167.47	167.47	165.02	165.67	1767400.00
2018-10-01	166.96	168.12	165.86	166.51	990700.00
2018-10-02	166.32	166.81	165.44	166.51	1226200.00
2018-10-03	167.03	168.65	166.42	166.99	1414600.00
2018-10-04	166.95	167.20	165.42	166.60	816400.00
2018-10-05	166.84	167.01	162.82	164.26	883300.00
2018-10-08	163.29	164.03	161.35	163.45	1037000.00
2018-10-09	162.85	163.15	160.40	160.65	682600.00
2018-10-10	160.27	160.30	154.92	155.04	1036700.00
2018-10-11	154.24	155.36	148.42	149.16	1971900.00
2018-10-12	151.46	152.95	148.05	150.69	1130800.00
2018-10-15	147.54	149.74	146.76	147.29	1612500.00
2018-10-16	148.26	149.46	146.90	148.71	1664700.00
2018-10-17	148.73	149.20	145.38	146.40	1245300.00
2018-10-18	144.75	145.87	142.60	143.51	1373900.00
2018-10-19	143.03	144.50	141.21	142.20	1216800.00
2018-10-22	142.79	143.15	141.10	141.82	1179100.00
2018-10-23	139.09	139.09	135.18	136.94	1937000.00
2018-10-24	137.75	138.83	131.80	131.95	1925000.00
2018-10-25	133.57	133.83	131.40	132.13	1630200.00
2018-10-26	130.54	132.69	129.73	131.02	1833200.00
2018-10-29	133.31	134.89	128.80	130.80	1796100.00
2018-10-30	130.75	134.09	130.22	133.58	2261300.00
2018-10-31	135.75	137.94	135.01	136.57	1822900.00
2018-11-01	136.86	143.69	135.30	143.53	1954300.00
2018-11-02	145.60	147.43	144.00	145.60	2272700.00
2018-11-05	146.14	148.64	145.17	147.81	1664200.00
2018-11-06	147.32	150.99	147.10	150.57	1486300.00
2018-11-07	150.50	154.19	150.50	154.05	1756000.00
2018-11-08	153.80	155.73	152.91	154.71	1699500.00
2018-11-09	153.50	154.66	149.20	151.39	1952500.00
2018-11-12	151.19	152.02	149.09	149.33	1608800.00
2018-11-13	149.82	151.72	147.72	148.77	1162700.00
2018-11-14	149.94	151.41	148.33	150.84	1986100.00
2018-11-15	149.22	154.72	148.73	153.75	1034200.00
2018-11-16	153.57	155.29	152.69	154.99	1136200.00
2018-11-19	154.20	154.78	151.10	151.61	1144800.00
2018-11-20	149.01	150.95	147.74	148.11	1053300.00
2018-11-21	148.79	151.03	148.19	148.80	798500.00
2018-11-23	146.84	149.61	146.84	147.96	367900.00
2018-11-26	149.22	151.85	148.90	150.45	692600.00
2018-11-27	149.57	150.16	147.80	148.67	740000.00
2018-11-28	149.23	153.16	147.97	152.83	1592200.00
2018-11-29	152.53	153.31	151.48	152.81	1018300.00
2018-11-30	152.54	156.16	151.58	155.65	1187900.00
2018-12-03	159.49	162.14	156.83	158.49	1425600.00
2018-12-04	157.70	158.42	150.34	150.61	1243000.00
2018-12-06	146.96	147.99	141.99	147.76	1185700.00
2018-12-07	148.13	149.56	141.32	142.08	951500.00
2018-12-10	142.26	143.16	138.20	141.41	926200.00
2018-12-11	143.82	144.07	138.30	139.17	861200.00
2018-12-12	141.48	144.41	140.98	141.07	913100.00
2018-12-13	141.89	142.66	139.36	139.66	683400.00
2018-12-14	137.70	140.42	136.14	136.63	1015200.00
2018-12-17	136.16	139.22	134.54	135.57	1006400.00
2018-12-18	136.38	138.11	133.28	134.53	1008200.00
2018-12-19	134.81	138.35	132.13	133.57	1746600.00
2018-12-20	132.32	134.27	129.25	131.97	1405100.00
2018-12-21	131.86	135.03	131.58	131.71	2070300.00
2018-12-24	130.61	130.94	127.40	127.67	677500.00
2018-12-26	128.59	134.11	127.45	134.05	926400.00
2018-12-27	131.29	135.67	130.13	135.67	749700.00
2018-12-28	136.49	136.83	133.77	134.13	760800.00
2018-12-31	134.81	136.16	132.96	134.93	830700.00
2019-01-02	132.79	136.25	131.72	136.06	1097600.00
2019-01-03	135.15	135.31	130.10	131.04	1281800.00
2019-01-04	134.27	137.00	133.69	136.91	956900.00
2019-01-07	136.48	139.17	135.21	137.41	922400.00
2019-01-08	138.75	140.44	137.94	140.28	1086500.00
2019-01-09	140.83	142.59	140.54	141.36	1050700.00
2019-01-10	140.56	143.44	140.12	142.91	723500.00
2019-01-11	141.55	142.96	141.03	142.93	957000.00
2019-01-14	141.48	142.64	140.58	141.29	720300.00
2019-01-15	141.61	141.93	139.06	139.69	979400.00
2019-01-16	139.77	141.55	139.29	140.98	847400.00
2019-01-17	140.10	145.60	140.10	144.32	712600.00
2019-01-18	145.13	148.53	144.81	147.01	1200200.00
2019-01-22	145.46	146.00	142.13	143.26	756500.00
2019-01-23	143.97	144.78	140.98	141.87	908800.00
2019-01-24	141.74	143.92	140.86	143.01	789700.00
2019-01-25	144.20	146.24	144.20	145.65	1103900.00
2019-01-28	143.16	144.19	140.41	142.64	859000.00
2019-01-29	143.08	147.15	142.61	146.68	817100.00
2019-01-30	148.15	150.28	146.39	149.28	1254700.00
2019-01-31	147.92	150.55	144.97	149.11	1850800.00
2019-02-01	148.76	150.86	147.74	148.73	1287600.00
2019-02-04	149.11	149.91	147.68	149.72	690300.00
2019-02-05	150.56	150.56	148.74	150.38	828200.00
2019-02-06	150.18	151.27	149.90	150.19	572700.00
2019-02-07	149.24	149.44	146.25	147.52	737200.00
2019-02-08	146.57	147.87	145.53	147.32	717700.00
2019-02-11	148.02	149.28	147.96	148.91	858800.00
2019-02-12	150.98	155.46	150.49	154.59	1376300.00
2019-02-13	155.70	157.23	155.12	155.76	858300.00
2019-02-14	154.41	154.83	152.98	153.67	808800.00
2019-02-15	155.18	157.89	154.81	157.84	872700.00
2019-02-19	156.87	158.99	156.37	157.54	675100.00
2019-02-20	157.99	159.82	157.44	159.37	559700.00
2019-02-21	158.43	159.27	157.51	159.00	903000.00
2019-02-22	159.68	161.30	158.81	159.76	878800.00
2019-02-25	160.98	162.03	159.94	160.19	815400.00
2019-02-26	158.66	160.85	158.59	159.27	597100.00
2019-02-27	159.07	161.41	158.59	161.36	707200.00
2019-02-28	161.25	161.43	159.80	160.11	1160300.00
2019-03-01	161.72	162.21	159.01	160.01	799500.00
2019-03-04	160.35	161.57	157.50	158.67	931300.00
2019-03-05	158.67	159.60	157.97	158.48	640100.00
2019-03-06	158.48	158.62	156.48	156.55	719300.00
2019-03-07	156.56	156.56	153.56	154.85	740400.00
2019-03-08	152.99	154.17	152.13	153.63	724600.00
2019-03-11	153.71	156.48	153.53	156.41	577200.00
2019-03-12	156.66	156.97	155.27	155.47	721200.00
2019-03-13	155.96	157.76	154.04	156.87	1067600.00
2019-03-14	156.15	156.39	154.16	154.50	914800.00
2019-03-15	154.48	156.18	154.44	155.21	1391700.00
2019-03-18	155.56	158.47	155.44	158.20	691300.00
2019-03-19	158.85	160.15	156.27	156.86	733600.00
2019-03-20	156.60	156.64	152.62	153.52	1043800.00
2019-03-21	152.66	155.22	152.45	154.07	1193600.00
2019-03-22	153.15	153.15	147.51	148.50	1268500.00
2019-03-25	148.04	150.05	147.67	148.80	731200.00
2019-03-26	150.07	151.36	149.45	150.30	574700.00
2019-03-27	150.54	151.88	149.23	151.42	997200.00
2019-03-28	152.07	155.20	152.07	154.11	833300.00
2019-03-29	155.64	156.66	155.29	155.98	799300.00
2019-04-01	157.94	162.00	157.94	161.66	960600.00
2019-04-02	161.56	162.05	160.30	161.35	678500.00
2019-04-03	162.51	164.27	162.17	163.12	1126400.00
2019-04-04	163.23	165.18	162.76	165.12	619100.00
2019-04-05	165.35	166.95	164.51	166.69	970200.00
2019-04-08	165.67	167.76	164.62	167.75	618300.00
2019-04-09	166.38	166.38	164.03	164.43	911100.00
2019-04-10	163.99	166.85	163.99	166.37	803300.00
2019-04-11	166.67	169.20	165.88	168.94	783600.00
2019-04-12	169.83	171.80	169.83	171.45	885100.00
2019-04-15	170.98	171.43	169.85	170.74	827300.00
2019-04-16	171.37	171.62	170.38	171.44	949300.00
2019-04-17	172.61	173.28	170.32	171.01	807000.00
2019-04-18	171.17	172.92	170.47	172.62	477400.00
2019-04-22	172.32	173.57	171.59	172.63	499200.00
2019-04-23	172.31	173.12	171.29	172.10	733700.00
2019-04-24	172.05	172.33	170.27	170.38	686200.00
2019-04-25	168.07	168.25	164.66	165.44	963800.00
2019-04-26	166.00	167.47	164.65	166.33	802600.00
2019-04-29	172.04	173.14	165.67	166.75	1583100.00
2019-04-30	166.18	166.34	162.56	164.58	1370200.00
2019-05-01	165.05	165.38	162.05	163.59	1113800.00
2019-05-02	157.73	160.10	154.72	160.04	1719500.00
2019-05-03	161.78	163.73	160.16	163.46	829100.00
2019-05-06	159.51	161.60	158.77	160.92	879900.00
2019-05-07	158.43	158.63	156.27	157.58	923400.00
2019-05-08	156.64	157.42	155.42	156.28	955500.00
2019-05-09	155.04	157.13	153.50	156.92	772300.00
2019-05-10	155.76	158.90	153.38	158.61	1057100.00
2019-05-13	154.39	156.04	149.54	151.50	2039900.00
2019-05-14	152.06	154.16	151.95	152.47	994000.00
2019-05-15	152.02	155.69	151.40	154.50	1335600.00
2019-05-16	154.95	156.54	154.68	154.83	671400.00
2019-05-17	152.87	153.34	149.67	149.74	1007000.00
2019-05-20	148.69	149.83	148.00	148.98	794800.00
2019-05-21	150.45	152.52	150.36	151.66	830900.00
2019-05-22	150.71	151.82	149.67	149.72	516900.00
2019-05-23	147.50	147.94	143.37	144.91	1373400.00
2019-05-24	146.17	147.43	143.72	144.62	746600.00
2019-05-28	144.78	145.71	141.62	141.82	1041400.00
2019-05-29	141.66	143.62	141.01	142.49	1211400.00
2019-05-30	142.75	143.99	142.64	143.54	882800.00
2019-05-31	141.30	141.30	139.03	139.15	815500.00
2019-06-03	139.27	143.45	139.27	142.75	1065000.00
2019-06-04	144.41	147.52	143.30	147.27	1180200.00
2019-06-05	148.00	148.64	145.81	148.34	694900.00
2019-06-06	147.69	148.76	146.23	148.01	705200.00
2019-06-07	149.11	152.39	148.80	151.23	1066100.00
2019-06-10	152.11	153.48	151.84	152.38	641400.00
2019-06-11	153.82	155.28	152.47	152.64	1357400.00
2019-06-12	152.64	152.68	150.41	150.59	737900.00
2019-06-13	151.11	151.49	149.64	151.47	688800.00
2019-06-14	150.68	150.71	147.81	150.02	553400.00
2019-06-17	150.24	150.24	147.36	147.59	672900.00
2019-06-18	148.74	153.05	148.24	152.16	851800.00
2019-06-19	152.94	153.63	152.04	153.14	911300.00
2019-06-20	156.55	157.33	154.48	157.21	718300.00
2019-06-21	157.65	158.05	156.06	156.26	1010800.00
2019-06-24	156.23	157.49	154.88	155.12	638300.00
2019-06-25	154.64	156.26	153.69	154.00	778600.00
2019-06-26	154.66	156.27	154.64	155.53	740200.00
2019-06-27	155.62	156.64	153.81	153.89	838500.00
2019-06-28	154.78	157.19	153.95	155.32	1672400.00
2019-07-01	157.78	157.78	153.66	155.29	782000.00
2019-07-02	154.47	154.64	151.94	153.07	951100.00
2019-07-03	153.87	154.15	152.12	154.04	540900.00
2019-07-05	152.89	153.48	149.94	152.23	649300.00
2019-07-08	151.26	153.31	150.93	151.49	594900.00
2019-07-09	150.25	150.25	148.67	149.24	985100.00
2019-07-10	147.88	149.58	146.11	147.78	1241300.00
2019-07-11	147.40	149.64	146.98	149.30	1351600.00
2019-07-12	149.08	154.72	148.48	154.46	1435800.00
2019-07-15	154.21	154.67	152.44	153.26	756700.00
2019-07-16	151.74	157.50	151.48	156.26	1324300.00
2019-07-17	155.81	156.09	152.88	152.91	870600.00
2019-07-18	152.54	153.43	151.12	151.44	568500.00
2019-07-19	152.31	155.80	151.66	154.95	1317000.00
2019-07-22	154.90	156.59	154.90	155.57	600500.00
2019-07-23	157.13	161.49	156.35	161.41	877100.00
2019-07-24	159.79	164.26	158.93	162.84	927500.00
2019-07-25	163.30	163.69	160.66	161.97	588200.00
2019-07-26	160.86	161.58	159.09	159.77	732000.00
2019-07-29	159.70	160.05	157.01	157.86	1020000.00
2019-07-30	157.27	161.62	155.64	161.52	923100.00
2019-07-31	161.45	164.07	157.81	159.95	1562300.00
2019-08-01	159.87	166.34	157.28	157.92	2059800.00
2019-08-02	157.91	158.07	153.17	154.38	991900.00
2019-08-05	150.77	151.57	148.19	149.34	874500.00
2019-08-06	150.82	152.78	149.08	152.62	738500.00
2019-08-07	149.51	151.04	147.21	150.42	637800.00
2019-08-08	151.63	153.38	151.42	152.97	635100.00
2019-08-09	151.89	151.94	149.19	150.29	450900.00
2019-08-12	149.39	149.55	147.23	147.54	504900.00
2019-08-13	147.07	152.62	146.55	151.32	686400.00
2019-08-14	148.03	148.21	144.80	145.17	842700.00
2019-08-15	145.19	145.40	142.53	144.00	773900.00
2019-08-16	144.78	148.29	144.57	147.83	706800.00
2019-08-19	150.82	151.34	149.38	151.05	531300.00
2019-08-20	150.38	150.75	148.64	149.33	472300.00
2019-08-21	151.17	151.63	149.24	149.90	616200.00
2019-08-22	150.71	150.98	149.00	150.24	516700.00
2019-08-23	148.86	150.30	143.43	144.37	807500.00
2019-08-26	146.05	146.61	143.40	144.86	661200.00
2019-08-27	145.73	146.13	144.62	144.99	595200.00
2019-08-28	144.46	146.87	143.81	146.33	419900.00
2019-08-29	148.47	150.92	148.23	150.79	529600.00
2019-08-30	152.15	153.78	151.83	152.29	880800.00
2019-09-03	150.51	150.55	146.03	147.88	795300.00
2019-09-04	149.38	150.73	149.15	149.94	564400.00
2019-09-05	151.90	157.98	151.90	157.68	813900.00
2019-09-06	158.47	160.00	156.67	159.38	862000.00
2019-09-09	160.06	163.27	159.13	163.03	788700.00
2019-09-10	163.17	166.71	161.52	166.55	1027200.00
2019-09-11	166.68	169.49	164.18	169.46	1079100.00
2019-09-12	169.60	169.63	165.16	166.83	910400.00
2019-09-13	168.50	169.42	166.12	167.41	802400.00
2019-09-16	165.69	166.78	163.68	164.61	763800.00
2019-09-17	163.87	164.70	161.54	164.56	844500.00
2019-09-18	163.59	164.66	161.62	164.54	687000.00
2019-09-19	164.84	165.80	163.27	163.40	514300.00
2019-09-20	164.08	165.23	162.51	162.64	1023900.00
2019-09-23	161.27	167.68	160.19	166.33	1054100.00
2019-09-24	166.71	167.00	162.25	163.25	905800.00
2019-09-25	163.72	166.32	162.46	166.28	727600.00
2019-09-26	165.47	166.56	164.86	165.47	682000.00
2019-09-27	166.49	166.54	163.95	165.78	739500.00
2019-09-30	166.55	166.55	165.06	165.92	569500.00
2019-10-01	167.45	168.68	161.01	161.44	800600.00
2019-10-02	159.71	160.33	155.97	157.39	951200.00
2019-10-03	156.71	158.49	153.93	158.19	702900.00
2019-10-04	158.85	160.67	156.61	160.55	708400.00
2019-10-07	159.24	159.45	156.09	156.98	857400.00
2019-10-08	155.00	155.14	152.67	153.06	794300.00
2019-10-09	154.91	154.92	152.86	154.19	724400.00
2019-10-10	154.09	158.35	154.09	156.86	615600.00
2019-10-11	159.84	167.21	159.80	165.05	1047300.00
2019-10-14	163.88	164.90	162.45	163.95	512900.00
2019-10-15	163.64	168.43	162.32	165.87	836800.00
2019-10-16	166.01	167.68	165.08	165.59	739500.00
2019-10-17	167.02	168.94	166.66	168.41	993100.00
2019-10-18	167.83	170.13	167.54	169.53	1110000.00
2019-10-21	170.68	171.56	168.14	168.47	1019200.00
2019-10-22	168.47	173.33	166.82	171.69	935600.00
2019-10-23	171.04	173.21	170.16	172.24	577000.00
2019-10-24	172.76	173.18	169.03	170.64	547500.00
2019-10-25	171.63	176.03	170.27	175.19	877800.00
2019-10-28	176.38	177.89	174.03	174.89	1155700.00
2019-10-29	173.29	177.85	172.69	177.25	782700.00
2019-10-30	177.71	178.37	175.36	178.18	1534200.00
2019-10-31	173.63	178.18	167.26	168.57	2462900.00
2019-11-01	170.95	180.06	170.45	179.97	1662900.00
2019-11-04	182.19	184.42	180.36	182.46	1486100.00
2019-11-05	182.42	184.75	181.19	182.50	868000.00
2019-11-06	181.62	183.72	180.06	182.97	1017100.00
2019-11-07	184.55	185.82	182.83	183.83	855900.00
2019-11-08	183.65	184.98	182.74	184.12	691300.00
2019-11-11	182.20	183.95	181.91	183.46	739600.00
2019-11-12	183.33	183.63	181.48	182.28	714300.00
2019-11-13	180.69	182.40	179.23	180.29	602100.00
2019-11-14	179.12	180.67	178.87	179.24	484500.00
2019-11-15	181.22	182.36	180.45	181.46	542000.00
2019-11-18	182.00	182.34	180.03	181.38	495400.00
2019-11-19	182.37	182.78	180.32	181.09	733700.00
2019-11-20	180.29	181.81	178.17	179.93	573800.00
2019-11-21	179.79	181.99	178.18	181.59	824900.00
2019-11-22	182.25	182.78	180.96	182.62	724800.00
2019-11-25	183.30	186.67	182.24	186.47	1170800.00
2019-11-26	185.67	186.07	183.64	184.90	1049800.00
2019-11-27	184.72	184.92	182.05	184.39	1130100.00
2019-11-29	184.44	184.53	182.79	183.43	307700.00
2019-12-02	184.41	186.06	181.85	182.22	866300.00
2019-12-03	179.81	181.31	177.54	181.00	793700.00
2019-12-04	182.52	184.57	181.79	182.21	802400.00
2019-12-05	182.74	184.56	182.74	184.00	665300.00
2019-12-06	184.65	187.78	184.65	186.74	1158500.00
2019-12-09	186.02	187.24	185.17	185.91	923800.00
2019-12-10	189.15	189.60	184.95	186.74	1071400.00
2019-12-11	188.04	190.70	187.82	190.40	892100.00
2019-12-12	190.09	193.63	188.93	193.13	740800.00
2019-12-13	192.46	195.67	189.59	190.54	861800.00
2019-12-16	193.82	194.63	191.55	191.55	709100.00
2019-12-17	194.87	194.87	187.44	187.98	2957000.00
2019-12-18	188.89	190.92	187.54	190.58	994900.00
2019-12-19	190.23	190.96	189.25	190.33	781400.00
2019-12-20	193.40	193.98	189.99	190.88	1296700.00
2019-12-23	191.33	192.40	190.58	192.11	548800.00
2019-12-24	192.19	192.19	189.91	190.49	231800.00
2019-12-26	191.13	191.61	189.83	191.59	547800.00
2019-12-27	191.97	191.97	190.45	191.01	305500.00
2019-12-30	191.01	191.01	189.44	189.86	360100.00
2019-12-31	189.61	190.85	189.24	189.92	405400.00
2020-01-02	191.02	193.56	190.22	193.56	845200.00
2020-01-03	189.74	191.78	187.49	190.84	895400.00
2020-01-06	188.93	190.99	187.98	190.92	734100.00
2020-01-07	190.92	191.41	189.16	190.54	699500.00
2020-01-08	191.13	191.51	189.81	190.67	711500.00
2020-01-09	191.08	192.05	189.62	191.13	587500.00
2020-01-10	191.01	192.05	188.90	189.45	802100.00
2020-01-13	189.65	192.36	188.70	192.00	749100.00
2020-01-14	191.62	192.90	190.29	190.79	719100.00
2020-01-15	190.03	191.92	188.26	189.48	983800.00
2020-01-16	190.41	192.05	190.06	191.70	515800.00
2020-01-17	191.53	193.55	190.96	191.01	859200.00
2020-01-21	189.99	190.48	185.68	186.44	1016700.00
2020-01-22	186.84	187.58	183.11	183.39	1005500.00
2020-01-23	182.40	186.65	180.51	186.22	1221900.00
2020-01-24	186.42	186.42	181.40	182.96	659700.00
2020-01-27	179.10	180.60	177.63	179.03	815300.00
2020-01-28	180.46	183.05	179.20	181.60	1020500.00
2020-01-29	182.70	185.65	182.65	183.64	1389900.00
2020-01-30	189.27	193.12	184.48	189.30	2165600.00
2020-01-31	186.88	186.88	179.08	180.57	1947600.00
2020-02-03	181.45	187.67	180.81	182.82	1185300.00
2020-02-04	186.62	191.46	186.62	190.20	1161800.00
2020-02-05	193.30	194.49	191.19	194.18	947500.00
2020-02-06	194.71	194.76	191.62	194.45	967000.00
2020-02-07	192.67	193.86	191.53	192.57	947300.00
2020-02-10	191.38	194.23	191.12	194.08	501800.00
2020-02-11	195.81	198.00	195.09	196.67	586800.00
2020-02-12	198.75	199.59	197.66	198.21	679600.00
2020-02-13	196.68	198.60	195.98	197.40	575600.00
2020-02-14	197.49	197.68	195.15	196.29	535200.00
2020-02-18	195.21	195.84	192.98	195.13	800200.00
2020-02-19	195.66	197.15	195.16	196.24	904900.00
2020-02-20	195.73	200.09	195.40	199.48	946100.00
2020-02-21	198.11	199.47	196.20	199.41	702100.00
2020-02-24	192.00	192.77	186.71	188.21	1294800.00
2020-02-25	189.06	189.79	179.69	180.21	1308100.00
2020-02-26	182.02	183.11	175.47	175.75	2268100.00
2020-02-27	171.35	178.93	168.39	172.27	1722200.00
2020-02-28	165.98	171.21	163.36	171.21	2000000.00
2020-03-02	172.54	178.87	169.34	178.46	1122000.00
2020-03-03	177.92	184.22	172.18	172.82	1184000.00
2020-03-04	175.68	180.67	173.51	180.29	1584900.00
2020-03-05	173.20	174.58	164.44	165.35	1920400.00
2020-03-06	160.49	161.61	151.48	152.88	3336000.00
2020-03-09	138.99	141.19	128.25	135.73	3002000.00
2020-03-10	141.55	148.32	135.39	148.32	2398200.00
2020-03-11	142.96	143.79	133.79	136.82	1911800.00
2020-03-12	126.19	127.74	116.93	120.83	2611700.00
2020-03-13	129.07	132.04	119.20	130.02	2826600.00
2020-03-16	117.68	118.90	108.57	109.12	2362900.00
2020-03-17	110.91	115.04	101.96	113.99	2153400.00
2020-03-18	105.24	108.75	86.18	94.97	2315700.00
2020-03-19	93.60	98.68	87.27	96.58	1874600.00
2020-03-20	99.87	109.18	94.24	94.91	2388900.00
2020-03-23	93.36	95.08	86.65	90.40	1676300.00
2020-03-24	97.71	107.75	96.77	107.05	1928300.00
2020-03-25	109.94	125.08	104.94	117.25	2843000.00
2020-03-26	119.45	123.02	114.02	120.97	2232600.00
2020-03-27	116.18	116.89	109.44	112.38	2398500.00
2020-03-30	114.20	121.81	110.96	120.78	1767700.00
2020-03-31	119.66	125.29	117.82	120.21	2520500.00
2020-04-01	111.95	113.50	105.45	107.57	2335200.00
2020-04-02	107.29	116.19	106.66	110.12	1460400.00
2020-04-03	109.72	111.33	105.65	107.31	1212600.00
2020-04-06	117.25	121.95	114.36	121.17	1373500.00
2020-04-07	128.17	132.96	122.57	122.65	1790300.00
2020-04-08	124.26	132.14	124.01	131.01	1218300.00
2020-04-09	134.61	137.91	131.06	134.52	1448100.00
2020-04-13	131.99	133.37	126.03	128.72	1094100.00
2020-04-14	132.27	134.11	129.37	131.68	922200.00
2020-04-15	123.49	126.05	120.69	121.39	2332800.00
2020-04-16	121.83	122.49	114.27	116.75	3105100.00
2020-04-17	122.27	129.40	121.66	128.43	1716700.00
2020-04-20	124.23	127.24	121.66	124.51	1544500.00
2020-04-21	120.33	122.58	119.41	120.85	1142800.00
2020-04-22	125.15	125.44	121.78	122.87	997600.00
2020-04-23	124.72	127.34	122.26	122.73	970400.00
2020-04-24	124.29	126.06	121.09	125.05	1052400.00
2020-04-27	126.22	132.40	125.38	131.30	1092800.00
2020-04-28	135.99	138.39	134.17	135.70	1688500.00
2020-04-29	145.38	148.97	142.71	145.35	2449100.00
2020-04-30	146.42	148.27	141.81	146.52	2425400.00
2020-05-01	145.86	148.26	137.81	141.85	1692500.00
2020-05-04	138.61	146.12	137.16	145.14	1820500.00
2020-05-05	146.98	148.49	141.62	142.28	1405200.00
2020-05-06	142.76	144.46	139.32	142.11	996800.00
2020-05-07	144.45	147.88	144.12	145.38	831300.00
2020-05-08	147.99	151.57	146.92	150.05	1487800.00
2020-05-11	148.33	149.23	144.08	147.60	2037400.00
2020-05-12	148.07	148.97	142.31	142.32	1667700.00
2020-05-13	140.86	142.05	134.68	136.80	1892300.00
2020-05-14	133.53	140.82	130.48	140.79	1462700.00
2020-05-15	138.94	145.87	138.14	142.86	1380200.00
2020-05-18	150.26	155.39	150.02	153.90	1432400.00
2020-05-19	153.07	157.73	150.05	152.96	1432200.00
2020-05-20	155.76	159.34	155.70	156.91	875400.00
2020-05-21	157.06	159.41	154.59	155.39	770300.00
2020-05-22	156.18	156.64	152.71	155.53	705800.00
2020-05-26	161.99	168.68	161.71	167.41	1908800.00
2020-05-27	171.03	172.85	167.82	171.19	2149800.00
2020-05-28	172.60	172.95	166.34	166.65	1961800.00
2020-05-29	165.22	169.69	164.44	167.73	1770300.00
2020-06-01	168.33	172.16	167.31	170.51	1110200.00
2020-06-02	172.36	172.98	170.42	172.55	1379400.00
2020-06-03	176.13	183.24	176.13	182.95	1676700.00
2020-06-04	181.16	184.83	179.91	183.47	1766600.00
2020-06-05	191.15	195.15	181.65	182.15	2669400.00
2020-06-08	182.38	189.71	182.38	188.39	1302600.00
2020-06-09	184.10	185.72	181.83	181.90	1062200.00
2020-06-10	181.15	181.42	174.32	174.45	1800500.00
2020-06-11	166.57	167.87	161.35	161.62	1424800.00
2020-06-12	169.09	169.94	161.90	167.90	1464000.00
2020-06-15	160.56	171.65	160.35	171.15	1179500.00
2020-06-16	180.80	182.58	172.13	176.66	1151700.00
2020-06-17	177.71	177.87	171.48	171.93	988500.00
2020-06-18	170.88	174.76	170.38	172.71	713900.00
2020-06-19	176.54	176.77	169.10	170.49	1561900.00
2020-06-22	169.86	171.14	167.57	170.15	1008200.00
2020-06-23	173.29	173.54	169.01	169.22	972200.00
2020-06-24	167.29	167.47	160.57	161.90	1764400.00
2020-06-25	161.50	164.79	158.71	164.60	948200.00
2020-06-26	164.02	164.58	159.91	160.80	1482500.00
2020-06-29	162.89	167.96	161.79	167.35	841800.00
2020-06-30	166.36	172.34	165.99	170.80	1589900.00
2020-07-01	170.79	173.92	167.56	168.30	1025600.00
2020-07-02	171.30	175.20	168.94	170.53	809100.00
2020-07-06	174.01	176.01	172.03	173.81	685600.00
2020-07-07	172.23	173.14	169.57	169.93	745700.00
2020-07-08	170.45	171.52	165.80	166.94	1432900.00
2020-07-09	166.76	167.50	162.23	164.32	1095800.00
2020-07-10	164.73	164.87	162.63	163.47	1200000.00
2020-07-13	165.60	168.26	163.47	164.03	1464600.00
2020-07-14	164.49	171.28	162.98	171.16	1119500.00
2020-07-15	175.39	176.14	171.45	174.11	1614500.00
2020-07-16	173.55	173.61	169.96	171.91	1027600.00
2020-07-17	172.77	173.65	171.25	172.38	628100.00
2020-07-20	171.17	171.77	167.90	168.97	562700.00
2020-07-21	170.18	173.13	169.85	170.75	954700.00
2020-07-22	170.48	172.93	169.90	172.23	621900.00
2020-07-23	171.70	173.15	170.48	171.54	448400.00
2020-07-24	171.49	172.32	169.65	170.42	423200.00
2020-07-27	170.43	173.46	168.37	173.02	645200.00
2020-07-28	172.38	173.17	168.08	168.10	470500.00
2020-07-29	170.03	171.09	168.59	171.05	1476200.00
2020-07-30	168.22	168.53	163.11	168.24	807000.00
2020-07-31	168.22	168.22	163.70	166.75	876300.00
2020-08-03	167.43	170.95	166.52	169.52	656100.00
2020-08-04	168.88	170.27	167.88	168.93	693100.00
2020-08-05	170.99	174.10	170.57	172.98	1033100.00
2020-08-06	173.35	181.47	173.06	179.90	2048700.00
2020-08-07	181.72	184.57	179.52	184.16	1130700.00
2020-08-10	184.12	190.71	183.94	190.56	1093700.00
2020-08-11	193.19	199.31	192.70	194.34	1966400.00
2020-08-12	196.25	196.89	192.79	195.30	907100.00
2020-08-13	193.38	195.05	192.53	193.76	603600.00
2020-08-14	192.04	196.58	191.86	195.36	552500.00
2020-08-17	195.18	196.95	194.28	194.53	614800.00
2020-08-18	194.08	194.93	192.33	192.66	570400.00
2020-08-19	192.40	193.91	191.25	192.09	512700.00
2020-08-20	189.88	192.18	189.16	190.93	626200.00
2020-08-21	190.83	193.69	190.71	192.28	893600.00
2020-08-24	193.26	195.98	192.12	195.50	785600.00
2020-08-25	196.52	196.87	193.75	195.27	769400.00
2020-08-26	194.11	196.26	193.30	195.51	969800.00
2020-08-27	197.24	198.12	194.40	194.47	616600.00
2020-08-28	195.70	197.68	195.03	196.98	854000.00
2020-08-31	195.94	196.50	192.75	192.80	1027500.00
2020-09-01	191.86	198.39	190.52	198.19	996800.00
2020-09-02	199.22	201.41	197.16	200.59	1011100.00
2020-09-03	200.28	200.79	191.31	193.08	998400.00
2020-09-04	195.67	197.07	191.68	194.01	1399100.00
2020-09-08	192.07	194.06	189.86	190.09	650100.00
2020-09-09	191.86	195.41	191.67	193.81	702100.00
2020-09-10	194.64	196.11	190.47	191.21	624300.00
2020-09-11	192.46	196.50	191.96	195.72	865800.00
2020-09-14	197.62	198.82	195.99	197.89	988000.00
2020-09-15	198.70	200.51	196.32	196.47	524100.00
2020-09-16	198.62	203.64	197.57	200.59	710100.00
2020-09-17	198.14	202.05	195.10	200.35	685800.00
2020-09-18	199.91	201.64	194.47	195.05	951000.00
2020-09-21	189.85	191.30	181.96	186.23	1110000.00
2020-09-22	186.15	188.20	184.70	187.77	557000.00
2020-09-23	187.18	190.93	182.61	182.94	902900.00
2020-09-24	182.94	186.21	179.93	183.36	593700.00
2020-09-25	181.20	188.45	181.00	187.16	575000.00
2020-09-28	190.12	193.46	189.47	189.93	529000.00
2020-09-29	190.11	191.52	187.58	189.22	398900.00
2020-09-30	190.37	193.51	187.08	189.37	961000.00
2020-10-01	190.39	191.95	186.06	187.86	744500.00
2020-10-02	185.43	197.45	184.35	194.01	941700.00
2020-10-05	197.31	200.32	196.66	199.48	829700.00
2020-10-06	199.70	203.09	196.00	196.39	568900.00
2020-10-07	199.33	203.87	199.16	203.60	636500.00
2020-10-08	204.67	204.75	201.51	203.94	419800.00
2020-10-09	206.07	206.98	203.77	204.13	579700.00
2020-10-12	205.14	205.43	202.74	204.09	656500.00
2020-10-13	202.57	203.89	200.66	201.70	458300.00
2020-10-14	202.39	205.01	201.79	202.17	475600.00
2020-10-15	198.99	208.45	198.24	208.39	831300.00
2020-10-16	209.14	212.06	208.06	208.57	1465800.00
2020-10-19	208.48	211.40	206.61	207.37	813900.00
2020-10-20	208.11	212.23	208.11	209.24	690300.00
2020-10-21	209.24	210.71	207.57	208.13	620500.00
2020-10-22	208.96	211.73	208.46	210.90	522500.00
2020-10-23	212.89	214.01	209.88	211.66	587800.00
2020-10-26	208.69	208.70	202.80	204.71	601600.00
2020-10-27	203.75	204.64	198.03	198.18	797700.00
2020-10-28	193.21	195.86	190.01	190.20	759900.00
2020-10-29	189.80	196.90	187.21	194.52	665100.00
2020-10-30	194.04	196.21	191.54	195.00	944700.00
2020-11-02	198.83	205.09	197.50	204.04	798600.00
2020-11-03	207.98	213.08	206.79	211.70	1007400.00
2020-11-04	209.13	210.03	203.01	203.97	1062800.00
2020-11-05	214.88	225.11	213.30	223.63	2165400.00
2020-11-06	222.49	224.11	221.87	223.23	1021000.00
2020-11-09	244.32	252.89	236.58	237.54	2094300.00
2020-11-10	237.40	246.88	237.40	245.41	1669600.00
2020-11-11	247.05	247.61	242.05	245.04	1542800.00
2020-11-12	244.86	245.23	239.69	241.38	2005800.00
2020-11-13	243.91	245.97	240.91	243.37	827600.00
2020-11-16	249.27	253.53	245.27	251.73	917900.00
2020-11-17	249.36	249.48	243.73	247.25	868600.00
2020-11-18	248.21	252.00	247.30	249.05	854200.00
2020-11-19	247.55	252.77	245.10	252.63	974800.00
2020-11-20	252.39	252.50	250.09	251.01	814700.00
2020-11-23	253.32	256.95	252.00	255.51	621800.00
2020-11-24	259.84	263.38	257.41	262.98	800800.00
2020-11-25	261.48	261.49	255.87	257.57	961700.00
2020-11-27	259.26	260.63	254.79	256.39	340200.00
2020-11-30	254.41	254.89	249.30	251.14	924900.00
2020-12-01	255.23	256.59	252.94	254.05	890500.00
2020-12-02	252.55	254.76	249.67	253.82	825600.00
2020-12-03	253.14	256.16	252.23	252.89	1067700.00
2020-12-04	254.81	260.34	254.57	259.11	822800.00
2020-12-07	257.57	258.02	252.63	255.16	1193400.00
2020-12-08	252.83	258.26	252.83	257.70	701300.00
2020-12-09	258.58	260.23	255.95	259.65	587800.00
2020-12-10	258.47	259.84	256.05	257.89	651800.00
2020-12-11	254.50	259.80	254.50	258.11	561100.00
2020-12-14	261.34	261.82	253.72	253.80	562300.00
2020-12-15	257.51	260.38	254.22	259.16	538400.00
2020-12-16	259.05	259.55	255.04	256.36	465300.00
2020-12-17	257.95	258.05	254.93	256.82	664100.00
2020-12-18	256.57	258.98	254.15	255.59	1283400.00
2020-12-21	250.16	256.67	248.31	256.34	609200.00
2020-12-22	256.03	256.03	250.98	251.44	891800.00
2020-12-23	253.32	254.71	251.54	253.15	1062100.00
2020-12-24	252.87	254.73	251.21	253.20	139800.00
2020-12-28	254.65	255.73	251.51	251.55	543900.00
2020-12-29	253.07	254.41	247.14	250.08	551600.00
2020-12-30	251.33	254.85	251.33	253.92	330600.00
2020-12-31	253.25	256.30	251.81	255.98	458700.00
2021-01-04	257.01	258.44	248.27	249.98	615300.00
2021-01-05	249.32	257.20	249.32	255.61	621300.00
2021-01-06	257.82	269.10	257.65	263.91	861200.00
2021-01-07	267.43	268.34	262.84	264.39	856100.00
2021-01-08	264.43	265.62	259.33	263.73	1279700.00
2021-01-11	260.45	268.22	260.05	266.89	753600.00
2021-01-12	267.69	272.71	266.58	270.40	741500.00
2021-01-13	269.90	271.67	268.18	268.96	872700.00
2021-01-14	271.45	276.08	270.41	273.56	557900.00
2021-01-15	270.61	271.10	265.30	267.97	870300.00
2021-01-19	271.21	273.62	270.08	271.38	982400.00
2021-01-20	273.03	273.18	268.93	269.57	851000.00
2021-01-21	269.95	270.57	261.87	262.36	821500.00
2021-01-22	259.28	259.71	255.29	258.57	1114100.00
2021-01-25	257.47	258.39	249.32	253.50	1075400.00
2021-01-26	255.57	256.04	250.26	250.93	832700.00
2021-01-27	245.13	246.59	232.49	234.85	1454400.00
2021-01-28	241.20	251.88	240.36	249.52	1307100.00
2021-01-29	247.18	251.47	244.72	248.65	1265100.00
2021-02-01	251.62	252.97	247.69	252.01	689100.00
2021-02-02	255.13	257.22	251.35	252.19	995400.00
2021-02-03	252.32	256.07	251.25	254.86	665600.00
2021-02-04	270.49	270.49	252.76	252.76	2073800.00
2021-02-05	257.99	264.70	257.99	262.61	1529100.00
2021-02-08	264.48	264.76	258.96	261.83	858000.00
2021-02-09	260.98	262.25	254.42	259.85	942600.00
2021-02-10	259.85	260.91	254.44	257.28	860900.00
2021-02-11	259.78	260.56	251.43	257.37	1262300.00
2021-02-12	256.69	260.49	256.19	260.40	925700.00
2021-02-16	262.86	263.65	258.49	260.38	908900.00
2021-02-17	259.13	260.01	256.07	256.41	628300.00
2021-02-18	254.59	256.56	250.99	252.95	866800.00
2021-02-19	255.50	264.64	253.93	263.69	1621200.00
2021-02-22	263.69	269.22	262.17	266.12	1300900.00
2021-02-23	267.30	270.24	260.87	269.61	1133200.00
2021-02-24	269.53	280.65	268.93	280.04	1535600.00
2021-02-25	279.12	280.78	271.29	272.80	1216900.00
2021-02-26	272.59	275.42	267.82	270.51	829000.00
2021-03-01	275.40	283.54	274.89	280.52	639900.00
2021-03-02	279.53	281.42	278.17	279.00	645700.00
2021-03-03	279.89	285.53	278.67	279.54	751300.00
2021-03-04	278.20	281.41	271.60	276.33	1435800.00
2021-03-05	279.27	283.59	272.25	282.79	1147600.00
2021-03-08	284.59	285.00	280.58	281.68	1301700.00
2021-03-09	282.75	284.57	278.52	278.92	1339700.00
2021-03-10	281.24	290.64	279.55	288.74	1346700.00
2021-03-11	290.55	295.80	288.02	290.59	1506300.00
2021-03-12	292.08	295.39	290.59	294.64	713600.00
2021-03-15	293.97	297.40	292.23	296.85	737100.00
2021-03-16	295.44	297.53	291.85	292.15	794900.00
2021-03-17	292.71	297.93	291.91	296.63	705700.00
2021-03-18	296.05	303.29	296.05	296.99	870100.00
2021-03-19	295.69	296.43	289.46	293.22	1114800.00
2021-03-22	293.22	295.66	288.99	293.15	841300.00
2021-03-23	292.32	294.11	286.30	288.17	1253500.00
2021-03-24	290.18	295.61	290.18	290.65	576000.00
2021-03-25	289.07	297.17	285.37	296.23	579900.00
2021-03-26	299.32	300.63	295.36	299.38	1068200.00
2021-03-29	300.24	302.33	298.16	298.99	548500.00
2021-03-30	298.90	302.13	298.06	299.14	694800.00
2021-03-31	298.82	300.89	296.32	297.34	688300.00
2021-04-01	299.41	299.97	295.69	298.08	963400.00
2021-04-05	301.21	302.42	298.66	300.88	926600.00
2021-04-06	301.52	305.23	297.95	298.98	798900.00
2021-04-07	298.71	301.61	295.86	298.67	610000.00
2021-04-08	297.65	300.24	295.81	300.20	584300.00
2021-04-09	301.40	302.68	297.33	302.68	658300.00
2021-04-12	303.95	304.31	301.54	302.76	739400.00
2021-04-13	301.38	301.89	296.37	297.51	681700.00
2021-04-14	298.83	303.00	298.36	299.46	509000.00
2021-04-15	301.35	301.89	297.17	300.09	458600.00
2021-04-16	303.19	304.93	299.39	302.70	565200.00
2021-04-19	301.65	301.65	297.43	299.31	765700.00
2021-04-20	297.42	299.14	290.76	294.26	774700.00
2021-04-21	293.59	300.21	291.88	299.39	476900.00
2021-04-22	299.55	300.54	295.69	295.78	512000.00
2021-04-23	298.49	301.65	297.01	299.88	759500.00
2021-04-26	300.71	303.06	299.24	300.83	736300.00
2021-04-27	301.17	302.60	299.14	301.22	760800.00
2021-04-28	300.95	303.63	299.77	300.65	859600.00
2021-04-29	299.55	301.41	291.53	295.93	1028000.00
2021-04-30	293.73	296.58	292.01	295.82	1063700.00
2021-05-03	298.82	299.83	291.80	293.53	845300.00
2021-05-04	293.89	296.60	287.96	295.77	1441300.00
2021-05-05	296.44	298.69	292.37	297.60	752600.00
2021-05-06	297.98	299.29	294.53	298.92	1136400.00
2021-05-07	297.70	303.87	293.18	301.94	775500.00
2021-05-10	303.62	307.07	298.73	299.16	1024500.00
2021-05-11	294.97	297.82	290.91	295.73	834500.00
2021-05-12	295.34	296.87	287.51	287.57	683500.00
2021-05-13	288.31	300.10	288.12	299.06	1000300.00
2021-05-14	299.59	306.62	299.59	304.38	808000.00
2021-05-17	303.54	304.09	297.03	299.56	808100.00
2021-05-18	300.51	300.88	294.18	294.23	906500.00
2021-05-19	288.45	290.56	284.67	288.43	1111300.00
2021-05-20	289.90	290.18	286.30	288.58	984200.00
2021-05-21	290.87	292.72	288.07	289.23	631700.00
2021-05-24	291.08	291.85	287.03	289.28	508200.00
2021-05-25	289.62	292.81	287.65	288.10	496900.00
2021-05-26	288.29	289.42	285.82	288.41	506800.00
2021-05-27	292.77	294.13	291.06	291.37	1378600.00
2021-05-28	292.38	292.77	289.86	291.43	718400.00
2021-06-01	295.42	297.57	293.52	296.26	666600.00
2021-06-02	297.11	297.50	292.91	293.63	561600.00
2021-06-03	292.16	294.24	289.48	292.47	512500.00
2021-06-04	292.44	293.83	289.88	292.27	598800.00
2021-06-07	292.79	293.35	288.48	290.70	458000.00
2021-06-08	291.24	295.24	288.63	294.11	523700.00
2021-06-09	292.83	292.83	288.45	288.83	617100.00
2021-06-10	291.49	291.66	285.74	286.71	719600.00
2021-06-11	288.96	290.11	284.38	285.60	771400.00
2021-06-14	285.11	285.57	279.13	280.80	1119500.00
2021-06-15	281.95	282.03	278.07	279.84	1746100.00
2021-06-16	279.32	282.29	275.88	279.89	866400.00
2021-06-17	279.82	280.87	266.68	269.77	1239200.00
2021-06-18	265.70	270.30	265.28	265.75	1532800.00
2021-06-21	269.43	273.26	267.23	272.42	845900.00
2021-06-22	271.62	274.88	269.76	273.60	778300.00
2021-06-23	277.06	281.73	274.82	279.22	1295000.00
2021-06-24	280.35	283.46	278.77	282.66	1111600.00
2021-06-25	284.06	287.33	283.56	285.37	1395900.00
2021-06-28	284.53	288.45	280.95	287.34	1160900.00
2021-06-29	289.61	291.15	286.02	286.23	982200.00
2021-06-30	284.79	290.98	284.79	290.45	957300.00
2021-07-01	292.97	293.18	289.40	290.37	996500.00
2021-07-02	290.78	292.95	289.29	291.55	709100.00
2021-07-06	290.17	290.72	285.17	287.43	1176100.00
2021-07-07	286.84	293.77	286.84	291.52	879400.00
2021-07-08	286.88	294.86	284.87	290.23	1155800.00
2021-07-09	294.46	296.60	293.52	294.67	649400.00
2021-07-12	292.24	296.52	291.91	296.39	889400.00
2021-07-13	296.38	296.60	292.48	292.99	675600.00
2021-07-14	294.82	295.06	288.21	290.18	657600.00
2021-07-15	288.22	293.68	287.68	289.63	704500.00
2021-07-16	290.72	291.40	283.25	283.72	659000.00
2021-07-19	277.92	277.92	270.70	274.20	910700.00
2021-07-20	274.46	284.00	273.66	283.28	1061700.00
2021-07-21	285.64	290.39	284.22	288.62	603500.00
2021-07-22	289.34	289.34	285.58	286.48	426200.00
2021-07-23	289.54	291.03	287.07	290.04	449500.00
2021-07-26	290.26	292.58	289.21	292.45	451100.00
2021-07-27	290.71	295.15	288.97	292.41	517500.00
2021-07-28	293.31	293.70	288.84	289.70	516300.00
2021-07-29	292.24	294.06	290.11	292.56	519100.00
2021-07-30	291.65	295.23	291.29	295.10	491300.00
2021-08-02	289.40	301.22	288.69	288.89	1355900.00
2021-08-03	287.66	293.48	284.98	292.64	772400.00
2021-08-04	289.72	293.48	286.78	286.89	830900.00
2021-08-05	286.46	288.91	282.56	283.94	1172300.00
2021-08-06	277.57	285.67	276.96	282.33	1413400.00
2021-08-09	282.48	283.47	278.42	281.03	1111000.00
2021-08-10	280.78	284.97	279.47	282.45	1528600.00
2021-08-11	284.31	285.53	278.49	279.94	2338300.00
2021-08-12	279.18	280.89	278.26	278.65	1644400.00
2021-08-13	279.59	280.46	274.46	277.10	1191500.00
2021-08-16	275.89	285.81	275.46	282.78	1845900.00
2021-08-17	280.78	282.17	277.71	280.26	1290100.00
2021-08-18	278.84	279.94	276.82	277.16	985500.00
2021-08-19	275.23	278.97	270.27	271.74	744700.00
2021-08-20	271.21	274.03	270.01	272.23	625700.00
2021-08-23	274.15	279.91	273.08	278.58	828300.00
2021-08-24	279.11	284.92	279.07	282.75	1008000.00
2021-08-25	283.41	288.63	281.83	287.04	845000.00
2021-08-26	287.78	290.29	286.14	288.50	741600.00
2021-08-27	290.16	292.62	288.71	288.99	783000.00
2021-08-30	289.24	289.24	285.62	286.16	555700.00
2021-08-31	286.76	286.76	281.17	281.53	1452200.00
2021-09-01	281.57	281.99	276.40	278.96	751800.00
2021-09-02	280.26	282.07	278.69	279.83	811700.00
2021-09-03	278.77	279.50	274.49	275.12	770400.00
2021-09-07	274.60	278.77	273.46	275.11	1225200.00
2021-09-08	274.40	274.65	268.69	273.08	1043700.00
2021-09-09	273.08	274.67	269.87	273.32	741700.00
2021-09-10	274.87	276.20	268.94	269.55	799700.00
2021-09-13	272.90	276.41	269.66	274.75	907800.00
2021-09-14	276.74	276.81	270.30	271.13	643400.00
2021-09-15	271.49	275.74	270.65	275.38	577400.00
2021-09-16	274.48	276.54	272.31	274.76	640400.00
2021-09-17	278.83	278.86	270.35	272.95	1302200.00
2021-09-20	266.65	270.62	264.88	270.21	1003600.00
2021-09-21	271.60	271.66	265.09	265.21	894900.00
2021-09-22	268.79	272.60	267.34	270.84	652900.00
2021-09-23	272.37	278.64	272.32	276.25	1032600.00
2021-09-24	276.20	277.07	273.02	273.15	644900.00
2021-09-27	274.23	281.04	273.69	276.18	707000.00
2021-09-28	275.56	276.15	270.31	271.37	917100.00
2021-09-29	272.72	275.72	270.90	273.86	777300.00
2021-09-30	274.77	275.33	265.20	265.35	918700.00
2021-10-01	268.06	277.84	266.42	276.80	1090500.00
2021-10-04	275.53	277.39	272.03	274.20	962700.00
2021-10-05	274.39	280.51	273.38	277.04	940900.00
2021-10-06	273.94	278.95	270.17	278.60	995600.00
2021-10-07	281.27	283.02	274.22	274.97	835400.00
2021-10-08	275.96	277.47	273.00	276.10	470000.00
2021-10-11	276.62	277.89	272.50	272.76	583800.00
2021-10-12	273.93	275.35	269.40	270.18	416100.00
2021-10-13	270.21	273.10	268.56	271.23	510200.00
2021-10-14	274.30	280.44	273.55	279.47	454600.00
2021-10-15	282.51	286.26	281.33	282.75	431900.00
2021-10-18	279.63	282.04	278.66	280.69	469400.00
2021-10-19	281.58	282.32	279.18	281.12	359500.00
2021-10-20	280.90	285.84	280.03	285.01	479900.00
2021-10-21	284.16	284.19	281.51	283.93	318200.00
2021-10-22	284.72	287.11	283.61	283.98	325300.00
2021-10-25	283.64	289.07	282.66	288.39	738600.00
2021-10-26	288.89	292.28	287.14	288.68	720700.00
2021-10-27	288.95	289.95	282.48	282.77	869600.00
2021-10-28	283.05	288.92	282.74	286.29	774600.00
2021-10-29	284.80	287.26	281.13	281.46	713200.00
2021-11-01	282.17	287.04	280.87	285.47	613900.00
2021-11-02	286.84	288.40	285.55	286.52	1119900.00
2021-11-03	284.28	288.83	282.95	288.56	850600.00
2021-11-04	303.67	313.09	302.42	309.02	1617600.00
2021-11-05	313.27	313.73	305.93	309.13	940500.00
2021-11-08	312.06	315.64	309.94	312.66	883300.00
2021-11-09	313.44	316.01	311.15	312.75	554300.00
2021-11-10	312.72	313.18	309.15	311.09	558000.00
2021-11-11	311.38	312.89	308.72	311.19	419300.00
2021-11-12	313.28	318.27	311.04	317.95	920300.00
2021-11-15	318.65	318.88	312.05	312.55	689800.00
2021-11-16	314.18	318.69	313.06	316.50	790500.00
2021-11-17	314.91	316.57	312.31	313.49	446400.00
2021-11-18	313.86	316.52	311.88	316.33	761900.00
2021-11-19	317.27	318.73	313.88	313.90	865500.00
2021-11-22	315.04	316.36	310.79	310.90	547600.00
2021-11-23	312.52	313.81	309.80	313.21	697100.00
2021-11-24	311.20	312.42	309.17	309.42	499000.00
2021-11-26	300.87	300.87	292.28	294.76	684600.00
2021-11-29	298.49	299.44	290.22	294.28	716600.00
2021-11-30	290.98	294.57	285.51	287.54	1397800.00
2021-12-01	293.28	294.49	278.98	279.02	801200.00
2021-12-02	281.09	292.29	280.71	290.28	706200.00
2021-12-03	291.96	292.43	285.38	290.72	650400.00
2021-12-06	294.95	299.40	292.35	296.68	710300.00
2021-12-07	299.89	304.21	298.48	299.35	552700.00
2021-12-08	299.88	302.13	298.28	301.03	409100.00
2021-12-09	299.75	304.82	298.28	303.02	486500.00
2021-12-10	305.18	307.23	302.52	303.60	451000.00
2021-12-13	304.62	305.10	298.79	299.01	637000.00
2021-12-14	297.44	302.20	294.74	296.44	624500.00
2021-12-15	297.06	300.94	292.44	299.97	717800.00
2021-12-16	303.12	303.55	296.94	298.09	827300.00
2021-12-17	297.63	297.76	287.62	288.07	1554000.00
2021-12-20	283.29	283.29	275.85	282.14	824000.00
2021-12-21	285.89	291.71	284.74	290.66	623300.00
2021-12-22	290.22	292.58	289.49	291.75	426400.00
2021-12-23	293.12	298.15	292.07	296.90	633200.00
2021-12-27	297.53	301.37	296.87	301.32	375200.00
2021-12-28	301.08	303.67	301.08	302.17	306100.00
2021-12-29	303.17	304.55	302.14	303.29	281600.00
2021-12-30	303.74	304.58	299.58	299.86	439700.00
2021-12-31	299.86	304.02	299.49	302.83	357300.00
2022-01-03	303.11	306.55	299.03	300.81	880400.00
2022-01-04	304.47	311.28	301.26	308.47	712500.00
2022-01-05	309.84	311.01	302.72	303.07	1015200.00
2022-01-06	305.10	310.16	302.88	308.55	594400.00
2022-01-07	308.93	312.46	307.30	308.18	621800.00
2022-01-10	305.32	306.40	300.13	302.19	576800.00
2022-01-11	302.54	306.57	297.00	305.93	543700.00
2022-01-12	308.99	311.52	307.37	309.49	529100.00
2022-01-13	309.55	314.62	308.88	312.04	499500.00
2022-01-14	308.66	311.29	304.88	311.22	775900.00
2022-01-18	308.07	312.16	306.26	312.13	816700.00
2022-01-19	312.30	314.33	307.11	307.56	907700.00
2022-01-20	307.54	310.76	298.16	299.13	906100.00
2022-01-21	300.00	302.39	293.97	298.42	846300.00
2022-01-24	292.06	300.24	284.07	299.07	1018500.00
2022-01-25	292.63	300.47	287.50	296.82	812100.00
2022-01-26	300.41	306.80	294.02	298.81	861100.00
2022-01-27	303.15	306.90	289.63	293.85	915600.00
2022-01-28	291.54	293.87	283.40	293.73	815700.00
2022-01-31	291.52	296.53	288.57	295.11	729400.00
2022-02-01	294.89	302.83	293.37	301.97	1104200.00
2022-02-02	300.34	305.57	299.19	304.35	950700.00
2022-02-03	320.89	323.66	294.67	296.59	1607000.00
2022-02-04	295.10	296.58	283.61	288.41	1173000.00
2022-02-07	288.44	295.10	287.76	289.17	1107500.00
2022-02-08	289.53	290.32	285.21	290.09	1026600.00
2022-02-09	292.46	299.88	291.49	299.15	708500.00
2022-02-10	294.57	299.68	288.55	290.74	799300.00
2022-02-11	290.39	292.95	284.59	287.03	733300.00
2022-02-14	287.36	289.38	283.70	287.61	764800.00
2022-02-15	291.07	295.12	290.72	292.58	733500.00
2022-02-16	291.26	297.12	290.42	296.29	664400.00
2022-02-17	293.70	295.09	288.35	289.41	407100.00
2022-02-18	287.99	292.20	285.58	286.55	555000.00
2022-02-22	286.47	288.63	280.58	282.04	624300.00
2022-02-23	284.35	284.35	276.48	276.90	643300.00
2022-02-24	270.70	276.98	267.76	276.20	1310700.00
2022-02-25	276.64	285.41	275.76	284.60	555300.00
2022-02-28	280.10	284.93	278.40	283.07	755700.00
2022-03-01	282.81	284.12	272.16	274.70	944500.00
2022-03-02	278.08	285.45	277.55	283.95	756500.00
2022-03-03	286.37	286.73	279.31	281.72	584200.00
2022-03-04	276.79	277.66	269.89	271.10	1018900.00
2022-03-07	270.29	272.16	259.66	259.70	1243400.00
2022-03-08	262.39	270.92	256.45	259.42	1162200.00
2022-03-09	266.18	273.34	265.40	265.59	844200.00
2022-03-10	260.16	264.12	258.05	263.25	979700.00
2022-03-11	264.75	266.70	258.17	258.81	1002600.00
2022-03-14	262.28	265.35	258.84	261.66	868600.00
2022-03-15	265.70	268.23	263.39	266.60	684500.00
2022-03-16	269.63	277.31	266.63	273.07	653800.00
2022-03-17	267.57	275.88	267.57	275.88	463100.00
2022-03-18	273.93	277.64	270.27	277.34	982800.00
2022-03-21	275.75	278.39	273.93	275.57	699100.00
2022-03-22	277.01	279.97	275.66	277.18	511000.00
2022-03-23	275.57	276.66	273.26	273.86	579600.00
2022-03-24	275.17	276.35	273.23	276.15	380700.00
2022-03-25	276.15	278.95	274.85	277.38	342800.00
2022-03-28	276.44	277.06	272.20	273.80	676600.00
2022-03-29	277.89	284.55	277.15	284.40	645200.00
2022-03-30	283.66	285.50	278.43	278.55	566800.00
2022-03-31	276.37	280.26	270.99	271.01	777600.00
2022-04-01	274.03	286.11	267.38	269.52	836900.00
2022-04-04	268.85	272.24	265.57	271.38	539100.00
2022-04-05	268.72	270.92	261.51	262.10	791000.00
2022-04-06	258.09	261.73	254.95	261.15	1896400.00
2022-04-07	260.55	265.77	256.79	264.20	1160300.00
2022-04-08	263.87	266.56	261.17	261.75	587800.00
2022-04-11	261.60	265.45	257.75	258.27	609400.00
2022-04-12	260.50	264.65	257.00	258.12	428700.00
2022-04-13	257.48	263.60	257.18	261.26	490900.00
2022-04-14	263.43	264.85	260.41	261.57	509300.00
2022-04-18	260.43	262.84	257.42	259.13	468700.00
2022-04-19	260.60	270.56	260.44	270.24	549000.00
2022-04-20	272.27	278.13	272.27	276.44	623100.00
2022-04-21	279.40	281.74	271.90	274.08	619000.00
2022-04-22	271.39	273.51	263.94	264.62	617700.00
2022-04-25	262.24	265.90	256.18	265.76	704600.00
2022-04-26	262.76	266.88	258.99	259.19	512900.00
2022-04-27	260.02	263.38	257.81	259.49	661700.00
2022-04-28	260.89	265.02	256.28	263.94	625400.00
2022-04-29	263.03	268.19	257.53	258.65	776800.00
2022-05-02	258.09	265.20	253.50	260.79	873500.00
2022-05-03	260.29	266.31	258.60	264.01	843500.00
2022-05-04	264.78	278.16	262.72	277.53	1235300.00
2022-05-05	258.21	270.29	257.87	263.75	1563800.00
2022-05-06	260.38	263.26	248.54	259.34	798000.00
2022-05-09	254.81	263.61	253.72	259.01	1003800.00
2022-05-10	261.42	262.31	250.10	253.80	807100.00
2022-05-11	253.41	260.95	251.19	252.99	558100.00
2022-05-12	251.26	253.78	243.67	250.00	1116800.00
2022-05-13	253.80	256.67	251.49	254.71	811200.00
2022-05-16	252.73	257.95	248.45	254.76	719400.00
2022-05-17	261.13	263.27	256.20	261.52	638200.00
2022-05-18	258.43	260.07	251.96	252.79	535800.00
2022-05-19	249.89	256.50	248.18	252.15	559400.00
2022-05-20	254.61	254.80	243.17	248.39	660000.00
2022-05-23	252.19	253.15	248.78	251.14	592100.00
2022-05-24	249.52	252.34	243.87	251.56	481600.00
2022-05-25	250.16	254.54	248.11	252.04	712000.00
2022-05-26	256.10	258.82	255.02	257.26	393700.00
2022-05-27	259.84	262.43	259.69	261.78	472200.00
2022-05-31	259.37	262.68	257.27	261.25	1075700.00
2022-06-01	262.44	263.88	257.97	261.57	648100.00
2022-06-02	264.14	268.08	261.71	267.64	501500.00
2022-06-03	264.91	267.41	263.84	265.74	340700.00
2022-06-06	267.51	269.29	264.86	266.66	574100.00
2022-06-07	264.80	272.70	263.60	272.38	507500.00
2022-06-08	269.86	272.61	268.26	271.67	694700.00
2022-06-09	270.85	272.50	265.79	265.85	613300.00
2022-06-10	259.96	260.83	252.91	253.04	632800.00
2022-06-13	242.10	248.19	241.17	243.00	767400.00
2022-06-14	243.67	247.12	239.51	242.50	663500.00
2022-06-15	244.71	247.73	241.06	244.57	665000.00
2022-06-16	238.53	238.53	228.70	230.89	980100.00
2022-06-17	223.65	229.76	221.20	226.89	1518100.00
2022-06-21	230.55	232.69	226.97	232.20	925500.00
2022-06-22	227.68	236.00	227.68	234.09	832400.00
2022-06-23	232.78	234.59	226.06	230.34	693400.00
2022-06-24	233.74	243.33	232.39	242.95	921200.00
2022-06-27	244.34	245.35	239.80	241.77	635400.00
2022-06-28	243.29	246.62	239.64	239.97	808400.00
2022-06-29	241.35	241.35	235.81	237.41	906900.00
2022-06-30	233.49	238.50	231.12	236.18	1127800.00
2022-07-01	235.95	240.65	231.14	239.07	969400.00
2022-07-05	234.74	236.69	229.34	236.43	572400.00
2022-07-06	235.69	237.60	230.31	234.33	779100.00
2022-07-07	237.13	241.11	235.35	240.90	749900.00
2022-07-08	240.10	240.89	236.30	238.09	291800.00
2022-07-11	237.11	240.41	236.47	238.10	806800.00
2022-07-12	236.79	243.82	236.79	239.11	542500.00
2022-07-13	234.42	237.28	232.79	235.36	921300.00
2022-07-14	230.88	235.73	229.06	234.85	751500.00
2022-07-15	239.97	241.22	236.60	238.40	2553600.00
2022-07-18	241.22	243.75	236.78	237.82	785500.00
2022-07-19	241.79	250.94	240.86	249.56	1015700.00
2022-07-20	249.81	255.50	247.73	254.55	784700.00
2022-07-21	253.60	257.79	251.52	257.54	588100.00
2022-07-22	258.19	259.52	254.96	257.13	464600.00
2022-07-25	257.01	258.61	255.00	256.82	396900.00
2022-07-26	256.84	260.49	255.77	259.48	732000.00
2022-07-27	260.77	268.33	258.84	265.94	841800.00
2022-07-28	267.31	271.80	266.28	271.60	771600.00
2022-07-29	272.55	278.47	270.87	277.50	800300.00
2022-08-01	274.21	277.83	273.10	275.78	1007400.00
2022-08-02	274.09	279.01	272.76	274.14	741300.00
2022-08-03	275.13	279.49	272.70	278.43	820700.00
2022-08-04	282.82	285.08	275.04	281.70	1176500.00
2022-08-05	278.64	282.06	277.34	281.08	618200.00
2022-08-08	283.71	284.66	279.44	280.82	595800.00
2022-08-09	279.69	280.77	276.74	278.13	453300.00
2022-08-10	283.94	287.84	282.63	287.67	620400.00
2022-08-11	290.54	291.92	289.07	290.14	721100.00
2022-08-12	291.35	295.84	290.69	295.65	420600.00
2022-08-15	292.84	294.70	290.94	294.13	486200.00
2022-08-16	293.04	295.42	291.47	293.83	806200.00
2022-08-17	289.09	289.99	285.98	287.19	924700.00
2022-08-18	288.28	289.06	285.36	288.68	698300.00
2022-08-19	286.74	286.74	282.55	283.90	516300.00
2022-08-22	278.90	279.64	273.17	273.63	774800.00
2022-08-23	273.77	277.70	273.23	274.11	439200.00
2022-08-24	273.30	276.71	271.72	273.95	480000.00
2022-08-25	275.27	280.79	275.22	280.65	472300.00
2022-08-26	281.30	281.30	266.21	266.33	964300.00
2022-08-29	264.06	267.78	262.04	263.56	798200.00
2022-08-30	264.96	265.30	258.08	259.98	757600.00
2022-08-31	260.13	261.34	254.67	255.53	972100.00
2022-09-01	253.20	258.36	252.86	258.09	644200.00
2022-09-02	261.99	262.28	253.67	255.41	491500.00
2022-09-06	256.27	257.41	253.22	257.01	649700.00
2022-09-07	257.07	264.14	255.92	263.26	432600.00
2022-09-08	260.59	265.04	258.81	264.95	462600.00
2022-09-09	266.54	270.15	266.00	269.02	662300.00
2022-09-12	270.52	274.97	270.42	272.46	636800.00
2022-09-13	264.92	266.88	259.67	260.63	719600.00
2022-09-14	261.97	263.06	257.80	261.10	584600.00
2022-09-15	261.46	263.80	257.20	257.98	501300.00
2022-09-16	254.05	255.14	249.40	250.81	1041400.00
2022-09-19	249.36	256.28	248.82	255.69	605100.00
2022-09-20	252.01	252.51	248.13	249.71	830300.00
2022-09-21	252.15	256.59	248.48	249.39	1346000.00
2022-09-22	249.40	250.86	241.06	241.48	900400.00
2022-09-23	238.76	239.63	232.66	235.88	845200.00
2022-09-26	233.62	236.43	229.06	231.41	1351000.00
2022-09-27	234.46	235.80	227.27	229.78	1334800.00
2022-09-28	232.52	240.14	230.44	239.00	1562600.00
2022-09-29	236.25	237.46	232.80	236.79	1312300.00
2022-09-30	237.33	241.00	233.39	233.66	902100.00
2022-10-03	237.54	245.25	235.55	243.25	871200.00
2022-10-04	248.56	253.92	248.56	253.63	1262700.00
2022-10-05	249.26	255.41	247.32	253.79	983300.00
2022-10-06	254.02	256.01	251.41	251.61	774700.00
2022-10-07	248.66	249.52	243.38	245.11	613000.00
2022-10-10	247.61	247.69	241.88	243.84	711200.00
2022-10-11	241.65	249.62	241.17	245.89	822200.00
2022-10-12	246.81	247.24	243.43	244.13	697000.00
2022-10-13	238.97	251.36	236.11	249.90	1357500.00
2022-10-14	250.87	252.62	243.53	245.16	746000.00
2022-10-17	255.26	257.75	250.27	252.62	906000.00
2022-10-18	259.65	260.86	253.85	257.30	904300.00
2022-10-19	256.82	258.60	252.85	256.09	662500.00
2022-10-20	257.08	259.22	249.68	250.63	861400.00
2022-10-21	251.70	261.57	249.64	259.77	1914000.00
2022-10-24	261.90	268.52	261.32	267.19	916900.00
2022-10-25	266.64	272.52	265.65	271.79	1028400.00
2022-10-26	273.95	274.14	266.83	268.94	1088700.00
2022-10-27	271.60	276.97	270.64	273.45	817800.00
2022-10-28	274.96	281.89	272.82	281.23	939800.00
2022-10-31	278.45	282.49	277.62	280.24	991500.00
2022-11-01	282.76	283.16	277.43	278.62	856200.00
2022-11-02	276.06	284.58	273.13	273.42	1124200.00
2022-11-03	273.42	283.23	268.80	275.95	1807900.00
2022-11-04	281.97	289.34	277.05	288.20	1580100.00
2022-11-07	289.40	290.53	287.48	289.90	1019900.00
2022-11-08	291.95	292.59	285.09	288.56	604900.00
2022-11-09	285.36	285.83	277.93	278.90	1037400.00
2022-11-10	291.27	295.11	288.62	293.84	1142100.00
2022-11-11	295.77	300.12	292.75	298.92	819200.00
2022-11-14	297.04	303.03	296.11	297.36	828200.00
2022-11-15	302.11	303.45	297.89	301.34	1160800.00
2022-11-16	300.35	300.98	296.82	299.70	668200.00
2022-11-17	294.74	295.60	286.24	294.63	866700.00
2022-11-18	298.16	298.16	293.06	296.07	732400.00
2022-11-21	294.52	299.05	294.52	297.80	508900.00
2022-11-22	299.83	301.84	297.23	299.72	677700.00
2022-11-23	300.45	300.90	295.80	296.77	801500.00
2022-11-25	298.11	298.71	296.20	296.46	344400.00
2022-11-28	293.53	294.91	284.60	285.84	1345500.00
2022-11-29	285.94	289.72	283.51	285.09	1115900.00
2022-11-30	284.93	289.69	279.66	289.59	1660500.00
2022-12-01	291.68	292.61	286.99	288.22	1028000.00
2022-12-02	283.98	288.25	283.11	288.08	893700.00
2022-12-05	283.94	285.01	281.14	283.71	659700.00
2022-12-06	283.49	285.55	278.12	281.02	701500.00
2022-12-07	279.96	283.11	279.96	282.93	685700.00
2022-12-08	284.81	286.00	281.84	282.98	537700.00
2022-12-09	282.78	285.11	280.06	280.39	504800.00
2022-12-12	281.16	287.00	279.40	286.59	754800.00
2022-12-13	295.07	295.07	286.94	288.96	1047300.00
2022-12-14	289.17	294.77	285.72	287.70	697000.00
2022-12-15	283.61	283.74	279.78	280.58	740800.00
2022-12-16	277.31	280.47	275.64	276.82	1201300.00
2022-12-19	276.84	279.57	273.08	273.86	676200.00
2022-12-20	273.60	279.14	272.40	277.66	554400.00
2022-12-21	280.54	283.66	279.44	283.10	569400.00
2022-12-22	280.18	281.81	275.27	281.44	623700.00
2022-12-23	280.81	282.09	279.45	281.86	325200.00
2022-12-27	282.88	285.97	280.56	283.42	378200.00
2022-12-28	283.84	285.05	277.82	277.90	314300.00
2022-12-29	280.51	284.31	278.60	282.87	542500.00
2022-12-30	281.70	282.67	278.50	281.90	324100.00
2023-01-03	283.84	284.69	279.59	282.64	638800.00
2023-01-04	285.47	287.62	282.50	287.61	757800.00
2023-01-05	286.92	289.48	284.48	288.78	722300.00
2023-01-06	293.37	300.79	293.37	298.90	1135000.00
2023-01-09	299.87	302.87	299.18	299.84	878100.00
2023-01-10	299.77	301.45	297.87	300.79	983000.00
2023-01-11	304.13	304.13	298.13	301.59	866100.00
2023-01-12	303.76	307.09	301.43	305.33	711500.00
2023-01-13	303.71	308.86	302.27	307.56	567500.00
2023-01-17	307.61	309.03	304.80	304.87	691600.00
2023-01-18	305.83	307.61	297.84	298.19	863200.00
2023-01-19	295.93	296.06	287.83	288.50	824700.00
2023-01-20	289.94	296.67	288.19	295.77	864700.00
2023-01-23	296.08	302.39	295.41	301.96	994000.00
2023-01-24	302.26	306.56	297.13	302.91	680700.00
2023-01-25	298.04	300.61	294.96	300.50	447400.00
2023-01-26	301.95	304.83	298.21	304.58	569000.00
2023-01-27	303.36	311.58	302.30	309.80	835300.00
2023-01-30	307.74	311.63	306.92	307.38	786700.00
2023-01-31	309.52	316.05	305.48	315.81	1056700.00
2023-02-01	313.62	322.41	312.77	318.41	1188100.00
2023-02-02	329.37	334.14	324.73	327.00	1711900.00
2023-02-03	326.24	339.41	325.66	339.06	2096600.00
2023-02-06	337.36	341.71	335.20	338.08	1053900.00
2023-02-07	337.16	339.29	329.21	338.11	1154800.00
2023-02-08	335.58	341.72	335.49	340.99	1500300.00
2023-02-09	343.56	347.56	339.43	341.92	1446000.00
2023-02-10	340.60	341.78	338.15	339.25	991400.00
2023-02-13	340.40	345.61	337.24	342.33	946700.00
2023-02-14	340.14	344.87	338.43	342.63	650500.00
2023-02-15	341.73	351.37	341.33	351.20	1001600.00
2023-02-16	346.82	351.21	343.75	344.76	1061400.00
2023-02-17	344.19	347.13	340.07	345.67	822700.00
2023-02-21	342.82	344.56	332.84	334.06	926200.00
2023-02-22	334.98	339.30	333.70	335.79	497000.00
2023-02-23	338.25	339.93	333.98	339.38	636300.00
2023-02-24	336.32	338.53	330.41	338.43	587900.00
2023-02-27	343.03	344.23	339.84	340.81	687400.00
2023-02-28	340.98	344.66	339.34	342.14	712800.00
2023-03-01	341.39	345.98	340.30	343.60	862800.00
2023-03-02	342.09	347.21	340.65	345.69	649100.00
2023-03-03	347.02	350.36	344.53	349.92	596300.00
2023-03-06	349.47	354.21	349.26	350.55	699700.00
2023-03-07	351.31	353.07	348.66	349.62	1077100.00
2023-03-08	349.73	353.01	348.40	352.66	770900.00
2023-03-09	354.37	354.51	341.07	341.25	1011600.00
2023-03-10	341.31	341.67	328.11	329.13	1480000.00
2023-03-13	324.70	326.52	317.74	322.93	1054200.00
2023-03-14	328.99	329.61	318.93	325.00	1612300.00
2023-03-15	317.11	320.74	300.76	304.89	2064800.00
2023-03-16	301.25	308.88	296.34	305.34	1513500.00
2023-03-17	302.07	302.07	292.56	296.51	1809500.00
2023-03-20	299.00	307.79	299.00	307.12	1231600.00
2023-03-21	313.68	319.68	313.43	317.21	1385300.00
2023-03-22	317.21	324.27	313.01	313.23	1241800.00
2023-03-23	312.64	318.65	307.51	311.58	841900.00
2023-03-24	306.91	312.17	302.21	312.02	800500.00
2023-03-27	316.64	316.95	312.65	315.70	693200.00
2023-03-28	315.60	320.18	315.60	318.70	510400.00
2023-03-29	321.87	325.19	320.12	324.95	631700.00
2023-03-30	327.58	329.30	325.95	327.28	528400.00
2023-03-31	329.16	330.14	325.58	326.84	1032900.00
2023-04-03	327.08	330.49	322.54	329.81	1102200.00
2023-04-04	330.15	330.15	309.88	311.79	1121500.00
2023-04-05	310.84	311.59	300.26	303.96	1690200.00
2023-04-06	302.90	305.81	299.76	303.85	714700.00
2023-04-10	303.25	309.16	301.91	306.47	988700.00
2023-04-11	307.88	313.02	307.60	309.21	869300.00
2023-04-12	312.11	317.88	311.07	315.57	955200.00
2023-04-13	314.78	314.78	301.51	310.73	1048000.00
2023-04-14	311.27	315.36	308.35	310.31	947000.00
2023-04-17	311.73	316.74	310.71	316.43	877300.00
2023-04-18	319.07	320.79	314.18	315.74	682300.00
2023-04-19	313.92	315.57	311.36	314.51	531600.00
2023-04-20	311.72	314.95	309.97	310.52	716800.00
2023-04-21	311.83	312.78	308.38	311.95	584700.00
2023-04-24	312.34	314.90	311.61	314.05	478000.00
2023-04-25	311.76	314.41	307.22	308.36	533700.00
2023-04-26	305.59	307.53	301.34	303.05	583000.00
2023-04-27	305.64	315.15	303.74	314.38	1021500.00
2023-04-28	315.13	318.39	313.04	315.92	698800.00
2023-05-01	315.91	321.11	315.91	318.34	852400.00
2023-05-02	316.78	318.21	309.54	316.05	877100.00
2023-05-03	317.39	321.20	314.30	314.30	1078900.00
2023-05-04	328.61	328.61	313.30	313.40	1467900.00
2023-05-05	319.80	325.98	318.77	324.10	1030800.00
2023-05-08	328.15	328.36	321.46	325.60	759200.00
2023-05-09	324.91	330.73	323.38	329.75	1195900.00
2023-05-10	328.96	330.13	313.96	317.86	1452900.00
2023-05-11	315.70	319.17	314.04	317.07	843100.00
2023-05-12	320.06	320.06	313.21	316.48	753100.00
2023-05-15	317.63	320.57	316.48	320.11	495400.00
2023-05-16	317.86	319.42	314.06	314.09	470700.00
2023-05-17	316.78	325.27	315.81	323.25	631100.00
2023-05-18	322.54	330.88	321.84	327.39	736400.00
2023-05-19	331.70	333.36	323.27	325.13	629100.00
2023-05-22	325.87	328.54	321.49	326.40	762800.00
2023-05-23	324.15	325.75	320.28	321.16	893000.00
2023-05-24	319.48	321.14	313.71	314.55	748500.00
2023-05-25	316.44	320.97	315.72	319.55	780300.00
2023-05-26	320.97	326.07	320.79	325.17	558200.00
2023-05-30	327.05	328.00	322.28	322.60	791800.00
2023-05-31	320.71	324.01	311.75	313.02	1143800.00
2023-06-01	314.86	319.19	311.97	318.44	678100.00
2023-06-02	323.08	333.81	321.79	332.84	847900.00
2023-06-05	333.47	333.47	327.23	329.56	533000.00
2023-06-06	327.67	338.93	326.35	338.55	1268300.00
2023-06-07	340.26	350.92	337.94	350.62	1643100.00
2023-06-08	347.83	349.75	344.15	347.59	997700.00
2023-06-09	348.87	349.12	341.90	347.88	590400.00
2023-06-12	348.06	351.71	345.44	350.28	651500.00
2023-06-13	351.34	361.15	351.34	359.70	934600.00
2023-06-14	362.01	362.60	354.72	359.03	1251500.00
2023-06-15	360.78	365.96	357.98	365.37	1015600.00
2023-06-16	367.02	368.73	360.21	360.55	1037800.00
2023-06-20	357.60	364.44	355.41	363.24	787500.00
2023-06-21	361.45	368.38	358.27	365.58	671700.00
2023-06-22	365.40	365.78	360.27	362.41	719900.00
2023-06-23	358.30	362.08	356.25	361.55	1183800.00
2023-06-26	361.78	369.19	361.78	366.77	778300.00
2023-06-27	365.65	373.28	365.65	371.38	760200.00
2023-06-28	371.75	374.11	369.46	373.59	669600.00
2023-06-29	372.08	378.33	369.72	377.79	534100.00
2023-06-30	380.74	383.71	378.46	381.00	608200.00
2023-07-03	378.99	382.61	376.55	381.95	288200.00
2023-07-05	376.08	376.74	372.83	373.98	831000.00
2023-07-06	370.06	370.80	365.03	370.18	873600.00
2023-07-07	369.61	379.59	369.42	375.27	546000.00
2023-07-10	377.20	384.05	375.77	383.54	555600.00
2023-07-11	385.05	390.82	383.22	389.46	743100.00
2023-07-12	393.01	393.65	386.20	387.89	1184600.00
2023-07-13	389.29	392.66	385.78	389.42	840900.00
2023-07-14	388.16	388.68	384.12	387.02	522100.00
2023-07-17	385.66	392.07	385.25	391.66	614400.00
2023-07-18	391.43	400.13	385.91	399.09	634500.00
2023-07-19	393.28	398.54	390.63	394.33	699900.00
2023-07-20	395.66	397.61	392.06	393.48	627100.00
2023-07-21	393.74	393.74	388.37	388.44	731000.00
2023-07-24	389.87	392.05	387.80	388.65	744400.00
2023-07-25	385.60	390.06	385.06	388.87	636800.00
2023-07-26	387.30	389.30	382.28	384.64	725000.00
2023-07-27	387.08	389.76	383.81	388.11	610700.00
2023-07-28	391.29	391.29	386.86	390.31	465600.00
2023-07-31	392.17	400.65	390.51	400.51	812700.00
2023-08-01	397.34	409.54	396.68	404.57	989700.00
2023-08-02	401.29	407.80	395.64	396.47	1174200.00
2023-08-03	410.35	411.42	387.81	408.49	1569400.00
2023-08-04	409.75	412.13	403.77	404.56	963300.00
2023-08-07	410.42	416.01	407.90	415.11	697600.00
2023-08-08	411.40	415.83	406.51	415.27	667000.00
2023-08-09	414.82	418.24	412.14	412.48	654500.00
2023-08-10	411.24	414.94	401.69	403.20	908600.00
2023-08-11	402.80	410.51	402.66	406.86	564500.00
2023-08-14	406.33	407.97	402.53	404.23	437000.00
2023-08-15	401.43	402.27	398.20	399.29	433500.00
2023-08-16	399.45	403.55	396.91	396.91	425500.00
2023-08-17	398.73	400.05	389.81	389.81	664200.00
2023-08-18	385.30	391.60	383.09	388.55	809900.00
2023-08-21	390.75	390.75	384.72	388.26	477800.00
2023-08-22	391.23	392.00	386.76	388.88	309800.00
2023-08-23	387.98	396.56	387.98	394.79	512000.00
2023-08-24	393.32	399.93	389.00	389.10	545600.00
2023-08-25	394.37	397.98	389.30	395.34	596100.00
2023-08-28	396.49	402.37	395.21	400.56	388500.00
2023-08-29	399.67	409.30	399.26	408.37	584000.00
2023-08-30	410.86	413.19	407.49	410.65	551900.00
2023-08-31	408.92	413.05	408.76	408.76	640100.00
2023-09-01	410.76	414.84	408.89	414.21	501400.00
2023-09-05	414.45	414.90	402.84	403.63	527100.00
2023-09-06	400.65	407.82	399.96	403.82	595400.00
2023-09-07	401.34	402.99	397.07	401.12	764700.00
2023-09-08	400.76	402.42	398.13	401.21	527200.00
2023-09-11	403.87	405.52	395.22	398.24	514000.00
2023-09-12	395.36	404.45	395.29	397.47	618100.00
2023-09-13	396.49	397.24	380.48	382.42	1041300.00
2023-09-14	386.61	389.53	381.48	387.46	724200.00
2023-09-15	386.40	386.94	381.10	384.46	825400.00
2023-09-18	384.93	390.02	383.76	388.13	488000.00
2023-09-19	386.57	388.66	376.09	384.06	687300.00
2023-09-20	386.46	391.44	382.57	382.84	539300.00
2023-09-21	380.22	380.58	373.92	374.16	650000.00
2023-09-22	373.97	380.99	373.31	379.74	799200.00
2023-09-25	377.21	385.55	376.06	383.87	603800.00
2023-09-26	381.39	383.21	375.03	376.39	571500.00
2023-09-27	379.58	385.60	377.16	383.47	568000.00
2023-09-28	383.23	389.83	381.98	384.77	581500.00
2023-09-29	388.12	388.23	380.47	381.92	535100.00
2023-10-02	381.26	384.48	375.52	377.72	482100.00
2023-10-03	376.16	379.20	370.82	374.49	454200.00
2023-10-04	374.49	378.36	370.65	377.08	504700.00
2023-10-05	381.51	383.92	374.13	376.19	835400.00
2023-10-06	375.42	389.24	372.88	384.07	855300.00
2023-10-09	383.02	388.37	378.39	387.69	450800.00
2023-10-10	388.90	394.06	387.24	389.50	408800.00
2023-10-11	390.04	399.51	390.04	399.34	733600.00
2023-10-12	399.75	404.23	393.74	398.93	901400.00
2023-10-13	400.26	401.18	381.57	385.26	788200.00
2023-10-16	390.13	394.41	385.05	389.24	467700.00
2023-10-17	386.63	399.28	385.40	394.97	578400.00
2023-10-18	389.38	389.69	370.38	371.58	1065800.00
2023-10-19	370.87	379.22	365.92	367.66	939200.00
2023-10-20	367.98	368.85	362.17	365.64	653200.00
2023-10-23	365.75	366.95	359.13	359.71	634700.00
2023-10-24	365.20	369.08	360.92	365.99	560600.00
2023-10-25	364.13	365.81	359.32	360.34	626300.00
2023-10-26	362.13	368.60	361.99	362.74	559400.00
2023-10-27	362.07	365.42	357.49	359.09	476300.00
2023-10-30	363.24	364.67	358.43	362.33	527400.00
2023-10-31	359.21	361.79	355.41	361.71	1178400.00
2023-11-01	362.40	363.29	355.52	363.24	1202200.00
2023-11-02	388.66	403.43	387.29	396.68	1580800.00
2023-11-03	403.37	404.94	392.53	393.36	1127000.00
2023-11-06	394.15	398.49	391.40	398.21	822200.00
2023-11-07	395.27	400.86	393.47	399.13	626900.00
2023-11-08	401.73	406.66	399.82	402.64	715200.00
2023-11-09	406.94	413.94	402.84	404.76	815900.00
2023-11-10	407.16	413.59	406.34	412.74	505500.00
2023-11-13	411.00	414.90	409.32	412.72	374200.00
2023-11-14	418.59	425.81	415.60	421.11	588000.00
2023-11-15	422.65	426.30	421.82	422.22	749500.00
2023-11-16	422.43	427.10	418.40	419.62	778400.00
2023-11-17	421.15	426.27	419.57	425.72	538600.00
2023-11-20	424.59	427.06	422.59	424.63	426800.00
2023-11-21	423.99	428.37	422.13	425.99	453900.00
2023-11-22	425.88	428.01	422.91	424.33	572100.00
2023-11-24	425.35	428.21	423.17	426.73	221700.00
2023-11-27	423.60	426.91	422.48	425.01	384700.00
2023-11-28	425.63	429.52	419.67	419.71	803900.00
2023-11-29	423.93	426.16	419.83	421.21	504100.00
2023-11-30	423.50	427.21	419.95	426.25	636700.00
2023-12-01	426.18	434.03	426.18	433.12	578700.00
2023-12-04	428.17	432.62	427.15	431.14	553100.00
2023-12-05	430.00	431.59	426.92	427.87	492800.00
2023-12-06	430.39	436.81	426.61	427.37	417200.00
2023-12-07	428.96	429.61	425.07	426.83	532600.00
2023-12-08	425.99	432.99	425.99	431.61	858400.00
2023-12-11	429.81	432.85	429.42	431.21	829200.00
2023-12-12	432.40	436.32	430.89	433.78	518500.00
2023-12-13	435.12	437.61	428.80	434.48	644100.00
2023-12-14	439.70	449.42	438.96	448.13	766600.00
2023-12-15	445.84	451.04	444.61	446.34	1331500.00
2023-12-18	448.21	448.21	443.72	446.24	514300.00
2023-12-19	449.20	454.72	448.13	452.90	547000.00
2023-12-20	451.60	454.78	441.78	442.23	625700.00
2023-12-21	446.33	449.40	444.35	448.61	313500.00
2023-12-22	449.05	452.86	447.95	450.86	376400.00
2023-12-26	451.08	455.49	451.00	454.08	267500.00
2023-12-27	453.76	455.95	452.69	454.86	302800.00
2023-12-28	440.35	456.16	432.96	454.57	467700.00
2023-12-29	455.24	456.58	452.59	453.33	401600.00
2024-01-02	451.15	453.98	449.61	451.27	635600.00
2024-01-03	449.33	451.22	442.20	443.47	553700.00
2024-01-04	444.72	452.01	444.28	444.83	546000.00
2024-01-05	444.36	448.76	444.28	446.29	423900.00
2024-01-08	447.81	451.40	444.44	451.35	486400.00
2024-01-09	447.41	450.15	442.69	450.14	525300.00
2024-01-10	450.84	453.72	448.71	453.41	456200.00
2024-01-11	454.97	456.61	448.64	455.24	449100.00
2024-01-12	457.56	458.38	451.06	452.96	327400.00
2024-01-16	450.45	453.70	446.74	453.38	594400.00
2024-01-17	447.86	451.40	445.94	448.75	635000.00
2024-01-18	450.76	458.81	450.76	458.25	443400.00
2024-01-19	459.92	464.02	457.36	462.85	650200.00
2024-01-22	464.64	469.73	464.63	465.95	384200.00
2024-01-23	467.84	467.84	460.10	461.60	469900.00
2024-01-24	464.40	464.40	457.03	457.44	557200.00
2024-01-25	464.11	466.19	458.85	464.25	692600.00
2024-01-26	465.59	466.51	462.37	464.05	444800.00
2024-01-29	463.26	468.97	461.75	468.88	615800.00
2024-01-30	467.23	471.48	466.97	470.22	806600.00
2024-01-31	466.28	466.84	455.75	457.07	1686100.00
2024-02-01	484.33	492.65	474.88	492.18	1632700.00
2024-02-02	491.60	506.61	480.64	502.20	1165200.00
2024-02-05	498.31	503.91	498.31	500.73	794100.00
2024-02-06	501.54	503.40	496.95	503.37	649100.00
2024-02-07	507.01	509.23	503.45	505.99	529600.00
2024-02-08	506.07	508.81	502.32	508.73	478900.00
2024-02-09	509.45	514.64	507.23	514.52	565300.00
2024-02-12	512.22	514.51	509.99	511.38	575500.00
2024-02-13	503.29	506.52	499.02	504.90	801200.00
2024-02-14	512.92	518.45	511.45	515.04	688500.00
2024-02-15	516.82	520.13	513.30	515.00	644900.00
2024-02-16	517.14	520.49	513.16	513.22	703100.00
2024-02-20	509.54	514.20	506.30	512.70	685800.00
2024-02-21	515.32	517.17	511.58	516.82	473400.00
2024-02-22	524.95	528.50	521.33	523.03	602400.00
2024-02-23	525.89	527.07	519.71	524.08	547900.00
2024-02-26	523.49	525.94	521.05	523.83	483100.00
2024-02-27	525.89	526.28	520.12	524.50	389200.00
2024-02-28	524.13	529.51	523.03	524.11	433600.00
2024-02-29	524.89	529.44	520.30	528.41	851800.00
2024-03-01	528.42	531.97	527.44	530.72	513600.00
2024-03-04	530.67	536.76	528.10	528.46	399100.00
2024-03-05	525.89	527.88	519.12	521.05	679600.00
2024-03-06	524.09	526.46	521.36	524.24	901100.00
2024-03-07	528.12	532.62	526.02	532.38	573500.00
2024-03-08	532.78	535.86	525.66	530.28	522500.00
2024-03-11	526.91	529.55	521.05	528.99	593200.00
2024-03-12	528.99	532.01	524.70	531.20	510800.00
2024-03-13	533.46	533.46	530.27	532.46	514400.00
2024-03-14	536.75	537.82	524.45	529.20	612400.00
2024-03-15	525.14	531.43	524.33	528.38	669900.00
2024-03-18	531.85	533.15	528.87	529.20	495400.00
2024-03-19	528.76	533.16	528.04	531.75	545000.00
2024-03-20	531.67	540.34	530.66	539.27	402600.00
2024-03-21	542.93	553.75	541.43	553.26	620000.00
2024-03-22	551.02	553.62	546.16	547.59	394300.00
2024-03-25	546.48	548.94	542.47	543.29	393300.00
2024-03-26	543.55	547.58	541.79	541.94	425400.00
2024-03-27	545.18	551.29	541.70	550.71	517500.00
2024-03-28	549.02	549.98	545.86	548.48	608000.00
2024-04-01	548.48	548.69	542.99	543.76	372700.00
2024-04-02	544.23	544.23	537.97	540.24	625500.00
2024-04-03	542.76	553.74	541.28	551.22	564500.00
2024-04-04	557.69	562.65	544.49	548.34	610200.00
2024-04-05	546.94	559.52	546.20	559.21	484500.00
2024-04-08	559.27	561.30	555.55	558.48	449600.00
2024-04-09	560.53	561.40	540.78	553.96	488100.00
2024-04-10	546.04	553.26	540.75	548.06	538400.00
2024-04-11	545.92	550.81	543.34	548.48	391300.00
2024-04-12	542.84	547.03	539.18	543.08	462900.00
2024-04-15	553.33	554.51	533.76	536.22	671300.00
2024-04-16	537.83	539.71	529.78	536.98	634800.00
2024-04-17	541.18	541.18	529.33	533.46	515400.00
2024-04-18	537.83	540.72	530.31	531.01	393000.00
2024-04-19	533.66	536.14	524.78	527.62	558000.00
2024-04-22	530.71	539.46	527.33	532.62	533700.00
2024-04-23	538.28	545.59	536.07	543.16	375700.00
2024-04-24	545.11	549.54	532.13	539.16	664600.00
2024-04-25	532.90	544.78	527.60	542.15	522400.00
2024-04-26	542.77	547.32	541.93	546.36	548700.00
2024-04-29	546.36	548.67	543.60	547.15	534600.00
2024-04-30	545.56	551.60	537.36	537.74	625400.00
2024-05-01	535.22	544.93	533.37	535.82	903800.00
2024-05-02	518.29	527.96	509.03	523.70	1732900.00
2024-05-03	529.43	540.15	525.53	529.13	970100.00
2024-05-06	536.75	545.62	535.86	543.54	674700.00
2024-05-07	545.50	550.02	541.81	542.94	475400.00
2024-05-08	541.19	550.17	540.99	547.61	315900.00
2024-05-09	548.40	556.69	547.31	554.94	434200.00
2024-05-10	559.21	562.98	554.07	555.38	489100.00
2024-05-13	555.46	557.22	545.03	545.38	548600.00
2024-05-14	545.02	546.13	539.53	543.77	646400.00
2024-05-15	546.94	551.13	546.50	547.60	670600.00
2024-05-16	545.88	545.88	532.15	533.96	1146300.00
2024-05-17	540.39	541.60	535.94	539.52	823300.00
2024-05-20	539.84	546.02	537.72	542.38	627600.00
2024-05-21	541.01	542.93	539.54	541.27	549200.00
2024-05-22	541.16	545.56	536.11	540.47	506400.00
2024-05-23	543.00	543.00	519.93	521.17	1117600.00
2024-05-24	522.47	525.40	517.37	524.40	644000.00
2024-05-28	530.16	531.57	519.29	521.14	738000.00
2024-05-29	518.72	520.87	514.31	517.83	585300.00
2024-05-30	518.12	520.47	514.57	519.08	591700.00
2024-05-31	524.95	527.04	516.65	526.07	1250600.00
2024-06-03	528.63	528.63	500.99	507.82	1029600.00
2024-06-04	507.10	509.48	502.92	507.20	932000.00
2024-06-05	510.60	517.95	508.28	517.84	645800.00
2024-06-06	516.92	519.47	508.04	509.94	594100.00
2024-06-07	508.22	515.39	506.75	510.85	702100.00
2024-06-10	512.35	520.69	511.35	520.61	948600.00
2024-06-11	517.64	519.13	513.68	517.64	540600.00
2024-06-12	523.69	533.82	522.83	527.50	740100.00
2024-06-13	524.62	524.62	517.65	523.48	667100.00
2024-06-14	507.99	512.04	488.18	498.14	1363800.00
2024-06-17	494.37	504.18	487.66	500.84	994400.00
2024-06-18	502.39	506.37	500.28	501.64	705600.00
2024-06-20	500.11	504.47	496.41	502.78	635100.00
2024-06-21	503.68	503.70	493.89	498.99	886900.00
2024-06-24	502.34	510.02	498.96	505.06	640800.00
2024-06-25	503.26	504.62	494.54	500.12	570000.00
2024-06-26	497.54	499.09	492.47	497.48	520500.00
2024-06-27	495.97	499.65	495.72	499.05	595900.00
2024-06-28	500.68	508.28	497.87	500.63	2809400.00
2024-07-01	508.19	508.74	491.48	495.88	568500.00
2024-07-02	494.88	505.08	493.73	504.80	542200.00
2024-07-03	506.09	510.86	503.96	507.47	439100.00
2024-07-05	506.25	506.87	495.58	500.32	548800.00
2024-07-08	502.51	504.57	500.37	503.56	434300.00
2024-07-09	503.31	506.06	500.61	503.47	416900.00
2024-07-10	501.57	518.83	501.57	517.81	642900.00
2024-07-11	518.58	528.48	514.73	522.75	761900.00
2024-07-12	529.02	540.14	526.55	532.39	800900.00
2024-07-15	534.66	543.14	531.47	539.16	704500.00
2024-07-16	543.42	563.07	541.16	562.85	1087500.00
2024-07-17	559.35	560.97	551.09	552.22	918700.00
2024-07-18	548.16	559.02	540.15	542.06	818100.00
2024-07-19	544.98	544.98	536.33	539.07	600500.00
2024-07-22	546.29	547.90	537.39	546.46	517300.00
2024-07-23	545.52	553.57	544.68	546.01	789400.00
2024-07-24	541.17	543.63	523.56	523.84	1113800.00
2024-07-25	528.19	549.03	523.91	539.54	813300.00
2024-07-26	544.99	552.81	541.91	548.93	544000.00
2024-07-29	549.31	551.16	542.43	542.90	326600.00
2024-07-30	546.53	551.57	540.76	545.56	403600.00
2024-07-31	553.46	563.09	551.33	555.41	576300.00
2024-08-01	552.31	559.76	522.14	529.06	1047300.00
2024-08-02	518.84	525.98	502.47	513.20	700300.00
2024-08-05	499.57	509.20	488.57	501.12	913800.00
2024-08-06	504.77	520.68	500.61	512.71	638900.00
2024-08-07	514.91	526.05	505.15	507.25	1066700.00
2024-08-08	554.27	563.58	548.61	562.26	1418400.00
2024-08-09	565.26	570.63	556.68	563.97	920600.00
2024-08-12	564.12	567.77	557.82	561.96	595900.00
2024-08-13	564.16	568.07	558.07	565.67	583600.00
2024-08-14	567.93	574.07	567.89	572.46	718300.00
2024-08-15	581.97	587.20	577.42	584.78	657800.00
2024-08-16	584.78	585.39	576.52	577.42	577700.00
2024-08-19	579.99	585.02	576.08	580.49	518600.00
2024-08-20	579.84	583.56	572.48	576.32	603500.00
2024-08-21	579.50	583.41	576.45	579.93	942100.00
2024-08-22	582.17	587.07	576.91	581.28	384500.00
2024-08-23	585.64	588.01	580.37	587.73	492400.00
2024-08-26	589.14	591.21	581.34	585.19	431300.00
2024-08-27	582.09	587.83	578.80	584.04	348700.00
2024-08-28	585.53	588.04	579.37	583.60	325900.00
2024-08-29	588.79	595.03	584.49	586.78	413000.00
2024-08-30	588.38	596.79	584.27	595.69	622700.00
2024-09-03	588.42	591.08	567.70	571.03	737000.00
2024-09-04	571.39	577.21	567.90	572.62	469500.00
2024-09-05	570.42	572.50	564.19	570.88	515800.00
2024-09-06	572.67	580.05	566.40	567.02	755200.00
2024-09-09	574.80	580.10	572.54	575.84	559700.00
2024-09-10	579.65	581.20	571.68	576.74	438200.00
2024-09-11	576.31	582.13	566.45	580.01	578700.00
2024-09-12	583.59	583.88	576.88	583.14	368800.00
2024-09-13	586.03	595.16	585.15	586.89	392100.00
2024-09-16	590.67	593.35	584.85	592.30	394300.00
2024-09-17	593.51	603.13	590.75	600.63	623200.00
2024-09-18	600.91	615.21	599.67	604.46	559800.00
2024-09-19	617.73	622.59	611.54	621.35	644800.00
2024-09-20	615.13	622.13	613.36	619.09	1073800.00
2024-09-23	617.98	621.30	611.46	614.08	525700.00
2024-09-24	620.85	622.88	612.99	620.68	526500.00
2024-09-25	624.46	624.46	615.26	617.15	478300.00
2024-09-26	624.03	635.07	623.18	630.63	891200.00
2024-09-27	631.33	631.98	623.34	628.02	580300.00
2024-09-30	624.88	627.09	614.36	627.08	845700.00
2024-10-01	627.17	631.74	619.85	625.41	375700.00
2024-10-02	625.71	629.60	620.40	622.79	519700.00
2024-10-03	621.30	623.77	616.49	621.61	381200.00
2024-10-04	631.12	631.12	617.99	625.95	292000.00
2024-10-07	622.81	628.45	620.59	624.98	369100.00
2024-10-08	626.66	626.66	620.62	622.63	330400.00
2024-10-09	623.94	628.90	621.60	628.04	344200.00
2024-10-10	625.69	627.99	621.89	626.78	321000.00
2024-10-11	627.26	635.20	627.26	632.37	485500.00
2024-10-14	632.22	641.05	631.63	638.70	527500.00
2024-10-15	638.80	641.75	632.87	633.23	632300.00
2024-10-16	633.10	637.77	632.04	632.69	462500.00
2024-10-17	635.80	636.67	628.75	635.04	537700.00
2024-10-18	634.20	636.15	629.43	635.63	612400.00
2024-10-21	635.28	637.88	632.52	634.44	402400.00
2024-10-22	631.99	632.22	624.30	624.56	560500.00
2024-10-23	622.32	627.28	619.33	624.97	523100.00
2024-10-24	625.17	625.17	618.03	619.45	562500.00
2024-10-25	624.88	624.88	612.18	617.07	385800.00
2024-10-28	622.49	622.81	617.88	618.97	428700.00
2024-10-29	615.03	621.57	607.50	620.42	584400.00
2024-10-30	618.32	623.28	615.14	619.60	891600.00
2024-10-31	614.10	631.36	610.64	629.31	1246300.00
2024-11-01	626.83	636.64	624.14	630.26	1040500.00
2024-11-04	628.61	637.13	625.66	633.21	657600.00
2024-11-05	631.65	649.06	631.65	648.54	783200.00
2024-11-06	677.66	704.30	677.66	704.13	1966900.00
2024-11-07	703.59	704.13	679.34	684.59	972300.00
2024-11-08	686.44	696.31	686.44	691.99	565600.00
2024-11-11	696.75	707.93	694.84	704.50	553800.00
2024-11-12	704.62	705.79	694.81	695.71	551400.00
2024-11-13	697.09	707.67	695.96	702.82	537500.00
2024-11-14	701.81	702.36	692.25	694.03	594100.00
2024-11-15	692.52	700.44	692.20	695.31	530800.00
2024-11-18	691.22	693.42	687.40	688.11	480700.00
2024-11-19	680.82	689.43	680.82	686.20	337300.00
2024-11-20	682.59	688.67	680.47	686.87	385000.00
2024-11-21	691.42	704.06	688.80	699.06	655500.00
2024-11-22	697.83	703.57	696.85	703.23	563800.00
2024-11-25	706.34	708.75	694.66	700.79	1134400.00
2024-11-26	700.51	705.44	696.80	703.21	364600.00
2024-11-27	701.32	706.34	694.37	696.27	331900.00
2024-11-29	699.16	703.21	693.41	699.28	331600.00
2024-12-02	699.98	703.26	694.71	697.08	335400.00
2024-12-03	695.63	697.91	690.34	697.29	328000.00
2024-12-04	695.70	696.53	689.14	692.90	428900.00
2024-12-05	692.41	696.69	689.78	691.13	465700.00
2024-12-06	692.71	697.97	690.44	692.57	371900.00
2024-12-09	691.42	694.88	676.91	682.46	649100.00
2024-12-10	681.97	687.59	672.96	674.43	658500.00
2024-12-11	682.10	687.62	679.89	682.85	702000.00
2024-12-12	685.83	687.28	678.54	679.05	533200.00
2024-12-13	680.56	682.23	667.43	668.36	626800.00
2024-12-16	671.46	673.07	666.43	670.27	703400.00
2024-12-17	665.97	669.73	659.25	662.56	832400.00
2024-12-18	664.56	665.90	638.23	640.48	1210000.00
2024-12-19	648.61	651.62	633.44	635.97	656100.00
2024-12-20	631.62	648.54	629.07	643.86	1338500.00
2024-12-23	639.26	644.30	636.31	642.32	599400.00
2024-12-24	640.88	649.37	637.63	649.21	227000.00
2024-12-26	646.39	648.50	643.15	648.06	256900.00
2024-12-27	642.67	647.40	634.26	640.49	392500.00
2024-12-30	632.64	636.51	624.80	633.54	337700.00
2024-12-31	633.95	637.13	630.60	632.75	283000.00
2025-01-02	636.80	639.77	622.79	626.27	413600.00
2025-01-03	627.87	635.94	625.86	634.39	529200.00
2025-01-06	637.09	646.51	633.20	637.69	634300.00
2025-01-07	636.60	638.13	629.14	631.95	658500.00
2025-01-08	630.90	638.58	625.54	638.19	439900.00
2025-01-10	632.13	633.50	621.06	626.79	612800.00
2025-01-13	622.60	635.08	621.73	634.70	470900.00
2025-01-14	640.41	649.14	638.11	643.67	666700.00
2025-01-15	657.08	665.67	652.20	652.94	701200.00
2025-01-16	656.20	657.69	651.69	655.26	433500.00
2025-01-17	661.56	668.41	656.76	666.01	728900.00
2025-01-21	674.34	676.49	669.53	674.92	642400.00
2025-01-22	676.30	678.51	669.66	671.01	503400.00
2025-01-23	672.87	677.53	668.18	676.58	476900.00
2025-01-24	676.58	678.48	671.57	675.84	493400.00
2025-01-27	666.35	668.54	652.23	659.35	694700.00
2025-01-28	661.86	663.48	653.91	662.79	760100.00
2025-01-29	663.56	668.70	658.92	662.38	1033000.00
2025-01-30	685.85	704.87	681.27	700.26	1113900.00
2025-01-31	701.69	714.74	695.78	703.40	1334300.00
2025-02-03	685.10	704.12	682.29	692.18	856300.00
2025-02-04	700.34	710.01	685.79	686.14	527900.00
2025-02-05	689.47	691.29	681.47	685.32	521100.00
2025-02-06	688.56	692.91	682.47	688.03	446300.00
2025-02-07	692.13	692.68	679.71	682.02	549600.00
2025-02-10	687.85	688.66	673.67	678.75	540300.00
2025-02-11	675.60	679.78	669.42	679.10	515600.00
2025-02-12	669.40	677.93	668.96	676.52	454800.00
2025-02-13	678.96	693.78	677.66	691.87	796400.00
2025-02-14	694.47	701.15	691.57	698.29	1034300.00
2025-02-18	702.39	704.08	691.56	693.51	760600.00
2025-02-19	688.79	700.84	682.08	699.58	646400.00
2025-02-20	699.37	705.83	682.28	693.51	576100.00
2025-02-21	693.89	696.41	660.69	665.10	851000.00
2025-02-24	668.42	670.40	653.47	657.23	643900.00
2025-02-25	657.85	660.87	644.72	655.33	723700.00
2025-02-26	660.35	672.63	658.15	658.74	499900.00
2025-02-27	659.94	673.33	652.52	653.16	542400.00
2025-02-28	655.83	668.48	650.11	666.63	1219300.00
2025-03-03	672.46	676.12	644.16	648.73	1130600.00
2025-03-04	644.26	648.62	611.33	623.15	2175000.00
2025-03-05	626.91	639.49	624.80	638.25	1240100.00
2025-03-06	631.22	641.42	623.00	629.16	995600.00
2025-03-07	623.25	637.89	616.86	632.97	1189300.00
2025-03-10	615.60	619.80	598.62	604.90	1373900.00
2025-03-11	602.91	617.36	597.66	609.48	814800.00
2025-03-12	620.59	622.66	607.76	611.42	772800.00
2025-03-13	611.12	615.37	588.84	589.99	1471800.00
2025-03-14	600.42	607.05	592.33	606.17	929500.00
2025-03-17	602.86	623.17	602.86	619.84	824200.00
2025-03-18	616.00	620.33	607.37	614.67	733400.00
2025-03-19	614.67	633.48	614.58	628.24	814300.00
2025-03-20	620.57	629.43	618.98	622.97	693300.00
2025-03-21	619.88	626.38	610.01	620.35	813100.00
2025-03-24	632.85	642.99	630.78	640.78	893800.00
2025-03-25	645.88	650.56	641.36	649.53	903700.00
2025-03-26	648.12	655.05	630.12	635.72	953500.00
2025-03-27	630.53	631.40	619.51	624.50	628200.00
2025-03-28	621.97	623.47	595.61	599.74	812600.00
2025-03-31	589.24	610.27	579.36	606.14	835200.00
2025-04-01	605.27	612.27	596.56	608.15	679400.00
2025-04-02	597.12	628.99	593.52	627.22	785400.00
2025-04-03	574.49	582.38	551.85	555.14	1788800.00
2025-04-04	527.10	536.76	508.57	515.78	2254800.00
2025-04-07	503.69	547.79	487.08	530.16	1796100.00
2025-04-08	560.42	568.09	512.86	524.01	1601200.00
2025-04-09	516.02	602.65	509.90	594.43	2201800.00
2025-04-10	573.24	577.27	537.58	558.61	1028800.00
2025-04-11	552.68	568.37	544.67	563.78	938600.00
2025-04-14	577.50	577.50	556.68	568.01	759800.00
2025-04-15	573.90	574.41	565.11	566.66	440800.00
2025-04-16	558.04	565.52	549.00	557.88	681300.00
2025-04-17	561.85	568.91	559.42	559.43	558200.00
2025-04-21	550.51	554.58	536.57	545.75	496200.00
2025-04-22	553.44	567.13	552.67	565.06	718400.00
2025-04-23	587.94	613.09	575.79	579.18	669800.00
2025-04-24	575.98	596.51	574.64	595.14	903800.00
2025-04-25	597.34	601.93	590.44	596.34	530400.00
2025-04-28	599.60	606.34	591.36	595.41	617200.00
2025-04-29	591.77	602.57	590.82	601.05	699600.00
2025-04-30	591.45	604.81	582.25	603.36	1209000.00
2025-05-01	612.71	618.20	594.04	608.41	1236800.00
2025-05-02	620.01	625.93	611.26	617.28	665900.00
2025-05-05	609.50	622.31	609.50	614.84	617000.00
2025-05-06	608.69	618.28	606.60	612.20	603900.00
2025-05-07	616.85	624.77	614.83	621.27	664000.00
2025-05-08	628.66	645.10	626.47	639.70	859900.00
2025-05-09	642.71	650.96	641.39	647.59	1298800.00
2025-05-12	679.93	685.47	666.32	668.76	1083400.00
2025-05-13	673.21	684.84	667.44	678.42	812100.00
2025-05-14	677.10	679.73	672.95	674.81	505800.00
2025-05-15	671.71	675.66	668.62	672.64	464500.00
2025-05-16	676.30	682.12	671.49	680.40	460100.00
2025-05-19	671.01	681.28	669.93	679.28	720100.00
2025-05-20	675.39	682.48	675.06	680.05	856700.00
2025-05-21	672.35	675.49	660.29	661.78	627500.00
2025-05-22	659.22	661.44	651.43	657.35	662200.00
2025-05-23	644.26	659.99	637.21	654.96	430800.00
2025-05-27	664.57	673.10	659.88	670.91	564300.00
2025-05-28	673.14	674.31	664.82	666.30	469200.00
2025-05-29	671.46	671.46	661.72	667.23	486300.00
2025-05-30	663.70	667.25	657.66	664.70	1042600.00
2025-06-02	664.52	665.55	651.22	660.30	628900.00
2025-06-03	663.02	666.88	660.79	664.71	808100.00
2025-06-04	668.25	668.85	664.55	665.14	334600.00
2025-06-05	668.83	670.42	659.60	661.97	638000.00
2025-06-06	672.47	674.09	668.98	671.26	387700.00
2025-06-09	675.00	676.76	669.45	669.88	475400.00
2025-06-10	671.87	673.20	666.61	670.93	457400.00
2025-06-11	672.48	676.27	665.31	671.75	511800.00
2025-06-12	667.07	668.61	661.29	666.86	493200.00
2025-06-13	657.29	662.18	652.43	654.09	682700.00
2025-06-16	661.39	665.94	658.21	661.84	636200.00
2025-06-17	658.71	662.83	651.75	652.21	623900.00
2025-06-18	651.74	660.63	651.73	652.29	478700.00
2025-06-20	658.10	659.94	649.36	652.73	864700.00
2025-06-23	654.96	664.56	646.51	664.22	499300.00
2025-06-24	668.61	676.79	664.95	675.25	605900.00
2025-06-25	677.40	677.64	672.22	673.51	486500.00
2025-06-26	677.55	694.19	675.91	691.71	844200.00
2025-06-27	694.81	704.99	693.66	700.54	1044200.00
2025-06-30	701.47	701.47	694.97	698.47	1056600.00
2025-07-01	696.30	706.86	691.47	703.28	720200.00
2025-07-02	704.91	711.63	702.61	711.46	450100.00
2025-07-03	716.10	720.90	712.24	719.15	360500.00
2025-07-07	715.48	720.34	700.17	706.59	807800.00
2025-07-08	707.02	709.98	701.61	706.92	493600.00
2025-07-09	712.85	714.66	705.35	707.59	377900.00
2025-07-10	709.32	719.34	706.34	714.30	442400.00
2025-07-11	708.88	715.84	706.00	714.91	343000.00
2025-07-14	713.22	715.00	707.60	712.09	345000.00
2025-07-15	714.00	715.69	708.28	708.64	347700.00
2025-07-16	710.14	712.31	698.58	710.22	435400.00
2025-07-17	710.25	723.91	708.18	723.26	543100.00
2025-07-18	725.92	727.30	719.11	722.58	485900.00
2025-07-21	724.19	724.19	711.03	711.22	389600.00
2025-07-22	708.85	722.49	705.67	721.12	534500.00
2025-07-23	725.50	729.72	718.20	728.17	548400.00
2025-07-24	728.80	734.49	725.28	729.62	620300.00
2025-07-25	731.46	740.83	726.14	738.82	499800.00
2025-07-28	740.36	745.35	736.07	739.06	446100.00
2025-07-29	744.27	744.61	731.92	734.86	686100.00
2025-07-30	737.20	738.33	726.25	732.03	718200.00
2025-07-31	728.32	737.43	728.32	731.90	508300.00
2025-08-01	715.17	716.91	701.55	712.13	903600.00
2025-08-04	716.34	720.21	713.36	719.04	812900.00
2025-08-05	720.76	726.47	699.89	714.88	833400.00
2025-08-06	712.41	712.41	692.02	697.13	1928100.00
2025-08-07	729.39	729.49	708.18	725.36	1277900.00
2025-08-08	729.49	739.07	723.53	727.74	820200.00
2025-08-11	729.03	732.77	724.50	730.66	675800.00
2025-08-12	735.00	752.87	734.38	752.04	604700.00
2025-08-13	757.07	763.99	749.39	762.05	616600.00
2025-08-14	755.70	757.70	740.40	745.34	695100.00
2025-08-15	747.38	747.38	728.66	729.96	716100.00
2025-08-18	730.06	737.27	729.36	736.20	485900.00
2025-08-19	736.55	746.98	736.14	744.23	940500.00
2025-08-20	741.40	747.57	734.99	742.97	682300.00
2025-08-21	739.72	740.79	729.73	733.05	492800.00
2025-08-22	738.12	759.50	737.08	752.33	725800.00
2025-08-25	754.81	756.38	749.46	750.30	650300.00
2025-08-26	749.78	762.76	746.00	761.55	712900.00
2025-08-27	758.80	768.45	757.89	768.10	636500.00
2025-08-28	769.60	773.30	763.04	766.84	636800.00
2025-08-29	764.27	768.72	756.31	759.35	890900.00
2025-09-02	746.09	750.99	738.89	749.93	525100.00
2025-09-03	748.87	752.54	743.84	748.53	389000.00
2025-09-04	743.68	757.00	742.21	756.96	425100.00
2025-09-05	760.81	764.18	748.59	758.56	520200.00
2025-09-08	759.64	762.02	754.45	760.18	567900.00
2025-09-09	756.04	757.23	745.36	755.24	419600.00
2025-09-10	756.33	770.46	756.33	765.28	558800.00
2025-09-11	764.40	779.77	764.40	769.67	661100.00
2025-09-12	767.52	768.63	758.29	758.78	463500.00
2025-09-15	759.87	769.20	758.57	759.96	549800.00
2025-09-16	760.00	760.60	749.17	754.05	652700.00
2025-09-17	754.56	758.04	730.25	738.50	1083500.00
2025-09-18	744.28	758.72	741.32	755.70	652100.00
2025-09-19	757.93	758.72	746.44	755.68	791800.00
2025-09-22	753.41	762.99	750.10	759.95	414800.00
2025-09-23	761.01	770.76	758.30	760.17	399900.00
2025-09-24	760.82	763.01	746.00	748.76	393000.00
2025-09-25	741.52	746.75	738.38	745.08	402400.00
2025-09-26	748.78	755.54	748.00	750.72	339900.00
2025-09-29	756.05	762.09	749.71	753.57	615700.00
2025-09-30	754.99	758.92	749.84	758.15	491200.00
2025-10-01	750.31	758.89	750.31	755.22	381700.00
2025-10-02	757.38	762.61	753.08	758.14	381900.00
2025-10-03	761.60	769.09	757.39	763.23	319300.00
2025-10-06	767.06	772.14	757.99	763.44	408300.00
2025-10-07	766.21	771.00	746.50	750.68	377500.00
2025-10-08	754.44	764.21	747.52	753.34	496800.00
2025-10-09	755.88	756.98	734.57	738.74	554900.00
2025-10-10	740.11	743.32	715.37	716.66	596000.00
2025-10-13	725.05	737.79	722.85	728.66	360500.00
2025-10-14	717.56	743.89	717.02	736.48	336700.00
2025-10-15	743.07	748.51	725.92	737.86	646700.00
2025-10-16	741.68	741.68	721.17	726.16	1014800.00
2025-10-17	725.43	737.07	722.12	733.59	570200.00
2025-10-20	740.84	745.41	734.72	740.01	557100.00
2025-10-21	738.13	758.32	738.13	757.83	409500.00
2025-10-22	759.41	759.77	740.39	741.39	442900.00
2025-10-23	745.55	766.94	737.70	766.20	506400.00
2025-10-24	772.00	773.66	765.69	772.00	511900.00
2025-10-27	778.00	780.00	769.98	774.18	515700.00
2025-10-28	773.92	780.00	764.45	767.01	465300.00
2025-10-29	767.43	784.38	767.20	775.03	484200.00
2025-10-30	770.34	792.53	769.52	774.35	476000.00
2025-10-31	776.68	785.00	769.60	772.83	622300.00
2025-11-03	772.83	774.81	767.00	771.88	665600.00
2025-11-04	762.85	771.90	758.72	768.99	611800.00
2025-11-05	766.72	779.99	757.50	774.15	639415.00
