Date	Close	High	Low	Open	Volume
	PPL	PPL	PPL	PPL	PPL
1980-03-17	0.47	0.49	0.47	0.47	51535
1980-03-18	0.47	0.48	0.47	0.47	56259
1980-03-19	0.47	0.48	0.47	0.47	42946
1980-03-20	0.47	0.48	0.46	0.47	159330
1980-03-21	0.46	0.48	0.46	0.47	69573
1980-03-24	0.42	0.45	0.42	0.45	133562
1980-03-25	0.43	0.43	0.42	0.42	182091
1980-03-26	0.43	0.43	0.42	0.43	178226
1980-03-27	0.42	0.43	0.42	0.43	125832
1980-03-28	0.43	0.43	0.42	0.42	106936
1980-03-31	0.42	0.43	0.42	0.43	403264
1980-04-01	0.42	0.43	0.42	0.42	394245
1980-04-02	0.45	0.45	0.42	0.42	1295684
1980-04-03	0.45	0.46	0.45	0.45	222031
1980-04-07	0.46	0.46	0.45	0.45	136139
1980-04-08	0.47	0.47	0.45	0.46	143440
1980-04-09	0.50	0.50	0.48	0.48	380502
1980-04-10	0.52	0.52	0.50	0.50	133562
1980-04-11	0.53	0.54	0.51	0.52	215160
1980-04-14	0.51	0.53	0.51	0.53	89328
1980-04-15	0.51	0.51	0.50	0.51	75585
1980-04-16	0.52	0.53	0.51	0.51	312648
1980-04-17	0.52	0.53	0.52	0.52	112948
1980-04-18	0.53	0.54	0.52	0.52	82457
1980-04-21	0.54	0.54	0.53	0.53	82027
1980-04-22	0.54	0.54	0.53	0.54	84174
1980-04-23	0.55	0.56	0.54	0.54	140434
1980-04-24	0.55	0.55	0.54	0.55	130127
1980-04-25	0.55	0.55	0.54	0.55	69573
1980-04-28	0.55	0.55	0.54	0.55	52824
1980-04-29	0.54	0.55	0.54	0.55	57977
1980-04-30	0.54	0.54	0.53	0.54	62272
1980-05-01	0.54	0.54	0.53	0.54	39940
1980-05-02	0.54	0.54	0.53	0.54	36504
1980-05-05	0.55	0.55	0.54	0.54	53683
1980-05-06	0.55	0.55	0.54	0.55	66137
1980-05-07	0.55	0.55	0.55	0.55	85463
1980-05-08	0.55	0.55	0.55	0.55	94481
1980-05-09	0.55	0.55	0.54	0.55	61413
1980-05-12	0.56	0.56	0.55	0.55	57118
1980-05-13	0.55	0.56	0.55	0.56	74297
1980-05-14	0.56	0.56	0.55	0.55	91475
1980-05-15	0.56	0.56	0.55	0.56	132703
1980-05-16	0.56	0.56	0.55	0.56	168778
1980-05-19	0.57	0.57	0.56	0.56	201847
1980-05-20	0.57	0.57	0.56	0.57	205282
1980-05-21	0.57	0.57	0.56	0.57	114237
1980-05-22	0.57	0.57	0.56	0.57	151600
1980-05-23	0.57	0.57	0.56	0.57	115954
1980-05-27	0.59	0.59	0.57	0.57	149023
1980-05-28	0.59	0.59	0.58	0.59	82457
1980-05-29	0.58	0.59	0.58	0.59	58407
1980-05-30	0.58	0.58	0.57	0.58	66996
1980-06-02	0.57	0.58	0.57	0.58	297187
1980-06-03	0.57	0.57	0.57	0.57	105218
1980-06-04	0.55	0.55	0.54	0.55	193687
1980-06-05	0.55	0.55	0.55	0.55	55830
1980-06-06	0.55	0.55	0.55	0.55	97488
1980-06-09	0.55	0.56	0.55	0.55	53253
1980-06-10	0.55	0.55	0.55	0.55	57977
1980-06-11	0.56	0.56	0.55	0.55	61413
1980-06-12	0.55	0.56	0.55	0.56	80739
1980-06-13	0.57	0.57	0.56	0.56	95770
1980-06-16	0.57	0.58	0.57	0.57	120679
1980-06-17	0.58	0.58	0.57	0.57	69573
1980-06-18	0.57	0.58	0.57	0.58	81168
1980-06-19	0.58	0.58	0.57	0.57	66996
1980-06-20	0.57	0.58	0.57	0.58	62701
1980-06-23	0.57	0.58	0.57	0.57	79021
1980-06-24	0.58	0.58	0.57	0.57	109942
1980-06-25	0.57	0.58	0.57	0.58	73867
1980-06-26	0.56	0.57	0.56	0.57	69573
1980-06-27	0.57	0.57	0.56	0.56	138716
1980-06-30	0.56	0.57	0.55	0.57	79880
1980-07-01	0.54	0.55	0.54	0.55	193257
1980-07-02	0.54	0.55	0.54	0.54	801374
1980-07-03	0.54	0.54	0.54	0.54	143440
1980-07-07	0.55	0.55	0.54	0.54	125403
1980-07-08	0.55	0.55	0.54	0.55	76444
1980-07-09	0.55	0.55	0.54	0.55	131415
1980-07-10	0.55	0.55	0.54	0.55	98776
1980-07-11	0.55	0.55	0.54	0.55	83745
1980-07-14	0.55	0.55	0.54	0.55	99635
1980-07-15	0.55	0.55	0.54	0.55	100923
1980-07-16	0.55	0.55	0.54	0.55	112519
1980-07-17	0.55	0.55	0.55	0.55	70861
1980-07-18	0.55	0.55	0.55	0.55	94052
1980-07-21	0.55	0.57	0.55	0.55	97488
1980-07-22	0.56	0.57	0.55	0.55	266266
1980-07-23	0.56	0.56	0.55	0.56	92764
1980-07-24	0.57	0.57	0.55	0.56	96199
1980-07-25	0.57	0.57	0.56	0.57	83315
1980-07-28	0.57	0.57	0.57	0.57	75156
1980-07-29	0.57	0.57	0.56	0.57	81168
1980-07-30	0.57	0.57	0.56	0.57	75156
1980-07-31	0.56	0.57	0.56	0.57	129697
1980-08-01	0.55	0.56	0.55	0.56	210436
1980-08-04	0.55	0.55	0.54	0.55	146446
1980-08-05	0.54	0.55	0.54	0.55	98347
1980-08-06	0.54	0.54	0.54	0.54	89757
1980-08-07	0.54	0.54	0.54	0.54	85463
1980-08-08	0.54	0.54	0.54	0.54	54542
1980-08-11	0.54	0.54	0.54	0.54	70002
1980-08-12	0.54	0.54	0.54	0.54	62701
1980-08-13	0.54	0.55	0.54	0.54	54971
1980-08-14	0.55	0.55	0.54	0.54	52824
1980-08-15	0.54	0.55	0.54	0.55	94481
1980-08-18	0.55	0.55	0.54	0.54	68284
1980-08-19	0.55	0.55	0.54	0.55	90616
1980-08-20	0.54	0.55	0.54	0.55	72579
1980-08-21	0.54	0.54	0.54	0.54	110371
1980-08-22	0.55	0.55	0.54	0.54	55400
1980-08-25	0.54	0.55	0.54	0.55	52824
1980-08-26	0.54	0.55	0.54	0.54	256388
1980-08-27	0.55	0.55	0.54	0.54	59266
1980-08-28	0.55	0.55	0.55	0.55	53683
1980-08-29	0.55	0.55	0.55	0.55	80309
1980-09-02	0.55	0.55	0.55	0.55	38651
1980-09-03	0.56	0.57	0.55	0.55	467683
1980-09-04	0.55	0.56	0.55	0.56	133562
1980-09-05	0.54	0.55	0.54	0.55	84174
1980-09-08	0.55	0.55	0.54	0.54	55830
1980-09-09	0.54	0.55	0.54	0.55	262830
1980-09-10	0.54	0.54	0.54	0.54	58836
1980-09-11	0.54	0.54	0.54	0.54	55830
1980-09-12	0.53	0.54	0.53	0.54	63990
1980-09-15	0.54	0.54	0.53	0.53	63131
1980-09-16	0.53	0.54	0.53	0.54	100494
1980-09-17	0.53	0.54	0.53	0.53	61413
1980-09-18	0.53	0.53	0.52	0.53	336268
1980-09-19	0.52	0.53	0.52	0.53	71720
1980-09-22	0.52	0.53	0.51	0.52	93623
1980-09-23	0.51	0.52	0.51	0.52	119390
1980-09-24	0.50	0.51	0.50	0.51	59695
1980-09-25	0.50	0.51	0.50	0.50	113378
1980-09-26	0.50	0.50	0.49	0.50	86322
1980-09-29	0.48	0.50	0.48	0.50	134421
1980-09-30	0.48	0.48	0.48	0.48	138716
1980-10-01	0.47	0.48	0.47	0.48	290316
1980-10-02	0.48	0.48	0.47	0.47	958128
1980-10-03	0.48	0.48	0.47	0.48	176079
1980-10-06	0.48	0.48	0.47	0.48	180803
1980-10-07	0.48	0.49	0.48	0.48	207430
1980-10-08	0.49	0.49	0.48	0.48	186816
1980-10-09	0.49	0.49	0.48	0.49	97058
1980-10-10	0.49	0.49	0.48	0.49	86751
1980-10-13	0.49	0.49	0.49	0.49	166631
1980-10-14	0.49	0.50	0.49	0.49	90187
1980-10-15	0.50	0.50	0.49	0.49	86751
1980-10-16	0.51	0.51	0.50	0.50	103071
1980-10-17	0.51	0.51	0.50	0.51	67855
1980-10-20	0.50	0.51	0.50	0.51	54971
1980-10-21	0.50	0.51	0.50	0.50	65708
1980-10-22	0.50	0.51	0.50	0.50	70861
1980-10-23	0.50	0.51	0.50	0.50	57548
1980-10-24	0.51	0.51	0.50	0.50	64849
1980-10-27	0.50	0.51	0.50	0.51	65278
1980-10-28	0.50	0.51	0.49	0.50	301482
1980-10-29	0.50	0.51	0.49	0.50	70861
1980-10-30	0.50	0.51	0.50	0.50	65708
1980-10-31	0.50	0.50	0.50	0.50	263689
1980-11-03	0.50	0.50	0.50	0.50	43805
1980-11-05	0.50	0.51	0.50	0.50	66996
1980-11-06	0.50	0.50	0.49	0.50	85463
1980-11-07	0.50	0.50	0.49	0.50	76874
1980-11-10	0.49	0.50	0.49	0.50	69143
1980-11-11	0.49	0.50	0.49	0.49	42946
1980-11-12	0.49	0.50	0.49	0.49	50247
1980-11-13	0.49	0.50	0.49	0.49	76874
1980-11-14	0.49	0.50	0.49	0.49	59266
1980-11-17	0.49	0.50	0.49	0.49	61842
1980-11-18	0.49	0.49	0.48	0.49	107795
1980-11-19	0.49	0.50	0.49	0.49	79021
1980-11-20	0.48	0.49	0.48	0.49	81168
1980-11-21	0.48	0.48	0.47	0.48	100494
1980-11-24	0.47	0.48	0.47	0.48	85033
1980-11-25	0.47	0.48	0.46	0.47	60983
1980-11-26	0.47	0.47	0.47	0.47	1165557
1980-11-28	0.47	0.47	0.47	0.47	82457
1980-12-01	0.47	0.47	0.47	0.47	112089
1980-12-02	0.47	0.47	0.47	0.47	143011
1980-12-03	0.47	0.47	0.47	0.47	385656
1980-12-04	0.45	0.46	0.45	0.46	298475
1980-12-05	0.45	0.46	0.45	0.45	142152
1980-12-08	0.44	0.45	0.44	0.45	233197
1980-12-09	0.43	0.45	0.43	0.44	223320
1980-12-10	0.43	0.44	0.43	0.43	147305
1980-12-11	0.44	0.44	0.43	0.43	225467
1980-12-12	0.44	0.44	0.43	0.44	372343
1980-12-15	0.43	0.44	0.43	0.44	428173
1980-12-16	0.44	0.44	0.43	0.43	325961
1980-12-17	0.44	0.44	0.43	0.44	202706
1980-12-18	0.47	0.47	0.44	0.44	283444
1980-12-19	0.47	0.48	0.47	0.47	301911
1980-12-22	0.48	0.48	0.46	0.47	231479
1980-12-23	0.48	0.49	0.48	0.48	160618
1980-12-24	0.48	0.48	0.47	0.48	102212
1980-12-26	0.47	0.48	0.46	0.48	45093
1980-12-29	0.46	0.47	0.45	0.47	178226
1980-12-30	0.45	0.46	0.44	0.46	259394
1980-12-31	0.45	0.45	0.44	0.45	270131
1981-01-02	0.45	0.45	0.45	0.45	177797
1981-01-05	0.47	0.47	0.45	0.45	1502255
1981-01-06	0.48	0.48	0.47	0.47	217307
1981-01-07	0.48	0.48	0.46	0.48	132703
1981-01-08	0.47	0.48	0.47	0.48	164054
1981-01-09	0.48	0.48	0.47	0.47	123255
1981-01-12	0.47	0.48	0.47	0.48	166631
1981-01-13	0.48	0.48	0.47	0.47	119390
1981-01-14	0.48	0.48	0.47	0.48	122826
1981-01-15	0.48	0.48	0.47	0.48	111230
1981-01-16	0.47	0.48	0.46	0.48	79021
1981-01-19	0.46	0.47	0.46	0.47	517930
1981-01-20	0.47	0.47	0.46	0.46	82457
1981-01-21	0.47	0.47	0.46	0.47	277002
1981-01-22	0.47	0.47	0.46	0.47	70002
1981-01-23	0.46	0.47	0.46	0.47	113807
1981-01-26	0.46	0.47	0.46	0.46	138716
1981-01-27	0.47	0.47	0.46	0.46	53253
1981-01-28	0.47	0.47	0.46	0.47	68284
1981-01-29	0.46	0.47	0.46	0.47	59695
1981-01-30	0.47	0.47	0.46	0.46	107365
1981-02-02	0.47	0.47	0.46	0.47	85892
1981-02-03	0.47	0.47	0.46	0.47	91475
1981-02-04	0.47	0.47	0.47	0.47	53253
1981-02-05	0.47	0.47	0.47	0.47	96629
1981-02-06	0.47	0.47	0.46	0.47	89757
1981-02-09	0.47	0.48	0.47	0.47	79450
1981-02-10	0.47	0.47	0.47	0.47	65278
1981-02-11	0.47	0.47	0.46	0.47	73008
1981-02-12	0.47	0.47	0.46	0.47	63990
1981-02-13	0.47	0.47	0.46	0.47	85033
1981-02-17	0.48	0.48	0.47	0.47	73008
1981-02-18	0.47	0.48	0.47	0.48	76015
1981-02-19	0.48	0.48	0.47	0.47	82457
1981-02-20	0.48	0.48	0.47	0.48	53683
1981-02-23	0.49	0.49	0.48	0.48	239639
1981-02-24	0.49	0.49	0.49	0.49	110801
1981-02-25	0.50	0.50	0.49	0.49	78591
1981-02-26	0.51	0.51	0.50	0.50	114666
1981-02-27	0.51	0.52	0.51	0.51	340992
1981-03-02	0.51	0.52	0.51	0.51	96199
1981-03-03	0.50	0.51	0.50	0.51	150311
1981-03-04	0.48	0.49	0.48	0.49	112089
1981-03-05	0.47	0.48	0.47	0.48	117243
1981-03-06	0.48	0.48	0.47	0.47	198411
1981-03-09	0.46	0.48	0.46	0.48	84174
1981-03-10	0.47	0.47	0.46	0.46	94052
1981-03-11	0.48	0.48	0.46	0.47	247799
1981-03-12	0.48	0.48	0.48	0.48	83315
1981-03-13	0.48	0.49	0.48	0.48	91905
1981-03-16	0.49	0.49	0.48	0.48	97917
1981-03-17	0.49	0.50	0.49	0.49	127979
1981-03-18	0.49	0.50	0.49	0.49	84174
1981-03-19	0.49	0.50	0.49	0.49	106506
1981-03-20	0.50	0.50	0.49	0.49	100064
1981-03-23	0.49	0.50	0.49	0.50	85463
1981-03-24	0.49	0.50	0.49	0.49	112519
1981-03-25	0.49	0.49	0.48	0.49	113807
1981-03-26	0.49	0.49	0.48	0.49	99635
1981-03-27	0.48	0.49	0.48	0.49	218166
1981-03-30	0.48	0.48	0.47	0.48	97917
1981-03-31	0.46	0.48	0.46	0.48	165772
1981-04-01	0.46	0.47	0.46	0.46	312218
1981-04-02	0.47	0.47	0.46	0.46	1158256
1981-04-03	0.48	0.48	0.48	0.48	130986
1981-04-06	0.48	0.48	0.47	0.48	113378
1981-04-07	0.48	0.48	0.47	0.48	130127
1981-04-08	0.48	0.48	0.47	0.48	342280
1981-04-09	0.47	0.48	0.47	0.48	85892
1981-04-10	0.47	0.48	0.47	0.47	66566
1981-04-13	0.47	0.48	0.47	0.47	91475
1981-04-14	0.47	0.48	0.47	0.47	89328
1981-04-15	0.47	0.48	0.47	0.47	79021
1981-04-16	0.48	0.48	0.48	0.48	101782
1981-04-20	0.48	0.48	0.48	0.48	75585
1981-04-21	0.48	0.49	0.48	0.48	111660
1981-04-22	0.49	0.49	0.48	0.48	96629
1981-04-23	0.49	0.49	0.48	0.49	77303
1981-04-24	0.49	0.49	0.48	0.49	53253
1981-04-27	0.49	0.49	0.48	0.49	54112
1981-04-28	0.49	0.49	0.49	0.49	97917
1981-04-29	0.49	0.49	0.49	0.49	54542
1981-04-30	0.49	0.49	0.48	0.49	100923
1981-05-01	0.48	0.49	0.48	0.49	81598
1981-05-04	0.48	0.49	0.48	0.48	92764
1981-05-05	0.48	0.49	0.48	0.48	97917
1981-05-06	0.48	0.49	0.48	0.48	129268
1981-05-07	0.48	0.49	0.48	0.48	170925
1981-05-08	0.49	0.49	0.48	0.48	79880
1981-05-11	0.48	0.49	0.48	0.49	79880
1981-05-12	0.48	0.49	0.48	0.48	86751
1981-05-13	0.48	0.48	0.48	0.48	110801
1981-05-14	0.48	0.49	0.48	0.48	69573
1981-05-15	0.48	0.49	0.48	0.48	67425
1981-05-18	0.48	0.49	0.48	0.48	72579
1981-05-19	0.48	0.49	0.48	0.48	76015
1981-05-20	0.48	0.49	0.48	0.48	80739
1981-05-21	0.49	0.49	0.49	0.49	52824
1981-05-22	0.48	0.49	0.48	0.49	63560
1981-05-26	0.50	0.50	0.48	0.48	101782
1981-05-27	0.49	0.50	0.48	0.50	63990
1981-05-28	0.49	0.49	0.48	0.49	242216
1981-05-29	0.49	0.50	0.48	0.49	85033
1981-06-01	0.49	0.50	0.49	0.49	126691
1981-06-02	0.50	0.50	0.49	0.49	101353
1981-06-03	0.50	0.50	0.50	0.50	81168
1981-06-04	0.48	0.49	0.48	0.49	112948
1981-06-05	0.48	0.48	0.47	0.48	296328
1981-06-08	0.48	0.48	0.47	0.48	132274
1981-06-09	0.48	0.48	0.47	0.48	96199
1981-06-10	0.49	0.49	0.47	0.48	91475
1981-06-11	0.48	0.49	0.48	0.49	90616
1981-06-12	0.49	0.49	0.49	0.49	95770
1981-06-15	0.52	0.53	0.49	0.49	209577
1981-06-16	0.51	0.52	0.51	0.52	109083
1981-06-17	0.51	0.52	0.51	0.51	73008
1981-06-18	0.51	0.52	0.51	0.51	77732
1981-06-19	0.51	0.51	0.50	0.51	63560
1981-06-22	0.51	0.51	0.50	0.51	52824
1981-06-23	0.51	0.51	0.50	0.51	58836
1981-06-24	0.50	0.51	0.50	0.51	67425
1981-06-25	0.50	0.51	0.50	0.50	287739
1981-06-26	0.50	0.51	0.50	0.50	48100
1981-06-29	0.49	0.50	0.49	0.50	57548
1981-06-30	0.49	0.49	0.49	0.49	103500
1981-07-01	0.46	0.49	0.46	0.49	296328
1981-07-02	0.48	0.48	0.47	0.47	860210
1981-07-06	0.47	0.48	0.47	0.48	106506
1981-07-07	0.48	0.48	0.47	0.47	72149
1981-07-08	0.47	0.48	0.47	0.48	112519
1981-07-09	0.47	0.48	0.47	0.47	85892
1981-07-10	0.48	0.48	0.47	0.47	82457
1981-07-13	0.48	0.49	0.48	0.48	106077
1981-07-14	0.48	0.48	0.48	0.48	174791
1981-07-15	0.49	0.49	0.48	0.48	48959
1981-07-16	0.49	0.49	0.48	0.49	120249
1981-07-17	0.49	0.49	0.48	0.49	75156
1981-07-20	0.48	0.48	0.47	0.48	90616
1981-07-21	0.48	0.48	0.47	0.48	56259
1981-07-22	0.47	0.48	0.47	0.48	380502
1981-07-23	0.47	0.48	0.47	0.47	43805
1981-07-24	0.47	0.48	0.47	0.47	58836
1981-07-27	0.48	0.48	0.48	0.48	95770
1981-07-28	0.49	0.49	0.48	0.48	64419
1981-07-29	0.49	0.49	0.48	0.49	54971
1981-07-30	0.48	0.49	0.48	0.49	60554
1981-07-31	0.49	0.49	0.48	0.48	90616
1981-08-03	0.49	0.49	0.48	0.49	69143
1981-08-04	0.49	0.49	0.48	0.49	60554
1981-08-05	0.48	0.49	0.48	0.49	173502
1981-08-06	0.49	0.49	0.48	0.48	217737
1981-08-07	0.48	0.49	0.48	0.49	51535
1981-08-10	0.48	0.49	0.48	0.48	64419
1981-08-11	0.49	0.49	0.48	0.48	91046
1981-08-12	0.50	0.50	0.49	0.49	60554
1981-08-13	0.48	0.50	0.48	0.50	121967
1981-08-14	0.48	0.49	0.48	0.48	39940
1981-08-17	0.48	0.49	0.48	0.48	112948
1981-08-18	0.49	0.49	0.48	0.48	79880
1981-08-19	0.49	0.49	0.48	0.49	74297
1981-08-20	0.49	0.49	0.48	0.49	57977
1981-08-21	0.49	0.49	0.49	0.49	42517
1981-08-24	0.49	0.49	0.49	0.49	48529
1981-08-25	0.49	0.49	0.49	0.49	1172429
1981-08-26	0.49	0.49	0.49	0.49	86322
1981-08-27	0.48	0.49	0.47	0.49	466824
1981-08-28	0.48	0.48	0.48	0.48	149882
1981-08-31	0.48	0.49	0.48	0.48	282585
1981-09-01	0.48	0.49	0.48	0.48	122826
1981-09-02	0.48	0.49	0.48	0.48	143440
1981-09-03	0.46	0.47	0.46	0.47	331973
1981-09-04	0.46	0.47	0.46	0.46	259824
1981-09-08	0.46	0.46	0.46	0.46	112519
1981-09-09	0.46	0.46	0.46	0.46	56689
1981-09-10	0.46	0.46	0.46	0.46	239639
1981-09-11	0.46	0.46	0.46	0.46	125403
1981-09-14	0.46	0.46	0.46	0.46	140434
1981-09-15	0.46	0.47	0.46	0.46	277861
1981-09-16	0.46	0.46	0.46	0.46	70861
1981-09-17	0.46	0.46	0.46	0.46	502040
1981-09-18	0.46	0.46	0.46	0.46	79021
1981-09-21	0.46	0.46	0.46	0.46	107365
1981-09-22	0.46	0.46	0.46	0.46	71720
1981-09-23	0.46	0.46	0.46	0.46	60125
1981-09-24	0.46	0.46	0.46	0.46	50247
1981-09-25	0.45	0.46	0.45	0.46	107365
1981-09-28	0.45	0.46	0.45	0.45	204423
1981-09-29	0.45	0.46	0.45	0.45	119390
1981-09-30	0.44	0.45	0.44	0.45	153318
1981-10-01	0.44	0.44	0.42	0.44	316513
1981-10-02	0.44	0.44	0.43	0.44	1260039
1981-10-05	0.45	0.46	0.45	0.45	158901
1981-10-06	0.45	0.45	0.45	0.45	123255
1981-10-07	0.45	0.45	0.45	0.45	96629
1981-10-08	0.45	0.46	0.45	0.45	82457
1981-10-09	0.45	0.46	0.45	0.45	176938
1981-10-12	0.46	0.46	0.45	0.45	121537
1981-10-13	0.46	0.47	0.46	0.46	160189
1981-10-14	0.46	0.47	0.46	0.46	108654
1981-10-15	0.46	0.46	0.46	0.46	60125
1981-10-16	0.46	0.46	0.46	0.46	88898
1981-10-19	0.46	0.46	0.45	0.46	146876
1981-10-20	0.46	0.47	0.46	0.46	74726
1981-10-21	0.46	0.47	0.46	0.46	166631
1981-10-22	0.46	0.46	0.46	0.46	59695
1981-10-23	0.46	0.46	0.46	0.46	65278
1981-10-26	0.46	0.46	0.45	0.46	151600
1981-10-27	0.46	0.46	0.45	0.46	98347
1981-10-28	0.45	0.46	0.45	0.46	79021
1981-10-29	0.46	0.46	0.45	0.45	311359
1981-10-30	0.46	0.46	0.46	0.46	482714
1981-11-02	0.48	0.48	0.47	0.47	1057763
1981-11-03	0.48	0.48	0.47	0.48	611123
1981-11-04	0.48	0.48	0.47	0.48	97488
1981-11-05	0.48	0.49	0.48	0.48	284303
1981-11-06	0.49	0.49	0.48	0.48	359029
1981-11-09	0.49	0.50	0.49	0.49	275285
1981-11-10	0.51	0.51	0.50	0.50	733090
1981-11-11	0.51	0.51	0.51	0.51	222461
1981-11-12	0.53	0.53	0.51	0.51	372343
1981-11-13	0.51	0.53	0.50	0.53	222461
1981-11-16	0.51	0.52	0.51	0.51	146876
1981-11-17	0.51	0.51	0.51	0.51	145158
1981-11-18	0.51	0.51	0.51	0.51	133133
1981-11-19	0.52	0.52	0.51	0.51	100923
1981-11-20	0.51	0.52	0.51	0.52	274855
1981-11-23	0.51	0.52	0.51	0.51	159760
1981-11-24	0.52	0.52	0.51	0.51	139575
1981-11-25	0.52	0.53	0.51	0.52	249087
1981-11-27	0.53	0.53	0.52	0.52	89328
1981-11-30	0.53	0.53	0.52	0.53	138716
1981-12-01	0.52	0.53	0.52	0.53	123685
1981-12-02	0.53	0.53	0.52	0.52	88898
1981-12-03	0.53	0.53	0.52	0.53	157612
1981-12-04	0.50	0.51	0.50	0.51	187245
1981-12-07	0.50	0.50	0.50	0.50	121108
1981-12-08	0.50	0.50	0.50	0.50	834013
1981-12-09	0.50	0.50	0.49	0.50	158901
1981-12-10	0.50	0.50	0.50	0.50	636891
1981-12-11	0.49	0.50	0.49	0.50	93623
1981-12-14	0.49	0.50	0.49	0.49	292463
1981-12-15	0.49	0.49	0.49	0.49	121108
1981-12-16	0.50	0.50	0.49	0.49	273996
1981-12-17	0.49	0.50	0.49	0.50	82457
1981-12-18	0.49	0.50	0.49	0.49	116813
1981-12-21	0.49	0.50	0.49	0.49	136139
1981-12-22	0.49	0.50	0.49	0.49	459094
1981-12-23	0.49	0.49	0.49	0.49	70432
1981-12-24	0.50	0.50	0.49	0.49	45523
1981-12-28	0.50	0.50	0.49	0.50	70002
1981-12-29	0.49	0.49	0.49	0.49	60125
1981-12-30	0.49	0.49	0.49	0.49	160618
1981-12-31	0.49	0.50	0.49	0.49	211724
1982-01-04	0.49	0.49	0.49	0.49	267554
1982-01-05	0.49	0.49	0.49	0.49	1050462
1982-01-06	0.49	0.49	0.48	0.49	407559
1982-01-07	0.49	0.49	0.49	0.49	98776
1982-01-08	0.50	0.50	0.49	0.49	72579
1982-01-11	0.49	0.50	0.49	0.50	166201
1982-01-12	0.49	0.50	0.48	0.49	122826
1982-01-13	0.49	0.50	0.49	0.49	92334
1982-01-14	0.49	0.49	0.49	0.49	85892
1982-01-15	0.49	0.49	0.49	0.49	54971
1982-01-18	0.49	0.49	0.48	0.49	110801
1982-01-19	0.48	0.49	0.48	0.49	106506
1982-01-20	0.49	0.49	0.48	0.48	80739
1982-01-21	0.48	0.49	0.48	0.49	138716
1982-01-22	0.49	0.49	0.48	0.48	90616
1982-01-25	0.48	0.49	0.48	0.49	91046
1982-01-26	0.48	0.49	0.48	0.48	63131
1982-01-27	0.49	0.49	0.48	0.48	94052
1982-01-28	0.48	0.49	0.48	0.49	549281
1982-01-29	0.49	0.49	0.49	0.49	98347
1982-02-01	0.49	0.49	0.48	0.49	155894
1982-02-02	0.49	0.49	0.49	0.49	147735
1982-02-03	0.49	0.49	0.49	0.49	70432
1982-02-04	0.49	0.49	0.49	0.49	118102
1982-02-05	0.49	0.50	0.49	0.49	197123
1982-02-08	0.49	0.49	0.49	0.49	108224
1982-02-09	0.49	0.49	0.49	0.49	84604
1982-02-10	0.49	0.50	0.49	0.49	191110
1982-02-11	0.49	0.50	0.49	0.49	247799
1982-02-12	0.50	0.50	0.49	0.49	86751
1982-02-16	0.50	0.50	0.49	0.50	166201
1982-02-17	0.50	0.50	0.49	0.50	107365
1982-02-18	0.50	0.50	0.49	0.50	79880
1982-02-19	0.50	0.50	0.50	0.50	134851
1982-02-22	0.50	0.51	0.50	0.50	122826
1982-02-23	0.51	0.52	0.49	0.50	137857
1982-02-24	0.53	0.53	0.52	0.52	168349
1982-02-25	0.53	0.53	0.53	0.53	191110
1982-02-26	0.54	0.54	0.53	0.53	212583
1982-03-01	0.54	0.55	0.54	0.54	200558
1982-03-02	0.55	0.56	0.54	0.54	684561
1982-03-03	0.55	0.55	0.55	0.55	301052
1982-03-04	0.52	0.54	0.52	0.54	559588
1982-03-05	0.52	0.53	0.52	0.52	137857
1982-03-08	0.53	0.54	0.53	0.53	392098
1982-03-09	0.55	0.55	0.53	0.53	663517
1982-03-10	0.54	0.55	0.54	0.55	131845
1982-03-11	0.54	0.54	0.54	0.54	156753
1982-03-12	0.54	0.54	0.54	0.54	138716
1982-03-15	0.53	0.54	0.53	0.54	103071
1982-03-16	0.53	0.54	0.53	0.53	382650
1982-03-17	0.53	0.54	0.53	0.53	102641
1982-03-18	0.54	0.54	0.53	0.53	172214
1982-03-19	0.54	0.55	0.54	0.54	157612
1982-03-22	0.54	0.54	0.54	0.54	97488
1982-03-23	0.55	0.55	0.54	0.54	131845
1982-03-24	0.54	0.55	0.54	0.55	104359
1982-03-25	0.54	0.55	0.54	0.54	115954
1982-03-26	0.54	0.55	0.54	0.54	102641
1982-03-29	0.54	0.55	0.54	0.54	109083
1982-03-30	0.54	0.54	0.53	0.54	118961
1982-03-31	0.53	0.54	0.53	0.54	127550
1982-04-01	0.53	0.53	0.53	0.53	182521
1982-04-02	0.53	0.53	0.52	0.53	1047885
1982-04-05	0.53	0.54	0.52	0.53	622289
1982-04-06	0.53	0.54	0.53	0.53	118102
1982-04-07	0.53	0.54	0.53	0.53	126262
1982-04-08	0.54	0.54	0.53	0.53	138286
1982-04-12	0.54	0.55	0.54	0.54	280868
1982-04-13	0.54	0.55	0.54	0.54	159760
1982-04-14	0.55	0.55	0.54	0.54	153747
1982-04-15	0.55	0.55	0.54	0.55	154606
1982-04-16	0.56	0.56	0.55	0.55	121108
1982-04-19	0.56	0.56	0.55	0.56	635602
1982-04-20	0.55	0.56	0.55	0.56	133992
1982-04-21	0.56	0.56	0.55	0.55	164484
1982-04-22	0.56	0.56	0.55	0.56	151170
1982-04-23	0.56	0.57	0.56	0.56	458235
1982-04-26	0.57	0.57	0.56	0.56	119390
1982-04-27	0.56	0.57	0.56	0.57	172214
1982-04-28	0.56	0.56	0.56	0.56	95770
1982-04-29	0.56	0.57	0.55	0.56	103071
1982-04-30	0.56	0.56	0.55	0.56	135280
1982-05-03	0.56	0.56	0.55	0.56	170067
1982-05-04	0.56	0.56	0.55	0.56	187674
1982-05-05	0.56	0.56	0.55	0.56	79021
1982-05-06	0.57	0.57	0.56	0.56	155035
1982-05-07	0.57	0.57	0.57	0.57	129697
1982-05-10	0.57	0.58	0.57	0.57	157612
1982-05-11	0.58	0.58	0.57	0.57	396822
1982-05-12	0.58	0.58	0.57	0.58	172214
1982-05-13	0.57	0.58	0.57	0.58	261542
1982-05-14	0.57	0.58	0.57	0.57	133562
1982-05-17	0.57	0.57	0.57	0.57	104788
1982-05-18	0.57	0.57	0.57	0.57	84174
1982-05-19	0.57	0.57	0.56	0.57	487438
1982-05-20	0.57	0.57	0.57	0.57	179085
1982-05-21	0.57	0.57	0.57	0.57	103500
1982-05-24	0.57	0.57	0.57	0.57	274426
1982-05-25	0.57	0.57	0.57	0.57	92764
1982-05-26	0.57	0.57	0.57	0.57	170067
1982-05-27	0.57	0.57	0.57	0.57	315224
1982-05-28	0.57	0.57	0.57	0.57	224608
1982-06-01	0.57	0.57	0.57	0.57	760146
1982-06-02	0.57	0.57	0.57	0.57	392098
1982-06-03	0.57	0.57	0.57	0.57	221172
1982-06-04	0.54	0.55	0.53	0.55	178656
1982-06-07	0.54	0.54	0.53	0.54	157612
1982-06-08	0.54	0.54	0.54	0.54	101353
1982-06-09	0.55	0.55	0.54	0.54	120679
1982-06-10	0.54	0.54	0.53	0.54	102212
1982-06-11	0.54	0.55	0.54	0.54	109942
1982-06-14	0.53	0.55	0.53	0.54	503758
1982-06-15	0.53	0.53	0.53	0.53	116384
1982-06-16	0.53	0.54	0.53	0.53	79450
1982-06-17	0.52	0.53	0.52	0.53	762293
1982-06-18	0.51	0.52	0.51	0.52	145587
1982-06-21	0.53	0.53	0.51	0.51	383938
1982-06-22	0.53	0.53	0.51	0.53	75156
1982-06-23	0.52	0.53	0.51	0.53	89328
1982-06-24	0.51	0.53	0.51	0.52	77732
1982-06-25	0.51	0.52	0.51	0.51	496457
1982-06-28	0.51	0.51	0.51	0.51	92334
1982-06-29	0.51	0.51	0.51	0.51	168349
1982-06-30	0.51	0.51	0.50	0.51	190681
1982-07-01	0.50	0.51	0.49	0.51	605111
1982-07-02	0.50	0.50	0.49	0.50	1507408
1982-07-06	0.51	0.51	0.50	0.50	186386
1982-07-07	0.51	0.51	0.51	0.51	301482
1982-07-08	0.51	0.51	0.50	0.51	120679
1982-07-09	0.51	0.51	0.50	0.51	141293
1982-07-12	0.51	0.51	0.51	0.51	925059
1982-07-13	0.52	0.52	0.51	0.51	730084
1982-07-14	0.53	0.53	0.51	0.52	126691
1982-07-15	0.52	0.53	0.52	0.53	94052
1982-07-16	0.52	0.53	0.52	0.52	374919
1982-07-19	0.53	0.53	0.52	0.52	124973
1982-07-20	0.53	0.54	0.53	0.53	105647
1982-07-21	0.53	0.54	0.53	0.53	194116
1982-07-22	0.54	0.54	0.53	0.53	66137
1982-07-23	0.54	0.55	0.54	0.54	94052
1982-07-26	0.54	0.54	0.53	0.54	103500
1982-07-27	0.52	0.53	0.52	0.53	283874
1982-07-28	0.51	0.52	0.51	0.52	154177
1982-07-29	0.51	0.52	0.51	0.51	260683
1982-07-30	0.52	0.52	0.51	0.51	70432
1982-08-02	0.53	0.53	0.52	0.52	133133
1982-08-03	0.53	0.53	0.52	0.53	176508
1982-08-04	0.54	0.54	0.53	0.53	158042
1982-08-05	0.54	0.54	0.53	0.54	114666
1982-08-06	0.53	0.54	0.53	0.54	84604
1982-08-09	0.54	0.54	0.53	0.53	79021
1982-08-10	0.53	0.54	0.53	0.54	353017
1982-08-11	0.53	0.53	0.53	0.53	95770
1982-08-12	0.53	0.53	0.53	0.53	624436
1982-08-13	0.54	0.54	0.53	0.53	355164
1982-08-16	0.56	0.56	0.54	0.54	356882
1982-08-17	0.57	0.58	0.55	0.56	290745
1982-08-18	0.58	0.58	0.57	0.57	683272
1982-08-19	0.57	0.58	0.57	0.58	191110
1982-08-20	0.58	0.58	0.57	0.57	1157827
1982-08-23	0.59	0.59	0.58	0.58	328108
1982-08-24	0.58	0.59	0.58	0.59	673395
1982-08-25	0.59	0.60	0.58	0.58	586214
1982-08-26	0.59	0.59	0.58	0.59	384368
1982-08-27	0.58	0.59	0.58	0.59	242216
1982-08-30	0.58	0.59	0.57	0.58	551857
1982-08-31	0.59	0.59	0.58	0.58	372343
1982-09-01	0.59	0.59	0.58	0.59	520936
1982-09-02	0.59	0.59	0.58	0.59	278291
1982-09-03	0.57	0.57	0.57	0.57	1510414
1982-09-07	0.57	0.58	0.57	0.57	356023
1982-09-08	0.57	0.57	0.57	0.57	501181
1982-09-09	0.57	0.57	0.57	0.57	283874
1982-09-10	0.56	0.57	0.56	0.57	118102
1982-09-13	0.56	0.57	0.56	0.56	243504
1982-09-14	0.57	0.57	0.56	0.56	253811
1982-09-15	0.57	0.57	0.56	0.57	187674
1982-09-16	0.57	0.57	0.57	0.57	123255
1982-09-17	0.57	0.58	0.57	0.57	385656
1982-09-20	0.57	0.57	0.57	0.57	102212
1982-09-21	0.57	0.58	0.57	0.57	140004
1982-09-22	0.58	0.58	0.58	0.58	675113
1982-09-23	0.59	0.59	0.58	0.58	581490
1982-09-24	0.58	0.59	0.58	0.59	288598
1982-09-27	0.58	0.59	0.58	0.58	154177
1982-09-28	0.58	0.58	0.58	0.58	239210
1982-09-29	0.58	0.58	0.58	0.58	303629
1982-09-30	0.57	0.58	0.57	0.58	184668
1982-10-01	0.57	0.58	0.57	0.57	300623
1982-10-04	0.57	0.57	0.57	0.57	1288383
1982-10-05	0.57	0.57	0.57	0.57	246940
1982-10-06	0.58	0.58	0.57	0.57	432467
1982-10-07	0.59	0.59	0.58	0.58	687997
1982-10-08	0.59	0.60	0.59	0.59	661799
1982-10-11	0.60	0.60	0.59	0.59	434185
1982-10-12	0.60	0.60	0.59	0.60	414859
1982-10-13	0.60	0.61	0.59	0.60	356453
1982-10-14	0.62	0.62	0.60	0.60	256388
1982-10-15	0.61	0.62	0.61	0.62	264119
1982-10-18	0.61	0.62	0.60	0.61	392527
1982-10-19	0.62	0.62	0.60	0.61	202706
1982-10-20	0.62	0.62	0.60	0.62	471548
1982-10-21	0.60	0.61	0.59	0.61	391239
1982-10-22	0.61	0.61	0.60	0.60	201847
1982-10-25	0.59	0.61	0.59	0.61	217737
1982-10-26	0.59	0.60	0.59	0.59	215589
1982-10-27	0.60	0.60	0.59	0.59	191969
1982-10-28	0.59	0.60	0.59	0.60	345716
1982-10-29	0.60	0.60	0.59	0.59	185098
1982-11-01	0.60	0.60	0.59	0.60	129268
1982-11-02	0.60	0.60	0.59	0.60	262401
1982-11-03	0.59	0.60	0.59	0.60	454370
1982-11-04	0.61	0.63	0.59	0.59	562594
1982-11-05	0.61	0.61	0.60	0.61	212583
1982-11-08	0.60	0.61	0.60	0.61	421301
1982-11-09	0.61	0.61	0.60	0.60	264119
1982-11-10	0.62	0.62	0.61	0.61	273996
1982-11-11	0.61	0.61	0.60	0.61	226326
1982-11-12	0.61	0.61	0.60	0.61	189822
1982-11-15	0.60	0.61	0.60	0.61	250805
1982-11-16	0.60	0.60	0.59	0.60	1050462
1982-11-17	0.60	0.60	0.60	0.60	188963
1982-11-18	0.61	0.61	0.60	0.60	162766
1982-11-19	0.61	0.61	0.60	0.61	116813
1982-11-22	0.61	0.62	0.60	0.61	347434
1982-11-23	0.60	0.61	0.60	0.61	166201
1982-11-24	0.61	0.61	0.60	0.60	453940
1982-11-26	0.61	0.61	0.60	0.61	159330
1982-11-29	0.61	0.62	0.60	0.61	795791
1982-11-30	0.62	0.62	0.61	0.61	217307
1982-12-01	0.61	0.62	0.61	0.62	211295
1982-12-02	0.62	0.62	0.61	0.61	335409
1982-12-03	0.62	0.63	0.62	0.62	322955
1982-12-06	0.60	0.60	0.60	0.60	700021
1982-12-07	0.60	0.60	0.59	0.60	702598
1982-12-08	0.60	0.60	0.59	0.60	161048
1982-12-09	0.60	0.60	0.59	0.60	145587
1982-12-10	0.60	0.60	0.59	0.60	127979
1982-12-13	0.59	0.60	0.59	0.60	118102
1982-12-14	0.60	0.60	0.59	0.59	219025
1982-12-15	0.60	0.60	0.59	0.60	190251
1982-12-16	0.60	0.61	0.60	0.60	493451
1982-12-17	0.60	0.60	0.60	0.60	546704
1982-12-20	0.60	0.60	0.59	0.60	113378
1982-12-21	0.59	0.60	0.59	0.60	392098
1982-12-22	0.59	0.60	0.59	0.59	156753
1982-12-23	0.60	0.60	0.59	0.59	195405
1982-12-27	0.60	0.60	0.59	0.60	124973
1982-12-28	0.60	0.60	0.59	0.60	162766
1982-12-29	0.60	0.60	0.60	0.60	185957
1982-12-30	0.60	0.60	0.60	0.60	164054
1982-12-31	0.60	0.60	0.60	0.60	119820
1983-01-03	0.60	0.60	0.60	0.60	268843
1983-01-04	0.60	0.60	0.60	0.60	574619
1983-01-05	0.61	0.61	0.60	0.60	228044
1983-01-06	0.61	0.62	0.60	0.61	480137
1983-01-07	0.62	0.63	0.61	0.61	247799
1983-01-10	0.63	0.63	0.62	0.62	328967
1983-01-11	0.64	0.64	0.63	0.63	1006227
1983-01-12	0.65	0.65	0.63	0.64	346146
1983-01-13	0.64	0.65	0.64	0.65	243934
1983-01-14	0.64	0.66	0.64	0.64	373631
1983-01-17	0.65	0.65	0.64	0.64	219025
1983-01-18	0.64	0.65	0.64	0.65	219025
1983-01-19	0.64	0.65	0.64	0.64	232338
1983-01-20	0.64	0.64	0.64	0.64	541980
1983-01-21	0.65	0.65	0.64	0.64	276143
1983-01-24	0.63	0.64	0.62	0.64	251664
1983-01-25	0.63	0.63	0.63	0.63	184668
1983-01-26	0.62	0.63	0.62	0.63	314365
1983-01-27	0.64	0.64	0.62	0.62	209577
1983-01-28	0.64	0.65	0.64	0.64	260683
1983-01-31	0.65	0.65	0.64	0.64	222031
1983-02-01	0.65	0.65	0.64	0.65	197123
1983-02-02	0.65	0.65	0.64	0.65	217307
1983-02-03	0.66	0.66	0.64	0.65	237492
1983-02-04	0.66	0.66	0.65	0.66	461671
1983-02-07	0.66	0.66	0.66	0.66	272708
1983-02-08	0.66	0.67	0.66	0.66	110801
1983-02-09	0.66	0.67	0.66	0.66	244363
1983-02-10	0.66	0.67	0.66	0.66	229762
1983-02-11	0.66	0.66	0.66	0.66	132274
1983-02-14	0.66	0.66	0.66	0.66	207000
1983-02-15	0.66	0.66	0.66	0.66	197982
1983-02-16	0.66	0.66	0.66	0.66	166201
1983-02-17	0.66	0.66	0.66	0.66	125403
1983-02-18	0.66	0.66	0.66	0.66	170496
1983-02-22	0.67	0.68	0.66	0.66	237492
1983-02-23	0.68	0.68	0.67	0.67	185527
1983-02-24	0.67	0.68	0.67	0.68	521366
1983-02-25	0.68	0.68	0.67	0.67	331114
1983-02-28	0.68	0.69	0.67	0.68	262401
1983-03-01	0.70	0.70	0.68	0.68	194546
1983-03-02	0.69	0.70	0.69	0.70	843461
1983-03-03	0.71	0.71	0.69	0.69	336697
1983-03-04	0.68	0.68	0.68	0.68	333691
1983-03-07	0.68	0.68	0.68	0.68	251664
1983-03-08	0.68	0.68	0.68	0.68	176508
1983-03-09	0.68	0.68	0.68	0.68	126262
1983-03-10	0.68	0.68	0.68	0.68	143011
1983-03-11	0.68	0.68	0.68	0.68	136998
1983-03-14	0.67	0.68	0.67	0.68	140434
1983-03-15	0.68	0.68	0.67	0.67	240498
1983-03-16	0.68	0.68	0.67	0.68	252953
1983-03-17	0.67	0.68	0.67	0.68	175220
1983-03-18	0.67	0.67	0.67	0.67	140863
1983-03-21	0.67	0.67	0.67	0.67	138716
1983-03-22	0.67	0.68	0.67	0.67	172643
1983-03-23	0.68	0.68	0.67	0.67	267984
1983-03-24	0.68	0.69	0.68	0.68	809105
1983-03-25	0.68	0.68	0.68	0.68	142581
1983-03-28	0.67	0.68	0.67	0.68	576766
1983-03-29	0.67	0.68	0.66	0.67	140434
1983-03-30	0.66	0.67	0.66	0.67	172643
1983-03-31	0.66	0.66	0.65	0.66	176508
1983-04-04	0.64	0.65	0.63	0.65	304488
1983-04-05	0.64	0.64	0.63	0.64	786343
1983-04-06	0.64	0.64	0.64	0.64	216448
1983-04-07	0.64	0.65	0.64	0.64	142581
1983-04-08	0.64	0.64	0.64	0.64	153747
1983-04-11	0.66	0.66	0.64	0.64	242645
1983-04-12	0.65	0.66	0.64	0.66	419154
1983-04-13	0.65	0.66	0.64	0.65	174791
1983-04-14	0.65	0.66	0.65	0.65	168349
1983-04-15	0.66	0.66	0.65	0.65	196264
1983-04-18	0.66	0.66	0.65	0.66	388233
1983-04-19	0.66	0.67	0.66	0.66	184239
1983-04-20	0.67	0.67	0.66	0.66	491733
1983-04-21	0.67	0.68	0.67	0.67	198840
1983-04-22	0.68	0.68	0.66	0.67	186816
1983-04-25	0.68	0.68	0.67	0.68	176508
1983-04-26	0.68	0.68	0.67	0.68	208718
1983-04-27	0.68	0.68	0.67	0.68	143011
1983-04-28	0.68	0.68	0.67	0.68	237921
1983-04-29	0.68	0.68	0.67	0.68	167919
1983-05-02	0.68	0.68	0.67	0.68	295040
1983-05-03	0.68	0.68	0.68	0.68	147305
1983-05-04	0.68	0.68	0.68	0.68	169637
1983-05-05	0.69	0.69	0.68	0.68	243075
1983-05-06	0.70	0.71	0.68	0.69	236633
1983-05-09	0.70	0.70	0.69	0.70	178656
1983-05-10	0.70	0.71	0.69	0.70	213013
1983-05-11	0.70	0.70	0.69	0.70	136139
1983-05-12	0.70	0.70	0.69	0.70	132274
1983-05-13	0.70	0.70	0.70	0.70	152888
1983-05-16	0.70	0.70	0.69	0.70	166201
1983-05-17	0.70	0.70	0.69	0.70	178226
1983-05-18	0.70	0.70	0.69	0.70	260253
1983-05-19	0.70	0.70	0.69	0.70	366760
1983-05-20	0.69	0.70	0.69	0.70	293751
1983-05-23	0.69	0.69	0.69	0.69	169208
1983-05-24	0.69	0.70	0.69	0.69	180803
1983-05-25	0.69	0.69	0.69	0.69	125403
1983-05-26	0.69	0.69	0.69	0.69	119820
1983-05-27	0.69	0.70	0.69	0.69	114237
1983-05-31	0.69	0.69	0.68	0.69	147735
1983-06-01	0.68	0.69	0.68	0.69	171784
1983-06-02	0.69	0.69	0.68	0.68	693580
1983-06-03	0.68	0.69	0.68	0.69	889414
1983-06-06	0.66	0.66	0.65	0.66	188963
1983-06-07	0.66	0.66	0.65	0.66	151600
1983-06-08	0.65	0.66	0.65	0.66	208289
1983-06-09	0.64	0.65	0.63	0.65	159760
1983-06-10	0.64	0.65	0.64	0.64	225896
1983-06-13	0.64	0.65	0.63	0.64	217737
1983-06-14	0.64	0.64	0.63	0.64	168778
1983-06-15	0.64	0.64	0.63	0.64	264119
1983-06-16	0.64	0.64	0.63	0.64	197552
1983-06-17	0.64	0.64	0.63	0.64	236204
1983-06-20	0.63	0.64	0.63	0.64	386515
1983-06-21	0.63	0.63	0.62	0.63	97917
1983-06-22	0.63	0.63	0.63	0.63	140004
1983-06-23	0.63	0.63	0.62	0.63	267125
1983-06-24	0.63	0.63	0.62	0.63	89328
1983-06-27	0.61	0.63	0.60	0.63	451364
1983-06-28	0.60	0.61	0.60	0.61	139145
1983-06-29	0.61	0.61	0.60	0.60	372772
1983-06-30	0.61	0.61	0.60	0.61	331114
1983-07-01	0.60	0.61	0.60	0.61	376637
1983-07-05	0.60	0.61	0.59	0.60	756710
1983-07-06	0.61	0.61	0.60	0.60	291175
1983-07-07	0.61	0.61	0.60	0.61	128838
1983-07-08	0.61	0.61	0.60	0.61	118531
1983-07-11	0.61	0.62	0.61	0.61	220743
1983-07-12	0.62	0.63	0.62	0.62	182091
1983-07-13	0.62	0.62	0.62	0.62	106077
1983-07-14	0.62	0.62	0.62	0.62	201847
1983-07-15	0.62	0.62	0.61	0.62	156753
1983-07-18	0.63	0.63	0.61	0.62	860640
1983-07-19	0.62	0.63	0.62	0.63	182521
1983-07-20	0.63	0.63	0.63	0.63	522225
1983-07-21	0.64	0.64	0.63	0.63	218166
1983-07-22	0.65	0.66	0.63	0.64	154606
1983-07-25	0.66	0.66	0.64	0.65	145587
1983-07-26	0.67	0.67	0.65	0.66	279579
1983-07-27	0.65	0.67	0.65	0.67	307065
1983-07-28	0.65	0.66	0.65	0.65	70432
1983-07-29	0.66	0.67	0.65	0.65	196264
1983-08-01	0.65	0.66	0.65	0.66	93623
1983-08-02	0.64	0.65	0.64	0.65	152029
1983-08-03	0.65	0.65	0.64	0.64	164484
1983-08-04	0.64	0.66	0.64	0.65	93193
1983-08-05	0.65	0.65	0.64	0.64	95770
1983-08-08	0.63	0.64	0.63	0.64	106077
1983-08-09	0.64	0.64	0.63	0.63	210436
1983-08-10	0.63	0.64	0.63	0.64	207000
1983-08-11	0.64	0.64	0.64	0.64	202706
1983-08-12	0.64	0.64	0.63	0.64	103071
1983-08-15	0.65	0.65	0.64	0.64	127120
1983-08-16	0.64	0.65	0.64	0.65	98776
1983-08-17	0.66	0.66	0.64	0.64	182950
1983-08-18	0.66	0.67	0.64	0.66	127120
1983-08-19	0.66	0.67	0.66	0.66	107365
1983-08-22	0.66	0.67	0.66	0.66	157183
1983-08-23	0.66	0.67	0.66	0.66	121108
1983-08-24	0.66	0.67	0.66	0.66	186386
1983-08-25	0.66	0.66	0.65	0.66	993343
1983-08-26	0.66	0.66	0.63	0.66	105647
1983-08-29	0.66	0.66	0.65	0.66	193257
1983-08-30	0.65	0.66	0.65	0.66	121108
1983-08-31	0.65	0.66	0.65	0.65	470260
1983-09-01	0.65	0.65	0.65	0.65	188533
1983-09-02	0.63	0.63	0.63	0.63	143869
1983-09-06	0.63	0.64	0.63	0.63	124544
1983-09-07	0.63	0.63	0.63	0.63	133992
1983-09-08	0.64	0.64	0.63	0.63	122396
1983-09-09	0.64	0.64	0.63	0.64	879966
1983-09-12	0.64	0.66	0.64	0.64	190681
1983-09-13	0.64	0.65	0.64	0.64	195405
1983-09-14	0.64	0.65	0.64	0.64	127120
1983-09-15	0.64	0.65	0.64	0.64	127120
1983-09-16	0.64	0.64	0.63	0.64	149882
1983-09-19	0.64	0.64	0.63	0.64	350870
1983-09-20	0.66	0.66	0.64	0.64	283874
1983-09-21	0.66	0.66	0.65	0.66	166631
1983-09-22	0.66	0.66	0.65	0.66	120249
1983-09-23	0.66	0.66	0.66	0.66	1171140
1983-09-26	0.66	0.66	0.65	0.66	547563
1983-09-27	0.66	0.66	0.66	0.66	124544
1983-09-28	0.66	0.66	0.66	0.66	83745
1983-09-29	0.66	0.66	0.66	0.66	101782
1983-09-30	0.66	0.66	0.65	0.66	370625
1983-10-03	0.66	0.66	0.66	0.66	282585
1983-10-04	0.67	0.67	0.65	0.66	1522439
1983-10-05	0.67	0.68	0.67	0.67	332832
1983-10-06	0.68	0.68	0.67	0.67	285162
1983-10-07	0.68	0.68	0.67	0.68	199699
1983-10-10	0.68	0.69	0.67	0.68	480567
1983-10-11	0.67	0.68	0.67	0.68	182521
1983-10-12	0.67	0.67	0.66	0.67	155035
1983-10-13	0.67	0.67	0.66	0.67	155894
1983-10-14	0.67	0.67	0.66	0.67	1063346
1983-10-17	0.67	0.67	0.66	0.67	168778
1983-10-18	0.67	0.67	0.67	0.67	208289
1983-10-19	0.67	0.67	0.67	0.67	109942
1983-10-20	0.67	0.67	0.67	0.67	149023
1983-10-21	0.68	0.68	0.67	0.67	361177
1983-10-24	0.69	0.69	0.67	0.68	208718
1983-10-25	0.68	0.69	0.68	0.69	118531
1983-10-26	0.69	0.70	0.68	0.68	707752
1983-10-27	0.69	0.69	0.68	0.69	95770
1983-10-28	0.69	0.69	0.68	0.69	572472
1983-10-31	0.69	0.70	0.68	0.69	154606
1983-11-01	0.70	0.70	0.69	0.69	386944
1983-11-02	0.70	0.71	0.69	0.70	229332
1983-11-03	0.70	0.70	0.69	0.70	907022
1983-11-04	0.70	0.70	0.69	0.70	188533
1983-11-07	0.69	0.70	0.69	0.70	474554
1983-11-08	0.69	0.69	0.68	0.69	325531
1983-11-09	0.68	0.69	0.67	0.69	327249
1983-11-10	0.66	0.68	0.65	0.68	651063
1983-11-11	0.67	0.67	0.65	0.66	154606
1983-11-14	0.66	0.67	0.65	0.67	194546
1983-11-15	0.66	0.66	0.65	0.66	310500
1983-11-16	0.68	0.68	0.66	0.66	195405
1983-11-17	0.68	0.68	0.67	0.68	311789
1983-11-18	0.68	0.68	0.67	0.68	120679
1983-11-21	0.68	0.69	0.68	0.68	799656
1983-11-22	0.69	0.70	0.68	0.68	360318
1983-11-23	0.70	0.70	0.69	0.69	260683
1983-11-25	0.70	0.70	0.69	0.70	181662
1983-11-28	0.70	0.70	0.69	0.70	198411
1983-11-29	0.69	0.70	0.69	0.70	155465
1983-11-30	0.70	0.70	0.69	0.69	339274
1983-12-01	0.69	0.70	0.69	0.70	347863
1983-12-02	0.67	0.69	0.67	0.69	143440
1983-12-05	0.64	0.65	0.63	0.65	469401
1983-12-06	0.64	0.64	0.63	0.64	292892
1983-12-07	0.64	0.64	0.63	0.64	185527
1983-12-08	0.64	0.64	0.63	0.64	87610
1983-12-09	0.64	0.64	0.63	0.64	150741
1983-12-12	0.64	0.64	0.63	0.64	112948
1983-12-13	0.64	0.64	0.63	0.64	116384
1983-12-14	0.63	0.63	0.62	0.63	192399
1983-12-15	0.63	0.63	0.62	0.63	115096
1983-12-16	0.63	0.63	0.62	0.63	116813
1983-12-19	0.62	0.63	0.62	0.63	165772
1983-12-20	0.62	0.62	0.60	0.62	216878
1983-12-21	0.63	0.63	0.62	0.62	207859
1983-12-22	0.62	0.63	0.60	0.63	169637
1983-12-23	0.62	0.62	0.60	0.62	198411
1983-12-27	0.61	0.62	0.60	0.62	196693
1983-12-28	0.61	0.61	0.60	0.61	1324458
1983-12-29	0.58	0.61	0.58	0.61	175650
1983-12-30	0.59	0.60	0.58	0.58	307065
1984-01-03	0.58	0.59	0.57	0.59	359459
1984-01-04	0.59	0.59	0.57	0.58	1460167
1984-01-05	0.60	0.62	0.60	0.60	605970
1984-01-06	0.63	0.63	0.61	0.61	221602
1984-01-09	0.62	0.63	0.62	0.63	276143
1984-01-10	0.63	0.63	0.62	0.62	212583
1984-01-11	0.63	0.63	0.62	0.63	319948
1984-01-12	0.64	0.64	0.63	0.63	137428
1984-01-13	0.63	0.65	0.63	0.64	237492
1984-01-16	0.61	0.63	0.61	0.63	355594
1984-01-17	0.62	0.63	0.60	0.61	295040
1984-01-18	0.62	0.63	0.62	0.62	166631
1984-01-19	0.62	0.63	0.62	0.62	136569
1984-01-20	0.62	0.62	0.62	0.62	176079
1984-01-23	0.62	0.62	0.61	0.62	153318
1984-01-24	0.61	0.62	0.60	0.62	361606
1984-01-25	0.60	0.61	0.60	0.61	294181
1984-01-26	0.61	0.62	0.60	0.60	193687
1984-01-27	0.62	0.62	0.61	0.61	176508
1984-01-30	0.62	0.62	0.61	0.62	185957
1984-01-31	0.62	0.63	0.61	0.62	202706
1984-02-01	0.63	0.63	0.62	0.62	185098
1984-02-02	0.64	0.64	0.63	0.63	216878
1984-02-03	0.63	0.64	0.62	0.64	221172
1984-02-06	0.63	0.63	0.62	0.63	177797
1984-02-07	0.63	0.63	0.62	0.63	213013
1984-02-08	0.63	0.64	0.63	0.63	200988
1984-02-09	0.63	0.63	0.62	0.63	231909
1984-02-10	0.63	0.63	0.62	0.63	215589
1984-02-13	0.63	0.63	0.62	0.63	312218
1984-02-14	0.63	0.64	0.62	0.63	328108
1984-02-15	0.61	0.63	0.60	0.63	191110
1984-02-16	0.62	0.62	0.61	0.61	210436
1984-02-17	0.61	0.61	0.60	0.61	165342
1984-02-21	0.62	0.62	0.60	0.61	120249
1984-02-22	0.61	0.62	0.61	0.62	163625
1984-02-23	0.61	0.62	0.60	0.61	175220
1984-02-24	0.62	0.62	0.60	0.61	551857
1984-02-27	0.62	0.63	0.62	0.62	1108439
1984-02-28	0.62	0.63	0.62	0.62	334980
1984-02-29	0.62	0.63	0.62	0.62	237062
1984-03-01	0.62	0.63	0.62	0.62	130986
1984-03-02	0.63	0.63	0.62	0.62	586644
1984-03-05	0.62	0.62	0.61	0.62	203135
1984-03-06	0.61	0.62	0.61	0.62	168349
1984-03-07	0.61	0.62	0.61	0.61	121537
1984-03-08	0.61	0.62	0.61	0.61	161907
1984-03-09	0.60	0.61	0.60	0.61	161048
1984-03-12	0.60	0.60	0.60	0.60	163195
1984-03-13	0.61	0.62	0.60	0.60	233197
1984-03-14	0.61	0.61	0.60	0.61	146017
1984-03-15	0.61	0.62	0.60	0.61	116384
1984-03-16	0.61	0.62	0.60	0.61	769594
1984-03-19	0.60	0.61	0.60	0.61	146017
1984-03-20	0.60	0.60	0.59	0.60	183380
1984-03-21	0.59	0.60	0.58	0.60	2048100
1984-03-22	0.58	0.60	0.58	0.59	338415
1984-03-23	0.59	0.59	0.58	0.58	790638
1984-03-26	0.59	0.59	0.58	0.59	135280
1984-03-27	0.59	0.59	0.58	0.59	134851
1984-03-28	0.59	0.60	0.58	0.59	161477
1984-03-29	0.59	0.59	0.59	0.59	85463
1984-03-30	0.59	0.59	0.58	0.59	173502
1984-04-02	0.57	0.59	0.57	0.59	875671
1984-04-03	0.57	0.58	0.57	0.57	2086322
1984-04-04	0.57	0.57	0.57	0.57	258965
1984-04-05	0.57	0.58	0.57	0.57	274426
1984-04-06	0.57	0.57	0.56	0.57	228903
1984-04-09	0.57	0.57	0.56	0.57	293322
1984-04-10	0.57	0.57	0.57	0.57	206141
1984-04-11	0.58	0.58	0.57	0.57	204853
1984-04-12	0.58	0.59	0.58	0.58	216019
1984-04-13	0.60	0.60	0.58	0.58	111230
1984-04-16	0.60	0.60	0.59	0.60	278291
1984-04-17	0.61	0.62	0.60	0.60	188104
1984-04-18	0.61	0.62	0.61	0.61	216448
1984-04-19	0.61	0.61	0.60	0.61	118102
1984-04-23	0.59	0.60	0.59	0.60	174791
1984-04-24	0.59	0.59	0.58	0.59	272278
1984-04-25	0.59	0.59	0.58	0.59	255959
1984-04-26	0.59	0.60	0.59	0.59	202276
1984-04-27	0.60	0.60	0.59	0.59	380932
1984-04-30	0.60	0.60	0.59	0.60	217307
1984-05-01	0.59	0.60	0.59	0.60	226755
1984-05-02	0.60	0.60	0.59	0.59	174361
1984-05-03	0.61	0.62	0.60	0.60	305776
1984-05-04	0.61	0.62	0.61	0.61	149023
1984-05-07	0.61	0.62	0.61	0.61	203565
1984-05-08	0.62	0.62	0.61	0.61	401546
1984-05-09	0.63	0.63	0.61	0.62	773889
1984-05-10	0.64	0.64	0.63	0.63	528667
1984-05-11	0.64	0.64	0.64	0.64	566459
1984-05-14	0.64	0.64	0.64	0.64	155465
1984-05-15	0.64	0.65	0.64	0.64	267984
1984-05-16	0.65	0.65	0.64	0.64	206141
1984-05-17	0.64	0.65	0.64	0.65	707322
1984-05-18	0.64	0.65	0.64	0.64	102212
1984-05-21	0.65	0.65	0.64	0.64	1387159
1984-05-22	0.64	0.65	0.64	0.65	297616
1984-05-23	0.64	0.64	0.64	0.64	1036719
1984-05-24	0.63	0.64	0.62	0.64	176938
1984-05-25	0.62	0.62	0.61	0.62	727078
1984-05-29	0.62	0.63	0.62	0.62	127550
1984-05-30	0.62	0.62	0.61	0.62	119820
1984-05-31	0.63	0.63	0.62	0.62	1101997
1984-06-01	0.63	0.63	0.62	0.63	236204
1984-06-04	0.62	0.62	0.61	0.62	375778
1984-06-05	0.61	0.62	0.61	0.62	132703
1984-06-06	0.62	0.62	0.61	0.61	94052
1984-06-07	0.61	0.62	0.60	0.62	79450
1984-06-08	0.61	0.62	0.61	0.61	121108
1984-06-11	0.60	0.62	0.60	0.61	106506
1984-06-12	0.60	0.60	0.59	0.60	386515
1984-06-13	0.60	0.62	0.60	0.60	125832
1984-06-14	0.60	0.61	0.60	0.60	73008
1984-06-15	0.60	0.61	0.60	0.60	182091
1984-06-18	0.60	0.61	0.60	0.60	106077
1984-06-19	0.60	0.61	0.60	0.60	121108
1984-06-20	0.61	0.61	0.60	0.60	249517
1984-06-21	0.61	0.64	0.61	0.61	124544
1984-06-22	0.61	0.62	0.61	0.61	127979
1984-06-25	0.62	0.62	0.61	0.61	115525
1984-06-26	0.62	0.62	0.61	0.62	201847
1984-06-27	0.62	0.62	0.61	0.62	143440
1984-06-28	0.61	0.62	0.61	0.62	81168
1984-06-29	0.62	0.62	0.61	0.61	214301
1984-07-02	0.61	0.62	0.61	0.62	219025
1984-07-03	0.61	0.62	0.61	0.61	852480
1984-07-05	0.61	0.61	0.61	0.61	97058
1984-07-06	0.61	0.62	0.61	0.61	139575
1984-07-09	0.61	0.62	0.61	0.61	317372
1984-07-10	0.61	0.61	0.60	0.61	404552
1984-07-11	0.61	0.61	0.60	0.61	359888
1984-07-12	0.61	0.61	0.61	0.61	117672
1984-07-13	0.61	0.61	0.60	0.61	160618
1984-07-16	0.62	0.62	0.61	0.61	191540
1984-07-17	0.61	0.62	0.61	0.62	89328
1984-07-18	0.62	0.62	0.61	0.61	210006
1984-07-19	0.61	0.62	0.61	0.62	102641
1984-07-20	0.63	0.63	0.61	0.61	219455
1984-07-23	0.61	0.62	0.61	0.62	175220
1984-07-24	0.62	0.62	0.61	0.61	170925
1984-07-25	0.63	0.63	0.61	0.62	794932
1984-07-26	0.64	0.64	0.63	0.63	220314
1984-07-27	0.64	0.65	0.62	0.64	183809
1984-07-30	0.64	0.64	0.63	0.64	190251
1984-07-31	0.64	0.64	0.63	0.64	207859
1984-08-01	0.64	0.65	0.64	0.64	176938
1984-08-02	0.64	0.66	0.64	0.64	183380
1984-08-03	0.65	0.66	0.64	0.64	223749
1984-08-06	0.65	0.67	0.65	0.65	430749
1984-08-07	0.66	0.66	0.65	0.65	178226
1984-08-08	0.66	0.66	0.65	0.66	185098
1984-08-09	0.66	0.66	0.65	0.66	116384
1984-08-10	0.66	0.66	0.65	0.66	159330
1984-08-13	0.66	0.66	0.65	0.66	96629
1984-08-14	0.66	0.66	0.65	0.66	73438
1984-08-15	0.65	0.66	0.65	0.66	138286
1984-08-16	0.65	0.66	0.65	0.65	67855
1984-08-17	0.65	0.65	0.65	0.65	78162
1984-08-20	0.65	0.66	0.65	0.65	112089
1984-08-21	0.65	0.66	0.65	0.65	190681
1984-08-22	0.65	0.66	0.65	0.65	107365
1984-08-23	0.65	0.66	0.65	0.65	561306
1984-08-24	0.65	0.65	0.65	0.65	171784
1984-08-27	0.64	0.65	0.64	0.65	190681
1984-08-28	0.65	0.66	0.65	0.65	433756
1984-08-29	0.65	0.66	0.65	0.65	61413
1984-08-30	0.66	0.66	0.65	0.65	195405
1984-08-31	0.66	0.66	0.66	0.66	369336
1984-09-04	0.64	0.64	0.64	0.64	149882
1984-09-05	0.64	0.64	0.64	0.64	156753
1984-09-06	0.65	0.65	0.64	0.64	195405
1984-09-07	0.65	0.66	0.64	0.65	231050
1984-09-10	0.65	0.66	0.65	0.65	485291
1984-09-11	0.65	0.66	0.65	0.65	202276
1984-09-12	0.65	0.65	0.65	0.65	404552
1984-09-13	0.64	0.65	0.64	0.65	343139
1984-09-14	0.65	0.66	0.65	0.65	522654
1984-09-17	0.65	0.66	0.65	0.65	134421
1984-09-18	0.65	0.66	0.65	0.65	1926562
1984-09-19	0.65	0.66	0.65	0.65	287739
1984-09-20	0.67	0.67	0.65	0.65	270560
1984-09-21	0.66	0.67	0.66	0.67	223320
1984-09-24	0.66	0.66	0.66	0.66	171784
1984-09-25	0.66	0.66	0.66	0.66	123685
1984-09-26	0.67	0.67	0.66	0.66	170925
1984-09-27	0.68	0.68	0.67	0.67	279150
1984-09-28	0.68	0.69	0.68	0.68	280868
1984-10-01	0.67	0.68	0.67	0.68	305776
1984-10-02	0.67	0.68	0.67	0.67	1160404
1984-10-03	0.67	0.68	0.67	0.67	407988
1984-10-04	0.67	0.68	0.67	0.67	193687
1984-10-05	0.67	0.68	0.67	0.67	215160
1984-10-08	0.67	0.67	0.66	0.67	247370
1984-10-09	0.68	0.68	0.67	0.67	486150
1984-10-10	0.68	0.68	0.67	0.68	115096
1984-10-11	0.69	0.69	0.68	0.68	997638
1984-10-12	0.70	0.70	0.69	0.69	534250
1984-10-15	0.70	0.71	0.70	0.70	490015
1984-10-16	0.69	0.70	0.69	0.70	375349
1984-10-17	0.71	0.71	0.69	0.69	895856
1984-10-18	0.72	0.72	0.70	0.71	845609
1984-10-19	0.71	0.73	0.71	0.72	896715
1984-10-22	0.70	0.71	0.70	0.71	302770
1984-10-23	0.71	0.71	0.70	0.70	1560661
1984-10-24	0.71	0.71	0.71	0.71	222031
1984-10-25	0.71	0.71	0.71	0.71	345716
1984-10-26	0.70	0.71	0.70	0.71	586214
1984-10-29	0.69	0.70	0.69	0.70	260683
1984-10-30	0.69	0.70	0.69	0.69	296758
1984-10-31	0.69	0.70	0.69	0.69	143869
1984-11-01	0.70	0.71	0.69	0.69	328967
1984-11-02	0.70	0.71	0.70	0.70	211295
1984-11-05	0.70	0.71	0.70	0.70	182521
1984-11-06	0.71	0.71	0.71	0.71	241357
1984-11-07	0.71	0.71	0.71	0.71	124973
1984-11-08	0.71	0.71	0.70	0.71	214301
1984-11-09	0.71	0.71	0.71	0.71	199699
1984-11-12	0.71	0.71	0.71	0.71	264548
1984-11-13	0.71	0.71	0.70	0.71	118102
1984-11-14	0.69	0.71	0.69	0.71	209148
1984-11-15	0.70	0.71	0.69	0.69	261112
1984-11-16	0.70	0.70	0.70	0.70	130127
1984-11-19	0.69	0.70	0.69	0.70	100494
1984-11-20	0.70	0.70	0.69	0.69	324243
1984-11-21	0.69	0.70	0.69	0.70	210006
1984-11-23	0.71	0.71	0.70	0.70	278720
1984-11-26	0.72	0.72	0.71	0.71	164054
1984-11-27	0.73	0.73	0.71	0.72	753275
1984-11-28	0.72	0.73	0.72	0.73	404123
1984-11-29	0.72	0.73	0.72	0.72	177367
1984-11-30	0.73	0.73	0.72	0.72	251664
1984-12-03	0.73	0.73	0.73	0.73	758858
1984-12-04	0.71	0.72	0.71	0.72	544127
1984-12-05	0.71	0.72	0.71	0.71	380502
1984-12-06	0.71	0.72	0.71	0.71	320807
1984-12-07	0.71	0.71	0.69	0.71	170925
1984-12-10	0.71	0.72	0.71	0.71	169208
1984-12-11	0.71	0.71	0.71	0.71	536397
1984-12-12	0.71	0.71	0.71	0.71	186386
1984-12-13	0.71	0.71	0.71	0.71	130556
1984-12-14	0.71	0.71	0.71	0.71	303199
1984-12-17	0.72	0.72	0.71	0.71	225467
1984-12-18	0.73	0.73	0.72	0.72	305347
1984-12-19	0.73	0.74	0.73	0.73	389521
1984-12-20	0.73	0.74	0.73	0.73	632596
1984-12-21	0.73	0.73	0.73	0.73	360318
1984-12-24	0.73	0.73	0.72	0.73	97058
1984-12-26	0.73	0.73	0.73	0.73	144728
1984-12-27	0.73	0.73	0.73	0.73	172643
1984-12-28	0.73	0.73	0.73	0.73	107365
1984-12-31	0.72	0.73	0.72	0.73	152029
1985-01-02	0.73	0.73	0.72	0.72	281297
1985-01-03	0.73	0.73	0.72	0.73	238780
1985-01-04	0.72	0.73	0.72	0.73	171355
1985-01-07	0.72	0.72	0.72	0.72	316083
1985-01-08	0.72	0.72	0.72	0.72	847756
1985-01-09	0.72	0.73	0.72	0.72	185957
1985-01-10	0.72	0.72	0.72	0.72	178226
1985-01-11	0.73	0.73	0.72	0.72	555293
1985-01-14	0.72	0.72	0.72	0.72	455229
1985-01-15	0.72	0.73	0.72	0.72	1463174
1985-01-16	0.72	0.72	0.72	0.72	310071
1985-01-17	0.72	0.73	0.72	0.72	188104
1985-01-18	0.72	0.73	0.72	0.72	221602
1985-01-21	0.73	0.73	0.72	0.72	299764
1985-01-22	0.72	0.73	0.72	0.73	437191
1985-01-23	0.73	0.73	0.72	0.72	249517
1985-01-24	0.73	0.73	0.72	0.73	309212
1985-01-25	0.73	0.73	0.72	0.73	336268
1985-01-28	0.73	0.73	0.73	0.73	136998
1985-01-29	0.72	0.73	0.72	0.73	202276
1985-01-30	0.72	0.73	0.72	0.72	1691647
1985-01-31	0.72	0.72	0.72	0.72	1039725
1985-02-01	0.72	0.72	0.71	0.72	126691
1985-02-04	0.72	0.72	0.71	0.72	113378
1985-02-05	0.72	0.72	0.71	0.72	349152
1985-02-06	0.71	0.72	0.71	0.72	533391
1985-02-07	0.72	0.72	0.71	0.71	347005
1985-02-08	0.72	0.72	0.71	0.72	331114
1985-02-11	0.71	0.72	0.70	0.72	758428
1985-02-12	0.71	0.71	0.71	0.71	827142
1985-02-13	0.71	0.71	0.70	0.71	168349
1985-02-14	0.70	0.71	0.70	0.71	332832
1985-02-15	0.71	0.71	0.69	0.70	1089972
1985-02-19	0.71	0.71	0.70	0.71	182521
1985-02-20	0.71	0.71	0.70	0.71	1085248
1985-02-21	0.71	0.71	0.70	0.71	412283
1985-02-22	0.71	0.71	0.71	0.71	606399
1985-02-25	0.71	0.71	0.71	0.71	315224
1985-02-26	0.72	0.72	0.71	0.71	400687
1985-02-27	0.72	0.72	0.71	0.72	247370
1985-02-28	0.73	0.73	0.72	0.72	1309427
1985-03-01	0.73	0.73	0.73	0.73	412283
1985-03-04	0.71	0.72	0.71	0.72	343569
1985-03-05	0.71	0.72	0.71	0.71	1825209
1985-03-06	0.73	0.73	0.72	0.72	1358385
1985-03-07	0.73	0.73	0.73	0.73	1268198
1985-03-08	0.73	0.73	0.73	0.73	1189178
1985-03-11	0.73	0.73	0.73	0.73	295899
1985-03-12	0.73	0.73	0.73	0.73	230621
1985-03-13	0.73	0.73	0.73	0.73	127550
1985-03-14	0.73	0.73	0.73	0.73	166631
1985-03-15	0.73	0.74	0.73	0.73	188963
1985-03-18	0.73	0.74	0.73	0.73	392527
1985-03-19	0.73	0.73	0.73	0.73	724071
1985-03-20	0.74	0.74	0.73	0.73	553575
1985-03-21	0.74	0.74	0.74	0.74	221172
1985-03-22	0.75	0.75	0.75	0.75	526519
1985-03-25	0.75	0.76	0.75	0.75	617135
1985-03-26	0.76	0.76	0.75	0.75	576766
1985-03-27	0.76	0.77	0.76	0.76	231479
1985-03-28	0.76	0.77	0.76	0.76	297187
1985-03-29	0.79	0.79	0.76	0.76	421301
1985-04-01	0.78	0.79	0.78	0.79	511059
1985-04-02	0.79	0.80	0.78	0.78	474125
1985-04-03	0.79	0.79	0.78	0.79	289027
1985-04-04	0.73	0.79	0.73	0.79	1729869
1985-04-08	0.71	0.72	0.71	0.72	4659652
1985-04-09	0.72	0.72	0.71	0.71	2293751
1985-04-10	0.74	0.74	0.72	0.72	1964784
1985-04-11	0.74	0.74	0.74	0.74	1061628
1985-04-12	0.73	0.75	0.72	0.74	1269057
1985-04-15	0.73	0.73	0.73	0.73	575048
1985-04-16	0.72	0.74	0.72	0.73	741250
1985-04-17	0.72	0.73	0.72	0.72	1139790
1985-04-18	0.72	0.72	0.71	0.72	1378999
1985-04-19	0.72	0.72	0.71	0.72	466395
1985-04-22	0.71	0.72	0.71	0.71	505905
1985-04-23	0.72	0.72	0.71	0.71	404552
1985-04-24	0.72	0.72	0.71	0.72	317372
1985-04-25	0.71	0.72	0.71	0.72	697445
1985-04-26	0.70	0.71	0.69	0.69	1497960
1985-04-29	0.69	0.70	0.69	0.69	551428
1985-04-30	0.69	0.70	0.69	0.69	738244
1985-05-01	0.69	0.70	0.69	0.69	421301
1985-05-02	0.70	0.70	0.69	0.70	482714
1985-05-03	0.71	0.71	0.69	0.71	366330
1985-05-06	0.72	0.73	0.70	0.70	653640
1985-05-07	0.73	0.73	0.72	0.72	487868
1985-05-08	0.73	0.73	0.72	0.73	146446
1985-05-09	0.73	0.73	0.72	0.72	451364
1985-05-10	0.74	0.75	0.72	0.73	288168
1985-05-13	0.73	0.74	0.73	0.74	294181
1985-05-14	0.74	0.74	0.74	0.74	203565
1985-05-15	0.74	0.74	0.73	0.74	639038
1985-05-16	0.74	0.74	0.73	0.74	311359
1985-05-17	0.74	0.74	0.73	0.73	529096
1985-05-20	0.76	0.76	0.75	0.75	630019
1985-05-21	0.76	0.77	0.75	0.76	614559
1985-05-22	0.74	0.75	0.74	0.74	444063
1985-05-23	0.74	0.74	0.73	0.74	273567
1985-05-24	0.74	0.75	0.73	0.73	200558
1985-05-28	0.76	0.76	0.74	0.74	206571
1985-05-29	0.76	0.76	0.75	0.75	302770
1985-05-30	0.76	0.76	0.76	0.76	194975
1985-05-31	0.77	0.77	0.76	0.76	3565385
1985-06-03	0.77	0.78	0.77	0.78	4337556
1985-06-04	0.77	0.77	0.76	0.77	455229
1985-06-05	0.77	0.79	0.77	0.77	646339
1985-06-06	0.78	0.78	0.77	0.77	880825
1985-06-07	0.78	0.78	0.78	0.78	520077
1985-06-10	0.78	0.79	0.78	0.78	573760
1985-06-11	0.78	0.79	0.78	0.78	474984
1985-06-12	0.79	0.79	0.78	0.78	723642
1985-06-13	0.77	0.79	0.77	0.78	457376
1985-06-14	0.78	0.78	0.77	0.77	278720
1985-06-17	0.79	0.79	0.78	0.78	447069
1985-06-18	0.79	0.79	0.78	0.78	516642
1985-06-19	0.79	0.79	0.79	0.79	348722
1985-06-20	0.79	0.79	0.79	0.79	406700
1985-06-21	0.78	0.78	0.78	0.78	241787
1985-06-24	0.79	0.79	0.78	0.78	274855
1985-06-25	0.80	0.80	0.79	0.79	740820
1985-06-26	0.80	0.80	0.79	0.80	633026
1985-06-27	0.79	0.80	0.79	0.80	700021
1985-06-28	0.79	0.80	0.79	0.79	152029
1985-07-01	0.79	0.79	0.78	0.79	237492
1985-07-02	0.78	0.79	0.77	0.78	393386
1985-07-03	0.78	0.78	0.77	0.78	271849
1985-07-05	0.78	0.79	0.78	0.78	606399
1985-07-08	0.79	0.79	0.78	0.78	266266
1985-07-09	0.80	0.80	0.79	0.79	373202
1985-07-10	0.80	0.80	0.79	0.79	309641
1985-07-11	0.80	0.80	0.79	0.80	329826
1985-07-12	0.81	0.81	0.80	0.80	287739
1985-07-15	0.81	0.81	0.80	0.81	386944
1985-07-16	0.82	0.82	0.80	0.82	307494
1985-07-17	0.82	0.82	0.81	0.82	790208
1985-07-18	0.81	0.82	0.81	0.81	896285
1985-07-19	0.82	0.82	0.81	0.82	875242
1985-07-22	0.79	0.82	0.79	0.81	535108
1985-07-23	0.77	0.79	0.77	0.79	385227
1985-07-24	0.76	0.77	0.74	0.76	904445
1985-07-25	0.76	0.77	0.76	0.77	225896
1985-07-26	0.76	0.76	0.76	0.76	429890
1985-07-29	0.73	0.76	0.72	0.73	469830
1985-07-30	0.74	0.75	0.74	0.74	420013
1985-07-31	0.74	0.75	0.74	0.74	283874
1985-08-01	0.74	0.75	0.74	0.75	501610
1985-08-02	0.74	0.74	0.74	0.74	207430
1985-08-05	0.73	0.74	0.73	0.74	239210
1985-08-06	0.73	0.73	0.72	0.72	164054
1985-08-07	0.73	0.73	0.72	0.73	562164
1985-08-08	0.74	0.74	0.72	0.74	242645
1985-08-09	0.74	0.74	0.73	0.74	191110
1985-08-12	0.74	0.74	0.73	0.74	167919
1985-08-13	0.74	0.74	0.74	0.74	378785
1985-08-14	0.75	0.75	0.74	0.74	220743
1985-08-15	0.75	0.76	0.75	0.75	107795
1985-08-16	0.75	0.76	0.75	0.76	209148
1985-08-19	0.77	0.77	0.75	0.77	186386
1985-08-20	0.76	0.77	0.76	0.76	166631
1985-08-21	0.77	0.77	0.76	0.76	775607
1985-08-22	0.77	0.77	0.77	0.77	127550
1985-08-23	0.76	0.77	0.76	0.76	144299
1985-08-26	0.77	0.77	0.76	0.77	194116
1985-08-27	0.77	0.77	0.76	0.76	190681
1985-08-28	0.77	0.77	0.76	0.77	96199
1985-08-29	0.77	0.77	0.77	0.77	642044
1985-08-30	0.77	0.77	0.77	0.77	130556
1985-09-03	0.77	0.78	0.76	0.77	1843676
1985-09-04	0.77	0.78	0.77	0.77	586214
1985-09-05	0.78	0.79	0.77	0.78	445351
1985-09-06	0.78	0.78	0.77	0.77	247370
1985-09-09	0.77	0.77	0.76	0.77	256388
1985-09-10	0.75	0.77	0.75	0.76	173073
1985-09-11	0.74	0.76	0.74	0.76	230621
1985-09-12	0.73	0.74	0.73	0.74	617135
1985-09-13	0.72	0.73	0.71	0.72	226755
1985-09-16	0.73	0.73	0.72	0.72	331544
1985-09-17	0.73	0.73	0.73	0.73	266695
1985-09-18	0.73	0.74	0.73	0.73	232768
1985-09-19	0.74	0.74	0.72	0.74	396822
1985-09-20	0.74	0.74	0.73	0.74	315654
1985-09-23	0.75	0.75	0.74	0.74	327249
1985-09-24	0.74	0.75	0.74	0.75	390380
1985-09-25	0.73	0.74	0.73	0.74	192399
1985-09-26	0.73	0.74	0.73	0.73	289027
1985-09-30	0.74	0.74	0.73	0.73	234056
1985-10-01	0.74	0.74	0.73	0.74	246511
1985-10-02	0.74	0.75	0.74	0.74	121537
1985-10-03	0.74	0.75	0.74	0.74	231479
1985-10-04	0.74	0.74	0.73	0.74	335839
1985-10-07	0.74	0.74	0.73	0.73	292892
1985-10-08	0.73	0.74	0.72	0.74	358600
1985-10-09	0.73	0.73	0.72	0.72	138286
1985-10-10	0.73	0.74	0.73	0.73	127979
1985-10-11	0.73	0.74	0.73	0.73	413142
1985-10-14	0.74	0.74	0.73	0.74	256388
1985-10-15	0.75	0.75	0.74	0.74	408847
1985-10-16	0.75	0.76	0.74	0.74	196693
1985-10-17	0.76	0.76	0.75	0.76	677689
1985-10-18	0.76	0.77	0.75	0.75	285592
1985-10-21	0.78	0.78	0.76	0.76	592227
1985-10-22	0.78	0.78	0.77	0.77	607258
1985-10-23	0.78	0.79	0.77	0.78	194546
1985-10-24	0.78	0.78	0.77	0.78	298046
1985-10-25	0.78	0.78	0.77	0.77	417866
1985-10-28	0.77	0.78	0.77	0.77	756281
1985-10-29	0.77	0.78	0.77	0.77	347005
1985-10-30	0.78	0.79	0.78	0.78	1062916
1985-10-31	0.79	0.79	0.78	0.78	490874
1985-11-01	0.78	0.78	0.77	0.78	638179
1985-11-04	0.78	0.79	0.78	0.78	377067
1985-11-05	0.79	0.79	0.78	0.78	256388
1985-11-06	0.78	0.79	0.78	0.78	243075
1985-11-07	0.79	0.79	0.78	0.78	909598
1985-11-08	0.80	0.80	0.78	0.78	1019540
1985-11-11	0.81	0.81	0.81	0.81	271849
1985-11-12	0.81	0.82	0.81	0.82	419583
1985-11-13	0.81	0.82	0.81	0.81	498175
1985-11-14	0.82	0.82	0.81	0.81	329826
1985-11-15	0.83	0.83	0.82	0.82	360747
1985-11-18	0.83	0.83	0.82	0.83	469401
1985-11-19	0.84	0.84	0.82	0.83	389951
1985-11-20	0.84	0.84	0.83	0.83	511488
1985-11-21	0.84	0.84	0.83	0.84	724501
1985-11-22	0.84	0.84	0.84	0.84	250805
1985-11-25	0.83	0.84	0.83	0.84	197982
1985-11-26	0.83	0.83	0.82	0.82	371054
1985-11-27	0.82	0.83	0.82	0.82	403264
1985-11-29	0.82	0.82	0.82	0.82	88898
1985-12-02	0.82	0.82	0.81	0.82	155465
1985-12-03	0.82	0.82	0.81	0.82	13682628
1985-12-04	0.82	0.82	0.81	0.82	1543912
1985-12-05	0.82	0.83	0.82	0.82	576766
1985-12-06	0.83	0.83	0.82	0.82	306206
1985-12-09	0.82	0.84	0.82	0.82	286451
1985-12-10	0.83	0.83	0.82	0.82	243504
1985-12-11	0.83	0.84	0.82	0.82	569465
1985-12-12	0.84	0.84	0.83	0.83	927636
1985-12-13	0.85	0.85	0.84	0.84	471978
1985-12-16	0.87	0.87	0.85	0.85	627872
1985-12-17	0.89	0.90	0.87	0.87	1038007
1985-12-18	0.89	0.90	0.88	0.89	372772
1985-12-19	0.89	0.90	0.88	0.89	419583
1985-12-20	0.90	0.90	0.88	0.89	727078
1985-12-23	0.89	0.89	0.88	0.89	238780
1985-12-24	0.89	0.89	0.88	0.88	541121
1985-12-26	0.88	0.89	0.88	0.89	197982
1985-12-27	0.89	0.90	0.88	0.88	280009
1985-12-30	0.89	0.89	0.89	0.89	349581
1985-12-31	0.89	0.89	0.89	0.89	239639
1986-01-02	0.89	0.89	0.89	0.89	256818
1986-01-03	0.89	0.90	0.89	0.89	206141
1986-01-06	0.89	0.90	0.89	0.89	359888
1986-01-07	0.91	0.91	0.89	0.89	951686
1986-01-08	0.91	0.92	0.91	0.91	1108009
1986-01-09	0.90	0.91	0.89	0.91	1435688
1986-01-10	0.90	0.90	0.89	0.90	400258
1986-01-13	0.88	0.89	0.87	0.89	386944
1986-01-14	0.88	0.88	0.87	0.88	420013
1986-01-15	0.88	0.88	0.87	0.88	274855
1986-01-16	0.88	0.88	0.87	0.88	436762
1986-01-17	0.88	0.88	0.87	0.88	274855
1986-01-20	0.87	0.88	0.86	0.88	200558
1986-01-21	0.88	0.88	0.86	0.87	432467
1986-01-22	0.88	0.88	0.87	0.87	277002
1986-01-23	0.89	0.89	0.87	0.88	235774
1986-01-24	0.89	0.90	0.88	0.88	357741
1986-01-27	0.90	0.90	0.89	0.89	788061
1986-01-28	0.90	0.91	0.89	0.89	289886
1986-01-29	0.90	0.91	0.90	0.91	226326
1986-01-30	0.89	0.90	0.89	0.90	225467
1986-01-31	0.90	0.90	0.89	0.89	402405
1986-02-03	0.89	0.90	0.89	0.90	190251
1986-02-04	0.89	0.91	0.89	0.89	244793
1986-02-05	0.90	0.91	0.89	0.89	653640
1986-02-06	0.92	0.92	0.90	0.90	263689
1986-02-07	0.92	0.92	0.91	0.91	306206
1986-02-10	0.92	0.92	0.91	0.92	253382
1986-02-11	0.93	0.94	0.92	0.92	322525
1986-02-12	0.94	0.94	0.93	0.93	421301
1986-02-13	0.95	0.95	0.93	0.93	1016964
1986-02-14	0.96	0.96	0.94	0.95	667382
1986-02-18	1.02	1.02	0.95	0.95	1151385
1986-02-19	1.02	1.02	1.01	1.01	1055186
1986-02-20	1.01	1.02	1.00	1.01	770883
1986-02-21	1.02	1.02	1.02	1.02	565600
1986-02-24	1.02	1.02	1.01	1.02	621001
1986-02-25	1.02	1.02	1.01	1.02	392098
1986-02-26	1.02	1.03	1.02	1.02	943096
1986-02-27	1.02	1.03	1.02	1.02	417007
1986-02-28	1.02	1.03	1.01	1.01	280009
1986-03-03	1.02	1.02	1.02	1.02	3336912
1986-03-04	1.03	1.04	1.00	1.03	4005154
1986-03-05	1.02	1.03	1.02	1.03	234056
1986-03-06	1.01	1.02	1.01	1.01	902727
1986-03-07	1.01	1.02	1.00	1.01	806528
1986-03-10	1.02	1.02	1.01	1.01	375349
1986-03-11	1.03	1.03	1.01	1.01	374919
1986-03-12	1.04	1.05	1.03	1.03	459094
1986-03-13	1.03	1.04	1.03	1.04	386515
1986-03-14	1.03	1.03	1.02	1.03	338845
1986-03-17	1.01	1.03	1.00	1.02	494310
1986-03-18	1.00	1.01	1.00	1.01	574189
1986-03-19	1.01	1.01	1.00	1.00	313507
1986-03-20	1.01	1.01	1.00	1.01	437621
1986-03-21	1.01	1.02	1.00	1.01	316942
1986-03-24	0.99	1.01	0.98	1.01	407988
1986-03-25	0.99	0.99	0.98	0.99	226326
1986-03-26	0.99	1.00	0.98	0.99	259394
1986-03-27	0.99	1.00	0.99	0.99	234056
1986-03-31	1.00	1.00	0.99	0.99	641615
1986-04-01	1.00	1.02	0.99	1.01	469830
1986-04-02	1.00	1.00	0.99	1.00	234486
1986-04-03	1.00	1.00	0.99	0.99	395104
1986-04-04	1.00	1.01	1.00	1.01	603822
1986-04-07	1.00	1.01	0.99	1.00	237492
1986-04-08	1.01	1.02	1.00	1.00	419583
1986-04-09	1.02	1.02	1.01	1.02	317801
1986-04-10	1.02	1.03	1.01	1.01	189392
1986-04-11	1.04	1.04	1.02	1.02	390380
1986-04-14	1.03	1.04	1.03	1.04	202706
1986-04-15	1.03	1.03	1.02	1.03	179515
1986-04-16	1.05	1.05	1.03	1.03	463388
1986-04-17	1.04	1.05	1.04	1.05	169637
1986-04-18	1.04	1.05	1.04	1.04	230621
1986-04-21	1.05	1.05	1.04	1.04	274426
1986-04-22	1.04	1.05	1.04	1.05	840026
1986-04-23	1.02	1.04	1.02	1.04	474125
1986-04-24	1.02	1.02	1.01	1.02	258536
1986-04-25	1.01	1.02	1.01	1.02	585355
1986-04-28	1.02	1.02	1.01	1.02	264119
1986-04-29	1.01	1.02	1.00	1.01	561306
1986-04-30	0.99	1.00	0.99	0.99	1415074
1986-05-01	0.99	0.99	0.98	0.99	423449
1986-05-02	0.99	1.00	0.99	0.99	636032
1986-05-05	1.01	1.01	0.99	0.99	377496
1986-05-06	1.02	1.02	1.01	1.01	328108
1986-05-07	1.01	1.02	1.00	1.01	252953
1986-05-08	1.02	1.02	1.01	1.01	221172
1986-05-09	1.01	1.01	1.01	1.01	260253
1986-05-12	1.02	1.02	1.01	1.01	731372
1986-05-13	1.01	1.02	1.01	1.01	191110
1986-05-14	1.01	1.01	1.01	1.01	127120
1986-05-15	1.01	1.02	1.01	1.01	1367404
1986-05-16	1.01	1.02	1.00	1.01	2024050
1986-05-19	1.01	1.01	1.01	1.01	147735
1986-05-20	1.01	1.01	1.01	1.01	213872
1986-05-21	1.02	1.02	1.01	1.01	249946
1986-05-22	1.02	1.03	1.02	1.02	859352
1986-05-23	1.03	1.03	1.02	1.02	320378
1986-05-27	1.04	1.05	1.03	1.03	1341636
1986-05-28	1.04	1.05	1.03	1.03	342280
1986-05-29	1.05	1.06	1.04	1.04	977883
1986-05-30	1.06	1.06	1.05	1.05	250376
1986-06-02	1.06	1.07	1.06	1.06	291604
1986-06-03	1.07	1.07	1.06	1.06	2829719
1986-06-04	1.07	1.07	1.06	1.07	606828
1986-06-05	1.07	1.07	1.06	1.06	2594804
1986-06-06	1.06	1.07	1.06	1.06	182091
1986-06-09	1.05	1.06	1.04	1.05	407129
1986-06-10	1.03	1.04	1.03	1.04	201417
1986-06-11	1.03	1.03	1.03	1.03	1735452
1986-06-12	1.03	1.03	1.03	1.03	94052
1986-06-13	1.03	1.04	1.03	1.03	182521
1986-06-16	1.04	1.04	1.03	1.03	571613
1986-06-17	1.05	1.05	1.04	1.04	215589
1986-06-18	1.04	1.05	1.04	1.05	98347
1986-06-19	1.04	1.05	1.04	1.04	535538
1986-06-20	1.04	1.04	1.03	1.04	458664
1986-06-23	1.05	1.05	1.04	1.04	662658
1986-06-24	1.06	1.06	1.04	1.05	281726
1986-06-25	1.07	1.07	1.05	1.05	867082
1986-06-26	1.07	1.08	1.06	1.07	1289242
1986-06-27	1.08	1.08	1.07	1.07	1304273
1986-06-30	1.09	1.09	1.08	1.08	1276788
1986-07-01	1.09	1.09	1.08	1.09	326390
1986-07-02	1.09	1.09	1.08	1.09	161477
1986-07-03	1.09	1.10	1.08	1.09	292463
1986-07-07	1.09	1.09	1.08	1.09	218596
1986-07-08	1.09	1.09	1.07	1.08	470689
1986-07-09	1.09	1.09	1.08	1.08	441056
1986-07-10	1.09	1.09	1.09	1.09	180374
1986-07-11	1.11	1.11	1.09	1.10	152888
1986-07-14	1.13	1.13	1.11	1.11	383079
1986-07-15	1.15	1.16	1.13	1.14	457376
1986-07-16	1.19	1.19	1.15	1.15	2152459
1986-07-17	1.17	1.19	1.17	1.19	890702
1986-07-18	1.15	1.17	1.15	1.17	313936
1986-07-21	1.18	1.18	1.15	1.15	401117
1986-07-22	1.19	1.19	1.17	1.18	1675757
1986-07-23	1.20	1.20	1.19	1.19	875671
1986-07-24	1.24	1.24	1.19	1.20	722783
1986-07-25	1.25	1.25	1.23	1.24	510629
1986-07-28	1.24	1.26	1.24	1.25	602534
1986-07-29	1.22	1.24	1.20	1.23	790208
1986-07-30	1.22	1.22	1.21	1.21	344428
1986-07-31	1.24	1.24	1.22	1.22	426025
1986-08-01	1.22	1.23	1.22	1.23	239210
1986-08-04	1.23	1.24	1.22	1.23	800515
1986-08-05	1.24	1.24	1.23	1.23	409276
1986-08-06	1.22	1.24	1.22	1.24	1306850
1986-08-07	1.23	1.23	1.22	1.22	860640
1986-08-08	1.24	1.24	1.22	1.22	244793
1986-08-11	1.28	1.29	1.25	1.25	418295
1986-08-12	1.28	1.28	1.27	1.28	330256
1986-08-13	1.30	1.30	1.27	1.28	614559
1986-08-14	1.31	1.31	1.30	1.30	710758
1986-08-15	1.32	1.33	1.31	1.32	547133
1986-08-18	1.33	1.34	1.32	1.32	407988
1986-08-19	1.34	1.34	1.32	1.32	825424
1986-08-20	1.38	1.39	1.32	1.33	713764
1986-08-21	1.39	1.40	1.38	1.38	604681
1986-08-22	1.36	1.38	1.36	1.38	637750
1986-08-25	1.33	1.35	1.33	1.35	450075
1986-08-26	1.33	1.34	1.32	1.33	1124329
1986-08-27	1.32	1.34	1.32	1.32	1904660
1986-08-28	1.33	1.33	1.32	1.32	355594
1986-08-29	1.34	1.34	1.32	1.32	381791
1986-09-02	1.34	1.35	1.34	1.34	428173
1986-09-03	1.34	1.35	1.33	1.35	4895856
1986-09-04	1.30	1.31	1.29	1.30	971011
1986-09-05	1.28	1.30	1.26	1.30	4938802
1986-09-08	1.26	1.30	1.25	1.27	3869873
1986-09-09	1.25	1.26	1.24	1.25	802663
1986-09-10	1.22	1.25	1.22	1.24	576766
1986-09-11	1.17	1.22	1.16	1.22	828001
1986-09-12	1.16	1.17	1.13	1.17	1569251
1986-09-15	1.16	1.16	1.15	1.16	456947
1986-09-16	1.17	1.17	1.15	1.16	296328
1986-09-17	1.17	1.18	1.16	1.16	384368
1986-09-18	1.19	1.19	1.18	1.18	1134207
1986-09-19	1.18	1.19	1.18	1.19	199699
1986-09-22	1.19	1.19	1.18	1.18	161907
1986-09-23	1.18	1.19	1.18	1.19	767017
1986-09-24	1.19	1.20	1.18	1.18	480567
1986-09-25	1.18	1.19	1.18	1.19	124114
1986-09-26	1.17	1.19	1.17	1.18	203135
1986-09-29	1.17	1.17	1.15	1.17	177797
1986-09-30	1.17	1.18	1.15	1.16	146017
1986-10-01	1.18	1.18	1.17	1.18	525231
1986-10-02	1.18	1.18	1.17	1.18	143440
1986-10-03	1.21	1.21	1.18	1.18	469830
1986-10-06	1.22	1.22	1.21	1.21	1115740
1986-10-07	1.21	1.22	1.20	1.22	196693
1986-10-08	1.19	1.20	1.19	1.20	145587
1986-10-09	1.19	1.19	1.18	1.19	240928
1986-10-10	1.19	1.19	1.18	1.19	251235
1986-10-13	1.18	1.19	1.17	1.19	209148
1986-10-14	1.17	1.19	1.16	1.18	205282
1986-10-15	1.17	1.18	1.16	1.18	366760
1986-10-16	1.20	1.21	1.17	1.17	669100
1986-10-17	1.20	1.20	1.19	1.20	289886
1986-10-20	1.19	1.20	1.17	1.20	331544
1986-10-21	1.18	1.19	1.18	1.19	180803
1986-10-22	1.20	1.20	1.18	1.19	231479
1986-10-23	1.21	1.21	1.19	1.19	474554
1986-10-24	1.22	1.22	1.21	1.21	306206
1986-10-27	1.22	1.22	1.21	1.22	462959
1986-10-28	1.23	1.24	1.22	1.22	726219
1986-10-29	1.26	1.26	1.23	1.23	1035001
1986-10-30	1.27	1.27	1.26	1.26	558299
1986-10-31	1.26	1.26	1.25	1.26	513206
1986-11-03	1.26	1.27	1.25	1.26	386944
1986-11-04	1.27	1.27	1.25	1.26	598239
1986-11-05	1.29	1.30	1.26	1.26	558299
1986-11-06	1.28	1.29	1.28	1.28	693580
1986-11-07	1.29	1.29	1.27	1.28	182091
1986-11-10	1.28	1.29	1.28	1.28	338415
1986-11-11	1.28	1.28	1.28	1.28	180374
1986-11-12	1.28	1.28	1.28	1.28	151600
1986-11-13	1.27	1.28	1.27	1.28	202276
1986-11-14	1.28	1.28	1.26	1.26	324243
1986-11-17	1.28	1.28	1.27	1.27	875671
1986-11-18	1.25	1.28	1.25	1.28	408417
1986-11-19	1.24	1.25	1.22	1.25	372343
1986-11-20	1.26	1.26	1.23	1.23	218596
1986-11-21	1.27	1.27	1.26	1.26	349152
1986-11-24	1.27	1.27	1.26	1.26	234486
1986-11-25	1.26	1.27	1.26	1.27	437621
1986-11-26	1.26	1.27	1.26	1.27	199270
1986-11-28	1.26	1.26	1.25	1.26	175220
1986-12-01	1.25	1.25	1.24	1.25	252953
1986-12-02	1.26	1.27	1.24	1.25	485720
1986-12-03	1.28	1.28	1.26	1.26	5368263
1986-12-04	1.25	1.25	1.24	1.25	2789779
1986-12-05	1.24	1.25	1.24	1.24	5926562
1986-12-08	1.25	1.25	1.24	1.24	5282371
1986-12-09	1.23	1.25	1.22	1.24	334980
1986-12-10	1.23	1.24	1.22	1.22	475413
1986-12-11	1.22	1.23	1.22	1.22	353876
1986-12-12	1.23	1.23	1.21	1.22	486579
1986-12-15	1.22	1.23	1.21	1.23	1245008
1986-12-16	1.21	1.22	1.21	1.21	483144
1986-12-17	1.20	1.21	1.19	1.20	835302
1986-12-18	1.22	1.22	1.20	1.20	401546
1986-12-19	1.22	1.22	1.21	1.21	631737
1986-12-22	1.22	1.22	1.21	1.21	843891
1986-12-23	1.20	1.22	1.20	1.22	812970
1986-12-24	1.19	1.21	1.19	1.21	326820
1986-12-26	1.18	1.19	1.18	1.19	196264
1986-12-29	1.18	1.19	1.17	1.18	386944
1986-12-30	1.18	1.19	1.17	1.18	383938
1986-12-31	1.17	1.18	1.17	1.17	526949
1987-01-02	1.20	1.20	1.18	1.18	400258
1987-01-05	1.22	1.23	1.21	1.22	854627
1987-01-06	1.24	1.24	1.22	1.22	627443
1987-01-07	1.26	1.26	1.24	1.24	295899
1987-01-08	1.26	1.27	1.25	1.25	1018252
1987-01-09	1.28	1.28	1.26	1.26	1052180
1987-01-12	1.28	1.28	1.27	1.27	591797
1987-01-13	1.26	1.28	1.25	1.27	1060339
1987-01-14	1.26	1.26	1.25	1.25	921194
1987-01-15	1.26	1.27	1.25	1.26	286451
1987-01-16	1.26	1.26	1.25	1.26	364183
1987-01-19	1.27	1.27	1.25	1.26	571183
1987-01-20	1.27	1.28	1.26	1.27	169637
1987-01-21	1.26	1.28	1.26	1.27	579343
1987-01-22	1.28	1.28	1.26	1.26	340133
1987-01-23	1.30	1.31	1.28	1.29	720636
1987-01-26	1.29	1.30	1.29	1.29	298905
1987-01-27	1.29	1.30	1.29	1.29	282585
1987-01-28	1.29	1.30	1.28	1.29	515783
1987-01-29	1.30	1.31	1.29	1.29	438909
1987-01-30	1.31	1.32	1.30	1.31	700451
1987-02-02	1.32	1.32	1.31	1.31	390380
1987-02-03	1.32	1.33	1.31	1.32	337127
1987-02-04	1.31	1.32	1.31	1.32	256818
1987-02-05	1.30	1.32	1.30	1.31	464247
1987-02-06	1.30	1.31	1.30	1.30	198411
1987-02-09	1.29	1.31	1.29	1.31	173502
1987-02-10	1.29	1.30	1.28	1.29	221172
1987-02-11	1.28	1.29	1.28	1.28	136139
1987-02-12	1.28	1.28	1.28	1.28	147305
1987-02-13	1.28	1.28	1.27	1.28	779472
1987-02-17	1.27	1.28	1.27	1.28	155465
1987-02-18	1.28	1.28	1.27	1.27	153747
1987-02-19	1.27	1.28	1.27	1.28	179944
1987-02-20	1.28	1.28	1.27	1.28	171355
1987-02-23	1.28	1.29	1.27	1.28	364183
1987-02-24	1.29	1.30	1.28	1.29	555293
1987-02-25	1.32	1.32	1.29	1.30	285592
1987-02-26	1.32	1.33	1.31	1.31	204423
1987-02-27	1.32	1.33	1.31	1.32	347863
1987-03-02	1.32	1.33	1.31	1.33	586214
1987-03-03	1.32	1.32	1.31	1.31	236633
1987-03-04	1.29	1.30	1.28	1.29	4013313
1987-03-05	1.30	1.31	1.29	1.29	1833799
1987-03-06	1.30	1.30	1.29	1.30	533820
1987-03-09	1.29	1.31	1.28	1.30	746833
1987-03-10	1.29	1.29	1.29	1.29	288598
1987-03-11	1.28	1.29	1.28	1.29	266695
1987-03-12	1.28	1.28	1.28	1.28	154606
1987-03-13	1.28	1.28	1.27	1.28	190251
1987-03-16	1.26	1.28	1.26	1.28	115954
1987-03-17	1.26	1.27	1.25	1.26	749409
1987-03-18	1.27	1.27	1.26	1.26	231479
1987-03-19	1.26	1.27	1.26	1.27	277861
1987-03-20	1.28	1.28	1.27	1.28	435044
1987-03-23	1.30	1.30	1.27	1.27	621860
1987-03-24	1.29	1.30	1.28	1.30	1125188
1987-03-25	1.29	1.30	1.28	1.30	503758
1987-03-26	1.29	1.30	1.28	1.29	362465
1987-03-27	1.29	1.29	1.28	1.29	330685
1987-03-30	1.28	1.28	1.27	1.27	254241
1987-03-31	1.29	1.29	1.28	1.28	283874
1987-04-01	1.26	1.28	1.26	1.28	383509
1987-04-02	1.24	1.26	1.24	1.26	906163
1987-04-03	1.24	1.25	1.23	1.25	512347
1987-04-06	1.22	1.25	1.22	1.24	354735
1987-04-07	1.22	1.23	1.21	1.22	271849
1987-04-08	1.21	1.21	1.19	1.21	386944
1987-04-09	1.16	1.20	1.16	1.20	758858
1987-04-10	1.18	1.18	1.14	1.15	1023406
1987-04-13	1.19	1.21	1.17	1.17	600816
1987-04-14	1.15	1.17	1.15	1.17	917329
1987-04-15	1.17	1.17	1.15	1.15	1144943
1987-04-16	1.18	1.19	1.17	1.18	605970
1987-04-20	1.19	1.19	1.17	1.17	502899
1987-04-21	1.18	1.19	1.17	1.19	733949
1987-04-22	1.16	1.19	1.15	1.17	1205068
1987-04-23	1.14	1.15	1.13	1.15	504187
1987-04-24	1.13	1.15	1.11	1.14	433326
1987-04-27	1.13	1.13	1.09	1.12	395104
1987-04-28	1.15	1.15	1.13	1.13	820271
1987-04-29	1.14	1.15	1.14	1.14	1106721
1987-04-30	1.16	1.16	1.14	1.15	687138
1987-05-01	1.17	1.17	1.15	1.15	388233
1987-05-04	1.19	1.19	1.17	1.17	409276
1987-05-05	1.19	1.20	1.18	1.19	143869
1987-05-06	1.20	1.21	1.19	1.20	374490
1987-05-07	1.19	1.21	1.19	1.21	767447
1987-05-08	1.19	1.20	1.19	1.20	439339
1987-05-11	1.19	1.20	1.19	1.20	283444
1987-05-12	1.19	1.19	1.18	1.19	127979
1987-05-13	1.17	1.19	1.17	1.19	351299
1987-05-14	1.17	1.18	1.17	1.17	166201
1987-05-15	1.15	1.17	1.15	1.17	669959
1987-05-18	1.15	1.15	1.14	1.15	642044
1987-05-19	1.15	1.17	1.14	1.15	215160
1987-05-20	1.13	1.15	1.13	1.14	566459
1987-05-21	1.12	1.13	1.12	1.13	279150
1987-05-22	1.12	1.13	1.12	1.12	289457
1987-05-26	1.15	1.15	1.11	1.12	359459
1987-05-27	1.15	1.15	1.14	1.15	104359
1987-05-28	1.15	1.15	1.14	1.15	664376
1987-05-29	1.16	1.17	1.15	1.16	282156
1987-06-01	1.16	1.16	1.15	1.16	176079
1987-06-02	1.16	1.17	1.15	1.16	730084
1987-06-03	1.17	1.17	1.16	1.17	228903
1987-06-04	1.14	1.15	1.14	1.14	661799
1987-06-05	1.15	1.15	1.13	1.14	1349367
1987-06-08	1.16	1.16	1.15	1.15	111660
1987-06-09	1.15	1.17	1.15	1.16	112089
1987-06-10	1.16	1.17	1.15	1.15	985184
1987-06-11	1.16	1.17	1.15	1.16	62272
1987-06-12	1.19	1.19	1.16	1.16	349581
1987-06-15	1.18	1.18	1.18	1.18	176938
1987-06-16	1.18	1.19	1.17	1.17	687138
1987-06-17	1.19	1.20	1.18	1.18	364612
1987-06-18	1.19	1.21	1.19	1.19	325531
1987-06-19	1.20	1.21	1.19	1.20	231909
1987-06-22	1.19	1.21	1.19	1.20	199699
1987-06-23	1.18	1.19	1.17	1.19	345287
1987-06-24	1.18	1.19	1.17	1.17	234056
1987-06-25	1.19	1.20	1.18	1.18	327679
1987-06-26	1.18	1.19	1.17	1.18	554864
1987-06-29	1.18	1.19	1.17	1.18	490444
1987-06-30	1.16	1.19	1.15	1.19	306206
1987-07-01	1.16	1.17	1.15	1.16	302341
1987-07-02	1.15	1.16	1.13	1.16	317372
1987-07-06	1.15	1.17	1.14	1.16	130986
1987-07-07	1.14	1.15	1.14	1.15	351299
1987-07-08	1.14	1.15	1.14	1.14	434615
1987-07-09	1.14	1.15	1.14	1.14	199699
1987-07-10	1.14	1.15	1.14	1.15	123685
1987-07-13	1.14	1.14	1.13	1.14	360318
1987-07-14	1.13	1.13	1.12	1.13	979601
1987-07-15	1.13	1.13	1.12	1.13	146017
1987-07-16	1.12	1.13	1.12	1.13	140434
1987-07-17	1.12	1.13	1.12	1.12	184668
1987-07-20	1.12	1.12	1.11	1.12	179085
1987-07-21	1.11	1.12	1.10	1.11	179085
1987-07-22	1.11	1.12	1.10	1.11	139145
1987-07-23	1.10	1.11	1.10	1.11	143869
1987-07-24	1.10	1.11	1.08	1.09	361606
1987-07-27	1.09	1.11	1.09	1.11	101782
1987-07-28	1.09	1.10	1.09	1.10	85033
1987-07-29	1.08	1.10	1.08	1.09	269702
1987-07-30	1.09	1.10	1.08	1.09	435473
1987-07-31	1.09	1.10	1.08	1.10	404982
1987-08-03	1.08	1.11	1.08	1.10	255529
1987-08-04	1.09	1.09	1.08	1.09	410135
1987-08-05	1.09	1.10	1.09	1.09	347434
1987-08-06	1.10	1.11	1.09	1.10	146876
1987-08-07	1.10	1.11	1.09	1.10	267125
1987-08-10	1.11	1.11	1.10	1.11	161907
1987-08-11	1.12	1.13	1.12	1.12	202706
1987-08-12	1.13	1.14	1.13	1.13	418725
1987-08-13	1.16	1.16	1.13	1.13	971870
1987-08-14	1.18	1.20	1.16	1.16	388233
1987-08-17	1.19	1.19	1.18	1.19	312218
1987-08-18	1.17	1.19	1.16	1.19	599528
1987-08-19	1.17	1.17	1.16	1.17	231479
1987-08-20	1.18	1.18	1.17	1.17	1557226
1987-08-21	1.18	1.18	1.17	1.18	660941
1987-08-24	1.18	1.18	1.17	1.18	1649560
1987-08-25	1.19	1.19	1.18	1.19	129268
1987-08-26	1.19	1.20	1.19	1.19	1948894
1987-08-27	1.17	1.19	1.17	1.19	175220
1987-08-28	1.16	1.17	1.16	1.17	983466
1987-08-31	1.17	1.17	1.15	1.16	384368
1987-09-01	1.16	1.17	1.16	1.16	592656
1987-09-02	1.15	1.16	1.14	1.16	8782478
1987-09-03	1.12	1.14	1.12	1.12	2811681
1987-09-04	1.12	1.13	1.12	1.13	1926133
1987-09-08	1.12	1.13	1.12	1.12	804381
1987-09-09	1.12	1.13	1.12	1.12	337986
1987-09-10	1.12	1.13	1.12	1.13	290745
1987-09-11	1.12	1.13	1.12	1.12	202706
1987-09-14	1.13	1.13	1.13	1.13	295899
1987-09-15	1.14	1.14	1.12	1.13	345716
1987-09-16	1.12	1.14	1.12	1.14	547133
1987-09-17	1.14	1.14	1.12	1.12	149023
1987-09-18	1.15	1.16	1.14	1.14	276573
1987-09-21	1.15	1.16	1.14	1.16	493021
1987-09-22	1.17	1.17	1.14	1.14	273996
1987-09-23	1.17	1.18	1.16	1.17	391239
1987-09-24	1.16	1.18	1.16	1.17	171784
1987-09-25	1.17	1.17	1.16	1.17	285592
1987-09-28	1.17	1.17	1.15	1.16	387803
1987-09-29	1.16	1.17	1.16	1.17	299764
1987-09-30	1.17	1.17	1.16	1.16	139575
1987-10-01	1.18	1.19	1.17	1.17	152459
1987-10-02	1.18	1.19	1.16	1.19	385227
1987-10-05	1.17	1.18	1.17	1.17	324243
1987-10-06	1.18	1.19	1.17	1.17	146017
1987-10-07	1.18	1.19	1.18	1.18	220314
1987-10-08	1.19	1.20	1.18	1.19	84174
1987-10-09	1.19	1.21	1.19	1.19	2144728
1987-10-12	1.18	1.19	1.08	1.19	153747
1987-10-13	1.20	1.20	1.17	1.18	1156109
1987-10-14	1.22	1.24	1.19	1.19	994202
1987-10-15	1.21	1.21	1.20	1.21	597380
1987-10-16	1.15	1.21	1.14	1.21	694868
1987-10-19	1.03	1.12	0.94	1.12	1455443
1987-10-20	1.05	1.12	1.03	1.12	699592
1987-10-21	1.16	1.16	1.12	1.14	1072794
1987-10-22	1.14	1.16	1.09	1.14	457376
1987-10-23	1.13	1.16	1.13	1.14	2804381
1987-10-26	1.12	1.13	1.11	1.13	230621
1987-10-27	1.13	1.13	1.12	1.13	548422
1987-10-28	1.14	1.15	1.12	1.12	1180159
1987-10-29	1.14	1.15	1.13	1.14	151600
1987-10-30	1.14	1.15	1.13	1.14	314365
1987-11-02	1.12	1.13	1.12	1.13	300623
1987-11-03	1.13	1.13	1.12	1.13	124973
1987-11-04	1.13	1.13	1.12	1.12	266266
1987-11-05	1.14	1.16	1.13	1.13	604681
1987-11-06	1.15	1.16	1.14	1.14	480567
1987-11-09	1.14	1.15	1.14	1.14	733949
1987-11-10	1.14	1.14	1.13	1.14	323814
1987-11-11	1.14	1.15	1.14	1.14	554864
1987-11-12	1.17	1.17	1.15	1.15	202276
1987-11-13	1.16	1.17	1.16	1.17	991626
1987-11-16	1.14	1.16	1.14	1.16	99635
1987-11-17	1.13	1.14	1.12	1.14	3613915
1987-11-18	1.12	1.13	1.12	1.13	370195
1987-11-19	1.12	1.13	1.12	1.12	2572042
1987-11-20	1.12	1.12	1.12	1.12	163625
1987-11-23	1.12	1.12	1.12	1.12	404123
1987-11-24	1.14	1.14	1.12	1.12	197552
1987-11-25	1.13	1.14	1.12	1.14	133562
1987-11-27	1.13	1.13	1.12	1.12	59695
1987-11-30	1.09	1.12	1.09	1.12	649345
1987-12-01	1.08	1.09	1.08	1.09	331973
1987-12-02	1.07	1.09	1.07	1.08	649345
1987-12-03	1.07	1.07	1.06	1.07	5376423
1987-12-04	1.07	1.08	1.06	1.07	265407
1987-12-07	1.07	1.08	1.06	1.06	136569
1987-12-08	1.08	1.08	1.07	1.08	1477775
1987-12-09	1.08	1.09	1.08	1.08	1039725
1987-12-10	1.09	1.09	1.07	1.08	258106
1987-12-11	1.09	1.09	1.08	1.09	434185
1987-12-14	1.11	1.13	1.08	1.08	249087
1987-12-15	1.11	1.11	1.10	1.10	327249
1987-12-16	1.11	1.11	1.11	1.11	573760
1987-12-17	1.11	1.12	1.10	1.11	332403
1987-12-18	1.12	1.12	1.11	1.11	204853
1987-12-21	1.12	1.12	1.11	1.11	608976
1987-12-22	1.11	1.11	1.10	1.11	314795
1987-12-23	1.11	1.11	1.10	1.11	1171999
1987-12-24	1.11	1.11	1.11	1.11	164484
1987-12-28	1.11	1.11	1.10	1.11	547992
1987-12-29	1.10	1.11	1.08	1.11	505046
1987-12-30	1.11	1.11	1.10	1.11	210436
1987-12-31	1.11	1.11	1.11	1.11	152888
1988-01-04	1.12	1.13	1.11	1.11	281726
1988-01-05	1.13	1.15	1.12	1.13	298046
1988-01-06	1.15	1.16	1.13	1.14	100494
1988-01-07	1.16	1.16	1.15	1.16	678548
1988-01-08	1.14	1.16	1.14	1.16	130556
1988-01-11	1.13	1.14	1.12	1.13	292892
1988-01-12	1.12	1.13	1.12	1.13	103071
1988-01-13	1.12	1.13	1.11	1.13	615847
1988-01-14	1.12	1.13	1.12	1.13	100064
1988-01-15	1.14	1.14	1.13	1.14	302341
1988-01-18	1.14	1.14	1.13	1.14	1337771
1988-01-19	1.16	1.16	1.14	1.15	1278935
1988-01-20	1.16	1.16	1.15	1.15	257247
1988-01-21	1.17	1.17	1.16	1.16	229762
1988-01-22	1.19	1.19	1.17	1.18	334980
1988-01-25	1.22	1.23	1.20	1.20	582779
1988-01-26	1.24	1.24	1.22	1.22	341851
1988-01-27	1.23	1.24	1.22	1.24	469830
1988-01-28	1.23	1.24	1.22	1.23	127979
1988-01-29	1.24	1.24	1.22	1.23	346575
1988-02-01	1.23	1.24	1.23	1.24	226755
1988-02-02	1.24	1.25	1.23	1.24	145158
1988-02-03	1.25	1.26	1.24	1.26	1862572
1988-02-04	1.25	1.26	1.25	1.26	497745
1988-02-05	1.26	1.26	1.26	1.26	120249
1988-02-08	1.25	1.25	1.24	1.25	399399
1988-02-09	1.26	1.26	1.25	1.26	148594
1988-02-10	1.26	1.27	1.26	1.26	398969
1988-02-11	1.26	1.27	1.26	1.26	853769
1988-02-12	1.26	1.26	1.25	1.26	413571
1988-02-16	1.25	1.26	1.24	1.26	420442
1988-02-17	1.24	1.25	1.24	1.25	191110
1988-02-18	1.23	1.24	1.23	1.24	448787
1988-02-19	1.24	1.24	1.22	1.22	362465
1988-02-22	1.24	1.25	1.23	1.25	277002
1988-02-23	1.25	1.25	1.24	1.24	95770
1988-02-24	1.24	1.25	1.24	1.24	96199
1988-02-25	1.23	1.24	1.23	1.24	333262
1988-02-26	1.23	1.24	1.22	1.24	197552
1988-02-29	1.23	1.23	1.22	1.23	303199
1988-03-01	1.23	1.23	1.22	1.23	66137
1988-03-02	1.23	1.24	1.22	1.22	167919
1988-03-03	1.23	1.24	1.22	1.23	109083
1988-03-04	1.23	1.23	1.22	1.23	3098991
1988-03-07	1.22	1.23	1.22	1.23	2477990
1988-03-08	1.21	1.22	1.21	1.22	130556
1988-03-09	1.20	1.21	1.20	1.21	135280
1988-03-10	1.19	1.21	1.19	1.20	721495
1988-03-11	1.19	1.20	1.17	1.20	413571
1988-03-14	1.19	1.20	1.19	1.19	492592
1988-03-15	1.20	1.20	1.19	1.20	161048
1988-03-16	1.22	1.22	1.20	1.21	242216
1988-03-17	1.22	1.22	1.21	1.22	335839
1988-03-18	1.22	1.22	1.22	1.22	148164
1988-03-21	1.21	1.22	1.21	1.21	364612
1988-03-22	1.22	1.22	1.21	1.21	175220
1988-03-23	1.21	1.22	1.20	1.22	631308
1988-03-24	1.19	1.20	1.18	1.20	530384
1988-03-25	1.17	1.19	1.17	1.18	367189
1988-03-28	1.18	1.18	1.17	1.18	178656
1988-03-29	1.19	1.19	1.17	1.18	186816
1988-03-30	1.19	1.19	1.18	1.19	180374
1988-03-31	1.18	1.19	1.18	1.18	484861
1988-04-04	1.17	1.18	1.16	1.18	293751
1988-04-05	1.15	1.17	1.15	1.17	192399
1988-04-06	1.16	1.17	1.15	1.15	310500
1988-04-07	1.19	1.19	1.16	1.16	235774
1988-04-08	1.20	1.21	1.19	1.19	63990
1988-04-11	1.20	1.20	1.19	1.20	109083
1988-04-12	1.19	1.20	1.19	1.20	140434
1988-04-13	1.21	1.21	1.19	1.20	137428
1988-04-14	1.19	1.20	1.18	1.20	413571
1988-04-15	1.16	1.19	1.16	1.18	590079
1988-04-18	1.16	1.16	1.15	1.16	604252
1988-04-19	1.17	1.18	1.15	1.15	110801
1988-04-20	1.16	1.17	1.16	1.16	177367
1988-04-21	1.17	1.17	1.16	1.17	90187
1988-04-22	1.17	1.20	1.16	1.16	350011
1988-04-25	1.18	1.18	1.16	1.16	148594
1988-04-26	1.17	1.19	1.17	1.19	75585
1988-04-27	1.19	1.20	1.17	1.17	461671
1988-04-28	1.19	1.20	1.18	1.19	987331
1988-04-29	1.19	1.19	1.19	1.19	253382
1988-05-02	1.19	1.19	1.18	1.18	270560
1988-05-03	1.19	1.19	1.19	1.19	219884
1988-05-04	1.19	1.20	1.19	1.19	303199
1988-05-05	1.20	1.20	1.19	1.20	253811
1988-05-06	1.19	1.20	1.19	1.19	81598
1988-05-09	1.20	1.20	1.19	1.19	122826
1988-05-10	1.20	1.20	1.19	1.19	358600
1988-05-11	1.18	1.20	1.18	1.20	121108
1988-05-12	1.18	1.19	1.18	1.18	136139
1988-05-13	1.20	1.20	1.18	1.18	286021
1988-05-16	1.21	1.21	1.19	1.20	122826
1988-05-17	1.19	1.20	1.18	1.20	229762
1988-05-18	1.19	1.20	1.18	1.18	228903
1988-05-19	1.20	1.20	1.19	1.20	106936
1988-05-20	1.20	1.21	1.19	1.19	138716
1988-05-23	1.20	1.21	1.19	1.20	456947
1988-05-24	1.21	1.21	1.20	1.20	588362
1988-05-25	1.22	1.22	1.21	1.21	668671
1988-05-26	1.22	1.23	1.21	1.22	217737
1988-05-27	1.23	1.23	1.22	1.22	78162
1988-05-31	1.25	1.26	1.22	1.22	176079
1988-06-01	1.28	1.28	1.25	1.25	297616
1988-06-02	1.27	1.28	1.27	1.27	146876
1988-06-03	1.27	1.27	1.24	1.27	62646339
1988-06-06	1.26	1.27	1.25	1.27	3761220
1988-06-07	1.23	1.25	1.23	1.25	3683917
1988-06-08	1.25	1.26	1.23	1.23	415289
1988-06-09	1.25	1.25	1.24	1.24	372343
1988-06-10	1.25	1.26	1.24	1.25	107795
1988-06-13	1.27	1.27	1.25	1.25	129697
1988-06-14	1.27	1.28	1.26	1.26	1745759
1988-06-15	1.27	1.28	1.27	1.28	337986
1988-06-16	1.27	1.28	1.26	1.27	675972
1988-06-17	1.27	1.28	1.27	1.28	219884
1988-06-20	1.26	1.27	1.25	1.26	319519
1988-06-21	1.26	1.27	1.26	1.27	229762
1988-06-22	1.27	1.29	1.26	1.26	220743
1988-06-23	1.27	1.27	1.26	1.27	180803
1988-06-24	1.26	1.27	1.25	1.27	145158
1988-06-27	1.26	1.27	1.25	1.26	102641
1988-06-28	1.24	1.26	1.23	1.26	1683487
1988-06-29	1.24	1.25	1.24	1.24	51535
1988-06-30	1.24	1.25	1.24	1.24	138716
1988-07-01	1.24	1.24	1.23	1.24	149882
1988-07-05	1.24	1.24	1.23	1.23	94481
1988-07-06	1.24	1.27	1.24	1.24	59266
1988-07-07	1.23	1.25	1.23	1.24	345287
1988-07-08	1.23	1.24	1.22	1.23	20185
1988-07-11	1.22	1.23	1.22	1.23	119820
1988-07-12	1.20	1.23	1.20	1.22	74297
1988-07-13	1.21	1.21	1.20	1.21	24479
1988-07-14	1.21	1.21	1.20	1.21	748980
1988-07-15	1.20	1.21	1.20	1.21	146017
1988-07-18	1.21	1.21	1.20	1.20	480567
1988-07-19	1.20	1.21	1.20	1.21	255959
1988-07-20	1.20	1.24	1.19	1.20	12025
1988-07-21	1.20	1.20	1.19	1.20	76874
1988-07-22	1.20	1.20	1.18	1.20	316513
1988-07-25	1.19	1.20	1.19	1.19	77732
1988-07-26	1.20	1.20	1.19	1.19	227185
1988-07-27	1.21	1.21	1.19	1.19	250805
1988-07-28	1.21	1.21	1.21	1.21	82886
1988-07-29	1.22	1.23	1.21	1.21	146876
1988-08-01	1.22	1.22	1.21	1.22	203135
1988-08-02	1.22	1.23	1.21	1.22	151600
1988-08-03	1.23	1.23	1.21	1.22	42517
1988-08-04	1.22	1.24	1.22	1.23	417007
1988-08-05	1.22	1.23	1.21	1.23	112948
1988-08-08	1.22	1.22	1.20	1.22	109513
1988-08-09	1.20	1.22	1.20	1.22	184239
1988-08-10	1.20	1.20	1.19	1.20	218596
1988-08-11	1.20	1.20	1.19	1.19	90616
1988-08-12	1.19	1.20	1.19	1.20	114237
1988-08-15	1.18	1.20	1.18	1.19	158901
1988-08-16	1.20	1.20	1.17	1.18	460382
1988-08-17	1.20	1.20	1.19	1.20	149023
1988-08-18	1.21	1.22	1.20	1.20	266695
1988-08-19	1.20	1.21	1.20	1.20	83745
1988-08-22	1.21	1.21	1.20	1.21	182091
1988-08-23	1.20	1.21	1.20	1.20	84174
1988-08-24	1.21	1.21	1.20	1.20	63990
1988-08-25	1.20	1.21	1.20	1.21	75156
1988-08-26	1.22	1.22	1.20	1.21	280868
1988-08-29	1.22	1.22	1.22	1.22	115525
1988-08-30	1.23	1.23	1.22	1.22	125832
1988-08-31	1.23	1.24	1.23	1.23	299334
1988-09-01	1.22	1.23	1.22	1.22	13277647
1988-09-02	1.24	1.24	1.23	1.23	5310715
1988-09-06	1.24	1.25	1.23	1.24	3661155
1988-09-07	1.24	1.24	1.23	1.24	249087
1988-09-08	1.23	1.24	1.23	1.24	333691
1988-09-09	1.24	1.24	1.23	1.24	245222
1988-09-12	1.23	1.23	1.23	1.23	203994
1988-09-13	1.24	1.24	1.23	1.23	176079
1988-09-14	1.25	1.25	1.24	1.24	266695
1988-09-15	1.26	1.27	1.25	1.25	604681
1988-09-16	1.26	1.27	1.26	1.27	254670
1988-09-19	1.26	1.27	1.26	1.26	288168
1988-09-20	1.26	1.27	1.26	1.26	57118
1988-09-21	1.26	1.27	1.26	1.26	243934
1988-09-22	1.27	1.27	1.26	1.26	163625
1988-09-23	1.26	1.27	1.26	1.27	103500
1988-09-26	1.26	1.27	1.26	1.26	303629
1988-09-27	1.26	1.27	1.26	1.26	264119
1988-09-28	1.26	1.27	1.26	1.26	88469
1988-09-29	1.26	1.27	1.26	1.26	325531
1988-09-30	1.27	1.27	1.26	1.26	522225
1988-10-03	1.27	1.27	1.26	1.26	149452
1988-10-04	1.26	1.27	1.26	1.27	232768
1988-10-05	1.26	1.26	1.25	1.26	86751
1988-10-06	1.26	1.27	1.26	1.26	276573
1988-10-07	1.28	1.28	1.26	1.26	1468757
1988-10-10	1.28	1.28	1.27	1.27	280868
1988-10-11	1.27	1.28	1.27	1.28	127120
1988-10-12	1.25	1.27	1.25	1.27	462530
1988-10-13	1.26	1.27	1.25	1.25	202706
1988-10-14	1.26	1.27	1.26	1.26	168349
1988-10-17	1.26	1.27	1.25	1.27	170496
1988-10-18	1.27	1.27	1.26	1.26	158901
1988-10-19	1.27	1.28	1.26	1.27	261542
1988-10-20	1.27	1.28	1.26	1.27	112089
1988-10-21	1.28	1.28	1.27	1.28	399399
1988-10-24	1.29	1.29	1.27	1.28	576337
1988-10-25	1.28	1.29	1.28	1.29	144299
1988-10-26	1.29	1.29	1.28	1.29	85463
1988-10-27	1.29	1.29	1.28	1.29	141722
1988-10-28	1.29	1.30	1.29	1.29	232338
1988-10-31	1.29	1.30	1.29	1.30	135710
1988-11-01	1.30	1.30	1.29	1.29	114666
1988-11-02	1.30	1.31	1.30	1.31	228473
1988-11-03	1.31	1.31	1.30	1.30	164484
1988-11-04	1.31	1.31	1.30	1.31	407129
1988-11-07	1.30	1.31	1.29	1.31	215589
1988-11-08	1.29	1.30	1.29	1.29	69573
1988-11-09	1.29	1.29	1.29	1.29	505046
1988-11-10	1.29	1.30	1.29	1.29	58836
1988-11-11	1.28	1.30	1.28	1.30	84604
1988-11-14	1.29	1.29	1.27	1.28	181662
1988-11-15	1.28	1.29	1.27	1.29	99205
1988-11-16	1.27	1.29	1.26	1.29	525660
1988-11-17	1.25	1.27	1.25	1.27	240498
1988-11-18	1.26	1.26	1.25	1.26	191540
1988-11-21	1.25	1.27	1.25	1.26	139145
1988-11-22	1.27	1.27	1.25	1.26	227614
1988-11-23	1.26	1.27	1.26	1.26	176938
1988-11-25	1.26	1.26	1.25	1.25	144299
1988-11-28	1.27	1.27	1.26	1.26	151170
1988-11-29	1.26	1.27	1.26	1.26	76015
1988-11-30	1.27	1.28	1.26	1.27	550998
1988-12-01	1.27	1.27	1.27	1.27	242216
1988-12-02	1.27	1.27	1.27	1.27	1139790
1988-12-05	1.25	1.25	1.24	1.25	296758
1988-12-06	1.26	1.26	1.25	1.25	4740820
1988-12-07	1.26	1.26	1.25	1.26	4005154
1988-12-08	1.25	1.26	1.25	1.25	221602
1988-12-09	1.25	1.26	1.25	1.25	362895
1988-12-12	1.25	1.26	1.25	1.25	229332
1988-12-13	1.25	1.25	1.25	1.25	97917
1988-12-14	1.25	1.26	1.25	1.25	98347
1988-12-15	1.25	1.26	1.25	1.25	139575
1988-12-16	1.26	1.26	1.25	1.26	181662
1988-12-19	1.26	1.26	1.25	1.26	167490
1988-12-20	1.26	1.27	1.26	1.26	530384
1988-12-21	1.27	1.27	1.26	1.26	175220
1988-12-22	1.27	1.27	1.26	1.27	118961
1988-12-23	1.27	1.28	1.27	1.27	142152
1988-12-27	1.28	1.28	1.27	1.28	244363
1988-12-28	1.29	1.29	1.28	1.28	212583
1988-12-29	1.29	1.29	1.29	1.29	181662
1988-12-30	1.28	1.29	1.28	1.29	292463
1989-01-03	1.27	1.29	1.27	1.29	490874
1989-01-04	1.28	1.29	1.28	1.28	77732
1989-01-05	1.28	1.28	1.27	1.27	70432
1989-01-06	1.27	1.28	1.27	1.27	163195
1989-01-09	1.28	1.28	1.27	1.27	196264
1989-01-10	1.27	1.28	1.26	1.28	848186
1989-01-11	1.26	1.27	1.26	1.27	202276
1989-01-12	1.27	1.27	1.26	1.27	95770
1989-01-13	1.26	1.27	1.26	1.27	201847
1989-01-16	1.27	1.27	1.26	1.26	103930
1989-01-17	1.26	1.27	1.26	1.27	301911
1989-01-18	1.27	1.27	1.26	1.26	154606
1989-01-19	1.26	1.27	1.26	1.27	149023
1989-01-20	1.26	1.27	1.26	1.26	118531
1989-01-23	1.27	1.27	1.26	1.27	348722
1989-01-24	1.27	1.27	1.26	1.27	358600
1989-01-25	1.27	1.27	1.26	1.27	227614
1989-01-26	1.27	1.27	1.26	1.27	426455
1989-01-27	1.28	1.28	1.27	1.27	403693
1989-01-30	1.28	1.29	1.27	1.28	207859
1989-01-31	1.29	1.29	1.28	1.28	124544
1989-02-01	1.28	1.29	1.27	1.29	398969
1989-02-02	1.28	1.29	1.27	1.29	167060
1989-02-03	1.28	1.29	1.28	1.29	151600
1989-02-06	1.27	1.28	1.27	1.28	303629
1989-02-07	1.27	1.28	1.27	1.27	450934
1989-02-08	1.28	1.28	1.27	1.27	1049603
1989-02-09	1.26	1.28	1.26	1.28	407559
1989-02-10	1.25	1.27	1.25	1.27	372772
1989-02-13	1.26	1.26	1.25	1.25	163625
1989-02-14	1.26	1.26	1.25	1.25	117672
1989-02-15	1.26	1.26	1.25	1.25	84604
1989-02-16	1.25	1.26	1.25	1.25	472837
1989-02-17	1.25	1.25	1.25	1.25	440198
1989-02-21	1.25	1.25	1.25	1.25	204423
1989-02-22	1.25	1.25	1.23	1.25	483144
1989-02-23	1.25	1.25	1.25	1.25	258536
1989-02-24	1.25	1.25	1.25	1.25	311359
1989-02-27	1.25	1.25	1.25	1.25	203994
1989-02-28	1.24	1.25	1.24	1.25	98347
1989-03-01	1.25	1.25	1.24	1.24	119820
1989-03-02	1.25	1.25	1.24	1.25	388233
1989-03-03	1.25	1.25	1.24	1.25	143440
1989-03-06	1.24	1.26	1.24	1.25	3055186
1989-03-07	1.25	1.25	1.24	1.24	2779042
1989-03-08	1.26	1.27	1.24	1.25	432467
1989-03-09	1.25	1.26	1.25	1.25	79450
1989-03-10	1.24	1.25	1.24	1.25	443204
1989-03-13	1.25	1.26	1.24	1.25	145158
1989-03-14	1.26	1.26	1.24	1.25	616277
1989-03-15	1.26	1.27	1.26	1.26	411853
1989-03-16	1.28	1.28	1.26	1.26	188104
1989-03-17	1.27	1.27	1.26	1.27	318660
1989-03-20	1.25	1.27	1.25	1.26	893708
1989-03-21	1.25	1.26	1.24	1.26	369766
1989-03-22	1.25	1.26	1.24	1.25	843032
1989-03-23	1.25	1.25	1.25	1.25	280438
1989-03-27	1.24	1.26	1.24	1.26	751986
1989-03-28	1.25	1.25	1.24	1.25	646339
1989-03-29	1.25	1.25	1.25	1.25	283444
1989-03-30	1.26	1.26	1.25	1.25	179944
1989-03-31	1.27	1.27	1.26	1.26	265407
1989-04-03	1.26	1.26	1.26	1.26	1416792
1989-04-04	1.27	1.27	1.26	1.27	123685
1989-04-05	1.26	1.27	1.26	1.26	225467
1989-04-06	1.27	1.27	1.26	1.27	80739
1989-04-07	1.27	1.27	1.26	1.27	189392
1989-04-10	1.27	1.27	1.26	1.26	107795
1989-04-11	1.26	1.27	1.26	1.26	114237
1989-04-12	1.26	1.27	1.26	1.26	69143
1989-04-13	1.26	1.26	1.25	1.26	189822
1989-04-14	1.26	1.26	1.25	1.26	132274
1989-04-17	1.26	1.26	1.25	1.26	58407
1989-04-18	1.28	1.28	1.26	1.26	174791
1989-04-19	1.27	1.28	1.26	1.28	2338415
1989-04-20	1.28	1.28	1.27	1.27	203135
1989-04-21	1.28	1.28	1.27	1.27	257677
1989-04-24	1.28	1.29	1.28	1.28	124973
1989-04-25	1.28	1.29	1.28	1.28	256388
1989-04-26	1.29	1.29	1.27	1.29	235774
1989-04-27	1.29	1.29	1.28	1.29	256388
1989-04-28	1.29	1.30	1.29	1.29	372772
1989-05-01	1.28	1.29	1.28	1.29	280009
1989-05-02	1.28	1.29	1.27	1.28	2321237
1989-05-03	1.28	1.28	1.28	1.28	407129
1989-05-04	1.28	1.28	1.28	1.28	311789
1989-05-05	1.29	1.29	1.29	1.29	301482
1989-05-08	1.28	1.29	1.28	1.28	397681
1989-05-09	1.29	1.29	1.28	1.28	99205
1989-05-10	1.29	1.29	1.28	1.29	281726
1989-05-11	1.29	1.29	1.29	1.29	171784
1989-05-12	1.32	1.32	1.30	1.30	804810
1989-05-15	1.34	1.34	1.32	1.32	218596
1989-05-16	1.34	1.34	1.33	1.33	386085
1989-05-17	1.35	1.35	1.33	1.34	745974
1989-05-18	1.34	1.35	1.34	1.35	366760
1989-05-19	1.35	1.35	1.34	1.34	483144
1989-05-22	1.36	1.36	1.35	1.36	167060
1989-05-23	1.36	1.37	1.35	1.36	255959
1989-05-24	1.37	1.37	1.36	1.36	133562
1989-05-25	1.38	1.39	1.37	1.37	975306
1989-05-26	1.39	1.40	1.38	1.38	699592
1989-05-30	1.39	1.41	1.39	1.40	331544
1989-05-31	1.40	1.40	1.39	1.40	716770
1989-06-01	1.41	1.41	1.40	1.40	329397
1989-06-02	1.43	1.43	1.41	1.41	1857848
1989-06-05	1.44	1.45	1.44	1.44	3033713
1989-06-06	1.44	1.44	1.44	1.44	2055830
1989-06-07	1.44	1.45	1.44	1.45	382220
1989-06-08	1.44	1.44	1.44	1.44	305776
1989-06-09	1.44	1.44	1.43	1.44	290745
1989-06-12	1.44	1.44	1.43	1.44	514494
1989-06-13	1.43	1.44	1.43	1.44	395963
1989-06-14	1.43	1.43	1.43	1.43	668241
1989-06-15	1.42	1.43	1.42	1.43	325102
1989-06-16	1.43	1.43	1.42	1.42	155035
1989-06-19	1.43	1.43	1.43	1.43	232768
1989-06-20	1.42	1.43	1.42	1.43	1656002
1989-06-21	1.42	1.42	1.42	1.42	1113592
1989-06-22	1.42	1.42	1.42	1.42	270990
1989-06-23	1.42	1.42	1.42	1.42	441486
1989-06-26	1.42	1.42	1.42	1.42	509770
1989-06-27	1.42	1.42	1.42	1.42	298475
1989-06-28	1.42	1.42	1.42	1.42	298475
1989-06-29	1.42	1.42	1.42	1.42	218166
1989-06-30	1.42	1.42	1.42	1.42	148164
1989-07-03	1.42	1.42	1.41	1.42	214301
1989-07-05	1.42	1.42	1.42	1.42	451364
1989-07-06	1.44	1.47	1.43	1.43	363324
1989-07-07	1.47	1.47	1.45	1.45	247799
1989-07-10	1.49	1.49	1.46	1.46	334121
1989-07-11	1.49	1.49	1.49	1.49	255100
1989-07-12	1.50	1.51	1.48	1.49	194975
1989-07-13	1.51	1.52	1.50	1.50	532532
1989-07-14	1.52	1.52	1.50	1.51	267125
1989-07-17	1.50	1.51	1.49	1.51	209577
1989-07-18	1.49	1.50	1.49	1.50	146876
1989-07-19	1.50	1.51	1.49	1.50	221602
1989-07-20	1.50	1.51	1.48	1.50	160618
1989-07-21	1.48	1.50	1.48	1.50	778183
1989-07-24	1.49	1.49	1.48	1.48	371484
1989-07-25	1.49	1.49	1.47	1.49	310500
1989-07-26	1.48	1.49	1.47	1.49	363324
1989-07-27	1.48	1.48	1.47	1.48	712046
1989-07-28	1.48	1.48	1.47	1.48	544557
1989-07-31	1.52	1.52	1.48	1.48	1464462
1989-08-01	1.51	1.52	1.50	1.51	406270
1989-08-02	1.50	1.51	1.49	1.51	158042
1989-08-03	1.50	1.51	1.50	1.50	157183
1989-08-04	1.49	1.50	1.49	1.50	138716
1989-08-07	1.50	1.50	1.49	1.50	152459
1989-08-08	1.51	1.51	1.50	1.50	625295
1989-08-09	1.51	1.52	1.51	1.51	216019
1989-08-10	1.51	1.51	1.50	1.50	432467
1989-08-11	1.51	1.52	1.51	1.51	164054
1989-08-14	1.50	1.51	1.50	1.51	100923
1989-08-15	1.51	1.51	1.50	1.50	171784
1989-08-16	1.52	1.52	1.51	1.51	236204
1989-08-17	1.51	1.52	1.51	1.52	314365
1989-08-18	1.50	1.51	1.50	1.51	112948
1989-08-21	1.50	1.50	1.49	1.50	172214
1989-08-22	1.48	1.49	1.48	1.49	176508
1989-08-23	1.49	1.49	1.48	1.49	109942
1989-08-24	1.50	1.50	1.49	1.50	145158
1989-08-25	1.50	1.51	1.50	1.51	118531
1989-08-28	1.50	1.51	1.49	1.50	321666
1989-08-29	1.50	1.50	1.49	1.49	73867
1989-08-30	1.49	1.50	1.49	1.49	110801
1989-08-31	1.51	1.51	1.49	1.49	1431394
1989-09-01	1.52	1.52	1.50	1.50	1799012
1989-09-05	1.52	1.52	1.52	1.52	797080
1989-09-06	1.52	1.52	1.51	1.52	825854
1989-09-07	1.51	1.52	1.51	1.51	192399
1989-09-08	1.51	1.52	1.51	1.52	340133
1989-09-11	1.51	1.52	1.51	1.51	229762
1989-09-12	1.52	1.52	1.51	1.51	220314
1989-09-13	1.52	1.52	1.51	1.51	217307
1989-09-14	1.51	1.52	1.51	1.52	182521
1989-09-15	1.51	1.52	1.51	1.51	381361
1989-09-18	1.52	1.52	1.51	1.51	156324
1989-09-19	1.53	1.53	1.51	1.51	116813
1989-09-20	1.52	1.53	1.52	1.53	63990
1989-09-21	1.52	1.52	1.52	1.52	75156
1989-09-22	1.51	1.52	1.51	1.52	211724
1989-09-25	1.51	1.52	1.51	1.51	161048
1989-09-26	1.53	1.53	1.52	1.52	232768
1989-09-27	1.52	1.53	1.52	1.52	1118746
1989-09-28	1.52	1.53	1.52	1.53	892849
1989-09-29	1.53	1.53	1.52	1.52	462959
1989-10-02	1.52	1.53	1.52	1.53	112089
1989-10-03	1.53	1.54	1.53	1.53	222461
1989-10-04	1.53	1.54	1.52	1.53	137428
1989-10-05	1.52	1.53	1.51	1.52	450505
1989-10-06	1.52	1.52	1.52	1.52	214301
1989-10-09	1.52	1.52	1.51	1.52	54971
1989-10-10	1.52	1.53	1.51	1.51	139575
1989-10-11	1.52	1.52	1.52	1.52	139575
1989-10-12	1.52	1.53	1.52	1.52	54971
1989-10-13	1.52	1.53	1.52	1.52	172214
1989-10-16	1.52	1.53	1.51	1.52	592656
1989-10-17	1.52	1.52	1.51	1.51	133133
1989-10-18	1.52	1.52	1.51	1.51	86751
1989-10-19	1.53	1.53	1.52	1.52	130127
1989-10-20	1.52	1.53	1.52	1.52	1090831
1989-10-23	1.52	1.53	1.52	1.52	317372
1989-10-24	1.52	1.52	1.52	1.52	128409
1989-10-25	1.52	1.52	1.51	1.51	70432
1989-10-26	1.52	1.52	1.51	1.51	264548
1989-10-27	1.52	1.52	1.51	1.52	155894
1989-10-30	1.52	1.52	1.52	1.52	121537
1989-10-31	1.53	1.53	1.52	1.52	149023
1989-11-01	1.53	1.54	1.52	1.52	210006
1989-11-02	1.54	1.55	1.53	1.53	524372
1989-11-03	1.54	1.54	1.53	1.54	215160
1989-11-06	1.53	1.54	1.52	1.54	151600
1989-11-07	1.53	1.53	1.52	1.53	774318
1989-11-08	1.56	1.56	1.54	1.54	333691
1989-11-09	1.55	1.57	1.55	1.57	152888
1989-11-10	1.55	1.55	1.54	1.55	62272
1989-11-13	1.56	1.56	1.55	1.56	94052
1989-11-14	1.56	1.56	1.55	1.56	82027
1989-11-15	1.56	1.56	1.56	1.56	255959
1989-11-16	1.57	1.57	1.56	1.56	394245
1989-11-17	1.56	1.57	1.55	1.57	92334
1989-11-20	1.55	1.56	1.54	1.56	103500
1989-11-21	1.55	1.56	1.54	1.56	98347
1989-11-22	1.56	1.56	1.54	1.55	132274
1989-11-24	1.57	1.57	1.56	1.56	254670
1989-11-27	1.57	1.57	1.56	1.57	146876
1989-11-28	1.57	1.58	1.57	1.58	343139
1989-11-29	1.57	1.57	1.56	1.57	127120
1989-11-30	1.59	1.59	1.56	1.57	263689
1989-12-01	1.60	1.60	1.59	1.60	2431608
1989-12-04	1.61	1.61	1.59	1.60	366330
1989-12-05	1.59	1.61	1.59	1.60	275285
1989-12-06	1.60	1.60	1.59	1.60	137428
1989-12-07	1.59	1.60	1.59	1.60	84174
1989-12-08	1.59	1.61	1.59	1.60	204423
1989-12-11	1.59	1.59	1.59	1.59	91046
1989-12-12	1.60	1.61	1.59	1.59	308782
1989-12-13	1.62	1.62	1.60	1.61	90187
1989-12-14	1.63	1.63	1.62	1.62	489156
1989-12-15	1.61	1.63	1.61	1.63	513206
1989-12-18	1.62	1.62	1.61	1.61	761434
1989-12-19	1.62	1.63	1.62	1.62	214731
1989-12-20	1.63	1.63	1.61	1.63	117243
1989-12-21	1.63	1.63	1.62	1.62	118531
1989-12-22	1.63	1.63	1.62	1.63	63131
1989-12-26	1.63	1.64	1.62	1.62	113378
1989-12-27	1.62	1.63	1.61	1.62	619283
1989-12-28	1.62	1.63	1.61	1.62	320378
1989-12-29	1.64	1.64	1.62	1.62	2667382
1990-01-02	1.64	1.65	1.64	1.64	419154
1990-01-03	1.65	1.66	1.64	1.65	1158686
1990-01-04	1.63	1.64	1.62	1.64	571183
1990-01-05	1.62	1.63	1.61	1.63	525660
1990-01-08	1.60	1.61	1.60	1.61	229762
1990-01-09	1.61	1.61	1.60	1.60	270560
1990-01-10	1.60	1.61	1.59	1.60	418725
1990-01-11	1.61	1.61	1.60	1.60	451793
1990-01-12	1.59	1.60	1.59	1.60	614129
1990-01-15	1.57	1.59	1.57	1.59	164484
1990-01-16	1.57	1.57	1.56	1.57	286880
1990-01-17	1.56	1.59	1.56	1.57	1361391
1990-01-18	1.55	1.55	1.54	1.54	448357
1990-01-19	1.55	1.56	1.55	1.56	347863
1990-01-22	1.54	1.55	1.54	1.55	79450
1990-01-23	1.55	1.55	1.54	1.55	120249
1990-01-24	1.55	1.56	1.53	1.54	380932
1990-01-25	1.54	1.55	1.53	1.55	145587
1990-01-26	1.55	1.55	1.53	1.53	182950
1990-01-29	1.55	1.55	1.54	1.54	322096
1990-01-30	1.54	1.55	1.54	1.55	262830
1990-01-31	1.56	1.56	1.54	1.54	281297
1990-02-01	1.59	1.59	1.56	1.56	179515
1990-02-02	1.59	1.59	1.58	1.59	118961
1990-02-05	1.59	1.59	1.58	1.59	109083
1990-02-06	1.59	1.60	1.59	1.60	136569
1990-02-07	1.59	1.59	1.58	1.59	76015
1990-02-08	1.60	1.61	1.59	1.59	463388
1990-02-09	1.59	1.60	1.58	1.60	225467
1990-02-12	1.57	1.59	1.57	1.58	193257
1990-02-13	1.57	1.57	1.56	1.57	417007
1990-02-14	1.58	1.58	1.57	1.58	353017
1990-02-15	1.59	1.59	1.58	1.58	183380
1990-02-16	1.59	1.60	1.58	1.59	235774
1990-02-20	1.57	1.58	1.57	1.58	128838
1990-02-21	1.57	1.57	1.55	1.55	126262
1990-02-22	1.57	1.57	1.56	1.57	324243
1990-02-23	1.56	1.57	1.56	1.56	68284
1990-02-26	1.56	1.57	1.56	1.56	83745
1990-02-27	1.57	1.57	1.56	1.56	109083
1990-02-28	1.58	1.58	1.57	1.57	306206
1990-03-01	1.59	1.59	1.57	1.57	334980
1990-03-02	1.59	1.59	1.58	1.59	1199485
1990-03-05	1.61	1.61	1.59	1.59	995061
1990-03-06	1.61	1.61	1.60	1.60	1357097
1990-03-07	1.61	1.61	1.60	1.61	125403
1990-03-08	1.61	1.61	1.60	1.61	79880
1990-03-09	1.60	1.61	1.60	1.61	322096
1990-03-12	1.62	1.62	1.59	1.59	517930
1990-03-13	1.61	1.62	1.61	1.61	228903
1990-03-14	1.63	1.63	1.61	1.61	147735
1990-03-15	1.63	1.63	1.62	1.62	291604
1990-03-16	1.63	1.64	1.62	1.64	1397037
1990-03-19	1.63	1.63	1.62	1.63	133992
1990-03-20	1.62	1.63	1.62	1.63	170496
1990-03-21	1.62	1.63	1.62	1.62	356023
1990-03-22	1.61	1.62	1.61	1.62	417007
1990-03-23	1.62	1.62	1.61	1.62	242216
1990-03-26	1.61	1.62	1.61	1.62	2191969
1990-03-27	1.61	1.62	1.61	1.61	99205
1990-03-28	1.62	1.62	1.61	1.61	220743
1990-03-29	1.62	1.62	1.61	1.61	140863
1990-03-30	1.63	1.63	1.62	1.62	97488
1990-04-02	1.62	1.62	1.61	1.62	97058
1990-04-03	1.63	1.63	1.62	1.63	263689
1990-04-04	1.62	1.64	1.62	1.64	213013
1990-04-05	1.61	1.63	1.61	1.63	147305
1990-04-06	1.60	1.62	1.60	1.60	401117
1990-04-09	1.60	1.61	1.59	1.60	154177
1990-04-10	1.60	1.60	1.59	1.60	108654
1990-04-11	1.61	1.61	1.59	1.60	170925
1990-04-12	1.62	1.62	1.61	1.61	91905
1990-04-16	1.63	1.63	1.62	1.62	548422
1990-04-17	1.63	1.64	1.62	1.63	679407
1990-04-18	1.62	1.63	1.62	1.63	500322
1990-04-19	1.63	1.63	1.62	1.62	176938
1990-04-20	1.60	1.63	1.59	1.62	135280
1990-04-23	1.58	1.60	1.57	1.59	82457
1990-04-24	1.58	1.58	1.58	1.58	88469
1990-04-25	1.59	1.59	1.57	1.58	42087
1990-04-26	1.56	1.59	1.56	1.59	56689
1990-04-27	1.55	1.57	1.54	1.56	236204
1990-04-30	1.55	1.56	1.52	1.55	288168
1990-05-01	1.57	1.57	1.54	1.56	261542
1990-05-02	1.56	1.57	1.56	1.57	199699
1990-05-03	1.58	1.58	1.57	1.57	87181
1990-05-04	1.59	1.59	1.57	1.59	781190
1990-05-07	1.60	1.60	1.58	1.59	386944
1990-05-08	1.61	1.62	1.60	1.60	124973
1990-05-09	1.62	1.63	1.61	1.61	234056
1990-05-10	1.63	1.63	1.62	1.62	155035
1990-05-11	1.65	1.65	1.63	1.63	508482
1990-05-14	1.66	1.66	1.65	1.65	163195
1990-05-15	1.66	1.67	1.65	1.66	230621
1990-05-16	1.67	1.67	1.65	1.66	307924
1990-05-17	1.67	1.68	1.67	1.67	227185
1990-05-18	1.67	1.67	1.66	1.66	195834
1990-05-21	1.67	1.67	1.66	1.66	154177
1990-05-22	1.67	1.67	1.66	1.67	112519
1990-05-23	1.66	1.67	1.65	1.67	67425
1990-05-24	1.66	1.67	1.65	1.67	162766
1990-05-25	1.66	1.66	1.66	1.66	39940
1990-05-29	1.66	1.66	1.65	1.66	70432
1990-05-30	1.64	1.67	1.64	1.66	100494
1990-05-31	1.65	1.65	1.64	1.65	225038
1990-06-01	1.66	1.66	1.65	1.65	1737599
1990-06-04	1.67	1.67	1.65	1.66	1927421
1990-06-05	1.67	1.68	1.66	1.66	964140
1990-06-06	1.68	1.69	1.67	1.68	267554
1990-06-07	1.67	1.69	1.67	1.68	126691
1990-06-08	1.66	1.67	1.66	1.67	147735
1990-06-11	1.68	1.69	1.66	1.67	209577
1990-06-12	1.68	1.69	1.68	1.68	120249
1990-06-13	1.69	1.69	1.68	1.69	185527
1990-06-14	1.68	1.69	1.67	1.69	335839
1990-06-15	1.68	1.69	1.68	1.69	255959
1990-06-18	1.67	1.68	1.67	1.68	677689
1990-06-19	1.68	1.68	1.67	1.68	407988
1990-06-20	1.67	1.68	1.67	1.67	269272
1990-06-21	1.68	1.68	1.67	1.68	2044664
1990-06-22	1.69	1.69	1.68	1.68	368907
1990-06-25	1.66	1.69	1.66	1.69	500752
1990-06-26	1.67	1.68	1.67	1.67	264548
1990-06-27	1.68	1.68	1.67	1.67	239639
1990-06-28	1.69	1.69	1.68	1.68	219025
1990-06-29	1.69	1.70	1.69	1.70	477561
1990-07-02	1.69	1.69	1.69	1.69	1834658
1990-07-03	1.69	1.70	1.69	1.69	296758
1990-07-05	1.68	1.69	1.67	1.68	171355
1990-07-06	1.69	1.69	1.67	1.67	167919
1990-07-09	1.69	1.69	1.68	1.69	222890
1990-07-10	1.68	1.69	1.66	1.69	310930
1990-07-11	1.67	1.68	1.66	1.68	167060
1990-07-12	1.67	1.67	1.66	1.67	137857
1990-07-13	1.67	1.68	1.67	1.68	417436
1990-07-16	1.66	1.68	1.66	1.67	233197
1990-07-17	1.66	1.67	1.65	1.66	193687
1990-07-18	1.65	1.66	1.65	1.66	55400
1990-07-19	1.65	1.66	1.63	1.66	158471
1990-07-20	1.65	1.66	1.64	1.65	109942
1990-07-23	1.62	1.65	1.62	1.64	144299
1990-07-24	1.61	1.62	1.61	1.62	288598
1990-07-25	1.62	1.62	1.60	1.61	591368
1990-07-26	1.64	1.64	1.61	1.62	161477
1990-07-27	1.64	1.65	1.64	1.64	311789
1990-07-30	1.66	1.66	1.63	1.64	971870
1990-07-31	1.66	1.67	1.65	1.65	480996
1990-08-01	1.69	1.69	1.66	1.66	410135
1990-08-02	1.68	1.69	1.67	1.69	436762
1990-08-03	1.66	1.67	1.66	1.67	304058
1990-08-06	1.62	1.65	1.60	1.65	259394
1990-08-07	1.63	1.64	1.61	1.61	274855
1990-08-08	1.64	1.64	1.62	1.62	164913
1990-08-09	1.63	1.64	1.63	1.63	38222
1990-08-10	1.63	1.64	1.63	1.63	64419
1990-08-13	1.65	1.65	1.63	1.63	229332
1990-08-14	1.65	1.65	1.64	1.65	306206
1990-08-15	1.67	1.67	1.65	1.65	334550
1990-08-16	1.65	1.66	1.65	1.66	228473
1990-08-17	1.62	1.65	1.62	1.65	980889
1990-08-20	1.63	1.63	1.61	1.62	264977
1990-08-21	1.63	1.63	1.62	1.63	136569
1990-08-22	1.62	1.63	1.62	1.63	167490
1990-08-23	1.59	1.60	1.58	1.60	1757784
1990-08-24	1.56	1.59	1.55	1.58	188533
1990-08-27	1.57	1.58	1.55	1.56	130556
1990-08-28	1.58	1.58	1.55	1.56	167490
1990-08-29	1.58	1.59	1.57	1.57	88898
1990-08-30	1.58	1.59	1.58	1.59	1949324
1990-08-31	1.59	1.59	1.58	1.58	447069
1990-09-04	1.58	1.59	1.58	1.59	302770
1990-09-05	1.59	1.59	1.58	1.58	219455
1990-09-06	1.59	1.59	1.59	1.59	201847
1990-09-07	1.59	1.60	1.58	1.59	403264
1990-09-10	1.60	1.61	1.59	1.59	372772
1990-09-11	1.59	1.60	1.59	1.60	268413
1990-09-12	1.60	1.60	1.59	1.59	109083
1990-09-13	1.60	1.60	1.59	1.60	135710
1990-09-14	1.60	1.60	1.59	1.59	164054
1990-09-17	1.59	1.59	1.59	1.59	181662
1990-09-18	1.60	1.60	1.58	1.59	282156
1990-09-19	1.59	1.60	1.58	1.60	293751
1990-09-20	1.59	1.59	1.58	1.58	221172
1990-09-21	1.59	1.60	1.58	1.59	292892
1990-09-24	1.58	1.59	1.57	1.58	389951
1990-09-25	1.58	1.60	1.58	1.59	811681
1990-09-26	1.58	1.58	1.57	1.58	200129
1990-09-27	1.59	1.59	1.57	1.59	182521
1990-09-28	1.61	1.61	1.58	1.59	520936
1990-10-01	1.62	1.62	1.61	1.61	593945
1990-10-02	1.63	1.64	1.62	1.62	288598
1990-10-03	1.64	1.64	1.62	1.62	271849
1990-10-04	1.65	1.66	1.63	1.64	170925
1990-10-05	1.68	1.68	1.64	1.65	210436
1990-10-08	1.69	1.69	1.68	1.68	535967
1990-10-09	1.65	1.68	1.65	1.68	283015
1990-10-10	1.63	1.65	1.63	1.65	140004
1990-10-11	1.63	1.63	1.62	1.62	110801
1990-10-12	1.66	1.68	1.63	1.63	2930642
1990-10-15	1.67	1.67	1.64	1.66	293751
1990-10-16	1.67	1.68	1.67	1.67	255529
1990-10-17	1.66	1.67	1.65	1.67	1442560
1990-10-18	1.66	1.66	1.66	1.66	2027915
1990-10-19	1.67	1.67	1.66	1.66	587503
1990-10-22	1.68	1.69	1.66	1.67	1533605
1990-10-23	1.68	1.68	1.67	1.68	106506
1990-10-24	1.68	1.68	1.67	1.68	130556
1990-10-25	1.68	1.68	1.67	1.68	182521
1990-10-26	1.68	1.68	1.67	1.68	130556
1990-10-29	1.67	1.68	1.66	1.68	540262
1990-10-30	1.67	1.67	1.66	1.66	101782
1990-10-31	1.68	1.68	1.66	1.66	94911
1990-11-01	1.69	1.69	1.68	1.68	431608
1990-11-02	1.73	1.73	1.69	1.69	396393
1990-11-05	1.73	1.74	1.73	1.73	867082
1990-11-06	1.73	1.73	1.72	1.73	303199
1990-11-07	1.72	1.73	1.71	1.73	85463
1990-11-08	1.69	1.72	1.69	1.71	85892
1990-11-09	1.72	1.72	1.70	1.70	161907
1990-11-12	1.73	1.74	1.72	1.72	440198
1990-11-13	1.73	1.74	1.72	1.73	179944
1990-11-14	1.72	1.73	1.72	1.73	107365
1990-11-15	1.72	1.72	1.71	1.71	108654
1990-11-16	1.73	1.74	1.72	1.73	138716
1990-11-19	1.71	1.73	1.71	1.73	258965
1990-11-20	1.72	1.73	1.71	1.71	242645
1990-11-21	1.73	1.73	1.71	1.71	140863
1990-11-23	1.73	1.73	1.72	1.73	60554
1990-11-26	1.72	1.73	1.71	1.72	161907
1990-11-27	1.73	1.74	1.71	1.73	162336
1990-11-28	1.74	1.74	1.73	1.73	217737
1990-11-29	1.75	1.75	1.74	1.74	147735
1990-11-30	1.75	1.75	1.74	1.74	480567
1990-12-03	1.77	1.77	1.76	1.76	2396393
1990-12-04	1.77	1.77	1.75	1.77	468971
1990-12-05	1.78	1.78	1.76	1.76	385656
1990-12-06	1.78	1.78	1.77	1.77	228473
1990-12-07	1.77	1.78	1.77	1.78	574189
1990-12-10	1.77	1.77	1.76	1.77	293751
1990-12-11	1.77	1.77	1.76	1.77	77732
1990-12-12	1.78	1.78	1.77	1.77	185957
1990-12-13	1.79	1.79	1.78	1.78	140863
1990-12-14	1.78	1.79	1.78	1.78	242645
1990-12-17	1.77	1.78	1.77	1.78	256388
1990-12-18	1.78	1.78	1.76	1.77	331114
1990-12-19	1.80	1.81	1.78	1.79	2918188
1990-12-20	1.79	1.80	1.78	1.79	198840
1990-12-21	1.81	1.81	1.79	1.79	203994
1990-12-24	1.80	1.81	1.80	1.80	254241
1990-12-26	1.81	1.81	1.80	1.80	130986
1990-12-27	1.82	1.82	1.81	1.82	317801
1990-12-28	1.81	1.82	1.81	1.82	224608
1990-12-31	1.79	1.81	1.78	1.80	243504
1991-01-02	1.77	1.80	1.77	1.79	91905
1991-01-03	1.78	1.78	1.76	1.78	91046
1991-01-04	1.76	1.77	1.76	1.77	125832
1991-01-07	1.74	1.77	1.71	1.76	158042
1991-01-08	1.73	1.73	1.72	1.73	299334
1991-01-09	1.74	1.76	1.73	1.74	226755
1991-01-10	1.74	1.74	1.73	1.73	111230
1991-01-11	1.74	1.74	1.74	1.74	66996
1991-01-14	1.74	1.74	1.73	1.74	179085
1991-01-15	1.73	1.74	1.72	1.73	95340
1991-01-16	1.77	1.77	1.73	1.74	155465
1991-01-17	1.78	1.78	1.77	1.78	70861
1991-01-18	1.77	1.78	1.76	1.77	94052
1991-01-21	1.77	1.77	1.76	1.76	63560
1991-01-22	1.77	1.78	1.76	1.76	127550
1991-01-23	1.77	1.78	1.76	1.77	72579
1991-01-24	1.78	1.78	1.76	1.76	152029
1991-01-25	1.79	1.79	1.77	1.77	185098
1991-01-28	1.78	1.80	1.78	1.80	106506
1991-01-29	1.76	1.78	1.76	1.78	103500
1991-01-30	1.76	1.77	1.75	1.76	543698
1991-01-31	1.74	1.76	1.74	1.76	256388
1991-02-01	1.74	1.76	1.73	1.75	331973
1991-02-04	1.74	1.76	1.74	1.75	146017
1991-02-05	1.74	1.76	1.73	1.75	643762
1991-02-06	1.73	1.75	1.73	1.74	963281
1991-02-07	1.77	1.77	1.74	1.74	258106
1991-02-08	1.78	1.78	1.77	1.77	134421
1991-02-11	1.81	1.81	1.78	1.78	110371
1991-02-12	1.80	1.82	1.77	1.80	272708
1991-02-13	1.81	1.81	1.79	1.79	182950
1991-02-14	1.82	1.83	1.80	1.80	639467
1991-02-15	1.84	1.85	1.82	1.82	146017
1991-02-19	1.85	1.85	1.82	1.83	605970
1991-02-20	1.83	1.83	1.82	1.83	323814
1991-02-21	1.81	1.83	1.81	1.82	398110
1991-02-22	1.81	1.82	1.79	1.80	128409
1991-02-25	1.82	1.82	1.79	1.81	195405
1991-02-26	1.82	1.82	1.82	1.82	170496
1991-02-27	1.82	1.82	1.81	1.82	398540
1991-02-28	1.80	1.82	1.80	1.82	511918
1991-03-01	1.81	1.81	1.80	1.81	1231694
1991-03-04	1.82	1.84	1.80	1.83	200129
1991-03-05	1.78	1.82	1.78	1.80	225038
1991-03-06	1.79	1.80	1.78	1.79	940949
1991-03-07	1.78	1.80	1.77	1.79	838308
1991-03-08	1.79	1.80	1.78	1.78	267125
1991-03-11	1.78	1.79	1.78	1.78	127550
1991-03-12	1.80	1.80	1.78	1.78	418295
1991-03-13	1.80	1.80	1.79	1.80	243934
1991-03-14	1.82	1.82	1.79	1.80	225467
1991-03-15	1.82	1.82	1.80	1.81	156324
1991-03-18	1.82	1.82	1.80	1.81	115096
1991-03-19	1.81	1.82	1.80	1.81	181662
1991-03-20	1.81	1.81	1.80	1.80	95340
1991-03-21	1.82	1.82	1.80	1.81	177797
1991-03-22	1.82	1.82	1.81	1.82	195405
1991-03-25	1.85	1.85	1.82	1.83	121108
1991-03-26	1.88	1.88	1.85	1.86	404982
1991-03-27	1.88	1.88	1.87	1.88	282585
1991-03-28	1.87	1.87	1.86	1.87	137428
1991-04-01	1.86	1.87	1.84	1.86	154606
1991-04-02	1.88	1.89	1.86	1.87	174791
1991-04-03	1.92	1.92	1.88	1.88	246511
1991-04-04	1.91	1.92	1.90	1.92	123255
1991-04-05	1.89	1.91	1.88	1.91	99635
1991-04-08	1.88	1.90	1.87	1.89	244793
1991-04-09	1.88	1.89	1.87	1.87	94052
1991-04-10	1.88	1.88	1.87	1.88	253382
1991-04-11	1.88	1.89	1.87	1.88	220743
1991-04-12	1.89	1.90	1.88	1.88	110801
1991-04-15	1.88	1.89	1.87	1.88	150311
1991-04-16	1.87	1.88	1.86	1.88	192399
1991-04-17	1.86	1.87	1.85	1.87	235345
1991-04-18	1.86	1.87	1.85	1.87	123255
1991-04-19	1.86	1.86	1.84	1.85	75156
1991-04-22	1.87	1.88	1.85	1.85	138716
1991-04-23	1.86	1.88	1.86	1.87	185098
1991-04-24	1.86	1.87	1.85	1.86	100923
1991-04-25	1.85	1.86	1.84	1.86	159760
1991-04-26	1.84	1.84	1.83	1.84	593515
1991-04-29	1.84	1.84	1.84	1.84	78591
1991-04-30	1.86	1.86	1.84	1.85	190681
1991-05-01	1.84	1.86	1.84	1.86	507193
1991-05-02	1.86	1.86	1.85	1.85	849474
1991-05-03	1.85	1.87	1.85	1.86	72149
1991-05-06	1.85	1.87	1.85	1.85	622718
1991-05-07	1.86	1.86	1.85	1.85	259824
1991-05-08	1.87	1.87	1.85	1.86	148594
1991-05-09	1.87	1.87	1.86	1.87	75585
1991-05-10	1.86	1.88	1.85	1.88	1890058
1991-05-13	1.87	1.87	1.85	1.85	94052
1991-05-14	1.86	1.87	1.85	1.87	73867
1991-05-15	1.85	1.86	1.85	1.86	88898
1991-05-16	1.86	1.86	1.85	1.86	66566
1991-05-17	1.87	1.87	1.86	1.86	63990
1991-05-20	1.88	1.88	1.86	1.86	601245
1991-05-21	1.89	1.89	1.88	1.88	63560
1991-05-22	1.88	1.90	1.87	1.89	429032
1991-05-23	1.86	1.87	1.86	1.86	485291
1991-05-24	1.86	1.86	1.85	1.86	45952
1991-05-28	1.86	1.86	1.85	1.86	169208
1991-05-29	1.88	1.88	1.86	1.86	91046
1991-05-30	1.87	1.88	1.86	1.88	194546
1991-05-31	1.87	1.87	1.86	1.87	566030
1991-06-03	1.87	1.87	1.86	1.87	770024
1991-06-04	1.84	1.86	1.83	1.85	791067
1991-06-05	1.83	1.84	1.83	1.83	842173
1991-06-06	1.84	1.84	1.83	1.84	174361
1991-06-07	1.84	1.84	1.83	1.84	61842
1991-06-10	1.84	1.84	1.83	1.83	124544
1991-06-11	1.84	1.84	1.83	1.84	93623
1991-06-12	1.84	1.84	1.83	1.83	102641
1991-06-13	1.83	1.84	1.82	1.83	396393
1991-06-14	1.84	1.84	1.83	1.84	78162
1991-06-17	1.84	1.84	1.83	1.84	201417
1991-06-18	1.83	1.84	1.83	1.83	136569
1991-06-19	1.82	1.83	1.81	1.83	406270
1991-06-20	1.83	1.83	1.81	1.82	179944
1991-06-21	1.84	1.84	1.83	1.83	230191
1991-06-24	1.84	1.84	1.83	1.83	223320
1991-06-25	1.84	1.84	1.83	1.84	315224
1991-06-26	1.85	1.85	1.84	1.84	115525
1991-06-27	1.85	1.86	1.84	1.84	193687
1991-06-28	1.85	1.86	1.85	1.86	126262
1991-07-01	1.87	1.87	1.85	1.85	261112
1991-07-02	1.86	1.87	1.86	1.87	438909
1991-07-03	1.86	1.87	1.85	1.87	145587
1991-07-05	1.86	1.86	1.85	1.86	89757
1991-07-08	1.87	1.87	1.85	1.86	192828
1991-07-09	1.86	1.87	1.85	1.87	81598
1991-07-10	1.86	1.86	1.85	1.86	93623
1991-07-11	1.86	1.86	1.85	1.85	122396
1991-07-12	1.86	1.86	1.86	1.86	116384
1991-07-15	1.86	1.86	1.85	1.86	105647
1991-07-16	1.86	1.87	1.86	1.86	112089
1991-07-17	1.86	1.86	1.85	1.86	49817
1991-07-18	1.87	1.87	1.85	1.86	1955766
1991-07-19	1.87	1.87	1.86	1.87	47670
1991-07-22	1.86	1.87	1.85	1.86	125832
1991-07-23	1.86	1.86	1.86	1.86	170925
1991-07-24	1.87	1.87	1.85	1.86	77303
1991-07-25	1.87	1.87	1.85	1.87	129697
1991-07-26	1.87	1.87	1.85	1.87	681555
1991-07-29	1.89	1.89	1.87	1.87	136569
1991-07-30	1.91	1.91	1.88	1.88	132703
1991-07-31	1.92	1.92	1.91	1.92	303199
1991-08-01	1.92	1.92	1.91	1.91	240498
1991-08-02	1.92	1.93	1.91	1.93	190251
1991-08-05	1.95	1.96	1.93	1.93	258965
1991-08-06	1.96	1.96	1.93	1.95	193687
1991-08-07	1.99	1.99	1.96	1.96	167919
1991-08-08	1.97	1.99	1.97	1.99	380502
1991-08-09	1.97	1.98	1.97	1.98	123685
1991-08-12	1.97	1.99	1.97	1.97	103500
1991-08-13	1.97	1.97	1.96	1.97	320807
1991-08-14	1.98	1.98	1.96	1.97	401976
1991-08-15	2.00	2.00	1.98	1.98	173932
1991-08-16	2.00	2.00	1.99	2.00	463388
1991-08-19	1.98	1.99	1.97	1.99	421301
1991-08-20	1.96	1.97	1.95	1.97	437191
1991-08-21	1.97	1.97	1.96	1.96	215160
1991-08-22	1.97	1.97	1.96	1.97	118102
1991-08-23	1.99	1.99	1.97	1.97	187674
1991-08-26	1.98	1.99	1.96	1.98	53253
1991-08-27	1.97	1.98	1.97	1.97	56259
1991-08-28	1.97	1.97	1.96	1.97	106077
1991-08-29	2.00	2.00	1.97	1.97	138716
1991-08-30	2.01	2.01	1.99	2.00	231050
1991-09-03	2.01	2.01	2.00	2.01	1285806
1991-09-04	1.99	1.99	1.98	1.99	839596
1991-09-05	1.98	1.98	1.98	1.98	819412
1991-09-06	2.00	2.00	1.98	1.99	91905
1991-09-09	2.01	2.02	2.00	2.00	104788
1991-09-10	2.00	2.01	1.99	2.01	75156
1991-09-11	2.00	2.00	1.99	1.99	108224
1991-09-12	2.01	2.01	2.00	2.00	216019
1991-09-13	2.02	2.02	2.00	2.01	162766
1991-09-16	2.02	2.02	2.01	2.01	151170
1991-09-17	2.03	2.03	2.01	2.01	147305
1991-09-18	2.02	2.02	2.02	2.02	217737
1991-09-19	2.02	2.02	2.01	2.02	175220
1991-09-20	2.04	2.04	2.01	2.03	142581
1991-09-23	2.04	2.05	2.03	2.05	170496
1991-09-24	2.03	2.04	2.02	2.03	170496
1991-09-25	2.04	2.04	2.03	2.03	215160
1991-09-26	2.06	2.06	2.03	2.03	486579
1991-09-27	2.07	2.07	2.05	2.05	321666
1991-09-30	2.07	2.07	2.06	2.07	127120
1991-10-01	2.07	2.07	2.05	2.07	641615
1991-10-02	2.08	2.08	2.07	2.07	123255
1991-10-03	2.09	2.09	2.07	2.08	332403
1991-10-04	2.09	2.09	2.08	2.09	65278
1991-10-07	2.08	2.09	2.07	2.09	91475
1991-10-08	2.07	2.08	2.06	2.08	216448
1991-10-09	2.05	2.07	2.05	2.07	109513
1991-10-10	2.05	2.05	2.04	2.05	135280
1991-10-11	2.05	2.05	2.04	2.05	117243
1991-10-14	2.05	2.05	2.05	2.05	87610
1991-10-15	2.06	2.06	2.04	2.05	134421
1991-10-16	2.06	2.06	2.05	2.06	268843
1991-10-17	2.06	2.06	2.05	2.06	218166
1991-10-18	2.07	2.07	2.05	2.06	222031
1991-10-21	2.05	2.07	2.04	2.06	129697
1991-10-22	2.06	2.06	2.04	2.05	155465
1991-10-23	2.06	2.06	2.04	2.06	211724
1991-10-24	2.07	2.07	2.06	2.06	90187
1991-10-25	2.06	2.07	2.06	2.06	55830
1991-10-28	2.09	2.09	2.06	2.06	59266
1991-10-29	2.11	2.11	2.08	2.09	95340
1991-10-30	2.12	2.12	2.10	2.11	155035
1991-10-31	2.14	2.14	2.10	2.10	247370
1991-11-01	2.14	2.14	2.13	2.14	164484
1991-11-04	2.13	2.13	2.11	2.13	73008
1991-11-05	2.12	2.13	2.11	2.12	317372
1991-11-06	2.13	2.13	2.11	2.13	97058
1991-11-07	2.14	2.14	2.12	2.13	115525
1991-11-08	2.13	2.14	2.12	2.14	617565
1991-11-11	2.15	2.15	2.13	2.13	113807
1991-11-12	2.18	2.18	2.15	2.15	282156
1991-11-13	2.17	2.17	2.16	2.16	237492
1991-11-14	2.17	2.18	2.16	2.17	266695
1991-11-15	2.17	2.19	2.16	2.18	134421
1991-11-18	2.15	2.16	2.15	2.16	164913
1991-11-19	2.14	2.16	2.13	2.16	200129
1991-11-20	2.13	2.14	2.13	2.13	150741
1991-11-21	2.13	2.13	2.12	2.13	151600
1991-11-22	2.12	2.13	2.12	2.13	284733
1991-11-25	2.09	2.12	2.09	2.12	518359
1991-11-26	2.12	2.12	2.09	2.09	293751
1991-11-27	2.13	2.13	2.10	2.12	496027
1991-11-29	2.14	2.15	2.13	2.13	64419
1991-12-02	2.16	2.16	2.14	2.15	180374
1991-12-03	2.16	2.17	2.16	2.16	628731
1991-12-04	2.15	2.18	2.14	2.16	806957
1991-12-05	2.14	2.15	2.14	2.15	853339
1991-12-06	2.14	2.15	2.14	2.14	255959
1991-12-09	2.16	2.17	2.13	2.15	387803
1991-12-10	2.16	2.17	2.15	2.15	116384
1991-12-11	2.16	2.17	2.15	2.15	76444
1991-12-12	2.17	2.17	2.15	2.15	342710
1991-12-13	2.18	2.18	2.16	2.17	187245
1991-12-16	2.19	2.19	2.18	2.18	160618
1991-12-17	2.18	2.19	2.17	2.18	311789
1991-12-18	2.19	2.19	2.17	2.18	185527
1991-12-19	2.20	2.20	2.17	2.18	232338
1991-12-20	2.29	2.29	2.21	2.22	951256
1991-12-23	2.27	2.29	2.27	2.27	679407
1991-12-24	2.28	2.28	2.27	2.28	173932
1991-12-26	2.29	2.29	2.27	2.28	225896
1991-12-27	2.29	2.30	2.28	2.28	151600
1991-12-30	2.29	2.30	2.28	2.30	162336
1991-12-31	2.31	2.31	2.27	2.29	210436
1992-01-02	2.30	2.32	2.27	2.30	570324
1992-01-03	2.27	2.31	2.26	2.30	738673
1992-01-06	2.27	2.29	2.27	2.28	224179
1992-01-07	2.26	2.27	2.25	2.27	132274
1992-01-08	2.26	2.27	2.25	2.26	219884
1992-01-09	2.25	2.26	2.24	2.26	132274
1992-01-10	2.22	2.25	2.20	2.24	231479
1992-01-13	2.21	2.21	2.20	2.20	249946
1992-01-14	2.19	2.21	2.18	2.21	573760
1992-01-15	2.18	2.19	2.17	2.19	271849
1992-01-16	2.16	2.19	2.15	2.19	284303
1992-01-17	2.15	2.17	2.15	2.17	138286
1992-01-20	2.15	2.17	2.14	2.16	182521
1992-01-21	2.18	2.18	2.14	2.17	418295
1992-01-22	2.18	2.20	2.17	2.19	332403
1992-01-23	2.17	2.18	2.15	2.18	212583
1992-01-24	2.16	2.17	2.15	2.17	302341
1992-01-27	2.17	2.17	2.15	2.17	144299
1992-01-28	2.16	2.17	2.15	2.17	371484
1992-01-29	2.18	2.19	2.16	2.16	465106
1992-01-30	2.17	2.18	2.16	2.18	251664
1992-01-31	2.17	2.19	2.16	2.17	199699
1992-02-03	2.18	2.18	2.17	2.17	171355
1992-02-04	2.18	2.18	2.17	2.17	132703
1992-02-05	2.17	2.18	2.17	2.18	117243
1992-02-06	2.17	2.17	2.15	2.17	222461
1992-02-07	2.15	2.17	2.15	2.17	142581
1992-02-10	2.15	2.17	2.15	2.17	360747
1992-02-11	2.15	2.16	2.15	2.16	161907
1992-02-12	2.18	2.18	2.15	2.17	174361
1992-02-13	2.18	2.18	2.17	2.18	368907
1992-02-14	2.18	2.18	2.17	2.18	130127
1992-02-18	2.15	2.18	2.15	2.17	349581
1992-02-19	2.14	2.16	2.14	2.15	175650
1992-02-20	2.15	2.15	2.13	2.13	211724
1992-02-21	2.14	2.15	2.13	2.15	911746
1992-02-24	2.13	2.14	2.12	2.14	461671
1992-02-25	2.13	2.13	2.12	2.13	284303
1992-02-26	2.17	2.17	2.13	2.13	321237
1992-02-27	2.18	2.19	2.17	2.17	421731
1992-02-28	2.18	2.19	2.17	2.18	1009233
1992-03-02	2.18	2.18	2.16	2.18	687138
1992-03-03	2.15	2.18	2.15	2.17	818982
1992-03-04	2.16	2.16	2.13	2.15	961134
1992-03-05	2.14	2.16	2.13	2.16	880395
1992-03-06	2.16	2.16	2.14	2.15	148594
1992-03-09	2.17	2.18	2.16	2.16	164054
1992-03-10	2.19	2.19	2.16	2.16	267554
1992-03-11	2.18	2.19	2.18	2.19	112519
1992-03-12	2.17	2.18	2.17	2.18	215589
1992-03-13	2.17	2.17	2.16	2.16	167060
1992-03-16	2.18	2.18	2.17	2.17	160189
1992-03-17	2.19	2.20	2.17	2.17	233197
1992-03-18	2.19	2.20	2.18	2.20	259824
1992-03-19	2.18	2.19	2.18	2.19	419583
1992-03-20	2.18	2.18	2.17	2.18	288598
1992-03-23	2.18	2.18	2.17	2.18	193687
1992-03-24	2.17	2.18	2.16	2.17	182091
1992-03-25	2.17	2.17	2.17	2.17	135710
1992-03-26	2.17	2.17	2.16	2.17	210006
1992-03-27	2.17	2.17	2.16	2.16	198411
1992-03-30	2.16	2.17	2.16	2.17	426025
1992-03-31	2.16	2.16	2.15	2.16	291175
1992-04-01	2.16	2.16	2.15	2.15	259394
1992-04-02	2.15	2.16	2.15	2.16	211295
1992-04-03	2.15	2.15	2.15	2.15	244793
1992-04-06	2.16	2.16	2.15	2.15	184668
1992-04-07	2.15	2.16	2.15	2.16	195834
1992-04-08	2.15	2.16	2.15	2.16	216019
1992-04-09	2.15	2.15	2.15	2.15	234056
1992-04-10	2.15	2.16	2.15	2.15	176508
1992-04-13	2.18	2.18	2.15	2.15	160618
1992-04-14	2.21	2.21	2.17	2.18	136569
1992-04-15	2.23	2.23	2.21	2.21	205712
1992-04-16	2.23	2.23	2.22	2.23	169208
1992-04-20	2.22	2.23	2.21	2.23	152888
1992-04-21	2.21	2.23	2.20	2.22	201417
1992-04-22	2.21	2.21	2.20	2.21	101353
1992-04-23	2.20	2.21	2.20	2.21	268843
1992-04-24	2.21	2.21	2.20	2.21	111660
1992-04-27	2.21	2.21	2.20	2.21	188963
1992-04-28	2.22	2.22	2.20	2.20	109083
1992-04-29	2.23	2.23	2.22	2.22	264977
1992-04-30	2.24	2.25	2.22	2.23	225896
1992-05-01	2.25	2.25	2.23	2.24	215589
1992-05-04	2.26	2.26	2.24	2.25	148594
1992-05-05	2.28	2.28	2.26	2.26	157612
1992-05-06	2.30	2.30	2.28	2.28	160618
1992-05-07	2.30	2.30	2.29	2.30	80309
1992-05-08	2.27	2.30	2.26	2.30	154177
1992-05-11	2.27	2.27	2.26	2.27	237492
1992-05-12	2.32	2.32	2.25	2.27	211510
1992-05-13	2.32	2.33	2.31	2.32	220314
1992-05-14	2.31	2.32	2.30	2.32	326820
1992-05-15	2.28	2.30	2.27	2.28	187245
1992-05-18	2.30	2.30	2.27	2.28	675113
1992-05-19	2.32	2.33	2.28	2.30	205068
1992-05-20	2.32	2.33	2.31	2.32	282156
1992-05-21	2.31	2.32	2.30	2.32	119820
1992-05-22	2.30	2.32	2.28	2.32	116813
1992-05-26	2.30	2.30	2.27	2.30	140863
1992-05-27	2.30	2.30	2.27	2.30	215160
1992-05-28	2.28	2.32	2.28	2.30	334980
1992-05-29	2.32	2.33	2.28	2.30	1031351
1992-06-01	2.31	2.32	2.30	2.31	423878
1992-06-02	2.30	2.32	2.28	2.32	381361
1992-06-03	2.28	2.30	2.27	2.30	722139
1992-06-04	2.26	2.28	2.25	2.28	969508
1992-06-05	2.26	2.28	2.25	2.28	916040
1992-06-08	2.28	2.29	2.25	2.26	237062
1992-06-09	2.26	2.28	2.25	2.28	327249
1992-06-10	2.26	2.26	2.24	2.26	188104
1992-06-11	2.24	2.26	2.23	2.25	184668
1992-06-12	2.28	2.28	2.25	2.25	812755
1992-06-15	2.34	2.34	2.26	2.26	180374
1992-06-16	2.34	2.34	2.33	2.34	213872
1992-06-17	2.33	2.34	2.31	2.34	133562
1992-06-18	2.34	2.34	2.32	2.32	328108
1992-06-19	2.32	2.34	2.31	2.34	371484
1992-06-22	2.36	2.36	2.31	2.31	190895
1992-06-23	2.34	2.36	2.32	2.36	220528
1992-06-24	2.33	2.34	2.32	2.34	230621
1992-06-25	2.34	2.36	2.33	2.33	223320
1992-06-26	2.34	2.34	2.32	2.34	180588
1992-06-29	2.34	2.34	2.32	2.33	103500
1992-06-30	2.34	2.34	2.32	2.33	171570
1992-07-01	2.39	2.39	2.33	2.34	174361
1992-07-02	2.43	2.45	2.40	2.45	283444
1992-07-06	2.43	2.43	2.39	2.43	138931
1992-07-07	2.43	2.43	2.42	2.43	141937
1992-07-08	2.45	2.45	2.41	2.43	232338
1992-07-09	2.46	2.46	2.42	2.42	834658
1992-07-10	2.48	2.48	2.45	2.46	389092
1992-07-13	2.49	2.49	2.47	2.49	197123
1992-07-14	2.45	2.47	2.43	2.47	224393
1992-07-15	2.45	2.45	2.43	2.45	282156
1992-07-16	2.47	2.47	2.43	2.45	178226
1992-07-17	2.45	2.46	2.43	2.45	209362
1992-07-20	2.46	2.46	2.43	2.45	224179
1992-07-21	2.45	2.46	2.43	2.46	190466
1992-07-22	2.45	2.45	2.42	2.42	140219
1992-07-23	2.47	2.47	2.40	2.42	98991
1992-07-24	2.49	2.50	2.45	2.46	115954
1992-07-27	2.48	2.49	2.46	2.49	146231
1992-07-28	2.51	2.51	2.48	2.48	101997
1992-07-29	2.52	2.52	2.49	2.52	179085
1992-07-30	2.55	2.56	2.51	2.52	286021
1992-07-31	2.55	2.56	2.54	2.55	119820
1992-08-03	2.56	2.56	2.52	2.56	124329
1992-08-04	2.54	2.56	2.54	2.55	124973
1992-08-05	2.55	2.55	2.52	2.54	228473
1992-08-06	2.55	2.55	2.51	2.52	103930
1992-08-07	2.54	2.55	2.54	2.54	74726
1992-08-10	2.54	2.55	2.52	2.54	103285
1992-08-11	2.54	2.54	2.51	2.54	98561
1992-08-12	2.54	2.54	2.51	2.54	226111
1992-08-13	2.55	2.56	2.54	2.54	126691
1992-08-14	2.52	2.55	2.51	2.55	111016
1992-08-17	2.50	2.54	2.50	2.52	201632
1992-08-18	2.50	2.51	2.48	2.51	379429
1992-08-19	2.52	2.52	2.50	2.50	158686
1992-08-20	2.56	2.56	2.51	2.52	188748
1992-08-21	2.55	2.56	2.54	2.56	163839
1992-08-24	2.52	2.55	2.52	2.54	195834
1992-08-25	2.52	2.52	2.50	2.52	445995
1992-08-26	2.52	2.54	2.51	2.54	207644
1992-08-27	2.55	2.55	2.52	2.52	512776
1992-08-28	2.54	2.55	2.52	2.55	81383
1992-08-31	2.54	2.54	2.52	2.54	199914
1992-09-01	2.52	2.54	2.51	2.52	153747
1992-09-02	2.51	2.54	2.50	2.54	1169852
1992-09-03	2.47	2.50	2.46	2.50	2014387
1992-09-04	2.45	2.48	2.45	2.47	1948679
1992-09-08	2.47	2.48	2.45	2.47	360103
1992-09-09	2.49	2.49	2.46	2.46	306206
1992-09-10	2.50	2.50	2.48	2.49	263474
1992-09-11	2.49	2.50	2.48	2.50	172429
1992-09-14	2.49	2.54	2.49	2.50	357097
1992-09-15	2.48	2.50	2.48	2.50	423019
1992-09-16	2.47	2.49	2.46	2.48	277647
1992-09-17	2.46	2.48	2.45	2.47	179729
1992-09-18	2.49	2.49	2.45	2.46	426240
1992-09-21	2.48	2.49	2.46	2.48	181877
1992-09-22	2.47	2.47	2.46	2.47	337986
1992-09-23	2.45	2.46	2.36	2.45	261971
1992-09-24	2.48	2.48	2.45	2.46	212368
1992-09-25	2.49	2.49	2.46	2.48	182306
1992-09-28	2.50	2.50	2.47	2.47	192613
1992-09-29	2.53	2.53	2.49	2.50	222031
1992-09-30	2.53	2.53	2.50	2.53	99420
1992-10-01	2.53	2.53	2.52	2.53	106292
1992-10-02	2.52	2.53	2.49	2.52	148379
1992-10-05	2.49	2.52	2.46	2.52	142796
1992-10-06	2.49	2.49	2.47	2.47	162980
1992-10-07	2.47	2.48	2.46	2.47	86107
1992-10-08	2.46	2.47	2.44	2.47	302126
1992-10-09	2.42	2.46	2.41	2.45	308782
1992-10-12	2.47	2.47	2.41	2.42	237921
1992-10-13	2.47	2.47	2.46	2.47	178871
1992-10-14	2.47	2.48	2.45	2.45	71291
1992-10-15	2.49	2.49	2.45	2.46	91046
1992-10-16	2.49	2.49	2.47	2.48	58836
1992-10-19	2.48	2.48	2.47	2.48	157612
1992-10-20	2.46	2.50	2.45	2.50	176294
1992-10-21	2.45	2.46	2.44	2.46	91690
1992-10-22	2.42	2.45	2.42	2.44	112734
1992-10-23	2.44	2.44	2.40	2.42	367833
1992-10-26	2.47	2.47	2.41	2.41	81168
1992-10-27	2.45	2.56	2.45	2.48	222461
1992-10-28	2.47	2.47	2.45	2.45	210651
1992-10-29	2.48	2.49	2.46	2.47	346360
1992-10-30	2.49	2.49	2.47	2.47	365471
1992-11-02	2.48	2.49	2.47	2.48	275929
1992-11-03	2.48	2.49	2.47	2.47	349152
1992-11-04	2.44	2.47	2.41	2.47	3086966
1992-11-05	2.42	2.44	2.41	2.42	106077
1992-11-06	2.41	2.42	2.40	2.42	131415
1992-11-09	2.40	2.41	2.38	2.40	483358
1992-11-10	2.42	2.44	2.39	2.40	141507
1992-11-11	2.45	2.45	2.39	2.41	163839
1992-11-12	2.44	2.45	2.41	2.45	101568
1992-11-13	2.45	2.45	2.42	2.44	67855
1992-11-16	2.45	2.46	2.44	2.45	97917
1992-11-17	2.47	2.47	2.45	2.45	323599
1992-11-18	2.50	2.50	2.47	2.48	595662
1992-11-19	2.49	2.52	2.47	2.50	118961
1992-11-20	2.46	2.48	2.45	2.47	264763
1992-11-23	2.48	2.48	2.45	2.45	166416
1992-11-24	2.47	2.48	2.46	2.48	310286
1992-11-25	2.48	2.48	2.46	2.47	144514
1992-11-27	2.50	2.50	2.49	2.49	45308
1992-11-30	2.52	2.52	2.50	2.50	535753
1992-12-01	2.49	2.52	2.49	2.52	651278
1992-12-02	2.48	2.50	2.47	2.50	332188
1992-12-03	2.47	2.48	2.46	2.48	1001503
1992-12-04	2.45	2.46	2.41	2.45	1908740
1992-12-07	2.47	2.47	2.44	2.45	2126906
1992-12-08	2.48	2.50	2.47	2.47	404123
1992-12-09	2.47	2.48	2.46	2.47	95985
1992-12-10	2.46	2.47	2.44	2.47	129912
1992-12-11	2.46	2.47	2.44	2.47	567318
1992-12-14	2.47	2.48	2.46	2.46	361821
1992-12-15	2.48	2.50	2.46	2.47	882757
1992-12-16	2.51	2.52	2.47	2.47	177153
1992-12-17	2.52	2.52	2.50	2.51	168349
1992-12-18	2.53	2.54	2.52	2.52	307709
1992-12-21	2.52	2.53	2.51	2.51	337986
1992-12-22	2.55	2.55	2.52	2.52	205282
1992-12-23	2.59	2.59	2.55	2.57	181662
1992-12-24	2.60	2.60	2.58	2.58	136783
1992-12-28	2.59	2.60	2.58	2.60	338415
1992-12-29	2.59	2.60	2.58	2.58	190466
1992-12-30	2.54	2.59	2.54	2.58	245222
1992-12-31	2.54	2.57	2.54	2.55	166201
1993-01-04	2.52	2.54	2.50	2.54	601031
1993-01-05	2.53	2.53	2.52	2.53	445781
1993-01-06	2.54	2.54	2.51	2.53	513421
1993-01-07	2.52	2.54	2.52	2.53	102212
1993-01-08	2.50	2.52	2.45	2.51	465750
1993-01-11	2.52	2.52	2.47	2.50	185527
1993-01-12	2.52	2.52	2.51	2.51	173288
1993-01-13	2.54	2.54	2.51	2.52	149452
1993-01-14	2.54	2.54	2.52	2.53	318875
1993-01-15	2.55	2.55	2.53	2.55	113592
1993-01-18	2.57	2.57	2.55	2.57	205927
1993-01-19	2.58	2.58	2.57	2.57	223105
1993-01-20	2.57	2.58	2.55	2.58	122611
1993-01-21	2.55	2.57	2.54	2.55	155680
1993-01-22	2.57	2.57	2.53	2.57	313507
1993-01-25	2.60	2.60	2.57	2.57	63131
1993-01-26	2.59	2.60	2.58	2.59	115096
1993-01-27	2.58	2.61	2.57	2.61	327893
1993-01-28	2.57	2.58	2.57	2.57	273567
1993-01-29	2.60	2.60	2.57	2.57	114451
1993-02-01	2.62	2.62	2.59	2.60	210865
1993-02-02	2.64	2.64	2.61	2.62	101568
1993-02-03	2.67	2.67	2.62	2.62	86536
1993-02-04	2.68	2.69	2.66	2.68	81168
1993-02-05	2.68	2.68	2.64	2.67	164913
1993-02-08	2.68	2.68	2.67	2.67	85033
1993-02-09	2.68	2.68	2.66	2.67	102426
1993-02-10	2.68	2.69	2.67	2.67	151385
1993-02-11	2.68	2.71	2.67	2.68	107795
1993-02-12	2.68	2.68	2.62	2.66	692506
1993-02-16	2.69	2.69	2.67	2.69	80309
1993-02-17	2.67	2.69	2.66	2.69	182306
1993-02-18	2.66	2.69	2.61	2.68	139360
1993-02-19	2.74	2.74	2.66	2.67	118317
1993-02-22	2.76	2.76	2.72	2.73	135280
1993-02-23	2.78	2.78	2.72	2.75	240283
1993-02-24	2.80	2.80	2.76	2.78	338201
1993-02-25	2.80	2.80	2.79	2.79	413142
1993-02-26	2.81	2.81	2.79	2.79	279579
1993-03-01	2.85	2.85	2.81	2.81	216663
1993-03-02	2.85	2.85	2.82	2.83	616921
1993-03-03	2.85	2.85	2.83	2.85	1106721
1993-03-04	2.83	2.84	2.81	2.84	3209148
1993-03-05	2.81	2.81	2.79	2.81	2828430
1993-03-08	2.84	2.84	2.79	2.81	334765
1993-03-09	2.79	2.83	2.78	2.81	326176
1993-03-10	2.79	2.79	2.77	2.79	275070
1993-03-11	2.79	2.80	2.77	2.79	197552
1993-03-12	2.78	2.79	2.77	2.78	177153
1993-03-15	2.75	2.79	2.74	2.77	164698
1993-03-16	2.81	2.81	2.77	2.77	130556
1993-03-17	2.80	2.80	2.78	2.79	143440
1993-03-18	2.83	2.84	2.80	2.80	273996
1993-03-19	2.81	2.83	2.80	2.81	166846
1993-03-22	2.80	2.80	2.78	2.80	133133
1993-03-23	2.81	2.81	2.78	2.79	100279
1993-03-24	2.81	2.83	2.79	2.81	170925
1993-03-25	2.83	2.83	2.78	2.81	439768
1993-03-26	2.84	2.84	2.80	2.81	166631
1993-03-29	2.84	2.84	2.80	2.83	171570
1993-03-30	2.81	2.84	2.80	2.83	355379
1993-03-31	2.83	2.83	2.81	2.81	124758
1993-04-01	2.83	2.83	2.81	2.81	101782
1993-04-02	2.83	2.83	2.81	2.83	240498
1993-04-05	2.83	2.83	2.81	2.83	149882
1993-04-06	2.84	2.85	2.81	2.83	95770
1993-04-07	2.83	2.84	2.83	2.83	85248
1993-04-08	2.80	2.84	2.78	2.81	549281
1993-04-12	2.83	2.83	2.80	2.80	286236
1993-04-13	2.90	2.91	2.81	2.81	336697
1993-04-14	2.88	2.90	2.87	2.90	106936
1993-04-15	2.86	2.91	2.86	2.87	425811
1993-04-16	2.88	2.91	2.87	2.87	119175
1993-04-19	2.86	2.88	2.84	2.87	88684
1993-04-20	2.85	2.86	2.84	2.86	136139
1993-04-21	2.85	2.86	2.83	2.84	292463
1993-04-22	2.83	2.85	2.81	2.84	252953
1993-04-23	2.80	2.83	2.79	2.83	152244
1993-04-26	2.79	2.80	2.77	2.77	176294
1993-04-27	2.78	2.79	2.78	2.79	114451
1993-04-28	2.79	2.81	2.78	2.78	142366
1993-04-29	2.81	2.81	2.79	2.80	220743
1993-04-30	2.81	2.83	2.80	2.81	87825
1993-05-03	2.84	2.84	2.80	2.81	185527
1993-05-04	2.86	2.86	2.83	2.83	227614
1993-05-05	2.84	2.86	2.83	2.85	157397
1993-05-06	2.84	2.84	2.81	2.83	99205
1993-05-07	2.84	2.85	2.83	2.84	95770
1993-05-10	2.81	2.83	2.81	2.81	117672
1993-05-11	2.83	2.84	2.80	2.80	102641
1993-05-12	2.83	2.83	2.81	2.83	70432
1993-05-13	2.80	2.81	2.79	2.80	136354
1993-05-14	2.77	2.80	2.75	2.79	97058
1993-05-17	2.71	2.77	2.70	2.75	150311
1993-05-18	2.71	2.72	2.68	2.71	150526
1993-05-19	2.73	2.73	2.68	2.71	106077
1993-05-20	2.73	2.73	2.72	2.73	138286
1993-05-21	2.72	2.73	2.70	2.73	311789
1993-05-24	2.74	2.74	2.71	2.71	118317
1993-05-25	2.75	2.75	2.73	2.74	201847
1993-05-26	2.77	2.78	2.75	2.78	203994
1993-05-27	2.78	2.78	2.75	2.75	89972
1993-05-28	2.81	2.83	2.77	2.78	196264
1993-06-01	2.81	2.83	2.80	2.80	751557
1993-06-02	2.80	2.83	2.80	2.80	335624
1993-06-03	2.79	2.81	2.75	2.80	683702
1993-06-04	2.76	2.79	2.75	2.78	2925059
1993-06-07	2.79	2.81	2.76	2.76	2901868
1993-06-08	2.78	2.79	2.76	2.78	158256
1993-06-09	2.79	2.79	2.77	2.78	142796
1993-06-10	2.81	2.81	2.78	2.78	138716
1993-06-11	2.78	2.81	2.77	2.81	123900
1993-06-14	2.79	2.82	2.78	2.79	205712
1993-06-15	2.81	2.81	2.78	2.78	146017
1993-06-16	2.77	2.81	2.77	2.81	249946
1993-06-17	2.78	2.78	2.75	2.78	319734
1993-06-18	2.77	2.79	2.76	2.79	218381
1993-06-21	2.78	2.78	2.75	2.77	252094
1993-06-22	2.79	2.79	2.76	2.78	198196
1993-06-23	2.82	2.83	2.79	2.79	343569
1993-06-24	2.83	2.83	2.81	2.82	172214
1993-06-25	2.84	2.84	2.82	2.82	215804
1993-06-28	2.89	2.90	2.84	2.84	203350
1993-06-29	2.87	2.90	2.85	2.89	171999
1993-06-30	2.82	2.87	2.82	2.87	164484
1993-07-01	2.87	2.87	2.82	2.83	164913
1993-07-02	2.89	2.90	2.88	2.90	104144
1993-07-06	2.85	2.88	2.84	2.87	120893
1993-07-07	2.85	2.85	2.83	2.85	132918
1993-07-08	2.88	2.89	2.85	2.87	98347
1993-07-09	2.88	2.88	2.85	2.87	72579
1993-07-12	2.87	2.88	2.85	2.88	105862
1993-07-13	2.87	2.88	2.85	2.85	78591
1993-07-14	2.88	2.88	2.84	2.88	178656
1993-07-15	2.85	2.88	2.85	2.87	106721
1993-07-16	2.87	2.87	2.84	2.87	117458
1993-07-19	2.87	2.88	2.85	2.87	75800
1993-07-20	2.84	2.87	2.83	2.87	133133
1993-07-21	2.85	2.87	2.83	2.83	105003
1993-07-22	2.87	2.88	2.85	2.85	197767
1993-07-23	2.88	2.88	2.87	2.88	81812
1993-07-26	2.88	2.88	2.87	2.87	97058
1993-07-27	2.87	2.89	2.85	2.87	509556
1993-07-28	2.89	2.89	2.87	2.88	138286
1993-07-29	2.90	2.90	2.89	2.90	117887
1993-07-30	2.90	2.91	2.89	2.89	219455
1993-08-02	2.91	2.93	2.90	2.90	80309
1993-08-03	2.93	2.94	2.90	2.91	160404
1993-08-04	2.94	2.95	2.93	2.94	117028
1993-08-05	2.93	2.95	2.93	2.94	120679
1993-08-06	2.93	2.94	2.93	2.93	88898
1993-08-09	2.95	2.95	2.93	2.93	139360
1993-08-10	2.94	2.95	2.93	2.94	46382
1993-08-11	2.95	2.95	2.94	2.95	95985
1993-08-12	2.93	2.95	2.90	2.95	571613
1993-08-13	2.93	2.93	2.91	2.91	67855
1993-08-16	2.93	2.94	2.91	2.93	295469
1993-08-17	2.95	2.95	2.93	2.93	179515
1993-08-18	2.93	2.95	2.93	2.95	94911
1993-08-19	2.93	2.94	2.91	2.93	72149
1993-08-20	2.91	2.91	2.90	2.91	175864
1993-08-23	2.93	2.93	2.91	2.93	114666
1993-08-24	2.91	2.93	2.90	2.91	338630
1993-08-25	2.90	2.91	2.89	2.91	370410
1993-08-26	2.93	2.94	2.90	2.91	298046
1993-08-27	2.91	2.93	2.90	2.93	226111
1993-08-30	2.93	2.94	2.90	2.93	461671
1993-08-31	2.94	2.96	2.93	2.93	290960
1993-09-01	2.95	2.95	2.93	2.94	190037
1993-09-02	2.97	2.97	2.94	2.95	953189
1993-09-03	2.96	2.98	2.94	2.95	2555293
1993-09-07	2.94	2.96	2.92	2.95	2727722
1993-09-08	2.93	2.94	2.90	2.94	380717
1993-09-09	2.92	2.93	2.92	2.93	370840
1993-09-10	2.93	2.94	2.92	2.92	625081
1993-09-13	2.96	2.96	2.93	2.94	267554
1993-09-14	2.98	2.98	2.95	2.96	347863
1993-09-15	2.98	2.98	2.94	2.98	205712
1993-09-16	2.98	2.99	2.96	2.96	159974
1993-09-17	3.01	3.01	2.98	2.98	208503
1993-09-20	2.96	3.01	2.96	3.00	228044
1993-09-21	2.93	2.98	2.93	2.98	294396
1993-09-22	2.93	2.94	2.92	2.93	171355
1993-09-23	2.95	2.96	2.89	2.92	240283
1993-09-24	2.93	2.96	2.93	2.95	276788
1993-09-27	2.94	2.95	2.93	2.93	171570
1993-09-28	2.93	2.95	2.92	2.95	169637
1993-09-29	2.94	2.94	2.92	2.92	358170
1993-09-30	2.94	2.94	2.93	2.93	91690
1993-10-01	2.90	2.94	2.89	2.93	287739
1993-10-04	2.90	2.92	2.89	2.90	99420
1993-10-05	2.89	2.90	2.88	2.89	149667
1993-10-06	2.89	2.89	2.88	2.88	86107
1993-10-07	2.87	2.90	2.86	2.90	1317801
1993-10-08	2.86	2.88	2.84	2.87	442989
1993-10-11	2.86	2.87	2.84	2.86	903801
1993-10-12	2.84	2.84	2.83	2.83	126047
1993-10-13	2.84	2.84	2.83	2.84	265622
1993-10-14	2.86	2.87	2.83	2.84	145158
1993-10-15	2.87	2.87	2.86	2.87	1789779
1993-10-18	2.83	2.86	2.83	2.86	338201
1993-10-19	2.84	2.84	2.83	2.83	110801
1993-10-20	2.86	2.86	2.83	2.84	115954
1993-10-21	2.83	2.86	2.82	2.86	104359
1993-10-22	2.84	2.84	2.83	2.84	43805
1993-10-25	2.79	2.83	2.78	2.82	191110
1993-10-26	2.78	2.78	2.77	2.78	108009
1993-10-27	2.82	2.82	2.78	2.78	472407
1993-10-28	2.82	2.82	2.79	2.81	144514
1993-10-29	2.84	2.84	2.82	2.82	177367
1993-11-01	2.82	2.83	2.82	2.83	133992
1993-11-02	2.75	2.83	2.73	2.82	384582
1993-11-03	2.70	2.75	2.64	2.75	299334
1993-11-04	2.60	2.67	2.58	2.67	506120
1993-11-05	2.66	2.66	2.58	2.59	270990
1993-11-08	2.66	2.67	2.64	2.66	183595
1993-11-09	2.62	2.69	2.60	2.67	359459
1993-11-10	2.60	2.62	2.59	2.62	288813
1993-11-11	2.58	2.60	2.56	2.60	301052
1993-11-12	2.61	2.64	2.59	2.59	165772
1993-11-15	2.58	2.61	2.56	2.61	135924
1993-11-16	2.61	2.61	2.56	2.56	210221
1993-11-17	2.62	2.64	2.61	2.62	273352
1993-11-18	2.60	2.61	2.58	2.60	146446
1993-11-19	2.59	2.60	2.55	2.59	153103
1993-11-22	2.60	2.60	2.56	2.58	142581
1993-11-23	2.65	2.66	2.60	2.61	258321
1993-11-24	2.64	2.67	2.64	2.66	118746
1993-11-26	2.66	2.66	2.64	2.65	86966
1993-11-29	2.69	2.70	2.66	2.67	143869
1993-11-30	2.61	2.69	2.61	2.67	152673
1993-12-01	2.64	2.64	2.62	2.64	193687
1993-12-02	2.62	2.64	2.61	2.61	116599
1993-12-03	2.62	2.64	2.60	2.64	624866
1993-12-06	2.59	2.64	2.58	2.59	1793644
1993-12-07	2.62	2.64	2.59	2.60	1562809
1993-12-08	2.64	2.64	2.60	2.62	172858
1993-12-09	2.64	2.67	2.63	2.63	144299
1993-12-10	2.65	2.65	2.63	2.64	129482
1993-12-13	2.64	2.65	2.63	2.64	305347
1993-12-14	2.63	2.65	2.62	2.65	243719
1993-12-15	2.63	2.65	2.62	2.62	260253
1993-12-16	2.64	2.65	2.62	2.62	274855
1993-12-17	2.69	2.69	2.64	2.65	296328
1993-12-20	2.69	2.71	2.69	2.71	253382
1993-12-21	2.68	2.70	2.68	2.70	191110
1993-12-22	2.69	2.69	2.65	2.69	121967
1993-12-23	2.69	2.71	2.68	2.69	337771
1993-12-27	2.68	2.69	2.68	2.68	44449
1993-12-28	2.70	2.74	2.68	2.68	340348
1993-12-29	2.69	2.71	2.67	2.69	336483
1993-12-30	2.67	2.70	2.67	2.69	106936
1993-12-31	2.67	2.70	2.67	2.67	220528
1994-01-03	2.65	2.67	2.62	2.67	376637
1994-01-04	2.67	2.69	2.67	2.68	153103
1994-01-05	2.64	2.65	2.62	2.64	173073
1994-01-06	2.60	2.67	2.59	2.65	268843
1994-01-07	2.62	2.62	2.59	2.60	111445
1994-01-10	2.63	2.64	2.60	2.62	165772
1994-01-11	2.60	2.64	2.59	2.64	347863
1994-01-12	2.59	2.62	2.58	2.62	227185
1994-01-13	2.57	2.59	2.57	2.59	306206
1994-01-14	2.59	2.59	2.57	2.58	300193
1994-01-17	2.57	2.58	2.57	2.58	187460
1994-01-18	2.54	2.58	2.52	2.58	207000
1994-01-19	2.52	2.55	2.52	2.53	269487
1994-01-20	2.52	2.53	2.47	2.49	425166
1994-01-21	2.52	2.53	2.50	2.52	245437
1994-01-24	2.48	2.52	2.48	2.49	221172
1994-01-25	2.47	2.50	2.47	2.48	212798
1994-01-26	2.54	2.54	2.47	2.47	255529
1994-01-27	2.54	2.57	2.53	2.54	688211
1994-01-28	2.53	2.58	2.53	2.54	361821
1994-01-31	2.49	2.53	2.49	2.53	563023
1994-02-01	2.48	2.50	2.48	2.50	342280
1994-02-02	2.52	2.52	2.47	2.49	287524
1994-02-03	2.48	2.52	2.47	2.52	387374
1994-02-04	2.41	2.47	2.38	2.47	527378
1994-02-07	2.42	2.47	2.38	2.38	306635
1994-02-08	2.44	2.44	2.42	2.43	140648
1994-02-09	2.44	2.46	2.42	2.43	200129
1994-02-10	2.41	2.43	2.41	2.42	243504
1994-02-11	2.42	2.43	2.39	2.42	117672
1994-02-14	2.38	2.43	2.38	2.41	260253
1994-02-15	2.37	2.41	2.37	2.37	231050
1994-02-16	2.38	2.38	2.36	2.38	706893
1994-02-17	2.34	2.39	2.34	2.37	354305
1994-02-18	2.32	2.36	2.31	2.36	492807
1994-02-22	2.37	2.37	2.31	2.32	451578
1994-02-23	2.37	2.38	2.36	2.37	686493
1994-02-24	2.34	2.37	2.34	2.36	420872
1994-02-25	2.38	2.38	2.34	2.36	240283
1994-02-28	2.38	2.38	2.36	2.38	410779
1994-03-01	2.36	2.37	2.34	2.36	1231265
1994-03-02	2.37	2.37	2.32	2.36	1439124
1994-03-03	2.41	2.42	2.36	2.37	2252523
1994-03-04	2.37	2.41	2.36	2.40	3410135
1994-03-07	2.40	2.41	2.39	2.39	3780975
1994-03-08	2.39	2.41	2.37	2.39	597380
1994-03-09	2.36	2.40	2.35	2.39	1146446
1994-03-10	2.39	2.39	2.33	2.37	858493
1994-03-11	2.36	2.39	2.35	2.39	488727
1994-03-14	2.33	2.37	2.33	2.37	878248
1994-03-15	2.36	2.36	2.32	2.35	333262
1994-03-16	2.39	2.39	2.33	2.36	1005154
1994-03-17	2.39	2.40	2.36	2.40	419369
1994-03-18	2.36	2.39	2.36	2.37	270990
1994-03-21	2.33	2.37	2.32	2.36	373846
1994-03-22	2.36	2.39	2.35	2.35	215804
1994-03-23	2.36	2.39	2.35	2.37	315010
1994-03-24	2.35	2.37	2.33	2.36	324243
1994-03-25	2.37	2.39	2.33	2.33	346790
1994-03-28	2.39	2.39	2.37	2.39	216663
1994-03-29	2.37	2.40	2.37	2.39	254456
1994-03-30	2.32	2.39	2.32	2.37	530814
1994-03-31	2.31	2.33	2.27	2.32	400902
1994-04-04	2.32	2.33	2.30	2.31	333691
1994-04-05	2.36	2.37	2.32	2.32	306850
1994-04-06	2.36	2.39	2.36	2.37	213872
1994-04-07	2.36	2.37	2.35	2.37	275929
1994-04-08	2.36	2.36	2.35	2.36	160404
1994-04-11	2.35	2.35	2.35	2.35	178012
1994-04-12	2.35	2.36	2.35	2.36	126262
1994-04-13	2.35	2.37	2.35	2.35	217093
1994-04-14	2.33	2.36	2.33	2.35	184024
1994-04-15	2.35	2.36	2.33	2.33	159330
1994-04-18	2.35	2.36	2.33	2.36	146231
1994-04-19	2.37	2.39	2.33	2.33	423663
1994-04-20	2.44	2.44	2.36	2.37	840670
1994-04-21	2.49	2.50	2.45	2.46	292033
1994-04-22	2.50	2.50	2.47	2.49	482714
1994-04-25	2.49	2.50	2.47	2.49	316942
1994-04-26	2.49	2.50	2.47	2.49	132274
1994-04-28	2.46	2.49	2.45	2.47	172429
1994-04-29	2.47	2.47	2.44	2.46	216234
1994-05-02	2.46	2.47	2.42	2.46	307494
1994-05-03	2.44	2.46	2.44	2.45	255315
1994-05-04	2.44	2.45	2.42	2.44	101138
1994-05-05	2.42	2.45	2.42	2.45	113163
1994-05-06	2.35	2.41	2.32	2.41	503973
1994-05-09	2.31	2.33	2.30	2.32	389092
1994-05-10	2.28	2.31	2.23	2.31	350870
1994-05-11	2.25	2.28	2.21	2.28	275499
1994-05-12	2.23	2.27	2.21	2.23	540047
1994-05-13	2.23	2.27	2.22	2.23	188319
1994-05-16	2.26	2.27	2.22	2.22	378570
1994-05-17	2.25	2.27	2.23	2.25	236633
1994-05-18	2.30	2.30	2.25	2.26	490015
1994-05-19	2.30	2.30	2.27	2.30	306420
1994-05-20	2.26	2.28	2.26	2.27	1109513
1994-05-23	2.26	2.26	2.23	2.25	1244149
1994-05-24	2.26	2.27	2.23	2.23	281297
1994-05-25	2.23	2.26	2.23	2.23	340563
1994-05-26	2.27	2.30	2.23	2.23	314795
1994-05-27	2.26	2.26	2.23	2.25	195834
1994-05-31	2.22	2.26	2.22	2.25	1109298
1994-06-01	2.21	2.23	2.21	2.22	2207000
1994-06-02	2.21	2.22	2.20	2.22	241142
1994-06-03	2.20	2.21	2.17	2.21	1212154
1994-06-06	2.20	2.21	2.19	2.20	4339918
1994-06-07	2.20	2.20	2.18	2.19	4227185
1994-06-08	2.18	2.20	2.15	2.19	1026627
1994-06-09	2.15	2.18	2.14	2.16	406055
1994-06-10	2.16	2.16	2.14	2.15	337127
1994-06-13	2.18	2.19	2.14	2.15	324887
1994-06-14	2.16	2.18	2.12	2.16	400258
1994-06-15	2.14	2.16	2.14	2.16	729654
1994-06-16	2.12	2.14	2.10	2.14	308997
1994-06-17	2.10	2.14	2.09	2.10	609190
1994-06-20	2.07	2.09	2.06	2.09	264763
1994-06-21	2.06	2.07	2.03	2.07	387159
1994-06-22	2.07	2.09	2.05	2.05	279794
1994-06-23	2.05	2.09	2.03	2.07	729010
1994-06-24	2.05	2.05	2.03	2.05	249732
1994-06-27	2.02	2.05	2.01	2.05	469401
1994-06-28	2.03	2.03	2.02	2.03	406485
1994-06-29	2.02	2.05	2.02	2.03	615203
1994-06-30	2.01	2.02	2.00	2.01	448787
1994-07-01	2.02	2.02	2.01	2.02	252738
1994-07-05	2.02	2.03	2.02	2.03	733949
1994-07-06	2.01	2.02	2.01	2.02	1703028
1994-07-07	2.05	2.05	2.01	2.01	707108
1994-07-08	2.07	2.07	2.03	2.05	435688
1994-07-11	2.05	2.09	2.03	2.06	481211
1994-07-12	2.05	2.06	2.01	2.05	621430
1994-07-13	2.05	2.06	2.03	2.05	223320
1994-07-14	2.10	2.10	2.05	2.05	380073
1994-07-15	2.09	2.10	2.07	2.09	251020
1994-07-18	2.10	2.10	2.07	2.09	325102
1994-07-19	2.09	2.11	2.07	2.09	512347
1994-07-20	2.09	2.10	2.07	2.07	178441
1994-07-21	2.09	2.11	2.09	2.09	188533
1994-07-22	2.11	2.11	2.09	2.09	253167
1994-07-25	2.09	2.11	2.09	2.10	276358
1994-07-26	2.09	2.10	2.07	2.09	206785
1994-07-27	2.09	2.09	2.07	2.07	332188
1994-07-28	2.09	2.10	2.07	2.09	476702
1994-07-29	2.10	2.11	2.07	2.09	290745
1994-08-01	2.19	2.19	2.11	2.11	547133
1994-08-02	2.21	2.24	2.20	2.20	315654
1994-08-03	2.24	2.24	2.20	2.21	325961
1994-08-04	2.24	2.24	2.23	2.23	890058
1994-08-05	2.20	2.24	2.20	2.23	176508
1994-08-08	2.16	2.23	2.06	2.20	561735
1994-08-09	2.16	2.18	2.15	2.15	248014
1994-08-10	2.16	2.18	2.14	2.15	284947
1994-08-11	2.14	2.16	2.12	2.15	377711
1994-08-12	2.11	2.14	2.11	2.12	167060
1994-08-15	2.10	2.12	2.09	2.12	295899
1994-08-16	2.14	2.14	2.09	2.09	246725
1994-08-17	2.14	2.16	2.12	2.12	283874
1994-08-18	2.12	2.15	2.12	2.12	289242
1994-08-19	2.10	2.14	2.10	2.12	207215
1994-08-22	2.11	2.12	2.10	2.10	190895
1994-08-23	2.12	2.15	2.10	2.10	556581
1994-08-24	2.15	2.15	2.11	2.12	125403
1994-08-25	2.12	2.15	2.11	2.14	207215
1994-08-26	2.14	2.15	2.11	2.12	414645
1994-08-29	2.15	2.16	2.14	2.14	240928
1994-08-30	2.16	2.16	2.14	2.15	524587
1994-08-31	2.16	2.18	2.15	2.16	243504
1994-09-01	2.15	2.19	2.14	2.18	816835
1994-09-02	2.12	2.15	2.12	2.14	280009
1994-09-06	2.08	2.13	2.08	2.12	2122611
1994-09-07	2.08	2.09	2.06	2.08	1951256
1994-09-08	2.10	2.10	2.08	2.09	246940
1994-09-09	2.06	2.10	2.06	2.10	1014172
1994-09-12	2.05	2.06	2.04	2.05	386730
1994-09-13	2.05	2.06	2.04	2.05	393172
1994-09-14	2.04	2.05	2.04	2.05	383294
1994-09-15	2.06	2.06	2.04	2.04	420013
1994-09-16	2.05	2.06	2.04	2.06	295469
1994-09-19	2.04	2.05	2.04	2.05	211080
1994-09-20	2.04	2.05	2.02	2.05	574834
1994-09-21	2.02	2.04	2.01	2.04	405841
1994-09-22	2.02	2.05	2.01	2.02	583638
1994-09-23	2.04	2.05	2.02	2.04	252523
1994-09-26	2.04	2.04	2.02	2.04	172214
1994-09-27	2.04	2.06	2.02	2.02	277647
1994-09-28	2.05	2.06	2.04	2.04	1864720
1994-09-29	2.08	2.08	2.05	2.05	173073
1994-09-30	2.09	2.12	2.08	2.09	316728
1994-10-03	2.09	2.10	2.08	2.10	161048
1994-10-04	2.06	2.09	2.05	2.09	269057
1994-10-05	2.05	2.06	2.04	2.06	248443
1994-10-06	2.05	2.08	2.05	2.06	200558
1994-10-07	2.08	2.09	2.05	2.06	174576
1994-10-10	2.06	2.08	2.06	2.08	175005
1994-10-11	2.09	2.10	2.06	2.08	947176
1994-10-12	2.09	2.10	2.08	2.09	165987
1994-10-13	2.06	2.10	2.06	2.09	546489
1994-10-14	2.08	2.08	2.06	2.08	404982
1994-10-17	2.09	2.09	2.06	2.08	558085
1994-10-18	2.08	2.09	2.06	2.09	297402
1994-10-19	2.05	2.08	2.04	2.08	218810
1994-10-20	2.06	2.06	2.05	2.06	182306
1994-10-21	2.08	2.08	2.05	2.06	143869
1994-10-24	2.04	2.08	2.04	2.06	256818
1994-10-25	2.02	2.06	2.02	2.05	476272
1994-10-26	2.00	2.04	1.98	2.04	1430964
1994-10-27	2.02	2.04	2.01	2.01	262186
1994-10-28	2.05	2.06	2.02	2.02	151600
1994-10-31	2.04	2.08	2.04	2.05	319304
1994-11-01	2.04	2.05	2.02	2.05	334121
1994-11-02	2.05	2.05	2.02	2.04	188963
1994-11-03	2.05	2.06	2.04	2.05	226541
1994-11-04	2.04	2.05	2.04	2.05	316942
1994-11-07	2.06	2.06	2.04	2.05	457376
1994-11-08	2.05	2.08	2.05	2.08	370410
1994-11-09	2.01	2.08	2.00	2.06	488082
1994-11-10	2.00	2.02	2.00	2.01	314151
1994-11-11	2.01	2.02	2.00	2.01	193472
1994-11-14	2.01	2.01	1.98	2.01	278505
1994-11-15	1.98	2.00	1.96	2.00	451578
1994-11-16	1.96	1.98	1.95	1.98	630449
1994-11-17	1.98	2.00	1.97	1.97	271849
1994-11-18	1.98	2.00	1.97	1.98	483358
1994-11-21	2.00	2.01	1.98	1.98	346146
1994-11-22	2.01	2.05	1.98	1.98	662014
1994-11-23	2.08	2.08	2.00	2.01	458879
1994-11-25	2.15	2.17	2.08	2.08	206356
1994-11-28	2.10	2.15	2.09	2.15	391024
1994-11-29	2.10	2.12	2.10	2.10	380288
1994-11-30	2.09	2.13	2.09	2.13	541336
1994-12-01	2.05	2.10	2.05	2.09	485935
1994-12-02	2.08	2.08	2.02	2.04	1350011
1994-12-05	2.05	2.08	2.04	2.08	1780331
1994-12-06	2.07	2.07	2.05	2.07	1329397
1994-12-07	2.07	2.07	2.05	2.07	177797
1994-12-08	2.05	2.07	2.04	2.07	197337
1994-12-09	2.09	2.09	2.05	2.05	5329397
1994-12-12	2.09	2.11	2.08	2.09	194761
1994-12-13	2.11	2.12	2.09	2.09	349152
1994-12-14	2.12	2.13	2.09	2.12	260898
1994-12-15	2.11	2.13	2.11	2.12	236848
1994-12-16	2.11	2.15	2.09	2.12	540262
1994-12-19	2.09	2.09	2.07	2.09	344857
1994-12-20	2.11	2.11	2.04	2.09	476058
1994-12-21	2.07	2.12	2.07	2.09	444707
1994-12-22	2.09	2.11	2.05	2.08	372987
1994-12-23	2.07	2.11	2.07	2.09	168993
1994-12-27	2.03	2.08	2.03	2.08	420872
1994-12-28	2.05	2.07	2.03	2.04	522869
1994-12-29	2.04	2.08	2.04	2.04	411209
1994-12-30	2.03	2.05	2.03	2.05	373416
1995-01-03	2.08	2.08	2.04	2.04	199485
1995-01-04	2.09	2.11	2.08	2.08	410565
1995-01-05	2.11	2.12	2.09	2.09	182306
1995-01-06	2.09	2.11	2.09	2.09	175435
1995-01-09	2.11	2.11	2.00	2.09	155465
1995-01-10	2.11	2.11	2.09	2.09	273137
1995-01-11	2.11	2.11	2.09	2.11	321666
1995-01-12	2.11	2.11	2.09	2.11	171140
1995-01-13	2.11	2.11	2.09	2.11	176508
1995-01-16	2.16	2.16	2.11	2.12	710114
1995-01-17	2.17	2.17	2.16	2.16	199055
1995-01-18	2.15	2.17	2.15	2.16	836375
1995-01-19	2.13	2.15	2.13	2.15	360103
1995-01-20	2.15	2.15	2.12	2.13	312648
1995-01-23	2.15	2.15	2.13	2.15	1205282
1995-01-24	2.17	2.17	2.13	2.15	185098
1995-01-25	2.16	2.19	2.15	2.17	240928
1995-01-26	2.13	2.16	2.13	2.15	286451
1995-01-27	2.15	2.17	2.13	2.15	493665
1995-01-30	2.17	2.19	2.15	2.16	480137
1995-01-31	2.19	2.23	2.19	2.19	451364
1995-02-01	2.23	2.23	2.21	2.21	163410
1995-02-02	2.21	2.23	2.20	2.21	166201
1995-02-03	2.21	2.23	2.20	2.21	380288
1995-02-06	2.20	2.23	2.20	2.21	260898
1995-02-07	2.20	2.21	2.20	2.21	112089
1995-02-08	2.20	2.21	2.19	2.21	378140
1995-02-09	2.19	2.20	2.17	2.19	148164
1995-02-10	2.16	2.17	2.15	2.17	256174
1995-02-13	2.17	2.19	2.16	2.17	100709
1995-02-14	2.17	2.20	2.17	2.17	173288
1995-02-15	2.19	2.20	2.17	2.19	214731
1995-02-16	2.17	2.20	2.17	2.19	167490
1995-02-17	2.17	2.17	2.15	2.16	130986
1995-02-21	2.20	2.20	2.17	2.17	213442
1995-02-22	2.19	2.20	2.19	2.20	171570
1995-02-23	2.20	2.21	2.19	2.19	431394
1995-02-24	2.19	2.20	2.19	2.20	173288
1995-02-27	2.20	2.20	2.19	2.20	147305
1995-02-28	2.21	2.21	2.19	2.20	778828
1995-03-01	2.20	2.21	2.19	2.21	201632
1995-03-02	2.19	2.20	2.19	2.19	142581
1995-03-03	2.19	2.19	2.17	2.19	583208
1995-03-06	2.14	2.18	2.11	2.18	2114237
1995-03-07	2.15	2.15	2.14	2.14	1695727
1995-03-08	2.16	2.18	2.15	2.15	401546
1995-03-09	2.18	2.19	2.16	2.18	130986
1995-03-10	2.16	2.19	2.16	2.18	482070
1995-03-13	2.16	2.18	2.16	2.18	143440
1995-03-14	2.16	2.19	2.15	2.16	686064
1995-03-15	2.15	2.18	2.15	2.16	351729
1995-03-16	2.15	2.16	2.15	2.15	261327
1995-03-17	2.14	2.16	2.14	2.15	406270
1995-03-20	2.12	2.15	2.12	2.14	414645
1995-03-21	2.12	2.14	2.11	2.14	549066
1995-03-22	2.12	2.12	2.11	2.11	271419
1995-03-23	2.12	2.12	2.11	2.11	261542
1995-03-24	2.12	2.12	2.08	2.11	539833
1995-03-27	2.12	2.12	2.11	2.11	177153
1995-03-28	2.11	2.12	2.11	2.12	386085
1995-03-29	2.11	2.12	2.11	2.11	947606
1995-03-30	2.14	2.14	2.10	2.12	519004
1995-03-31	2.14	2.14	2.11	2.14	413142
1995-04-03	2.11	2.14	2.11	2.14	500322
1995-04-04	2.12	2.15	2.11	2.12	445995
1995-04-05	2.14	2.15	2.12	2.14	584496
1995-04-06	2.15	2.16	2.14	2.14	234700
1995-04-07	2.16	2.16	2.14	2.15	420442
1995-04-10	2.15	2.16	2.12	2.14	206356
1995-04-11	2.15	2.15	2.12	2.14	334121
1995-04-12	2.14	2.15	2.14	2.14	183165
1995-04-13	2.11	2.15	2.11	2.15	239854
1995-04-17	2.07	2.11	2.06	2.11	783766
1995-04-18	2.04	2.07	2.03	2.06	549066
1995-04-19	2.02	2.04	2.02	2.03	517501
1995-04-20	2.02	2.03	2.00	2.02	632811
1995-04-21	2.00	2.02	1.99	2.00	630449
1995-04-24	2.00	2.00	1.99	1.99	667597
1995-04-25	2.02	2.02	1.99	1.99	319734
1995-04-26	2.03	2.03	2.00	2.00	335839
1995-04-27	2.02	2.04	2.02	2.02	414645
1995-04-28	2.00	2.03	1.99	2.02	641615
1995-05-01	1.97	1.99	1.96	1.99	369551
1995-05-02	1.99	1.99	1.96	1.96	532532
1995-05-03	1.99	1.99	1.97	1.99	426240
1995-05-04	1.97	2.00	1.97	1.97	518145
1995-05-05	1.99	1.99	1.97	1.99	456302
1995-05-08	1.99	1.99	1.97	1.97	398325
1995-05-09	1.97	2.00	1.97	1.99	450290
1995-05-10	1.97	1.99	1.96	1.97	415289
1995-05-11	1.96	1.99	1.96	1.97	496242
1995-05-12	1.97	1.97	1.95	1.96	576766
1995-05-15	1.99	1.99	1.96	1.97	513635
1995-05-16	1.99	2.00	1.97	1.97	764226
1995-05-17	1.99	2.00	1.97	1.99	545845
1995-05-18	1.97	1.99	1.96	1.97	726219
1995-05-19	1.99	1.99	1.97	1.99	476916
1995-05-22	1.97	2.00	1.97	1.99	577840
1995-05-23	1.99	2.00	1.99	2.00	391883
1995-05-24	2.00	2.02	1.99	2.00	284518
1995-05-25	2.06	2.07	2.02	2.02	610264
1995-05-26	2.07	2.08	2.04	2.04	309856
1995-05-30	2.08	2.10	2.07	2.07	351084
1995-05-31	2.10	2.11	2.08	2.08	261327
1995-06-01	2.11	2.12	2.10	2.11	237921
1995-06-02	2.14	2.15	2.12	2.12	563023
1995-06-05	2.15	2.16	2.14	2.15	707537
1995-06-06	2.11	2.17	2.10	2.16	573545
1995-06-07	2.06	2.13	2.06	2.11	1640326
1995-06-08	2.07	2.09	2.06	2.07	1710114
1995-06-09	2.06	2.09	2.03	2.07	436547
1995-06-12	2.06	2.09	2.06	2.06	306420
1995-06-13	2.07	2.07	2.06	2.07	351084
1995-06-14	2.09	2.10	2.07	2.07	574619
1995-06-15	2.09	2.11	2.09	2.09	505046
1995-06-16	2.09	2.10	2.09	2.10	776251
1995-06-19	2.11	2.11	2.09	2.09	401761
1995-06-20	2.10	2.11	2.10	2.10	564741
1995-06-21	2.13	2.14	2.10	2.10	394245
1995-06-22	2.16	2.16	2.13	2.13	501181
1995-06-23	2.13	2.16	2.13	2.14	425381
1995-06-26	2.11	2.14	2.11	2.13	710973
1995-06-27	2.13	2.16	2.11	2.11	478634
1995-06-28	2.14	2.16	2.13	2.13	304273
1995-06-29	2.16	2.17	2.16	2.16	233197
1995-06-30	2.17	2.17	2.16	2.16	174576
1995-07-03	2.17	2.17	2.16	2.16	148164
1995-07-05	2.16	2.17	2.16	2.16	471548
1995-07-06	2.17	2.17	2.14	2.16	717629
1995-07-07	2.14	2.17	2.14	2.17	740391
1995-07-10	2.16	2.17	2.14	2.14	505261
1995-07-11	2.16	2.17	2.14	2.14	280438
1995-07-12	2.16	2.17	2.14	2.16	695083
1995-07-13	2.16	2.17	2.16	2.16	237277
1995-07-14	2.16	2.17	2.14	2.16	199914
1995-07-17	2.16	2.17	2.16	2.16	357956
1995-07-18	2.16	2.17	2.16	2.16	325531
1995-07-19	2.14	2.17	2.14	2.17	841744
1995-07-20	2.13	2.16	2.13	2.14	239425
1995-07-21	2.14	2.16	2.13	2.13	221602
1995-07-24	2.17	2.17	2.14	2.14	287524
1995-07-25	2.17	2.18	2.17	2.18	200129
1995-07-26	2.18	2.20	2.18	2.18	438694
1995-07-27	2.18	2.20	2.17	2.18	448357
1995-07-28	2.17	2.18	2.17	2.18	307279
1995-07-31	2.14	2.18	2.14	2.17	1299979
1995-08-01	2.10	2.13	2.10	2.13	357741
1995-08-02	2.11	2.11	2.10	2.10	499248
1995-08-03	2.10	2.10	2.07	2.10	457805
1995-08-04	2.09	2.10	2.07	2.10	681769
1995-08-07	2.09	2.10	2.07	2.09	532317
1995-08-08	2.11	2.13	2.09	2.10	496242
1995-08-09	2.11	2.13	2.10	2.11	302770
1995-08-10	2.11	2.13	2.10	2.11	292248
1995-08-11	2.10	2.13	2.10	2.11	244793
1995-08-14	2.39	2.49	2.39	2.48	5452222
1995-08-15	2.36	2.41	2.36	2.39	1411853
1995-08-16	2.41	2.42	2.35	2.36	1196908
1995-08-17	2.39	2.42	2.39	2.41	447284
1995-08-18	2.42	2.43	2.39	2.39	772386
1995-08-21	2.41	2.43	2.41	2.42	402620
1995-08-22	2.41	2.42	2.39	2.39	388662
1995-08-23	2.43	2.45	2.41	2.41	573760
1995-08-24	2.45	2.45	2.43	2.43	630664
1995-08-25	2.46	2.46	2.42	2.43	834443
1995-08-28	2.43	2.45	2.43	2.45	470904
1995-08-29	2.43	2.45	2.42	2.43	573975
1995-08-30	2.42	2.43	2.42	2.42	471333
1995-08-31	2.43	2.43	2.42	2.42	654284
1995-09-01	2.46	2.46	2.43	2.43	671677
1995-09-05	2.45	2.46	2.45	2.46	573760
1995-09-06	2.47	2.48	2.41	2.41	2597810
1995-09-07	2.45	2.48	2.45	2.47	1337986
1995-09-08	2.48	2.48	2.45	2.47	585570
1995-09-11	2.48	2.50	2.47	2.47	541980
1995-09-12	2.48	2.50	2.47	2.50	427743
1995-09-13	2.50	2.50	2.48	2.48	267769
1995-09-14	2.51	2.52	2.47	2.48	1101782
1995-09-15	2.50	2.51	2.50	2.50	922482
1995-09-18	2.50	2.51	2.47	2.48	825209
1995-09-19	2.51	2.51	2.50	2.50	872665
1995-09-20	2.52	2.52	2.50	2.50	1932145
1995-09-21	2.50	2.52	2.50	2.51	1008374
1995-09-22	2.50	2.51	2.50	2.50	260039
1995-09-25	2.55	2.55	2.51	2.51	672107
1995-09-26	2.59	2.61	2.54	2.55	2963711
1995-09-27	2.62	2.62	2.58	2.58	3034142
1995-09-28	2.62	2.64	2.59	2.61	2072579
1995-09-29	2.65	2.67	2.62	2.62	1242001
1995-10-02	2.64	2.65	2.62	2.64	288813
1995-10-03	2.65	2.67	2.64	2.65	561306
1995-10-04	2.65	2.65	2.62	2.64	273352
1995-10-05	2.64	2.67	2.64	2.64	1120034
1995-10-06	2.64	2.65	2.59	2.64	598454
1995-10-09	2.64	2.64	2.61	2.64	225038
1995-10-10	2.65	2.65	2.62	2.64	425811
1995-10-11	2.69	2.69	2.64	2.64	2107151
1995-10-12	2.69	2.71	2.68	2.68	515139
1995-10-13	2.68	2.71	2.65	2.69	745974
1995-10-16	2.64	2.67	2.64	2.67	387589
1995-10-17	2.67	2.67	2.64	2.65	526519
1995-10-18	2.65	2.67	2.64	2.67	499248
1995-10-19	2.64	2.65	2.64	2.65	226111
1995-10-20	2.67	2.68	2.65	2.65	506764
1995-10-23	2.68	2.69	2.64	2.67	1513421
1995-10-24	2.65	2.67	2.62	2.62	2315010
1995-10-25	2.61	2.65	2.61	2.64	1563238
1995-10-26	2.61	2.64	2.59	2.61	947391
1995-10-27	2.57	2.62	2.57	2.61	795577
1995-10-30	2.58	2.59	2.57	2.57	752416
1995-10-31	2.55	2.59	2.55	2.58	428387
1995-11-01	2.54	2.57	2.45	2.55	1343569
1995-11-02	2.58	2.59	2.51	2.52	1419369
1995-11-03	2.61	2.62	2.58	2.59	700666
1995-11-06	2.61	2.62	2.59	2.61	990767
1995-11-07	2.59	2.61	2.58	2.61	1010737
1995-11-08	2.64	2.65	2.59	2.59	534035
1995-11-09	2.62	2.64	2.62	2.64	325317
1995-11-10	2.61	2.62	2.59	2.61	1011381
1995-11-13	2.64	2.65	2.61	2.61	335409
1995-11-14	2.65	2.68	2.62	2.62	1724715
1995-11-15	2.67	2.67	2.64	2.64	1808675
1995-11-16	2.68	2.69	2.67	2.67	432253
1995-11-17	2.67	2.69	2.67	2.68	290745
1995-11-20	2.65	2.68	2.65	2.67	639253
1995-11-21	2.65	2.65	2.64	2.65	378785
1995-11-22	2.65	2.67	2.65	2.65	412712
1995-11-24	2.94	3.01	2.89	2.91	15913464
1995-11-27	2.84	2.86	2.81	2.86	5284733
1995-11-28	2.81	2.84	2.81	2.82	1317801
1995-11-29	2.82	2.82	2.81	2.82	582564
1995-11-30	2.82	2.84	2.81	2.82	3649560
1995-12-01	2.82	2.82	2.81	2.82	434400
1995-12-04	2.82	2.84	2.81	2.82	1050676
1995-12-05	2.84	2.85	2.81	2.84	3844965
1995-12-06	2.88	2.88	2.84	2.86	451149
1995-12-07	2.86	2.87	2.86	2.87	411638
1995-12-08	2.86	2.87	2.84	2.87	435473
1995-12-11	2.84	2.87	2.84	2.84	463603
1995-12-12	2.83	2.86	2.81	2.84	220099
1995-12-13	2.84	2.84	2.81	2.81	447713
1995-12-14	2.86	2.87	2.84	2.86	510844
1995-12-15	2.90	2.90	2.87	2.88	1506979
1995-12-18	2.86	2.88	2.84	2.88	337127
1995-12-19	2.90	2.90	2.84	2.86	1156753
1995-12-20	2.88	2.91	2.87	2.91	799227
1995-12-21	2.88	2.90	2.84	2.88	388877
1995-12-22	2.87	2.88	2.87	2.87	166846
1995-12-26	2.88	2.88	2.87	2.88	147090
1995-12-27	2.88	2.88	2.87	2.88	203779
1995-12-28	2.88	2.90	2.87	2.88	264548
1995-12-29	2.88	2.88	2.86	2.88	628516
1996-01-02	2.88	2.88	2.86	2.88	528237
1996-01-03	2.88	2.90	2.87	2.88	244149
1996-01-04	2.90	2.91	2.88	2.90	844106
1996-01-05	2.93	2.93	2.88	2.88	596736
1996-01-08	2.91	2.93	2.90	2.91	43805
1996-01-09	2.90	2.93	2.88	2.93	197337
1996-01-10	2.90	2.93	2.90	2.93	512991
1996-01-11	2.93	2.93	2.88	2.91	403264
1996-01-12	2.88	2.91	2.86	2.91	347434
1996-01-15	2.88	2.91	2.87	2.90	253811
1996-01-16	2.96	2.97	2.88	2.90	449646
1996-01-17	2.96	2.97	2.94	2.97	474125
1996-01-18	2.93	2.96	2.91	2.96	188963
1996-01-19	2.94	2.97	2.88	2.90	2078162
1996-01-22	2.93	2.94	2.91	2.93	195834
1996-01-23	2.91	2.94	2.91	2.93	246081
1996-01-24	2.90	2.94	2.90	2.93	637320
1996-01-25	2.88	2.90	2.86	2.90	319304
1996-01-26	2.90	2.90	2.88	2.88	247584
1996-01-29	2.94	2.96	2.88	2.90	794073
1996-01-30	2.96	2.99	2.94	2.94	1506120
1996-01-31	2.97	2.97	2.94	2.94	397466
1996-02-01	2.96	2.97	2.94	2.96	296972
1996-02-02	2.93	2.96	2.91	2.94	240713
1996-02-05	2.94	2.94	2.91	2.93	529525
1996-02-06	2.96	2.96	2.94	2.94	418295
1996-02-07	2.96	2.97	2.94	2.96	304058
1996-02-08	2.96	2.96	2.94	2.94	209577
1996-02-09	2.96	2.99	2.94	2.94	286451
1996-02-12	2.96	2.96	2.94	2.96	223749
1996-02-13	2.99	3.00	2.96	2.96	508482
1996-02-14	2.96	2.99	2.94	2.97	210436
1996-02-15	2.93	2.96	2.93	2.94	256818
1996-02-16	2.94	2.94	2.91	2.93	378355
1996-02-20	2.90	2.91	2.87	2.91	518789
1996-02-21	2.90	2.90	2.88	2.90	400902
1996-02-22	2.91	2.93	2.90	2.91	347863
1996-02-23	2.93	2.94	2.90	2.93	235559
1996-02-26	2.88	2.91	2.88	2.91	412068
1996-02-27	2.88	2.90	2.87	2.88	333476
1996-02-28	2.90	2.93	2.88	2.90	299979
1996-02-29	2.87	2.90	2.86	2.88	300408
1996-03-01	2.87	2.87	2.83	2.87	286021
1996-03-04	2.90	2.90	2.87	2.88	354305
1996-03-05	2.87	2.90	2.84	2.88	243504
1996-03-06	2.89	2.90	2.87	2.89	2196049
1996-03-07	2.90	2.90	2.87	2.89	992055
1996-03-08	2.83	2.90	2.80	2.90	705390
1996-03-11	2.83	2.90	2.79	2.82	412068
1996-03-12	2.80	2.82	2.79	2.80	499678
1996-03-13	2.79	2.80	2.77	2.77	517501
1996-03-14	2.77	2.80	2.76	2.77	277647
1996-03-15	2.77	2.79	2.76	2.77	841529
1996-03-18	2.85	2.85	2.79	2.79	511059
1996-03-19	2.82	2.86	2.79	2.86	423234
1996-03-20	2.82	2.83	2.80	2.82	136569
1996-03-21	2.82	2.83	2.80	2.82	433756
1996-03-22	2.83	2.85	2.82	2.83	150526
1996-03-25	2.82	2.83	2.82	2.83	192613
1996-03-26	2.86	2.86	2.83	2.83	242216
1996-03-27	2.87	2.90	2.85	2.86	781619
1996-03-28	2.86	2.87	2.86	2.86	619068
1996-03-29	2.86	2.87	2.86	2.87	317372
1996-04-01	2.86	2.86	2.85	2.86	144943
1996-04-02	2.86	2.87	2.85	2.87	240928
1996-04-03	2.85	2.86	2.85	2.85	298261
1996-04-04	2.82	2.86	2.82	2.85	440198
1996-04-08	2.71	2.77	2.68	2.77	576766
1996-04-09	2.70	2.71	2.68	2.71	885978
1996-04-10	2.68	2.70	2.67	2.70	766588
1996-04-11	2.61	2.70	2.60	2.68	1032639
1996-04-12	2.61	2.64	2.58	2.61	457161
1996-04-15	2.65	2.65	2.63	2.64	290316
1996-04-16	2.64	2.65	2.61	2.64	979815
1996-04-17	2.63	2.64	2.61	2.61	415289
1996-04-18	2.65	2.65	2.61	2.63	350655
1996-04-19	2.61	2.65	2.61	2.65	470689
1996-04-22	2.63	2.65	2.61	2.64	247155
1996-04-23	2.63	2.64	2.61	2.61	285806
1996-04-24	2.64	2.64	2.61	2.63	275285
1996-04-25	2.64	2.65	2.63	2.64	281297
1996-04-26	2.63	2.67	2.63	2.64	221172
1996-04-29	2.63	2.65	2.63	2.64	318231
1996-04-30	2.65	2.65	2.63	2.64	296758
1996-05-01	2.68	2.68	2.64	2.64	295040
1996-05-02	2.64	2.65	2.63	2.65	385656
1996-05-03	2.61	2.65	2.61	2.64	266051
1996-05-06	2.61	2.63	2.60	2.63	353661
1996-05-07	2.63	2.64	2.61	2.63	142152
1996-05-08	2.68	2.68	2.61	2.63	415718
1996-05-09	2.68	2.71	2.67	2.70	279794
1996-05-10	2.74	2.74	2.67	2.70	391668
1996-05-13	2.79	2.79	2.73	2.73	261971
1996-05-14	2.77	2.82	2.77	2.79	513421
1996-05-15	2.74	2.77	2.73	2.76	296758
1996-05-16	2.73	2.74	2.70	2.74	258965
1996-05-17	2.74	2.74	2.61	2.73	311145
1996-05-20	2.71	2.73	2.70	2.73	268628
1996-05-21	2.68	2.71	2.68	2.71	499678
1996-05-22	2.79	2.79	2.68	2.70	842388
1996-05-23	2.79	2.82	2.76	2.80	191540
1996-05-24	2.80	2.80	2.77	2.79	281941
1996-05-28	2.76	2.80	2.76	2.79	305562
1996-05-29	2.73	2.76	2.73	2.76	133992
1996-05-30	2.71	2.73	2.68	2.73	256603
1996-05-31	2.68	2.71	2.67	2.71	168563
1996-06-03	2.65	2.68	2.64	2.65	283874
1996-06-04	2.70	2.71	2.67	2.68	329182
1996-06-05	2.71	2.71	2.68	2.68	2944385
1996-06-06	2.69	2.75	2.69	2.73	193257
1996-06-07	2.69	2.69	2.64	2.64	1287954
1996-06-10	2.70	2.70	2.69	2.69	3991196
1996-06-11	2.69	2.72	2.69	2.70	256174
1996-06-12	2.67	2.70	2.67	2.69	302770
1996-06-13	2.69	2.69	2.67	2.67	275929
1996-06-14	2.67	2.70	2.66	2.69	153318
1996-06-17	2.66	2.69	2.66	2.67	191754
1996-06-18	2.69	2.70	2.67	2.67	164698
1996-06-19	2.72	2.72	2.69	2.72	535108
1996-06-20	2.72	2.72	2.70	2.72	220099
1996-06-21	2.73	2.73	2.72	2.73	616491
1996-06-24	2.75	2.76	2.72	2.73	227829
1996-06-25	2.75	2.78	2.75	2.75	318445
1996-06-26	2.73	2.76	2.73	2.75	233197
1996-06-27	2.78	2.78	2.72	2.73	377067
1996-06-28	2.82	2.87	2.78	2.79	581920
1996-07-01	2.84	2.84	2.79	2.84	236418
1996-07-02	2.84	2.87	2.84	2.87	250805
1996-07-03	2.84	2.84	2.81	2.82	262186
1996-07-05	2.73	2.81	2.73	2.79	155894
1996-07-08	2.72	2.76	2.70	2.73	481641
1996-07-09	2.69	2.75	2.69	2.73	476916
1996-07-10	2.73	2.75	2.69	2.70	408632
1996-07-11	2.73	2.78	2.72	2.76	312218
1996-07-12	2.76	2.78	2.73	2.73	213013
1996-07-15	2.75	2.76	2.73	2.75	225038
1996-07-16	2.67	2.73	2.64	2.73	388233
1996-07-17	2.67	2.70	2.67	2.69	216019
1996-07-18	2.69	2.70	2.67	2.67	417436
1996-07-19	2.69	2.70	2.67	2.69	315869
1996-07-22	2.66	2.69	2.66	2.67	158042
1996-07-23	2.69	2.69	2.64	2.66	294825
1996-07-24	2.73	2.73	2.67	2.67	598454
1996-07-25	2.75	2.78	2.73	2.73	497531
1996-07-26	2.70	2.78	2.70	2.76	211080
1996-07-29	2.67	2.72	2.67	2.72	136139
1996-07-30	2.66	2.69	2.64	2.67	321881
1996-07-31	2.67	2.69	2.66	2.67	200773
1996-08-01	2.72	2.81	2.66	2.67	250161
1996-08-02	2.75	2.76	2.73	2.75	195190
1996-08-05	2.79	2.81	2.76	2.76	226541
1996-08-06	2.75	2.79	2.73	2.78	402834
1996-08-07	2.72	2.75	2.70	2.75	230621
1996-08-08	2.70	2.72	2.67	2.69	221387
1996-08-09	2.69	2.73	2.67	2.72	127335
1996-08-12	2.70	2.72	2.67	2.69	366760
1996-08-13	2.70	2.70	2.69	2.70	140863
1996-08-14	2.69	2.70	2.69	2.69	322096
1996-08-15	2.69	2.70	2.67	2.69	327679
1996-08-16	2.73	2.73	2.69	2.69	143655
1996-08-19	2.75	2.76	2.73	2.73	917758
1996-08-20	2.70	2.75	2.70	2.73	183595
1996-08-21	2.72	2.73	2.70	2.70	558085
1996-08-22	2.73	2.75	2.72	2.73	582349
1996-08-23	2.75	2.75	2.72	2.73	188104
1996-08-26	2.73	2.75	2.70	2.73	186816
1996-08-27	2.72	2.73	2.70	2.73	245437
1996-08-28	2.72	2.72	2.69	2.72	156968
1996-08-29	2.69	2.72	2.69	2.72	493665
1996-08-30	2.69	2.70	2.69	2.69	194546
1996-09-03	2.67	2.69	2.67	2.67	257677
1996-09-04	2.67	2.69	2.66	2.67	729654
1996-09-05	2.66	2.69	2.66	2.66	361821
1996-09-06	2.65	2.68	2.65	2.65	1496457
1996-09-09	2.66	2.66	2.63	2.63	1373416
1996-09-10	2.65	2.66	2.65	2.66	391454
1996-09-11	2.66	2.66	2.65	2.66	171999
1996-09-12	2.68	2.68	2.65	2.66	403049
1996-09-13	2.74	2.74	2.69	2.69	332403
1996-09-16	2.71	2.77	2.71	2.76	297616
1996-09-17	2.76	2.76	2.71	2.72	238136
1996-09-18	2.74	2.76	2.74	2.74	296543
1996-09-19	2.76	2.76	2.71	2.74	281297
1996-09-20	2.76	2.79	2.74	2.79	976165
1996-09-23	2.76	2.76	2.72	2.74	269702
1996-09-24	2.72	2.76	2.71	2.74	556367
1996-09-25	2.71	2.72	2.69	2.72	324028
1996-09-26	2.76	2.76	2.69	2.71	971656
1996-09-27	2.69	2.74	2.69	2.72	485076
1996-09-30	2.66	2.71	2.66	2.71	645480
1996-10-01	2.71	2.71	2.66	2.66	244363
1996-10-02	2.72	2.74	2.71	2.72	661155
1996-10-03	2.71	2.72	2.71	2.72	337342
1996-10-04	2.74	2.74	2.71	2.72	318445
1996-10-07	2.76	2.77	2.74	2.76	273781
1996-10-08	2.76	2.76	2.74	2.74	536182
1996-10-09	2.76	2.76	2.74	2.74	288813
1996-10-10	2.74	2.76	2.72	2.74	283444
1996-10-11	2.76	2.76	2.72	2.74	371913
1996-10-14	2.76	2.77	2.74	2.74	302985
1996-10-15	2.77	2.79	2.74	2.77	452652
1996-10-16	2.76	2.77	2.76	2.77	247584
1996-10-17	2.77	2.77	2.76	2.76	308997
1996-10-18	2.76	2.77	2.76	2.77	294825
1996-10-21	2.77	2.77	2.76	2.76	409921
1996-10-22	2.77	2.79	2.74	2.77	583638
1996-10-23	2.76	2.77	2.74	2.76	286021
1996-10-24	2.74	2.77	2.74	2.77	275499
1996-10-25	2.74	2.76	2.74	2.74	254026
1996-10-28	2.74	2.77	2.74	2.76	265836
1996-10-29	2.80	2.80	2.74	2.74	736955
1996-10-30	2.85	2.85	2.80	2.80	660941
1996-10-31	2.85	2.85	2.82	2.83	719132
1996-11-01	2.85	2.86	2.83	2.85	343784
1996-11-04	2.88	2.88	2.85	2.86	252523
1996-11-05	2.92	2.92	2.88	2.88	694653
1996-11-06	2.95	2.95	2.89	2.92	506764
1996-11-07	2.95	2.95	2.94	2.95	255529
1996-11-08	2.95	2.97	2.92	2.95	210221
1996-11-11	2.95	2.97	2.94	2.95	160404
1996-11-12	2.97	2.97	2.95	2.95	652566
1996-11-13	2.95	2.97	2.94	2.94	264548
1996-11-14	2.94	2.94	2.91	2.94	195405
1996-11-15	2.94	2.97	2.94	2.97	439553
1996-11-18	2.97	2.98	2.92	2.94	769809
1996-11-19	2.92	2.97	2.92	2.97	486579
1996-11-20	2.91	2.92	2.89	2.92	876100
1996-11-21	2.91	2.91	2.89	2.91	162122
1996-11-22	2.82	2.89	2.82	2.88	615203
1996-11-25	2.88	2.89	2.82	2.83	761649
1996-11-26	2.83	2.91	2.82	2.89	1007945
1996-11-27	2.80	2.85	2.80	2.83	287309
1996-11-29	2.79	2.82	2.79	2.80	313936
1996-12-02	2.80	2.82	2.79	2.80	750698
1996-12-03	2.80	2.86	2.80	2.83	1270775
1996-12-04	2.86	2.86	2.80	2.82	1123041
1996-12-05	2.86	2.86	2.85	2.86	893923
1996-12-06	2.82	2.85	2.82	2.84	2157183
1996-12-09	2.90	2.90	2.82	2.82	2136354
1996-12-10	2.87	2.91	2.87	2.90	1057763
1996-12-11	2.85	2.87	2.84	2.87	836805
1996-12-12	2.82	2.84	2.82	2.84	427314
1996-12-13	2.82	2.84	2.81	2.82	605970
1996-12-16	2.84	2.84	2.81	2.82	439553
1996-12-17	2.81	2.84	2.79	2.82	431823
1996-12-18	2.81	2.82	2.79	2.81	252308
1996-12-19	2.85	2.85	2.82	2.84	451149
1996-12-20	2.88	2.88	2.85	2.88	926347
1996-12-23	2.87	2.88	2.85	2.87	428173
1996-12-24	2.87	2.87	2.85	2.85	85892
1996-12-26	2.87	2.90	2.87	2.88	237492
1996-12-27	2.88	2.90	2.87	2.88	218166
1996-12-30	2.88	2.91	2.87	2.90	332188
1996-12-31	2.85	2.88	2.85	2.88	222890
1997-01-02	2.85	2.87	2.82	2.87	510629
1997-01-03	2.87	2.90	2.87	2.88	463174
1997-01-06	2.85	2.88	2.84	2.88	294610
1997-01-07	2.88	2.90	2.84	2.84	583423
1997-01-08	2.88	2.90	2.87	2.90	421516
1997-01-09	2.93	2.93	2.88	2.88	904660
1997-01-10	2.96	2.96	2.87	2.88	601031
1997-01-13	2.93	2.94	2.91	2.94	248873
1997-01-14	2.93	2.94	2.91	2.94	448143
1997-01-15	2.90	2.94	2.90	2.93	313077
1997-01-16	2.91	2.93	2.88	2.91	481641
1997-01-17	2.93	2.94	2.91	2.91	324887
1997-01-20	2.91	2.93	2.90	2.93	188319
1997-01-21	2.94	2.94	2.90	2.90	355594
1997-01-22	2.91	2.94	2.88	2.94	265622
1997-01-23	2.94	2.98	2.93	2.94	524372
1997-01-24	2.90	2.94	2.90	2.94	279150
1997-01-27	2.88	2.90	2.85	2.88	191110
1997-01-28	2.85	2.91	2.84	2.90	313936
1997-01-29	2.82	2.85	2.81	2.85	309641
1997-01-30	2.82	2.84	2.81	2.84	233197
1997-01-31	2.81	2.84	2.81	2.82	334765
1997-02-03	2.82	2.82	2.81	2.81	331544
1997-02-04	2.82	2.82	2.79	2.82	345287
1997-02-05	2.81	2.87	2.77	2.82	624866
1997-02-06	2.81	2.82	2.79	2.82	299764
1997-02-07	2.84	2.84	2.81	2.82	509126
1997-02-10	2.82	2.84	2.81	2.84	334980
1997-02-11	2.81	2.82	2.79	2.82	460167
1997-02-12	2.82	2.82	2.81	2.81	485935
1997-02-13	2.85	2.85	2.81	2.82	694438
1997-02-14	2.87	2.87	2.85	2.87	307065
1997-02-18	2.87	2.87	2.84	2.87	475628
1997-02-19	2.84	2.87	2.84	2.87	198196
1997-02-20	2.84	2.84	2.81	2.84	227614
1997-02-21	2.84	2.85	2.84	2.84	387589
1997-02-24	2.85	2.85	2.82	2.84	286665
1997-02-25	2.85	2.86	2.84	2.85	487653
1997-02-26	2.84	2.85	2.82	2.85	343354
1997-02-27	2.81	2.84	2.81	2.84	1066996
1997-02-28	2.84	2.84	2.81	2.81	280653
1997-03-03	2.84	2.85	2.82	2.85	354305
1997-03-04	2.81	2.82	2.79	2.82	1171784
1997-03-05	2.82	2.82	2.79	2.79	751127
1997-03-06	2.79	2.84	2.78	2.83	1616062
1997-03-07	2.76	2.81	2.75	2.79	1906377
1997-03-10	2.79	2.79	2.75	2.76	537685
1997-03-11	2.75	2.79	2.75	2.79	386515
1997-03-12	2.75	2.76	2.73	2.75	742753
1997-03-13	2.68	2.73	2.67	2.72	1010522
1997-03-14	2.65	2.68	2.64	2.67	514494
1997-03-17	2.65	2.67	2.62	2.64	1052824
1997-03-18	2.62	2.67	2.61	2.67	762508
1997-03-19	2.65	2.65	2.61	2.61	281941
1997-03-20	2.61	2.64	2.61	2.64	263474
1997-03-21	2.59	2.62	2.59	2.62	582564
1997-03-24	2.57	2.61	2.54	2.61	745974
1997-03-25	2.59	2.61	2.56	2.57	747477
1997-03-26	2.54	2.61	2.54	2.59	469830
1997-03-27	2.56	2.57	2.54	2.56	376637
1997-03-31	2.56	2.56	2.53	2.56	539618
1997-04-01	2.53	2.54	2.51	2.54	494095
1997-04-02	2.56	2.56	2.53	2.54	564956
1997-04-03	2.56	2.56	2.54	2.54	613915
1997-04-04	2.51	2.56	2.51	2.53	428387
1997-04-07	2.49	2.53	2.49	2.51	443419
1997-04-08	2.48	2.51	2.45	2.49	341851
1997-04-09	2.48	2.48	2.45	2.48	521151
1997-04-10	2.45	2.46	2.43	2.45	579128
1997-04-11	2.43	2.46	2.42	2.43	316083
1997-04-14	2.42	2.43	2.40	2.42	402620
1997-04-15	2.43	2.46	2.42	2.45	536826
1997-04-16	2.43	2.43	2.42	2.42	337556
1997-04-17	2.40	2.45	2.40	2.43	310286
1997-04-18	2.45	2.45	2.42	2.43	413571
1997-04-21	2.43	2.46	2.42	2.43	324887
1997-04-22	2.42	2.43	2.42	2.42	277217
1997-04-23	2.45	2.46	2.43	2.43	1075800
1997-04-24	2.45	2.45	2.43	2.45	325531
1997-04-25	2.42	2.43	2.42	2.42	448143
1997-04-28	2.45	2.46	2.42	2.42	430535
1997-04-29	2.51	2.51	2.46	2.46	843676
1997-04-30	2.48	2.51	2.46	2.49	297187
1997-05-01	2.51	2.51	2.49	2.49	203135
1997-05-02	2.54	2.54	2.49	2.49	379429
1997-05-05	2.62	2.64	2.54	2.56	411424
1997-05-06	2.61	2.64	2.61	2.61	566889
1997-05-07	2.59	2.64	2.59	2.64	363968
1997-05-08	2.59	2.64	2.57	2.57	1014602
1997-05-09	2.57	2.61	2.54	2.61	457376
1997-05-12	2.59	2.59	2.56	2.57	670603
1997-05-13	2.57	2.61	2.56	2.61	296543
1997-05-14	2.61	2.61	2.57	2.59	488512
1997-05-15	2.61	2.61	2.59	2.61	507623
1997-05-16	2.59	2.61	2.59	2.61	425596
1997-05-19	2.61	2.61	2.59	2.61	189822
1997-05-20	2.57	2.59	2.56	2.59	340133
1997-05-21	2.54	2.59	2.54	2.59	358815
1997-05-22	2.53	2.56	2.53	2.56	216448
1997-05-23	2.53	2.56	2.53	2.54	193902
1997-05-27	2.53	2.54	2.51	2.53	353232
1997-05-28	2.54	2.54	2.49	2.53	726219
1997-05-29	2.51	2.54	2.51	2.54	666953
1997-05-30	2.53	2.56	2.51	2.51	587288
1997-06-02	2.53	2.56	2.51	2.56	351943
1997-06-03	2.53	2.56	2.53	2.54	267769
1997-06-04	2.51	2.54	2.51	2.53	381147
1997-06-05	2.48	2.54	2.48	2.53	6913678
1997-06-06	2.53	2.63	2.48	2.50	1697445
1997-06-09	2.58	2.58	2.55	2.55	2471548
1997-06-10	2.58	2.59	2.57	2.58	527163
1997-06-11	2.57	2.58	2.55	2.58	336912
1997-06-12	2.58	2.58	2.55	2.57	322955
1997-06-13	2.65	2.65	2.60	2.60	573760
1997-06-16	2.61	2.66	2.60	2.66	607902
1997-06-17	2.61	2.63	2.60	2.60	416577
1997-06-18	2.60	2.61	2.58	2.60	724501
1997-06-19	2.58	2.60	2.58	2.60	760575
1997-06-20	2.58	2.58	2.57	2.58	905089
1997-06-23	2.55	2.57	2.55	2.57	726004
1997-06-24	2.55	2.55	2.52	2.55	860640
1997-06-25	2.53	2.57	2.53	2.55	1019111
1997-06-26	2.57	2.57	2.52	2.52	1627657
1997-06-27	2.57	2.57	2.55	2.55	576766
1997-06-30	2.57	2.57	2.57	2.57	609835
1997-07-01	2.59	2.59	2.55	2.57	581705
1997-07-02	2.58	2.58	2.56	2.57	781404
1997-07-03	2.59	2.60	2.57	2.58	579558
1997-07-07	2.57	2.60	2.55	2.59	669959
1997-07-08	2.55	2.57	2.55	2.55	823706
1997-07-09	2.57	2.57	2.55	2.57	1054327
1997-07-10	2.57	2.58	2.56	2.57	655572
1997-07-11	2.57	2.58	2.57	2.57	492377
1997-07-14	2.58	2.58	2.57	2.57	525875
1997-07-15	2.58	2.59	2.57	2.58	1020399
1997-07-16	2.62	2.64	2.57	2.58	8743826
1997-07-17	2.61	2.63	2.60	2.63	1852695
1997-07-18	2.60	2.61	2.56	2.61	897788
1997-07-21	2.57	2.58	2.56	2.58	418295
1997-07-22	2.58	2.60	2.57	2.57	1304703
1997-07-23	2.57	2.59	2.56	2.59	659223
1997-07-24	2.56	2.57	2.53	2.57	582349
1997-07-25	2.52	2.57	2.51	2.55	783766
1997-07-28	2.55	2.55	2.52	2.52	495169
1997-07-29	2.58	2.60	2.53	2.56	472837
1997-07-30	2.61	2.61	2.58	2.59	392742
1997-07-31	2.64	2.67	2.60	2.60	1336483
1997-08-01	2.65	2.65	2.61	2.61	720421
1997-08-04	2.62	2.65	2.61	2.65	557226
1997-08-05	2.62	2.62	2.60	2.61	538759
1997-08-06	2.67	2.68	2.61	2.61	601675
1997-08-07	2.65	2.68	2.64	2.67	504617
1997-08-08	2.61	2.63	2.59	2.61	461241
1997-08-11	2.65	2.66	2.61	2.61	342710
1997-08-12	2.65	2.69	2.65	2.67	456088
1997-08-13	2.63	2.67	2.61	2.65	471333
1997-08-14	2.65	2.67	2.63	2.64	555293
1997-08-15	2.65	2.66	2.63	2.64	1065708
1997-08-18	2.69	2.69	2.64	2.65	660296
1997-08-19	2.73	2.84	2.69	2.69	678978
1997-08-20	2.74	2.74	2.70	2.71	622289
1997-08-21	2.71	2.75	2.71	2.74	839596
1997-08-22	2.73	2.73	2.65	2.66	492162
1997-08-25	2.71	2.74	2.69	2.74	493665
1997-08-26	2.71	2.71	2.69	2.70	473696
1997-08-27	2.80	2.82	2.69	2.70	984325
1997-08-28	2.79	2.81	2.76	2.79	856345
1997-08-29	2.83	2.83	2.78	2.78	693150
1997-09-02	2.87	2.87	2.81	2.82	799227
1997-09-03	2.90	2.90	2.86	2.87	968864
1997-09-04	2.98	2.98	2.88	2.90	2140863
1997-09-05	2.93	2.98	2.92	2.97	7441486
1997-09-08	2.93	2.96	2.91	2.93	896715
1997-09-09	2.93	2.95	2.90	2.92	364183
1997-09-10	2.92	2.95	2.92	2.93	1787846
1997-09-11	2.90	2.93	2.89	2.91	489586
1997-09-12	2.96	2.96	2.88	2.90	324028
1997-09-15	2.93	2.97	2.93	2.95	870732
1997-09-16	2.99	3.01	2.96	2.96	625725
1997-09-17	2.93	2.99	2.93	2.97	664806
1997-09-18	2.94	2.97	2.93	2.94	569680
1997-09-19	2.94	2.96	2.91	2.95	679837
1997-09-22	2.93	2.97	2.92	2.96	552287
1997-09-23	2.90	2.93	2.89	2.93	473696
1997-09-24	2.89	2.95	2.88	2.89	474125
1997-09-25	2.88	2.89	2.86	2.88	526090
1997-09-26	2.88	2.89	2.88	2.88	214731
1997-09-29	2.89	2.91	2.86	2.86	271205
1997-09-30	2.88	2.92	2.87	2.89	479923
1997-10-01	2.90	2.92	2.88	2.89	300623
1997-10-02	2.93	2.95	2.90	2.93	423878
1997-10-03	2.90	2.97	2.86	2.96	483788
1997-10-06	2.95	2.98	2.93	2.95	493880
1997-10-07	2.93	2.97	2.93	2.95	447713
1997-10-08	2.88	2.93	2.86	2.93	283874
1997-10-09	2.85	2.87	2.83	2.86	659652
1997-10-10	2.87	2.87	2.83	2.84	270131
1997-10-13	2.88	2.91	2.87	2.88	220528
1997-10-14	2.89	2.90	2.85	2.89	497101
1997-10-15	2.88	2.90	2.86	2.88	391024
1997-10-16	2.88	2.91	2.87	2.89	274640
1997-10-17	2.85	2.88	2.83	2.85	613270
1997-10-20	2.90	2.90	2.81	2.85	341851
1997-10-21	2.93	2.93	2.86	2.89	1516856
1997-10-22	2.87	2.92	2.87	2.92	949109
1997-10-23	2.79	2.86	2.79	2.86	486365
1997-10-24	2.84	2.84	2.80	2.84	502684
1997-10-27	2.70	2.86	2.70	2.83	409062
1997-10-28	2.79	2.82	2.63	2.68	981104
1997-10-29	2.85	2.88	2.76	2.84	859352
1997-10-30	2.79	2.86	2.79	2.84	453511
1997-10-31	2.84	2.85	2.80	2.81	362895
1997-11-03	2.83	2.86	2.79	2.86	393601
1997-11-04	2.79	2.84	2.79	2.81	376208
1997-11-05	2.79	2.84	2.78	2.80	392957
1997-11-06	2.83	2.84	2.79	2.79	339489
1997-11-07	2.82	2.82	2.76	2.79	406914
1997-11-10	2.82	2.84	2.81	2.83	264333
1997-11-11	2.88	2.88	2.83	2.83	816835
1997-11-12	2.82	2.88	2.82	2.86	371699
1997-11-13	2.87	2.89	2.83	2.83	282800
1997-11-14	2.88	2.90	2.85	2.86	409706
1997-11-17	2.92	2.92	2.88	2.90	389736
1997-11-18	2.90	2.92	2.88	2.92	223749
1997-11-19	2.93	2.94	2.88	2.89	602104
1997-11-20	2.95	2.98	2.93	2.95	335839
1997-11-21	3.01	3.02	2.96	2.97	929568
1997-11-24	3.01	3.02	2.99	2.99	456302
1997-11-25	3.08	3.08	3.01	3.02	559588
1997-11-26	3.07	3.11	3.06	3.09	995061
1997-11-28	3.09	3.11	3.09	3.09	434615
1997-12-01	3.18	3.18	3.09	3.11	762508
1997-12-02	3.13	3.17	3.12	3.16	752201
1997-12-03	3.07	3.12	3.05	3.12	864076
1997-12-04	3.04	3.09	3.03	3.05	336053
1997-12-05	3.06	3.06	3.01	3.03	9910243
1997-12-08	3.08	3.08	3.04	3.05	867297
1997-12-09	3.06	3.10	3.03	3.10	392313
1997-12-10	3.04	3.06	3.02	3.05	464462
1997-12-11	3.00	3.04	2.93	3.04	1157183
1997-12-12	3.02	3.03	2.96	3.00	413786
1997-12-15	3.03	3.05	2.99	3.00	461456
1997-12-16	3.05	3.06	3.02	3.04	325961
1997-12-17	3.05	3.07	3.04	3.05	222031
1997-12-18	3.01	3.05	3.00	3.05	514924
1997-12-19	3.01	3.02	2.95	2.98	735452
1997-12-22	3.12	3.12	3.01	3.01	387803
1997-12-23	3.19	3.20	3.12	3.12	1310500
1997-12-24	3.18	3.20	3.16	3.19	286880
1997-12-26	3.18	3.21	3.18	3.20	102212
1997-12-29	3.24	3.24	3.16	3.17	812755
1997-12-30	3.23	3.25	3.19	3.25	265622
1997-12-31	3.20	3.23	3.19	3.22	248873
1998-01-02	3.20	3.24	3.16	3.22	818767
1998-01-05	3.13	3.25	3.13	3.23	778183
1998-01-06	3.15	3.16	3.12	3.13	706678
1998-01-07	3.14	3.17	3.13	3.13	919906
1998-01-08	3.15	3.18	3.10	3.12	636247
1998-01-09	3.12	3.21	3.10	3.15	537900
1998-01-12	3.15	3.15	3.06	3.07	449002
1998-01-13	3.12	3.17	3.08	3.16	499463
1998-01-14	3.10	3.13	3.08	3.13	463174
1998-01-15	3.08	3.12	3.07	3.11	591368
1998-01-16	3.06	3.10	3.06	3.10	791282
1998-01-20	3.10	3.12	3.06	3.06	296972
1998-01-21	3.10	3.11	3.05	3.11	457591
1998-01-22	3.12	3.14	3.07	3.08	521795
1998-01-23	3.13	3.15	3.11	3.12	781404
1998-01-26	3.05	3.13	3.04	3.13	505261
1998-01-27	2.95	3.03	2.95	3.03	994846
1998-01-28	2.99	3.01	2.97	2.97	602104
1998-01-29	2.96	2.99	2.96	2.99	866867
1998-01-30	2.94	2.96	2.93	2.96	557870
1998-02-02	2.95	2.98	2.92	2.95	581061
1998-02-03	2.93	3.07	2.91	2.94	1095126
1998-02-04	2.90	2.94	2.90	2.93	1018252
1998-02-05	2.97	2.98	2.91	2.91	1510200
1998-02-06	2.99	3.00	2.95	2.97	479064
1998-02-09	2.96	3.03	2.95	3.00	722783
1998-02-10	2.96	3.00	2.95	2.96	642903
1998-02-11	2.96	2.98	2.95	2.96	1121537
1998-02-12	2.98	2.98	2.94	2.96	519218
1998-02-13	2.98	2.98	2.95	2.95	573545
1998-02-17	3.00	3.01	2.98	3.00	877604
1998-02-18	3.01	3.01	2.99	2.99	395534
1998-02-19	2.95	3.00	2.95	2.99	575048
1998-02-20	2.98	2.98	2.94	2.97	424307
1998-02-23	2.95	2.99	2.94	2.97	255315
1998-02-24	2.95	2.98	2.92	2.98	625510
1998-02-25	3.02	3.02	2.95	2.97	1077303
1998-02-26	3.00	3.02	2.98	3.00	1201202
1998-02-27	3.00	3.01	2.96	2.98	1165128
1998-03-02	3.00	3.05	2.98	2.99	286021
1998-03-03	3.02	3.02	2.98	2.98	708611
1998-03-04	3.01	3.02	3.00	3.01	2318231
1998-03-05	2.98	3.01	2.96	3.00	5154821
1998-03-06	3.06	3.08	2.98	2.98	1048314
1998-03-09	3.07	3.09	3.04	3.04	437836
1998-03-10	3.09	3.10	3.06	3.07	518789
1998-03-11	3.07	3.10	3.07	3.09	855916
1998-03-12	3.04	3.06	3.04	3.06	397466
1998-03-13	3.05	3.06	3.04	3.05	502469
1998-03-16	3.09	3.09	3.06	3.06	1343139
1998-03-17	3.09	3.10	3.07	3.10	1449002
1998-03-18	3.07	3.09	3.06	3.09	716126
1998-03-19	3.10	3.10	3.07	3.08	452222
1998-03-20	3.15	3.16	3.09	3.12	942237
1998-03-23	3.16	3.19	3.09	3.13	685635
1998-03-24	3.17	3.18	3.14	3.16	472407
1998-03-25	3.18	3.18	3.14	3.18	498390
1998-03-26	3.16	3.16	3.14	3.16	433970
1998-03-27	3.16	3.17	3.15	3.15	675542
1998-03-30	3.16	3.17	3.14	3.16	901653
1998-03-31	3.20	3.24	3.17	3.17	742323
1998-04-01	3.23	3.24	3.17	3.23	1063346
1998-04-02	3.24	3.27	3.20	3.27	949538
1998-04-03	3.22	3.27	3.20	3.27	592441
1998-04-06	3.20	3.22	3.17	3.20	597380
1998-04-07	3.25	3.33	3.14	3.17	1313507
1998-04-08	3.22	3.26	3.22	3.24	588791
1998-04-09	3.27	3.29	3.20	3.22	511273
1998-04-13	3.24	3.25	3.22	3.24	611338
1998-04-14	3.26	3.26	3.22	3.23	279794
1998-04-15	3.29	3.29	3.22	3.26	1156109
1998-04-16	3.20	3.27	3.19	3.26	549066
1998-04-17	3.18	3.21	3.16	3.20	1777754
1998-04-20	3.15	3.16	3.10	3.16	438050
1998-04-21	3.14	3.16	3.11	3.13	465321
1998-04-22	3.13	3.14	3.09	3.13	729010
1998-04-23	3.09	3.12	3.07	3.11	414859
1998-04-24	3.08	3.12	3.07	3.09	322525
1998-04-27	3.02	3.06	3.01	3.03	448357
1998-04-28	3.04	3.07	3.03	3.05	589006
1998-04-29	3.07	3.10	3.05	3.06	579987
1998-04-30	3.15	3.17	3.07	3.07	719132
1998-05-01	3.10	3.15	3.07	3.13	621860
1998-05-04	3.05	3.12	3.05	3.11	397251
1998-05-05	3.10	3.10	3.04	3.04	598239
1998-05-06	3.07	3.10	3.06	3.10	405841
1998-05-07	3.04	3.06	3.04	3.05	375993
1998-05-08	3.09	3.10	3.04	3.04	254456
1998-05-11	3.07	3.10	3.07	3.09	228473
1998-05-12	3.06	3.08	3.04	3.05	339704
1998-05-13	3.04	3.07	3.02	3.04	510844
1998-05-14	2.98	3.04	2.97	3.04	1189178
1998-05-15	2.96	3.09	2.93	2.98	1204638
1998-05-18	2.90	2.95	2.87	2.94	874597
1998-05-19	2.86	2.93	2.85	2.89	1600172
1998-05-20	2.93	2.93	2.85	2.86	608332
1998-05-21	2.91	2.93	2.89	2.93	672321
1998-05-22	2.90	2.93	2.89	2.90	473266
1998-05-26	2.91	2.92	2.89	2.91	613270
1998-05-27	2.93	2.95	2.88	2.90	1108224
1998-05-28	2.96	2.96	2.93	2.93	968005
1998-05-29	3.02	3.03	2.97	2.98	840670
1998-06-01	3.15	3.19	3.02	3.02	2256603
1998-06-02	3.16	3.20	3.14	3.20	834658
1998-06-03	3.16	3.20	3.15	3.17	1332618
1998-06-04	3.10	3.16	3.07	3.15	2723642
1998-06-05	3.12	3.12	3.08	3.09	2144728
1998-06-08	3.25	3.25	3.18	3.20	5807816
1998-06-09	3.25	3.27	3.23	3.25	1433111
1998-06-10	3.33	3.34	3.25	3.25	1182091
1998-06-11	3.30	3.33	3.29	3.30	964784
1998-06-12	3.32	3.34	3.30	3.30	541550
1998-06-15	3.31	3.33	3.24	3.28	1220099
1998-06-16	3.32	3.32	3.30	3.31	902942
1998-06-17	3.34	3.34	3.31	3.32	2059051
1998-06-18	3.34	3.35	3.33	3.34	516856
1998-06-19	3.32	3.34	3.29	3.34	1117887
1998-06-22	3.33	3.36	3.31	3.32	381791
1998-06-23	3.33	3.33	3.31	3.31	307924
1998-06-24	3.30	3.32	3.28	3.31	1515568
1998-06-25	3.30	3.31	3.29	3.30	1208503
1998-06-26	3.31	3.31	3.28	3.30	1699807
1998-06-29	3.30	3.32	3.25	3.29	656431
1998-06-30	3.25	3.30	3.23	3.30	747906
1998-07-01	3.28	3.28	3.23	3.25	594374
1998-07-02	3.23	3.30	3.23	3.30	726648
1998-07-06	3.19	3.23	3.16	3.20	717629
1998-07-07	3.19	3.28	3.15	3.17	1047241
1998-07-08	3.24	3.25	3.16	3.17	822633
1998-07-09	3.27	3.28	3.21	3.26	1189178
1998-07-10	3.27	3.30	3.24	3.26	1224823
1998-07-13	3.22	3.26	3.19	3.25	889843
1998-07-14	3.23	3.23	3.17	3.19	1311359
1998-07-15	3.31	3.33	3.26	3.26	1705604
1998-07-16	3.34	3.35	3.30	3.30	1000429
1998-07-17	3.39	3.39	3.31	3.33	1499034
1998-07-20	3.39	3.39	3.35	3.38	592441
1998-07-21	3.33	3.39	3.31	3.39	832725
1998-07-22	3.35	3.36	3.31	3.33	414859
1998-07-23	3.30	3.35	3.29	3.35	540691
1998-07-24	3.28	3.31	3.24	3.31	660082
1998-07-27	3.30	3.30	3.20	3.26	806313
1998-07-28	3.25	3.27	3.21	3.27	418080
1998-07-29	3.24	3.26	3.23	3.24	380288
1998-07-30	3.27	3.30	3.23	3.25	615203
1998-07-31	3.32	3.35	3.23	3.24	1426240
1998-08-03	3.38	3.40	3.30	3.31	1843461
1998-08-04	3.31	3.40	3.31	3.39	670389
1998-08-05	3.37	3.37	3.31	3.31	1594804
1998-08-06	3.39	3.40	3.35	3.35	2240283
1998-08-07	3.37	3.39	3.36	3.36	598883
1998-08-10	3.40	3.40	3.35	3.37	743612
1998-08-11	3.37	3.38	3.33	3.36	517071
1998-08-12	3.45	3.48	3.33	3.37	692506
1998-08-13	3.51	3.55	3.44	3.44	3430320
1998-08-14	3.57	3.68	3.55	3.67	8584926
1998-08-17	3.56	3.58	3.52	3.53	2602534
1998-08-18	3.55	3.57	3.53	3.55	2523513
1998-08-19	3.50	3.55	3.49	3.54	1564741
1998-08-20	3.48	3.49	3.42	3.46	1454370
1998-08-21	3.50	3.51	3.42	3.44	1810393
1998-08-24	3.47	3.51	3.46	3.49	1332832
1998-08-25	3.44	3.50	3.43	3.46	2566244
1998-08-26	3.44	3.46	3.41	3.43	3429461
1998-08-27	3.44	3.48	3.42	3.43	1886193
1998-08-28	3.44	3.46	3.40	3.44	1704960
1998-08-31	3.39	3.46	3.37	3.43	2540477
1998-09-01	3.37	3.40	3.26	3.38	1368263
1998-09-02	3.36	3.40	3.35	3.37	1106077
1998-09-03	3.36	3.38	3.31	3.35	751986
1998-09-04	3.43	3.43	3.35	3.36	873094
1998-09-08	3.47	3.49	3.41	3.48	2708181
1998-09-09	3.47	3.49	3.43	3.45	1303844
1998-09-10	3.49	3.50	3.43	3.43	1089328
1998-09-11	3.55	3.56	3.45	3.46	2783981
1998-09-14	3.52	3.55	3.48	3.55	2262186
1998-09-15	3.60	3.60	3.51	3.51	3126691
1998-09-16	3.65	3.65	3.58	3.59	878033
1998-09-17	3.73	3.73	3.59	3.62	2465965
1998-09-18	3.65	3.73	3.64	3.71	914108
1998-09-21	3.64	3.66	3.60	3.62	473910
1998-09-22	3.65	3.68	3.63	3.64	890487
1998-09-23	3.64	3.69	3.64	3.64	1935796
1998-09-24	3.67	3.68	3.63	3.66	2197123
1998-09-25	3.64	3.66	3.62	3.64	955766
1998-09-28	3.68	3.69	3.64	3.65	1173932
1998-09-29	3.72	3.73	3.68	3.68	2561950
1998-09-30	3.75	3.82	3.69	3.69	2149882
1998-10-01	3.78	3.79	3.75	3.75	1384153
1998-10-02	3.89	3.95	3.78	3.78	1651492
1998-10-05	3.97	4.06	3.84	3.87	3128838
1998-10-06	3.97	4.02	3.91	4.01	1174361
1998-10-07	3.99	4.02	3.95	3.96	1407988
1998-10-08	4.02	4.07	3.98	3.98	1293966
1998-10-09	3.92	4.03	3.89	4.03	1249946
1998-10-12	3.73	4.02	3.61	3.93	1666094
1998-10-13	3.80	3.85	3.72	3.74	1026627
1998-10-14	3.87	3.97	3.78	3.80	623363
1998-10-15	3.92	3.94	3.85	3.87	764870
1998-10-16	3.76	3.97	3.72	3.97	729654
1998-10-19	3.77	3.77	3.72	3.74	1705604
1998-10-20	3.88	3.89	3.77	3.77	2645909
1998-10-21	3.95	3.96	3.87	3.87	2610264
1998-10-22	3.96	3.98	3.91	3.95	744685
1998-10-23	3.87	3.96	3.84	3.93	1046597
1998-10-26	3.87	3.88	3.84	3.86	531458
1998-10-27	3.89	3.90	3.86	3.87	703457
1998-10-28	3.90	3.99	3.89	3.90	735881
1998-10-29	3.91	3.92	3.88	3.92	409276
1998-10-30	3.93	3.93	3.87	3.93	797509
1998-11-02	3.94	3.97	3.93	3.97	551857
1998-11-03	3.97	4.00	3.94	3.96	679622
1998-11-04	3.95	4.02	3.90	3.98	680266
1998-11-05	3.97	4.00	3.91	3.95	684346
1998-11-06	3.93	3.97	3.89	3.97	686493
1998-11-09	3.87	3.94	3.84	3.92	519648
1998-11-10	4.06	4.06	3.91	3.91	2052609
1998-11-11	4.01	4.05	3.96	4.05	581061
1998-11-12	4.02	4.04	3.98	4.00	1120679
1998-11-13	4.01	4.05	3.98	4.01	311145
1998-11-16	4.01	4.04	3.98	4.02	394030
1998-11-17	3.99	4.05	3.99	4.04	675113
1998-11-18	4.01	4.04	3.96	3.99	1090187
1998-11-19	4.01	4.03	3.96	3.99	264119
1998-11-20	3.99	4.05	3.94	4.05	316083
1998-11-23	4.00	4.06	3.98	4.00	341422
1998-11-24	4.01	4.05	3.97	4.03	549495
1998-11-25	4.04	4.06	3.98	3.99	289242
1998-11-27	4.02	4.06	4.01	4.04	88469
1998-11-30	3.96	4.05	3.95	3.99	469186
1998-12-01	3.99	4.01	3.95	3.96	639253
1998-12-02	3.95	4.04	3.94	3.97	628946
1998-12-03	3.97	3.99	3.93	3.93	356023
1998-12-04	4.07	4.07	3.98	3.99	677045
1998-12-07	4.04	4.07	4.02	4.06	383938
1998-12-08	4.19	4.21	4.14	4.15	255744
1998-12-09	4.19	4.19	4.13	4.17	261971
1998-12-10	4.12	4.18	4.11	4.18	334765
1998-12-11	4.14	4.14	4.07	4.10	347649
1998-12-14	4.12	4.15	4.07	4.12	597166
1998-12-15	4.13	4.16	4.08	4.14	748765
1998-12-16	4.24	4.24	4.11	4.13	1674898
1998-12-17	4.28	4.29	4.20	4.24	412712
1998-12-18	4.31	4.34	4.22	4.26	579558
1998-12-21	4.36	4.36	4.29	4.31	1282800
1998-12-22	4.33	4.35	4.30	4.35	762079
1998-12-23	4.27	4.33	4.25	4.31	533176
1998-12-24	4.26	4.29	4.24	4.24	242431
1998-12-28	4.24	4.27	4.23	4.26	1152888
1998-12-29	4.29	4.32	4.24	4.26	554864
1998-12-30	4.24	4.28	4.24	4.27	313077
1998-12-31	4.20	4.26	4.20	4.26	786128
1999-01-04	4.25	4.28	4.20	4.23	740391
1999-01-05	4.26	4.30	4.23	4.27	341207
1999-01-06	4.22	4.27	4.19	4.25	656861
1999-01-07	4.17	4.21	4.11	4.19	1786987
1999-01-08	4.14	4.18	4.13	4.14	808246
1999-01-11	4.07	4.14	4.03	4.13	550569
1999-01-12	4.05	4.12	4.02	4.03	886837
1999-01-13	4.07	4.13	3.98	4.06	1612411
1999-01-14	4.01	4.04	3.96	4.04	438265
1999-01-15	4.03	4.03	4.00	4.02	444277
1999-01-19	3.99	4.06	3.95	4.06	652566
1999-01-20	4.02	4.05	3.98	3.99	3218596
1999-01-21	4.03	4.07	4.00	4.04	651278
1999-01-22	4.07	4.08	4.02	4.05	552502
1999-01-25	4.05	4.09	4.03	4.07	387374
1999-01-26	4.05	4.07	4.00	4.03	1117028
1999-01-27	3.94	4.03	3.93	4.02	641185
1999-01-28	4.03	4.09	3.94	3.94	1041014
1999-01-29	4.02	4.06	3.99	4.06	664591
1999-02-01	4.03	4.05	3.96	3.99	999785
1999-02-02	3.94	4.01	3.88	4.01	762508
1999-02-03	3.93	4.01	3.92	3.95	519863
1999-02-04	3.86	3.94	3.82	3.92	420442
1999-02-05	3.88	3.92	3.83	3.91	3459523
1999-02-08	3.89	3.94	3.83	3.90	339059
1999-02-09	3.95	4.00	3.85	3.87	521795
1999-02-10	3.85	3.96	3.77	3.93	942237
1999-02-11	3.94	3.94	3.81	3.81	1009448
1999-02-12	3.84	3.94	3.82	3.94	1018682
1999-02-16	3.86	3.90	3.83	3.86	981748
1999-02-17	3.94	3.98	3.87	3.88	885763
1999-02-18	4.04	4.09	3.96	3.96	1037363
1999-02-19	3.97	4.04	3.92	4.04	932575
1999-02-22	4.04	4.05	3.97	3.97	320807
1999-02-23	4.02	4.06	4.00	4.06	428387
1999-02-24	3.98	4.06	3.96	4.02	849259
1999-02-25	3.94	3.99	3.88	3.96	1076444
1999-02-26	3.84	3.95	3.84	3.94	1033713
1999-03-01	3.89	3.92	3.83	3.87	668671
1999-03-02	3.90	4.02	3.84	3.87	864505
1999-03-03	3.95	3.95	3.87	3.90	626369
1999-03-04	3.98	3.99	3.92	3.93	1107151
1999-03-05	4.01	4.05	4.00	4.02	1082027
1999-03-08	3.99	4.04	3.99	4.01	2171140
1999-03-09	3.94	4.01	3.91	3.95	494524
1999-03-10	3.88	3.94	3.87	3.90	1024694
1999-03-11	3.91	3.91	3.84	3.88	1457376
1999-03-12	3.97	3.99	3.91	3.91	280009
1999-03-15	3.89	3.97	3.87	3.95	826283
1999-03-16	3.88	3.91	3.85	3.90	320378
1999-03-17	3.88	3.92	3.86	3.89	327035
1999-03-18	3.92	3.95	3.85	3.86	773245
1999-03-19	3.89	3.96	3.88	3.93	695083
1999-03-22	3.85	3.86	3.81	3.86	514709
1999-03-23	3.86	3.91	3.85	3.87	882113
1999-03-24	3.92	4.00	3.85	3.86	1675542
1999-03-25	3.96	4.02	3.96	3.96	1518789
1999-03-26	3.92	3.97	3.92	3.97	919261
1999-03-29	3.90	3.95	3.88	3.92	919047
1999-03-30	3.83	3.91	3.83	3.90	1162766
1999-03-31	3.77	3.86	3.77	3.83	1447284
1999-04-01	3.83	3.86	3.77	3.77	948679
1999-04-05	3.88	3.90	3.86	3.87	624651
1999-04-06	3.84	3.89	3.83	3.88	660296
1999-04-07	3.83	3.86	3.81	3.83	453940
1999-04-08	3.90	3.90	3.83	3.84	451364
1999-04-09	3.89	3.91	3.87	3.88	744685
1999-04-12	3.93	3.94	3.88	3.90	719132
1999-04-13	3.83	3.94	3.83	3.89	686279
1999-04-14	3.85	3.92	3.84	3.84	825209
1999-04-15	3.90	3.98	3.83	3.83	556152
1999-04-16	3.94	3.95	3.86	3.88	480567
1999-04-19	3.98	4.05	3.94	3.94	481426
1999-04-20	4.07	4.08	3.97	3.97	1401331
1999-04-21	4.13	4.21	4.04	4.07	794503
1999-04-22	4.07	4.11	4.01	4.11	384368
1999-04-23	4.11	4.12	4.05	4.07	374061
1999-04-26	4.12	4.15	4.07	4.09	632167
1999-04-27	4.14	4.15	4.10	4.13	1697659
1999-04-28	4.15	4.17	4.12	4.15	2146876
1999-04-29	4.26	4.28	4.17	4.17	511703
1999-04-30	4.25	4.26	4.20	4.23	475628
1999-05-03	4.34	4.34	4.22	4.25	1175005
1999-05-04	4.32	4.37	4.29	4.34	568606
1999-05-05	4.38	4.40	4.26	4.32	1204209
1999-05-06	4.41	4.42	4.36	4.38	383079
1999-05-07	4.38	4.41	4.32	4.39	997638
1999-05-10	4.37	4.42	4.36	4.36	420442
1999-05-11	4.37	4.42	4.37	4.38	1174361
1999-05-12	4.35	4.42	4.34	4.37	2261542
1999-05-13	4.40	4.41	4.33	4.35	2755851
1999-05-14	4.42	4.42	4.33	4.36	2597380
1999-05-17	4.49	4.53	4.40	4.40	497101
1999-05-18	4.48	4.52	4.43	4.45	395534
1999-05-19	4.53	4.53	4.47	4.48	524587
1999-05-20	4.51	4.55	4.50	4.55	261971
1999-05-21	4.50	4.55	4.49	4.50	473481
1999-05-24	4.53	4.55	4.49	4.50	348293
1999-05-25	4.55	4.61	4.53	4.53	1098991
1999-05-26	4.58	4.60	4.55	4.55	518789
1999-05-27	4.55	4.59	4.51	4.57	1405411
1999-05-28	4.60	4.61	4.53	4.54	394460
1999-06-01	4.53	4.59	4.50	4.57	699377
1999-06-02	4.55	4.59	4.52	4.52	437621
1999-06-03	4.53	4.58	4.51	4.53	1350655
1999-06-04	4.58	4.62	4.54	4.54	535108
1999-06-07	4.57	4.60	4.56	4.56	519648
1999-06-08	4.57	4.58	4.54	4.57	623577
1999-06-09	4.49	4.55	4.45	4.53	243504
1999-06-10	4.43	4.49	4.39	4.49	290960
1999-06-11	4.53	4.55	4.40	4.42	1199485
1999-06-14	4.59	4.61	4.49	4.53	581705
1999-06-15	4.68	4.72	4.54	4.55	1864290
1999-06-16	4.76	4.78	4.68	4.68	818767
1999-06-17	4.86	4.89	4.83	4.89	3201847
1999-06-18	4.80	4.88	4.79	4.86	3348078
1999-06-21	4.81	4.86	4.77	4.80	1041872
1999-06-22	4.84	4.86	4.80	4.80	1144728
1999-06-23	4.80	4.86	4.77	4.83	1266695
1999-06-24	4.81	4.83	4.79	4.80	558729
1999-06-25	4.84	4.85	4.81	4.81	1027700
1999-06-28	4.84	4.86	4.83	4.84	815761
1999-06-29	4.79	4.86	4.73	4.85	1635173
1999-06-30	4.72	4.79	4.71	4.76	990981
1999-07-01	4.78	4.80	4.70	4.70	375349
1999-07-02	4.84	4.84	4.75	4.75	1776895
1999-07-06	4.85	4.86	4.83	4.84	1025768
1999-07-07	4.87	4.91	4.86	4.87	681340
1999-07-08	4.82	4.86	4.80	4.86	2592227
1999-07-09	4.79	4.84	4.70	4.82	2508911
1999-07-12	4.71	4.79	4.70	4.79	3932145
1999-07-13	4.71	4.73	4.70	4.71	974232
1999-07-14	4.65	4.70	4.61	4.68	1601031
1999-07-15	4.67	4.67	4.65	4.67	3991840
1999-07-16	4.65	4.67	4.62	4.66	568821
1999-07-19	4.63	4.66	4.61	4.62	8832295
1999-07-20	4.63	4.66	4.61	4.62	442130
1999-07-21	4.62	4.63	4.57	4.60	327035
1999-07-22	4.65	4.66	4.61	4.61	482499
1999-07-23	4.64	4.67	4.62	4.63	245008
1999-07-26	4.66	4.68	4.62	4.62	572257
1999-07-27	4.61	4.66	4.61	4.63	463388
1999-07-28	4.56	4.63	4.51	4.62	271634
1999-07-29	4.46	4.52	4.42	4.52	319734
1999-07-30	4.44	4.51	4.42	4.46	317801
1999-08-02	4.52	4.53	4.39	4.45	307924
1999-08-03	4.52	4.56	4.46	4.52	15254456
1999-08-04	4.53	4.61	4.48	4.52	937513
1999-08-05	4.54	4.54	4.51	4.52	642259
1999-08-06	4.47	4.55	4.42	4.54	401331
1999-08-09	4.46	4.46	4.38	4.41	626584
1999-08-10	4.39	4.49	4.38	4.45	319090
1999-08-11	4.44	4.44	4.36	4.38	229547
1999-08-12	4.27	4.40	4.27	4.40	467898
1999-08-13	4.37	4.39	4.28	4.29	441486
1999-08-16	4.29	4.33	4.26	4.33	389736
1999-08-17	4.32	4.32	4.27	4.30	255959
1999-08-18	4.33	4.33	4.27	4.28	166201
1999-08-19	4.31	4.32	4.23	4.24	577840
1999-08-20	4.38	4.41	4.34	4.34	417436
1999-08-23	4.30	4.38	4.30	4.37	1522654
1999-08-24	4.34	4.36	4.29	4.30	764441
1999-08-25	4.42	4.44	4.34	4.37	646768
1999-08-26	4.34	4.40	4.34	4.38	453511
1999-08-27	4.36	4.40	4.32	4.36	545201
1999-08-30	4.34	4.40	4.34	4.36	341207
1999-08-31	4.30	4.34	4.28	4.33	479923
1999-09-01	4.31	4.33	4.28	4.28	663947
1999-09-02	4.25	4.30	4.24	4.29	499893
1999-09-03	4.34	4.36	4.29	4.29	874383
1999-09-07	4.27	4.37	4.23	4.34	511059
1999-09-08	4.22	4.28	4.20	4.22	562379
1999-09-09	4.23	4.25	4.19	4.19	383294
1999-09-10	4.26	4.29	4.24	4.26	502469
1999-09-13	4.21	4.26	4.19	4.26	299764
1999-09-14	4.16	4.21	4.15	4.20	567747
1999-09-15	4.12	4.24	4.11	4.18	731802
1999-09-16	4.14	4.18	4.12	4.12	429246
1999-09-17	4.18	4.23	4.13	4.15	613915
1999-09-20	4.15	4.19	4.14	4.17	215804
1999-09-21	4.09	4.13	4.08	4.12	342495
1999-09-22	4.11	4.14	4.08	4.08	505905
1999-09-23	4.08	4.14	4.05	4.11	743182
1999-09-24	4.03	4.11	3.99	4.08	604037
1999-09-27	4.09	4.10	4.05	4.08	704960
1999-09-28	4.02	4.07	3.93	4.07	866438
1999-09-29	4.08	4.08	4.03	4.07	930642
1999-09-30	4.19	4.19	4.09	4.11	805454
1999-10-01	4.25	4.26	4.11	4.19	831222
1999-10-04	4.41	4.42	4.25	4.31	796650
1999-10-05	4.28	4.41	4.23	4.39	542839
1999-10-06	4.29	4.31	4.26	4.29	187889
1999-10-07	4.23	4.27	4.20	4.27	347649
1999-10-08	4.16	4.26	4.15	4.23	990981
1999-10-11	4.10	4.12	4.07	4.12	358600
1999-10-12	4.09	4.11	4.01	4.06	321237
1999-10-13	4.07	4.10	4.03	4.07	312433
1999-10-14	4.11	4.13	4.03	4.05	515568
1999-10-15	4.03	4.15	3.97	4.15	472622
1999-10-18	4.08	4.09	4.00	4.00	378355
1999-10-19	4.01	4.11	3.95	4.10	367833
1999-10-20	4.05	4.05	3.96	4.00	331759
1999-10-21	4.05	4.09	3.96	4.03	347005
1999-10-22	4.04	4.09	3.98	4.03	428387
1999-10-25	4.07	4.11	3.97	4.01	243504
1999-10-26	4.04	4.15	4.03	4.07	412927
1999-10-27	4.13	4.16	4.05	4.05	425811
1999-10-28	4.19	4.28	4.13	4.20	1312218
1999-10-29	4.19	4.22	4.14	4.22	566459
1999-11-01	4.19	4.21	4.15	4.17	360747
1999-11-02	4.18	4.27	4.14	4.19	608976
1999-11-03	4.16	4.19	4.09	4.18	617135
1999-11-04	4.12	4.15	4.07	4.15	804381
1999-11-05	4.12	4.19	4.10	4.15	245652
1999-11-08	4.10	4.12	4.08	4.12	801160
1999-11-09	3.99	4.06	3.98	4.06	368907
1999-11-10	3.96	4.03	3.95	3.97	515783
1999-11-11	3.95	4.01	3.95	3.96	609835
1999-11-12	3.96	4.01	3.95	3.99	496672
1999-11-15	3.96	3.97	3.95	3.95	289027
1999-11-16	3.96	3.98	3.91	3.96	980674
1999-11-17	3.95	3.96	3.93	3.94	316942
1999-11-18	3.88	3.96	3.83	3.93	608546
1999-11-19	3.80	3.84	3.79	3.84	1276143
1999-11-22	3.75	3.81	3.75	3.80	474554
1999-11-23	3.70	3.79	3.66	3.77	509770
1999-11-24	3.69	3.72	3.65	3.68	422590
1999-11-26	3.65	3.69	3.65	3.69	104788
1999-11-29	3.47	3.58	3.43	3.58	3910887
1999-11-30	3.57	3.59	3.48	3.51	1010307
1999-12-01	3.53	3.56	3.50	3.54	558514
1999-12-02	3.55	3.59	3.53	3.54	701310
1999-12-03	3.55	3.63	3.54	3.55	580631
1999-12-06	3.50	3.57	3.48	3.52	359459
1999-12-07	3.48	3.54	3.43	3.47	597380
1999-12-08	3.37	3.49	3.37	3.48	2039296
1999-12-09	3.31	3.43	3.27	3.42	1004080
1999-12-10	3.28	3.38	3.28	3.31	355164
1999-12-13	3.19	3.29	3.19	3.28	839596
1999-12-14	3.24	3.28	3.20	3.20	951900
1999-12-15	3.33	3.35	3.23	3.24	1973373
1999-12-16	3.36	3.44	3.31	3.32	2828216
1999-12-17	3.48	3.49	3.33	3.37	2944600
1999-12-20	3.45	3.52	3.45	3.46	1117672
1999-12-21	3.47	3.61	3.44	3.45	1220528
1999-12-22	3.45	3.54	3.45	3.48	1150097
1999-12-23	3.52	3.56	3.45	3.45	383723
1999-12-27	3.59	3.61	3.54	3.56	711832
1999-12-28	3.57	3.61	3.52	3.58	718918
1999-12-29	3.53	3.54	3.50	3.54	426670
1999-12-30	3.60	3.62	3.52	3.52	412283
1999-12-31	3.58	3.59	3.56	3.58	169208
2000-01-03	3.48	3.60	3.47	3.59	1662658
2000-01-04	3.56	3.64	3.50	3.50	980030
2000-01-05	3.64	3.71	3.55	3.56	913034
2000-01-06	3.59	3.68	3.56	3.66	704746
2000-01-07	3.66	3.70	3.62	3.63	506120
2000-01-10	3.62	3.73	3.61	3.65	472407
2000-01-11	3.59	3.72	3.56	3.65	696371
2000-01-12	3.61	3.65	3.58	3.58	606399
2000-01-13	3.63	3.72	3.62	3.62	667382
2000-01-14	3.61	3.69	3.59	3.66	738244
2000-01-18	3.58	3.61	3.52	3.59	812111
2000-01-19	3.60	3.64	3.57	3.58	710329
2000-01-20	3.62	3.65	3.60	3.60	534464
2000-01-21	3.70	3.76	3.66	3.69	1102641
2000-01-24	3.68	3.73	3.65	3.70	1135710
2000-01-25	3.57	3.69	3.55	3.66	716770
2000-01-26	3.54	3.63	3.54	3.57	986043
2000-01-27	3.63	3.69	3.58	3.58	1039081
2000-01-28	3.48	3.61	3.46	3.60	852265
2000-01-31	3.63	3.66	3.55	3.60	833799
2000-02-01	3.61	3.64	3.59	3.64	506335
2000-02-02	3.61	3.63	3.57	3.58	394889
2000-02-03	3.68	3.69	3.56	3.58	867511
2000-02-04	3.52	3.67	3.47	3.65	475199
2000-02-07	3.49	3.56	3.48	3.52	419583
2000-02-08	3.50	3.59	3.49	3.51	399613
2000-02-09	3.47	3.52	3.38	3.48	677689
2000-02-10	3.46	3.50	3.40	3.46	605970
2000-02-11	3.42	3.45	3.38	3.44	338415
2000-02-14	3.47	3.51	3.43	3.44	579558
2000-02-15	3.52	3.56	3.51	3.51	689070
2000-02-16	3.47	3.52	3.42	3.52	499678
2000-02-17	3.41	3.47	3.37	3.47	571827
2000-02-18	3.30	3.38	3.28	3.37	689500
2000-02-22	3.29	3.36	3.28	3.32	255315
2000-02-23	3.23	3.29	3.21	3.29	324458
2000-02-24	3.18	3.26	3.03	3.26	696371
2000-02-25	3.12	3.22	3.10	3.13	681555
2000-02-28	3.18	3.20	3.07	3.07	694009
2000-02-29	3.15	3.19	3.09	3.19	506764
2000-03-01	3.16	3.19	3.10	3.12	551643
2000-03-02	3.18	3.19	3.12	3.16	642259
2000-03-03	3.22	3.24	3.16	3.18	234486
2000-03-06	3.06	3.18	3.05	3.17	401976
2000-03-07	3.03	3.13	2.95	3.05	860640
2000-03-08	2.96	3.08	2.92	2.95	6123041
2000-03-09	3.05	3.05	2.97	3.02	612411
2000-03-10	3.06	3.10	2.98	3.00	534679
2000-03-13	2.97	3.03	2.95	3.00	474554
2000-03-14	2.94	2.97	2.93	2.95	349367
2000-03-15	3.17	3.19	2.97	2.98	995920
2000-03-16	3.38	3.42	3.12	3.17	828645
2000-03-17	3.24	3.32	3.22	3.24	680910
2000-03-20	3.29	3.32	3.20	3.20	595448
2000-03-21	3.25	3.30	3.21	3.26	294396
2000-03-22	3.15	3.22	3.12	3.21	564956
2000-03-23	3.29	3.30	3.13	3.16	887481
2000-03-24	3.34	3.34	3.29	3.29	556152
2000-03-27	3.31	3.33	3.30	3.31	343139
2000-03-28	3.20	3.32	3.17	3.30	442774
2000-03-29	3.25	3.33	3.20	3.20	503543
2000-03-30	3.31	3.34	3.23	3.27	422160
2000-03-31	3.33	3.36	3.19	3.27	827142
2000-04-03	3.31	3.34	3.24	3.33	556367
2000-04-04	3.36	3.41	3.24	3.33	684561
2000-04-05	3.37	3.48	3.30	3.32	495383
2000-04-06	3.39	3.42	3.36	3.42	364183
2000-04-07	3.38	3.40	3.32	3.35	581275
2000-04-10	3.41	3.42	3.31	3.34	294825
2000-04-11	3.46	3.47	3.40	3.44	531243
2000-04-12	3.52	3.58	3.42	3.42	689285
2000-04-13	3.61	3.64	3.46	3.48	340777
2000-04-14	3.52	3.68	3.50	3.61	416148
2000-04-17	3.55	3.55	3.42	3.48	625295
2000-04-18	3.45	3.52	3.44	3.51	671248
2000-04-19	3.44	3.48	3.36	3.48	433111
2000-04-20	3.55	3.55	3.42	3.42	533391
2000-04-24	3.78	3.83	3.50	3.51	1228259
2000-04-25	3.85	3.85	3.65	3.72	1098776
2000-04-26	3.96	3.97	3.74	3.82	554005
2000-04-27	3.86	3.93	3.79	3.89	518145
2000-04-28	3.79	3.85	3.72	3.81	625295
2000-05-01	3.77	3.79	3.74	3.75	533391
2000-05-02	3.60	3.76	3.57	3.73	468542
2000-05-03	3.64	3.67	3.55	3.60	386300
2000-05-04	3.71	3.75	3.57	3.62	362465
2000-05-05	3.55	3.67	3.55	3.67	470689
2000-05-08	3.67	3.76	3.56	3.59	404338
2000-05-09	3.73	3.73	3.59	3.67	512991
2000-05-10	3.76	3.82	3.68	3.73	404767
2000-05-11	3.82	3.83	3.72	3.72	420442
2000-05-12	3.71	3.82	3.64	3.82	926992
2000-05-15	3.84	3.87	3.67	3.67	738673
2000-05-16	3.77	3.82	3.72	3.80	469401
2000-05-17	3.70	3.76	3.63	3.74	743826
2000-05-18	3.74	3.85	3.68	3.69	554219
2000-05-19	3.74	3.78	3.68	3.70	319304
2000-05-22	3.83	3.83	3.75	3.76	426025
2000-05-23	3.75	3.84	3.71	3.84	274426
2000-05-24	3.83	3.84	3.75	3.75	462959
2000-05-25	3.73	3.81	3.69	3.80	297187
2000-05-26	3.79	3.82	3.71	3.73	513635
2000-05-30	3.70	3.79	3.65	3.75	527593
2000-05-31	3.75	3.79	3.70	3.72	621860
2000-06-01	3.74	3.74	3.65	3.72	418295
2000-06-02	3.72	3.73	3.67	3.73	269702
2000-06-05	3.60	3.76	3.56	3.76	374705
2000-06-06	3.70	3.74	3.60	3.60	508482
2000-06-07	3.74	3.76	3.68	3.68	2091905
2000-06-08	3.65	3.74	3.63	3.74	619712
2000-06-09	3.70	3.73	3.65	3.68	245437
2000-06-12	3.76	3.80	3.67	3.67	664806
2000-06-13	3.82	3.84	3.76	3.76	468542
2000-06-14	3.71	3.81	3.70	3.80	266695
2000-06-15	3.81	3.83	3.71	3.71	381361
2000-06-16	3.73	3.83	3.72	3.73	554864
2000-06-19	3.69	3.76	3.65	3.73	317157
2000-06-20	3.67	3.70	3.63	3.68	325531
2000-06-21	3.67	3.74	3.66	3.67	528022
2000-06-22	3.59	3.67	3.58	3.67	324243
2000-06-23	3.63	3.69	3.60	3.63	270346
2000-06-26	3.73	3.74	3.64	3.67	436977
2000-06-27	3.63	3.76	3.59	3.75	442774
2000-06-28	3.74	3.76	3.53	3.65	538759
2000-06-29	3.69	3.77	3.67	3.68	549281
2000-06-30	3.52	3.81	3.51	3.66	1354520
2000-07-03	3.65	3.67	3.52	3.52	309641
2000-07-05	3.57	3.73	3.55	3.69	1575907
2000-07-06	3.57	3.61	3.54	3.54	313507
2000-07-07	3.61	3.65	3.58	3.60	280223
2000-07-10	3.64	3.68	3.61	3.61	385656
2000-07-11	3.68	3.69	3.60	3.61	672536
2000-07-12	3.61	3.67	3.61	3.66	336912
2000-07-13	3.64	3.65	3.59	3.61	285592
2000-07-14	3.61	3.66	3.57	3.65	365257
2000-07-17	3.66	3.66	3.59	3.61	454799
2000-07-18	3.67	3.68	3.63	3.64	333691
2000-07-19	3.71	3.74	3.65	3.68	449002
2000-07-20	3.73	3.75	3.70	3.75	411638
2000-07-21	3.71	3.77	3.69	3.71	364827
2000-07-24	3.73	3.74	3.61	3.67	600387
2000-07-25	3.77	3.79	3.73	3.75	467898
2000-07-26	3.98	4.00	3.80	3.80	2056474
2000-07-27	4.06	4.14	4.03	4.04	1457805
2000-07-28	4.14	4.15	4.02	4.07	916470
2000-07-31	4.34	4.37	4.18	4.18	1463388
2000-08-01	4.33	4.39	4.29	4.32	866223
2000-08-02	4.38	4.39	4.32	4.32	1637535
2000-08-03	4.46	4.50	4.39	4.39	715697
2000-08-04	4.52	4.54	4.33	4.44	554649
2000-08-07	4.65	4.67	4.50	4.53	684346
2000-08-08	4.78	4.78	4.64	4.65	1207859
2000-08-09	4.77	4.79	4.70	4.74	1691003
2000-08-10	4.67	4.75	4.65	4.74	1611338
2000-08-11	4.74	4.77	4.66	4.69	616062
2000-08-14	4.73	4.86	4.66	4.73	472407
2000-08-15	4.78	4.81	4.72	4.76	374705
2000-08-16	4.82	4.82	4.72	4.75	919261
2000-08-17	4.86	4.88	4.76	4.82	593086
2000-08-18	4.83	4.88	4.82	4.85	355808
2000-08-21	4.82	4.85	4.74	4.83	905948
2000-08-22	4.85	4.85	4.78	4.81	374919
2000-08-23	5.01	5.01	4.82	4.82	1674039
2000-08-24	4.99	5.00	4.94	4.98	590509
2000-08-25	5.16	5.16	4.99	4.99	1493021
2000-08-28	5.29	5.39	5.16	5.16	2131630
2000-08-29	5.32	5.33	5.18	5.27	1475628
2000-08-30	5.35	5.35	5.24	5.28	1318231
2000-08-31	5.38	5.39	5.27	5.32	1815976
2000-09-01	5.45	5.46	5.33	5.36	1149452
2000-09-05	5.62	5.62	5.44	5.47	1729010
2000-09-06	5.89	5.92	5.64	5.66	5582134
2000-09-07	5.97	5.97	5.77	5.88	2943526
2000-09-08	6.30	6.35	5.96	5.97	1973803
2000-09-11	6.63	6.77	6.29	6.29	2686279
2000-09-12	6.48	6.71	6.44	6.68	2792785
2000-09-13	6.35	6.48	6.31	6.46	1739317
2000-09-14	6.28	6.36	6.19	6.35	1769379
2000-09-15	6.40	6.41	6.26	6.28	2196049
2000-09-18	6.38	6.45	6.30	6.37	1811681
2000-09-19	6.14	6.35	6.11	6.32	1350225
2000-09-20	5.88	6.12	5.82	6.08	1362250
2000-09-21	5.83	6.05	5.74	5.86	964355
2000-09-22	6.11	6.12	5.83	5.84	1201202
2000-09-25	6.31	6.31	6.11	6.11	1332403
2000-09-26	6.60	6.76	6.37	6.44	1772600
2000-09-27	6.73	6.82	6.41	6.59	1436977
2000-09-28	6.72	6.90	6.65	6.76	1360962
2000-09-29	6.76	6.87	6.73	6.76	1745759
2000-10-02	7.08	7.09	6.62	6.80	1413786
2000-10-03	6.88	7.25	6.81	7.04	1906377
2000-10-04	6.64	7.09	6.53	6.95	1388233
2000-10-05	6.52	6.81	6.44	6.64	2693150
2000-10-06	6.61	6.62	6.44	6.51	2953618
2000-10-09	6.49	6.77	6.44	6.58	1414859
2000-10-10	6.70	6.70	6.50	6.50	1508911
2000-10-11	6.81	6.88	6.66	6.77	1252094
2000-10-12	6.76	6.94	6.63	6.78	1261971
2000-10-13	6.77	6.87	6.73	6.80	945244
2000-10-16	6.95	6.95	6.81	6.81	776895
2000-10-17	6.96	7.06	6.88	6.99	1007301
2000-10-18	6.84	7.03	6.72	6.98	1863646
2000-10-19	6.71	6.81	6.62	6.81	1261542
2000-10-20	6.47	6.77	6.45	6.67	1240498
2000-10-23	6.72	6.79	6.46	6.51	1925274
2000-10-24	6.69	6.83	6.62	6.76	856131
2000-10-25	6.52	6.84	6.45	6.82	931501
2000-10-26	6.34	6.56	6.32	6.50	1747692
2000-10-27	6.52	6.54	6.20	6.33	1104574
2000-10-30	6.82	6.84	6.52	6.52	1018252
2000-10-31	6.67	6.81	6.56	6.81	982392
2000-11-01	6.89	6.91	6.70	6.76	1620786
2000-11-02	6.74	6.94	6.74	6.91	781404
2000-11-03	6.56	6.85	6.53	6.68	1289886
2000-11-06	6.52	6.70	6.48	6.55	666094
2000-11-07	6.43	6.54	6.40	6.54	1298475
2000-11-08	6.44	6.46	6.38	6.44	1867511
2000-11-09	6.36	6.55	6.29	6.48	1709255
2000-11-10	6.27	6.38	6.27	6.36	1506335
2000-11-13	6.26	6.43	6.24	6.31	993558
2000-11-14	6.14	6.27	6.08	6.27	854842
2000-11-15	6.16	6.20	6.13	6.15	1267554
2000-11-16	6.28	6.30	6.18	6.22	692935
2000-11-17	6.60	6.62	6.46	6.54	1849689
2000-11-20	6.69	6.74	6.61	6.61	1244793
2000-11-21	6.67	6.69	6.52	6.68	878677
2000-11-22	6.73	6.76	6.63	6.63	651278
2000-11-24	6.65	6.80	6.65	6.73	334765
2000-11-27	6.48	6.66	6.48	6.66	1136139
2000-11-28	6.52	6.56	6.47	6.49	1102212
2000-11-29	6.73	6.77	6.50	6.50	933434
2000-11-30	6.76	6.85	6.68	6.77	611123
2000-12-01	6.81	6.84	6.67	6.76	600601
2000-12-04	6.87	6.93	6.79	6.79	747906
2000-12-05	6.83	6.91	6.72	6.91	575048
2000-12-06	6.84	6.93	6.78	6.85	2562379
2000-12-07	6.89	6.95	6.85	6.86	605755
2000-12-08	6.86	6.90	6.68	6.90	951686
2000-12-11	6.84	6.94	6.78	6.90	598024
2000-12-12	6.91	7.01	6.83	6.83	574189
2000-12-13	7.03	7.08	6.87	6.91	546919
2000-12-14	6.77	6.95	6.74	6.94	879536
2000-12-15	6.72	6.87	6.66	6.77	1117672
2000-12-18	6.80	6.87	6.65	6.66	882328
2000-12-19	6.83	6.91	6.75	6.80	636676
2000-12-20	7.11	7.14	6.83	6.83	1582134
2000-12-21	7.28	7.31	7.11	7.11	1474984
2000-12-22	7.32	7.32	7.22	7.29	1509126
2000-12-26	7.46	7.47	7.24	7.33	675327
2000-12-27	7.44	7.51	7.34	7.46	854627
2000-12-28	7.35	7.44	7.30	7.44	1109942
2000-12-29	7.36	7.37	7.26	7.35	709899
2001-01-02	7.06	7.32	7.04	7.32	738029
2001-01-03	6.68	7.23	6.62	7.11	1617350
2001-01-04	5.86	6.60	5.76	6.60	3584067
2001-01-05	6.06	6.22	5.93	5.99	2442774
2001-01-08	6.25	6.26	6.05	6.05	1123255
2001-01-09	6.21	6.29	6.14	6.29	1183595
2001-01-10	6.15	6.26	6.03	6.21	844320
2001-01-11	5.74	6.15	5.74	6.14	984969
2001-01-12	5.85	5.90	5.61	5.70	1652137
2001-01-16	5.67	5.82	5.52	5.82	1856560
2001-01-17	5.74	5.77	5.53	5.71	1612411
2001-01-18	5.86	5.93	5.75	5.79	624436
2001-01-19	5.88	5.95	5.71	5.74	1039510
2001-01-22	6.03	6.10	5.77	5.92	1277647
2001-01-23	6.27	6.35	6.11	6.11	1475199
2001-01-24	6.80	6.85	6.57	6.60	3387803
2001-01-25	7.02	7.17	6.89	6.92	1555937
2001-01-26	7.03	7.11	6.92	6.97	1749839
2001-01-29	6.91	7.10	6.85	6.98	1236848
2001-01-30	6.80	6.95	6.74	6.91	1015246
2001-01-31	6.83	6.84	6.63	6.78	1085892
2001-02-01	6.73	6.79	6.65	6.75	934937
2001-02-02	6.92	6.93	6.73	6.73	1693580
2001-02-05	6.91	7.06	6.89	6.92	642688
2001-02-06	7.00	7.00	6.77	6.84	969938
2001-02-07	7.18	7.26	7.05	7.05	1043161
2001-02-08	7.22	7.34	7.16	7.18	791926
2001-02-09	7.36	7.43	7.22	7.23	1608546
2001-02-12	7.22	7.36	7.14	7.33	1418510
2001-02-13	7.27	7.33	7.14	7.24	935796
2001-02-14	7.24	7.37	7.17	7.27	1098347
2001-02-15	7.17	7.26	7.10	7.26	1162980
2001-02-16	7.18	7.32	7.15	7.22	1664591
2001-02-20	7.35	7.36	7.15	7.17	811252
2001-02-21	7.47	7.55	7.37	7.37	2442774
2001-02-22	7.45	7.59	7.37	7.46	868585
2001-02-23	7.31	7.48	7.20	7.45	519004
2001-02-26	7.43	7.52	7.33	7.33	899506
2001-02-27	7.45	7.57	7.37	7.42	595233
2001-02-28	7.44	7.53	7.33	7.46	790852
2001-03-01	7.48	7.50	7.40	7.44	675757
2001-03-02	7.48	7.53	7.37	7.45	453940
2001-03-05	7.47	7.55	7.44	7.45	404767
2001-03-06	7.46	7.51	7.39	7.49	909169
2001-03-07	7.58	7.65	7.39	7.44	3671033
2001-03-08	7.64	7.66	7.54	7.58	680052
2001-03-09	7.56	7.63	7.49	7.63	583423
2001-03-12	7.53	7.66	7.53	7.59	931286
2001-03-13	7.43	7.54	7.34	7.54	1166846
2001-03-14	7.21	7.37	7.12	7.37	998067
2001-03-15	7.00	7.05	6.86	6.96	3252738
2001-03-16	7.16	7.16	7.16	7.16	1638179
2001-03-19	7.11	7.18	7.10	7.14	729440
2001-03-20	7.11	7.17	7.00	7.11	963281
2001-03-21	7.06	7.20	7.05	7.07	1151814
2001-03-22	6.96	7.08	6.76	7.06	2209792
2001-03-23	6.96	6.99	6.80	6.92	588362
2001-03-26	7.20	7.21	6.91	6.92	1284733
2001-03-27	7.05	7.23	7.01	7.05	1911960
2001-03-28	7.06	7.10	6.95	6.96	1286665
2001-03-29	7.07	7.09	6.93	7.05	1397251
2001-03-30	7.20	7.21	7.07	7.07	946103
2001-04-02	7.46	7.46	7.21	7.21	1164054
2001-04-03	7.58	7.58	7.31	7.46	2132918
2001-04-04	7.54	7.62	7.46	7.60	2218810
2001-04-05	7.60	7.60	7.44	7.55	1841958
2001-04-06	7.58	7.68	7.29	7.60	3877604
2001-04-09	7.91	8.04	7.68	7.68	2564527
2001-04-10	8.23	8.33	8.03	8.03	2762938
2001-04-11	8.30	8.36	8.07	8.23	2210436
2001-04-12	8.24	8.40	8.16	8.28	1479279
2001-04-16	8.28	8.38	8.20	8.24	1070646
2001-04-17	8.55	8.55	8.28	8.31	1905733
2001-04-18	8.51	8.64	8.43	8.59	2463603
2001-04-19	8.40	8.55	8.29	8.46	1629375
2001-04-20	8.48	8.57	8.34	8.40	1590079
2001-04-23	8.76	8.78	8.52	8.52	1891561
2001-04-24	8.91	9.14	8.84	8.93	2841314
2001-04-25	8.97	9.06	8.82	9.01	5465106
2001-04-26	9.17	9.20	8.98	8.98	3454155
2001-04-27	9.12	9.24	9.08	9.21	1729654
2001-04-30	9.01	9.17	9.01	9.12	1943526
2001-05-01	8.92	9.05	8.86	9.02	2385656
2001-05-02	8.68	8.95	8.68	8.95	2179944
2001-05-03	8.73	8.74	8.47	8.64	4736526
2001-05-04	8.80	8.81	8.64	8.68	5660511
2001-05-07	8.79	8.85	8.74	8.81	2126476
2001-05-08	8.75	8.79	8.66	8.78	908740
2001-05-09	8.83	8.83	8.74	8.75	1351729
2001-05-10	8.87	8.88	8.81	8.85	1547563
2001-05-11	8.92	8.94	8.86	8.86	1698948
2001-05-14	9.18	9.19	8.88	8.88	1921623
2001-05-15	9.27	9.32	9.18	9.21	2284733
2001-05-16	9.60	9.62	9.20	9.23	2613485
2001-05-17	9.58	9.62	9.52	9.57	1815332
2001-05-18	9.81	9.86	9.58	9.58	2712476
2001-05-21	9.97	10.01	9.82	9.84	2868585
2001-05-22	10.15	10.19	9.93	9.97	2233627
2001-05-23	10.20	10.22	10.14	10.15	2396822
2001-05-24	9.99	10.15	9.91	10.13	1718059
2001-05-25	9.79	9.99	9.77	9.99	2023620
2001-05-29	9.62	9.79	9.50	9.77	1940520
2001-05-30	9.68	9.77	9.64	9.64	1382435
2001-05-31	9.78	9.80	9.64	9.65	2372128
2001-06-01	9.82	9.91	9.64	9.85	1231694
2001-06-04	9.76	9.91	9.66	9.83	1307924
2001-06-05	9.42	9.72	9.40	9.71	2837878
2001-06-06	9.35	9.47	9.22	9.45	5126047
2001-06-07	9.32	9.52	9.29	9.42	1385656
2001-06-08	9.40	9.43	9.22	9.31	726433
2001-06-11	9.56	9.64	9.40	9.40	1013743
2001-06-12	9.74	9.81	9.52	9.52	1855701
2001-06-13	9.51	9.78	9.42	9.74	1467898
2001-06-14	9.06	9.46	9.05	9.46	1277002
2001-06-15	9.26	9.36	9.06	9.06	1500966
2001-06-18	9.35	9.52	9.30	9.45	1293966
2001-06-19	9.63	9.63	9.33	9.35	1565171
2001-06-20	9.70	9.87	9.56	9.67	2198411
2001-06-21	8.72	9.39	8.65	9.39	9196908
2001-06-22	8.89	8.91	8.67	8.72	3919047
2001-06-25	8.71	8.95	8.70	8.85	1786773
2001-06-26	8.74	8.76	8.62	8.68	2107365
2001-06-27	8.65	8.69	8.56	8.68	1958128
2001-06-28	8.77	8.77	8.65	8.65	1538329
2001-06-29	9.05	9.05	8.72	8.77	2362680
2001-07-02	9.11	9.11	8.96	9.05	1470260
2001-07-03	9.07	9.18	9.02	9.11	847112
2001-07-05	9.21	9.22	9.04	9.07	1144943
2001-07-06	9.20	9.30	9.14	9.23	877604
2001-07-09	9.19	9.28	9.10	9.27	1043590
2001-07-10	9.17	9.22	9.09	9.17	1150526
2001-07-11	8.88	9.24	8.83	9.17	1445995
2001-07-12	8.67	8.86	8.57	8.86	2223105
2001-07-13	8.64	8.71	8.54	8.68	923771
2001-07-16	8.57	8.80	8.56	8.64	1255959
2001-07-17	8.63	8.67	8.48	8.57	1298046
2001-07-18	8.72	8.72	8.54	8.61	1045093
2001-07-19	8.71	8.80	8.58	8.72	1007301
2001-07-20	8.11	8.78	8.02	8.71	2309856
2001-07-23	7.59	8.20	7.51	8.12	2770024
2001-07-24	7.24	7.72	7.14	7.63	4609835
2001-07-25	7.35	7.44	6.89	7.24	6013957
2001-07-26	7.46	7.49	7.28	7.41	2078806
2001-07-27	7.42	7.49	7.24	7.46	1736526
2001-07-30	7.49	7.57	7.16	7.43	1556581
2001-07-31	7.40	7.46	7.28	7.39	3016320
2001-08-01	7.52	7.54	7.29	7.40	2058407
2001-08-02	7.55	7.63	7.41	7.52	1633884
2001-08-03	7.47	7.60	7.41	7.55	1094696
2001-08-06	7.16	7.40	7.14	7.37	1924200
2001-08-07	7.26	7.37	7.18	7.18	2278720
2001-08-08	7.10	7.25	7.08	7.23	1089972
2001-08-09	7.08	7.17	7.00	7.08	1655358
2001-08-10	7.08	7.13	7.00	7.07	1180588
2001-08-13	7.04	7.16	7.02	7.08	1181662
2001-08-14	7.04	7.11	7.00	7.03	765729
2001-08-15	6.97	7.10	6.95	7.04	843032
2001-08-16	7.04	7.06	6.94	6.95	826498
2001-08-17	6.98	7.05	6.95	7.01	781190
2001-08-20	7.02	7.03	6.93	6.98	845609
2001-08-21	7.01	7.10	7.00	7.06	1066781
2001-08-22	7.05	7.10	6.97	7.00	1941593
2001-08-23	7.12	7.16	7.04	7.05	1239210
2001-08-24	7.23	7.24	7.10	7.11	923126
2001-08-27	7.23	7.32	7.20	7.20	801160
2001-08-28	7.26	7.31	7.20	7.21	1082457
2001-08-29	7.18	7.31	7.18	7.25	1151385
2001-08-30	7.14	7.30	7.12	7.21	1010522
2001-08-31	7.14	7.21	7.09	7.14	811037
2001-09-04	7.08	7.20	7.08	7.16	646339
2001-09-05	7.10	7.22	7.04	7.10	1474984
2001-09-06	7.02	7.19	7.02	7.12	1936010
2001-09-07	7.08	7.12	7.01	7.02	1651492
2001-09-10	6.97	7.07	6.92	7.05	1629805
2001-09-17	6.64	6.87	6.60	6.87	1152459
2001-09-18	6.41	6.66	6.41	6.63	1446425
2001-09-19	6.25	6.40	6.13	6.38	2183380
2001-09-20	6.25	6.27	6.15	6.21	1798368
2001-09-21	6.13	6.18	6.04	6.05	1809749
2001-09-24	6.00	6.23	5.98	6.17	1885978
2001-09-25	5.79	6.08	5.73	6.04	2738888
2001-09-26	5.52	5.73	5.52	5.70	3527593
2001-09-27	5.17	5.52	5.13	5.49	4127765
2001-09-28	5.40	5.40	5.22	5.25	5900795
2001-10-01	5.37	5.44	5.30	5.40	2383938
2001-10-02	5.50	5.50	5.40	5.41	1435259
2001-10-03	5.79	5.80	5.47	5.50	2841529
2001-10-04	5.86	5.96	5.79	5.79	2307065
2001-10-05	5.78	5.94	5.77	5.86	1712905
2001-10-08	5.86	5.88	5.66	5.74	1873094
2001-10-09	5.82	5.88	5.74	5.88	1310071
2001-10-10	5.98	5.98	5.77	5.81	2014816
2001-10-11	5.98	6.10	5.90	5.99	2126476
2001-10-12	6.06	6.10	5.95	5.98	1604252
2001-10-15	6.00	6.10	5.97	6.05	1093193
2001-10-16	6.23	6.24	6.00	6.00	2085463
2001-10-17	5.89	6.23	5.88	6.23	3878892
2001-10-18	5.71	5.94	5.55	5.89	3438265
2001-10-19	5.85	5.88	5.62	5.71	1515353
2001-10-22	5.67	5.85	5.63	5.81	1724071
2001-10-23	5.58	5.63	5.48	5.63	1855916
2001-10-24	5.30	5.47	5.17	5.47	4337771
2001-10-25	5.75	5.75	5.28	5.30	3457805
2001-10-26	5.64	5.76	5.52	5.74	3271205
2001-10-29	5.57	5.69	5.51	5.64	2581705
2001-10-30	5.66	5.67	5.58	5.61	1935366
2001-10-31	5.66	5.73	5.61	5.63	2531887
2001-11-01	5.72	5.73	5.59	5.72	1042302
2001-11-02	5.73	5.73	5.56	5.66	1219240
2001-11-05	5.96	5.96	5.73	5.73	1282156
2001-11-06	6.01	6.01	5.80	5.92	1323814
2001-11-07	6.11	6.11	5.93	6.01	1651922
2001-11-08	6.11	6.19	6.05	6.11	2075800
2001-11-09	6.13	6.17	6.01	6.10	1444922
2001-11-12	6.12	6.19	5.99	6.19	1069358
2001-11-13	6.00	6.18	5.93	6.13	2858493
2001-11-14	5.90	6.00	5.83	6.00	1117243
2001-11-15	5.80	5.92	5.75	5.89	1506120
2001-11-16	5.85	5.89	5.77	5.80	974877
2001-11-19	5.84	5.87	5.74	5.83	2509770
2001-11-20	5.97	6.00	5.80	5.83	1420013
2001-11-21	5.86	5.91	5.73	5.91	1624436
2001-11-23	5.93	5.94	5.79	5.85	286021
2001-11-26	5.89	5.93	5.84	5.86	771097
2001-11-27	5.92	6.00	5.81	5.86	905948
2001-11-28	5.73	5.94	5.72	5.92	2056689
2001-11-29	5.92	5.92	5.59	5.73	1851192
2001-11-30	5.89	5.92	5.85	5.91	1434615
2001-12-03	5.90	5.93	5.80	5.82	1008804
2001-12-04	6.03	6.03	5.85	5.89	1120679
2001-12-05	5.93	6.03	5.81	6.00	2436762
2001-12-06	5.78	5.90	5.71	5.90	3243504
2001-12-07	5.68	5.75	5.48	5.51	3815546
2001-12-10	5.67	5.73	5.55	5.72	1454370
2001-12-11	5.55	5.67	5.54	5.67	1316513
2001-12-12	5.55	5.55	5.41	5.43	2129697
2001-12-13	5.59	5.67	5.49	5.59	1315439
2001-12-14	5.48	5.57	5.35	5.51	2039725
2001-12-17	5.39	5.48	5.34	5.41	1120679
2001-12-18	5.51	5.57	5.39	5.39	2604681
2001-12-19	5.67	5.76	5.44	5.51	2517286
2001-12-20	5.64	5.69	5.54	5.64	965428
2001-12-21	5.55	5.65	5.53	5.65	1712476
2001-12-24	5.59	5.66	5.52	5.52	715912
2001-12-26	5.70	5.76	5.61	5.63	663732
2001-12-27	5.84	5.92	5.70	5.70	1175435
2001-12-28	5.86	5.88	5.73	5.81	1623148
2001-12-31	5.82	5.97	5.77	5.89	943741
2002-01-02	5.81	5.90	5.68	5.85	2630449
2002-01-03	5.82	5.92	5.75	5.85	2697874
2002-01-04	5.40	5.42	5.32	5.34	8646124
2002-01-07	5.49	5.55	5.37	5.42	3498819
2002-01-08	5.46	5.51	5.42	5.51	2568821
2002-01-09	5.54	5.57	5.45	5.47	4385227
2002-01-10	5.72	5.73	5.51	5.52	3393172
2002-01-11	5.65	5.71	5.62	5.67	1978312
2002-01-14	5.67	5.72	5.59	5.61	1424093
2002-01-15	5.77	5.81	5.67	5.72	1733305
2002-01-16	5.79	5.82	5.72	5.77	1710543
2002-01-17	5.74	5.86	5.69	5.79	2271205
2002-01-18	5.73	5.80	5.68	5.68	797724
2002-01-22	5.52	5.76	5.52	5.73	1498819
2002-01-23	5.61	5.62	5.46	5.47	1346575
2002-01-24	5.58	5.62	5.56	5.59	1076874
2002-01-25	5.61	5.63	5.49	5.52	1269916
2002-01-28	5.56	5.62	5.53	5.55	599528
2002-01-29	5.43	5.67	5.42	5.62	1108224
2002-01-30	5.48	5.48	5.31	5.42	1600601
2002-01-31	5.62	5.62	5.39	5.42	3645909
2002-02-01	5.68	5.69	5.55	5.59	1392957
2002-02-04	5.59	5.74	5.57	5.68	2162766
2002-02-05	5.59	5.65	5.50	5.61	1760361
2002-02-06	5.39	5.63	5.34	5.59	3196264
2002-02-07	5.40	5.47	5.34	5.37	1324028
2002-02-08	5.39	5.45	5.31	5.39	1249732
2002-02-11	5.54	5.54	5.34	5.39	1160833
2002-02-12	5.65	5.65	5.52	5.55	1756496
2002-02-13	5.66	5.71	5.57	5.62	1280438
2002-02-14	5.64	5.73	5.59	5.72	1290960
2002-02-15	5.55	5.74	5.51	5.64	951900
2002-02-19	5.48	5.59	5.46	5.54	1067211
2002-02-20	5.43	5.47	5.36	5.47	1020399
2002-02-21	5.32	5.44	5.29	5.40	1192184
2002-02-22	5.42	5.42	5.24	5.28	1474769
2002-02-25	5.27	5.38	5.24	5.37	1797724
2002-02-26	5.39	5.39	5.26	5.31	1433970
2002-02-27	5.45	5.50	5.39	5.40	1212368
2002-02-28	5.44	5.48	5.40	5.47	724501
2002-03-01	5.63	5.63	5.45	5.47	1075370
2002-03-04	5.84	5.84	5.62	5.63	1619927
2002-03-05	5.91	5.93	5.80	5.82	1254885
2002-03-06	6.02	6.06	5.85	5.91	1833799
2002-03-07	5.98	6.01	5.90	6.01	1171355
2002-03-08	5.95	6.02	5.92	5.99	936440
2002-03-11	6.01	6.04	5.93	5.95	880825
2002-03-12	6.04	6.05	5.95	5.98	979601
2002-03-13	6.04	6.08	6.02	6.04	808675
2002-03-14	6.03	6.07	5.98	6.01	1457161
2002-03-15	6.07	6.10	6.03	6.06	1213872
2002-03-18	6.24	6.24	6.05	6.08	1075156
2002-03-19	6.23	6.31	6.20	6.20	1209362
2002-03-20	6.18	6.28	6.11	6.23	847756
2002-03-21	6.33	6.35	6.14	6.15	1452867
2002-03-22	6.37	6.48	6.30	6.32	2081598
2002-03-25	6.48	6.54	6.33	6.37	1011810
2002-03-26	6.39	6.61	6.37	6.56	1272493
2002-03-27	6.56	6.56	6.34	6.34	1355808
2002-03-28	6.68	6.72	6.58	6.60	1702813
2002-04-01	6.66	6.68	6.55	6.68	979815
2002-04-02	6.62	6.66	6.61	6.66	1251664
2002-04-03	6.48	6.61	6.41	6.61	1553790
2002-04-04	6.47	6.57	6.41	6.44	1393386
2002-04-05	6.44	6.53	6.44	6.49	782907
2002-04-08	6.44	6.47	6.38	6.44	787417
2002-04-09	6.38	6.46	6.35	6.44	701739
2002-04-10	6.41	6.44	6.31	6.38	1473266
2002-04-11	6.36	6.48	6.33	6.44	977453
2002-04-12	6.37	6.41	6.26	6.38	826498
2002-04-15	6.28	6.38	6.25	6.37	849689
2002-04-16	6.41	6.43	6.26	6.28	1169422
2002-04-17	6.41	6.46	6.39	6.43	867511
2002-04-18	6.49	6.50	6.35	6.41	886193
2002-04-19	6.56	6.57	6.44	6.52	714408
2002-04-22	6.52	6.65	6.52	6.57	682414
2002-04-23	6.62	6.74	6.44	6.59	1119175
2002-04-24	6.56	6.71	6.49	6.49	1023191
2002-04-25	6.49	6.64	6.47	6.57	1036289
2002-04-26	6.43	6.52	6.37	6.49	749624
2002-04-29	6.40	6.49	6.38	6.43	716341
2002-04-30	6.42	6.44	6.37	6.41	1018896
2002-05-01	6.36	6.44	6.31	6.43	1389521
2002-05-02	6.34	6.38	6.23	6.37	1132059
2002-05-03	6.25	6.38	6.25	6.34	1011595
2002-05-06	6.31	6.39	6.26	6.26	927636
2002-05-07	6.32	6.35	6.31	6.32	840026
2002-05-08	6.40	6.41	6.24	6.29	890058
2002-05-09	6.29	6.44	6.28	6.39	887052
2002-05-10	6.17	6.39	6.15	6.30	821559
2002-05-13	6.11	6.20	6.10	6.17	1247799
2002-05-14	6.05	6.19	6.03	6.15	1496242
2002-05-15	5.95	6.04	5.92	6.04	1488082
2002-05-16	5.81	5.97	5.80	5.97	1340992
2002-05-17	5.78	5.82	5.59	5.73	1882328
2002-05-20	5.91	5.94	5.77	5.77	969723
2002-05-21	5.96	6.04	5.91	5.92	1212368
2002-05-22	6.07	6.07	5.97	5.99	1228259
2002-05-23	6.12	6.13	6.07	6.10	664806
2002-05-24	6.10	6.19	6.05	6.14	1020829
2002-05-28	6.16	6.21	6.08	6.10	657505
2002-05-29	6.03	6.17	5.99	6.16	1030277
2002-05-30	5.97	6.07	5.93	5.99	646124
2002-05-31	5.97	6.00	5.91	5.98	864505
2002-06-03	5.74	6.03	5.72	6.03	927206
2002-06-04	5.81	5.88	5.74	5.74	850977
2002-06-05	5.74	5.85	5.68	5.85	683702
2002-06-06	5.59	5.78	5.57	5.77	1474340
2002-06-07	5.58	5.65	5.54	5.58	1256818
2002-06-10	5.58	5.61	5.50	5.56	1159545
2002-06-11	5.56	5.65	5.53	5.59	971441
2002-06-12	5.66	5.69	5.54	5.57	1305991
2002-06-13	5.43	5.81	5.34	5.69	4567318
2002-06-14	5.22	5.28	5.14	5.15	3522439
2002-06-17	5.16	5.21	4.94	4.94	2791067
2002-06-18	5.29	5.32	5.15	5.16	2050032
2002-06-19	5.34	5.43	5.29	5.29	2130771
2002-06-20	5.33	5.43	5.32	5.37	2495598
2002-06-21	5.37	5.38	5.31	5.32	1872021
2002-06-24	5.32	5.39	5.30	5.37	1767017
2002-06-25	5.32	5.42	5.32	5.33	1316513
2002-06-26	5.35	5.39	5.24	5.32	1473266
2002-06-27	5.44	5.47	5.36	5.38	1523513
2002-06-28	5.64	5.64	5.42	5.44	1179085
2002-07-01	5.48	5.65	5.48	5.64	1517071
2002-07-02	5.43	5.50	5.35	5.50	1455229
2002-07-03	5.46	5.55	5.41	5.41	1198196
2002-07-05	5.57	5.59	5.46	5.47	450934
2002-07-08	5.49	5.60	5.45	5.57	1365042
2002-07-09	5.36	5.52	5.36	5.51	1775607
2002-07-10	5.07	5.41	5.07	5.36	3374490
2002-07-11	5.20	5.26	5.02	5.07	2458020
2002-07-12	5.12	5.15	5.07	5.15	1774104
2002-07-15	5.21	5.22	4.86	5.09	2181233
2002-07-16	5.09	5.27	5.07	5.23	2591153
2002-07-17	5.08	5.22	5.01	5.12	1798153
2002-07-18	5.04	5.13	5.01	5.08	1211080
2002-07-19	4.92	5.08	4.82	5.04	3296113
2002-07-22	4.84	5.00	4.68	4.92	2705604
2002-07-23	4.55	4.90	4.47	4.82	3736526
2002-07-24	4.89	4.99	4.43	4.50	2526090
2002-07-25	5.07	5.07	4.80	4.89	1783552
2002-07-26	5.09	5.11	4.99	5.10	1466180
2002-07-29	5.10	5.19	4.99	5.13	1394030
2002-07-30	5.39	5.48	5.08	5.09	2898647
2002-07-31	5.63	5.63	5.27	5.42	2457161
2002-08-01	5.60	5.72	5.36	5.61	1867082
2002-08-02	5.46	5.67	5.43	5.60	1510200
2002-08-05	5.43	5.61	5.39	5.48	1412068
2002-08-06	5.55	5.65	5.50	5.50	980030
2002-08-07	5.66	5.66	5.56	5.61	1102641
2002-08-08	5.77	5.77	5.58	5.66	1273996
2002-08-09	5.83	5.86	5.73	5.77	883831
2002-08-12	5.92	5.93	5.76	5.80	768091
2002-08-13	5.77	5.92	5.75	5.92	1264333
2002-08-14	5.97	5.99	5.75	5.77	970367
2002-08-15	5.98	6.11	5.95	5.99	989478
2002-08-16	5.97	6.00	5.91	5.98	940949
2002-08-19	6.06	6.06	5.92	5.97	735881
2002-08-20	6.03	6.11	5.95	6.06	812540
2002-08-21	6.21	6.22	6.04	6.07	1411424
2002-08-22	6.34	6.36	6.19	6.22	1446639
2002-08-23	6.30	6.35	6.27	6.34	1392742
2002-08-26	6.38	6.38	6.32	6.32	1246940
2002-08-27	6.31	6.41	6.27	6.39	1089113
2002-08-28	6.29	6.31	6.25	6.31	1304488
2002-08-29	6.22	6.29	6.18	6.26	1098561
2002-08-30	6.19	6.27	6.15	6.22	1048314
2002-09-03	6.07	6.17	6.02	6.17	1494524
2002-09-04	5.93	6.07	5.78	6.07	2187460
2002-09-05	5.84	5.96	5.84	5.90	1690573
2002-09-06	5.77	5.83	5.64	5.83	4001288
2002-09-09	5.74	5.79	5.66	5.75	1562594
2002-09-10	5.72	5.78	5.62	5.77	1922482
2002-09-11	5.68	5.80	5.64	5.73	2350011
2002-09-12	5.38	5.68	5.32	5.67	6967361
2002-09-13	5.43	5.44	5.24	5.26	14010307
2002-09-16	5.44	5.46	5.30	5.41	3321237
2002-09-17	5.35	5.48	5.29	5.47	2232338
2002-09-18	5.42	5.51	5.28	5.28	3299334
2002-09-19	5.37	5.46	5.31	5.40	1780975
2002-09-20	5.43	5.49	5.19	5.37	4231265
2002-09-23	5.37	5.45	5.30	5.36	1455873
2002-09-24	5.19	5.37	5.17	5.37	2534894
2002-09-25	5.42	5.44	5.23	5.24	2118531
2002-09-26	5.60	5.60	5.43	5.51	1647842
2002-09-27	5.52	5.62	5.42	5.54	1794932
2002-09-30	5.60	5.62	5.43	5.51	2090187
2002-10-01	5.67	5.73	5.52	5.61	3002362
2002-10-02	5.64	5.76	5.60	5.68	2024694
2002-10-03	5.54	5.72	5.52	5.64	2124758
2002-10-04	5.39	5.61	5.31	5.55	3216663
2002-10-07	5.46	5.60	5.39	5.42	1011381
2002-10-08	5.36	5.50	5.11	5.46	3149238
2002-10-09	4.82	5.34	4.82	5.34	5395963
2002-10-10	4.84	4.91	4.56	4.79	6653640
2002-10-11	4.95	5.01	4.68	4.94	3459309
2002-10-14	4.85	4.91	4.56	4.56	2229547
2002-10-15	4.98	4.99	4.87	4.99	2108868
2002-10-16	4.84	4.94	4.81	4.94	3305776
2002-10-17	4.98	5.03	4.88	4.96	2107795
2002-10-18	5.21	5.33	4.99	4.99	2265192
2002-10-21	5.51	5.51	5.21	5.21	2260039
2002-10-22	5.34	5.59	5.32	5.51	2375993
2002-10-23	5.46	5.48	5.34	5.37	1349796
2002-10-24	5.44	5.56	5.34	5.45	1262401
2002-10-25	5.59	5.64	5.40	5.44	1454584
2002-10-28	5.68	5.77	5.64	5.72	1475413
2002-10-29	5.75	5.77	5.65	5.68	1686708
2002-10-30	5.91	5.92	5.73	5.75	1162551
2002-10-31	5.96	5.98	5.78	5.90	2246940
2002-11-01	5.87	5.96	5.84	5.93	2256818
2002-11-04	6.11	6.11	5.91	5.95	2260683
2002-11-05	6.17	6.17	5.95	6.07	1633240
2002-11-06	6.24	6.24	6.15	6.17	1529311
2002-11-07	5.93	6.24	5.77	6.24	1922912
2002-11-08	5.87	5.96	5.81	5.92	998712
2002-11-11	5.92	5.94	5.77	5.83	1045093
2002-11-12	5.75	6.01	5.74	5.92	1385656
2002-11-13	5.78	5.79	5.69	5.76	978312
2002-11-14	5.79	5.84	5.71	5.81	937728
2002-11-15	5.72	5.75	5.61	5.67	2747477
2002-11-18	5.72	5.82	5.70	5.75	793000
2002-11-19	5.71	5.73	5.67	5.70	706893
2002-11-20	5.80	5.84	5.70	5.71	1507838
2002-11-21	5.83	5.91	5.78	5.81	986472
2002-11-22	5.94	5.98	5.80	5.83	1308782
2002-11-25	5.87	6.01	5.82	5.94	1820700
2002-11-26	5.74	5.90	5.73	5.86	1383294
2002-11-27	5.78	5.83	5.69	5.77	825854
2002-11-29	5.73	5.75	5.70	5.75	428602
2002-12-02	5.59	5.78	5.57	5.78	950827
2002-12-03	5.67	5.69	5.56	5.59	1656002
2002-12-04	5.57	5.71	5.52	5.63	984754
2002-12-05	5.49	5.55	5.48	5.48	1077088
2002-12-06	5.56	5.57	5.44	5.49	2479923
2002-12-09	5.65	5.78	5.56	5.56	1389092
2002-12-10	5.69	5.69	5.59	5.67	900580
2002-12-11	5.80	5.82	5.63	5.66	1309641
2002-12-12	5.85	5.92	5.82	5.82	1130341
2002-12-13	5.90	5.92	5.86	5.86	719777
2002-12-16	6.03	6.03	5.89	5.90	1432897
2002-12-17	6.00	6.05	5.92	5.99	1299549
2002-12-18	5.96	6.05	5.94	5.99	908525
2002-12-19	5.99	5.99	5.90	5.97	919476
2002-12-20	6.08	6.17	6.01	6.02	1946747
2002-12-23	6.10	6.15	6.04	6.08	1136998
2002-12-24	6.07	6.11	6.05	6.10	407559
2002-12-26	6.11	6.17	6.07	6.10	856775
2002-12-27	6.02	6.16	5.97	6.12	1200344
2002-12-30	6.09	6.11	5.99	5.99	820056
2002-12-31	6.04	6.10	6.01	6.08	622289
2003-01-02	6.14	6.14	6.06	6.08	1157183
2003-01-03	6.27	6.27	6.17	6.17	1244793
2003-01-06	6.63	6.64	6.30	6.30	2170067
2003-01-07	6.40	6.64	6.38	6.64	1650204
2003-01-08	6.48	6.51	6.37	6.37	850762
2003-01-09	6.55	6.55	6.47	6.49	1177153
2003-01-10	6.57	6.62	6.54	6.61	1960275
2003-01-13	6.37	6.57	6.37	6.57	1619068
2003-01-14	6.50	6.52	6.37	6.42	1951471
2003-01-15	6.44	6.50	6.42	6.50	1465106
2003-01-16	6.42	6.56	6.40	6.53	1567962
2003-01-17	6.36	6.44	6.32	6.44	1010951
2003-01-21	6.22	6.44	6.22	6.38	1260683
2003-01-22	6.19	6.22	6.00	6.14	2289886
2003-01-23	6.34	6.39	6.23	6.24	1448787
2003-01-24	6.18	6.37	6.15	6.34	1693580
2003-01-27	6.05	6.18	6.03	6.18	2041872
2003-01-28	6.09	6.17	6.03	6.06	2035860
2003-01-29	6.08	6.12	5.99	6.09	1315654
2003-01-30	5.98	6.11	5.97	6.10	1091046
2003-01-31	6.10	6.11	5.95	5.98	903801
2003-02-03	6.11	6.13	6.06	6.08	1190895
2003-02-04	6.09	6.15	6.05	6.11	1379858
2003-02-05	5.95	6.09	5.95	6.09	840455
2003-02-06	5.90	5.99	5.90	5.94	1135495
2003-02-07	5.85	5.98	5.83	5.97	984110
2003-02-10	5.89	5.93	5.83	5.85	557011
2003-02-11	5.72	5.91	5.70	5.90	780545
2003-02-12	5.62	5.75	5.60	5.74	1493021
2003-02-13	5.68	5.73	5.51	5.59	1552072
2003-02-14	5.74	5.75	5.62	5.68	1733519
2003-02-18	5.85	5.87	5.70	5.75	796221
2003-02-19	5.86	5.97	5.83	5.85	941593
2003-02-20	5.90	5.97	5.86	5.86	741464
2003-02-21	6.08	6.10	5.97	5.97	1243075
2003-02-24	6.07	6.13	6.03	6.10	955336
2003-02-25	6.08	6.13	6.02	6.06	1268198
2003-02-26	5.97	6.09	5.96	6.09	1249087
2003-02-27	6.05	6.14	6.00	6.00	1439339
2003-02-28	6.13	6.17	6.05	6.07	1895212
2003-03-03	6.15	6.25	6.13	6.15	735881
2003-03-04	6.11	6.20	6.05	6.18	1255959
2003-03-05	6.21	6.21	6.10	6.10	645909
2003-03-06	6.20	6.22	6.13	6.20	804166
2003-03-07	6.18	6.23	6.13	6.13	795362
2003-03-10	6.06	6.20	6.03	6.16	621215
2003-03-11	6.02	6.16	6.01	6.11	963711
2003-03-12	6.07	6.07	5.97	6.02	1158901
2003-03-13	6.17	6.17	6.07	6.11	1232983
2003-03-14	6.21	6.23	6.17	6.19	1970797
2003-03-17	6.24	6.26	6.19	6.21	1703242
2003-03-18	6.28	6.29	6.21	6.29	1141937
2003-03-19	6.38	6.40	6.27	6.29	994632
2003-03-20	6.36	6.38	6.29	6.29	1066781
2003-03-21	6.44	6.44	6.34	6.40	1096414
2003-03-24	6.31	6.42	6.26	6.42	842603
2003-03-25	6.16	6.38	6.13	6.30	4745330
2003-03-26	6.16	6.23	6.09	6.16	1974662
2003-03-27	6.22	6.24	6.07	6.16	1086751
2003-03-28	6.22	6.25	6.19	6.20	683487
2003-03-31	6.27	6.34	6.15	6.22	1852695
2003-04-01	6.30	6.34	6.23	6.30	897144
2003-04-02	6.26	6.38	6.26	6.36	1020614
2003-04-03	6.18	6.29	6.17	6.28	960704
2003-04-04	6.34	6.34	6.17	6.17	952974
2003-04-07	6.26	6.47	6.25	6.43	923985
2003-04-08	6.26	6.33	6.23	6.27	660082
2003-04-09	6.28	6.37	6.25	6.26	940090
2003-04-10	6.30	6.35	6.27	6.33	1052180
2003-04-11	6.19	6.32	6.19	6.32	1338845
2003-04-14	6.29	6.30	6.22	6.24	604037
2003-04-15	6.41	6.43	6.28	6.29	1372343
2003-04-16	6.36	6.42	6.33	6.42	798153
2003-04-17	6.37	6.42	6.33	6.38	747692
2003-04-21	6.38	6.42	6.36	6.40	595662
2003-04-22	6.41	6.43	6.28	6.28	1031351
2003-04-23	6.44	6.46	6.32	6.41	831866
2003-04-24	6.54	6.56	6.44	6.45	1195190
2003-04-25	6.45	6.56	6.44	6.56	852910
2003-04-28	6.57	6.58	6.46	6.46	600601
2003-04-29	6.40	6.58	6.38	6.58	2469401
2003-04-30	6.37	6.42	6.30	6.38	2519863
2003-05-01	6.24	6.37	6.22	6.37	1796435
2003-05-02	6.27	6.27	6.19	6.24	2355164
2003-05-05	6.41	6.44	6.31	6.34	2465536
2003-05-06	6.42	6.47	6.39	6.43	1475199
2003-05-07	6.48	6.49	6.41	6.41	1913678
2003-05-08	6.47	6.51	6.45	6.48	1558944
2003-05-09	6.49	6.51	6.47	6.50	1273567
2003-05-12	6.55	6.55	6.47	6.50	1273781
2003-05-13	6.55	6.57	6.53	6.55	1569251
2003-05-14	6.54	6.58	6.47	6.54	2239425
2003-05-15	6.77	6.88	6.43	6.43	9607258
2003-05-16	6.91	6.95	6.84	6.86	12673610
2003-05-19	6.87	6.91	6.83	6.89	3573116
2003-05-20	6.86	6.91	6.84	6.87	3466180
2003-05-21	6.86	6.87	6.82	6.84	4984325
2003-05-22	6.88	6.91	6.85	6.86	4536826
2003-05-23	7.14	7.22	6.92	6.93	6397251
2003-05-27	7.23	7.31	7.09	7.09	3606399
2003-05-28	7.17	7.23	7.15	7.22	2628301
2003-05-29	7.01	7.22	6.96	7.14	2143440
2003-05-30	7.12	7.12	7.01	7.01	2152673
2003-06-02	7.24	7.24	7.10	7.24	2307065
2003-06-03	7.33	7.39	7.22	7.24	2744900
2003-06-04	7.39	7.43	7.31	7.33	1561950
2003-06-05	7.39	7.43	7.35	7.39	1974662
2003-06-06	7.38	7.48	7.36	7.40	2442560
2003-06-09	7.39	7.43	7.36	7.38	2798583
2003-06-10	7.48	7.55	7.40	7.44	1970367
2003-06-11	7.62	7.66	7.45	7.51	3177797
2003-06-12	7.67	7.67	7.56	7.65	2420872
2003-06-13	7.69	7.75	7.64	7.69	2010307
2003-06-16	7.76	7.76	7.67	7.69	1403049
2003-06-17	7.73	7.78	7.68	7.78	1702384
2003-06-18	7.82	7.82	7.68	7.73	1828860
2003-06-19	7.80	7.88	7.71	7.84	1946747
2003-06-20	7.73	7.86	7.70	7.86	2266266
2003-06-23	7.68	7.71	7.60	7.71	1299120
2003-06-24	7.64	7.74	7.56	7.68	1970367
2003-06-25	7.61	7.69	7.60	7.62	1614344
2003-06-26	7.64	7.66	7.56	7.61	1058192
2003-06-27	7.62	7.63	7.56	7.63	1395963
2003-06-30	7.64	7.66	7.59	7.62	1557655
2003-07-01	7.61	7.64	7.51	7.64	1722783
2003-07-02	7.58	7.66	7.49	7.61	3480137
2003-07-03	7.49	7.56	7.49	7.53	1368478
2003-07-07	7.50	7.56	7.50	7.55	1790208
2003-07-08	7.50	7.57	7.45	7.51	1644836
2003-07-09	7.40	7.49	7.36	7.48	2133562
2003-07-10	7.27	7.38	7.24	7.38	1362036
2003-07-11	7.39	7.40	7.28	7.29	1202706
2003-07-14	7.40	7.45	7.37	7.41	1386515
2003-07-15	7.32	7.41	7.29	7.41	1263045
2003-07-16	7.22	7.35	7.18	7.34	1648486
2003-07-17	7.28	7.28	7.14	7.23	1709684
2003-07-18	7.36	7.36	7.25	7.31	1347863
2003-07-21	7.24	7.36	7.23	7.36	716985
2003-07-22	7.35	7.36	7.21	7.24	2101997
2003-07-23	7.31	7.35	7.25	7.34	1240713
2003-07-24	7.29	7.36	7.28	7.35	1551857
2003-07-25	7.31	7.34	7.22	7.30	1552716
2003-07-28	7.23	7.32	7.22	7.31	907022
2003-07-29	7.17	7.27	7.16	7.22	1267554
2003-07-30	7.11	7.22	7.11	7.22	1911316
2003-07-31	7.04	7.13	7.02	7.12	1563668
2003-08-01	7.02	7.05	6.94	6.97	2201202
2003-08-04	7.03	7.05	6.94	7.05	983680
2003-08-05	6.88	7.03	6.86	7.02	2000215
2003-08-06	6.87	6.90	6.84	6.88	2806528
2003-08-07	6.96	6.98	6.83	6.86	1306850
2003-08-08	6.99	7.00	6.94	6.97	1470475
2003-08-11	6.96	7.00	6.90	6.97	1194331
2003-08-12	7.07	7.07	6.95	6.97	881469
2003-08-13	7.01	7.09	7.00	7.09	1054327
2003-08-14	7.05	7.06	6.97	7.03	1542839
2003-08-15	7.06	7.09	7.00	7.01	487224
2003-08-18	7.05	7.09	7.01	7.06	756925
2003-08-19	7.04	7.05	7.00	7.05	1077518
2003-08-20	7.07	7.08	7.01	7.01	1002362
2003-08-21	7.04	7.08	7.03	7.07	1617780
2003-08-22	6.91	7.06	6.89	7.06	1335839
2003-08-25	6.96	6.97	6.88	6.90	1150741
2003-08-26	6.97	6.99	6.92	6.96	1442774
2003-08-27	6.98	7.01	6.95	6.97	600387
2003-08-28	6.94	7.01	6.91	7.01	917973
2003-08-29	7.05	7.05	6.92	6.95	1210006
2003-09-02	7.25	7.26	7.04	7.05	2463174
2003-09-03	7.29	7.29	7.24	7.26	1295254
2003-09-04	7.27	7.32	7.24	7.29	944385
2003-09-05	7.23	7.27	7.20	7.25	2592656
2003-09-08	7.30	7.36	7.23	7.27	2816191
2003-09-09	7.23	7.30	7.21	7.29	782478
2003-09-10	7.21	7.23	7.16	7.22	900365
2003-09-11	7.22	7.26	7.21	7.25	795147
2003-09-12	7.31	7.32	7.18	7.22	744256
2003-09-15	7.27	7.32	7.22	7.31	1395963
2003-09-16	7.36	7.36	7.25	7.26	1151814
2003-09-17	7.34	7.38	7.27	7.36	1325746
2003-09-18	7.40	7.40	7.33	7.35	1547348
2003-09-19	7.44	7.47	7.40	7.40	2557870
2003-09-22	7.37	7.44	7.33	7.44	901439
2003-09-23	7.45	7.45	7.36	7.37	1869444
2003-09-24	7.32	7.45	7.30	7.43	1839167
2003-09-25	7.28	7.34	7.25	7.32	1442130
2003-09-26	7.35	7.37	7.22	7.28	1116813
2003-09-29	7.39	7.42	7.30	7.34	746833
2003-09-30	7.35	7.39	7.27	7.37	1760790
2003-10-01	7.40	7.40	7.32	7.35	1645480
2003-10-02	7.52	7.52	7.38	7.41	2032424
2003-10-03	7.56	7.59	7.52	7.52	1193902
2003-10-06	7.53	7.56	7.51	7.55	1426240
2003-10-07	7.45	7.53	7.39	7.53	2075370
2003-10-08	7.35	7.43	7.32	7.42	1599313
2003-10-09	7.27	7.37	7.26	7.29	2475628
2003-10-10	7.25	7.27	7.21	7.27	1814473
2003-10-13	7.21	7.25	7.19	7.25	931072
2003-10-14	7.30	7.31	7.15	7.20	2389736
2003-10-15	7.24	7.31	7.18	7.30	1938372
2003-10-16	7.32	7.34	7.25	7.25	1557440
2003-10-17	7.33	7.36	7.29	7.36	1864935
2003-10-20	7.34	7.36	7.29	7.33	1043805
2003-10-21	7.33	7.36	7.29	7.34	1242216
2003-10-22	7.33	7.39	7.30	7.33	1434400
2003-10-23	7.23	7.33	7.21	7.33	1791067
2003-10-24	7.24	7.27	7.19	7.23	1463174
2003-10-27	7.13	7.24	7.12	7.24	1787417
2003-10-28	7.09	7.13	6.97	7.13	3512347
2003-10-29	7.08	7.13	7.05	7.06	2033068
2003-10-30	7.09	7.11	7.07	7.08	2225896
2003-10-31	7.16	7.18	7.08	7.09	3533820
2003-11-03	7.25	7.26	7.15	7.16	1356023
2003-11-04	7.21	7.25	7.18	7.25	1636247
2003-11-05	7.22	7.24	7.16	7.21	1480782
2003-11-06	7.25	7.26	7.16	7.20	894782
2003-11-07	7.21	7.26	7.18	7.25	1161477
2003-11-10	7.24	7.24	7.19	7.20	1052609
2003-11-11	7.21	7.24	7.18	7.22	1091260
2003-11-12	7.25	7.25	7.20	7.22	1265192
2003-11-13	7.35	7.35	7.25	7.26	1870518
2003-11-14	7.35	7.42	7.35	7.36	1206356
2003-11-17	7.25	7.34	7.24	7.34	1790208
2003-11-18	7.15	7.28	7.15	7.27	1607687
2003-11-19	7.18	7.20	7.15	7.15	1561091
2003-11-20	7.17	7.24	7.13	7.18	1545416
2003-11-21	7.14	7.20	7.12	7.20	1225038
2003-11-24	7.30	7.31	7.17	7.18	1916685
2003-11-25	7.31	7.34	7.30	7.32	996779
2003-11-26	7.34	7.34	7.30	7.33	841958
2003-11-28	7.33	7.36	7.31	7.32	225038
2003-12-01	7.36	7.38	7.29	7.32	1302341
2003-12-02	7.29	7.36	7.27	7.34	2199055
2003-12-03	7.23	7.29	7.20	7.29	2294610
2003-12-04	7.30	7.30	7.19	7.26	1765944
2003-12-05	7.22	7.32	7.21	7.31	1745544
2003-12-08	7.32	7.32	7.25	7.26	1741464
2003-12-09	7.31	7.36	7.30	7.32	2557870
2003-12-10	7.24	7.32	7.24	7.31	1324028
2003-12-11	7.32	7.32	7.25	7.25	1709040
2003-12-12	7.50	7.51	7.37	7.37	3533605
2003-12-15	7.45	7.53	7.44	7.51	1836375
2003-12-16	7.58	7.58	7.45	7.48	2193902
2003-12-17	7.62	7.62	7.53	7.56	2034142
2003-12-18	7.71	7.73	7.58	7.64	1369766
2003-12-19	7.74	7.77	7.68	7.73	2640326
2003-12-22	7.80	7.80	7.72	7.74	1605325
2003-12-23	7.84	7.84	7.78	7.82	804381
2003-12-24	7.79	7.84	7.79	7.84	569251
2003-12-26	7.80	7.82	7.79	7.79	509556
2003-12-29	7.94	7.95	7.74	7.80	2295469
2003-12-30	7.92	7.95	7.90	7.92	775821
2003-12-31	7.92	7.93	7.87	7.93	850548
2004-01-02	7.92	7.95	7.89	7.95	1261756
2004-01-05	7.83	7.94	7.79	7.94	2350225
2004-01-06	7.76	7.81	7.75	7.81	3230191
2004-01-07	7.82	7.83	7.75	7.78	1923771
2004-01-08	7.89	7.89	7.83	7.84	1306850
2004-01-09	7.87	7.87	7.76	7.82	1890058
2004-01-12	7.79	7.87	7.78	7.83	2044664
2004-01-13	7.79	7.80	7.74	7.79	2845823
2004-01-14	7.93	7.93	7.81	7.82	1985613
2004-01-15	7.94	7.96	7.89	7.93	1900795
2004-01-16	8.01	8.01	7.93	7.96	2095985
2004-01-20	8.05	8.06	7.99	8.02	1372557
2004-01-21	8.23	8.23	8.04	8.05	1665450
2004-01-22	8.18	8.22	8.15	8.21	1614988
2004-01-23	8.22	8.22	8.16	8.19	1112948
2004-01-26	8.15	8.22	8.12	8.22	1175220
2004-01-27	8.15	8.18	8.11	8.12	1279794
2004-01-28	8.18	8.38	8.15	8.33	2146661
2004-01-29	8.28	8.32	8.18	8.18	3155250
2004-01-30	8.28	8.31	8.19	8.29	1421731
2004-02-02	8.28	8.32	8.24	8.28	1606828
2004-02-03	8.40	8.41	8.24	8.28	1831222
2004-02-04	8.30	8.38	8.25	8.38	1771741
2004-02-05	8.17	8.30	8.16	8.30	2056904
2004-02-06	8.23	8.23	8.16	8.17	1004295
2004-02-09	8.23	8.23	8.15	8.21	1348722
2004-02-10	8.26	8.26	8.18	8.20	1835516
2004-02-11	8.31	8.33	8.17	8.23	1289027
2004-02-12	8.22	8.30	8.21	8.26	1088254
2004-02-13	8.18	8.23	8.14	8.21	1608546
2004-02-17	8.25	8.26	8.20	8.23	1275070
2004-02-18	8.26	8.27	8.22	8.26	1464677
2004-02-19	8.18	8.28	8.15	8.24	1790208
2004-02-20	8.15	8.20	8.10	8.16	5004724
2004-02-23	8.21	8.25	8.15	8.15	1143011
2004-02-24	8.26	8.26	8.18	8.20	2106292
2004-02-25	8.32	8.33	8.24	8.26	1197123
2004-02-26	8.31	8.35	8.27	8.32	1324458
2004-02-27	8.43	8.43	8.31	8.31	1091046
2004-03-01	8.42	8.51	8.37	8.43	1275499
2004-03-02	8.41	8.46	8.37	8.39	1184024
2004-03-03	8.40	8.45	8.30	8.38	814473
2004-03-04	8.36	8.42	8.33	8.42	977024
2004-03-05	8.50	8.50	8.32	8.36	2164484
2004-03-08	8.50	8.63	8.49	8.54	2146446
2004-03-09	8.41	8.48	8.40	8.48	1401331
2004-03-10	8.41	8.48	8.38	8.41	1321666
2004-03-11	8.28	8.40	8.27	8.39	1407988
2004-03-12	8.26	8.28	8.23	8.28	1490659
2004-03-15	8.31	8.33	8.21	8.28	789349
2004-03-16	8.35	8.38	8.31	8.34	804166
2004-03-17	8.42	8.44	8.36	8.39	1028130
2004-03-18	8.38	8.44	8.31	8.39	663303
2004-03-19	8.37	8.44	8.34	8.36	931716
2004-03-22	8.26	8.39	8.21	8.36	1215804
2004-03-23	8.19	8.27	8.17	8.25	1302126
2004-03-24	8.17	8.21	8.07	8.17	4295469
2004-03-25	8.16	8.19	8.13	8.18	1674469
2004-03-26	8.13	8.18	8.13	8.16	1500966
2004-03-29	8.16	8.17	8.10	8.13	1372128
2004-03-30	8.23	8.25	8.13	8.16	900150
2004-03-31	8.33	8.35	8.23	8.24	1249946
2004-04-01	8.52	8.53	8.38	8.40	2007086
2004-04-02	8.42	8.58	8.42	8.58	1521795
2004-04-05	8.45	8.47	8.41	8.44	989478
2004-04-06	8.42	8.44	8.38	8.42	961563
2004-04-07	8.40	8.42	8.34	8.42	1028344
2004-04-08	8.39	8.42	8.36	8.41	958342
2004-04-12	8.26	8.42	8.24	8.42	1458450
2004-04-13	8.06	8.23	8.04	8.23	2078377
2004-04-14	8.01	8.05	7.93	7.99	2508052
2004-04-15	8.01	8.10	7.96	8.03	1528237
2004-04-16	8.04	8.06	8.00	8.04	1114022
2004-04-19	8.01	8.04	8.00	8.02	1045738
2004-04-20	7.96	8.06	7.96	8.03	853339
2004-04-21	8.00	8.00	7.89	8.00	1140004
2004-04-22	8.05	8.08	7.98	8.01	1140219
2004-04-23	8.05	8.13	8.04	8.06	1254241
2004-04-26	8.04	8.12	8.03	8.07	1050676
2004-04-27	8.06	8.08	8.01	8.08	695297
2004-04-28	7.93	8.04	7.93	8.04	2394245
2004-04-29	7.87	7.96	7.84	7.93	1161263
2004-04-30	7.83	7.89	7.81	7.86	1297402
2004-05-03	7.88	7.90	7.79	7.81	1174576
2004-05-04	7.96	8.01	7.86	7.90	1375134
2004-05-05	7.86	7.98	7.85	7.98	1479493
2004-05-06	7.81	7.86	7.76	7.86	1754348
2004-05-07	7.54	7.80	7.48	7.80	3098776
2004-05-10	7.41	7.54	7.37	7.54	2405196
2004-05-11	7.41	7.52	7.40	7.46	1628731
2004-05-12	7.40	7.46	7.31	7.42	1249732
2004-05-13	7.37	7.45	7.33	7.40	1380073
2004-05-14	7.52	7.55	7.37	7.38	1467039
2004-05-17	7.40	7.50	7.40	7.48	1222890
2004-05-18	7.41	7.46	7.38	7.42	836590
2004-05-19	7.31	7.46	7.28	7.43	1722998
2004-05-20	7.39	7.44	7.28	7.34	1110157
2004-05-21	7.43	7.47	7.38	7.41	900580
2004-05-24	7.48	7.51	7.44	7.44	1173288
2004-05-25	7.62	7.62	7.46	7.49	832081
2004-05-26	7.66	7.73	7.58	7.62	1506335
2004-05-27	7.81	7.82	7.69	7.70	1651063
2004-05-28	7.88	7.91	7.81	7.81	1468113
2004-06-01	7.84	7.91	7.77	7.90	1638823
2004-06-02	7.90	7.92	7.84	7.84	914323
2004-06-03	7.80	7.90	7.78	7.90	1031351
2004-06-04	7.79	7.85	7.78	7.84	673395
2004-06-07	7.84	7.85	7.79	7.79	901224
2004-06-08	7.81	7.86	7.78	7.86	3357097
2004-06-09	7.82	7.85	7.79	7.81	1470260
2004-06-10	7.84	7.86	7.81	7.83	724930
2004-06-14	7.86	7.88	7.78	7.84	1359888
2004-06-15	7.82	7.95	7.82	7.88	1344428
2004-06-16	7.82	7.89	7.80	7.85	1521151
2004-06-17	7.88	7.90	7.80	7.84	1337771
2004-06-18	7.93	7.93	7.87	7.88	1281941
2004-06-21	7.95	8.00	7.90	7.95	673395
2004-06-22	7.93	7.96	7.88	7.95	988405
2004-06-23	7.98	8.00	7.79	7.95	2436977
2004-06-24	8.02	8.04	7.96	7.99	1777110
2004-06-25	8.04	8.05	7.99	8.03	2668671
2004-06-28	8.26	8.38	8.09	8.09	3172429
2004-06-29	8.42	8.45	8.24	8.26	4073223
2004-06-30	8.47	8.52	8.40	8.42	2305347
2004-07-01	8.43	8.49	8.43	8.49	1714623
2004-07-02	8.49	8.54	8.45	8.48	1292033
2004-07-06	8.45	8.49	8.45	8.47	1137857
2004-07-07	8.38	8.45	8.34	8.45	1703242
2004-07-08	8.38	8.41	8.37	8.40	1365471
2004-07-09	8.39	8.40	8.31	8.39	786558
2004-07-12	8.39	8.40	8.33	8.40	876530
2004-07-13	8.41	8.45	8.40	8.40	1417866
2004-07-14	8.47	8.50	8.39	8.41	976165
2004-07-15	8.45	8.52	8.41	8.47	891346
2004-07-16	8.51	8.53	8.45	8.48	875456
2004-07-19	8.56	8.56	8.50	8.51	780331
2004-07-20	8.57	8.59	8.52	8.56	1479493
2004-07-21	8.43	8.62	8.41	8.62	941808
2004-07-22	8.36	8.43	8.29	8.43	933434
2004-07-23	8.31	8.38	8.26	8.36	1137428
2004-07-26	8.26	8.38	8.25	8.35	981533
2004-07-27	8.32	8.35	8.25	8.30	1040155
2004-07-28	8.44	8.47	8.27	8.27	1328323
2004-07-29	8.46	8.52	8.45	8.47	973588
2004-07-30	8.55	8.55	8.46	8.46	804595
2004-08-02	8.64	8.65	8.50	8.55	799012
2004-08-03	8.60	8.66	8.59	8.64	878033
2004-08-04	8.62	8.65	8.54	8.59	969079
2004-08-05	8.53	8.64	8.51	8.62	1143225
2004-08-06	8.56	8.62	8.52	8.52	1991196
2004-08-09	8.58	8.61	8.53	8.58	893708
2004-08-10	8.67	8.69	8.57	8.62	1058621
2004-08-11	8.71	8.71	8.62	8.67	1172429
2004-08-12	8.67	8.72	8.65	8.71	1490015
2004-08-13	8.62	8.70	8.58	8.70	542195
2004-08-16	8.65	8.68	8.59	8.60	1151600
2004-08-17	8.63	8.67	8.60	8.65	1073867
2004-08-18	8.79	8.79	8.63	8.63	1119820
2004-08-19	8.73	8.80	8.72	8.79	866867
2004-08-20	8.77	8.77	8.70	8.73	903801
2004-08-23	8.74	8.81	8.74	8.77	1334121
2004-08-24	8.74	8.77	8.74	8.76	878463
2004-08-25	8.76	8.82	8.72	8.75	2168993
2004-08-26	8.74	8.78	8.71	8.78	1223964
2004-08-27	8.73	8.76	8.72	8.74	1256818
2004-08-30	8.74	8.77	8.71	8.72	1834443
2004-08-31	8.82	8.83	8.73	8.74	2484861
2004-09-01	8.90	8.91	8.83	8.83	4103500
2004-09-02	8.91	8.92	8.86	8.90	1289671
2004-09-03	8.88	8.91	8.87	8.91	748336
2004-09-07	8.91	8.93	8.87	8.88	2585785
2004-09-08	8.86	8.93	8.86	8.93	1624222
2004-09-09	8.82	8.87	8.81	8.86	2062057
2004-09-10	8.75	8.82	8.73	8.82	1507408
2004-09-13	8.69	8.77	8.66	8.75	1626369
2004-09-14	8.67	8.71	8.64	8.71	1805884
2004-09-15	8.66	8.69	8.61	8.68	1539188
2004-09-16	8.73	8.73	8.66	8.66	1005583
2004-09-17	8.75	8.79	8.73	8.73	2359244
2004-09-20	8.72	8.75	8.69	8.75	1377282
2004-09-21	8.73	8.74	8.65	8.72	2926133
2004-09-22	8.68	8.73	8.66	8.73	1453511
2004-09-23	8.61	8.69	8.61	8.68	1239854
2004-09-24	8.61	8.64	8.59	8.61	1509341
2004-09-27	8.69	8.72	8.63	8.63	2287524
2004-09-28	8.76	8.78	8.70	8.70	2218166
2004-09-29	8.77	8.78	8.74	8.78	1971441
2004-09-30	8.78	8.80	8.75	8.77	1783337
2004-10-01	8.81	8.82	8.77	8.79	2004080
2004-10-04	8.86	8.87	8.82	8.85	1845823
2004-10-05	8.93	8.95	8.86	8.88	1476916
2004-10-06	9.01	9.01	8.90	8.95	846468
2004-10-07	8.91	9.02	8.90	9.02	1030062
2004-10-08	8.92	8.95	8.88	8.93	901653
2004-10-11	8.99	8.99	8.91	8.93	1319519
2004-10-12	9.08	9.08	8.95	8.99	976380
2004-10-13	9.02	9.12	8.99	9.12	1598883
2004-10-14	9.09	9.11	8.98	9.02	1748980
2004-10-15	9.20	9.25	9.12	9.13	2388877
2004-10-18	9.17	9.19	9.08	9.08	2403264
2004-10-19	9.05	9.21	9.04	9.17	1977668
2004-10-20	9.19	9.19	9.04	9.16	2490230
2004-10-21	9.28	9.30	9.16	9.19	1849903
2004-10-22	9.48	9.54	9.29	9.29	3615203
2004-10-25	9.60	9.63	9.52	9.52	2378570
2004-10-26	9.67	9.69	9.60	9.63	3509985
2004-10-27	9.63	9.67	9.57	9.67	1895426
2004-10-28	9.63	9.66	9.55	9.65	1254670
2004-10-29	9.68	9.70	9.57	9.65	1750268
2004-11-01	9.68	9.69	9.62	9.69	1183809
2004-11-02	9.42	9.67	9.42	9.67	2260898
2004-11-03	9.63	9.66	9.53	9.53	1771312
2004-11-04	9.80	9.84	9.65	9.66	2867941
2004-11-05	9.65	9.77	9.61	9.77	2654713
2004-11-08	9.79	9.81	9.67	9.68	1876100
2004-11-09	9.84	9.87	9.80	9.81	1222676
2004-11-10	9.81	9.85	9.79	9.84	2162766
2004-11-11	9.88	9.92	9.81	9.86	2782263
2004-11-12	10.00	10.00	9.88	9.89	2255315
2004-11-15	9.95	9.98	9.89	9.98	1763367
2004-11-16	9.88	9.99	9.87	9.95	1295254
2004-11-17	9.76	9.96	9.74	9.91	2101782
2004-11-18	9.76	9.81	9.73	9.78	1172214
2004-11-19	9.73	9.79	9.68	9.76	1913034
2004-11-22	9.89	9.89	9.72	9.73	2340348
2004-11-23	9.92	9.97	9.82	9.88	1853554
2004-11-24	9.91	9.97	9.88	9.95	876315
2004-11-26	9.95	9.99	9.90	9.95	540477
2004-11-29	9.77	9.96	9.75	9.94	1989049
2004-11-30	9.67	9.82	9.65	9.80	1969723
2004-12-01	9.60	9.67	9.49	9.67	2171140
2004-12-02	9.60	9.75	9.47	9.62	3294610
2004-12-03	9.60	9.65	9.54	9.58	2630234
2004-12-06	9.60	9.63	9.55	9.62	1536397
2004-12-07	9.53	9.61	9.53	9.61	1820056
2004-12-08	9.42	9.61	9.41	9.57	4062701
2004-12-09	9.46	9.46	9.38	9.43	1528022
2004-12-10	9.42	9.63	9.37	9.63	2146017
2004-12-13	9.55	9.55	9.42	9.44	1671892
2004-12-14	9.69	9.69	9.58	9.58	1831866
2004-12-15	9.79	9.81	9.70	9.71	1129697
2004-12-16	9.77	9.80	9.73	9.80	1327893
2004-12-17	9.88	9.90	9.65	9.66	3774104
2004-12-20	9.98	10.03	9.91	9.94	1872450
2004-12-21	10.09	10.10	9.99	10.02	1223534
2004-12-22	10.07	10.16	10.03	10.10	1847541
2004-12-23	10.06	10.10	10.03	10.09	965643
2004-12-27	9.97	10.08	9.96	10.08	590294
2004-12-28	10.03	10.05	9.96	9.97	809105
2004-12-29	10.01	10.07	10.01	10.07	745759
2004-12-30	10.03	10.09	10.02	10.05	892205
2004-12-31	9.99	10.07	9.99	10.07	844106
2005-01-03	9.95	10.08	9.92	10.07	2062916
2005-01-04	9.84	10.00	9.82	9.97	1796650
2005-01-05	9.70	9.82	9.69	9.80	1561950
2005-01-06	9.63	9.71	9.61	9.69	2020614
2005-01-07	9.59	9.68	9.58	9.65	1633026
2005-01-10	9.62	9.65	9.58	9.58	2181018
2005-01-11	9.69	9.70	9.57	9.62	1576766
2005-01-12	9.76	9.76	9.59	9.68	1450290
2005-01-13	9.89	9.93	9.75	9.76	2230621
2005-01-14	9.95	10.00	9.88	9.89	1452652
2005-01-18	9.91	9.94	9.84	9.88	1957698
2005-01-19	9.89	9.97	9.87	9.90	1367619
2005-01-20	9.93	9.93	9.79	9.89	1104144
2005-01-21	9.85	9.98	9.83	9.90	1086107
2005-01-24	9.94	9.98	9.81	9.85	1512132
2005-01-25	9.87	9.97	9.84	9.94	1365686
2005-01-26	9.99	10.01	9.85	9.86	1339059
2005-01-27	10.04	10.07	9.93	9.96	930857
2005-01-28	10.05	10.09	10.00	10.02	2116813
2005-01-31	10.13	10.13	10.06	10.10	2017178
2005-02-01	10.45	10.46	10.15	10.15	2848186
2005-02-02	10.35	10.48	10.30	10.44	3276358
2005-02-03	10.30	10.33	10.17	10.31	1292678
2005-02-04	10.46	10.46	10.31	10.31	1174361
2005-02-07	10.43	10.48	10.41	10.48	1275285
2005-02-08	10.41	10.48	10.38	10.43	3153962
2005-02-09	10.31	10.41	10.30	10.40	1661370
2005-02-10	10.19	10.33	10.17	10.33	2315654
2005-02-11	10.20	10.33	10.14	10.20	1077947
2005-02-14	10.35	10.35	10.20	10.20	1141078
2005-02-15	10.36	10.41	10.32	10.33	1319090
2005-02-16	10.39	10.39	10.28	10.33	1788705
2005-02-17	10.36	10.40	10.28	10.38	1342066
2005-02-18	10.15	10.32	10.14	10.31	1735452
2005-02-22	9.98	10.11	9.97	10.11	2730084
2005-02-23	10.11	10.14	9.96	9.96	2040584
2005-02-24	10.16	10.16	10.08	10.10	973159
2005-02-25	10.30	10.31	10.11	10.14	2326390
2005-02-28	10.23	10.31	10.14	10.28	1240283
2005-03-01	10.23	10.31	10.21	10.23	2438480
2005-03-02	10.19	10.25	10.15	10.23	1890273
2005-03-03	10.13	10.21	10.10	10.20	2996350
2005-03-04	10.27	10.27	10.12	10.14	1943955
2005-03-07	10.33	10.36	10.21	10.29	1894782
2005-03-08	10.34	10.37	10.26	10.33	3892205
2005-03-09	10.12	10.34	10.11	10.34	1482499
2005-03-10	10.14	10.19	10.02	10.12	1460382
2005-03-11	10.01	10.16	9.99	10.08	1129053
2005-03-14	10.18	10.18	10.01	10.01	2469186
2005-03-15	10.06	10.23	10.04	10.18	1583423
2005-03-16	9.94	10.09	9.87	10.04	1524587
2005-03-17	10.00	10.04	9.95	9.99	990552
2005-03-18	10.07	10.07	9.97	10.07	2451793
2005-03-21	10.06	10.11	10.02	10.10	1413142
2005-03-22	9.92	10.11	9.92	10.06	2089972
2005-03-23	9.81	9.92	9.81	9.92	2249946
2005-03-24	10.04	10.09	9.83	9.85	2573116
2005-03-28	10.06	10.09	10.00	10.09	1322740
2005-03-29	9.98	10.05	9.94	10.04	2121108
2005-03-30	10.13	10.13	9.98	9.98	1283015
2005-03-31	10.21	10.25	10.14	10.14	1120679
2005-04-01	10.13	10.37	10.06	10.28	3142581
2005-04-04	10.08	10.15	10.05	10.15	2045308
2005-04-05	10.17	10.18	10.09	10.09	1057118
2005-04-06	10.18	10.24	10.14	10.19	651063
2005-04-07	10.17	10.23	10.14	10.18	725574
2005-04-08	10.12	10.23	10.11	10.21	1241357
2005-04-11	10.25	10.26	10.15	10.18	853769
2005-04-12	10.33	10.36	10.15	10.23	1176079
2005-04-13	10.24	10.38	10.24	10.31	1073438
2005-04-14	10.11	10.25	10.09	10.24	1086536
2005-04-15	9.90	10.11	9.90	10.10	1969294
2005-04-18	10.03	10.13	9.88	9.89	1483788
2005-04-19	10.10	10.13	10.03	10.04	1239854
2005-04-20	10.01	10.09	9.98	10.06	1489800
2005-04-21	10.18	10.19	10.04	10.08	951256
2005-04-22	10.21	10.27	10.14	10.16	964569
2005-04-25	10.34	10.34	10.23	10.23	653640
2005-04-26	10.22	10.33	10.21	10.30	912605
2005-04-27	10.33	10.37	10.15	10.19	1050676
2005-04-28	10.17	10.33	10.14	10.28	1419798
2005-04-29	10.26	10.26	10.07	10.18	2109513
2005-05-02	10.34	10.38	10.27	10.27	1138716
2005-05-03	10.32	10.40	10.30	10.32	1173717
2005-05-04	10.44	10.44	10.28	10.31	1301911
2005-05-05	10.45	10.51	10.36	10.37	1926133
2005-05-06	10.43	10.50	10.40	10.43	1215375
2005-05-09	10.60	10.62	10.50	10.51	3079665
2005-05-10	10.72	10.87	10.65	10.69	3458664
2005-05-11	10.74	10.74	10.64	10.73	1734164
2005-05-12	10.54	10.71	10.48	10.70	1628946
2005-05-13	10.37	10.54	10.19	10.54	2094052
2005-05-16	10.44	10.47	10.32	10.37	1443848
2005-05-17	10.56	10.58	10.37	10.41	1147735
2005-05-18	10.55	10.64	10.49	10.60	1281941
2005-05-19	10.54	10.58	10.45	10.55	1510200
2005-05-20	10.51	10.53	10.42	10.53	1552072
2005-05-23	10.51	10.54	10.45	10.52	1041014
2005-05-24	10.56	10.58	10.47	10.54	2377067
2005-05-25	10.65	10.67	10.53	10.54	1357956
2005-05-26	10.75	10.76	10.65	10.68	1511059
2005-05-27	10.83	10.83	10.72	10.76	1432467
2005-05-31	10.88	10.91	10.81	10.85	2774104
2005-06-01	10.97	11.06	10.81	10.85	1865793
2005-06-02	10.96	10.97	10.91	10.93	971656
2005-06-03	10.99	11.04	10.94	10.97	973159
2005-06-06	11.00	11.03	10.93	10.93	1842603
2005-06-07	10.95	11.14	10.95	11.01	2038437
2005-06-08	10.94	11.02	10.94	11.00	4891132
2005-06-09	10.93	10.95	10.88	10.89	1977239
2005-06-10	10.99	11.03	10.92	10.94	990337
2005-06-13	11.05	11.09	10.91	10.97	794503
2005-06-14	11.13	11.14	11.04	11.07	642044
2005-06-15	11.10	11.14	11.03	11.14	809105
2005-06-16	11.00	11.11	10.96	11.09	834443
2005-06-17	11.20	11.21	11.01	11.09	1864290
2005-06-20	11.23	11.26	11.12	11.14	1146446
2005-06-21	11.26	11.28	11.20	11.22	965214
2005-06-22	11.30	11.37	11.25	11.32	1448787
2005-06-23	11.37	11.40	11.27	11.29	1329397
2005-06-24	11.33	11.43	11.29	11.36	1145802
2005-06-27	11.33	11.36	11.29	11.32	1030706
2005-06-28	11.41	11.42	11.35	11.38	1149023
2005-06-29	11.30	11.44	11.27	11.44	1613270
2005-06-30	11.32	11.40	11.29	11.33	1381576
2005-07-01	11.52	11.54	11.34	11.35	1782693
2005-07-05	11.58	11.66	11.48	11.49	1602534
2005-07-06	11.45	11.62	11.42	11.56	2891776
2005-07-07	11.57	11.59	11.40	11.43	1276143
2005-07-08	11.71	11.72	11.52	11.57	2072364
2005-07-11	11.75	11.77	11.66	11.73	1179729
2005-07-12	11.72	11.78	11.65	11.69	1569465
2005-07-13	11.68	11.73	11.66	11.71	1402834
2005-07-14	11.65	11.78	11.59	11.71	2719347
2005-07-15	11.62	11.66	11.59	11.59	1452652
2005-07-18	11.58	11.67	11.57	11.62	1531887
2005-07-19	11.61	11.67	11.51	11.59	1254670
2005-07-20	11.63	11.66	11.50	11.57	1125403
2005-07-21	11.50	11.60	11.42	11.59	1988619
2005-07-22	11.57	11.60	11.49	11.51	2106292
2005-07-25	11.60	11.68	11.55	11.60	1464033
2005-07-26	11.69	11.76	11.65	11.71	1922053
2005-07-27	11.69	11.73	11.63	11.69	1540477
2005-07-28	11.76	11.78	11.69	11.69	1548422
2005-07-29	11.74	11.85	11.72	11.75	1654069
2005-08-01	11.70	11.78	11.63	11.75	1403479
2005-08-02	12.41	12.42	11.86	11.92	5448143
2005-08-03	12.29	12.42	12.24	12.32	2864076
2005-08-04	12.19	12.33	12.18	12.31	2056474
2005-08-05	11.99	12.19	11.95	12.15	1823706
2005-08-08	11.78	12.06	11.76	12.02	2298046
2005-08-09	11.77	11.87	11.71	11.75	3597810
2005-08-10	11.75	11.94	11.70	11.84	2857848
2005-08-11	11.82	11.89	11.75	11.78	1947820
2005-08-12	11.85	11.92	11.75	11.82	1488297
2005-08-15	11.94	11.98	11.85	11.87	1375564
2005-08-16	11.77	12.00	11.75	11.98	792785
2005-08-17	11.67	11.79	11.59	11.76	2418510
2005-08-18	11.70	11.74	11.59	11.63	660296
2005-08-19	11.74	11.79	11.71	11.77	1144943
2005-08-22	11.82	11.87	11.76	11.81	976165
2005-08-23	11.87	11.94	11.82	11.82	1062057
2005-08-24	11.82	12.01	11.80	11.88	1605540
2005-08-25	11.82	11.91	11.75	11.81	1217737
2005-08-26	11.90	11.99	11.82	11.86	1176294
2005-08-29	11.95	11.96	11.76	11.90	946639
2005-08-30	12.03	12.04	11.85	11.95	1464569
2005-08-31	12.19	12.21	12.01	12.08	1918725
2005-09-01	12.50	12.52	12.15	12.18	2279579
2005-09-02	12.54	12.58	12.42	12.53	1702920
2005-09-06	12.64	12.78	12.55	12.66	3634421
2005-09-07	12.60	12.85	12.57	12.71	3551535
2005-09-08	12.50	12.63	12.47	12.61	1253275
2005-09-09	12.63	12.66	12.47	12.49	1176401
2005-09-12	12.51	12.62	12.47	12.57	1208396
2005-09-13	12.39	12.51	12.36	12.51	2168241
2005-09-14	12.42	12.53	12.38	12.45	1925703
2005-09-15	12.52	12.58	12.42	12.44	768091
2005-09-16	12.53	12.63	12.44	12.59	1872987
2005-09-19	12.47	12.60	12.42	12.57	1024050
2005-09-20	12.49	12.57	12.43	12.50	1292892
2005-09-21	12.36	12.54	12.30	12.43	1268521
2005-09-22	12.34	12.43	12.21	12.31	980245
2005-09-23	12.35	12.41	12.26	12.29	677475
2005-09-26	12.38	12.51	12.35	12.47	1394997
2005-09-27	12.35	12.51	12.28	12.40	1370195
2005-09-28	12.50	12.63	12.42	12.46	1061198
2005-09-29	12.59	12.64	12.42	12.51	1055186
2005-09-30	12.52	12.71	12.48	12.62	917007
2005-10-03	12.90	12.91	12.54	12.65	2259609
2005-10-04	12.73	13.04	12.68	12.90	1754134
2005-10-05	12.33	12.73	12.32	12.60	1369229
2005-10-06	12.05	12.35	11.87	12.33	2038007
2005-10-07	12.15	12.27	12.01	12.07	992592
2005-10-10	11.88	12.15	11.83	12.15	838201
2005-10-11	11.85	12.00	11.75	11.82	1627872
2005-10-12	11.69	12.00	11.53	11.79	1851729
2005-10-13	11.58	11.69	11.39	11.65	1576337
2005-10-14	11.76	11.79	11.53	11.68	1157397
2005-10-17	11.89	11.98	11.73	11.74	1207967
2005-10-18	11.66	11.89	11.61	11.82	1104144
2005-10-19	11.69	11.69	11.42	11.59	1143011
2005-10-20	11.29	11.71	11.24	11.68	1149238
2005-10-21	11.49	11.56	11.23	11.25	1507623
2005-10-24	11.88	11.88	11.52	11.52	999141
2005-10-25	11.77	11.99	11.67	11.81	1265085
2005-10-26	11.59	11.76	11.49	11.69	1231157
2005-10-27	11.54	11.73	11.49	11.57	1089650
2005-10-28	11.94	11.94	11.58	11.64	1280653
2005-10-31	12.13	12.20	11.95	12.01	1526627
2005-11-01	11.92	12.06	11.61	11.63	1952330
2005-11-02	11.71	11.95	11.53	11.89	2053683
2005-11-03	11.44	11.75	11.41	11.67	2740069
2005-11-04	11.51	11.69	11.43	11.65	1091583
2005-11-07	11.41	11.51	11.30	11.46	1189929
2005-11-08	11.48	11.58	11.32	11.33	939446
2005-11-09	11.61	11.65	11.41	11.46	1650848
2005-11-10	11.51	11.68	11.25	11.62	1404123
2005-11-11	11.21	11.46	11.08	11.41	1586858
2005-11-14	11.19	11.33	11.13	11.19	918188
2005-11-15	11.03	11.21	10.94	11.21	3148164
2005-11-16	11.07	11.17	11.04	11.11	1173502
2005-11-17	11.37	11.43	11.13	11.14	1355379
2005-11-18	11.41	11.61	11.23	11.61	1089757
2005-11-21	11.47	11.50	11.37	11.44	794396
2005-11-22	11.53	11.54	11.39	11.47	2192506
2005-11-23	11.51	11.58	11.43	11.48	956839
2005-11-25	11.58	11.63	11.48	11.63	637750
2005-11-28	11.52	11.61	11.42	11.61	1328430
2005-11-29	11.48	11.61	11.48	11.53	1673610
2005-11-30	11.38	11.57	11.38	11.52	1458128
2005-12-01	11.47	11.49	11.39	11.44	1350655
2005-12-02	11.37	11.47	11.33	11.41	1003650
2005-12-05	11.33	11.37	11.20	11.32	1230406
2005-12-06	11.34	11.44	11.29	11.40	983251
2005-12-07	11.19	11.43	11.16	11.32	2997960
2005-12-08	11.33	11.37	11.18	11.18	1578699
2005-12-09	11.52	11.53	11.32	11.33	1132811
2005-12-12	11.38	11.60	11.35	11.58	949002
2005-12-13	11.58	11.58	11.32	11.32	996027
2005-12-14	11.77	12.07	11.65	11.71	2789457
2005-12-15	11.71	11.85	11.68	11.76	1344642
2005-12-16	11.77	11.85	11.71	11.71	1320593
2005-12-19	11.50	11.78	11.44	11.73	1334121
2005-12-20	11.51	11.56	11.42	11.54	1801052
2005-12-21	11.60	11.61	11.50	11.58	2163839
2005-12-22	11.69	11.72	11.61	11.68	1300730
2005-12-23	11.64	11.73	11.64	11.71	768735
2005-12-27	11.72	11.73	11.61	11.71	1015783
2005-12-28	11.61	11.74	11.55	11.72	937943
2005-12-29	11.53	11.66	11.53	11.59	838737
2005-12-30	11.48	11.52	11.39	11.51	987760
2006-01-03	11.71	11.75	11.51	11.57	1806528
2006-01-04	11.82	11.82	11.50	11.79	1288168
2006-01-05	11.60	11.83	11.57	11.72	1812648
2006-01-06	11.66	11.75	11.64	11.71	1227722
2006-01-09	11.73	11.73	11.61	11.64	1423663
2006-01-10	11.67	11.73	11.54	11.69	799442
2006-01-11	11.62	11.71	11.59	11.69	901439
2006-01-12	11.61	11.66	11.53	11.62	935581
2006-01-13	11.62	11.66	11.53	11.60	947498
2006-01-17	11.71	11.72	11.57	11.58	1314688
2006-01-18	11.95	11.97	11.68	11.70	1742001
2006-01-19	12.01	12.04	11.85	11.95	2940520
2006-01-20	12.02	12.11	11.94	11.99	1910994
2006-01-23	12.03	12.15	12.00	12.00	927743
2006-01-24	12.00	12.08	11.90	12.02	1179407
2006-01-25	11.83	12.05	11.74	11.98	964140
2006-01-26	11.66	11.93	11.60	11.93	1593730
2006-01-27	11.71	11.83	11.66	11.66	836053
2006-01-30	11.61	11.73	11.59	11.73	766373
2006-01-31	11.77	11.77	11.51	11.56	1607043
2006-02-01	12.13	12.36	11.81	11.83	3811037
2006-02-02	12.18	12.20	11.95	12.14	2348400
2006-02-03	11.89	12.08	11.87	12.07	1524587
2006-02-06	11.97	12.00	11.84	11.88	1108654
2006-02-07	11.76	11.95	11.72	11.94	1506871
2006-02-08	11.73	11.77	11.64	11.77	926992
2006-02-09	11.79	11.92	11.66	11.74	1257784
2006-02-10	11.70	11.93	11.67	11.76	1291497
2006-02-13	11.66	11.77	11.66	11.74	603285
2006-02-14	11.69	11.73	11.50	11.66	1393279
2006-02-15	11.79	11.87	11.67	11.69	1273674
2006-02-16	12.01	12.01	11.77	11.78	1149560
2006-02-17	12.05	12.12	11.96	12.03	1048100
2006-02-21	12.11	12.20	12.08	12.12	1460167
2006-02-22	12.23	12.25	12.09	12.19	995705
2006-02-23	12.13	12.25	12.13	12.21	958342
2006-02-24	12.25	12.30	12.11	12.18	1237921
2006-02-27	12.40	12.43	12.27	12.33	1157290
2006-02-28	12.42	12.44	12.24	12.33	3396070
2006-03-01	12.33	12.50	12.30	12.43	2312970
2006-03-02	12.47	12.48	12.18	12.27	1252738
2006-03-03	12.41	12.56	12.34	12.40	1698518
2006-03-06	12.03	12.46	11.99	12.44	1695190
2006-03-07	11.90	12.02	11.84	11.99	1948572
2006-03-08	12.06	12.19	11.68	11.91	4022117
2006-03-09	11.95	12.12	11.92	12.09	1356023
2006-03-10	12.13	12.17	11.92	12.02	1175757
2006-03-13	12.20	12.25	12.11	12.16	1024479
2006-03-14	12.34	12.37	12.13	12.17	1280975
2006-03-15	12.32	12.38	12.17	12.31	1015031
2006-03-16	12.37	12.48	12.32	12.38	759287
2006-03-17	12.32	12.41	12.27	12.35	1093408
2006-03-20	12.09	12.39	12.09	12.37	1319626
2006-03-21	11.85	12.14	11.85	12.09	1724930
2006-03-22	12.03	12.03	11.77	11.82	1150419
2006-03-23	11.86	12.02	11.83	12.02	910672
2006-03-24	11.98	12.02	11.83	11.87	915933
2006-03-27	11.95	11.98	11.83	11.96	1094589
2006-03-28	11.78	11.91	11.75	11.89	914215
2006-03-29	11.83	11.90	11.70	11.73	663947
2006-03-30	11.67	11.88	11.65	11.85	1123363
2006-03-31	11.58	11.75	11.51	11.73	1956517
2006-04-03	11.66	11.83	11.64	11.71	2583960
2006-04-04	11.91	11.92	11.55	11.71	1805454
2006-04-05	11.94	11.99	11.80	11.91	1683809
2006-04-06	11.68	11.89	11.62	11.88	1175005
2006-04-07	11.44	11.68	11.41	11.64	1021795
2006-04-10	11.43	11.57	11.41	11.42	887589
2006-04-11	11.22	11.50	11.21	11.49	1475413
2006-04-12	11.25	11.34	11.21	11.21	777324
2006-04-13	11.25	11.47	11.15	11.47	1701847
2006-04-17	11.24	11.31	11.21	11.22	873953
2006-04-18	11.50	11.53	11.25	11.25	1371162
2006-04-19	11.47	11.62	11.46	11.47	2846682
2006-04-20	11.55	11.66	11.44	11.50	2466609
2006-04-21	11.57	11.70	11.52	11.64	1355808
2006-04-24	11.58	11.62	11.39	11.52	1271741
2006-04-25	11.36	11.60	11.34	11.60	1126047
2006-04-26	11.23	11.42	11.19	11.35	1196478
2006-04-27	11.29	11.47	10.97	10.97	1840455
2006-04-28	11.44	11.53	11.20	11.27	2102856
2006-05-01	11.27	11.57	11.21	11.47	1792570
2006-05-02	11.47	11.48	11.32	11.35	2590402
2006-05-03	11.30	11.44	11.25	11.39	1714301
2006-05-04	11.59	11.60	11.34	11.44	4570754
2006-05-05	12.00	12.02	11.64	11.64	3386193
2006-05-08	11.95	12.08	11.88	12.05	1684346
2006-05-09	11.92	12.15	11.85	12.01	1704960
2006-05-10	11.88	12.03	11.85	11.89	3106506
2006-05-11	11.81	11.95	11.67	11.95	1605111
2006-05-12	11.59	11.88	11.55	11.81	1608868
2006-05-15	11.63	11.69	11.49	11.61	1913464
2006-05-16	11.68	11.70	11.56	11.63	1284303
2006-05-17	11.51	11.62	11.35	11.53	2148808
2006-05-18	11.57	11.70	11.51	11.53	2802126
2006-05-19	11.71	11.82	11.55	11.63	1718166
2006-05-22	11.68	11.85	11.58	11.67	2425381
2006-05-23	11.52	11.79	11.51	11.74	1494202
2006-05-24	11.62	11.65	11.36	11.53	1263045
2006-05-25	11.75	11.76	11.64	11.70	1337878
2006-05-26	11.89	11.89	11.68	11.78	1412819
2006-05-30	11.66	11.92	11.59	11.88	2237385
2006-05-31	11.73	11.88	11.51	11.70	5328752
2006-06-01	12.01	12.02	11.76	11.85	2006227
2006-06-02	12.09	12.14	11.96	12.08	1376852
2006-06-05	11.96	12.14	11.94	12.06	1591368
2006-06-06	11.98	12.10	11.83	12.03	2285377
2006-06-07	12.07	12.11	11.97	12.05	1353017
2006-06-08	12.12	12.19	12.03	12.10	2428280
2006-06-09	12.37	12.44	12.09	12.10	2919154
2006-06-12	12.54	12.64	12.38	12.44	4520507
2006-06-13	12.47	12.62	12.46	12.53	4635710
2006-06-14	12.47	12.49	12.31	12.40	2267769
2006-06-15	12.63	12.70	12.47	12.50	1549817
2006-06-16	12.68	12.70	12.57	12.57	2014065
2006-06-19	12.53	12.69	12.45	12.69	1550569
2006-06-20	12.51	12.62	12.47	12.53	1283337
2006-06-21	12.47	12.60	12.43	12.50	1294181
2006-06-22	12.40	12.50	12.28	12.42	1830470
2006-06-23	12.45	12.58	12.30	12.33	1405626
2006-06-26	12.57	12.59	12.44	12.45	1043698
2006-06-27	12.53	12.66	12.51	12.53	2400687
2006-06-28	12.51	12.61	12.46	12.60	3466609
2006-06-29	12.66	12.70	12.51	12.61	2050998
2006-06-30	12.84	12.85	12.59	12.66	3014816
2006-07-03	13.00	13.02	12.83	12.94	1715053
2006-07-05	12.93	12.98	12.86	12.94	1176723
2006-07-06	12.90	12.96	12.80	12.96	1247370
2006-07-07	13.01	13.09	12.83	12.88	3013313
2006-07-10	13.07	13.09	12.99	13.05	1377067
2006-07-11	13.22	13.26	13.07	13.12	1579128
2006-07-12	12.98	13.28	12.94	13.27	2524694
2006-07-13	12.99	13.07	12.88	12.88	1890273
2006-07-14	13.03	13.09	12.91	12.93	996994
2006-07-17	13.09	13.13	13.01	13.03	694546
2006-07-18	13.16	13.16	13.02	13.09	1662766
2006-07-19	13.27	13.34	13.20	13.25	1264333
2006-07-20	13.40	13.44	13.23	13.23	930427
2006-07-21	13.38	13.56	13.37	13.49	1607580
2006-07-24	13.56	13.57	13.44	13.44	1315439
2006-07-25	13.53	13.62	13.51	13.56	2208611
2006-07-26	13.57	13.58	13.47	13.52	3037256
2006-07-27	13.61	13.75	13.50	13.60	1732231
2006-07-28	13.72	13.80	13.64	13.72	1751557
2006-07-31	13.53	13.76	13.52	13.65	1124758
2006-08-01	13.76	13.81	13.48	13.56	2166631
2006-08-02	13.87	13.89	13.72	13.81	1292463
2006-08-03	13.76	13.98	13.68	13.92	1357312
2006-08-04	13.81	13.92	13.70	13.86	1175864
2006-08-07	13.58	13.89	13.56	13.82	707752
2006-08-08	13.80	13.89	13.66	13.67	1327357
2006-08-09	13.75	13.88	13.70	13.86	2512132
2006-08-10	13.77	13.78	13.64	13.76	761756
2006-08-11	13.70	13.80	13.68	13.73	1079021
2006-08-14	13.82	13.89	13.72	13.76	1306206
2006-08-15	13.87	13.92	13.79	13.92	1614881
2006-08-16	13.68	13.92	13.68	13.92	1083638
2006-08-17	13.70	13.74	13.60	13.69	1044020
2006-08-18	13.84	13.91	13.71	13.73	1133133
2006-08-21	13.87	13.94	13.81	13.87	902083
2006-08-22	13.88	13.91	13.82	13.86	928924
2006-08-23	13.67	13.92	13.64	13.91	1257784
2006-08-24	13.79	13.80	13.66	13.69	1001825
2006-08-25	13.60	13.78	13.59	13.76	1145695
2006-08-28	13.82	13.87	13.59	13.63	1456839
2006-08-29	13.80	13.89	13.75	13.83	1601245
2006-08-30	13.74	13.86	13.73	13.84	824995
2006-08-31	13.91	13.95	13.78	13.80	1183058
2006-09-01	13.91	14.01	13.86	13.97	753489
2006-09-05	13.67	13.93	13.64	13.91	1620142
2006-09-06	13.64	13.71	13.52	13.65	2032854
2006-09-07	13.50	13.69	13.50	13.67	902190
2006-09-08	13.46	13.60	13.46	13.55	751342
2006-09-11	13.41	13.54	13.37	13.48	1055615
2006-09-12	13.18	13.42	13.13	13.40	2936440
2006-09-13	13.23	13.26	13.03	13.19	1769272
2006-09-14	13.15	13.31	13.11	13.23	1536934
2006-09-15	13.04	13.26	13.04	13.23	2164161
2006-09-18	13.08	13.14	12.97	13.03	1216448
2006-09-19	13.22	13.27	13.11	13.13	1533283
2006-09-20	13.29	13.38	13.24	13.32	1263260
2006-09-21	13.22	13.33	13.18	13.27	883723
2006-09-22	13.10	13.26	13.08	13.21	805347
2006-09-25	13.31	13.38	13.06	13.15	2964999
2006-09-26	13.26	13.34	13.17	13.32	1228044
2006-09-27	13.34	13.37	13.23	13.27	1819519
2006-09-28	13.34	13.42	13.30	13.40	1023728
2006-09-29	13.19	13.38	13.17	13.31	1525123
2006-10-02	13.32	13.40	13.22	13.26	2074297
2006-10-03	13.29	13.39	13.20	13.36	2092764
2006-10-04	13.23	13.35	13.20	13.32	2063238
2006-10-05	13.12	13.25	13.10	13.20	1509019
2006-10-06	13.07	13.19	13.02	13.07	2929783
2006-10-09	13.09	13.12	12.98	13.04	1352802
2006-10-10	13.13	13.16	13.03	13.08	728581
2006-10-11	13.26	13.28	13.10	13.14	1069465
2006-10-12	13.30	13.32	13.20	13.30	854413
2006-10-13	13.33	13.36	13.27	13.27	814902
2006-10-16	13.37	13.42	13.25	13.33	1179622
2006-10-17	13.45	13.47	13.33	13.33	1739961
2006-10-18	13.58	13.59	13.45	13.47	1350977
2006-10-19	13.65	13.71	13.58	13.58	648379
2006-10-20	13.80	13.81	13.62	13.69	963066
2006-10-23	13.88	13.89	13.62	13.73	1358815
2006-10-24	14.08	14.08	13.81	13.88	2006227
2006-10-25	14.20	14.23	14.01	14.05	1233197
2006-10-26	14.09	14.23	14.03	14.23	839274
2006-10-27	14.01	14.12	13.99	14.04	661048
2006-10-30	14.01	14.12	13.96	14.09	1026841
2006-10-31	13.84	13.96	13.74	13.91	2272493
2006-11-01	13.70	13.87	13.64	13.83	4130234
2006-11-02	13.57	13.67	13.47	13.65	2454584
2006-11-03	13.50	13.62	13.44	13.56	1637213
2006-11-06	13.44	13.52	13.41	13.43	3202920
2006-11-07	13.48	13.51	13.36	13.47	2440305
2006-11-08	13.60	13.63	13.45	13.48	1666953
2006-11-09	13.57	13.64	13.51	13.59	1216126
2006-11-10	13.67	13.67	13.49	13.53	1370410
2006-11-13	13.67	13.72	13.58	13.62	1752201
2006-11-14	13.67	13.73	13.62	13.71	1244900
2006-11-15	13.64	13.69	13.62	13.66	1554005
2006-11-16	13.70	13.83	13.64	13.69	1847327
2006-11-17	13.69	13.70	13.58	13.62	1789779
2006-11-20	13.74	13.76	13.66	13.71	965214
2006-11-21	13.71	13.77	13.60	13.72	1849152
2006-11-22	13.73	13.78	13.62	13.71	1926562
2006-11-24	14.07	14.08	13.70	13.70	1899399
2006-11-27	13.96	14.09	13.82	14.08	3279794
2006-11-28	14.19	14.21	13.86	13.92	3690788
2006-11-29	14.53	14.55	14.20	14.20	4148916
2006-11-30	14.57	14.58	14.39	14.54	3376315
2006-12-01	14.80	14.80	14.53	14.60	3413034
2006-12-04	14.95	14.97	14.82	14.84	2710114
2006-12-05	14.67	14.93	14.60	14.93	6312970
2006-12-06	14.72	14.81	14.66	14.73	1906055
2006-12-07	14.64	14.76	14.58	14.74	1991840
2006-12-08	14.64	14.70	14.55	14.65	1364398
2006-12-11	14.65	14.69	14.56	14.67	1905089
2006-12-12	14.68	14.70	14.55	14.60	1638394
2006-12-13	14.66	14.74	14.65	14.74	1682091
2006-12-14	14.68	14.75	14.61	14.61	1741357
2006-12-15	14.60	14.67	14.57	14.58	2161477
2006-12-18	14.45	14.64	14.43	14.64	1373953
2006-12-19	14.50	14.51	14.34	14.39	1419261
2006-12-20	14.46	14.53	14.43	14.48	749624
2006-12-21	14.50	14.55	14.41	14.51	2527808
2006-12-22	14.47	14.50	14.36	14.48	1264333
2006-12-26	14.62	14.63	14.43	14.45	448894
2006-12-27	14.55	14.67	14.51	14.65	981641
2006-12-28	14.55	14.59	14.49	14.50	1102426
2006-12-29	14.48	14.56	14.44	14.56	907022
2007-01-03	14.69	14.81	14.53	14.58	2302877
2007-01-04	14.61	14.79	14.60	14.70	1238136
2007-01-05	14.36	14.56	14.28	14.56	1224823
2007-01-08	14.32	14.43	14.27	14.31	1206141
2007-01-09	14.38	14.46	14.24	14.38	1590938
2007-01-10	14.33	14.39	14.23	14.32	1264763
2007-01-11	14.32	14.48	14.26	14.37	1549603
2007-01-12	14.13	14.37	14.09	14.34	1832940
2007-01-16	14.18	14.29	14.10	14.10	1356882
2007-01-17	14.12	14.24	14.09	14.18	1306206
2007-01-18	14.02	14.16	13.98	14.14	1445888
2007-01-19	14.03	14.08	13.91	14.06	958128
2007-01-22	13.98	14.12	13.95	14.00	1275070
2007-01-23	14.11	14.18	13.95	13.95	1092549
2007-01-24	14.24	14.25	14.04	14.08	684454
2007-01-25	14.18	14.27	14.17	14.27	868370
2007-01-26	14.21	14.25	14.03	14.16	859674
2007-01-29	14.20	14.24	14.11	14.16	852373
2007-01-30	14.26	14.29	14.19	14.24	641078
2007-01-31	14.38	14.45	14.22	14.27	1285377
2007-02-01	14.46	14.48	14.26	14.35	1797187
2007-02-02	14.41	14.50	14.19	14.29	2407666
2007-02-05	14.54	14.58	14.38	14.44	1301804
2007-02-06	14.65	14.66	14.54	14.57	1311359
2007-02-07	14.64	14.74	14.53	14.64	1501610
2007-02-08	14.79	14.79	14.62	14.64	2136676
2007-02-09	14.91	15.03	14.73	14.82	2333047
2007-02-12	14.79	14.94	14.75	14.89	1319090
2007-02-13	14.92	14.92	14.77	14.79	1049495
2007-02-14	15.02	15.09	14.86	14.92	1539188
2007-02-15	14.90	15.03	14.90	14.99	814151
2007-02-16	14.96	14.98	14.75	14.85	1215267
2007-02-20	15.03	15.04	14.90	14.96	832940
2007-02-21	14.95	15.02	14.88	14.98	837020
2007-02-22	14.92	15.04	14.82	15.02	783659
2007-02-23	15.17	15.18	14.85	14.88	1416040
2007-02-26	15.83	16.03	15.36	15.36	4267447
2007-02-27	15.38	15.97	15.35	15.81	3685420
2007-02-28	15.37	15.57	15.35	15.38	2052072
2007-03-01	15.52	15.60	15.13	15.19	2045952
2007-03-02	15.29	15.53	15.29	15.48	1898003
2007-03-05	15.04	15.25	15.02	15.17	2026841
2007-03-06	15.29	15.31	15.05	15.09	1686064
2007-03-07	15.17	15.37	15.15	15.25	1740928
2007-03-08	15.28	15.35	15.23	15.27	1262830
2007-03-09	15.31	15.37	15.21	15.34	920120
2007-03-12	15.54	15.55	15.22	15.28	1894675
2007-03-13	15.25	15.64	15.24	15.45	1992914
2007-03-14	15.37	15.42	15.08	15.30	1820271
2007-03-15	15.47	15.53	15.24	15.33	2286987
2007-03-16	15.37	15.55	15.36	15.52	2173717
2007-03-19	15.70	15.71	15.41	15.49	2146017
2007-03-20	15.85	15.87	15.57	15.67	1602534
2007-03-21	16.04	16.06	15.75	15.83	1961778
2007-03-22	15.96	16.10	15.73	15.73	1763474
2007-03-23	16.14	16.18	15.88	15.98	1412605
2007-03-26	16.31	16.31	16.05	16.12	1322311
2007-03-27	16.75	16.91	16.49	16.59	5646661
2007-03-28	16.71	16.89	16.67	16.72	1690466
2007-03-29	16.79	16.84	16.58	16.78	2215912
2007-03-30	16.65	16.87	16.47	16.83	1995061
2007-04-02	17.13	17.19	16.64	16.69	3114129
2007-04-03	17.30	17.32	17.09	17.28	2353124
2007-04-04	17.37	17.43	17.17	17.35	2466609
2007-04-05	17.44	17.49	17.31	17.44	1570324
2007-04-09	17.55	17.64	17.45	17.49	1575907
2007-04-10	17.62	17.69	17.51	17.61	1288813
2007-04-11	17.58	17.71	17.50	17.59	2160189
2007-04-12	17.43	17.59	17.38	17.58	1445673
2007-04-13	17.33	17.52	17.30	17.51	1859566
2007-04-16	17.57	17.58	17.37	17.46	1276573
2007-04-17	17.94	17.96	17.59	17.62	2501933
2007-04-18	18.01	18.03	17.82	17.88	1615525
2007-04-19	17.94	18.27	17.89	18.27	1640219
2007-04-20	18.12	18.22	17.95	18.17	3135817
2007-04-23	18.32	18.39	18.13	18.16	1580094
2007-04-24	18.40	18.44	18.28	18.38	1339918
2007-04-25	18.43	18.56	18.40	18.46	3131093
2007-04-26	18.23	18.48	18.21	18.37	2794610
2007-04-27	18.06	18.21	18.00	18.21	1897574
2007-04-30	17.76	18.11	17.76	18.08	2048100
2007-05-01	17.92	18.02	17.74	17.81	2851514
2007-05-02	18.26	18.27	17.77	17.89	2440627
2007-05-03	18.10	18.35	17.94	18.16	2707322
2007-05-04	18.14	18.27	18.03	18.25	1327249
2007-05-07	18.43	18.44	18.13	18.17	2221172
2007-05-08	18.31	18.46	18.28	18.40	2321129
2007-05-09	18.38	18.40	18.24	18.30	977239
2007-05-10	18.42	18.62	18.35	18.38	2499141
2007-05-11	18.59	18.60	18.10	18.10	1826820
2007-05-14	18.67	18.86	18.59	18.59	2139360
2007-05-15	18.57	18.90	18.51	18.77	1975091
2007-05-16	18.64	18.77	18.50	18.61	3096199
2007-05-17	18.73	18.81	18.58	18.69	1582349
2007-05-18	18.74	18.81	18.63	18.75	1901546
2007-05-21	18.64	18.75	18.45	18.69	1747370
2007-05-22	18.32	18.64	18.32	18.64	2689285
2007-05-23	18.04	18.49	18.03	18.40	3611123
2007-05-24	17.64	18.21	17.62	18.09	3247799
2007-05-25	18.11	18.30	17.73	17.87	3874168
2007-05-29	18.35	20.13	18.13	18.14	2696049
2007-05-30	18.58	18.60	18.18	18.22	2231265
2007-05-31	18.71	18.79	18.43	18.62	2920657
2007-06-01	18.75	18.81	18.53	18.77	3136569
2007-06-04	18.66	18.73	18.46	18.63	1376852
2007-06-05	18.37	18.68	18.27	18.55	2520507
2007-06-06	18.13	18.37	17.96	18.37	2717200
2007-06-07	17.61	18.42	17.52	18.42	3637213
2007-06-08	17.95	18.14	17.52	17.59	3316405
2007-06-11	18.16	18.34	17.85	17.95	1997638
2007-06-12	17.71	18.00	17.71	18.00	3254456
2007-06-13	18.20	18.22	17.81	17.81	2285806
2007-06-14	18.33	18.53	18.19	18.23	1498712
2007-06-15	19.14	19.18	18.59	18.59	4109835
2007-06-18	19.33	19.44	19.08	19.21	2811789
2007-06-19	19.31	19.37	19.12	19.33	2108868
2007-06-20	18.68	19.38	18.66	19.08	2220958
2007-06-21	18.93	19.09	18.55	18.65	2664698
2007-06-22	18.71	19.00	18.63	18.86	3299979
2007-06-25	18.83	19.23	18.68	18.82	2675972
2007-06-26	18.79	19.20	18.77	19.00	2341207
2007-06-27	19.10	19.16	18.57	18.62	2166631
2007-06-28	19.08	19.53	19.07	19.28	1991196
2007-06-29	19.18	19.36	18.95	19.03	1828430
2007-07-02	19.78	19.82	19.30	19.37	2059588
2007-07-03	19.73	19.97	19.53	19.94	904660
2007-07-05	19.75	19.94	19.34	19.72	1716770
2007-07-06	19.43	19.78	19.30	19.75	2952222
2007-07-09	19.63	19.69	19.39	19.39	1571720
2007-07-10	19.28	19.62	19.28	19.46	2124222
2007-07-11	19.49	19.49	19.27	19.30	1849259
2007-07-12	19.90	19.93	19.49	19.61	2099313
2007-07-13	20.39	20.63	19.82	19.87	2784196
2007-07-16	19.90	20.44	19.90	20.39	1762938
2007-07-17	19.72	20.07	19.68	19.98	1848722
2007-07-18	19.90	20.00	19.65	19.68	2119390
2007-07-19	20.45	20.48	19.96	20.02	1581061
2007-07-20	19.92	20.48	19.89	20.41	2203028
2007-07-23	20.16	20.28	20.02	20.13	1671999
2007-07-24	19.53	20.31	19.47	20.00	3375993
2007-07-25	19.55	19.80	19.19	19.64	2785806
2007-07-26	19.02	19.43	18.61	19.32	10366652
2007-07-27	18.79	19.27	18.77	19.21	7560232
2007-07-30	19.23	19.35	18.73	18.93	3623577
2007-07-31	19.32	19.64	19.25	19.33	3546489
2007-08-01	19.95	19.95	19.27	19.31	3447928
2007-08-02	20.46	20.68	20.03	20.13	4238673
2007-08-03	19.62	20.80	19.58	20.51	5489371
2007-08-06	20.51	20.58	19.66	19.82	4485076
2007-08-07	21.12	21.28	20.31	20.35	4082671
2007-08-08	21.33	21.64	21.06	21.17	4555937
2007-08-09	20.82	21.26	20.77	20.91	3879107
2007-08-10	20.58	21.40	20.47	20.56	3805239
2007-08-13	20.60	20.82	20.40	20.66	2593300
2007-08-14	19.85	20.66	19.63	20.60	2701095
2007-08-15	19.69	20.40	19.66	19.84	3264977
2007-08-16	19.37	19.66	18.71	19.36	5710114
2007-08-17	19.59	20.55	19.05	20.23	5874061
2007-08-20	19.39	19.78	19.14	19.63	3239425
2007-08-21	19.62	19.79	19.32	19.41	2423234
2007-08-22	19.78	20.01	19.57	19.87	1928924
2007-08-23	19.92	20.00	19.72	19.85	1389843
2007-08-24	20.25	20.32	19.76	19.88	1333476
2007-08-27	19.27	20.18	19.27	20.18	2610694
2007-08-28	19.00	19.47	18.97	19.18	2168134
2007-08-29	19.69	19.71	19.06	19.08	1919476
2007-08-30	19.70	19.89	19.54	19.61	1693902
2007-08-31	19.78	19.96	19.54	19.88	1818660
2007-09-04	20.19	20.29	19.75	19.79	1738244
2007-09-05	20.00	20.07	19.78	20.06	2574619
2007-09-06	20.23	20.28	19.95	20.10	1327357
2007-09-07	19.80	20.11	19.71	19.97	1670067
2007-09-10	19.91	20.05	19.70	19.89	1391561
2007-09-11	20.20	20.21	19.88	19.92	1583208
2007-09-12	20.39	20.53	20.14	20.17	1554649
2007-09-13	20.19	20.61	20.10	20.56	1873202
2007-09-14	20.15	20.22	20.03	20.10	1840348
2007-09-17	20.08	20.14	19.79	20.09	1558621
2007-09-18	20.29	20.39	19.97	20.11	2508482
2007-09-19	20.52	20.56	20.36	20.38	2034357
2007-09-20	20.49	20.63	20.43	20.54	1216234
2007-09-21	20.27	20.65	20.16	20.63	2961671
2007-09-24	20.37	20.53	20.19	20.24	1780868
2007-09-25	19.91	20.30	19.84	20.17	2793537
2007-09-26	19.88	20.06	19.69	19.99	3975199
2007-09-27	19.33	19.92	18.98	19.88	4149130
2007-09-28	19.10	19.47	19.07	19.35	3908203
2007-10-01	19.59	19.62	19.12	19.17	3599313
2007-10-02	19.77	19.82	19.52	19.69	2129697
2007-10-03	19.68	19.78	19.61	19.68	1495598
2007-10-04	19.96	20.04	19.64	19.76	3087610
2007-10-05	20.11	20.20	19.78	20.00	2799979
2007-10-08	20.17	20.37	20.11	20.20	1622933
2007-10-09	20.53	20.57	20.21	20.23	2284303
2007-10-10	20.56	20.57	20.36	20.51	1600923
2007-10-11	20.76	20.94	20.56	20.63	2894030
2007-10-12	20.60	21.04	20.43	20.83	4266803
2007-10-15	20.14	20.60	19.99	20.57	1905626
2007-10-16	19.97	20.23	19.86	20.06	2025875
2007-10-17	20.09	20.23	19.83	20.22	2208933
2007-10-18	20.16	20.27	19.98	19.98	1190788
2007-10-19	19.64	20.15	19.62	20.11	1888447
2007-10-22	19.84	19.92	19.40	19.40	1324887
2007-10-23	19.87	20.09	19.75	20.07	2062272
2007-10-24	19.73	19.88	19.37	19.80	1982822
2007-10-25	20.17	20.22	19.76	19.80	1803092
2007-10-26	20.81	20.81	20.30	20.34	3459309
2007-10-29	20.94	21.04	20.75	20.84	1587181
2007-10-30	20.79	21.10	20.77	21.03	1878570
2007-10-31	21.33	21.50	20.67	21.01	3783874
2007-11-01	20.84	21.34	20.83	21.30	1782049
2007-11-02	21.08	21.24	20.87	20.87	1878785
2007-11-05	21.19	21.37	20.91	21.03	1288168
2007-11-06	21.19	21.36	21.00	21.35	1908954
2007-11-07	20.46	21.10	20.42	20.99	1630878
2007-11-08	20.91	20.98	20.48	20.72	2438158
2007-11-09	20.63	21.04	20.61	20.69	1978097
2007-11-12	20.00	20.68	19.99	20.63	2074082
2007-11-13	20.09	20.17	19.80	20.13	3451364
2007-11-14	20.02	20.26	19.95	20.25	1650956
2007-11-15	20.31	20.43	19.98	19.98	2419369
2007-11-16	20.28	20.62	20.01	20.46	2942345
2007-11-19	20.31	20.33	20.11	20.11	4352158
2007-11-20	20.56	20.67	20.23	20.26	2305669
2007-11-21	20.19	20.63	20.14	20.35	1948035
2007-11-23	20.26	20.41	20.09	20.34	609513
2007-11-26	20.05	20.42	19.96	20.30	2430964
2007-11-27	20.66	20.70	20.06	20.06	3885871
2007-11-28	20.79	20.84	20.58	20.78	2428173
2007-11-29	20.80	20.91	20.59	20.76	1660833
2007-11-30	21.02	21.04	20.81	21.04	2450934
2007-12-03	21.24	21.32	21.00	21.04	1348186
2007-12-04	21.57	21.61	21.18	21.47	2384690
2007-12-05	22.05	22.11	21.63	21.78	2909813
2007-12-06	22.08	22.30	21.88	22.30	1822633
2007-12-07	22.32	22.40	22.08	22.16	1549710
2007-12-10	22.37	22.52	22.34	22.34	1354520
2007-12-11	21.90	22.64	21.86	22.37	1848400
2007-12-12	21.98	22.39	21.74	22.18	1909062
2007-12-13	22.39	22.42	21.74	21.92	1647305
2007-12-14	22.20	22.49	22.13	22.39	2118853
2007-12-17	21.71	22.20	21.62	22.08	1480996
2007-12-18	22.17	22.23	21.77	21.82	1519970
2007-12-19	22.15	22.30	22.00	22.20	1301052
2007-12-20	21.84	22.42	21.79	22.35	1967683
2007-12-21	21.74	22.41	21.59	22.14	5283981
2007-12-24	21.74	21.86	21.59	21.79	794825
2007-12-26	21.52	21.70	21.52	21.60	947498
2007-12-27	21.54	21.74	21.49	21.56	1037578
2007-12-28	21.73	21.76	21.47	21.66	902298
2007-12-31	21.61	21.76	21.52	21.70	1288813
2008-01-02	21.09	21.68	20.97	21.64	3221065
2008-01-03	21.14	21.28	21.07	21.21	2419369
2008-01-04	21.37	21.59	20.98	20.98	2075478
2008-01-07	21.96	21.96	21.44	21.49	3001288
2008-01-08	22.25	22.63	22.02	22.11	3159867
2008-01-09	22.88	22.88	22.29	22.32	3151600
2008-01-10	22.58	22.91	22.37	22.76	2451471
2008-01-11	22.43	22.69	22.31	22.37	1791604
2008-01-14	22.42	22.53	22.01	22.45	2692935
2008-01-15	22.36	22.56	22.09	22.18	3312111
2008-01-16	21.97	22.77	21.89	22.30	3514924
2008-01-17	21.17	22.01	21.13	21.99	3018789
2008-01-18	20.69	21.51	20.50	21.36	3309319
2008-01-22	19.78	20.58	18.97	19.72	4806743
2008-01-23	20.46	20.54	18.67	18.88	3987224
2008-01-24	19.73	20.56	19.70	20.49	3339382
2008-01-25	19.33	20.13	19.30	19.90	2503543
2008-01-28	19.64	19.73	19.19	19.32	3083638
2008-01-29	19.79	19.99	19.64	19.78	1630556
2008-01-30	19.90	20.14	19.59	19.72	2355379
2008-01-31	20.27	20.53	19.41	19.89	3712476
2008-02-01	20.50	20.51	20.11	20.23	2465536
2008-02-04	20.57	20.74	20.46	20.50	2477775
2008-02-05	19.77	20.37	19.74	20.26	2549710
2008-02-06	19.59	19.99	19.49	19.94	2595233
2008-02-07	19.52	19.67	19.33	19.50	2258643
2008-02-08	19.25	19.56	19.19	19.52	3955336
2008-02-11	19.74	19.77	19.29	19.38	4317801
2008-02-12	19.92	19.98	19.66	19.83	1471656
2008-02-13	20.01	20.16	19.86	20.09	1333476
2008-02-14	19.74	20.30	19.62	20.00	1329933
2008-02-15	20.06	20.06	19.57	19.71	1878355
2008-02-19	19.93	20.25	19.83	20.25	1500752
2008-02-20	19.86	19.92	19.63	19.73	1570861
2008-02-21	19.57	20.02	19.51	19.89	1349474
2008-02-22	19.90	19.90	19.57	19.67	1576981
2008-02-25	19.83	19.98	19.67	19.87	1993880
2008-02-26	19.89	19.93	19.51	19.77	1831437
2008-02-27	19.52	19.98	19.45	19.79	1693580
2008-02-28	19.35	19.48	19.25	19.42	2187674
2008-02-29	18.83	19.30	18.72	19.11	3226863
2008-03-03	19.06	19.08	18.69	18.77	2172858
2008-03-04	19.43	19.54	18.84	19.06	2519218
2008-03-05	19.49	19.57	19.17	19.57	2500215
2008-03-06	19.03	19.57	19.01	19.57	3354305
2008-03-07	18.94	19.04	18.72	18.90	2855057
2008-03-10	18.83	19.03	18.69	18.92	2809641
2008-03-11	19.47	19.59	19.12	19.22	2685635
2008-03-12	19.31	19.90	19.25	19.47	3094374
2008-03-13	19.15	19.31	18.87	19.21	3788920
2008-03-14	19.18	19.31	18.77	19.28	3226970
2008-03-17	19.20	19.38	18.76	18.76	2463711
2008-03-18	19.47	19.64	19.21	19.56	2584282
2008-03-19	19.27	19.90	19.27	19.53	2632489
2008-03-20	19.24	19.36	18.94	19.29	3634958
2008-03-24	19.27	19.43	19.01	19.34	2779579
2008-03-25	19.52	19.66	19.36	19.37	2144728
2008-03-26	19.63	19.79	19.38	19.38	2823706
2008-03-27	19.42	19.88	19.38	19.71	2511703
2008-03-28	19.19	19.66	19.11	19.48	1820700
2008-03-31	19.19	19.26	19.02	19.26	3184990
2008-04-01	19.73	19.80	19.24	19.24	3543161
2008-04-02	19.70	19.84	19.60	19.72	2318875
2008-04-03	19.61	19.80	19.54	19.62	1506549
2008-04-04	19.85	20.12	19.59	19.61	3108761
2008-04-07	20.10	20.13	19.67	19.86	2303092
2008-04-08	20.43	20.45	20.06	20.08	2208503
2008-04-09	20.25	20.48	20.14	20.43	1893172
2008-04-10	19.76	20.30	19.69	20.20	3125188
2008-04-11	19.76	19.89	19.60	19.60	1905411
2008-04-14	19.85	19.93	19.67	19.71	1541228
2008-04-15	19.88	20.02	19.78	19.97	2282478
2008-04-16	20.41	20.43	19.87	19.93	3950612
2008-04-17	20.57	20.74	20.35	20.43	2191540
2008-04-18	20.53	20.88	20.46	20.73	2391024
2008-04-21	20.33	20.46	20.22	20.46	1335302
2008-04-22	20.19	20.32	20.02	20.26	1269379
2008-04-23	20.35	20.37	20.15	20.25	1363646
2008-04-24	20.28	20.47	20.12	20.34	1189285
2008-04-25	20.10	20.48	20.05	20.42	1899506
2008-04-28	20.22	20.29	20.03	20.17	1809427
2008-04-29	20.18	20.32	20.09	20.24	1236633
2008-04-30	20.07	20.34	20.05	20.15	1445029
2008-05-01	20.17	20.32	19.99	20.07	1654177
2008-05-02	20.27	20.33	19.86	20.23	2237062
2008-05-05	19.79	20.31	19.74	20.08	2734271
2008-05-06	19.93	20.08	19.58	19.65	1743290
2008-05-07	19.74	20.09	19.73	19.91	1947176
2008-05-08	19.78	19.97	19.65	19.84	1321452
2008-05-09	20.06	20.12	19.56	19.72	2663410
2008-05-12	20.16	20.17	19.92	20.07	1245759
2008-05-13	20.23	20.34	20.05	20.17	1598454
2008-05-14	20.23	20.32	20.06	20.29	2638716
2008-05-15	20.14	20.28	19.90	20.28	2036826
2008-05-16	20.50	20.55	20.08	20.09	1883938
2008-05-19	20.82	20.83	20.43	20.55	1920442
2008-05-20	20.91	20.98	20.75	20.76	2055293
2008-05-21	21.09	21.31	20.90	20.90	2840563
2008-05-22	21.18	21.29	20.95	21.08	1372450
2008-05-23	20.83	21.13	20.68	21.07	2744041
2008-05-27	20.77	20.91	20.53	20.88	1422375
2008-05-28	20.62	20.93	20.56	20.78	2293215
2008-05-29	21.11	21.17	20.54	20.54	2181555
2008-05-30	21.44	21.73	21.12	21.12	3272386
2008-06-02	21.04	21.40	20.96	21.40	1585677
2008-06-03	21.02	21.29	20.90	21.13	2132703
2008-06-04	21.17	21.27	20.91	20.93	1950719
2008-06-05	21.65	21.68	20.96	21.12	2051643
2008-06-06	21.15	21.69	21.09	21.47	2594911
2008-06-09	21.51	21.57	21.16	21.21	1991840
2008-06-10	21.49	21.55	21.31	21.45	1701632
2008-06-11	21.22	21.53	21.19	21.49	1290745
2008-06-12	21.13	21.36	20.98	21.36	1296543
2008-06-13	21.28	21.34	21.02	21.17	3052394
2008-06-16	21.44	21.45	21.00	21.14	1447176
2008-06-17	21.41	21.63	21.41	21.51	1086536
2008-06-18	21.45	21.46	21.26	21.35	1665557
2008-06-19	21.78	21.78	21.28	21.45	2235130
2008-06-20	21.60	21.83	21.53	21.66	3401331
2008-06-23	21.84	21.98	21.61	21.66	1684776
2008-06-24	22.11	22.29	21.87	21.87	3030921
2008-06-25	22.57	22.71	22.23	22.26	4082886
2008-06-26	21.89	22.41	21.88	22.37	3329611
2008-06-27	21.89	22.14	21.74	21.95	5476380
2008-06-30	21.98	22.17	21.39	21.89	8632918
2008-07-01	22.30	22.35	21.63	21.78	5580309
2008-07-02	22.18	22.62	22.16	22.40	2526304
2008-07-03	21.78	22.39	21.66	22.32	1921409
2008-07-07	21.34	21.93	21.22	21.78	3610049
2008-07-08	21.35	21.47	21.05	21.45	3339811
2008-07-09	21.73	21.83	21.25	21.29	3703672
2008-07-10	21.82	21.89	21.46	21.77	1647735
2008-07-11	21.62	21.87	21.26	21.61	2317050
2008-07-14	21.27	21.81	21.22	21.81	2119712
2008-07-15	21.09	21.62	20.81	21.14	3695405
2008-07-16	20.61	21.11	20.39	21.01	3767447
2008-07-17	20.46	20.68	20.27	20.68	2952867
2008-07-18	20.48	20.74	20.18	20.50	3026090
2008-07-21	20.75	20.84	20.32	20.52	1390165
2008-07-22	20.66	21.04	20.53	20.65	1963066
2008-07-23	20.22	20.74	20.16	20.74	1991840
2008-07-24	19.80	20.33	19.75	20.22	3209577
2008-07-25	19.66	19.97	19.61	19.86	2185849
2008-07-28	19.41	19.65	19.34	19.61	2693902
2008-07-29	19.33	19.61	19.22	19.51	4035538
2008-07-30	19.59	19.86	19.30	19.41	2611338
2008-07-31	19.75	19.90	19.39	19.41	2575800
2008-08-01	18.53	19.10	17.82	18.51	9900258
2008-08-04	18.31	18.64	18.31	18.46	3490981
2008-08-05	18.56	18.61	18.27	18.39	3281512
2008-08-06	18.62	18.87	18.49	18.54	3436332
2008-08-07	18.93	19.05	18.32	18.51	6107473
2008-08-08	18.93	19.01	18.72	18.93	2857956
2008-08-11	18.88	19.00	18.69	18.79	3073223
2008-08-12	18.61	18.88	18.52	18.82	2648057
2008-08-13	18.72	18.82	18.54	18.57	1423234
2008-08-14	18.48	18.67	18.43	18.64	1433541
2008-08-15	18.55	18.71	18.44	18.51	1990122
2008-08-18	18.52	18.77	18.45	18.57	2021688
2008-08-19	18.60	18.76	18.45	18.51	1731050
2008-08-20	18.74	18.77	18.47	18.56	1053790
2008-08-21	18.93	18.98	18.57	18.70	1426992
2008-08-22	19.04	19.15	18.98	19.04	1227614
2008-08-25	18.66	19.03	18.55	18.93	1531673
2008-08-26	18.73	18.92	18.56	18.59	1445029
2008-08-27	18.92	18.96	18.62	18.69	953940
2008-08-28	18.94	18.99	18.69	18.99	1030599
2008-08-29	18.41	18.91	18.36	18.83	1737062
2008-09-02	18.18	18.60	18.07	18.52	1985184
2008-09-03	17.69	18.25	17.56	18.18	2202169
2008-09-04	17.20	17.67	17.13	17.59	3359674
2008-09-05	16.68	17.18	16.66	17.16	3787202
2008-09-08	16.83	16.96	16.42	16.94	4200558
2008-09-09	16.26	17.03	16.25	16.89	3248658
2008-09-10	16.21	16.40	16.14	16.29	2418295
2008-09-11	16.47	16.49	15.83	16.13	2646768
2008-09-12	16.71	16.79	16.29	16.29	2021473
2008-09-15	16.21	16.56	16.11	16.55	2600923
2008-09-16	16.19	16.38	15.49	16.10	3247477
2008-09-17	14.84	16.13	14.82	15.92	5159223
2008-09-18	15.24	15.47	14.85	14.99	3332403
2008-09-19	15.94	16.97	15.38	15.48	3318016
2008-09-22	15.63	16.12	15.56	15.98	1364935
2008-09-23	15.47	15.88	15.42	15.63	1802555
2008-09-24	15.30	15.32	14.85	15.18	1976809
2008-09-25	15.92	16.09	15.36	15.36	1713442
2008-09-26	15.95	15.97	15.50	15.74	2710114
2008-09-29	15.44	15.94	15.24	15.79	5686816
2008-09-30	15.70	15.89	15.52	15.66	3663732
2008-10-01	16.05	16.07	15.32	15.63	3156753
2008-10-02	15.32	16.02	15.32	15.97	3840026
2008-10-03	15.23	15.85	15.18	15.44	3338308
2008-10-06	14.26	15.24	13.95	14.95	5345501
2008-10-07	13.72	14.51	13.64	14.36	5897896
2008-10-08	13.34	14.06	13.26	13.45	5929568
2008-10-09	13.27	13.75	13.26	13.57	7020185
2008-10-10	12.72	13.26	11.38	12.47	6733519
2008-10-13	14.61	14.62	12.68	12.83	3580417
2008-10-14	14.33	16.05	13.66	15.08	5156861
2008-10-15	12.59	14.14	12.51	14.13	4570539
2008-10-16	12.87	13.01	12.11	12.83	6064097
2008-10-17	13.02	13.78	12.38	12.63	3816728
2008-10-20	13.98	14.01	12.89	13.16	2425918
2008-10-21	13.37	13.89	13.20	13.89	1751127
2008-10-22	12.40	13.16	11.93	13.15	3784947
2008-10-23	12.89	13.20	11.97	12.39	5067211
2008-10-24	12.44	12.94	11.56	12.13	3562594
2008-10-27	12.17	12.64	11.94	12.27	4544020
2008-10-28	13.62	13.65	11.94	12.47	4014816
2008-10-29	12.87	13.63	12.83	13.54	4027808
2008-10-30	13.69	13.79	13.07	13.28	2510522
2008-10-31	13.93	14.06	13.26	13.61	3935796
2008-11-03	13.77	13.98	13.30	13.98	2392849
2008-11-04	12.72	12.83	11.70	12.36	9430857
2008-11-05	12.72	12.86	12.30	12.53	3916685
2008-11-06	12.79	13.26	12.56	12.71	5066030
2008-11-07	13.67	13.72	12.78	12.85	2614666
2008-11-10	12.99	13.93	12.81	13.89	3000537
2008-11-11	13.14	13.29	12.60	12.79	3107473
2008-11-12	12.58	12.96	12.46	12.96	3223427
2008-11-13	13.59	13.62	12.45	12.62	4755744
2008-11-14	13.84	14.50	12.89	13.40	4081490
2008-11-17	13.89	14.34	13.46	13.65	2953189
2008-11-18	13.86	14.02	13.35	13.89	3105218
2008-11-19	13.38	14.19	13.38	13.93	2438265
2008-11-20	12.58	13.54	12.37	13.21	6542195
2008-11-21	13.57	13.60	12.48	12.56	6681555
2008-11-24	13.73	14.08	13.37	13.56	3759072
2008-11-25	14.25	14.40	13.83	14.11	3759287
2008-11-26	14.10	14.15	13.54	14.01	2757032
2008-11-28	14.37	14.37	13.98	14.10	960490
2008-12-01	12.96	14.01	12.89	13.95	2930105
2008-12-02	13.31	13.31	12.88	13.14	5108546
2008-12-03	13.79	13.83	12.97	13.03	2399184
2008-12-04	12.88	13.71	12.66	13.69	2483680
2008-12-05	12.87	12.92	12.10	12.77	2848615
2008-12-08	13.31	13.52	13.06	13.14	2871054
2008-12-09	12.70	13.30	12.61	13.17	2861069
2008-12-10	12.93	13.18	12.83	12.89	2815224
2008-12-11	12.81	13.24	12.71	12.73	2710436
2008-12-12	12.90	12.90	12.47	12.60	2182843
2008-12-15	12.46	12.95	12.28	12.90	2019540
2008-12-16	12.97	13.00	12.55	12.66	3884475
2008-12-17	12.55	12.93	12.52	12.86	2238995
2008-12-18	12.80	12.99	12.52	12.62	3495061
2008-12-19	12.82	13.07	12.64	12.89	3814365
2008-12-22	12.76	12.89	12.55	12.79	1846682
2008-12-23	12.34	12.87	12.28	12.77	2035216
2008-12-24	12.43	12.51	12.31	12.41	576766
2008-12-26	12.53	12.61	12.39	12.39	699807
2008-12-29	12.62	12.62	12.41	12.41	2382542
2008-12-30	12.99	13.00	12.67	12.70	2546704
2008-12-31	13.16	13.24	12.88	13.00	2601460
2009-01-02	13.42	13.51	13.08	13.15	2187889
2009-01-05	13.59	13.71	13.32	13.40	2726755
2009-01-06	13.80	13.95	13.58	13.66	2086000
2009-01-07	13.81	14.02	13.52	13.70	2330470
2009-01-08	14.05	14.06	13.62	13.77	3348722
2009-01-09	13.79	14.13	13.75	14.08	2121001
2009-01-12	13.97	14.04	13.72	13.77	2791819
2009-01-13	13.72	13.96	13.54	13.94	2715804
2009-01-14	13.38	13.60	13.09	13.60	3264333
2009-01-15	13.45	13.50	13.08	13.18	3020721
2009-01-16	13.78	13.91	13.60	13.61	3517823
2009-01-20	13.52	13.93	13.47	13.73	2634421
2009-01-21	13.65	13.83	13.32	13.63	2097810
2009-01-22	13.69	13.76	13.41	13.52	2501718
2009-01-23	13.70	13.75	13.31	13.62	1559266
2009-01-26	13.87	14.11	13.74	13.75	3735989
2009-01-27	13.60	13.92	13.42	13.91	4015246
2009-01-28	13.60	13.83	13.50	13.78	3337556
2009-01-29	13.57	13.94	13.50	13.53	2001718
2009-01-30	13.15	13.75	13.11	13.59	2668134
2009-02-02	13.11	13.18	12.90	12.97	2757355
2009-02-03	13.10	13.18	12.85	13.16	4627120
2009-02-04	13.39	13.70	13.09	13.29	4382972
2009-02-05	13.95	14.01	13.26	13.38	4206249
2009-02-06	14.24	14.39	13.75	13.86	3740713
2009-02-09	14.05	14.26	13.86	14.23	1472085
2009-02-10	13.57	14.12	13.49	13.90	2076337
2009-02-11	13.42	13.70	13.22	13.61	1991518
2009-02-12	13.47	13.47	12.93	13.27	3036075
2009-02-13	13.36	13.54	13.28	13.40	1952008
2009-02-17	12.73	13.24	12.68	13.10	5291497
2009-02-18	12.70	12.87	12.62	12.82	2602963
2009-02-19	12.95	13.09	12.72	12.86	2413142
2009-02-20	12.35	12.87	12.18	12.87	3266481
2009-02-23	12.09	12.59	12.03	12.44	2003221
2009-02-24	12.55	12.64	12.13	12.22	3073975
2009-02-25	12.50	12.64	12.34	12.57	2569251
2009-02-26	12.19	12.76	12.16	12.61	2878677
2009-02-27	11.96	12.21	11.79	12.04	3227185
2009-03-02	11.44	11.99	11.43	11.77	2496994
2009-03-03	11.04	11.66	11.03	11.57	2607580
2009-03-04	11.39	11.54	11.05	11.17	2548636
2009-03-05	10.82	11.26	10.69	11.19	3407451
2009-03-06	10.85	11.44	10.55	11.05	3221602
2009-03-09	10.64	10.84	10.54	10.76	2076444
2009-03-10	10.98	11.06	10.70	10.80	3579772
2009-03-11	10.98	11.14	10.95	11.08	2258858
2009-03-12	10.91	11.01	10.75	10.94	2926347
2009-03-13	11.24	11.27	10.89	10.94	2263904
2009-03-16	11.54	11.78	11.26	11.30	2483358
2009-03-17	11.65	11.66	11.32	11.57	2337986
2009-03-18	12.22	12.24	11.44	11.58	3628087
2009-03-19	12.59	12.62	12.20	12.33	3070646
2009-03-20	12.35	12.81	12.31	12.58	2820271
2009-03-23	12.91	12.91	12.44	12.47	2519648
2009-03-24	12.72	12.98	12.62	12.79	1848508
2009-03-25	12.65	12.87	12.44	12.77	3234486
2009-03-26	12.75	12.78	12.45	12.70	3233197
2009-03-27	12.48	12.73	12.36	12.62	2271634
2009-03-30	12.13	12.40	11.99	12.27	2821881
2009-03-31	12.48	12.70	12.10	12.20	2923556
2009-04-01	12.52	12.72	12.31	12.36	3477453
2009-04-02	12.65	12.86	12.51	12.74	3425059
2009-04-03	12.47	12.78	12.34	12.64	1899399
2009-04-06	12.24	12.48	12.13	12.38	2041550
2009-04-07	12.25	12.36	11.91	12.17	2025446
2009-04-08	12.50	12.56	12.21	12.31	1833691
2009-04-09	12.57	12.87	12.38	12.74	1890810
2009-04-13	12.31	12.58	12.21	12.55	1825209
2009-04-14	12.10	12.27	12.00	12.27	1848400
2009-04-15	12.52	12.52	12.05	12.05	2151600
2009-04-16	12.68	12.73	12.39	12.62	2292463
2009-04-17	12.80	12.85	12.68	12.73	2687567
2009-04-20	12.77	13.04	12.61	12.65	3166738
2009-04-21	12.68	12.88	12.59	12.81	2447498
2009-04-22	12.70	12.84	12.48	12.57	3367082
2009-04-23	12.77	12.78	12.57	12.75	2610157
2009-04-24	12.74	12.91	12.58	12.85	1918080
2009-04-27	12.89	12.99	12.59	12.63	1886193
2009-04-28	12.95	13.05	12.72	12.77	1620034
2009-04-29	13.02	13.17	12.85	13.01	3285699
2009-04-30	13.01	13.21	12.77	13.11	4895963
2009-05-01	13.61	13.62	13.04	13.22	3082134
2009-05-04	13.67	13.70	13.35	13.70	2702920
2009-05-05	13.43	13.65	13.34	13.64	1935688
2009-05-06	13.49	13.62	13.25	13.44	1882757
2009-05-07	13.62	13.80	13.48	13.62	2281297
2009-05-08	14.17	14.26	13.66	13.77	2643869
2009-05-11	14.20	14.28	13.99	14.16	2886515
2009-05-12	14.18	14.27	13.95	14.23	2156002
2009-05-13	13.68	14.05	13.61	14.03	1858815
2009-05-14	13.89	13.98	13.55	13.68	2616599
2009-05-15	13.64	13.93	13.27	13.88	3676938
2009-05-18	13.38	13.92	13.35	13.76	4611875
2009-05-19	13.89	14.03	13.31	13.43	3342603
2009-05-20	13.73	14.06	13.70	13.95	2544557
2009-05-21	13.45	13.61	13.38	13.61	2393279
2009-05-22	13.54	13.77	13.38	13.45	2107687
2009-05-26	13.98	14.05	13.42	13.55	2530921
2009-05-27	13.70	14.04	13.62	13.95	2289671
2009-05-28	14.05	14.13	13.67	13.77	2030599
2009-05-29	14.12	14.23	13.91	14.12	2487975
2009-06-01	14.93	14.97	14.23	14.28	3085033
2009-06-02	14.65	14.93	14.54	14.87	2324565
2009-06-03	14.21	14.63	13.98	14.49	2286665
2009-06-04	14.46	14.54	14.22	14.31	1637320
2009-06-05	14.55	14.77	14.36	14.63	1706034
2009-06-08	14.27	14.71	14.09	14.59	2191003
2009-06-09	14.06	14.62	14.02	14.31	2777110
2009-06-10	14.18	14.31	13.95	14.18	3418617
2009-06-11	14.57	14.78	14.21	14.21	2629268
2009-06-12	14.63	14.72	14.35	14.53	2241572
2009-06-15	14.18	14.54	14.04	14.49	2679944
2009-06-16	14.19	14.35	14.10	14.25	2283015
2009-06-17	14.16	14.34	14.10	14.20	1492377
2009-06-18	14.61	14.65	14.17	14.17	1934615
2009-06-19	14.49	14.77	14.49	14.68	2570646
2009-06-22	14.39	14.62	14.35	14.40	1564312
2009-06-23	14.09	14.50	14.05	14.41	2514065
2009-06-24	14.10	14.22	13.97	14.13	2898647
2009-06-25	14.38	14.41	13.94	14.08	2595770
2009-06-26	14.41	14.47	14.29	14.37	1593945
2009-06-29	14.67	14.77	14.37	14.44	1429461
2009-06-30	14.48	14.70	14.28	14.70	1794181
2009-07-01	14.80	14.82	14.58	14.58	1496564
2009-07-02	13.99	14.66	13.99	14.58	1352158
2009-07-06	14.32	14.32	13.89	13.94	1539833
2009-07-07	13.97	14.39	13.96	14.31	1440412
2009-07-08	13.91	14.28	13.79	14.08	1683380
2009-07-09	13.90	14.09	13.77	13.99	1534464
2009-07-10	13.77	13.86	13.64	13.80	1141830
2009-07-13	14.02	14.04	13.63	13.78	1414000
2009-07-14	14.15	14.15	13.94	14.07	1527486
2009-07-15	14.41	14.45	14.11	14.22	1318553
2009-07-16	14.41	14.46	14.06	14.18	1997209
2009-07-17	14.26	14.39	14.11	14.38	1663088
2009-07-20	14.34	14.38	14.11	14.38	1220099
2009-07-21	14.57	14.62	14.29	14.38	2052716
2009-07-22	14.46	14.67	14.42	14.63	1550784
2009-07-23	14.61	14.67	14.32	14.46	3443311
2009-07-24	14.79	14.81	14.49	14.57	1383509
2009-07-27	14.77	14.82	14.62	14.75	996564
2009-07-28	14.64	14.80	14.47	14.72	1086322
2009-07-29	14.62	14.74	14.37	14.59	1118531
2009-07-30	14.89	14.99	14.69	14.70	1265622
2009-07-31	14.85	14.97	14.74	14.83	1457161
2009-08-03	14.93	15.03	14.67	14.95	2245974
2009-08-04	12.96	13.78	12.91	13.41	11751127
2009-08-05	12.89	13.05	12.53	13.02	8977239
2009-08-06	12.93	12.96	12.83	12.92	3313077
2009-08-07	12.94	13.14	12.92	13.09	2963496
2009-08-10	12.90	12.96	12.84	12.96	2916148
2009-08-11	12.90	12.99	12.81	12.97	4305132
2009-08-12	13.00	13.06	12.84	12.86	2693794
2009-08-13	13.04	13.06	12.77	12.95	4464462
2009-08-14	12.93	13.06	12.83	12.97	2903157
2009-08-17	12.66	12.88	12.63	12.87	2258643
2009-08-18	12.56	12.75	12.42	12.66	2624544
2009-08-19	12.65	12.75	12.45	12.48	2141830
2009-08-20	12.75	12.76	12.57	12.65	1101138
2009-08-21	13.01	13.04	12.79	12.83	2347863
2009-08-24	12.99	13.12	12.74	12.96	2344106
2009-08-25	12.92	13.08	12.89	13.06	1443741
2009-08-26	12.95	13.00	12.79	12.89	2062594
2009-08-27	12.89	13.00	12.79	12.86	1855916
2009-08-28	13.02	13.02	12.83	12.96	1598776
2009-08-31	12.92	13.01	12.86	12.97	1737062
2009-09-01	12.86	13.02	12.81	12.91	2193794
2009-09-02	12.86	12.95	12.79	12.81	1754992
2009-09-03	12.96	12.99	12.85	12.89	2346790
2009-09-04	13.05	13.10	12.92	12.99	1836268
2009-09-08	13.03	13.19	12.96	13.16	1357204
2009-09-09	12.99	13.03	12.90	13.01	1247047
2009-09-10	13.00	13.02	12.87	13.00	1130341
2009-09-11	12.88	13.04	12.86	13.02	1877174
2009-09-14	13.07	13.08	12.85	12.91	1348078
2009-09-15	13.24	13.26	12.97	13.08	1824565
2009-09-16	13.62	13.62	13.16	13.27	2793859
2009-09-17	13.59	13.74	13.54	13.59	2078162
2009-09-18	13.62	13.73	13.57	13.68	1564204
2009-09-21	13.59	13.60	13.38	13.56	1408847
2009-09-22	13.71	13.78	13.51	13.61	2376100
2009-09-23	13.60	13.87	13.59	13.71	2049281
2009-09-24	13.58	13.72	13.54	13.63	1122504
2009-09-25	13.48	13.57	13.42	13.54	1188533
2009-09-28	13.64	13.73	13.51	13.59	1117243
2009-09-29	13.63	13.70	13.52	13.70	875456
2009-09-30	13.49	13.63	13.42	13.62	2234700
2009-10-01	13.21	13.51	13.21	13.50	1512454
2009-10-02	12.96	13.19	12.94	13.10	2400150
2009-10-05	13.17	13.19	12.81	12.98	2195942
2009-10-06	13.26	13.28	13.06	13.20	2693580
2009-10-07	13.18	13.29	13.11	13.19	2304273
2009-10-08	13.14	13.31	13.09	13.25	3740713
2009-10-09	13.34	13.35	13.12	13.15	3713442
2009-10-12	13.56	13.59	13.30	13.40	3335624
2009-10-13	13.43	13.58	13.31	13.54	2311252
2009-10-14	13.46	13.60	13.43	13.54	2487009
2009-10-15	13.59	13.67	13.42	13.42	3485291
2009-10-16	13.65	13.75	13.46	13.51	5359244
2009-10-19	13.72	13.82	13.56	13.70	2176616
2009-10-20	13.66	13.71	13.56	13.70	2934292
2009-10-21	13.67	13.87	13.66	13.66	3845072
2009-10-22	13.73	13.78	13.52	13.68	3044234
2009-10-23	13.58	13.87	13.54	13.82	3503865
2009-10-26	13.34	13.77	13.29	13.61	2298368
2009-10-27	13.26	13.46	13.23	13.39	2341099
2009-10-28	13.10	13.34	13.05	13.29	3743504
2009-10-29	13.38	13.38	12.98	13.19	3450827
2009-10-30	13.09	13.42	13.09	13.39	4740283
2009-11-02	13.10	13.19	12.91	13.10	2122396
2009-11-03	13.00	13.12	12.96	13.04	1771205
2009-11-04	13.14	13.33	13.01	13.06	2036826
2009-11-05	13.33	13.39	13.19	13.23	1768413
2009-11-06	13.27	13.38	13.19	13.35	2051213
2009-11-09	13.50	13.50	13.26	13.32	2017608
2009-11-10	13.63	13.72	13.40	13.42	2201417
2009-11-11	13.57	13.74	13.53	13.69	1396822
2009-11-12	13.37	13.66	13.35	13.61	1285592
2009-11-13	13.42	13.55	13.29	13.36	2208396
2009-11-16	13.67	13.70	13.47	13.50	1485076
2009-11-17	13.58	13.68	13.54	13.65	1348722
2009-11-18	13.45	13.60	13.38	13.55	1305776
2009-11-19	13.26	13.41	13.18	13.41	1561735
2009-11-20	13.40	13.49	13.22	13.25	2811145
2009-11-23	13.64	13.70	13.46	13.53	1841529
2009-11-24	13.68	13.74	13.57	13.67	1743934
2009-11-25	13.78	13.84	13.65	13.69	1520185
2009-11-27	13.54	13.70	13.42	13.54	757784
2009-11-30	13.57	13.63	13.49	13.51	1659760
2009-12-01	13.88	13.91	13.65	13.65	1698411
2009-12-02	14.00	14.13	13.87	13.87	2238458
2009-12-03	14.07	14.21	13.97	14.03	1418188
2009-12-04	14.06	14.31	13.84	14.23	2055723
2009-12-07	14.13	14.23	13.99	14.10	1244900
2009-12-08	14.04	14.12	13.93	14.11	1275607
2009-12-09	14.04	14.11	13.94	14.04	1308246
2009-12-10	14.32	14.33	14.10	14.16	1580524
2009-12-11	14.56	14.64	14.32	14.32	1566674
2009-12-14	14.55	14.75	14.48	14.62	1518467
2009-12-15	14.55	14.55	14.41	14.52	1458450
2009-12-16	14.59	14.69	14.54	14.64	1786558
2009-12-17	14.55	14.59	14.43	14.58	1574726
2009-12-18	14.67	14.71	14.51	14.60	2725252
2009-12-21	14.65	14.80	14.61	14.76	1237814
2009-12-22	14.44	14.72	14.43	14.64	1383079
2009-12-23	14.56	14.57	14.44	14.48	1032746
2009-12-24	14.75	14.75	14.54	14.54	490874
2009-12-28	14.79	14.81	14.73	14.81	1094589
2009-12-29	14.79	14.83	14.76	14.83	996672
2009-12-30	14.82	14.82	14.69	14.72	771741
2009-12-31	14.52	14.85	14.52	14.79	850548
2010-01-04	14.59	14.73	14.53	14.65	1209792
2010-01-05	14.40	14.65	14.19	14.55	2201095
2010-01-06	14.44	14.49	14.36	14.38	3727614
2010-01-07	14.30	14.43	14.20	14.38	1049710
2010-01-08	14.25	14.28	14.08	14.20	1442667
2010-01-11	14.44	14.50	14.33	14.35	1604037
2010-01-12	14.45	14.48	14.31	14.37	1295577
2010-01-13	14.66	14.72	14.45	14.46	1445566
2010-01-14	14.50	14.63	14.49	14.63	1100494
2010-01-15	14.33	14.51	14.17	14.42	1797187
2010-01-19	14.48	14.48	14.25	14.30	943419
2010-01-20	14.27	14.42	14.10	14.42	1861714
2010-01-21	14.01	14.37	13.94	14.25	1734915
2010-01-22	13.68	14.09	13.68	13.95	2012454
2010-01-25	13.77	13.86	13.58	13.79	2240391
2010-01-26	13.76	13.86	13.65	13.73	1450934
2010-01-27	13.50	13.73	13.35	13.73	2843461
2010-01-28	13.35	13.58	13.27	13.53	4000107
2010-01-29	13.25	13.51	13.23	13.38	2389843
2010-02-01	13.31	13.35	13.19	13.31	1667597
2010-02-02	13.32	13.35	13.15	13.30	2918295
2010-02-03	13.21	13.29	13.15	13.26	1707322
2010-02-04	12.86	13.18	12.86	13.13	2729547
2010-02-05	13.03	13.10	12.74	12.89	3112304
2010-02-08	12.91	13.06	12.89	13.01	1791819
2010-02-09	13.02	13.21	12.93	13.06	3157075
2010-02-10	12.96	13.04	12.85	13.03	1904338
2010-02-11	13.18	13.19	12.92	12.98	3788383
2010-02-12	13.13	13.15	12.93	13.10	2478527
2010-02-16	13.40	13.40	13.18	13.18	1718488
2010-02-17	13.30	13.46	13.28	13.45	1239747
2010-02-18	13.28	13.45	13.25	13.26	1821774
2010-02-19	13.42	13.46	13.20	13.23	2319948
2010-02-22	13.18	13.50	13.18	13.50	2388555
2010-02-23	13.05	13.19	12.96	13.18	2810286
2010-02-24	12.99	13.12	12.89	13.12	2362787
2010-02-25	12.96	12.98	12.78	12.87	2736740
2010-02-26	12.80	13.04	12.79	13.04	2222139
2010-03-01	13.01	13.09	12.86	12.87	1823277
2010-03-02	13.01	13.10	12.93	13.03	2833476
2010-03-03	12.90	13.11	12.87	13.01	1906807
2010-03-04	12.88	12.94	12.81	12.90	2680910
2010-03-05	13.02	13.02	12.87	12.94	5097595
2010-03-08	13.16	13.18	13.03	13.04	2360855
2010-03-09	13.13	13.19	13.06	13.15	1869229
2010-03-10	13.22	13.23	13.03	13.12	2335087
2010-03-11	13.16	13.22	13.09	13.19	1462959
2010-03-12	12.83	13.18	12.83	13.17	3739317
2010-03-15	13.02	13.03	12.76	12.84	3856131
2010-03-16	13.16	13.17	12.98	13.07	2769916
2010-03-17	13.27	13.27	13.12	13.19	2151385
2010-03-18	13.12	13.33	13.12	13.27	2029096
2010-03-19	12.97	13.22	12.86	12.97	3762508
2010-03-22	12.86	12.95	12.82	12.92	2353876
2010-03-23	13.01	13.02	12.81	12.88	2466717
2010-03-24	12.85	13.00	12.85	12.98	2219240
2010-03-25	12.63	12.84	12.62	12.76	3024157
2010-03-26	12.55	12.70	12.50	12.70	2901976
2010-03-29	12.69	12.71	12.54	12.60	2196801
2010-03-30	12.69	12.75	12.66	12.67	1775607
2010-03-31	12.61	12.65	12.55	12.65	2077088
2010-04-01	12.86	12.89	12.67	12.70	2090402
2010-04-05	12.86	12.96	12.80	12.92	2057226
2010-04-06	12.99	13.00	12.76	12.80	1887696
2010-04-07	12.81	12.97	12.76	12.96	2131308
2010-04-08	12.74	12.82	12.68	12.81	2903908
2010-04-09	12.73	12.76	12.61	12.76	1946425
2010-04-12	12.80	12.91	12.76	12.81	1961563
2010-04-13	12.84	12.87	12.67	12.84	1927851
2010-04-14	12.87	12.87	12.73	12.83	1917651
2010-04-15	12.78	12.82	12.72	12.81	1806420
2010-04-16	12.50	12.76	12.46	12.76	3730084
2010-04-19	12.46	12.50	12.36	12.46	2470904
2010-04-20	12.69	12.70	12.47	12.52	1939983
2010-04-21	12.66	12.72	12.57	12.72	2045416
2010-04-22	12.74	12.76	12.44	12.58	4122182
2010-04-23	13.03	13.03	12.67	12.72	6162014
2010-04-26	12.89	13.10	12.89	13.03	2416792
2010-04-27	12.61	12.92	12.61	12.86	2170389
2010-04-28	11.65	12.69	11.62	12.66	17529633
2010-04-29	11.37	11.90	11.22	11.70	16345823
2010-04-30	11.26	11.48	11.25	11.40	8107902
2010-05-03	11.33	11.40	11.23	11.38	4954799
2010-05-04	11.22	11.30	11.17	11.24	5461671
2010-05-05	11.23	11.32	11.15	11.15	4889736
2010-05-06	11.22	11.47	10.80	11.23	9312218
2010-05-07	11.25	11.40	10.98	11.27	7021688
2010-05-10	11.62	11.66	11.39	11.53	4759287
2010-05-11	11.65	11.83	11.52	11.55	4691110
2010-05-12	11.80	11.85	11.57	11.66	5037685
2010-05-13	11.70	11.86	11.65	11.80	4262186
2010-05-14	11.63	11.72	11.48	11.61	3363431
2010-05-17	11.90	12.01	11.70	11.86	5287524
2010-05-18	11.74	12.02	11.73	12.02	4602749
2010-05-19	11.76	11.84	11.61	11.69	4926670
2010-05-20	11.27	11.63	11.24	11.60	4906914
2010-05-21	11.36	11.38	11.11	11.17	3918188
2010-05-24	11.24	11.44	11.23	11.33	2634529
2010-05-25	11.35	11.38	10.92	11.20	6700451
2010-05-26	11.40	11.51	11.32	11.44	3347219
2010-05-27	11.61	11.62	11.40	11.50	3025768
2010-05-28	11.74	11.85	11.60	11.65	4925381
2010-06-01	11.50	11.81	11.50	11.67	4721495
2010-06-02	11.73	11.73	11.49	11.55	2743826
2010-06-03	11.80	11.82	11.64	11.73	2484217
2010-06-04	11.41	11.72	11.37	11.57	3285699
2010-06-07	11.64	11.75	11.38	11.45	4561306
2010-06-08	11.67	11.69	11.53	11.65	3311359
2010-06-09	11.48	11.79	11.46	11.74	3898432
2010-06-10	11.80	11.84	11.63	11.63	4281726
2010-06-11	11.78	11.83	11.64	11.68	2552716
2010-06-14	11.83	11.97	11.76	11.88	3562809
2010-06-15	11.93	11.97	11.87	11.94	2972300
2010-06-16	11.98	12.03	11.85	11.86	2935796
2010-06-17	12.01	12.04	11.91	12.04	3467683
2010-06-18	12.02	12.04	11.90	11.95	2920550
2010-06-21	11.83	11.90	11.65	11.80	9820271
2010-06-22	11.18	11.69	11.18	11.66	18449860
2010-06-23	11.48	11.54	11.18	11.26	96214838
2010-06-24	11.41	11.76	11.40	11.51	17633133
2010-06-25	11.50	11.65	11.41	11.47	13593193
2010-06-28	11.73	11.76	11.48	11.59	8210651
2010-06-29	11.54	11.66	11.37	11.62	10532424
2010-06-30	11.51	11.68	11.45	11.54	8205712
2010-07-01	11.62	11.66	11.45	11.55	8306206
2010-07-02	11.74	11.80	11.55	11.65	5838952
2010-07-06	11.85	11.90	11.74	11.83	4944600
2010-07-07	12.08	12.13	11.86	11.90	6713764
2010-07-08	12.06	12.28	11.91	12.26	10838523
2010-07-09	12.09	12.11	11.97	12.06	5822418
2010-07-12	12.08	12.13	12.01	12.08	3759609
2010-07-13	12.05	12.21	12.03	12.21	6107473
2010-07-14	11.91	12.03	11.81	12.01	7975843
2010-07-15	12.08	12.13	11.86	11.93	5135065
2010-07-16	11.86	12.11	11.85	12.04	7065063
2010-07-19	12.09	12.15	11.88	11.88	4207967
2010-07-20	12.23	12.24	11.97	11.97	6000107
2010-07-21	12.15	12.28	12.07	12.22	3999785
2010-07-22	12.37	12.39	12.21	12.21	4337449
2010-07-23	12.30	12.36	12.10	12.34	4360318
2010-07-26	12.37	12.40	12.27	12.27	3582671
2010-07-27	12.55	12.61	12.37	12.42	4799656
2010-07-28	12.68	12.70	12.34	12.48	6755959
2010-07-29	12.61	12.91	12.56	12.80	6567211
2010-07-30	12.59	12.70	12.42	12.55	11165772
2010-08-02	12.82	12.84	12.66	12.66	5698948
2010-08-03	12.74	12.86	12.69	12.77	4907773
2010-08-04	12.78	12.81	12.57	12.76	4866008
2010-08-05	12.33	12.63	12.22	12.43	10013635
2010-08-06	12.35	12.37	12.07	12.25	7156431
2010-08-09	12.24	12.44	12.21	12.39	5223212
2010-08-10	12.19	12.32	12.05	12.19	6222353
2010-08-11	12.01	12.10	11.97	12.05	8187674
2010-08-12	12.19	12.24	11.77	11.91	6432897
2010-08-13	12.40	12.50	12.13	12.18	5569680
2010-08-16	12.42	12.43	12.20	12.35	3823706
2010-08-17	12.48	12.63	12.39	12.46	4241250
2010-08-18	12.41	12.52	12.33	12.48	4274426
2010-08-19	12.31	12.45	12.19	12.42	3202169
2010-08-20	12.25	12.29	12.15	12.23	3056904
2010-08-23	12.25	12.40	12.21	12.28	2927743
2010-08-24	12.27	12.37	12.13	12.14	5504724
2010-08-25	12.29	12.32	12.12	12.25	11082993
2010-08-26	12.28	12.38	12.25	12.31	2566781
2010-08-27	12.64	12.70	12.21	12.34	4354950
2010-08-30	12.51	12.69	12.50	12.62	2631308
2010-08-31	12.53	12.61	12.36	12.50	5181233
2010-09-01	12.84	12.89	12.58	12.61	4075585
2010-09-02	12.75	12.88	12.58	12.72	7588791
2010-09-03	12.78	12.88	12.66	12.79	4607795
2010-09-07	12.70	12.84	12.69	12.79	4122182
2010-09-08	12.66	12.81	12.64	12.71	5419369
2010-09-09	12.67	12.81	12.63	12.77	4061842
2010-09-10	12.73	12.75	12.57	12.65	2858707
2010-09-13	12.74	12.89	12.73	12.81	5069143
2010-09-14	12.59	12.75	12.57	12.70	4680696
2010-09-15	12.54	12.64	12.49	12.61	4850762
2010-09-16	12.52	12.59	12.39	12.53	4819948
2010-09-17	12.50	12.61	12.43	12.59	5134314
2010-09-20	12.45	12.58	12.38	12.41	6148594
2010-09-21	12.48	12.61	12.40	12.47	5743504
2010-09-22	12.65	12.73	12.47	12.51	4245544
2010-09-23	12.72	12.79	12.59	12.63	5839596
2010-09-24	12.80	12.87	12.75	12.82	5654821
2010-09-27	12.92	12.97	12.76	12.82	3587181
2010-09-28	12.88	13.01	12.77	12.95	4811896
2010-09-29	12.80	12.88	12.67	12.87	3299871
2010-09-30	12.72	12.87	12.65	12.84	5151600
2010-10-01	12.82	12.85	12.68	12.85	2698089
2010-10-04	12.90	12.92	12.78	12.83	4444277
2010-10-05	13.05	13.15	12.98	13.01	6187782
2010-10-06	12.92	13.09	12.87	13.05	3067747
2010-10-07	12.92	13.01	12.88	12.98	1983895
2010-10-08	12.94	13.00	12.82	12.95	2717522
2010-10-11	12.93	12.99	12.88	12.96	2096736
2010-10-12	12.87	12.95	12.82	12.94	2615096
2010-10-13	12.95	13.01	12.83	12.89	4009878
2010-10-14	12.88	13.02	12.83	12.95	2668563
2010-10-15	12.86	12.97	12.61	12.94	12933756
2010-10-18	13.05	13.08	12.86	12.88	3176401
2010-10-19	12.98	13.04	12.89	12.96	4658793
2010-10-20	13.02	13.15	13.00	13.02	3137750
2010-10-21	12.82	13.08	12.73	13.08	4825639
2010-10-22	12.57	12.89	12.53	12.86	5691540
2010-10-25	12.56	12.64	12.50	12.61	4758965
2010-10-26	12.49	12.56	12.40	12.56	3238351
2010-10-27	12.38	12.41	12.24	12.39	4990230
2010-10-28	12.35	12.48	12.09	12.41	9656753
2010-10-29	12.55	12.64	12.34	12.35	6315546
2010-11-01	12.29	12.64	12.23	12.60	4897144
2010-11-02	12.53	12.55	12.37	12.39	3372880
2010-11-03	12.43	12.60	12.32	12.58	3399613
2010-11-04	12.52	12.56	12.43	12.51	5744685
2010-11-05	12.61	12.65	12.49	12.57	3933648
2010-11-08	12.62	12.63	12.53	12.59	3438909
2010-11-09	12.57	12.66	12.53	12.64	2770024
2010-11-10	12.43	12.55	12.33	12.54	3368585
2010-11-11	12.40	12.49	12.32	12.38	2598883
2010-11-12	12.20	12.34	12.16	12.34	4182199
2010-11-15	12.17	12.28	12.15	12.21	3338201
2010-11-16	12.03	12.16	11.95	12.14	4131952
2010-11-17	12.05	12.16	11.98	12.08	2545201
2010-11-18	12.09	12.14	12.05	12.11	2722461
2010-11-19	12.01	12.10	11.91	12.10	3829826
2010-11-22	12.05	12.06	11.89	11.98	2498819
2010-11-23	11.94	12.01	11.82	12.01	4184776
2010-11-24	11.88	12.00	11.84	11.95	3599420
2010-11-26	11.82	11.94	11.76	11.82	2270453
2010-11-29	11.89	11.93	11.74	11.77	4446103
2010-11-30	11.87	11.95	11.79	11.95	11450075
2010-12-01	11.95	12.01	11.88	11.96	11505905
2010-12-02	12.03	12.10	11.88	11.96	11669959
2010-12-03	12.10	12.15	11.97	12.03	4328645
2010-12-06	12.13	12.15	12.05	12.10	3425703
2010-12-07	12.01	12.24	11.96	12.18	5097380
2010-12-08	11.98	12.09	11.91	12.06	4684131
2010-12-09	11.93	12.01	11.92	11.99	5086966
2010-12-10	11.96	12.01	11.90	11.96	3296006
2010-12-13	12.10	12.14	11.96	11.96	4089113
2010-12-14	12.08	12.19	12.06	12.13	3782156
2010-12-15	11.97	12.12	11.94	12.09	2677582
2010-12-16	12.16	12.16	11.92	11.99	4605755
2010-12-17	12.33	12.34	12.16	12.20	6173717
2010-12-20	12.39	12.41	12.31	12.37	3355701
2010-12-21	12.40	12.45	12.36	12.39	3086751
2010-12-22	12.47	12.49	12.37	12.45	2713442
2010-12-23	12.50	12.57	12.42	12.47	1875778
2010-12-27	12.46	12.53	12.45	12.50	1194761
2010-12-28	12.51	12.55	12.40	12.47	1931394
2010-12-29	12.47	12.55	12.44	12.54	1783337
2010-12-30	12.43	12.53	12.39	12.46	2070646
2010-12-31	12.47	12.52	12.39	12.45	1477883
2011-01-03	12.59	12.62	12.45	12.56	2424630
2011-01-04	12.74	12.78	12.46	12.64	3644514
2011-01-05	12.71	12.77	12.59	12.69	2601997
2011-01-06	12.62	12.72	12.54	12.72	3210865
2011-01-07	12.50	12.66	12.40	12.65	4864505
2011-01-10	12.48	12.50	12.35	12.48	3825639
2011-01-11	12.49	12.53	12.39	12.53	3979386
2011-01-12	12.60	12.62	12.47	12.51	2926992
2011-01-13	12.19	12.62	12.00	12.57	13592012
2011-01-14	12.15	12.35	12.08	12.20	5204853
2011-01-18	12.14	12.19	12.08	12.15	3891454
2011-01-19	12.22	12.28	12.12	12.12	3494417
2011-01-20	12.31	12.36	12.20	12.21	4027056
2011-01-21	12.23	12.35	12.22	12.34	4771097
2011-01-24	12.25	12.42	12.24	12.24	10788276
2011-01-25	12.23	12.27	12.13	12.26	4328967
2011-01-26	12.11	12.30	12.02	12.28	8098561
2011-01-27	12.19	12.20	12.06	12.08	4563346
2011-01-28	12.03	12.25	12.03	12.21	3591797
2011-01-31	12.21	12.23	12.05	12.07	4156431
2011-02-01	12.22	12.27	12.08	12.24	5096521
2011-02-02	12.20	12.31	12.14	12.16	4173824
2011-02-03	12.23	12.24	12.07	12.20	3544127
2011-02-04	11.88	12.30	11.76	12.20	10604359
2011-02-07	11.75	11.86	11.63	11.86	8941271
2011-02-08	11.79	11.91	11.71	11.73	7025446
2011-02-09	11.84	11.84	11.67	11.78	7123900
2011-02-10	11.76	11.84	11.71	11.80	5796221
2011-02-11	11.72	11.79	11.67	11.75	4285699
2011-02-14	11.65	11.73	11.60	11.73	7172429
2011-02-15	11.72	11.75	11.63	11.64	4293322
2011-02-16	11.77	11.87	11.70	11.72	7093193
2011-02-17	11.84	11.85	11.74	11.74	3845609
2011-02-18	11.85	11.89	11.81	11.86	4273996
2011-02-22	11.85	11.89	11.78	11.79	4215912
2011-02-23	11.84	11.96	11.83	11.87	4493665
2011-02-24	11.78	11.87	11.75	11.87	3365793
2011-02-25	11.75	11.81	11.66	11.79	3463496
2011-02-28	12.04	12.15	11.91	11.97	6847112
2011-03-01	11.79	12.18	11.60	12.09	13739747
2011-03-02	12.19	12.40	12.02	12.07	11239854
2011-03-03	12.18	12.38	12.12	12.34	6168134
2011-03-04	12.11	12.16	11.92	12.16	7496672
2011-03-07	12.31	12.33	12.18	12.22	8833799
2011-03-08	12.26	12.39	12.25	12.38	5140004
2011-03-09	12.38	12.40	12.20	12.27	6869766
2011-03-10	12.21	12.36	12.20	12.32	4791067
2011-03-11	12.13	12.27	12.00	12.22	3928709
2011-03-14	12.12	12.13	11.98	12.03	10049925
2011-03-15	11.80	12.01	11.79	11.97	6095770
2011-03-16	11.69	11.85	11.65	11.80	7123577
2011-03-17	11.72	11.82	11.57	11.82	9086000
2011-03-18	11.80	11.99	11.73	11.91	6128731
2011-03-21	11.85	11.92	11.81	11.89	3069465
2011-03-22	11.75	11.90	11.74	11.87	5233305
2011-03-23	11.71	11.79	11.68	11.77	4123792
2011-03-24	11.74	11.80	11.69	11.75	3480460
2011-03-25	11.80	11.82	11.76	11.79	5445781
2011-03-28	11.77	11.88	11.76	11.79	5088684
2011-03-29	11.91	11.92	11.74	11.79	3148164
2011-03-30	12.07	12.15	11.94	11.95	5656646
2011-03-31	12.15	12.16	11.98	12.05	4365471
2011-04-01	12.34	12.37	12.17	12.25	9049281
2011-04-04	12.40	12.48	12.32	12.43	7635065
2011-04-05	12.27	12.39	12.23	12.37	4601997
2011-04-06	12.28	12.38	12.27	12.28	3623255
2011-04-07	12.33	12.34	12.24	12.29	3091905
2011-04-08	12.42	12.42	12.31	12.34	3845287
2011-04-11	12.33	12.39	12.11	12.17	16612626
2011-04-12	12.90	12.90	12.24	12.29	109141722
2011-04-13	12.86	12.91	12.75	12.88	16881898
2011-04-14	12.84	12.85	12.71	12.80	7959845
2011-04-15	12.96	13.00	12.86	12.88	8233090
2011-04-18	12.88	12.96	12.71	12.86	7774104
2011-04-19	12.85	12.89	12.78	12.88	8080417
2011-04-20	12.97	13.00	12.92	12.94	7027486
2011-04-21	12.91	13.00	12.84	13.00	5588147
2011-04-25	12.94	12.99	12.87	12.93	4258106
2011-04-26	13.02	13.04	12.96	13.01	6656646
2011-04-27	13.14	13.19	13.03	13.05	6823599
2011-04-28	13.17	13.21	13.07	13.16	7566030
2011-04-29	13.17	13.23	13.07	13.17	10773781
2011-05-02	13.19	13.32	13.12	13.24	5353661
2011-05-03	13.18	13.36	13.10	13.22	8983036
2011-05-04	13.23	13.25	13.12	13.21	13320271
2011-05-05	13.15	13.25	12.98	13.20	6672858
2011-05-06	13.22	13.42	13.16	13.35	5219025
2011-05-09	13.13	13.25	13.06	13.22	6486901
2011-05-10	13.33	13.41	13.14	13.17	8414215
2011-05-11	13.34	13.41	13.22	13.33	5258428
2011-05-12	13.46	13.47	13.32	13.34	3910243
2011-05-13	13.41	13.49	13.30	13.47	6049281
2011-05-16	13.32	13.46	13.28	13.40	4692506
2011-05-17	13.53	13.54	13.24	13.31	7045416
2011-05-18	13.51	13.55	13.39	13.50	4453189
2011-05-19	13.53	13.57	13.47	13.52	3342388
2011-05-20	13.58	13.62	13.45	13.52	4350440
2011-05-23	13.47	13.55	13.44	13.48	3684131
2011-05-24	13.35	13.51	13.34	13.51	6484110
2011-05-25	13.32	13.39	13.21	13.33	4035645
2011-05-26	13.32	13.39	13.26	13.32	2823492
2011-05-27	13.37	13.44	13.32	13.37	3459845
2011-05-31	13.53	13.55	13.41	13.47	4925596
2011-06-01	13.42	13.54	13.39	13.51	4371699
2011-06-02	13.38	13.45	13.28	13.45	4691754
2011-06-03	13.33	13.40	13.20	13.28	5052394
2011-06-06	13.23	13.34	13.20	13.30	4733197
2011-06-07	13.26	13.44	13.23	13.30	6436010
2011-06-08	13.19	13.37	13.19	13.33	6188533
2011-06-09	13.19	13.27	13.11	13.23	8633777
2011-06-10	13.10	13.22	13.10	13.18	4751020
2011-06-13	13.19	13.24	13.11	13.18	3102212
2011-06-14	13.25	13.30	13.15	13.28	4156861
2011-06-15	13.10	13.31	13.05	13.17	4527593
2011-06-16	13.23	13.25	13.10	13.13	3922590
2011-06-17	13.17	13.34	13.15	13.29	8521366
2011-06-20	13.23	13.26	13.04	13.13	10697874
2011-06-21	13.35	13.48	13.29	13.29	4235774
2011-06-22	13.21	13.34	13.21	13.31	4130019
2011-06-23	13.17	13.24	13.08	13.14	6244363
2011-06-24	13.17	13.35	13.14	13.20	5180159
2011-06-27	13.28	13.30	13.11	13.21	5888340
2011-06-28	13.46	13.50	13.26	13.33	4607043
2011-06-29	13.56	13.61	13.43	13.48	5334980
2011-06-30	13.53	13.59	13.49	13.58	3564097
2011-07-01	13.62	13.63	13.50	13.59	4924093
2011-07-05	13.56	13.60	13.50	13.60	3823384
2011-07-06	13.59	13.70	13.51	13.56	4132059
2011-07-07	13.66	13.71	13.57	13.70	3763904
2011-07-08	13.62	13.64	13.51	13.59	2895212
2011-07-11	13.51	13.54	13.45	13.50	3178334
2011-07-12	13.59	13.63	13.48	13.51	4183487
2011-07-13	13.55	13.66	13.51	13.61	3085141
2011-07-14	13.46	13.61	13.44	13.55	4036612
2011-07-15	13.51	13.52	13.40	13.47	4008267
2011-07-18	13.39	13.50	13.34	13.50	2512347
2011-07-19	13.41	13.44	13.29	13.41	4155465
2011-07-20	13.45	13.53	13.35	13.41	3291926
2011-07-21	13.63	13.69	13.50	13.52	3642044
2011-07-22	13.62	13.67	13.58	13.63	2930642
2011-07-25	13.80	13.85	13.60	13.63	4567318
2011-07-26	13.86	13.88	13.77	13.84	4742860
2011-07-27	13.92	13.95	13.79	13.80	5930964
2011-07-28	13.83	13.97	13.81	13.85	3731802
2011-07-29	13.57	13.77	13.55	13.76	4554971
2011-08-01	13.62	13.69	13.49	13.69	3452545
2011-08-02	13.37	13.59	13.37	13.58	4060554
2011-08-03	13.41	13.44	13.24	13.41	4838093
2011-08-04	12.90	13.36	12.90	13.33	7882542
2011-08-05	12.91	13.15	12.84	13.02	12028559
2011-08-08	12.32	12.88	12.25	12.71	9586644
2011-08-09	12.83	12.84	12.16	12.41	14108761
2011-08-10	12.46	12.83	12.43	12.65	8571183
2011-08-11	12.74	12.87	12.42	12.43	14248765
2011-08-12	12.64	12.85	12.55	12.80	6397466
2011-08-15	12.96	13.02	12.70	12.73	6763474
2011-08-16	13.11	13.19	12.93	13.01	7631737
2011-08-17	13.32	13.40	13.21	13.22	6344965
2011-08-18	13.27	13.31	13.00	13.15	10126798
2011-08-19	13.27	13.38	13.18	13.24	8644299
2011-08-22	13.21	13.48	13.11	13.41	5722461
2011-08-23	13.42	13.43	13.14	13.28	6725682
2011-08-24	13.66	13.68	13.35	13.42	5068821
2011-08-25	13.53	13.72	13.43	13.68	12111767
2011-08-26	13.52	13.54	13.18	13.43	11828430
2011-08-29	13.85	13.85	13.61	13.61	7998926
2011-08-30	13.82	13.86	13.68	13.78	3488190
2011-08-31	14.04	14.07	13.84	13.89	4905089
2011-09-01	13.96	14.13	13.95	14.07	3640004
2011-09-02	13.88	13.94	13.80	13.87	3895104
2011-09-06	13.94	13.94	13.49	13.65	7166201
2011-09-07	13.94	14.03	13.89	14.01	5324995
2011-09-08	13.94	14.06	13.85	13.86	3378892
2011-09-09	13.76	13.84	13.63	13.79	5456088
2011-09-12	13.77	13.79	13.56	13.61	3612197
2011-09-13	13.77	13.83	13.67	13.77	4282693
2011-09-14	13.88	13.98	13.67	13.77	4407236
2011-09-15	14.01	14.06	13.89	13.97	3833369
2011-09-16	14.18	14.27	14.03	14.05	5689392
2011-09-19	14.12	14.16	13.97	14.01	2669530
2011-09-20	14.41	14.57	14.16	14.17	4658042
2011-09-21	14.26	14.51	14.25	14.38	4950827
2011-09-22	14.02	14.07	13.81	14.02	6748980
2011-09-23	14.02	14.19	13.94	14.00	4732124
2011-09-26	14.19	14.21	14.02	14.11	9154391
2011-09-27	14.22	14.43	14.17	14.39	4328108
2011-09-28	14.12	14.37	14.10	14.24	3755637
2011-09-29	14.20	14.34	14.11	14.23	5365901
2011-09-30	14.05	14.22	14.03	14.13	4736740
2011-10-03	13.67	14.11	13.66	14.03	4810608
2011-10-04	13.61	13.64	13.29	13.62	6978742
2011-10-05	13.51	13.65	13.36	13.64	5899184
2011-10-06	13.75	13.75	13.48	13.49	3641507
2011-10-07	13.83	13.93	13.73	13.79	5192184
2011-10-10	14.10	14.10	13.92	14.00	2893601
2011-10-11	14.05	14.15	13.91	14.10	3288598
2011-10-12	13.94	14.14	13.94	14.13	5283230
2011-10-13	13.99	14.02	13.88	14.02	3148271
2011-10-14	14.04	14.15	13.99	14.08	3768735
2011-10-17	14.02	14.06	13.87	13.99	3582886
2011-10-18	14.13	14.21	13.92	14.00	4372987
2011-10-19	14.18	14.37	14.13	14.15	3786236
2011-10-20	14.23	14.34	14.15	14.26	2816728
2011-10-21	14.48	14.48	14.33	14.33	3799012
2011-10-24	14.36	14.57	14.32	14.45	4354198
2011-10-25	14.18	14.37	14.16	14.35	4807279
2011-10-26	14.39	14.44	14.21	14.37	2981104
2011-10-27	14.48	14.66	14.43	14.59	5526090
2011-10-28	14.62	14.64	14.32	14.49	3805454
2011-10-31	14.46	14.64	14.46	14.55	2555830
2011-11-01	14.28	14.43	14.20	14.21	3854413
2011-11-02	14.48	14.60	14.40	14.44	3404015
2011-11-03	14.77	14.90	14.46	14.62	6587610
2011-11-04	14.60	14.67	14.46	14.66	3775177
2011-11-07	14.69	14.69	14.51	14.57	2636569
2011-11-08	14.82	14.82	14.57	14.70	3497745
2011-11-09	14.66	14.84	14.59	14.69	4341207
2011-11-10	14.72	14.82	14.61	14.78	3630019
2011-11-11	14.89	14.89	14.77	14.79	2787095
2011-11-14	14.70	14.87	14.67	14.83	2290960
2011-11-15	14.70	14.74	14.61	14.68	2562272
2011-11-16	14.49	14.68	14.49	14.61	3566137
2011-11-17	14.37	14.51	14.29	14.49	11506442
2011-11-18	14.54	14.56	14.37	14.45	11878677
2011-11-21	14.42	14.49	14.27	14.47	11667382
2011-11-22	14.31	14.51	14.27	14.49	4340885
2011-11-23	13.98	14.21	13.92	14.21	5115310
2011-11-25	14.06	14.15	13.97	13.99	1120356
2011-11-28	14.31	14.34	14.23	14.27	3212046
2011-11-29	14.39	14.40	14.18	14.22	4823384
2011-11-30	14.78	14.78	14.60	14.69	6076874
2011-12-01	14.66	14.82	14.62	14.72	8085141
2011-12-02	14.61	14.75	14.57	14.75	3601997
2011-12-05	14.66	14.80	14.61	14.75	5191110
2011-12-06	14.66	14.78	14.63	14.71	4803629
2011-12-07	14.57	14.70	14.48	14.67	4934078
2011-12-08	14.39	14.58	14.36	14.57	6008267
2011-12-09	14.48	14.53	14.36	14.44	4726219
2011-12-12	14.36	14.48	14.25	14.42	3136247
2011-12-13	14.37	14.51	14.32	14.39	6500429
2011-12-14	14.26	14.42	14.26	14.37	4233949
2011-12-15	14.45	14.49	14.32	14.35	3728795
2011-12-16	14.31	14.54	14.30	14.45	6384690
2011-12-19	14.13	14.39	14.09	14.31	3286451
2011-12-20	14.30	14.33	14.17	14.28	4549817
2011-12-21	14.65	14.65	14.31	14.31	4199055
2011-12-22	14.71	14.73	14.59	14.72	3760898
2011-12-23	14.77	14.87	14.73	14.77	2184776
2011-12-27	14.84	14.85	14.73	14.78	2507408
2011-12-28	14.79	14.87	14.76	14.87	2278076
2011-12-29	14.82	14.88	14.79	14.82	2732231
2011-12-30	14.65	14.86	14.65	14.86	3077196
2012-01-03	14.35	14.87	14.30	14.87	6457698
2012-01-04	14.31	14.45	14.26	14.36	6758536
2012-01-05	14.33	14.34	14.16	14.30	4880825
2012-01-06	14.21	14.32	14.14	14.31	4825317
2012-01-09	14.33	14.35	14.17	14.26	3958557
2012-01-10	14.32	14.44	14.31	14.42	4889843
2012-01-11	14.05	14.30	14.02	14.26	6149775
2012-01-12	13.95	14.09	13.90	14.04	6834658
2012-01-13	13.99	14.01	13.82	13.91	3878033
2012-01-17	13.91	14.12	13.87	14.02	3969186
2012-01-18	13.99	14.03	13.85	13.93	5153210
2012-01-19	13.85	14.03	13.82	13.98	7276895
2012-01-20	13.70	13.85	13.69	13.81	7192935
2012-01-23	13.86	13.92	13.73	13.73	6744900
2012-01-24	13.77	13.82	13.70	13.81	4664913
2012-01-25	14.06	14.08	13.65	13.73	5470260
2012-01-26	14.05	14.14	13.98	14.11	5022010
2012-01-27	13.85	14.05	13.84	14.03	3980567
2012-01-30	13.74	13.81	13.68	13.80	3824673
2012-01-31	13.84	13.86	13.74	13.81	4585033
2012-02-01	13.88	13.92	13.81	13.87	3791175
2012-02-02	13.73	13.89	13.72	13.85	6142581
2012-02-03	13.72	13.84	13.60	13.77	6548959
2012-02-06	13.69	13.74	13.63	13.69	4876852
2012-02-07	13.81	13.84	13.59	13.69	3214516
2012-02-08	13.84	13.86	13.72	13.85	3663303
2012-02-09	13.80	13.85	13.73	13.83	4468757
2012-02-10	14.17	14.22	13.80	13.88	8034894
2012-02-13	13.91	14.24	13.86	14.17	7637105
2012-02-14	13.87	13.91	13.77	13.89	4759502
2012-02-15	13.92	13.98	13.81	13.91	3932682
2012-02-16	14.13	14.24	13.94	13.95	5843891
2012-02-17	14.18	14.24	14.10	14.22	3826820
2012-02-21	14.09	14.22	14.05	14.19	3540155
2012-02-22	14.22	14.31	14.09	14.10	5606936
2012-02-23	14.25	14.30	14.18	14.22	16273996
2012-02-24	14.37	14.42	14.24	14.29	12815439
2012-02-27	14.31	14.44	14.30	14.36	14720421
2012-02-28	14.29	14.38	14.20	14.34	2999034
2012-02-29	14.22	14.28	14.07	14.26	4830041
2012-03-01	14.23	14.30	14.17	14.24	4349474
2012-03-02	14.18	14.29	14.14	14.23	3167168
2012-03-05	14.23	14.24	14.09	14.18	2812111
2012-03-06	14.07	14.21	14.05	14.19	4200773
2012-03-07	14.10	14.13	13.98	14.10	3628301
2012-03-08	14.17	14.21	14.08	14.16	2899077
2012-03-09	14.26	14.27	14.13	14.18	2583315
2012-03-12	14.38	14.40	14.24	14.27	3018359
2012-03-13	14.32	14.41	14.25	14.40	3692828
2012-03-14	14.18	14.37	14.13	14.33	2728688
2012-03-15	14.22	14.23	14.11	14.20	2398647
2012-03-16	14.28	14.30	14.17	14.20	4795577
2012-03-19	14.17	14.34	14.17	14.29	3029203
2012-03-20	14.03	14.16	14.03	14.14	3783122
2012-03-21	13.98	14.07	13.92	14.03	4125403
2012-03-22	13.96	14.03	13.86	13.98	5418295
2012-03-23	13.96	14.07	13.93	14.00	4490981
2012-03-26	14.00	14.10	13.90	14.06	4630127
2012-03-27	14.21	14.26	14.03	14.03	6076551
2012-03-28	14.09	14.25	14.02	14.20	3787417
2012-03-29	14.13	14.14	13.98	14.00	4887481
2012-03-30	14.26	14.26	14.08	14.18	4395534
2012-04-02	14.23	14.35	14.18	14.27	3545523
2012-04-03	14.21	14.30	14.09	14.30	3406807
2012-04-04	14.07	14.17	14.03	14.12	7159974
2012-04-05	13.94	14.07	13.87	14.03	4197123
2012-04-09	13.95	14.02	13.83	13.83	4071183
2012-04-10	13.65	13.75	13.61	13.70	15802770
2012-04-11	13.66	13.73	13.64	13.72	5298368
2012-04-12	13.67	13.74	13.63	13.67	6081490
2012-04-13	13.51	13.65	13.46	13.62	9006549
2012-04-16	13.59	13.70	13.53	13.54	4113163
2012-04-17	13.67	13.68	13.55	13.65	3594374
2012-04-18	13.57	13.67	13.54	13.64	3913142
2012-04-19	13.57	13.62	13.51	13.56	3853339
2012-04-20	13.70	13.74	13.57	13.59	4441486
2012-04-23	13.65	13.68	13.60	13.63	2791497
2012-04-24	13.76	13.81	13.65	13.67	3216985
2012-04-25	13.67	13.72	13.58	13.64	5146876
2012-04-26	13.81	13.83	13.63	13.66	3091690
2012-04-27	13.78	13.87	13.71	13.85	3133026
2012-04-30	13.80	13.80	13.66	13.69	4098347
2012-05-01	13.91	13.93	13.76	13.81	5289994
2012-05-02	13.85	13.92	13.77	13.91	5149130
2012-05-03	13.75	13.94	13.74	13.84	4138286
2012-05-04	13.80	13.94	13.78	13.92	3605970
2012-05-07	13.81	13.85	13.75	13.80	3374490
2012-05-08	13.91	13.92	13.74	13.76	4913678
2012-05-09	13.85	13.93	13.74	13.82	3992484
2012-05-10	13.99	14.02	13.90	13.95	2866652
2012-05-11	13.88	14.01	13.86	13.95	3212798
2012-05-14	13.81	13.88	13.75	13.78	3151922
2012-05-15	13.67	13.87	13.66	13.83	4488834
2012-05-16	13.81	13.85	13.68	13.72	3928709
2012-05-17	13.78	13.91	13.78	13.81	4629482
2012-05-18	13.72	13.93	13.68	13.82	4964247
2012-05-21	13.68	13.77	13.65	13.75	3675864
2012-05-22	13.78	13.80	13.70	13.71	4305454
2012-05-23	13.67	13.88	13.62	13.75	5070217
2012-05-24	13.83	13.91	13.70	13.72	23750054
2012-05-25	13.88	13.92	13.85	13.86	19265622
2012-05-29	13.93	14.00	13.88	14.00	20131952
2012-05-30	13.77	14.01	13.75	13.91	4582564
2012-05-31	13.81	13.88	13.67	13.78	4199377
2012-06-01	13.86	13.90	13.70	13.71	5136676
2012-06-04	13.90	13.90	13.80	13.83	5555508
2012-06-05	13.92	14.00	13.85	13.89	6641078
2012-06-06	14.09	14.09	13.93	14.01	3909813
2012-06-07	14.13	14.21	14.12	14.19	4442774
2012-06-08	14.25	14.31	14.11	14.15	7193150
2012-06-11	14.13	14.29	14.11	14.27	7015568
2012-06-12	14.11	14.16	14.05	14.15	4972300
2012-06-13	14.10	14.19	14.02	14.11	3802985
2012-06-14	14.18	14.21	14.11	14.15	4978312
2012-06-15	14.22	14.24	14.14	14.22	6714623
2012-06-18	14.24	14.32	14.16	14.32	3722031
2012-06-19	14.31	14.42	14.23	14.32	5549603
2012-06-20	14.17	14.35	14.12	14.30	4203565
2012-06-21	14.12	14.30	14.11	14.22	5643869
2012-06-22	14.05	14.17	14.05	14.17	4209362
2012-06-25	14.03	14.07	13.97	14.00	2858922
2012-06-26	14.05	14.12	14.03	14.06	4078699
2012-06-27	14.16	14.22	14.10	14.10	3279901
2012-06-28	14.19	14.20	14.07	14.07	2913786
2012-06-29	14.22	14.32	14.12	14.32	5373309
2012-07-02	14.40	14.40	14.27	14.30	4044557
2012-07-03	14.37	14.47	14.32	14.41	2173502
2012-07-05	14.25	14.37	14.23	14.34	2989908
2012-07-06	14.27	14.30	14.17	14.18	3287632
2012-07-09	14.22	14.30	14.19	14.25	4141185
2012-07-10	14.31	14.31	14.23	14.26	4448679
2012-07-11	14.43	14.44	14.30	14.34	3810393
2012-07-12	14.38	14.44	14.32	14.39	3328430
2012-07-13	14.55	14.55	14.39	14.40	4043912
2012-07-16	14.62	14.64	14.45	14.56	4265622
2012-07-17	14.70	14.70	14.49	14.62	9734271
2012-07-18	14.70	14.73	14.60	14.70	3621108
2012-07-19	14.79	14.82	14.60	14.73	3842388
2012-07-20	14.84	14.88	14.73	14.75	4526412
2012-07-23	14.75	14.82	14.72	14.78	3920764
2012-07-24	14.64	14.78	14.55	14.74	3855057
2012-07-25	14.58	14.74	14.53	14.69	4468327
2012-07-26	14.72	14.75	14.68	14.69	4126047
2012-07-27	14.91	14.94	14.77	14.80	3727185
2012-07-30	14.93	14.97	14.80	14.90	3572579
2012-07-31	14.77	14.95	14.77	14.93	3561091
2012-08-01	14.76	15.08	14.73	14.83	9932789
2012-08-02	14.61	14.72	14.52	14.70	4171570
2012-08-03	14.66	14.76	14.61	14.72	3987331
2012-08-06	14.69	14.78	14.66	14.72	4558621
2012-08-07	14.56	14.76	14.56	14.74	4096307
2012-08-08	14.89	14.96	14.62	14.93	5244256
2012-08-09	15.11	15.16	15.00	15.02	6033176
2012-08-10	15.29	15.30	15.03	15.10	4079772
2012-08-13	15.30	15.33	15.18	15.24	4768735
2012-08-14	15.20	15.33	15.17	15.29	4201739
2012-08-15	15.18	15.21	15.12	15.21	3989371
2012-08-16	15.08	15.25	15.06	15.21	3848186
2012-08-17	15.03	15.13	14.98	15.11	2492914
2012-08-20	15.07	15.08	14.98	15.03	2642044
2012-08-21	14.98	15.10	14.98	15.07	2479815
2012-08-22	14.97	15.02	14.92	14.98	3340026
2012-08-23	14.86	14.98	14.81	14.97	3535645
2012-08-24	14.97	14.99	14.83	14.86	2820056
2012-08-27	14.97	15.02	14.95	14.98	2356882
2012-08-28	14.98	15.00	14.91	14.94	3344750
2012-08-29	15.03	15.05	14.91	14.98	4856453
2012-08-30	15.01	15.02	14.96	14.98	11080953
2012-08-31	14.99	15.05	14.97	15.03	13283122
2012-09-04	15.14	15.15	14.95	15.00	13438480
2012-09-05	15.15	15.23	15.08	15.18	6460275
2012-09-06	15.12	15.22	15.08	15.22	5406163
2012-09-07	15.13	15.19	15.08	15.14	2729547
2012-09-10	15.07	15.18	15.07	15.18	2729332
2012-09-11	14.97	15.15	14.95	15.09	4831007
2012-09-12	14.91	15.03	14.89	14.97	3750376
2012-09-13	15.13	15.13	14.84	14.90	6009233
2012-09-14	15.04	15.15	15.00	15.14	5944600
2012-09-17	14.99	15.06	14.96	15.02	8382220
2012-09-18	14.92	15.01	14.90	14.95	4170925
2012-09-19	14.89	14.99	14.89	14.94	3609727
2012-09-20	14.85	14.91	14.79	14.86	4743075
2012-09-21	14.87	14.91	14.78	14.90	6048636
2012-09-24	15.04	15.09	14.85	14.90	5841958
2012-09-25	15.00	15.14	15.00	15.08	3783552
2012-09-26	14.94	15.11	14.94	15.02	5529848
2012-09-27	14.82	14.99	14.82	14.96	4403157
2012-09-28	15.03	15.05	14.77	14.81	6025446
2012-10-01	14.90	15.16	14.90	15.09	4298368
2012-10-02	14.99	15.03	14.89	14.97	2615954
2012-10-03	15.10	15.13	14.99	15.01	2967576
2012-10-04	15.19	15.23	15.07	15.09	2631522
2012-10-05	15.07	15.23	15.05	15.23	3598669
2012-10-08	15.13	15.13	15.01	15.05	3386622
2012-10-09	15.17	15.22	15.10	15.13	3653532
2012-10-10	15.16	15.20	15.09	15.18	4529525
2012-10-11	15.25	15.32	15.14	15.21	3659008
2012-10-12	15.23	15.36	15.20	15.30	3508267
2012-10-15	15.24	15.27	15.14	15.27	2968435
2012-10-16	15.28	15.34	15.19	15.28	3312003
2012-10-17	15.45	15.52	15.30	15.33	3714731
2012-10-18	15.60	15.62	15.46	15.46	3615418
2012-10-19	15.41	15.61	15.41	15.57	3389736
2012-10-22	15.39	15.48	15.30	15.37	2752201
2012-10-23	15.30	15.38	15.24	15.32	2489800
2012-10-24	15.20	15.41	15.17	15.32	2834121
2012-10-25	15.29	15.32	15.15	15.25	2527915
2012-10-26	15.26	15.33	15.21	15.31	2713013
2012-10-31	15.30	15.42	15.25	15.31	2858278
2012-11-01	15.23	15.39	15.18	15.35	3294610
2012-11-02	15.10	15.31	15.10	15.26	7127979
2012-11-05	14.89	15.08	14.88	15.04	4536826
2012-11-06	14.91	15.02	14.88	14.89	3996457
2012-11-07	14.64	14.88	14.57	14.85	6395319
2012-11-08	14.87	15.08	14.68	14.69	8666416
2012-11-09	14.84	14.95	14.76	14.80	6086751
2012-11-12	14.62	14.83	14.58	14.82	3302126
2012-11-13	14.65	14.79	14.55	14.59	3625725
2012-11-14	14.48	14.70	14.46	14.67	4047778
2012-11-15	14.46	14.57	14.35	14.48	5003328
2012-11-16	14.77	14.78	14.39	14.47	6671892
2012-11-19	14.68	14.84	14.60	14.84	4718596
2012-11-20	14.66	14.74	14.53	14.69	3377174
2012-11-21	14.61	14.69	14.49	14.68	3448035
2012-11-23	14.53	14.64	14.44	14.61	1895319
2012-11-26	14.72	14.78	14.54	14.55	3816728
2012-11-27	14.91	14.97	14.76	14.76	4577840
2012-11-28	14.98	14.98	14.86	14.91	2945781
2012-11-29	15.04	15.06	14.93	15.01	2880395
2012-11-30	15.19	15.21	15.01	15.02	3986472
2012-12-03	15.04	15.21	15.01	15.19	4028022
2012-12-04	14.99	15.10	14.96	15.07	2393172
2012-12-05	15.19	15.27	14.95	15.00	4356131
2012-12-06	15.19	15.24	15.11	15.23	4800086
2012-12-07	15.18	15.23	15.11	15.19	2998819
2012-12-10	15.19	15.26	15.14	15.17	3149667
2012-12-11	15.18	15.30	15.15	15.22	4489263
2012-12-12	15.22	15.34	15.17	15.20	5409491
2012-12-13	15.25	15.27	15.15	15.21	7820915
2012-12-14	15.08	15.25	15.04	15.22	3516320
2012-12-17	15.33	15.34	15.10	15.10	4623470
2012-12-18	15.43	15.48	15.30	15.36	7828430
2012-12-19	15.27	15.45	15.26	15.45	3405626
2012-12-20	15.25	15.33	15.18	15.31	3844320
2012-12-21	15.15	15.29	15.08	15.28	6015568
2012-12-24	15.15	15.17	15.04	15.13	1268306
2012-12-26	14.99	15.19	14.99	15.17	2727722
2012-12-27	14.94	15.03	14.78	14.97	4057763
2012-12-28	14.76	14.95	14.76	14.88	2603715
2012-12-31	15.00	15.01	14.69	14.73	3602856
2013-01-02	15.24	15.28	15.07	15.19	5077088
2013-01-03	15.30	15.37	15.23	15.27	3883616
2013-01-04	15.30	15.36	15.23	15.33	4046060
2013-01-07	15.15	15.30	15.12	15.27	4760790
2013-01-08	15.08	15.18	15.06	15.14	3141722
2013-01-09	15.17	15.21	15.10	15.18	3775285
2013-01-10	15.19	15.25	15.13	15.25	3732553
2013-01-11	15.17	15.27	15.10	15.27	2816835
2013-01-14	15.17	15.26	15.14	15.19	2074619
2013-01-15	15.15	15.17	15.09	15.12	4832188
2013-01-16	15.04	15.15	15.00	15.12	3385119
2013-01-17	15.19	15.26	15.07	15.08	4171033
2013-01-18	15.39	15.39	15.25	15.27	3949431
2013-01-22	15.51	15.58	15.31	15.39	4772386
2013-01-23	15.40	15.49	15.37	15.46	4263904
2013-01-24	15.46	15.50	15.39	15.41	3255529
2013-01-25	15.51	15.54	15.41	15.49	3110479
2013-01-28	15.51	15.52	15.38	15.51	2797509
2013-01-29	15.65	15.66	15.51	15.52	2857956
2013-01-30	15.61	15.67	15.54	15.66	5162873
2013-01-31	15.87	15.91	15.59	15.59	6450827
2013-02-01	15.91	16.00	15.87	15.94	5786558
2013-02-04	15.78	15.87	15.77	15.86	2797187
2013-02-05	15.80	15.88	15.78	15.83	2555723
2013-02-06	15.86	15.86	15.70	15.79	2386622
2013-02-07	15.87	15.92	15.79	15.84	2911424
2013-02-08	15.88	15.91	15.80	15.87	2349689
2013-02-11	15.92	15.94	15.83	15.88	1651707
2013-02-12	15.99	16.00	15.87	15.93	2650741
2013-02-13	15.96	16.03	15.91	15.99	2287417
2013-02-14	15.99	16.03	15.75	15.82	4572686
2013-02-15	15.93	16.03	15.89	16.03	4385119
2013-02-19	15.96	16.02	15.85	15.86	4952115
2013-02-20	15.97	16.10	15.92	15.93	3166846
2013-02-21	15.94	16.00	15.90	15.97	4588684
2013-02-22	16.13	16.13	16.00	16.01	9698626
2013-02-25	15.90	16.21	15.90	16.18	14105325
2013-02-26	15.98	16.07	15.88	15.95	14825209
2013-02-27	16.09	16.10	15.97	15.98	2790208
2013-02-28	16.15	16.20	16.04	16.08	6626262
2013-03-01	16.15	16.19	16.03	16.14	3873953
2013-03-04	16.27	16.28	16.08	16.13	4076444
2013-03-05	16.40	16.42	16.26	16.30	3648808
2013-03-06	16.31	16.45	16.25	16.45	3493236
2013-03-07	16.18	16.37	16.17	16.31	2709577
2013-03-08	16.24	16.29	16.09	16.20	4140756
2013-03-11	16.05	16.14	15.98	16.09	7501933
2013-03-12	16.11	16.16	16.03	16.06	3776036
2013-03-13	16.18	16.21	16.08	16.14	2111875
2013-03-14	16.01	16.20	16.00	16.20	6193580
2013-03-15	16.16	16.16	15.94	15.95	6110049
2013-03-18	15.99	16.09	15.98	16.09	2829397
2013-03-19	15.99	16.12	15.90	16.04	4624758
2013-03-20	16.04	16.13	16.00	16.04	3294396
2013-03-21	15.99	16.10	15.98	16.03	4181340
2013-03-22	15.95	16.01	15.90	15.99	4705819
2013-03-25	15.97	16.06	15.88	16.02	4462744
2013-03-26	16.22	16.22	15.97	16.02	4123363
2013-03-27	16.31	16.32	16.09	16.15	3770990
2013-03-28	16.60	16.62	16.30	16.33	8552072
2013-04-01	16.57	16.62	16.52	16.62	3557977
2013-04-02	16.52	16.63	16.45	16.60	3538759
2013-04-03	16.37	16.56	16.33	16.56	5399721
2013-04-04	16.59	16.59	16.36	16.37	3786665
2013-04-05	16.67	16.69	16.47	16.47	4102319
2013-04-08	16.79	16.79	16.54	16.66	3300730
2013-04-09	16.69	16.81	16.63	16.81	3862680
2013-04-10	16.78	16.91	16.70	16.72	4998067
2013-04-11	16.91	16.94	16.74	16.79	3701417
2013-04-12	16.96	16.98	16.88	16.91	2277110
2013-04-15	16.70	16.95	16.70	16.85	3256710
2013-04-16	16.89	16.92	16.63	16.75	3677260
2013-04-17	16.87	17.01	16.74	16.96	4307601
2013-04-18	17.00	17.02	16.88	16.92	3392635
2013-04-19	17.27	17.27	17.01	17.05	9374919
2013-04-22	17.25	17.33	17.14	17.27	3448143
2013-04-23	17.33	17.33	17.17	17.29	4138501
2013-04-24	17.39	17.46	17.24	17.33	2973696
2013-04-25	17.40	17.47	17.33	17.44	2093945
2013-04-26	17.51	17.57	17.37	17.39	3988082
2013-04-29	17.66	17.71	17.49	17.57	4778828
2013-04-30	17.69	17.69	17.60	17.65	3681125
2013-05-01	17.63	17.79	17.57	17.71	3693043
2013-05-02	17.46	17.70	17.25	17.64	7166953
2013-05-03	17.35	17.58	17.35	17.50	6220743
2013-05-06	16.95	17.36	16.94	17.31	5352265
2013-05-07	17.18	17.18	16.97	16.99	5383723
2013-05-08	16.96	17.22	16.89	17.14	5112197
2013-05-09	16.86	17.01	16.83	16.95	6553790
2013-05-10	16.88	16.90	16.61	16.86	5659652
2013-05-13	16.82	16.87	16.64	16.84	5166738
2013-05-14	16.90	16.96	16.82	16.85	4743504
2013-05-15	16.97	17.05	16.84	16.90	3699914
2013-05-16	16.93	17.01	16.87	16.92	3628194
2013-05-17	17.04	17.06	16.93	16.97	6092549
2013-05-20	16.86	17.08	16.85	17.04	4788168
2013-05-21	16.87	16.94	16.78	16.87	4183809
2013-05-22	16.58	16.95	16.52	16.84	5412497
2013-05-23	16.43	16.56	16.14	16.52	15270346
2013-05-24	16.22	16.42	16.18	16.37	13299227
2013-05-28	15.94	16.26	15.80	16.25	19348293
2013-05-29	15.92	15.99	15.65	15.84	8863861
2013-05-30	15.85	16.16	15.83	15.99	5625617
2013-05-31	15.74	16.02	15.74	15.81	6811252
2013-06-03	15.72	15.92	15.60	15.74	6991411
2013-06-04	15.74	15.79	15.64	15.72	6011703
2013-06-05	15.61	15.73	15.60	15.69	4790638
2013-06-06	15.78	15.79	15.58	15.63	5573438
2013-06-07	15.72	15.96	15.70	15.83	6090402
2013-06-10	15.64	15.82	15.63	15.77	6561520
2013-06-11	15.56	15.76	15.49	15.57	8425274
2013-06-12	15.27	15.63	15.27	15.63	7476916
2013-06-13	15.56	15.57	15.27	15.28	6916148
2013-06-14	15.64	15.71	15.50	15.50	6152351
2013-06-17	15.64	15.81	15.59	15.67	5676938
2013-06-18	15.81	15.89	15.62	15.66	9049603
2013-06-19	15.59	15.98	15.59	15.80	7472944
2013-06-20	15.31	15.53	15.27	15.50	6977239
2013-06-21	15.56	15.59	15.29	15.39	8148701
2013-06-24	15.61	15.72	15.30	15.44	5266266
2013-06-25	15.84	15.85	15.59	15.66	5362250
2013-06-26	15.95	16.05	15.86	15.96	5163947
2013-06-27	15.94	16.20	15.89	16.01	4871484
2013-06-28	16.24	16.33	15.97	16.26	11737385
2013-07-01	16.05	16.47	15.98	16.47	10665772
2013-07-02	15.97	16.22	15.93	16.04	10584174
2013-07-03	15.88	15.95	15.86	15.89	4729225
2013-07-05	15.75	15.89	15.58	15.87	14269272
2013-07-08	16.02	16.02	15.77	15.81	5818016
2013-07-09	16.05	16.15	15.99	16.07	5042302
2013-07-10	16.10	16.16	15.95	16.04	4199055
2013-07-11	16.32	16.32	16.16	16.24	3907559
2013-07-12	16.35	16.36	16.18	16.32	3639575
2013-07-15	16.58	16.62	16.27	16.30	3780545
2013-07-16	16.57	16.61	16.46	16.55	3722783
2013-07-17	16.68	16.74	16.60	16.64	3490015
2013-07-18	16.94	16.94	16.73	16.73	4129590
2013-07-19	16.94	17.01	16.84	16.96	3502469
2013-07-22	16.93	17.01	16.90	16.96	2649023
2013-07-23	16.97	17.01	16.83	16.93	2289779
2013-07-24	16.73	16.98	16.65	16.97	2699163
2013-07-25	16.78	16.80	16.63	16.64	3309212
2013-07-26	16.82	16.86	16.68	16.75	3534142
2013-07-29	17.01	17.03	16.76	16.77	3915611
2013-07-30	17.03	17.16	16.96	17.07	4403693
2013-07-31	17.05	17.06	16.80	17.01	5536934
2013-08-01	17.17	17.20	16.95	17.12	4711080
2013-08-02	17.14	17.19	17.05	17.18	2192076
2013-08-05	17.18	17.21	17.02	17.11	3804703
2013-08-06	16.99	17.16	16.95	17.16	3641830
2013-08-07	17.11	17.11	16.88	16.97	3230406
2013-08-08	17.10	17.23	17.02	17.19	3617028
2013-08-09	17.12	17.20	17.08	17.11	3065493
2013-08-12	17.03	17.10	16.95	17.08	2562272
2013-08-13	16.89	17.09	16.88	17.05	2488512
2013-08-14	16.80	16.87	16.71	16.87	3881361
2013-08-15	16.58	16.76	16.58	16.67	4551643
2013-08-16	16.40	16.62	16.35	16.55	4334980
2013-08-19	16.40	16.53	16.33	16.38	3107365
2013-08-20	16.51	16.60	16.36	16.36	3518682
2013-08-21	16.31	16.50	16.25	16.46	3779901
2013-08-22	16.40	16.51	16.26	16.31	17042195
2013-08-23	16.58	16.61	16.35	16.43	10312970
2013-08-26	16.44	16.64	16.42	16.60	3240176
2013-08-27	16.51	16.65	16.33	16.36	5216556
2013-08-28	16.66	16.72	16.46	16.54	4408203
2013-08-29	16.54	16.65	16.47	16.61	3285484
2013-08-30	16.48	16.66	16.42	16.56	5696801
2013-09-03	16.43	16.65	16.36	16.62	4693043
2013-09-04	16.49	16.55	16.32	16.39	3353339
2013-09-05	16.36	16.51	16.32	16.48	3560017
2013-09-06	16.34	16.52	16.32	16.35	4825317
2013-09-09	16.45	16.47	16.31	16.36	5006979
2013-09-10	16.49	16.52	16.36	16.49	3467576
2013-09-11	16.39	16.53	16.23	16.53	5328108
2013-09-12	16.27	16.49	16.25	16.42	2692935
2013-09-13	16.30	16.41	16.26	16.33	2776358
2013-09-16	16.26	16.53	16.22	16.43	4626691
2013-09-17	16.41	16.47	16.20	16.23	3373309
2013-09-18	16.81	16.91	16.33	16.43	6001288
2013-09-19	16.67	16.91	16.62	16.85	6361177
2013-09-20	16.36	16.68	16.36	16.63	10485828
2013-09-23	16.64	16.67	16.31	16.37	5687138
2013-09-24	16.71	16.79	16.65	16.66	5255851
2013-09-25	16.57	16.74	16.47	16.73	6302341
2013-09-26	16.56	16.70	16.50	16.57	3369229
2013-09-27	16.49	16.75	16.41	16.66	7572364
2013-09-30	16.51	16.58	16.40	16.41	5638501
2013-10-01	16.65	16.65	16.49	16.57	6916577
2013-10-02	16.68	16.71	16.56	16.63	7173610
2013-10-03	16.43	16.62	16.39	16.61	3913571
2013-10-04	16.37	16.47	16.33	16.41	3331114
2013-10-07	16.29	16.41	16.28	16.32	4305132
2013-10-08	16.32	16.47	16.26	16.29	7145802
2013-10-09	16.30	16.57	16.28	16.38	6022869
2013-10-10	16.59	16.60	16.25	16.37	5973588
2013-10-11	16.57	16.67	16.53	16.60	3881254
2013-10-14	16.39	16.52	16.23	16.49	6498819
2013-10-15	16.07	17.27	16.07	16.33	7679729
2013-10-16	16.19	16.21	16.06	16.16	5570539
2013-10-17	16.56	16.60	16.07	16.13	5919583
2013-10-18	16.46	16.59	16.45	16.53	6221065
2013-10-21	16.46	16.52	16.36	16.47	4147090
2013-10-22	16.61	16.71	16.45	16.52	4461349
2013-10-23	16.65	16.81	16.59	16.60	5036934
2013-10-24	16.63	16.71	16.60	16.63	4196049
2013-10-25	16.73	16.74	16.54	16.60	3510629
2013-10-28	16.72	16.81	16.65	16.74	4059802
2013-10-29	16.80	16.84	16.70	16.77	3647949
2013-10-30	16.72	16.88	16.68	16.82	3971333
2013-10-31	16.64	16.76	16.41	16.71	5963281
2013-11-01	16.70	16.78	16.58	16.67	3737814
2013-11-04	16.75	16.82	16.62	16.78	3340026
2013-11-05	16.52	16.75	16.52	16.72	5796328
2013-11-06	16.67	16.71	16.53	16.56	5309427
2013-11-07	16.66	16.95	16.61	16.75	6449860
2013-11-08	16.58	16.63	16.36	16.57	4886193
2013-11-11	16.56	16.63	16.46	16.60	3121001
2013-11-12	16.41	16.54	16.33	16.50	3050676
2013-11-13	16.48	16.49	16.25	16.31	3752416
2013-11-14	16.76	16.78	16.55	16.57	4798046
2013-11-15	16.89	16.89	16.70	16.76	4597810
2013-11-18	16.79	16.93	16.72	16.90	3833691
2013-11-19	16.67	16.80	16.59	16.78	3599957
2013-11-20	16.51	16.77	16.51	16.63	4639790
2013-11-21	16.61	16.66	16.45	16.52	4361499
2013-11-22	16.68	16.87	16.64	16.67	5552716
2013-11-25	16.69	16.77	16.64	16.69	4067318
2013-11-26	16.51	16.75	16.51	16.74	5150526
2013-11-27	16.57	16.59	16.41	16.48	3977561
2013-11-29	16.69	16.80	16.55	16.60	2868800
2013-12-02	16.53	16.70	16.47	16.69	4349152
2013-12-03	16.70	16.71	16.49	16.51	4923985
2013-12-04	16.76	16.77	16.58	16.65	3272493
2013-12-05	16.46	16.76	16.42	16.74	5681662
2013-12-06	16.49	16.64	16.36	16.53	7526304
2013-12-09	16.53	16.56	16.37	16.47	4478097
2013-12-10	16.30	16.58	16.28	16.55	4330578
2013-12-11	16.12	16.30	16.09	16.28	4722246
2013-12-12	16.10	16.25	16.09	16.14	4214516
2013-12-13	16.09	16.17	15.98	16.15	4166631
2013-12-16	16.18	16.29	16.12	16.17	2935903
2013-12-17	16.11	16.15	16.02	16.12	3951364
2013-12-18	16.33	16.33	15.92	16.14	4717522
2013-12-19	16.13	16.30	16.02	16.27	3177260
2013-12-20	16.33	16.36	16.18	16.18	6248228
2013-12-23	16.37	16.48	16.33	16.39	3551857
2013-12-24	16.42	16.46	16.30	16.38	1293215
2013-12-26	16.36	16.43	16.31	16.41	1888125
2013-12-27	16.42	16.45	16.32	16.41	1769916
2013-12-30	16.47	16.48	16.38	16.38	2314258
2013-12-31	16.55	16.60	16.42	16.47	2639897
2014-01-02	16.31	16.57	16.30	16.57	5007516
2014-01-03	16.29	16.53	16.17	16.51	4519540
2014-01-06	16.36	16.44	16.30	16.39	4730513
2014-01-07	16.46	16.47	16.31	16.38	4551213
2014-01-08	16.31	16.42	16.24	16.40	4792892
2014-01-09	16.34	16.37	16.27	16.34	5600923
2014-01-10	16.66	16.69	16.44	16.45	5343676
2014-01-13	16.58	16.67	16.49	16.58	4287417
2014-01-14	16.52	16.64	16.50	16.58	3630664
2014-01-15	16.33	16.54	16.33	16.51	6719455
2014-01-16	16.42	16.45	16.32	16.36	4169100
2014-01-17	16.28	16.49	16.28	16.47	4963066
2014-01-21	16.43	16.45	16.25	16.44	4026412
2014-01-22	16.58	16.61	16.41	16.45	4605862
2014-01-23	16.59	16.62	16.44	16.57	3666738
2014-01-24	16.43	16.70	16.42	16.53	3841207
2014-01-27	16.36	16.46	16.34	16.44	3496135
2014-01-28	16.53	16.56	16.35	16.39	4755207
2014-01-29	16.54	16.64	16.43	16.53	5473696
2014-01-30	16.72	16.75	16.50	16.57	4034035
2014-01-31	16.81	16.85	16.54	16.58	6230298
2014-02-03	16.77	17.01	16.73	17.00	6207322
2014-02-04	16.67	16.83	16.56	16.82	5062164
2014-02-05	16.56	16.66	16.52	16.63	3442560
2014-02-06	16.66	16.78	16.58	16.67	6692935
2014-02-07	16.69	16.73	16.59	16.69	5443633
2014-02-10	16.91	16.91	16.59	16.68	4315546
2014-02-11	17.10	17.14	16.89	16.89	4415074
2014-02-12	17.10	17.13	16.97	17.04	2754885
2014-02-13	17.25	17.28	17.03	17.04	3256388
2014-02-14	17.34	17.34	17.19	17.21	2959738
2014-02-18	17.48	17.54	17.38	17.42	3280868
2014-02-19	17.39	17.54	17.34	17.45	2988834
2014-02-20	17.49	17.56	17.39	17.40	3868048
2014-02-21	17.49	17.63	17.47	17.53	3324136
2014-02-24	17.50	17.68	17.49	17.55	4047133
2014-02-25	17.55	17.69	17.47	17.51	3955873
2014-02-26	17.68	17.71	17.56	17.59	4455658
2014-02-27	17.58	17.71	17.53	17.68	4156431
2014-02-28	17.76	17.78	17.61	17.66	3986687
2014-03-03	17.61	17.76	17.51	17.71	4778398
2014-03-04	17.77	17.82	17.67	17.72	5253704
2014-03-05	17.60	17.79	17.56	17.77	5413034
2014-03-06	17.46	17.64	17.38	17.61	4410243
2014-03-07	17.72	17.72	17.36	17.43	5684024
2014-03-10	17.66	17.75	17.60	17.70	4879858
2014-03-11	17.62	17.73	17.50	17.68	3517071
2014-03-12	17.91	17.91	17.60	17.60	4912712
2014-03-13	18.01	18.09	17.85	17.91	6956195
2014-03-14	18.24	18.32	17.94	17.97	5916685
2014-03-17	18.23	18.28	18.12	18.26	3571291
2014-03-18	18.25	18.30	18.16	18.22	3322203
2014-03-19	17.93	18.28	17.84	18.25	3973803
2014-03-20	17.93	17.93	17.70	17.91	5175757
2014-03-21	18.05	18.27	17.96	18.03	7954370
2014-03-24	18.01	18.20	18.00	18.08	4549817
2014-03-25	18.01	18.10	17.86	18.03	4879107
2014-03-26	18.04	18.19	17.98	18.04	4959523
2014-03-27	18.26	18.30	17.95	18.01	7869551
2014-03-28	18.35	18.37	18.17	18.23	3212583
2014-03-31	18.44	18.50	18.21	18.37	6292463
2014-04-01	18.24	18.50	18.20	18.50	6388770
2014-04-02	18.04	18.25	18.04	18.25	5600172
2014-04-03	18.07	18.15	17.99	18.09	3669959
2014-04-04	18.20	18.38	17.99	18.00	4749839
2014-04-07	18.25	18.53	18.18	18.23	4637535
2014-04-08	18.53	18.53	18.10	18.21	5721495
2014-04-09	18.38	18.56	18.23	18.54	5812970
2014-04-10	18.38	18.63	18.32	18.42	4934292
2014-04-11	18.14	18.49	18.13	18.37	7740713
2014-04-14	18.23	18.30	18.13	18.21	6178763
2014-04-15	18.48	18.55	18.26	18.28	6568821
2014-04-16	18.60	18.60	18.44	18.55	3384260
2014-04-17	18.44	18.67	18.39	18.55	4329397
2014-04-21	18.33	18.55	18.25	18.50	6777002
2014-04-22	18.33	18.37	18.24	18.31	6037256
2014-04-23	18.43	18.68	18.33	18.37	9631522
2014-04-24	18.58	18.68	18.44	18.53	4749087
2014-04-25	18.67	18.75	18.58	18.60	4734378
2014-04-28	18.72	18.84	18.60	18.67	5475843
2014-04-29	18.62	18.81	18.54	18.71	4721065
2014-04-30	18.55	18.89	18.49	18.61	11180374
2014-05-01	19.04	19.13	18.53	18.67	7880502
2014-05-02	18.81	19.16	18.75	18.89	7028237
2014-05-05	19.12	19.13	18.79	18.82	5111660
2014-05-06	19.03	19.17	18.92	19.03	6066244
2014-05-07	19.20	19.27	18.98	19.06	7371699
2014-05-08	18.96	19.23	18.92	19.23	3653425
2014-05-09	18.72	19.04	18.68	19.01	4409921
2014-05-12	18.43	18.78	18.37	18.78	4317586
2014-05-13	18.58	18.59	18.42	18.46	4647842
2014-05-14	18.67	18.73	18.51	18.60	3943311
2014-05-15	18.79	18.81	18.67	18.70	5306635
2014-05-16	19.00	19.01	18.70	18.82	7689714
2014-05-19	18.69	19.00	18.57	18.99	6392098
2014-05-20	18.52	18.80	18.48	18.68	3856131
2014-05-21	18.54	18.58	18.44	18.55	3531136
2014-05-22	18.68	18.74	18.57	18.60	4941808
2014-05-23	18.58	18.77	18.56	18.66	4276036
2014-05-27	19.11	19.18	18.89	18.93	9277432
2014-05-28	19.28	19.29	18.98	19.09	6277217
2014-05-29	19.36	19.41	19.15	19.36	4493558
2014-05-30	19.53	19.55	19.32	19.34	4783659
2014-06-02	19.36	19.51	19.32	19.47	2826712
2014-06-03	19.47	19.62	19.28	19.30	4965858
2014-06-04	19.40	19.46	19.31	19.40	2552931
2014-06-05	19.43	19.52	19.34	19.40	4251342
2014-06-06	19.50	19.57	19.42	19.45	4447069
2014-06-09	19.25	19.51	19.18	19.45	3736526
2014-06-10	19.51	19.79	19.50	19.67	8461778
2014-06-11	18.97	19.50	18.95	19.49	9782371
2014-06-12	18.86	19.02	18.66	19.01	7532639
2014-06-13	19.14	19.23	18.81	18.91	5983895
2014-06-16	19.28	19.45	19.08	19.10	5066566
2014-06-17	19.14	19.30	19.12	19.21	4209792
2014-06-18	19.51	19.53	19.13	19.14	5118961
2014-06-19	19.57	19.71	19.27	19.27	4259180
2014-06-20	19.48	19.65	19.45	19.60	3747370
2014-06-23	19.39	19.53	19.26	19.45	3358922
2014-06-24	19.41	19.52	19.35	19.35	3498497
2014-06-25	19.44	19.49	19.27	19.38	3806420
2014-06-26	19.55	19.57	19.39	19.45	3676831
2014-06-27	19.80	19.80	19.46	19.55	6346146
2014-06-30	19.99	20.00	19.69	19.84	4693150
2014-07-01	19.78	19.98	19.77	19.98	3774104
2014-07-02	19.31	19.74	19.22	19.73	4333262
2014-07-03	19.14	19.28	19.04	19.28	2838523
2014-07-07	19.17	19.27	19.06	19.12	2961885
2014-07-08	19.19	19.24	19.08	19.11	3817801
2014-07-09	19.13	19.28	19.02	19.25	4294932
2014-07-10	19.26	19.31	19.13	19.13	2344750
2014-07-11	19.03	19.30	18.96	19.23	4020399
2014-07-14	18.78	19.09	18.77	19.07	4291389
2014-07-15	18.86	18.93	18.75	18.77	3420120
2014-07-16	18.93	18.99	18.79	18.89	3139253
2014-07-17	18.75	18.93	18.74	18.89	3186171
2014-07-18	19.04	19.08	18.73	18.83	4286236
2014-07-21	19.00	19.02	18.82	18.92	4496994
2014-07-22	18.92	19.07	18.90	19.03	2948572
2014-07-23	18.94	19.00	18.88	18.94	2604359
2014-07-24	19.00	19.03	18.85	18.95	2421087
2014-07-25	18.81	19.08	18.77	18.99	2137642
2014-07-28	19.15	19.18	18.78	18.81	3077518
2014-07-29	18.96	19.20	18.95	19.20	2205282
2014-07-30	18.64	19.09	18.61	18.99	3651170
2014-07-31	18.56	18.85	18.37	18.60	4945244
2014-08-01	18.64	18.74	18.41	18.45	4401546
2014-08-04	18.59	18.70	18.21	18.68	6529740
2014-08-05	18.30	18.61	18.24	18.50	4017823
2014-08-06	17.97	18.27	17.88	18.23	8861391
2014-08-07	18.22	18.27	18.05	18.05	5000215
2014-08-08	18.56	18.58	18.30	18.30	10282693
2014-08-11	18.56	18.71	18.52	18.64	3486794
2014-08-12	18.64	18.74	18.51	18.57	3723857
2014-08-13	18.73	18.75	18.55	18.64	4270346
2014-08-14	18.95	18.96	18.74	18.74	2742109
2014-08-15	19.02	19.15	18.92	18.95	4698626
2014-08-18	18.93	19.10	18.85	19.04	2932897
2014-08-19	19.18	19.19	18.92	18.97	3157075
2014-08-20	19.17	19.22	19.04	19.19	2466824
2014-08-21	19.29	19.39	19.19	19.21	2599098
2014-08-22	19.22	19.39	19.12	19.30	2182306
2014-08-25	19.31	19.42	19.21	19.25	2376852
2014-08-26	19.09	19.44	19.06	19.37	3053253
2014-08-27	19.30	19.31	19.10	19.10	3363109
2014-08-28	19.38	19.42	19.21	19.24	2129053
2014-08-29	19.48	19.49	19.33	19.36	4012240
2014-09-02	19.28	19.53	19.18	19.42	3272171
2014-09-03	19.41	19.48	19.34	19.40	2233412
2014-09-04	19.37	19.43	19.24	19.34	3244041
2014-09-05	19.45	19.49	19.36	19.40	4267339
2014-09-08	19.16	19.46	19.05	19.46	5020614
2014-09-09	18.95	19.07	18.88	19.06	5276036
2014-09-10	18.75	18.94	18.66	18.91	5640756
2014-09-11	18.87	18.91	18.65	18.72	5001181
2014-09-12	18.56	18.80	18.49	18.78	3760361
2014-09-15	18.56	18.65	18.50	18.56	3269165
2014-09-16	19.05	19.06	18.50	18.52	6092549
2014-09-17	19.03	19.25	18.96	19.10	4763152
2014-09-18	18.93	19.06	18.82	19.03	4427851
2014-09-19	19.13	19.17	18.90	18.94	7352695
2014-09-22	18.95	19.08	18.85	19.07	3056259
2014-09-23	18.83	18.98	18.83	18.94	3103500
2014-09-24	18.64	18.87	18.54	18.85	4657934
2014-09-25	18.66	18.79	18.62	18.65	4238029
2014-09-26	18.61	18.72	18.43	18.70	3036075
2014-09-29	18.73	18.77	18.50	18.54	3357097
2014-09-30	18.68	18.96	18.62	18.78	4403049
2014-10-01	18.82	19.03	18.72	18.74	5321129
2014-10-02	18.85	18.97	18.78	18.82	3310608
2014-10-03	19.04	19.10	18.73	18.91	2682736
2014-10-06	19.03	19.12	18.91	19.05	1751557
2014-10-07	19.10	19.36	18.97	19.01	3972085
2014-10-08	19.49	19.51	19.11	19.14	4007945
2014-10-09	19.16	19.61	19.16	19.47	5179193
2014-10-10	19.21	19.51	19.15	19.21	4859029
2014-10-13	19.13	19.42	19.13	19.26	4761971
2014-10-14	19.10	19.44	18.98	19.23	9774426
2014-10-15	18.48	19.18	18.27	19.06	12542946
2014-10-16	18.79	18.86	18.25	18.27	6570646
2014-10-17	18.97	18.99	18.68	18.91	5131522
2014-10-20	19.30	19.31	18.97	18.99	4031780
2014-10-21	19.30	19.38	19.19	19.34	3150204
2014-10-22	19.54	19.62	19.32	19.33	5036504
2014-10-23	19.53	19.71	19.48	19.68	3919369
2014-10-24	19.64	19.68	19.46	19.52	2764333
2014-10-27	19.72	19.76	19.56	19.69	3338845
2014-10-28	19.81	19.81	19.56	19.73	4112948
2014-10-29	19.62	19.88	19.43	19.81	3494417
2014-10-30	19.80	19.89	19.60	19.66	7648379
2014-10-31	19.90	19.91	19.72	19.89	6966717
2014-11-03	19.98	20.05	19.84	19.91	4649238
2014-11-04	19.87	20.14	19.78	19.95	3511703
2014-11-05	20.69	20.71	20.03	20.13	12069680
2014-11-06	20.47	20.66	20.26	20.66	8247155
2014-11-07	20.76	20.76	20.42	20.47	4466932
2014-11-10	20.92	20.93	20.68	20.70	4628409
2014-11-11	20.80	20.93	20.73	20.89	3785269
2014-11-12	20.39	20.64	20.33	20.55	6025338
2014-11-13	20.31	20.57	20.26	20.43	3480996
2014-11-14	20.15	20.28	20.11	20.23	5247584
2014-11-17	20.27	20.31	20.07	20.15	5112197
2014-11-18	20.26	20.43	20.19	20.31	3570754
2014-11-19	20.13	20.25	20.05	20.20	5360747
2014-11-20	20.05	20.17	19.97	20.17	4210114
2014-11-21	20.19	20.26	20.02	20.26	4427099
2014-11-24	19.99	20.29	19.94	20.24	3652351
2014-11-25	20.02	20.06	19.82	20.04	4137857
2014-11-26	20.04	20.13	19.98	19.99	3083852
2014-11-28	20.20	20.32	20.06	20.13	1737170
2014-12-01	20.24	20.33	20.08	20.18	3419691
2014-12-02	20.40	20.42	20.11	20.21	4384904
2014-12-03	20.42	20.46	20.34	20.39	6258428
2014-12-04	20.26	20.51	20.20	20.39	4341207
2014-12-05	20.05	20.30	19.95	20.11	4385549
2014-12-08	20.24	20.34	20.08	20.08	3908310
2014-12-09	20.37	20.48	20.16	20.16	3898862
2014-12-10	20.10	20.52	20.09	20.38	3235774
2014-12-11	20.30	20.47	20.15	20.15	3523728
2014-12-12	20.13	20.41	20.11	20.24	3537685
2014-12-15	19.78	20.23	19.77	20.15	4538329
2014-12-16	19.66	20.02	19.60	19.82	4593086
2014-12-17	20.02	20.09	19.69	19.71	4215375
2014-12-18	20.61	20.62	20.08	20.16	5592656
2014-12-19	20.70	20.85	20.51	20.58	7217093
2014-12-22	20.70	20.96	20.49	20.96	4293107
2014-12-23	20.92	20.99	20.73	20.78	2799656
2014-12-24	21.26	21.36	20.91	20.91	2764977
2014-12-26	21.46	21.59	21.27	21.27	4165128
2014-12-29	21.81	21.92	21.47	21.47	4116813
2014-12-30	21.39	21.76	21.35	21.73	2544020
2014-12-31	20.88	21.46	20.85	21.42	3771097
2015-01-02	20.90	21.02	20.69	20.97	4041765
2015-01-05	20.42	20.88	20.27	20.77	5920013
2015-01-06	20.41	20.65	20.28	20.38	5634529
2015-01-07	20.50	20.63	20.32	20.45	4335839
2015-01-08	20.42	20.67	20.35	20.58	5903371
2015-01-09	20.32	20.52	20.29	20.49	4709899
2015-01-12	20.21	20.41	20.03	20.39	5436654
2015-01-13	20.00	20.51	19.96	20.36	11210543
2015-01-14	20.24	20.27	19.94	19.98	4764226
2015-01-15	20.30	20.38	20.17	20.28	4668563
2015-01-16	20.31	20.32	20.16	20.32	5624436
2015-01-20	20.46	20.48	20.29	20.40	4173288
2015-01-21	20.70	20.75	20.29	20.36	4621860
2015-01-22	20.52	20.84	20.33	20.82	4796221
2015-01-23	20.56	20.69	20.52	20.59	3127228
2015-01-26	20.52	20.53	20.30	20.48	2823277
2015-01-27	20.52	20.61	20.40	20.44	3401761
2015-01-28	20.42	20.70	20.36	20.42	5649667
2015-01-29	20.63	20.67	20.23	20.36	4583852
2015-01-30	20.40	20.66	20.36	20.56	5998497
2015-02-02	20.63	20.63	20.15	20.40	5461993
2015-02-03	20.91	20.91	20.49	20.61	5993451
2015-02-04	20.58	20.91	20.55	20.86	4436225
2015-02-05	20.88	21.12	20.66	20.77	3955551
2015-02-06	20.24	20.82	20.13	20.77	7304810
2015-02-09	19.92	20.27	19.84	20.17	6660833
2015-02-10	20.29	20.31	19.90	19.90	4416899
2015-02-11	19.96	20.20	19.86	20.15	4590616
2015-02-12	20.03	20.09	19.90	19.97	5363753
2015-02-13	19.94	20.02	19.70	19.96	5464569
2015-02-17	19.87	20.01	19.73	19.86	5927528
2015-02-18	20.36	20.38	19.83	19.85	5468864
2015-02-19	20.21	20.39	20.09	20.36	5178548
2015-02-20	20.10	20.23	19.82	20.20	6122504
2015-02-23	20.21	20.21	19.99	20.15	3515031
2015-02-24	20.26	20.39	20.12	20.18	4216448
2015-02-25	19.90	20.26	19.85	20.20	4633884
2015-02-26	19.70	19.98	19.62	19.94	4706463
2015-02-27	19.60	19.76	19.55	19.76	5741357
2015-03-02	19.20	19.59	19.07	19.56	7321988
2015-03-03	19.25	19.31	19.04	19.16	4128516
2015-03-04	19.11	19.19	18.96	19.19	4288705
2015-03-05	19.20	19.35	19.10	19.20	5974554
2015-03-06	18.45	18.93	18.37	18.93	7587610
2015-03-09	18.45	18.62	18.32	18.52	5694331
2015-03-10	18.38	18.63	18.32	18.39	5194009
2015-03-11	18.25	18.48	18.20	18.45	3499463
2015-03-12	18.55	18.62	18.37	18.38	5084926
2015-03-13	18.48	18.55	18.32	18.50	4632703
2015-03-16	18.77	18.88	18.56	18.56	3724715
2015-03-17	18.77	18.91	18.66	18.69	4497316
2015-03-18	19.79	19.90	18.73	18.77	13900687
2015-03-19	19.58	19.83	19.49	19.70	6554649
2015-03-20	19.97	20.04	19.66	19.70	11664269
2015-03-23	19.86	19.99	19.74	19.97	5616062
2015-03-24	19.65	19.98	19.61	19.89	5989478
2015-03-25	19.24	19.76	19.20	19.67	11660296
2015-03-26	19.19	19.42	19.14	19.20	4925811
2015-03-27	19.27	19.43	19.11	19.23	3249302
2015-03-30	19.51	19.56	19.18	19.33	4437299
2015-03-31	19.56	19.66	19.43	19.45	6235881
2015-04-01	19.57	19.61	19.09	19.31	6185742
2015-04-02	19.68	19.78	19.55	19.55	3593623
2015-04-06	19.98	20.11	19.70	19.73	4715697
2015-04-07	19.73	19.99	19.70	19.98	3398325
2015-04-08	19.81	19.85	19.61	19.77	3894030
2015-04-09	19.60	19.77	19.42	19.74	4829826
2015-04-10	19.79	19.86	19.60	19.62	4348293
2015-04-13	19.49	19.76	19.47	19.75	3560125
2015-04-14	19.68	19.72	19.51	19.58	3120893
2015-04-15	19.51	19.87	19.48	19.70	5359352
2015-04-16	19.45	19.50	19.22	19.50	4894138
2015-04-17	19.35	19.53	19.30	19.37	3269057
2015-04-20	19.65	19.70	19.40	19.40	3719025
2015-04-21	19.54	19.82	19.48	19.68	2662658
2015-04-22	19.74	19.79	19.47	19.57	4956947
2015-04-23	19.90	20.05	19.70	19.72	4560769
2015-04-24	20.10	20.18	19.82	19.90	4599098
2015-04-27	19.77	20.20	19.73	19.90	4652781
2015-04-28	19.98	19.99	19.65	19.70	4125510
2015-04-29	20.00	20.05	19.74	19.78	3939875
2015-04-30	19.78	20.05	19.65	19.97	6383401
2015-05-01	19.87	19.90	19.62	19.83	5120786
2015-05-04	20.02	20.19	19.84	19.89	3381361
2015-05-05	19.62	19.98	19.59	19.93	3992055
2015-05-06	19.40	19.67	19.13	19.59	6278505
2015-05-07	19.41	19.68	19.29	19.51	5830900
2015-05-08	19.70	19.90	19.58	19.76	5852373
2015-05-11	19.62	19.90	19.60	19.62	4545738
2015-05-12	19.55	19.62	19.40	19.52	4347434
2015-05-13	19.35	19.62	19.23	19.57	4540799
2015-05-14	19.52	19.58	19.39	19.43	3509233
2015-05-15	19.72	19.79	19.54	19.58	3141507
2015-05-18	19.93	19.95	19.58	19.62	3802341
2015-05-19	20.11	20.20	19.75	19.83	7058514
2015-05-20	20.26	20.40	20.06	20.13	5085892
2015-05-21	20.09	20.33	20.03	20.25	4910243
2015-05-22	20.01	20.12	19.84	20.02	3860747
2015-05-26	19.95	20.02	19.86	19.99	4059910
2015-05-27	20.15	20.21	19.98	20.03	4084282
2015-05-28	20.23	20.30	20.06	20.15	4665342
2015-05-29	20.17	20.29	20.10	20.20	3895641
2015-06-01	20.21	20.33	20.09	20.19	5413356
2015-06-02	19.85	20.23	19.75	20.19	10570500
2015-06-03	19.63	19.95	19.58	19.91	6317400
2015-06-04	19.63	19.78	19.58	19.61	5658200
2015-06-05	19.31	19.45	19.19	19.42	6069000
2015-06-08	19.03	19.31	19.01	19.28	7184700
2015-06-09	19.01	19.11	18.99	19.06	5472000
2015-06-10	19.09	19.26	19.04	19.16	5853100
2015-06-11	19.28	19.33	19.14	19.25	5840400
2015-06-12	19.04	19.27	19.03	19.20	3058500
2015-06-15	18.90	19.09	18.90	19.03	3994600
2015-06-16	18.97	19.03	18.79	18.90	5661300
2015-06-17	19.18	19.22	18.92	18.95	4897400
2015-06-18	19.47	19.56	19.18	19.18	4600800
2015-06-19	19.28	19.55	19.28	19.39	4645900
2015-06-22	19.34	19.54	19.29	19.51	3808300
2015-06-23	18.99	19.35	18.97	19.31	3934000
2015-06-24	18.77	19.08	18.77	18.99	4777100
2015-06-25	18.72	18.88	18.70	18.84	3431000
2015-06-26	18.79	18.90	18.64	18.72	4237400
2015-06-29	18.60	19.01	18.60	18.80	5166400
2015-06-30	18.62	18.70	18.53	18.68	6454200
2015-07-01	18.67	18.75	18.52	18.74	5556100
2015-07-02	18.82	18.95	18.70	18.79	5986700
2015-07-06	18.96	19.00	18.81	18.88	7680100
2015-07-07	19.54	19.61	19.03	19.03	7925500
2015-07-08	19.49	19.58	19.40	19.45	5764800
2015-07-09	19.35	19.63	19.28	19.57	4454100
2015-07-10	19.60	19.76	19.38	19.44	7854900
2015-07-13	19.56	19.71	19.47	19.68	3792100
2015-07-14	19.58	19.69	19.49	19.63	3470300
2015-07-15	19.73	19.73	19.44	19.58	4693800
2015-07-16	19.85	19.92	19.72	19.73	4679200
2015-07-17	19.64	19.81	19.64	19.81	3527400
2015-07-20	19.61	19.66	19.46	19.64	3179000
2015-07-21	19.52	19.61	19.46	19.52	3326800
2015-07-22	19.57	19.71	19.51	19.51	4076100
2015-07-23	19.40	19.57	19.30	19.55	4534800
2015-07-24	19.39	19.48	19.29	19.38	3662500
2015-07-27	19.62	19.71	19.41	19.42	3582100
2015-07-28	19.72	19.80	19.60	19.71	3603600
2015-07-29	19.77	19.77	19.59	19.68	3278600
2015-07-30	19.90	19.94	19.66	19.67	4287000
2015-07-31	20.09	20.26	20.05	20.06	3787900
2015-08-03	20.14	20.28	20.02	20.15	4393400
2015-08-04	19.92	20.12	19.88	20.07	2881200
2015-08-05	20.04	20.14	19.95	20.00	3036900
2015-08-06	20.27	20.30	19.87	20.06	3003300
2015-08-07	20.44	20.57	20.09	20.26	5414200
2015-08-10	20.47	20.64	20.42	20.42	3252800
2015-08-11	20.62	20.73	20.44	20.57	3975500
2015-08-12	21.00	21.02	20.54	20.55	6089500
2015-08-13	20.94	21.03	20.71	20.93	5110100
2015-08-14	21.07	21.12	20.80	20.94	2515600
2015-08-17	21.21	21.27	21.02	21.15	3477100
2015-08-18	21.12	21.19	21.03	21.17	3044100
2015-08-19	21.17	21.27	20.95	21.05	2775700
2015-08-20	21.08	21.37	20.97	21.03	3333000
2015-08-21	20.78	21.14	20.78	21.00	4154200
2015-08-24	19.82	20.51	19.71	20.14	7913900
2015-08-25	19.29	20.20	19.28	20.15	6989200
2015-08-26	19.76	19.83	19.27	19.54	6394900
2015-08-27	20.06	20.06	19.75	19.90	3626700
2015-08-28	19.82	20.05	19.54	20.04	4667000
2015-08-31	19.58	19.76	19.35	19.75	4992300
2015-09-01	18.95	19.37	18.84	19.33	6138900
2015-09-02	19.04	19.20	18.87	19.16	4539700
2015-09-03	19.11	19.25	18.99	19.11	3508700
2015-09-04	18.74	18.99	18.69	18.95	4138500
2015-09-08	19.12	19.13	18.89	19.01	5852700
2015-09-09	18.82	19.23	18.78	19.19	5553600
2015-09-10	18.89	19.08	18.81	18.83	4947300
2015-09-11	18.98	18.98	18.67	18.80	3738300
2015-09-14	19.10	19.25	19.00	19.01	4727000
2015-09-15	19.25	19.27	18.99	19.14	3395400
2015-09-16	19.41	19.49	19.26	19.28	3729500
2015-09-17	19.71	19.92	19.37	19.42	4979800
2015-09-18	19.81	19.98	19.62	19.62	7144000
2015-09-21	20.05	20.05	19.84	19.87	4777400
2015-09-22	19.86	20.05	19.70	19.96	6594400
2015-09-23	19.89	19.96	19.74	19.90	3180500
2015-09-24	20.21	20.28	19.78	19.81	5739800
2015-09-25	20.45	20.59	20.10	20.22	4284100
2015-09-28	20.41	20.62	20.35	20.51	7474400
2015-09-29	20.61	20.67	20.42	20.44	6507500
2015-09-30	21.04	21.06	20.65	20.70	5785000
2015-10-01	20.86	21.11	20.61	21.11	8029000
2015-10-02	21.14	21.19	20.81	20.97	7273600
2015-10-05	21.42	21.46	21.11	21.23	5862000
2015-10-06	21.15	21.43	21.05	21.41	5045000
2015-10-07	20.88	21.21	20.79	21.16	7000500
2015-10-08	21.17	21.20	20.75	20.83	6386500
2015-10-09	21.13	21.22	21.06	21.13	5295800
2015-10-12	21.38	21.43	21.13	21.13	4200800
2015-10-13	21.39	21.48	21.23	21.34	5841800
2015-10-14	21.55	21.63	21.36	21.41	3915800
2015-10-15	21.88	21.95	21.52	21.63	4655500
2015-10-16	22.05	22.11	21.87	21.99	4364400
2015-10-19	21.94	22.05	21.76	21.90	4629700
2015-10-20	21.93	22.04	21.77	21.86	3590700
2015-10-21	21.91	22.12	21.86	22.03	2871300
2015-10-22	22.23	22.34	21.94	21.97	3655900
2015-10-23	21.87	22.20	21.79	22.18	3130600
2015-10-26	21.96	21.96	21.69	21.91	3262700
2015-10-27	21.95	21.98	21.80	21.88	2963700
2015-10-28	21.38	22.05	21.20	21.97	7043500
2015-10-29	21.62	21.71	21.11	21.63	7157700
2015-10-30	22.01	22.06	21.64	21.72	5514800
2015-11-02	21.85	22.06	21.65	21.96	5790600
2015-11-03	21.98	22.00	21.68	21.82	3143000
2015-11-04	22.09	22.14	21.93	21.94	3289400
2015-11-05	21.89	22.14	21.89	22.05	2259000
2015-11-06	21.17	21.59	20.97	21.50	6791700
2015-11-09	21.15	21.22	20.87	21.11	3387100
2015-11-10	21.29	21.35	21.14	21.16	3427700
2015-11-11	21.75	21.79	21.36	21.40	4481000
2015-11-12	21.31	21.94	21.30	21.66	7406600
2015-11-13	21.15	21.56	21.09	21.35	4640300
2015-11-16	21.77	21.78	21.18	21.19	4382300
2015-11-17	21.35	21.86	21.27	21.70	3353300
2015-11-18	21.51	21.57	21.11	21.37	3662900
2015-11-19	21.82	21.86	21.58	21.59	4281100
2015-11-20	22.07	22.27	21.87	21.96	6515100
2015-11-23	21.73	22.39	21.66	22.35	4436600
2015-11-24	21.71	21.74	21.42	21.61	4136200
2015-11-25	21.53	21.71	21.38	21.70	3172800
2015-11-27	21.53	21.62	21.49	21.53	2026400
2015-11-30	21.78	21.95	21.52	21.57	6453100
2015-12-01	21.88	21.97	21.64	21.88	7239000
2015-12-02	21.23	21.85	21.17	21.78	5805800
2015-12-03	21.12	21.23	21.02	21.13	5776500
2015-12-04	21.59	21.63	21.20	21.20	5228700
2015-12-07	21.48	21.63	21.29	21.51	6527100
2015-12-08	21.43	21.50	21.32	21.43	4660100
2015-12-09	21.63	21.79	21.32	21.34	4937000
2015-12-10	21.31	21.62	21.27	21.59	3079900
2015-12-11	21.17	21.37	21.08	21.18	3855300
2015-12-14	21.21	21.28	20.94	21.13	4005900
2015-12-15	21.52	21.58	21.23	21.27	3952700
2015-12-16	21.89	21.94	21.58	21.61	5380100
2015-12-17	21.95	22.07	21.71	21.88	3339300
2015-12-18	21.77	21.91	21.51	21.89	6779600
2015-12-21	21.60	21.90	21.53	21.83	3737400
2015-12-22	21.88	21.94	21.45	21.67	4702900
2015-12-23	22.16	22.26	21.97	21.98	3840100
2015-12-24	22.17	22.27	22.07	22.11	1269100
2015-12-28	22.09	22.20	22.01	22.07	2733700
2015-12-29	22.29	22.31	22.16	22.22	2857900
2015-12-30	22.22	22.31	22.11	22.29	2568000
2015-12-31	22.09	22.25	21.84	22.25	3044700
2016-01-04	21.79	21.96	21.59	21.94	5092500
2016-01-05	22.03	22.07	21.50	21.80	5068800
2016-01-06	21.96	22.09	21.77	21.85	4119100
2016-01-07	21.70	21.89	21.63	21.79	3897700
2016-01-08	21.61	21.89	21.57	21.72	5717700
2016-01-11	21.93	22.01	21.65	21.74	5937800
2016-01-12	21.71	22.00	21.52	22.00	5806400
2016-01-13	21.68	21.90	21.61	21.76	4977500
2016-01-14	22.11	22.27	21.50	21.71	6294400
2016-01-15	21.54	22.00	21.34	21.75	6194400
2016-01-19	21.76	21.85	21.52	21.71	6161400
2016-01-20	21.23	21.71	20.82	21.61	8371500
2016-01-21	21.50	21.56	21.11	21.29	5108800
2016-01-22	22.01	22.07	21.51	21.65	4789700
2016-01-25	21.85	22.11	21.81	21.99	4359600
2016-01-26	21.89	22.19	21.78	21.87	4058200
2016-01-27	21.90	22.07	21.70	21.81	3901000
2016-01-28	22.21	22.36	21.74	21.90	3880700
2016-01-29	22.69	22.75	22.33	22.45	5248900
2016-02-01	23.24	23.36	22.70	22.75	10278200
2016-02-02	23.54	23.66	22.99	23.02	8670800
2016-02-03	23.74	23.98	23.53	23.60	7882000
2016-02-04	23.72	24.09	23.23	23.54	8225200
2016-02-05	23.40	23.65	23.20	23.50	7619500
2016-02-08	23.29	23.56	23.05	23.15	5847800
2016-02-09	23.38	23.65	23.13	23.28	5172200
2016-02-10	23.47	23.60	23.04	23.31	4498000
2016-02-11	23.23	23.52	23.17	23.36	4446700
2016-02-12	23.13	23.33	22.99	23.26	4590800
2016-02-16	23.32	23.46	23.04	23.24	4805500
2016-02-17	23.29	23.43	23.16	23.36	3542300
2016-02-18	23.63	23.72	23.25	23.33	3729100
2016-02-19	23.46	23.64	23.33	23.63	5287300
2016-02-22	23.30	23.52	22.97	23.48	6808600
2016-02-23	23.34	23.53	23.23	23.30	3031300
2016-02-24	23.25	23.41	22.92	23.30	6767300
2016-02-25	23.52	23.54	23.14	23.34	5827700
2016-02-26	22.53	23.49	22.49	23.41	9262600
2016-02-29	22.64	23.03	22.42	22.53	6843900
2016-03-01	22.54	22.86	22.40	22.79	6173700
2016-03-02	22.60	22.61	22.00	22.45	5463700
2016-03-03	22.82	22.82	22.37	22.67	4235600
2016-03-04	23.08	23.24	22.53	22.66	4531900
2016-03-07	23.33	23.41	22.98	23.08	5442600
2016-03-08	23.52	23.59	23.22	23.33	3934100
2016-03-09	23.84	23.94	23.54	23.54	4374100
2016-03-10	23.90	23.93	23.64	23.84	4777500
2016-03-11	23.91	24.05	23.80	23.92	3440600
2016-03-14	23.78	23.98	23.67	23.84	2698800
2016-03-15	23.88	23.96	23.67	23.69	2629900
2016-03-16	24.15	24.18	23.64	23.88	3361600
2016-03-17	24.57	24.64	24.05	24.13	5114600
2016-03-18	24.24	24.64	24.22	24.49	7565900
2016-03-21	24.32	24.48	24.07	24.31	3285500
2016-03-22	24.20	24.43	24.17	24.36	4799700
2016-03-23	24.24	24.35	24.02	24.18	4762900
2016-03-24	24.32	24.40	24.12	24.24	2370600
2016-03-28	24.31	24.49	24.17	24.37	1648700
2016-03-29	24.59	24.60	24.27	24.38	3051900
2016-03-30	24.66	24.75	24.50	24.68	2157500
2016-03-31	24.90	24.91	24.57	24.63	4788900
2016-04-01	24.98	25.00	24.61	24.92	3563900
2016-04-04	24.87	25.05	24.71	25.01	2377100
2016-04-05	24.41	24.85	24.33	24.80	4191700
2016-04-06	24.56	24.60	24.15	24.38	3917600
2016-04-07	24.43	24.66	24.35	24.54	2960600
2016-04-08	24.46	24.68	24.39	24.55	2644900
2016-04-11	24.32	24.64	24.31	24.42	2136400
2016-04-12	24.50	24.55	24.26	24.34	2252800
2016-04-13	24.27	24.51	24.10	24.51	3345400
2016-04-14	24.23	24.36	24.17	24.18	1763500
2016-04-15	24.55	24.58	24.18	24.25	3350000
2016-04-18	24.68	24.71	24.42	24.62	2540500
2016-04-19	24.72	24.80	24.52	24.72	3349000
2016-04-20	24.23	24.75	24.20	24.70	4406800
2016-04-21	23.72	24.23	23.64	24.22	6576100
2016-04-22	23.88	23.92	23.72	23.72	2863100
2016-04-25	23.90	23.95	23.77	23.87	3261200
2016-04-26	23.84	23.97	23.73	23.92	6044600
2016-04-27	24.11	24.30	23.84	23.95	5312300
2016-04-28	24.37	24.39	23.82	23.92	4012300
2016-04-29	24.62	24.69	24.18	24.39	5431000
2016-05-02	25.08	25.23	24.62	24.62	6228200
2016-05-03	24.90	25.15	24.79	25.03	4723400
2016-05-04	25.09	25.24	24.75	24.86	3740800
2016-05-05	25.06	25.36	24.96	25.03	4598200
2016-05-06	25.05	25.08	24.77	25.05	3081600
2016-05-09	25.14	25.23	25.03	25.09	3210100
2016-05-10	25.16	25.32	25.07	25.28	4010000
2016-05-11	25.32	25.34	25.06	25.22	3430300
2016-05-12	25.45	25.56	25.19	25.28	3079600
2016-05-13	25.43	25.50	25.25	25.38	4388300
2016-05-16	25.38	25.41	25.20	25.34	5012500
2016-05-17	25.05	25.36	24.90	25.34	3958400
2016-05-18	24.51	24.98	24.34	24.90	6571100
2016-05-19	24.79	24.81	24.26	24.38	3854200
2016-05-20	24.83	24.90	24.69	24.88	3891300
2016-05-23	24.49	24.88	24.48	24.84	4228700
2016-05-24	24.89	24.95	24.53	24.61	4609200
2016-05-25	24.85	24.92	24.63	24.74	2796300
2016-05-26	25.21	25.23	24.80	24.88	3537200
2016-05-27	25.30	25.31	25.07	25.25	3183000
2016-05-31	25.21	25.39	25.05	25.24	5127000
2016-06-01	25.27	25.34	25.14	25.16	4451200
2016-06-02	25.22	25.25	25.00	25.21	2738300
2016-06-03	25.70	25.78	25.43	25.47	5485300
2016-06-06	25.65	25.85	25.53	25.70	4101400
2016-06-07	25.66	25.83	25.60	25.64	4206300
2016-06-08	25.67	25.70	25.56	25.58	3729600
2016-06-09	25.92	25.95	25.67	25.68	3420800
2016-06-10	25.97	26.05	25.84	25.87	4889900
2016-06-13	25.61	26.07	25.56	25.94	7121800
2016-06-14	25.76	25.77	25.42	25.66	4726600
2016-06-15	25.64	25.82	25.58	25.80	6038900
2016-06-16	25.76	25.79	25.50	25.74	5758400
2016-06-17	25.78	25.87	25.66	25.72	10131400
2016-06-20	26.20	26.30	25.80	25.86	7514700
2016-06-21	26.20	26.36	26.05	26.18	3633100
2016-06-22	25.96	26.34	25.94	26.20	3676900
2016-06-23	26.05	26.09	25.87	26.07	5231500
2016-06-24	24.55	25.43	24.41	24.98	16873500
2016-06-27	24.15	24.46	24.00	24.30	8933500
2016-06-28	24.21	24.38	23.99	24.27	8182100
2016-06-29	24.47	24.48	24.19	24.34	5886700
2016-06-30	24.93	24.97	24.47	24.55	7844300
2016-07-01	24.83	25.02	24.62	24.96	4513300
2016-07-05	24.84	24.92	24.74	24.83	5298300
2016-07-06	24.63	24.89	24.34	24.84	6336100
2016-07-07	24.41	24.71	24.38	24.65	5092400
2016-07-08	24.74	24.75	24.21	24.48	3948300
2016-07-11	24.86	24.88	24.54	24.67	3770100
2016-07-12	24.63	24.88	24.60	24.69	4980100
2016-07-13	24.78	24.80	24.57	24.76	4166500
2016-07-14	24.49	24.69	24.47	24.61	6094300
2016-07-15	24.53	24.60	24.41	24.53	3766200
2016-07-18	24.65	24.73	24.55	24.59	3456800
2016-07-19	24.55	24.71	24.48	24.65	3619200
2016-07-20	24.40	24.63	24.37	24.57	3804400
2016-07-21	24.52	24.54	24.23	24.31	3015500
2016-07-22	24.90	24.92	24.51	24.53	4067400
2016-07-25	24.78	24.89	24.60	24.86	3406200
2016-07-26	24.65	24.86	24.41	24.77	4495300
2016-07-27	24.45	24.65	24.28	24.60	3738600
2016-07-28	24.59	24.64	24.36	24.39	2564000
2016-07-29	24.90	24.92	24.58	24.58	3644700
2016-08-01	24.83	24.94	24.73	24.87	2768400
2016-08-02	24.54	24.80	24.43	24.73	3725700
2016-08-03	24.50	24.59	24.36	24.54	3503800
2016-08-04	24.41	24.61	24.34	24.55	3035300
2016-08-05	24.28	24.39	24.14	24.30	4534800
2016-08-08	24.20	24.47	24.18	24.36	4379100
2016-08-09	23.94	24.17	23.65	24.02	5184400
2016-08-10	23.79	23.91	23.63	23.83	4498600
2016-08-11	24.04	24.04	23.71	23.80	4333000
2016-08-12	23.95	24.27	23.93	24.14	3372400
2016-08-15	23.39	24.03	23.36	23.95	5366500
2016-08-16	23.09	23.33	23.07	23.33	4913200
2016-08-17	23.36	23.42	22.82	23.07	6565000
2016-08-18	23.50	23.51	23.29	23.29	4370200
2016-08-19	23.21	23.42	23.08	23.36	4016700
2016-08-22	23.39	23.40	23.16	23.30	4191400
2016-08-23	23.29	23.62	23.29	23.44	3456600
2016-08-24	23.29	23.38	23.07	23.29	4336800
2016-08-25	23.33	23.38	23.25	23.34	2701200
2016-08-26	22.89	23.52	22.86	23.32	3505300
2016-08-29	23.10	23.15	22.84	23.02	3079000
2016-08-30	22.79	23.22	22.73	23.09	5063400
2016-08-31	22.97	22.98	22.68	22.79	6481300
2016-09-01	22.74	23.01	22.70	22.95	4781500
2016-09-02	23.13	23.15	22.85	22.86	4873000
2016-09-06	23.32	23.44	23.19	23.22	4180000
2016-09-07	23.17	23.33	23.06	23.32	3798300
2016-09-08	23.33	23.37	23.14	23.14	4375200
2016-09-09	22.45	23.17	22.44	23.17	5697000
2016-09-12	22.84	22.86	22.38	22.38	6921600
2016-09-13	22.53	22.84	22.46	22.83	4794400
2016-09-14	22.78	23.01	22.62	22.66	5171900
2016-09-15	23.15	23.19	22.68	22.77	4838600
2016-09-16	23.43	23.45	22.98	23.10	7192400
2016-09-19	23.44	23.51	23.29	23.47	3970200
2016-09-20	23.21	23.53	23.20	23.49	4428400
2016-09-21	23.67	23.69	23.20	23.21	4460000
2016-09-22	23.91	23.96	23.75	23.78	3435500
2016-09-23	23.83	23.91	23.63	23.70	4155500
2016-09-26	23.87	23.91	23.69	23.81	4682300
2016-09-27	23.53	23.99	23.46	23.97	4739100
2016-09-28	23.44	23.69	23.24	23.62	4123000
2016-09-29	23.24	23.40	23.18	23.38	4647400
2016-09-30	23.08	23.41	22.96	23.28	4998500
2016-10-03	22.66	23.08	22.50	23.02	5283400
2016-10-04	21.96	22.70	21.86	22.66	9571700
2016-10-05	21.80	22.03	21.60	22.00	10898300
2016-10-06	21.70	21.84	21.62	21.74	8117100
2016-10-07	21.53	22.19	21.42	21.72	8085400
2016-10-10	21.70	21.74	21.54	21.58	3945700
2016-10-11	21.49	21.76	21.44	21.67	4339800
2016-10-12	21.71	21.84	21.60	21.66	5738200
2016-10-13	22.03	22.30	21.61	21.67	12995500
2016-10-14	21.98	22.14	21.90	22.00	5691600
2016-10-17	22.07	22.13	21.94	22.00	3411400
2016-10-18	22.30	22.34	22.04	22.22	3877400
2016-10-19	22.27	22.38	22.18	22.25	3401800
2016-10-20	22.42	22.48	22.22	22.31	5049800
2016-10-21	22.24	22.42	22.12	22.31	3454500
2016-10-24	22.38	22.43	22.18	22.32	2485000
2016-10-25	22.50	22.52	22.30	22.32	2796200
2016-10-26	22.59	22.64	22.32	22.44	2950500
2016-10-27	22.48	22.58	22.39	22.48	3847000
2016-10-28	22.57	22.66	22.45	22.50	3562300
2016-10-31	22.92	23.07	22.60	22.67	5208600
2016-11-01	22.70	23.35	22.61	23.35	6690100
2016-11-02	22.64	22.77	22.38	22.65	4624500
2016-11-03	22.76	22.99	22.56	22.64	4768900
2016-11-04	22.71	23.00	22.70	22.88	3861500
2016-11-07	23.06	23.06	22.59	22.81	4026800
2016-11-08	23.19	23.32	23.02	23.10	3378400
2016-11-09	22.42	22.78	22.33	22.73	5569600
2016-11-10	22.10	22.48	21.67	22.30	6914600
2016-11-11	22.13	22.40	22.01	22.10	4951100
2016-11-14	21.94	22.09	21.76	22.03	7600700
2016-11-15	22.19	22.20	21.94	22.03	5239100
2016-11-16	21.94	22.32	21.81	22.26	3562000
2016-11-17	21.92	22.08	21.87	21.90	2987600
2016-11-18	21.92	22.10	21.81	21.96	2901100
2016-11-21	22.26	22.27	21.93	22.02	4023900
2016-11-22	22.24	22.34	22.08	22.19	3352100
2016-11-23	21.90	22.19	21.83	22.04	3219200
2016-11-25	22.24	22.34	21.96	21.96	1783900
2016-11-28	22.80	22.90	22.30	22.30	4966600
2016-11-29	22.82	22.95	22.72	22.75	4035500
2016-11-30	22.34	22.78	22.34	22.53	6759900
2016-12-01	22.10	22.26	21.88	22.22	4619000
2016-12-02	22.26	22.41	22.08	22.24	3488700
2016-12-05	22.20	22.21	21.94	22.14	5499000
2016-12-06	22.08	22.28	21.99	22.23	4690100
2016-12-07	22.35	22.36	22.08	22.15	4298400
2016-12-08	22.36	22.44	22.09	22.22	4636800
2016-12-09	22.63	22.66	22.37	22.40	4871100
2016-12-12	22.92	23.00	22.55	22.58	3808900
2016-12-13	23.10	23.13	22.87	22.95	3751900
2016-12-14	22.81	23.38	22.75	23.24	4936900
2016-12-15	23.06	23.12	22.64	22.66	4126300
2016-12-16	23.39	23.57	23.01	23.10	9949700
2016-12-19	23.35	23.53	23.06	23.48	3911600
2016-12-20	23.30	23.43	23.23	23.35	3195300
2016-12-21	23.25	23.51	23.24	23.27	2770100
2016-12-22	23.27	23.29	23.09	23.23	2621100
2016-12-23	23.16	23.31	23.03	23.31	1730600
2016-12-27	23.10	23.20	23.01	23.16	2290400
2016-12-28	22.87	23.16	22.81	23.15	3203200
2016-12-29	23.14	23.18	22.88	22.95	2885700
2016-12-30	23.00	23.20	22.93	23.17	2751700
2017-01-03	22.98	23.10	22.81	23.00	3367000
2017-01-04	23.03	23.31	22.96	23.00	3187400
2017-01-05	23.16	23.18	22.82	23.08	3497000
2017-01-06	23.34	23.36	23.02	23.08	3542700
2017-01-09	23.11	23.41	23.07	23.33	5474700
2017-01-10	22.92	23.10	22.77	23.06	3255400
2017-01-11	23.12	23.18	22.91	22.93	2423100
2017-01-12	23.30	23.38	23.09	23.12	3872000
2017-01-13	23.20	23.31	23.08	23.24	2692900
2017-01-17	23.43	23.49	23.11	23.11	6164700
2017-01-18	23.33	23.46	23.29	23.39	2218800
2017-01-19	23.12	23.34	23.05	23.17	2359900
2017-01-20	23.23	23.24	23.02	23.16	2596500
2017-01-23	23.20	23.39	23.15	23.28	2403100
2017-01-24	23.37	23.41	23.14	23.20	2801300
2017-01-25	23.31	23.41	23.22	23.29	2582700
2017-01-26	23.24	23.46	23.14	23.30	2140400
2017-01-27	23.14	23.33	23.06	23.30	2556100
2017-01-30	23.22	23.22	23.02	23.19	3147600
2017-01-31	23.53	23.58	23.20	23.23	5204300
2017-02-01	23.60	23.90	23.35	23.41	4932300
2017-02-02	23.83	23.88	23.56	23.70	3231900
2017-02-03	23.95	24.03	23.84	23.86	3200200
2017-02-06	23.80	24.06	23.79	24.01	4001900
2017-02-07	23.91	23.97	23.79	23.87	2206000
2017-02-08	24.08	24.10	23.84	23.85	2601200
2017-02-09	23.92	24.11	23.85	24.08	3444300
2017-02-10	23.97	24.06	23.87	23.87	3707000
2017-02-13	24.13	24.13	23.88	24.00	2261500
2017-02-14	23.95	24.10	23.85	24.06	2663700
2017-02-15	23.96	24.01	23.69	23.79	2317200
2017-02-16	24.12	24.12	23.87	23.89	2694700
2017-02-17	24.06	24.17	23.87	24.14	3438400
2017-02-21	24.33	24.39	23.96	24.05	2632500
2017-02-22	24.45	24.49	24.28	24.35	2367800
2017-02-23	24.66	24.75	24.47	24.55	2609600
2017-02-24	24.87	24.87	24.60	24.71	3255900
2017-02-27	24.70	24.89	24.68	24.87	3023800
2017-02-28	24.91	24.99	24.70	24.70	4154300
2017-03-01	24.80	24.95	24.53	24.65	3614900
2017-03-02	24.88	25.01	24.68	24.70	2655700
2017-03-03	24.77	24.90	24.58	24.89	3151500
2017-03-06	24.84	24.85	24.61	24.76	2999400
2017-03-07	24.85	24.91	24.71	24.83	3334600
2017-03-08	24.60	24.67	24.45	24.63	4177400
2017-03-09	24.60	24.74	24.54	24.58	3192900
2017-03-10	24.79	24.83	24.62	24.73	2789200
2017-03-13	24.88	24.89	24.71	24.76	3234200
2017-03-14	24.87	24.88	24.74	24.84	1976300
2017-03-15	25.19	25.31	24.90	24.91	3548400
2017-03-16	25.08	25.16	24.98	25.15	2841500
2017-03-17	25.25	25.40	25.10	25.15	5653700
2017-03-20	25.12	25.35	25.03	25.27	2548900
2017-03-21	25.58	25.68	25.12	25.12	3871400
2017-03-22	25.70	25.87	25.59	25.68	3597500
2017-03-23	25.70	25.91	25.62	25.67	2901900
2017-03-24	25.67	25.83	25.59	25.69	2269000
2017-03-27	25.64	25.88	25.52	25.80	3220200
2017-03-28	25.74	25.76	25.50	25.53	4009700
2017-03-29	25.56	25.67	25.36	25.67	4513200
2017-03-30	25.42	25.51	25.32	25.48	2969000
2017-03-31	25.52	25.67	25.40	25.46	3518700
2017-04-03	25.33	25.52	25.20	25.52	6326900
2017-04-04	25.51	25.59	25.32	25.37	3121100
2017-04-05	25.61	25.64	25.40	25.46	3362500
2017-04-06	25.54	25.60	25.44	25.59	3097100
2017-04-07	25.44	25.67	25.43	25.59	2586900
2017-04-10	25.45	25.49	25.27	25.43	2472900
2017-04-11	25.50	25.57	25.33	25.44	2573900
2017-04-12	25.79	25.79	25.41	25.50	3258500
2017-04-13	25.65	25.80	25.58	25.76	2756900
2017-04-17	25.89	25.89	25.69	25.70	3341700
2017-04-18	26.01	26.14	25.86	25.86	4097900
2017-04-19	25.78	25.97	25.67	25.94	3175100
2017-04-20	25.80	25.85	25.55	25.78	2644900
2017-04-21	25.89	26.03	25.77	25.80	3919900
2017-04-24	25.94	25.99	25.75	25.93	3471300
2017-04-25	26.05	26.05	25.85	25.89	2756200
2017-04-26	25.90	26.12	25.89	25.97	2802800
2017-04-27	26.00	26.16	25.88	25.89	2067400
2017-04-28	26.02	26.09	25.93	26.01	3254000
2017-05-01	25.93	26.06	25.86	26.06	3565500
2017-05-02	25.97	26.06	25.80	25.93	2835400
2017-05-03	25.93	26.04	25.84	25.93	2904000
2017-05-04	26.24	26.28	25.53	25.53	3834200
2017-05-05	26.30	26.48	26.19	26.31	3165500
2017-05-08	26.41	26.43	26.28	26.34	2690200
2017-05-09	26.19	26.39	26.15	26.36	3356100
2017-05-10	26.30	26.32	26.18	26.21	3706100
2017-05-11	26.31	26.34	26.12	26.26	2633600
2017-05-12	26.46	26.51	26.28	26.32	1884600
2017-05-15	26.51	26.62	26.40	26.45	2134100
2017-05-16	26.27	26.55	26.27	26.47	2658100
2017-05-17	26.41	26.56	26.27	26.27	3960900
2017-05-18	26.49	26.61	26.26	26.46	3289600
2017-05-19	26.50	26.58	26.29	26.47	4762600
2017-05-22	26.73	26.79	26.49	26.49	3150900
2017-05-23	26.82	27.01	26.75	26.80	2650600
2017-05-24	27.01	27.07	26.86	26.86	2542700
2017-05-25	27.24	27.27	26.98	27.00	2125500
2017-05-26	27.21	27.31	27.17	27.20	2144800
2017-05-30	27.22	27.27	27.16	27.22	2199600
2017-05-31	27.25	27.37	27.07	27.25	5623000
2017-06-01	27.28	27.29	27.08	27.12	3754500
2017-06-02	27.35	27.44	27.22	27.44	3490700
2017-06-05	27.32	27.42	27.25	27.37	2370300
2017-06-06	27.24	27.44	27.22	27.40	3444000
2017-06-07	27.35	27.44	27.27	27.31	4639900
2017-06-08	27.17	27.35	26.96	27.35	3708200
2017-06-09	27.03	27.13	26.86	27.05	3896200
2017-06-12	26.81	27.15	26.81	27.03	4988500
2017-06-13	26.88	26.92	26.77	26.84	2877800
2017-06-14	27.09	27.20	27.03	27.08	3878700
2017-06-15	27.19	27.25	26.97	27.06	2869000
2017-06-16	27.23	27.37	27.17	27.28	6182000
2017-06-19	27.29	27.37	27.15	27.27	3057300
2017-06-20	27.12	27.28	27.10	27.25	2891800
2017-06-21	27.16	27.18	26.79	27.10	4945200
2017-06-22	26.90	27.15	26.88	27.10	2874400
2017-06-23	26.77	26.99	26.68	26.89	3576800
2017-06-26	27.09	27.22	26.77	26.88	3743300
2017-06-27	26.90	27.12	26.83	26.99	3035600
2017-06-28	26.78	27.17	26.75	27.01	3207500
2017-06-29	26.66	26.74	26.50	26.66	3726100
2017-06-30	26.66	26.83	26.65	26.71	3114200
2017-07-03	26.39	26.78	26.37	26.75	1989300
2017-07-05	26.40	26.46	26.24	26.45	3263400
2017-07-06	26.22	26.39	26.15	26.32	3622500
2017-07-07	26.25	26.40	26.20	26.22	2333600
2017-07-10	26.16	26.42	26.14	26.33	3817000
2017-07-11	26.04	26.24	25.88	26.20	3229400
2017-07-12	26.06	26.26	25.99	26.19	4301100
2017-07-13	25.81	26.06	25.81	26.02	2511200
2017-07-14	25.76	26.01	25.64	26.01	6090500
2017-07-17	25.97	26.00	25.73	25.77	2997500
2017-07-18	25.99	26.10	25.91	26.00	2286900
2017-07-19	26.28	26.55	26.25	26.55	5476700
2017-07-20	26.37	26.41	26.17	26.28	4100000
2017-07-21	26.58	26.60	26.29	26.36	2791600
2017-07-24	26.48	26.68	26.39	26.55	3767800
2017-07-25	26.18	26.53	26.14	26.50	2248000
2017-07-26	26.26	26.28	26.07	26.16	2871000
2017-07-27	26.28	26.37	26.12	26.21	3185800
2017-07-28	26.32	26.34	26.10	26.28	2988900
2017-07-31	26.43	26.48	26.24	26.34	3391100
2017-08-01	26.62	26.76	26.47	26.48	3314900
2017-08-02	26.86	26.86	26.44	26.53	3731200
2017-08-03	26.97	27.01	26.44	26.49	3207900
2017-08-04	26.75	26.94	26.66	26.88	2562000
2017-08-07	26.77	26.79	26.66	26.68	1581100
2017-08-08	26.77	26.79	26.68	26.71	1863600
2017-08-09	26.61	26.82	26.59	26.80	3095100
2017-08-10	26.72	26.77	26.52	26.62	1877100
2017-08-11	26.54	26.78	26.47	26.71	1661700
2017-08-14	26.66	26.69	26.52	26.59	2343500
2017-08-15	26.83	26.85	26.55	26.57	1778600
2017-08-16	26.92	26.99	26.77	26.81	1868100
2017-08-17	26.77	27.00	26.75	26.93	2235100
2017-08-18	26.83	26.92	26.66	26.77	2413000
2017-08-21	26.85	26.90	26.71	26.79	1598600
2017-08-22	26.92	26.92	26.75	26.81	3073700
2017-08-23	27.25	27.27	26.81	26.90	3034300
2017-08-24	27.23	27.28	27.12	27.21	2133900
2017-08-25	27.30	27.45	27.23	27.28	1597300
2017-08-28	27.26	27.36	27.10	27.31	2119900
2017-08-29	27.15	27.34	27.14	27.30	1443900
2017-08-30	27.01	27.18	26.97	27.08	1825100
2017-08-31	27.06	27.11	27.01	27.07	2086200
2017-09-01	26.97	27.17	26.88	27.11	1797100
2017-09-05	27.01	27.01	26.82	27.01	2270300
2017-09-06	26.97	27.13	26.91	27.07	3054600
2017-09-07	27.28	27.32	26.92	27.06	3162400
2017-09-08	27.55	27.62	27.22	27.31	3090400
2017-09-11	27.74	27.79	27.52	27.53	3140800
2017-09-12	27.21	27.70	27.04	27.67	2861500
2017-09-13	27.04	27.21	27.03	27.21	3443000
2017-09-14	27.25	27.30	26.92	27.05	3497700
2017-09-15	27.38	27.39	27.09	27.18	6445100
2017-09-18	27.24	27.45	27.00	27.38	3970700
2017-09-19	27.32	27.39	27.16	27.28	2989400
2017-09-20	27.05	27.40	26.98	27.32	2693800
2017-09-21	27.03	27.21	27.00	27.07	1395500
2017-09-22	26.80	27.12	26.75	27.09	2237400
2017-09-25	26.91	27.05	26.74	26.79	5187500
2017-09-26	26.98	27.08	26.83	26.87	4516100
2017-09-27	26.47	26.85	26.20	26.80	3159700
2017-09-28	26.59	26.66	26.37	26.41	2346100
2017-09-29	26.43	26.63	26.40	26.61	2866800
2017-10-02	26.27	26.57	26.21	26.49	4415400
2017-10-03	26.09	26.27	25.83	26.25	3652100
2017-10-04	26.22	26.24	26.03	26.12	4033200
2017-10-05	25.98	26.18	25.91	26.18	5561800
2017-10-06	25.99	26.02	25.83	25.89	3318100
2017-10-09	26.07	26.18	25.97	25.97	2159100
2017-10-10	26.36	26.46	26.08	26.15	2782900
2017-10-11	26.41	26.65	26.29	26.30	2463100
2017-10-12	26.73	26.82	26.34	26.40	2749800
2017-10-13	26.16	26.85	26.11	26.77	4771300
2017-10-16	26.05	26.26	25.97	26.16	3628200
2017-10-17	26.11	26.15	25.95	26.06	3152500
2017-10-18	26.13	26.16	26.00	26.08	2076700
2017-10-19	26.34	26.39	26.15	26.16	2768500
2017-10-20	26.29	26.41	26.18	26.30	3929000
2017-10-23	26.56	26.60	26.27	26.38	2709400
2017-10-24	26.41	26.52	26.28	26.45	2789700
2017-10-25	26.25	26.39	25.92	26.34	4397100
2017-10-26	26.25	26.59	26.24	26.41	3272600
2017-10-27	26.29	26.47	26.18	26.20	2093400
2017-10-30	26.11	26.43	26.09	26.29	3243900
2017-10-31	26.16	26.17	25.95	26.06	3986900
2017-11-01	25.73	26.02	25.30	25.96	4070500
2017-11-02	25.70	25.90	25.57	25.79	3872700
2017-11-03	25.59	25.81	25.59	25.63	2723400
2017-11-06	25.43	25.66	25.39	25.63	2883600
2017-11-07	25.92	25.96	25.44	25.48	2930100
2017-11-08	25.72	26.02	25.65	25.85	3770800
2017-11-09	25.60	25.73	25.47	25.61	3696500
2017-11-10	25.28	25.49	25.20	25.46	3733400
2017-11-13	25.51	25.58	25.28	25.28	4020100
2017-11-14	25.82	25.84	25.44	25.44	3840400
2017-11-15	25.46	26.01	25.42	25.88	3007600
2017-11-16	25.23	25.51	25.14	25.42	4874600
2017-11-17	25.26	25.38	25.12	25.17	4348100
2017-11-20	25.01	25.33	24.98	25.26	3612000
2017-11-21	25.09	25.24	25.06	25.07	3038900
2017-11-22	25.12	25.14	25.02	25.07	3221000
2017-11-24	25.29	25.36	25.21	25.24	1666700
2017-11-27	25.48	25.65	25.25	25.35	4457600
2017-11-28	25.44	25.76	25.38	25.56	3829200
2017-11-29	25.50	25.73	25.34	25.42	2463200
2017-11-30	25.54	25.69	25.44	25.50	5178400
2017-12-01	25.26	25.76	25.22	25.67	3115700
2017-12-04	25.05	25.35	25.01	25.33	3802700
2017-12-05	24.58	25.07	24.53	25.05	4564400
2017-12-06	24.66	24.76	24.52	24.64	6528900
2017-12-07	24.67	24.67	24.46	24.64	5411500
2017-12-08	24.30	24.61	24.21	24.61	10278600
2017-12-11	24.39	24.45	24.17	24.29	7836800
2017-12-12	23.98	24.43	23.96	24.34	5924900
2017-12-13	23.86	24.12	23.86	24.12	5283500
2017-12-14	23.81	23.88	23.40	23.81	4260600
2017-12-15	23.93	23.93	23.67	23.77	11020500
2017-12-18	23.93	24.05	23.86	23.96	6295400
2017-12-19	22.84	23.74	22.82	23.67	7650600
2017-12-20	22.25	22.65	22.21	22.44	19819200
2017-12-21	21.97	22.25	21.91	22.22	13655400
2017-12-22	21.93	22.11	21.91	22.04	6771900
2017-12-26	21.67	22.02	21.66	21.93	5773900
2017-12-27	21.72	21.86	21.65	21.79	3962700
2017-12-28	21.77	21.82	21.66	21.77	5862300
2017-12-29	21.80	21.86	21.68	21.77	3418900
2018-01-02	21.55	21.91	21.44	21.89	6045400
2018-01-03	21.60	21.67	21.46	21.55	8222600
2018-01-04	21.66	21.92	21.55	21.59	8392500
2018-01-05	21.80	21.88	21.65	21.78	7203000
2018-01-08	22.12	22.14	21.75	21.79	8892300
2018-01-09	22.07	22.20	21.98	22.10	7025900
2018-01-10	21.77	22.05	21.73	21.98	6592200
2018-01-11	21.75	21.84	21.67	21.75	5507100
2018-01-12	21.89	22.04	21.60	21.71	6844200
2018-01-16	22.02	22.15	21.80	22.05	7226500
2018-01-17	22.24	22.36	22.07	22.10	7016500
2018-01-18	22.27	22.59	22.22	22.40	6233500
2018-01-19	22.25	22.73	22.22	22.35	8503800
2018-01-22	22.18	22.47	22.11	22.37	5516800
2018-01-23	22.38	22.51	22.18	22.27	6400800
2018-01-24	22.54	22.65	22.31	22.39	7498800
2018-01-25	22.73	22.74	22.46	22.60	5497500
2018-01-26	22.55	22.86	22.40	22.82	5025900
2018-01-29	22.21	22.51	22.19	22.50	4474400
2018-01-30	22.13	22.34	22.13	22.21	4241600
2018-01-31	22.45	22.46	22.09	22.17	6990500
2018-02-01	22.00	22.49	21.98	22.31	5826500
2018-02-02	21.97	22.10	21.84	21.95	5091600
2018-02-05	21.34	22.08	21.34	21.96	6141600
2018-02-06	21.18	21.30	20.57	21.14	8870900
2018-02-07	21.32	21.60	21.10	21.22	7250400
2018-02-08	20.79	21.43	20.79	21.29	6333900
2018-02-09	21.17	21.36	20.71	20.94	7020800
2018-02-12	21.46	21.58	21.08	21.24	6192600
2018-02-13	21.62	21.72	21.23	21.40	3732200
2018-02-14	21.32	21.56	21.31	21.47	4341400
2018-02-15	21.91	21.91	21.36	21.41	6232200
2018-02-16	22.15	22.25	21.85	21.98	5410600
2018-02-20	21.72	22.12	21.63	22.03	3928000
2018-02-21	21.21	21.81	21.19	21.68	5528400
2018-02-22	20.79	21.36	20.62	21.35	11024800
2018-02-23	21.37	21.46	20.79	20.81	6217200
2018-02-26	21.00	21.44	20.94	21.41	6145200
2018-02-27	20.55	21.09	20.54	21.03	8287800
2018-02-28	20.18	20.63	20.17	20.57	7468700
2018-03-01	19.89	20.41	19.80	20.18	8240700
2018-03-02	19.53	20.02	19.36	19.88	6857000
2018-03-05	19.95	20.04	19.45	19.55	6596500
2018-03-06	19.50	20.09	19.49	20.09	7402300
2018-03-07	19.45	19.83	19.36	19.45	12359600
2018-03-08	19.86	19.88	19.39	19.48	8507400
2018-03-09	19.69	19.90	19.57	19.84	7649200
2018-03-12	19.94	20.03	19.72	19.76	6782700
2018-03-13	19.85	20.03	19.68	19.98	6193100
2018-03-14	19.97	20.20	19.83	19.88	6042200
2018-03-15	19.91	20.18	19.68	19.98	8660300
2018-03-16	20.11	20.23	19.91	19.93	22574300
2018-03-19	19.60	20.17	19.55	20.11	10027800
2018-03-20	19.49	19.69	19.46	19.63	5668900
2018-03-21	19.46	19.76	19.40	19.53	5081700
2018-03-22	19.53	19.97	19.44	19.45	6735100
2018-03-23	19.40	19.73	19.36	19.48	6066200
2018-03-26	19.63	19.69	19.44	19.47	5944600
2018-03-27	19.95	20.13	19.50	19.63	6989400
2018-03-28	20.14	20.36	20.00	20.01	7166000
2018-03-29	20.23	20.41	20.15	20.15	6736800
2018-04-02	20.06	20.56	19.89	20.37	7157800
2018-04-03	20.04	20.16	19.93	20.11	5619200
2018-04-04	19.91	20.04	19.69	20.00	5735500
2018-04-05	20.02	20.18	19.56	19.86	6335200
2018-04-06	19.97	20.15	19.93	20.02	5652700
2018-04-09	20.13	20.31	19.88	19.97	5029700
2018-04-10	19.80	20.11	19.69	20.08	6130300
2018-04-11	19.97	20.05	19.77	19.80	3891700
2018-04-12	19.69	19.96	19.56	19.93	6017200
2018-04-13	19.87	20.04	19.73	19.73	4094600
2018-04-16	20.06	20.10	19.76	19.93	7695000
2018-04-17	20.28	20.35	20.01	20.08	4860600
2018-04-18	20.16	20.48	20.16	20.35	3436000
2018-04-19	20.22	20.22	19.99	20.13	4185500
2018-04-20	19.94	20.27	19.86	20.20	3717200
2018-04-23	20.08	20.26	19.91	20.02	4663300
2018-04-24	20.38	20.49	20.13	20.17	5748300
2018-04-25	20.48	20.48	20.19	20.33	5106000
2018-04-26	20.62	20.68	20.38	20.48	6271400
2018-04-27	20.73	20.91	20.47	20.58	4231900
2018-04-30	20.81	21.24	20.77	20.88	9177900
2018-05-01	20.62	20.88	20.56	20.84	6173700
2018-05-02	20.51	20.68	20.45	20.56	5402800
2018-05-03	20.48	20.66	19.93	20.51	6773900
2018-05-04	20.70	20.83	20.51	20.53	6158300
2018-05-07	20.43	20.73	20.39	20.71	4365000
2018-05-08	19.63	20.33	19.62	20.31	6584500
2018-05-09	19.94	20.13	19.70	19.81	24093000
2018-05-10	20.15	20.16	19.78	20.06	9063900
2018-05-11	19.89	20.23	19.88	20.20	5356300
2018-05-14	19.77	19.94	19.64	19.93	5588900
2018-05-15	19.47	19.79	19.36	19.73	13154500
2018-05-16	19.31	19.56	19.22	19.48	8032800
2018-05-17	19.12	19.34	19.05	19.30	6451400
2018-05-18	19.10	19.33	19.03	19.13	15054800
2018-05-21	19.25	19.32	19.07	19.16	7558400
2018-05-22	19.53	19.59	19.20	19.27	7791800
2018-05-23	19.62	19.67	19.44	19.52	5392300
2018-05-24	19.66	19.73	19.48	19.63	4632000
2018-05-25	19.63	19.79	19.61	19.71	4352300
2018-05-29	19.33	19.68	19.27	19.63	8725800
2018-05-30	19.55	19.58	19.24	19.38	9831400
2018-05-31	19.53	19.59	19.36	19.53	7880900
2018-06-01	19.28	19.61	19.19	19.53	6119100
2018-06-04	19.29	19.53	19.23	19.35	6609200
2018-06-05	19.22	19.49	19.21	19.30	8538500
2018-06-06	18.35	19.27	18.35	19.21	14361600
2018-06-07	18.61	18.83	18.38	18.38	10868300
2018-06-08	18.74	18.79	18.57	18.62	6705400
2018-06-11	18.67	18.77	18.53	18.75	7292100
2018-06-12	18.99	19.25	18.66	18.67	10103600
2018-06-13	18.98	19.09	18.90	19.04	12998100
2018-06-14	19.67	19.71	18.95	19.01	11604300
2018-06-15	19.68	19.75	19.51	19.59	13148500
2018-06-18	19.84	19.89	19.60	19.63	7940800
2018-06-19	19.81	20.08	19.69	19.84	9942600
2018-06-20	19.84	19.92	19.64	19.88	5665800
2018-06-21	20.23	20.24	19.84	19.86	7432200
2018-06-22	20.53	20.61	20.14	20.21	7754400
2018-06-25	20.92	20.98	20.54	20.55	10254200
2018-06-26	20.84	20.99	20.70	20.85	6968200
2018-06-27	20.87	21.01	20.72	20.85	5491300
2018-06-28	20.80	21.04	20.74	20.93	5686200
2018-06-29	20.74	20.87	20.57	20.80	6237700
2018-07-02	20.88	20.92	20.67	20.85	5154300
2018-07-03	21.10	21.32	20.83	20.92	3930000
2018-07-05	21.41	21.42	20.98	21.11	8510300
2018-07-06	21.49	21.56	21.35	21.44	4101100
2018-07-09	20.41	21.49	20.34	21.47	9160200
2018-07-10	20.57	20.67	20.13	20.29	6182300
2018-07-11	20.69	20.77	20.53	20.61	3338800
2018-07-12	20.82	20.86	20.62	20.65	4636500
2018-07-13	20.72	20.85	20.61	20.82	2792300
2018-07-16	20.72	20.89	20.62	20.78	5493600
2018-07-17	20.64	20.83	20.60	20.74	3040800
2018-07-18	20.34	20.71	20.32	20.62	3877700
2018-07-19	20.57	20.80	20.34	20.34	3840600
2018-07-20	20.35	20.56	20.18	20.53	4075600
2018-07-23	20.44	20.50	20.24	20.37	4432800
2018-07-24	20.67	20.74	20.08	20.35	5215100
2018-07-25	20.90	21.01	20.62	20.70	5242700
2018-07-26	21.04	21.15	20.87	21.04	2652100
2018-07-27	20.92	21.11	20.84	21.02	3023700
2018-07-30	20.84	21.03	20.74	20.93	4911100
2018-07-31	20.90	21.11	20.77	20.96	6099500
2018-08-01	20.74	20.86	20.50	20.80	5162700
2018-08-02	20.80	20.89	20.58	20.76	3566600
2018-08-03	21.05	21.14	20.82	20.86	3883900
2018-08-06	21.09	21.15	20.99	20.99	3774700
2018-08-07	21.03	21.28	20.88	21.22	5234800
2018-08-08	20.76	20.93	20.46	20.84	4732300
2018-08-09	21.02	21.02	20.65	20.71	3770400
2018-08-10	20.96	21.39	20.92	21.07	6922900
2018-08-13	21.12	21.15	20.90	21.01	5463000
2018-08-14	21.27	21.27	21.07	21.11	3510500
2018-08-15	21.22	21.54	21.12	21.30	6172100
2018-08-16	21.48	21.49	21.19	21.22	4927900
2018-08-17	21.71	21.75	21.39	21.42	5068200
2018-08-20	21.89	21.95	21.73	21.76	4699400
2018-08-21	21.66	21.89	21.53	21.89	4153900
2018-08-22	21.51	21.75	21.37	21.72	5109200
2018-08-23	21.40	21.57	21.30	21.44	3815800
2018-08-24	21.58	21.61	21.30	21.41	4273500
2018-08-27	21.38	21.69	21.19	21.61	2602300
2018-08-28	21.50	21.50	21.27	21.33	5673700
2018-08-29	21.49	21.56	21.35	21.53	3989200
2018-08-30	21.61	21.72	21.50	21.52	3430200
2018-08-31	21.61	21.77	21.48	21.63	3407900
2018-09-04	21.75	21.97	21.63	21.74	4441000
2018-09-05	22.25	22.26	21.81	21.89	6216400
2018-09-06	22.47	22.60	22.26	22.27	6678400
2018-09-07	21.91	22.35	21.87	22.30	4692700
2018-09-10	22.17	22.29	21.99	22.00	5000400
2018-09-11	22.22	22.27	22.05	22.16	3474600
2018-09-12	22.19	22.36	22.08	22.20	3817900
2018-09-13	22.29	22.32	22.04	22.19	2830700
2018-09-14	22.21	22.33	22.07	22.30	3038700
2018-09-17	22.41	22.45	22.04	22.28	3283800
2018-09-18	22.23	22.41	22.14	22.38	3171900
2018-09-19	21.84	22.26	21.73	22.25	3620700
2018-09-20	21.76	21.90	21.71	21.86	4723200
2018-09-21	21.86	21.95	21.63	21.72	9851100
2018-09-24	21.49	21.87	21.48	21.82	3161600
2018-09-25	21.17	21.52	21.14	21.52	5548200
2018-09-26	20.88	21.29	20.86	21.16	5685000
2018-09-27	21.16	21.30	20.93	20.95	3815600
2018-09-28	21.55	21.57	21.21	21.24	3629900
2018-10-01	21.68	21.69	21.44	21.57	4745100
2018-10-02	21.91	22.05	21.74	21.74	3417900
2018-10-03	21.77	22.06	21.60	21.89	4928600
2018-10-04	22.09	22.14	21.66	21.74	5546200
2018-10-05	22.30	22.44	22.01	22.09	5237400
2018-10-08	22.46	22.62	22.27	22.37	3623100
2018-10-09	22.40	22.58	22.31	22.46	4205600
2018-10-10	22.42	22.81	22.36	22.40	8277600
2018-10-11	22.07	22.58	21.99	22.50	6839200
2018-10-12	22.27	22.35	21.91	22.07	6221700
2018-10-15	22.42	22.55	22.24	22.27	5005600
2018-10-16	22.72	22.82	22.27	22.38	3639400
2018-10-17	22.75	22.86	22.58	22.72	2752600
2018-10-18	22.69	22.89	22.53	22.78	2754600
2018-10-19	22.99	23.08	22.68	22.69	4913700
2018-10-22	22.51	23.03	22.48	22.97	4028300
2018-10-23	22.50	22.64	22.29	22.55	5581400
2018-10-24	23.00	23.11	22.47	22.58	6173200
2018-10-25	22.48	22.91	22.36	22.90	6338500
2018-10-26	22.06	22.75	21.93	22.57	5621000
2018-10-29	22.49	22.58	22.06	22.22	5538000
2018-10-30	22.64	22.69	22.31	22.60	4835200
2018-10-31	22.39	22.70	22.11	22.49	9964100
2018-11-01	22.59	22.78	22.30	22.35	5540400
2018-11-02	22.70	22.79	22.45	22.75	4494200
2018-11-05	22.78	22.94	22.72	22.79	3745600
2018-11-06	22.83	22.86	22.58	22.77	3361100
2018-11-07	23.09	23.12	22.66	22.97	3242500
2018-11-08	23.17	23.25	22.89	23.15	3116500
2018-11-09	23.34	23.53	23.03	23.17	4856100
2018-11-12	23.22	23.69	23.14	23.20	5329000
2018-11-13	23.48	23.56	23.10	23.28	4346100
2018-11-14	23.70	23.90	23.35	23.39	6566900
2018-11-15	22.46	23.45	22.34	23.45	11609900
2018-11-16	22.70	22.86	22.42	22.72	8902400
2018-11-19	23.15	23.16	22.69	22.72	4157800
2018-11-20	23.15	23.44	23.03	23.14	4087100
2018-11-21	22.56	23.10	22.53	22.98	6553800
2018-11-23	22.71	22.81	22.44	22.65	2084700
2018-11-26	22.60	22.83	22.53	22.70	4483200
2018-11-27	22.92	22.97	22.42	22.62	5136400
2018-11-28	22.72	22.95	22.69	22.93	4439000
2018-11-29	22.58	22.72	22.33	22.71	5671300
2018-11-30	22.53	22.64	22.26	22.60	9053200
2018-12-03	22.91	22.92	22.43	22.51	5193800
2018-12-04	22.61	23.14	22.57	22.95	7154200
2018-12-06	22.57	22.72	22.05	22.72	9248000
2018-12-07	23.20	23.23	22.57	22.61	5855700
2018-12-10	22.98	23.23	22.60	23.16	4582800
2018-12-11	22.76	23.02	22.68	22.96	7504600
2018-12-12	22.91	23.14	22.77	22.88	4768100
2018-12-13	23.01	23.27	22.90	22.90	4402300
2018-12-14	22.83	23.08	22.76	23.05	6067200
2018-12-17	22.36	22.96	22.28	22.85	5956000
2018-12-18	20.88	22.46	20.77	22.38	19601900
2018-12-19	21.07	21.29	20.85	20.94	12041700
2018-12-20	21.42	21.60	20.93	21.14	7928500
2018-12-21	21.20	21.89	21.08	21.48	14010800
2018-12-24	20.59	21.37	20.49	21.26	3014000
2018-12-26	21.13	21.16	20.38	20.61	4715200
2018-12-27	21.15	21.26	20.64	21.20	5830300
2018-12-28	21.16	21.43	21.05	21.16	4787500
2018-12-31	21.14	21.29	20.88	21.18	4596600
2019-01-02	20.98	21.17	20.85	21.08	5404900
2019-01-03	20.91	21.11	20.84	20.98	4887500
2019-01-04	21.55	21.55	20.75	20.75	4999400
2019-01-07	21.58	21.78	21.29	21.41	5269000
2019-01-08	21.86	21.88	21.59	21.61	5344000
2019-01-09	21.86	21.98	21.73	21.80	3978000
2019-01-10	22.07	22.10	21.72	21.91	4412500
2019-01-11	22.02	22.16	21.83	22.05	3858500
2019-01-14	21.61	21.70	21.29	21.70	5829000
2019-01-15	21.94	21.95	21.52	21.52	4760000
2019-01-16	22.15	22.17	21.76	21.81	5666400
2019-01-17	22.32	22.38	22.08	22.15	3490800
2019-01-18	22.44	22.51	22.26	22.33	4375900
2019-01-22	22.30	22.56	21.96	22.50	4693800
2019-01-23	22.76	22.76	22.31	22.32	5684600
2019-01-24	22.97	22.99	22.47	22.76	3800800
2019-01-25	22.89	23.19	22.84	22.85	4045200
2019-01-28	22.88	22.97	22.70	22.93	3047900
2019-01-29	22.84	22.97	22.74	22.97	4757700
2019-01-30	22.99	23.12	22.80	22.83	3597700
2019-01-31	23.38	23.42	22.82	22.98	6566600
2019-02-01	23.25	23.43	23.05	23.35	3325600
2019-02-04	23.18	23.18	22.90	23.09	4562000
2019-02-05	23.18	23.34	23.04	23.08	4817900
2019-02-06	23.05	23.25	22.99	23.18	3878500
2019-02-07	23.17	23.19	22.70	22.79	4584000
2019-02-08	23.35	23.37	23.03	23.05	3575200
2019-02-11	23.23	23.49	23.17	23.36	3877000
2019-02-12	23.14	23.38	23.13	23.32	7248900
2019-02-13	23.07	23.11	22.89	23.08	7215600
2019-02-14	22.80	23.12	22.77	23.01	5598300
2019-02-15	22.73	22.98	22.55	22.85	9643700
2019-02-19	22.90	22.91	22.69	22.76	6147300
2019-02-20	23.27	23.34	22.89	22.90	6098700
2019-02-21	23.45	23.51	23.11	23.22	3492500
2019-02-22	23.61	23.65	23.38	23.51	3077000
2019-02-25	23.68	23.72	23.44	23.68	3516700
2019-02-26	23.83	23.93	23.60	23.78	4877100
2019-02-27	23.87	23.95	23.74	23.90	4041000
2019-02-28	24.01	24.05	23.71	23.84	5768700
2019-03-01	24.08	24.11	23.74	24.06	4869200
2019-03-04	24.16	24.20	23.89	24.14	5085100
2019-03-05	24.24	24.32	23.99	24.13	4582400
2019-03-06	24.15	24.39	24.08	24.31	4301400
2019-03-07	24.24	24.40	24.09	24.25	4504200
2019-03-08	24.18	24.19	23.87	24.13	3813000
2019-03-11	24.48	24.48	24.16	24.24	4173500
2019-03-12	24.55	24.65	24.44	24.52	4050100
2019-03-13	24.57	24.62	24.44	24.61	3359700
2019-03-14	24.64	24.68	24.43	24.60	5134800
2019-03-15	24.75	24.86	24.54	24.63	11540500
2019-03-18	24.74	24.86	24.61	24.79	5411300
2019-03-19	24.27	24.74	24.17	24.71	5041600
2019-03-20	24.27	24.52	24.21	24.30	3667300
2019-03-21	24.42	24.48	24.27	24.29	3673400
2019-03-22	24.34	24.62	24.34	24.49	4185000
2019-03-25	24.46	24.56	24.38	24.43	2856700
2019-03-26	24.53	24.62	24.46	24.48	3006500
2019-03-27	24.45	24.59	24.31	24.57	2802900
2019-03-28	23.88	24.50	23.84	24.48	5626200
2019-03-29	24.00	24.02	23.78	23.92	4841600
2019-04-01	23.92	23.99	23.70	23.97	6379600
2019-04-02	23.98	24.00	23.80	23.97	3749000
2019-04-03	24.11	24.21	23.90	24.04	4164800
2019-04-04	23.94	24.19	23.76	24.16	3276900
2019-04-05	24.31	24.31	23.97	24.00	3776700
2019-04-08	24.14	24.29	23.98	24.29	2597900
2019-04-09	24.19	24.19	24.03	24.15	2524200
2019-04-10	24.00	24.35	23.96	24.24	2781800
2019-04-11	24.17	24.19	23.97	24.00	2953800
2019-04-12	24.09	24.17	23.90	24.10	3853100
2019-04-15	24.10	24.18	23.99	24.15	3348600
2019-04-16	23.68	24.13	23.61	24.05	4098900
2019-04-17	23.50	23.67	23.44	23.67	3037100
2019-04-18	23.41	23.62	23.38	23.47	4119400
2019-04-22	23.31	23.47	23.25	23.47	4134800
2019-04-23	23.33	23.41	23.19	23.35	4603100
2019-04-24	23.40	23.53	23.31	23.35	2628300
2019-04-25	23.28	23.51	23.22	23.30	4227100
2019-04-26	23.27	23.55	23.26	23.42	3958000
2019-04-29	23.11	23.31	23.04	23.27	4254800
2019-04-30	23.59	23.62	23.13	23.19	11079400
2019-05-01	23.50	23.78	23.47	23.48	5753800
2019-05-02	23.24	23.53	23.19	23.39	5035200
2019-05-03	23.60	23.62	23.22	23.25	3584500
2019-05-06	23.44	23.56	23.37	23.56	2769100
2019-05-07	23.41	23.54	23.29	23.43	3765200
2019-05-08	22.96	23.44	22.94	23.35	4372800
2019-05-09	22.88	23.09	22.64	22.98	4551300
2019-05-10	23.47	23.47	22.87	22.90	3369300
2019-05-13	23.70	23.75	23.34	23.35	3794900
2019-05-14	23.50	23.74	23.49	23.65	4329400
2019-05-15	23.17	23.44	23.12	23.36	3887300
2019-05-16	22.63	23.25	22.51	23.10	8514400
2019-05-17	22.52	22.73	22.46	22.60	6915500
2019-05-20	22.45	22.77	22.38	22.57	5987800
2019-05-21	22.85	23.08	22.51	22.51	4874900
2019-05-22	22.72	22.85	22.51	22.79	5113200
2019-05-23	22.95	22.97	22.69	22.73	3899100
2019-05-24	23.28	23.32	22.97	23.00	5360100
2019-05-28	23.12	23.33	23.01	23.27	7399800
2019-05-29	22.57	23.15	22.57	23.15	4741200
2019-05-30	22.60	22.78	22.52	22.61	3276700
2019-05-31	22.50	22.70	22.48	22.64	4557100
2019-06-03	22.82	22.85	22.47	22.59	5287100
2019-06-04	23.10	23.12	22.69	22.85	3921200
2019-06-05	23.55	23.68	23.05	23.16	5039100
2019-06-06	23.83	23.89	23.50	23.62	4066700
2019-06-07	23.76	24.12	23.76	24.02	5258100
2019-06-10	23.51	23.66	23.39	23.66	3599000
2019-06-11	23.45	23.59	23.27	23.47	3633200
2019-06-12	23.87	23.91	23.53	23.53	3138400
2019-06-13	23.83	24.01	23.72	23.94	5885300
2019-06-14	24.09	24.12	23.83	23.92	3298500
2019-06-17	23.70	24.10	23.49	23.98	4630600
2019-06-18	23.81	23.87	23.59	23.87	3540000
2019-06-19	24.04	24.16	23.68	23.72	3952700
2019-06-20	24.16	24.34	23.88	24.19	3044100
2019-06-21	24.32	24.33	23.95	24.21	6402300
2019-06-24	24.19	24.36	24.04	24.34	4242100
2019-06-25	24.07	24.24	24.02	24.17	2856200
2019-06-26	23.79	24.10	23.77	24.00	4435000
2019-06-27	23.89	24.08	23.75	23.90	2680600
2019-06-28	23.75	23.97	23.64	23.85	7408100
2019-07-01	23.43	23.87	23.26	23.83	4836900
2019-07-02	23.59	23.69	23.41	23.49	3418900
2019-07-03	23.82	23.94	23.70	23.70	2319400
2019-07-05	23.75	23.80	23.48	23.66	2366400
2019-07-08	23.77	23.81	23.62	23.73	1993900
2019-07-09	23.51	23.75	23.39	23.75	3728300
2019-07-10	23.25	23.66	23.16	23.59	6688100
2019-07-11	23.33	23.43	23.10	23.25	3976400
2019-07-12	23.18	23.30	23.03	23.29	2951200
2019-07-15	23.37	23.43	23.15	23.15	4098400
2019-07-16	23.26	23.36	23.10	23.25	3836600
2019-07-17	23.28	23.46	23.26	23.32	3151700
2019-07-18	23.52	23.55	23.15	23.31	4369600
2019-07-19	23.11	23.47	23.11	23.46	3724500
2019-07-22	23.10	23.24	22.93	23.18	4853500
2019-07-23	23.05	23.21	23.03	23.12	3163200
2019-07-24	23.23	23.29	23.01	23.18	3394800
2019-07-25	23.12	23.30	23.03	23.17	3848500
2019-07-26	23.23	23.37	23.12	23.14	3580900
2019-07-29	23.03	23.36	22.88	23.32	4222900
2019-07-30	22.77	23.08	22.66	23.00	3835400
2019-07-31	22.70	22.99	22.54	22.80	5704900
2019-08-01	22.77	22.92	22.65	22.65	4736100
2019-08-02	22.72	22.97	22.64	22.95	4357300
2019-08-05	22.20	22.85	22.12	22.77	5516800
2019-08-06	22.67	22.71	21.87	22.63	4931700
2019-08-07	22.83	22.97	22.51	22.61	5545500
2019-08-08	22.84	22.91	22.63	22.80	3840000
2019-08-09	22.51	22.87	22.31	22.87	3928000
2019-08-12	22.45	22.54	22.28	22.48	4005000
2019-08-13	22.71	22.72	22.28	22.33	4512400
2019-08-14	22.35	22.74	22.31	22.71	2782600
2019-08-15	22.38	22.57	22.25	22.34	3406100
2019-08-16	22.53	22.63	22.33	22.42	4934700
2019-08-19	22.56	22.70	22.49	22.54	5827100
2019-08-20	22.63	22.64	22.42	22.57	2704400
2019-08-21	22.80	22.80	22.55	22.64	2075300
2019-08-22	22.84	22.90	22.64	22.87	2677500
2019-08-23	22.56	22.95	22.48	22.84	3877500
2019-08-26	22.58	22.70	22.48	22.64	2376300
2019-08-27	22.35	22.71	22.30	22.69	3224300
2019-08-28	22.35	22.43	22.21	22.32	3988500
2019-08-29	22.45	22.58	22.34	22.47	2206700
2019-08-30	22.64	22.70	22.44	22.51	4791300
2019-09-03	22.74	22.74	22.46	22.64	4085800
2019-09-04	22.74	22.97	22.60	22.83	2825500
2019-09-05	23.07	23.08	22.64	22.67	5184500
2019-09-06	22.82	23.10	22.82	23.10	3846400
2019-09-09	22.80	22.90	22.68	22.81	5161100
2019-09-10	23.30	23.30	22.78	22.84	5580600
2019-09-11	23.89	23.89	23.13	23.30	5699400
2019-09-12	23.99	24.03	23.73	23.96	4569200
2019-09-13	23.99	24.38	23.93	24.02	6400500
2019-09-16	24.18	24.28	23.75	24.07	4519000
2019-09-17	24.17	24.31	24.05	24.15	3303200
2019-09-18	24.25	24.39	24.13	24.23	4126600
2019-09-19	24.50	24.52	24.28	24.34	3692200
2019-09-20	24.61	24.64	24.35	24.55	6037900
2019-09-23	24.54	24.69	24.48	24.51	2950800
2019-09-24	24.53	24.61	24.39	24.58	5025600
2019-09-25	24.20	24.54	24.15	24.51	5628200
2019-09-26	24.63	24.64	24.22	24.31	3719600
2019-09-27	24.55	24.76	24.42	24.64	3469500
2019-09-30	24.46	24.78	24.42	24.60	6774700
2019-10-01	24.32	24.51	24.21	24.46	3859600
2019-10-02	23.75	24.32	23.74	24.28	4546500
2019-10-03	23.75	23.79	23.49	23.75	4346000
2019-10-04	24.03	24.04	23.54	23.76	3376000
2019-10-07	23.93	24.04	23.72	23.96	3384900
2019-10-08	23.47	23.89	23.47	23.89	4880700
2019-10-09	23.54	23.68	23.38	23.54	2789000
2019-10-10	23.74	23.78	23.40	23.50	4120600
2019-10-11	24.41	24.66	23.93	24.03	7113900
2019-10-14	24.97	25.31	24.56	24.74	13882700
2019-10-15	24.80	24.94	24.48	24.90	10662100
2019-10-16	25.18	25.18	24.51	24.57	7266800
2019-10-17	24.93	25.18	24.73	25.11	5082200
2019-10-18	24.88	25.04	24.67	24.87	6166600
2019-10-21	25.36	25.37	24.92	24.92	3524600
2019-10-22	25.43	25.83	25.16	25.36	5747700
2019-10-23	25.77	25.84	25.47	25.48	4940900
2019-10-24	25.74	25.98	25.60	25.81	4908300
2019-10-25	25.81	25.82	25.59	25.66	3448000
2019-10-28	25.59	25.80	25.56	25.67	3301200
2019-10-29	25.61	25.65	25.41	25.56	3131600
2019-10-30	25.86	25.88	25.53	25.53	3455900
2019-10-31	26.02	26.03	25.65	25.85	5144300
2019-11-01	26.09	26.10	25.84	26.04	3393100
2019-11-04	26.00	26.28	25.89	26.08	4731300
2019-11-05	26.08	26.18	25.80	25.95	7443800
2019-11-06	25.88	26.16	25.77	26.09	6519400
2019-11-07	25.83	26.00	25.66	25.79	8650500
2019-11-08	26.19	26.20	25.70	25.79	7032600
2019-11-11	26.12	26.25	25.99	26.22	4862500
2019-11-12	26.20	26.24	26.04	26.12	3765400
2019-11-13	26.26	26.31	26.09	26.23	4269500
2019-11-14	26.12	26.38	26.09	26.29	3897600
2019-11-15	26.34	26.34	26.11	26.18	5102900
2019-11-18	26.14	26.53	26.07	26.29	6882400
2019-11-19	26.08	26.19	25.96	26.17	5148100
2019-11-20	26.24	26.29	26.02	26.10	3554100
2019-11-21	26.15	26.26	26.01	26.23	3395700
2019-11-22	26.27	26.29	26.06	26.25	2500900
2019-11-25	26.30	26.49	26.25	26.26	4922700
2019-11-26	26.49	26.50	26.26	26.33	4546600
2019-11-27	26.64	26.67	26.37	26.49	3337700
2019-11-29	26.43	26.72	26.41	26.64	2740000
2019-12-02	26.56	26.66	26.40	26.45	3808800
2019-12-03	26.56	26.64	26.43	26.55	3326400
2019-12-04	26.85	26.92	26.45	26.45	4548100
2019-12-05	26.66	26.85	26.57	26.84	4462200
2019-12-06	26.70	26.86	26.61	26.63	3408500
2019-12-09	26.50	26.93	26.48	26.79	3349800
2019-12-10	26.58	26.59	26.40	26.50	4720600
2019-12-11	26.54	26.76	26.46	26.65	6615200
2019-12-12	26.42	26.81	26.27	26.49	6157800
2019-12-13	28.02	28.18	27.32	27.44	13346400
2019-12-16	28.50	28.50	27.91	28.02	8429900
2019-12-17	28.28	28.53	28.18	28.30	6270900
2019-12-18	28.28	28.33	28.04	28.31	5894900
2019-12-19	28.08	28.25	27.79	28.21	6115800
2019-12-20	28.17	28.49	28.06	28.22	8753800
2019-12-23	28.04	28.27	27.85	28.23	3747200
2019-12-24	28.01	28.10	27.87	28.08	1137500
2019-12-26	27.94	28.01	27.74	27.96	2907200
2019-12-27	27.93	27.96	27.82	27.91	1820900
2019-12-30	28.05	28.07	27.86	27.93	2308300
2019-12-31	28.21	28.23	28.01	28.10	4720800
2020-01-02	27.85	28.34	27.71	28.30	6116400
2020-01-03	27.82	27.91	27.61	27.64	4105100
2020-01-06	27.85	27.94	27.70	27.75	6201900
2020-01-07	27.66	27.94	27.61	27.88	4288200
2020-01-08	27.82	27.99	27.74	27.85	5247100
2020-01-09	27.92	28.00	27.79	27.79	3266800
2020-01-10	27.86	28.19	27.85	27.90	3422400
2020-01-13	27.86	28.06	27.79	27.87	3974500
2020-01-14	27.97	27.98	27.62	27.70	3894800
2020-01-15	28.19	28.31	27.98	28.05	4044800
2020-01-16	28.27	28.34	28.08	28.23	4074400
2020-01-17	28.38	28.38	28.09	28.27	3887200
2020-01-21	28.33	28.37	28.01	28.33	6298600
2020-01-22	28.44	28.48	28.20	28.31	3838400
2020-01-23	28.86	28.91	28.35	28.44	4516600
2020-01-24	28.72	28.95	28.52	28.86	3157200
2020-01-27	28.45	28.78	28.34	28.64	4128100
2020-01-28	28.81	28.93	28.56	28.56	4266300
2020-01-29	28.89	28.96	28.67	28.87	3994100
2020-01-30	28.67	28.86	28.39	28.84	5710400
2020-01-31	28.45	28.74	28.32	28.62	6017900
2020-02-03	28.50	28.63	28.30	28.51	5398200
2020-02-04	28.35	28.79	28.34	28.54	3999300
2020-02-05	28.64	28.68	28.35	28.37	3704600
2020-02-06	28.37	28.78	28.37	28.67	2665600
2020-02-07	28.32	28.44	28.17	28.35	3241300
2020-02-10	28.40	28.43	28.27	28.37	2824800
2020-02-11	28.44	28.63	28.38	28.49	3845000
2020-02-12	28.53	28.65	28.40	28.44	2643900
2020-02-13	28.53	28.64	28.38	28.49	3251400
2020-02-14	27.81	28.63	27.50	28.60	8121000
2020-02-18	28.23	28.23	27.69	27.85	7968900
2020-02-19	27.60	28.23	27.60	28.23	4390600
2020-02-20	27.84	27.90	27.50	27.60	4594600
2020-02-21	28.01	28.19	27.70	27.87	4901100
2020-02-24	27.61	28.00	27.59	27.87	5466800
2020-02-25	27.18	27.73	27.16	27.64	4924300
2020-02-26	26.13	27.20	26.12	27.16	7950900
2020-02-27	24.37	26.06	24.37	25.96	10721500
2020-02-28	23.60	24.18	23.27	23.93	21535700
2020-03-02	25.01	25.03	23.76	23.83	9559000
2020-03-03	24.41	25.62	24.31	25.07	8267000
2020-03-04	25.30	25.32	24.63	24.64	5742700
2020-03-05	24.91	25.12	24.59	25.12	6269100
2020-03-06	24.77	24.93	23.91	24.24	8122100
2020-03-09	23.19	24.21	22.80	23.66	8590500
2020-03-10	23.77	24.04	22.72	23.66	8955100
2020-03-11	23.30	23.56	22.95	23.56	8794500
2020-03-12	21.22	22.79	20.95	22.02	8893100
2020-03-13	21.85	22.40	20.06	22.15	10610100
2020-03-16	18.85	20.47	18.70	19.92	10176800
2020-03-17	20.36	20.52	18.33	19.32	10047800
2020-03-18	18.17	19.34	16.83	19.17	9380900
2020-03-19	17.20	18.31	16.37	17.95	7016700
2020-03-20	15.67	18.31	15.58	17.63	15117700
2020-03-23	14.81	15.86	14.44	15.56	12818600
2020-03-24	16.92	17.00	15.50	15.73	9848800
2020-03-25	17.71	18.65	16.89	16.97	8497900
2020-03-26	19.66	19.91	17.81	18.05	8470200
2020-03-27	20.25	20.72	18.96	18.99	6977500
2020-03-30	20.58	20.68	19.74	20.44	6449900
2020-03-31	19.66	20.59	19.57	20.40	5682900
2020-04-01	18.25	19.07	17.83	18.91	6263200
2020-04-02	18.30	18.76	17.81	17.85	6068100
2020-04-03	17.35	18.31	17.05	18.10	7589500
2020-04-06	19.06	19.23	18.13	18.21	6121000
2020-04-07	19.59	20.72	19.56	20.55	8724000
2020-04-08	20.56	20.75	19.60	19.60	6783900
2020-04-09	21.27	22.12	20.79	20.92	7492100
2020-04-13	20.64	21.19	20.32	21.11	3829600
2020-04-14	21.13	21.28	20.60	20.93	6457400
2020-04-15	20.13	20.52	19.85	20.36	4824400
2020-04-16	20.15	20.36	19.75	20.16	5262400
2020-04-17	21.03	21.13	20.52	20.69	3907300
2020-04-20	20.12	20.74	20.05	20.71	4663000
2020-04-21	19.58	19.98	19.37	19.52	5006600
2020-04-22	20.17	20.36	19.64	19.95	4091400
2020-04-23	20.07	20.54	19.93	20.21	3410400
2020-04-24	20.31	20.42	19.83	20.18	3399300
2020-04-27	20.36	20.60	20.32	20.40	4496300
2020-04-28	20.66	21.22	20.56	20.83	4335700
2020-04-29	20.88	21.19	20.50	21.07	4301000
2020-04-30	20.25	20.72	19.98	20.68	5810900
2020-05-01	19.81	20.00	19.53	19.97	4325200
2020-05-04	19.89	19.98	19.52	19.74	4552200
2020-05-05	20.19	20.47	20.04	20.04	4361500
2020-05-06	19.34	20.30	19.31	20.25	4921400
2020-05-07	19.35	19.76	19.31	19.54	5782300
2020-05-08	20.80	20.92	19.74	19.84	6211400
2020-05-11	20.12	20.45	19.70	20.27	4747200
2020-05-12	19.80	20.46	19.78	20.18	5317100
2020-05-13	19.56	19.74	19.14	19.70	7588000
2020-05-14	20.11	20.14	18.89	19.28	6427500
2020-05-15	19.53	19.90	19.22	19.87	9986600
2020-05-18	20.82	21.10	20.16	20.25	5354700
2020-05-19	20.20	20.77	20.19	20.70	4268700
2020-05-20	20.39	20.65	20.30	20.41	3335900
2020-05-21	20.48	20.74	20.30	20.31	4960000
2020-05-22	20.44	20.50	20.25	20.46	3521000
2020-05-26	20.94	21.31	20.87	21.09	4326700
2020-05-27	21.30	21.59	20.97	21.41	5485500
2020-05-28	21.86	22.15	21.47	21.62	6211800
2020-05-29	22.26	22.46	21.70	21.93	8687400
2020-06-01	22.72	22.85	22.15	22.22	5799700
2020-06-02	23.21	23.26	22.60	22.88	5398800
2020-06-03	23.84	24.01	23.37	23.44	5244100
2020-06-04	23.91	24.05	23.52	23.70	5500200
2020-06-05	23.93	24.65	23.85	24.33	6795000
2020-06-08	24.42	24.48	23.72	23.93	9485000
2020-06-09	22.91	24.01	22.82	23.93	8350200
2020-06-10	22.50	22.95	22.24	22.91	8063400
2020-06-11	21.29	21.81	20.90	21.76	8605900
2020-06-12	21.44	21.95	21.02	21.81	6626600
2020-06-15	21.64	21.78	20.83	21.00	5070200
2020-06-16	21.95	22.69	21.81	22.34	6370400
2020-06-17	21.68	22.10	21.51	22.09	4130400
2020-06-18	21.71	21.81	21.41	21.51	3672400
2020-06-19	21.00	22.14	21.00	22.13	12917400
2020-06-22	21.28	21.55	20.97	21.08	7532100
2020-06-23	20.81	21.56	20.73	21.50	8388900
2020-06-24	20.61	20.73	20.28	20.64	5697300
2020-06-25	20.67	20.84	20.40	20.51	7480400
2020-06-26	20.25	20.89	20.12	20.59	9984000
2020-06-29	20.81	20.86	20.47	20.51	5352600
2020-06-30	20.87	20.99	20.50	20.84	7302100
2020-07-01	21.16	21.31	20.76	20.88	4034700
2020-07-02	21.14	21.59	21.06	21.43	3536800
2020-07-06	20.90	21.53	20.79	21.38	4126000
2020-07-07	20.54	20.73	20.40	20.66	4530300
2020-07-08	20.77	20.87	20.44	20.53	3579400
2020-07-09	19.71	20.48	19.55	20.42	8025700
2020-07-10	20.39	20.47	19.77	19.77	4173100
2020-07-13	20.39	20.57	20.24	20.42	3818200
2020-07-14	20.63	20.88	20.41	20.45	4801000
2020-07-15	20.75	21.12	20.73	20.94	3817000
2020-07-16	20.88	21.08	20.70	20.81	5182700
2020-07-17	21.00	21.19	20.89	21.05	3771100
2020-07-20	20.48	20.90	20.39	20.85	3881600
2020-07-21	20.48	20.81	20.39	20.54	4365000
2020-07-22	21.13	21.16	20.15	20.35	5110000
2020-07-23	20.93	21.23	20.79	21.00	3848500
2020-07-24	20.77	21.23	20.60	21.03	3350200
2020-07-27	20.39	20.76	20.28	20.71	4141600
2020-07-28	20.94	21.06	20.28	20.28	4699500
2020-07-29	21.17	21.18	20.66	21.05	5001700
2020-07-30	21.40	21.44	20.73	20.86	5192400
2020-07-31	21.50	21.53	20.86	20.86	5851400
2020-08-03	21.42	21.61	21.27	21.54	3289400
2020-08-04	21.69	21.85	21.32	21.35	3806200
2020-08-05	21.49	21.86	21.39	21.82	3197200
2020-08-06	21.40	21.45	21.22	21.33	6572000
2020-08-07	21.92	22.06	21.34	21.34	4940700
2020-08-10	23.14	23.45	22.21	22.29	8966900
2020-08-11	22.96	23.63	22.80	23.42	7984100
2020-08-12	23.30	23.48	22.82	23.10	5107200
2020-08-13	23.52	23.58	23.03	23.12	7152700
2020-08-14	23.46	23.60	23.33	23.42	4047000
2020-08-17	23.26	23.73	23.18	23.45	7927300
2020-08-18	22.89	23.24	22.77	23.20	4538800
2020-08-19	22.89	23.03	22.54	22.70	4253700
2020-08-20	22.63	22.96	22.62	22.77	3633400
2020-08-21	22.65	22.87	22.53	22.67	3869400
2020-08-24	22.91	22.94	22.45	22.70	3185100
2020-08-25	22.55	22.96	22.48	22.95	4605300
2020-08-26	22.36	22.52	22.11	22.40	3276900
2020-08-27	22.33	22.63	22.24	22.45	4396200
2020-08-28	22.39	22.40	22.03	22.36	4268900
2020-08-31	22.32	22.51	22.19	22.40	4849700
2020-09-01	22.15	22.28	21.98	22.25	3314600
2020-09-02	23.00	23.12	22.05	22.17	5157300
2020-09-03	22.84	23.27	22.57	23.08	6223900
2020-09-04	22.85	23.02	22.32	22.82	4831200
2020-09-08	22.80	23.11	22.49	22.88	5909800
2020-09-09	22.75	23.49	22.68	22.95	7302300
2020-09-10	22.36	22.70	22.27	22.63	4554300
2020-09-11	22.57	22.71	22.37	22.52	3840800
2020-09-14	22.89	23.04	22.67	22.70	3891600
2020-09-15	22.72	23.20	22.61	23.02	3732100
2020-09-16	22.96	23.17	22.66	22.71	6347100
2020-09-17	22.54	22.95	22.43	22.78	6794900
2020-09-18	21.97	22.51	21.85	22.39	10507100
2020-09-21	21.50	21.81	21.29	21.69	7228200
2020-09-22	21.53	21.67	21.36	21.44	6707600
2020-09-23	21.24	21.66	21.23	21.49	3627600
2020-09-24	21.37	21.48	20.88	21.21	3755600
2020-09-25	21.70	21.80	21.19	21.22	4280700
2020-09-28	21.87	22.11	21.78	21.89	3559800
2020-09-29	22.03	22.45	21.92	22.01	5496300
2020-09-30	22.30	22.50	22.14	22.21	6601300
2020-10-01	22.58	22.67	22.33	22.49	3904600
2020-10-02	23.12	23.30	22.23	22.30	5297400
2020-10-05	23.31	23.44	23.09	23.26	3361300
2020-10-06	23.53	23.89	23.22	23.40	4021000
2020-10-07	23.58	23.78	23.44	23.69	2863500
2020-10-08	23.86	23.92	23.58	23.67	3177400
2020-10-09	23.72	24.05	23.57	23.98	3634900
2020-10-12	23.76	23.90	23.69	23.71	2604400
2020-10-13	23.34	23.69	23.10	23.69	2891000
2020-10-14	23.35	23.54	23.14	23.37	2395100
2020-10-15	23.40	23.51	23.15	23.16	3072400
2020-10-16	23.44	23.53	23.24	23.44	3219200
2020-10-19	22.76	23.53	22.72	23.47	4161600
2020-10-20	23.01	23.12	22.79	22.91	3745800
2020-10-21	22.87	23.11	22.75	22.94	4018900
2020-10-22	23.30	23.32	22.54	22.81	3912200
2020-10-23	23.50	23.58	23.18	23.51	3360700
2020-10-26	23.71	23.71	23.18	23.24	4670800
2020-10-27	23.40	23.76	23.38	23.70	3748800
2020-10-28	22.38	23.23	22.34	22.92	5380100
2020-10-29	22.62	22.92	21.91	22.25	3876500
2020-10-30	22.54	22.72	22.32	22.40	3975400
2020-11-02	23.04	23.12	22.55	22.76	4025900
2020-11-03	23.64	23.75	23.29	23.34	5571100
2020-11-04	22.89	23.67	22.89	23.42	4065100
2020-11-05	23.00	23.45	22.80	23.12	2807600
2020-11-06	22.63	23.31	22.51	23.00	3371400
2020-11-09	23.57	24.25	23.26	23.41	6559900
2020-11-10	24.38	24.44	23.55	23.57	6275800
2020-11-11	24.11	24.56	23.99	24.47	3957800
2020-11-12	23.68	24.12	23.54	23.84	5704900
2020-11-13	24.44	24.61	23.77	23.77	4260000
2020-11-16	24.84	25.02	24.57	24.87	5334100
2020-11-17	24.21	24.79	24.10	24.65	3690600
2020-11-18	23.98	24.69	23.97	24.37	3943600
2020-11-19	23.96	24.07	23.76	23.94	3757600
2020-11-20	23.90	24.16	23.85	23.94	3504000
2020-11-23	24.58	24.65	23.90	23.98	4245600
2020-11-24	25.15	25.26	24.76	24.85	4997000
2020-11-25	24.09	25.08	23.54	25.04	9237300
2020-11-27	23.86	24.17	23.73	24.14	2645500
2020-11-30	23.30	23.77	23.26	23.58	7431800
2020-12-01	23.25	23.67	23.17	23.41	5316800
2020-12-02	23.39	23.46	22.77	23.16	5595000
2020-12-03	23.33	23.48	23.17	23.32	3527100
2020-12-04	23.45	23.57	23.30	23.35	5082200
2020-12-07	23.65	24.01	23.35	23.36	5592400
2020-12-08	23.81	23.97	23.52	23.58	4722400
2020-12-09	24.02	24.09	23.75	23.82	4465600
2020-12-10	23.38	24.07	23.35	23.97	4218700
2020-12-11	23.35	23.48	23.24	23.28	4838400
2020-12-14	22.95	23.64	22.92	23.54	5661300
2020-12-15	23.23	23.34	22.72	23.13	5551800
2020-12-16	22.72	23.44	22.69	23.29	7328500
2020-12-17	22.74	23.13	22.74	22.79	8698100
2020-12-18	22.41	22.94	22.24	22.74	12709200
2020-12-21	22.21	22.23	21.75	22.09	8463800
2020-12-22	21.90	22.19	21.81	22.16	7583900
2020-12-23	22.27	22.47	21.94	22.00	4984200
2020-12-24	22.36	22.39	22.00	22.25	1985600
2020-12-28	22.66	22.78	22.39	22.49	3770700
2020-12-29	22.70	22.95	22.62	22.73	3599700
2020-12-30	22.94	23.07	22.61	22.64	3618100
2020-12-31	23.45	23.47	22.84	22.92	4228400
2021-01-04	22.94	23.66	22.79	23.52	5958500
2021-01-05	22.96	23.15	22.69	22.91	3981700
2021-01-06	23.38	23.53	23.11	23.23	3764600
2021-01-07	23.07	23.53	23.02	23.51	4331000
2021-01-08	23.13	23.27	23.02	23.13	3418800
2021-01-11	23.09	23.21	22.95	23.02	3093400
2021-01-12	23.24	23.26	22.82	23.04	4462100
2021-01-13	23.36	23.51	23.19	23.27	3056100
2021-01-14	23.46	23.71	23.16	23.41	2879900
2021-01-15	23.76	23.80	23.28	23.39	3356200
2021-01-19	23.40	23.86	23.39	23.85	2617600
2021-01-20	23.26	23.40	23.14	23.31	4069700
2021-01-21	23.09	23.27	22.84	23.09	3626600
2021-01-22	23.14	23.24	22.89	22.97	2990600
2021-01-25	23.38	23.83	22.91	22.99	6237400
2021-01-26	23.49	23.64	23.15	23.38	3469800
2021-01-27	23.12	23.65	23.10	23.33	6147000
2021-01-28	23.39	23.79	23.09	23.19	3754600
2021-01-29	23.01	23.39	22.93	23.22	5880700
2021-02-01	23.24	23.38	22.93	23.08	3274100
2021-02-02	23.15	23.63	23.15	23.33	3257300
2021-02-03	23.11	23.29	23.00	23.08	2996200
2021-02-04	23.20	23.23	22.96	23.08	3637400
2021-02-05	23.18	23.48	23.15	23.37	3057000
2021-02-08	23.18	23.42	23.04	23.28	3651400
2021-02-09	23.24	23.32	23.07	23.23	2674100
2021-02-10	23.33	23.58	23.19	23.45	3347800
2021-02-11	23.24	23.38	23.11	23.30	2455500
2021-02-12	23.29	23.40	23.15	23.18	2777200
2021-02-16	23.29	23.45	23.14	23.29	4097900
2021-02-17	23.34	23.40	23.14	23.32	3095400
2021-02-18	23.09	23.60	23.09	23.43	4160700
2021-02-19	23.02	23.17	22.94	23.13	4809700
2021-02-22	22.85	23.27	22.74	23.12	4922100
2021-02-23	22.85	23.19	22.81	23.09	4701300
2021-02-24	22.86	23.03	22.70	22.87	4365400
2021-02-25	22.45	23.00	22.41	22.79	5451100
2021-02-26	21.78	22.51	21.75	22.50	9397600
2021-03-01	22.36	22.70	22.05	22.07	5347300
2021-03-02	22.57	22.72	22.26	22.36	4223300
2021-03-03	22.85	22.95	22.35	22.49	5061300
2021-03-04	23.21	23.34	22.75	22.92	7980100
2021-03-05	23.49	23.58	23.04	23.26	6099300
2021-03-08	23.54	24.05	23.51	23.62	8932200
2021-03-09	23.02	23.55	22.96	23.35	7907800
2021-03-10	23.18	23.28	22.85	22.97	5511600
2021-03-11	22.96	23.24	22.94	23.08	4542100
2021-03-12	23.39	23.52	23.08	23.10	6049400
2021-03-15	23.84	23.84	23.44	23.48	4459000
2021-03-16	23.88	24.03	23.60	23.74	7521100
2021-03-17	23.65	24.02	23.64	23.88	5481700
2021-03-18	25.06	25.20	24.14	24.22	14784900
2021-03-19	24.97	25.32	24.54	25.02	15130700
2021-03-22	24.53	24.92	24.32	24.87	4794300
2021-03-23	24.11	24.55	24.00	24.44	7494100
2021-03-24	23.99	24.42	23.95	23.98	5880200
2021-03-25	24.25	24.34	23.83	24.14	4805000
2021-03-26	24.70	24.72	24.26	24.31	5060000
2021-03-29	24.53	24.75	24.36	24.62	4835200
2021-03-30	24.53	24.64	24.38	24.49	3972500
2021-03-31	24.34	24.54	24.27	24.50	7358700
2021-04-01	24.28	24.39	24.04	24.39	6332100
2021-04-05	24.32	24.48	24.22	24.32	5321100
2021-04-06	24.23	24.35	24.10	24.32	5973100
2021-04-07	24.48	24.48	24.28	24.28	4336900
2021-04-08	24.24	24.49	24.18	24.46	3578300
2021-04-09	24.17	24.37	24.09	24.24	4296900
2021-04-12	24.25	24.44	24.18	24.26	5401900
2021-04-13	24.23	24.29	23.99	24.05	7766600
2021-04-14	24.26	24.31	24.14	24.14	6551300
2021-04-15	24.47	24.52	24.24	24.26	8462200
2021-04-16	24.59	24.73	24.44	24.56	7476000
2021-04-19	24.37	24.74	24.28	24.72	4997800
2021-04-20	24.48	24.56	24.25	24.26	5521600
2021-04-21	24.86	24.93	24.48	24.50	5880900
2021-04-22	24.43	24.93	24.42	24.93	5040800
2021-04-23	24.61	24.64	24.36	24.49	5070700
2021-04-26	24.63	24.72	24.55	24.65	5838200
2021-04-27	24.38	24.63	24.36	24.58	4656000
2021-04-28	24.48	24.49	24.31	24.34	4651500
2021-04-29	24.70	24.73	24.52	24.53	5337100
2021-04-30	24.59	24.79	24.47	24.74	5281900
2021-05-03	24.59	24.86	24.56	24.64	4278700
2021-05-04	24.54	24.70	24.44	24.64	3926500
2021-05-05	24.41	24.54	24.19	24.48	7489800
2021-05-06	24.34	24.42	24.00	24.26	6139400
2021-05-07	24.69	24.83	24.20	24.21	5034600
2021-05-10	24.88	25.07	24.76	24.83	4620200
2021-05-11	24.76	25.07	24.62	24.88	7080900
2021-05-12	24.14	24.84	24.14	24.79	5712800
2021-05-13	24.51	24.64	24.05	24.05	4394100
2021-05-14	24.69	24.80	24.59	24.64	3000000
2021-05-17	24.61	24.86	24.59	24.72	3953300
2021-05-18	24.75	24.86	24.64	24.73	5142000
2021-05-19	24.79	24.83	24.38	24.71	6679500
2021-05-20	24.76	24.96	24.72	24.77	5401900
2021-05-21	24.90	24.94	24.74	24.80	4152400
2021-05-24	24.86	25.09	24.84	25.03	2925900
2021-05-25	24.57	24.92	24.56	24.86	4010000
2021-05-26	24.60	24.66	24.48	24.57	3323200
2021-05-27	24.52	24.71	24.50	24.70	6088200
2021-05-28	24.57	24.69	24.46	24.65	3727600
2021-06-01	24.48	24.69	24.37	24.60	4022800
2021-06-02	24.43	24.56	24.32	24.48	4528000
2021-06-03	24.49	24.61	24.32	24.37	4076200
2021-06-04	24.47	24.56	24.43	24.53	3676800
2021-06-07	24.54	24.61	24.48	24.53	3840700
2021-06-08	24.39	24.60	24.26	24.54	5936900
2021-06-09	24.82	24.91	24.34	24.39	6790000
2021-06-10	24.90	25.07	24.81	24.90	6032700
2021-06-11	25.11	25.15	24.84	24.93	6016800
2021-06-14	25.05	25.21	24.94	25.11	4833000
2021-06-15	25.09	25.25	24.93	25.00	3232400
2021-06-16	24.56	25.16	24.54	25.15	4524300
2021-06-17	24.49	24.69	24.38	24.51	5129400
2021-06-18	23.64	24.37	23.62	24.35	9834700
2021-06-21	24.08	24.10	23.69	23.74	5373100
2021-06-22	23.97	24.19	23.96	24.09	4638600
2021-06-23	23.80	23.97	23.74	23.92	4170300
2021-06-24	23.92	23.96	23.74	23.85	3241600
2021-06-25	24.23	24.25	23.81	23.81	4665200
2021-06-28	24.19	24.34	24.11	24.32	3125600
2021-06-29	23.78	24.28	23.70	24.15	3851200
2021-06-30	23.95	24.00	23.76	23.84	3990000
2021-07-01	24.20	24.29	23.87	24.03	4416200
2021-07-02	24.19	24.23	24.05	24.17	2602100
2021-07-06	24.12	24.30	23.73	24.24	3899200
2021-07-07	24.11	24.15	23.87	23.99	2943600
2021-07-08	24.11	24.13	23.90	23.98	2916500
2021-07-09	24.35	24.36	24.09	24.16	3634600
2021-07-12	24.29	24.35	24.08	24.27	2983000
2021-07-13	23.92	24.28	23.89	24.25	3493800
2021-07-14	24.04	24.19	23.77	23.88	3463000
2021-07-15	24.16	24.22	23.94	23.95	4606800
2021-07-16	24.48	24.61	24.12	24.20	4317600
2021-07-19	23.98	24.49	23.75	24.31	5057800
2021-07-20	24.15	24.39	23.97	24.00	4377400
2021-07-21	24.05	24.37	24.05	24.24	3028400
2021-07-22	24.04	24.13	23.91	24.06	2715700
2021-07-23	24.20	24.26	24.02	24.04	2380900
2021-07-26	24.29	24.37	24.15	24.20	2867500
2021-07-27	24.61	24.68	24.13	24.24	4068300
2021-07-28	24.48	24.71	24.28	24.63	4070200
2021-07-29	24.48	24.59	24.40	24.56	2945000
2021-07-30	24.29	24.70	24.21	24.51	6734000
2021-08-02	24.37	24.53	24.29	24.36	3487900
2021-08-03	24.46	24.46	24.20	24.40	4424000
2021-08-04	24.34	24.40	24.10	24.34	4413400
2021-08-05	24.71	24.72	24.40	24.45	4264300
2021-08-06	25.03	25.23	24.69	24.77	5810900
2021-08-09	24.87	25.08	24.75	25.05	3706600
2021-08-10	24.75	24.95	24.75	24.89	4580500
2021-08-11	25.01	25.03	24.75	24.83	4204600
2021-08-12	24.90	25.03	24.86	24.91	3177100
2021-08-13	25.18	25.23	24.85	24.92	4104700
2021-08-16	25.13	25.47	25.07	25.23	3710100
2021-08-17	25.12	25.14	24.84	25.01	3145900
2021-08-18	24.99	25.14	24.89	25.13	3448800
2021-08-19	24.99	25.31	24.93	24.99	4378900
2021-08-20	25.47	25.50	24.81	24.94	9684200
2021-08-23	24.99	25.50	24.90	25.47	5384500
2021-08-24	25.03	25.11	24.87	25.05	4295000
2021-08-25	25.02	25.17	24.78	24.93	6640800
2021-08-26	24.89	25.06	24.86	24.99	3563100
2021-08-27	25.02	25.11	24.88	24.90	3645600
2021-08-30	24.99	25.11	24.93	25.05	3741500
2021-08-31	25.13	25.22	24.89	24.96	5413600
2021-09-01	25.72	25.77	25.33	25.42	6343800
2021-09-02	26.05	26.05	25.68	25.77	4136000
2021-09-03	25.77	26.03	25.75	26.01	5290800
2021-09-07	25.78	25.99	25.64	25.77	5859800
2021-09-08	26.08	26.30	25.71	25.78	5810100
2021-09-09	25.85	26.24	25.83	26.10	5144300
2021-09-10	25.70	25.99	25.70	25.89	4492600
2021-09-13	25.64	25.96	25.59	25.94	4504900
2021-09-14	25.50	25.78	25.43	25.75	5583200
2021-09-15	25.57	25.77	25.42	25.44	4803700
2021-09-16	25.26	25.62	25.23	25.56	5231600
2021-09-17	24.90	25.30	24.88	25.14	8434200
2021-09-20	24.85	25.08	24.59	24.75	5093500
2021-09-21	24.67	25.09	24.65	24.92	6057700
2021-09-22	24.72	24.91	24.64	24.77	4016700
2021-09-23	24.78	24.98	24.66	24.72	4063000
2021-09-24	24.67	24.96	24.65	24.81	2413100
2021-09-27	24.62	25.02	24.60	24.72	4385400
2021-09-28	24.50	24.78	24.42	24.65	5323000
2021-09-29	24.71	24.88	24.50	24.52	5202300
2021-09-30	24.20	24.76	24.19	24.72	7471400
2021-10-01	24.27	24.48	24.17	24.44	5687600
2021-10-04	24.56	24.65	24.24	24.25	5422900
2021-10-05	24.53	24.77	24.48	24.61	4113500
2021-10-06	24.78	24.80	24.30	24.40	6228600
2021-10-07	24.65	25.01	24.60	24.81	5445600
2021-10-08	24.62	24.85	24.58	24.63	3782900
2021-10-11	24.47	24.68	24.42	24.58	3557100
2021-10-12	24.53	24.69	24.41	24.46	3065600
2021-10-13	24.72	24.75	24.34	24.44	3312300
2021-10-14	24.92	24.98	24.71	24.75	2662700
2021-10-15	25.04	25.11	24.91	24.97	4214900
2021-10-18	24.78	24.98	24.71	24.82	3366900
2021-10-19	25.08	25.11	24.88	24.92	3249600
2021-10-20	25.37	25.46	25.15	25.18	3857000
2021-10-21	25.18	25.37	25.16	25.25	2550900
2021-10-22	25.29	25.38	25.18	25.25	2374200
2021-10-25	25.18	25.35	25.13	25.29	2612300
2021-10-26	25.25	25.46	25.16	25.18	3134300
2021-10-27	25.18	25.37	25.11	25.35	3247100
2021-10-28	25.24	25.28	25.05	25.15	2440200
2021-10-29	25.00	25.32	24.89	25.21	3132600
2021-11-01	25.44	25.44	24.93	25.04	4603900
2021-11-02	25.38	25.53	25.18	25.48	4394400
2021-11-03	25.44	25.53	25.28	25.31	4103700
2021-11-04	25.08	25.54	24.91	25.28	4291800
2021-11-05	24.93	25.45	24.91	25.17	5758800
2021-11-08	24.89	25.03	24.76	24.99	4311700
2021-11-09	24.96	25.04	24.79	24.89	3203900
2021-11-10	24.98	25.23	24.94	25.02	4529200
2021-11-11	24.97	25.11	24.80	24.82	4473900
2021-11-12	24.83	25.02	24.79	24.98	4008700
2021-11-15	25.04	25.06	24.88	24.98	3277400
2021-11-16	24.91	25.11	24.91	25.04	2982200
2021-11-17	24.73	24.91	24.69	24.81	4391800
2021-11-18	24.54	24.81	24.45	24.71	3698600
2021-11-19	24.65	24.67	24.28	24.47	5222000
2021-11-22	24.75	24.86	24.40	24.60	5285300
2021-11-23	24.94	25.04	24.66	24.85	3564900
2021-11-24	24.88	24.99	24.79	24.96	2442300
2021-11-26	24.46	24.73	24.44	24.51	3187100
2021-11-29	24.69	24.79	24.47	24.56	3581300
2021-11-30	24.16	24.67	24.09	24.53	10349000
2021-12-01	24.21	24.74	24.19	24.38	6215000
2021-12-02	24.51	24.76	24.31	24.36	6644400
2021-12-03	24.88	25.02	24.61	24.65	5498400
2021-12-06	25.37	25.64	25.07	25.15	7068900
2021-12-07	25.45	25.58	25.24	25.34	4787300
2021-12-08	25.32	25.55	25.28	25.45	5305600
2021-12-09	25.19	25.39	25.02	25.39	4280600
2021-12-10	25.30	25.34	25.16	25.29	4447800
2021-12-13	25.43	25.53	25.16	25.18	4002400
2021-12-14	25.39	25.59	25.25	25.54	5067300
2021-12-15	25.78	25.92	25.40	25.46	5994000
2021-12-16	25.96	26.22	25.78	25.83	4831000
2021-12-17	26.03	26.21	25.87	25.93	12014100
2021-12-20	25.98	26.04	25.57	25.74	5376600
2021-12-21	25.91	26.32	25.78	26.15	4968700
2021-12-22	25.90	26.03	25.77	25.88	5596300
2021-12-23	25.91	26.10	25.81	25.94	2280900
2021-12-27	26.01	26.06	25.78	25.91	1994300
2021-12-28	26.22	26.23	25.97	26.00	2066200
2021-12-29	26.23	26.33	26.18	26.23	2835800
2021-12-30	26.37	26.42	26.21	26.32	2367400
2021-12-31	26.47	26.55	26.26	26.34	2547600
2022-01-03	26.54	26.60	26.08	26.55	4911000
2022-01-04	26.41	26.72	26.37	26.53	4885500
2022-01-05	26.46	26.71	26.27	26.45	4098100
2022-01-06	26.43	26.58	26.31	26.46	3271100
2022-01-07	26.64	26.81	26.24	26.36	2942000
2022-01-10	26.62	26.77	26.52	26.66	3645800
2022-01-11	26.37	26.76	26.26	26.74	3995800
2022-01-12	26.38	26.61	26.27	26.40	3988900
2022-01-13	26.42	26.58	26.28	26.37	4125500
2022-01-14	26.39	26.48	26.23	26.38	3439000
2022-01-18	26.32	26.46	26.07	26.35	4203300
2022-01-19	26.26	26.50	26.23	26.37	2827700
2022-01-20	26.16	26.61	26.10	26.37	6648800
2022-01-21	26.12	26.35	26.04	26.29	4493000
2022-01-24	26.03	26.13	25.46	26.02	6592600
2022-01-25	26.01	26.21	25.67	25.79	6426000
2022-01-26	25.79	26.23	25.62	26.08	5841200
2022-01-27	25.85	26.21	25.73	25.93	4354000
2022-01-28	26.14	26.15	25.70	25.80	4706600
2022-01-31	26.14	26.15	25.86	25.93	6585000
2022-02-01	26.00	26.22	25.90	26.06	3844900
2022-02-02	26.16	26.22	25.93	26.01	5032400
2022-02-03	26.14	26.30	26.04	26.15	3967500
2022-02-04	25.90	26.15	25.70	26.00	3617200
2022-02-07	25.79	25.91	25.66	25.85	4537300
2022-02-08	26.01	26.08	25.84	25.91	3232100
2022-02-09	26.01	26.14	25.89	26.08	3250500
2022-02-10	25.36	25.95	25.29	25.80	4371400
2022-02-11	25.24	25.62	25.17	25.37	5440900
2022-02-14	24.97	25.39	24.75	25.31	5099800
2022-02-15	24.88	25.27	24.77	25.09	3699300
2022-02-16	24.86	25.05	24.73	24.85	3948000
2022-02-17	24.78	24.90	24.58	24.75	4807000
2022-02-18	22.98	23.94	22.66	23.87	23006700
2022-02-22	23.61	23.64	22.68	22.68	14910300
2022-02-23	22.98	23.75	22.89	23.56	12207300
2022-02-24	22.84	23.05	22.50	22.78	11208100
2022-02-25	23.28	23.49	22.90	22.96	7561100
2022-02-28	23.05	23.23	22.67	23.13	9759300
2022-03-01	22.41	23.12	22.25	23.00	8996700
2022-03-02	22.65	22.89	22.38	22.39	5567700
2022-03-03	22.91	23.19	22.62	22.62	8169200
2022-03-04	23.29	23.32	22.65	22.74	6365100
2022-03-07	23.03	23.42	22.89	23.31	6896700
2022-03-08	23.15	23.59	22.91	23.08	9845900
2022-03-09	23.68	24.02	23.57	23.83	11856600
2022-03-10	23.59	23.80	23.29	23.60	9257600
2022-03-11	23.31	23.86	23.30	23.56	5728600
2022-03-14	23.21	23.58	23.05	23.31	6518700
2022-03-15	23.52	23.65	23.31	23.36	6830700
2022-03-16	23.62	23.71	23.36	23.56	7655900
2022-03-17	23.77	23.93	23.44	23.57	7583900
2022-03-18	23.67	23.91	23.60	23.69	22608900
2022-03-21	23.87	23.92	23.68	23.78	7992100
2022-03-22	23.84	24.05	23.60	23.96	6320400
2022-03-23	23.86	23.99	23.63	23.88	8577000
2022-03-24	24.25	24.25	23.85	23.95	5946200
2022-03-25	24.48	24.56	24.18	24.18	5988700
2022-03-28	24.64	24.65	24.40	24.45	5566600
2022-03-29	25.24	25.28	24.64	24.71	7755100
2022-03-30	25.47	25.47	25.12	25.20	7974300
2022-03-31	25.34	25.62	25.33	25.41	5864500
2022-04-01	25.75	25.76	25.21	25.41	6315000
2022-04-04	25.47	25.53	24.88	25.16	6500600
2022-04-05	25.48	25.84	25.42	25.57	8306100
2022-04-06	26.08	26.09	25.49	25.60	8806100
2022-04-07	25.85	26.07	25.58	26.06	7182500
2022-04-08	25.83	26.00	25.71	25.95	4928900
2022-04-11	25.65	25.99	25.63	25.85	6451200
2022-04-12	25.58	25.78	25.53	25.71	6006200
2022-04-13	25.71	25.77	25.45	25.53	5585300
2022-04-14	25.91	26.02	25.65	25.78	5736600
2022-04-18	25.93	26.14	25.83	25.96	6544100
2022-04-19	26.47	26.52	26.00	26.04	6401100
2022-04-20	26.77	26.87	26.53	26.62	5911600
2022-04-21	26.95	27.11	26.58	26.70	5784100
2022-04-22	26.52	26.96	26.51	26.95	7183700
2022-04-25	26.41	26.64	26.06	26.59	7183300
2022-04-26	25.96	26.58	25.95	26.36	5303700
2022-04-27	25.65	26.09	25.64	25.91	4322500
2022-04-28	25.86	25.95	25.63	25.81	5286900
2022-04-29	25.12	25.80	25.08	25.74	5061200
2022-05-02	24.94	25.29	24.62	25.23	5218500
2022-05-03	25.00	25.39	24.89	25.01	4963600
2022-05-04	25.64	25.65	25.03	25.12	6061700
2022-05-05	25.56	25.82	25.08	25.20	5584200
2022-05-06	25.94	26.00	25.32	25.43	6842600
2022-05-09	25.55	25.84	25.45	25.83	5723000
2022-05-10	25.10	25.79	24.75	25.57	6608500
2022-05-11	25.20	25.65	25.06	25.14	5974500
2022-05-12	25.15	25.29	24.92	25.21	5770400
2022-05-13	25.53	25.63	25.13	25.33	4521900
2022-05-16	25.72	25.80	25.39	25.58	3746800
2022-05-17	26.08	26.10	25.59	25.86	4944200
2022-05-18	26.06	26.24	25.97	26.18	5221400
2022-05-19	25.92	26.07	25.51	25.98	5466500
2022-05-20	25.91	26.08	25.53	25.98	6121500
2022-05-23	26.24	26.32	25.96	26.18	6783200
2022-05-24	26.50	26.53	26.04	26.32	4219800
2022-05-25	26.57	26.59	26.38	26.48	3743100
2022-05-26	26.83	27.12	26.60	26.62	6128900
2022-05-27	26.94	27.07	26.70	26.75	3861800
2022-05-31	26.78	27.06	26.56	26.75	7768400
2022-06-01	26.56	26.90	26.21	26.89	4503000
2022-06-02	26.57	26.74	26.11	26.67	4864900
2022-06-03	26.47	26.65	26.42	26.48	3692100
2022-06-06	26.59	26.71	26.44	26.62	6456400
2022-06-07	27.14	27.14	26.52	26.62	7534300
2022-06-08	26.82	27.19	26.73	27.02	4899800
2022-06-09	25.86	26.97	25.84	26.79	8447200
2022-06-10	25.14	25.56	25.14	25.42	9216400
2022-06-13	24.03	24.94	23.92	24.86	7879900
2022-06-14	23.10	24.10	22.84	24.00	9520100
2022-06-15	23.31	23.60	23.01	23.29	9767700
2022-06-16	22.84	23.05	22.68	23.01	9335100
2022-06-17	22.70	23.03	22.36	22.77	14627300
2022-06-21	23.14	23.34	22.75	22.81	6105100
2022-06-22	23.43	23.62	22.99	23.01	5130700
2022-06-23	23.82	23.88	23.49	23.50	3617300
2022-06-24	24.24	24.27	23.85	23.91	6998800
2022-06-27	24.49	24.59	24.15	24.18	2885200
2022-06-28	24.29	24.80	24.28	24.65	2592800
2022-06-29	24.22	24.45	24.07	24.33	2736100
2022-06-30	24.29	24.45	23.95	24.03	4426800
2022-07-01	24.85	24.88	24.25	24.40	4956800
2022-07-05	24.02	24.73	23.66	24.70	5196700
2022-07-06	24.22	24.39	23.88	24.11	5579700
2022-07-07	24.39	24.61	24.28	24.41	5399500
2022-07-08	24.33	24.46	24.05	24.26	3660700
2022-07-11	24.45	24.53	24.21	24.24	5252500
2022-07-12	24.39	24.65	24.27	24.36	3718900
2022-07-13	24.22	24.44	23.98	24.15	4619500
2022-07-14	24.28	24.30	23.83	23.88	5571200
2022-07-15	24.65	24.65	24.19	24.53	5039900
2022-07-18	24.34	24.71	24.31	24.54	4524600
2022-07-19	24.53	24.59	24.41	24.49	3546800
2022-07-20	24.30	24.49	23.99	24.41	6812000
2022-07-21	24.39	24.39	24.17	24.25	3247100
2022-07-22	24.47	24.56	24.23	24.48	4375700
2022-07-25	24.93	24.97	24.43	24.43	5895000
2022-07-26	25.10	25.17	24.93	24.93	3732300
2022-07-27	25.14	25.22	24.87	25.03	2850000
2022-07-28	25.77	25.84	25.21	25.33	4050400
2022-07-29	26.03	26.04	25.67	25.71	7245700
2022-08-01	25.96	26.10	25.76	26.00	5194100
2022-08-02	26.05	26.27	25.86	26.02	5049600
2022-08-03	25.95	26.23	25.45	26.11	4627700
2022-08-04	25.60	26.01	25.54	25.99	4938200
2022-08-05	25.13	25.61	24.95	25.58	4444800
2022-08-08	25.20	25.43	25.05	25.24	3774800
2022-08-09	25.50	25.53	25.23	25.31	3873800
2022-08-10	25.96	25.97	25.64	25.70	4490600
2022-08-11	26.35	26.84	25.91	26.01	9743100
2022-08-12	27.12	27.13	26.45	26.52	5968600
2022-08-15	27.39	27.41	26.95	27.26	6132200
2022-08-16	27.67	27.71	27.26	27.32	4910900
2022-08-17	27.60	27.74	27.45	27.50	4328500
2022-08-18	27.67	27.68	27.47	27.57	3130300
2022-08-19	27.58	27.72	27.45	27.68	3974400
2022-08-22	27.06	27.43	26.97	27.40	4461500
2022-08-23	27.06	27.16	26.95	27.08	3842400
2022-08-24	27.05	27.17	26.92	27.06	4292200
2022-08-25	27.16	27.18	26.87	27.05	2925800
2022-08-26	26.67	27.23	26.66	27.22	3055300
2022-08-29	26.75	26.94	26.35	26.56	3769400
2022-08-30	26.27	26.75	26.22	26.72	3837500
2022-08-31	26.03	26.42	26.01	26.29	6104900
2022-09-01	26.21	26.26	25.83	26.01	5123400
2022-09-02	25.91	26.56	25.87	26.26	5449000
2022-09-06	25.80	26.05	25.70	25.97	4321400
2022-09-07	26.49	26.58	25.88	25.93	5423200
2022-09-08	26.72	26.80	26.26	26.39	3786300
2022-09-09	26.93	27.03	26.74	26.87	2538800
2022-09-12	27.21	27.22	26.93	26.94	4318000
2022-09-13	26.54	27.16	26.46	26.93	4552400
2022-09-14	26.72	26.91	26.50	26.57	2580600
2022-09-15	26.05	26.61	26.04	26.52	4255500
2022-09-16	26.09	26.25	25.99	26.05	7181000
2022-09-19	26.48	26.48	25.93	26.02	3811800
2022-09-20	26.07	26.39	25.88	26.39	4554400
2022-09-21	25.65	26.35	25.63	26.18	3405300
2022-09-22	25.60	25.77	25.47	25.67	3716600
2022-09-23	25.39	25.47	25.01	25.40	3823200
2022-09-26	24.81	25.46	24.56	25.32	5229300
2022-09-27	24.46	25.07	24.26	24.92	4447000
2022-09-28	24.68	24.78	24.40	24.75	6588200
2022-09-29	23.41	24.61	23.30	24.61	7619800
2022-09-30	22.87	23.62	22.81	23.50	8235700
2022-10-03	23.51	23.77	23.02	23.39	9072800
2022-10-04	24.05	24.11	23.54	23.58	4660000
2022-10-05	23.56	23.73	23.15	23.73	3607600
2022-10-06	22.95	23.62	22.93	23.59	6783600
2022-10-07	22.26	22.98	22.17	22.78	5686400
2022-10-10	22.43	22.62	22.28	22.35	4291200
2022-10-11	22.32	22.52	22.05	22.33	5799700
2022-10-12	21.63	22.33	21.58	22.26	6491800
2022-10-13	22.25	22.35	21.17	21.28	5565200
2022-10-14	22.10	22.59	21.82	22.43	6065300
2022-10-17	22.45	22.75	22.35	22.44	3885100
2022-10-18	22.90	23.07	22.78	22.82	4184800
2022-10-19	22.85	22.97	22.54	22.65	4962500
2022-10-20	22.54	22.95	22.36	22.87	4805400
2022-10-21	23.17	23.25	22.51	22.69	6585100
2022-10-24	22.97	23.46	22.83	23.35	4930600
2022-10-25	23.42	23.66	22.94	23.03	5297100
2022-10-26	23.18	23.65	23.16	23.54	3578900
2022-10-27	23.37	23.69	23.31	23.35	3487100
2022-10-28	23.91	23.95	23.39	23.39	3162900
2022-10-31	23.90	24.03	23.70	23.88	4934700
2022-11-01	23.97	24.06	23.81	24.01	3519700
2022-11-02	23.56	24.22	23.56	23.81	4986000
2022-11-03	23.98	24.13	23.33	23.42	4501800
2022-11-04	24.36	24.40	23.84	24.09	3519800
2022-11-07	24.16	24.54	23.88	24.34	5080200
2022-11-08	24.45	24.55	24.19	24.24	4489200
2022-11-09	24.07	24.43	24.04	24.37	4394000
2022-11-10	25.01	25.06	24.40	24.71	3490500
2022-11-11	24.73	25.06	24.57	25.02	3381400
2022-11-14	24.45	24.82	24.45	24.63	3853200
2022-11-15	24.80	25.00	24.44	24.66	3505200
2022-11-16	25.17	25.34	24.75	24.79	4910900
2022-11-17	24.96	24.98	24.69	24.91	5050900
2022-11-18	25.34	25.38	25.05	25.24	5060800
2022-11-21	25.46	25.57	25.27	25.27	3819900
2022-11-22	25.93	26.01	25.59	25.59	7618400
2022-11-23	26.26	26.29	25.85	25.85	3532800
2022-11-25	26.37	26.45	26.30	26.30	1675500
2022-11-28	26.25	26.30	26.00	26.20	3875300
2022-11-29	26.18	26.31	25.97	26.11	3419800
2022-11-30	26.63	26.63	26.04	26.09	6749600
2022-12-01	26.42	26.92	26.30	26.76	5050900
2022-12-02	26.32	26.39	26.03	26.16	2549200
2022-12-05	26.23	26.38	25.99	26.11	3502300
2022-12-06	26.43	26.48	26.04	26.23	4999000
2022-12-07	26.14	26.43	26.11	26.39	3624800
2022-12-08	26.42	26.50	26.11	26.14	2438500
2022-12-09	26.32	26.49	26.23	26.34	3676000
2022-12-12	26.77	26.82	26.31	26.45	3809500
2022-12-13	26.67	27.21	26.43	27.08	4933000
2022-12-14	26.75	27.23	26.60	26.75	5122800
2022-12-15	26.69	26.94	26.46	26.83	5187000
2022-12-16	26.48	26.66	26.09	26.44	11076800
2022-12-19	26.46	26.70	26.27	26.56	4831700
2022-12-20	26.51	26.65	26.33	26.47	3868300
2022-12-21	26.73	26.79	26.59	26.60	4138700
2022-12-22	26.53	26.66	26.12	26.63	6042100
2022-12-23	26.86	26.89	26.46	26.46	2448300
2022-12-27	26.99	27.07	26.76	26.93	1967600
2022-12-28	26.76	27.20	26.73	27.03	4268100
2022-12-29	26.96	27.06	26.83	26.91	2104100
2022-12-30	26.56	26.96	26.30	26.94	3812400
2023-01-03	26.55	26.75	26.10	26.65	5784700
2023-01-04	27.21	27.48	26.60	26.68	7792100
2023-01-05	26.58	27.15	26.55	27.02	6309900
2023-01-06	27.24	27.26	26.74	26.88	5201300
2023-01-09	27.43	27.66	27.19	27.19	5623300
2023-01-10	27.43	27.44	27.02	27.37	5476200
2023-01-11	28.00	28.86	27.35	27.36	12511000
2023-01-12	27.93	28.19	27.86	28.04	6368000
2023-01-13	27.83	27.91	27.49	27.68	3854500
2023-01-17	27.81	28.03	27.73	27.86	4143000
2023-01-18	27.01	27.85	26.97	27.85	3986600
2023-01-19	26.50	26.96	26.50	26.95	3885600
2023-01-20	26.66	26.67	26.18	26.51	4067400
2023-01-23	26.66	26.94	26.39	26.57	2911400
2023-01-24	26.81	26.87	26.24	26.53	3332600
2023-01-25	26.82	26.83	26.42	26.55	3500200
2023-01-26	26.98	27.01	26.60	26.77	4778800
2023-01-27	26.94	27.13	26.79	26.94	3075400
2023-01-30	26.77	27.06	26.75	26.81	3087100
2023-01-31	26.91	27.05	26.49	26.83	17865800
2023-02-01	26.92	27.00	26.30	26.78	7074300
2023-02-02	26.72	27.31	26.67	27.00	4922200
2023-02-03	26.06	26.53	25.79	26.51	4688500
2023-02-06	26.22	26.26	25.85	25.99	3562700
2023-02-07	26.14	26.28	25.83	26.09	3406800
2023-02-08	25.79	26.08	25.72	26.05	3033400
2023-02-09	25.51	25.96	25.44	25.86	3481000
2023-02-10	26.06	26.07	25.47	25.56	2840900
2023-02-13	26.19	26.24	25.98	26.04	3086900
2023-02-14	25.95	26.30	25.86	26.14	2960900
2023-02-15	26.07	26.17	25.77	25.84	3877900
2023-02-16	25.86	26.06	25.57	25.93	5584300
2023-02-17	26.19	26.49	25.75	25.85	7645300
2023-02-21	25.29	25.94	25.26	25.65	13507900
2023-02-22	25.19	25.62	25.10	25.46	9842500
2023-02-23	25.33	25.38	24.93	25.19	7867800
2023-02-24	25.17	25.28	24.92	25.24	5296300
2023-02-27	25.05	25.60	25.01	25.18	5525700
2023-02-28	24.61	25.16	24.60	25.03	5261600
2023-03-01	24.26	24.54	24.16	24.37	6145700
2023-03-02	24.66	24.71	24.16	24.26	5263900
2023-03-03	24.90	24.93	24.49	24.86	4726100
2023-03-06	24.98	25.06	24.86	24.90	5766000
2023-03-07	24.44	25.05	24.36	25.00	3996000
2023-03-08	24.55	24.67	24.33	24.48	7130900
2023-03-09	24.38	24.78	24.27	24.61	5180700
2023-03-10	24.08	24.49	23.86	24.44	6167400
2023-03-13	24.55	25.14	23.82	23.87	8740300
2023-03-14	24.76	24.95	24.48	24.78	5399600
2023-03-15	24.99	25.30	24.53	24.60	9166400
2023-03-16	24.95	25.03	24.51	24.85	9987700
2023-03-17	24.61	24.94	24.45	24.78	10608400
2023-03-20	25.01	25.14	24.65	24.72	6249300
2023-03-21	24.56	25.12	24.23	25.12	5933400
2023-03-22	24.09	24.66	24.07	24.49	4027200
2023-03-23	23.77	24.27	23.66	24.14	4820300
2023-03-24	24.56	24.57	23.75	23.77	5873800
2023-03-27	24.73	24.92	24.65	24.65	6388900
2023-03-28	24.85	25.14	24.63	24.78	4867500
2023-03-29	25.25	25.42	25.01	25.02	7405400
2023-03-30	25.27	25.48	25.20	25.35	4242000
2023-03-31	25.49	25.50	25.20	25.32	4419700
2023-04-03	25.30	25.50	25.05	25.38	6059600
2023-04-04	25.27	25.29	25.06	25.28	4549400
2023-04-05	26.03	26.04	25.31	25.36	5286300
2023-04-06	26.19	26.25	25.91	26.15	4524900
2023-04-10	26.27	26.29	25.85	26.09	4155900
2023-04-11	26.45	26.54	26.18	26.30	7556800
2023-04-12	26.29	26.59	26.22	26.59	4931400
2023-04-13	26.38	26.47	25.99	26.17	5796100
2023-04-14	26.21	26.34	26.01	26.22	3860000
2023-04-17	26.34	26.46	26.10	26.30	3684300
2023-04-18	26.13	26.34	26.00	26.24	4336500
2023-04-19	26.33	26.45	26.13	26.21	3213300
2023-04-20	26.23	26.37	26.08	26.37	3864300
2023-04-21	26.32	26.51	26.12	26.42	2440000
2023-04-24	26.30	26.39	26.13	26.39	3972000
2023-04-25	26.33	26.45	26.21	26.27	3760300
2023-04-26	25.99	26.31	25.86	26.12	3007300
2023-04-27	26.39	26.40	26.00	26.00	4373000
2023-04-28	26.34	26.49	26.22	26.35	3968800
2023-05-01	26.39	26.64	26.27	26.34	5339700
2023-05-02	26.14	26.42	25.85	26.37	4532100
2023-05-03	26.13	26.45	26.09	26.27	4270300
2023-05-04	26.33	26.47	26.00	26.34	5248900
2023-05-05	26.37	26.45	26.04	26.25	5717300
2023-05-08	26.23	26.54	26.18	26.31	4194200
2023-05-09	26.18	26.30	26.02	26.13	5482100
2023-05-10	26.38	26.53	26.16	26.36	4855700
2023-05-11	26.04	26.35	25.92	26.33	4208700
2023-05-12	26.10	26.29	25.85	26.19	5434700
2023-05-15	25.81	26.19	25.61	26.12	5341000
2023-05-16	25.29	25.89	25.29	25.83	4863900
2023-05-17	25.32	25.42	25.12	25.38	5414000
2023-05-18	24.97	25.12	24.83	25.07	6442300
2023-05-19	24.82	25.26	24.82	25.10	4385100
2023-05-22	24.79	25.02	24.64	24.88	4581900
2023-05-23	24.56	25.00	24.53	24.76	4542600
2023-05-24	24.25	24.67	24.20	24.56	4958700
2023-05-25	23.85	24.18	23.79	24.14	4913300
2023-05-26	23.86	23.86	23.59	23.84	6114700
2023-05-30	23.93	24.18	23.85	23.88	5754500
2023-05-31	24.03	24.26	23.78	23.92	8913500
2023-06-01	23.94	24.12	23.79	24.12	8393200
2023-06-02	24.33	24.38	23.80	23.87	6290800
2023-06-05	24.43	24.54	24.27	24.33	3939100
2023-06-06	24.39	24.62	24.32	24.56	5706300
2023-06-07	24.77	24.84	24.25	24.46	4412600
2023-06-08	24.84	24.86	24.55	24.71	4193300
2023-06-09	24.82	24.91	24.69	24.85	3949000
2023-06-12	24.81	24.95	24.64	24.85	3864900
2023-06-13	24.90	24.91	24.56	24.64	3881300
2023-06-14	24.86	25.18	24.83	24.99	4011700
2023-06-15	25.00	25.05	24.79	24.96	4539500
2023-06-16	24.98	25.23	24.96	24.96	8313100
2023-06-20	24.71	24.95	24.66	24.91	4522700
2023-06-21	24.89	24.94	24.33	24.60	3977300
2023-06-22	24.73	24.99	24.56	24.95	3744200
2023-06-23	24.41	24.78	24.33	24.77	5277000
2023-06-26	24.55	24.64	24.26	24.54	5035100
2023-06-27	24.65	24.68	24.51	24.56	3630800
2023-06-28	24.25	24.64	24.17	24.64	3998800
2023-06-29	24.23	24.34	23.98	24.12	5390100
2023-06-30	24.49	24.50	24.21	24.22	4617700
2023-07-03	24.68	24.70	24.34	24.41	2550000
2023-07-05	24.73	24.97	24.51	24.55	4316500
2023-07-06	24.58	24.64	24.39	24.54	3526600
2023-07-07	24.26	24.50	24.23	24.46	4833600
2023-07-10	24.03	24.38	23.89	24.19	4977500
2023-07-11	24.34	24.34	23.98	24.01	4405300
2023-07-12	24.70	24.76	24.40	24.51	4335600
2023-07-13	24.85	24.85	24.60	24.65	3952800
2023-07-14	24.77	24.86	24.57	24.74	4227200
2023-07-17	24.48	24.83	24.45	24.73	4928600
2023-07-18	24.36	24.74	24.12	24.51	4745800
2023-07-19	24.99	24.99	24.39	24.41	7577800
2023-07-20	25.35	25.38	24.85	25.09	6648100
2023-07-21	25.81	25.86	25.37	25.45	6530700
2023-07-24	25.73	25.85	25.49	25.85	5753900
2023-07-25	25.89	25.95	25.66	25.73	4268300
2023-07-26	25.97	26.17	25.79	25.84	3992100
2023-07-27	25.44	25.99	25.41	25.89	5730900
2023-07-28	25.41	25.66	25.29	25.61	3600400
2023-07-31	25.48	25.54	25.31	25.53	4124200
2023-08-01	25.29	25.57	25.23	25.45	8866400
2023-08-02	25.29	25.38	25.07	25.14	4649600
2023-08-03	24.65	25.32	24.64	25.27	5704300
2023-08-04	24.14	24.86	24.04	24.66	6182200
2023-08-07	24.16	24.35	24.16	24.19	4788500
2023-08-08	24.16	24.21	23.84	24.15	4882600
2023-08-09	24.28	24.54	24.15	24.16	4409700
2023-08-10	24.16	24.57	24.04	24.39	4916500
2023-08-11	24.23	24.27	24.11	24.24	2709100
2023-08-14	24.08	24.20	23.95	24.16	4513100
2023-08-15	23.58	23.93	23.57	23.89	4008300
2023-08-16	23.47	23.69	23.45	23.65	5334600
2023-08-17	23.28	23.68	23.27	23.46	5741000
2023-08-18	23.42	23.49	23.20	23.24	4634700
2023-08-21	23.34	23.55	23.05	23.32	3761100
2023-08-22	23.42	23.48	23.25	23.32	3328100
2023-08-23	23.33	23.54	23.22	23.51	3320700
2023-08-24	23.17	23.69	23.17	23.36	3586400
2023-08-25	23.39	23.48	23.19	23.19	3950400
2023-08-28	23.39	23.58	23.30	23.39	3606500
2023-08-29	23.39	23.54	23.28	23.39	3593200
2023-08-30	23.35	23.52	23.25	23.37	3045500
2023-08-31	23.06	23.46	23.05	23.43	4397400
2023-09-01	22.92	23.26	22.70	23.25	6259100
2023-09-05	22.48	22.91	22.38	22.86	6810600
2023-09-06	22.58	22.68	22.40	22.59	5339800
2023-09-07	22.92	23.12	22.65	22.75	5386100
2023-09-08	23.13	23.17	22.90	22.96	5274700
2023-09-11	23.40	23.49	23.11	23.11	5022400
2023-09-12	23.43	23.55	23.26	23.40	4858500
2023-09-13	23.71	23.75	23.39	23.49	5037100
2023-09-14	24.00	24.04	23.80	23.84	3772700
2023-09-15	23.98	24.11	23.90	23.93	7311700
2023-09-18	23.99	24.05	23.74	24.01	3880800
2023-09-19	23.84	24.18	23.83	24.04	3484300
2023-09-20	23.99	24.21	23.81	23.96	3257100
2023-09-21	23.60	24.00	23.60	23.91	4871400
2023-09-22	23.49	23.76	23.38	23.52	3309500
2023-09-25	23.37	23.42	23.20	23.34	3179700
2023-09-26	22.69	23.28	22.58	23.25	4767500
2023-09-27	22.38	22.75	22.38	22.60	4435800
2023-09-28	21.85	22.51	21.82	22.51	8641000
2023-09-29	22.02	22.26	21.78	22.05	6497700
2023-10-02	21.08	21.92	20.89	21.92	11611500
2023-10-03	21.48	21.56	20.75	20.93	9309200
2023-10-04	21.41	21.59	21.03	21.17	7780700
2023-10-05	21.46	21.60	21.15	21.39	6374500
2023-10-06	21.91	22.04	20.90	21.20	9265200
2023-10-09	22.20	22.21	21.82	21.91	5399500
2023-10-10	22.30	22.40	22.16	22.22	6897000
2023-10-11	22.54	22.59	22.24	22.39	4608300
2023-10-12	22.11	22.48	21.86	22.47	6906000
2023-10-13	22.33	22.40	22.04	22.30	4728700
2023-10-16	22.60	22.69	22.19	22.40	4375000
2023-10-17	22.63	22.67	22.37	22.42	3690300
2023-10-18	22.50	22.66	22.22	22.59	5020500
2023-10-19	22.26	22.71	22.26	22.47	5111300
2023-10-20	22.21	22.46	22.20	22.27	6929800
2023-10-23	22.13	22.38	21.83	21.95	7318600
2023-10-24	22.56	22.66	22.25	22.32	8334200
2023-10-25	22.79	22.83	22.42	22.54	7413600
2023-10-26	23.12	23.24	22.83	22.85	8125200
2023-10-27	22.69	23.14	22.56	23.04	7560300
2023-10-30	22.80	23.00	22.53	22.71	4142100
2023-10-31	22.97	23.01	22.66	22.83	5437400
2023-11-01	23.09	23.33	22.77	23.03	13290300
2023-11-02	23.44	23.86	23.16	23.25	10167800
2023-11-03	23.71	23.95	23.61	23.86	6263900
2023-11-06	23.51	23.77	23.49	23.69	7230300
2023-11-07	24.24	24.35	23.50	23.57	17500200
2023-11-08	23.98	24.30	23.65	24.05	9414600
2023-11-09	23.55	24.01	23.55	23.98	5901600
2023-11-10	23.69	23.77	23.56	23.75	3831600
2023-11-13	23.32	23.71	23.30	23.68	3894800
2023-11-14	24.06	24.15	23.73	23.73	6503800
2023-11-15	24.12	24.28	23.98	23.98	7560400
2023-11-16	24.32	24.53	24.21	24.29	7931200
2023-11-17	24.39	24.52	24.30	24.46	5279800
2023-11-20	24.46	24.51	24.13	24.30	5152900
2023-11-21	24.59	24.60	24.35	24.53	7679500
2023-11-22	24.53	24.71	24.40	24.69	4851700
2023-11-24	24.59	24.60	24.38	24.43	1951200
2023-11-27	24.53	24.64	24.41	24.59	6601300
2023-11-28	24.67	24.80	24.44	24.55	6452900
2023-11-29	24.33	24.68	24.26	24.64	5782900
2023-11-30	24.41	24.50	24.21	24.30	7320800
2023-12-01	24.75	24.78	24.30	24.40	5803200
2023-12-04	24.64	24.88	24.53	24.56	4178600
2023-12-05	24.32	24.64	24.18	24.64	7373500
2023-12-06	24.61	24.65	24.32	24.44	6802600
2023-12-07	24.61	24.75	24.53	24.67	3732600
2023-12-08	24.58	24.62	24.30	24.60	4743100
2023-12-11	24.84	24.87	24.42	24.44	6871200
2023-12-12	24.69	24.90	24.61	24.90	4539000
2023-12-13	25.72	25.76	24.56	24.68	9514100
2023-12-14	25.51	26.12	25.49	25.93	9426500
2023-12-15	25.37	25.39	24.97	25.25	19912500
2023-12-18	25.30	25.47	25.23	25.38	7730300
2023-12-19	25.36	25.50	25.21	25.41	8630900
2023-12-20	24.91	25.37	24.89	25.31	6088000
2023-12-21	24.89	25.14	24.71	25.05	3340100
2023-12-22	25.30	25.46	24.96	24.99	7840900
2023-12-26	25.45	25.59	25.23	25.23	3862800
2023-12-27	25.51	25.54	25.37	25.47	4851800
2023-12-28	25.61	25.70	25.46	25.51	5019700
2023-12-29	25.56	25.67	25.41	25.53	3459800
2024-01-02	25.95	26.00	25.44	25.47	6433900
2024-01-03	26.09	26.15	25.86	25.94	6852200
2024-01-04	26.05	26.35	26.01	26.18	5214400
2024-01-05	26.18	26.28	25.93	25.95	5119400
2024-01-08	26.40	26.41	26.06	26.20	5669100
2024-01-09	26.24	26.37	26.16	26.22	3671100
2024-01-10	26.04	26.23	26.00	26.22	3171100
2024-01-11	25.49	25.98	25.37	25.94	4087500
2024-01-12	25.54	25.74	25.46	25.71	4199400
2024-01-16	25.29	25.54	25.26	25.40	3982600
2024-01-17	24.84	25.32	24.66	25.04	4709700
2024-01-18	24.46	24.73	24.24	24.72	7381300
2024-01-19	24.54	24.63	24.28	24.50	5337100
2024-01-22	24.35	24.75	24.29	24.54	5589200
2024-01-23	24.26	24.39	24.06	24.39	7038400
2024-01-24	24.00	24.45	23.96	24.43	4336300
2024-01-25	24.37	24.41	24.09	24.33	2991300
2024-01-26	24.42	24.47	24.31	24.39	2671500
2024-01-29	24.53	24.60	24.30	24.42	3174100
2024-01-30	24.54	24.69	24.33	24.46	4237900
2024-01-31	24.71	25.03	24.56	24.73	6314200
2024-02-01	25.06	25.07	24.54	24.65	5334100
2024-02-02	24.57	24.98	24.35	24.79	4400300
2024-02-05	24.17	24.51	24.10	24.33	5610600
2024-02-06	24.23	24.33	24.04	24.15	5876800
2024-02-07	24.22	24.43	24.21	24.38	4842900
2024-02-08	24.21	24.21	23.91	24.06	3780400
2024-02-09	24.40	24.42	24.08	24.15	5478800
2024-02-12	24.81	24.83	24.32	24.42	4485400
2024-02-13	24.57	24.81	24.15	24.67	9522900
2024-02-14	24.57	24.70	24.49	24.67	7129600
2024-02-15	24.96	25.08	24.68	24.68	9455700
2024-02-16	25.13	25.29	24.63	24.91	9228400
2024-02-20	24.94	25.23	24.93	25.07	6267300
2024-02-21	25.37	25.38	24.99	25.10	4404600
2024-02-22	25.33	25.36	24.99	25.20	5406600
2024-02-23	25.28	25.45	25.23	25.36	4238600
2024-02-26	24.72	25.16	24.67	25.10	3196900
2024-02-27	24.93	24.96	24.72	24.84	3953600
2024-02-28	24.75	24.96	24.71	24.88	4078100
2024-02-29	24.87	25.06	24.66	24.86	6782600
2024-03-01	24.66	24.84	24.40	24.84	7430200
2024-03-04	25.22	25.26	24.49	24.52	5565800
2024-03-05	25.24	25.71	25.14	25.35	6271400
2024-03-06	25.33	25.59	25.26	25.44	3963200
2024-03-07	25.60	25.74	25.45	25.56	5992200
2024-03-08	25.89	25.98	25.65	25.95	6247800
2024-03-11	25.95	26.10	25.76	25.82	4479000
2024-03-12	25.64	25.99	25.63	25.81	3819800
2024-03-13	25.68	25.95	25.59	25.74	3840000
2024-03-14	25.32	25.67	25.14	25.58	4174000
2024-03-15	25.37	25.54	25.13	25.13	7256700
2024-03-18	25.62	25.64	25.18	25.35	6338100
2024-03-19	25.74	25.97	25.57	25.70	4796300
2024-03-20	25.76	25.94	25.62	25.72	4737400
2024-03-21	25.72	26.00	25.69	25.77	5024900
2024-03-22	25.79	25.98	25.74	25.88	4445700
2024-03-25	25.77	25.98	25.67	25.89	3983500
2024-03-26	25.34	25.82	25.34	25.75	4398100
2024-03-27	26.12	26.13	25.48	25.51	4879700
2024-03-28	26.22	26.28	25.98	26.11	5297200
2024-04-01	26.19	26.27	25.91	26.20	4648600
2024-04-02	26.17	26.39	26.09	26.16	4407400
2024-04-03	25.98	26.27	25.98	26.19	4082300
2024-04-04	25.98	26.22	25.79	26.17	4002500
2024-04-05	25.93	25.97	25.65	25.87	4564800
2024-04-08	26.08	26.28	25.93	25.98	3054800
2024-04-09	26.22	26.26	26.04	26.20	3513300
2024-04-10	25.64	25.85	25.51	25.77	4940800
2024-04-11	25.47	25.78	25.39	25.78	4101800
2024-04-12	25.36	25.67	25.27	25.57	3918100
2024-04-15	25.17	25.59	25.02	25.54	3365900
2024-04-16	24.77	25.13	24.70	25.09	3857200
2024-04-17	25.16	25.28	24.89	24.95	3555300
2024-04-18	25.35	25.42	25.11	25.30	3252200
2024-04-19	25.74	25.81	25.41	25.49	4891500
2024-04-22	26.07	26.18	25.57	25.69	5098100
2024-04-23	25.94	26.25	25.94	26.10	4282400
2024-04-24	26.07	26.11	25.52	25.72	4327500
2024-04-25	26.00	26.14	25.74	26.03	4272500
2024-04-26	25.74	26.03	25.74	25.99	3467300
2024-04-29	26.22	26.24	25.82	25.86	3715100
2024-04-30	26.15	26.33	25.82	26.06	6302900
2024-05-01	26.67	26.89	26.16	26.38	7368400
2024-05-02	26.59	26.77	26.28	26.66	7045000
2024-05-03	26.75	26.85	26.50	26.76	3810300
2024-05-06	26.75	26.87	26.63	26.85	5003200
2024-05-07	27.00	27.05	26.81	26.95	4697100
2024-05-08	27.16	27.19	26.89	26.98	7237000
2024-05-09	27.54	27.57	27.15	27.16	4037300
2024-05-10	27.75	27.93	27.49	27.62	6997300
2024-05-13	27.78	27.98	27.69	27.73	4840600
2024-05-14	27.80	27.96	27.53	27.92	5055400
2024-05-15	28.16	28.19	27.97	28.05	5490600
2024-05-16	28.20	28.28	28.03	28.14	3434000
2024-05-17	28.18	28.25	28.05	28.24	4971500
2024-05-20	28.20	28.29	28.05	28.29	5339100
2024-05-21	28.42	28.47	28.18	28.28	7718100
2024-05-22	28.11	28.46	28.06	28.30	6230200
2024-05-23	27.41	27.96	27.38	27.95	3577300
2024-05-24	27.32	27.49	27.23	27.49	3089300
2024-05-28	27.21	27.52	27.12	27.31	4451600
2024-05-29	26.85	27.03	26.80	27.02	4912100
2024-05-30	27.20	27.22	26.82	26.94	3365800
2024-05-31	27.94	27.95	27.24	27.25	5646800
2024-06-03	27.87	27.99	27.74	27.91	4894900
2024-06-04	27.93	28.07	27.71	27.81	4566000
2024-06-05	27.56	27.93	27.51	27.85	4560400
2024-06-06	27.34	27.76	27.30	27.44	4306800
2024-06-07	27.06	27.33	26.96	27.04	4182700
2024-06-10	27.07	27.24	26.83	27.02	3980000
2024-06-11	27.25	27.33	26.78	26.87	4245900
2024-06-12	27.04	27.55	26.88	27.53	3895100
2024-06-13	27.04	27.16	26.83	27.04	3483900
2024-06-14	26.99	27.01	26.73	26.90	2721300
2024-06-17	26.83	27.04	26.68	26.78	3861600
2024-06-18	26.95	27.00	26.73	26.74	3389200
2024-06-20	26.96	27.11	26.79	26.88	3113200
2024-06-21	26.87	27.21	26.84	27.08	6352900
2024-06-24	27.08	27.23	26.80	26.90	5666600
2024-06-25	26.72	27.05	26.69	27.00	3150900
2024-06-26	26.62	26.74	26.43	26.60	4745500
2024-06-27	26.67	26.70	26.51	26.65	3286400
2024-06-28	26.58	26.77	26.45	26.73	7195000
2024-07-01	26.30	26.81	26.29	26.71	3414600
2024-07-02	26.36	26.48	26.23	26.36	3467000
2024-07-03	26.46	26.78	26.33	26.45	2935200
2024-07-05	26.35	26.53	26.25	26.47	5873000
2024-07-08	26.34	26.40	26.18	26.32	4215400
2024-07-09	26.35	26.53	26.19	26.27	5303100
2024-07-10	26.61	26.61	26.23	26.40	5942000
2024-07-11	27.12	27.31	26.71	26.78	4781000
2024-07-12	27.34	27.40	27.11	27.16	6501800
2024-07-15	26.88	27.23	26.85	27.14	4392800
2024-07-16	27.19	27.30	26.89	27.01	3485100
2024-07-17	27.60	27.80	27.21	27.29	3640000
2024-07-18	27.61	27.99	27.40	27.40	3801100
2024-07-19	27.51	27.74	27.38	27.74	4314300
2024-07-22	27.87	27.94	27.51	27.57	3707500
2024-07-23	27.65	27.93	27.63	27.88	3350500
2024-07-24	28.04	28.15	27.78	27.87	4035400
2024-07-25	28.09	28.63	27.98	28.16	4525300
2024-07-26	28.30	28.39	28.11	28.18	4653400
2024-07-29	28.50	28.62	28.21	28.31	3113000
2024-07-30	28.81	28.93	28.43	28.43	5763300
2024-07-31	28.57	28.89	28.46	28.84	6863500
2024-08-01	29.13	29.17	28.60	28.71	5784700
2024-08-02	29.45	30.24	28.86	29.32	11185600
2024-08-05	28.88	29.95	28.82	29.77	8209100
2024-08-06	29.06	29.40	28.90	28.92	8158600
2024-08-07	29.32	29.76	29.01	29.16	8403000
2024-08-08	29.33	29.52	29.07	29.15	4704300
2024-08-09	29.34	29.37	28.81	29.34	4107500
2024-08-12	29.63	29.66	29.26	29.41	6657800
2024-08-13	29.72	29.84	29.59	29.70	7027700
2024-08-14	29.84	30.05	29.59	29.64	5126400
2024-08-15	29.78	29.93	29.57	29.65	4472300
2024-08-16	29.96	30.02	29.71	29.85	3614400
2024-08-19	30.16	30.18	29.96	29.99	2920600
2024-08-20	30.26	30.33	30.12	30.18	3341300
2024-08-21	30.33	30.40	30.19	30.24	3551700
2024-08-22	30.33	30.50	30.27	30.29	5368800
2024-08-23	30.56	30.58	30.35	30.46	4449600
2024-08-26	30.67	30.78	30.58	30.62	4094200
2024-08-27	30.50	30.74	30.47	30.65	3797300
2024-08-28	30.53	30.87	30.52	30.58	4992900
2024-08-29	30.52	30.54	30.08	30.51	4681900
2024-08-30	30.67	30.71	30.33	30.54	3252200
2024-09-03	30.86	31.07	30.60	30.65	4805400
2024-09-04	30.96	31.16	30.79	30.96	4731300
2024-09-05	30.90	31.28	30.83	31.19	6375200
2024-09-06	30.83	31.07	30.80	31.02	5450800
2024-09-09	31.18	31.23	30.68	30.83	5824100
2024-09-10	31.16	31.47	31.01	31.22	4727100
2024-09-11	30.96	31.08	30.68	31.05	4274200
2024-09-12	30.97	31.10	30.70	30.92	4367900
2024-09-13	31.45	31.47	30.87	31.00	4205100
2024-09-16	31.66	31.80	31.54	31.58	3220300
2024-09-17	31.39	31.73	31.28	31.60	3541300
2024-09-18	31.15	31.48	30.96	31.34	5321900
2024-09-19	30.80	31.01	30.65	30.92	5627900
2024-09-20	31.45	31.60	30.99	31.14	11579500
2024-09-23	31.82	31.90	31.48	31.57	4593500
2024-09-24	31.56	31.99	31.49	31.59	4887800
2024-09-25	31.72	31.81	31.47	31.69	5073900
2024-09-26	31.59	31.94	31.51	31.56	2913500
2024-09-27	31.86	31.96	31.60	31.63	3111300
2024-09-30	32.05	32.11	31.76	31.95	4206700
2024-10-01	32.20	32.35	31.91	32.06	3777300
2024-10-02	32.03	32.16	31.86	31.89	4359500
2024-10-03	31.73	32.13	31.64	32.08	6372600
2024-10-04	31.54	31.56	31.07	31.44	4305700
2024-10-07	30.88	31.44	30.86	31.39	3992200
2024-10-08	31.12	31.22	30.98	31.10	3630700
2024-10-09	30.86	31.25	30.82	31.18	6782000
2024-10-10	30.49	31.00	30.44	30.95	6519300
2024-10-11	30.72	30.74	30.41	30.59	4188800
2024-10-14	31.08	31.17	30.71	30.74	3482000
2024-10-15	31.33	31.68	31.28	31.31	3210100
2024-10-16	31.61	31.65	31.33	31.37	2711500
2024-10-17	31.36	31.62	31.27	31.62	2522300
2024-10-18	31.64	31.69	31.27	31.46	3130900
2024-10-21	31.71	32.01	31.61	31.63	4039400
2024-10-22	31.66	31.71	31.34	31.61	2841100
2024-10-23	32.10	32.11	31.65	31.68	2474400
2024-10-24	31.85	32.12	31.72	32.03	2212600
2024-10-25	31.42	32.17	31.41	32.10	3001000
2024-10-28	31.69	31.80	31.55	31.65	2711000
2024-10-29	31.12	31.48	31.11	31.37	3825300
2024-10-30	31.24	31.32	31.12	31.26	4346000
2024-10-31	31.55	31.88	31.34	31.41	7185600
2024-11-01	30.58	32.05	30.49	30.77	5959100
2024-11-04	31.06	31.47	30.86	31.06	15464500
2024-11-05	31.58	31.60	30.90	30.97	4081100
2024-11-06	31.54	31.88	31.33	31.54	7087100
2024-11-07	31.33	31.74	31.10	31.60	6239900
2024-11-08	32.03	32.15	31.41	31.42	6209900
2024-11-11	32.42	32.54	31.97	31.97	4816600
2024-11-12	32.21	32.54	32.17	32.44	4069600
2024-11-13	32.45	32.55	32.17	32.33	3685400
2024-11-14	32.18	32.51	32.14	32.50	3693500
2024-11-15	32.65	32.70	32.15	32.25	4465800
2024-11-18	32.94	32.99	32.59	32.65	4192000
2024-11-19	33.08	33.10	32.66	32.81	8460000
2024-11-20	33.20	33.25	32.73	33.04	4584500
2024-11-21	33.77	33.80	33.13	33.28	4976200
2024-11-22	33.38	33.91	33.36	33.84	11916300
2024-11-25	33.33	33.67	33.02	33.43	5393700
2024-11-26	33.76	33.77	33.30	33.38	6555800
2024-11-27	33.91	34.05	33.79	33.85	2929500
2024-11-29	33.84	34.06	33.71	33.86	2348400
2024-12-02	33.37	33.89	33.16	33.85	4248700
2024-12-03	33.18	33.60	33.18	33.54	3745400
2024-12-04	32.96	33.29	32.82	33.16	2995100
2024-12-05	33.03	33.28	32.85	32.94	2764100
2024-12-06	32.55	33.08	32.52	32.96	3815800
2024-12-09	32.12	32.55	32.10	32.49	3854200
2024-12-10	32.15	32.24	31.64	32.10	4541700
2024-12-11	31.96	32.35	31.90	32.32	4023900
2024-12-12	31.53	32.15	31.53	32.12	4013200
2024-12-13	31.53	31.80	31.42	31.56	2872600
2024-12-16	31.56	32.01	31.54	31.59	4056300
2024-12-17	31.50	31.72	31.36	31.40	4166300
2024-12-18	30.85	31.54	30.83	31.40	4363500
2024-12-19	31.27	31.53	30.78	30.80	5326900
2024-12-20	31.67	31.70	31.10	31.12	10037100
2024-12-23	31.65	31.71	31.35	31.52	3014800
2024-12-24	31.83	31.85	31.56	31.65	964200
2024-12-26	31.85	31.91	31.67	31.81	1636400
2024-12-27	31.76	31.98	31.57	31.64	2271200
2024-12-30	31.63	31.70	31.32	31.65	2513900
2024-12-31	31.70	31.82	31.43	31.69	3592600
2025-01-02	31.42	31.91	31.33	31.81	2820000
2025-01-03	31.51	31.74	31.39	31.50	3134700
2025-01-06	30.98	31.48	30.92	31.40	3867000
2025-01-07	31.25	31.38	31.07	31.13	3498200
2025-01-08	31.41	31.42	30.87	31.15	3624700
2025-01-10	30.98	31.48	30.94	31.19	3820200
2025-01-13	30.94	31.05	30.49	31.02	4824100
2025-01-14	31.23	31.35	30.86	30.94	4254000
2025-01-15	31.35	31.67	31.24	31.51	4313900
2025-01-16	32.39	32.42	31.28	31.35	6654900
2025-01-17	32.47	32.59	32.23	32.36	4793300
2025-01-21	32.78	33.00	32.60	32.66	4599400
2025-01-22	31.89	32.78	31.86	32.77	6217600
2025-01-23	31.97	32.25	31.83	31.96	2960500
2025-01-24	32.11	32.18	31.87	31.87	2702800
2025-01-27	32.72	32.74	31.48	32.34	5397400
2025-01-28	32.07	32.76	31.89	32.69	4414900
2025-01-29	31.96	32.34	31.89	32.07	3682200
2025-01-30	32.68	32.71	32.25	32.38	4395800
2025-01-31	32.81	32.83	32.57	32.75	4422900
2025-02-03	33.01	33.05	32.48	32.60	5122500
2025-02-04	32.82	33.15	32.57	32.91	3990400
2025-02-05	33.12	33.19	32.86	33.16	3233100
2025-02-06	33.31	33.37	32.91	33.20	2898200
2025-02-07	33.34	33.46	33.07	33.16	3110500
2025-02-10	33.43	33.43	32.92	33.28	4823100
2025-02-11	33.71	33.73	32.97	33.37	4178500
2025-02-12	33.71	33.72	33.12	33.18	6925100
2025-02-13	33.60	34.06	32.66	33.40	10472900
2025-02-14	32.94	33.84	32.91	33.68	7404300
2025-02-18	33.40	33.46	32.92	33.06	4573500
2025-02-19	33.58	33.87	33.33	33.44	4760700
2025-02-20	33.35	33.68	33.20	33.50	5031300
2025-02-21	33.90	34.04	33.27	33.27	4496200
2025-02-24	34.06	34.32	33.70	34.06	5803700
2025-02-25	34.16	34.25	33.94	34.23	4635300
2025-02-26	34.05	34.27	33.89	34.11	3073100
2025-02-27	33.64	34.19	33.58	33.84	5263700
2025-02-28	34.38	34.45	33.77	33.96	4565600
2025-03-03	34.83	34.85	34.31	34.32	3407200
2025-03-04	33.90	35.07	33.84	34.90	8644600
2025-03-05	33.73	34.12	33.50	33.84	5309400
2025-03-06	33.09	33.65	32.96	33.63	4846300
2025-03-07	33.27	33.59	33.01	33.08	8132200
2025-03-10	33.74	34.03	33.23	33.28	6780800
2025-03-11	33.74	34.10	33.54	33.70	7892000
2025-03-12	33.44	33.82	33.39	33.65	5036100
2025-03-13	33.62	33.73	33.38	33.56	4855800
2025-03-14	34.34	34.46	33.49	33.53	3955600
2025-03-17	34.60	34.87	34.33	34.33	5407100
2025-03-18	34.28	34.57	34.05	34.45	3643100
2025-03-19	34.44	34.47	34.12	34.25	3823400
2025-03-20	34.43	34.59	34.31	34.50	3041100
2025-03-21	34.22	34.46	33.90	34.33	8732300
2025-03-24	34.24	34.46	34.11	34.25	5036400
2025-03-25	33.55	34.17	33.38	34.16	5316100
2025-03-26	34.06	34.13	33.57	33.61	3559800
2025-03-27	34.43	34.53	34.04	34.21	6714800
2025-03-28	35.15	35.41	34.51	34.65	10031800
2025-03-31	35.55	35.85	35.23	35.37	7952100
2025-04-01	35.50	35.54	35.16	35.48	5188500
2025-04-02	35.57	35.74	35.21	35.54	3650500
2025-04-03	35.66	36.07	35.45	35.83	5113300
2025-04-04	33.92	35.92	33.73	35.83	8277400
2025-04-07	33.00	33.77	32.38	33.51	8720100
2025-04-08	33.02	33.92	32.60	33.53	5888300
2025-04-09	33.63	33.96	31.99	32.67	7180100
2025-04-10	33.67	34.08	33.01	33.49	6395700
2025-04-11	34.20	34.33	33.22	33.71	4405200
2025-04-14	34.90	34.99	34.30	34.41	5074800
2025-04-15	34.82	35.16	34.78	35.02	2505100
2025-04-16	34.73	35.14	34.60	34.93	3984800
2025-04-17	35.16	35.59	34.69	34.93	5110900
2025-04-21	34.76	35.08	34.24	35.01	13269500
2025-04-22	35.64	35.74	34.99	35.06	8669300
2025-04-23	35.67	36.09	35.29	35.44	8009200
2025-04-24	35.68	36.05	35.33	35.50	9141900
2025-04-25	35.37	35.77	35.31	35.62	5288900
2025-04-28	35.89	35.95	35.29	35.35	5004400
2025-04-29	35.82	36.00	35.59	35.67	7234200
2025-04-30	35.93	36.13	35.36	36.12	8536800
2025-05-01	35.52	36.05	35.45	35.89	5056000
2025-05-02	35.60	35.78	35.33	35.63	5342300
2025-05-05	35.71	35.81	35.28	35.63	3842500
2025-05-06	35.56	35.84	35.51	35.67	3957100
2025-05-07	35.76	36.01	35.49	35.49	4791600
2025-05-08	35.06	35.66	34.98	35.61	4920000
2025-05-09	34.96	35.18	34.66	35.17	4788100
2025-05-12	34.03	34.61	33.87	34.61	6605900
2025-05-13	33.26	34.05	33.22	34.01	7327600
2025-05-14	33.00	33.22	32.60	33.15	5657900
2025-05-15	33.88	33.97	33.17	33.26	6865600
2025-05-16	34.32	34.36	33.79	33.94	4822700
2025-05-19	34.47	34.54	34.11	34.19	6537400
2025-05-20	34.34	34.54	34.20	34.36	9251400
2025-05-21	34.08	34.40	33.90	34.23	4491700
2025-05-22	33.84	34.05	33.47	33.97	7285100
2025-05-23	34.13	34.22	33.59	34.06	5245800
2025-05-27	34.31	34.45	34.10	34.43	4646300
2025-05-28	33.65	34.22	33.51	34.19	3842400
2025-05-29	33.88	33.92	33.47	33.50	4669700
2025-05-30	34.21	34.30	33.69	33.88	5618300
2025-06-02	34.18	34.22	33.83	33.95	4601200
2025-06-03	33.96	34.25	33.68	34.25	3446800
2025-06-04	33.64	34.07	33.62	33.90	3664100
2025-06-05	33.57	33.70	33.43	33.68	3537900
2025-06-06	33.51	33.70	33.33	33.61	3231900
2025-06-09	33.39	33.70	33.19	33.37	5254300
2025-06-10	33.46	33.54	33.28	33.43	3730100
2025-06-11	33.52	33.68	33.42	33.50	3340000
2025-06-12	34.12	34.13	33.58	33.67	4639400
2025-06-13	33.63	34.16	33.55	34.15	4193500
2025-06-16	33.40	33.95	33.29	33.76	3486900
2025-06-17	33.19	33.40	33.04	33.34	2876100
2025-06-18	33.33	33.40	33.04	33.30	4500000
2025-06-20	33.51	33.82	33.31	33.38	6190400
2025-06-23	34.04	34.12	33.42	33.69	4275900
2025-06-24	33.95	34.32	33.94	34.04	4949500
2025-06-25	33.24	33.90	33.24	33.79	3772400
2025-06-26	33.36	33.48	33.07	33.28	4750200
2025-06-27	33.30	33.68	33.16	33.38	7825200
2025-06-30	33.63	33.64	33.07	33.12	6646100
2025-07-01	33.73	33.98	33.40	33.65	4755300
2025-07-02	33.28	33.61	33.12	33.56	3583100
2025-07-03	33.55	33.68	33.19	33.24	2411900
2025-07-07	33.42	33.58	33.30	33.55	2797800
2025-07-08	33.32	33.45	32.96	33.31	3952500
2025-07-09	33.50	33.62	33.12	33.28	2845900
2025-07-10	34.07	34.16	33.31	33.34	3155000
2025-07-11	34.01	34.13	33.71	33.81	2934400
2025-07-14	34.49	34.54	33.82	34.01	8490000
2025-07-15	35.08	35.58	33.67	34.43	24821800
2025-07-16	34.89	35.33	34.45	35.02	14448300
2025-07-17	35.34	35.50	34.73	34.90	6668100
2025-07-18	35.71	35.96	35.42	35.42	7252700
2025-07-21	35.92	36.27	35.66	35.94	5197000
2025-07-22	36.53	36.54	35.96	36.05	6580700
2025-07-23	36.21	36.71	36.08	36.62	3700700
2025-07-24	36.30	36.53	36.04	36.33	5838200
2025-07-25	36.29	36.45	36.18	36.37	3422700
2025-07-28	35.44	36.29	35.40	36.27	5876600
2025-07-29	35.92	36.02	35.42	35.50	4391000
2025-07-30	35.76	36.21	35.47	35.94	7615700
2025-07-31	35.42	35.69	35.04	35.22	7921200
2025-08-01	35.39	35.76	35.23	35.55	5285100
2025-08-04	35.90	35.99	35.45	35.46	6156700
2025-08-05	35.51	36.01	35.30	35.90	6137800
2025-08-06	35.87	36.16	35.43	35.58	5145800
2025-08-07	36.09	36.24	35.79	35.92	4320700
2025-08-08	36.07	36.29	35.94	36.21	3591900
2025-08-11	36.00	36.19	35.80	36.12	29778900
2025-08-12	36.62	36.63	35.85	36.11	11960500
2025-08-13	36.96	36.97	36.47	36.47	5064300
2025-08-14	36.80	37.02	36.75	36.92	9394600
2025-08-15	36.27	36.80	36.09	36.80	9425500
2025-08-18	35.96	36.36	35.92	36.32	3874500
2025-08-19	36.45	36.46	35.97	36.00	6901500
2025-08-20	36.81	37.09	36.59	36.62	8128100
2025-08-21	36.44	36.78	36.41	36.71	4367100
2025-08-22	36.62	36.75	36.36	36.65	3406700
2025-08-25	36.23	36.62	36.09	36.50	5079300
2025-08-26	36.24	36.35	35.97	36.24	4134700
2025-08-27	36.34	36.58	36.18	36.28	3628100
2025-08-28	36.28	36.32	36.05	36.29	4390500
2025-08-29	36.19	36.40	36.13	36.34	6490500
2025-09-02	36.14	36.28	35.89	36.05	4768700
2025-09-03	35.94	36.15	35.71	35.92	5387900
2025-09-04	36.22	36.43	36.00	36.14	7565700
2025-09-05	35.69	36.44	35.60	36.34	4089000
2025-09-08	35.38	35.69	35.24	35.64	4530900
2025-09-09	35.46	35.69	35.21	35.32	3605600
2025-09-10	35.79	35.87	35.30	35.42	4345400
2025-09-11	35.98	36.03	35.52	35.72	3412200
2025-09-12	36.16	36.25	35.88	35.90	2841600
2025-09-15	35.97	36.24	35.89	36.13	2970000
2025-09-16	35.49	36.01	35.48	36.01	5112600
2025-09-17	35.61	35.88	35.49	35.66	4142500
2025-09-18	35.58	35.77	35.21	35.38	3795300
2025-09-19	35.69	35.83	35.37	35.71	6140500
2025-09-22	35.69	35.86	35.52	35.74	4261400
2025-09-23	36.31	36.32	35.62	35.67	3515400
2025-09-24	36.50	36.58	36.19	36.29	4598700
2025-09-25	36.16	36.76	36.10	36.56	3593500
2025-09-26	36.72	36.73	36.22	36.32	3965700
2025-09-29	37.08	37.08	36.46	36.79	4187700
2025-09-30	37.16	37.31	36.90	37.08	6970600
2025-10-01	36.59	37.21	36.50	37.12	5867200
2025-10-02	36.40	36.65	36.28	36.40	5288100
2025-10-03	36.70	36.90	36.44	36.47	6528800
2025-10-06	37.15	37.22	36.67	36.67	5146300
2025-10-07	37.49	37.81	37.28	37.41	6031000
2025-10-08	37.29	37.60	37.10	37.58	3351400
2025-10-09	36.94	37.60	36.88	37.40	4281400
2025-10-10	37.23	37.47	36.95	37.04	3324100
2025-10-13	37.44	37.54	37.01	37.05	3560600
2025-10-14	37.86	37.96	37.44	37.56	3969500
2025-10-15	37.97	38.23	37.83	37.96	5522200
2025-10-16	37.31	38.27	37.28	37.98	5112900
2025-10-17	37.44	37.55	36.85	37.44	7605200
2025-10-20	37.67	37.85	37.45	37.45	5964400
2025-10-21	37.52	38.23	37.21	38.12	7778300
2025-10-22	37.75	38.03	37.60	37.73	5745100
2025-10-23	37.36	38.07	37.05	38.00	6242900
2025-10-24	37.35	37.70	37.27	37.52	3200700
2025-10-27	37.46	37.51	37.05	37.44	3603700
2025-10-28	36.91	37.46	36.90	37.35	3457600
2025-10-29	36.48	36.96	36.30	36.76	4331200
2025-10-30	36.82	37.27	36.54	36.57	6010000
2025-10-31	36.52	36.72	36.39	36.66	3599500
2025-11-03	36.41	36.45	35.82	36.40	4870000
2025-11-04	36.25	36.56	36.11	36.52	9326800
2025-11-05	36.37	37.00	36.02	36.77	4919394
