Date	Close	High	Low	Open	Volume
	UMC	UMC	UMC	UMC	UMC
2000-09-19	6.15	6.18	5.71	5.88	10133896
2000-09-20	6.54	6.59	6.04	6.15	4005034
2000-09-21	6.54	6.67	6.40	6.54	3352367
2000-09-22	6.18	6.21	5.90	6.04	2335015
2000-09-25	6.10	6.18	6.01	6.18	1958002
2000-09-26	5.79	6.18	5.77	6.12	2667984
2000-09-27	5.79	6.04	5.74	5.90	2592600
2000-09-28	5.60	5.74	5.44	5.60	1319169
2000-09-29	5.22	5.38	5.19	5.36	1431069
2000-10-02	4.67	5.22	4.61	5.22	1962143
2000-10-03	4.64	5.03	4.53	4.94	2275442
2000-10-04	4.81	5.00	4.28	4.56	1574589
2000-10-05	5.38	5.38	5.03	5.14	2514487
2000-10-06	5.71	6.01	5.63	5.66	2584789
2000-10-09	5.49	5.60	5.36	5.52	1422034
2000-10-10	5.05	5.47	5.03	5.44	1871607
2000-10-11	4.92	5.05	4.81	4.89	1970896
2000-10-12	4.89	4.97	4.83	4.94	871478
2000-10-13	5.19	5.22	4.78	4.83	1607905
2000-10-16	4.34	4.92	4.17	4.92	1005776
2000-10-17	4.34	4.39	4.15	4.39	865172
2000-10-18	4.20	4.34	3.82	3.98	926439
2000-10-19	4.86	5.11	4.45	4.61	2698947
2000-10-20	5.03	5.11	4.78	4.78	3152379
2000-10-23	5.16	5.16	4.86	5.14	1072125
2000-10-24	5.60	5.63	5.38	5.41	1664937
2000-10-25	5.38	5.63	5.33	5.52	1153250
2000-10-26	5.41	5.47	5.16	5.33	783201
2000-10-27	4.86	5.16	4.81	5.11	1043609
2000-10-30	4.70	4.75	4.42	4.53	856044
2000-10-31	5.00	5.05	4.61	4.64	1051044
2000-11-01	4.94	4.94	4.78	4.81	1201059
2000-11-02	5.44	5.44	5.16	5.16	920887
2000-11-03	5.58	5.74	5.55	5.66	1345050
2000-11-06	5.90	5.93	5.66	5.66	1682630
2000-11-07	6.04	6.18	5.93	6.18	1473701
2000-11-08	5.82	6.10	5.74	6.10	1493653
2000-11-09	5.63	5.63	5.52	5.55	2018328
2000-11-10	5.19	5.55	5.14	5.55	1157579
2000-11-13	4.94	5.00	4.67	4.83	1373190
2000-11-14	5.22	5.33	5.19	5.22	1160214
2000-11-15	5.11	5.22	5.00	5.14	596859
2000-11-16	4.42	4.61	4.34	4.34	1894006
2000-11-17	4.39	4.53	4.28	4.42	726263
2000-11-20	3.98	4.06	3.87	3.90	1414411
2000-11-21	4.26	4.26	4.09	4.17	1436527
2000-11-22	4.01	4.09	3.95	4.09	837221
2000-11-24	4.48	4.48	4.34	4.34	1223175
2000-11-27	4.28	4.39	4.26	4.39	563920
2000-11-28	4.17	4.23	4.12	4.23	894724
2000-11-29	4.04	4.15	3.98	4.12	425198
2000-11-30	3.76	4.04	3.74	4.04	806823
2000-12-01	3.95	4.20	3.87	3.87	922110
2000-12-04	3.79	3.90	3.76	3.79	516299
2000-12-05	4.12	4.15	3.90	3.93	2149520
2000-12-06	3.74	4.01	3.65	4.01	1421375
2000-12-07	3.82	3.93	3.76	3.84	859338
2000-12-08	4.23	4.28	3.87	3.95	3499182
2000-12-11	4.31	4.31	4.09	4.23	1086336
2000-12-12	4.17	4.31	4.15	4.31	543215
2000-12-13	4.06	4.23	4.01	4.20	677137
2000-12-14	3.95	4.04	3.93	3.95	415787
2000-12-15	3.90	3.98	3.84	3.98	703017
2000-12-18	3.82	3.90	3.79	3.90	487783
2000-12-19	3.52	3.82	3.46	3.79	973025
2000-12-20	3.35	3.41	3.21	3.21	1172448
2000-12-21	3.27	3.35	3.10	3.35	775390
2000-12-22	3.52	3.63	3.41	3.46	894818
2000-12-26	3.46	3.52	3.41	3.41	337110
2000-12-27	3.60	3.60	3.41	3.41	709699
2000-12-28	3.63	3.87	3.57	3.68	1228257
2000-12-29	3.63	3.68	3.52	3.60	731910
2001-01-02	3.63	3.84	3.63	3.79	928698
2001-01-03	4.01	4.17	3.49	3.63	2384612
2001-01-04	3.95	4.09	3.95	3.95	1180166
2001-01-05	4.12	4.17	4.04	4.04	611823
2001-01-08	3.93	4.06	3.90	4.06	839009
2001-01-09	4.31	4.31	4.04	4.04	1263361
2001-01-10	4.28	4.37	4.26	4.31	1042668
2001-01-11	4.34	4.37	4.15	4.17	1094806
2001-01-12	4.48	4.53	4.31	4.39	1329710
2001-01-16	4.50	4.72	4.48	4.72	1504476
2001-01-17	4.92	4.94	4.72	4.81	1535909
2001-01-18	5.33	5.33	4.86	4.94	3288653
2001-01-19	5.41	5.49	5.36	5.49	1911040
2001-01-22	5.25	5.38	5.19	5.38	1143274
2001-01-23	5.27	5.33	5.05	5.05	797694
2001-01-24	5.27	5.38	5.25	5.30	940274
2001-01-25	5.05	5.27	4.94	5.27	3575601
2001-01-26	4.75	4.81	4.67	4.72	3306064
2001-01-29	4.75	4.75	4.53	4.64	1095559
2001-01-30	4.94	5.01	4.86	4.90	980460
2001-01-31	5.19	5.28	5.09	5.15	2826563
2001-02-01	4.92	5.01	4.83	4.94	1684795
2001-02-02	4.94	4.97	4.88	4.94	1676607
2001-02-05	4.49	4.77	4.48	4.77	1631057
2001-02-06	4.18	4.31	4.17	4.31	2548744
2001-02-07	4.03	4.22	3.98	4.22	2476466
2001-02-08	4.33	4.39	4.23	4.24	2040068
2001-02-09	4.24	4.32	4.23	4.29	750450
2001-02-12	4.43	4.46	4.31	4.32	1013870
2001-02-13	4.66	4.77	4.64	4.64	2299723
2001-02-14	4.82	4.88	4.50	4.50	2618763
2001-02-15	5.24	5.26	4.92	4.97	2062278
2001-02-16	4.94	5.01	4.79	4.83	1453185
2001-02-20	4.76	5.08	4.75	5.08	1285007
2001-02-21	4.76	4.86	4.68	4.79	990059
2001-02-22	4.64	4.70	4.47	4.53	1791236
2001-02-23	4.48	4.50	4.39	4.45	723722
2001-02-26	4.44	4.53	4.39	4.48	571731
2001-02-27	4.39	4.47	4.35	4.45	654550
2001-02-28	4.22	4.43	4.21	4.39	956179
2001-03-01	3.90	4.04	3.78	4.04	2054279
2001-03-02	4.17	4.31	3.88	3.91	1401141
2001-03-05	4.31	4.39	4.17	4.17	557049
2001-03-06	4.64	4.75	4.38	4.48	1468149
2001-03-07	4.52	4.64	4.44	4.64	1027139
2001-03-08	4.47	4.48	4.40	4.44	1122757
2001-03-09	4.33	4.42	4.33	4.42	1179130
2001-03-12	4.12	4.31	4.08	4.24	1408482
2001-03-13	4.49	4.50	4.31	4.31	1315687
2001-03-14	4.32	4.44	4.20	4.20	1592471
2001-03-15	4.42	4.61	4.42	4.53	1354744
2001-03-16	4.39	4.48	4.35	4.42	776142
2001-03-19	4.31	4.33	4.25	4.28	500488
2001-03-20	4.11	4.31	4.04	4.28	794400
2001-03-21	4.10	4.22	4.10	4.15	634127
2001-03-22	4.31	4.35	4.09	4.11	1886948
2001-03-23	4.44	4.48	4.35	4.39	1994235
2001-03-26	4.35	4.46	4.35	4.44	375413
2001-03-27	4.24	4.28	4.17	4.20	1129251
2001-03-28	4.20	4.28	4.12	4.13	1202941
2001-03-29	4.22	4.33	4.15	4.15	725981
2001-03-30	4.11	4.26	4.10	4.26	732851
2001-04-02	3.71	3.98	3.69	3.95	1614211
2001-04-03	3.54	3.74	3.54	3.71	1916310
2001-04-04	3.55	3.65	3.54	3.59	1624751
2001-04-05	3.89	3.89	3.69	3.69	2742803
2001-04-06	3.75	3.80	3.74	3.80	820940
2001-04-09	3.58	3.75	3.56	3.75	866208
2001-04-10	3.82	3.82	3.60	3.60	1482830
2001-04-11	4.06	4.13	3.98	4.04	2099735
2001-04-12	4.11	4.12	3.97	4.04	2220387
2001-04-16	3.94	4.08	3.93	4.08	641468
2001-04-17	3.95	3.99	3.82	3.82	1257432
2001-04-18	4.69	4.83	4.12	4.12	4914440
2001-04-19	4.52	4.57	4.45	4.57	2612364
2001-04-20	4.32	4.48	4.28	4.48	922487
2001-04-23	4.09	4.26	4.08	4.20	1589083
2001-04-24	4.17	4.30	4.11	4.11	1172166
2001-04-25	4.29	4.31	4.09	4.17	815575
2001-04-26	4.43	4.45	4.37	4.42	3030127
2001-04-27	4.51	4.52	4.35	4.42	1462596
2001-04-30	4.83	5.04	4.55	4.55	2506487
2001-05-01	4.94	4.94	4.66	4.83	1466078
2001-05-02	4.71	4.88	4.71	4.88	3568637
2001-05-03	4.61	4.61	4.48	4.48	1277948
2001-05-04	4.53	4.63	4.22	4.22	1774107
2001-05-07	4.61	4.66	4.53	4.53	785554
2001-05-08	4.61	4.64	4.52	4.64	908182
2001-05-09	4.53	4.59	4.47	4.48	1143274
2001-05-10	4.51	4.65	4.51	4.62	1127839
2001-05-11	4.53	4.55	4.43	4.51	1218752
2001-05-14	4.32	4.46	4.31	4.44	1171601
2001-05-15	4.21	4.33	4.20	4.33	886818
2001-05-16	4.31	4.34	4.10	4.17	1532710
2001-05-17	4.56	4.57	4.33	4.33	2014375
2001-05-18	4.43	4.53	4.43	4.53	617187
2001-05-21	4.48	4.49	4.26	4.26	3139862
2001-05-22	4.50	4.57	4.42	4.48	2076207
2001-05-23	4.54	4.55	4.46	4.55	1389942
2001-05-24	4.53	4.53	4.39	4.50	1348720
2001-05-25	4.48	4.53	4.44	4.50	1083324
2001-05-29	4.39	4.46	4.36	4.46	554320
2001-05-30	4.28	4.31	4.24	4.31	1182707
2001-05-31	4.46	4.46	4.33	4.33	1684324
2001-06-01	4.48	4.48	4.35	4.46	1447632
2001-06-04	4.50	4.50	4.41	4.48	1851185
2001-06-05	4.68	4.70	4.50	4.50	4899099
2001-06-06	4.64	4.71	4.59	4.65	3173366
2001-06-07	4.90	4.91	4.63	4.64	2695653
2001-06-08	4.82	4.86	4.79	4.83	1481513
2001-06-11	4.76	4.82	4.71	4.82	1367449
2001-06-12	4.72	4.75	4.57	4.68	1251314
2001-06-13	4.50	4.67	4.48	4.57	907335
2001-06-14	4.39	4.41	4.33	4.35	988648
2001-06-15	4.37	4.42	4.28	4.28	1214705
2001-06-18	4.14	4.26	4.13	4.20	821316
2001-06-19	4.02	4.27	4.02	4.23	1384295
2001-06-20	3.86	3.86	3.78	3.78	2587330
2001-06-21	3.82	3.86	3.79	3.81	989400
2001-06-22	3.95	3.96	3.86	3.86	1068831
2001-06-25	4.06	4.06	4.00	4.06	930298
2001-06-26	3.89	3.96	3.86	3.86	1385895
2001-06-27	3.92	3.95	3.89	3.93	665749
2001-06-28	4.02	4.03	3.92	3.92	2986741
2001-06-29	3.91	4.17	3.91	4.05	1611576
2001-07-02	3.99	4.03	3.95	3.95	852279
2001-07-03	3.98	3.99	3.91	3.91	624057
2001-07-05	3.74	3.86	3.74	3.80	1311640
2001-07-06	3.60	3.74	3.52	3.74	1793212
2001-07-09	3.58	3.60	3.49	3.55	1158614
2001-07-10	3.52	3.67	3.52	3.65	1780883
2001-07-11	3.38	3.40	3.28	3.30	3718369
2001-07-12	3.55	3.58	3.52	3.52	2663937
2001-07-13	3.61	3.64	3.49	3.54	2510011
2001-07-16	3.46	3.61	3.46	3.56	1921196
2001-07-17	3.57	3.57	3.41	3.44	5307595
2001-07-18	3.53	3.55	3.49	3.51	1961623
2001-07-19	3.68	3.69	3.50	3.54	6243969
2001-07-20	3.68	3.68	3.61	3.61	4223178
2001-07-23	3.69	3.75	3.68	3.70	4253294
2001-07-24	3.62	3.69	3.62	3.69	2300100
2001-07-25	3.66	3.73	3.63	3.64	2060237
2001-07-26	3.94	3.94	3.70	3.71	2846032
2001-07-27	4.10	4.14	3.94	3.94	1841078
2001-07-30	4.11	4.17	4.09	4.14	1932817
2001-07-31	4.27	4.30	4.04	4.04	2153367
2001-08-01	4.40	4.52	4.40	4.42	3704416
2001-08-02	4.48	4.62	4.43	4.61	1922096
2001-08-03	4.22	4.38	4.19	4.37	2346910
2001-08-06	4.12	4.14	4.04	4.07	1881587
2001-08-07	3.94	3.98	3.84	3.94	2184383
2001-08-08	3.88	4.07	3.85	3.98	1329845
2001-08-09	3.71	3.78	3.69	3.76	2318186
2001-08-10	3.84	3.85	3.72	3.79	2480222
2001-08-13	3.81	3.87	3.76	3.87	880971
2001-08-14	3.99	4.02	3.92	3.94	1353905
2001-08-15	3.87	4.04	3.87	4.04	837679
2001-08-16	4.03	4.04	3.87	3.87	915506
2001-08-17	3.86	3.93	3.84	3.89	1170018
2001-08-20	3.90	3.92	3.85	3.85	714270
2001-08-21	3.74	3.97	3.74	3.90	1279433
2001-08-22	3.66	3.83	3.66	3.82	1849016
2001-08-23	3.44	3.59	3.43	3.54	4874270
2001-08-24	3.54	3.54	3.43	3.44	2079468
2001-08-27	3.63	3.66	3.57	3.59	940303
2001-08-28	3.53	3.66	3.53	3.61	1509394
2001-08-29	3.53	3.66	3.51	3.66	2284796
2001-08-30	3.53	3.56	3.49	3.53	1651872
2001-08-31	3.78	3.79	3.59	3.59	1897054
2001-09-04	3.78	3.90	3.74	3.79	1271905
2001-09-05	3.62	3.80	3.61	3.78	2109748
2001-09-06	3.73	3.74	3.59	3.63	2006061
2001-09-07	3.74	3.82	3.66	3.69	1223948
2001-09-10	3.76	3.77	3.69	3.69	572447
2001-09-17	3.07	3.21	3.07	3.08	2128488
2001-09-18	2.80	3.01	2.79	2.98	1956795
2001-09-19	2.61	2.83	2.52	2.83	2484887
2001-09-20	2.49	2.55	2.46	2.55	2208852
2001-09-21	2.62	2.65	2.23	2.25	2218672
2001-09-24	2.72	2.76	2.65	2.67	1270595
2001-09-25	2.51	2.65	2.48	2.65	1304639
2001-09-26	2.42	2.59	2.40	2.55	1575846
2001-09-27	2.38	2.42	2.32	2.38	914360
2001-09-28	2.69	2.73	2.46	2.53	1799423
2001-10-01	2.62	2.65	2.58	2.65	729655
2001-10-02	2.38	2.50	2.37	2.43	858875
2001-10-03	2.42	2.46	2.15	2.27	6069003
2001-10-04	2.27	2.45	2.24	2.40	3599501
2001-10-05	2.40	2.42	2.29	2.34	2164415
2001-10-08	2.48	2.53	2.37	2.40	1859246
2001-10-09	2.54	2.66	2.54	2.59	914279
2001-10-10	2.74	2.75	2.54	2.54	1609399
2001-10-11	2.92	3.00	2.88	2.95	3103571
2001-10-12	2.85	2.90	2.72	2.78	1284016
2001-10-15	2.72	2.80	2.71	2.80	656493
2001-10-16	3.01	3.02	2.87	2.88	2955856
2001-10-17	2.93	3.02	2.93	3.01	1779619
2001-10-18	2.80	2.91	2.78	2.91	2008352
2001-10-19	2.87	2.90	2.81	2.85	1183930
2001-10-22	3.02	3.04	2.88	2.88	1167808
2001-10-23	3.01	3.08	2.96	3.02	2007452
2001-10-24	3.27	3.28	3.07	3.07	1939037
2001-10-25	3.23	3.23	3.09	3.18	2801021
2001-10-26	3.06	3.18	3.06	3.11	3527812
2001-10-29	2.98	3.10	2.98	3.03	2406896
2001-10-30	2.78	2.86	2.78	2.81	2053608
2001-10-31	2.88	2.99	2.80	2.80	2266792
2001-11-01	3.13	3.16	2.86	2.91	4475317
2001-11-02	3.09	3.20	3.03	3.13	1031714
2001-11-05	3.32	3.34	3.21	3.26	1961460
2001-11-06	3.18	3.27	3.14	3.23	2581781
2001-11-07	3.45	3.55	3.29	3.31	2188229
2001-11-08	3.61	3.70	3.54	3.54	3285331
2001-11-09	3.45	3.54	3.44	3.54	2786782
2001-11-12	3.53	3.54	3.36	3.49	1347685
2001-11-13	3.60	3.64	3.53	3.53	2494134
2001-11-14	3.62	3.82	3.60	3.79	2361313
2001-11-15	3.84	3.86	3.69	3.70	1902374
2001-11-16	3.89	3.92	3.83	3.89	1345066
2001-11-19	3.92	4.02	3.91	3.94	2027829
2001-11-20	3.60	3.74	3.57	3.70	2169161
2001-11-21	3.75	3.83	3.71	3.79	2542254
2001-11-23	3.60	3.63	3.52	3.56	2405587
2001-11-26	3.86	3.89	3.74	3.74	2464182
2001-11-27	4.02	4.09	3.78	3.84	3001276
2001-11-28	3.88	4.01	3.87	3.98	2521713
2001-11-29	3.93	3.94	3.79	3.88	3455632
2001-11-30	3.94	3.95	3.77	3.88	3336315
2001-12-03	4.04	4.08	3.94	3.94	2932533
2001-12-04	4.23	4.30	4.10	4.19	9151051
2001-12-05	4.68	4.82	4.51	4.52	6576144
2001-12-06	4.86	4.92	4.67	4.75	5466358
2001-12-07	4.88	5.08	4.86	5.05	5350886
2001-12-10	4.75	4.75	4.64	4.64	2823527
2001-12-11	4.97	5.06	4.86	4.89	5169373
2001-12-12	4.99	5.26	4.92	5.26	4329811
2001-12-13	4.68	4.80	4.55	4.72	3279929
2001-12-14	4.66	4.80	4.61	4.70	2532270
2001-12-17	4.85	4.87	4.56	4.57	2522286
2001-12-18	4.78	4.82	4.75	4.79	2389220
2001-12-19	4.61	4.78	4.60	4.78	2008107
2001-12-20	4.60	4.62	4.47	4.60	1976354
2001-12-21	4.45	4.49	4.31	4.41	2195758
2001-12-24	4.48	4.48	4.42	4.45	470642
2001-12-26	4.68	4.70	4.50	4.50	1496710
2001-12-27	4.72	4.80	4.65	4.78	1632477
2001-12-28	4.87	4.87	4.73	4.73	1165517
2001-12-31	4.85	5.00	4.81	4.87	1172637
2002-01-02	4.90	4.94	4.85	4.85	1979791
2002-01-03	5.04	5.05	4.85	4.85	5134183
2002-01-04	4.99	5.12	4.96	5.07	2131189
2002-01-07	4.89	5.10	4.89	5.05	3212660
2002-01-08	4.84	4.89	4.72	4.78	3252187
2002-01-09	4.78	5.01	4.78	4.88	3123376
2002-01-10	4.57	4.80	4.57	4.78	1977827
2002-01-11	4.45	4.60	4.45	4.60	1988793
2002-01-14	4.30	4.49	4.30	4.47	2978934
2002-01-15	4.35	4.45	4.22	4.32	2254762
2002-01-16	4.18	4.24	4.12	4.17	1443516
2002-01-17	4.45	4.49	4.30	4.49	2921730
2002-01-18	4.33	4.42	4.30	4.35	1508003
2002-01-22	4.33	4.47	4.29	4.47	3050459
2002-01-23	4.55	4.55	4.44	4.45	1960069
2002-01-24	4.55	4.67	4.54	4.58	2226692
2002-01-25	4.47	4.54	4.43	4.54	1256601
2002-01-28	4.45	4.52	4.44	4.50	1604570
2002-01-29	4.21	4.42	4.21	4.35	2349529
2002-01-30	4.35	4.35	4.17	4.24	2366224
2002-01-31	4.46	4.65	4.45	4.53	4290530
2002-02-01	4.20	4.47	4.19	4.37	3361357
2002-02-04	4.19	4.33	4.17	4.30	1743774
2002-02-05	4.09	4.17	4.08	4.17	3859578
2002-02-06	4.22	4.27	4.12	4.14	2004506
2002-02-07	4.05	4.24	4.05	4.23	1094155
2002-02-08	4.02	4.10	3.97	4.07	886618
2002-02-11	4.07	4.14	4.04	4.06	1465203
2002-02-12	4.12	4.12	3.99	4.03	1602770
2002-02-13	4.23	4.23	4.12	4.15	1552768
2002-02-14	4.36	4.45	4.30	4.36	2436603
2002-02-15	4.24	4.37	4.20	4.35	1264539
2002-02-19	3.95	4.13	3.94	4.13	1942146
2002-02-20	3.89	3.94	3.79	3.93	2316140
2002-02-21	3.74	3.88	3.72	3.87	1479524
2002-02-22	3.76	3.81	3.76	3.76	2107865
2002-02-25	3.85	3.88	3.77	3.79	1761124
2002-02-26	3.93	3.97	3.79	3.85	1735345
2002-02-27	4.09	4.23	4.09	4.19	3590581
2002-02-28	4.27	4.31	4.13	4.17	3043012
2002-03-01	4.65	4.65	4.27	4.27	3935359
2002-03-04	5.15	5.18	4.67	4.67	5604907
2002-03-05	4.94	5.03	4.89	4.94	5188359
2002-03-06	4.93	4.98	4.80	4.89	2870746
2002-03-07	4.93	4.97	4.81	4.94	1620283
2002-03-08	5.00	5.05	4.85	4.92	1677732
2002-03-11	5.08	5.14	5.00	5.05	2266219
2002-03-12	4.84	4.95	4.79	4.95	1847461
2002-03-13	4.93	4.94	4.78	4.80	3033847
2002-03-14	4.67	4.73	4.64	4.70	9533064
2002-03-15	4.60	4.64	4.46	4.50	5375847
2002-03-18	4.67	4.77	4.61	4.72	3024845
2002-03-19	4.65	4.67	4.60	4.64	2191175
2002-03-20	4.70	4.82	4.66	4.71	3840837
2002-03-21	4.90	4.93	4.71	4.72	2243551
2002-03-22	4.82	4.92	4.82	4.85	1614227
2002-03-25	4.75	4.92	4.75	4.82	1205208
2002-03-26	4.90	4.94	4.82	4.83	2001069
2002-03-27	4.97	4.99	4.90	4.90	3167895
2002-03-28	5.38	5.41	5.13	5.14	5883643
2002-04-01	5.40	5.40	5.16	5.36	2699380
2002-04-02	5.36	5.40	5.27	5.40	4306406
2002-04-03	5.20	5.41	5.18	5.36	2835638
2002-04-04	5.24	5.25	5.08	5.08	1611854
2002-04-05	5.18	5.31	5.16	5.29	1001516
2002-04-08	5.15	5.17	4.98	5.00	1336474
2002-04-09	4.95	5.15	4.94	5.10	2585628
2002-04-10	4.96	5.03	4.86	4.94	2018254
2002-04-11	5.08	5.13	4.97	4.97	4926973
2002-04-12	5.25	5.29	5.19	5.20	2223501
2002-04-15	5.19	5.32	5.15	5.26	1508576
2002-04-16	5.53	5.56	5.42	5.43	4731301
2002-04-17	5.76	5.82	5.69	5.71	3502361
2002-04-18	5.52	5.66	5.50	5.66	3010441
2002-04-19	5.39	5.66	5.39	5.60	3917682
2002-04-22	5.41	5.43	5.34	5.40	3897305
2002-04-23	5.50	5.55	5.37	5.41	2718285
2002-04-24	5.44	5.57	5.43	5.48	2374162
2002-04-25	5.26	5.39	5.18	5.36	3100543
2002-04-26	5.13	5.33	5.07	5.32	2501336
2002-04-29	5.04	5.28	5.01	5.26	2914038
2002-04-30	5.10	5.26	5.05	5.05	2335371
2002-05-01	5.26	5.28	5.01	5.11	1883633
2002-05-02	4.90	5.16	4.88	5.14	3315365
2002-05-03	4.81	4.97	4.78	4.95	3945670
2002-05-06	4.60	4.75	4.60	4.65	3731094
2002-05-07	4.68	4.78	4.61	4.78	2546100
2002-05-08	5.07	5.07	4.88	4.88	3202512
2002-05-09	4.73	4.95	4.72	4.90	4335949
2002-05-10	4.57	4.83	4.57	4.79	2914693
2002-05-13	4.76	4.78	4.61	4.61	2332998
2002-05-14	4.93	4.96	4.86	4.90	3200793
2002-05-15	4.80	5.02	4.79	4.85	2015390
2002-05-16	4.70	4.88	4.67	4.80	2955774
2002-05-17	4.75	4.83	4.71	4.78	2166951
2002-05-20	4.62	4.66	4.60	4.62	1792549
2002-05-21	4.47	4.58	4.43	4.56	1700565
2002-05-22	4.52	4.62	4.43	4.50	2766977
2002-05-23	4.45	4.56	4.37	4.55	2224564
2002-05-24	4.34	4.46	4.32	4.46	4155826
2002-05-28	4.46	4.48	4.34	4.37	1866611
2002-05-29	4.31	4.38	4.30	4.37	2072839
2002-05-30	4.27	4.30	4.18	4.19	5061021
2002-05-31	4.30	4.38	4.23	4.30	2464264
2002-06-03	4.08	4.27	4.07	4.27	1971853
2002-06-04	4.02	4.06	3.91	4.02	3860560
2002-06-05	4.14	4.17	4.05	4.09	3160612
2002-06-06	3.99	4.14	3.88	4.14	4844973
2002-06-07	3.92	3.92	3.73	3.82	3725611
2002-06-10	4.02	4.12	3.95	4.00	954378
2002-06-11	3.91	4.09	3.90	4.09	1263312
2002-06-12	3.98	3.98	3.86	3.89	2227347
2002-06-13	3.99	4.09	3.97	3.99	2899962
2002-06-14	3.94	3.94	3.81	3.82	1384348
2002-06-17	4.01	4.06	3.94	3.94	1054874
2002-06-18	4.02	4.13	3.98	4.03	2027911
2002-06-19	3.79	3.89	3.78	3.87	1876759
2002-06-20	3.74	3.88	3.68	3.85	2337744
2002-06-21	3.68	3.82	3.67	3.79	1653509
2002-06-24	3.78	3.79	3.66	3.66	1613081
2002-06-25	3.71	3.89	3.70	3.83	1569135
2002-06-26	3.64	3.71	3.59	3.61	2543482
2002-06-27	3.62	3.75	3.60	3.64	3081476
2002-06-28	3.71	3.78	3.66	3.66	2603959
2002-07-01	3.49	3.73	3.48	3.69	2100091
2002-07-02	3.27	3.50	3.23	3.50	3167322
2002-07-03	3.55	3.55	3.28	3.33	3767348
2002-07-05	3.94	4.04	3.80	3.85	2801103
2002-07-08	3.93	4.00	3.85	3.92	2307710
2002-07-09	3.88	3.98	3.87	3.97	4805691
2002-07-10	3.73	3.89	3.67	3.84	2042478
2002-07-11	3.89	3.91	3.61	3.62	3356365
2002-07-12	3.89	4.04	3.87	3.94	3578878
2002-07-15	3.97	3.97	3.78	3.84	1241543
2002-07-16	3.90	4.04	3.86	3.89	2863545
2002-07-17	3.84	4.06	3.77	4.04	2974597
2002-07-18	3.66	3.83	3.66	3.74	3416269
2002-07-19	3.41	3.68	3.39	3.53	2683095
2002-07-22	3.32	3.36	3.24	3.30	2331607
2002-07-23	3.15	3.43	3.13	3.39	3950498
2002-07-24	3.23	3.27	3.08	3.09	3759819
2002-07-25	2.77	2.96	2.68	2.96	9572755
2002-07-26	2.77	2.83	2.73	2.79	2771806
2002-07-29	2.88	2.90	2.78	2.88	2856343
2002-07-30	2.99	3.05	2.89	2.92	4201491
2002-07-31	3.00	3.01	2.93	2.99	4473434
2002-08-01	2.88	2.96	2.83	2.93	3491804
2002-08-02	2.68	2.86	2.64	2.83	3397119
2002-08-05	2.14	2.33	2.13	2.33	5097357
2002-08-06	2.39	2.42	2.34	2.34	3620124
2002-08-07	2.47	2.52	2.32	2.47	3645330
2002-08-08	2.54	2.55	2.28	2.34	2743900
2002-08-09	2.53	2.60	2.43	2.50	1641642
2002-08-12	2.52	2.53	2.45	2.53	833097
2002-08-13	2.52	2.64	2.51	2.52	1995586
2002-08-14	2.68	2.68	2.50	2.53	2346992
2002-08-15	2.78	2.79	2.66	2.70	2388401
2002-08-16	2.89	2.97	2.71	2.77	2943090
2002-08-19	2.92	2.94	2.84	2.89	1401861
2002-08-20	2.75	2.84	2.71	2.84	2380872
2002-08-21	2.77	2.81	2.70	2.78	1871439
2002-08-22	2.70	2.79	2.67	2.79	3036629
2002-08-23	2.59	2.65	2.56	2.65	2185610
2002-08-26	2.60	2.61	2.55	2.55	778021
2002-08-27	2.44	2.55	2.42	2.50	4162046
2002-08-28	2.34	2.38	2.32	2.37	6501345
2002-08-29	2.35	2.39	2.31	2.34	4679581
2002-08-30	2.32	2.36	2.31	2.32	2147802
2002-09-03	2.17	2.24	2.17	2.23	2748319
2002-09-04	2.29	2.30	2.17	2.24	2471547
2002-09-05	2.18	2.23	2.15	2.21	1185485
2002-09-06	2.25	2.28	2.23	2.28	1721597
2002-09-09	2.26	2.28	2.22	2.28	1770289
2002-09-10	2.35	2.38	2.28	2.34	3126813
2002-09-11	2.30	2.41	2.29	2.39	1551704
2002-09-12	2.18	2.27	2.18	2.27	1972671
2002-09-13	2.17	2.21	2.12	2.14	2258363
2002-09-16	2.06	2.14	2.05	2.09	1813990
2002-09-17	2.05	2.16	2.03	2.14	4169493
2002-09-18	2.05	2.08	1.98	2.00	2255335
2002-09-19	1.98	2.03	1.97	1.99	1274932
2002-09-20	1.95	1.99	1.93	1.98	1308322
2002-09-23	1.87	1.91	1.87	1.90	2615580
2002-09-24	1.92	1.98	1.89	1.92	2077995
2002-09-25	1.99	2.01	1.92	1.95	2222437
2002-09-26	1.94	2.07	1.93	2.04	2483986
2002-09-27	1.88	1.96	1.88	1.96	1555796
2002-09-30	1.84	1.87	1.82	1.87	3252432
2002-10-01	1.89	1.89	1.80	1.84	2168015
2002-10-02	1.79	1.87	1.78	1.87	2270802
2002-10-03	1.69	1.72	1.65	1.66	3759246
2002-10-04	1.62	1.72	1.61	1.69	6092490
2002-10-07	1.55	1.59	1.55	1.59	1474859
2002-10-08	1.60	1.64	1.56	1.63	1705393
2002-10-09	1.60	1.62	1.57	1.58	5324208
2002-10-10	1.65	1.65	1.52	1.60	4674343
2002-10-11	1.74	1.75	1.65	1.68	5637478
2002-10-14	1.74	1.78	1.69	1.69	1639269
2002-10-15	2.03	2.05	1.91	1.95	6119496
2002-10-16	1.93	1.95	1.88	1.89	2731051
2002-10-17	2.12	2.13	2.06	2.11	3916291
2002-10-18	2.10	2.15	2.09	2.12	1232296
2002-10-21	2.17	2.21	2.00	2.10	3078857
2002-10-22	2.04	2.08	1.95	1.95	2684977
2002-10-23	2.25	2.26	2.10	2.11	2264992
2002-10-24	2.25	2.31	2.23	2.25	2907655
2002-10-25	2.34	2.36	2.23	2.23	2700117
2002-10-28	2.26	2.41	2.25	2.37	3916700
2002-10-29	2.13	2.28	2.08	2.28	2673766
2002-10-30	2.21	2.23	2.06	2.07	3162330
2002-10-31	2.16	2.27	2.16	2.26	3045795
2002-11-01	2.23	2.23	2.08	2.08	2163269
2002-11-04	2.42	2.48	2.29	2.29	6780899
2002-11-05	2.31	2.34	2.27	2.31	2183892
2002-11-06	2.53	2.54	2.39	2.42	4947432
2002-11-07	2.41	2.50	2.37	2.49	2433248
2002-11-08	2.37	2.48	2.36	2.36	2760349
2002-11-11	2.18	2.24	2.16	2.21	2217281
2002-11-12	2.25	2.28	2.21	2.22	2771806
2002-11-13	2.12	2.21	2.10	2.21	2820417
2002-11-14	2.28	2.28	2.15	2.18	2124396
2002-11-15	2.29	2.30	2.20	2.24	1869066
2002-11-18	2.29	2.37	2.29	2.34	2126279
2002-11-19	2.21	2.29	2.18	2.26	997179
2002-11-20	2.30	2.31	2.17	2.17	1741565
2002-11-21	2.42	2.47	2.37	2.42	6770752
2002-11-22	2.44	2.49	2.39	2.39	1558333
2002-11-25	2.37	2.50	2.32	2.43	4316144
2002-11-26	2.26	2.31	2.25	2.29	1221084
2002-11-27	2.40	2.40	2.28	2.28	2203287
2002-11-29	2.36	2.45	2.36	2.40	1063958
2002-12-02	2.42	2.51	2.39	2.45	2052298
2002-12-03	2.38	2.39	2.31	2.38	2158768
2002-12-04	2.28	2.29	2.22	2.25	2993419
2002-12-05	2.22	2.36	2.22	2.36	1755150
2002-12-06	2.28	2.30	2.17	2.21	842344
2002-12-09	2.19	2.29	2.16	2.25	1054219
2002-12-10	2.23	2.24	2.16	2.19	1602279
2002-12-11	2.15	2.21	2.08	2.21	1851144
2002-12-12	2.08	2.15	2.05	2.15	2497653
2002-12-13	1.88	2.01	1.86	1.90	5174856
2002-12-16	1.93	1.95	1.89	1.89	2876229
2002-12-17	1.90	1.98	1.89	1.97	1930853
2002-12-18	1.82	1.87	1.77	1.87	5141303
2002-12-19	1.81	1.85	1.78	1.84	1895254
2002-12-20	1.83	1.91	1.82	1.87	1644507
2002-12-23	1.83	1.86	1.81	1.84	827368
2002-12-24	1.82	1.85	1.81	1.83	359672
2002-12-26	1.83	1.88	1.83	1.88	850528
2002-12-27	1.76	1.82	1.76	1.82	2399367
2002-12-30	1.71	1.78	1.71	1.78	1229840
2002-12-31	1.75	1.79	1.71	1.72	1406198
2003-01-02	1.82	1.83	1.76	1.79	1505057
2003-01-03	1.91	1.91	1.84	1.85	1034742
2003-01-06	1.96	1.99	1.92	1.93	1410045
2003-01-07	1.93	1.98	1.91	1.96	1340320
2003-01-08	1.85	1.92	1.84	1.92	1819882
2003-01-09	1.92	1.96	1.85	1.87	2463773
2003-01-10	1.93	1.97	1.86	1.86	5283044
2003-01-13	2.00	2.03	1.97	2.00	2020709
2003-01-14	1.92	2.00	1.91	2.00	2489060
2003-01-15	1.96	1.97	1.87	1.92	2410906
2003-01-16	1.83	1.89	1.83	1.89	3307181
2003-01-17	1.78	1.82	1.74	1.79	3666525
2003-01-21	1.76	1.79	1.74	1.74	1743856
2003-01-22	1.77	1.78	1.74	1.74	2038386
2003-01-23	1.85	1.86	1.80	1.85	1991903
2003-01-24	1.75	1.84	1.74	1.84	1497855
2003-01-27	1.72	1.75	1.70	1.71	1324689
2003-01-28	1.61	1.71	1.59	1.69	4185042
2003-01-29	1.67	1.69	1.61	1.64	7988480
2003-01-30	1.62	1.70	1.60	1.67	2606741
2003-01-31	1.59	1.62	1.58	1.61	2294617
2003-02-03	1.64	1.66	1.59	1.60	1081553
2003-02-04	1.63	1.65	1.62	1.64	1847380
2003-02-05	1.66	1.71	1.64	1.64	2706664
2003-02-06	1.56	1.59	1.56	1.56	3253251
2003-02-07	1.55	1.59	1.55	1.59	1806952
2003-02-10	1.54	1.56	1.53	1.54	2389711
2003-02-11	1.60	1.61	1.55	1.55	5153988
2003-02-12	1.60	1.61	1.57	1.60	1694018
2003-02-13	1.55	1.59	1.55	1.59	2342982
2003-02-14	1.66	1.67	1.52	1.52	2901762
2003-02-18	1.69	1.74	1.69	1.69	1777737
2003-02-19	1.63	1.68	1.63	1.67	1454891
2003-02-20	1.73	1.75	1.70	1.72	4839244
2003-02-21	1.73	1.74	1.64	1.70	1468149
2003-02-24	1.74	1.77	1.72	1.75	4127347
2003-02-25	1.69	1.69	1.64	1.66	3833063
2003-02-26	1.62	1.67	1.62	1.66	1701465
2003-02-27	1.66	1.67	1.62	1.64	1347603
2003-02-28	1.68	1.69	1.65	1.66	737348
2003-03-03	1.67	1.73	1.67	1.72	1516432
2003-03-04	1.67	1.71	1.67	1.70	1239661
2003-03-05	1.64	1.67	1.62	1.67	606655
2003-03-06	1.60	1.63	1.60	1.61	1558742
2003-03-07	1.58	1.62	1.57	1.58	2715011
2003-03-10	1.58	1.60	1.57	1.58	2000578
2003-03-11	1.60	1.61	1.59	1.59	1773236
2003-03-12	1.61	1.64	1.58	1.60	3405385
2003-03-13	1.75	1.75	1.66	1.68	2916984
2003-03-14	1.71	1.78	1.71	1.77	3087204
2003-03-17	1.78	1.79	1.64	1.66	4407310
2003-03-18	1.86	1.87	1.79	1.79	4024724
2003-03-19	1.83	1.88	1.77	1.87	2810678
2003-03-20	1.88	1.90	1.79	1.81	2333816
2003-03-21	1.92	1.92	1.86	1.91	3528631
2003-03-24	1.75	1.85	1.75	1.77	2808796
2003-03-25	1.77	1.80	1.72	1.72	2279149
2003-03-26	1.75	1.78	1.72	1.78	1404398
2003-03-27	1.75	1.75	1.67	1.67	1999596
2003-03-28	1.71	1.75	1.70	1.74	1008472
2003-03-31	1.57	1.71	1.55	1.71	3367167
2003-04-01	1.61	1.64	1.59	1.64	2390202
2003-04-02	1.68	1.72	1.66	1.69	2090352
2003-04-03	1.70	1.72	1.66	1.71	1337537
2003-04-04	1.71	1.72	1.69	1.72	1173619
2003-04-07	1.81	1.84	1.79	1.79	4908396
2003-04-08	1.75	1.80	1.73	1.80	4826887
2003-04-09	1.74	1.77	1.73	1.75	4063842
2003-04-10	1.73	1.77	1.71	1.74	997834
2003-04-11	1.70	1.78	1.70	1.75	950860
2003-04-14	1.74	1.74	1.64	1.70	1946320
2003-04-15	1.72	1.78	1.72	1.77	2342327
2003-04-16	1.77	1.81	1.76	1.78	3398347
2003-04-17	1.80	1.82	1.74	1.76	2380463
2003-04-21	1.80	1.85	1.80	1.82	1047509
2003-04-22	1.85	1.85	1.73	1.77	3442211
2003-04-23	1.84	1.84	1.78	1.82	1595650
2003-04-24	1.71	1.76	1.69	1.75	3102917
2003-04-25	1.63	1.68	1.61	1.66	3710554
2003-04-28	1.67	1.69	1.63	1.63	4389306
2003-04-29	1.84	1.86	1.75	1.75	7435347
2003-04-30	1.68	1.76	1.68	1.76	7313410
2003-05-01	1.71	1.73	1.67	1.68	2623027
2003-05-02	1.81	1.81	1.71	1.71	3741651
2003-05-05	1.79	1.83	1.77	1.81	2704618
2003-05-06	1.75	1.78	1.74	1.77	4070307
2003-05-07	1.72	1.75	1.70	1.75	2985890
2003-05-08	1.67	1.71	1.66	1.71	1670449
2003-05-09	1.79	1.79	1.72	1.72	2198540
2003-05-12	1.78	1.79	1.73	1.76	2162696
2003-05-13	1.79	1.81	1.74	1.78	3150055
2003-05-14	1.84	1.84	1.77	1.81	2951273
2003-05-15	1.87	1.90	1.84	1.84	4646928
2003-05-16	1.82	1.86	1.81	1.84	2286433
2003-05-19	1.70	1.77	1.69	1.75	3366594
2003-05-20	1.73	1.74	1.71	1.73	2345273
2003-05-21	1.68	1.70	1.61	1.70	1809407
2003-05-22	1.73	1.74	1.69	1.70	5846325
2003-05-23	1.73	1.75	1.72	1.74	1806707
2003-05-27	1.81	1.84	1.73	1.74	4159673
2003-05-28	1.85	1.87	1.81	1.81	4195272
2003-05-29	1.90	1.92	1.85	1.86	5984956
2003-05-30	2.04	2.04	1.94	1.94	5973417
2003-06-02	2.14	2.26	2.13	2.17	9962625
2003-06-03	2.03	2.08	1.99	2.05	8286775
2003-06-04	2.13	2.15	2.03	2.03	3803193
2003-06-05	2.12	2.14	2.07	2.08	4741367
2003-06-06	2.17	2.25	2.16	2.18	6768869
2003-06-09	2.09	2.16	2.06	2.16	2818207
2003-06-10	2.13	2.13	2.07	2.11	1377228
2003-06-11	2.05	2.07	2.00	2.03	2941208
2003-06-12	2.12	2.12	2.08	2.10	1864565
2003-06-13	2.09	2.12	2.07	2.11	3807284
2003-06-16	2.10	2.11	2.06	2.08	2926886
2003-06-17	2.22	2.22	2.13	2.14	3126649
2003-06-18	2.19	2.22	2.16	2.16	4214912
2003-06-19	2.24	2.28	2.22	2.23	3049150
2003-06-20	2.18	2.25	2.17	2.24	2367369
2003-06-23	2.03	2.18	2.00	2.18	5687890
2003-06-24	2.02	2.05	1.99	2.03	2240932
2003-06-25	2.08	2.11	2.03	2.05	4037163
2003-06-26	2.07	2.10	2.05	2.08	2519094
2003-06-27	2.01	2.08	2.01	2.08	2083478
2003-06-30	1.95	2.06	1.95	2.03	3584034
2003-07-01	2.05	2.05	1.97	1.99	2609687
2003-07-02	2.22	2.22	2.09	2.10	6384974
2003-07-03	2.17	2.23	2.16	2.21	2023656
2003-07-07	2.45	2.47	2.37	2.37	6547419
2003-07-08	2.39	2.45	2.39	2.43	6346265
2003-07-09	2.40	2.41	2.35	2.38	3477810
2003-07-10	2.25	2.34	2.24	2.26	2772870
2003-07-11	2.29	2.30	2.25	2.26	1653918
2003-07-14	2.40	2.43	2.38	2.38	2128325
2003-07-15	2.34	2.41	2.30	2.30	2108664
2003-07-16	2.39	2.42	2.33	2.38	2724504
2003-07-17	2.26	2.28	2.23	2.27	2977701
2003-07-18	2.26	2.28	2.22	2.28	1800940
2003-07-21	2.20	2.21	2.17	2.21	1903620
2003-07-22	2.28	2.28	2.22	2.27	1451437
2003-07-23	2.27	2.30	2.26	2.30	1334202
2003-07-24	2.30	2.37	2.30	2.35	2938438
2003-07-25	2.32	2.33	2.27	2.31	2136123
2003-07-28	2.32	2.35	2.29	2.34	1062672
2003-07-29	2.28	2.30	2.25	2.30	1911803
2003-07-30	2.22	2.27	2.21	2.24	2538501
2003-07-31	2.24	2.27	2.23	2.26	2117948
2003-08-01	2.24	2.26	2.20	2.26	792559
2003-08-04	2.22	2.23	2.19	2.23	674615
2003-08-05	2.16	2.19	2.14	2.18	1742716
2003-08-06	2.13	2.13	2.09	2.10	2360680
2003-08-07	2.06	2.08	2.00	2.08	5859960
2003-08-08	1.97	2.06	1.95	2.06	4392944
2003-08-11	2.00	2.00	1.95	1.97	3860900
2003-08-12	2.06	2.07	2.01	2.02	2571547
2003-08-13	2.21	2.23	2.12	2.14	5842336
2003-08-14	2.26	2.28	2.22	2.24	4571945
2003-08-15	2.19	2.27	2.19	2.26	1390695
2003-08-18	2.28	2.32	2.19	2.19	2563206
2003-08-19	2.32	2.33	2.27	2.28	2714196
2003-08-20	2.33	2.34	2.27	2.29	1418627
2003-08-21	2.49	2.50	2.38	2.38	7243338
2003-08-22	2.54	2.63	2.54	2.54	7036721
2003-08-25	2.57	2.58	2.48	2.49	2391051
2003-08-26	2.57	2.57	2.44	2.48	3612109
2003-08-27	2.61	2.62	2.55	2.57	2923174
2003-08-28	2.60	2.68	2.57	2.67	7995218
2003-08-29	2.69	2.70	2.62	2.64	3109335
2003-09-02	2.76	2.76	2.70	2.72	3438853
2003-09-03	2.71	2.76	2.70	2.72	4687921
2003-09-04	2.74	2.75	2.68	2.71	1697396
2003-09-05	2.81	2.83	2.72	2.74	4224566
2003-09-08	2.97	2.98	2.90	2.90	5731080
2003-09-09	2.89	2.94	2.88	2.92	4913108
2003-09-10	2.80	2.92	2.80	2.92	6014884
2003-09-11	2.88	2.91	2.79	2.79	3706212
2003-09-12	2.87	2.89	2.81	2.88	2412138
2003-09-15	2.65	2.75	2.62	2.75	10177843
2003-09-16	2.70	2.72	2.64	2.70	8593512
2003-09-17	2.73	2.76	2.70	2.72	3778127
2003-09-18	2.72	2.73	2.67	2.70	3134513
2003-09-19	2.67	2.68	2.63	2.66	1724147
2003-09-22	2.57	2.63	2.56	2.62	2827891
2003-09-23	2.60	2.62	2.57	2.60	3692128
2003-09-24	2.53	2.65	2.53	2.60	3543263
2003-09-25	2.50	2.57	2.50	2.53	1780404
2003-09-26	2.48	2.53	2.44	2.49	2419377
2003-09-29	2.54	2.56	2.49	2.54	2610494
2003-09-30	2.44	2.64	2.44	2.49	3067712
2003-10-01	2.53	2.54	2.47	2.49	2406473
2003-10-02	2.62	2.62	2.57	2.60	3192816
2003-10-03	2.72	2.76	2.68	2.68	2908461
2003-10-06	2.73	2.77	2.72	2.77	1062200
2003-10-07	2.75	2.76	2.66	2.68	3824077
2003-10-08	2.69	2.75	2.65	2.75	3100837
2003-10-09	2.74	2.77	2.71	2.74	2375158
2003-10-10	2.76	2.78	2.73	2.75	1350568
2003-10-13	2.80	2.82	2.76	2.76	1809359
2003-10-14	2.76	2.80	2.74	2.80	841577
2003-10-15	2.79	3.15	2.77	3.15	2372955
2003-10-16	2.81	2.89	2.81	2.81	1754204
2003-10-17	2.84	2.85	2.78	2.85	1729970
2003-10-20	2.88	2.88	2.83	2.84	1568673
2003-10-21	2.90	2.91	2.84	2.85	3211463
2003-10-22	2.81	2.86	2.79	2.86	3347740
2003-10-23	2.76	2.79	2.73	2.73	3471348
2003-10-24	2.76	2.78	2.74	2.76	2044538
2003-10-27	2.75	2.81	2.73	2.79	1787171
2003-10-28	2.91	2.91	2.84	2.85	5104618
2003-10-29	2.93	3.00	2.89	2.91	4769120
2003-10-30	2.93	2.97	2.90	2.95	4165161
2003-10-31	2.84	2.92	2.82	2.87	3324765
2003-11-03	2.92	2.94	2.87	2.87	2729303
2003-11-04	2.90	2.95	2.88	2.92	3063227
2003-11-05	3.06	3.07	2.92	2.94	8061783
2003-11-06	3.02	3.07	2.99	3.01	4366114
2003-11-07	3.04	3.15	3.02	3.15	2760933
2003-11-10	2.89	2.95	2.85	2.95	3786074
2003-11-11	2.89	2.92	2.80	2.81	6220479
2003-11-12	2.92	2.92	2.86	2.86	6078302
2003-11-13	2.89	2.95	2.87	2.92	3028135
2003-11-14	2.86	2.93	2.85	2.90	2581303
2003-11-17	2.77	2.79	2.73	2.79	3073849
2003-11-18	2.74	2.84	2.74	2.79	2209533
2003-11-19	2.73	2.75	2.68	2.75	3732177
2003-11-20	2.67	2.74	2.65	2.65	5895603
2003-11-21	2.71	2.72	2.68	2.69	1809753
2003-11-24	2.79	2.79	2.73	2.76	2513480
2003-11-25	2.84	2.86	2.79	2.80	4743156
2003-11-26	2.89	2.90	2.84	2.86	3633039
2003-11-28	2.83	2.85	2.78	2.79	1237974
2003-12-01	2.88	2.93	2.87	2.87	3034509
2003-12-02	2.92	2.95	2.89	2.91	2204026
2003-12-03	2.85	2.94	2.85	2.92	2085059
2003-12-04	2.86	2.88	2.80	2.85	3203202
2003-12-05	2.81	2.83	2.80	2.80	1488024
2003-12-08	2.74	2.82	2.72	2.77	3611716
2003-12-09	2.65	2.72	2.60	2.71	7313837
2003-12-10	2.61	2.66	2.59	2.66	1676781
2003-12-11	2.69	2.70	2.66	2.69	3271812
2003-12-12	2.63	2.68	2.60	2.68	1231208
2003-12-15	2.63	2.69	2.60	2.68	1999296
2003-12-16	2.59	2.62	2.55	2.61	1158899
2003-12-17	2.52	2.57	2.49	2.52	3757513
2003-12-18	2.58	2.60	2.53	2.53	6387284
2003-12-19	2.59	2.62	2.57	2.60	2505454
2003-12-22	2.65	2.66	2.61	2.63	2049889
2003-12-23	2.70	2.70	2.61	2.65	1625166
2003-12-24	2.65	2.70	2.63	2.70	298675
2003-12-26	2.62	2.65	2.60	2.63	306386
2003-12-29	2.68	2.69	2.64	2.65	4219845
2003-12-30	2.67	2.74	2.67	2.70	1727688
2003-12-31	2.68	2.70	2.65	2.68	1074160
2004-01-02	2.78	2.80	2.74	2.74	1771986
2004-01-05	2.86	2.86	2.81	2.84	1629965
2004-01-06	2.87	2.87	2.81	2.84	2221257
2004-01-07	2.88	2.90	2.87	2.87	4957248
2004-01-08	2.93	2.97	2.89	2.94	4255724
2004-01-09	2.88	2.99	2.88	2.96	3473315
2004-01-12	2.89	2.93	2.86	2.89	2955591
2004-01-13	2.76	2.87	2.74	2.86	3039938
2004-01-14	2.83	2.83	2.79	2.81	1880409
2004-01-15	2.80	2.85	2.79	2.81	1583701
2004-01-16	2.94	2.94	2.78	2.82	2962830
2004-01-20	3.00	3.03	2.95	2.97	3909604
2004-01-21	2.96	3.01	2.94	3.01	2188211
2004-01-22	2.84	2.97	2.83	2.97	3394555
2004-01-23	2.86	2.87	2.83	2.84	2445971
2004-01-26	2.92	2.95	2.86	2.86	1828558
2004-01-27	2.92	2.97	2.90	2.94	1596290
2004-01-28	2.93	3.02	2.93	2.96	2144464
2004-01-29	2.90	2.97	2.86	2.95	4082861
2004-01-30	2.93	2.95	2.88	2.90	2798543
2004-02-02	2.92	2.97	2.89	2.89	1817621
2004-02-03	2.86	2.89	2.85	2.87	1661281
2004-02-04	2.75	2.87	2.75	2.87	4607273
2004-02-05	2.82	2.83	2.79	2.79	1731071
2004-02-06	2.93	2.97	2.87	2.87	3038836
2004-02-09	2.96	3.02	2.94	2.95	2328657
2004-02-10	2.94	2.96	2.91	2.95	810655
2004-02-11	2.94	2.95	2.89	2.95	1345296
2004-02-12	2.87	2.95	2.86	2.94	1200050
2004-02-13	2.83	2.92	2.81	2.90	3083134
2004-02-17	2.94	2.95	2.84	2.87	1766006
2004-02-18	2.91	2.95	2.89	2.95	1343250
2004-02-19	2.89	2.96	2.87	2.96	1260163
2004-02-20	2.86	2.88	2.85	2.87	1488496
2004-02-23	2.84	2.87	2.77	2.87	2964246
2004-02-24	2.79	2.80	2.74	2.79	3336252
2004-02-25	2.81	2.82	2.77	2.79	3093677
2004-02-26	2.79	2.81	2.75	2.76	2305289
2004-02-27	2.82	2.83	2.79	2.81	2552034
2004-03-01	2.97	2.98	2.90	2.95	5213199
2004-03-02	3.08	3.22	3.07	3.11	6698076
2004-03-03	3.11	3.12	3.08	3.08	2528036
2004-03-04	3.20	3.22	3.12	3.12	2001027
2004-03-05	3.12	3.16	3.11	3.11	1348286
2004-03-08	3.03	3.14	3.02	3.13	2032579
2004-03-09	3.08	3.10	3.02	3.07	4492634
2004-03-10	2.98	3.06	2.97	3.06	4091358
2004-03-11	2.97	3.03	2.94	2.94	4447313
2004-03-12	2.99	3.03	2.95	2.99	1983245
2004-03-15	2.88	2.92	2.83	2.92	2728516
2004-03-16	2.88	2.90	2.86	2.89	847321
2004-03-17	2.92	2.94	2.87	2.90	1772536
2004-03-18	2.98	3.00	2.92	2.94	2945992
2004-03-19	2.92	2.95	2.91	2.94	1567414
2004-03-22	2.65	2.75	2.64	2.68	6196560
2004-03-23	2.73	2.78	2.70	2.76	8288307
2004-03-24	2.80	2.81	2.74	2.74	3285502
2004-03-25	2.77	2.79	2.73	2.77	4571709
2004-03-26	2.68	2.75	2.67	2.75	3266619
2004-03-29	2.83	2.88	2.82	2.83	4232434
2004-03-30	2.82	2.83	2.77	2.83	1807628
2004-03-31	2.81	2.84	2.79	2.84	1162361
2004-04-01	2.80	2.84	2.79	2.80	1297458
2004-04-02	2.89	2.89	2.85	2.87	2824350
2004-04-05	3.07	3.08	2.92	3.07	2866524
2004-04-06	3.05	3.07	3.01	3.02	2186086
2004-04-07	3.07	3.11	3.03	3.11	1395023
2004-04-08	3.08	3.11	3.06	3.11	2122118
2004-04-12	3.09	3.11	3.05	3.05	1258432
2004-04-13	3.06	3.12	3.02	3.08	1452539
2004-04-14	3.19	3.21	3.07	3.07	5112014
2004-04-15	3.00	3.11	2.95	3.03	2850945
2004-04-16	2.99	3.05	2.95	3.03	1478976
2004-04-19	3.03	3.03	2.92	2.92	1094617
2004-04-20	3.03	3.10	3.03	3.10	1741536
2004-04-21	3.09	3.10	3.06	3.08	1707781
2004-04-22	3.18	3.18	3.08	3.14	3213430
2004-04-23	3.31	3.32	3.19	3.19	2849371
2004-04-26	3.22	3.45	3.21	3.32	2241399
2004-04-27	3.11	3.22	3.11	3.21	1338529
2004-04-28	2.98	3.12	2.96	3.06	4880376
2004-04-29	2.87	2.95	2.82	2.90	3646493
2004-04-30	2.81	2.85	2.81	2.84	1002402
2004-05-03	2.79	2.84	2.77	2.80	1845002
2004-05-04	2.91	2.92	2.82	2.82	2636852
2004-05-05	2.79	2.81	2.77	2.80	5076293
2004-05-06	2.69	2.75	2.65	2.75	3756962
2004-05-07	2.65	2.74	2.63	2.67	4655268
2004-05-10	2.54	2.58	2.50	2.54	5946431
2004-05-11	2.61	2.61	2.55	2.55	3809128
2004-05-12	2.54	2.61	2.46	2.61	3689296
2004-05-13	2.56	2.57	2.50	2.53	2079237
2004-05-14	2.50	2.53	2.47	2.53	1497072
2004-05-17	2.37	2.42	2.21	2.21	4276968
2004-05-18	2.46	2.46	2.42	2.43	1137419
2004-05-19	2.52	2.59	2.51	2.52	2491528
2004-05-20	2.46	2.50	2.46	2.49	1237030
2004-05-21	2.54	2.54	2.48	2.54	1424922
2004-05-24	2.56	2.57	2.52	2.57	819310
2004-05-25	2.60	2.60	2.47	2.57	1088007
2004-05-26	2.66	2.68	2.60	2.60	3587561
2004-05-27	2.68	2.73	2.66	2.66	2441486
2004-05-28	2.70	2.71	2.67	2.69	1325468
2004-06-01	2.60	2.66	2.59	2.65	1542236
2004-06-02	2.56	2.63	2.53	2.63	912312
2004-06-03	2.42	2.47	2.41	2.44	1899371
2004-06-04	2.46	2.49	2.43	2.48	1312643
2004-06-07	2.57	2.59	2.50	2.54	2129986
2004-06-08	2.54	2.60	2.50	2.57	1375903
2004-06-09	2.42	2.49	2.42	2.49	2853777
2004-06-10	2.33	2.41	2.30	2.40	3025224
2004-06-14	2.16	2.22	2.14	2.22	3230819
2004-06-15	2.22	2.24	2.19	2.20	2253359
2004-06-16	2.19	2.19	2.15	2.19	2829543
2004-06-17	2.16	2.19	2.15	2.19	3254109
2004-06-18	2.16	2.19	2.11	2.14	3441528
2004-06-21	2.11	2.17	2.11	2.17	2352812
2004-06-22	2.19	2.20	2.11	2.11	2249503
2004-06-23	2.22	2.25	2.17	2.20	3571903
2004-06-24	2.22	2.26	2.19	2.26	2763057
2004-06-25	2.27	2.27	2.22	2.24	1517530
2004-06-28	2.19	2.26	2.18	2.26	1331527
2004-06-29	2.29	2.32	2.19	2.19	6237317
2004-06-30	2.33	2.35	2.30	2.33	1913297
2004-07-01	2.28	2.36	2.25	2.36	2046663
2004-07-02	2.23	2.28	2.22	2.28	976831
2004-07-06	2.16	2.21	2.13	2.21	3293685
2004-07-07	2.28	2.28	2.19	2.19	4457620
2004-07-08	2.27	2.29	2.25	2.28	2602469
2004-07-09	2.27	2.33	2.27	2.28	876748
2004-07-12	2.17	2.20	2.16	2.19	3097690
2004-07-13	2.21	2.25	2.11	2.18	1989549
2004-07-14	2.16	2.18	2.13	2.16	4336879
2004-07-15	2.11	2.16	2.10	2.16	2104074
2004-07-16	2.11	2.17	2.10	2.13	1775652
2004-07-19	2.13	2.16	2.11	2.14	2013882
2004-07-20	2.17	2.17	2.10	2.12	1428724
2004-07-21	2.13	2.21	2.13	2.19	2154415
2004-07-22	2.16	2.16	2.11	2.13	1502161
2004-07-23	2.07	2.13	2.02	2.13	3528791
2004-07-26	2.02	2.07	1.99	2.07	2039672
2004-07-27	2.10	2.10	2.03	2.06	2013372
2004-07-28	2.08	2.14	2.05	2.13	4008166
2004-07-29	2.15	2.16	2.10	2.11	3027197
2004-07-30	2.16	2.19	2.14	2.16	2413190
2004-08-02	2.12	2.14	2.10	2.13	1850982
2004-08-03	2.10	2.16	2.08	2.11	3180334
2004-08-04	2.11	2.14	2.06	2.07	1867884
2004-08-05	2.13	2.19	2.11	2.16	2070197
2004-08-06	2.09	2.10	2.07	2.10	878318
2004-08-09	2.15	2.15	2.12	2.13	996705
2004-08-10	2.18	2.18	2.13	2.16	3309722
2004-08-11	2.09	2.16	2.05	2.12	1806177
2004-08-12	2.05	2.11	2.02	2.10	2790278
2004-08-13	2.06	2.10	2.05	2.07	1971700
2004-08-16	2.08	2.09	2.06	2.08	1244114
2004-08-17	2.11	2.13	2.08	2.08	445352
2004-08-18	2.28	2.28	2.14	2.14	4506045
2004-08-19	2.24	2.38	2.24	2.38	1581935
2004-08-20	2.22	2.24	2.20	2.23	1534362
2004-08-23	2.25	2.26	2.24	2.24	1041000
2004-08-24	2.25	2.27	2.23	2.25	870450
2004-08-25	2.34	2.35	2.25	2.27	2199074
2004-08-26	2.38	2.38	2.34	2.35	1985032
2004-08-27	2.33	2.37	2.32	2.37	679283
2004-08-30	2.24	2.30	2.24	2.28	1231001
2004-08-31	2.22	2.23	2.17	2.22	1229180
2004-09-01	2.24	2.26	2.21	2.25	1939936
2004-09-02	2.18	2.27	2.15	2.22	2193902
2004-09-03	2.05	2.10	2.03	2.10	2136639
2004-09-07	2.07	2.11	2.06	2.10	3616725
2004-09-08	2.05	2.09	2.04	2.07	1864824
2004-09-09	2.11	2.15	2.06	2.06	2571864
2004-09-10	2.15	2.19	2.13	2.14	1344870
2004-09-13	2.20	2.23	2.18	2.18	2550300
2004-09-14	2.14	2.16	2.13	2.16	1161280
2004-09-15	2.07	2.14	2.06	2.11	1612970
2004-09-16	2.11	2.14	2.10	2.10	896896
2004-09-17	2.09	2.09	2.06	2.07	1640655
2004-09-20	2.07	2.10	2.07	2.07	2353742
2004-09-21	2.13	2.14	2.10	2.10	3608056
2004-09-22	2.06	2.10	2.06	2.10	993354
2004-09-23	2.09	2.09	2.06	2.07	1685386
2004-09-24	2.00	2.16	2.00	2.16	3709686
2004-09-27	1.97	1.99	1.96	1.99	1516950
2004-09-28	1.95	1.98	1.95	1.98	1526202
2004-09-29	1.96	1.99	1.93	1.96	3571119
2004-09-30	1.97	1.98	1.95	1.96	1555708
2004-10-01	2.07	2.11	2.00	2.04	3953380
2004-10-04	2.11	2.13	2.09	2.13	1822423
2004-10-05	2.08	2.10	2.07	2.09	1371462
2004-10-06	2.06	2.09	2.03	2.09	2452021
2004-10-07	2.04	2.07	2.03	2.07	1308080
2004-10-08	1.98	2.04	1.97	2.04	1566708
2004-10-11	1.97	1.99	1.96	1.97	724744
2004-10-12	1.90	1.93	1.84	1.93	3368806
2004-10-13	1.92	1.96	1.90	1.93	3637488
2004-10-14	1.91	1.94	1.90	1.93	1505949
2004-10-15	1.94	1.95	1.90	1.90	659103
2004-10-18	1.95	1.95	1.91	1.91	769257
2004-10-19	1.96	1.99	1.95	1.95	905056
2004-10-20	1.95	1.97	1.94	1.96	1435864
2004-10-21	2.00	2.01	1.96	1.96	1913198
2004-10-22	1.98	2.01	1.97	2.00	2776873
2004-10-25	1.97	1.99	1.95	1.95	2114492
2004-10-26	1.96	1.97	1.92	1.93	2242495
2004-10-27	2.00	2.01	1.89	1.90	8386134
2004-10-28	1.99	2.01	1.98	2.00	2169132
2004-10-29	2.04	2.06	2.00	2.02	3321524
2004-11-01	1.98	2.00	1.97	2.00	1911304
2004-11-02	2.04	2.07	2.00	2.00	2278484
2004-11-03	2.06	2.14	2.05	2.11	3581610
2004-11-04	2.10	2.10	2.04	2.04	4174635
2004-11-05	2.10	2.18	2.09	2.18	3251803
2004-11-08	2.13	2.13	2.07	2.10	2654917
2004-11-09	2.11	2.12	2.09	2.10	656845
2004-11-10	2.00	2.07	1.99	2.06	5618003
2004-11-11	2.03	2.03	1.99	2.00	3943618
2004-11-12	2.07	2.09	2.03	2.05	2323289
2004-11-15	2.07	2.09	2.04	2.04	1522924
2004-11-16	2.03	2.06	2.02	2.06	1901760
2004-11-17	2.20	2.20	2.08	2.08	8738088
2004-11-18	2.25	2.25	2.16	2.20	2811333
2004-11-19	2.16	2.23	2.16	2.23	1584776
2004-11-22	2.13	2.14	2.08	2.10	1261381
2004-11-23	2.13	2.15	2.11	2.13	2186617
2004-11-24	2.15	2.16	2.13	2.13	1236173
2004-11-26	2.10	2.11	2.07	2.11	1377800
2004-11-29	2.07	2.10	2.05	2.10	1613480
2004-11-30	2.04	2.07	2.03	2.07	854204
2004-12-01	2.10	2.10	2.04	2.06	2567785
2004-12-02	2.10	2.13	2.09	2.10	2369478
2004-12-03	2.13	2.16	2.12	2.13	1557966
2004-12-06	2.11	2.17	2.09	2.09	869285
2004-12-07	2.06	2.13	2.06	2.08	1648814
2004-12-08	2.05	2.09	2.03	2.09	1376270
2004-12-09	2.01	2.02	1.98	2.02	2821460
2004-12-10	1.97	1.99	1.96	1.97	1143286
2004-12-13	1.98	2.00	1.96	1.97	3383376
2004-12-14	2.00	2.01	1.97	1.97	3164380
2004-12-15	2.04	2.05	2.02	2.03	1933379
2004-12-16	2.01	2.04	2.01	2.03	2049652
2004-12-17	1.97	2.00	1.96	2.00	3663424
2004-12-20	1.95	1.99	1.93	1.99	1342685
2004-12-21	1.98	1.99	1.96	1.97	1342758
2004-12-22	1.99	2.00	1.97	1.98	1514327
2004-12-23	1.97	2.00	1.97	1.97	1962593
2004-12-27	1.98	1.99	1.97	1.99	753885
2004-12-28	1.99	2.02	1.97	1.97	1140663
2004-12-29	2.04	2.05	1.98	2.00	2842951
2004-12-30	2.04	2.06	2.04	2.04	1048285
2004-12-31	2.06	2.07	2.05	2.07	1185759
2005-01-03	2.03	2.07	2.03	2.07	1582445
2005-01-04	1.97	2.03	1.96	2.02	5030369
2005-01-05	1.93	1.97	1.90	1.96	10040121
2005-01-06	1.95	1.97	1.93	1.94	7922642
2005-01-07	1.96	1.96	1.93	1.95	3404795
2005-01-10	1.95	1.98	1.94	1.96	5337883
2005-01-11	1.92	1.93	1.91	1.92	1052510
2005-01-12	1.90	1.92	1.85	1.92	7310821
2005-01-13	1.85	1.88	1.84	1.88	4275318
2005-01-14	1.90	1.90	1.86	1.87	8499421
2005-01-18	1.96	1.97	1.90	1.90	2084112
2005-01-19	1.90	1.93	1.89	1.93	1230345
2005-01-20	1.94	1.95	1.88	1.88	9265618
2005-01-21	1.92	1.94	1.91	1.93	1551701
2005-01-24	1.89	1.92	1.88	1.92	908043
2005-01-25	1.91	1.91	1.89	1.91	1016230
2005-01-26	1.94	1.95	1.91	1.91	1723707
2005-01-27	1.96	1.96	1.94	1.96	2459233
2005-01-28	1.92	1.98	1.92	1.97	1157273
2005-01-31	2.06	2.07	1.94	2.03	5556661
2005-02-01	2.10	2.13	2.06	2.07	5949995
2005-02-02	2.06	2.09	2.01	2.06	5051424
2005-02-03	2.05	2.05	2.01	2.04	2888047
2005-02-04	2.10	2.11	2.04	2.05	2842077
2005-02-07	2.10	2.11	2.08	2.10	1424426
2005-02-08	2.11	2.11	2.08	2.10	928951
2005-02-09	2.06	2.11	2.06	2.11	818652
2005-02-10	2.08	2.10	2.06	2.08	871106
2005-02-11	2.14	2.17	2.09	2.09	5266924
2005-02-14	2.18	2.19	2.16	2.16	2965782
2005-02-15	2.17	2.20	2.15	2.17	2073257
2005-02-16	2.12	2.14	2.10	2.11	1762902
2005-02-17	2.06	2.10	2.03	2.07	6958065
2005-02-18	2.12	2.12	2.07	2.11	1942121
2005-02-22	2.05	2.09	2.05	2.08	3024501
2005-02-23	2.11	2.11	1.91	2.09	2679979
2005-02-24	2.13	2.13	2.09	2.11	1740318
2005-02-25	2.21	2.21	2.15	2.15	2579514
2005-02-28	2.16	2.21	2.16	2.20	1354341
2005-03-01	2.18	2.20	2.14	2.17	3092546
2005-03-02	2.13	2.17	2.13	2.16	2566838
2005-03-03	2.13	2.16	2.13	2.13	3373833
2005-03-04	2.12	2.15	2.10	2.13	2758004
2005-03-07	2.16	2.18	2.13	2.13	3411352
2005-03-08	2.11	2.18	2.10	2.13	3942671
2005-03-09	2.10	2.15	2.09	2.11	1568093
2005-03-10	2.10	2.11	2.08	2.11	4222645
2005-03-11	2.09	2.17	2.08	2.10	4208731
2005-03-14	2.09	2.10	2.08	2.09	1756200
2005-03-15	2.04	2.07	2.04	2.07	2460253
2005-03-16	2.02	2.07	2.02	2.04	1894839
2005-03-17	2.00	2.03	1.99	2.02	2256264
2005-03-18	1.96	1.99	1.95	1.99	2513582
2005-03-21	1.95	1.97	1.93	1.95	2167675
2005-03-22	1.90	1.94	1.90	1.91	3426068
2005-03-23	1.92	1.93	1.90	1.91	1598837
2005-03-24	1.94	1.95	1.93	1.93	1374157
2005-03-28	1.93	1.95	1.92	1.93	829142
2005-03-29	1.86	1.90	1.85	1.89	1730628
2005-03-30	1.90	1.92	1.86	1.86	1758240
2005-03-31	1.97	2.00	1.95	1.99	2311123
2005-04-01	1.95	2.02	1.95	2.00	1522924
2005-04-04	1.92	1.95	1.92	1.95	959331
2005-04-05	1.92	1.95	1.92	1.93	507058
2005-04-06	1.93	1.96	1.93	1.93	1535964
2005-04-07	1.95	1.96	1.92	1.92	1596870
2005-04-08	1.96	1.99	1.95	1.95	2883093
2005-04-11	1.94	1.96	1.92	1.96	1007779
2005-04-12	1.94	1.95	1.90	1.93	814062
2005-04-13	1.92	1.95	1.89	1.93	714982
2005-04-14	1.89	1.93	1.89	1.93	1379913
2005-04-15	1.85	1.88	1.83	1.86	1918808
2005-04-18	1.81	1.83	1.76	1.83	1480742
2005-04-19	1.86	1.86	1.82	1.84	1480377
2005-04-20	1.81	1.86	1.81	1.84	2479122
2005-04-21	1.88	1.89	1.85	1.85	2351556
2005-04-22	1.88	1.90	1.86	1.87	2110922
2005-04-25	1.89	1.90	1.87	1.87	1077135
2005-04-26	1.93	1.95	1.90	1.90	2049725
2005-04-27	1.91	1.93	1.88	1.93	2059196
2005-04-28	1.89	1.92	1.89	1.92	743904
2005-04-29	1.90	1.90	1.86	1.89	1041801
2005-05-02	1.93	1.93	1.91	1.92	1127185
2005-05-03	1.92	1.93	1.91	1.92	433258
2005-05-04	1.97	1.97	1.90	1.90	1630164
2005-05-05	2.02	2.02	2.00	2.01	2847395
2005-05-06	2.06	2.07	2.03	2.04	2566109
2005-05-09	2.03	2.04	2.03	2.04	1618070
2005-05-10	1.98	2.01	1.97	2.01	2308573
2005-05-11	1.97	1.99	1.95	1.95	1498299
2005-05-12	1.97	1.99	1.97	1.99	1377436
2005-05-13	2.03	2.04	1.99	1.99	4074389
2005-05-16	2.07	2.07	2.04	2.05	3515022
2005-05-17	2.08	2.09	2.06	2.08	2420767
2005-05-18	2.11	2.12	2.07	2.07	2462075
2005-05-19	2.15	2.16	2.14	2.15	2379750
2005-05-20	2.14	2.15	2.13	2.14	862436
2005-05-23	2.10	2.11	2.10	2.11	1365706
2005-05-24	2.17	2.18	2.13	2.13	2333853
2005-05-25	2.14	2.18	2.14	2.17	1264076
2005-05-26	2.20	2.20	2.15	2.15	1303563
2005-05-27	2.20	2.21	2.19	2.20	1175268
2005-05-31	2.18	2.20	2.16	2.19	2217652
2005-06-01	2.21	2.22	2.17	2.18	3085042
2005-06-02	2.25	2.26	2.20	2.20	3280362
2005-06-03	2.29	2.30	2.27	2.29	3696427
2005-06-06	2.31	2.32	2.29	2.30	4034393
2005-06-07	2.34	2.35	2.31	2.31	5923404
2005-06-08	2.40	2.42	2.37	2.37	3424830
2005-06-09	2.42	2.42	2.39	2.40	4689780
2005-06-10	2.41	2.44	2.40	2.42	1804939
2005-06-13	2.38	2.41	2.38	2.39	1215993
2005-06-14	2.33	2.37	2.33	2.35	4627637
2005-06-15	2.33	2.34	2.30	2.33	7643177
2005-06-16	2.42	2.44	2.37	2.38	2605377
2005-06-17	2.49	2.51	2.45	2.45	4053553
2005-06-20	2.51	2.54	2.50	2.54	2049215
2005-06-21	2.49	2.50	2.46	2.49	1714236
2005-06-22	2.50	2.54	2.50	2.52	1889011
2005-06-23	2.47	2.54	2.47	2.50	1618653
2005-06-24	2.42	2.48	2.41	2.47	1414737
2005-06-27	2.37	2.41	2.35	2.36	2251456
2005-06-28	2.41	2.42	2.37	2.37	1858631
2005-06-29	2.40	2.40	2.37	2.37	2037777
2005-06-30	2.40	2.42	2.40	2.40	3251731
2005-07-01	2.43	2.45	2.41	2.45	925964
2005-07-05	2.41	2.41	2.38	2.39	2321541
2005-07-06	2.44	2.45	2.41	2.41	3271838
2005-07-07	2.41	2.42	2.37	2.40	1527513
2005-07-08	2.45	2.45	2.40	2.42	1618361
2005-07-11	2.49	2.51	2.47	2.47	1213953
2005-07-12	2.57	2.57	2.51	2.52	3532580
2005-07-13	2.55	2.56	2.54	2.54	1299993
2005-07-14	2.59	2.60	2.57	2.57	1668339
2005-07-15	2.54	2.56	2.54	2.54	1757802
2005-07-18	2.53	2.53	2.49	2.52	1143941
2005-07-19	2.57	2.57	2.52	2.53	1026720
2005-07-20	2.52	2.54	2.49	2.54	4035413
2005-07-21	2.51	2.54	2.49	2.51	1981170
2005-07-22	2.47	2.49	2.44	2.48	1484166
2005-07-25	2.42	2.44	2.41	2.42	1820748
2005-07-26	2.33	2.40	2.30	2.39	6118141
2005-07-27	2.25	2.30	2.25	2.29	4432754
2005-07-28	2.28	2.32	2.27	2.28	1831676
2005-07-29	2.25	2.28	2.24	2.26	3662768
2005-08-01	2.33	2.34	2.28	2.28	3312854
2005-08-02	2.22	2.25	2.20	2.23	3261202
2005-08-03	2.25	2.27	2.24	2.26	2444881
2005-08-04	2.19	2.25	2.18	2.25	3782175
2005-08-05	2.14	2.18	2.12	2.18	4875702
2005-08-08	2.14	2.16	2.13	2.14	5877142
2005-08-09	2.16	2.17	2.13	2.14	3342069
2005-08-10	2.25	2.26	2.22	2.23	1537931
2005-08-11	2.26	2.27	2.25	2.27	1866645
2005-08-12	2.22	2.26	2.21	2.26	739897
2005-08-15	2.19	2.21	2.18	2.20	934853
2005-08-16	2.16	2.19	2.16	2.18	2106697
2005-08-17	2.17	2.18	2.15	2.16	1136000
2005-08-18	2.10	2.13	2.10	2.13	809764
2005-08-19	2.08	2.12	2.06	2.09	1791388
2005-08-22	2.09	2.12	2.08	2.09	3273295
2005-08-23	2.10	2.11	2.08	2.10	2125056
2005-08-24	2.05	2.09	2.05	2.06	1207761
2005-08-25	2.05	2.06	2.04	2.05	1714528
2005-08-26	2.06	2.07	2.05	2.05	2159224
2005-08-29	1.99	2.01	1.98	1.98	1442712
2005-08-30	1.99	1.99	1.97	1.97	1019144
2005-08-31	2.00	2.01	1.97	1.99	1207834
2005-09-01	2.02	2.05	1.99	2.00	2967166
2005-09-02	2.02	2.04	2.01	2.03	753084
2005-09-06	2.05	2.06	2.01	2.01	2069177
2005-09-07	2.11	2.11	2.06	2.07	3468469
2005-09-08	2.10	2.12	2.09	2.12	2277027
2005-09-09	2.09	2.10	2.09	2.09	2440947
2005-09-12	2.11	2.13	2.02	2.04	1854770
2005-09-13	2.05	2.11	2.04	2.09	2605595
2005-09-14	2.02	2.05	2.01	2.05	4260821
2005-09-15	2.03	2.05	2.01	2.04	1930028
2005-09-16	2.06	2.06	2.01	2.02	1327750
2005-09-19	2.01	2.07	2.01	2.07	1856154
2005-09-20	2.04	2.05	2.01	2.04	1211403
2005-09-21	1.97	2.05	1.96	2.05	1085659
2005-09-22	1.98	2.01	1.89	1.91	2554452
2005-09-23	1.94	1.98	1.92	1.97	2390970
2005-09-26	1.95	1.96	1.94	1.94	1923471
2005-09-27	1.91	1.95	1.91	1.95	2267629
2005-09-28	1.88	1.89	1.85	1.88	6798662
2005-09-29	2.01	2.02	1.92	1.92	5232318
2005-09-30	2.11	2.12	2.05	2.06	5616182
2005-10-03	2.12	2.13	2.10	2.11	3720687
2005-10-04	2.13	2.15	2.11	2.12	2949900
2005-10-05	2.07	2.11	2.06	2.09	3327207
2005-10-06	2.02	2.07	2.02	2.06	3045265
2005-10-07	2.00	2.03	1.99	2.02	2688575
2005-10-10	1.98	2.01	1.97	2.01	1830874
2005-10-11	1.92	1.97	1.89	1.96	4526589
2005-10-12	1.88	1.89	1.85	1.87	2842150
2005-10-13	1.89	1.92	1.86	1.91	3305569
2005-10-14	1.91	1.91	1.86	1.91	4210843
2005-10-17	1.89	1.91	1.88	1.89	668938
2005-10-18	1.88	1.91	1.88	1.89	1079029
2005-10-19	1.86	1.87	1.81	1.84	5945114
2005-10-20	1.82	1.85	1.82	1.85	2007543
2005-10-21	1.83	1.84	1.81	1.82	1324617
2005-10-24	1.82	1.84	1.81	1.81	2942542
2005-10-25	1.78	1.81	1.77	1.80	1876918
2005-10-26	1.72	1.75	1.71	1.75	2981299
2005-10-27	1.64	1.65	1.57	1.62	8417534
2005-10-28	1.67	1.71	1.62	1.63	3977349
2005-10-31	1.71	1.73	1.70	1.71	2840693
2005-11-01	1.67	1.68	1.64	1.67	2171390
2005-11-02	1.75	1.76	1.68	1.68	3654682
2005-11-03	1.72	1.75	1.70	1.71	5189335
2005-11-04	1.71	1.75	1.68	1.74	2044334
2005-11-07	1.71	1.71	1.65	1.68	3847743
2005-11-08	1.70	1.71	1.68	1.68	4395672
2005-11-09	1.80	1.80	1.74	1.75	5499617
2005-11-10	1.84	1.84	1.79	1.82	4110816
2005-11-11	1.87	1.92	1.86	1.86	2403646
2005-11-14	1.85	1.88	1.82	1.86	1584849
2005-11-15	1.78	1.81	1.76	1.81	4626471
2005-11-16	1.78	1.78	1.75	1.77	1917205
2005-11-17	1.79	1.81	1.75	1.75	2477447
2005-11-18	1.79	1.81	1.78	1.80	3604049
2005-11-21	1.78	1.79	1.77	1.78	2438106
2005-11-22	1.75	1.76	1.71	1.75	10891994
2005-11-23	1.87	1.89	1.78	1.79	16727391
2005-11-25	1.89	1.90	1.87	1.89	5374236
2005-11-28	1.83	1.88	1.82	1.85	2804120
2005-11-29	1.79	1.83	1.78	1.79	2367293
2005-11-30	1.81	1.82	1.79	1.81	4812902
2005-12-01	1.87	1.88	1.83	1.84	7172909
2005-12-02	1.89	1.90	1.85	1.89	2972994
2005-12-05	1.94	1.95	1.91	1.92	5908469
2005-12-06	1.95	1.98	1.89	1.93	7702188
2005-12-07	1.94	1.95	1.92	1.95	5505518
2005-12-08	1.91	1.92	1.89	1.92	4397857
2005-12-09	1.88	1.90	1.87	1.89	2338516
2005-12-12	1.87	1.88	1.85	1.85	1395795
2005-12-13	1.85	1.88	1.83	1.85	4602284
2005-12-14	1.81	1.82	1.79	1.80	3893567
2005-12-15	1.83	1.84	1.81	1.81	3526533
2005-12-16	1.85	1.87	1.83	1.84	4625888
2005-12-19	1.82	1.88	1.82	1.87	3058961
2005-12-20	1.82	1.85	1.82	1.84	5929961
2005-12-21	1.84	1.86	1.82	1.82	10180946
2005-12-22	1.84	1.85	1.82	1.85	1994065
2005-12-23	1.94	1.94	1.88	1.89	4731088
2005-12-27	1.91	1.95	1.90	1.95	2529464
2005-12-28	1.89	1.91	1.85	1.88	3575636
2005-12-29	1.87	1.90	1.86	1.89	2779496
2005-12-30	1.83	1.85	1.82	1.85	2834646
2006-01-03	1.87	1.87	1.84	1.85	5292859
2006-01-04	1.84	1.87	1.82	1.87	3114111
2006-01-05	1.83	1.85	1.82	1.83	8668513
2006-01-06	1.91	1.92	1.83	1.84	13312032
2006-01-09	1.98	2.01	1.91	1.94	8833744
2006-01-10	1.90	1.94	1.89	1.89	5642992
2006-01-11	1.91	1.93	1.85	1.91	8315102
2006-01-12	1.87	1.91	1.85	1.89	4488560
2006-01-13	1.87	1.88	1.84	1.86	3309503
2006-01-17	1.83	1.87	1.82	1.87	5845232
2006-01-18	1.82	1.84	1.77	1.79	6723405
2006-01-19	1.84	1.87	1.83	1.84	7862028
2006-01-20	1.81	1.88	1.81	1.87	6605019
2006-01-23	1.82	1.84	1.81	1.82	4470201
2006-01-24	1.85	1.86	1.83	1.83	2274550
2006-01-25	1.81	1.85	1.81	1.85	2698483
2006-01-26	1.92	1.92	1.84	1.85	3852551
2006-01-27	1.97	1.99	1.91	1.94	7927669
2006-01-30	2.00	2.01	1.95	1.99	4136606
2006-01-31	1.92	2.00	1.91	2.00	6839169
2006-02-01	1.92	1.95	1.91	1.92	1999821
2006-02-02	1.88	1.92	1.86	1.91	2538643
2006-02-03	1.81	1.85	1.80	1.85	5581868
2006-02-06	1.82	1.85	1.82	1.83	2014537
2006-02-07	1.82	1.86	1.81	1.86	4273351
2006-02-08	1.82	1.84	1.80	1.80	5378462
2006-02-09	1.87	1.91	1.81	1.82	9834820
2006-02-10	1.88	1.88	1.84	1.87	5368627
2006-02-13	1.78	1.87	1.77	1.85	3603466
2006-02-14	1.77	1.78	1.75	1.76	8882847
2006-02-15	1.82	1.82	1.78	1.80	7554806
2006-02-16	1.90	1.91	1.87	1.88	9180161
2006-02-17	1.84	1.90	1.84	1.90	9717527
2006-02-21	1.83	1.87	1.82	1.85	7080459
2006-02-22	1.85	1.86	1.82	1.83	3743198
2006-02-23	1.86	1.89	1.84	1.85	6231500
2006-02-24	1.88	1.89	1.86	1.87	4805398
2006-02-27	1.87	1.89	1.87	1.88	5095646
2006-02-28	1.85	1.88	1.84	1.88	4763945
2006-03-01	1.95	1.96	1.86	1.87	6020954
2006-03-02	1.92	1.94	1.90	1.91	3706480
2006-03-03	1.89	1.92	1.89	1.91	2246939
2006-03-06	1.89	1.93	1.89	1.93	4731889
2006-03-07	1.84	1.88	1.82	1.85	5304880
2006-03-08	1.84	1.87	1.81	1.82	4246906
2006-03-09	1.82	1.87	1.82	1.84	1793501
2006-03-10	1.86	1.89	1.85	1.85	1792116
2006-03-13	1.88	1.89	1.86	1.86	1922669
2006-03-14	1.89	1.90	1.84	1.85	2455736
2006-03-15	1.91	1.92	1.87	1.89	4673388
2006-03-16	1.86	1.91	1.85	1.91	2938972
2006-03-17	1.86	1.88	1.85	1.85	2074568
2006-03-20	1.89	1.89	1.86	1.86	2235282
2006-03-21	1.87	1.91	1.87	1.87	2616232
2006-03-22	1.87	1.88	1.86	1.87	1550244
2006-03-23	1.85	1.88	1.84	1.88	3362249
2006-03-24	1.86	1.87	1.82	1.83	3476920
2006-03-27	1.88	1.89	1.87	1.87	2602827
2006-03-28	1.89	1.90	1.88	1.88	1769969
2006-03-29	1.95	1.95	1.89	1.89	3753544
2006-03-30	1.99	2.01	1.94	1.98	4505243
2006-03-31	2.00	2.05	2.00	2.02	2527205
2006-04-03	2.08	2.11	2.05	2.05	5851643
2006-04-04	2.08	2.08	2.03	2.06	3638800
2006-04-05	2.12	2.13	2.08	2.08	4024193
2006-04-06	2.15	2.15	2.12	2.13	5045887
2006-04-07	2.16	2.19	2.14	2.15	7564277
2006-04-10	2.13	2.18	2.12	2.17	3830477
2006-04-11	2.05	2.10	2.04	2.08	3459071
2006-04-12	2.02	2.05	2.00	2.01	4816618
2006-04-13	2.02	2.04	2.01	2.04	2594157
2006-04-17	2.06	2.08	2.04	2.05	1279157
2006-04-18	2.15	2.15	2.06	2.06	3061365
2006-04-19	2.15	2.16	2.12	2.15	2841786
2006-04-20	2.13	2.16	2.13	2.14	1995523
2006-04-21	2.17	2.19	2.16	2.17	3622772
2006-04-24	2.21	2.23	2.18	2.23	5324040
2006-04-25	2.16	2.18	2.12	2.14	5927265
2006-04-26	2.19	2.23	2.16	2.19	5745278
2006-04-27	2.20	2.22	2.15	2.16	3230239
2006-04-28	2.21	2.25	2.20	2.20	2760700
2006-05-01	2.21	2.24	2.21	2.23	895366
2006-05-02	2.21	2.22	2.18	2.20	2878212
2006-05-03	2.22	2.23	2.19	2.22	1905549
2006-05-04	2.26	2.26	2.22	2.22	2021531
2006-05-05	2.29	2.31	2.25	2.26	1982482
2006-05-08	2.29	2.31	2.26	2.30	4743983
2006-05-09	2.19	2.29	2.19	2.26	6705483
2006-05-10	2.16	2.18	2.14	2.16	4113584
2006-05-11	2.06	2.15	2.06	2.14	4669673
2006-05-12	2.01	2.10	2.01	2.10	7047019
2006-05-15	2.04	2.29	1.99	2.29	6449331
2006-05-16	2.06	2.07	2.01	2.02	2991499
2006-05-17	2.05	2.10	2.01	2.08	4966477
2006-05-18	2.01	2.06	1.98	2.03	3668597
2006-05-19	2.05	2.05	1.99	2.02	4972669
2006-05-22	1.91	1.98	1.88	1.96	7153676
2006-05-23	1.98	2.05	1.96	1.97	4457379
2006-05-24	1.94	1.99	1.92	1.99	5507631
2006-05-25	1.98	1.98	1.94	1.94	1911086
2006-05-26	1.95	1.99	1.94	1.97	2153250
2006-05-30	1.94	1.99	1.94	1.96	3581756
2006-05-31	1.95	1.96	1.94	1.94	5563218
2006-06-01	2.03	2.03	1.94	1.94	3410478
2006-06-02	2.02	2.05	2.01	2.03	3097355
2006-06-05	1.87	1.96	1.87	1.96	3004540
2006-06-06	1.89	1.91	1.85	1.88	4253972
2006-06-07	1.84	1.92	1.84	1.91	2974014
2006-06-08	1.81	1.83	1.75	1.83	7306595
2006-06-09	1.79	1.86	1.79	1.85	3891600
2006-06-12	1.75	1.82	1.74	1.80	5881950
2006-06-13	1.72	1.77	1.69	1.72	6385730
2006-06-14	1.77	1.78	1.73	1.73	3985727
2006-06-15	1.84	1.87	1.77	1.77	4509687
2006-06-16	1.81	1.85	1.79	1.84	3285753
2006-06-19	1.79	1.82	1.78	1.79	863966
2006-06-20	1.78	1.80	1.75	1.79	1495021
2006-06-21	1.80	1.82	1.76	1.76	3878268
2006-06-22	1.81	1.82	1.78	1.82	2726750
2006-06-23	1.78	1.81	1.76	1.79	2632260
2006-06-26	1.79	1.81	1.77	1.79	1331684
2006-06-27	1.75	1.81	1.74	1.79	3110978
2006-06-28	1.75	1.79	1.72	1.76	3164525
2006-06-29	1.87	1.87	1.77	1.77	7879440
2006-06-30	1.82	1.87	1.79	1.86	7011904
2006-07-03	1.87	1.87	1.83	1.84	2491799
2006-07-05	1.79	1.84	1.79	1.84	3202118
2006-07-06	1.84	1.84	1.78	1.78	2209492
2006-07-07	1.83	1.84	1.80	1.83	5178990
2006-07-10	1.84	1.87	1.82	1.84	1624554
2006-07-11	1.85	1.85	1.80	1.83	2792682
2006-07-12	1.78	1.84	1.78	1.84	2263914
2006-07-13	1.71	1.78	1.71	1.77	4513111
2006-07-14	1.70	1.74	1.68	1.70	5097540
2006-07-17	1.65	1.70	1.65	1.67	4285445
2006-07-18	1.67	1.70	1.64	1.68	4256449
2006-07-19	1.80	1.81	1.68	1.68	5738211
2006-07-20	1.72	1.82	1.71	1.82	4931289
2006-07-21	1.67	1.72	1.67	1.72	2301797
2006-07-24	1.77	1.77	1.68	1.68	1929153
2006-07-25	1.75	1.77	1.72	1.77	2445901
2006-07-26	1.74	1.74	1.71	1.74	1849816
2006-07-27	1.72	1.78	1.72	1.75	2304930
2006-07-28	1.81	1.81	1.73	1.73	5013686
2006-07-31	1.79	1.79	1.75	1.77	1247830
2006-08-01	1.74	1.77	1.72	1.77	2440801
2006-08-02	1.82	1.82	1.78	1.78	3939319
2006-08-03	1.81	1.84	1.78	1.83	3003593
2006-08-04	1.81	1.83	1.80	1.81	1358130
2006-08-07	1.78	1.80	1.77	1.80	1083619
2006-08-08	1.78	1.81	1.78	1.78	1833788
2006-08-09	1.81	1.83	1.81	1.83	3163724
2006-08-10	1.87	1.88	1.83	1.84	2559771
2006-08-11	1.83	1.86	1.83	1.83	1297516
2006-08-14	1.85	1.87	1.83	1.83	1970534
2006-08-15	1.92	1.92	1.86	1.87	2935912
2006-08-16	1.93	1.93	1.89	1.93	5424942
2006-08-17	1.98	1.98	1.92	1.93	6629716
2006-08-18	1.92	1.95	1.91	1.95	1568457
2006-08-21	1.86	1.89	1.85	1.87	1576762
2006-08-22	1.87	1.89	1.86	1.88	2136712
2006-08-23	1.84	1.87	1.83	1.86	3000678
2006-08-24	1.83	1.85	1.81	1.83	3325822
2006-08-25	1.80	1.84	1.80	1.83	2707590
2006-08-28	1.83	1.84	1.79	1.81	2676992
2006-08-29	1.82	1.84	1.81	1.84	1112542
2006-08-30	1.87	1.87	1.83	1.83	2795378
2006-08-31	1.83	1.85	1.82	1.84	2284313
2006-09-01	1.84	1.86	1.83	1.86	2853442
2006-09-05	1.86	1.87	1.84	1.87	1484894
2006-09-06	1.78	1.84	1.77	1.84	2436066
2006-09-07	1.80	1.83	1.77	1.80	4718557
2006-09-08	1.78	1.81	1.77	1.81	2513873
2006-09-11	1.78	1.81	1.75	1.79	3596035
2006-09-12	1.82	1.82	1.78	1.80	3724767
2006-09-13	1.81	1.83	1.80	1.82	2590296
2006-09-14	1.80	1.81	1.79	1.80	1061471
2006-09-15	1.83	1.83	1.80	1.83	2039162
2006-09-18	1.87	1.89	1.85	1.85	3657450
2006-09-19	1.83	1.87	1.80	1.86	7305575
2006-09-20	1.88	1.90	1.84	1.86	6792106
2006-09-21	1.84	1.90	1.83	1.89	3981501
2006-09-22	1.84	1.84	1.80	1.80	6125863
2006-09-25	1.86	1.86	1.81	1.86	8519018
2006-09-26	1.85	1.86	1.83	1.83	7787936
2006-09-27	1.85	1.87	1.84	1.86	3281528
2006-09-28	1.84	1.86	1.81	1.85	7726375
2006-09-29	1.84	1.86	1.82	1.82	3682657
2006-10-02	1.84	1.85	1.83	1.83	5111746
2006-10-03	1.82	1.84	1.81	1.83	5569483
2006-10-04	1.84	1.84	1.80	1.81	3718064
2006-10-05	1.89	1.89	1.81	1.83	5547846
2006-10-06	1.86	1.89	1.85	1.87	2695423
2006-10-09	1.83	1.87	1.81	1.86	4865575
2006-10-10	1.84	1.85	1.83	1.83	1985469
2006-10-11	1.84	1.86	1.81	1.83	7277527
2006-10-12	1.84	1.85	1.83	1.84	6495229
2006-10-13	1.86	1.87	1.84	1.84	4403467
2006-10-16	1.90	1.91	1.87	1.89	6457054
2006-10-17	1.87	1.89	1.83	1.88	3490908
2006-10-18	1.84	1.87	1.83	1.86	4163489
2006-10-19	1.83	1.84	1.81	1.82	4769045
2006-10-20	1.81	1.84	1.80	1.82	5880056
2006-10-23	1.80	1.84	1.80	1.80	3998549
2006-10-24	1.80	1.82	1.77	1.80	6513151
2006-10-25	1.78	1.82	1.77	1.80	6568228
2006-10-26	1.79	1.80	1.77	1.77	7954260
2006-10-27	1.77	1.81	1.77	1.78	2632551
2006-10-30	1.78	1.79	1.77	1.78	2704020
2006-10-31	1.81	1.82	1.79	1.81	12860269
2006-11-01	1.78	1.82	1.77	1.81	3259817
2006-11-02	1.80	1.80	1.78	1.79	2187345
2006-11-03	1.80	1.81	1.78	1.80	4281365
2006-11-06	1.83	1.83	1.79	1.80	6324461
2006-11-07	1.83	1.84	1.79	1.84	4047506
2006-11-08	1.82	1.83	1.79	1.83	3206270
2006-11-09	1.83	1.85	1.81	1.81	2812061
2006-11-10	1.84	1.86	1.83	1.83	1723416
2006-11-13	1.87	1.87	1.83	1.84	2311560
2006-11-14	1.90	1.91	1.86	1.87	4839785
2006-11-15	1.92	1.93	1.90	1.90	4343946
2006-11-16	1.95	1.97	1.92	1.93	5230133
2006-11-17	1.93	1.94	1.92	1.92	1917497
2006-11-20	1.93	1.94	1.91	1.93	2606761
2006-11-21	1.94	1.95	1.92	1.92	2717498
2006-11-22	1.92	1.95	1.92	1.94	2875589
2006-11-24	2.07	2.09	1.98	1.98	7335081
2006-11-27	2.05	2.20	2.04	2.10	8254051
2006-11-28	2.07	2.09	2.04	2.05	6280603
2006-11-29	2.11	2.11	2.07	2.08	6231282
2006-11-30	2.12	2.13	2.09	2.11	4551068
2006-12-01	2.08	2.11	2.06	2.09	5393688
2006-12-04	2.13	2.14	2.04	2.04	6648002
2006-12-05	2.14	2.15	2.10	2.13	3996363
2006-12-06	2.13	2.16	2.12	2.14	5022137
2006-12-07	2.12	2.13	2.10	2.11	3633336
2006-12-08	2.07	2.10	2.07	2.08	4692403
2006-12-11	2.01	2.06	1.99	2.05	6020882
2006-12-12	1.96	1.98	1.93	1.95	5447017
2006-12-13	1.93	1.96	1.92	1.96	3657086
2006-12-14	1.98	1.98	1.93	1.96	4164509
2006-12-15	1.97	1.99	1.95	1.97	5434486
2006-12-18	1.98	2.00	1.96	1.97	4174490
2006-12-19	1.98	1.99	1.95	1.98	6768210
2006-12-20	2.00	2.02	1.96	2.00	2783139
2006-12-21	2.02	2.04	2.01	2.01	4509323
2006-12-22	2.05	2.05	2.01	2.04	2700815
2006-12-26	2.05	2.06	2.04	2.04	2337277
2006-12-27	2.07	2.08	2.05	2.06	3530686
2006-12-28	2.05	2.08	2.04	2.07	2655063
2006-12-29	2.09	2.10	2.06	2.06	1929299
2007-01-03	2.10	2.11	2.07	2.10	6116975
2007-01-04	2.11	2.11	2.08	2.10	3634501
2007-01-05	2.04	2.09	2.04	2.08	17442591
2007-01-08	2.04	2.08	2.02	2.08	3872659
2007-01-09	2.00	2.04	2.00	2.04	2392281
2007-01-10	1.97	1.99	1.96	1.96	3817582
2007-01-11	2.00	2.01	1.98	1.99	3876447
2007-01-12	2.09	2.11	2.02	2.05	3834119
2007-01-16	2.07	2.11	2.07	2.11	2635101
2007-01-17	2.05	2.07	2.03	2.07	4866595
2007-01-18	1.99	2.05	1.98	2.05	4816691
2007-01-19	2.04	2.05	1.98	1.98	6119161
2007-01-22	1.98	2.04	1.96	2.04	3923292
2007-01-23	2.20	2.26	2.05	2.06	17282168
2007-01-24	2.26	2.29	2.23	2.25	10343409
2007-01-25	2.14	2.23	2.14	2.19	10232235
2007-01-26	2.16	2.19	2.13	2.17	5610791
2007-01-29	2.11	2.18	2.11	2.17	3027197
2007-01-30	2.11	2.13	2.09	2.11	4848600
2007-01-31	2.13	2.14	2.07	2.10	2953761
2007-02-01	2.13	2.14	2.07	2.09	5609989
2007-02-02	2.12	2.13	2.11	2.13	5491530
2007-02-05	2.10	2.12	2.08	2.12	1703308
2007-02-06	2.13	2.13	2.10	2.12	1732085
2007-02-07	2.12	2.14	2.10	2.13	6284537
2007-02-08	2.08	2.11	2.05	2.11	4389479
2007-02-09	2.05	2.13	2.04	2.08	5583616
2007-02-12	2.05	2.07	2.02	2.07	2463896
2007-02-13	2.04	2.04	1.99	2.04	5576258
2007-02-14	2.10	2.13	2.04	2.04	4397056
2007-02-15	2.14	2.14	2.07	2.08	2267192
2007-02-16	2.12	2.14	2.07	2.14	2148150
2007-02-20	2.12	2.13	2.08	2.12	2284458
2007-02-21	2.12	2.14	2.09	2.13	1925219
2007-02-22	2.16	2.18	2.13	2.14	3989078
2007-02-23	2.08	2.16	2.05	2.15	4944548
2007-02-26	2.10	2.10	2.05	2.10	5506756
2007-02-27	1.92	2.05	1.88	2.04	8948415
2007-02-28	1.98	2.02	1.95	1.96	8560180
2007-03-01	1.94	1.97	1.88	1.95	11860504
2007-03-02	1.95	1.99	1.94	1.96	5968719
2007-03-05	1.87	1.94	1.87	1.92	4365584
2007-03-06	1.96	1.98	1.92	1.94	4119995
2007-03-07	1.94	1.96	1.92	1.93	5562052
2007-03-08	1.98	2.02	1.96	2.02	3255155
2007-03-09	1.96	1.97	1.93	1.97	2411952
2007-03-12	1.99	1.99	1.95	1.96	3938664
2007-03-13	1.93	2.01	1.93	1.98	3882275
2007-03-14	1.98	1.98	1.90	1.92	4464300
2007-03-15	1.98	2.00	1.95	1.98	3979024
2007-03-16	1.97	1.99	1.93	1.99	2416760
2007-03-19	1.96	1.98	1.95	1.96	1331757
2007-03-20	1.98	1.98	1.95	1.96	1806978
2007-03-21	2.05	2.05	1.97	1.98	6457564
2007-03-22	2.02	2.05	2.01	2.05	4786238
2007-03-23	2.02	2.04	2.01	2.01	4725988
2007-03-26	2.01	2.03	1.97	2.01	4665593
2007-03-27	1.96	2.01	1.95	2.01	3851240
2007-03-28	1.93	1.96	1.92	1.95	4368061
2007-03-29	1.94	1.99	1.90	1.96	5853028
2007-03-30	1.90	1.94	1.90	1.94	3362759
2007-04-02	1.92	1.93	1.90	1.92	3747351
2007-04-03	1.94	1.96	1.90	1.90	7161034
2007-04-04	1.95	1.96	1.93	1.93	2510959
2007-04-05	1.97	1.99	1.94	1.95	2620385
2007-04-09	1.98	1.99	1.94	1.97	3537461
2007-04-10	1.98	1.99	1.95	1.98	3823556
2007-04-11	1.97	1.99	1.96	1.98	3128026
2007-04-12	1.99	1.99	1.93	1.96	2426959
2007-04-13	1.97	1.98	1.95	1.98	1932213
2007-04-16	1.98	1.99	1.96	1.97	4099888
2007-04-17	1.98	1.98	1.95	1.97	2788603
2007-04-18	1.96	1.99	1.96	1.98	2152813
2007-04-19	1.92	1.95	1.92	1.93	2779715
2007-04-20	1.90	1.95	1.89	1.95	6331309
2007-04-23	1.91	1.93	1.89	1.93	3866758
2007-04-24	1.93	1.94	1.92	1.92	2762448
2007-04-25	1.95	1.96	1.92	1.92	3207290
2007-04-26	1.97	1.98	1.93	1.94	8810868
2007-04-27	1.96	1.98	1.95	1.96	7561727
2007-04-30	1.96	1.97	1.94	1.95	3503147
2007-05-01	1.98	1.98	1.95	1.96	3152869
2007-05-02	1.98	2.02	1.96	1.98	8462266
2007-05-03	1.98	2.01	1.97	1.99	4724531
2007-05-04	2.02	2.03	1.99	2.01	3793759
2007-05-07	2.05	2.05	2.02	2.04	3250128
2007-05-08	2.01	2.04	1.99	2.04	2977875
2007-05-09	2.01	2.02	1.98	1.99	4561850
2007-05-10	1.98	2.02	1.96	2.01	6768064
2007-05-11	1.99	1.99	1.96	1.96	5811866
2007-05-14	1.96	2.00	1.94	1.99	5556078
2007-05-15	1.97	1.99	1.94	1.96	4732909
2007-05-16	1.99	1.99	1.96	1.98	3480563
2007-05-17	1.98	1.99	1.96	1.99	5021772
2007-05-18	1.96	1.98	1.95	1.97	2219473
2007-05-21	1.95	1.97	1.95	1.97	4531470
2007-05-22	1.99	2.00	1.96	1.96	5514260
2007-05-23	2.01	2.04	1.95	2.02	4993287
2007-05-24	1.98	2.01	1.96	2.01	5820317
2007-05-25	1.99	2.01	1.98	1.99	2974524
2007-05-29	2.00	2.01	1.98	2.00	4594853
2007-05-30	1.99	2.00	1.98	1.99	2302016
2007-05-31	2.00	2.00	1.98	1.99	3137861
2007-06-01	2.07	2.07	2.01	2.01	4544074
2007-06-04	2.08	2.09	2.04	2.04	4217400
2007-06-05	2.05	2.08	2.05	2.08	3783413
2007-06-06	2.04	2.06	2.02	2.05	2719319
2007-06-07	2.00	2.05	1.99	2.03	6049513
2007-06-08	2.02	2.05	1.99	2.00	3785963
2007-06-11	2.07	2.08	2.03	2.05	3564417
2007-06-12	1.99	2.05	1.99	2.05	3815760
2007-06-13	2.05	2.05	2.00	2.01	5164273
2007-06-14	2.06	2.08	2.04	2.04	5257744
2007-06-15	2.14	2.17	2.06	2.06	7765643
2007-06-18	2.14	2.14	2.12	2.13	2459889
2007-06-19	2.11	2.13	2.08	2.13	5047635
2007-06-20	2.11	2.13	2.08	2.12	4364636
2007-06-21	2.15	2.16	2.08	2.11	6101311
2007-06-22	2.11	2.14	2.09	2.11	4613722
2007-06-25	2.06	2.12	2.04	2.12	4177841
2007-06-26	2.08	2.08	2.05	2.07	3549409
2007-06-27	2.11	2.11	2.06	2.07	1696242
2007-06-28	2.11	2.11	2.07	2.08	2699430
2007-06-29	2.05	2.11	2.05	2.11	2927534
2007-07-02	2.11	2.11	2.07	2.07	2600860
2007-07-03	2.08	2.12	2.08	2.11	1721303
2007-07-05	2.11	2.13	2.09	2.12	4573361
2007-07-06	2.22	2.26	2.16	2.16	11369182
2007-07-09	2.25	2.26	2.20	2.24	3870619
2007-07-10	2.22	2.28	2.20	2.27	5039184
2007-07-11	2.22	2.22	2.17	2.19	4246760
2007-07-12	2.24	2.24	2.19	2.21	3785162
2007-07-13	2.21	2.23	2.19	2.23	2304056
2007-07-16	2.21	2.21	2.16	2.19	3730741
2007-07-17	2.20	2.21	2.18	2.19	3080671
2007-07-18	2.18	2.18	2.13	2.17	4410971
2007-07-19	2.18	2.21	2.18	2.18	3091235
2007-07-20	2.13	2.19	2.10	2.19	5333730
2007-07-23	2.17	2.18	2.13	2.13	3542561
2007-07-24	2.10	2.19	2.10	2.16	5531891
2007-07-25	2.10	2.15	2.10	2.13	4615543
2007-07-26	2.01	2.09	2.01	2.08	5770339
2007-07-27	1.95	2.03	1.95	2.00	4408567
2007-07-30	2.03	2.04	1.97	1.97	3799878
2007-07-31	1.99	2.03	1.95	2.02	4976166
2007-08-01	1.92	2.00	1.92	1.98	5789864
2007-08-02	1.99	2.01	1.96	1.97	3013282
2007-08-03	1.87	1.99	1.87	1.99	4502110
2007-08-06	1.91	1.96	1.87	1.89	4803140
2007-08-07	1.96	1.97	1.90	1.91	3727098
2007-08-08	2.03	2.05	1.97	1.98	6412030
2007-08-09	1.95	2.02	1.94	1.95	8530529
2007-08-10	1.96	2.02	1.91	1.94	3238908
2007-08-13	2.01	2.03	1.98	2.02	5766915
2007-08-14	1.91	2.02	1.91	2.02	5737774
2007-08-15	1.86	1.92	1.86	1.92	5580484
2007-08-16	1.81	1.89	1.76	1.85	10706728
2007-08-17	1.97	1.98	1.79	1.86	10015861
2007-08-20	1.94	1.98	1.93	1.97	5194799
2007-08-21	1.89	1.93	1.87	1.93	3443262
2007-08-22	1.97	1.97	1.92	1.92	7464177
2007-08-23	2.01	2.01	1.96	1.99	5384363
2007-08-24	2.02	2.02	1.98	1.98	5747828
2007-08-27	1.97	1.98	1.95	1.98	2787583
2007-08-28	1.88	1.96	1.88	1.96	7700513
2007-08-29	1.95	1.97	1.91	1.93	6892206
2007-08-30	1.95	1.98	1.93	1.94	3026833
2007-08-31	2.03	2.03	1.98	2.00	5421591
2007-09-04	2.03	2.05	2.01	2.01	5513386
2007-09-05	1.98	2.02	1.98	2.00	4866231
2007-09-06	2.01	2.02	1.98	1.98	2693675
2007-09-07	2.00	2.00	1.96	1.98	6175330
2007-09-10	1.95	2.01	1.95	2.00	7948286
2007-09-11	2.01	2.01	1.96	1.96	3052113
2007-09-12	1.98	2.02	1.97	2.00	4246104
2007-09-13	2.03	2.03	1.99	2.00	4312328
2007-09-14	2.06	2.07	2.00	2.03	5363527
2007-09-17	2.03	2.06	2.03	2.05	2698410
2007-09-18	2.11	2.13	2.04	2.05	9238954
2007-09-19	2.16	2.19	2.10	2.11	10273178
2007-09-20	2.13	2.16	2.08	2.15	8857130
2007-09-21	2.18	2.18	2.07	2.16	6827585
2007-09-24	2.21	2.21	2.16	2.19	5178625
2007-09-25	2.19	2.20	2.15	2.18	4264172
2007-09-26	2.22	2.25	2.19	2.19	4642353
2007-09-27	2.24	2.25	2.20	2.21	4197657
2007-09-28	2.21	2.26	2.18	2.25	3047159
2007-10-01	2.27	2.29	2.19	2.20	2814174
2007-10-02	2.29	2.29	2.24	2.28	4316626
2007-10-03	2.19	2.27	2.18	2.27	4270219
2007-10-04	2.22	2.23	2.18	2.20	4033591
2007-10-05	2.30	2.31	2.22	2.24	6408679
2007-10-08	2.24	2.29	2.23	2.27	2051984
2007-10-09	1.93	1.93	1.80	1.81	11040843
2007-10-10	1.87	1.91	1.84	1.91	8554057
2007-10-11	1.73	1.83	1.71	1.83	15761212
2007-10-12	1.68	1.72	1.66	1.71	6851751
2007-10-15	1.66	1.68	1.61	1.61	7019474
2007-10-16	1.63	1.67	1.62	1.67	6187759
2007-10-17	1.65	1.66	1.60	1.65	6664174
2007-10-18	1.67	1.67	1.61	1.64	6872860
2007-10-19	1.59	1.64	1.59	1.63	7959138
2007-10-22	1.59	1.62	1.56	1.62	4660700
2007-10-23	1.62	1.63	1.59	1.60	5683546
2007-10-24	1.59	1.62	1.55	1.61	7529956
2007-10-25	1.63	1.63	1.59	1.61	6525189
2007-10-26	1.69	1.69	1.64	1.65	8245677
2007-10-29	1.74	1.74	1.68	1.71	7291696
2007-10-30	1.68	1.73	1.67	1.73	8084120
2007-10-31	1.62	1.66	1.58	1.65	12175609
2007-11-01	1.55	1.60	1.54	1.57	10980233
2007-11-02	1.53	1.58	1.53	1.57	8073670
2007-11-05	1.51	1.54	1.50	1.53	6931589
2007-11-06	1.57	1.57	1.51	1.51	5912297
2007-11-07	1.51	1.56	1.51	1.56	7611884
2007-11-08	1.46	1.56	1.46	1.56	7632471
2007-11-09	1.47	1.49	1.46	1.48	6110638
2007-11-12	1.41	1.47	1.41	1.42	8981671
2007-11-13	1.53	1.53	1.42	1.42	8196771
2007-11-14	1.54	1.56	1.50	1.56	5050067
2007-11-15	1.48	1.54	1.47	1.54	6008646
2007-11-16	1.49	1.50	1.45	1.48	4226816
2007-11-19	1.50	1.58	1.50	1.52	12950163
2007-11-20	1.55	1.57	1.52	1.56	9349197
2007-11-21	1.48	1.55	1.47	1.51	7731223
2007-11-23	1.56	1.56	1.49	1.53	3456964
2007-11-26	1.49	1.55	1.48	1.53	9797084
2007-11-27	1.48	1.51	1.47	1.47	5776342
2007-11-28	1.53	1.53	1.47	1.47	9976406
2007-11-29	1.52	1.54	1.48	1.50	7249896
2007-11-30	1.50	1.55	1.50	1.53	8690952
2007-12-03	1.46	1.52	1.46	1.49	5852627
2007-12-04	1.47	1.48	1.45	1.47	4760184
2007-12-05	1.50	1.50	1.47	1.49	6522890
2007-12-06	1.54	1.55	1.47	1.47	8037304
2007-12-07	1.54	1.55	1.51	1.53	2645627
2007-12-10	1.54	1.54	1.50	1.50	3715602
2007-12-11	1.47	1.55	1.45	1.52	5159479
2007-12-12	1.48	1.53	1.47	1.48	5149133
2007-12-13	1.42	1.47	1.42	1.47	5258127
2007-12-14	1.46	1.50	1.46	1.46	7203289
2007-12-17	1.40	1.47	1.39	1.47	10016952
2007-12-18	1.45	1.46	1.42	1.42	6425496
2007-12-19	1.47	1.47	1.42	1.42	4608555
2007-12-20	1.45	1.48	1.45	1.45	3327803
2007-12-21	1.54	1.54	1.46	1.47	4525895
2007-12-24	1.53	1.55	1.50	1.55	1623617
2007-12-26	1.56	1.57	1.51	1.51	3798261
2007-12-27	1.52	1.55	1.52	1.53	3313382
2007-12-28	1.50	1.55	1.50	1.52	5146730
2007-12-31	1.49	1.52	1.49	1.49	2487205
2008-01-02	1.44	1.51	1.41	1.51	7851607
2008-01-03	1.42	1.45	1.41	1.44	11199788
2008-01-04	1.35	1.41	1.34	1.41	10822334
2008-01-07	1.36	1.40	1.33	1.40	7028043
2008-01-08	1.32	1.37	1.31	1.34	7781488
2008-01-09	1.34	1.35	1.32	1.35	8625535
2008-01-10	1.42	1.42	1.32	1.32	9415032
2008-01-11	1.36	1.41	1.36	1.41	5973847
2008-01-14	1.43	1.45	1.39	1.39	6164873
2008-01-15	1.39	1.43	1.39	1.41	5934033
2008-01-16	1.33	1.38	1.31	1.37	10618663
2008-01-17	1.32	1.38	1.32	1.36	8624803
2008-01-18	1.35	1.37	1.32	1.35	7643757
2008-01-22	1.33	1.39	1.28	1.29	8984179
2008-01-23	1.33	1.36	1.18	1.27	10835187
2008-01-24	1.35	1.36	1.32	1.32	5930793
2008-01-25	1.30	1.37	1.28	1.34	9260686
2008-01-28	1.35	1.35	1.26	1.30	6162679
2008-01-29	1.36	1.36	1.32	1.35	7433085
2008-01-30	1.26	1.34	1.26	1.32	16402947
2008-01-31	1.31	1.34	1.26	1.28	9415241
2008-02-01	1.34	1.36	1.29	1.35	5405054
2008-02-04	1.32	1.35	1.31	1.34	4492037
2008-02-05	1.20	1.31	1.20	1.30	6366976
2008-02-06	1.22	1.26	1.22	1.22	7322001
2008-02-07	1.25	1.32	1.21	1.24	8352789
2008-02-08	1.28	1.30	1.25	1.28	3705152
2008-02-11	1.29	1.30	1.25	1.28	4912650
2008-02-12	1.30	1.32	1.28	1.31	6674624
2008-02-13	1.34	1.35	1.30	1.31	6332700
2008-02-14	1.33	1.38	1.33	1.37	6814341
2008-02-15	1.34	1.35	1.32	1.35	2784612
2008-02-19	1.37	1.40	1.36	1.37	3157154
2008-02-20	1.37	1.38	1.34	1.34	3392279
2008-02-21	1.38	1.40	1.36	1.38	3608907
2008-02-22	1.38	1.40	1.34	1.40	4543974
2008-02-25	1.42	1.42	1.36	1.37	4290875
2008-02-26	1.43	1.44	1.39	1.40	4965318
2008-02-27	1.45	1.49	1.43	1.43	5020285
2008-02-28	1.41	1.46	1.41	1.44	2460139
2008-02-29	1.38	1.41	1.38	1.41	2650225
2008-03-03	1.36	1.38	1.35	1.36	5335666
2008-03-04	1.36	1.38	1.34	1.37	6429154
2008-03-05	1.40	1.41	1.35	1.35	4043836
2008-03-06	1.40	1.41	1.37	1.41	5423132
2008-03-07	1.35	1.40	1.35	1.40	6411284
2008-03-10	1.32	1.37	1.31	1.37	5797869
2008-03-11	1.41	1.45	1.34	1.34	6327789
2008-03-12	1.37	1.41	1.36	1.38	4043836
2008-03-13	1.38	1.39	1.35	1.36	5318423
2008-03-14	1.25	1.37	1.25	1.37	5906758
2008-03-17	1.31	1.34	1.25	1.28	9302277
2008-03-18	1.40	1.42	1.32	1.32	7734358
2008-03-19	1.35	1.42	1.35	1.37	7129303
2008-03-20	1.41	1.47	1.36	1.36	6583605
2008-03-24	1.57	1.59	1.47	1.50	8255604
2008-03-25	1.55	1.56	1.51	1.55	5108796
2008-03-26	1.49	1.54	1.49	1.50	4236953
2008-03-27	1.52	1.52	1.45	1.49	7758184
2008-03-28	1.45	1.50	1.44	1.50	3848526
2008-03-31	1.45	1.46	1.44	1.44	1584220
2008-04-01	1.51	1.51	1.45	1.47	6068733
2008-04-02	1.50	1.53	1.47	1.53	3910285
2008-04-03	1.50	1.52	1.47	1.48	3900358
2008-04-04	1.48	1.51	1.47	1.49	5568283
2008-04-07	1.46	1.50	1.45	1.47	9103204
2008-04-08	1.41	1.45	1.40	1.44	10640086
2008-04-09	1.40	1.42	1.39	1.42	3671294
2008-04-10	1.44	1.46	1.42	1.44	4731969
2008-04-11	1.41	1.44	1.40	1.42	2880229
2008-04-14	1.41	1.44	1.41	1.44	2171406
2008-04-15	1.46	1.46	1.41	1.44	2380092
2008-04-16	1.52	1.54	1.47	1.48	5823681
2008-04-17	1.51	1.51	1.49	1.51	2310391
2008-04-18	1.50	1.53	1.50	1.51	5394290
2008-04-21	1.52	1.52	1.49	1.51	2674678
2008-04-22	1.47	1.50	1.44	1.50	3963371
2008-04-23	1.50	1.50	1.45	1.48	2748873
2008-04-24	1.48	1.50	1.44	1.50	4983396
2008-04-25	1.49	1.49	1.45	1.49	3068747
2008-04-28	1.48	1.50	1.48	1.48	2902906
2008-04-29	1.47	1.48	1.44	1.48	3351420
2008-04-30	1.49	1.49	1.44	1.45	3894715
2008-05-01	1.49	1.53	1.46	1.46	5349251
2008-05-02	1.55	1.55	1.48	1.50	3301887
2008-05-05	1.47	1.49	1.46	1.48	1654758
2008-05-06	1.52	1.52	1.45	1.47	8134593
2008-05-07	1.43	1.50	1.43	1.50	2726614
2008-05-08	1.43	1.46	1.43	1.44	2117379
2008-05-09	1.42	1.44	1.41	1.44	2437149
2008-05-12	1.46	1.46	1.40	1.40	2423982
2008-05-13	1.47	1.47	1.45	1.47	1939520
2008-05-14	1.45	1.48	1.45	1.47	2420325
2008-05-15	1.50	1.50	1.45	1.45	3570556
2008-05-16	1.59	1.60	1.52	1.53	4616601
2008-05-19	1.56	1.62	1.56	1.60	2878557
2008-05-20	1.50	1.55	1.50	1.55	2436940
2008-05-21	1.50	1.51	1.46	1.50	3027992
2008-05-22	1.49	1.50	1.47	1.47	2413950
2008-05-23	1.45	1.49	1.43	1.49	2009326
2008-05-27	1.47	1.48	1.44	1.44	1935026
2008-05-28	1.47	1.48	1.44	1.47	3083377
2008-05-29	1.46	1.48	1.44	1.46	3804218
2008-05-30	1.49	1.50	1.45	1.45	2697145
2008-06-02	1.44	1.50	1.44	1.46	4136214
2008-06-03	1.41	1.45	1.41	1.43	5004923
2008-06-04	1.40	1.43	1.40	1.41	6460922
2008-06-05	1.49	1.51	1.41	1.41	7967080
2008-06-06	1.42	1.47	1.42	1.47	5023524
2008-06-09	1.40	1.44	1.38	1.44	2991731
2008-06-10	1.37	1.39	1.36	1.38	3221840
2008-06-11	1.32	1.38	1.32	1.37	6145645
2008-06-12	1.31	1.35	1.31	1.32	4729775
2008-06-13	1.35	1.36	1.31	1.32	2558787
2008-06-16	1.33	1.37	1.32	1.37	4029833
2008-06-17	1.35	1.36	1.33	1.34	2291999
2008-06-18	1.31	1.34	1.29	1.33	4735940
2008-06-19	1.33	1.35	1.28	1.30	4160667
2008-06-20	1.28	1.38	1.28	1.38	8095092
2008-06-23	1.32	1.33	1.30	1.31	4421918
2008-06-24	1.34	1.35	1.31	1.33	6180026
2008-06-25	1.33	1.38	1.32	1.35	7504458
2008-06-26	1.27	1.33	1.27	1.33	4308326
2008-06-27	1.27	1.28	1.24	1.28	6526757
2008-06-30	1.25	1.29	1.25	1.28	2204323
2008-07-01	1.23	1.27	1.22	1.27	4294741
2008-07-02	1.22	1.25	1.21	1.25	3191117
2008-07-03	1.19	1.22	1.19	1.22	2599020
2008-07-07	1.20	1.22	1.18	1.21	4874821
2008-07-08	1.17	1.18	1.15	1.17	5197726
2008-07-09	1.18	1.21	1.16	1.18	4427561
2008-07-10	1.18	1.19	1.15	1.18	2614068
2008-07-11	1.22	1.25	1.19	1.20	7314582
2008-07-14	1.18	1.24	1.18	1.24	2548755
2008-07-15	1.15	1.18	1.12	1.18	4018965
2008-07-16	1.22	1.23	1.14	1.16	8743411
2008-07-17	1.28	1.31	1.23	1.25	10829335
2008-07-18	1.25	1.28	1.24	1.28	6358407
2008-07-21	1.22	1.27	1.22	1.26	3850302
2008-07-22	1.24	1.25	1.18	1.24	6639408
2008-07-23	1.26	1.26	1.23	1.23	9276152
2008-07-24	1.19	1.25	1.19	1.25	7260764
2008-07-25	1.19	1.20	1.17	1.19	3733158
2008-07-28	1.16	1.20	1.15	1.20	2295761
2008-07-29	1.17	1.18	1.12	1.14	5405785
2008-07-30	1.16	1.16	1.12	1.16	8083075
2008-07-31	1.10	1.14	1.08	1.14	8341190
2008-08-01	1.07	1.10	1.05	1.10	5335561
2008-08-04	1.05	1.09	1.04	1.07	5683128
2008-08-05	1.08	1.08	1.03	1.05	7114360
2008-08-06	1.13	1.13	1.08	1.10	7311656
2008-08-07	1.13	1.16	1.12	1.13	11564493
2008-08-08	1.17	1.23	1.17	1.23	6498000
2008-08-11	1.16	1.18	1.16	1.18	4723300
2008-08-12	1.15	1.16	1.14	1.16	3275000
2008-08-13	1.16	1.17	1.14	1.16	8250800
2008-08-14	1.18	1.19	1.16	1.18	2767300
2008-08-15	1.14	1.18	1.14	1.18	2101800
2008-08-18	1.10	1.14	1.10	1.14	1789700
2008-08-19	1.13	1.13	1.09	1.11	5428500
2008-08-20	1.13	1.14	1.12	1.13	3373500
2008-08-21	1.12	1.13	1.11	1.11	3631100
2008-08-22	1.13	1.14	1.10	1.11	3533400
2008-08-25	1.13	1.13	1.11	1.11	2772100
2008-08-26	1.13	1.13	1.11	1.12	6979900
2008-08-27	1.17	1.18	1.13	1.14	3594800
2008-08-28	1.16	1.16	1.14	1.15	2377200
2008-08-29	1.10	1.14	1.10	1.14	2000600
2008-09-02	1.08	1.12	1.08	1.09	4306300
2008-09-03	1.06	1.10	1.06	1.07	3807100
2008-09-04	1.00	1.08	1.00	1.06	5019500
2008-09-05	1.04	1.04	0.99	1.01	4383800
2008-09-08	1.07	1.09	1.05	1.07	3610300
2008-09-09	1.00	1.07	1.00	1.07	5205800
2008-09-10	1.01	1.02	1.00	1.01	3511400
2008-09-11	0.96	0.99	0.94	0.99	7962700
2008-09-12	0.98	0.98	0.92	0.94	7611500
2008-09-15	0.89	0.90	0.88	0.89	4546500
2008-09-16	0.88	0.91	0.84	0.86	6778600
2008-09-17	0.83	0.88	0.83	0.86	6762700
2008-09-18	0.95	1.00	0.80	0.83	8916600
2008-09-19	0.85	1.05	0.82	1.01	12939800
2008-09-22	0.96	1.12	0.90	0.90	15859800
2008-09-23	1.01	1.07	0.93	1.07	10567500
2008-09-24	1.07	1.09	0.96	0.99	5516800
2008-09-25	1.06	1.10	1.01	1.04	16886400
2008-09-26	1.05	1.08	0.99	1.01	11472800
2008-09-29	0.91	1.04	0.91	1.01	7949900
2008-09-30	0.92	0.97	0.89	0.91	4157800
2008-10-01	0.95	0.99	0.91	0.96	4397600
2008-10-02	0.94	0.98	0.91	0.96	6701500
2008-10-03	0.97	1.04	0.92	0.97	8980100
2008-10-06	0.89	1.02	0.88	0.92	8866400
2008-10-07	0.92	1.03	0.92	0.95	6463800
2008-10-08	0.96	1.04	0.87	0.91	5253500
2008-10-09	0.88	1.00	0.88	0.95	4510200
2008-10-10	0.89	0.97	0.78	0.83	6872100
2008-10-13	1.15	1.15	0.90	0.91	11653700
2008-10-14	1.06	1.12	1.00	1.10	10400400
2008-10-15	0.92	1.04	0.90	1.00	7256500
2008-10-16	0.87	0.96	0.85	0.94	16739300
2008-10-17	0.88	0.94	0.84	0.89	11510700
2008-10-20	0.99	1.00	0.87	0.87	3186700
2008-10-21	0.89	0.96	0.88	0.93	5452600
2008-10-22	0.88	0.88	0.82	0.88	4493100
2008-10-23	0.83	0.87	0.82	0.87	5448900
2008-10-24	0.75	0.81	0.73	0.76	5717900
2008-10-27	0.71	0.76	0.69	0.72	8804200
2008-10-28	1.04	1.08	0.71	0.71	9642900
2008-10-29	1.01	1.03	0.87	0.97	12344600
2008-10-30	1.10	1.15	0.97	0.97	13487000
2008-10-31	1.16	1.25	1.04	1.04	17247300
2008-11-03	0.99	1.16	0.98	1.16	8734100
2008-11-04	1.10	1.11	1.02	1.03	7395900
2008-11-05	1.00	1.06	0.98	1.06	5762500
2008-11-06	0.84	0.98	0.81	0.94	12454700
2008-11-07	0.99	1.01	0.86	0.86	7450300
2008-11-10	1.02	1.04	0.95	0.95	4265600
2008-11-11	0.89	1.01	0.88	1.01	10580100
2008-11-12	0.87	0.95	0.84	0.87	6270400
2008-11-13	1.21	1.21	0.84	0.84	9340300
2008-11-14	0.96	1.13	0.96	1.01	10771800
2008-11-17	0.95	1.01	0.93	0.93	4533100
2008-11-18	0.96	1.00	0.91	0.93	5521100
2008-11-19	0.84	0.94	0.84	0.93	5335800
2008-11-20	0.83	0.93	0.82	0.84	4978300
2008-11-21	0.91	0.92	0.79	0.85	10679200
2008-11-24	0.93	1.03	0.88	0.88	13304700
2008-11-25	0.89	1.00	0.88	0.97	6379600
2008-11-26	0.93	0.94	0.85	0.91	8419500
2008-11-28	0.87	0.96	0.87	0.93	4035700
2008-12-01	0.83	0.92	0.82	0.85	6800400
2008-12-02	0.82	0.84	0.80	0.84	6483200
2008-12-03	0.84	0.85	0.77	0.80	4961800
2008-12-04	0.79	0.85	0.79	0.80	5667500
2008-12-05	0.84	0.87	0.76	0.79	4920300
2008-12-08	0.86	0.89	0.82	0.84	9743700
2008-12-09	0.82	0.87	0.80	0.86	11371700
2008-12-10	0.91	0.92	0.82	0.82	6080600
2008-12-11	0.91	0.96	0.85	0.88	8101000
2008-12-12	0.90	0.96	0.84	0.87	6511500
2008-12-15	0.87	0.93	0.85	0.88	4476500
2008-12-16	0.92	1.01	0.86	0.87	7146500
2008-12-17	0.97	1.03	0.91	0.91	8018100
2008-12-18	0.99	1.03	0.97	0.99	5264700
2008-12-19	0.98	1.01	0.97	0.97	3237400
2008-12-22	0.90	0.97	0.90	0.96	6634600
2008-12-23	0.92	0.97	0.91	0.91	3012600
2008-12-24	0.93	0.93	0.90	0.90	546700
2008-12-26	0.91	0.93	0.88	0.93	1273900
2008-12-29	0.91	0.95	0.89	0.89	1580000
2008-12-30	0.94	0.95	0.91	0.91	2576100
2008-12-31	0.93	0.98	0.90	0.90	2615500
2009-01-02	1.02	1.08	0.93	0.93	7321700
2009-01-05	1.03	1.06	0.97	1.06	2813900
2009-01-06	1.05	1.07	1.00	1.00	3866600
2009-01-07	1.01	1.07	1.00	1.02	3046600
2009-01-08	1.01	1.02	0.96	0.99	3210200
2009-01-09	1.00	1.03	0.95	0.97	6667800
2009-01-12	0.95	1.02	0.95	0.97	6325100
2009-01-13	0.97	0.97	0.94	0.96	2038100
2009-01-14	0.92	0.95	0.85	0.95	5677800
2009-01-15	0.89	0.93	0.87	0.89	4920800
2009-01-16	0.93	0.95	0.88	0.93	3203400
2009-01-20	0.85	0.90	0.83	0.89	2517100
2009-01-21	0.84	0.89	0.81	0.86	8700600
2009-01-22	0.83	0.84	0.80	0.81	2796000
2009-01-23	0.83	0.88	0.79	0.80	2221100
2009-01-26	0.85	0.91	0.82	0.82	2175000
2009-01-27	0.84	0.90	0.84	0.84	3902400
2009-01-28	0.89	0.91	0.85	0.85	2619500
2009-01-29	0.89	0.89	0.85	0.86	2654700
2009-01-30	0.85	0.91	0.83	0.85	2137500
2009-02-02	0.84	0.85	0.82	0.83	1697400
2009-02-03	0.86	0.87	0.84	0.86	2797000
2009-02-04	0.89	0.90	0.85	0.85	2064200
2009-02-05	0.91	0.95	0.85	0.90	3119800
2009-02-06	0.98	0.98	0.90	0.90	1856000
2009-02-09	0.94	0.97	0.93	0.97	2709600
2009-02-10	0.90	0.99	0.90	0.99	2833100
2009-02-11	0.92	0.95	0.92	0.93	3327500
2009-02-12	0.92	0.93	0.88	0.92	6855200
2009-02-13	0.97	1.01	0.92	0.95	5354000
2009-02-17	0.87	0.93	0.83	0.83	3314300
2009-02-18	0.90	0.91	0.87	0.87	4449300
2009-02-19	0.86	0.91	0.86	0.87	3706500
2009-02-20	0.83	0.85	0.83	0.85	2295900
2009-02-23	0.82	0.86	0.81	0.83	3800200
2009-02-24	0.84	0.84	0.82	0.82	2945000
2009-02-25	0.86	0.87	0.81	0.81	2173800
2009-02-26	0.84	0.88	0.83	0.86	2019300
2009-02-27	0.84	0.84	0.81	0.82	2070200
2009-03-02	0.78	0.84	0.78	0.82	2169500
2009-03-03	0.81	0.83	0.80	0.80	2463800
2009-03-04	0.87	0.87	0.84	0.84	2643800
2009-03-05	0.84	0.87	0.84	0.87	1022900
2009-03-06	0.84	0.87	0.82	0.87	3021200
2009-03-09	0.85	0.90	0.84	0.85	5577700
2009-03-10	0.97	0.97	0.87	0.90	6696700
2009-03-11	0.93	0.99	0.92	0.96	4210700
2009-03-12	1.05	1.05	0.94	0.95	6498900
2009-03-13	1.09	1.09	1.03	1.05	3357300
2009-03-16	1.04	1.10	1.03	1.06	3037900
2009-03-17	1.01	1.04	1.00	1.03	4478900
2009-03-18	1.08	1.10	0.99	0.99	11123600
2009-03-19	1.05	1.08	1.03	1.06	4243600
2009-03-20	1.01	1.05	1.00	1.03	4289400
2009-03-23	1.18	1.20	1.02	1.06	10216800
2009-03-24	1.17	1.34	1.14	1.19	10565600
2009-03-25	1.30	1.34	1.22	1.22	5876800
2009-03-26	1.33	1.38	1.29	1.30	5376500
2009-03-27	1.27	1.34	1.23	1.33	6018800
2009-03-30	1.19	1.20	1.16	1.20	4548900
2009-03-31	1.19	1.22	1.18	1.19	4498300
2009-04-01	1.24	1.25	1.19	1.19	2950100
2009-04-02	1.37	1.37	1.25	1.25	3970300
2009-04-03	1.33	1.35	1.22	1.22	3918800
2009-04-06	1.33	1.34	1.25	1.34	4768800
2009-04-07	1.32	1.33	1.23	1.33	5009000
2009-04-08	1.28	1.29	1.25	1.27	4450300
2009-04-09	1.35	1.37	1.30	1.30	3341800
2009-04-13	1.32	1.34	1.28	1.32	1805900
2009-04-14	1.36	1.37	1.34	1.35	8030400
2009-04-15	1.37	1.37	1.32	1.35	7588300
2009-04-16	1.38	1.40	1.35	1.37	7617600
2009-04-17	1.40	1.41	1.37	1.38	4998400
2009-04-20	1.34	1.38	1.33	1.36	2642300
2009-04-21	1.36	1.36	1.29	1.29	4152000
2009-04-22	1.43	1.44	1.40	1.41	5209800
2009-04-23	1.36	1.44	1.35	1.44	13153600
2009-04-24	1.35	1.38	1.34	1.35	4741900
2009-04-27	1.27	1.33	1.27	1.33	6092100
2009-04-28	1.23	1.27	1.23	1.25	3542500
2009-04-29	1.38	1.42	1.30	1.30	19801000
2009-04-30	1.44	1.48	1.34	1.41	16522400
2009-05-01	1.46	1.46	1.42	1.42	3535000
2009-05-04	1.66	1.69	1.45	1.46	8695000
2009-05-05	1.61	1.63	1.52	1.55	7768900
2009-05-06	1.67	1.67	1.61	1.62	5710500
2009-05-07	1.57	1.66	1.52	1.65	6064200
2009-05-08	1.60	1.60	1.56	1.57	3549800
2009-05-11	1.55	1.60	1.52	1.52	3089800
2009-05-12	1.54	1.60	1.51	1.58	3392500
2009-05-13	1.46	1.54	1.45	1.50	7198500
2009-05-14	1.42	1.46	1.40	1.44	10648400
2009-05-15	1.44	1.49	1.42	1.42	7253900
2009-05-18	1.51	1.52	1.46	1.48	5092000
2009-05-19	1.52	1.53	1.49	1.49	4926000
2009-05-20	1.49	1.55	1.49	1.50	6019500
2009-05-21	1.46	1.49	1.44	1.49	3696700
2009-05-22	1.44	1.48	1.44	1.45	4646500
2009-05-26	1.49	1.49	1.39	1.44	4636500
2009-05-27	1.45	1.51	1.44	1.48	5052800
2009-05-28	1.49	1.50	1.43	1.43	4928900
2009-05-29	1.51	1.53	1.48	1.49	6487700
2009-06-01	1.60	1.60	1.52	1.52	5299600
2009-06-02	1.51	1.60	1.51	1.57	5765200
2009-06-03	1.43	1.52	1.39	1.49	8529600
2009-06-04	1.43	1.50	1.41	1.45	5376900
2009-06-05	1.42	1.47	1.41	1.42	3864200
2009-06-08	1.44	1.46	1.40	1.41	6607100
2009-06-09	1.36	1.44	1.35	1.44	7071100
2009-06-10	1.31	1.40	1.29	1.37	14013300
2009-06-11	1.34	1.36	1.30	1.31	3705900
2009-06-12	1.25	1.36	1.20	1.33	12334500
2009-06-15	1.18	1.23	1.17	1.21	6203100
2009-06-16	1.15	1.23	1.14	1.18	4180700
2009-06-17	1.12	1.17	1.09	1.15	15059600
2009-06-18	1.13	1.16	1.09	1.10	10229500
2009-06-19	1.17	1.19	1.11	1.11	9718800
2009-06-22	1.11	1.16	1.09	1.14	7545200
2009-06-23	1.12	1.15	1.10	1.13	3238800
2009-06-24	1.16	1.20	1.15	1.20	5428100
2009-06-25	1.22	1.22	1.13	1.18	6112600
2009-06-26	1.23	1.25	1.18	1.25	4814900
2009-06-29	1.23	1.24	1.21	1.21	2775200
2009-06-30	1.25	1.25	1.21	1.21	6372100
2009-07-01	1.25	1.27	1.23	1.25	2354300
2009-07-02	1.20	1.27	1.20	1.23	2876500
2009-07-06	1.20	1.22	1.14	1.21	1580300
2009-07-07	1.20	1.24	1.17	1.17	2915500
2009-07-08	1.23	1.23	1.18	1.18	4751500
2009-07-09	1.29	1.31	1.25	1.25	5684100
2009-07-10	1.29	1.32	1.27	1.29	5237000
2009-07-13	1.27	1.28	1.20	1.25	3809500
2009-07-14	1.30	1.32	1.26	1.26	2127700
2009-07-15	1.36	1.39	1.32	1.32	4076600
2009-07-16	1.37	1.40	1.34	1.37	1994600
2009-07-17	1.38	1.42	1.36	1.37	3765000
2009-07-20	1.43	1.44	1.38	1.39	3643700
2009-07-21	1.44	1.46	1.39	1.44	4011800
2009-07-22	1.46	1.46	1.41	1.44	2857600
2009-07-23	1.52	1.53	1.42	1.47	8317000
2009-07-24	1.46	1.52	1.44	1.49	3960100
2009-07-27	1.52	1.53	1.46	1.49	3576300
2009-07-28	1.56	1.56	1.51	1.52	2694600
2009-07-29	1.49	1.56	1.47	1.56	5340700
2009-07-30	1.60	1.61	1.51	1.51	7227700
2009-07-31	1.61	1.61	1.57	1.60	8901900
2009-08-03	1.67	1.67	1.60	1.63	7654000
2009-08-04	1.60	1.62	1.56	1.62	9582900
2009-08-05	1.55	1.58	1.55	1.57	5955500
2009-08-06	1.58	1.59	1.55	1.58	3719900
2009-08-07	1.60	1.61	1.56	1.59	2904300
2009-08-10	1.55	1.60	1.52	1.60	1601000
2009-08-11	1.53	1.57	1.52	1.56	3984900
2009-08-12	1.54	1.59	1.52	1.52	2283600
2009-08-13	1.59	1.59	1.53	1.58	1544400
2009-08-14	1.52	1.58	1.52	1.57	2222300
2009-08-17	1.45	1.55	1.44	1.52	4334300
2009-08-18	1.45	1.47	1.43	1.45	2579200
2009-08-19	1.45	1.50	1.44	1.45	3863800
2009-08-20	1.47	1.49	1.45	1.49	2917200
2009-08-21	1.48	1.49	1.45	1.48	2735900
2009-08-24	1.53	1.57	1.50	1.53	1676800
2009-08-25	1.55	1.56	1.48	1.53	1916000
2009-08-26	1.55	1.57	1.51	1.54	4037000
2009-08-27	1.52	1.55	1.49	1.53	1857800
2009-08-28	1.55	1.56	1.52	1.54	4071900
2009-08-31	1.53	1.56	1.49	1.56	2117100
2009-09-01	1.54	1.60	1.52	1.52	5829900
2009-09-02	1.57	1.60	1.56	1.56	2770500
2009-09-03	1.62	1.62	1.57	1.57	2731500
2009-09-04	1.69	1.70	1.63	1.65	3418500
2009-09-08	1.79	1.79	1.73	1.73	4730900
2009-09-09	1.77	1.81	1.77	1.79	2408000
2009-09-10	1.77	1.78	1.73	1.77	4169100
2009-09-11	1.76	1.80	1.75	1.79	3473600
2009-09-14	1.75	1.75	1.67	1.73	2177100
2009-09-15	1.75	1.77	1.72	1.75	3444100
2009-09-16	1.80	1.81	1.75	1.76	3503600
2009-09-17	1.77	1.80	1.76	1.79	3266500
2009-09-18	1.74	1.78	1.73	1.76	6295700
2009-09-21	1.69	1.75	1.69	1.69	5065500
2009-09-22	1.77	1.77	1.70	1.70	6995200
2009-09-23	1.76	1.78	1.72	1.74	6525300
2009-09-24	1.66	1.77	1.65	1.74	5955500
2009-09-25	1.70	1.72	1.67	1.68	6038000
2009-09-28	1.72	1.74	1.70	1.70	5523000
2009-09-29	1.78	1.80	1.73	1.73	7920600
2009-09-30	1.79	1.81	1.77	1.79	4857400
2009-10-01	1.74	1.80	1.72	1.77	6420200
2009-10-02	1.72	1.77	1.69	1.72	4349400
2009-10-05	1.74	1.79	1.73	1.74	3627800
2009-10-06	1.77	1.80	1.73	1.73	4251300
2009-10-07	1.73	1.75	1.70	1.74	10649500
2009-10-08	1.67	1.71	1.61	1.70	7393300
2009-10-09	1.68	1.73	1.66	1.66	3755100
2009-10-12	1.64	1.71	1.63	1.69	16665600
2009-10-13	1.63	1.66	1.61	1.65	13321300
2009-10-14	1.71	1.73	1.68	1.70	10940200
2009-10-15	1.71	1.75	1.70	1.73	8759400
2009-10-16	1.69	1.73	1.66	1.70	6093700
2009-10-19	1.71	1.73	1.69	1.70	3473600
2009-10-20	1.74	1.76	1.72	1.72	7341600
2009-10-21	1.75	1.76	1.73	1.75	5959600
2009-10-22	1.73	1.74	1.69	1.74	4025200
2009-10-23	1.70	1.76	1.69	1.74	6259600
2009-10-26	1.71	1.73	1.69	1.71	4648300
2009-10-27	1.67	1.70	1.67	1.69	6013100
2009-10-28	1.58	1.72	1.57	1.71	10678300
2009-10-29	1.63	1.66	1.60	1.61	6084300
2009-10-30	1.55	1.68	1.55	1.64	8187600
2009-11-02	1.57	1.60	1.54	1.57	7394600
2009-11-03	1.53	1.60	1.52	1.56	5461900
2009-11-04	1.58	1.60	1.55	1.55	5815100
2009-11-05	1.61	1.62	1.54	1.57	5678200
2009-11-06	1.63	1.65	1.60	1.60	4730500
2009-11-09	1.67	1.68	1.61	1.62	5166800
2009-11-10	1.66	1.67	1.64	1.65	3294200
2009-11-11	1.71	1.72	1.67	1.67	5756200
2009-11-12	1.71	1.73	1.68	1.70	3322900
2009-11-13	1.73	1.75	1.70	1.72	3220500
2009-11-16	1.81	1.83	1.73	1.76	5382100
2009-11-17	1.79	1.81	1.77	1.79	3073900
2009-11-18	1.79	1.81	1.78	1.79	3829100
2009-11-19	1.69	1.77	1.67	1.73	5645400
2009-11-20	1.67	1.68	1.63	1.66	5623800
2009-11-23	1.66	1.73	1.66	1.70	3280700
2009-11-24	1.66	1.67	1.64	1.67	4571500
2009-11-25	1.67	1.68	1.66	1.67	3106100
2009-11-27	1.63	1.68	1.62	1.62	2380600
2009-11-30	1.60	1.65	1.60	1.65	4651800
2009-12-01	1.67	1.69	1.63	1.65	6884200
2009-12-02	1.69	1.69	1.63	1.66	6094400
2009-12-03	1.64	1.69	1.64	1.69	5332200
2009-12-04	1.64	1.66	1.62	1.66	6549900
2009-12-07	1.68	1.70	1.65	1.67	5502800
2009-12-08	1.66	1.69	1.64	1.67	2689100
2009-12-09	1.65	1.66	1.62	1.65	5487200
2009-12-10	1.62	1.66	1.62	1.65	2736800
2009-12-11	1.62	1.64	1.61	1.63	2931800
2009-12-14	1.63	1.63	1.61	1.62	31225700
2009-12-15	1.62	1.63	1.60	1.63	5056500
2009-12-16	1.61	1.63	1.60	1.63	7487500
2009-12-17	1.64	1.68	1.60	1.62	7542400
2009-12-18	1.71	1.71	1.65	1.66	7043700
2009-12-21	1.69	1.74	1.69	1.71	3872400
2009-12-22	1.79	1.79	1.71	1.71	4452600
2009-12-23	1.74	1.79	1.74	1.79	3332400
2009-12-24	1.75	1.77	1.74	1.76	616700
2009-12-28	1.75	1.77	1.74	1.76	1352500
2009-12-29	1.77	1.78	1.72	1.77	1806600
2009-12-30	1.77	1.79	1.75	1.75	1400800
2009-12-31	1.83	1.85	1.78	1.80	3612100
2010-01-04	1.86	1.87	1.82	1.85	2195000
2010-01-05	1.88	1.88	1.85	1.86	4241300
2010-01-06	1.97	1.98	1.91	1.91	5843500
2010-01-07	1.99	1.99	1.94	1.99	7519500
2010-01-08	1.98	2.00	1.96	2.00	3062600
2010-01-11	1.97	2.00	1.96	1.98	2685800
2010-01-12	1.93	1.97	1.92	1.97	4110900
2010-01-13	1.93	1.94	1.90	1.91	5008600
2010-01-14	1.96	1.99	1.93	1.93	4107700
2010-01-15	1.96	1.99	1.94	1.96	5808700
2010-01-19	1.95	1.96	1.92	1.92	5197600
2010-01-20	1.95	1.97	1.92	1.96	5303300
2010-01-21	1.92	1.97	1.92	1.96	7985600
2010-01-22	1.82	1.93	1.82	1.92	7709600
2010-01-25	1.86	1.86	1.83	1.84	6268000
2010-01-26	1.77	1.83	1.77	1.83	7252100
2010-01-27	1.76	1.79	1.75	1.79	4624500
2010-01-28	1.72	1.80	1.68	1.77	9438100
2010-01-29	1.66	1.77	1.66	1.73	9039000
2010-02-01	1.70	1.71	1.63	1.63	9289800
2010-02-02	1.69	1.71	1.67	1.69	5047300
2010-02-03	1.74	1.77	1.71	1.75	11774600
2010-02-04	1.66	1.74	1.66	1.74	7448500
2010-02-05	1.63	1.67	1.61	1.65	8721400
2010-02-08	1.65	1.71	1.62	1.65	4629200
2010-02-09	1.70	1.72	1.67	1.68	3550300
2010-02-10	1.72	1.77	1.68	1.69	6244800
2010-02-11	1.77	1.77	1.70	1.73	3586300
2010-02-12	1.73	1.77	1.72	1.74	3827200
2010-02-16	1.77	1.77	1.73	1.74	3666300
2010-02-17	1.78	1.79	1.75	1.78	1771400
2010-02-18	1.77	1.78	1.75	1.77	2254400
2010-02-19	1.73	1.76	1.72	1.76	5028900
2010-02-22	1.76	1.76	1.72	1.72	7339100
2010-02-23	1.68	1.74	1.68	1.73	5413900
2010-02-24	1.66	1.69	1.65	1.68	13676800
2010-02-25	1.58	1.62	1.53	1.61	14819700
2010-02-26	1.62	1.65	1.57	1.58	9273800
2010-03-01	1.68	1.69	1.63	1.63	6170000
2010-03-02	1.67	1.68	1.64	1.67	3706400
2010-03-03	1.69	1.69	1.67	1.69	4092900
2010-03-04	1.63	1.69	1.63	1.67	4057700
2010-03-05	1.69	1.70	1.64	1.67	4371400
2010-03-08	1.69	1.70	1.67	1.70	4657700
2010-03-09	1.69	1.71	1.68	1.69	4952800
2010-03-10	1.70	1.72	1.69	1.70	3548000
2010-03-11	1.71	1.72	1.68	1.69	11562900
2010-03-12	1.71	1.73	1.70	1.71	5174600
2010-03-15	1.69	1.70	1.66	1.69	5510000
2010-03-16	1.71	1.71	1.67	1.68	12240000
2010-03-17	1.73	1.74	1.70	1.73	5890300
2010-03-18	1.72	1.74	1.70	1.74	5533000
2010-03-19	1.66	1.74	1.66	1.66	11738800
2010-03-22	1.70	1.71	1.67	1.67	4411000
2010-03-23	1.74	1.75	1.69	1.72	3500300
2010-03-24	1.71	1.74	1.71	1.74	2281400
2010-03-25	1.70	1.74	1.70	1.72	2725300
2010-03-26	1.69	1.74	1.68	1.72	3157700
2010-03-29	1.72	1.74	1.69	1.72	5140500
2010-03-30	1.77	1.78	1.72	1.73	4374500
2010-03-31	1.77	1.79	1.77	1.77	3129700
2010-04-01	1.78	1.81	1.75	1.77	6193800
2010-04-05	1.83	1.83	1.77	1.78	3045100
2010-04-06	1.84	1.85	1.82	1.82	4238800
2010-04-07	1.82	1.85	1.81	1.84	1327300
2010-04-08	1.83	1.83	1.80	1.82	2557000
2010-04-09	1.83	1.84	1.81	1.82	1349700
2010-04-12	1.82	1.84	1.81	1.83	1685800
2010-04-13	1.80	1.81	1.76	1.80	4464300
2010-04-14	1.84	1.84	1.80	1.81	2473200
2010-04-15	1.82	1.84	1.81	1.83	2769600
2010-04-16	1.76	1.82	1.75	1.82	3511500
2010-04-19	1.75	1.77	1.72	1.76	4466600
2010-04-20	1.76	1.80	1.76	1.76	3744100
2010-04-21	1.77	1.77	1.72	1.76	2382300
2010-04-22	1.83	1.85	1.72	1.75	5352500
2010-04-23	1.80	1.82	1.77	1.81	2310500
2010-04-26	1.82	1.86	1.82	1.82	2282000
2010-04-27	1.75	1.83	1.73	1.83	3454200
2010-04-28	1.72	1.79	1.70	1.78	5396100
2010-04-29	1.75	1.76	1.71	1.71	1936000
2010-04-30	1.68	1.74	1.66	1.74	2651700
2010-05-03	1.65	1.71	1.65	1.68	2017000
2010-05-04	1.60	1.65	1.56	1.65	4626400
2010-05-05	1.50	1.56	1.46	1.56	8904600
2010-05-06	1.51	1.60	1.46	1.49	7107400
2010-05-07	1.61	1.64	1.51	1.55	6865800
2010-05-10	1.77	1.77	1.67	1.69	10729200
2010-05-11	1.66	1.70	1.66	1.67	8768300
2010-05-12	1.68	1.70	1.66	1.67	5855200
2010-05-13	1.64	1.71	1.63	1.67	3269500
2010-05-14	1.60	1.64	1.55	1.63	5958000
2010-05-17	1.57	1.64	1.54	1.61	5694600
2010-05-18	1.53	1.60	1.52	1.60	3938800
2010-05-19	1.54	1.55	1.47	1.52	6314500
2010-05-20	1.44	1.51	1.44	1.49	3623200
2010-05-21	1.55	1.58	1.43	1.44	5852900
2010-05-24	1.49	1.58	1.49	1.54	4976400
2010-05-25	1.51	1.53	1.42	1.45	7578200
2010-05-26	1.50	1.55	1.49	1.50	4861300
2010-05-27	1.59	1.60	1.52	1.55	4494700
2010-05-28	1.56	1.60	1.53	1.59	3157300
2010-06-01	1.49	1.57	1.49	1.54	5281800
2010-06-02	1.53	1.55	1.49	1.50	4622700
2010-06-03	1.52	1.59	1.49	1.59	11204600
2010-06-04	1.47	1.52	1.46	1.50	4764800
2010-06-07	1.42	1.47	1.41	1.46	3913100
2010-06-08	1.35	1.43	1.35	1.43	7151800
2010-06-09	1.39	1.43	1.38	1.38	5427600
2010-06-10	1.45	1.45	1.39	1.39	5423600
2010-06-11	1.47	1.47	1.43	1.45	2700700
2010-06-14	1.46	1.53	1.46	1.49	3284800
2010-06-15	1.54	1.56	1.47	1.49	5035100
2010-06-16	1.55	1.57	1.52	1.54	2744400
2010-06-17	1.52	1.56	1.48	1.54	3933100
2010-06-18	1.47	1.52	1.46	1.51	2591400
2010-06-21	1.58	1.59	1.49	1.49	5832500
2010-06-22	1.52	1.60	1.52	1.55	3679600
2010-06-23	1.48	1.53	1.46	1.52	3720400
2010-06-24	1.43	1.47	1.42	1.47	3091900
2010-06-25	1.41	1.44	1.40	1.43	1878200
2010-06-28	1.43	1.44	1.40	1.42	2499000
2010-06-29	1.36	1.41	1.35	1.40	2916100
2010-06-30	1.37	1.40	1.36	1.38	3770300
2010-07-01	1.35	1.37	1.35	1.37	5624300
2010-07-02	1.36	1.38	1.35	1.35	2693600
2010-07-06	1.43	1.45	1.40	1.41	3724600
2010-07-07	1.44	1.45	1.42	1.44	3253100
2010-07-08	1.48	1.50	1.41	1.46	8346800
2010-07-09	1.48	1.50	1.43	1.48	2345000
2010-07-12	1.51	1.53	1.47	1.48	1847000
2010-07-13	1.52	1.55	1.50	1.53	1925400
2010-07-14	1.55	1.57	1.54	1.55	2889300
2010-07-15	1.55	1.58	1.52	1.56	2678200
2010-07-16	1.44	1.54	1.43	1.52	3287200
2010-07-19	1.50	1.51	1.45	1.45	2074200
2010-07-20	1.55	1.56	1.45	1.47	3564400
2010-07-21	1.50	1.57	1.48	1.57	4121600
2010-07-22	1.53	1.54	1.51	1.53	2128400
2010-07-23	1.49	1.55	1.47	1.53	4673600
2010-07-26	1.53	1.54	1.48	1.50	5043600
2010-07-27	1.54	1.54	1.50	1.53	3100000
2010-07-28	1.47	1.53	1.46	1.52	2457200
2010-07-29	1.43	1.50	1.42	1.48	3368200
2010-07-30	1.47	1.48	1.41	1.41	2783000
2010-08-02	1.52	1.52	1.48	1.48	3209600
2010-08-03	1.52	1.55	1.48	1.49	4386700
2010-08-04	1.50	1.55	1.50	1.52	3672200
2010-08-05	1.46	1.52	1.46	1.50	2518100
2010-08-06	1.45	1.49	1.45	1.46	1498400
2010-08-09	1.48	1.48	1.45	1.45	737600
2010-08-10	1.44	1.48	1.44	1.47	1928900
2010-08-11	1.38	1.44	1.38	1.43	2453300
2010-08-12	1.42	1.42	1.36	1.39	4225400
2010-08-13	1.42	1.45	1.40	1.45	5487600
2010-08-16	1.44	1.44	1.40	1.40	1645600
2010-08-17	1.43	1.45	1.42	1.45	1177600
2010-08-18	1.41	1.43	1.41	1.43	1254500
2010-08-19	1.41	1.42	1.40	1.41	846900
2010-08-20	1.40	1.41	1.38	1.39	1859900
2010-08-23	1.37	1.40	1.37	1.40	1170900
2010-08-24	1.31	1.36	1.30	1.36	2828400
2010-08-25	1.28	1.33	1.26	1.32	3179800
2010-08-26	1.27	1.31	1.26	1.26	1654800
2010-08-27	1.31	1.31	1.26	1.28	1211200
2010-08-30	1.26	1.31	1.26	1.31	989100
2010-08-31	1.24	1.26	1.21	1.26	1924900
2010-09-01	1.28	1.31	1.24	1.25	2767500
2010-09-02	1.30	1.31	1.28	1.29	2222500
2010-09-03	1.34	1.34	1.30	1.32	3006400
2010-09-07	1.28	1.33	1.27	1.33	1860900
2010-09-08	1.24	1.31	1.24	1.29	4391700
2010-09-09	1.24	1.32	1.22	1.27	7895600
2010-09-10	1.25	1.25	1.23	1.24	2004500
2010-09-13	1.32	1.33	1.27	1.27	3360600
2010-09-14	1.34	1.34	1.29	1.33	2409200
2010-09-15	1.31	1.33	1.21	1.33	3381500
2010-09-16	1.28	1.32	1.27	1.31	3483100
2010-09-17	1.24	1.32	1.24	1.29	7840800
2010-09-20	1.31	1.33	1.25	1.26	4576100
2010-09-21	1.30	1.32	1.28	1.32	1535000
2010-09-22	1.29	1.31	1.28	1.30	1129000
2010-09-23	1.25	1.29	1.25	1.28	2319800
2010-09-24	1.31	1.31	1.26	1.28	3828700
2010-09-27	1.29	1.31	1.29	1.30	2513100
2010-09-28	1.31	1.31	1.28	1.29	1743300
2010-09-29	1.33	1.36	1.32	1.33	2696500
2010-09-30	1.35	1.36	1.33	1.34	1639300
2010-10-01	1.36	1.38	1.35	1.38	2808500
2010-10-04	1.34	1.36	1.33	1.35	1998200
2010-10-05	1.35	1.36	1.33	1.35	3661400
2010-10-06	1.36	1.38	1.32	1.32	3131900
2010-10-07	1.34	1.37	1.34	1.37	959500
2010-10-08	1.40	1.41	1.33	1.34	2164800
2010-10-11	1.37	1.40	1.37	1.40	1320900
2010-10-12	1.33	1.37	1.33	1.36	1736500
2010-10-13	1.34	1.36	1.32	1.34	4064700
2010-10-14	1.34	1.36	1.33	1.33	860400
2010-10-15	1.35	1.35	1.31	1.35	1498700
2010-10-18	1.31	1.34	1.31	1.34	2517800
2010-10-19	1.26	1.32	1.25	1.29	3704000
2010-10-20	1.28	1.31	1.26	1.27	2184800
2010-10-21	1.28	1.29	1.27	1.28	1564100
2010-10-22	1.31	1.33	1.28	1.29	1183600
2010-10-25	1.38	1.38	1.33	1.35	3418200
2010-10-26	1.36	1.36	1.33	1.36	1164800
2010-10-27	1.44	1.45	1.36	1.40	6418800
2010-10-28	1.47	1.49	1.41	1.45	2103300
2010-10-29	1.50	1.50	1.45	1.47	1249900
2010-11-01	1.48	1.51	1.46	1.50	1646300
2010-11-02	1.53	1.53	1.48	1.48	1619200
2010-11-03	1.51	1.52	1.47	1.52	1598700
2010-11-04	1.53	1.57	1.53	1.54	3957800
2010-11-05	1.54	1.58	1.53	1.57	2946200
2010-11-08	1.56	1.57	1.53	1.54	1393700
2010-11-09	1.54	1.61	1.54	1.54	2012000
2010-11-10	1.55	1.55	1.53	1.55	896400
2010-11-11	1.51	1.53	1.50	1.51	1776100
2010-11-12	1.46	1.49	1.44	1.48	2805000
2010-11-15	1.45	1.49	1.45	1.48	929400
2010-11-16	1.43	1.49	1.43	1.45	2521900
2010-11-17	1.39	1.48	1.39	1.43	6605100
2010-11-18	1.46	1.47	1.43	1.43	1700000
2010-11-19	1.46	1.48	1.43	1.45	1526200
2010-11-22	1.45	1.48	1.44	1.46	1795500
2010-11-23	1.42	1.46	1.41	1.41	1965100
2010-11-24	1.49	1.49	1.43	1.43	3069100
2010-11-26	1.44	1.47	1.43	1.46	481100
2010-11-29	1.40	1.45	1.39	1.43	3337200
2010-11-30	1.38	1.43	1.38	1.41	5334800
2010-12-01	1.43	1.46	1.41	1.42	2870200
2010-12-02	1.57	1.57	1.46	1.46	3606700
2010-12-03	1.59	1.59	1.54	1.55	1964300
2010-12-06	1.53	1.58	1.53	1.58	1826200
2010-12-07	1.51	1.57	1.50	1.57	1543400
2010-12-08	1.53	1.54	1.49	1.52	3894000
2010-12-09	1.54	1.58	1.53	1.56	4035000
2010-12-10	1.52	1.55	1.49	1.55	6131400
2010-12-13	1.52	1.54	1.50	1.54	1825300
2010-12-14	1.51	1.53	1.50	1.50	3131700
2010-12-15	1.48	1.52	1.47	1.51	5300000
2010-12-16	1.50	1.53	1.49	1.50	7833700
2010-12-17	1.54	1.55	1.48	1.48	6455700
2010-12-20	1.49	1.55	1.49	1.54	3291800
2010-12-21	1.49	1.52	1.49	1.51	3461600
2010-12-22	1.49	1.50	1.48	1.49	1286100
2010-12-23	1.48	1.50	1.48	1.49	1110400
2010-12-27	1.49	1.50	1.45	1.47	636700
2010-12-28	1.47	1.50	1.47	1.49	1236800
2010-12-29	1.48	1.50	1.46	1.48	4199400
2010-12-30	1.50	1.50	1.48	1.48	1620700
2010-12-31	1.53	1.53	1.49	1.50	1264800
2011-01-03	1.53	1.54	1.52	1.53	1263100
2011-01-04	1.52	1.53	1.50	1.53	1317600
2011-01-05	1.50	1.51	1.47	1.50	1837700
2011-01-06	1.54	1.55	1.49	1.50	3356900
2011-01-07	1.55	1.57	1.52	1.54	2689500
2011-01-10	1.53	1.57	1.52	1.57	1436700
2011-01-11	1.55	1.62	1.55	1.58	6441400
2011-01-12	1.57	1.61	1.57	1.57	5443800
2011-01-13	1.58	1.59	1.55	1.57	2719600
2011-01-14	1.60	1.60	1.56	1.56	2567000
2011-01-18	1.68	1.71	1.66	1.66	8144400
2011-01-19	1.65	1.70	1.63	1.70	5972600
2011-01-20	1.59	1.64	1.56	1.62	5199900
2011-01-21	1.58	1.61	1.57	1.61	10305300
2011-01-24	1.58	1.60	1.56	1.57	5979600
2011-01-25	1.58	1.58	1.55	1.57	3767500
2011-01-26	1.56	1.59	1.55	1.58	12690400
2011-01-27	1.63	1.67	1.59	1.59	7953400
2011-01-28	1.53	1.65	1.53	1.63	10912100
2011-01-31	1.54	1.56	1.53	1.55	5735900
2011-02-01	1.56	1.60	1.55	1.55	7536500
2011-02-02	1.58	1.60	1.56	1.56	2730100
2011-02-03	1.59	1.60	1.57	1.58	5448400
2011-02-04	1.64	1.65	1.59	1.59	5900800
2011-02-07	1.66	1.67	1.61	1.64	4281900
2011-02-08	1.61	1.63	1.58	1.63	4679100
2011-02-09	1.56	1.59	1.55	1.58	4916000
2011-02-10	1.52	1.54	1.48	1.54	6811000
2011-02-11	1.48	1.49	1.44	1.48	8592800
2011-02-14	1.45	1.50	1.45	1.48	5447100
2011-02-15	1.47	1.48	1.44	1.48	3945800
2011-02-16	1.48	1.50	1.47	1.49	3001100
2011-02-17	1.49	1.49	1.47	1.49	2124700
2011-02-18	1.50	1.52	1.48	1.51	2342100
2011-02-22	1.39	1.49	1.38	1.48	4465600
2011-02-23	1.39	1.41	1.36	1.40	4674500
2011-02-24	1.37	1.40	1.36	1.37	3418200
2011-02-25	1.39	1.40	1.38	1.40	3401700
2011-02-28	1.36	1.42	1.36	1.42	5084800
2011-03-01	1.38	1.40	1.36	1.40	3058500
2011-03-02	1.38	1.39	1.37	1.38	4200600
2011-03-03	1.41	1.43	1.39	1.39	2980300
2011-03-04	1.42	1.43	1.40	1.42	2786900
2011-03-07	1.39	1.43	1.37	1.41	2272400
2011-03-08	1.40	1.42	1.34	1.37	3493900
2011-03-09	1.37	1.40	1.35	1.37	2856500
2011-03-10	1.31	1.34	1.29	1.33	3075100
2011-03-11	1.34	1.34	1.28	1.30	2056900
2011-03-14	1.31	1.33	1.29	1.32	1428400
2011-03-15	1.28	1.31	1.25	1.28	2675300
2011-03-16	1.21	1.28	1.21	1.28	3669800
2011-03-17	1.28	1.28	1.25	1.26	2845000
2011-03-18	1.35	1.35	1.25	1.30	4535800
2011-03-21	1.32	1.35	1.30	1.35	2729500
2011-03-22	1.29	1.33	1.28	1.33	1612300
2011-03-23	1.31	1.31	1.27	1.31	1289500
2011-03-24	1.32	1.34	1.31	1.32	1455400
2011-03-25	1.31	1.35	1.31	1.34	1623100
2011-03-28	1.30	1.35	1.30	1.34	2335100
2011-03-29	1.32	1.33	1.30	1.31	3587800
2011-03-30	1.32	1.33	1.31	1.32	2882800
2011-03-31	1.32	1.35	1.32	1.32	3538400
2011-04-01	1.33	1.36	1.32	1.32	2902300
2011-04-04	1.35	1.36	1.33	1.33	3038500
2011-04-05	1.37	1.38	1.33	1.37	3401900
2011-04-06	1.38	1.39	1.37	1.37	2104700
2011-04-07	1.38	1.40	1.38	1.38	2252700
2011-04-08	1.37	1.39	1.37	1.39	1218200
2011-04-11	1.35	1.38	1.35	1.37	3286200
2011-04-12	1.34	1.36	1.32	1.35	3273700
2011-04-13	1.34	1.37	1.34	1.36	3168400
2011-04-14	1.34	1.35	1.32	1.33	2551400
2011-04-15	1.32	1.35	1.32	1.33	685800
2011-04-18	1.29	1.32	1.28	1.30	3264700
2011-04-19	1.28	1.30	1.27	1.29	7073200
2011-04-20	1.37	1.37	1.31	1.31	4530800
2011-04-21	1.37	1.38	1.35	1.37	953500
2011-04-25	1.33	1.36	1.31	1.36	3446600
2011-04-26	1.34	1.35	1.33	1.33	7200000
2011-04-27	1.36	1.37	1.32	1.37	9767600
2011-04-28	1.34	1.37	1.33	1.33	4540900
2011-04-29	1.38	1.38	1.33	1.35	5579800
2011-05-02	1.36	1.38	1.34	1.37	1627500
2011-05-03	1.34	1.35	1.33	1.35	2982200
2011-05-04	1.34	1.36	1.32	1.33	6511500
2011-05-05	1.34	1.36	1.33	1.33	2520700
2011-05-06	1.37	1.38	1.35	1.36	3552100
2011-05-09	1.37	1.38	1.36	1.37	1093200
2011-05-10	1.37	1.38	1.36	1.37	2101500
2011-05-11	1.34	1.38	1.33	1.38	2063500
2011-05-12	1.35	1.36	1.32	1.34	2680900
2011-05-13	1.32	1.37	1.32	1.37	2513200
2011-05-16	1.31	1.33	1.31	1.32	4887600
2011-05-17	1.25	1.31	1.25	1.30	15569000
2011-05-18	1.28	1.29	1.26	1.27	4198100
2011-05-19	1.28	1.29	1.26	1.28	3607000
2011-05-20	1.26	1.28	1.25	1.27	2818600
2011-05-23	1.23	1.25	1.23	1.24	5722600
2011-05-24	1.24	1.26	1.24	1.25	1840300
2011-05-25	1.24	1.26	1.24	1.25	2466700
2011-05-26	1.26	1.26	1.24	1.24	1787700
2011-05-27	1.26	1.28	1.25	1.26	3092800
2011-05-31	1.32	1.34	1.29	1.29	7116700
2011-06-01	1.30	1.33	1.27	1.32	3478600
2011-06-02	1.31	1.31	1.29	1.30	4599700
2011-06-03	1.29	1.31	1.29	1.30	3909700
2011-06-06	1.27	1.30	1.27	1.29	2043100
2011-06-07	1.28	1.31	1.28	1.29	2368700
2011-06-08	1.29	1.32	1.28	1.29	3217000
2011-06-09	1.30	1.31	1.29	1.30	4194100
2011-06-10	1.29	1.29	1.27	1.29	3458700
2011-06-13	1.24	1.28	1.24	1.28	6056600
2011-06-14	1.26	1.27	1.26	1.26	1473200
2011-06-15	1.24	1.26	1.24	1.24	4531500
2011-06-16	1.23	1.24	1.20	1.23	5111800
2011-06-17	1.22	1.24	1.21	1.24	3095200
2011-06-20	1.20	1.22	1.20	1.21	3689900
2011-06-21	1.24	1.24	1.21	1.21	2816400
2011-06-22	1.23	1.24	1.22	1.22	4054300
2011-06-23	1.21	1.22	1.19	1.22	2397700
2011-06-24	1.19	1.22	1.18	1.22	2523900
2011-06-27	1.19	1.21	1.16	1.18	1987400
2011-06-28	1.21	1.22	1.20	1.21	3529600
2011-06-29	1.22	1.23	1.20	1.23	2202100
2011-06-30	1.24	1.27	1.22	1.22	3153600
2011-07-01	1.24	1.24	1.23	1.24	1822200
2011-07-05	1.21	1.24	1.21	1.21	5202400
2011-07-06	1.22	1.23	1.20	1.21	4574400
2011-07-07	1.24	1.25	1.22	1.23	3859600
2011-07-08	1.23	1.24	1.20	1.22	5090500
2011-07-11	1.18	1.21	1.18	1.21	4184400
2011-07-12	1.17	1.18	1.16	1.18	3001300
2011-07-13	1.17	1.18	1.17	1.17	4364000
2011-07-14	1.16	1.17	1.15	1.17	2984800
2011-07-15	1.16	1.17	1.16	1.17	1457300
2011-07-18	1.16	1.17	1.15	1.16	1866500
2011-07-19	1.17	1.19	1.17	1.17	3741100
2011-07-20	1.20	1.20	1.17	1.20	4468200
2011-07-21	1.23	1.23	1.21	1.21	5503700
2011-07-22	1.25	1.28	1.23	1.23	2083400
2011-07-25	1.21	1.24	1.21	1.24	3411800
2011-07-26	1.22	1.24	1.22	1.22	2883900
2011-07-27	1.21	1.22	1.20	1.21	4616600
2011-07-28	1.18	1.22	1.18	1.21	1551300
2011-07-29	1.21	1.22	1.17	1.17	3109500
2011-08-01	1.21	1.22	1.18	1.22	1765200
2011-08-02	1.17	1.20	1.16	1.18	6192400
2011-08-03	1.18	1.20	1.13	1.15	6513000
2011-08-04	1.10	1.16	1.09	1.16	7960400
2011-08-05	1.06	1.08	1.02	1.06	6827800
2011-08-08	0.99	1.03	0.98	1.03	12800600
2011-08-09	1.00	1.00	0.94	1.00	11735900
2011-08-10	1.00	1.03	0.98	0.98	5861400
2011-08-11	1.03	1.04	1.00	1.01	7908900
2011-08-12	1.00	1.05	0.99	1.05	3939000
2011-08-15	1.03	1.04	1.02	1.03	4491400
2011-08-16	1.03	1.05	1.02	1.02	3052400
2011-08-17	1.02	1.03	1.01	1.02	2222900
2011-08-18	0.98	1.01	0.96	1.00	2529700
2011-08-19	0.99	1.00	0.97	0.98	1147300
2011-08-22	0.99	1.01	0.98	1.01	805500
2011-08-23	1.02	1.03	1.00	1.00	1845000
2011-08-24	1.01	1.02	1.00	1.01	2575500
2011-08-25	0.98	1.02	0.98	1.02	814300
2011-08-26	1.00	1.01	0.98	0.98	1451800
2011-08-29	1.02	1.03	1.01	1.03	1224700
2011-08-30	1.01	1.02	1.01	1.02	1187800
2011-08-31	1.04	1.08	1.02	1.03	4990500
2011-09-01	1.07	1.08	1.05	1.05	1084900
2011-09-02	1.02	1.09	1.01	1.06	2941600
2011-09-06	0.99	1.02	0.95	1.01	5482200
2011-09-07	1.04	1.04	1.01	1.02	3052100
2011-09-08	1.02	1.05	1.01	1.05	923200
2011-09-09	0.99	1.02	0.98	1.02	2172400
2011-09-12	1.00	1.01	0.97	0.99	4113800
2011-09-13	1.01	1.01	0.98	1.00	1308400
2011-09-14	1.00	1.01	0.98	1.01	2732000
2011-09-15	1.01	1.03	0.99	1.03	2534900
2011-09-16	1.03	1.06	1.02	1.02	1852100
2011-09-19	1.01	1.02	1.00	1.01	1094100
2011-09-20	1.01	1.03	1.00	1.02	1090600
2011-09-21	1.00	1.03	1.00	1.02	1275800
2011-09-22	0.94	0.99	0.93	0.99	3100700
2011-09-23	0.99	1.02	0.93	0.94	6421100
2011-09-26	0.99	1.00	0.98	0.99	2210500
2011-09-27	1.02	1.05	1.02	1.02	5634700
2011-09-28	1.02	1.03	1.01	1.03	1990700
2011-09-29	0.99	1.04	0.99	1.03	1872200
2011-09-30	1.00	1.04	0.98	1.00	4084400
2011-10-03	0.97	1.01	0.96	1.00	2319100
2011-10-04	1.02	1.02	0.96	0.96	3008600
2011-10-05	1.04	1.04	1.00	1.02	2527000
2011-10-06	1.05	1.06	1.02	1.04	2167300
2011-10-07	1.05	1.07	1.03	1.06	2635000
2011-10-10	1.07	1.07	1.05	1.07	1006600
2011-10-11	1.09	1.09	1.06	1.07	3097100
2011-10-12	1.10	1.10	1.08	1.10	2726300
2011-10-13	1.07	1.09	1.05	1.09	1374500
2011-10-14	1.07	1.09	1.06	1.07	3237800
2011-10-17	1.07	1.09	1.05	1.08	2059100
2011-10-18	1.09	1.09	1.05	1.07	1139600
2011-10-19	1.06	1.09	1.05	1.09	1039200
2011-10-20	1.06	1.07	1.03	1.07	3911700
2011-10-21	1.09	1.09	1.06	1.07	1719000
2011-10-24	1.16	1.16	1.12	1.12	2826500
2011-10-25	1.12	1.16	1.10	1.15	3166800
2011-10-26	1.14	1.16	1.12	1.15	1948500
2011-10-27	1.23	1.24	1.16	1.17	10780800
2011-10-28	1.20	1.23	1.19	1.21	7873600
2011-10-31	1.17	1.22	1.15	1.18	5062600
2011-11-01	1.13	1.15	1.09	1.15	4315200
2011-11-02	1.14	1.15	1.12	1.14	1625100
2011-11-03	1.15	1.15	1.11	1.15	2552200
2011-11-04	1.17	1.17	1.14	1.15	1493900
2011-11-07	1.16	1.17	1.14	1.17	1643100
2011-11-08	1.20	1.20	1.16	1.17	2655500
2011-11-09	1.12	1.18	1.12	1.16	2685400
2011-11-10	1.14	1.15	1.12	1.15	1121400
2011-11-11	1.17	1.17	1.15	1.15	2391500
2011-11-14	1.16	1.18	1.15	1.17	1190900
2011-11-15	1.17	1.17	1.15	1.16	959800
2011-11-16	1.16	1.17	1.15	1.17	1437700
2011-11-17	1.12	1.17	1.12	1.17	2972300
2011-11-18	1.11	1.13	1.09	1.12	3347600
2011-11-21	1.09	1.10	1.06	1.09	2523600
2011-11-22	1.10	1.13	1.09	1.11	1195000
2011-11-23	1.04	1.09	1.03	1.08	2721500
2011-11-25	1.05	1.07	1.05	1.06	1336200
2011-11-28	1.08	1.12	1.07	1.10	4641000
2011-11-29	1.10	1.11	1.09	1.10	1236100
2011-11-30	1.20	1.21	1.14	1.15	5960900
2011-12-01	1.17	1.19	1.15	1.18	2013000
2011-12-02	1.17	1.20	1.15	1.20	2460500
2011-12-05	1.16	1.18	1.15	1.18	1281500
2011-12-06	1.15	1.16	1.13	1.15	1376300
2011-12-07	1.15	1.15	1.13	1.15	1674900
2011-12-08	1.11	1.14	1.11	1.14	2232400
2011-12-09	1.11	1.14	1.11	1.12	1395400
2011-12-12	1.06	1.12	1.05	1.11	5414600
2011-12-13	1.06	1.09	1.05	1.08	1329100
2011-12-14	1.05	1.06	1.04	1.06	2324800
2011-12-15	1.05	1.06	1.04	1.05	1628400
2011-12-16	1.10	1.11	1.07	1.07	4409400
2011-12-19	1.05	1.10	1.02	1.07	1621200
2011-12-20	1.02	1.06	1.02	1.05	2948900
2011-12-21	1.09	1.09	1.06	1.07	2791500
2011-12-22	1.10	1.10	1.07	1.09	974700
2011-12-23	1.10	1.11	1.10	1.10	1305800
2011-12-27	1.10	1.11	1.10	1.11	735100
2011-12-28	1.11	1.11	1.09	1.10	1546700
2011-12-29	1.10	1.12	1.10	1.11	823700
2011-12-30	1.12	1.13	1.11	1.11	1479500
2012-01-03	1.15	1.15	1.13	1.14	2702500
2012-01-04	1.13	1.15	1.12	1.14	1685000
2012-01-05	1.14	1.15	1.13	1.14	1723100
2012-01-06	1.12	1.14	1.12	1.14	903300
2012-01-09	1.13	1.14	1.13	1.14	1175200
2012-01-10	1.18	1.19	1.16	1.18	5422900
2012-01-11	1.18	1.21	1.17	1.20	1996400
2012-01-12	1.21	1.23	1.20	1.22	2602800
2012-01-13	1.21	1.23	1.20	1.23	917700
2012-01-17	1.23	1.23	1.22	1.22	2636600
2012-01-18	1.26	1.29	1.23	1.24	5694100
2012-01-19	1.31	1.31	1.27	1.27	7825000
2012-01-20	1.30	1.31	1.29	1.31	2157500
2012-01-23	1.33	1.34	1.29	1.31	4750400
2012-01-24	1.31	1.33	1.29	1.32	1514500
2012-01-25	1.33	1.33	1.30	1.32	4175400
2012-01-26	1.33	1.35	1.32	1.33	5327300
2012-01-27	1.32	1.35	1.32	1.33	3523500
2012-01-30	1.35	1.37	1.34	1.34	4604100
2012-01-31	1.42	1.42	1.36	1.37	7780200
2012-02-01	1.40	1.42	1.39	1.40	4172100
2012-02-02	1.39	1.41	1.38	1.40	5600700
2012-02-03	1.42	1.43	1.40	1.40	2919500
2012-02-06	1.39	1.41	1.38	1.41	1384700
2012-02-07	1.39	1.42	1.38	1.40	3141200
2012-02-08	1.36	1.42	1.34	1.41	7936700
2012-02-09	1.41	1.42	1.37	1.38	6218500
2012-02-10	1.36	1.37	1.36	1.37	4567500
2012-02-13	1.38	1.38	1.36	1.37	1770100
2012-02-14	1.35	1.37	1.34	1.37	3601700
2012-02-15	1.39	1.40	1.37	1.37	3259500
2012-02-16	1.39	1.39	1.35	1.39	3127200
2012-02-17	1.38	1.38	1.37	1.38	988200
2012-02-21	1.36	1.38	1.35	1.37	2146800
2012-02-22	1.36	1.37	1.34	1.37	2260300
2012-02-23	1.35	1.36	1.34	1.35	2726100
2012-02-24	1.37	1.37	1.34	1.37	1911800
2012-02-27	1.35	1.36	1.33	1.36	1813900
2012-02-28	1.40	1.40	1.35	1.36	5784400
2012-02-29	1.43	1.43	1.40	1.40	6535200
2012-03-01	1.43	1.45	1.42	1.43	6174300
2012-03-02	1.40	1.42	1.39	1.42	1263300
2012-03-05	1.38	1.39	1.36	1.39	2463900
2012-03-06	1.35	1.37	1.33	1.35	2465400
2012-03-07	1.35	1.35	1.33	1.34	1458700
2012-03-08	1.36	1.37	1.34	1.36	965100
2012-03-09	1.38	1.38	1.35	1.36	1358100
2012-03-12	1.35	1.36	1.33	1.36	4240200
2012-03-13	1.39	1.40	1.36	1.36	4233300
2012-03-14	1.39	1.40	1.38	1.39	2352100
2012-03-15	1.37	1.39	1.36	1.38	3103200
2012-03-16	1.37	1.39	1.37	1.37	1751200
2012-03-19	1.37	1.38	1.36	1.38	1133100
2012-03-20	1.36	1.37	1.34	1.36	932200
2012-03-21	1.38	1.38	1.35	1.36	826000
2012-03-22	1.39	1.40	1.37	1.38	3529000
2012-03-23	1.41	1.42	1.39	1.40	1931000
2012-03-26	1.38	1.39	1.36	1.38	4345500
2012-03-27	1.39	1.40	1.38	1.39	1642800
2012-03-28	1.39	1.39	1.36	1.39	1538800
2012-03-29	1.32	1.36	1.31	1.36	7347900
2012-03-30	1.28	1.32	1.27	1.32	12440600
2012-04-02	1.28	1.29	1.27	1.29	6001800
2012-04-03	1.29	1.31	1.28	1.29	1369900
2012-04-04	1.28	1.29	1.27	1.27	1566800
2012-04-05	1.29	1.29	1.26	1.28	2563000
2012-04-09	1.28	1.30	1.27	1.29	1689500
2012-04-10	1.28	1.30	1.27	1.29	1318000
2012-04-11	1.28	1.31	1.28	1.29	3486900
2012-04-12	1.28	1.29	1.28	1.28	3861800
2012-04-13	1.29	1.30	1.27	1.29	4014700
2012-04-16	1.27	1.31	1.27	1.31	1170400
2012-04-17	1.30	1.30	1.28	1.30	1201300
2012-04-18	1.30	1.31	1.28	1.29	802900
2012-04-19	1.30	1.33	1.29	1.32	2268800
2012-04-20	1.31	1.33	1.31	1.32	2269300
2012-04-23	1.33	1.34	1.31	1.32	2800900
2012-04-24	1.32	1.33	1.30	1.33	3271200
2012-04-25	1.33	1.34	1.33	1.34	2900300
2012-04-26	1.37	1.37	1.33	1.34	8039800
2012-04-27	1.40	1.41	1.36	1.38	9481000
2012-04-30	1.40	1.41	1.39	1.40	7165600
2012-05-01	1.38	1.43	1.37	1.41	2668100
2012-05-02	1.43	1.43	1.38	1.38	3833800
2012-05-03	1.41	1.43	1.39	1.43	3648400
2012-05-04	1.38	1.39	1.36	1.39	1943400
2012-05-07	1.33	1.34	1.32	1.33	5530200
2012-05-08	1.33	1.33	1.32	1.33	2572700
2012-05-09	1.32	1.32	1.30	1.31	1490800
2012-05-10	1.32	1.34	1.32	1.34	1534500
2012-05-11	1.34	1.34	1.32	1.32	1892000
2012-05-14	1.33	1.33	1.32	1.33	1990800
2012-05-15	1.31	1.33	1.29	1.31	4882500
2012-05-16	1.23	1.27	1.22	1.27	6510800
2012-05-17	1.25	1.25	1.23	1.25	6666900
2012-05-18	1.20	1.22	1.18	1.22	5157600
2012-05-21	1.19	1.22	1.18	1.21	2936400
2012-05-22	1.21	1.23	1.20	1.21	3614700
2012-05-23	1.16	1.17	1.14	1.16	3664200
2012-05-24	1.15	1.15	1.14	1.15	2587600
2012-05-25	1.15	1.16	1.14	1.14	2102700
2012-05-29	1.21	1.21	1.17	1.20	3973500
2012-05-30	1.19	1.20	1.17	1.20	1405400
2012-05-31	1.11	1.19	1.11	1.19	9770400
2012-06-01	1.09	1.12	1.08	1.11	3883400
2012-06-04	1.04	1.08	1.02	1.08	7106900
2012-06-05	1.02	1.04	1.02	1.04	4954800
2012-06-06	1.05	1.06	1.04	1.04	5854200
2012-06-07	1.06	1.09	1.06	1.08	3113100
2012-06-08	1.06	1.07	1.05	1.07	2132600
2012-06-11	1.07	1.09	1.06	1.07	3334200
2012-06-12	1.10	1.10	1.07	1.09	1052400
2012-06-13	1.06	1.09	1.06	1.09	1893800
2012-06-14	1.07	1.07	1.04	1.06	1904800
2012-06-15	1.08	1.09	1.06	1.07	1651700
2012-06-18	1.11	1.11	1.08	1.09	4044400
2012-06-19	1.11	1.12	1.10	1.12	2566200
2012-06-20	1.13	1.14	1.12	1.12	2298600
2012-06-21	1.10	1.14	1.10	1.14	4423100
2012-06-22	1.10	1.12	1.10	1.11	2064700
2012-06-25	1.09	1.10	1.08	1.09	1849300
2012-06-26	1.09	1.10	1.06	1.07	4256200
2012-06-27	1.09	1.09	1.07	1.09	2105800
2012-06-28	1.09	1.09	1.06	1.07	3541900
2012-06-29	1.14	1.16	1.14	1.15	3341200
2012-07-02	1.17	1.20	1.17	1.20	2366000
2012-07-03	1.17	1.18	1.17	1.17	1376200
2012-07-05	1.17	1.17	1.16	1.17	2485500
2012-07-06	1.14	1.15	1.14	1.15	2189200
2012-07-09	1.13	1.14	1.12	1.13	2497600
2012-07-10	1.13	1.17	1.13	1.15	1616000
2012-07-11	1.13	1.15	1.12	1.14	1279400
2012-07-12	1.10	1.12	1.10	1.11	1840100
2012-07-13	1.12	1.14	1.10	1.10	1395800
2012-07-16	1.11	1.13	1.11	1.13	1901700
2012-07-17	1.13	1.15	1.13	1.13	4577000
2012-07-18	1.13	1.15	1.11	1.13	3522500
2012-07-19	1.15	1.16	1.13	1.15	3853600
2012-07-20	1.18	1.18	1.14	1.15	6522200
2012-07-23	1.12	1.13	1.11	1.13	1654900
2012-07-24	1.12	1.13	1.12	1.12	1003200
2012-07-25	1.13	1.15	1.11	1.12	1694500
2012-07-26	1.13	1.15	1.12	1.15	3604800
2012-07-27	1.16	1.18	1.15	1.15	1709500
2012-07-30	1.18	1.18	1.16	1.16	2308600
2012-07-31	1.18	1.18	1.17	1.17	1248000
2012-08-01	1.18	1.19	1.17	1.18	1601900
2012-08-02	1.19	1.19	1.16	1.17	1578000
2012-08-03	1.18	1.19	1.17	1.17	2178500
2012-08-06	1.18	1.21	1.18	1.19	3460700
2012-08-07	1.19	1.19	1.18	1.18	1301300
2012-08-08	1.21	1.21	1.19	1.20	2089500
2012-08-09	1.20	1.22	1.18	1.19	2228700
2012-08-10	1.20	1.22	1.19	1.20	1281400
2012-08-13	1.19	1.20	1.18	1.19	1704200
2012-08-14	1.17	1.19	1.17	1.18	1349800
2012-08-15	1.16	1.17	1.15	1.15	471400
2012-08-16	1.16	1.16	1.13	1.16	4931200
2012-08-17	1.16	1.16	1.14	1.16	2446800
2012-08-20	1.13	1.14	1.12	1.13	1784300
2012-08-21	1.13	1.14	1.11	1.13	3962400
2012-08-22	1.13	1.13	1.11	1.12	2315600
2012-08-23	1.13	1.13	1.12	1.12	1759200
2012-08-24	1.12	1.12	1.11	1.11	564000
2012-08-27	1.12	1.12	1.11	1.11	858900
2012-08-28	1.12	1.14	1.11	1.14	339100
2012-08-29	1.11	1.12	1.11	1.11	449800
2012-08-30	1.11	1.12	1.10	1.10	1882700
2012-08-31	1.11	1.12	1.10	1.11	1545100
2012-09-04	1.10	1.11	1.08	1.11	5103700
2012-09-05	1.08	1.09	1.08	1.09	1143100
2012-09-06	1.09	1.10	1.08	1.08	1149500
2012-09-07	1.10	1.11	1.09	1.09	1184000
2012-09-10	1.14	1.14	1.12	1.12	2463700
2012-09-11	1.13	1.14	1.12	1.13	1764100
2012-09-12	1.13	1.15	1.12	1.12	1120200
2012-09-13	1.15	1.15	1.12	1.15	2283100
2012-09-14	1.17	1.19	1.16	1.16	2555300
2012-09-17	1.16	1.18	1.15	1.16	1934400
2012-09-18	1.16	1.16	1.15	1.15	1069500
2012-09-19	1.15	1.17	1.14	1.16	3277400
2012-09-20	1.13	1.15	1.13	1.15	2040200
2012-09-21	1.15	1.16	1.14	1.15	5207400
2012-09-24	1.13	1.15	1.13	1.14	2757400
2012-09-25	1.12	1.14	1.12	1.13	4818600
2012-09-26	1.12	1.12	1.11	1.12	1714500
2012-09-27	1.14	1.15	1.12	1.13	4107000
2012-09-28	1.12	1.15	1.12	1.14	6824400
2012-10-01	1.13	1.14	1.12	1.13	1494100
2012-10-02	1.15	1.16	1.13	1.15	1361900
2012-10-03	1.12	1.14	1.12	1.13	1094400
2012-10-04	1.11	1.12	1.11	1.12	1931600
2012-10-05	1.13	1.13	1.11	1.12	559800
2012-10-08	1.12	1.14	1.11	1.13	1677200
2012-10-09	1.13	1.13	1.12	1.12	939300
2012-10-10	1.11	1.12	1.11	1.11	1265800
2012-10-11	1.11	1.13	1.10	1.11	756300
2012-10-12	1.10	1.11	1.10	1.10	975500
2012-10-15	1.08	1.10	1.07	1.09	1198100
2012-10-16	1.09	1.10	1.07	1.08	2050400
2012-10-17	1.09	1.10	1.08	1.09	1720800
2012-10-18	1.08	1.09	1.07	1.08	2432000
2012-10-19	1.05	1.08	1.05	1.07	1728000
2012-10-22	1.04	1.06	1.04	1.05	1734800
2012-10-23	1.04	1.05	1.04	1.04	1989600
2012-10-24	1.06	1.06	1.05	1.05	437300
2012-10-25	1.06	1.07	1.05	1.06	1572800
2012-10-26	1.05	1.05	1.04	1.04	882800
2012-10-31	1.03	1.06	1.01	1.04	2702800
2012-11-01	1.01	1.03	1.00	1.02	2211600
2012-11-02	1.00	1.01	1.00	1.01	886600
2012-11-05	0.97	1.00	0.97	1.00	3138100
2012-11-06	0.99	1.00	0.98	0.98	2221900
2012-11-07	0.99	1.01	0.98	0.98	2331300
2012-11-08	1.00	1.01	0.99	0.99	1464900
2012-11-09	1.02	1.03	1.00	1.01	5758100
2012-11-12	1.00	1.06	1.00	1.04	1546800
2012-11-13	1.00	1.00	0.98	0.99	646200
2012-11-14	0.99	1.01	0.99	1.00	305600
2012-11-15	0.99	1.00	0.99	0.99	1205500
2012-11-16	0.98	0.99	0.97	0.99	2300800
2012-11-19	0.99	0.99	0.98	0.98	450200
2012-11-20	0.99	0.99	0.98	0.98	408200
2012-11-21	0.95	0.97	0.95	0.97	2345100
2012-11-23	1.03	1.04	1.00	1.01	1821900
2012-11-26	1.04	1.04	1.02	1.04	2132900
2012-11-27	1.06	1.07	1.04	1.05	2570000
2012-11-28	1.05	1.06	1.04	1.06	2336500
2012-11-29	1.07	1.07	1.05	1.05	1039200
2012-11-30	1.04	1.07	1.04	1.06	4567600
2012-12-03	1.03	1.05	1.03	1.05	6060300
2012-12-04	1.04	1.05	1.03	1.03	861800
2012-12-05	1.07	1.09	1.07	1.07	4313000
2012-12-06	1.12	1.12	1.08	1.08	4404300
2012-12-07	1.10	1.11	1.09	1.09	1380200
2012-12-10	1.08	1.09	1.07	1.09	858700
2012-12-11	1.08	1.09	1.07	1.09	1084400
2012-12-12	1.09	1.09	1.07	1.09	1382900
2012-12-13	1.10	1.12	1.10	1.11	2366500
2012-12-14	1.10	1.10	1.09	1.09	1421400
2012-12-17	1.09	1.10	1.09	1.09	1854600
2012-12-18	1.09	1.10	1.09	1.10	755500
2012-12-19	1.07	1.09	1.07	1.09	1417800
2012-12-20	1.10	1.10	1.09	1.10	3282300
2012-12-21	1.09	1.10	1.08	1.09	3922700
2012-12-24	1.07	1.09	1.07	1.09	642600
2012-12-26	1.09	1.09	1.09	1.09	1297600
2012-12-27	1.10	1.10	1.09	1.10	2072700
2012-12-28	1.09	1.11	1.09	1.09	1900500
2012-12-31	1.09	1.10	1.08	1.09	1837000
2013-01-02	1.11	1.12	1.10	1.11	3476600
2013-01-03	1.17	1.18	1.14	1.15	7799700
2013-01-04	1.17	1.17	1.16	1.17	1192900
2013-01-07	1.15	1.16	1.15	1.16	1706400
2013-01-08	1.14	1.16	1.13	1.16	2418700
2013-01-09	1.11	1.13	1.11	1.13	1427700
2013-01-10	1.12	1.12	1.11	1.11	2226700
2013-01-11	1.13	1.13	1.12	1.12	2126400
2013-01-14	1.11	1.13	1.11	1.12	1027100
2013-01-15	1.10	1.11	1.09	1.10	4244300
2013-01-16	1.07	1.10	1.07	1.10	3420900
2013-01-17	1.05	1.07	1.04	1.07	9731200
2013-01-18	1.09	1.10	1.06	1.06	5429600
2013-01-22	1.06	1.09	1.05	1.09	7851600
2013-01-23	1.08	1.08	1.05	1.06	8280600
2013-01-24	1.07	1.08	1.06	1.07	2046500
2013-01-25	1.06	1.07	1.06	1.06	3015000
2013-01-28	1.05	1.07	1.05	1.06	3258600
2013-01-29	1.06	1.07	1.06	1.06	5752100
2013-01-30	1.07	1.07	1.06	1.07	3912900
2013-01-31	1.07	1.07	1.06	1.06	1252800
2013-02-01	1.06	1.08	1.06	1.08	1188500
2013-02-04	1.05	1.07	1.05	1.06	1757300
2013-02-05	1.04	1.06	1.04	1.05	3152900
2013-02-06	1.06	1.07	1.03	1.04	3435800
2013-02-07	1.03	1.06	1.02	1.04	4476000
2013-02-08	1.03	1.04	1.03	1.04	689100
2013-02-11	1.03	1.04	1.03	1.04	997700
2013-02-12	1.04	1.04	1.03	1.03	884500
2013-02-13	1.04	1.05	1.04	1.04	1065000
2013-02-14	1.03	1.04	1.02	1.03	1336800
2013-02-15	1.03	1.05	1.03	1.04	3390100
2013-02-19	1.04	1.05	1.03	1.04	2416100
2013-02-20	1.02	1.04	1.01	1.04	2607200
2013-02-21	1.02	1.02	1.01	1.01	685100
2013-02-22	1.04	1.04	1.02	1.02	1458300
2013-02-25	1.01	1.04	1.00	1.03	1098400
2013-02-26	0.99	1.01	0.99	1.00	3039100
2013-02-27	1.00	1.00	0.99	0.99	5473700
2013-02-28	1.01	1.01	1.00	1.01	594900
2013-03-01	1.00	1.01	0.99	1.00	1779600
2013-03-04	0.99	1.00	0.98	0.99	2050300
2013-03-05	1.01	1.01	1.00	1.00	1563100
2013-03-06	1.03	1.03	1.02	1.02	835100
2013-03-07	1.01	1.03	1.01	1.03	1484700
2013-03-08	1.00	1.03	1.00	1.02	1467800
2013-03-11	0.99	1.01	0.99	1.00	2113700
2013-03-12	1.00	1.01	1.00	1.00	499900
2013-03-13	1.02	1.02	1.01	1.01	1346300
2013-03-14	1.04	1.05	1.04	1.04	1591000
2013-03-15	1.01	1.05	1.01	1.05	4130900
2013-03-18	1.00	1.02	0.99	0.99	1320900
2013-03-19	0.99	1.01	0.99	1.00	2495800
2013-03-20	1.00	1.01	0.98	1.00	3044500
2013-03-21	0.99	1.00	0.99	0.99	1565800
2013-03-22	0.99	1.00	0.99	0.99	1327400
2013-03-25	0.98	1.00	0.97	0.99	1655100
2013-03-26	0.99	0.99	0.98	0.99	1566800
2013-03-27	0.99	1.00	0.98	0.98	2426400
2013-03-28	0.98	0.98	0.97	0.98	3457700
2013-04-01	0.98	0.99	0.98	0.99	780500
2013-04-02	0.99	0.99	0.98	0.98	1001000
2013-04-03	0.99	1.00	0.99	0.99	1652700
2013-04-04	1.00	1.00	0.99	0.99	899000
2013-04-05	0.98	0.99	0.98	0.99	2086600
2013-04-08	0.98	1.00	0.97	0.98	3619600
2013-04-09	0.99	0.99	0.97	0.98	2578300
2013-04-10	0.98	0.99	0.98	0.99	1521500
2013-04-11	1.00	1.01	0.99	1.00	1427200
2013-04-12	0.99	1.00	0.98	0.99	653300
2013-04-15	0.97	0.99	0.97	0.98	2444200
2013-04-16	0.99	1.00	0.98	0.98	4644500
2013-04-17	0.98	0.99	0.97	0.99	2890500
2013-04-18	0.98	0.99	0.98	0.99	678400
2013-04-19	1.01	1.01	1.00	1.00	1288000
2013-04-22	1.00	1.00	0.99	1.00	745700
2013-04-23	1.01	1.01	1.00	1.00	1287000
2013-04-24	1.01	1.02	1.01	1.01	771600
2013-04-25	1.02	1.02	1.01	1.01	753500
2013-04-26	0.99	1.03	0.99	1.02	2489600
2013-04-29	1.01	1.01	0.99	1.00	1189200
2013-04-30	1.03	1.03	1.00	1.01	1575400
2013-05-01	1.03	1.03	1.01	1.03	1024200
2013-05-02	1.02	1.03	1.02	1.03	538100
2013-05-03	1.03	1.04	1.02	1.04	824700
2013-05-06	1.07	1.08	1.05	1.05	3298000
2013-05-07	1.05	1.06	1.05	1.06	351400
2013-05-08	1.11	1.11	1.09	1.10	3447900
2013-05-09	1.12	1.12	1.09	1.09	6764100
2013-05-10	1.17	1.17	1.13	1.13	8599400
2013-05-13	1.18	1.19	1.17	1.18	2342800
2013-05-14	1.15	1.18	1.15	1.18	3028200
2013-05-15	1.15	1.15	1.13	1.15	3086700
2013-05-16	1.17	1.19	1.16	1.17	1882300
2013-05-17	1.19	1.19	1.17	1.18	1651000
2013-05-20	1.21	1.21	1.19	1.19	2043900
2013-05-21	1.26	1.27	1.24	1.24	2941200
2013-05-22	1.24	1.24	1.23	1.23	2101800
2013-05-23	1.19	1.20	1.18	1.19	1976300
2013-05-24	1.18	1.18	1.17	1.18	1272600
2013-05-28	1.22	1.22	1.20	1.20	1482700
2013-05-29	1.20	1.22	1.19	1.21	693600
2013-05-30	1.20	1.21	1.19	1.20	1354900
2013-05-31	1.18	1.19	1.17	1.18	1957100
2013-06-03	1.21	1.22	1.19	1.19	2306000
2013-06-04	1.23	1.24	1.22	1.23	1359400
2013-06-05	1.20	1.22	1.19	1.22	1588600
2013-06-06	1.19	1.20	1.18	1.19	371200
2013-06-07	1.19	1.20	1.17	1.17	767400
2013-06-10	1.19	1.22	1.19	1.21	2470000
2013-06-11	1.19	1.20	1.18	1.19	1497200
2013-06-12	1.19	1.20	1.18	1.20	794100
2013-06-13	1.18	1.18	1.17	1.17	1102000
2013-06-14	1.14	1.17	1.13	1.17	3323900
2013-06-17	1.18	1.19	1.17	1.17	1612600
2013-06-18	1.21	1.21	1.19	1.19	1629700
2013-06-19	1.18	1.22	1.18	1.20	1809300
2013-06-20	1.12	1.15	1.12	1.15	3351200
2013-06-21	1.12	1.13	1.10	1.12	3299800
2013-06-24	1.11	1.15	1.10	1.11	2594500
2013-06-25	1.15	1.15	1.11	1.12	1385900
2013-06-26	1.19	1.20	1.17	1.18	4625600
2013-06-27	1.28	1.29	1.24	1.25	7316200
2013-06-28	1.27	1.30	1.26	1.28	4473200
2013-07-01	1.33	1.33	1.30	1.31	4434300
2013-07-02	1.28	1.31	1.27	1.30	2775500
2013-07-03	1.32	1.32	1.28	1.28	2543200
2013-07-05	1.29	1.33	1.29	1.32	935200
2013-07-08	1.27	1.30	1.26	1.29	2147900
2013-07-09	1.28	1.29	1.27	1.29	1848000
2013-07-10	1.25	1.27	1.25	1.25	2305700
2013-07-11	1.33	1.33	1.31	1.32	1509900
2013-07-12	1.30	1.31	1.28	1.30	1748500
2013-07-15	1.32	1.33	1.31	1.33	758500
2013-07-16	1.25	1.30	1.25	1.29	4989600
2013-07-17	1.22	1.24	1.21	1.22	2782800
2013-07-18	1.19	1.22	1.18	1.22	2332500
2013-07-19	1.16	1.17	1.15	1.16	1676400
2013-07-22	1.20	1.20	1.17	1.18	2146000
2013-07-23	1.23	1.24	1.22	1.24	5420300
2013-07-24	1.22	1.24	1.21	1.23	1239900
2013-07-25	1.22	1.23	1.21	1.21	1365800
2013-07-26	1.23	1.24	1.21	1.24	4302400
2013-07-29	1.21	1.22	1.20	1.20	1078800
2013-07-30	1.24	1.25	1.22	1.23	1163200
2013-07-31	1.24	1.24	1.22	1.22	738600
2013-08-01	1.23	1.24	1.23	1.24	565300
2013-08-02	1.21	1.23	1.21	1.23	536200
2013-08-05	1.21	1.23	1.20	1.22	1158500
2013-08-06	1.21	1.22	1.18	1.20	2477400
2013-08-07	1.15	1.18	1.14	1.18	3086900
2013-08-08	1.16	1.17	1.13	1.14	1530700
2013-08-09	1.15	1.16	1.14	1.15	1782700
2013-08-12	1.13	1.15	1.13	1.14	530700
2013-08-13	1.14	1.15	1.13	1.14	1107000
2013-08-14	1.12	1.15	1.11	1.14	1895700
2013-08-15	1.10	1.11	1.09	1.11	1211800
2013-08-16	1.09	1.10	1.09	1.10	598400
2013-08-19	1.08	1.09	1.08	1.09	799600
2013-08-20	1.07	1.08	1.06	1.08	1428700
2013-08-21	1.06	1.11	1.06	1.07	1660100
2013-08-22	1.07	1.08	1.07	1.07	629500
2013-08-23	1.10	1.11	1.09	1.10	1117200
2013-08-26	1.11	1.12	1.09	1.11	1497900
2013-08-27	1.08	1.09	1.08	1.09	1506300
2013-08-28	1.08	1.09	1.07	1.08	1912000
2013-08-29	1.09	1.09	1.08	1.08	790700
2013-08-30	1.10	1.12	1.09	1.11	1322400
2013-09-03	1.09	1.11	1.09	1.09	586000
2013-09-04	1.12	1.12	1.11	1.11	401200
2013-09-05	1.12	1.13	1.11	1.12	732900
2013-09-06	1.13	1.13	1.12	1.13	1006000
2013-09-09	1.13	1.13	1.11	1.13	874300
2013-09-10	1.16	1.16	1.15	1.16	407400
2013-09-11	1.15	1.15	1.14	1.15	476200
2013-09-12	1.12	1.14	1.12	1.14	694800
2013-09-13	1.10	1.11	1.10	1.11	2016500
2013-09-16	1.11	1.13	1.11	1.12	2545400
2013-09-17	1.11	1.12	1.10	1.11	1869500
2013-09-18	1.12	1.12	1.09	1.11	2678000
2013-09-19	1.11	1.13	1.10	1.12	1443000
2013-09-20	1.11	1.11	1.10	1.11	1269300
2013-09-23	1.16	1.16	1.15	1.15	1489900
2013-09-24	1.18	1.20	1.16	1.18	2585700
2013-09-25	1.18	1.19	1.17	1.18	1888000
2013-09-26	1.16	1.17	1.16	1.17	617400
2013-09-27	1.15	1.17	1.15	1.16	647000
2013-09-30	1.16	1.16	1.15	1.16	1193600
2013-10-01	1.17	1.17	1.15	1.16	893400
2013-10-02	1.15	1.16	1.14	1.16	485500
2013-10-03	1.20	1.21	1.19	1.20	1964300
2013-10-04	1.18	1.19	1.17	1.18	447600
2013-10-07	1.18	1.18	1.17	1.18	292700
2013-10-08	1.20	1.22	1.19	1.21	1569400
2013-10-09	1.17	1.18	1.17	1.17	898600
2013-10-10	1.17	1.19	1.17	1.17	5122300
2013-10-11	1.18	1.18	1.16	1.17	1457700
2013-10-14	1.16	1.16	1.14	1.15	572900
2013-10-15	1.17	1.18	1.17	1.18	656500
2013-10-16	1.17	1.17	1.16	1.16	473300
2013-10-17	1.19	1.19	1.17	1.17	786800
2013-10-18	1.20	1.20	1.20	1.20	217800
2013-10-21	1.20	1.22	1.20	1.21	1405700
2013-10-22	1.21	1.22	1.20	1.20	629500
2013-10-23	1.18	1.20	1.17	1.20	795100
2013-10-24	1.17	1.18	1.16	1.17	1165800
2013-10-25	1.16	1.17	1.16	1.16	197700
2013-10-28	1.17	1.17	1.16	1.17	313700
2013-10-29	1.17	1.18	1.17	1.17	390400
2013-10-30	1.17	1.21	1.17	1.20	1611200
2013-10-31	1.15	1.16	1.14	1.14	1279400
2013-11-01	1.14	1.16	1.12	1.15	1673900
2013-11-04	1.13	1.14	1.12	1.13	2610500
2013-11-05	1.13	1.14	1.13	1.13	1286900
2013-11-06	1.13	1.14	1.13	1.14	563800
2013-11-07	1.14	1.16	1.13	1.15	634200
2013-11-08	1.13	1.14	1.12	1.13	754200
2013-11-11	1.12	1.13	1.12	1.12	554700
2013-11-12	1.11	1.12	1.10	1.11	2464300
2013-11-13	1.11	1.12	1.09	1.10	406500
2013-11-14	1.11	1.11	1.09	1.11	2121200
2013-11-15	1.11	1.12	1.10	1.11	3158100
2013-11-18	1.11	1.12	1.11	1.11	493800
2013-11-19	1.11	1.12	1.11	1.11	320500
2013-11-20	1.11	1.11	1.10	1.10	558200
2013-11-21	1.09	1.11	1.09	1.11	257600
2013-11-22	1.10	1.11	1.09	1.09	171300
2013-11-25	1.09	1.11	1.09	1.09	158600
2013-11-26	1.09	1.11	1.07	1.11	3611800
2013-11-27	1.12	1.12	1.11	1.11	284100
2013-11-29	1.13	1.13	1.11	1.12	194200
2013-12-02	1.10	1.13	1.10	1.13	526200
2013-12-03	1.11	1.12	1.10	1.11	756800
2013-12-04	1.10	1.12	1.10	1.10	655000
2013-12-05	1.10	1.11	1.10	1.10	993900
2013-12-06	1.11	1.11	1.09	1.10	1469600
2013-12-09	1.12	1.13	1.11	1.12	776700
2013-12-10	1.12	1.13	1.11	1.12	575700
2013-12-11	1.11	1.12	1.11	1.12	553400
2013-12-12	1.11	1.11	1.10	1.11	1073100
2013-12-13	1.10	1.11	1.09	1.11	1528300
2013-12-16	1.10	1.12	1.10	1.11	1075700
2013-12-17	1.11	1.11	1.10	1.11	1042800
2013-12-18	1.12	1.12	1.10	1.12	900300
2013-12-19	1.11	1.12	1.09	1.12	2912200
2013-12-20	1.09	1.13	1.09	1.12	2940700
2013-12-23	1.13	1.14	1.12	1.12	1371400
2013-12-24	1.11	1.13	1.10	1.12	666600
2013-12-26	1.12	1.12	1.11	1.11	420800
2013-12-27	1.12	1.13	1.12	1.12	373100
2013-12-30	1.14	1.15	1.12	1.12	821100
2013-12-31	1.15	1.15	1.13	1.13	814000
2014-01-02	1.12	1.13	1.12	1.13	918700
2014-01-03	1.12	1.13	1.11	1.13	730700
2014-01-06	1.13	1.14	1.13	1.14	445900
2014-01-07	1.15	1.16	1.14	1.14	732100
2014-01-08	1.21	1.22	1.16	1.16	2977500
2014-01-09	1.18	1.18	1.17	1.18	1852200
2014-01-10	1.18	1.19	1.17	1.17	943400
2014-01-13	1.17	1.17	1.15	1.17	1359200
2014-01-14	1.18	1.18	1.17	1.17	1440400
2014-01-15	1.19	1.20	1.18	1.18	2523500
2014-01-16	1.18	1.20	1.17	1.20	1177300
2014-01-17	1.17	1.18	1.17	1.18	713900
2014-01-21	1.17	1.18	1.17	1.17	509200
2014-01-22	1.17	1.18	1.17	1.17	1207200
2014-01-23	1.19	1.20	1.17	1.18	3956300
2014-01-24	1.16	1.17	1.15	1.17	2559400
2014-01-27	1.14	1.15	1.13	1.13	1168300
2014-01-28	1.13	1.14	1.12	1.14	839500
2014-01-29	1.13	1.13	1.11	1.13	742900
2014-01-30	1.14	1.16	1.12	1.13	807100
2014-01-31	1.13	1.14	1.12	1.14	348900
2014-02-03	1.12	1.13	1.12	1.13	811500
2014-02-04	1.12	1.13	1.10	1.13	984900
2014-02-05	1.11	1.12	1.09	1.11	1855200
2014-02-06	1.12	1.12	1.11	1.12	1177300
2014-02-07	1.12	1.13	1.11	1.11	257400
2014-02-10	1.11	1.12	1.11	1.12	407700
2014-02-11	1.11	1.12	1.11	1.11	1021100
2014-02-12	1.12	1.13	1.12	1.12	1217200
2014-02-13	1.12	1.12	1.11	1.12	553500
2014-02-14	1.12	1.13	1.12	1.12	627700
2014-02-18	1.12	1.12	1.11	1.12	423400
2014-02-19	1.12	1.12	1.11	1.12	407200
2014-02-20	1.12	1.12	1.11	1.12	463100
2014-02-21	1.12	1.13	1.11	1.12	586400
2014-02-24	1.12	1.13	1.12	1.12	435400
2014-02-25	1.12	1.12	1.09	1.09	793500
2014-02-26	1.12	1.12	1.11	1.12	181400
2014-02-27	1.12	1.12	1.11	1.12	164300
2014-02-28	1.13	1.13	1.12	1.12	318200
2014-03-03	1.13	1.13	1.12	1.13	493800
2014-03-04	1.13	1.13	1.13	1.13	476200
2014-03-05	1.13	1.13	1.12	1.13	555200
2014-03-06	1.17	1.17	1.14	1.14	1294900
2014-03-07	1.16	1.16	1.15	1.16	2023700
2014-03-10	1.12	1.16	1.12	1.16	2140800
2014-03-11	1.15	1.16	1.13	1.13	1080600
2014-03-12	1.16	1.16	1.14	1.15	704700
2014-03-13	1.15	1.17	1.15	1.17	750600
2014-03-14	1.15	1.16	1.14	1.16	431100
2014-03-17	1.16	1.16	1.15	1.15	323200
2014-03-18	1.18	1.18	1.16	1.16	942100
2014-03-19	1.16	1.17	1.15	1.17	402200
2014-03-20	1.15	1.15	1.13	1.15	654600
2014-03-21	1.13	1.15	1.12	1.14	1330800
2014-03-24	1.12	1.14	1.12	1.14	1390400
2014-03-25	1.13	1.14	1.12	1.13	1141000
2014-03-26	1.15	1.15	1.13	1.14	814700
2014-03-27	1.17	1.17	1.14	1.15	381400
2014-03-28	1.16	1.17	1.15	1.16	1690200
2014-03-31	1.17	1.17	1.16	1.16	1045900
2014-04-01	1.18	1.18	1.17	1.17	835500
2014-04-02	1.18	1.18	1.17	1.18	416900
2014-04-03	1.18	1.19	1.17	1.18	1106300
2014-04-04	1.17	1.19	1.16	1.18	1536500
2014-04-07	1.18	1.18	1.16	1.17	967200
2014-04-08	1.19	1.20	1.17	1.17	2251500
2014-04-09	1.23	1.23	1.20	1.20	2790700
2014-04-10	1.21	1.22	1.21	1.22	1849200
2014-04-11	1.18	1.21	1.17	1.21	1120300
2014-04-14	1.17	1.18	1.17	1.18	1305700
2014-04-15	1.17	1.18	1.16	1.18	2210900
2014-04-16	1.18	1.18	1.16	1.17	801700
2014-04-17	1.19	1.19	1.17	1.18	1814100
2014-04-21	1.19	1.20	1.18	1.19	2324500
2014-04-22	1.18	1.19	1.17	1.19	1808300
2014-04-23	1.20	1.21	1.19	1.19	3101300
2014-04-24	1.19	1.21	1.18	1.20	1148600
2014-04-25	1.15	1.17	1.15	1.17	1349500
2014-04-28	1.17	1.17	1.16	1.16	1116400
2014-04-29	1.20	1.22	1.18	1.18	4101300
2014-04-30	1.22	1.22	1.19	1.20	1981900
2014-05-01	1.23	1.24	1.22	1.24	1975000
2014-05-02	1.21	1.23	1.21	1.22	1356200
2014-05-05	1.20	1.21	1.19	1.20	1442200
2014-05-06	1.20	1.21	1.20	1.20	2630400
2014-05-07	1.20	1.21	1.19	1.20	3465000
2014-05-08	1.23	1.24	1.21	1.21	2676700
2014-05-09	1.22	1.24	1.21	1.22	3231800
2014-05-12	1.22	1.22	1.21	1.22	1072000
2014-05-13	1.22	1.22	1.21	1.22	2350600
2014-05-14	1.22	1.23	1.21	1.23	1817100
2014-05-15	1.22	1.22	1.21	1.22	2106300
2014-05-16	1.23	1.23	1.21	1.22	2109500
2014-05-19	1.22	1.23	1.21	1.23	1337900
2014-05-20	1.21	1.22	1.21	1.22	1030300
2014-05-21	1.22	1.22	1.21	1.21	438100
2014-05-22	1.24	1.25	1.22	1.22	1717800
2014-05-23	1.24	1.24	1.23	1.24	623900
2014-05-27	1.26	1.27	1.25	1.25	965300
2014-05-28	1.29	1.30	1.27	1.29	2963500
2014-05-29	1.26	1.28	1.26	1.28	1183700
2014-05-30	1.29	1.29	1.27	1.27	350100
2014-06-02	1.30	1.30	1.29	1.30	651800
2014-06-03	1.31	1.31	1.29	1.31	711600
2014-06-04	1.31	1.33	1.30	1.32	4220600
2014-06-05	1.32	1.32	1.29	1.29	1266800
2014-06-06	1.33	1.34	1.33	1.33	400000
2014-06-09	1.34	1.34	1.33	1.34	1659100
2014-06-10	1.32	1.33	1.31	1.33	672500
2014-06-11	1.34	1.34	1.33	1.34	814000
2014-06-12	1.37	1.39	1.37	1.38	1849400
2014-06-13	1.38	1.38	1.35	1.36	494400
2014-06-16	1.36	1.38	1.35	1.36	902400
2014-06-17	1.36	1.38	1.35	1.36	621200
2014-06-18	1.35	1.35	1.34	1.35	312700
2014-06-19	1.36	1.38	1.35	1.37	1136600
2014-06-20	1.34	1.36	1.33	1.35	714900
2014-06-23	1.34	1.34	1.33	1.34	309100
2014-06-24	1.34	1.35	1.33	1.34	370300
2014-06-25	1.35	1.35	1.33	1.33	595400
2014-06-26	1.38	1.38	1.36	1.38	1069300
2014-06-27	1.35	1.36	1.35	1.36	224500
2014-06-30	1.35	1.38	1.35	1.35	1258800
2014-07-01	1.40	1.40	1.37	1.38	1087400
2014-07-02	1.40	1.40	1.39	1.39	271100
2014-07-03	1.41	1.42	1.40	1.42	590500
2014-07-07	1.48	1.49	1.47	1.48	1393600
2014-07-08	1.48	1.48	1.46	1.47	715000
2014-07-09	1.47	1.49	1.46	1.48	703400
2014-07-10	1.45	1.47	1.45	1.46	1400200
2014-07-11	1.44	1.45	1.43	1.45	315800
2014-07-14	1.50	1.50	1.47	1.47	523100
2014-07-15	1.49	1.50	1.47	1.49	576800
2014-07-16	1.43	1.48	1.42	1.48	675500
2014-07-17	1.39	1.43	1.38	1.42	1160500
2014-07-18	1.43	1.43	1.41	1.41	718200
2014-07-21	1.46	1.46	1.43	1.43	630300
2014-07-22	1.46	1.48	1.45	1.45	876900
2014-07-23	1.45	1.47	1.44	1.46	1038700
2014-07-24	1.45	1.46	1.45	1.45	826200
2014-07-25	1.41	1.43	1.41	1.43	1158000
2014-07-28	1.39	1.39	1.38	1.39	831200
2014-07-29	1.36	1.38	1.36	1.38	778100
2014-07-30	1.35	1.39	1.35	1.38	2640300
2014-07-31	1.27	1.30	1.26	1.29	2050100
2014-08-01	1.27	1.27	1.24	1.26	1908600
2014-08-04	1.25	1.28	1.24	1.28	2145300
2014-08-05	1.21	1.27	1.20	1.23	2519700
2014-08-06	1.24	1.24	1.21	1.21	1907300
2014-08-07	1.23	1.25	1.22	1.24	3250900
2014-08-08	1.22	1.23	1.22	1.23	1586800
2014-08-11	1.24	1.24	1.22	1.23	2039900
2014-08-12	1.23	1.23	1.20	1.23	1146200
2014-08-13	1.24	1.25	1.23	1.23	1628200
2014-08-14	1.24	1.25	1.23	1.25	2728900
2014-08-15	1.23	1.24	1.23	1.24	1419400
2014-08-18	1.23	1.24	1.23	1.23	1678000
2014-08-19	1.26	1.26	1.23	1.24	4340200
2014-08-20	1.28	1.28	1.25	1.26	586300
2014-08-21	1.26	1.28	1.26	1.27	597100
2014-08-22	1.26	1.29	1.26	1.28	1214500
2014-08-25	1.26	1.28	1.26	1.27	977500
2014-08-26	1.27	1.28	1.27	1.28	585200
2014-08-27	1.27	1.28	1.27	1.28	1207800
2014-08-28	1.28	1.29	1.27	1.27	808000
2014-08-29	1.29	1.31	1.29	1.29	781900
2014-09-02	1.27	1.30	1.27	1.29	332500
2014-09-03	1.27	1.28	1.27	1.28	185800
2014-09-04	1.28	1.29	1.27	1.27	417700
2014-09-05	1.27	1.28	1.27	1.28	373600
2014-09-08	1.27	1.28	1.27	1.27	239500
2014-09-09	1.27	1.28	1.27	1.27	165400
2014-09-10	1.24	1.27	1.24	1.27	1017700
2014-09-11	1.24	1.24	1.23	1.23	381900
2014-09-12	1.23	1.24	1.22	1.23	1438900
2014-09-15	1.21	1.22	1.20	1.22	627700
2014-09-16	1.18	1.19	1.18	1.19	918900
2014-09-17	1.21	1.21	1.20	1.20	474600
2014-09-18	1.20	1.21	1.20	1.21	706400
2014-09-19	1.20	1.22	1.20	1.21	666800
2014-09-22	1.18	1.20	1.18	1.20	726800
2014-09-23	1.19	1.20	1.18	1.19	655200
2014-09-24	1.20	1.20	1.19	1.19	828600
2014-09-25	1.18	1.19	1.17	1.18	1198700
2014-09-26	1.18	1.18	1.17	1.18	593400
2014-09-29	1.17	1.18	1.16	1.18	1112800
2014-09-30	1.16	1.17	1.16	1.17	595800
2014-10-01	1.14	1.16	1.14	1.16	832100
2014-10-02	1.17	1.17	1.16	1.16	1255400
2014-10-03	1.20	1.21	1.18	1.18	603000
2014-10-06	1.18	1.21	1.18	1.21	611400
2014-10-07	1.18	1.19	1.17	1.17	736300
2014-10-08	1.20	1.21	1.18	1.19	427100
2014-10-09	1.18	1.20	1.17	1.20	274800
2014-10-10	1.16	1.17	1.14	1.17	2008700
2014-10-13	1.13	1.16	1.13	1.14	526300
2014-10-14	1.16	1.16	1.14	1.15	685900
2014-10-15	1.16	1.17	1.14	1.14	586300
2014-10-16	1.16	1.16	1.14	1.14	363900
2014-10-17	1.14	1.16	1.14	1.15	391300
2014-10-20	1.15	1.16	1.14	1.16	209700
2014-10-21	1.15	1.16	1.14	1.15	1345600
2014-10-22	1.16	1.16	1.15	1.16	1863900
2014-10-23	1.17	1.17	1.16	1.16	511000
2014-10-24	1.17	1.17	1.15	1.15	1021600
2014-10-27	1.16	1.16	1.15	1.16	287300
2014-10-28	1.17	1.17	1.16	1.17	655100
2014-10-29	1.25	1.27	1.17	1.17	1419500
2014-10-30	1.24	1.25	1.23	1.24	1464000
2014-10-31	1.27	1.28	1.25	1.25	1647100
2014-11-03	1.27	1.27	1.26	1.27	713700
2014-11-04	1.25	1.27	1.24	1.25	1340500
2014-11-05	1.26	1.27	1.25	1.26	984100
2014-11-06	1.24	1.25	1.24	1.25	415000
2014-11-07	1.24	1.24	1.23	1.24	146000
2014-11-10	1.26	1.29	1.24	1.27	1772100
2014-11-11	1.25	1.26	1.25	1.25	365600
2014-11-12	1.25	1.25	1.23	1.24	344600
2014-11-13	1.24	1.25	1.24	1.25	246400
2014-11-14	1.25	1.25	1.24	1.24	538000
2014-11-17	1.23	1.24	1.23	1.24	224100
2014-11-18	1.23	1.23	1.22	1.23	125600
2014-11-19	1.25	1.25	1.23	1.24	243700
2014-11-20	1.28	1.30	1.27	1.28	504800
2014-11-21	1.28	1.30	1.28	1.30	221500
2014-11-24	1.27	1.28	1.26	1.28	211500
2014-11-25	1.27	1.28	1.27	1.28	834800
2014-11-26	1.28	1.28	1.27	1.27	271600
2014-11-28	1.25	1.27	1.25	1.26	155500
2014-12-01	1.24	1.25	1.24	1.25	153900
2014-12-02	1.24	1.25	1.24	1.24	211000
2014-12-03	1.27	1.28	1.26	1.27	269700
2014-12-04	1.29	1.30	1.28	1.28	992900
2014-12-05	1.29	1.29	1.28	1.28	394700
2014-12-08	1.27	1.30	1.26	1.28	1266000
2014-12-09	1.28	1.28	1.25	1.27	360800
2014-12-10	1.24	1.27	1.24	1.27	296600
2014-12-11	1.25	1.26	1.24	1.24	200000
2014-12-12	1.25	1.25	1.23	1.24	289700
2014-12-15	1.28	1.30	1.28	1.28	655800
2014-12-16	1.25	1.27	1.24	1.25	430600
2014-12-17	1.25	1.25	1.22	1.22	334800
2014-12-18	1.27	1.27	1.25	1.26	396300
2014-12-19	1.30	1.30	1.27	1.28	1312300
2014-12-22	1.32	1.32	1.30	1.30	667100
2014-12-23	1.33	1.35	1.32	1.32	699100
2014-12-24	1.35	1.35	1.33	1.34	380200
2014-12-26	1.33	1.35	1.33	1.34	285700
2014-12-29	1.32	1.34	1.32	1.33	266900
2014-12-30	1.30	1.31	1.30	1.30	105700
2014-12-31	1.32	1.34	1.31	1.31	234100
2015-01-02	1.29	1.32	1.29	1.32	596800
2015-01-05	1.33	1.34	1.31	1.34	803500
2015-01-06	1.29	1.30	1.28	1.30	595000
2015-01-07	1.31	1.32	1.30	1.30	479600
2015-01-08	1.37	1.37	1.32	1.33	3814500
2015-01-09	1.39	1.39	1.36	1.39	3412500
2015-01-12	1.41	1.42	1.39	1.41	1259900
2015-01-13	1.40	1.41	1.38	1.40	1100900
2015-01-14	1.38	1.39	1.36	1.36	989200
2015-01-15	1.38	1.39	1.37	1.37	639700
2015-01-16	1.36	1.36	1.34	1.35	2223400
2015-01-20	1.38	1.39	1.36	1.38	829800
2015-01-21	1.40	1.40	1.37	1.38	589400
2015-01-22	1.44	1.44	1.40	1.41	500800
2015-01-23	1.45	1.45	1.42	1.43	1833700
2015-01-26	1.44	1.45	1.42	1.43	699800
2015-01-27	1.43	1.43	1.41	1.43	1925200
2015-01-28	1.44	1.47	1.43	1.46	1740500
2015-01-29	1.41	1.42	1.39	1.42	434700
2015-01-30	1.38	1.41	1.38	1.41	471400
2015-02-02	1.44	1.44	1.40	1.40	643000
2015-02-03	1.44	1.45	1.43	1.44	977500
2015-02-04	1.44	1.45	1.43	1.44	3471000
2015-02-05	1.45	1.45	1.44	1.45	693500
2015-02-06	1.43	1.45	1.43	1.44	1050500
2015-02-09	1.41	1.45	1.41	1.45	871800
2015-02-10	1.42	1.42	1.41	1.42	343400
2015-02-11	1.45	1.45	1.43	1.43	1002000
2015-02-12	1.44	1.45	1.43	1.45	462500
2015-02-13	1.44	1.44	1.43	1.44	813200
2015-02-17	1.43	1.43	1.43	1.43	243000
2015-02-18	1.43	1.43	1.42	1.43	199700
2015-02-19	1.42	1.43	1.42	1.43	151700
2015-02-20	1.43	1.43	1.41	1.41	401000
2015-02-23	1.43	1.43	1.42	1.43	512500
2015-02-24	1.43	1.43	1.43	1.43	612500
2015-02-25	1.48	1.48	1.43	1.45	1092200
2015-02-26	1.46	1.48	1.45	1.48	244100
2015-02-27	1.46	1.48	1.46	1.46	571200
2015-03-02	1.46	1.48	1.45	1.46	715800
2015-03-03	1.47	1.47	1.45	1.47	443600
2015-03-04	1.45	1.46	1.45	1.46	766300
2015-03-05	1.44	1.45	1.43	1.45	592200
2015-03-06	1.43	1.46	1.42	1.43	552200
2015-03-09	1.43	1.43	1.42	1.43	328700
2015-03-10	1.43	1.43	1.42	1.42	351000
2015-03-11	1.43	1.44	1.42	1.42	310400
2015-03-12	1.45	1.46	1.45	1.45	358200
2015-03-13	1.43	1.45	1.42	1.45	344000
2015-03-16	1.44	1.45	1.43	1.43	336800
2015-03-17	1.42	1.44	1.42	1.44	286700
2015-03-18	1.45	1.45	1.41	1.43	477100
2015-03-19	1.44	1.45	1.43	1.45	652400
2015-03-20	1.44	1.45	1.43	1.43	412800
2015-03-23	1.43	1.45	1.43	1.44	505600
2015-03-24	1.44	1.45	1.43	1.45	2597900
2015-03-25	1.39	1.45	1.37	1.45	1079600
2015-03-26	1.36	1.39	1.28	1.39	1165900
2015-03-27	1.40	1.40	1.37	1.37	1076100
2015-03-30	1.41	1.43	1.40	1.42	574300
2015-03-31	1.42	1.43	1.39	1.40	804800
2015-04-01	1.38	1.41	1.38	1.40	533400
2015-04-02	1.43	1.43	1.40	1.41	414700
2015-04-06	1.46	1.46	1.42	1.43	1130300
2015-04-07	1.45	1.47	1.45	1.46	611400
2015-04-08	1.43	1.45	1.43	1.45	338900
2015-04-09	1.42	1.43	1.41	1.43	613900
2015-04-10	1.41	1.42	1.41	1.42	439700
2015-04-13	1.39	1.41	1.39	1.41	330600
2015-04-14	1.35	1.39	1.35	1.38	1221800
2015-04-15	1.36	1.36	1.33	1.34	752400
2015-04-16	1.34	1.35	1.31	1.34	678600
2015-04-17	1.30	1.32	1.27	1.32	1764000
2015-04-20	1.28	1.30	1.26	1.29	1304500
2015-04-21	1.32	1.32	1.29	1.31	2531300
2015-04-22	1.32	1.34	1.31	1.31	1635800
2015-04-23	1.38	1.38	1.35	1.36	814300
2015-04-24	1.38	1.39	1.36	1.39	284600
2015-04-27	1.42	1.42	1.38	1.38	895500
2015-04-28	1.39	1.42	1.39	1.42	560900
2015-04-29	1.41	1.42	1.37	1.37	720400
2015-04-30	1.41	1.41	1.37	1.39	2473900
2015-05-01	1.39	1.41	1.38	1.39	736000
2015-05-04	1.35	1.37	1.34	1.37	1365100
2015-05-05	1.34	1.36	1.32	1.35	1552400
2015-05-06	1.36	1.36	1.34	1.35	726800
2015-05-07	1.33	1.33	1.31	1.32	751900
2015-05-08	1.30	1.31	1.29	1.30	1650900
2015-05-11	1.27	1.30	1.25	1.30	9577600
2015-05-12	1.26	1.27	1.25	1.27	1293000
2015-05-13	1.29	1.29	1.27	1.28	1145300
2015-05-14	1.29	1.31	1.28	1.29	1499600
2015-05-15	1.31	1.31	1.28	1.30	608800
2015-05-18	1.30	1.31	1.30	1.30	998700
2015-05-19	1.32	1.34	1.31	1.31	1100400
2015-05-20	1.32	1.33	1.31	1.32	668500
2015-05-21	1.30	1.31	1.29	1.31	1013300
2015-05-22	1.31	1.32	1.31	1.31	356600
2015-05-26	1.31	1.32	1.29	1.31	668000
2015-05-27	1.32	1.33	1.31	1.31	352900
2015-05-28	1.33	1.33	1.31	1.31	419800
2015-05-29	1.31	1.32	1.31	1.32	323800
2015-06-01	1.29	1.30	1.28	1.30	415100
2015-06-02	1.28	1.28	1.27	1.28	632600
2015-06-03	1.29	1.30	1.27	1.29	1228900
2015-06-04	1.26	1.26	1.25	1.26	841000
2015-06-05	1.25	1.25	1.24	1.25	706300
2015-06-08	1.24	1.24	1.23	1.24	1303500
2015-06-09	1.20	1.23	1.20	1.23	1519100
2015-06-10	1.24	1.25	1.22	1.22	568100
2015-06-11	1.22	1.23	1.21	1.23	536000
2015-06-12	1.23	1.23	1.22	1.23	247500
2015-06-15	1.23	1.24	1.23	1.24	386400
2015-06-16	1.21	1.23	1.20	1.22	533200
2015-06-17	1.22	1.23	1.20	1.20	400400
2015-06-18	1.23	1.23	1.21	1.22	258300
2015-06-19	1.17	1.23	1.16	1.22	3885500
2015-06-22	1.21	1.22	1.19	1.20	1625000
2015-06-23	1.23	1.23	1.21	1.22	573600
2015-06-24	1.21	1.22	1.20	1.22	747700
2015-06-25	1.23	1.24	1.22	1.24	1176100
2015-06-26	1.20	1.22	1.20	1.21	576100
2015-06-29	1.17	1.20	1.17	1.20	1132300
2015-06-30	1.19	1.20	1.18	1.20	503700
2015-07-01	1.19	1.21	1.19	1.21	652500
2015-07-02	1.21	1.21	1.20	1.20	756200
2015-07-06	1.20	1.20	1.19	1.19	567200
2015-07-07	1.18	1.18	1.16	1.18	1133500
2015-07-08	1.11	1.16	1.10	1.16	1398100
2015-07-09	1.14	1.16	1.13	1.13	1264800
2015-07-10	1.17	1.17	1.15	1.17	817700
2015-07-13	1.17	1.18	1.15	1.17	1270800
2015-07-14	1.20	1.21	1.18	1.19	1918000
2015-07-15	1.18	1.21	1.18	1.20	1515000
2015-07-16	1.18	1.19	1.18	1.18	524300
2015-07-17	1.17	1.18	1.17	1.18	884100
2015-07-20	1.17	1.18	1.17	1.17	498200
2015-07-21	1.17	1.18	1.17	1.18	662800
2015-07-22	1.09	1.15	1.09	1.14	2519700
2015-07-23	1.09	1.09	1.08	1.09	1297000
2015-07-24	1.07	1.09	1.07	1.09	632200
2015-07-27	1.06	1.06	1.04	1.06	1429900
2015-07-28	1.06	1.07	1.05	1.05	1619800
2015-07-29	1.04	1.06	1.04	1.06	4806000
2015-07-30	1.10	1.11	1.08	1.10	1865900
2015-07-31	1.09	1.11	1.07	1.09	1722100
2015-08-03	1.09	1.09	1.08	1.09	806300
2015-08-04	1.08	1.09	1.06	1.08	1087000
2015-08-05	1.08	1.09	1.07	1.08	1178700
2015-08-06	1.08	1.08	1.07	1.08	411500
2015-08-07	1.08	1.08	1.06	1.07	552900
2015-08-10	1.09	1.11	1.07	1.08	1748000
2015-08-11	1.06	1.08	1.06	1.08	1099100
2015-08-12	1.09	1.09	1.06	1.07	707200
2015-08-13	1.06	1.08	1.06	1.08	814500
2015-08-14	1.07	1.08	1.06	1.07	340000
2015-08-17	1.06	1.07	1.04	1.06	627600
2015-08-18	1.04	1.06	1.04	1.06	1055300
2015-08-19	1.04	1.04	1.03	1.04	1066300
2015-08-20	1.03	1.03	1.02	1.03	1518300
2015-08-21	0.99	1.00	0.98	1.00	2810100
2015-08-24	0.98	1.00	0.86	0.94	2181100
2015-08-25	1.02	1.03	1.01	1.01	1225100
2015-08-26	1.01	1.02	1.01	1.01	1053300
2015-08-27	1.04	1.04	1.03	1.03	791500
2015-08-28	1.05	1.06	1.04	1.04	1174700
2015-08-31	0.99	1.04	0.98	1.04	1699000
2015-09-01	1.01	1.01	0.99	1.00	893900
2015-09-02	1.01	1.02	1.01	1.02	676600
2015-09-03	1.06	1.08	1.06	1.06	1441700
2015-09-04	1.02	1.04	1.02	1.04	1474200
2015-09-08	1.08	1.09	1.04	1.04	1276400
2015-09-09	1.06	1.10	1.06	1.09	494600
2015-09-10	1.08	1.09	1.07	1.08	530700
2015-09-11	1.07	1.08	1.06	1.08	793500
2015-09-14	1.07	1.08	1.06	1.07	378700
2015-09-15	1.10	1.11	1.08	1.08	1093800
2015-09-16	1.11	1.11	1.09	1.09	1085600
2015-09-17	1.11	1.12	1.09	1.09	588400
2015-09-18	1.08	1.11	1.08	1.11	873300
2015-09-21	1.06	1.08	1.06	1.07	1076100
2015-09-22	1.03	1.06	1.03	1.05	644000
2015-09-23	1.01	1.03	1.01	1.02	345600
2015-09-24	1.01	1.01	0.99	1.00	333600
2015-09-25	0.98	1.03	0.97	1.03	2460300
2015-09-28	0.98	1.00	0.98	0.99	306600
2015-09-29	1.00	1.00	0.98	0.99	574700
2015-09-30	0.98	1.01	0.98	1.00	1156000
2015-10-01	1.01	1.02	1.00	1.00	370200
2015-10-02	1.01	1.02	1.00	1.00	737100
2015-10-05	1.06	1.06	1.03	1.03	801900
2015-10-06	1.05	1.06	1.05	1.06	441900
2015-10-07	1.08	1.09	1.06	1.06	769100
2015-10-08	1.08	1.08	1.06	1.06	526900
2015-10-09	1.07	1.09	1.06	1.09	887100
2015-10-12	1.08	1.08	1.07	1.08	1028000
2015-10-13	1.11	1.11	1.08	1.08	2021500
2015-10-14	1.15	1.16	1.12	1.12	2988700
2015-10-15	1.19	1.20	1.18	1.19	3345700
2015-10-16	1.17	1.18	1.15	1.18	2310400
2015-10-19	1.18	1.20	1.18	1.18	1403600
2015-10-20	1.16	1.18	1.16	1.18	459900
2015-10-21	1.13	1.15	1.13	1.15	1420200
2015-10-22	1.17	1.17	1.15	1.15	570700
2015-10-23	1.17	1.19	1.17	1.18	781600
2015-10-26	1.18	1.18	1.18	1.18	286200
2015-10-27	1.17	1.18	1.16	1.17	690500
2015-10-28	1.14	1.19	1.13	1.15	1844600
2015-10-29	1.12	1.14	1.10	1.13	713600
2015-10-30	1.12	1.14	1.12	1.13	805300
2015-11-02	1.14	1.14	1.12	1.13	1139400
2015-11-03	1.17	1.18	1.15	1.15	790000
2015-11-04	1.21	1.21	1.18	1.18	1790500
2015-11-05	1.20	1.20	1.18	1.20	430000
2015-11-06	1.18	1.19	1.17	1.17	2946400
2015-11-09	1.18	1.18	1.15	1.15	1931300
2015-11-10	1.15	1.16	1.14	1.15	1645400
2015-11-11	1.15	1.15	1.14	1.15	1754800
2015-11-12	1.14	1.15	1.14	1.14	1769800
2015-11-13	1.12	1.13	1.11	1.12	1498500
2015-11-16	1.12	1.12	1.10	1.11	1371700
2015-11-17	1.16	1.17	1.15	1.15	1348700
2015-11-18	1.16	1.16	1.13	1.15	1350300
2015-11-19	1.17	1.18	1.16	1.17	1903000
2015-11-20	1.20	1.20	1.18	1.18	2160400
2015-11-23	1.17	1.19	1.16	1.19	1823300
2015-11-24	1.14	1.15	1.13	1.15	800100
2015-11-25	1.15	1.15	1.11	1.11	1432700
2015-11-27	1.14	1.14	1.12	1.14	195200
2015-11-30	1.12	1.14	1.11	1.13	1269700
2015-12-01	1.15	1.16	1.14	1.15	2266400
2015-12-02	1.14	1.15	1.14	1.14	1353800
2015-12-03	1.14	1.15	1.14	1.15	574600
2015-12-04	1.14	1.14	1.12	1.13	527400
2015-12-07	1.14	1.15	1.14	1.14	412800
2015-12-08	1.11	1.12	1.11	1.12	511100
2015-12-09	1.07	1.10	1.07	1.09	1301700
2015-12-10	1.09	1.10	1.08	1.09	1091200
2015-12-11	1.09	1.10	1.08	1.09	1233700
2015-12-14	1.11	1.11	1.09	1.11	659500
2015-12-15	1.12	1.12	1.10	1.11	1062500
2015-12-16	1.14	1.14	1.11	1.12	696500
2015-12-17	1.14	1.16	1.14	1.15	722700
2015-12-18	1.15	1.15	1.13	1.13	2379800
2015-12-21	1.17	1.18	1.17	1.17	469400
2015-12-22	1.16	1.17	1.15	1.16	719900
2015-12-23	1.18	1.18	1.16	1.17	604300
2015-12-24	1.17	1.18	1.17	1.18	219100
2015-12-28	1.16	1.17	1.15	1.17	390400
2015-12-29	1.15	1.16	1.14	1.15	533500
2015-12-30	1.13	1.15	1.13	1.15	252800
2015-12-31	1.14	1.15	1.13	1.14	221600
2016-01-04	1.09	1.12	1.08	1.12	2720300
2016-01-05	1.08	1.11	1.08	1.09	684400
2016-01-06	1.07	1.09	1.07	1.08	404300
2016-01-07	1.03	1.05	1.02	1.04	1904700
2016-01-08	1.03	1.05	1.01	1.05	1129000
2016-01-11	1.02	1.02	1.00	1.01	4235700
2016-01-12	1.01	1.03	1.00	1.02	1528100
2016-01-13	1.01	1.01	1.01	1.01	4961000
2016-01-14	1.06	1.06	1.01	1.01	1866600
2016-01-15	1.01	1.03	1.01	1.03	1356900
2016-01-19	1.03	1.03	1.01	1.01	506100
2016-01-20	1.02	1.02	1.00	1.01	741600
2016-01-21	1.01	1.03	1.01	1.01	420800
2016-01-22	1.04	1.04	1.03	1.04	388100
2016-01-25	1.04	1.04	1.04	1.04	587400
2016-01-26	1.06	1.08	1.05	1.07	1002400
2016-01-27	1.11	1.11	1.08	1.08	2636900
2016-01-28	1.18	1.19	1.14	1.14	1953800
2016-01-29	1.19	1.20	1.16	1.17	846500
2016-02-01	1.21	1.21	1.17	1.18	843600
2016-02-02	1.20	1.21	1.20	1.20	849000
2016-02-03	1.20	1.20	1.17	1.19	383600
2016-02-04	1.21	1.21	1.20	1.20	508400
2016-02-05	1.22	1.22	1.21	1.21	720600
2016-02-08	1.19	1.21	1.19	1.21	627500
2016-02-09	1.17	1.19	1.17	1.19	421900
2016-02-10	1.20	1.20	1.18	1.18	395900
2016-02-11	1.18	1.18	1.16	1.16	675400
2016-02-12	1.17	1.19	1.16	1.18	826200
2016-02-16	1.22	1.22	1.17	1.18	398300
2016-02-17	1.25	1.26	1.21	1.22	1292400
2016-02-18	1.27	1.28	1.25	1.25	1236700
2016-02-19	1.25	1.26	1.24	1.25	478800
2016-02-22	1.25	1.26	1.25	1.26	1113500
2016-02-23	1.23	1.25	1.23	1.25	710400
2016-02-24	1.22	1.23	1.21	1.22	555300
2016-02-25	1.25	1.25	1.23	1.23	791200
2016-02-26	1.25	1.26	1.25	1.26	453900
2016-02-29	1.26	1.26	1.25	1.25	481700
2016-03-01	1.26	1.28	1.26	1.26	1223600
2016-03-02	1.26	1.28	1.26	1.26	589300
2016-03-03	1.28	1.28	1.27	1.28	458100
2016-03-04	1.29	1.29	1.27	1.27	673800
2016-03-07	1.28	1.29	1.27	1.28	393600
2016-03-08	1.25	1.27	1.24	1.26	308900
2016-03-09	1.25	1.25	1.23	1.25	668200
2016-03-10	1.27	1.28	1.25	1.26	974700
2016-03-11	1.30	1.30	1.28	1.28	588400
2016-03-14	1.27	1.30	1.27	1.30	643900
2016-03-15	1.25	1.26	1.24	1.25	398100
2016-03-16	1.29	1.29	1.25	1.26	1234600
2016-03-17	1.28	1.29	1.27	1.29	678100
2016-03-18	1.29	1.30	1.28	1.28	876600
2016-03-21	1.28	1.29	1.27	1.28	268200
2016-03-22	1.28	1.30	1.28	1.28	1377600
2016-03-23	1.27	1.29	1.26	1.28	1354500
2016-03-24	1.28	1.29	1.26	1.28	1487800
2016-03-28	1.26	1.28	1.25	1.28	479000
2016-03-29	1.25	1.26	1.23	1.26	500000
2016-03-30	1.28	1.29	1.28	1.29	2123200
2016-03-31	1.26	1.29	1.26	1.29	769600
2016-04-01	1.29	1.29	1.26	1.26	822000
2016-04-04	1.27	1.29	1.27	1.29	268100
2016-04-05	1.26	1.27	1.24	1.27	1031200
2016-04-06	1.23	1.24	1.20	1.24	3127200
2016-04-07	1.20	1.22	1.19	1.21	895800
2016-04-08	1.22	1.23	1.21	1.22	685000
2016-04-11	1.22	1.23	1.21	1.22	684300
2016-04-12	1.24	1.25	1.22	1.24	849000
2016-04-13	1.24	1.25	1.23	1.23	966200
2016-04-14	1.23	1.23	1.22	1.23	586200
2016-04-15	1.22	1.23	1.22	1.23	523500
2016-04-18	1.24	1.25	1.22	1.22	556200
2016-04-19	1.23	1.23	1.22	1.23	1170200
2016-04-20	1.22	1.22	1.21	1.22	896000
2016-04-21	1.20	1.22	1.18	1.22	752200
2016-04-22	1.21	1.21	1.19	1.20	782700
2016-04-25	1.21	1.22	1.20	1.20	1083800
2016-04-26	1.21	1.22	1.20	1.20	168800
2016-04-27	1.18	1.20	1.18	1.18	921000
2016-04-28	1.15	1.16	1.14	1.16	1295000
2016-04-29	1.15	1.15	1.13	1.14	890900
2016-05-02	1.12	1.14	1.12	1.14	823800
2016-05-03	1.08	1.11	1.08	1.11	3219000
2016-05-04	1.09	1.09	1.07	1.07	2392700
2016-05-05	1.09	1.10	1.06	1.08	1139000
2016-05-06	1.08	1.09	1.08	1.09	815000
2016-05-09	1.10	1.10	1.08	1.08	706000
2016-05-10	1.08	1.09	1.08	1.09	1002200
2016-05-11	1.10	1.11	1.09	1.11	1224800
2016-05-12	1.08	1.09	1.08	1.09	992700
2016-05-13	1.06	1.08	1.06	1.08	544600
2016-05-16	1.09	1.09	1.08	1.09	682800
2016-05-17	1.09	1.09	1.08	1.09	723600
2016-05-18	1.09	1.09	1.08	1.08	732900
2016-05-19	1.07	1.09	1.07	1.08	663900
2016-05-20	1.09	1.09	1.08	1.08	353100
2016-05-23	1.10	1.11	1.09	1.11	1641000
2016-05-24	1.11	1.11	1.09	1.10	1569000
2016-05-25	1.13	1.14	1.12	1.12	408700
2016-05-26	1.14	1.15	1.13	1.13	339700
2016-05-27	1.15	1.15	1.14	1.14	417800
2016-05-31	1.14	1.15	1.14	1.14	642800
2016-06-01	1.15	1.16	1.14	1.14	323000
2016-06-02	1.17	1.17	1.14	1.14	475300
2016-06-03	1.16	1.17	1.15	1.17	295200
2016-06-06	1.17	1.18	1.15	1.15	798500
2016-06-07	1.19	1.19	1.17	1.17	534800
2016-06-08	1.23	1.23	1.18	1.19	1006700
2016-06-09	1.22	1.23	1.19	1.19	690800
2016-06-10	1.18	1.20	1.18	1.19	1214100
2016-06-13	1.19	1.19	1.15	1.17	774100
2016-06-14	1.16	1.17	1.15	1.17	807500
2016-06-15	1.17	1.18	1.17	1.17	816100
2016-06-16	1.14	1.16	1.14	1.15	2288100
2016-06-17	1.15	1.17	1.15	1.17	716700
2016-06-20	1.18	1.19	1.17	1.17	461300
2016-06-21	1.18	1.18	1.16	1.17	1408900
2016-06-22	1.19	1.20	1.18	1.18	490400
2016-06-23	1.21	1.22	1.20	1.21	1206600
2016-06-24	1.17	1.17	1.15	1.15	467500
2016-06-27	1.19	1.19	1.17	1.18	630200
2016-06-28	1.21	1.22	1.17	1.17	909400
2016-06-29	1.22	1.22	1.21	1.22	334000
2016-06-30	1.21	1.21	1.20	1.20	339700
2016-07-01	1.20	1.22	1.20	1.20	691500
2016-07-05	1.20	1.20	1.18	1.19	300800
2016-07-06	1.18	1.19	1.17	1.18	550800
2016-07-07	1.22	1.23	1.18	1.18	941700
2016-07-08	1.22	1.23	1.21	1.23	386500
2016-07-11	1.27	1.28	1.24	1.24	1556300
2016-07-12	1.27	1.29	1.27	1.28	4180600
2016-07-13	1.27	1.28	1.26	1.28	1842300
2016-07-14	1.27	1.29	1.26	1.29	1016100
2016-07-15	1.27	1.27	1.26	1.27	1145600
2016-07-18	1.27	1.28	1.27	1.28	591000
2016-07-19	1.24	1.27	1.24	1.27	1901800
2016-07-20	1.26	1.26	1.24	1.26	469500
2016-07-21	1.27	1.27	1.26	1.27	703500
2016-07-22	1.26	1.26	1.25	1.26	634600
2016-07-25	1.24	1.26	1.24	1.26	328200
2016-07-26	1.26	1.27	1.25	1.25	1789200
2016-07-27	1.20	1.26	1.20	1.26	5205000
2016-07-28	1.21	1.22	1.20	1.22	1864000
2016-07-29	1.20	1.21	1.19	1.21	1113800
2016-08-01	1.23	1.23	1.20	1.21	575600
2016-08-02	1.20	1.24	1.20	1.22	1311100
2016-08-03	1.20	1.20	1.19	1.20	777600
2016-08-04	1.22	1.22	1.21	1.21	1045900
2016-08-05	1.22	1.23	1.22	1.22	668700
2016-08-08	1.20	1.24	1.20	1.23	946400
2016-08-09	1.22	1.22	1.21	1.22	575900
2016-08-10	1.23	1.23	1.22	1.23	334500
2016-08-11	1.24	1.24	1.23	1.23	454800
2016-08-12	1.22	1.25	1.22	1.24	654700
2016-08-15	1.22	1.23	1.21	1.23	521700
2016-08-16	1.21	1.22	1.19	1.20	1086000
2016-08-17	1.20	1.20	1.19	1.19	475900
2016-08-18	1.20	1.20	1.19	1.20	513600
2016-08-19	1.19	1.20	1.18	1.19	537800
2016-08-22	1.17	1.19	1.16	1.18	648400
2016-08-23	1.19	1.19	1.17	1.17	1126000
2016-08-24	1.19	1.19	1.17	1.18	1024200
2016-08-25	1.20	1.23	1.20	1.21	462900
2016-08-26	1.20	1.22	1.19	1.22	654100
2016-08-29	1.19	1.20	1.19	1.19	692400
2016-08-30	1.19	1.20	1.18	1.19	717300
2016-08-31	1.18	1.19	1.17	1.18	498200
2016-09-01	1.18	1.19	1.17	1.19	2314300
2016-09-02	1.19	1.20	1.18	1.19	684200
2016-09-06	1.20	1.21	1.20	1.20	554300
2016-09-07	1.20	1.22	1.20	1.21	2003200
2016-09-08	1.19	1.21	1.19	1.20	627400
2016-09-09	1.18	1.19	1.17	1.17	418100
2016-09-12	1.19	1.19	1.17	1.17	342600
2016-09-13	1.16	1.18	1.16	1.17	391300
2016-09-14	1.16	1.16	1.15	1.16	496600
2016-09-15	1.15	1.17	1.15	1.15	482900
2016-09-16	1.16	1.17	1.15	1.16	425000
2016-09-19	1.17	1.17	1.16	1.17	543800
2016-09-20	1.17	1.18	1.17	1.17	618400
2016-09-21	1.20	1.20	1.18	1.19	716600
2016-09-22	1.19	1.20	1.19	1.20	694300
2016-09-23	1.19	1.19	1.18	1.19	595200
2016-09-26	1.17	1.19	1.17	1.18	498600
2016-09-27	1.17	1.18	1.17	1.17	852300
2016-09-28	1.17	1.19	1.17	1.19	715900
2016-09-29	1.17	1.18	1.17	1.17	632700
2016-09-30	1.17	1.19	1.17	1.17	1135000
2016-10-03	1.17	1.19	1.17	1.17	744300
2016-10-04	1.17	1.18	1.16	1.17	796100
2016-10-05	1.16	1.18	1.16	1.18	817700
2016-10-06	1.16	1.17	1.15	1.17	825200
2016-10-07	1.17	1.18	1.15	1.18	709900
2016-10-10	1.19	1.19	1.17	1.18	448000
2016-10-11	1.19	1.21	1.17	1.17	1915300
2016-10-12	1.19	1.20	1.18	1.18	972600
2016-10-13	1.17	1.18	1.17	1.18	828100
2016-10-14	1.19	1.20	1.18	1.19	531800
2016-10-17	1.19	1.19	1.18	1.19	476500
2016-10-18	1.20	1.20	1.19	1.19	658600
2016-10-19	1.18	1.19	1.18	1.19	600400
2016-10-20	1.17	1.20	1.17	1.18	1213700
2016-10-21	1.17	1.18	1.17	1.17	757100
2016-10-24	1.20	1.22	1.18	1.19	3875900
2016-10-25	1.20	1.20	1.19	1.20	1019800
2016-10-26	1.16	1.19	1.16	1.19	1586500
2016-10-27	1.17	1.19	1.17	1.18	517500
2016-10-28	1.19	1.19	1.19	1.19	719500
2016-10-31	1.20	1.20	1.19	1.20	581800
2016-11-01	1.22	1.22	1.19	1.21	1870400
2016-11-02	1.19	1.22	1.18	1.20	1277500
2016-11-03	1.17	1.19	1.17	1.19	375800
2016-11-04	1.17	1.18	1.17	1.17	574400
2016-11-07	1.19	1.19	1.17	1.17	521600
2016-11-08	1.19	1.19	1.18	1.18	480400
2016-11-09	1.17	1.18	1.17	1.17	347700
2016-11-10	1.15	1.17	1.15	1.17	644000
2016-11-11	1.14	1.14	1.13	1.14	842000
2016-11-14	1.14	1.14	1.14	1.14	339200
2016-11-15	1.15	1.15	1.14	1.14	453100
2016-11-16	1.14	1.14	1.14	1.14	659900
2016-11-17	1.14	1.15	1.14	1.15	290700
2016-11-18	1.18	1.19	1.14	1.15	1906900
2016-11-21	1.17	1.17	1.16	1.17	408800
2016-11-22	1.16	1.17	1.15	1.17	1422100
2016-11-23	1.17	1.17	1.16	1.17	333300
2016-11-25	1.17	1.17	1.15	1.17	268600
2016-11-28	1.15	1.16	1.15	1.16	286900
2016-11-29	1.16	1.16	1.15	1.15	354500
2016-11-30	1.15	1.15	1.14	1.15	703200
2016-12-01	1.13	1.16	1.12	1.15	1199900
2016-12-02	1.15	1.15	1.14	1.15	769100
2016-12-05	1.13	1.14	1.13	1.13	617800
2016-12-06	1.15	1.15	1.14	1.14	375600
2016-12-07	1.16	1.16	1.14	1.14	601100
2016-12-08	1.17	1.17	1.15	1.15	779600
2016-12-09	1.15	1.17	1.15	1.16	730700
2016-12-12	1.16	1.16	1.15	1.15	384300
2016-12-13	1.15	1.16	1.14	1.15	752900
2016-12-14	1.14	1.15	1.14	1.14	639200
2016-12-15	1.16	1.16	1.14	1.14	693600
2016-12-16	1.14	1.15	1.14	1.15	653200
2016-12-19	1.14	1.17	1.13	1.16	1370500
2016-12-20	1.14	1.15	1.13	1.13	508300
2016-12-21	1.14	1.15	1.14	1.14	818500
2016-12-22	1.14	1.15	1.13	1.15	729000
2016-12-23	1.13	1.14	1.12	1.13	1206100
2016-12-27	1.12	1.14	1.12	1.13	1208800
2016-12-28	1.12	1.14	1.12	1.14	950100
2016-12-29	1.11	1.13	1.11	1.12	929300
2016-12-30	1.11	1.13	1.10	1.11	2078700
2017-01-03	1.13	1.14	1.12	1.12	948800
2017-01-04	1.12	1.14	1.12	1.13	1362500
2017-01-05	1.13	1.15	1.13	1.14	1406500
2017-01-06	1.14	1.15	1.14	1.14	1099300
2017-01-09	1.16	1.17	1.14	1.15	1678000
2017-01-10	1.17	1.17	1.15	1.16	870600
2017-01-11	1.19	1.19	1.16	1.17	1350800
2017-01-12	1.19	1.19	1.17	1.19	3913800
2017-01-13	1.19	1.20	1.18	1.19	1208200
2017-01-17	1.17	1.19	1.17	1.18	1041800
2017-01-18	1.18	1.19	1.17	1.17	518300
2017-01-19	1.16	1.18	1.15	1.18	937700
2017-01-20	1.17	1.19	1.15	1.17	1695800
2017-01-23	1.14	1.17	1.14	1.17	3934600
2017-01-24	1.14	1.16	1.12	1.15	3464900
2017-01-25	1.13	1.15	1.12	1.14	1201800
2017-01-26	1.16	1.17	1.12	1.14	2456900
2017-01-27	1.17	1.18	1.14	1.16	1512300
2017-01-30	1.16	1.17	1.15	1.17	1405300
2017-01-31	1.15	1.17	1.15	1.17	1879500
2017-02-01	1.19	1.20	1.15	1.15	2981400
2017-02-02	1.17	1.18	1.16	1.18	1677600
2017-02-03	1.15	1.18	1.15	1.17	3136000
2017-02-06	1.17	1.17	1.15	1.17	2040300
2017-02-07	1.15	1.18	1.15	1.18	665900
2017-02-08	1.16	1.17	1.15	1.17	1785000
2017-02-09	1.16	1.17	1.15	1.17	874700
2017-02-10	1.16	1.17	1.15	1.17	1141200
2017-02-13	1.20	1.20	1.17	1.17	1434500
2017-02-14	1.19	1.20	1.17	1.19	1073900
2017-02-15	1.19	1.20	1.19	1.20	408300
2017-02-16	1.20	1.20	1.19	1.20	588100
2017-02-17	1.22	1.22	1.19	1.20	696300
2017-02-21	1.22	1.22	1.20	1.21	971100
2017-02-22	1.22	1.22	1.20	1.21	1516600
2017-02-23	1.22	1.24	1.21	1.22	2674300
2017-02-24	1.29	1.31	1.28	1.29	3392200
2017-02-27	1.29	1.31	1.29	1.31	760200
2017-02-28	1.29	1.30	1.28	1.29	1071400
2017-03-01	1.27	1.29	1.26	1.29	927500
2017-03-02	1.25	1.26	1.24	1.24	703300
2017-03-03	1.24	1.25	1.24	1.24	430800
2017-03-06	1.23	1.24	1.22	1.23	546000
2017-03-07	1.27	1.27	1.25	1.25	2226700
2017-03-08	1.26	1.27	1.25	1.26	856800
2017-03-09	1.23	1.26	1.23	1.26	526300
2017-03-10	1.25	1.25	1.24	1.24	339100
2017-03-13	1.25	1.25	1.24	1.24	407000
2017-03-14	1.24	1.26	1.23	1.26	280100
2017-03-15	1.25	1.25	1.24	1.24	855200
2017-03-16	1.27	1.28	1.26	1.27	897300
2017-03-17	1.25	1.27	1.25	1.27	1682800
2017-03-20	1.26	1.27	1.26	1.27	1777400
2017-03-21	1.24	1.27	1.24	1.27	1794200
2017-03-22	1.24	1.26	1.22	1.26	2367100
2017-03-23	1.26	1.26	1.24	1.26	483100
2017-03-24	1.26	1.26	1.24	1.26	480400
2017-03-27	1.25	1.26	1.24	1.26	4402100
2017-03-28	1.26	1.26	1.24	1.25	1320200
2017-03-29	1.25	1.26	1.25	1.26	656700
2017-03-30	1.23	1.26	1.22	1.26	13970000
2017-03-31	1.22	1.25	1.22	1.25	2079400
2017-04-03	1.22	1.25	1.22	1.25	816400
2017-04-04	1.24	1.26	1.24	1.24	1146100
2017-04-05	1.24	1.26	1.24	1.26	2489800
2017-04-06	1.23	1.25	1.22	1.24	1281300
2017-04-07	1.23	1.24	1.22	1.24	571200
2017-04-10	1.22	1.24	1.22	1.24	1864500
2017-04-11	1.23	1.24	1.23	1.23	812100
2017-04-12	1.24	1.24	1.22	1.24	1598600
2017-04-13	1.24	1.24	1.24	1.24	343100
2017-04-17	1.23	1.25	1.22	1.25	1180900
2017-04-18	1.22	1.24	1.22	1.23	607900
2017-04-19	1.20	1.24	1.20	1.23	1790700
2017-04-20	1.20	1.22	1.20	1.22	894200
2017-04-21	1.20	1.22	1.20	1.22	1408700
2017-04-24	1.20	1.22	1.20	1.22	1257500
2017-04-25	1.22	1.23	1.22	1.23	3342400
2017-04-26	1.22	1.24	1.22	1.23	6721600
2017-04-27	1.22	1.24	1.22	1.24	6664500
2017-04-28	1.23	1.24	1.22	1.24	4658700
2017-05-01	1.22	1.23	1.22	1.23	2559900
2017-05-02	1.24	1.24	1.22	1.24	9088700
2017-05-03	1.26	1.26	1.24	1.24	3186000
2017-05-04	1.27	1.27	1.26	1.26	3122600
2017-05-05	1.27	1.27	1.26	1.27	1522900
2017-05-08	1.28	1.28	1.27	1.28	1122200
2017-05-09	1.28	1.29	1.27	1.29	2175000
2017-05-10	1.30	1.30	1.27	1.29	2046500
2017-05-11	1.29	1.29	1.27	1.29	2305200
2017-05-12	1.29	1.29	1.28	1.29	1314100
2017-05-15	1.28	1.29	1.27	1.29	1871200
2017-05-16	1.27	1.28	1.26	1.27	2279500
2017-05-17	1.26	1.28	1.25	1.28	1345500
2017-05-18	1.27	1.27	1.26	1.27	1368400
2017-05-19	1.28	1.28	1.27	1.28	1639800
2017-05-22	1.29	1.29	1.29	1.29	1705400
2017-05-23	1.30	1.30	1.29	1.30	1653500
2017-05-24	1.31	1.31	1.30	1.31	2779300
2017-05-25	1.29	1.31	1.28	1.31	1022200
2017-05-26	1.31	1.31	1.29	1.29	1596100
2017-05-30	1.31	1.32	1.30	1.31	1463600
2017-05-31	1.31	1.33	1.29	1.30	1723100
2017-06-01	1.31	1.32	1.30	1.30	1408300
2017-06-02	1.31	1.31	1.31	1.31	604300
2017-06-05	1.31	1.31	1.31	1.31	1193600
2017-06-06	1.31	1.31	1.31	1.31	884100
2017-06-07	1.29	1.31	1.27	1.31	5998600
2017-06-08	1.29	1.29	1.29	1.29	591000
2017-06-09	1.27	1.29	1.26	1.29	833400
2017-06-12	1.26	1.27	1.25	1.27	537200
2017-06-13	1.27	1.27	1.26	1.27	630900
2017-06-14	1.26	1.27	1.25	1.27	739900
2017-06-15	1.24	1.26	1.24	1.26	1098400
2017-06-16	1.24	1.26	1.24	1.26	616400
2017-06-19	1.26	1.26	1.24	1.26	1704400
2017-06-20	1.25	1.26	1.24	1.26	538900
2017-06-21	1.26	1.27	1.26	1.26	1059200
2017-06-22	1.26	1.27	1.25	1.26	810400
2017-06-23	1.29	1.31	1.28	1.29	2852900
2017-06-26	1.34	1.35	1.33	1.33	2933600
2017-06-27	1.34	1.34	1.33	1.34	1597200
2017-06-28	1.48	1.50	1.46	1.46	6383200
2017-06-29	1.52	1.54	1.49	1.50	9190600
2017-06-30	1.55	1.55	1.51	1.53	5295500
2017-07-03	1.53	1.53	1.50	1.52	2672300
2017-07-05	1.52	1.53	1.51	1.51	2874600
2017-07-06	1.51	1.52	1.50	1.51	2204200
2017-07-07	1.50	1.50	1.48	1.50	1710500
2017-07-10	1.50	1.50	1.48	1.49	1376300
2017-07-11	1.51	1.52	1.51	1.51	1320700
2017-07-12	1.54	1.54	1.51	1.51	1342500
2017-07-13	1.60	1.61	1.58	1.59	4133700
2017-07-14	1.60	1.60	1.58	1.58	942300
2017-07-17	1.59	1.60	1.56	1.58	1366700
2017-07-18	1.60	1.60	1.56	1.56	2446000
2017-07-19	1.64	1.64	1.60	1.61	2225600
2017-07-20	1.65	1.65	1.62	1.64	1374500
2017-07-21	1.64	1.64	1.61	1.62	2644500
2017-07-24	1.64	1.64	1.61	1.62	4216100
2017-07-25	1.68	1.69	1.64	1.64	10538900
2017-07-26	1.60	1.68	1.58	1.67	4758200
2017-07-27	1.51	1.55	1.51	1.54	4564400
2017-07-28	1.51	1.52	1.49	1.49	3046200
2017-07-31	1.49	1.51	1.48	1.50	2700500
2017-08-01	1.47	1.50	1.47	1.49	2459900
2017-08-02	1.47	1.49	1.47	1.47	2403100
2017-08-03	1.45	1.47	1.45	1.46	1337100
2017-08-04	1.47	1.50	1.47	1.49	1623200
2017-08-07	1.52	1.52	1.49	1.49	1318100
2017-08-08	1.51	1.53	1.51	1.51	590000
2017-08-09	1.50	1.51	1.48	1.50	805800
2017-08-10	1.48	1.51	1.48	1.51	1731000
2017-08-11	1.52	1.54	1.50	1.50	1428000
2017-08-14	1.52	1.53	1.50	1.51	1760400
2017-08-15	1.52	1.52	1.50	1.51	997600
2017-08-16	1.52	1.53	1.51	1.51	956100
2017-08-17	1.51	1.53	1.51	1.52	620800
2017-08-18	1.51	1.51	1.49	1.51	410100
2017-08-21	1.54	1.54	1.51	1.52	682100
2017-08-22	1.58	1.60	1.54	1.54	3316600
2017-08-23	1.58	1.58	1.54	1.55	3954500
2017-08-24	1.60	1.62	1.60	1.62	1564300
2017-08-25	1.62	1.64	1.60	1.60	969100
2017-08-28	1.62	1.63	1.62	1.62	475900
2017-08-29	1.62	1.64	1.61	1.63	903100
2017-08-30	1.63	1.64	1.62	1.62	435600
2017-08-31	1.64	1.64	1.62	1.64	961900
2017-09-01	1.75	1.76	1.73	1.74	2076700
2017-09-05	1.77	1.79	1.76	1.77	4469400
2017-09-06	1.76	1.76	1.74	1.75	959300
2017-09-07	1.78	1.79	1.76	1.76	605700
2017-09-08	1.74	1.78	1.74	1.77	5896100
2017-09-11	1.76	1.76	1.74	1.74	1789300
2017-09-12	1.73	1.76	1.72	1.75	1151800
2017-09-13	1.72	1.73	1.71	1.72	1380400
2017-09-14	1.73	1.74	1.72	1.74	896800
2017-09-15	1.72	1.73	1.71	1.72	1697600
2017-09-18	1.75	1.75	1.72	1.73	1547800
2017-09-19	1.75	1.76	1.74	1.75	738000
2017-09-20	1.72	1.73	1.70	1.73	1852700
2017-09-21	1.71	1.73	1.70	1.72	1042400
2017-09-22	1.70	1.70	1.69	1.70	760200
2017-09-25	1.64	1.67	1.62	1.67	1768400
2017-09-26	1.64	1.66	1.64	1.64	1462500
2017-09-27	1.66	1.66	1.64	1.64	621700
2017-09-28	1.65	1.67	1.65	1.66	2004900
2017-09-29	1.64	1.66	1.64	1.65	3944200
2017-10-02	1.65	1.66	1.64	1.65	1836400
2017-10-03	1.70	1.72	1.69	1.72	1301100
2017-10-04	1.70	1.71	1.69	1.70	1691400
2017-10-05	1.70	1.70	1.69	1.70	1136900
2017-10-06	1.69	1.69	1.67	1.68	1227900
2017-10-09	1.69	1.69	1.68	1.69	702600
2017-10-10	1.70	1.70	1.69	1.70	1693300
2017-10-11	1.70	1.71	1.70	1.70	2633800
2017-10-12	1.71	1.71	1.70	1.71	1767400
2017-10-13	1.74	1.75	1.72	1.72	1121000
2017-10-16	1.74	1.74	1.73	1.73	652900
2017-10-17	1.73	1.74	1.72	1.74	844700
2017-10-18	1.74	1.74	1.73	1.74	916100
2017-10-19	1.70	1.72	1.68	1.72	744400
2017-10-20	1.70	1.70	1.68	1.70	716500
2017-10-23	1.69	1.70	1.69	1.70	281200
2017-10-24	1.70	1.71	1.70	1.71	353600
2017-10-25	1.67	1.71	1.66	1.71	3124800
2017-10-26	1.68	1.69	1.66	1.66	1225200
2017-10-27	1.67	1.68	1.67	1.68	748400
2017-10-30	1.70	1.71	1.70	1.70	1453800
2017-10-31	1.71	1.72	1.68	1.68	2438500
2017-11-01	1.70	1.70	1.69	1.70	300000
2017-11-02	1.68	1.70	1.68	1.69	402100
2017-11-03	1.67	1.69	1.67	1.68	279200
2017-11-06	1.68	1.68	1.67	1.67	247500
2017-11-07	1.66	1.69	1.66	1.68	379800
2017-11-08	1.68	1.68	1.66	1.68	208400
2017-11-09	1.70	1.71	1.68	1.70	1372800
2017-11-10	1.70	1.72	1.70	1.71	2065600
2017-11-13	1.69	1.70	1.69	1.70	1021600
2017-11-14	1.68	1.70	1.68	1.70	1641200
2017-11-15	1.68	1.68	1.67	1.68	1395500
2017-11-16	1.72	1.72	1.68	1.68	1189900
2017-11-17	1.70	1.72	1.69	1.69	972800
2017-11-20	1.72	1.72	1.71	1.71	838500
2017-11-21	1.77	1.78	1.74	1.74	648100
2017-11-22	1.76	1.77	1.76	1.76	370600
2017-11-24	1.74	1.76	1.74	1.76	164100
2017-11-27	1.72	1.73	1.72	1.73	365700
2017-11-28	1.74	1.74	1.72	1.74	705200
2017-11-29	1.69	1.72	1.68	1.72	1152800
2017-11-30	1.68	1.69	1.66	1.68	1097700
2017-12-01	1.70	1.70	1.67	1.68	1126000
2017-12-04	1.72	1.73	1.70	1.72	1601800
2017-12-05	1.68	1.71	1.68	1.70	1625400
2017-12-06	1.64	1.66	1.64	1.65	1205800
2017-12-07	1.62	1.63	1.60	1.62	1034700
2017-12-08	1.62	1.66	1.61	1.61	1603900
2017-12-11	1.66	1.69	1.66	1.67	1154200
2017-12-12	1.64	1.65	1.64	1.64	1070000
2017-12-13	1.64	1.66	1.63	1.64	1198800
2017-12-14	1.64	1.66	1.64	1.64	1007300
2017-12-15	1.62	1.65	1.61	1.61	2367500
2017-12-18	1.60	1.63	1.60	1.62	1185500
2017-12-19	1.62	1.62	1.60	1.60	2229500
2017-12-20	1.62	1.63	1.62	1.62	1388600
2017-12-21	1.59	1.62	1.59	1.62	701500
2017-12-22	1.61	1.61	1.59	1.60	518500
2017-12-26	1.56	1.58	1.55	1.58	948900
2017-12-27	1.55	1.57	1.55	1.56	1422400
2017-12-28	1.57	1.59	1.56	1.59	1115800
2017-12-29	1.57	1.58	1.57	1.57	456300
2018-01-02	1.60	1.61	1.59	1.60	735100
2018-01-03	1.62	1.62	1.60	1.62	654200
2018-01-04	1.60	1.62	1.60	1.62	1082100
2018-01-05	1.62	1.63	1.60	1.60	1945500
2018-01-08	1.64	1.64	1.63	1.64	822400
2018-01-09	1.64	1.64	1.64	1.64	403400
2018-01-10	1.58	1.60	1.57	1.60	1212600
2018-01-11	1.56	1.57	1.55	1.56	1050800
2018-01-12	1.58	1.59	1.57	1.57	874900
2018-01-16	1.58	1.60	1.58	1.59	815600
2018-01-17	1.60	1.60	1.58	1.58	1156300
2018-01-18	1.59	1.61	1.58	1.61	927400
2018-01-19	1.60	1.60	1.58	1.58	1213300
2018-01-22	1.58	1.60	1.56	1.60	880300
2018-01-23	1.64	1.64	1.63	1.63	597300
2018-01-24	1.66	1.68	1.62	1.63	2284400
2018-01-25	1.63	1.66	1.63	1.65	1259800
2018-01-26	1.66	1.66	1.64	1.64	942900
2018-01-29	1.64	1.65	1.62	1.65	634700
2018-01-30	1.62	1.63	1.62	1.62	804500
2018-01-31	1.60	1.63	1.60	1.62	1040900
2018-02-01	1.61	1.62	1.60	1.60	961900
2018-02-02	1.60	1.62	1.60	1.62	1516000
2018-02-05	1.58	1.62	1.58	1.60	1297700
2018-02-06	1.58	1.59	1.56	1.57	4059100
2018-02-07	1.58	1.59	1.58	1.58	782000
2018-02-08	1.53	1.58	1.52	1.56	1714000
2018-02-09	1.56	1.58	1.53	1.55	1548800
2018-02-12	1.56	1.57	1.55	1.57	431000
2018-02-13	1.56	1.57	1.55	1.56	407900
2018-02-14	1.64	1.64	1.56	1.56	938100
2018-02-15	1.62	1.65	1.60	1.61	1932000
2018-02-16	1.62	1.64	1.62	1.62	290900
2018-02-20	1.60	1.62	1.59	1.62	717800
2018-02-21	1.58	1.60	1.58	1.60	692400
2018-02-22	1.58	1.59	1.56	1.56	880400
2018-02-23	1.59	1.60	1.58	1.58	445900
2018-02-26	1.60	1.61	1.59	1.59	410800
2018-02-27	1.58	1.61	1.58	1.59	362900
2018-02-28	1.58	1.59	1.57	1.58	372900
2018-03-01	1.57	1.58	1.56	1.58	620700
2018-03-02	1.59	1.60	1.55	1.56	494200
2018-03-05	1.57	1.58	1.56	1.58	752700
2018-03-06	1.58	1.60	1.58	1.58	452900
2018-03-07	1.59	1.60	1.56	1.56	833300
2018-03-08	1.79	1.79	1.74	1.76	3951100
2018-03-09	1.71	1.72	1.70	1.72	2137900
2018-03-12	1.71	1.72	1.70	1.70	241900
2018-03-13	1.72	1.72	1.71	1.71	616300
2018-03-14	1.71	1.72	1.71	1.72	799500
2018-03-15	1.72	1.72	1.70	1.70	484700
2018-03-16	1.70	1.72	1.70	1.71	2959500
2018-03-19	1.70	1.72	1.69	1.71	734500
2018-03-20	1.71	1.72	1.70	1.70	1204800
2018-03-21	1.71	1.72	1.71	1.71	332300
2018-03-22	1.70	1.72	1.69	1.70	1845800
2018-03-23	1.70	1.71	1.69	1.70	955700
2018-03-26	1.71	1.72	1.69	1.70	2441800
2018-03-27	1.69	1.74	1.68	1.72	1678700
2018-03-28	1.70	1.72	1.68	1.68	1875300
2018-03-29	1.70	1.72	1.70	1.70	1290700
2018-04-02	1.69	1.72	1.67	1.72	1178000
2018-04-03	1.69	1.71	1.67	1.69	1172300
2018-04-04	1.68	1.68	1.66	1.67	1136300
2018-04-05	1.70	1.70	1.68	1.69	1157700
2018-04-06	1.68	1.70	1.67	1.70	1480500
2018-04-09	1.66	1.70	1.66	1.68	1348000
2018-04-10	1.71	1.71	1.68	1.68	657400
2018-04-11	1.69	1.70	1.68	1.70	682600
2018-04-12	1.72	1.72	1.70	1.70	521600
2018-04-13	1.70	1.72	1.70	1.71	423500
2018-04-16	1.70	1.72	1.70	1.70	455900
2018-04-17	1.72	1.72	1.70	1.70	469800
2018-04-18	1.73	1.74	1.72	1.72	528100
2018-04-19	1.74	1.76	1.73	1.75	1719300
2018-04-20	1.72	1.73	1.72	1.72	560600
2018-04-23	1.70	1.72	1.70	1.72	467700
2018-04-24	1.68	1.71	1.68	1.71	587000
2018-04-25	1.72	1.72	1.70	1.70	482000
2018-04-26	1.74	1.74	1.72	1.72	579300
2018-04-27	1.74	1.74	1.74	1.74	247900
2018-04-30	1.76	1.76	1.74	1.76	339000
2018-05-01	1.76	1.76	1.76	1.76	247000
2018-05-02	1.77	1.78	1.77	1.77	334100
2018-05-03	1.76	1.77	1.75	1.77	238000
2018-05-04	1.77	1.77	1.74	1.76	169600
2018-05-07	1.74	1.74	1.72	1.73	661200
2018-05-08	1.74	1.75	1.74	1.74	170000
2018-05-09	1.77	1.77	1.76	1.76	169200
2018-05-10	1.77	1.77	1.76	1.76	430400
2018-05-11	1.77	1.79	1.77	1.78	412900
2018-05-14	1.81	1.81	1.78	1.79	665200
2018-05-15	1.79	1.80	1.78	1.80	459700
2018-05-16	1.79	1.79	1.78	1.79	300600
2018-05-17	1.76	1.77	1.76	1.77	818300
2018-05-18	1.75	1.76	1.74	1.76	307400
2018-05-21	1.76	1.76	1.75	1.75	158600
2018-05-22	1.79	1.80	1.77	1.77	608200
2018-05-23	1.78	1.78	1.76	1.77	411400
2018-05-24	1.77	1.78	1.76	1.77	816800
2018-05-25	1.77	1.78	1.77	1.77	165400
2018-05-29	1.77	1.79	1.77	1.77	225300
2018-05-30	1.81	1.81	1.77	1.79	555100
2018-05-31	1.83	1.84	1.81	1.83	716200
2018-06-01	1.82	1.82	1.81	1.82	271200
2018-06-04	1.84	1.87	1.82	1.82	1544700
2018-06-05	1.82	1.85	1.81	1.84	1036300
2018-06-06	1.83	1.83	1.79	1.82	1352200
2018-06-07	1.83	1.84	1.83	1.84	547300
2018-06-08	1.83	1.83	1.81	1.83	796200
2018-06-11	1.87	1.88	1.86	1.86	678700
2018-06-12	1.91	1.91	1.88	1.89	1482600
2018-06-13	2.01	2.06	2.00	2.05	3399700
2018-06-14	2.01	2.04	2.00	2.04	1097700
2018-06-15	2.02	2.03	2.01	2.02	2471500
2018-06-18	1.99	2.01	1.99	2.01	892200
2018-06-19	1.99	1.99	1.96	1.97	629000
2018-06-20	1.97	1.99	1.96	1.99	357100
2018-06-21	1.91	1.94	1.91	1.94	553900
2018-06-22	1.94	1.95	1.93	1.93	256200
2018-06-25	1.89	1.94	1.88	1.94	758300
2018-06-26	1.88	1.90	1.88	1.89	1083800
2018-06-27	1.85	1.89	1.84	1.89	2221600
2018-06-28	1.81	1.83	1.80	1.82	1300100
2018-06-29	1.85	1.91	1.84	1.84	1723500
2018-07-02	1.90	1.95	1.89	1.94	2455600
2018-07-03	1.91	1.93	1.89	1.91	2674500
2018-07-05	1.87	1.95	1.85	1.94	3117700
2018-07-06	1.86	1.88	1.85	1.88	1457700
2018-07-09	1.91	1.93	1.89	1.92	2370000
2018-07-10	1.91	1.93	1.89	1.93	1984000
2018-07-11	1.89	1.91	1.87	1.91	1679500
2018-07-12	1.95	1.95	1.93	1.93	945600
2018-07-13	1.91	1.95	1.91	1.95	456500
2018-07-16	1.89	1.92	1.87	1.92	3321000
2018-07-17	1.89	1.91	1.87	1.89	6743500
2018-07-18	1.95	1.95	1.91	1.91	1680300
2018-07-19	1.94	1.97	1.94	1.96	1455500
2018-07-20	1.94	1.98	1.93	1.98	1489300
2018-07-23	2.00	2.00	1.98	2.00	2352300
2018-07-24	1.98	2.02	1.98	2.01	1552000
2018-07-25	2.03	2.03	2.00	2.00	3755000
2018-07-26	1.94	1.96	1.91	1.95	2612600
2018-07-27	1.89	1.94	1.89	1.94	920800
2018-07-30	1.89	1.91	1.88	1.91	1205000
2018-07-31	1.92	1.92	1.90	1.92	1265200
2018-08-01	1.90	1.92	1.90	1.92	357400
2018-08-02	1.89	1.90	1.89	1.89	2702400
2018-08-03	1.94	1.95	1.89	1.89	1923100
2018-08-06	1.94	1.96	1.93	1.95	1520300
2018-08-07	1.95	1.98	1.95	1.98	1361800
2018-08-08	1.98	1.98	1.95	1.97	1235300
2018-08-09	1.96	1.98	1.95	1.98	568600
2018-08-10	1.93	1.98	1.91	1.97	1076300
2018-08-13	1.88	1.93	1.88	1.93	808100
2018-08-14	1.90	1.91	1.89	1.90	703900
2018-08-15	1.85	1.87	1.85	1.87	437500
2018-08-16	1.86	1.88	1.85	1.88	683900
2018-08-17	1.87	1.88	1.85	1.86	918200
2018-08-20	1.91	1.92	1.91	1.92	566400
2018-08-21	1.97	1.97	1.93	1.93	743200
2018-08-22	1.93	1.93	1.93	1.93	237100
2018-08-23	1.91	1.94	1.91	1.93	447600
2018-08-24	1.91	1.92	1.91	1.91	306600
2018-08-27	1.91	1.92	1.91	1.92	484500
2018-08-28	1.90	1.93	1.90	1.92	1936300
2018-08-29	1.93	1.93	1.91	1.91	377900
2018-08-30	1.91	1.92	1.90	1.92	603500
2018-08-31	1.91	1.91	1.90	1.91	305900
2018-09-04	1.87	1.91	1.87	1.91	714200
2018-09-05	1.87	1.87	1.86	1.87	362600
2018-09-06	1.86	1.87	1.85	1.87	738000
2018-09-07	1.82	1.85	1.82	1.85	589700
2018-09-10	1.69	1.76	1.69	1.75	2034900
2018-09-11	1.74	1.74	1.70	1.70	734300
2018-09-12	1.68	1.70	1.67	1.70	1196700
2018-09-13	1.72	1.72	1.71	1.72	633900
2018-09-14	1.73	1.73	1.71	1.73	435000
2018-09-17	1.71	1.72	1.71	1.72	894900
2018-09-18	1.69	1.70	1.69	1.69	710200
2018-09-19	1.71	1.73	1.70	1.72	1122700
2018-09-20	1.70	1.71	1.70	1.71	1581800
2018-09-21	1.71	1.74	1.71	1.73	1714400
2018-09-24	1.73	1.73	1.71	1.72	388000
2018-09-25	1.72	1.72	1.71	1.72	224100
2018-09-26	1.74	1.75	1.74	1.75	827200
2018-09-27	1.76	1.77	1.75	1.75	536000
2018-09-28	1.77	1.78	1.75	1.77	1191300
2018-10-01	1.77	1.78	1.76	1.76	749100
2018-10-02	1.72	1.73	1.71	1.73	579200
2018-10-03	1.71	1.73	1.71	1.73	320400
2018-10-04	1.63	1.68	1.63	1.68	1112600
2018-10-05	1.61	1.63	1.60	1.63	801000
2018-10-08	1.61	1.61	1.59	1.59	638300
2018-10-09	1.60	1.62	1.58	1.61	923400
2018-10-10	1.55	1.60	1.55	1.60	1804200
2018-10-11	1.52	1.53	1.50	1.50	1430100
2018-10-12	1.50	1.52	1.48	1.52	1577900
2018-10-15	1.47	1.49	1.47	1.49	538500
2018-10-16	1.47	1.47	1.45	1.47	1064500
2018-10-17	1.48	1.50	1.47	1.49	1114300
2018-10-18	1.44	1.47	1.44	1.47	1712500
2018-10-19	1.46	1.46	1.45	1.45	1122600
2018-10-22	1.42	1.45	1.41	1.45	1109000
2018-10-23	1.38	1.40	1.36	1.39	2175600
2018-10-24	1.32	1.41	1.30	1.41	1425300
2018-10-25	1.34	1.34	1.32	1.33	1373200
2018-10-26	1.27	1.29	1.26	1.29	2171700
2018-10-29	1.26	1.28	1.26	1.28	1004700
2018-10-30	1.29	1.29	1.26	1.26	986900
2018-10-31	1.29	1.30	1.29	1.30	487700
2018-11-01	1.30	1.33	1.28	1.31	7148500
2018-11-02	1.28	1.28	1.26	1.27	1537400
2018-11-05	1.17	1.21	1.16	1.20	2056400
2018-11-06	1.22	1.23	1.18	1.18	2663300
2018-11-07	1.22	1.22	1.21	1.22	866200
2018-11-08	1.18	1.21	1.17	1.21	1137600
2018-11-09	1.15	1.17	1.14	1.17	1697700
2018-11-12	1.15	1.17	1.15	1.16	650700
2018-11-13	1.12	1.16	1.12	1.16	2199500
2018-11-14	1.17	1.18	1.17	1.17	2143500
2018-11-15	1.24	1.25	1.20	1.20	1993600
2018-11-16	1.21	1.21	1.18	1.20	837300
2018-11-19	1.19	1.21	1.19	1.20	743700
2018-11-20	1.19	1.19	1.17	1.18	1037400
2018-11-21	1.21	1.21	1.20	1.21	816100
2018-11-23	1.21	1.21	1.20	1.21	259600
2018-11-26	1.26	1.26	1.23	1.25	1220300
2018-11-27	1.28	1.28	1.26	1.26	1301800
2018-11-28	1.30	1.30	1.27	1.27	782600
2018-11-29	1.26	1.28	1.24	1.27	1072200
2018-11-30	1.25	1.26	1.23	1.26	1073600
2018-12-03	1.28	1.29	1.26	1.29	816000
2018-12-04	1.26	1.29	1.25	1.28	1047900
2018-12-06	1.23	1.23	1.21	1.22	4732600
2018-12-07	1.21	1.23	1.20	1.21	1184200
2018-12-10	1.22	1.22	1.19	1.20	1054000
2018-12-11	1.20	1.23	1.19	1.21	618900
2018-12-12	1.23	1.26	1.23	1.23	1228500
2018-12-13	1.23	1.25	1.23	1.24	929300
2018-12-14	1.23	1.24	1.22	1.22	593900
2018-12-17	1.24	1.26	1.23	1.23	3387700
2018-12-18	1.23	1.24	1.22	1.23	526400
2018-12-19	1.21	1.24	1.20	1.23	558000
2018-12-20	1.24	1.26	1.22	1.22	2013700
2018-12-21	1.22	1.26	1.22	1.25	1257600
2018-12-24	1.21	1.23	1.20	1.20	134000
2018-12-26	1.23	1.24	1.21	1.21	1021100
2018-12-27	1.24	1.25	1.21	1.21	499900
2018-12-28	1.22	1.25	1.21	1.23	1108900
2018-12-31	1.23	1.23	1.22	1.22	623600
2019-01-02	1.21	1.23	1.20	1.21	384000
2019-01-03	1.19	1.20	1.16	1.19	1316500
2019-01-04	1.18	1.19	1.17	1.17	1031100
2019-01-07	1.21	1.21	1.19	1.19	710700
2019-01-08	1.21	1.21	1.20	1.21	607500
2019-01-09	1.21	1.22	1.20	1.20	755800
2019-01-10	1.24	1.24	1.21	1.21	441700
2019-01-11	1.23	1.23	1.23	1.23	356900
2019-01-14	1.22	1.23	1.21	1.23	1692800
2019-01-15	1.23	1.23	1.21	1.22	577000
2019-01-16	1.24	1.26	1.23	1.23	2413100
2019-01-17	1.25	1.26	1.23	1.23	529300
2019-01-18	1.27	1.28	1.25	1.26	352700
2019-01-22	1.27	1.29	1.26	1.27	309300
2019-01-23	1.26	1.28	1.26	1.28	393000
2019-01-24	1.30	1.30	1.27	1.27	501700
2019-01-25	1.32	1.34	1.31	1.32	484900
2019-01-28	1.30	1.32	1.30	1.32	1682500
2019-01-29	1.28	1.31	1.28	1.29	351800
2019-01-30	1.28	1.28	1.24	1.25	407100
2019-01-31	1.30	1.30	1.28	1.29	319900
2019-02-01	1.28	1.29	1.28	1.29	545100
2019-02-04	1.27	1.28	1.26	1.28	571300
2019-02-05	1.26	1.27	1.25	1.27	611100
2019-02-06	1.28	1.28	1.26	1.26	1981500
2019-02-07	1.26	1.27	1.26	1.27	237700
2019-02-08	1.26	1.26	1.23	1.25	1324300
2019-02-11	1.16	1.22	1.16	1.21	854400
2019-02-12	1.22	1.22	1.19	1.21	665100
2019-02-13	1.22	1.23	1.21	1.22	824000
2019-02-14	1.24	1.25	1.22	1.22	686000
2019-02-15	1.28	1.28	1.25	1.25	1107200
2019-02-19	1.26	1.28	1.26	1.26	390500
2019-02-20	1.26	1.28	1.26	1.26	637000
2019-02-21	1.26	1.28	1.26	1.26	332600
2019-02-22	1.28	1.28	1.27	1.27	221600
2019-02-25	1.30	1.32	1.28	1.29	1279200
2019-02-26	1.30	1.30	1.28	1.29	203500
2019-02-27	1.28	1.28	1.26	1.28	321800
2019-02-28	1.27	1.28	1.26	1.28	518800
2019-03-01	1.28	1.28	1.26	1.27	379600
2019-03-04	1.28	1.28	1.26	1.28	517100
2019-03-05	1.30	1.30	1.28	1.28	263100
2019-03-06	1.30	1.31	1.28	1.30	515200
2019-03-07	1.32	1.32	1.29	1.30	825900
2019-03-08	1.29	1.29	1.28	1.29	432500
2019-03-11	1.28	1.29	1.27	1.28	632800
2019-03-12	1.30	1.30	1.28	1.29	363200
2019-03-13	1.28	1.29	1.28	1.28	600600
2019-03-14	1.26	1.28	1.26	1.27	1098500
2019-03-15	1.26	1.29	1.26	1.28	2707300
2019-03-18	1.27	1.28	1.26	1.27	701400
2019-03-19	1.28	1.28	1.27	1.28	229500
2019-03-20	1.28	1.29	1.25	1.26	602400
2019-03-21	1.30	1.30	1.27	1.27	473600
2019-03-22	1.29	1.31	1.28	1.29	333000
2019-03-25	1.29	1.30	1.28	1.28	397100
2019-03-26	1.28	1.30	1.28	1.28	282800
2019-03-27	1.28	1.28	1.28	1.28	370400
2019-03-28	1.29	1.29	1.27	1.28	489900
2019-03-29	1.29	1.29	1.28	1.29	193900
2019-04-01	1.29	1.29	1.27	1.29	342100
2019-04-02	1.28	1.30	1.27	1.28	270000
2019-04-03	1.28	1.28	1.28	1.28	254400
2019-04-04	1.28	1.29	1.28	1.28	348900
2019-04-05	1.28	1.28	1.28	1.28	139700
2019-04-08	1.31	1.31	1.30	1.30	325000
2019-04-09	1.36	1.38	1.33	1.33	1370400
2019-04-10	1.36	1.36	1.34	1.36	313400
2019-04-11	1.33	1.34	1.33	1.34	710200
2019-04-12	1.35	1.36	1.34	1.34	194800
2019-04-15	1.32	1.34	1.32	1.34	427800
2019-04-16	1.33	1.34	1.32	1.33	174000
2019-04-17	1.34	1.35	1.34	1.34	285200
2019-04-18	1.32	1.34	1.31	1.33	303900
2019-04-22	1.30	1.32	1.30	1.32	224200
2019-04-23	1.32	1.32	1.31	1.31	441200
2019-04-24	1.37	1.42	1.30	1.30	2048800
2019-04-25	1.46	1.47	1.44	1.45	863300
2019-04-26	1.50	1.56	1.50	1.52	1343500
2019-04-29	1.49	1.50	1.48	1.50	382300
2019-04-30	1.49	1.50	1.47	1.50	303300
2019-05-01	1.49	1.50	1.48	1.50	187500
2019-05-02	1.49	1.50	1.48	1.48	282200
2019-05-03	1.52	1.53	1.52	1.52	359600
2019-05-06	1.49	1.50	1.44	1.47	1286300
2019-05-07	1.47	1.49	1.47	1.48	426300
2019-05-08	1.50	1.50	1.47	1.47	357500
2019-05-09	1.44	1.45	1.43	1.45	732200
2019-05-10	1.45	1.47	1.43	1.43	493700
2019-05-13	1.41	1.43	1.39	1.41	387000
2019-05-14	1.42	1.43	1.41	1.42	397400
2019-05-15	1.41	1.42	1.41	1.41	115000
2019-05-16	1.40	1.43	1.40	1.43	182600
2019-05-17	1.39	1.40	1.39	1.39	371400
2019-05-20	1.35	1.37	1.34	1.37	655000
2019-05-21	1.38	1.39	1.36	1.39	1111200
2019-05-22	1.36	1.39	1.36	1.38	319100
2019-05-23	1.37	1.37	1.35	1.36	441500
2019-05-24	1.39	1.39	1.37	1.39	167600
2019-05-28	1.29	1.34	1.28	1.34	1344300
2019-05-29	1.34	1.34	1.32	1.32	308300
2019-05-30	1.36	1.36	1.34	1.35	228700
2019-05-31	1.35	1.36	1.35	1.36	459700
2019-06-03	1.40	1.41	1.39	1.41	929800
2019-06-04	1.39	1.39	1.38	1.39	884200
2019-06-05	1.36	1.39	1.34	1.39	879900
2019-06-06	1.40	1.41	1.39	1.39	561300
2019-06-07	1.41	1.41	1.39	1.41	404600
2019-06-10	1.41	1.44	1.41	1.43	436900
2019-06-11	1.43	1.44	1.43	1.43	225200
2019-06-12	1.43	1.46	1.43	1.45	264400
2019-06-13	1.46	1.46	1.45	1.45	401200
2019-06-14	1.45	1.45	1.45	1.45	277600
2019-06-17	1.44	1.45	1.43	1.45	192400
2019-06-18	1.43	1.43	1.41	1.42	535000
2019-06-19	1.46	1.47	1.45	1.45	221200
2019-06-20	1.46	1.47	1.45	1.46	233300
2019-06-21	1.43	1.48	1.43	1.46	3051900
2019-06-24	1.47	1.47	1.46	1.46	1170200
2019-06-25	1.47	1.50	1.46	1.47	974200
2019-06-26	1.50	1.50	1.47	1.47	437500
2019-06-27	1.52	1.52	1.50	1.50	291400
2019-06-28	1.52	1.52	1.50	1.52	152200
2019-07-01	1.56	1.56	1.55	1.55	590100
2019-07-02	1.53	1.56	1.53	1.56	356400
2019-07-03	1.52	1.53	1.52	1.52	145200
2019-07-05	1.52	1.52	1.50	1.51	324200
2019-07-08	1.49	1.51	1.49	1.50	214200
2019-07-09	1.50	1.52	1.50	1.51	185000
2019-07-10	1.59	1.60	1.56	1.56	2527700
2019-07-11	1.60	1.63	1.59	1.61	1397000
2019-07-12	1.58	1.59	1.56	1.59	720500
2019-07-15	1.61	1.64	1.59	1.63	950500
2019-07-16	1.57	1.59	1.55	1.59	550700
2019-07-17	1.54	1.56	1.52	1.56	392500
2019-07-18	1.56	1.56	1.54	1.56	215400
2019-07-19	1.54	1.57	1.53	1.57	389200
2019-07-22	1.53	1.54	1.52	1.54	179800
2019-07-23	1.52	1.54	1.51	1.53	452600
2019-07-24	1.57	1.59	1.54	1.57	677700
2019-07-25	1.52	1.54	1.52	1.54	249300
2019-07-26	1.48	1.50	1.46	1.50	691900
2019-07-29	1.52	1.52	1.49	1.49	421400
2019-07-30	1.54	1.54	1.53	1.54	395200
2019-07-31	1.56	1.56	1.53	1.55	810000
2019-08-01	1.49	1.53	1.49	1.52	354000
2019-08-02	1.48	1.50	1.46	1.49	591900
2019-08-05	1.44	1.46	1.42	1.46	629900
2019-08-06	1.44	1.47	1.44	1.45	219500
2019-08-07	1.45	1.47	1.44	1.45	414300
2019-08-08	1.49	1.49	1.48	1.48	139200
2019-08-09	1.47	1.49	1.46	1.49	639000
2019-08-12	1.45	1.46	1.44	1.44	637200
2019-08-13	1.46	1.47	1.44	1.44	950600
2019-08-14	1.45	1.47	1.44	1.45	379200
2019-08-15	1.43	1.44	1.42	1.44	618000
2019-08-16	1.48	1.49	1.47	1.48	2217700
2019-08-19	1.49	1.50	1.42	1.50	1667200
2019-08-20	1.51	1.51	1.49	1.50	361900
2019-08-21	1.51	1.52	1.50	1.52	197400
2019-08-22	1.47	1.49	1.46	1.49	110300
2019-08-23	1.45	1.48	1.45	1.47	447800
2019-08-26	1.46	1.47	1.45	1.46	241800
2019-08-27	1.46	1.47	1.44	1.47	205600
2019-08-28	1.46	1.47	1.44	1.47	144100
2019-08-29	1.49	1.49	1.47	1.47	339100
2019-08-30	1.51	1.51	1.50	1.51	187500
2019-09-03	1.47	1.49	1.47	1.47	317600
2019-09-04	1.54	1.54	1.49	1.51	675300
2019-09-05	1.54	1.56	1.53	1.54	365300
2019-09-06	1.53	1.54	1.52	1.54	194200
2019-09-09	1.54	1.55	1.53	1.54	140800
2019-09-10	1.54	1.55	1.52	1.52	312300
2019-09-11	1.56	1.56	1.54	1.55	226400
2019-09-12	1.56	1.57	1.55	1.55	225100
2019-09-13	1.59	1.62	1.55	1.56	1978400
2019-09-16	1.56	1.59	1.56	1.59	253400
2019-09-17	1.55	1.56	1.54	1.55	306700
2019-09-18	1.55	1.56	1.54	1.54	212100
2019-09-19	1.57	1.57	1.55	1.55	302800
2019-09-20	1.50	1.57	1.50	1.57	2256900
2019-09-23	1.54	1.55	1.52	1.53	546600
2019-09-24	1.50	1.55	1.49	1.54	1215600
2019-09-25	1.55	1.57	1.54	1.54	685000
2019-09-26	1.53	1.54	1.52	1.54	596100
2019-09-27	1.49	1.53	1.49	1.52	467200
2019-09-30	1.49	1.52	1.49	1.52	575100
2019-10-01	1.52	1.53	1.51	1.52	648200
2019-10-02	1.49	1.50	1.49	1.49	802000
2019-10-03	1.50	1.52	1.49	1.50	423800
2019-10-04	1.52	1.53	1.51	1.52	529000
2019-10-07	1.52	1.52	1.50	1.52	750300
2019-10-08	1.49	1.52	1.49	1.52	775000
2019-10-09	1.52	1.52	1.49	1.49	791500
2019-10-10	1.54	1.54	1.52	1.52	419700
2019-10-11	1.57	1.57	1.54	1.54	572600
2019-10-14	1.54	1.56	1.54	1.55	520800
2019-10-15	1.57	1.58	1.57	1.57	253300
2019-10-16	1.57	1.59	1.56	1.58	469900
2019-10-17	1.57	1.59	1.57	1.59	304900
2019-10-18	1.62	1.62	1.58	1.59	419000
2019-10-21	1.62	1.64	1.60	1.60	535500
2019-10-22	1.59	1.62	1.59	1.62	263900
2019-10-23	1.61	1.62	1.61	1.62	168400
2019-10-24	1.67	1.67	1.64	1.64	394400
2019-10-25	1.67	1.67	1.64	1.65	198900
2019-10-28	1.65	1.66	1.64	1.66	142400
2019-10-29	1.67	1.67	1.66	1.66	356200
2019-10-30	1.65	1.68	1.64	1.68	133100
2019-10-31	1.62	1.64	1.61	1.63	361600
2019-11-01	1.67	1.68	1.66	1.67	520300
2019-11-04	1.71	1.72	1.69	1.69	1211900
2019-11-05	1.69	1.70	1.68	1.70	245100
2019-11-06	1.69	1.69	1.68	1.69	275000
2019-11-07	1.67	1.68	1.67	1.67	255500
2019-11-08	1.67	1.68	1.67	1.67	574400
2019-11-11	1.67	1.67	1.65	1.67	211300
2019-11-12	1.68	1.68	1.67	1.67	369500
2019-11-13	1.66	1.67	1.65	1.67	736100
2019-11-14	1.69	1.69	1.67	1.67	384200
2019-11-15	1.67	1.67	1.66	1.67	173100
2019-11-18	1.68	1.69	1.68	1.68	221600
2019-11-19	1.69	1.69	1.69	1.69	552800
2019-11-20	1.72	1.74	1.71	1.71	1222200
2019-11-21	1.71	1.73	1.71	1.72	724600
2019-11-22	1.69	1.72	1.69	1.72	278200
2019-11-25	1.75	1.76	1.74	1.74	824200
2019-11-26	1.77	1.77	1.75	1.77	491300
2019-11-27	1.77	1.78	1.77	1.77	588500
2019-11-29	1.74	1.76	1.74	1.75	633100
2019-12-02	1.75	1.77	1.75	1.77	735400
2019-12-03	1.79	1.80	1.76	1.77	1128900
2019-12-04	1.85	1.86	1.84	1.85	1907900
2019-12-05	1.94	1.95	1.90	1.90	2476000
2019-12-06	1.89	1.92	1.89	1.92	1242900
2019-12-09	1.90	1.92	1.90	1.92	731800
2019-12-10	1.91	1.92	1.90	1.92	726600
2019-12-11	1.90	1.90	1.89	1.90	357900
2019-12-12	1.94	1.96	1.92	1.92	1533100
2019-12-13	1.91	1.96	1.91	1.96	914600
2019-12-16	1.96	1.96	1.93	1.95	719500
2019-12-17	2.00	2.01	1.98	1.98	1068100
2019-12-18	1.97	1.99	1.97	1.98	530600
2019-12-19	1.95	1.99	1.95	1.99	373300
2019-12-20	1.95	1.98	1.95	1.97	1872400
2019-12-23	1.95	1.96	1.95	1.96	661000
2019-12-24	1.95	1.96	1.95	1.96	151400
2019-12-26	1.94	1.96	1.94	1.95	179600
2019-12-27	1.95	1.96	1.95	1.96	175200
2019-12-30	1.92	1.95	1.92	1.95	232800
2019-12-31	1.92	1.93	1.90	1.92	284700
2020-01-02	1.94	1.95	1.92	1.92	577100
2020-01-03	1.90	1.92	1.90	1.91	244600
2020-01-06	1.88	1.89	1.86	1.87	546600
2020-01-07	1.89	1.89	1.86	1.88	696900
2020-01-08	1.87	1.87	1.85	1.86	381900
2020-01-09	1.87	1.90	1.87	1.88	243100
2020-01-10	1.89	1.90	1.87	1.90	416300
2020-01-13	1.90	1.90	1.89	1.90	229200
2020-01-14	1.92	1.92	1.90	1.90	340300
2020-01-15	1.90	1.92	1.89	1.92	391600
2020-01-16	1.89	1.91	1.88	1.91	355000
2020-01-17	1.88	1.89	1.87	1.88	262400
2020-01-21	1.90	1.90	1.87	1.87	466700
2020-01-22	1.90	1.91	1.89	1.90	481800
2020-01-23	1.88	1.90	1.87	1.89	334500
2020-01-24	1.85	1.91	1.85	1.90	297200
2020-01-27	1.80	1.84	1.79	1.83	472800
2020-01-28	1.82	1.82	1.80	1.82	264800
2020-01-29	1.85	1.85	1.82	1.85	339700
2020-01-30	1.76	1.78	1.74	1.77	647000
2020-01-31	1.73	1.74	1.72	1.73	1101900
2020-02-03	1.75	1.76	1.74	1.74	233400
2020-02-04	1.79	1.80	1.77	1.79	554100
2020-02-05	1.85	1.91	1.85	1.91	940900
2020-02-06	1.95	1.97	1.90	1.92	946300
2020-02-07	1.92	1.96	1.92	1.96	829400
2020-02-10	1.95	1.96	1.92	1.93	432000
2020-02-11	1.98	2.00	1.97	1.97	478000
2020-02-12	2.01	2.04	1.99	2.00	2484100
2020-02-13	2.01	2.02	2.00	2.01	437700
2020-02-14	1.97	1.99	1.97	1.99	1181400
2020-02-18	1.92	1.95	1.83	1.90	709900
2020-02-19	1.90	1.93	1.90	1.92	897300
2020-02-20	1.90	1.92	1.90	1.90	452700
2020-02-21	1.87	1.90	1.87	1.90	471000
2020-02-24	1.83	1.85	1.82	1.84	1495700
2020-02-25	1.82	1.87	1.82	1.86	1202300
2020-02-26	1.83	1.87	1.81	1.81	913500
2020-02-27	1.78	1.82	1.77	1.80	924700
2020-02-28	1.77	1.78	1.71	1.72	1018900
2020-03-02	1.81	1.81	1.77	1.77	585700
2020-03-03	1.82	1.87	1.80	1.81	1223000
2020-03-04	1.88	1.89	1.85	1.85	702300
2020-03-05	1.83	1.85	1.82	1.85	1084800
2020-03-06	1.79	1.82	1.75	1.82	822500
2020-03-09	1.73	1.77	1.67	1.73	1183300
2020-03-10	1.77	1.79	1.71	1.74	682100
2020-03-11	1.68	1.74	1.66	1.72	1066900
2020-03-12	1.63	1.67	1.57	1.64	4364500
2020-03-13	1.68	1.69	1.61	1.67	1641500
2020-03-16	1.60	1.64	1.52	1.55	2072800
2020-03-17	1.64	1.66	1.57	1.58	1925100
2020-03-18	1.58	1.63	1.54	1.55	2528400
2020-03-19	1.59	1.62	1.57	1.62	1730300
2020-03-20	1.59	1.65	1.58	1.62	3113300
2020-03-23	1.59	1.64	1.59	1.62	1018300
2020-03-24	1.64	1.66	1.61	1.65	2956400
2020-03-25	1.64	1.68	1.63	1.68	1912700
2020-03-26	1.63	1.64	1.62	1.63	1086500
2020-03-27	1.54	1.61	1.54	1.61	961400
2020-03-30	1.59	1.62	1.57	1.58	1253200
2020-03-31	1.55	1.58	1.53	1.57	1014800
2020-04-01	1.54	1.57	1.52	1.54	805900
2020-04-02	1.57	1.57	1.54	1.54	791400
2020-04-03	1.52	1.57	1.50	1.56	751100
2020-04-06	1.64	1.64	1.59	1.59	850600
2020-04-07	1.64	1.67	1.64	1.64	1327100
2020-04-08	1.64	1.67	1.62	1.64	1625300
2020-04-09	1.64	1.67	1.63	1.63	999800
2020-04-13	1.70	1.74	1.67	1.67	903000
2020-04-14	1.75	1.77	1.73	1.75	1039200
2020-04-15	1.73	1.74	1.72	1.74	388200
2020-04-16	1.73	1.74	1.72	1.72	563300
2020-04-17	1.74	1.76	1.74	1.75	468600
2020-04-20	1.72	1.77	1.71	1.74	727800
2020-04-21	1.72	1.74	1.69	1.70	1425500
2020-04-22	1.76	1.79	1.74	1.77	444400
2020-04-23	1.85	1.85	1.81	1.82	1083600
2020-04-24	1.84	1.86	1.82	1.86	408100
2020-04-27	1.87	1.87	1.84	1.87	1359000
2020-04-28	1.77	1.80	1.77	1.79	1013500
2020-04-29	1.82	1.82	1.80	1.81	506800
2020-04-30	1.79	1.83	1.77	1.83	492900
2020-05-01	1.74	1.79	1.73	1.78	256200
2020-05-04	1.80	1.81	1.77	1.77	728300
2020-05-05	1.79	1.81	1.78	1.80	582100
2020-05-06	1.77	1.80	1.76	1.79	523800
2020-05-07	1.82	1.83	1.80	1.81	661100
2020-05-08	1.84	1.84	1.81	1.83	741400
2020-05-11	1.82	1.83	1.80	1.82	996200
2020-05-12	1.80	1.83	1.79	1.82	460500
2020-05-13	1.80	1.82	1.77	1.82	1386000
2020-05-14	1.82	1.82	1.76	1.76	772900
2020-05-15	1.80	1.80	1.77	1.77	449700
2020-05-18	1.81	1.81	1.79	1.80	544800
2020-05-19	1.74	1.82	1.73	1.82	1381900
2020-05-20	1.75	1.76	1.74	1.74	181200
2020-05-21	1.77	1.79	1.75	1.78	458100
2020-05-22	1.76	1.79	1.72	1.79	588600
2020-05-26	1.77	1.79	1.77	1.77	459900
2020-05-27	1.76	1.77	1.71	1.77	642700
2020-05-28	1.80	1.80	1.78	1.79	621500
2020-05-29	1.81	1.82	1.77	1.80	957700
2020-06-01	1.85	1.85	1.82	1.82	588900
2020-06-02	1.88	1.90	1.85	1.86	1300500
2020-06-03	2.00	2.10	1.95	1.95	5357800
2020-06-04	1.92	2.02	1.91	2.01	2245000
2020-06-05	2.01	2.05	1.99	2.00	1313000
2020-06-08	2.05	2.07	2.02	2.07	1592500
2020-06-09	1.98	2.04	1.97	2.03	1749400
2020-06-10	1.97	2.00	1.95	1.98	1389300
2020-06-11	1.86	1.95	1.86	1.93	1329400
2020-06-12	1.87	1.90	1.82	1.90	686200
2020-06-15	1.87	1.88	1.83	1.84	724100
2020-06-16	1.87	1.90	1.85	1.90	1113400
2020-06-17	1.85	1.86	1.82	1.85	623400
2020-06-18	1.85	1.85	1.83	1.83	279400
2020-06-19	1.82	1.86	1.81	1.86	956500
2020-06-22	1.84	1.86	1.82	1.85	1594100
2020-06-23	1.85	1.86	1.84	1.85	297400
2020-06-24	1.84	1.88	1.84	1.87	354700
2020-06-25	1.84	1.85	1.82	1.84	406600
2020-06-26	1.82	1.85	1.82	1.82	294400
2020-06-29	1.85	1.85	1.82	1.83	366100
2020-06-30	1.89	1.90	1.84	1.86	1138200
2020-07-01	1.92	1.92	1.89	1.89	327900
2020-07-02	1.96	1.97	1.92	1.94	663600
2020-07-06	2.01	2.01	1.99	2.00	820500
2020-07-07	2.00	2.02	1.98	2.00	658900
2020-07-08	1.98	2.02	1.98	2.01	747200
2020-07-09	1.97	2.00	1.97	2.00	995700
2020-07-10	1.97	1.99	1.96	1.99	713300
2020-07-13	2.00	2.05	2.00	2.02	2014300
2020-07-14	2.07	2.08	2.00	2.02	1363700
2020-07-15	2.04	2.07	2.04	2.07	408500
2020-07-16	2.07	2.10	2.04	2.10	1213400
2020-07-17	2.06	2.08	2.06	2.07	523700
2020-07-20	2.09	2.10	2.07	2.09	827500
2020-07-21	2.17	2.18	2.12	2.12	911100
2020-07-22	2.24	2.26	2.18	2.18	1111500
2020-07-23	2.53	2.71	2.41	2.41	6410200
2020-07-24	2.51	2.59	2.45	2.55	4655400
2020-07-27	2.91	3.08	2.76	2.78	7132800
2020-07-28	2.75	2.99	2.71	2.98	4712700
2020-07-29	2.78	2.94	2.76	2.92	3397800
2020-07-30	2.77	2.82	2.68	2.77	2814200
2020-07-31	2.78	2.80	2.71	2.80	2005800
2020-08-03	3.18	3.20	2.95	2.95	6397300
2020-08-04	3.13	3.29	3.10	3.26	2842400
2020-08-05	3.21	3.26	3.14	3.14	2253400
2020-08-06	3.46	3.53	3.35	3.37	4411200
2020-08-07	3.22	3.37	3.17	3.36	3085500
2020-08-10	3.22	3.30	3.17	3.20	3842500
2020-08-11	3.15	3.20	3.13	3.19	2439200
2020-08-12	3.09	3.12	3.04	3.09	2923600
2020-08-13	2.98	3.04	2.96	3.04	1998500
2020-08-14	2.98	3.02	2.97	2.98	1058500
2020-08-17	3.04	3.09	2.98	3.05	1981400
2020-08-18	3.01	3.05	2.97	3.04	1179800
2020-08-19	2.90	2.96	2.89	2.95	1713000
2020-08-20	2.75	2.79	2.72	2.77	1606600
2020-08-21	2.76	2.77	2.71	2.76	1035000
2020-08-24	2.85	2.89	2.83	2.84	1140100
2020-08-25	2.80	2.83	2.77	2.81	876900
2020-08-26	2.83	2.85	2.80	2.83	662500
2020-08-27	2.74	2.82	2.74	2.82	1039400
2020-08-28	2.73	2.74	2.69	2.74	1460300
2020-08-31	2.66	2.68	2.59	2.68	1837800
2020-09-01	2.74	2.75	2.71	2.72	1089000
2020-09-02	2.74	2.74	2.68	2.74	965100
2020-09-03	2.62	2.70	2.60	2.68	2230100
2020-09-04	2.68	2.69	2.58	2.65	1428500
2020-09-08	2.81	2.88	2.77	2.83	2905500
2020-09-09	2.98	3.05	2.91	2.91	2004900
2020-09-10	2.92	2.99	2.88	2.94	2081300
2020-09-11	2.89	2.92	2.86	2.89	940700
2020-09-14	3.04	3.05	2.99	2.99	1561400
2020-09-15	3.25	3.27	3.17	3.18	2712900
2020-09-16	3.23	3.29	3.21	3.27	1529100
2020-09-17	3.26	3.31	3.20	3.20	7375700
2020-09-18	3.26	3.37	3.26	3.32	2835900
2020-09-21	3.22	3.23	3.16	3.18	1390800
2020-09-22	3.23	3.23	3.17	3.23	645900
2020-09-23	3.27	3.35	3.26	3.30	1640100
2020-09-24	3.32	3.36	3.24	3.26	2463400
2020-09-25	3.18	3.23	3.16	3.21	2435100
2020-09-28	3.73	3.74	3.56	3.59	4240200
2020-09-29	3.56	3.59	3.44	3.56	3475500
2020-09-30	3.60	3.65	3.59	3.64	2147800
2020-10-01	3.71	3.72	3.65	3.68	1441300
2020-10-02	3.62	3.69	3.62	3.62	2132300
2020-10-05	3.79	3.82	3.67	3.70	2340400
2020-10-06	3.66	3.75	3.64	3.70	3017300
2020-10-07	3.93	4.10	3.78	3.78	5741500
2020-10-08	4.07	4.44	3.93	4.22	7585300
2020-10-09	4.29	4.29	4.10	4.13	4413700
2020-10-12	4.21	4.35	4.15	4.33	3661200
2020-10-13	4.10	4.13	4.02	4.10	3438100
2020-10-14	4.13	4.20	4.12	4.16	2216600
2020-10-15	4.07	4.09	4.02	4.05	1745500
2020-10-16	3.92	3.98	3.88	3.98	3049200
2020-10-19	3.97	4.04	3.93	4.00	2801400
2020-10-20	4.07	4.13	4.01	4.04	2922100
2020-10-21	4.04	4.13	4.04	4.10	1706300
2020-10-22	4.39	4.43	4.26	4.26	5169400
2020-10-23	4.20	4.36	4.18	4.32	4238700
2020-10-26	4.15	4.26	4.08	4.26	4751900
2020-10-27	4.32	4.32	4.21	4.29	5255000
2020-10-28	4.15	4.24	4.10	4.21	4682500
2020-10-29	4.09	4.39	4.06	4.39	5516200
2020-10-30	3.98	4.02	3.86	3.90	4263900
2020-11-02	3.92	4.10	3.92	4.10	5694700
2020-11-03	4.04	4.08	3.90	3.91	4057900
2020-11-04	4.20	4.23	4.13	4.20	2877100
2020-11-05	4.06	4.13	4.01	4.12	5092800
2020-11-06	4.01	4.05	3.99	4.04	3309300
2020-11-09	4.27	4.58	4.21	4.21	6920200
2020-11-10	4.05	4.14	4.02	4.13	3384700
2020-11-11	4.16	4.23	4.07	4.09	3061900
2020-11-12	4.09	4.17	4.08	4.10	2526100
2020-11-13	4.17	4.21	4.13	4.13	2107500
2020-11-16	4.33	4.38	4.25	4.29	3727100
2020-11-17	4.23	4.30	4.23	4.29	4856800
2020-11-18	4.21	4.32	4.21	4.32	3292100
2020-11-19	4.23	4.26	4.21	4.22	2726200
2020-11-20	4.35	4.41	4.33	4.35	2779200
2020-11-23	5.23	5.32	4.81	4.83	11352600
2020-11-24	5.02	5.19	5.01	5.19	5627400
2020-11-25	5.09	5.13	5.03	5.04	2804100
2020-11-27	5.24	5.31	5.17	5.19	3344400
2020-11-30	5.36	5.48	5.31	5.46	9397000
2020-12-01	5.58	5.64	5.47	5.54	6226800
2020-12-02	5.47	5.61	5.41	5.60	5217800
2020-12-03	5.83	5.98	5.75	5.76	8109800
2020-12-04	6.67	6.74	6.36	6.47	11308500
2020-12-07	6.80	7.07	6.77	7.07	14081000
2020-12-08	6.59	6.95	6.24	6.92	11201800
2020-12-09	6.42	6.73	6.29	6.60	7787600
2020-12-10	6.25	6.34	6.10	6.12	5626100
2020-12-11	6.10	6.19	5.98	6.09	4224400
2020-12-14	6.18	6.25	6.11	6.24	3545700
2020-12-15	5.97	6.04	5.93	5.96	4529300
2020-12-16	5.94	6.05	5.89	6.02	2916000
2020-12-17	6.35	6.38	6.07	6.07	7965900
2020-12-18	6.11	6.35	6.10	6.34	4653300
2020-12-21	6.33	6.34	6.18	6.18	3533500
2020-12-22	6.13	6.21	6.04	6.21	3990700
2020-12-23	6.16	6.23	6.12	6.19	2325200
2020-12-24	6.23	6.29	6.19	6.19	1788200
2020-12-28	6.50	6.56	6.43	6.48	4308600
2020-12-29	6.25	6.44	6.18	6.44	4657200
2020-12-30	6.51	6.59	6.38	6.39	4341900
2020-12-31	6.34	6.41	6.28	6.39	3417400
2021-01-04	6.02	6.20	5.90	6.18	8815200
2021-01-05	6.24	6.35	6.14	6.16	5070000
2021-01-06	6.32	6.41	6.22	6.28	4581900
2021-01-07	6.44	6.45	6.19	6.25	5628300
2021-01-08	6.39	6.68	6.25	6.65	8303500
2021-01-11	6.80	6.91	6.55	6.59	8262900
2021-01-12	6.56	6.70	6.48	6.70	5387900
2021-01-13	6.68	6.80	6.64	6.78	3570000
2021-01-14	7.15	7.25	6.73	6.78	7854600
2021-01-15	6.60	6.95	6.52	6.86	9739300
2021-01-19	7.51	7.73	7.11	7.12	13187100
2021-01-20	7.19	7.45	7.14	7.35	10684000
2021-01-21	7.52	7.57	7.25	7.39	14128400
2021-01-22	7.72	7.95	7.60	7.95	11946100
2021-01-25	7.67	7.98	7.52	7.93	11419500
2021-01-26	7.46	7.58	7.38	7.57	11121100
2021-01-27	6.94	7.44	6.71	7.44	13535600
2021-01-28	6.98	7.10	6.84	7.05	5867400
2021-01-29	6.80	6.93	6.69	6.92	10094900
2021-02-01	7.01	7.04	6.78	7.01	7048100
2021-02-02	7.13	7.24	7.01	7.19	5184300
2021-02-03	7.07	7.10	6.89	7.01	8265100
2021-02-04	7.10	7.10	6.89	7.02	5222000
2021-02-05	7.23	7.40	7.04	7.16	6536800
2021-02-08	7.56	7.84	7.35	7.41	10911600
2021-02-09	7.78	7.86	7.67	7.80	6470800
2021-02-10	7.64	7.89	7.61	7.89	5694000
2021-02-11	7.97	8.16	7.64	7.75	9358400
2021-02-12	8.10	8.13	7.80	8.04	6077900
2021-02-16	8.04	8.48	7.99	8.40	10159700
2021-02-17	7.75	7.88	7.56	7.80	9375600
2021-02-18	7.74	7.77	7.58	7.71	6237300
2021-02-19	7.80	7.95	7.72	7.85	6045300
2021-02-22	7.45	7.71	7.41	7.69	8333000
2021-02-23	7.38	7.40	6.73	7.21	10712000
2021-02-24	7.56	7.58	7.22	7.36	5986600
2021-02-25	7.31	7.72	7.19	7.53	7738600
2021-02-26	7.37	7.42	7.10	7.26	6864700
2021-03-01	7.56	7.62	7.46	7.59	5905200
2021-03-02	7.08	7.32	7.04	7.31	9555900
2021-03-03	6.82	7.10	6.70	7.07	9611400
2021-03-04	6.32	6.64	6.13	6.56	14366100
2021-03-05	6.47	6.49	6.03	6.45	11390300
2021-03-08	6.04	6.39	6.04	6.37	11666600
2021-03-09	6.34	6.45	6.24	6.32	7617100
2021-03-10	6.27	6.42	6.21	6.38	5357700
2021-03-11	6.63	6.68	6.47	6.51	4792700
2021-03-12	6.60	6.61	6.47	6.53	3918100
2021-03-15	6.62	6.66	6.50	6.59	5872400
2021-03-16	6.55	6.66	6.47	6.61	6601500
2021-03-17	6.49	6.58	6.30	6.38	6803500
2021-03-18	6.19	6.31	6.18	6.30	6749100
2021-03-19	6.19	6.22	6.10	6.20	4248900
2021-03-22	6.44	6.56	6.35	6.36	6217000
2021-03-23	6.35	6.47	6.31	6.45	3526100
2021-03-24	6.12	6.34	6.10	6.32	5536200
2021-03-25	6.40	6.45	6.24	6.25	5444000
2021-03-26	6.64	6.65	6.46	6.50	5095900
2021-03-29	6.47	6.62	6.36	6.62	4839200
2021-03-30	6.68	6.77	6.57	6.58	4982900
2021-03-31	6.85	6.91	6.68	6.76	5276400
2021-04-01	6.96	6.97	6.75	6.81	5353100
2021-04-05	6.92	7.13	6.86	7.10	5901100
2021-04-06	6.70	6.83	6.63	6.78	4813700
2021-04-07	6.74	6.87	6.68	6.77	3820100
2021-04-08	7.11	7.22	7.07	7.07	5382100
2021-04-09	7.07	7.08	7.00	7.06	4240100
2021-04-12	7.01	7.07	6.94	7.05	3937200
2021-04-13	7.19	7.23	7.08	7.19	5254500
2021-04-14	6.87	7.05	6.86	7.03	6942400
2021-04-15	6.96	7.01	6.85	6.99	6679600
2021-04-16	7.13	7.21	7.08	7.08	6095300
2021-04-19	7.12	7.27	7.01	7.17	7564300
2021-04-20	7.11	7.23	7.05	7.14	6078700
2021-04-21	7.26	7.28	7.04	7.06	4172500
2021-04-22	7.29	7.45	7.23	7.37	6491200
2021-04-23	7.98	8.01	7.53	7.55	13710500
2021-04-26	8.41	8.46	8.16	8.22	8391100
2021-04-27	8.13	8.25	8.04	8.23	6534900
2021-04-28	7.91	8.12	7.67	8.12	6516100
2021-04-29	7.62	7.74	7.50	7.74	5983500
2021-04-30	7.46	7.57	7.44	7.51	3968600
2021-05-03	7.18	7.28	7.16	7.23	7440000
2021-05-04	7.34	7.35	7.04	7.29	7273500
2021-05-05	7.06	7.12	7.00	7.11	5431000
2021-05-06	7.01	7.06	6.89	7.01	4429400
2021-05-07	7.25	7.35	7.22	7.23	5404300
2021-05-10	6.95	7.16	6.95	7.16	5815600
2021-05-11	6.74	6.80	6.39	6.56	7801900
2021-05-12	6.24	6.38	6.22	6.32	11333400
2021-05-13	6.41	6.55	6.30	6.42	8651200
2021-05-14	6.44	6.46	6.35	6.41	5463800
2021-05-17	6.14	6.16	5.94	6.08	12392300
2021-05-18	6.47	6.61	6.45	6.52	9497000
2021-05-19	6.55	6.55	6.31	6.36	6431400
2021-05-20	6.39	6.44	6.30	6.42	9207600
2021-05-21	6.34	6.45	6.32	6.41	5121700
2021-05-24	6.56	6.65	6.53	6.55	10121900
2021-05-25	6.77	6.98	6.74	6.93	9944400
2021-05-26	6.84	6.89	6.79	6.82	3920700
2021-05-27	6.91	6.95	6.86	6.92	5931700
2021-05-28	7.07	7.13	7.01	7.02	3991600
2021-06-01	7.06	7.18	7.01	7.17	5131600
2021-06-02	7.12	7.13	7.00	7.04	4400800
2021-06-03	7.24	7.32	7.18	7.32	7959700
2021-06-04	7.36	7.38	7.21	7.27	4680600
2021-06-07	7.20	7.24	7.08	7.16	5699700
2021-06-08	7.01	7.13	7.00	7.12	7004000
2021-06-09	6.93	6.98	6.78	6.90	5239600
2021-06-10	7.13	7.19	7.02	7.05	7024800
2021-06-11	7.11	7.13	7.04	7.07	3185000
2021-06-14	7.16	7.16	7.07	7.10	3757800
2021-06-15	7.19	7.37	7.17	7.30	3944500
2021-06-16	7.07	7.17	7.03	7.16	3918300
2021-06-17	7.25	7.32	7.15	7.16	6954600
2021-06-18	6.89	7.07	6.88	7.07	14930000
2021-06-21	6.97	6.97	6.83	6.92	4574900
2021-06-22	6.88	6.92	6.80	6.92	4821000
2021-06-23	6.98	7.12	6.98	7.07	4448600
2021-06-24	7.17	7.19	7.11	7.12	4025800
2021-06-25	7.09	7.17	7.07	7.16	3485600
2021-06-28	7.14	7.18	7.05	7.06	3747700
2021-06-29	7.20	7.20	7.10	7.14	2856100
2021-06-30	7.10	7.16	7.08	7.15	2846700
2021-07-01	6.97	7.05	6.93	7.04	4251900
2021-07-02	7.07	7.10	7.04	7.07	3209400
2021-07-06	7.08	7.13	6.98	7.10	3472100
2021-07-07	7.07	7.20	7.03	7.19	4380700
2021-07-08	7.01	7.04	6.89	6.92	5802300
2021-07-09	7.16	7.21	7.01	7.05	5631000
2021-07-12	7.25	7.26	7.13	7.17	4691000
2021-07-13	7.38	7.44	7.23	7.24	8055300
2021-07-14	7.29	7.43	7.29	7.41	6502900
2021-07-15	7.12	7.39	6.95	7.38	13967400
2021-07-16	7.09	7.23	7.04	7.17	5718800
2021-07-19	6.97	6.97	6.86	6.91	5413600
2021-07-20	7.03	7.12	6.90	7.00	5920600
2021-07-21	7.10	7.13	6.92	6.93	9659500
2021-07-22	7.31	7.37	7.19	7.20	8455200
2021-07-23	7.31	7.37	7.27	7.30	4096100
2021-07-26	7.36	7.44	7.32	7.35	4363400
2021-07-27	7.16	7.35	7.03	7.33	10283000
2021-07-28	7.34	7.41	7.17	7.19	10036800
2021-07-29	7.90	7.95	7.54	7.55	17667400
2021-07-30	8.17	8.21	7.88	7.91	9661400
2021-08-02	7.98	8.11	7.96	8.11	8646700
2021-08-03	8.26	8.30	8.18	8.22	5957700
2021-08-04	8.49	8.54	8.40	8.41	6782000
2021-08-05	8.96	9.08	8.82	8.86	10753300
2021-08-06	8.79	8.82	8.64	8.73	7493600
2021-08-09	8.68	8.75	8.64	8.73	4789300
2021-08-10	8.40	8.47	8.29	8.45	7899900
2021-08-11	8.41	8.49	8.30	8.46	4383900
2021-08-12	8.48	8.48	8.30	8.41	3325500
2021-08-13	8.08	8.18	7.93	8.17	9041000
2021-08-16	8.01	8.03	7.95	7.99	2600900
2021-08-17	7.79	7.86	7.71	7.81	8413600
2021-08-18	7.93	8.17	7.92	8.05	8368500
2021-08-19	7.91	7.94	7.61	7.67	8878300
2021-08-20	8.04	8.20	7.79	7.82	11507800
2021-08-23	8.22	8.29	8.13	8.20	11934000
2021-08-24	8.28	8.31	8.19	8.20	9962900
2021-08-25	8.73	8.82	8.48	8.51	12688400
2021-08-26	8.62	8.68	8.53	8.62	8721400
2021-08-27	8.75	8.79	8.62	8.65	7612300
2021-08-30	8.80	8.87	8.74	8.87	4287100
2021-08-31	8.82	8.91	8.77	8.84	6327000
2021-09-01	9.19	9.28	8.91	8.92	13070900
2021-09-02	9.11	9.23	9.08	9.14	8398500
2021-09-03	9.69	9.79	9.47	9.63	13023400
2021-09-07	9.50	9.69	9.39	9.69	8810600
2021-09-08	9.18	9.27	9.11	9.27	7684700
2021-09-09	9.41	9.52	9.38	9.42	5261700
2021-09-10	9.48	9.72	9.48	9.58	5047600
2021-09-13	9.44	9.48	9.34	9.46	4215900
2021-09-14	9.27	9.37	9.24	9.31	5143100
2021-09-15	9.28	9.30	9.18	9.29	3348800
2021-09-16	9.33	9.37	9.23	9.28	4971300
2021-09-17	9.10	9.25	9.08	9.23	5930900
2021-09-20	8.86	8.93	8.71	8.77	7591500
2021-09-21	8.82	8.93	8.78	8.92	3638400
2021-09-22	9.10	9.14	8.95	9.00	5075900
2021-09-23	9.20	9.24	9.13	9.21	6055000
2021-09-24	9.30	9.39	9.22	9.31	4363400
2021-09-27	9.23	9.29	9.16	9.19	2663300
2021-09-28	8.94	9.12	8.91	9.11	6421800
2021-09-29	8.78	8.92	8.75	8.86	5837600
2021-09-30	8.86	8.94	8.82	8.90	5227100
2021-10-01	8.76	8.80	8.65	8.77	5931900
2021-10-04	8.29	8.53	8.25	8.53	9551300
2021-10-05	8.44	8.49	8.40	8.45	7550500
2021-10-06	8.17	8.27	8.07	8.26	13126400
2021-10-07	8.50	8.62	8.49	8.55	9490700
2021-10-08	8.34	8.43	8.29	8.41	6292900
2021-10-11	8.23	8.40	8.22	8.30	5837600
2021-10-12	8.02	8.17	7.89	8.17	11540800
2021-10-13	7.88	7.94	7.81	7.86	5901800
2021-10-14	7.94	8.09	7.91	8.08	7041900
2021-10-15	8.06	8.18	8.00	8.17	7171800
2021-10-18	8.05	8.06	7.91	8.01	6549700
2021-10-19	8.24	8.28	8.19	8.23	7444300
2021-10-20	8.08	8.14	8.06	8.14	5781000
2021-10-21	8.04	8.08	7.99	8.05	5442400
2021-10-22	7.95	8.08	7.93	8.02	6085800
2021-10-25	8.13	8.20	8.12	8.20	8176100
2021-10-26	8.29	8.45	8.28	8.29	14691400
2021-10-27	8.42	8.83	8.22	8.53	15686800
2021-10-28	8.21	8.33	7.96	8.30	14752600
2021-10-29	7.96	8.04	7.85	8.04	13055800
2021-11-01	8.03	8.05	7.89	7.93	10290500
2021-11-02	8.25	8.32	8.13	8.14	12066000
2021-11-03	8.28	8.28	8.15	8.24	5574800
2021-11-04	8.34	8.35	8.16	8.20	7157600
2021-11-05	8.37	8.48	8.30	8.46	6336500
2021-11-08	8.67	8.81	8.58	8.58	13223300
2021-11-09	8.71	8.87	8.63	8.82	8687600
2021-11-10	8.60	8.75	8.53	8.68	9384500
2021-11-11	8.84	8.92	8.66	8.71	7898900
2021-11-12	8.76	8.80	8.63	8.80	4910700
2021-11-15	8.82	8.88	8.75	8.83	4671700
2021-11-16	8.78	8.79	8.65	8.73	5241500
2021-11-17	8.76	8.84	8.75	8.82	3497300
2021-11-18	8.90	8.93	8.75	8.79	6984500
2021-11-19	9.06	9.13	9.02	9.06	5555100
2021-11-22	8.99	9.26	8.99	9.06	7926700
2021-11-23	8.78	8.86	8.62	8.83	8035100
2021-11-24	8.85	8.86	8.65	8.73	5551300
2021-11-26	8.63	8.83	8.55	8.63	5015200
2021-11-29	8.86	8.89	8.71	8.81	6667200
2021-11-30	9.02	9.11	8.82	8.87	8195400
2021-12-01	9.48	9.83	9.33	9.34	18627300
2021-12-02	9.42	9.56	9.27	9.37	6566300
2021-12-03	9.37	9.63	9.30	9.50	6934500
2021-12-06	9.34	9.36	9.06	9.34	6092300
2021-12-07	9.72	9.76	9.39	9.39	10105000
2021-12-08	9.06	9.24	8.97	9.24	13022300
2021-12-09	8.79	9.08	8.76	8.95	7274800
2021-12-10	8.79	8.89	8.71	8.87	5936300
2021-12-13	8.54	8.76	8.53	8.73	5435000
2021-12-14	8.59	8.61	8.45	8.49	6213700
2021-12-15	8.89	8.89	8.57	8.65	7641800
2021-12-16	8.54	8.86	8.49	8.80	10559600
2021-12-17	8.58	8.67	8.42	8.44	6707600
2021-12-20	8.48	8.58	8.42	8.53	6589900
2021-12-21	8.86	8.86	8.65	8.65	6288600
2021-12-22	9.02	9.02	8.79	8.82	5252500
2021-12-23	8.98	9.05	8.93	8.96	3461200
2021-12-27	9.16	9.18	9.07	9.07	4555200
2021-12-28	9.06	9.21	9.05	9.21	3501100
2021-12-29	9.07	9.13	9.01	9.10	3178000
2021-12-30	9.03	9.16	9.02	9.06	3118400
2021-12-31	9.07	9.17	9.06	9.06	2386500
2022-01-03	9.03	9.03	8.77	9.03	6324500
2022-01-04	8.93	9.01	8.73	9.00	8298500
2022-01-05	8.64	8.98	8.62	8.84	6653000
2022-01-06	8.93	8.93	8.57	8.68	9544700
2022-01-07	8.55	8.86	8.43	8.84	12202000
2022-01-10	8.64	8.64	8.42	8.49	9075600
2022-01-11	8.82	8.82	8.60	8.65	7028400
2022-01-12	8.73	8.81	8.63	8.73	5322800
2022-01-13	8.84	9.27	8.84	8.90	10110900
2022-01-14	9.06	9.07	8.68	8.72	9045500
2022-01-18	8.79	8.97	8.79	8.94	7575600
2022-01-19	8.69	9.02	8.69	8.85	8084500
2022-01-20	8.63	9.03	8.63	8.95	9474700
2022-01-21	8.44	8.74	8.42	8.64	11603100
2022-01-24	8.46	8.48	8.02	8.43	19251600
2022-01-25	7.86	8.35	7.76	8.33	21876000
2022-01-26	7.72	8.06	7.65	8.00	16715100
2022-01-27	7.26	7.80	7.23	7.79	18043500
2022-01-28	7.20	7.34	6.99	7.28	15966100
2022-01-31	7.62	7.63	7.25	7.25	17095500
2022-02-01	7.59	7.73	7.43	7.71	9345500
2022-02-02	7.59	7.69	7.42	7.59	9378100
2022-02-03	7.36	7.54	7.33	7.44	10779500
2022-02-04	7.65	7.69	7.36	7.37	10560200
2022-02-07	7.54	7.63	7.45	7.50	10037000
2022-02-08	7.77	7.79	7.60	7.60	7206500
2022-02-09	7.95	7.96	7.71	7.85	8915700
2022-02-10	7.70	7.92	7.66	7.72	9277200
2022-02-11	7.49	7.79	7.47	7.76	12319900
2022-02-14	7.36	7.48	7.28	7.39	8057500
2022-02-15	7.68	7.68	7.49	7.49	14245400
2022-02-16	7.61	7.63	7.46	7.57	7748000
2022-02-17	7.38	7.54	7.38	7.53	8318900
2022-02-18	7.37	7.48	7.30	7.42	6362300
2022-02-22	7.30	7.47	7.23	7.25	7513300
2022-02-23	7.30	7.54	7.27	7.42	7571600
2022-02-24	7.17	7.18	6.79	6.89	22544100
2022-02-25	7.30	7.30	7.07	7.18	9924600
2022-02-28	7.20	7.28	7.09	7.23	8447200
2022-03-01	7.25	7.41	7.19	7.35	11045000
2022-03-02	7.44	7.51	7.29	7.34	8800700
2022-03-03	7.38	7.46	7.31	7.45	7327400
2022-03-04	7.17	7.32	7.10	7.25	10637300
2022-03-07	6.82	7.17	6.81	7.10	12924800
2022-03-08	6.84	7.03	6.70	6.84	13682800
2022-03-09	7.21	7.26	7.12	7.17	11652700
2022-03-10	7.09	7.16	7.03	7.13	7032100
2022-03-11	6.97	7.23	6.96	7.18	8520500
2022-03-14	6.79	7.06	6.75	6.95	19618300
2022-03-15	6.95	6.96	6.63	6.74	11751100
2022-03-16	7.24	7.25	6.93	6.99	13795200
2022-03-17	7.30	7.31	7.12	7.20	7422700
2022-03-18	7.35	7.36	7.18	7.25	10335700
2022-03-21	7.30	7.37	7.19	7.33	6452700
2022-03-22	7.34	7.42	7.30	7.34	7651700
2022-03-23	7.09	7.28	7.09	7.27	7670500
2022-03-24	7.29	7.30	7.10	7.15	9895500
2022-03-25	7.32	7.32	7.17	7.22	19119600
2022-03-28	7.34	7.34	7.17	7.33	5880200
2022-03-29	7.41	7.44	7.34	7.37	8623300
2022-03-30	7.27	7.46	7.27	7.37	9602400
2022-03-31	7.07	7.32	7.06	7.32	13271900
2022-04-01	6.82	7.15	6.75	7.13	15176400
2022-04-04	7.04	7.10	6.89	6.92	9251400
2022-04-05	6.88	7.01	6.87	6.91	12914200
2022-04-06	6.75	6.84	6.66	6.80	8891400
2022-04-07	6.67	6.77	6.61	6.72	9724700
2022-04-08	6.54	6.68	6.53	6.68	8483600
2022-04-11	6.37	6.45	6.31	6.39	7302500
2022-04-12	6.27	6.47	6.22	6.46	8440600
2022-04-13	6.51	6.54	6.37	6.40	7122500
2022-04-14	6.28	6.54	6.27	6.53	8078900
2022-04-18	6.21	6.31	6.14	6.20	13483300
2022-04-19	6.32	6.32	6.11	6.18	9121200
2022-04-20	6.31	6.44	6.30	6.41	6670500
2022-04-21	6.23	6.42	6.22	6.40	8569800
2022-04-22	6.13	6.27	6.13	6.24	6509200
2022-04-25	6.13	6.13	5.96	6.05	10501600
2022-04-26	5.82	6.08	5.81	6.06	11936900
2022-04-27	6.00	6.12	5.89	5.97	8819300
2022-04-28	6.47	6.56	6.22	6.29	13811600
2022-04-29	6.17	6.44	6.17	6.30	11497300
2022-05-02	6.31	6.31	6.09	6.19	10483000
2022-05-03	6.27	6.27	6.16	6.16	6322900
2022-05-04	6.52	6.53	6.16	6.29	9315400
2022-05-05	6.23	6.44	6.17	6.42	9598500
2022-05-06	6.27	6.41	6.15	6.25	7958400
2022-05-09	6.02	6.24	6.01	6.15	11256600
2022-05-10	6.30	6.38	6.21	6.27	9736500
2022-05-11	6.13	6.37	6.12	6.29	9138600
2022-05-12	6.17	6.21	6.03	6.05	8742200
2022-05-13	6.49	6.50	6.26	6.29	9214100
2022-05-16	6.43	6.51	6.41	6.43	4863600
2022-05-17	6.72	6.72	6.56	6.57	10582000
2022-05-18	6.45	6.68	6.44	6.64	7241600
2022-05-19	6.54	6.70	6.45	6.45	9070600
2022-05-20	6.63	6.70	6.45	6.70	9290700
2022-05-23	6.63	6.65	6.54	6.59	4924400
2022-05-24	6.38	6.47	6.35	6.44	4998800
2022-05-25	6.55	6.58	6.41	6.42	6776600
2022-05-26	6.69	6.71	6.51	6.54	6793200
2022-05-27	6.80	6.80	6.71	6.76	7252000
2022-05-31	6.83	6.86	6.74	6.79	5452300
2022-06-01	6.70	6.86	6.64	6.86	5202300
2022-06-02	6.96	6.97	6.63	6.66	11207900
2022-06-03	6.75	6.88	6.72	6.80	8209500
2022-06-06	6.89	6.99	6.88	6.92	7798100
2022-06-07	7.02	7.02	6.85	6.92	5198400
2022-06-08	6.95	7.06	6.91	7.06	6527200
2022-06-09	6.72	6.96	6.72	6.90	9587600
2022-06-10	6.61	6.73	6.61	6.63	6055300
2022-06-13	6.29	6.55	6.28	6.44	13561900
2022-06-14	6.38	6.43	6.29	6.32	5750900
2022-06-15	6.51	6.59	6.37	6.38	5363300
2022-06-16	6.19	6.35	6.15	6.32	9357900
2022-06-17	6.19	6.20	6.03	6.13	8278300
2022-06-21	6.61	6.68	6.46	6.46	6687100
2022-06-22	6.17	6.28	6.13	6.19	14993800
2022-06-23	5.88	6.01	5.74	5.99	14098700
2022-06-24	6.09	6.09	5.83	5.89	11001900
2022-06-27	6.07	6.22	6.04	6.15	7760800
2022-06-28	5.87	6.04	5.85	5.98	8270500
2022-06-29	5.76	5.86	5.72	5.86	9174300
2022-06-30	5.61	5.65	5.46	5.47	12398500
2022-07-01	5.43	5.51	5.39	5.46	12783800
2022-07-05	5.44	5.45	5.27	5.36	11508000
2022-07-06	5.27	5.29	5.17	5.25	12550600
2022-07-07	5.64	5.68	5.55	5.56	10468400
2022-07-08	5.63	5.65	5.52	5.56	6886000
2022-07-11	5.40	5.46	5.35	5.45	6070200
2022-07-12	5.39	5.58	5.31	5.51	15429100
2022-07-13	5.47	5.52	5.27	5.29	13363700
2022-07-14	5.49	5.51	5.36	5.44	8752600
2022-07-15	5.56	5.56	5.45	5.51	5503600
2022-07-18	5.56	5.69	5.56	5.67	8500000
2022-07-19	5.75	5.75	5.62	5.62	9925500
2022-07-20	5.80	5.81	5.69	5.69	8692600
2022-07-21	6.05	6.09	5.96	5.96	11813600
2022-07-22	5.87	6.00	5.83	5.98	7364600
2022-07-25	5.70	5.72	5.60	5.70	9329400
2022-07-26	5.38	5.46	5.37	5.41	12157300
2022-07-27	5.71	5.74	5.50	5.51	12569300
2022-07-28	5.57	5.59	5.41	5.51	10182600
2022-07-29	5.65	5.70	5.59	5.61	8057400
2022-08-01	5.52	5.62	5.50	5.62	8964600
2022-08-02	5.46	5.57	5.41	5.42	6074300
2022-08-03	5.56	5.57	5.45	5.51	5964800
2022-08-04	5.64	5.68	5.56	5.59	4648500
2022-08-05	5.77	5.89	5.76	5.79	8501500
2022-08-08	5.69	5.75	5.63	5.71	6851000
2022-08-09	5.53	5.72	5.51	5.68	8702700
2022-08-10	5.82	5.82	5.62	5.64	10027300
2022-08-11	5.86	6.07	5.84	5.85	13107100
2022-08-12	6.02	6.05	5.91	5.94	9149900
2022-08-15	6.03	6.06	5.97	6.00	4628400
2022-08-16	5.94	6.01	5.92	5.98	4786400
2022-08-17	5.85	5.92	5.81	5.86	5265100
2022-08-18	5.90	5.93	5.80	5.83	5303300
2022-08-19	5.77	5.88	5.76	5.87	6702100
2022-08-22	5.56	5.67	5.55	5.64	8270200
2022-08-23	5.58	5.63	5.51	5.52	7288900
2022-08-24	5.58	5.61	5.54	5.56	4504200
2022-08-25	5.78	5.80	5.62	5.62	8650600
2022-08-26	5.48	5.73	5.48	5.73	7643900
2022-08-29	5.39	5.47	5.38	5.43	5807500
2022-08-30	5.44	5.49	5.37	5.46	8111300
2022-08-31	5.50	5.63	5.49	5.56	8385500
2022-09-01	5.43	5.46	5.32	5.41	10037100
2022-09-02	5.39	5.52	5.36	5.48	7149600
2022-09-06	5.26	5.44	5.23	5.44	6572100
2022-09-07	5.32	5.33	5.21	5.22	6134300
2022-09-08	5.30	5.31	5.19	5.24	5915200
2022-09-09	5.40	5.44	5.34	5.34	6944500
2022-09-12	5.41	5.45	5.39	5.42	3230300
2022-09-13	5.18	5.33	5.17	5.31	11322300
2022-09-14	5.30	5.38	5.29	5.30	7115400
2022-09-15	5.27	5.33	5.22	5.27	5689800
2022-09-16	5.31	5.31	5.21	5.22	7936500
2022-09-19	5.31	5.31	5.22	5.22	3667900
2022-09-20	5.18	5.28	5.16	5.27	6068800
2022-09-21	5.12	5.27	5.11	5.15	6076500
2022-09-22	4.99	5.10	4.98	5.10	9145800
2022-09-23	4.90	4.93	4.87	4.92	9738100
2022-09-26	4.78	4.88	4.73	4.80	9329600
2022-09-27	4.85	4.92	4.80	4.86	7442000
2022-09-28	4.85	4.86	4.71	4.77	6119800
2022-09-29	4.68	4.78	4.67	4.77	9993100
2022-09-30	4.62	4.72	4.60	4.60	5773500
2022-10-03	4.70	4.74	4.62	4.65	7692700
2022-10-04	5.05	5.07	4.93	4.93	12894900
2022-10-05	5.08	5.10	4.93	4.93	7951000
2022-10-06	5.07	5.17	5.06	5.12	6246400
2022-10-07	4.80	4.97	4.79	4.96	9962600
2022-10-10	4.67	4.81	4.65	4.80	9798400
2022-10-11	4.44	4.59	4.44	4.58	15908400
2022-10-12	4.63	4.75	4.59	4.62	14732600
2022-10-13	4.83	4.92	4.46	4.53	15905900
2022-10-14	4.83	5.07	4.79	5.05	20058900
2022-10-17	4.92	4.95	4.86	4.89	10299500
2022-10-18	4.89	5.03	4.83	5.02	13661000
2022-10-19	4.87	4.93	4.83	4.86	9516000
2022-10-20	5.07	5.25	5.02	5.02	14797400
2022-10-21	5.17	5.18	4.97	4.98	11766200
2022-10-24	5.11	5.14	4.95	5.06	11766200
2022-10-25	5.16	5.22	5.04	5.04	9944600
2022-10-26	4.90	5.00	4.86	4.95	13363300
2022-10-27	4.88	5.05	4.88	5.00	13723300
2022-10-28	4.99	4.99	4.87	4.88	8564300
2022-10-31	4.92	4.97	4.90	4.97	9685200
2022-11-01	4.97	5.03	4.94	5.00	6544100
2022-11-02	4.88	5.14	4.88	4.99	14546700
2022-11-03	4.88	4.93	4.83	4.88	10026600
2022-11-04	5.17	5.18	4.97	5.00	14385800
2022-11-07	5.28	5.35	5.20	5.27	12864200
2022-11-08	5.35	5.42	5.22	5.27	13381700
2022-11-09	5.31	5.42	5.31	5.34	11953600
2022-11-10	5.93	6.03	5.49	5.49	29572100
2022-11-11	6.07	6.08	5.91	5.92	12508600
2022-11-14	5.99	6.09	5.98	5.99	9193700
2022-11-15	6.29	6.38	6.18	6.33	17249800
2022-11-16	5.90	6.09	5.88	6.09	14265100
2022-11-17	6.20	6.21	5.85	5.90	8231600
2022-11-18	6.16	6.19	6.09	6.18	7398000
2022-11-21	6.09	6.16	6.09	6.09	7196500
2022-11-22	6.24	6.24	6.12	6.13	8881600
2022-11-23	6.21	6.29	6.15	6.20	7404200
2022-11-25	6.07	6.22	6.07	6.22	4006000
2022-11-28	5.87	6.04	5.82	5.95	7439600
2022-11-29	5.90	5.96	5.85	5.96	4148600
2022-11-30	6.25	6.27	5.98	6.02	12171000
2022-12-01	6.14	6.22	6.00	6.20	8459100
2022-12-02	6.14	6.19	6.02	6.02	6020900
2022-12-05	6.11	6.19	6.04	6.14	4983900
2022-12-06	5.95	6.09	5.92	6.09	6993300
2022-12-07	5.94	5.95	5.87	5.89	5786800
2022-12-08	5.96	5.98	5.84	5.86	8047300
2022-12-09	5.89	5.99	5.89	5.93	6394000
2022-12-12	5.98	5.98	5.89	5.94	6143900
2022-12-13	6.04	6.15	5.97	6.11	8211000
2022-12-14	5.99	6.10	5.92	6.06	7550900
2022-12-15	5.80	5.93	5.79	5.89	10389700
2022-12-16	5.77	5.93	5.75	5.86	12387800
2022-12-19	5.71	5.79	5.65	5.77	11071300
2022-12-20	5.62	5.71	5.60	5.61	5805000
2022-12-21	5.79	5.80	5.65	5.67	5234200
2022-12-22	5.64	5.73	5.56	5.73	8414100
2022-12-23	5.59	5.61	5.53	5.58	5920000
2022-12-27	5.50	5.56	5.49	5.54	6611800
2022-12-28	5.38	5.50	5.37	5.46	5801300
2022-12-29	5.58	5.60	5.45	5.49	7421300
2022-12-30	5.41	5.46	5.37	5.46	6197400
2023-01-03	5.48	5.60	5.45	5.57	8061600
2023-01-04	5.60	5.61	5.46	5.52	8571000
2023-01-05	5.46	5.59	5.46	5.56	7494200
2023-01-06	5.80	5.83	5.62	5.66	7449300
2023-01-09	6.04	6.12	6.00	6.05	8516100
2023-01-10	6.14	6.14	6.04	6.10	8671500
2023-01-11	6.17	6.17	6.10	6.15	4740400
2023-01-12	6.28	6.29	6.10	6.18	9629700
2023-01-13	6.22	6.24	6.13	6.13	6825000
2023-01-17	6.34	6.38	6.20	6.27	8482300
2023-01-18	6.29	6.44	6.28	6.38	5795000
2023-01-19	6.15	6.31	6.15	6.31	9053600
2023-01-20	6.37	6.38	6.19	6.19	7350400
2023-01-23	6.62	6.62	6.39	6.42	12554900
2023-01-24	6.49	6.59	6.48	6.59	5413500
2023-01-25	6.49	6.50	6.37	6.39	5691700
2023-01-26	6.53	6.59	6.44	6.57	6288400
2023-01-27	6.50	6.57	6.48	6.50	5190400
2023-01-30	6.57	6.69	6.56	6.62	10142200
2023-01-31	6.74	6.77	6.65	6.66	12280800
2023-02-01	7.05	7.07	6.75	6.77	14087100
2023-02-02	7.14	7.19	6.98	7.10	11487600
2023-02-03	6.96	7.11	6.96	7.03	9776300
2023-02-06	6.72	6.82	6.69	6.77	8120100
2023-02-07	6.88	6.90	6.71	6.76	11935300
2023-02-08	6.79	6.97	6.78	6.92	6112200
2023-02-09	6.93	7.09	6.87	6.95	8470600
2023-02-10	6.86	6.95	6.78	6.92	6698100
2023-02-13	6.91	6.91	6.75	6.82	8404300
2023-02-14	7.01	7.02	6.81	6.85	8990300
2023-02-15	6.83	6.90	6.77	6.86	6430200
2023-02-16	6.72	6.80	6.69	6.72	8427400
2023-02-17	6.72	6.79	6.68	6.68	6629000
2023-02-21	6.66	6.82	6.65	6.79	9484900
2023-02-22	6.64	6.72	6.63	6.69	6978700
2023-02-23	6.79	6.87	6.72	6.85	9006500
2023-02-24	6.66	6.72	6.63	6.63	6596700
2023-02-27	6.68	6.75	6.67	6.70	5445300
2023-02-28	6.74	6.80	6.69	6.72	5504200
2023-03-01	6.85	6.93	6.82	6.87	4971100
2023-03-02	6.90	6.92	6.74	6.79	5082100
2023-03-03	7.00	7.00	6.87	6.93	5416100
2023-03-06	6.89	7.01	6.87	6.96	4841300
2023-03-07	6.78	6.96	6.78	6.92	5335800
2023-03-08	7.05	7.06	6.90	6.91	6209500
2023-03-09	6.95	7.12	6.94	6.98	7437900
2023-03-10	6.91	7.06	6.87	6.96	9403900
2023-03-13	6.96	7.02	6.89	6.97	9668200
2023-03-14	6.99	7.01	6.87	6.91	7630400
2023-03-15	6.90	6.94	6.80	6.93	8113300
2023-03-16	7.19	7.21	6.90	6.90	10833300
2023-03-17	7.13	7.21	7.12	7.16	6680600
2023-03-20	7.26	7.26	7.13	7.13	6013000
2023-03-21	7.24	7.30	7.12	7.21	6862200
2023-03-22	7.20	7.43	7.19	7.29	7863000
2023-03-23	7.30	7.35	7.18	7.29	7665000
2023-03-24	7.13	7.21	7.11	7.21	6694900
2023-03-27	7.18	7.23	7.16	7.16	6828300
2023-03-28	7.13	7.13	7.04	7.10	5575800
2023-03-29	7.12	7.16	7.00	7.02	8891700
2023-03-30	7.21	7.23	7.14	7.15	6707400
2023-03-31	7.26	7.28	7.16	7.21	4168600
2023-04-03	7.26	7.28	7.16	7.26	4011400
2023-04-04	7.15	7.26	7.11	7.26	4458300
2023-04-05	6.99	7.11	6.93	7.07	6989800
2023-04-06	7.07	7.16	7.05	7.07	4376200
2023-04-10	6.97	6.98	6.86	6.88	6714900
2023-04-11	6.97	6.99	6.92	6.94	3658500
2023-04-12	6.91	7.11	6.90	7.06	6072000
2023-04-13	6.98	7.02	6.84	6.84	4559900
2023-04-14	6.94	7.02	6.88	6.92	4381600
2023-04-17	7.01	7.01	6.94	7.00	4992200
2023-04-18	7.05	7.06	7.00	7.02	5275600
2023-04-19	6.88	6.95	6.85	6.93	8517700
2023-04-20	6.87	6.95	6.82	6.88	6477300
2023-04-21	6.71	6.78	6.67	6.78	6315500
2023-04-24	6.62	6.69	6.58	6.68	4977500
2023-04-25	6.36	6.50	6.36	6.46	9739900
2023-04-26	6.38	6.53	6.29	6.46	8435500
2023-04-27	6.56	6.60	6.47	6.55	11123700
2023-04-28	6.66	6.67	6.53	6.53	7750900
2023-05-01	6.62	6.67	6.58	6.63	5378800
2023-05-02	6.63	6.67	6.57	6.62	4761300
2023-05-03	6.64	6.75	6.64	6.67	5240800
2023-05-04	6.62	6.66	6.58	6.62	5478000
2023-05-05	6.80	6.82	6.64	6.67	5329100
2023-05-08	6.79	6.80	6.70	6.77	3421800
2023-05-09	6.69	6.75	6.67	6.72	4488300
2023-05-10	6.71	6.76	6.66	6.72	6442500
2023-05-11	6.51	6.62	6.43	6.62	7522300
2023-05-12	6.48	6.52	6.45	6.47	2770400
2023-05-15	6.54	6.54	6.43	6.46	6230400
2023-05-16	6.54	6.58	6.53	6.55	4752500
2023-05-17	6.68	6.72	6.61	6.62	7445300
2023-05-18	6.85	6.87	6.72	6.72	6897300
2023-05-19	6.70	6.83	6.69	6.77	6348300
2023-05-22	6.54	6.60	6.50	6.57	5445400
2023-05-23	6.51	6.57	6.49	6.54	4924000
2023-05-24	6.53	6.57	6.49	6.57	6968200
2023-05-25	6.65	6.67	6.50	6.50	13825500
2023-05-26	7.18	7.21	6.77	6.77	17267700
2023-05-30	6.96	7.18	6.92	7.15	10872700
2023-05-31	6.85	6.96	6.84	6.91	8259400
2023-06-01	6.90	6.92	6.82	6.84	9239600
2023-06-02	6.90	7.01	6.88	6.99	7186300
2023-06-05	6.77	6.83	6.73	6.81	5430500
2023-06-06	6.85	6.89	6.72	6.72	5339500
2023-06-07	6.87	7.01	6.87	6.89	5271500
2023-06-08	7.01	7.01	6.91	6.92	4661400
2023-06-09	7.01	7.10	6.99	7.05	3841700
2023-06-12	7.21	7.21	7.06	7.07	6522600
2023-06-13	7.30	7.34	7.21	7.30	7711100
2023-06-14	7.35	7.37	7.26	7.27	5762500
2023-06-15	7.40	7.44	7.36	7.37	7225700
2023-06-16	7.26	7.38	7.23	7.35	9946500
2023-06-20	7.17	7.26	7.14	7.21	5039700
2023-06-21	7.07	7.21	7.06	7.21	5782900
2023-06-22	7.15	7.16	7.01	7.05	4077500
2023-06-23	7.01	7.07	6.98	7.05	5157100
2023-06-26	7.19	7.28	7.18	7.19	4401200
2023-06-27	7.14	7.14	6.98	7.10	9304300
2023-06-28	6.99	7.05	6.96	7.02	5843100
2023-06-29	6.99	7.01	6.90	6.96	4522600
2023-06-30	7.03	7.07	6.99	7.06	5009900
2023-07-03	7.02	7.05	6.95	7.00	3583300
2023-07-05	6.86	6.97	6.86	6.94	5415800
2023-07-06	6.84	6.87	6.75	6.80	6953300
2023-07-07	6.90	7.00	6.88	6.90	4962400
2023-07-10	6.99	6.99	6.87	6.89	5603600
2023-07-11	6.99	7.07	6.90	7.06	4753400
2023-07-12	6.91	6.97	6.89	6.94	7600300
2023-07-13	6.94	6.96	6.88	6.96	8419900
2023-07-14	6.96	7.06	6.95	7.00	7055900
2023-07-17	7.08	7.10	6.95	6.98	6298700
2023-07-18	6.99	7.02	6.95	7.00	4816600
2023-07-19	6.82	6.91	6.81	6.90	5130000
2023-07-20	6.39	6.62	6.34	6.62	11702600
2023-07-21	6.40	6.41	6.35	6.41	5852800
2023-07-24	6.46	6.49	6.40	6.46	5838400
2023-07-25	6.53	6.57	6.49	6.50	8070900
2023-07-26	6.42	6.57	6.40	6.44	7187300
2023-07-27	6.57	6.74	6.56	6.59	8526000
2023-07-28	6.69	6.73	6.64	6.68	6750000
2023-07-31	6.69	6.70	6.63	6.67	4380400
2023-08-01	6.62	6.69	6.60	6.67	3020000
2023-08-02	6.42	6.56	6.42	6.54	7669600
2023-08-03	6.39	6.43	6.34	6.42	5199900
2023-08-04	6.47	6.53	6.41	6.49	5660500
2023-08-07	6.52	6.54	6.46	6.54	3408000
2023-08-08	6.33	6.37	6.26	6.34	5834900
2023-08-09	6.31	6.39	6.30	6.37	5597100
2023-08-10	6.32	6.40	6.29	6.33	5468700
2023-08-11	6.22	6.30	6.19	6.30	6727600
2023-08-14	6.30	6.30	6.18	6.19	5757800
2023-08-15	6.18	6.31	6.16	6.31	5371600
2023-08-16	6.00	6.08	5.98	6.07	6287000
2023-08-17	6.00	6.08	5.99	6.07	5362100
2023-08-18	6.03	6.05	5.99	6.00	4872000
2023-08-21	6.10	6.11	6.00	6.00	5217100
2023-08-22	6.01	6.13	6.00	6.13	4238300
2023-08-23	6.11	6.12	6.01	6.01	4430300
2023-08-24	6.04	6.23	6.02	6.22	8766800
2023-08-25	6.14	6.16	6.01	6.06	7212300
2023-08-28	6.25	6.28	6.20	6.20	3601900
2023-08-29	6.40	6.44	6.26	6.27	6463800
2023-08-30	6.48	6.51	6.41	6.43	4970900
2023-08-31	6.39	6.41	6.35	6.40	8119000
2023-09-01	6.45	6.46	6.36	6.46	4682200
2023-09-05	6.56	6.61	6.46	6.48	6163600
2023-09-06	6.46	6.57	6.41	6.53	5189100
2023-09-07	6.28	6.35	6.20	6.33	7306900
2023-09-08	6.29	6.34	6.27	6.30	4454000
2023-09-11	6.36	6.39	6.32	6.38	3723600
2023-09-12	6.48	6.55	6.39	6.41	5407600
2023-09-13	6.54	6.61	6.50	6.52	4785100
2023-09-14	6.57	6.63	6.55	6.60	4701200
2023-09-15	6.49	6.60	6.48	6.60	6843400
2023-09-18	6.43	6.46	6.37	6.41	4490700
2023-09-19	6.33	6.39	6.32	6.39	5718100
2023-09-20	6.21	6.36	6.21	6.34	10763200
2023-09-21	6.19	6.27	6.18	6.21	7067500
2023-09-22	6.25	6.27	6.19	6.21	4686700
2023-09-25	6.30	6.32	6.18	6.21	4230300
2023-09-26	6.16	6.22	6.11	6.20	5887700
2023-09-27	6.16	6.19	6.09	6.16	5740800
2023-09-28	6.30	6.33	6.18	6.20	6713300
2023-09-29	6.29	6.37	6.27	6.37	4630500
2023-10-02	6.26	6.33	6.21	6.29	4825500
2023-10-03	6.13	6.24	6.08	6.18	5801300
2023-10-04	6.14	6.15	6.07	6.12	5527000
2023-10-05	6.20	6.24	6.14	6.22	4823800
2023-10-06	6.35	6.42	6.16	6.16	6983900
2023-10-09	6.32	6.33	6.24	6.30	2895800
2023-10-10	6.39	6.41	6.31	6.33	4775400
2023-10-11	6.46	6.49	6.40	6.47	3983600
2023-10-12	6.42	6.51	6.38	6.46	5655900
2023-10-13	6.33	6.44	6.31	6.42	6390700
2023-10-16	6.49	6.54	6.44	6.45	7526200
2023-10-17	6.54	6.57	6.45	6.53	6071600
2023-10-18	6.59	6.65	6.57	6.60	6652300
2023-10-19	6.73	6.85	6.72	6.79	13306800
2023-10-20	6.62	6.73	6.59	6.65	5369400
2023-10-23	6.61	6.72	6.55	6.58	4697500
2023-10-24	6.63	6.65	6.59	6.62	5928500
2023-10-25	6.36	6.50	6.20	6.49	12124600
2023-10-26	6.34	6.49	6.30	6.37	10482900
2023-10-27	6.30	6.37	6.25	6.35	6500600
2023-10-30	6.30	6.40	6.27	6.32	8670500
2023-10-31	6.34	6.35	6.25	6.31	6770800
2023-11-01	6.49	6.49	6.37	6.38	8797000
2023-11-02	6.70	6.73	6.57	6.57	8630200
2023-11-03	6.88	6.92	6.77	6.77	7043700
2023-11-06	6.77	6.82	6.72	6.79	4579700
2023-11-07	6.79	6.79	6.72	6.73	4262200
2023-11-08	6.65	6.74	6.63	6.70	3843600
2023-11-09	6.59	6.73	6.58	6.69	8143100
2023-11-10	6.82	6.86	6.66	6.66	8164100
2023-11-13	6.69	6.77	6.65	6.76	5001300
2023-11-14	6.83	6.88	6.75	6.75	9112900
2023-11-15	6.80	6.87	6.77	6.82	6881400
2023-11-16	6.77	6.80	6.73	6.75	5308500
2023-11-17	6.99	7.04	6.86	6.86	7096700
2023-11-20	7.09	7.12	7.02	7.02	4745400
2023-11-21	7.00	7.07	6.98	7.06	5749900
2023-11-22	7.01	7.04	6.94	7.02	3592800
2023-11-24	7.02	7.05	6.99	7.02	2827100
2023-11-27	6.98	7.02	6.92	6.97	4050900
2023-11-28	6.97	6.98	6.90	6.93	4424300
2023-11-29	7.02	7.11	7.02	7.04	5927700
2023-11-30	6.94	7.01	6.90	7.01	9180400
2023-12-01	7.07	7.08	6.92	6.97	4406800
2023-12-04	6.99	7.06	6.92	7.04	6504500
2023-12-05	6.89	6.94	6.87	6.92	3516200
2023-12-06	6.88	6.95	6.87	6.93	6976500
2023-12-07	6.95	6.96	6.83	6.84	6992300
2023-12-08	6.95	6.98	6.86	6.86	4567500
2023-12-11	7.04	7.06	6.95	6.95	5990200
2023-12-12	7.07	7.07	6.99	7.06	3558200
2023-12-13	7.18	7.21	7.03	7.08	5636100
2023-12-14	7.25	7.31	7.18	7.20	9536900
2023-12-15	7.22	7.29	7.19	7.25	9823800
2023-12-18	7.20	7.22	7.14	7.19	5243500
2023-12-19	7.11	7.17	7.10	7.13	5536100
2023-12-20	6.97	7.12	6.96	7.04	7405100
2023-12-21	7.06	7.12	6.98	7.12	4279300
2023-12-22	7.10	7.17	7.06	7.06	3943800
2023-12-26	7.31	7.33	7.21	7.21	6819500
2023-12-27	7.71	7.73	7.39	7.41	10439400
2023-12-28	7.58	7.70	7.58	7.66	5375100
2023-12-29	7.54	7.63	7.51	7.57	3613800
2024-01-02	7.38	7.43	7.31	7.41	10691200
2024-01-03	7.16	7.29	7.15	7.21	5965600
2024-01-04	7.24	7.32	7.22	7.23	7148800
2024-01-05	7.22	7.30	7.19	7.22	5717400
2024-01-08	7.33	7.34	7.21	7.23	5609600
2024-01-09	7.22	7.25	7.17	7.20	4462400
2024-01-10	7.16	7.24	7.13	7.22	8789100
2024-01-11	7.11	7.19	7.02	7.14	6546800
2024-01-12	7.08	7.20	7.08	7.11	3104600
2024-01-16	6.98	7.03	6.90	7.01	7757400
2024-01-17	6.81	6.82	6.65	6.81	10045700
2024-01-18	6.94	6.99	6.83	6.95	8188200
2024-01-19	7.09	7.12	6.89	6.93	12236600
2024-01-22	7.22	7.27	7.15	7.18	8149100
2024-01-23	7.23	7.25	7.16	7.17	6727800
2024-01-24	7.31	7.44	7.27	7.29	13321800
2024-01-25	7.37	7.51	7.31	7.49	14917800
2024-01-26	6.98	7.17	6.95	7.17	11366900
2024-01-29	7.03	7.04	6.94	6.99	6501800
2024-01-30	6.98	7.07	6.96	7.05	6596800
2024-01-31	6.87	7.16	6.74	6.98	8095100
2024-02-01	6.85	6.93	6.82	6.91	8556800
2024-02-02	6.79	6.85	6.73	6.83	9876200
2024-02-05	6.83	6.85	6.75	6.79	5476600
2024-02-06	6.83	6.94	6.78	6.93	5893000
2024-02-07	7.04	7.04	6.83	6.88	8165400
2024-02-08	7.17	7.22	6.98	7.03	7634900
2024-02-09	7.22	7.24	7.14	7.21	5604800
2024-02-12	7.18	7.31	7.16	7.22	5252800
2024-02-13	6.94	7.06	6.89	7.05	7366700
2024-02-14	7.06	7.08	6.96	7.04	7253700
2024-02-15	6.95	7.06	6.92	7.06	8044900
2024-02-16	6.86	6.92	6.82	6.89	4977600
2024-02-20	6.92	6.96	6.87	6.87	6442300
2024-02-21	6.88	6.88	6.79	6.83	8172700
2024-02-22	6.91	6.97	6.86	6.95	7851000
2024-02-23	6.73	6.84	6.71	6.82	6524300
2024-02-26	6.79	6.82	6.73	6.73	4592800
2024-02-27	6.74	6.82	6.73	6.82	3691500
2024-02-28	6.72	6.73	6.66	6.72	4700000
2024-02-29	6.84	6.87	6.80	6.82	7015400
2024-03-01	6.96	6.98	6.80	6.84	8846600
2024-03-04	6.90	6.97	6.87	6.96	6657900
2024-03-05	6.81	6.86	6.76	6.83	6345900
2024-03-06	7.05	7.13	6.91	6.91	9735600
2024-03-07	7.35	7.39	7.10	7.12	11401100
2024-03-08	7.31	7.53	7.31	7.35	13453700
2024-03-11	7.29	7.38	7.24	7.31	6574200
2024-03-12	7.55	7.56	7.38	7.42	9435300
2024-03-13	7.41	7.55	7.41	7.51	7759000
2024-03-14	7.33	7.45	7.27	7.41	8022800
2024-03-15	7.14	7.29	7.14	7.22	16064100
2024-03-18	7.22	7.24	7.15	7.19	7229300
2024-03-19	7.36	7.41	7.27	7.36	7342900
2024-03-20	7.48	7.48	7.33	7.34	6846500
2024-03-21	7.43	7.55	7.42	7.52	6735100
2024-03-22	7.27	7.34	7.26	7.34	4702000
2024-03-25	7.12	7.21	7.12	7.19	4720900
2024-03-26	7.08	7.16	7.07	7.14	7401500
2024-03-27	7.11	7.13	7.05	7.13	7112600
2024-03-28	7.21	7.22	7.14	7.14	5078800
2024-04-01	7.24	7.31	7.18	7.18	6598700
2024-04-02	7.22	7.27	7.18	7.21	8332500
2024-04-03	7.26	7.26	7.14	7.19	4145300
2024-04-04	7.13	7.35	7.12	7.31	10087200
2024-04-05	7.18	7.20	7.07	7.12	4837700
2024-04-08	7.29	7.33	7.19	7.24	5575800
2024-04-09	7.37	7.39	7.26	7.32	7035800
2024-04-10	7.29	7.41	7.27	7.33	8863200
2024-04-11	7.29	7.30	7.18	7.29	5972600
2024-04-12	7.10	7.22	7.10	7.22	9790000
2024-04-15	6.97	7.15	6.90	7.15	7462300
2024-04-16	6.82	6.87	6.80	6.86	7835700
2024-04-17	6.76	6.88	6.73	6.86	11500000
2024-04-18	6.71	6.78	6.66	6.76	12083700
2024-04-19	6.59	6.78	6.57	6.69	15424800
2024-04-22	6.66	6.71	6.55	6.63	10646700
2024-04-23	6.77	6.78	6.65	6.65	8396000
2024-04-24	6.86	6.95	6.62	6.84	13795800
2024-04-25	6.91	6.94	6.74	6.77	12049600
2024-04-26	6.94	6.94	6.82	6.88	10510400
2024-04-29	6.94	6.96	6.84	6.93	4697400
2024-04-30	6.86	7.00	6.83	6.92	6990400
2024-05-01	6.73	6.91	6.71	6.86	13377300
2024-05-02	6.98	7.02	6.81	6.85	7131200
2024-05-03	7.26	7.27	7.13	7.13	9963700
2024-05-06	7.23	7.24	7.17	7.21	8114400
2024-05-07	7.08	7.22	7.07	7.22	5109700
2024-05-08	7.13	7.14	7.04	7.06	3757000
2024-05-09	7.07	7.12	7.06	7.12	5781400
2024-05-10	7.18	7.22	7.14	7.16	3958100
2024-05-13	7.21	7.22	7.16	7.20	2427400
2024-05-14	7.32	7.32	7.17	7.18	6181400
2024-05-15	7.30	7.31	7.19	7.31	8268300
2024-05-16	7.19	7.30	7.18	7.30	7818100
2024-05-17	7.29	7.31	7.23	7.25	5653200
2024-05-20	7.49	7.51	7.28	7.29	10945800
2024-05-21	7.57	7.62	7.45	7.45	7972100
2024-05-22	7.71	7.72	7.62	7.66	9246500
2024-05-23	7.63	7.80	7.59	7.76	11146400
2024-05-24	7.63	7.67	7.56	7.58	6650500
2024-05-28	7.90	7.92	7.74	7.76	10033100
2024-05-29	7.64	7.75	7.63	7.75	8469800
2024-05-30	7.72	7.77	7.68	7.69	7013400
2024-05-31	7.57	7.67	7.40	7.67	10768000
2024-06-03	7.57	7.62	7.45	7.57	5471900
2024-06-04	7.33	7.49	7.31	7.48	8516200
2024-06-05	7.49	7.51	7.36	7.42	8196900
2024-06-06	7.47	7.51	7.39	7.48	6341900
2024-06-07	7.47	7.54	7.40	7.48	7549000
2024-06-10	7.68	7.70	7.44	7.45	6602900
2024-06-11	7.66	7.67	7.55	7.62	3945900
2024-06-12	7.79	7.82	7.70	7.72	9819400
2024-06-13	7.92	7.95	7.79	7.80	9327900
2024-06-14	7.78	7.82	7.71	7.80	6249200
2024-06-17	7.90	7.95	7.79	7.85	8053500
2024-06-18	7.93	7.99	7.88	7.89	6821800
2024-06-20	7.94	8.02	7.89	7.97	14672500
2024-06-21	7.88	7.98	7.85	7.93	8448800
2024-06-24	7.85	7.97	7.83	7.87	9557600
2024-06-25	7.85	7.88	7.76	7.82	7285100
2024-06-26	7.81	7.83	7.72	7.83	6668200
2024-06-27	7.76	7.83	7.74	7.80	6822900
2024-06-28	7.80	7.93	7.76	7.80	11358300
2024-07-01	7.81	7.88	7.75	7.88	9162000
2024-07-02	7.81	7.84	7.73	7.75	8133600
2024-07-03	7.84	7.85	7.70	7.76	13247400
2024-07-05	7.88	7.93	7.83	7.90	5314900
2024-07-08	8.14	8.20	8.09	8.12	8513800
2024-07-09	8.08	8.15	8.01	8.15	8368500
2024-07-10	8.07	8.11	7.98	8.05	9546900
2024-07-11	7.77	8.10	7.75	8.06	13974800
2024-07-12	7.83	7.89	7.70	7.72	12258900
2024-07-15	7.70	7.85	7.69	7.84	7351900
2024-07-16	7.78	7.79	7.67	7.72	11108400
2024-07-17	7.46	7.68	7.44	7.65	22771600
2024-07-18	7.51	7.64	7.43	7.59	20457600
2024-07-19	7.35	7.48	7.34	7.47	14035200
2024-07-22	7.39	7.44	7.27	7.35	21383800
2024-07-23	7.30	7.40	7.29	7.34	12087600
2024-07-24	7.04	7.23	7.04	7.22	15639900
2024-07-25	6.99	7.14	6.94	7.05	18898400
2024-07-26	7.24	7.29	7.14	7.20	17035400
2024-07-29	7.10	7.24	7.08	7.24	17119400
2024-07-30	6.99	7.18	6.95	7.16	18849800
2024-07-31	7.87	7.91	7.33	7.43	25830200
2024-08-01	7.60	7.82	7.53	7.72	26735000
2024-08-02	7.41	7.52	7.31	7.46	19692100
2024-08-05	7.38	7.50	6.94	7.04	20506800
2024-08-06	7.52	7.66	7.37	7.38	16410600
2024-08-07	7.48	7.80	7.47	7.75	11925600
2024-08-08	7.98	8.00	7.63	7.65	19330500
2024-08-09	7.94	7.99	7.83	7.94	14593700
2024-08-12	8.00	8.04	7.90	7.97	13593100
2024-08-13	8.21	8.21	8.01	8.05	12977000
2024-08-14	8.20	8.25	8.14	8.21	12021700
2024-08-15	8.25	8.28	8.10	8.16	18627800
2024-08-16	8.18	8.26	8.15	8.19	11220300
2024-08-19	8.36	8.36	8.18	8.18	13021800
2024-08-20	8.25	8.33	8.22	8.28	10094500
2024-08-21	8.36	8.42	8.27	8.28	10713300
2024-08-22	8.14	8.38	8.12	8.38	13461200
2024-08-23	8.28	8.34	8.19	8.19	11820600
2024-08-26	8.09	8.22	8.07	8.19	13457600
2024-08-27	8.11	8.13	7.92	7.99	8371600
2024-08-28	8.09	8.19	8.02	8.11	10422700
2024-08-29	8.14	8.28	8.11	8.11	12368000
2024-08-30	8.25	8.29	8.16	8.22	9800100
2024-09-03	7.75	8.13	7.72	8.09	21010200
2024-09-04	7.83	7.90	7.71	7.71	16335700
2024-09-05	7.96	8.06	7.82	7.82	17404500
2024-09-06	7.79	8.04	7.73	8.02	18360800
2024-09-09	7.93	7.94	7.85	7.85	10753100
2024-09-10	7.87	7.91	7.71	7.91	10145200
2024-09-11	8.23	8.25	7.87	7.91	17702300
2024-09-12	8.11	8.16	8.04	8.15	17251600
2024-09-13	8.06	8.09	7.98	8.08	10388800
2024-09-16	7.98	8.02	7.90	8.01	9239700
2024-09-17	7.95	8.04	7.89	8.02	10399700
2024-09-18	7.85	8.04	7.84	7.92	11728000
2024-09-19	8.01	8.09	7.91	8.00	16455700
2024-09-20	7.89	7.97	7.82	7.92	17314000
2024-09-23	8.03	8.03	7.90	7.91	9147500
2024-09-24	8.10	8.12	8.02	8.07	11892600
2024-09-25	8.17	8.20	8.11	8.12	8947500
2024-09-26	8.31	8.33	8.14	8.25	15296100
2024-09-27	8.21	8.32	8.20	8.30	11646400
2024-09-30	7.92	8.10	7.87	8.05	10737600
2024-10-01	7.80	7.96	7.78	7.92	15227200
2024-10-02	7.80	7.89	7.75	7.83	13794900
2024-10-03	7.80	7.85	7.73	7.74	8903300
2024-10-04	7.85	7.85	7.77	7.84	8846500
2024-10-07	7.74	7.83	7.70	7.74	7377700
2024-10-08	7.68	7.73	7.66	7.67	9331900
2024-10-09	7.58	7.67	7.51	7.67	7599500
2024-10-10	7.56	7.57	7.48	7.51	7597300
2024-10-11	7.61	7.65	7.53	7.59	5395300
2024-10-14	7.69	7.72	7.61	7.62	7700000
2024-10-15	7.48	7.70	7.44	7.66	14388300
2024-10-16	7.51	7.64	7.48	7.62	9662900
2024-10-17	7.52	7.75	7.51	7.65	16072300
2024-10-18	7.27	7.51	7.26	7.51	10049200
2024-10-21	7.30	7.39	7.27	7.35	13324700
2024-10-22	7.34	7.35	7.28	7.31	8993400
2024-10-23	7.24	7.29	7.16	7.25	8315300
2024-10-24	7.25	7.29	7.20	7.29	7793900
2024-10-25	7.29	7.40	7.27	7.27	10127400
2024-10-28	6.98	7.20	6.96	7.20	13578100
2024-10-29	6.97	7.01	6.90	7.00	15266000
2024-10-30	6.57	6.87	6.56	6.80	21805900
2024-10-31	6.43	6.60	6.38	6.59	19852600
2024-11-01	6.64	6.73	6.51	6.59	22442800
2024-11-04	6.65	6.72	6.62	6.62	15185500
2024-11-05	6.55	6.61	6.49	6.60	12918200
2024-11-06	6.60	6.61	6.52	6.58	16223800
2024-11-07	6.81	6.87	6.79	6.81	14850100
2024-11-08	6.73	6.75	6.68	6.69	8619400
2024-11-11	6.57	6.68	6.51	6.67	12256900
2024-11-12	6.57	6.66	6.50	6.60	15517200
2024-11-13	6.51	6.59	6.49	6.56	12428600
2024-11-14	6.47	6.52	6.43	6.49	8611500
2024-11-15	6.38	6.50	6.38	6.47	14463600
2024-11-18	6.53	6.55	6.40	6.40	13013300
2024-11-19	6.56	6.58	6.50	6.51	8610400
2024-11-20	6.40	6.50	6.34	6.49	10950800
2024-11-21	6.37	6.44	6.31	6.43	11842300
2024-11-22	6.44	6.45	6.35	6.35	5025100
2024-11-25	6.46	6.52	6.43	6.52	9407800
2024-11-26	6.44	6.56	6.40	6.53	9701700
2024-11-27	6.29	6.37	6.25	6.34	9040000
2024-11-29	6.35	6.37	6.24	6.25	6389000
2024-12-02	6.42	6.43	6.35	6.39	13128400
2024-12-03	6.34	6.38	6.26	6.33	9816900
2024-12-04	6.33	6.40	6.32	6.38	9678000
2024-12-05	6.20	6.31	6.15	6.29	17580900
2024-12-06	6.32	6.34	6.24	6.25	9310500
2024-12-09	6.29	6.39	6.29	6.34	8511800
2024-12-10	6.17	6.28	6.14	6.25	11156400
2024-12-11	6.20	6.23	6.13	6.14	9423200
2024-12-12	6.02	6.10	5.99	6.07	10093600
2024-12-13	6.01	6.06	5.93	5.97	15107300
2024-12-16	5.96	6.04	5.96	5.97	8573500
2024-12-17	6.11	6.22	6.07	6.09	14920800
2024-12-18	6.19	6.47	6.17	6.30	19197900
2024-12-19	6.13	6.25	6.13	6.18	10388800
2024-12-20	6.14	6.19	6.05	6.10	14840000
2024-12-23	6.33	6.40	6.18	6.21	19450800
2024-12-24	6.41	6.44	6.32	6.35	5848500
2024-12-26	6.27	6.35	6.25	6.33	7829400
2024-12-27	6.25	6.26	6.18	6.25	6959300
2024-12-30	6.12	6.20	6.09	6.20	8440600
2024-12-31	6.10	6.21	6.08	6.15	8176000
2025-01-02	6.14	6.25	6.13	6.21	9023300
2025-01-03	6.18	6.21	6.13	6.14	7507900
2025-01-06	6.24	6.36	6.23	6.25	10617500
2025-01-07	6.01	6.13	5.98	6.10	12080200
2025-01-08	6.02	6.06	5.97	5.98	7328400
2025-01-10	5.78	5.93	5.77	5.93	13854200
2025-01-13	5.83	5.85	5.73	5.77	11338100
2025-01-14	5.93	6.09	5.91	6.03	9475800
2025-01-15	5.97	6.01	5.88	5.94	8870300
2025-01-16	5.84	6.04	5.84	6.01	10719200
2025-01-17	5.91	5.92	5.84	5.86	10863900
2025-01-21	5.67	5.88	5.53	5.84	21978000
2025-01-22	5.38	5.72	5.37	5.68	26322300
2025-01-23	5.49	5.59	5.33	5.38	13555600
2025-01-24	5.35	5.48	5.35	5.45	10410900
2025-01-27	5.36	5.50	5.30	5.47	23573100
2025-01-28	5.41	5.44	5.28	5.39	11495100
2025-01-29	5.40	5.44	5.32	5.44	6700200
2025-01-30	5.49	5.50	5.40	5.43	9029400
2025-01-31	5.44	5.57	5.39	5.47	10242300
2025-02-03	5.66	5.73	5.54	5.57	21556900
2025-02-04	5.66	5.74	5.61	5.67	18000700
2025-02-05	5.69	5.73	5.64	5.64	11188600
2025-02-06	5.68	5.68	5.61	5.65	11779700
2025-02-07	5.67	5.74	5.62	5.67	13880500
2025-02-10	5.74	5.79	5.70	5.71	8375300
2025-02-11	5.71	5.73	5.64	5.67	5861400
2025-02-12	5.67	5.70	5.61	5.61	17392900
2025-02-13	5.93	5.93	5.85	5.87	10592100
2025-02-14	5.89	5.91	5.85	5.87	5110400
2025-02-18	6.00	6.06	5.95	5.95	13650900
2025-02-19	6.09	6.13	6.03	6.06	18663400
2025-02-20	6.16	6.19	6.12	6.12	14992300
2025-02-21	6.09	6.21	6.05	6.20	15620000
2025-02-24	6.12	6.18	6.09	6.16	12194300
2025-02-25	6.10	6.20	6.09	6.13	18934300
2025-02-26	6.21	6.24	6.17	6.20	7803700
2025-02-27	6.00	6.19	6.00	6.18	15575600
2025-02-28	6.07	6.14	5.98	6.02	20398600
2025-03-03	6.04	6.24	5.99	6.12	22580600
2025-03-04	6.25	6.35	6.09	6.10	16357100
2025-03-05	6.40	6.41	6.25	6.28	17196800
2025-03-06	6.26	6.36	6.22	6.27	17330200
2025-03-07	6.35	6.36	6.25	6.30	20241600
2025-03-10	6.38	6.43	6.31	6.36	18930900
2025-03-11	6.27	6.39	6.22	6.36	24150600
2025-03-12	6.23	6.36	6.21	6.35	13826900
2025-03-13	6.09	6.21	6.04	6.18	16240500
2025-03-14	6.39	6.43	6.30	6.35	15673100
2025-03-17	6.30	6.32	6.19	6.23	11353200
2025-03-18	6.42	6.43	6.28	6.31	11124900
2025-03-19	6.45	6.49	6.35	6.35	13844900
2025-03-20	6.33	6.45	6.28	6.41	8704600
2025-03-21	6.31	6.34	6.23	6.29	11007400
2025-03-24	6.39	6.41	6.30	6.41	12053100
2025-03-25	6.32	6.40	6.30	6.37	6752600
2025-03-26	6.22	6.33	6.16	6.31	12505500
2025-03-27	6.25	6.34	6.22	6.30	10801100
2025-03-28	6.16	6.25	6.13	6.21	11974100
2025-03-31	6.72	7.40	6.17	6.19	50395100
2025-04-01	6.56	6.65	6.49	6.51	14352300
2025-04-02	6.32	6.45	6.23	6.44	13816100
2025-04-03	6.06	6.25	6.06	6.17	16393700
2025-04-04	5.86	5.99	5.80	5.91	18958600
2025-04-07	5.77	5.91	5.37	5.46	24573400
2025-04-08	5.76	6.24	5.63	6.15	21636400
2025-04-09	6.37	6.43	5.66	5.74	32483600
2025-04-10	6.15	6.30	5.98	6.23	22052400
2025-04-11	6.46	6.50	6.25	6.30	13112900
2025-04-14	6.47	6.55	6.39	6.40	11207700
2025-04-15	6.50	6.56	6.47	6.47	9816700
2025-04-16	6.44	6.52	6.32	6.40	17461400
2025-04-17	6.40	6.50	6.37	6.49	13567300
2025-04-21	6.32	6.37	6.25	6.27	10041000
2025-04-22	6.40	6.46	6.34	6.45	12442300
2025-04-23	6.60	6.76	6.45	6.71	16932100
2025-04-24	6.50	6.53	6.31	6.35	15707600
2025-04-25	6.47	6.51	6.36	6.49	8572100
2025-04-28	6.53	6.54	6.42	6.48	8030200
2025-04-29	6.51	6.58	6.49	6.52	9895300
2025-04-30	6.62	6.64	6.50	6.50	9762300
2025-05-01	6.59	6.68	6.56	6.64	7713400
2025-05-02	6.91	6.92	6.81	6.82	13062400
2025-05-05	6.96	7.15	6.95	6.95	10598500
2025-05-06	6.96	7.01	6.86	6.97	14970900
2025-05-07	7.03	7.05	6.90	6.99	11902400
2025-05-08	6.94	7.05	6.92	7.05	8335900
2025-05-09	7.01	7.08	6.95	7.00	9524600
2025-05-12	7.25	7.31	7.10	7.23	22172200
2025-05-13	7.30	7.30	7.19	7.23	9560500
2025-05-14	7.28	7.34	7.25	7.34	7295600
2025-05-15	7.37	7.38	7.30	7.32	6394300
2025-05-16	7.39	7.43	7.35	7.40	4510200
2025-05-19	7.45	7.45	7.33	7.33	6735700
2025-05-20	7.38	7.43	7.35	7.41	3348500
2025-05-21	7.57	7.67	7.54	7.60	9747000
2025-05-22	7.59	7.67	7.58	7.61	9764100
2025-05-23	7.35	7.41	7.31	7.35	12474900
2025-05-27	7.28	7.33	7.22	7.30	8547000
2025-05-28	7.34	7.39	7.27	7.39	8191700
2025-05-29	7.24	7.36	7.20	7.34	10413000
2025-05-30	7.16	7.22	7.06	7.20	9457600
2025-06-02	7.26	7.28	7.18	7.20	6652700
2025-06-03	7.37	7.38	7.27	7.29	10520100
2025-06-04	7.17	7.21	7.07	7.19	6816200
2025-06-05	7.07	7.16	7.05	7.09	13592500
2025-06-06	7.18	7.18	7.08	7.11	6787800
2025-06-09	7.30	7.37	7.19	7.22	12162700
2025-06-10	7.42	7.43	7.32	7.35	11391200
2025-06-11	7.46	7.56	7.40	7.56	9979300
2025-06-12	7.64	7.65	7.51	7.51	9599900
2025-06-13	7.64	7.67	7.54	7.54	11264400
2025-06-16	7.83	7.83	7.67	7.67	11576700
2025-06-17	7.68	7.77	7.62	7.74	10745600
2025-06-18	7.78	7.78	7.69	7.69	9915000
2025-06-20	7.69	7.78	7.67	7.72	9674800
2025-06-23	7.64	7.65	7.51	7.64	10456900
2025-06-24	7.89	7.89	7.72	7.79	11835100
2025-06-25	7.66	7.76	7.63	7.75	7362900
2025-06-26	7.57	7.63	7.53	7.58	6276800
2025-06-27	7.68	7.70	7.60	7.61	6505400
2025-06-30	7.65	7.69	7.57	7.69	7032200
2025-07-01	7.61	7.65	7.56	7.59	5522800
2025-07-02	7.86	7.87	7.62	7.62	11361500
2025-07-03	7.83	7.86	7.81	7.81	4532000
2025-07-07	7.55	7.63	7.50	7.57	8651500
2025-07-08	7.64	7.69	7.55	7.57	5059400
2025-07-09	7.70	7.73	7.63	7.64	5608200
2025-07-10	7.56	7.66	7.54	7.66	4162500
2025-07-11	7.50	7.53	7.48	7.53	4105300
2025-07-14	7.44	7.46	7.37	7.45	7294600
2025-07-15	7.48	7.54	7.46	7.48	4750400
2025-07-16	7.44	7.47	7.31	7.42	7904000
2025-07-17	7.53	7.54	7.43	7.43	6369400
2025-07-18	7.48	7.52	7.44	7.50	3457700
2025-07-21	7.50	7.54	7.46	7.48	4885000
2025-07-22	7.34	7.42	7.31	7.41	5845200
2025-07-23	7.48	7.54	7.46	7.50	7346300
2025-07-24	7.32	7.46	7.30	7.46	4695200
2025-07-25	7.30	7.32	7.23	7.28	5667900
2025-07-28	7.20	7.31	7.15	7.30	9658600
2025-07-29	7.12	7.24	7.09	7.19	10681800
2025-07-30	7.10	7.24	6.93	7.03	18150900
2025-07-31	6.84	6.95	6.80	6.90	11453800
2025-08-01	6.81	6.93	6.80	6.89	11873800
2025-08-04	6.81	6.86	6.80	6.83	4811500
2025-08-05	6.81	6.86	6.77	6.83	5312900
2025-08-06	6.74	6.75	6.69	6.74	3643500
2025-08-07	6.67	6.78	6.64	6.75	9067300
2025-08-08	6.73	6.76	6.69	6.72	6532200
2025-08-11	6.72	6.81	6.71	6.71	6974300
2025-08-12	6.81	6.82	6.74	6.78	8249000
2025-08-13	6.84	6.86	6.76	6.82	7099200
2025-08-14	6.89	6.94	6.77	6.77	9155500
2025-08-15	6.88	7.24	6.81	6.85	9589100
2025-08-18	6.81	6.83	6.76	6.78	5480300
2025-08-19	6.80	6.90	6.78	6.86	9634300
2025-08-20	6.87	6.91	6.78	6.89	9430200
2025-08-21	6.74	6.82	6.74	6.79	3758500
2025-08-22	6.77	6.82	6.66	6.79	8352800
2025-08-25	6.66	6.70	6.64	6.68	4044300
2025-08-26	6.74	6.80	6.73	6.76	5551000
2025-08-27	6.72	6.74	6.66	6.74	3354400
2025-08-28	6.69	6.70	6.65	6.68	3272200
2025-08-29	6.58	6.66	6.58	6.65	6937400
2025-09-02	6.62	6.64	6.56	6.59	4345100
2025-09-03	6.65	6.69	6.64	6.64	5187900
2025-09-04	6.88	6.89	6.81	6.83	5165400
2025-09-05	6.80	6.81	6.73	6.75	4752100
2025-09-08	6.89	6.89	6.80	6.80	3034500
2025-09-09	6.87	6.90	6.85	6.89	2941600
2025-09-10	6.84	6.87	6.81	6.87	3940900
2025-09-11	6.77	6.82	6.76	6.80	3545600
2025-09-12	6.76	6.80	6.72	6.78	3153600
2025-09-15	6.85	6.94	6.77	6.78	5092900
2025-09-16	6.83	6.89	6.83	6.86	3098800
2025-09-17	6.90	6.94	6.82	6.89	4454100
2025-09-18	6.99	7.00	6.90	6.93	7316500
2025-09-19	7.14	7.16	7.08	7.12	6828800
2025-09-22	7.26	7.29	7.15	7.15	6847700
2025-09-23	7.37	7.39	7.34	7.36	6089800
2025-09-24	7.48	7.49	7.38	7.40	5624400
2025-09-25	7.45	7.47	7.27	7.34	8468000
2025-09-26	7.54	7.61	7.42	7.42	13982900
2025-09-29	7.59	7.66	7.56	7.58	10447100
2025-09-30	7.58	7.59	7.46	7.59	8145300
2025-10-01	7.41	7.44	7.28	7.41	10250000
2025-10-02	7.29	7.35	7.26	7.30	10389000
2025-10-03	7.25	7.33	7.20	7.30	5468800
2025-10-06	7.35	7.35	7.23	7.26	8449900
2025-10-07	7.29	7.49	7.27	7.45	7424600
2025-10-08	7.55	7.55	7.38	7.38	6902300
2025-10-09	7.48	7.57	7.41	7.56	4254200
2025-10-10	7.18	7.50	7.18	7.48	13243400
2025-10-13	7.64	7.66	7.42	7.50	11657500
2025-10-14	7.40	7.47	7.36	7.43	6955800
2025-10-15	7.42	7.45	7.33	7.42	7918000
2025-10-16	7.43	7.55	7.37	7.48	6062900
2025-10-17	7.47	7.54	7.40	7.47	4302400
2025-10-20	7.52	7.58	7.52	7.57	6255000
2025-10-21	7.45	7.49	7.37	7.49	6136100
2025-10-22	7.38	7.45	7.30	7.41	7880500
2025-10-23	7.52	7.55	7.35	7.35	5612100
2025-10-24	7.54	7.61	7.53	7.57	7439900
2025-10-27	7.57	7.58	7.42	7.52	8009300
2025-10-28	7.63	7.68	7.52	7.55	6728000
2025-10-29	7.39	7.81	7.29	7.80	12481800
2025-10-30	7.53	7.59	7.37	7.49	9729600
2025-10-31	7.71	7.85	7.57	7.61	10153200
2025-11-03	7.84	7.90	7.80	7.82	7479800
2025-11-04	7.60	7.72	7.60	7.69	10109100
2025-11-05	7.76	7.86	7.63	7.63	9441452
